# Created by FreeCAD <https://www.freecad.org>
v -234.740875 -32.500000 -182.500000
v -234.740875 -25.000000 -182.500000
v -234.670471 -32.500000 -179.990845
v -234.670471 -25.000000 -179.990845
v -234.459488 -32.500000 -177.489594
v -234.459488 -25.000000 -177.489594
v -234.108597 -32.500000 -175.004089
v -234.108597 -25.000000 -175.004089
v -233.618896 -32.500000 -172.542191
v -233.618896 -25.000000 -172.542191
v -232.991928 -32.500000 -170.111618
v -232.991928 -25.000000 -170.111618
v -232.565872 -27.250000 -182.500000
v -232.565872 -27.250000 -177.500000
v -232.565872 -27.250000 -172.500000
v -232.516464 -27.625288 -182.500000
v -232.516464 -27.625288 -177.500000
v -232.516464 -27.625288 -172.500000
v -232.516464 -26.874712 -182.500000
v -232.516464 -26.874712 -177.500000
v -232.516464 -26.874712 -172.500000
v -232.371613 -27.975000 -182.500000
v -232.371613 -27.975000 -177.500000
v -232.371613 -27.975000 -172.500000
v -232.371613 -26.525000 -182.500000
v -232.371613 -26.525000 -177.500000
v -232.371613 -26.525000 -172.500000
v -232.229660 -32.500000 -167.720016
v -232.229660 -25.000000 -167.720016
v -232.141174 -28.275305 -182.500000
v -232.141174 -28.275305 -177.500000
v -232.141174 -28.275305 -172.500000
v -232.141174 -26.224695 -182.500000
v -232.141174 -26.224695 -177.500000
v -232.141174 -26.224695 -172.500000
v -231.840881 -28.505737 -182.500000
v -231.840881 -28.505737 -177.500000
v -231.840881 -28.505737 -172.500000
v -231.840881 -25.994263 -182.500000
v -231.840881 -25.994263 -177.500000
v -231.840881 -25.994263 -172.500000
v -231.740875 -22.000000 -182.500000
v -231.670242 -22.000000 -180.072449
v -231.491165 -28.650593 -182.500000
v -231.491165 -28.650593 -177.500000
v -231.491165 -28.650593 -172.500000
v -231.491165 -25.849407 -182.500000
v -231.491165 -25.849407 -177.500000
v -231.491165 -25.849407 -172.500000
v -231.458572 -22.000000 -177.653122
v -231.334488 -32.500000 -165.374924
v -231.334488 -25.000000 -165.374924
v -231.115875 -28.700001 -182.500000
v -231.115875 -28.700001 -177.500000
v -231.115875 -28.700001 -172.500000
v -231.115875 -25.799999 -182.500000
v -231.115875 -25.799999 -177.500000
v -231.115875 -25.799999 -172.500000
v -231.106598 -22.000000 -175.250183
v -230.740585 -28.650593 -182.500000
v -230.740585 -28.650593 -177.500000
v -230.740585 -28.650593 -172.500000
v -230.740585 -25.849407 -182.500000
v -230.740585 -25.849407 -177.500000
v -230.740585 -25.849407 -172.500000
v -230.615494 -22.000000 -172.871780
v -230.390869 -28.505737 -182.500000
v -230.390869 -28.505737 -177.500000
v -230.390869 -28.505737 -172.500000
v -230.390869 -25.994263 -182.500000
v -230.390869 -25.994263 -177.500000
v -230.390869 -25.994263 -172.500000
v -230.309235 -32.500000 -163.083710
v -230.309235 -25.000000 -163.083710
v -230.090576 -28.275305 -182.500000
v -230.090576 -28.275305 -177.500000
v -230.090576 -28.275305 -172.500000
v -230.090576 -26.224695 -182.500000
v -230.090576 -26.224695 -177.500000
v -230.090576 -26.224695 -172.500000
v -229.986938 -22.000000 -170.525970
v -229.860138 -27.975000 -182.500000
v -229.860138 -27.975000 -177.500000
v -229.860138 -27.975000 -172.500000
v -229.860138 -26.525000 -182.500000
v -229.860138 -26.525000 -177.500000
v -229.860138 -26.525000 -172.500000
v -229.715286 -27.625288 -182.500000
v -229.715286 -27.625288 -177.500000
v -229.715286 -27.625288 -172.500000
v -229.715286 -26.874712 -182.500000
v -229.715286 -26.874712 -177.500000
v -229.715286 -26.874712 -172.500000
v -229.665878 -27.250000 -182.500000
v -229.665878 -27.250000 -177.500000
v -229.665878 -27.250000 -172.500000
v -229.223038 -22.000000 -168.220657
v -229.157120 -32.500000 -160.853577
v -229.157120 -25.000000 -160.853577
v -228.326401 -22.000000 -165.963669
v -227.881775 -32.500000 -158.691559
v -227.881775 -25.000000 -158.691559
v -227.490875 -28.500000 -182.500000
v -227.490875 -26.000000 -182.500000
v -227.419754 -28.500000 -180.191467
v -227.419754 -26.000000 -180.191467
v -227.300034 -22.000000 -163.762634
v -227.206650 -28.500000 -177.891693
v -227.206650 -26.000000 -177.891693
v -226.852371 -28.500000 -175.609390
v -226.852371 -26.000000 -175.609390
v -226.490875 -29.500000 -182.500000
v -226.490875 -25.000000 -182.500000
v -226.487228 -32.500000 -156.604462
v -226.487228 -25.000000 -156.604462
v -226.418854 -29.500000 -180.208145
v -226.418854 -25.000000 -180.208145
v -226.358261 -28.500000 -173.353241
v -226.358261 -26.000000 -173.353241
v -226.203064 -29.500000 -177.925339
v -226.203064 -25.000000 -177.925339
v -226.147430 -22.000000 -161.625000
v -225.844360 -29.500000 -175.660583
v -225.844360 -25.000000 -175.660583
v -225.726196 -28.500000 -171.131775
v -225.726196 -26.000000 -171.131775
v -225.344162 -29.500000 -173.422821
v -225.344162 -25.000000 -173.422821
v -224.977829 -32.500000 -154.598831
v -224.977829 -25.000000 -154.598831
v -224.958588 -28.500000 -168.953430
v -224.958588 -26.000000 -168.953430
v -224.872498 -22.000000 -159.557999
v -224.704437 -29.500000 -171.220886
v -224.704437 -25.000000 -171.220886
v -224.058319 -28.500000 -166.826492
v -224.058319 -26.000000 -166.826492
v -223.927719 -29.500000 -169.063461
v -223.927719 -25.000000 -169.063461
v -223.490875 -32.500000 -182.500000
v -223.490875 -29.500000 -182.500000
v -223.479523 -22.000000 -157.568634
v -223.419144 -32.500000 -180.308990
v -223.419144 -29.500000 -180.308990
v -223.358368 -32.500000 -152.680984
v -223.358368 -25.000000 -152.680984
v -223.204269 -32.500000 -178.127365
v -223.204269 -29.500000 -178.127365
v -223.028824 -28.500000 -164.758987
v -223.028824 -26.000000 -164.758987
v -223.017059 -29.500000 -166.959061
v -223.017059 -25.000000 -166.959061
v -222.847183 -32.500000 -175.964478
v -222.847183 -29.500000 -175.964478
v -222.349396 -32.500000 -173.829559
v -222.349396 -29.500000 -173.829559
v -221.976074 -29.500000 -164.915985
v -221.976074 -25.000000 -164.915985
v -221.973236 -22.000000 -155.663620
v -221.874023 -28.500000 -162.758789
v -221.874023 -26.000000 -162.758789
v -221.713028 -32.500000 -171.731781
v -221.713028 -29.500000 -171.731781
v -221.633896 -32.500000 -150.856964
v -221.633896 -25.000000 -150.856964
v -220.940842 -32.500000 -169.680099
v -220.940842 -29.500000 -169.680099
v -220.808838 -29.500000 -162.942322
v -220.808838 -25.000000 -162.942322
v -220.598251 -28.500000 -160.833481
v -220.598251 -26.000000 -160.833481
v -220.358719 -22.000000 -153.849411
v -220.036118 -32.500000 -167.683334
v -220.036118 -29.500000 -167.683334
v -219.809891 -32.500000 -149.132507
v -219.809891 -25.000000 -149.132507
v -219.519989 -29.500000 -161.045837
v -219.519989 -25.000000 -161.045837
v -219.206390 -28.500000 -158.990356
v -219.206390 -26.000000 -158.990356
v -219.002731 -32.500000 -165.750000
v -219.002731 -29.500000 -165.750000
v -218.641464 -22.000000 -152.132156
v -218.114609 -29.500000 -159.234024
v -218.114609 -25.000000 -159.234024
v -217.981750 -22.000000 -159.500000
v -217.981750 -22.000000 -154.979996
v -217.892044 -32.500000 -147.513046
v -217.892044 -25.000000 -147.513046
v -217.845108 -32.500000 -163.888397
v -217.845108 -29.500000 -163.888397
v -217.703705 -28.500000 -157.236420
v -217.703705 -26.000000 -157.236420
v -217.428207 -22.000000 -154.960876
v -216.937546 -21.931559 -159.500000
v -216.937546 -21.931559 -154.979996
v -216.880661 -22.000000 -154.904587
v -216.827255 -22.000000 -150.517639
v -216.598236 -29.500000 -157.514038
v -216.598236 -25.000000 -157.514038
v -216.568207 -32.500000 -162.106491
v -216.568207 -29.500000 -162.106491
v -216.095901 -28.500000 -155.578308
v -216.095901 -26.000000 -155.578308
v -215.911194 -21.727407 -159.500000
v -215.911194 -21.727407 -154.979996
v -215.886414 -32.500000 -146.003647
v -215.886414 -25.000000 -146.003647
v -215.788544 -22.000000 -154.684814
v -215.236908 -22.000000 -154.522217
v -215.177505 -32.500000 -160.411911
v -215.177505 -29.500000 -160.411911
v -214.976837 -29.500000 -155.892639
v -214.976837 -25.000000 -155.892639
v -214.922241 -22.000000 -149.011353
v -214.920273 -21.391037 -159.500000
v -214.920273 -21.391037 -154.979996
v -214.677002 -22.000000 -154.324280
v -214.389053 -28.500000 -154.022308
v -214.389053 -26.000000 -154.022308
v -214.105392 -22.000000 -154.090332
v -213.990875 -25.000000 -182.500000
v -213.990875 -24.000000 -182.500000
v -213.981750 -20.928204 -159.500000
v -213.981750 -20.928204 -154.979996
v -213.926834 -25.000000 -181.883469
v -213.926834 -24.000000 -181.883469
v -213.799316 -32.500000 -144.609085
v -213.799316 -25.000000 -144.609085
v -213.737473 -25.000000 -181.293259
v -213.737473 -24.000000 -181.293259
v -213.678955 -32.500000 -158.811920
v -213.678955 -29.500000 -158.811920
v -213.518570 -22.000000 -153.819214
v -213.430847 -25.000000 -180.754562
v -213.430847 -24.000000 -180.754562
v -213.256851 -29.500000 -154.376266
v -213.256851 -25.000000 -154.376266
v -213.111664 -20.346827 -159.500000
v -213.111664 -20.346827 -154.979996
v -213.020050 -25.000000 -180.290375
v -213.020050 -24.000000 -180.290375
v -212.932877 -22.000000 -147.618378
v -212.912857 -22.000000 -153.509323
v -212.589676 -28.500000 -152.574356
v -212.589676 -26.000000 -152.574356
v -212.522644 -25.000000 -179.920532
v -212.522644 -24.000000 -179.920532
v -212.324890 -19.656855 -159.500000
v -212.324890 -19.656855 -154.979996
v -212.284348 -22.000000 -153.158569
v -212.078964 -32.500000 -157.313370
v -212.078964 -29.500000 -157.313370
v -211.959839 -25.000000 -179.660797
v -211.959839 -24.000000 -179.660797
v -211.637299 -32.500000 -143.333755
v -211.637299 -25.000000 -143.333755
v -211.634918 -18.870092 -159.500000
v -211.634918 -18.870092 -154.979996
v -211.628769 -22.000000 -152.764313
v -211.445038 -29.500000 -152.970886
v -211.445038 -25.000000 -152.970886
v -211.355667 -25.000000 -179.522263
v -211.355667 -24.000000 -179.522263
v -211.053543 -18.000000 -159.500000
v -211.053543 -18.000000 -154.979996
v -210.941498 -22.000000 -152.323303
v -210.865875 -22.000000 -146.343445
v -210.704559 -28.500000 -151.239914
v -210.704559 -26.000000 -151.239914
v -210.590714 -17.061468 -159.500000
v -210.590714 -17.061468 -154.979996
v -210.384384 -32.500000 -155.922668
v -210.384384 -29.500000 -155.922668
v -210.254349 -16.070553 -159.500000
v -210.254349 -16.070553 -154.979996
v -210.217300 -22.000000 -151.831604
v -210.050186 -15.044209 -159.500000
v -210.050186 -15.044209 -154.979996
v -209.983139 0.821212 -159.500000
v -209.983139 0.821212 -154.979996
v -209.981750 -14.000000 -159.500000
v -209.981750 -14.000000 -154.979996
v -209.981750 -0.854254 -159.500000
v -209.981750 -0.854254 -154.979996
v -209.844284 2.490915 -159.500000
v -209.844284 2.490915 -154.979996
v -209.566162 4.143137 -159.500000
v -209.566162 4.143137 -154.979996
v -209.548553 -29.500000 -151.682037
v -209.548553 -25.000000 -151.682037
v -209.450333 -22.000000 -151.284485
v -209.407166 -32.500000 -142.181641
v -209.407166 -25.000000 -142.181641
v -209.150711 5.766282 -159.500000
v -209.150711 5.766282 -154.979996
v -208.740875 -28.500000 -150.024048
v -208.740875 -26.000000 -150.024048
v -208.728241 -22.000000 -145.190842
v -208.633865 -22.000000 -150.676224
v -208.602478 -32.500000 -154.645767
v -208.602478 -29.500000 -154.645767
v -208.600876 7.348959 -159.500000
v -208.600876 7.348959 -154.979996
v -208.181976 -25.000000 -179.133453
v -207.920502 8.880062 -159.500000
v -207.920502 8.880062 -154.979996
v -207.825302 -25.000000 -177.582367
v -207.760178 -22.000000 -150.000000
v -207.574890 -29.500000 -150.514801
v -207.574890 -25.000000 -150.514801
v -207.336624 -25.000000 -176.067673
v -207.115952 -32.500000 -141.156387
v -207.115952 -25.000000 -141.156387
v -207.114365 10.348845 -159.500000
v -207.114365 10.348845 -154.979996
v -207.105148 -26.031813 -179.001541
v -206.988129 -22.000000 -149.383698
v -206.740875 -32.500000 -153.488144
v -206.740875 -29.500000 -153.488144
v -206.719574 -25.000000 -174.600586
v -206.706055 -28.500000 -148.931381
v -206.706055 -26.000000 -148.931381
v -206.625916 -3.782986 -159.500000
v -206.625916 -3.782986 -153.000000
v -206.599991 -4.503443 -159.500000
v -206.599991 -4.503443 -153.000000
v -206.591888 -3.784835 -152.741180
v -206.566193 -4.499155 -152.741180
v -206.527206 -22.000000 -144.164474
v -206.522095 -3.069578 -159.500000
v -206.522095 -3.069578 -153.000000
v -206.492142 -3.790255 -152.500000
v -206.488953 -3.077504 -152.741180
v -206.467087 -4.486581 -152.500000
v -206.445175 -5.207547 -159.500000
v -206.445175 -5.207547 -153.000000
v -206.412689 -5.197261 -152.741180
v -206.391785 -3.100741 -152.500000
v -206.333450 -3.798877 -152.292892
v -206.317459 -5.167102 -152.500000
v -206.309433 -4.466579 -152.292892
v -206.291901 -2.386393 -159.500000
v -206.291901 -2.386393 -153.000000
v -206.260712 -2.400139 -152.741180
v -206.237228 -3.137707 -152.292892
v -206.224548 -5.858898 -159.500000
v -206.224548 -5.858898 -153.000000
v -206.188110 11.745000 -159.500000
v -206.188110 11.745000 -154.979996
v -206.169312 -2.440439 -152.500000
v -206.165955 -5.119127 -152.292892
v -206.153656 -22.000000 -148.700516
v -206.126648 -3.810113 -152.133972
v -206.103973 -4.440513 -152.133972
v -206.088196 -31.500000 -178.876953
v -206.088196 -27.000000 -178.876953
v -206.067123 -6.183506 -152.741180
v -206.035797 -3.185881 -152.133972
v -206.023895 -2.504547 -152.292892
v -205.978699 -25.000000 -173.191956
v -205.978119 -6.500937 -159.500000
v -205.978119 -6.500937 -153.000000
v -205.973892 -6.147624 -152.500000
v -205.968506 -5.056604 -152.133972
v -205.942810 -1.755623 -159.500000
v -205.942810 -1.755623 -153.000000
v -205.914612 -1.774742 -152.741180
v -205.885818 -3.823198 -152.034073
v -205.864716 -4.410158 -152.034073
v -205.834381 -2.588094 -152.133972
v -205.831909 -1.830795 -152.500000
v -205.825577 -6.090545 -152.292892
v -205.801239 -3.241981 -152.034073
v -205.738586 -4.983794 -152.034073
v -205.713638 -31.500000 -177.495544
v -205.713638 -27.000000 -177.495544
v -205.706299 -7.132644 -159.500000
v -205.706299 -7.132644 -153.000000
v -205.700363 -1.919964 -152.292892
v -205.688690 -7.125272 -152.805557
v -205.636520 -7.103436 -152.618546
v -205.632278 -6.016157 -152.133972
v -205.617004 -3.702294 -152.000000
v -205.615707 -4.310352 -152.000000
v -205.613693 -2.685387 -152.034073
v -205.551804 -7.067970 -152.446106
v -205.531815 -29.500000 -149.473816
v -205.531815 -25.000000 -149.473816
v -205.528931 -2.036170 -152.133972
v -205.495651 -3.106466 -152.000000
v -205.491837 -4.905660 -152.000000
v -205.486176 -1.197758 -159.500000
v -205.486176 -1.197758 -153.000000
v -205.461868 -1.221629 -152.741180
v -205.437759 -7.020214 -152.294800
v -205.407196 -5.929532 -152.034073
v -205.390579 -1.291615 -152.500000
v -205.329300 -2.171495 -152.034073
v -205.298798 -6.962002 -152.170441
v -205.280655 -5.528489 -152.000000
v -205.277176 -1.402947 -152.292892
v -205.256653 -2.547346 -152.000000
v -205.247177 -22.000000 -147.941071
v -205.220795 -31.500000 -176.151794
v -205.220795 -27.000000 -176.151794
v -205.148254 13.058729 -159.500000
v -205.148254 13.058729 -154.979996
v -205.140167 -6.895521 -152.077713
v -205.129379 -1.548038 -152.133972
v -205.119492 -25.000000 -171.852234
v -205.044434 -6.142262 -152.000000
v -205.023529 -15.347238 -149.951111
v -205.011383 -14.500000 -150.000000
v -205.006027 -14.333380 -150.000000
v -205.003143 0.711532 -150.000000
v -205.002823 -14.166703 -150.000000
v -205.001755 -14.000000 -150.000000
v -205.001755 -0.740243 -150.000000
v -204.991043 -16.206682 -149.803009
v -204.968018 -6.823342 -152.020187
v -204.957275 -1.717000 -152.034073
v -204.936829 -0.730918 -159.500000
v -204.936829 -0.730918 -153.000000
v -204.917191 -0.758766 -152.741180
v -204.909805 -2.047904 -152.000000
v -204.906189 -17.044113 -149.554550
v -204.864365 2.156660 -150.000000
v -204.859619 -0.840411 -152.500000
v -204.807541 -32.500000 -152.454758
v -204.807541 -29.500000 -152.454758
v -204.788818 -6.748174 -152.000015
v -204.783585 -6.745975 -152.000000
v -204.770859 -32.500000 -140.261215
v -204.770859 -25.000000 -140.261215
v -204.768036 -0.970291 -152.292892
v -204.764801 -17.829969 -149.219040
v -204.668320 -25.000000 -162.500000
v -204.668320 -25.000000 -151.000000
v -204.661255 -24.999994 -151.005585
v -204.661026 -24.999994 -151.005234
v -204.660812 -24.999992 -151.004883
v -204.660660 -24.999992 -151.004654
v -204.660446 -24.999994 -151.004318
v -204.660233 -24.999994 -151.003998
v -204.660019 -24.999994 -151.003662
v -204.659821 -24.999994 -151.003326
v -204.659653 -24.999996 -151.003052
v -204.648697 -1.139553 -152.133972
v -204.613342 -31.500000 -174.855820
v -204.613342 -27.000000 -174.855820
v -204.607849 -28.500000 -147.966049
v -204.607849 -26.000000 -147.966049
v -204.586716 3.581639 -150.000000
v -204.568665 -18.538305 -148.819946
v -204.509720 -1.336663 -152.034073
v -204.469391 -1.628657 -152.000000
v -204.312592 -0.370268 -159.500000
v -204.312592 -0.370268 -153.000000
v -204.307144 -19.183605 -148.356018
v -204.298279 -0.401188 -152.741180
v -204.270218 -22.000000 -143.267838
v -204.257202 -22.000000 -147.094055
v -204.256302 -0.491841 -152.500000
v -204.230331 -24.975945 -151.345490
v -204.189514 -0.636049 -152.292892
v -204.172791 4.973156 -150.000000
v -204.148315 -25.000000 -170.591309
v -204.102493 -0.823985 -152.133972
v -204.093918 -24.957918 -162.002945
v -204.090958 -11.246222 -152.741180
v -204.014954 -24.947029 -151.467041
v -204.002090 14.280812 -159.500000
v -204.002090 14.280812 -154.979996
v -204.001144 -1.042840 -152.034073
v -203.997681 -11.210424 -152.500000
v -203.995346 -24.945995 -151.435318
v -203.982407 -24.946066 -151.414566
v -203.974518 -19.775898 -147.828781
v -203.963470 -24.947224 -151.384506
v -203.953476 -1.306830 -152.000000
v -203.944443 -24.949633 -151.354584
v -203.925308 -24.953289 -151.324844
v -203.906128 -24.958189 -151.295319
v -203.895859 -31.500000 -173.617355
v -203.895859 -27.000000 -173.617355
v -203.891006 -24.962914 -151.272278
v -203.849319 -11.153480 -152.292892
v -203.799957 -24.904604 -151.680267
v -203.726639 -22.000000 -146.633499
v -203.655960 -11.079268 -152.133972
v -203.633759 -0.127523 -159.500000
v -203.633759 -0.127523 -153.000000
v -203.626465 6.318213 -150.000000
v -203.625229 -0.160511 -152.741180
v -203.600204 -0.257227 -152.500000
v -203.589478 -24.941111 -151.338104
v -203.574448 -20.299395 -147.255737
v -203.560394 -0.411079 -152.292892
v -203.508514 -0.611583 -152.133972
v -203.504608 -24.826782 -161.495895
v -203.448105 -0.845075 -152.034073
v -203.430801 -10.992846 -152.034073
v -203.427414 -29.500000 -148.563156
v -203.427414 -25.000000 -148.563156
v -203.383270 -1.095643 -152.000000
v -203.377472 -24.789087 -151.908234
v -203.374649 -24.785023 -152.001343
v -203.340439 -24.785557 -151.843872
v -203.315399 -24.786127 -151.802017
v -203.299332 -0.045883 -152.741180
v -203.278137 -24.791035 -151.741974
v -203.258301 -0.136969 -152.500000
v -203.239960 -24.800739 -151.683075
v -203.201096 -24.815195 -151.625626
v -203.193024 -0.281865 -152.292892
v -203.191284 0.045231 -159.500000
v -203.191284 0.045231 -153.000000
v -203.169739 -22.000000 -146.145630
v -203.161697 -24.834335 -151.569931
v -203.130478 -24.852625 -151.527512
v -203.114380 -20.742855 -146.655380
v -203.107971 -0.470698 -152.133972
v -203.073746 -31.500000 -172.445724
v -203.073746 -27.000000 -172.445724
v -203.072342 -25.000000 -169.418518
v -203.066910 -24.670389 -152.112534
v -203.022598 -24.665598 -152.031067
v -203.008911 -0.690598 -152.034073
v -202.997528 0.122245 -152.741180
v -202.992096 -24.666847 -151.978378
v -202.957535 -24.615711 -152.300430
v -202.952835 7.604243 -150.000000
v -202.945984 -24.674877 -151.903290
v -202.941666 0.039416 -152.500000
v -202.925385 -24.599911 -161.003860
v -202.898102 -24.690178 -151.830475
v -202.852814 -0.092345 -152.292892
v -202.848816 -24.712635 -151.760513
v -202.825592 -0.890566 -152.000000
v -202.810776 -32.500000 -151.550034
v -202.810776 -29.500000 -151.550034
v -202.802017 0.317462 -159.500000
v -202.802017 0.317462 -153.000000
v -202.798492 -24.742094 -151.693970
v -202.763321 -24.524593 -152.301437
v -202.758438 -24.770031 -151.644318
v -202.757645 15.402673 -159.500000
v -202.757645 15.402673 -154.979996
v -202.737030 -0.264059 -152.133972
v -202.728531 0.339022 -152.741180
v -202.713150 -24.519093 -152.202194
v -202.677719 -24.521595 -152.138382
v -202.659454 0.266840 -152.500000
v -202.623093 -24.533863 -152.048264
v -202.612961 -21.107010 -146.047867
v -202.602188 -0.464024 -152.034073
v -202.584229 -22.000000 -145.628250
v -202.565338 -24.556175 -151.962112
v -202.551422 -24.393932 -152.567322
v -202.549591 0.152016 -152.292892
v -202.534088 -24.760822 -151.649048
v -202.505081 -24.588293 -151.880920
v -202.500092 0.598195 -152.741180
v -202.496536 -15.400352 -152.741180
v -202.487930 0.673814 -159.500000
v -202.487930 0.673814 -153.000000
v -202.469223 -24.351711 -152.469849
v -202.454178 -28.500000 -147.131714
v -202.454178 -26.000000 -147.131714
v -202.442993 -24.629885 -151.805603
v -202.419800 0.538742 -152.500000
v -202.414963 -24.346798 -152.352173
v -202.406418 0.002373 -152.133972
v -202.403275 -15.364554 -152.500000
v -202.393326 -24.668943 -151.751007
v -202.379257 -32.500000 -139.498947
v -202.379257 -25.000000 -139.498947
v -202.379135 -24.279634 -160.550461
v -202.375336 -24.351486 -152.277054
v -202.319275 -0.579598 -152.000000
v -202.318817 0.892288 -152.741180
v -202.312653 -24.369457 -152.172089
v -202.292099 0.444166 -152.292892
v -202.266739 1.094184 -159.500000
v -202.266739 1.094184 -153.000000
v -202.254913 -15.307610 -152.292892
v -202.244858 -24.400293 -152.073456
v -202.239685 -0.171889 -152.034073
v -202.229630 0.847279 -152.500000
v -202.189911 1.212817 -152.741180
v -202.187241 -24.151798 -152.612335
v -202.172989 -24.443539 -151.982727
v -202.161758 -24.117188 -152.787918
v -202.158188 8.819230 -150.000000
v -202.153198 -31.500000 -171.349747
v -202.153198 -27.000000 -171.349747
v -202.150925 1.554860 -159.500000
v -202.150925 1.554860 -153.000000
v -202.131104 -24.149605 -152.475632
v -202.125656 0.320913 -152.133972
v -202.117126 1.550535 -152.741180
v -202.098099 -24.498592 -151.901291
v -202.094406 1.183550 -152.500000
v -202.090912 -21.394131 -145.453110
v -202.088181 -24.157825 -152.389099
v -202.087753 0.775680 -152.292892
v -202.061554 -15.233397 -152.133972
v -202.037811 -24.549622 -151.844513
v -202.025269 -24.622166 -151.782898
v -202.018036 -24.183344 -152.269669
v -202.018036 1.537855 -152.500000
v -201.990875 -31.500000 -178.375000
v -201.990875 -24.000000 -178.375000
v -201.967636 -22.000000 -145.078827
v -201.964905 -22.000000 -142.503937
v -201.942459 1.136993 -152.292892
v -201.940063 -24.224316 -152.159775
v -201.931839 0.177381 -152.034073
v -201.915588 2.842777 -159.500000
v -201.915588 2.842777 -153.000000
v -201.902847 0.682371 -152.133972
v -201.899567 -25.000000 -168.342560
v -201.885391 -23.873022 -160.156693
v -201.884155 -0.174937 -152.000000
v -201.882446 2.834870 -152.741180
v -201.860397 1.517684 -152.292892
v -201.855789 -24.279949 -152.061630
v -201.836395 -15.146976 -152.034073
v -201.796738 -23.784603 -152.941360
v -201.794891 -23.804684 -152.760849
v -201.785263 2.811687 -152.500000
v -201.766861 -24.349232 -151.977264
v -201.744431 1.076320 -152.133972
v -201.740814 -23.813793 -152.595963
v -201.695084 -23.831379 -152.493027
v -201.694748 -24.412380 -151.921555
v -201.687531 0.573709 -152.034073
v -201.654968 1.491396 -152.133972
v -201.651550 -23.625805 -159.979309
v -201.630692 2.774807 -152.292892
v -201.616486 -23.612648 -152.797729
v -201.615311 -23.872976 -152.354019
v -201.565842 -23.632267 -152.620010
v -201.550613 -21.615866 -144.869858
v -201.544144 4.098222 -159.500000
v -201.544144 4.098222 -153.000000
v -201.537354 0.307542 -152.000000
v -201.537064 -24.449026 -151.893570
v -201.521973 -23.932280 -152.230728
v -201.519775 -23.657114 -152.509903
v -201.513840 1.005664 -152.034073
v -201.512024 4.086823 -152.741180
v -201.468323 -23.400000 -153.000000
v -201.441071 -23.420444 -152.741180
v -201.436066 -23.709482 -152.362930
v -201.429230 2.726745 -152.133972
v -201.429123 -23.346331 -159.819351
v -201.423691 16.416439 -159.500000
v -201.423691 16.416439 -154.979996
v -201.417877 4.053401 -152.500000
v -201.417618 -24.007689 -152.126633
v -201.415741 1.460784 -152.034073
v -201.361145 -23.480385 -152.500000
v -201.335159 -23.779331 -152.235214
v -201.317139 -22.000000 -144.494629
v -201.305008 -24.097282 -152.044739
v -201.292435 0.848911 -152.000000
v -201.269989 -29.500000 -147.786438
v -201.269989 -25.000000 -147.786438
v -201.268127 4.000235 -152.292892
v -201.249954 9.951824 -150.000000
v -201.234009 -23.575735 -152.292892
v -201.226501 -23.038002 -159.685349
v -201.220215 -23.864487 -152.130920
v -201.212662 -24.176064 -151.997162
v -201.194641 2.670776 -152.034073
v -201.159012 1.427933 -152.000000
v -201.141129 -31.500000 -170.337677
v -201.141129 -27.000000 -170.337677
v -201.126587 -22.931273 -152.741180
v -201.111465 -22.829964 -153.000000
v -201.094681 -23.962442 -152.053497
v -201.079742 -24.240839 -151.970566
v -201.072952 3.930948 -152.133972
v -201.068329 -23.700001 -152.133972
v -201.050812 -22.705452 -159.584778
v -201.040817 5.306854 -159.500000
v -201.040817 5.306854 -153.000000
v -201.038864 -22.979097 -152.500000
v -201.010117 5.292093 -152.741180
v -200.991089 -24.046432 -152.012787
v -200.979431 -21.785946 -144.280121
v -200.933945 -19.566690 -159.500000
v -200.933945 -19.566690 -153.000000
v -200.932053 2.655695 -152.000000
v -200.920074 5.248815 -152.500000
v -200.905960 -22.356628 -159.521790
v -200.902130 -19.554482 -152.741180
v -200.899353 -23.055180 -152.292892
v -200.885696 -22.401964 -152.741180
v -200.875381 -23.844709 -152.034073
v -200.855148 -22.208199 -153.000000
v -200.845657 3.850261 -152.034073
v -200.808853 -19.518684 -152.500000
v -200.795334 -22.000000 -159.500000
v -200.792023 -22.436684 -152.500000
v -200.776840 5.179969 -152.292892
v -200.759094 -32.500000 -150.777847
v -200.759094 -29.500000 -150.777847
v -200.757614 -20.159563 -159.500000
v -200.746597 -20.212591 -153.000000
v -200.733414 -20.111013 -152.741180
v -200.723419 -21.843523 -152.741180
v -200.717514 -23.154329 -152.133972
v -200.706635 -21.552280 -153.000000
v -200.687469 -21.390940 -159.500000
v -200.674789 -20.772532 -159.500000
v -200.670105 -20.880751 -153.000000
v -200.668320 -24.000000 -152.000000
v -200.660492 -19.461739 -152.292892
v -200.646484 -20.686020 -152.741180
v -200.643127 -21.267551 -152.741180
v -200.643005 -22.491913 -152.292892
v -200.638641 -25.000000 -167.371384
v -200.635971 -20.088999 -152.500000
v -200.629608 -22.000000 -143.872498
v -200.625732 -21.864412 -152.500000
v -200.590179 5.090248 -152.133972
v -200.570450 3.850747 -152.000000
v -200.546890 -20.678244 -152.500000
v -200.543457 -21.274178 -152.500000
v -200.505768 -23.269793 -152.034073
v -200.480957 -20.053978 -152.292892
v -200.470322 -21.897642 -152.292892
v -200.467148 -19.387527 -152.133972
v -200.448807 -22.563889 -152.133972
v -200.411392 6.454868 -159.500000
v -200.411392 6.454868 -153.000000
v -200.388458 -20.665874 -152.292892
v -200.384888 -21.284718 -152.292892
v -200.382431 6.436913 -152.741180
v -200.382156 -21.905764 -143.686661
v -200.372803 4.985765 -152.034073
v -200.297531 6.384273 -152.500000
v -200.278946 -20.008337 -152.133972
v -200.267792 -21.940947 -152.133972
v -200.253235 -28.500000 -146.431534
v -200.253235 -26.000000 -146.431534
v -200.241974 -19.301105 -152.034073
v -200.236633 10.991445 -150.000000
v -200.222672 -22.647705 -152.034073
v -200.222244 -23.287455 -152.000000
v -200.181976 -20.649755 -152.133972
v -200.178238 -21.298452 -152.133972
v -200.162460 6.300534 -152.292892
v -200.078629 4.998367 -152.000000
v -200.045151 -31.500000 -169.417130
v -200.045151 -27.000000 -169.417130
v -200.043701 -19.955189 -152.034073
v -200.031952 -21.991379 -152.034073
v -200.009552 17.314993 -159.500000
v -200.009552 17.314993 -154.979996
v -200.000336 -19.208363 -152.000000
v -199.986435 6.191404 -152.133972
v -199.948685 -32.500000 -138.871979
v -199.948685 -25.000000 -138.871979
v -199.941528 -20.630983 -152.034073
v -199.937576 -21.314449 -152.034073
v -199.901855 -22.510250 -152.000000
v -199.901520 -22.000000 -143.208939
v -199.844055 -24.965925 -151.258820
v -199.844055 -24.866026 -151.500000
v -199.844055 -24.707108 -151.707108
v -199.844055 -24.500000 -151.866028
v -199.844055 -24.258820 -151.965927
v -199.781464 6.064319 -152.034073
v -199.766159 -20.015739 -152.000000
v -199.763687 -21.976665 -143.092331
v -199.716217 -21.690351 -152.000000
v -199.670547 -20.850939 -152.000000
v -199.663040 7.529150 -159.500000
v -199.663040 7.529150 -153.000000
v -199.636169 7.508207 -152.741180
v -199.619080 -22.000000 -141.875381
v -199.557358 7.446805 -152.500000
v -199.462677 6.084421 -152.000000
v -199.432007 7.349130 -152.292892
v -199.298920 -25.000000 -166.512177
v -199.268631 7.221838 -152.133972
v -199.128891 -22.000000 -142.500000
v -199.127655 11.928378 -150.000000
v -199.078384 7.073602 -152.034073
v -199.068054 -29.500000 -147.146713
v -199.068054 -25.000000 -147.146713
v -198.873520 -31.500000 -168.595016
v -198.873520 -27.000000 -168.595016
v -198.804306 8.517428 -159.500000
v -198.804306 8.517428 -153.000000
v -198.779816 8.493736 -152.741180
v -198.730179 7.095531 -152.000000
v -198.708023 8.424276 -152.500000
v -198.661316 -32.500000 -150.141479
v -198.661316 -29.500000 -150.141479
v -198.593811 8.313780 -152.292892
v -198.525162 18.092033 -159.500000
v -198.525162 18.092033 -154.979996
v -198.444946 8.169779 -152.133972
v -198.271606 8.002085 -152.034073
v -198.013367 -28.500000 -145.868195
v -198.013367 -26.000000 -145.868195
v -197.933426 12.753872 -150.000000
v -197.890289 -25.000000 -165.771301
v -197.890137 8.019244 -152.000000
v -197.845016 9.408416 -159.500000
v -197.845016 9.408416 -153.000000
v -197.823196 9.382245 -152.741180
v -197.759216 9.305518 -152.500000
v -197.657440 9.183464 -152.292892
v -197.635056 -31.500000 -167.877533
v -197.635056 -27.000000 -167.877533
v -197.524811 9.024399 -152.133972
v -197.486771 -32.500000 -138.382278
v -197.486771 -25.000000 -138.382278
v -197.370346 8.839164 -152.034073
v -197.240692 -22.000000 -141.384277
v -196.980942 18.742102 -159.500000
v -196.980942 18.742102 -154.979996
v -196.952911 8.844181 -152.000000
v -196.830292 -29.500000 -146.646515
v -196.830292 -25.000000 -146.646515
v -196.796097 10.191934 -159.500000
v -196.796097 10.191934 -153.000000
v -196.777191 10.163584 -152.741180
v -196.721771 10.080467 -152.500000
v -196.665054 13.460215 -150.000000
v -196.633606 9.948248 -152.292892
v -196.526398 -32.500000 -149.643692
v -196.526398 -29.500000 -149.643692
v -196.518707 9.775936 -152.133972
v -196.423203 -25.000000 -165.154251
v -196.384903 9.575275 -152.034073
v -196.339081 -31.500000 -167.270081
v -196.339081 -27.000000 -167.270081
v -196.115875 -31.500000 -178.375000
v -196.115875 -24.000000 -178.375000
v -195.930038 9.560182 -152.000000
v -195.743057 -28.500000 -145.443802
v -195.743057 -26.000000 -145.443802
v -195.669556 10.859033 -159.500000
v -195.669556 10.859033 -153.000000
v -195.653793 10.828827 -152.741180
v -195.607559 10.740271 -152.500000
v -195.598236 -31.500000 -178.306854
v -195.598236 -24.000000 -178.306854
v -195.533997 10.599397 -152.292892
v -195.438156 10.415807 -152.133972
v -195.387741 19.260641 -159.500000
v -195.387741 19.260641 -154.979996
v -195.334427 14.040805 -150.000000
v -195.326523 10.202011 -152.034073
v -195.115875 -31.500000 -178.107056
v -195.115875 -24.000000 -178.107056
v -195.019775 -24.965925 -151.258820
v -195.019775 -24.942356 -161.914734
v -195.019775 -24.866026 -151.500000
v -195.019775 -24.771639 -161.351944
v -195.019775 -24.707108 -151.707108
v -195.019775 -24.500000 -151.866028
v -195.019775 -24.494410 -160.833282
v -195.019775 -24.258820 -151.965927
v -195.019775 -24.121321 -160.378677
v -195.019775 -23.666710 -160.005585
v -195.019775 -23.148050 -159.728363
v -195.019775 -22.585272 -159.557648
v -195.001282 -32.500000 -138.031372
v -195.001282 -25.000000 -138.031372
v -194.995331 -31.500000 -166.777237
v -194.995331 -27.000000 -166.777237
v -194.908508 -25.000000 -164.665573
v -194.837753 -22.000000 -141.032303
v -194.834137 10.158425 -152.000000
v -194.701660 -31.500000 -177.789215
v -194.701660 -24.000000 -177.789215
v -194.565536 -29.500000 -146.287811
v -194.565536 -25.000000 -146.287811
v -194.478256 11.402092 -159.500000
v -194.478256 11.402092 -153.000000
v -194.465805 11.370377 -152.741180
v -194.429276 11.277390 -152.500000
v -194.383820 -31.500000 -177.375000
v -194.383820 -24.000000 -177.375000
v -194.371185 11.129472 -152.292892
v -194.363495 -32.500000 -149.286591
v -194.363495 -29.500000 -149.286591
v -194.295471 10.936701 -152.133972
v -194.207306 10.712214 -152.034073
v -194.184021 -31.500000 -176.892639
v -194.184021 -24.000000 -176.892639
v -194.115875 -31.500000 -176.375000
v -194.115875 -31.500000 -170.500000
v -194.115875 -24.000000 -176.375000
v -194.115875 -24.000000 -170.500000
v -193.953964 14.490221 -150.000000
v -193.756729 19.644009 -159.500000
v -193.756729 19.644009 -154.979996
v -193.678680 10.631546 -152.000000
v -193.613922 -31.500000 -166.402679
v -193.613922 -27.000000 -166.402679
v -193.489334 -26.031813 -165.385727
v -193.482040 -0.354089 -152.000000
v -193.482040 -0.354089 -150.000000
v -193.482040 0.354089 -152.000000
v -193.482040 0.354089 -150.000000
v -193.450943 -28.500000 -145.159973
v -193.450943 -26.000000 -145.159973
v -193.357407 -25.000000 -164.308899
v -193.339493 -1.047771 -152.000000
v -193.339493 -1.047771 -150.000000
v -193.339493 1.047771 -152.000000
v -193.339493 1.047771 -150.000000
v -193.235809 11.814909 -159.500000
v -193.235809 11.814909 -153.000000
v -193.226807 11.782045 -152.741180
v -193.200409 11.685693 -152.500000
v -193.158432 11.532419 -152.292892
v -193.135803 -25.000000 -162.500000
v -193.103729 11.332668 -152.133972
v -193.078186 -24.962900 -162.029648
v -193.060211 -1.698557 -152.000000
v -193.060211 -1.698557 -150.000000
v -193.060211 1.698557 -152.000000
v -193.060211 1.698557 -150.000000
v -193.040024 11.100053 -152.034073
v -193.021988 -24.852516 -161.570938
v -192.968613 -24.671577 -161.135208
v -192.968613 -24.000000 -161.135208
v -192.916702 -24.000000 -160.837051
v -192.873291 -24.376057 -160.668686
v -192.835022 -24.000000 -160.545639
v -192.724396 -24.000000 -160.263931
v -192.655655 -2.279804 -152.000000
v -192.655655 -2.279804 -150.000000
v -192.655655 2.279804 -152.000000
v -192.655655 2.279804 -150.000000
v -192.536575 14.804263 -150.000000
v -192.500031 -32.500000 -137.820404
v -192.500031 -25.000000 -137.820404
v -192.477921 10.973714 -152.000000
v -192.418427 -22.000000 -140.820633
v -192.282730 -29.500000 -146.072021
v -192.282730 -25.000000 -146.072021
v -192.181885 -32.500000 -149.071732
v -192.181885 -29.500000 -149.071732
v -192.142365 -2.767715 -152.000000
v -192.142365 -2.767715 -150.000000
v -192.142365 2.767715 -152.000000
v -192.142365 2.767715 -150.000000
v -192.099335 19.889515 -159.500000
v -192.099335 19.889515 -154.979996
v -191.956390 12.092769 -159.500000
v -191.956390 12.092769 -153.000000
v -191.950943 12.059132 -152.741180
v -191.934982 11.960514 -152.500000
v -191.909607 11.803635 -152.292892
v -191.876526 11.599186 -152.133972
v -191.838013 11.361101 -152.034073
v -191.541382 -3.142316 -152.000000
v -191.541382 -3.142316 -150.000000
v -191.541382 3.142316 -152.000000
v -191.541382 3.142316 -150.000000
v -191.246643 11.180716 -152.000000
v -191.145691 -28.500000 -145.017792
v -191.145691 -26.000000 -145.017792
v -191.095474 14.979999 -150.000000
v -190.877289 -3.388270 -152.000000
v -190.877289 -3.388270 -150.000000
v -190.877289 3.388270 -152.000000
v -190.877289 3.388270 -150.000000
v -190.790878 -24.000000 -169.000000
v -190.790878 -22.500000 -169.000000
v -190.763611 -24.000000 -169.207062
v -190.763611 -24.000000 -168.792938
v -190.763611 -22.500000 -169.207062
v -190.763611 -22.500000 -168.792938
v -190.683701 -24.000000 -169.399994
v -190.683701 -24.000000 -168.600006
v -190.683701 -22.500000 -169.399994
v -190.683701 -22.500000 -168.600006
v -190.654617 12.232496 -159.500000
v -190.654617 12.232496 -153.000000
v -190.652802 12.198471 -152.741180
v -190.647461 12.098713 -152.500000
v -190.638962 11.940022 -152.292892
v -190.627899 11.733211 -152.133972
v -190.615021 11.492374 -152.034073
v -190.556564 -24.000000 -169.565689
v -190.556564 -24.000000 -168.434311
v -190.556564 -22.500000 -169.565689
v -190.556564 -22.500000 -168.434311
v -190.427231 19.995436 -159.500000
v -190.427231 19.995436 -154.979996
v -190.390869 -24.000000 -169.692825
v -190.390869 -24.000000 -168.307175
v -190.390869 -22.500000 -169.692825
v -190.390869 -22.500000 -168.307175
v -190.197922 -24.000000 -169.772736
v -190.197922 -24.000000 -168.227264
v -190.197922 -22.500000 -169.772736
v -190.197922 -22.500000 -168.227264
v -190.195511 -24.965925 -151.258820
v -190.195511 -24.866026 -151.500000
v -190.195511 -24.707108 -151.707108
v -190.195511 -24.500000 -151.866028
v -190.195511 -24.258820 -151.965927
v -190.177277 -3.495508 -152.000000
v -190.177277 -3.495508 -150.000000
v -190.177277 3.495508 -152.000000
v -190.177277 3.495508 -150.000000
v -190.000000 11.250000 -152.000000
v -189.990875 -32.500000 -149.000000
v -189.990875 -32.500000 -137.750000
v -189.990875 -29.500000 -149.000000
v -189.990875 -29.500000 -146.000000
v -189.990875 -25.000000 -146.000000
v -189.990875 -25.000000 -137.750000
v -189.990875 -24.000000 -169.800003
v -189.990875 -24.000000 -168.199997
v -189.990875 -22.500000 -169.800003
v -189.990875 -22.500000 -168.199997
v -189.990875 -22.000000 -140.750000
v -189.990784 -21.935837 -143.478943
v -189.990784 -21.744444 -144.441147
v -189.990784 -21.429096 -145.370132
v -189.990784 -20.995192 -146.250000
v -189.990784 -20.450150 -147.065704
v -189.990784 -19.803301 -147.803299
v -189.990784 -19.065712 -148.450150
v -189.990784 -18.250000 -148.995193
v -189.990784 -17.370127 -149.429092
v -189.990784 -16.441143 -149.744446
v -189.990784 -15.478947 -149.935837
v -189.783813 -24.000000 -169.772736
v -189.783813 -24.000000 -168.227264
v -189.783813 -22.500000 -169.772736
v -189.783813 -22.500000 -168.227264
v -189.644135 15.015783 -150.000000
v -189.590881 -24.000000 -169.692825
v -189.590881 -24.000000 -168.307175
v -189.590881 -22.500000 -169.692825
v -189.590881 -22.500000 -168.307175
v -189.470001 -3.459639 -152.000000
v -189.470001 -3.459639 -150.000000
v -189.470001 3.459639 -152.000000
v -189.470001 3.459639 -150.000000
v -189.425186 -24.000000 -169.565689
v -189.425186 -24.000000 -168.434311
v -189.425186 -22.500000 -169.565689
v -189.425186 -22.500000 -168.434311
v -189.384979 11.492374 -152.034073
v -189.372101 11.733211 -152.133972
v -189.361038 11.940022 -152.292892
v -189.352539 12.098713 -152.500000
v -189.347198 12.198471 -152.741180
v -189.345383 12.232496 -159.500000
v -189.345383 12.232496 -153.000000
v -189.298050 -24.000000 -169.399994
v -189.298050 -24.000000 -168.600006
v -189.298050 -22.500000 -169.399994
v -189.298050 -22.500000 -168.600006
v -189.218140 -24.000000 -169.207062
v -189.218140 -24.000000 -168.792938
v -189.218140 -22.500000 -169.207062
v -189.218140 -22.500000 -168.792938
v -189.190872 -24.000000 -169.000000
v -189.190872 -22.500000 -169.000000
v -188.836060 -28.500000 -145.017792
v -188.836060 -26.000000 -145.017792
v -188.784439 -3.282132 -152.000000
v -188.784439 -3.282132 -150.000000
v -188.784439 3.282132 -152.000000
v -188.784439 3.282132 -150.000000
v -188.753357 11.180716 -152.000000
v -188.752106 19.961031 -159.500000
v -188.752106 19.961031 -154.979996
v -188.196121 14.911285 -150.000000
v -188.161987 11.361101 -152.034073
v -188.148621 -2.970255 -152.000000
v -188.148621 -2.970255 -150.000000
v -188.148621 2.970255 -152.000000
v -188.148621 2.970255 -150.000000
v -188.123474 11.599186 -152.133972
v -188.090393 11.803635 -152.292892
v -188.065018 11.960514 -152.500000
v -188.049057 12.059132 -152.741180
v -188.043610 12.092769 -159.500000
v -188.043610 12.092769 -153.000000
v -187.911530 -22.000000 -182.500000
v -187.911530 -22.000000 -159.500000
v -187.799866 -32.500000 -149.071732
v -187.799866 -29.500000 -149.071732
v -187.699020 -29.500000 -146.072021
v -187.699020 -25.000000 -146.072021
v -187.588623 -2.536775 -152.000000
v -187.588623 -2.536775 -150.000000
v -187.588623 2.536775 -152.000000
v -187.588623 2.536775 -150.000000
v -187.563324 -22.000000 -140.820633
v -187.522079 10.973714 -152.000000
v -187.481720 -32.500000 -137.820404
v -187.481720 -25.000000 -137.820404
v -187.257355 -24.000000 -160.263931
v -187.146729 -24.000000 -160.545639
v -187.127335 -1.999439 -152.000000
v -187.127335 -1.999439 -150.000000
v -187.127335 1.999439 -152.000000
v -187.127335 1.999439 -150.000000
v -187.108459 -24.376057 -160.668686
v -187.085754 19.786541 -159.500000
v -187.085754 19.786541 -154.979996
v -187.065048 -24.000000 -160.837051
v -187.013138 -24.671577 -161.135208
v -187.013138 -24.000000 -161.135208
v -186.959976 11.100053 -152.034073
v -186.959763 -24.852516 -161.570938
v -186.903564 -24.962900 -162.029648
v -186.896271 11.332668 -152.133972
v -186.845932 -25.000000 -162.500000
v -186.841568 11.532419 -152.292892
v -186.799591 11.685693 -152.500000
v -186.783646 -1.380245 -152.000000
v -186.783646 -1.380245 -150.000000
v -186.783646 1.380245 -152.000000
v -186.783646 1.380245 -150.000000
v -186.773193 11.782045 -152.741180
v -186.764969 14.667480 -150.000000
v -186.764191 11.814909 -159.500000
v -186.764191 11.814909 -153.000000
v -186.624329 -25.000000 -164.308899
v -186.571640 -0.704545 -152.000000
v -186.571640 -0.704545 -150.000000
v -186.571640 0.704545 -152.000000
v -186.571640 0.704545 -150.000000
v -186.530807 -28.500000 -145.159973
v -186.530807 -26.000000 -145.159973
v -186.500000 -0.000000 -152.000000
v -186.500000 -0.000000 -150.000000
v -186.492416 -26.031813 -165.385727
v -186.367828 -31.500000 -166.402679
v -186.367828 -27.000000 -166.402679
v -186.321320 10.631546 -152.000000
v -185.865875 -31.500000 -176.375000
v -185.865875 -31.500000 -170.500000
v -185.865875 -24.000000 -176.375000
v -185.865875 -24.000000 -170.500000
v -185.797729 -31.500000 -176.892639
v -185.797729 -24.000000 -176.892639
v -185.792694 10.712214 -152.034073
v -185.704529 10.936701 -152.133972
v -185.628815 11.129472 -152.292892
v -185.618240 -32.500000 -149.286591
v -185.618240 -29.500000 -149.286591
v -185.597931 -31.500000 -177.375000
v -185.597931 -24.000000 -177.375000
v -185.570724 11.277390 -152.500000
v -185.534195 11.370377 -152.741180
v -185.521744 11.402092 -159.500000
v -185.521744 11.402092 -153.000000
v -185.439850 19.473188 -159.500000
v -185.439850 19.473188 -154.979996
v -185.416214 -29.500000 -146.287811
v -185.416214 -25.000000 -146.287811
v -185.371231 -24.965925 -151.258820
v -185.371231 -24.942356 -161.914734
v -185.371231 -24.866026 -151.500000
v -185.371231 -24.771639 -161.351944
v -185.371231 -24.707108 -151.707108
v -185.371231 -24.500000 -151.866028
v -185.371231 -24.494410 -160.833282
v -185.371231 -24.258820 -151.965927
v -185.371231 -24.121321 -160.378677
v -185.371231 -23.666710 -160.005585
v -185.371231 -23.148050 -159.728363
v -185.371231 -22.585272 -159.557648
v -185.364029 14.286644 -150.000000
v -185.280090 -31.500000 -177.789215
v -185.280090 -24.000000 -177.789215
v -185.165863 10.158425 -152.000000
v -185.164810 -21.947950 -159.500000
v -185.143997 -22.000000 -141.032303
v -185.073242 -25.000000 -164.665573
v -184.986420 -31.500000 -166.777237
v -184.986420 -27.000000 -166.777237
v -184.980469 -32.500000 -138.031372
v -184.980469 -25.000000 -138.031372
v -184.898529 -21.937365 -182.500000
v -184.865875 -31.500000 -178.107056
v -184.865875 -24.000000 -178.107056
v -184.673477 10.202011 -152.034073
v -184.561844 10.415807 -152.133972
v -184.466003 10.599397 -152.292892
v -184.392441 10.740271 -152.500000
v -184.383514 -31.500000 -178.306854
v -184.383514 -24.000000 -178.306854
v -184.346207 10.828827 -152.741180
v -184.330444 10.859033 -159.500000
v -184.330444 10.859033 -153.000000
v -184.238693 -28.500000 -145.443802
v -184.238693 -26.000000 -145.443802
v -184.069962 9.560182 -152.000000
v -184.006409 13.772337 -150.000000
v -183.865875 -31.500000 -178.375000
v -183.865875 -24.000000 -178.375000
v -183.825958 19.023172 -159.500000
v -183.825958 19.023172 -154.979996
v -183.642670 -31.500000 -167.270081
v -183.642670 -27.000000 -167.270081
v -183.615097 9.575275 -152.034073
v -183.558548 -25.000000 -165.154251
v -183.481293 9.775936 -152.133972
v -183.455353 -32.500000 -149.643692
v -183.455353 -29.500000 -149.643692
v -183.366394 9.948248 -152.292892
v -183.278229 10.080467 -152.500000
v -183.222809 10.163584 -152.741180
v -183.203903 10.191934 -159.500000
v -183.203903 10.191934 -153.000000
v -183.151459 -29.500000 -146.646515
v -183.151459 -25.000000 -146.646515
v -183.047089 8.844181 -152.000000
v -182.741058 -22.000000 -141.384277
v -182.704788 13.129363 -150.000000
v -182.629654 8.839164 -152.034073
v -182.494965 -32.500000 -138.382278
v -182.494965 -25.000000 -138.382278
v -182.475189 9.024399 -152.133972
v -182.422043 -21.791878 -159.500000
v -182.346680 -31.500000 -167.877533
v -182.346680 -27.000000 -167.877533
v -182.342560 9.183464 -152.292892
v -182.255386 18.439655 -159.500000
v -182.255386 18.439655 -154.979996
v -182.240784 9.305518 -152.500000
v -182.176804 9.382245 -152.741180
v -182.154984 9.408416 -159.500000
v -182.154984 9.408416 -153.000000
v -182.109863 8.019244 -152.000000
v -182.091461 -25.000000 -165.771301
v -181.968384 -28.500000 -145.868195
v -181.968384 -26.000000 -145.868195
v -181.890732 -21.749567 -182.500000
v -181.728394 8.002085 -152.034073
v -181.555054 8.169779 -152.133972
v -181.471313 12.363729 -150.000000
v -181.406189 8.313780 -152.292892
v -181.320435 -32.500000 -150.141479
v -181.320435 -29.500000 -150.141479
v -181.291977 8.424276 -152.500000
v -181.269821 7.095531 -152.000000
v -181.220184 8.493736 -152.741180
v -181.195694 8.517428 -159.500000
v -181.195694 8.517428 -153.000000
v -181.108215 -31.500000 -168.595016
v -181.108215 -27.000000 -168.595016
v -180.921616 7.073602 -152.034073
v -180.913696 -29.500000 -147.146713
v -180.913696 -25.000000 -147.146713
v -180.852859 -22.000000 -142.500000
v -180.739166 17.726727 -159.500000
v -180.739166 17.726727 -154.979996
v -180.731369 7.221838 -152.133972
v -180.715698 -21.264341 -152.000000
v -180.700256 -20.526915 -152.000000
v -180.682831 -25.000000 -166.512177
v -180.622482 -21.996017 -152.000000
v -180.576492 -19.799782 -152.000000
v -180.567993 7.349130 -152.292892
v -180.546951 -24.965925 -151.258820
v -180.546951 -24.866026 -151.500000
v -180.546951 -24.707108 -151.707108
v -180.546951 -24.500000 -151.866028
v -180.546951 -24.258820 -151.965927
v -180.537323 6.084421 -152.000000
v -180.457230 -21.250658 -152.034073
v -180.442642 7.446805 -152.500000
v -180.442596 -20.551403 -152.034073
v -180.422638 -22.706018 -152.000000
v -180.368851 -21.944460 -152.034073
v -180.363831 7.508207 -152.741180
v -180.362656 -22.000000 -141.875381
v -180.347107 -19.098766 -152.000000
v -180.336960 7.529150 -159.500000
v -180.336960 7.529150 -153.000000
v -180.325241 -19.861910 -152.034073
v -180.317505 11.482588 -150.000000
v -180.218536 6.064319 -152.034073
v -180.216904 -21.976603 -143.093262
v -180.216385 -21.237907 -152.133972
v -180.202499 -20.574223 -152.133972
v -180.179352 -22.617708 -152.034073
v -180.132492 -21.896416 -152.133972
v -180.120514 -23.378893 -152.000000
v -180.107727 -19.197182 -152.034073
v -180.091110 -19.919804 -152.133972
v -180.033066 -32.500000 -138.871979
v -180.033066 -25.000000 -138.871979
v -180.013565 6.191404 -152.133972
v -180.009567 -21.226959 -152.292892
v -179.996323 -20.593819 -152.292892
v -179.952637 -22.535416 -152.133972
v -179.936600 -31.500000 -169.417130
v -179.936600 -27.000000 -169.417130
v -179.929535 -21.855160 -152.292892
v -179.921371 4.998367 -152.000000
v -179.892868 -23.255753 -152.034073
v -179.890060 -19.969519 -152.292892
v -179.884674 -19.288891 -152.133972
v -179.850876 -21.218557 -152.500000
v -179.838120 -20.608854 -152.500000
v -179.837540 6.300534 -152.292892
v -179.773804 -21.823502 -152.500000
v -179.757965 -22.464750 -152.292892
v -179.751114 -21.213276 -152.741180
v -179.738663 -20.618307 -152.741180
v -179.735794 -20.007666 -152.500000
v -179.728516 -28.500000 -146.431534
v -179.728516 -26.000000 -146.431534
v -179.722687 -24.000000 -152.000000
v -179.719315 -20.835686 -159.500000
v -179.718536 -20.817896 -153.000000
v -179.702469 6.384273 -152.500000
v -179.693115 -19.367641 -152.292892
v -179.690613 -21.505522 -153.000000
v -179.687149 -21.532003 -159.500000
v -179.680725 -23.141005 -152.133972
v -179.675903 -21.803602 -152.741180
v -179.662872 -21.689175 -159.500000
v -179.639862 -22.000000 -143.610825
v -179.638809 -20.031647 -152.741180
v -179.632355 -21.845255 -159.500000
v -179.630096 -20.144358 -159.500000
v -179.628189 -20.135662 -153.000000
v -179.627197 4.985765 -152.034073
v -179.617569 6.436913 -152.741180
v -179.608582 -22.410528 -152.500000
v -179.595795 -21.904987 -143.690094
v -179.595673 -22.000000 -159.500000
v -179.588608 6.454868 -159.500000
v -179.588608 6.454868 -153.000000
v -179.546143 -19.428070 -152.500000
v -179.545242 -22.178181 -153.000000
v -179.515625 -23.844709 -152.034073
v -179.514679 -22.376440 -152.741180
v -179.498566 -23.042467 -152.292892
v -179.485046 -22.356628 -159.521790
v -179.453735 -19.466057 -152.741180
v -179.429550 3.850747 -152.000000
v -179.422226 -19.479013 -159.500000
v -179.422226 -19.479013 -153.000000
v -179.409821 5.090248 -152.133972
v -179.364639 -24.018280 -152.024261
v -179.358780 -22.966856 -152.500000
v -179.343109 -25.000000 -167.371384
v -179.340195 -22.705452 -159.584778
v -179.322678 -23.700001 -152.133972
v -179.311172 -24.240885 -151.970551
v -179.287933 16.889393 -159.500000
v -179.287933 16.889393 -154.979996
v -179.286713 -22.815968 -153.000000
v -179.270920 -22.919327 -152.741180
v -179.254181 10.494172 -150.000000
v -179.229080 -23.910133 -152.090515
v -179.223160 5.179969 -152.292892
v -179.222656 -32.500000 -150.777847
v -179.222656 -29.500000 -150.777847
v -179.164505 -23.038002 -159.685349
v -179.156998 -23.575735 -152.292892
v -179.154343 3.850261 -152.034073
v -179.145660 -24.150146 -152.011093
v -179.144821 -23.845530 -152.150986
v -179.079926 5.248815 -152.500000
v -179.067947 2.655695 -152.000000
v -179.032715 -23.763546 -152.260498
v -179.029861 -23.480385 -152.500000
v -179.024612 -24.049849 -152.084564
v -178.991974 -21.783213 -144.290482
v -178.989883 5.292093 -152.741180
v -178.961884 -23.346331 -159.819351
v -178.959183 5.306854 -159.500000
v -178.959183 5.306854 -153.000000
v -178.949951 -23.420444 -152.741180
v -178.948807 -23.991459 -152.146927
v -178.935287 -23.697304 -152.392502
v -178.927048 3.930948 -152.133972
v -178.922684 -23.400000 -153.000000
v -178.893341 -21.436934 -182.500000
v -178.855698 -23.648966 -152.542847
v -178.854675 -24.448788 -151.893753
v -178.846741 -23.919481 -152.255280
v -178.840988 1.427933 -152.000000
v -178.840622 -31.500000 -170.337677
v -178.840622 -27.000000 -170.337677
v -178.805359 2.670776 -152.034073
v -178.796555 -23.620205 -152.707047
v -178.765350 -23.611736 -152.843002
v -178.756210 -23.863922 -152.382019
v -178.739456 -23.625805 -159.979309
v -178.731873 4.000235 -152.292892
v -178.711746 -29.500000 -147.786438
v -178.711746 -25.000000 -147.786438
v -178.707565 0.848911 -152.000000
v -178.679718 -23.826366 -152.523682
v -178.669693 -24.391748 -151.938522
v -178.619492 -23.807987 -152.676559
v -178.593475 -23.785416 -152.941101
v -178.584351 -23.807201 -152.802368
v -178.584259 1.460784 -152.034073
v -178.582123 4.053401 -152.500000
v -178.574814 -24.312630 -152.019150
v -178.570770 2.726745 -152.133972
v -178.514557 -24.268240 -152.080994
v -178.510803 -15.312914 -152.034073
v -178.505615 -23.873022 -160.156693
v -178.487976 4.086823 -152.741180
v -178.486160 1.005664 -152.034073
v -178.462646 0.307542 -152.000000
v -178.455856 4.098222 -159.500000
v -178.455856 4.098222 -153.000000
v -178.440735 -22.000000 -144.696182
v -178.431656 -24.215799 -152.181686
v -178.425568 -21.376745 -159.500000
v -178.404633 -21.606466 -144.898422
v -178.369308 2.774807 -152.292892
v -178.367401 -24.621649 -151.783310
v -178.355362 -24.178150 -152.293594
v -178.345032 1.491396 -152.133972
v -178.312469 0.573709 -152.034073
v -178.291229 9.407715 -150.000000
v -178.287735 -15.404622 -152.133972
v -178.287186 -24.156075 -152.414520
v -178.255569 1.076320 -152.133972
v -178.239471 -24.566954 -151.838928
v -178.228531 -24.150097 -152.542145
v -178.228287 -24.118061 -152.787491
v -178.214737 2.811687 -152.500000
v -178.189651 -24.156736 -152.645950
v -178.163712 -24.507559 -151.918106
v -178.139603 1.517684 -152.292892
v -178.117554 2.834870 -152.741180
v -178.115845 -0.174937 -152.000000
v -178.115082 -24.474926 -151.975555
v -178.097153 0.682371 -152.133972
v -178.095673 -15.483586 -152.293457
v -178.084412 2.842777 -159.500000
v -178.084412 2.842777 -153.000000
v -178.082184 -25.000000 -168.342560
v -178.068161 0.177381 -152.034073
v -178.057541 1.136993 -152.292892
v -178.047150 -24.437307 -152.065445
v -178.016846 -22.000000 -142.503937
v -178.011871 -24.279634 -160.550461
v -177.990875 -31.500000 -178.375000
v -177.990875 -24.000000 -178.375000
v -177.983017 -24.411476 -152.162018
v -177.981964 1.537855 -152.500000
v -177.949203 -15.543802 -152.500000
v -177.923584 -24.397816 -152.263947
v -177.912247 0.775680 -152.292892
v -177.911880 15.933531 -159.500000
v -177.911880 15.933531 -154.979996
v -177.905594 1.183550 -152.500000
v -177.882874 1.550535 -152.741180
v -177.874344 0.320913 -152.133972
v -177.869705 -24.396570 -152.369797
v -177.859634 -24.760185 -151.649765
v -177.856812 -15.581789 -152.741180
v -177.849075 1.554860 -159.500000
v -177.849075 1.554860 -153.000000
v -177.841232 -21.370348 -145.509033
v -177.838455 -24.394638 -152.566620
v -177.831558 -24.404320 -152.455139
v -177.828552 -31.500000 -171.349747
v -177.828552 -27.000000 -171.349747
v -177.810089 1.212817 -152.741180
v -177.790390 -24.713331 -151.712906
v -177.770370 0.847279 -152.500000
v -177.760315 -0.171889 -152.034073
v -177.733261 1.094184 -159.500000
v -177.733261 1.094184 -153.000000
v -177.731445 -24.672541 -151.784714
v -177.707901 0.444166 -152.292892
v -177.693298 -24.650467 -151.834869
v -177.681183 0.892288 -152.741180
v -177.680725 -0.579598 -152.000000
v -177.639328 -24.625462 -151.911072
v -177.602478 -32.500000 -139.498947
v -177.602478 -25.000000 -139.498947
v -177.593582 0.002373 -152.133972
v -177.587326 -24.608858 -151.990860
v -177.580200 0.538742 -152.500000
v -177.537766 -24.600819 -152.073486
v -177.527573 -28.500000 -147.131714
v -177.527573 -26.000000 -147.131714
v -177.512070 0.673814 -159.500000
v -177.512070 0.673814 -153.000000
v -177.499908 0.598195 -152.741180
v -177.491135 -24.601442 -152.158173
v -177.465622 -24.599911 -161.003860
v -177.456665 -24.608028 -152.225967
v -177.450409 0.152016 -152.292892
v -177.437668 8.233367 -150.000000
v -177.432251 -24.616297 -152.299545
v -177.397812 -0.464024 -152.034073
v -177.340546 0.266840 -152.500000
v -177.309814 -21.070543 -146.116776
v -177.288361 -24.838276 -151.554138
v -177.271469 0.339022 -152.741180
v -177.262970 -0.264059 -152.133972
v -177.245697 -24.814657 -151.612686
v -177.238556 -21.520983 -145.984680
v -177.217896 -24.802021 -151.652435
v -177.197983 0.317462 -159.500000
v -177.197983 0.317462 -153.000000
v -177.178162 -24.787889 -151.711517
v -177.174408 -0.890566 -152.000000
v -177.170975 -32.500000 -151.550034
v -177.170975 -29.500000 -151.550034
v -177.166901 -21.199392 -159.500000
v -177.147186 -0.092345 -152.292892
v -177.139221 -24.778742 -151.772095
v -177.101288 -24.774628 -151.833862
v -177.064575 -24.775579 -151.896484
v -177.058334 0.039416 -152.500000
v -177.036575 -24.779898 -151.946304
v -177.015488 -24.785322 -152.000702
v -177.002472 0.122245 -152.741180
v -176.991089 -0.690598 -152.034073
v -176.913864 -11.428646 -152.034073
v -176.909393 -25.000000 -169.418518
v -176.908005 -31.500000 -172.445724
v -176.908005 -27.000000 -172.445724
v -176.892029 -0.470698 -152.133972
v -176.886414 -24.826782 -161.495895
v -176.875183 -21.983849 -146.098831
v -176.818436 -20.702745 -146.716156
v -176.808716 0.045231 -159.500000
v -176.808716 0.045231 -153.000000
v -176.807022 -24.940502 -151.339798
v -176.806976 -0.281865 -152.292892
v -176.774170 -24.927879 -151.378723
v -176.746429 -24.917166 -151.419983
v -176.741699 -0.136969 -152.500000
v -176.728256 -24.911478 -151.447495
v -176.702072 -24.905170 -151.487793
v -176.701477 6.982100 -150.000000
v -176.700668 -0.045883 -152.741180
v -176.690796 -11.520354 -152.133972
v -176.676132 -24.901159 -151.528519
v -176.650482 -24.899450 -151.569611
v -176.625198 -24.900053 -151.610947
v -176.620667 14.865847 -159.500000
v -176.620667 14.865847 -154.979996
v -176.616730 -1.095643 -152.000000
v -176.605515 -24.902159 -151.643692
v -176.590164 -24.904804 -151.679581
v -176.554321 -29.500000 -148.563156
v -176.554321 -25.000000 -148.563156
v -176.551895 -0.845075 -152.034073
v -176.498215 -11.599531 -152.294006
v -176.491486 -0.611583 -152.133972
v -176.439606 -0.411079 -152.292892
v -176.399796 -0.257227 -152.500000
v -176.375839 -20.263716 -147.299118
v -176.374771 -0.160511 -152.741180
v -176.366241 -0.127523 -159.500000
v -176.366241 -0.127523 -153.000000
v -176.352264 -11.659534 -152.500000
v -176.297089 -24.957918 -162.002945
v -176.271683 -22.000000 -145.428207
v -176.259872 -11.697520 -152.741180
v -176.253265 -24.981747 -151.193039
v -176.239838 -24.978981 -151.214569
v -176.230988 -24.977514 -151.228775
v -176.218201 -24.975889 -151.249451
v -176.205414 -24.974854 -151.270187
v -176.196884 -21.006863 -147.146454
v -176.192657 -24.974411 -151.291000
v -176.179932 -24.974566 -151.311859
v -176.169922 -24.975109 -151.328369
v -176.159927 -24.976025 -151.344894
v -176.089523 5.665603 -150.000000
v -176.085892 -31.500000 -173.617355
v -176.085892 -27.000000 -173.617355
v -176.046524 -1.306830 -152.000000
v -175.998856 -1.042840 -152.034073
v -175.988068 -19.749697 -147.856430
v -175.911530 -21.000000 -182.500000
v -175.911530 -21.000000 -159.500000
v -175.897507 -0.823985 -152.133972
v -175.860458 -21.650034 -147.146454
v -175.833435 -25.000000 -170.591309
v -175.810486 -0.636049 -152.292892
v -175.743698 -0.491841 -152.500000
v -175.731094 -24.999996 -151.002655
v -175.730896 -24.999996 -151.002991
v -175.730682 -24.999994 -151.003326
v -175.730545 -24.999994 -151.003555
v -175.730331 -24.999994 -151.003860
v -175.730133 -24.999994 -151.004181
v -175.729935 -24.999994 -151.004501
v -175.729736 -24.999994 -151.004822
v -175.729584 -24.999994 -151.005066
v -175.729416 -24.999994 -151.005325
v -175.722687 -25.000000 -162.500000
v -175.722687 -25.000000 -151.000000
v -175.711533 -22.000000 -143.267838
v -175.701721 -0.401188 -152.741180
v -175.695496 -19.261309 -148.308212
v -175.687408 -0.370268 -159.500000
v -175.687408 -0.370268 -153.000000
v -175.660843 -19.158730 -148.377670
v -175.607529 4.296175 -150.000000
v -175.556305 -7.445962 -152.000000
v -175.551559 -7.448162 -152.000015
v -175.530609 -1.628657 -152.000000
v -175.490280 -1.336663 -152.034073
v -175.439453 -19.883204 -148.308212
v -175.423340 13.693835 -159.500000
v -175.423340 13.693835 -154.979996
v -175.400421 -18.500183 -148.844254
v -175.375061 -7.529724 -152.020096
v -175.373901 -28.500000 -147.966049
v -175.373901 -26.000000 -147.966049
v -175.368408 -31.500000 -174.855820
v -175.368408 -27.000000 -174.855820
v -175.351303 -1.139553 -152.133972
v -175.327118 -21.944361 -147.465759
v -175.259995 2.886611 -150.000000
v -175.231964 -0.970291 -152.292892
v -175.210892 -32.500000 -140.261215
v -175.210892 -25.000000 -140.261215
v -175.205475 -7.608042 -152.077545
v -175.204010 -17.776129 -149.246613
v -175.174210 -32.500000 -152.454758
v -175.174210 -29.500000 -152.454758
v -175.159302 -6.619374 -152.000000
v -175.155197 -20.492743 -148.308212
v -175.140381 -0.840411 -152.500000
v -175.090195 -2.047904 -152.000000
v -175.082809 -0.758766 -152.741180
v -175.069031 -17.001753 -149.570282
v -175.063171 -0.730918 -159.500000
v -175.063171 -0.730918 -153.000000
v -175.050156 1.450079 -150.000000
v -175.049179 -7.680182 -152.170227
v -175.042725 -1.717000 -152.034073
v -175.002029 -17.669744 -149.469986
v -174.989441 -16.190096 -149.807022
v -174.979996 -13.999991 -150.000000
v -174.979996 -0.000000 -150.000000
v -174.970367 -14.500000 -150.000000
v -174.958038 -15.350677 -149.951538
v -174.912231 -7.743352 -152.294571
v -174.870621 -1.548038 -152.133972
v -174.862259 -25.000000 -171.852234
v -174.843460 -21.088722 -148.308212
v -174.820160 -18.261782 -149.469986
v -174.809540 -5.771707 -152.000000
v -174.799835 -7.795179 -152.445892
v -174.760956 -31.500000 -176.151794
v -174.760956 -27.000000 -176.151794
v -174.743347 -2.547346 -152.000000
v -174.739182 -6.296725 -152.034073
v -174.722824 -1.402947 -152.292892
v -174.716324 -7.833670 -152.618378
v -174.670700 -2.171495 -152.034073
v -174.664886 -7.857371 -152.805466
v -174.647522 -7.865373 -159.500000
v -174.647522 -7.865373 -153.000000
v -174.611023 -18.844698 -149.469986
v -174.609421 -1.291615 -152.500000
v -174.538132 -1.221629 -152.741180
v -174.516235 -6.388716 -152.133972
v -174.513824 -1.197758 -159.500000
v -174.513824 -1.197758 -153.000000
v -174.508163 -4.905660 -152.000000
v -174.504974 -21.669935 -148.308212
v -174.504349 -3.106466 -152.000000
v -174.471069 -2.036170 -152.133972
v -174.449936 -29.500000 -149.473816
v -174.449936 -25.000000 -149.473816
v -174.386307 -2.685387 -152.034073
v -174.384293 -4.310352 -152.000000
v -174.382996 -3.702294 -152.000000
v -174.375259 -19.417349 -149.469986
v -174.335205 -14.565925 -150.631744
v -174.328323 12.425720 -159.500000
v -174.328323 12.425720 -154.979996
v -174.324783 -6.467710 -152.292892
v -174.299637 -1.919964 -152.292892
v -174.296188 -15.130665 -150.631744
v -174.268112 -31.500000 -177.495544
v -174.268112 -27.000000 -177.495544
v -174.261414 -4.983794 -152.034073
v -174.234207 -7.000147 -159.500000
v -174.234207 -7.000147 -153.000000
v -174.231384 -15.693034 -150.631744
v -174.198761 -3.241981 -152.034073
v -174.177887 -6.528324 -152.500000
v -174.168091 -1.830795 -152.500000
v -174.165619 -2.588094 -152.133972
v -174.148621 -22.000000 -146.284576
v -174.140945 -16.251858 -150.631744
v -174.135284 -4.410158 -152.034073
v -174.114182 -3.823198 -152.034073
v -174.113525 -19.978622 -149.469986
v -174.085541 -6.566427 -152.741180
v -174.085388 -1.774742 -152.741180
v -174.057190 -1.755623 -159.500000
v -174.057190 -1.755623 -153.000000
v -174.031494 -5.056604 -152.133972
v -174.025085 -16.805962 -150.631744
v -174.003052 -25.000000 -173.191956
v -173.976105 -2.504547 -152.292892
v -173.964203 -3.185881 -152.133972
v -173.896027 -4.440513 -152.133972
v -173.893555 -31.500000 -178.876953
v -173.893555 -27.000000 -178.876953
v -173.883942 -17.354172 -150.631744
v -173.881989 -21.943586 -148.113831
v -173.873352 -3.810113 -152.133972
v -173.869583 -6.113292 -159.500000
v -173.869583 -6.113292 -153.000000
v -173.834045 -5.119127 -152.292892
v -173.830688 -2.440439 -152.500000
v -173.826477 -20.527411 -149.469986
v -173.808762 -21.894995 -148.775269
v -173.762772 -3.137707 -152.292892
v -173.739288 -2.400139 -152.741180
v -173.735001 -13.999991 -151.244995
v -173.717712 -17.895298 -150.631744
v -173.708099 -2.386393 -159.500000
v -173.708099 -2.386393 -153.000000
v -173.690567 -4.466579 -152.292892
v -173.682541 -5.167102 -152.500000
v -173.666550 -3.798877 -152.292892
v -173.608215 -3.100741 -152.500000
v -173.587311 -5.197261 -152.741180
v -173.554825 -5.207547 -159.500000
v -173.554825 -5.207547 -153.000000
v -173.532913 -4.486581 -152.500000
v -173.526566 -18.428087 -150.631744
v -173.514786 -21.062601 -149.469986
v -173.511047 -3.077504 -152.741180
v -173.507858 -3.790255 -152.500000
v -173.477905 -3.069578 -159.500000
v -173.477905 -3.069578 -153.000000
v -173.454544 -22.000000 -144.164474
v -173.433807 -4.499155 -152.741180
v -173.408112 -3.784835 -152.741180
v -173.400009 -4.503443 -159.500000
v -173.400009 -4.503443 -153.000000
v -173.374084 -3.782986 -159.500000
v -173.374084 -3.782986 -153.000000
v -173.343277 11.070402 -159.500000
v -173.343277 11.070402 -154.979996
v -173.311081 -18.951494 -150.631744
v -173.275681 -28.500000 -148.931381
v -173.275681 -26.000000 -148.931381
v -173.262177 -25.000000 -174.600586
v -173.240875 -32.500000 -153.488144
v -173.240875 -29.500000 -153.488144
v -173.179108 -21.583082 -149.469986
v -173.174667 -14.512680 -151.793518
v -173.139313 -15.024288 -151.793518
v -173.080612 -15.533748 -151.793518
v -173.071838 -19.464502 -150.631744
v -172.998688 -16.039995 -151.793518
v -172.929718 -20.563068 -182.500000
v -172.899017 -20.559225 -159.500000
v -172.893723 -16.541967 -151.793518
v -172.876602 -26.031813 -179.001541
v -172.865784 -32.500000 -141.156387
v -172.865784 -25.000000 -141.156387
v -172.809479 -19.966099 -150.631744
v -172.765869 -17.038601 -151.793518
v -172.645126 -25.000000 -176.067673
v -172.615265 -17.528814 -151.793518
v -172.524582 -20.455265 -150.631744
v -172.490005 -13.999991 -152.490005
v -172.475143 9.637392 -159.500000
v -172.475143 9.637392 -154.979996
v -172.442108 -18.011477 -151.793518
v -172.406860 -29.500000 -150.514801
v -172.406860 -25.000000 -150.514801
v -172.378891 -14.476171 -152.590134
v -172.346054 -14.951345 -152.590134
v -172.338013 -21.848946 -150.000000
v -172.291519 -15.424525 -152.590134
v -172.277664 -21.943586 -148.912109
v -172.246887 -18.485640 -151.793518
v -172.217789 -20.930990 -150.631744
v -172.215439 -15.894721 -152.590134
v -172.156448 -25.000000 -177.582367
v -172.117950 -16.360947 -152.590134
v -172.078705 -22.000000 -147.262405
v -172.030167 -18.950382 -151.793518
v -171.999191 -16.822212 -152.590134
v -171.889679 -21.392258 -150.631744
v -171.859329 -17.277517 -152.590134
v -171.799759 -25.000000 -179.133453
v -171.792480 -19.404785 -151.793518
v -171.729980 8.136747 -159.500000
v -171.729980 8.136747 -154.979996
v -171.698502 -17.725809 -152.590134
v -171.583099 -14.439661 -153.386765
v -171.552795 -14.878403 -153.386765
v -171.540863 -21.838051 -150.631744
v -171.534393 -19.847931 -151.793518
v -171.517181 -18.166204 -152.590134
v -171.502441 -15.315303 -153.386765
v -171.432190 -15.749447 -153.386765
v -171.379272 -32.500000 -154.645767
v -171.379272 -29.500000 -154.645767
v -171.342178 -16.179926 -153.386765
v -171.315887 -18.597851 -152.590134
v -171.256454 -20.278896 -151.793518
v -171.253510 -22.000000 -145.190842
v -171.244995 -13.999991 -153.735001
v -171.240875 -28.500000 -150.024048
v -171.240875 -26.000000 -150.024048
v -171.232529 -16.605825 -153.386765
v -171.113052 6.578999 -159.500000
v -171.113052 6.578999 -154.979996
v -171.103378 -17.026220 -153.386765
v -171.095139 -19.019896 -152.590134
v -170.972351 -21.818058 -151.080765
v -170.959213 -20.696766 -151.793518
v -170.954880 -17.440140 -153.386765
v -170.855423 -19.431482 -152.590134
v -170.787476 -17.846769 -153.386765
v -170.787323 -14.403152 -154.183380
v -170.759537 -14.805461 -154.183380
v -170.713364 -15.206080 -154.183380
v -170.712769 -21.943586 -149.785172
v -170.648941 -15.604174 -154.183380
v -170.643234 -21.100618 -151.793518
v -170.628662 4.975079 -159.500000
v -170.628662 4.975079 -154.979996
v -170.601608 -18.245321 -153.386765
v -170.597275 -19.831758 -152.590134
v -170.574570 -32.500000 -142.181641
v -170.574570 -25.000000 -142.181641
v -170.566406 -15.998905 -154.183380
v -170.465866 -16.389439 -154.183380
v -170.433197 -29.500000 -151.682037
v -170.433197 -25.000000 -151.682037
v -170.397781 -18.635006 -153.386765
v -170.347443 -16.774923 -154.183380
v -170.321213 -20.219870 -152.590134
v -170.309036 -21.489534 -151.793518
v -170.280228 3.336245 -159.500000
v -170.280228 3.336245 -154.979996
v -170.211273 -17.154470 -154.183380
v -170.176453 -19.015036 -153.386765
v -170.070175 1.673996 -159.500000
v -170.070175 1.673996 -154.979996
v -170.068878 -22.000000 -148.358414
v -170.057755 -17.527334 -154.183380
v -170.027725 -20.594963 -152.590134
v -170.000000 -13.999991 -154.979996
v -170.000000 -13.973102 -156.114838
v -170.000000 -13.896997 -157.247528
v -170.000000 -13.775603 -158.376404
v -170.000000 -13.612849 -159.500000
v -170.000000 -0.000000 -159.500000
v -170.000000 -0.000000 -154.979996
v -169.980087 -14.231895 -159.185043
v -169.978882 -14.388041 -158.142532
v -169.977676 -14.508257 -157.092224
v -169.976456 -14.589144 -156.036057
v -169.963150 -14.765677 -154.979996
v -169.947220 -14.541934 -159.500000
v -169.938095 -19.384621 -153.386765
v -169.932327 -20.250433 -182.500000
v -169.920624 -14.786014 -159.267441
v -169.915833 -14.960821 -158.209335
v -169.911011 -15.099101 -157.139832
v -169.906189 -15.197015 -156.061554
v -169.887329 -17.892790 -154.183380
v -169.870651 -20.245319 -159.500000
v -169.853287 -15.524343 -154.979996
v -169.821991 -15.334662 -159.348999
v -169.811295 -15.527573 -158.275452
v -169.800522 -15.683371 -157.186905
v -169.789734 -15.797755 -156.086746
v -169.789688 -15.457816 -159.500000
v -169.717331 -20.956184 -152.590134
v -169.700424 -18.250114 -154.183380
v -169.684586 -15.875098 -159.429291
v -169.683197 -19.742975 -153.386765
v -169.673370 -21.804581 -152.037933
v -169.671463 -16.269037 -154.979996
v -169.665695 -16.085293 -158.340500
v -169.646683 -16.257790 -157.233200
v -169.627670 -16.387814 -156.111496
v -169.597366 -32.500000 -155.922668
v -169.597366 -29.500000 -155.922668
v -169.528580 -16.351303 -159.500000
v -169.497482 -18.598587 -154.183380
v -169.479645 -16.631018 -158.404160
v -169.450165 -16.819130 -157.278427
v -169.420685 -16.963688 -156.135651
v -169.418762 -16.992701 -154.979996
v -169.412216 -20.089308 -153.386765
v -169.390533 -21.302677 -152.590134
v -169.278915 -18.937483 -154.183380
v -169.277191 -28.500000 -151.239914
v -169.277191 -26.000000 -151.239914
v -169.254272 -17.161947 -158.466095
v -169.212234 -17.364347 -157.322357
v -169.190826 -21.943586 -150.731110
v -169.170242 -17.522095 -156.159073
v -169.167542 -17.208281 -159.500000
v -169.125610 -20.422832 -153.386765
v -169.115875 -22.000000 -146.343445
v -169.097717 -17.688749 -154.979996
v -169.047989 -21.633589 -152.590134
v -169.045181 -19.266079 -154.183380
v -168.990875 -17.675320 -158.525986
v -168.934341 -17.890448 -157.364746
v -168.877914 -18.059803 -156.181625
v -168.823883 -20.742760 -153.386765
v -168.796707 -19.583652 -154.183380
v -168.711960 -18.351171 -154.979996
v -168.711258 -18.017467 -159.500000
v -168.690750 -18.168375 -158.583496
v -168.626083 -25.000000 -179.522263
v -168.626083 -24.000000 -179.522263
v -168.617935 -18.394438 -157.405365
v -168.545319 -18.573582 -156.203171
v -168.536713 -29.500000 -152.970886
v -168.536713 -25.000000 -152.970886
v -168.533905 -19.889481 -154.183380
v -168.507599 -21.048300 -153.386765
v -168.429855 -21.808111 -152.867523
v -168.344452 -32.500000 -143.333755
v -168.344452 -25.000000 -143.333755
v -168.265060 -18.973955 -154.979996
v -168.257233 -20.182840 -154.183380
v -168.196289 -18.838224 -158.661636
v -168.177521 -21.338863 -153.386765
v -168.163940 -18.770309 -159.500000
v -168.125854 -22.000000 -149.568939
v -168.097183 -19.076456 -157.460312
v -168.021912 -25.000000 -179.660797
v -168.021912 -24.000000 -179.660797
v -167.998489 -19.266073 -156.232224
v -167.967209 -20.463009 -154.183380
v -167.902786 -32.500000 -157.313370
v -167.902786 -29.500000 -157.313370
v -167.834457 -21.613972 -153.386765
v -167.760651 -19.551092 -154.979996
v -167.715195 -21.943586 -151.747787
v -167.664536 -20.729445 -154.183380
v -167.634216 -19.453270 -158.733383
v -167.534698 -19.453651 -159.500000
v -167.506119 -19.698963 -157.510483
v -167.459106 -25.000000 -179.920532
v -167.459106 -24.000000 -179.920532
v -167.392075 -28.500000 -152.574356
v -167.392075 -26.000000 -152.574356
v -167.378738 -19.894306 -156.258575
v -167.349960 -20.981709 -154.183380
v -167.230606 -21.828257 -153.565521
v -167.202713 -20.076681 -154.979996
v -167.048874 -22.000000 -147.618378
v -167.024185 -21.219357 -154.183380
v -167.010651 -20.006691 -158.797928
v -166.961685 -25.000000 -180.290375
v -166.961685 -24.000000 -180.290375
v -166.924530 -20.062635 -182.500000
v -166.851517 -20.254656 -157.555252
v -166.831772 -20.058836 -159.500000
v -166.724899 -29.500000 -154.376266
v -166.724899 -25.000000 -154.376266
v -166.693558 -20.450500 -156.281906
v -166.687927 -21.441952 -154.183380
v -166.596863 -20.546253 -154.979996
v -166.550903 -25.000000 -180.754562
v -166.550903 -24.000000 -180.754562
v -166.526886 -20.047153 -161.011414
v -166.524658 -20.199280 -160.081924
v -166.342010 -21.648991 -154.183380
v -166.332199 -20.492270 -158.854568
v -166.302795 -32.500000 -158.811920
v -166.302795 -29.500000 -158.811920
v -166.289185 -21.943586 -152.832947
v -166.256165 -22.000000 -150.889923
v -166.244278 -25.000000 -181.293259
v -166.244278 -24.000000 -181.293259
v -166.182434 -32.500000 -144.609085
v -166.182434 -25.000000 -144.609085
v -166.140701 -20.736917 -157.594116
v -166.114594 -20.033478 -162.491425
v -166.059204 -20.288803 -161.352905
v -166.055786 -21.864403 -154.131485
v -166.054916 -25.000000 -181.883469
v -166.054916 -24.000000 -181.883469
v -165.990875 -25.000000 -182.500000
v -165.990875 -24.000000 -182.500000
v -165.986832 -21.840208 -154.183380
v -165.951035 -20.927662 -156.301910
v -165.949081 -20.956131 -154.979996
v -165.867767 -20.026398 -163.197723
v -165.832535 -20.619358 -160.145004
v -165.622971 -20.287672 -162.603821
v -165.606506 -20.905041 -158.902725
v -165.600784 -20.019686 -163.855392
v -165.592682 -28.500000 -154.022308
v -165.592682 -26.000000 -154.022308
v -165.382172 -21.140566 -157.626648
v -165.361877 -20.648602 -161.418091
v -165.315247 -20.013592 -164.461136
v -165.265350 -21.302650 -154.979996
v -165.222885 -20.208841 -163.829529
v -165.160522 -21.320419 -156.318390
v -165.100922 -20.967815 -160.197327
v -165.059509 -22.000000 -149.011353
v -165.012451 -20.008360 -165.012512
v -165.004898 -29.500000 -155.892639
v -165.004898 -25.000000 -155.892639
v -164.927612 -20.593418 -162.667877
v -164.915939 -21.943586 -153.984177
v -164.844437 -21.911629 -154.572662
v -164.841400 -21.240232 -158.941833
v -164.804245 -32.500000 -160.411911
v -164.804245 -29.500000 -160.411911
v -164.747910 -20.462652 -163.582214
v -164.631912 -20.939127 -161.470703
v -164.584564 -21.460640 -157.652451
v -164.551620 -21.582144 -154.979996
v -164.466080 -22.000000 -152.316910
v -164.460571 -20.870367 -162.144913
v -164.337280 -21.241035 -160.238358
v -164.331528 -21.623652 -156.331116
v -164.219269 -21.936636 -154.738922
v -164.145889 -21.225220 -160.703262
v -164.095337 -32.500000 -146.003647
v -164.095337 -25.000000 -146.003647
v -164.045181 -21.494158 -158.971451
v -163.911530 -20.000000 -182.500000
v -163.911530 -20.000000 -166.736023
v -163.901627 -20.604393 -164.127914
v -163.885849 -28.500000 -155.578308
v -163.885849 -26.000000 -155.578308
v -163.814194 -21.791489 -154.979996
v -163.797775 -21.521530 -159.257019
v -163.757034 -21.693413 -157.671219
v -163.632507 -21.103281 -162.012070
v -163.585083 -21.960354 -154.863373
v -163.483032 -21.494047 -159.810959
v -163.474060 -21.833633 -156.339935
v -163.413544 -32.500000 -162.106491
v -163.413544 -29.500000 -162.106491
v -163.406067 -21.752504 -157.818039
v -163.383514 -29.500000 -157.514038
v -163.383514 -25.000000 -157.514038
v -163.198990 -21.837795 -157.138275
v -163.154495 -22.000000 -150.517639
v -163.063919 -20.604393 -165.379211
v -163.060104 -21.929346 -154.979996
v -162.997971 -21.899981 -156.535446
v -162.942932 -21.980461 -154.944016
v -162.901215 -20.000000 -168.543442
v -162.805130 -21.942896 -156.013931
v -162.761612 -22.000000 -153.845139
v -162.695282 -21.103281 -163.278412
v -162.622528 -21.970388 -155.578018
v -162.452225 -21.986307 -155.231949
v -162.442139 -21.494047 -161.086807
v -162.339920 -21.943586 -156.474442
v -162.319153 -21.774639 -158.814743
v -162.296310 -21.994505 -154.979996
v -162.286179 -20.604393 -166.668640
v -162.278046 -28.500000 -157.236420
v -162.278046 -26.000000 -157.236420
v -162.136642 -32.500000 -163.888397
v -162.136642 -29.500000 -163.888397
v -162.089706 -32.500000 -147.513046
v -162.089706 -25.000000 -147.513046
v -162.015976 -20.000000 -170.415314
v -161.867142 -29.500000 -159.234024
v -161.867142 -25.000000 -159.234024
v -161.818848 -21.103281 -164.587570
v -161.570145 -20.604393 -167.993301
v -161.462585 -21.494047 -162.410339
v -161.340286 -22.000000 -152.132156
v -161.259888 -20.000000 -172.342972
v -161.232544 -21.774639 -160.146606
v -161.148468 -22.000000 -155.469467
v -161.142883 -21.943586 -157.807938
v -161.005142 -21.103281 -165.936600
v -160.979019 -32.500000 -165.750000
v -160.979019 -29.500000 -165.750000
v -160.917389 -20.604393 -169.350296
v -160.775345 -28.500000 -158.990356
v -160.775345 -26.000000 -158.990356
v -160.636459 -20.000000 -174.317520
v -160.546555 -21.494047 -163.778610
v -160.461746 -29.500000 -161.045837
v -160.461746 -25.000000 -161.045837
v -160.329391 -20.604393 -170.736557
v -160.255997 -21.103281 -167.322540
v -160.209976 -21.774639 -161.528259
v -160.171860 -32.500000 -149.132507
v -160.171860 -25.000000 -149.132507
v -160.148544 -20.000000 -176.329849
v -160.010086 -21.943586 -159.196411
v -159.945633 -32.500000 -167.683334
v -159.945633 -29.500000 -167.683334
v -159.807449 -20.604393 -172.149017
v -159.798431 -20.000000 -178.370667
v -159.696106 -21.494047 -165.188583
v -159.632065 -22.000000 -157.184464
v -159.623032 -22.000000 -153.849411
v -159.587708 -20.000000 -180.430557
v -159.573059 -21.103281 -168.742264
v -159.517365 -20.000000 -182.500000
v -159.383484 -28.500000 -160.833481
v -159.383484 -26.000000 -160.833481
v -159.352722 -20.604393 -173.584534
v -159.253738 -21.774639 -162.956604
v -159.172897 -29.500000 -162.942322
v -159.172897 -25.000000 -162.942322
v -159.040909 -32.500000 -169.680099
v -159.040909 -29.500000 -169.680099
v -158.966217 -20.604393 -175.039902
v -158.957870 -21.103281 -170.192627
v -158.944061 -21.943586 -160.636795
v -158.913132 -21.494047 -166.637100
v -158.648819 -20.604393 -176.511887
v -158.411789 -21.103281 -171.670410
v -158.401215 -20.604393 -177.997208
v -158.365952 -21.774639 -164.428482
v -158.347839 -32.500000 -150.856964
v -158.347839 -25.000000 -150.856964
v -158.268707 -32.500000 -171.731781
v -158.268707 -29.500000 -171.731781
v -158.223953 -20.604393 -179.492554
v -158.217468 -22.000000 -158.984375
v -158.199356 -21.494047 -168.120941
v -158.117432 -20.604393 -180.994598
v -158.107727 -28.500000 -162.758789
v -158.107727 -26.000000 -162.758789
v -158.081909 -20.604393 -182.500000
v -158.008514 -22.000000 -155.663620
v -158.005676 -29.500000 -164.915985
v -158.005676 -25.000000 -164.915985
v -157.947174 -21.943586 -162.125854
v -157.936035 -21.103281 -173.172302
v -157.632355 -32.500000 -173.829559
v -157.632355 -29.500000 -173.829559
v -157.556381 -21.494047 -169.636810
v -157.548584 -21.774639 -165.940598
v -157.531677 -21.103281 -174.694962
v -157.199585 -21.103281 -176.235001
v -157.134567 -32.500000 -175.964478
v -157.134567 -29.500000 -175.964478
v -157.021637 -21.943586 -163.660294
v -156.985641 -21.494047 -171.181320
v -156.964691 -29.500000 -166.959061
v -156.964691 -25.000000 -166.959061
v -156.952911 -28.500000 -164.758987
v -156.952911 -26.000000 -164.758987
v -156.940536 -21.103281 -177.789001
v -156.909454 -22.000000 -160.863144
v -156.803482 -21.774639 -167.489594
v -156.777466 -32.500000 -178.127365
v -156.777466 -29.500000 -178.127365
v -156.755081 -21.103281 -179.353500
v -156.643646 -21.103281 -180.924988
v -156.623383 -32.500000 -152.680984
v -156.623383 -25.000000 -152.680984
v -156.606476 -21.103281 -182.500000
v -156.562607 -32.500000 -180.308990
v -156.562607 -29.500000 -180.308990
v -156.502228 -22.000000 -157.568634
v -156.490875 -32.500000 -182.500000
v -156.490875 -29.500000 -182.500000
v -156.488403 -21.494047 -172.751038
v -156.169540 -21.943586 -165.236694
v -156.132263 -21.774639 -169.072021
v -156.065765 -21.494047 -174.342468
v -156.054031 -29.500000 -169.063461
v -156.054031 -25.000000 -169.063461
v -155.923431 -28.500000 -166.826492
v -155.923431 -26.000000 -166.826492
v -155.718689 -21.494047 -175.952072
v -155.712387 -22.000000 -162.814484
v -155.536469 -21.774639 -170.684357
v -155.447937 -21.494047 -177.576248
v -155.392746 -21.943586 -166.851532
v -155.277313 -29.500000 -171.220886
v -155.277313 -25.000000 -171.220886
v -155.254105 -21.494047 -179.211395
v -155.137634 -21.494047 -180.853867
v -155.109253 -22.000000 -159.557999
v -155.098785 -21.494047 -182.500000
v -155.023163 -28.500000 -168.953430
v -155.023163 -26.000000 -168.953430
v -155.017395 -21.774639 -172.322998
v -155.003922 -32.500000 -154.598831
v -155.003922 -25.000000 -154.598831
v -154.693008 -21.943586 -168.501221
v -154.637589 -29.500000 -173.422821
v -154.637589 -25.000000 -173.422821
v -154.630295 -22.000000 -164.831848
v -154.576202 -21.774639 -173.984299
v -154.255554 -28.500000 -171.131775
v -154.255554 -26.000000 -171.131775
v -154.213898 -21.774639 -175.664566
v -154.137390 -29.500000 -175.660583
v -154.137390 -25.000000 -175.660583
v -154.071884 -21.943586 -170.182098
v -153.931244 -21.774639 -177.360062
v -153.834320 -22.000000 -161.625000
v -153.778687 -29.500000 -177.925339
v -153.778687 -25.000000 -177.925339
v -153.728912 -21.774639 -179.067001
v -153.666794 -22.000000 -166.908478
v -153.623489 -28.500000 -173.353241
v -153.623489 -26.000000 -173.353241
v -153.607330 -21.774639 -180.781586
v -153.566772 -21.774639 -182.500000
v -153.562897 -29.500000 -180.208145
v -153.562897 -25.000000 -180.208145
v -153.530746 -21.943586 -171.890396
v -153.494522 -32.500000 -156.604462
v -153.494522 -25.000000 -156.604462
v -153.490875 -29.500000 -182.500000
v -153.490875 -25.000000 -182.500000
v -153.129379 -28.500000 -175.609390
v -153.129379 -26.000000 -175.609390
v -153.070801 -21.943586 -173.622314
v -152.825134 -22.000000 -169.037399
v -152.775101 -28.500000 -177.891693
v -152.775101 -26.000000 -177.891693
v -152.693085 -21.943586 -175.374008
v -152.681717 -22.000000 -163.762634
v -152.561996 -28.500000 -180.191467
v -152.561996 -26.000000 -180.191467
v -152.490875 -28.500000 -182.500000
v -152.490875 -26.000000 -182.500000
v -152.398422 -21.943586 -177.141571
v -152.187485 -21.943586 -178.921066
v -152.108124 -22.000000 -171.211472
v -152.099960 -32.500000 -158.691559
v -152.099960 -25.000000 -158.691559
v -152.060730 -21.943586 -180.708542
v -152.018448 -21.943586 -182.500000
v -151.655350 -22.000000 -165.963669
v -151.518173 -22.000000 -173.423401
v -151.057251 -22.000000 -175.665787
v -150.824631 -32.500000 -160.853577
v -150.824631 -25.000000 -160.853577
v -150.758713 -22.000000 -168.220657
v -150.726913 -22.000000 -177.931076
v -150.528259 -22.000000 -180.211700
v -150.461975 -22.000000 -182.500000
v -150.315872 -27.250000 -182.500000
v -150.315872 -27.250000 -177.500000
v -150.315872 -27.250000 -172.500000
v -150.266464 -27.625288 -182.500000
v -150.266464 -27.625288 -177.500000
v -150.266464 -27.625288 -172.500000
v -150.266464 -26.874712 -182.500000
v -150.266464 -26.874712 -177.500000
v -150.266464 -26.874712 -172.500000
v -150.121613 -27.975000 -182.500000
v -150.121613 -27.975000 -177.500000
v -150.121613 -27.975000 -172.500000
v -150.121613 -26.525000 -182.500000
v -150.121613 -26.525000 -177.500000
v -150.121613 -26.525000 -172.500000
v -149.994812 -22.000000 -170.525970
v -149.891174 -28.275305 -182.500000
v -149.891174 -28.275305 -177.500000
v -149.891174 -28.275305 -172.500000
v -149.891174 -26.224695 -182.500000
v -149.891174 -26.224695 -177.500000
v -149.891174 -26.224695 -172.500000
v -149.672516 -32.500000 -163.083710
v -149.672516 -25.000000 -163.083710
v -149.590881 -28.505737 -182.500000
v -149.590881 -28.505737 -177.500000
v -149.590881 -28.505737 -172.500000
v -149.590881 -25.994263 -182.500000
v -149.590881 -25.994263 -177.500000
v -149.590881 -25.994263 -172.500000
v -149.366257 -22.000000 -172.871780
v -149.241165 -28.650593 -182.500000
v -149.241165 -28.650593 -177.500000
v -149.241165 -28.650593 -172.500000
v -149.241165 -25.849407 -182.500000
v -149.241165 -25.849407 -177.500000
v -149.241165 -25.849407 -172.500000
v -148.875153 -22.000000 -175.250183
v -148.865875 -28.700001 -182.500000
v -148.865875 -28.700001 -177.500000
v -148.865875 -28.700001 -172.500000
v -148.865875 -25.799999 -182.500000
v -148.865875 -25.799999 -177.500000
v -148.865875 -25.799999 -172.500000
v -148.647263 -32.500000 -165.374924
v -148.647263 -25.000000 -165.374924
v -148.523178 -22.000000 -177.653122
v -148.490585 -28.650593 -182.500000
v -148.490585 -28.650593 -177.500000
v -148.490585 -28.650593 -172.500000
v -148.490585 -25.849407 -182.500000
v -148.490585 -25.849407 -177.500000
v -148.490585 -25.849407 -172.500000
v -148.311508 -22.000000 -180.072449
v -148.240875 -22.000000 -182.500000
v -148.140869 -28.505737 -182.500000
v -148.140869 -28.505737 -177.500000
v -148.140869 -28.505737 -172.500000
v -148.140869 -25.994263 -182.500000
v -148.140869 -25.994263 -177.500000
v -148.140869 -25.994263 -172.500000
v -147.840576 -28.275305 -182.500000
v -147.840576 -28.275305 -177.500000
v -147.840576 -28.275305 -172.500000
v -147.840576 -26.224695 -182.500000
v -147.840576 -26.224695 -177.500000
v -147.840576 -26.224695 -172.500000
v -147.752090 -32.500000 -167.720016
v -147.752090 -25.000000 -167.720016
v -147.610138 -27.975000 -182.500000
v -147.610138 -27.975000 -177.500000
v -147.610138 -27.975000 -172.500000
v -147.610138 -26.525000 -182.500000
v -147.610138 -26.525000 -177.500000
v -147.610138 -26.525000 -172.500000
v -147.465286 -27.625288 -182.500000
v -147.465286 -27.625288 -177.500000
v -147.465286 -27.625288 -172.500000
v -147.465286 -26.874712 -182.500000
v -147.465286 -26.874712 -177.500000
v -147.465286 -26.874712 -172.500000
v -147.415878 -27.250000 -182.500000
v -147.415878 -27.250000 -177.500000
v -147.415878 -27.250000 -172.500000
v -146.989822 -32.500000 -170.111618
v -146.989822 -25.000000 -170.111618
v -146.362854 -32.500000 -172.542191
v -146.362854 -25.000000 -172.542191
v -145.873138 -32.500000 -175.004089
v -145.873138 -25.000000 -175.004089
v -145.522247 -32.500000 -177.489594
v -145.522247 -25.000000 -177.489594
v -145.311279 -32.500000 -179.990845
v -145.311279 -25.000000 -179.990845
v -145.240875 -32.500000 -182.500000
v -145.240875 -25.000000 -182.500000
vn 0.991445 0.130527 0.000000
vn 0.991445 0.130527 -0.000000
vn 0.991445 -0.130527 0.000000
vn 0.991445 -0.130527 0.000000
vn 0.923883 -0.382675 0.000000
vn 0.923883 -0.382675 0.000000
vn 0.793345 -0.608772 0.000000
vn 0.793345 -0.608772 0.000000
vn 0.608777 -0.793341 0.000000
vn 0.608777 -0.793341 0.000000
vn 0.382680 -0.923881 0.000000
vn 0.382680 -0.923881 0.000000
vn 0.130526 -0.991445 0.000000
vn 0.130526 -0.991445 0.000000
vn -0.130526 -0.991445 0.000000
vn -0.130526 -0.991445 0.000000
vn -0.382680 -0.923881 0.000000
vn -0.382680 -0.923881 0.000000
vn -0.608777 -0.793341 0.000000
vn -0.608777 -0.793341 0.000000
vn -0.793345 -0.608772 0.000000
vn -0.793345 -0.608772 0.000000
vn -0.923883 -0.382675 0.000000
vn -0.923883 -0.382675 0.000000
vn -0.991445 -0.130527 0.000000
vn -0.991445 -0.130527 0.000000
vn -0.991445 0.130527 0.000000
vn -0.991445 0.130527 0.000000
vn -0.923883 0.382675 0.000000
vn -0.923883 0.382675 0.000000
vn -0.793345 0.608772 0.000000
vn -0.793345 0.608772 0.000000
vn -0.608777 0.793341 0.000000
vn -0.608777 0.793341 0.000000
vn -0.382680 0.923881 0.000000
vn -0.382680 0.923881 0.000000
vn -0.130526 0.991445 0.000000
vn -0.130526 0.991445 0.000000
vn 0.130526 0.991445 0.000000
vn 0.130526 0.991445 -0.000000
vn 0.382680 0.923881 0.000000
vn 0.382680 0.923881 -0.000000
vn 0.608777 0.793341 0.000000
vn 0.608777 0.793341 -0.000000
vn 0.793345 0.608772 0.000000
vn 0.793345 0.608772 -0.000000
vn 0.923883 0.382675 0.000000
vn 0.923883 0.382675 -0.000000
vn 0.991445 -0.130527 0.000000
vn 0.991445 -0.130527 0.000000
vn 0.991445 0.130527 0.000000
vn 0.991445 0.130527 0.000000
vn 0.923883 0.382675 0.000000
vn 0.923883 0.382675 0.000000
vn 0.793345 0.608772 0.000000
vn 0.793345 0.608772 0.000000
vn 0.608777 0.793341 0.000000
vn 0.608777 0.793341 0.000000
vn 0.382680 0.923881 0.000000
vn 0.382680 0.923881 0.000000
vn 0.130526 0.991445 0.000000
vn 0.130526 0.991445 0.000000
vn -0.130526 0.991445 0.000000
vn -0.130526 0.991445 0.000000
vn -0.382680 0.923881 0.000000
vn -0.382680 0.923881 0.000000
vn -0.608777 0.793341 0.000000
vn -0.608777 0.793341 0.000000
vn -0.793345 0.608772 0.000000
vn -0.793345 0.608772 0.000000
vn -0.923883 0.382675 0.000000
vn -0.923883 0.382675 0.000000
vn -0.991445 0.130527 0.000000
vn -0.991445 0.130527 0.000000
vn -0.991445 -0.130527 0.000000
vn -0.991445 -0.130527 -0.000000
vn -0.923883 -0.382675 0.000000
vn -0.923883 -0.382675 -0.000000
vn -0.793345 -0.608772 0.000000
vn -0.793345 -0.608772 -0.000000
vn -0.608777 -0.793341 0.000000
vn -0.608777 -0.793341 -0.000000
vn -0.382680 -0.923881 0.000000
vn -0.382680 -0.923881 -0.000000
vn -0.130526 -0.991445 0.000000
vn -0.130526 -0.991445 -0.000000
vn 0.130526 -0.991445 0.000000
vn 0.130526 -0.991445 0.000000
vn 0.382680 -0.923881 0.000000
vn 0.382680 -0.923881 0.000000
vn 0.608777 -0.793341 0.000000
vn 0.608777 -0.793341 0.000000
vn 0.793345 -0.608772 0.000000
vn 0.793345 -0.608772 0.000000
vn 0.923883 -0.382675 0.000000
vn 0.923883 -0.382675 0.000000
vn 0.991445 0.130527 0.000000
vn 0.991445 0.130527 -0.000000
vn 0.991445 -0.130527 0.000000
vn 0.991445 -0.130527 0.000000
vn 0.923883 -0.382675 0.000000
vn 0.923883 -0.382675 0.000000
vn 0.793345 -0.608772 0.000000
vn 0.793345 -0.608772 0.000000
vn 0.608777 -0.793341 0.000000
vn 0.608777 -0.793341 0.000000
vn 0.382680 -0.923881 0.000000
vn 0.382680 -0.923881 0.000000
vn 0.130526 -0.991445 0.000000
vn 0.130526 -0.991445 0.000000
vn -0.130526 -0.991445 0.000000
vn -0.130526 -0.991445 0.000000
vn -0.382680 -0.923881 0.000000
vn -0.382680 -0.923881 0.000000
vn -0.608777 -0.793341 0.000000
vn -0.608777 -0.793341 0.000000
vn -0.793345 -0.608772 0.000000
vn -0.793345 -0.608772 0.000000
vn -0.923883 -0.382675 0.000000
vn -0.923883 -0.382675 0.000000
vn -0.991445 -0.130527 0.000000
vn -0.991445 -0.130527 0.000000
vn -0.991445 0.130527 0.000000
vn -0.991445 0.130527 0.000000
vn -0.923883 0.382675 0.000000
vn -0.923883 0.382675 0.000000
vn -0.793345 0.608772 0.000000
vn -0.793345 0.608772 0.000000
vn -0.608777 0.793341 0.000000
vn -0.608777 0.793341 0.000000
vn -0.382680 0.923881 0.000000
vn -0.382680 0.923881 0.000000
vn -0.130526 0.991445 0.000000
vn -0.130526 0.991445 0.000000
vn 0.130526 0.991445 0.000000
vn 0.130526 0.991445 -0.000000
vn 0.382680 0.923881 0.000000
vn 0.382680 0.923881 -0.000000
vn 0.608777 0.793341 0.000000
vn 0.608777 0.793341 -0.000000
vn 0.793345 0.608772 0.000000
vn 0.793345 0.608772 -0.000000
vn 0.923883 0.382675 0.000000
vn 0.923883 0.382675 -0.000000
vn 0.991445 -0.130527 0.000000
vn 0.991445 -0.130527 0.000000
vn 0.991445 0.130527 0.000000
vn 0.991445 0.130527 0.000000
vn 0.923883 0.382675 0.000000
vn 0.923883 0.382675 0.000000
vn 0.793345 0.608772 0.000000
vn 0.793345 0.608772 0.000000
vn 0.608777 0.793341 0.000000
vn 0.608777 0.793341 0.000000
vn 0.382680 0.923881 0.000000
vn 0.382680 0.923881 0.000000
vn 0.130526 0.991445 0.000000
vn 0.130526 0.991445 0.000000
vn -0.130526 0.991445 0.000000
vn -0.130526 0.991445 0.000000
vn -0.382680 0.923881 0.000000
vn -0.382680 0.923881 0.000000
vn -0.608777 0.793341 0.000000
vn -0.608777 0.793341 0.000000
vn -0.793345 0.608772 0.000000
vn -0.793345 0.608772 0.000000
vn -0.923883 0.382675 0.000000
vn -0.923883 0.382675 0.000000
vn -0.991445 0.130527 0.000000
vn -0.991445 0.130527 0.000000
vn -0.991445 -0.130527 0.000000
vn -0.991445 -0.130527 -0.000000
vn -0.923883 -0.382675 0.000000
vn -0.923883 -0.382675 -0.000000
vn -0.793345 -0.608772 0.000000
vn -0.793345 -0.608772 -0.000000
vn -0.608777 -0.793341 0.000000
vn -0.608777 -0.793341 -0.000000
vn -0.382680 -0.923881 0.000000
vn -0.382680 -0.923881 -0.000000
vn -0.130526 -0.991445 0.000000
vn -0.130526 -0.991445 -0.000000
vn 0.130526 -0.991445 0.000000
vn 0.130526 -0.991445 0.000000
vn 0.382680 -0.923881 0.000000
vn 0.382680 -0.923881 0.000000
vn 0.608777 -0.793341 0.000000
vn 0.608777 -0.793341 0.000000
vn 0.793345 -0.608772 0.000000
vn 0.793345 -0.608772 0.000000
vn 0.923883 -0.382675 0.000000
vn 0.923883 -0.382675 0.000000
vn 0.991440 0.000000 -0.130560
vn 0.991440 0.000000 -0.130560
vn 0.991440 0.000000 0.130560
vn 0.991440 -0.000000 0.130560
vn 0.923888 0.000000 0.382664
vn 0.923888 -0.000000 0.382664
vn 0.793368 0.000000 0.608743
vn 0.793368 -0.000000 0.608743
vn 0.608743 0.000000 0.793368
vn 0.608743 -0.000000 0.793368
vn 0.382638 0.000000 0.923898
vn 0.382638 -0.000000 0.923898
vn 0.130570 0.000000 0.991439
vn 0.130570 -0.000000 0.991439
vn -0.130560 0.000000 0.991440
vn -0.130560 0.000000 0.991440
vn -0.382664 0.000000 0.923888
vn -0.382664 0.000000 0.923888
vn -0.608743 0.000000 0.793368
vn -0.608743 0.000000 0.793368
vn -0.793368 0.000000 0.608743
vn -0.793368 0.000000 0.608743
vn -0.923888 0.000000 0.382664
vn -0.923888 0.000000 0.382664
vn -0.991440 0.000000 0.130560
vn -0.991440 0.000000 0.130560
vn -0.991440 0.000000 -0.130560
vn -0.991440 0.000000 -0.130560
vn -0.923888 0.000000 -0.382664
vn -0.923888 0.000000 -0.382664
vn -0.793368 0.000000 -0.608743
vn -0.793368 0.000000 -0.608743
vn -0.608743 0.000000 -0.793368
vn -0.608743 0.000000 -0.793368
vn -0.382664 0.000000 -0.923888
vn -0.382664 0.000000 -0.923888
vn -0.130560 0.000000 -0.991440
vn -0.130560 0.000000 -0.991440
vn 0.130570 0.000000 -0.991439
vn 0.130570 0.000000 -0.991439
vn 0.382638 0.000000 -0.923898
vn 0.382638 0.000000 -0.923898
vn 0.608743 0.000000 -0.793368
vn 0.608743 0.000000 -0.793368
vn 0.793368 0.000000 -0.608743
vn 0.793368 0.000000 -0.608743
vn 0.923888 0.000000 -0.382664
vn 0.923888 0.000000 -0.382664
vn 0.000000 -1.000000 0.000000
vn -0.000000 -1.000000 0.000000
vn 0.000000 -1.000000 -0.000000
vn -0.000000 -1.000000 -0.000000
vn 0.000000 -1.000000 -0.000000
vn -0.000000 -1.000000 -0.000000
vn 0.000000 -1.000000 -0.000000
vn -0.000000 -1.000000 -0.000000
vn 0.000000 -1.000000 -0.000000
vn -0.000000 -1.000000 -0.000000
vn 0.000000 -1.000000 -0.000000
vn -0.000000 -1.000000 -0.000000
vn 0.000000 -1.000000 -0.000000
vn 0.000000 -1.000000 0.000000
vn 0.000000 -1.000000 0.000000
vn 0.000000 -1.000000 0.000000
vn 0.000000 -1.000000 0.000000
vn 0.000000 -1.000000 0.000000
vn 0.000000 -1.000000 0.000000
vn 0.000000 -1.000000 0.000000
vn 0.000000 -1.000000 0.000000
vn 0.000000 -1.000000 0.000000
vn 0.000000 -0.996904 0.078632
vn 0.000255 -0.996410 0.084653
vn 0.000020 -0.984439 0.175729
vn 0.000782 -0.967925 0.251239
vn 0.000568 -0.966866 0.255285
vn -0.000195 -0.937611 0.347685
vn -0.005754 -0.923774 0.382896
vn 0.000947 -0.905163 0.425063
vn -0.000527 -0.861223 0.508227
vn 0.001589 -0.815869 0.578234
vn 0.000891 -0.807420 0.589976
vn -0.000663 -0.749346 0.662178
vn -0.005853 -0.733661 0.679490
vn 0.000879 -0.679899 0.733305
vn -0.000870 -0.609562 0.792738
vn 0.000375 -0.582743 0.812656
vn -0.000373 -0.496967 0.867769
vn 0.001226 -0.907565 0.419910
vn 0.001854 -0.694506 0.719485
vn -0.002063 -0.471386 0.881925
vn 0.000703 -0.398204 0.917297
vn -0.001487 -0.290194 0.956967
vn -0.001480 -0.290282 0.956940
vn 0.000893 -0.177340 0.984149
vn -0.001928 -0.106307 0.994331
vn 0.000000 -0.060985 0.998139
vn 0.000000 -0.060985 0.998139
vn 0.001529 -0.116399 0.993201
vn 0.000000 -0.098023 0.995184
vn 0.000000 -0.290282 0.956941
vn -0.000893 -0.177340 0.984149
vn 0.001480 -0.290282 0.956940
vn 0.000000 -0.290282 0.956941
vn 0.000000 -0.471387 0.881927
vn 0.001487 -0.290194 0.956967
vn -0.000703 -0.398204 0.917297
vn 0.002063 -0.471386 0.881925
vn 0.000373 -0.496967 0.867769
vn -0.000375 -0.582743 0.812656
vn -0.001854 -0.694506 0.719485
vn -0.000816 -0.678951 0.734183
vn 0.000844 -0.609005 0.793166
vn 0.000000 -0.612641 0.790361
vn 0.000000 -0.471387 0.881927
vn -0.001589 -0.815869 0.578234
vn -0.000833 -0.806717 0.590937
vn 0.000644 -0.748950 0.662626
vn 0.004789 -0.733471 0.679704
vn -0.001226 -0.907565 0.419910
vn -0.000891 -0.904678 0.426096
vn 0.000514 -0.860950 0.508689
vn 0.005636 -0.845279 0.534295
vn -0.000782 -0.967925 0.251239
vn -0.000542 -0.966736 0.255776
vn 0.000189 -0.937508 0.347962
vn 0.004590 -0.923729 0.383020
vn 0.000000 -0.996435 0.084361
vn -0.000260 -0.996901 0.078664
vn -0.000019 -0.984449 0.175670
vn 0.003534 -0.972338 0.233551
vn 0.000000 -0.612641 0.790361
vn -0.006991 -0.845397 0.534092
vn -0.004470 -0.972361 0.233441
vn -0.992579 -0.000009 -0.121598
vn -0.992576 0.000025 -0.121623
vn -0.992578 0.000010 -0.121607
vn -0.992581 -0.000000 -0.121587
vn -0.992579 -0.000006 -0.121599
vn -0.992580 0.000006 -0.121597
vn -0.992579 -0.000002 -0.121600
vn -0.992579 0.000000 -0.121599
vn -0.992579 0.000000 -0.121599
vn -0.985180 0.000000 -0.171524
vn -0.977265 0.018241 -0.211234
vn -0.962846 -0.009678 -0.269877
vn -0.930514 0.024871 -0.365411
vn 0.000000 -1.000000 0.000000
vn 0.000000 -1.000000 0.000000
vn 0.000000 -1.000000 0.000000
vn 0.000000 -1.000000 0.000000
vn 0.000000 -1.000000 -0.000000
vn -0.000000 -1.000000 0.000000
vn -0.000000 -1.000000 0.000000
vn 0.000000 -1.000000 0.000000
vn -0.000000 -1.000000 0.000000
vn 0.000000 -1.000000 -0.000000
vn -0.000000 -1.000000 -0.000000
vn 0.000000 -1.000000 -0.000000
vn -0.000000 -1.000000 -0.000000
vn 0.000000 -1.000000 -0.000000
vn -0.000000 -1.000000 -0.000000
vn 0.000000 -1.000000 0.000000
vn 0.000000 -1.000000 0.000000
vn 0.000000 -1.000000 0.000000
vn 0.000000 -1.000000 0.000000
vn 0.000000 -1.000000 0.000000
vn 0.000000 -1.000000 0.000000
vn 0.000000 -1.000000 0.000000
vn 0.000000 -1.000000 0.000000
vn 0.000000 -1.000000 0.000000
vn 0.000000 -1.000000 0.000000
vn 0.000000 -1.000000 0.000000
vn 0.000000 -1.000000 0.000000
vn 0.000000 -1.000000 0.000000
vn 0.000000 -1.000000 0.000000
vn 0.000000 -1.000000 0.000000
vn 0.000000 -1.000000 0.000000
vn 0.000000 -1.000000 0.000000
vn 0.000000 -1.000000 -0.000000
vn 0.000000 -1.000000 -0.000000
vn 0.000000 -1.000000 0.000000
vn 0.000000 -1.000000 -0.000000
vn 0.000000 -1.000000 0.000000
vn 0.000000 -1.000000 0.000000
vn 0.000000 -1.000000 0.000000
vn 0.000000 -1.000000 0.000000
vn 0.000000 -1.000000 0.000000
vn 0.000000 -1.000000 0.000000
vn 0.000000 -1.000000 0.000000
vn 0.000000 -1.000000 0.000000
vn 0.000000 -1.000000 0.000000
vn 0.000000 -1.000000 0.000000
vn 0.000000 -1.000000 0.000000
vn 0.000000 -1.000000 0.000000
vn 0.000000 -1.000000 0.000000
vn 0.000000 -1.000000 0.000000
vn 0.000000 -1.000000 -0.000000
vn 0.000000 -1.000000 -0.000000
vn 0.000000 -1.000000 0.000000
vn 0.000000 -1.000000 0.000000
vn 0.000000 -1.000000 0.000000
vn 0.000000 -1.000000 0.000000
vn 0.000000 -1.000000 0.000000
vn 0.000000 -1.000000 0.000000
vn 0.000000 -1.000000 0.000000
vn 0.000000 -1.000000 0.000000
vn 0.000000 -1.000000 0.000000
vn 0.000000 -1.000000 0.000000
vn -0.000000 -1.000000 -0.000000
vn -0.000000 -1.000000 -0.000000
vn 0.000000 -1.000000 0.000000
vn -0.000000 -1.000000 -0.000000
vn 0.930514 0.024871 -0.365411
vn 0.962846 -0.009678 -0.269877
vn 0.977265 0.018241 -0.211234
vn 0.985180 0.000000 -0.171524
vn 0.992581 0.000000 -0.121587
vn 0.992578 0.000010 -0.121607
vn 0.992581 -0.000007 -0.121589
vn 0.992579 0.000006 -0.121598
vn 0.992579 0.000009 -0.121599
vn 0.992579 -0.000005 -0.121601
vn 0.992579 -0.000002 -0.121600
vn 0.992579 0.000000 -0.121599
vn 0.992579 0.000000 -0.121599
vn -0.002630 0.001263 -0.999996
vn -0.092853 0.043965 -0.994709
vn -0.118874 0.050064 -0.991646
vn -0.265551 0.126114 -0.955813
vn -0.349973 0.155074 -0.923835
vn -0.429000 0.201751 -0.880486
vn -0.554760 0.251197 -0.793184
vn -0.577433 0.266930 -0.771570
vn -0.702767 0.324466 -0.633119
vn -0.722314 0.328623 -0.608498
vn -0.799906 0.372612 -0.470437
vn -0.841410 0.381756 -0.382482
vn -0.867734 0.403847 -0.289732
vn -0.895244 0.410405 -0.173512
vn -0.898006 0.428974 -0.097803
vn -0.117758 0.048589 -0.991853
vn -0.129107 0.046981 -0.990517
vn -0.359896 0.130964 -0.923755
vn -0.123316 0.042913 -0.991439
vn -0.359889 0.130960 -0.923759
vn -0.572382 0.208284 -0.793093
vn -0.572387 0.208287 -0.793089
vn -0.745775 0.271381 -0.608417
vn -0.745788 0.271391 -0.608397
vn -0.868307 0.315975 -0.382363
vn -0.868300 0.315968 -0.382385
vn -0.923969 0.336226 -0.182299
vn -0.919731 0.378141 -0.105379
vn -0.936513 0.325451 -0.130482
vn -0.044438 -0.119984 -0.991781
vn -0.044125 -0.123393 -0.991376
vn -0.129304 -0.361591 -0.923327
vn -0.129300 -0.361587 -0.923329
vn -0.205503 -0.574688 -0.792150
vn -0.205507 -0.574691 -0.792147
vn -0.267536 -0.748153 -0.607200
vn -0.267531 -0.748150 -0.607206
vn -0.311265 -0.870450 -0.381354
vn -0.311265 -0.870450 -0.381353
vn -0.333854 -0.933618 -0.129997
vn -0.333853 -0.933618 -0.129997
vn -0.496016 -0.858528 -0.129994
vn -0.496010 -0.858529 -0.130009
vn -0.642061 -0.755550 -0.130010
vn -0.642070 -0.755546 -0.129985
vn -0.767258 -0.628029 -0.129981
vn -0.767257 -0.628029 -0.129984
vn -0.867531 -0.480099 -0.129982
vn -0.867514 -0.480113 -0.130038
vn -0.939602 -0.316603 -0.130041
vn -0.939609 -0.316594 -0.130013
vn -0.981177 -0.142788 -0.130013
vn -0.981177 -0.142789 -0.130016
vn -0.990871 0.035644 -0.130016
vn -0.990875 0.035655 -0.129985
vn -0.968382 0.212933 -0.129985
vn -0.968381 0.212924 -0.130009
vn -0.902872 0.198528 -0.381325
vn -0.902863 0.198515 -0.381353
vn -0.923832 0.033232 -0.381353
vn -0.923840 0.033241 -0.381332
vn -0.914802 -0.133128 -0.381333
vn -0.914780 -0.133144 -0.381379
vn -0.876025 -0.295180 -0.381377
vn -0.876055 -0.295166 -0.381319
vn -0.808844 -0.447621 -0.381323
vn -0.808811 -0.447630 -0.381383
vn -0.715336 -0.585529 -0.381379
vn -0.715350 -0.585528 -0.381356
vn -0.598620 -0.704430 -0.381356
vn -0.598616 -0.704430 -0.381361
vn -0.462455 -0.800438 -0.381359
vn -0.462458 -0.800439 -0.381352
vn -0.776014 0.170624 -0.607198
vn -0.776016 0.170626 -0.607195
vn -0.794039 0.028571 -0.607195
vn -0.794025 0.028561 -0.607214
vn -0.786254 -0.114437 -0.607213
vn -0.786274 -0.114429 -0.607189
vn -0.752967 -0.253694 -0.607190
vn -0.752957 -0.253697 -0.607202
vn -0.695182 -0.384743 -0.607202
vn -0.695184 -0.384743 -0.607200
vn -0.614845 -0.503263 -0.607200
vn -0.614847 -0.503263 -0.607197
vn -0.514515 -0.605463 -0.607198
vn -0.514507 -0.605460 -0.607207
vn -0.397482 -0.687976 -0.607205
vn -0.397477 -0.687973 -0.607210
vn -0.596080 0.131063 -0.792156
vn -0.596088 0.131069 -0.792149
vn -0.609933 0.021939 -0.792149
vn -0.609931 0.021938 -0.792150
vn -0.603964 -0.087897 -0.792150
vn -0.603954 -0.087900 -0.792157
vn -0.578371 -0.194873 -0.792157
vn -0.578368 -0.194873 -0.792158
vn -0.533991 -0.295533 -0.792158
vn -0.534004 -0.295533 -0.792149
vn -0.472290 -0.386577 -0.792149
vn -0.472279 -0.386575 -0.792157
vn -0.395213 -0.465077 -0.792155
vn -0.395230 -0.465084 -0.792143
vn -0.305326 -0.528473 -0.792144
vn -0.305324 -0.528471 -0.792146
vn -0.375065 0.082470 -0.923323
vn -0.375061 0.082467 -0.923325
vn -0.383772 0.013804 -0.923325
vn -0.383759 0.013797 -0.923330
vn -0.380005 -0.055306 -0.923330
vn -0.380021 -0.055301 -0.923323
vn -0.363920 -0.122618 -0.923324
vn -0.363907 -0.122619 -0.923329
vn -0.335989 -0.185946 -0.923329
vn -0.336001 -0.185947 -0.923324
vn -0.297165 -0.243238 -0.923325
vn -0.297158 -0.243237 -0.923327
vn -0.248672 -0.292624 -0.923327
vn -0.248676 -0.292625 -0.923326
vn -0.192107 -0.332510 -0.923326
vn -0.192101 -0.332506 -0.923329
vn -0.127985 0.028141 -0.991377
vn -0.125263 0.026064 -0.991781
vn -0.133678 0.004806 -0.991013
vn -0.125628 0.000268 -0.992077
vn -0.134373 -0.019554 -0.990738
vn -0.121622 -0.024771 -0.992267
vn -0.129851 -0.043753 -0.990568
vn -0.113452 -0.048496 -0.992359
vn -0.120256 -0.066551 -0.990510
vn -0.101337 -0.070376 -0.992360
vn -0.106027 -0.086788 -0.990569
vn -0.085576 -0.089897 -0.992268
vn -0.087926 -0.103466 -0.990739
vn -0.066487 -0.106583 -0.992078
vn -0.066917 -0.115826 -0.991013
vn -0.131106 -0.030210 -0.990908
vn -0.128044 -0.027599 -0.991384
vn -0.375249 -0.080883 -0.923388
vn -0.375257 -0.080880 -0.923385
vn -0.596460 -0.128556 -0.792281
vn -0.596436 -0.128568 -0.792297
vn -0.776570 -0.167398 -0.607385
vn -0.776579 -0.167391 -0.607375
vn -0.903617 -0.194774 -0.381497
vn -0.903636 -0.194750 -0.381462
vn -0.969252 -0.208891 -0.130061
vn -0.955121 -0.240118 -0.173458
vn -0.922769 -0.371107 -0.103814
vn -0.870174 -0.457870 -0.182077
vn -0.845866 -0.521379 -0.112585
vn -0.741009 -0.653122 -0.156004
vn -0.741004 -0.653132 -0.155987
vn -0.623489 -0.773684 -0.112579
vn -0.580016 -0.719738 -0.381523
vn -0.449838 -0.807521 -0.381518
vn -0.386598 -0.693995 -0.607382
vn -0.263587 -0.749408 -0.607379
vn -0.202449 -0.575585 -0.792285
vn -0.563520 -0.805784 -0.182092
vn -0.484028 -0.868873 -0.103812
vn -0.449851 -0.807520 -0.381504
vn -0.306710 -0.872000 -0.381504
vn -0.263591 -0.749410 -0.607375
vn -0.358180 -0.917403 -0.173433
vn -0.328987 -0.935336 -0.130055
vn -0.306710 -0.872000 -0.381503
vn -0.202455 -0.575590 -0.792281
vn -0.127370 -0.362118 -0.923389
vn -0.127366 -0.362115 -0.923391
vn -0.043461 -0.123565 -0.991384
vn -0.046435 -0.126274 -0.990908
vn -0.062315 -0.111862 -0.991768
vn -0.071647 -0.116655 -0.990585
vn -0.079282 -0.098379 -0.991986
vn -0.094051 -0.101131 -0.990418
vn -0.094363 -0.083171 -0.992058
vn -0.112141 -0.080606 -0.990418
vn -0.107557 -0.066301 -0.991986
vn -0.124734 -0.056430 -0.990584
vn -0.118805 -0.047772 -0.991768
vn -0.857638 -0.344879 -0.381465
vn -0.857610 -0.344903 -0.381507
vn -0.786901 -0.485016 -0.381506
vn -0.786886 -0.485025 -0.381526
vn -0.693447 -0.611205 -0.381523
vn -0.693439 -0.611208 -0.381533
vn -0.580011 -0.719739 -0.381528
vn -0.737054 -0.296390 -0.607375
vn -0.737055 -0.296389 -0.607374
vn -0.676264 -0.416850 -0.607374
vn -0.676293 -0.416841 -0.607348
vn -0.595987 -0.525284 -0.607352
vn -0.595968 -0.525286 -0.607369
vn -0.498483 -0.618560 -0.607370
vn -0.498474 -0.618560 -0.607377
vn -0.386604 -0.693997 -0.607376
vn -0.356158 -0.143213 -0.923386
vn -0.566082 -0.227636 -0.792296
vn -0.566080 -0.227636 -0.792298
vn -0.519388 -0.320160 -0.792296
vn -0.519399 -0.320159 -0.792290
vn -0.457726 -0.403441 -0.792289
vn -0.457746 -0.403442 -0.792277
vn -0.382863 -0.475090 -0.792279
vn -0.382864 -0.475090 -0.792278
vn -0.296934 -0.533032 -0.792280
vn -0.296936 -0.533033 -0.792279
vn -0.326767 -0.201429 -0.923390
vn -0.356146 -0.143215 -0.923390
vn -0.326774 -0.201429 -0.923388
vn -0.287975 -0.253821 -0.923388
vn -0.287973 -0.253821 -0.923389
vn -0.240870 -0.298889 -0.923389
vn -0.240866 -0.298888 -0.923390
vn -0.186809 -0.335340 -0.923390
vn -0.186806 -0.335339 -0.923391
vn 0.127314 -0.023535 -0.991583
vn 0.128574 -0.023494 -0.991422
vn 0.376910 -0.068872 -0.923686
vn 0.376917 -0.068875 -0.923683
vn 0.599393 -0.109529 -0.792926
vn 0.599373 -0.109520 -0.792942
vn 0.780837 -0.142677 -0.608225
vn 0.780860 -0.142690 -0.608192
vn 0.909023 -0.166110 -0.382211
vn 0.909009 -0.166099 -0.382249
vn 0.975321 -0.178216 -0.130341
vn 0.975321 -0.178217 -0.130336
vn 0.950728 -0.281297 -0.130336
vn 0.950726 -0.281288 -0.130375
vn 0.915276 -0.381146 -0.130374
vn 0.915279 -0.381162 -0.130307
vn 0.869374 -0.476663 -0.130309
vn 0.869374 -0.476654 -0.130347
vn 0.813541 -0.566711 -0.130347
vn 0.813540 -0.566718 -0.130319
vn 0.748406 -0.650311 -0.130320
vn 0.748407 -0.650305 -0.130345
vn 0.674735 -0.726459 -0.130345
vn 0.674735 -0.726460 -0.130341
vn 0.593342 -0.794328 -0.130341
vn 0.593343 -0.794326 -0.130348
vn 0.505186 -0.853110 -0.130347
vn 0.505185 -0.853114 -0.130329
vn 0.411252 -0.902156 -0.130332
vn 0.411252 -0.902156 -0.130333
vn 0.312621 -0.940894 -0.130335
vn 0.312622 -0.940892 -0.130344
vn 0.210418 -0.968883 -0.130343
vn 0.210419 -0.968883 -0.130348
vn 0.105814 -0.985806 -0.130346
vn 0.105813 -0.985807 -0.130339
vn -0.000000 -0.991469 -0.130341
vn -0.000000 -0.991469 -0.130341
vn -0.105814 -0.985807 -0.130339
vn -0.105813 -0.985806 -0.130346
vn -0.210418 -0.968883 -0.130348
vn -0.210419 -0.968883 -0.130343
vn -0.312620 -0.940893 -0.130344
vn -0.312622 -0.940893 -0.130335
vn -0.411252 -0.902156 -0.130333
vn -0.411252 -0.902156 -0.130332
vn -0.505188 -0.853112 -0.130329
vn -0.505183 -0.853112 -0.130347
vn -0.593341 -0.794327 -0.130348
vn -0.593343 -0.794327 -0.130341
vn -0.674736 -0.726459 -0.130341
vn -0.674735 -0.726459 -0.130345
vn -0.748404 -0.650309 -0.130345
vn -0.748410 -0.650307 -0.130320
vn -0.813544 -0.566713 -0.130319
vn -0.813537 -0.566716 -0.130347
vn -0.869370 -0.476661 -0.130347
vn -0.869378 -0.476656 -0.130309
vn -0.915284 -0.381149 -0.130307
vn -0.915271 -0.381158 -0.130373
vn -0.950723 -0.281296 -0.130375
vn -0.950731 -0.281290 -0.130336
vn -0.975321 -0.178216 -0.130336
vn -0.975320 -0.178217 -0.130341
vn -0.909024 -0.166102 -0.382211
vn -0.909007 -0.166107 -0.382250
vn -0.886088 -0.262172 -0.382248
vn -0.886098 -0.262170 -0.382226
vn -0.853059 -0.355237 -0.382226
vn -0.853059 -0.355237 -0.382225
vn -0.810271 -0.444258 -0.382225
vn -0.810283 -0.444258 -0.382199
vn -0.758245 -0.528192 -0.382200
vn -0.758227 -0.528190 -0.382240
vn -0.697524 -0.606098 -0.382238
vn -0.697543 -0.606102 -0.382196
vn -0.628875 -0.677083 -0.382198
vn -0.628864 -0.677079 -0.382224
vn -0.553007 -0.740330 -0.382223
vn -0.553012 -0.740332 -0.382211
vn -0.470847 -0.795121 -0.382212
vn -0.470847 -0.795121 -0.382212
vn -0.383297 -0.840831 -0.382213
vn -0.383290 -0.840826 -0.382231
vn -0.291368 -0.876930 -0.382228
vn -0.291368 -0.876930 -0.382228
vn -0.196114 -0.903019 -0.382225
vn -0.196115 -0.903021 -0.382219
vn -0.098621 -0.918795 -0.382217
vn -0.098621 -0.918794 -0.382220
vn 0.000000 -0.924072 -0.382219
vn 0.000000 -0.924072 -0.382219
vn 0.098621 -0.918794 -0.382220
vn 0.098621 -0.918795 -0.382217
vn 0.196114 -0.903021 -0.382220
vn 0.196115 -0.903019 -0.382225
vn 0.291368 -0.876930 -0.382228
vn 0.291368 -0.876930 -0.382228
vn 0.383294 -0.840824 -0.382231
vn 0.383293 -0.840833 -0.382213
vn 0.470847 -0.795121 -0.382212
vn 0.470847 -0.795121 -0.382212
vn 0.553010 -0.740334 -0.382211
vn 0.553009 -0.740328 -0.382223
vn 0.628868 -0.677075 -0.382224
vn 0.628871 -0.677087 -0.382198
vn 0.697537 -0.606109 -0.382196
vn 0.697530 -0.606091 -0.382238
vn 0.758232 -0.528183 -0.382239
vn 0.758240 -0.528199 -0.382200
vn 0.810280 -0.444263 -0.382199
vn 0.810274 -0.444253 -0.382225
vn 0.853059 -0.355237 -0.382225
vn 0.853059 -0.355237 -0.382226
vn 0.886097 -0.262175 -0.382226
vn 0.886089 -0.262167 -0.382249
vn -0.780835 -0.142685 -0.608224
vn -0.780862 -0.142682 -0.608191
vn -0.761173 -0.225208 -0.608192
vn -0.761178 -0.225208 -0.608185
vn -0.732795 -0.305156 -0.608186
vn -0.732771 -0.305154 -0.608217
vn -0.696021 -0.381611 -0.608217
vn -0.696018 -0.381610 -0.608221
vn -0.651315 -0.453714 -0.608220
vn -0.651333 -0.453719 -0.608198
vn -0.599188 -0.520641 -0.608199
vn -0.599186 -0.520640 -0.608202
vn -0.540198 -0.581615 -0.608203
vn -0.540188 -0.581610 -0.608216
vn -0.475033 -0.635939 -0.608215
vn -0.475035 -0.635941 -0.608212
vn -0.404455 -0.683004 -0.608212
vn -0.404446 -0.682996 -0.608227
vn -0.329243 -0.722262 -0.608224
vn -0.329253 -0.722273 -0.608206
vn -0.250286 -0.753286 -0.608207
vn -0.250285 -0.753285 -0.608210
vn -0.168463 -0.775694 -0.608210
vn -0.168462 -0.775693 -0.608211
vn -0.084715 -0.789241 -0.608212
vn -0.084714 -0.789240 -0.608213
vn 0.000000 -0.793775 -0.608212
vn 0.000000 -0.793775 -0.608212
vn 0.084715 -0.789240 -0.608214
vn 0.084715 -0.789241 -0.608212
vn 0.168463 -0.775693 -0.608211
vn 0.168462 -0.775694 -0.608210
vn 0.250286 -0.753285 -0.608210
vn 0.250286 -0.753287 -0.608207
vn 0.329248 -0.722275 -0.608206
vn 0.329247 -0.722260 -0.608224
vn 0.404449 -0.682994 -0.608227
vn 0.404452 -0.683006 -0.608212
vn 0.475034 -0.635941 -0.608212
vn 0.475033 -0.635938 -0.608215
vn 0.540191 -0.581607 -0.608216
vn 0.540195 -0.581617 -0.608203
vn 0.599187 -0.520640 -0.608202
vn 0.599188 -0.520642 -0.608199
vn 0.651329 -0.453724 -0.608198
vn 0.651318 -0.453709 -0.608220
vn 0.696018 -0.381609 -0.608221
vn 0.696020 -0.381612 -0.608217
vn 0.732774 -0.305147 -0.608217
vn 0.732793 -0.305163 -0.608186
vn 0.761178 -0.225210 -0.608185
vn 0.761173 -0.225206 -0.608192
vn -0.599394 -0.109523 -0.792926
vn -0.599372 -0.109525 -0.792942
vn -0.584261 -0.172864 -0.792942
vn -0.584274 -0.172864 -0.792932
vn -0.562485 -0.234241 -0.792932
vn -0.562494 -0.234242 -0.792926
vn -0.534282 -0.292935 -0.792926
vn -0.534272 -0.292932 -0.792934
vn -0.499962 -0.348274 -0.792934
vn -0.499958 -0.348273 -0.792936
vn -0.459934 -0.399642 -0.792936
vn -0.459925 -0.399638 -0.792943
vn -0.414647 -0.446442 -0.792942
vn -0.414665 -0.446454 -0.792926
vn -0.364646 -0.488160 -0.792927
vn -0.364644 -0.488158 -0.792929
vn -0.310463 -0.524286 -0.792929
vn -0.310472 -0.524295 -0.792920
vn -0.252742 -0.554434 -0.792922
vn -0.252735 -0.554425 -0.792930
vn -0.192122 -0.578231 -0.792930
vn -0.192124 -0.578233 -0.792928
vn -0.129314 -0.595434 -0.792929
vn -0.129313 -0.595431 -0.792931
vn -0.065028 -0.605832 -0.792931
vn -0.065029 -0.605834 -0.792929
vn 0.000000 -0.609313 -0.792930
vn 0.000000 -0.609313 -0.792930
vn 0.065028 -0.605834 -0.792929
vn 0.065029 -0.605832 -0.792931
vn 0.129314 -0.595431 -0.792931
vn 0.129313 -0.595435 -0.792928
vn 0.192123 -0.578234 -0.792928
vn 0.192123 -0.578231 -0.792930
vn 0.252738 -0.554424 -0.792930
vn 0.252740 -0.554435 -0.792922
vn 0.310469 -0.524296 -0.792920
vn 0.310466 -0.524285 -0.792929
vn 0.364644 -0.488158 -0.792929
vn 0.364645 -0.488161 -0.792927
vn 0.414661 -0.446457 -0.792926
vn 0.414651 -0.446439 -0.792942
vn 0.459926 -0.399636 -0.792943
vn 0.459932 -0.399644 -0.792936
vn 0.499959 -0.348272 -0.792936
vn 0.499961 -0.348275 -0.792934
vn 0.534274 -0.292930 -0.792934
vn 0.534281 -0.292937 -0.792926
vn 0.562493 -0.234244 -0.792926
vn 0.562486 -0.234239 -0.792932
vn 0.584273 -0.172867 -0.792932
vn 0.584262 -0.172861 -0.792942
vn -0.376910 -0.068874 -0.923686
vn -0.376917 -0.068873 -0.923683
vn -0.367414 -0.108704 -0.923683
vn -0.367388 -0.108702 -0.923693
vn -0.353690 -0.147289 -0.923693
vn -0.353702 -0.147291 -0.923689
vn -0.335961 -0.184201 -0.923688
vn -0.335976 -0.184206 -0.923682
vn -0.314397 -0.219010 -0.923682
vn -0.314387 -0.219006 -0.923687
vn -0.289219 -0.251308 -0.923687
vn -0.289218 -0.251307 -0.923687
vn -0.260747 -0.280736 -0.923687
vn -0.260739 -0.280731 -0.923691
vn -0.229289 -0.306956 -0.923691
vn -0.229295 -0.306961 -0.923688
vn -0.195226 -0.329679 -0.923687
vn -0.195221 -0.329674 -0.923690
vn -0.158922 -0.348627 -0.923690
vn -0.158927 -0.348634 -0.923687
vn -0.120811 -0.363603 -0.923687
vn -0.120810 -0.363602 -0.923687
vn -0.081314 -0.374419 -0.923688
vn -0.081315 -0.374421 -0.923687
vn -0.040891 -0.380960 -0.923687
vn -0.040891 -0.380960 -0.923687
vn 0.000000 -0.383147 -0.923687
vn 0.000000 -0.383147 -0.923687
vn 0.040891 -0.380960 -0.923687
vn 0.040891 -0.380960 -0.923687
vn 0.081315 -0.374421 -0.923687
vn 0.081315 -0.374418 -0.923688
vn 0.120810 -0.363602 -0.923687
vn 0.120810 -0.363604 -0.923687
vn 0.158925 -0.348634 -0.923687
vn 0.158924 -0.348626 -0.923690
vn 0.195223 -0.329673 -0.923690
vn 0.195225 -0.329680 -0.923687
vn 0.229294 -0.306962 -0.923688
vn 0.229291 -0.306955 -0.923691
vn 0.260741 -0.280729 -0.923691
vn 0.260746 -0.280738 -0.923687
vn 0.289218 -0.251307 -0.923687
vn 0.289218 -0.251308 -0.923687
vn 0.314389 -0.219004 -0.923687
vn 0.314396 -0.219012 -0.923682
vn 0.335974 -0.184209 -0.923682
vn 0.335962 -0.184198 -0.923689
vn 0.353700 -0.147293 -0.923689
vn 0.353691 -0.147287 -0.923693
vn 0.367390 -0.108697 -0.923693
vn 0.367413 -0.108709 -0.923683
vn -0.128574 -0.023494 -0.991422
vn -0.127314 -0.023535 -0.991583
vn -0.126475 -0.037421 -0.991264
vn -0.122850 -0.037172 -0.991729
vn -0.122798 -0.051136 -0.991113
vn -0.117031 -0.050155 -0.991861
vn -0.117541 -0.064444 -0.990975
vn -0.109958 -0.062362 -0.991978
vn -0.110771 -0.077164 -0.990846
vn -0.101719 -0.073690 -0.992080
vn -0.102558 -0.089115 -0.990727
vn -0.092401 -0.084031 -0.992170
vn -0.092986 -0.100115 -0.990621
vn -0.082113 -0.093290 -0.992247
vn -0.082174 -0.110007 -0.990528
vn -0.070968 -0.101384 -0.992313
vn -0.070255 -0.118642 -0.990449
vn -0.059090 -0.108244 -0.992367
vn -0.057390 -0.125895 -0.990382
vn -0.046600 -0.113806 -0.992410
vn -0.043742 -0.131652 -0.990330
vn -0.033632 -0.118023 -0.992441
vn -0.029499 -0.135830 -0.990293
vn -0.020318 -0.120855 -0.992462
vn -0.014852 -0.138363 -0.990270
vn -0.006796 -0.122277 -0.992473
vn 0.000000 -0.139211 -0.990263
vn 0.006796 -0.122277 -0.992473
vn 0.014852 -0.138363 -0.990270
vn 0.020318 -0.120855 -0.992462
vn 0.029499 -0.135830 -0.990293
vn 0.033632 -0.118023 -0.992441
vn 0.043742 -0.131652 -0.990330
vn 0.046600 -0.113806 -0.992410
vn 0.057390 -0.125895 -0.990382
vn 0.059090 -0.108244 -0.992367
vn 0.070255 -0.118642 -0.990449
vn 0.070968 -0.101384 -0.992313
vn 0.082174 -0.110007 -0.990528
vn 0.082113 -0.093290 -0.992247
vn 0.092986 -0.100115 -0.990621
vn 0.092401 -0.084031 -0.992170
vn 0.102558 -0.089115 -0.990727
vn 0.101719 -0.073690 -0.992080
vn 0.110771 -0.077164 -0.990846
vn 0.109958 -0.062362 -0.991978
vn 0.117541 -0.064444 -0.990975
vn 0.117031 -0.050155 -0.991861
vn 0.122798 -0.051136 -0.991113
vn 0.122850 -0.037172 -0.991729
vn 0.126475 -0.037421 -0.991264
vn 0.046435 -0.126274 -0.990908
vn 0.043461 -0.123565 -0.991384
vn 0.127367 -0.362119 -0.923389
vn 0.127368 -0.362114 -0.923391
vn 0.202453 -0.575584 -0.792285
vn 0.202451 -0.575591 -0.792280
vn 0.263588 -0.749411 -0.607375
vn 0.263590 -0.749407 -0.607379
vn 0.306710 -0.872000 -0.381504
vn 0.306710 -0.872000 -0.381504
vn 0.328987 -0.935336 -0.130055
vn 0.358180 -0.917403 -0.173433
vn 0.484028 -0.868873 -0.103812
vn 0.563520 -0.805784 -0.182092
vn 0.623489 -0.773684 -0.112579
vn 0.741010 -0.653124 -0.155989
vn 0.741001 -0.653130 -0.156006
vn 0.845866 -0.521379 -0.112585
vn 0.786893 -0.485029 -0.381506
vn 0.857623 -0.344872 -0.381506
vn 0.737054 -0.296389 -0.607375
vn 0.776577 -0.167399 -0.607376
vn 0.596457 -0.128572 -0.792280
vn 0.870174 -0.457870 -0.182077
vn 0.922769 -0.371107 -0.103814
vn 0.857626 -0.344909 -0.381464
vn 0.903630 -0.194777 -0.381463
vn 0.776572 -0.167390 -0.607385
vn 0.955121 -0.240118 -0.173458
vn 0.969252 -0.208891 -0.130061
vn 0.903622 -0.194747 -0.381498
vn 0.596440 -0.128552 -0.792296
vn 0.375250 -0.080878 -0.923389
vn 0.375256 -0.080884 -0.923385
vn 0.128044 -0.027599 -0.991384
vn 0.131106 -0.030210 -0.990908
vn 0.118805 -0.047772 -0.991768
vn 0.124734 -0.056430 -0.990584
vn 0.107557 -0.066301 -0.991986
vn 0.112141 -0.080606 -0.990418
vn 0.094363 -0.083171 -0.992058
vn 0.094051 -0.101131 -0.990418
vn 0.079282 -0.098379 -0.991986
vn 0.071647 -0.116655 -0.990585
vn 0.062315 -0.111862 -0.991768
vn 0.449841 -0.807526 -0.381504
vn 0.449848 -0.807515 -0.381518
vn 0.580012 -0.719740 -0.381523
vn 0.580014 -0.719736 -0.381528
vn 0.693444 -0.611202 -0.381533
vn 0.693442 -0.611211 -0.381523
vn 0.786894 -0.485012 -0.381525
vn 0.386602 -0.693993 -0.607382
vn 0.386600 -0.693999 -0.607376
vn 0.498480 -0.618556 -0.607377
vn 0.498478 -0.618564 -0.607369
vn 0.595978 -0.525275 -0.607368
vn 0.595978 -0.525295 -0.607351
vn 0.676280 -0.416861 -0.607349
vn 0.676275 -0.416830 -0.607375
vn 0.737055 -0.296390 -0.607374
vn 0.186807 -0.335338 -0.923391
vn 0.296935 -0.533033 -0.792279
vn 0.296935 -0.533031 -0.792280
vn 0.382863 -0.475090 -0.792278
vn 0.382863 -0.475089 -0.792279
vn 0.457737 -0.403451 -0.792278
vn 0.457734 -0.403432 -0.792290
vn 0.519395 -0.320164 -0.792290
vn 0.519392 -0.320154 -0.792297
vn 0.566080 -0.227635 -0.792297
vn 0.566082 -0.227637 -0.792296
vn 0.240868 -0.298886 -0.923390
vn 0.186807 -0.335341 -0.923390
vn 0.240868 -0.298890 -0.923389
vn 0.287974 -0.253820 -0.923389
vn 0.287974 -0.253822 -0.923388
vn 0.326772 -0.201432 -0.923388
vn 0.326769 -0.201426 -0.923390
vn 0.356149 -0.143209 -0.923390
vn 0.356156 -0.143219 -0.923386
vn 0.125263 0.026064 -0.991781
vn 0.127985 0.028141 -0.991377
vn 0.375065 0.082468 -0.923323
vn 0.375060 0.082469 -0.923325
vn 0.596079 0.131067 -0.792156
vn 0.596089 0.131065 -0.792149
vn 0.776014 0.170625 -0.607198
vn 0.776016 0.170625 -0.607195
vn 0.902875 0.198517 -0.381324
vn 0.902861 0.198526 -0.381353
vn 0.968379 0.212932 -0.130010
vn 0.968384 0.212924 -0.129986
vn 0.990875 0.035644 -0.129985
vn 0.990871 0.035655 -0.130015
vn 0.981177 -0.142788 -0.130016
vn 0.981177 -0.142789 -0.130013
vn 0.939606 -0.316604 -0.130013
vn 0.939605 -0.316593 -0.130041
vn 0.867524 -0.480095 -0.130038
vn 0.867521 -0.480117 -0.129982
vn 0.767258 -0.628029 -0.129984
vn 0.767257 -0.628030 -0.129981
vn 0.642063 -0.755552 -0.129985
vn 0.642068 -0.755544 -0.130010
vn 0.496015 -0.858526 -0.130009
vn 0.496011 -0.858530 -0.129994
vn 0.333854 -0.933618 -0.129997
vn 0.333853 -0.933618 -0.129997
vn 0.311265 -0.870450 -0.381354
vn 0.311265 -0.870451 -0.381353
vn 0.462456 -0.800440 -0.381352
vn 0.462457 -0.800436 -0.381360
vn 0.598618 -0.704429 -0.381361
vn 0.598618 -0.704432 -0.381355
vn 0.715344 -0.585535 -0.381356
vn 0.715342 -0.585522 -0.381379
vn 0.808823 -0.447609 -0.381382
vn 0.808833 -0.447642 -0.381322
vn 0.876048 -0.295188 -0.381320
vn 0.876032 -0.295158 -0.381378
vn 0.914783 -0.133126 -0.381379
vn 0.914799 -0.133147 -0.381332
vn 0.923840 0.033233 -0.381332
vn 0.923831 0.033241 -0.381354
vn 0.267533 -0.748154 -0.607200
vn 0.267534 -0.748149 -0.607206
vn 0.397480 -0.687972 -0.607210
vn 0.397480 -0.687977 -0.607205
vn 0.514511 -0.605457 -0.607207
vn 0.514512 -0.605466 -0.607197
vn 0.614847 -0.503264 -0.607197
vn 0.614846 -0.503262 -0.607200
vn 0.695184 -0.384744 -0.607200
vn 0.695183 -0.384743 -0.607202
vn 0.752959 -0.253691 -0.607202
vn 0.752965 -0.253700 -0.607190
vn 0.786272 -0.114440 -0.607190
vn 0.786256 -0.114426 -0.607214
vn 0.794025 0.028570 -0.607214
vn 0.794039 0.028562 -0.607195
vn 0.205505 -0.574687 -0.792150
vn 0.205505 -0.574692 -0.792147
vn 0.305325 -0.528471 -0.792146
vn 0.305325 -0.528473 -0.792144
vn 0.395223 -0.465089 -0.792143
vn 0.395219 -0.465072 -0.792156
vn 0.472282 -0.386571 -0.792156
vn 0.472287 -0.386581 -0.792149
vn 0.534001 -0.295538 -0.792149
vn 0.533994 -0.295528 -0.792158
vn 0.578368 -0.194872 -0.792158
vn 0.578370 -0.194874 -0.792157
vn 0.603955 -0.087895 -0.792157
vn 0.603963 -0.087901 -0.792150
vn 0.609932 0.021939 -0.792150
vn 0.609933 0.021938 -0.792149
vn 0.129302 -0.361591 -0.923327
vn 0.129302 -0.361587 -0.923329
vn 0.192104 -0.332504 -0.923329
vn 0.192105 -0.332512 -0.923326
vn 0.248674 -0.292626 -0.923326
vn 0.248673 -0.292623 -0.923327
vn 0.297160 -0.243235 -0.923327
vn 0.297163 -0.243241 -0.923324
vn 0.335998 -0.185951 -0.923324
vn 0.335991 -0.185941 -0.923329
vn 0.363909 -0.122614 -0.923329
vn 0.363919 -0.122623 -0.923324
vn 0.380019 -0.055308 -0.923324
vn 0.380005 -0.055299 -0.923330
vn 0.383760 0.013803 -0.923330
vn 0.383773 0.013798 -0.923324
vn 0.044125 -0.123393 -0.991377
vn 0.044438 -0.119984 -0.991781
vn 0.066917 -0.115826 -0.991013
vn 0.066487 -0.106583 -0.992078
vn 0.087926 -0.103466 -0.990739
vn 0.085576 -0.089897 -0.992268
vn 0.106027 -0.086788 -0.990569
vn 0.101337 -0.070376 -0.992360
vn 0.120256 -0.066551 -0.990510
vn 0.113452 -0.048496 -0.992359
vn 0.129851 -0.043753 -0.990568
vn 0.121622 -0.024771 -0.992267
vn 0.134373 -0.019554 -0.990738
vn 0.125628 0.000268 -0.992077
vn 0.133678 0.004806 -0.991013
vn 0.914176 0.393366 -0.097700
vn 0.914031 0.377446 -0.148600
vn 0.881155 0.373865 -0.289467
vn 0.855315 0.349353 -0.382607
vn 0.812384 0.345048 -0.470078
vn 0.734098 0.301029 -0.608672
vn 0.714198 0.299230 -0.632758
vn 0.586942 0.246429 -0.771215
vn 0.563935 0.229417 -0.793313
vn 0.435901 0.187626 -0.880220
vn 0.356100 0.140174 -0.923875
vn 0.269949 0.117795 -0.955642
vn 0.118202 0.042667 -0.992072
vn 0.095123 0.040154 -0.994655
vn 0.002467 0.001066 -0.999996
vn 0.927114 0.355848 -0.117611
vn 0.931994 0.326557 -0.157315
vn 0.871976 0.305528 -0.382505
vn 0.939041 0.318074 -0.130506
vn 0.871967 0.305530 -0.382524
vn 0.748850 0.262391 -0.608584
vn 0.748848 0.262391 -0.608586
vn 0.574677 0.201363 -0.793221
vn 0.574664 0.201362 -0.793231
vn 0.361303 0.126601 -0.923814
vn 0.361298 0.126600 -0.923816
vn 0.126431 0.044302 -0.990986
vn 0.120292 0.046296 -0.991658
vn 0.123631 0.041919 -0.991442
vn -0.078210 -0.251547 -0.964680
vn -0.073199 -0.119642 -0.990115
vn -0.244280 -0.265218 -0.932731
vn -0.250099 -0.301668 -0.920026
vn -0.361700 -0.340588 -0.867856
vn -0.431607 -0.435104 -0.790190
vn -0.448594 -0.431822 -0.782492
vn -0.566256 -0.489142 -0.663396
vn -0.477770 -0.591541 -0.649473
vn -0.512179 -0.589760 -0.624385
vn -0.396568 -0.702333 -0.591153
vn -0.441368 -0.715445 -0.541602
vn -0.318998 -0.811053 -0.490341
vn -0.352800 -0.818596 -0.453247
vn -0.253066 -0.879390 -0.403276
vn -0.282463 -0.885715 -0.368408
vn -0.190002 -0.929137 -0.317182
vn -0.217298 -0.934829 -0.280850
vn -0.129934 -0.964669 -0.229197
vn -0.154250 -0.968864 -0.193674
vn -0.074937 -0.986604 -0.144903
vn -0.107381 -0.990415 -0.086871
vn -0.030498 -0.998737 -0.039926
vn -0.039925 -0.998897 -0.024715
vn -0.000570 -1.000000 -0.000353
vn -0.574153 -0.550613 -0.605949
vn -0.655912 -0.544858 -0.522407
vn -0.570126 -0.644788 -0.509122
vn -0.592090 -0.640222 -0.489433
vn -0.483346 -0.745655 -0.458666
vn -0.510327 -0.748037 -0.424273
vn -0.393447 -0.839367 -0.375051
vn -0.412261 -0.839921 -0.352949
vn -0.316280 -0.898362 -0.304816
vn -0.331605 -0.898907 -0.286365
vn -0.241418 -0.941191 -0.236383
vn -0.254728 -0.941848 -0.219170
vn -0.168351 -0.971291 -0.168084
vn -0.179659 -0.971827 -0.152562
vn -0.099283 -0.989700 -0.103135
vn -0.124563 -0.990288 -0.061751
vn -0.121057 -0.990414 -0.066521
vn -0.148273 -0.988616 -0.025556
vn -0.131649 -0.990171 -0.047215
vn -0.142819 -0.989245 -0.031571
vn -0.067121 -0.997637 0.014676
vn -0.689642 -0.615525 -0.381475
vn -0.708676 -0.605947 -0.361394
vn -0.645450 -0.678230 -0.351282
vn -0.656210 -0.673875 -0.339529
vn -0.558536 -0.768398 -0.312414
vn -0.568804 -0.766847 -0.297333
vn -0.461314 -0.850738 -0.251861
vn -0.465311 -0.850030 -0.246850
vn -0.376059 -0.904296 -0.202058
vn -0.376990 -0.904162 -0.200923
vn -0.291619 -0.944118 -0.153621
vn -0.289996 -0.944284 -0.155660
vn -0.206865 -0.972556 -0.106494
vn -0.203790 -0.972762 -0.110467
vn -0.757201 -0.617728 -0.212269
vn -0.747181 -0.651742 -0.130201
vn -0.742204 -0.655371 -0.140082
vn -0.726196 -0.684883 -0.059786
vn -0.654024 -0.752728 -0.075187
vn -0.656805 -0.753590 -0.026632
vn -0.546899 -0.833513 -0.078471
vn -0.554557 -0.831283 -0.037885
vn -0.453280 -0.890007 -0.049251
vn -0.452945 -0.890120 -0.050265
vn -0.365483 -0.930669 -0.016687
vn -0.353218 -0.934518 -0.043738
vn -0.265650 -0.964045 -0.006847
vn -0.249598 -0.967701 -0.035425
vn -0.164945 -0.986300 0.002154
vn -0.164734 -0.916736 0.363946
vn -0.028738 -0.999443 -0.016982
vn -0.000382 -1.000000 -0.000226
vn -0.087570 -0.961154 -0.261754
vn -0.046347 -0.938075 -0.343319
vn 0.008930 -0.953383 -0.301630
vn -0.046514 -0.986700 -0.155756
vn 0.009481 -0.992536 -0.121583
vn -0.033020 -0.999258 -0.019812
vn -0.000573 -1.000000 -0.000344
vn -0.006243 -0.705770 -0.708414
vn -0.068733 -0.763606 -0.642014
vn -0.008421 -0.798582 -0.601827
vn -0.046805 -0.851566 -0.522154
vn -0.106248 -0.892865 -0.437611
vn -0.095042 -0.882470 -0.460666
vn -0.141289 -0.910633 -0.388310
vn -0.137710 -0.908078 -0.395513
vn -0.177869 -0.923283 -0.340456
vn -0.072909 -0.622135 -0.779508
vn -0.019661 -0.577067 -0.816460
vn -0.083383 -0.433754 -0.897165
vn -0.017806 -0.380621 -0.924560
vn -0.095794 -0.255158 -0.962142
vn -0.000562 -1.000000 -0.000364
vn -0.000569 -1.000000 -0.000355
vn -0.000570 -1.000000 -0.000353
vn -0.000570 -1.000000 -0.000353
vn -0.000553 -1.000000 -0.000387
vn 0.001303 -0.999987 -0.004852
vn -0.055747 -0.998444 -0.000925
vn -0.038273 -0.998960 -0.024765
vn -0.695842 -0.689018 -0.202627
vn -0.371205 -0.520005 -0.769286
vn -0.418363 -0.523788 -0.742037
vn -0.300214 -0.639591 -0.707669
vn -0.363205 -0.669665 -0.647790
vn -0.239214 -0.766441 -0.596108
vn -0.287786 -0.786394 -0.546593
vn -0.187270 -0.847716 -0.496293
vn -0.229901 -0.864706 -0.446575
vn -0.161666 -0.360212 -0.918756
vn -0.275848 -0.440090 -0.854534
vn -0.325349 -0.459992 -0.826169
vn -0.216163 -0.567735 -0.794324
vn -0.287014 -0.623535 -0.727205
vn -0.171423 -0.713618 -0.679238
vn -0.225998 -0.752421 -0.618699
vn -0.132466 -0.809516 -0.571958
vn -0.180932 -0.842024 -0.508191
vn -0.613249 -0.770008 -0.176103
vn -0.698023 -0.687791 -0.199268
vn -0.117444 -0.490705 -0.863375
vn -0.231672 -0.377236 -0.896672
vn -0.211656 -0.561433 -0.799996
vn -0.514619 -0.846138 -0.138626
vn -0.611323 -0.770716 -0.179670
vn -0.092568 -0.654063 -0.750754
vn -0.165690 -0.706235 -0.688316
vn -0.425490 -0.898423 -0.108607
vn -0.507128 -0.848787 -0.149605
vn -0.069610 -0.764893 -0.640385
vn -0.133487 -0.810673 -0.570079
vn -0.334835 -0.938957 -0.079026
vn -0.414603 -0.901623 -0.123211
vn -0.241087 -0.969136 -0.051495
vn -0.320110 -0.942273 -0.098235
vn -0.224668 -0.971730 -0.072565
vn -0.091769 -0.952739 -0.289597
vn -0.127591 -0.963883 -0.233772
vn -0.051319 -0.981038 -0.186899
vn -0.092303 -0.990034 -0.106364
vn -0.018506 -0.997951 -0.061254
vn -0.039244 -0.998934 -0.024294
vn -0.026999 -0.920065 -0.390835
vn -0.061030 -0.938113 -0.340910
vn -0.102877 -0.958439 -0.266103
vn -0.031612 -0.974457 -0.222339
vn -0.076388 -0.989213 -0.124992
vn -0.007480 -0.996526 -0.082951
vn -0.037633 -0.999020 -0.023297
vn -0.012698 -0.965714 -0.259296
vn -0.079319 -0.950585 -0.300160
vn -0.063219 -0.987934 -0.141388
vn -0.043405 -0.998875 -0.019083
vn -0.039560 -0.998911 -0.024725
vn 0.001201 -0.994787 -0.101963
vn -0.034129 -0.999132 -0.023891
vn -0.026673 -0.999387 -0.022653
vn -0.124381 0.040700 -0.991400
vn -0.124382 0.040701 -0.991399
vn -0.129016 0.021960 -0.991399
vn -0.129015 0.021959 -0.991399
vn -0.130842 0.002740 -0.991399
vn -0.130837 0.002738 -0.991400
vn -0.129817 -0.016539 -0.991400
vn -0.129823 -0.016537 -0.991399
vn -0.125977 -0.035459 -0.991399
vn -0.125977 -0.035459 -0.991399
vn -0.119390 -0.053607 -0.991399
vn -0.119390 -0.053607 -0.991399
vn -0.110205 -0.070588 -0.991399
vn -0.110201 -0.070587 -0.991400
vn -0.322986 -0.206882 -0.923515
vn -0.322992 -0.206883 -0.923513
vn -0.513511 -0.328913 -0.792542
vn -0.513511 -0.328913 -0.792542
vn -0.668728 -0.428332 -0.607729
vn -0.668740 -0.428332 -0.607716
vn -0.778297 -0.498504 -0.381767
vn -0.778298 -0.498504 -0.381766
vn -0.834910 -0.534764 -0.130203
vn -0.838057 -0.522364 -0.157468
vn -0.906995 -0.407246 -0.107289
vn -0.912363 -0.369830 -0.175556
vn -0.958389 -0.269737 -0.093449
vn -0.960654 -0.207610 -0.184506
vn -0.988060 -0.125884 -0.088825
vn -0.982018 -0.039878 -0.184526
vn -0.995404 0.020831 -0.093469
vn -0.975949 0.129244 -0.175558
vn -0.980135 0.166825 -0.107262
vn -0.942265 0.295549 -0.157440
vn -0.942326 0.308351 -0.130158
vn -0.878408 0.287435 -0.381811
vn -0.878404 0.287426 -0.381827
vn -0.754786 0.246976 -0.607701
vn -0.754790 0.246981 -0.607695
vn -0.579574 0.189647 -0.792545
vn -0.579560 0.189633 -0.792559
vn -0.364551 0.119282 -0.923512
vn -0.364564 0.119294 -0.923505
vn -0.911137 0.155080 -0.381811
vn -0.911138 0.155082 -0.381809
vn -0.924039 0.019333 -0.381808
vn -0.924043 0.019338 -0.381798
vn -0.916835 -0.116808 -0.381798
vn -0.916834 -0.116809 -0.381801
vn -0.889677 -0.250405 -0.381800
vn -0.889685 -0.250400 -0.381786
vn -0.843153 -0.378591 -0.381788
vn -0.843165 -0.378586 -0.381766
vn -0.782906 0.133259 -0.607701
vn -0.782901 0.133254 -0.607708
vn -0.793987 0.016609 -0.607708
vn -0.793991 0.016612 -0.607703
vn -0.787797 -0.100365 -0.607703
vn -0.787792 -0.100368 -0.607709
vn -0.764458 -0.215157 -0.607710
vn -0.764451 -0.215159 -0.607717
vn -0.724475 -0.325295 -0.607717
vn -0.724462 -0.325297 -0.607731
vn -0.378131 0.064360 -0.923512
vn -0.601167 0.102325 -0.792545
vn -0.601166 0.102325 -0.792546
vn -0.609679 0.012756 -0.792546
vn -0.609676 0.012754 -0.792548
vn -0.604920 -0.077066 -0.792548
vn -0.604919 -0.077066 -0.792549
vn -0.587000 -0.165219 -0.792549
vn -0.587016 -0.165216 -0.792538
vn -0.556317 -0.249788 -0.792539
vn -0.556312 -0.249788 -0.792542
vn -0.383490 0.008025 -0.923510
vn -0.378136 0.064363 -0.923510
vn -0.383486 0.008023 -0.923512
vn -0.380495 -0.048469 -0.923512
vn -0.380481 -0.048473 -0.923518
vn -0.369210 -0.103921 -0.923517
vn -0.369215 -0.103921 -0.923515
vn -0.349909 -0.157110 -0.923515
vn -0.349908 -0.157110 -0.923515
vn -0.920458 0.378427 -0.097728
vn -0.912083 0.376096 -0.163269
vn -0.885673 0.363013 -0.289491
vn -0.853704 0.353204 -0.382670
vn -0.816699 0.334675 -0.470102
vn -0.733640 0.303240 -0.608126
vn -0.716158 0.294451 -0.632785
vn -0.588679 0.242001 -0.771292
vn -0.563003 0.233190 -0.792875
vn -0.439186 0.179435 -0.880295
vn -0.353153 0.147401 -0.923881
vn -0.272512 0.110980 -0.955730
vn -0.094319 0.040791 -0.994706
vn -0.123106 0.050612 -0.991102
vn -0.123119 0.050618 -0.991100
vn -0.353948 0.145517 -0.923875
vn -0.353931 0.145511 -0.923883
vn -0.563025 0.231476 -0.793361
vn -0.563357 0.231583 -0.793094
vn -0.733767 0.301697 -0.608741
vn -0.733970 0.301757 -0.608466
vn -0.854469 0.351298 -0.382717
vn -0.854488 0.351302 -0.382671
vn -0.916976 0.376993 -0.130508
vn -0.916968 0.376993 -0.130559
vn -0.120696 0.049679 -0.991446
vn -0.002701 0.001110 -0.999996
vn -0.854487 0.351305 -0.382671
vn -0.854487 0.351305 -0.382671
vn -0.734210 0.301856 -0.608127
vn -0.733960 0.301781 -0.608466
vn -0.563618 0.231696 -0.792875
vn -0.563347 0.231609 -0.793094
vn -0.353931 0.145511 -0.923883
vn -0.353930 0.145511 -0.923883
vn 0.002510 0.000964 -0.999996
vn 0.096423 0.037054 -0.994650
vn 0.150961 0.058943 -0.986781
vn 0.275417 0.104723 -0.955604
vn 0.356586 0.138924 -0.923876
vn 0.443570 0.169194 -0.880124
vn 0.567796 0.219530 -0.793356
vn 0.594487 0.228109 -0.771071
vn 0.723039 0.277577 -0.632587
vn 0.740170 0.285609 -0.608749
vn 0.824439 0.315418 -0.469906
vn 0.861823 0.332852 -0.382715
vn 0.894008 0.342096 -0.289343
vn 0.928431 0.358436 -0.097667
vn 0.925614 0.355266 -0.130479
vn 0.925606 0.355260 -0.130553
vn 0.925608 0.355260 -0.130536
vn 0.862518 0.331045 -0.382716
vn 0.862535 0.331055 -0.382669
vn 0.740679 0.284284 -0.608751
vn 0.740679 0.284285 -0.608750
vn 0.568357 0.218145 -0.793337
vn 0.568333 0.218133 -0.793357
vn 0.357259 0.137120 -0.923886
vn 0.357276 0.137128 -0.923878
vn 0.121851 0.046769 -0.991446
vn 0.121845 0.046766 -0.991447
vn 0.357277 0.137127 -0.923877
vn 0.357276 0.137127 -0.923877
vn 0.568333 0.218133 -0.793357
vn 0.568333 0.218133 -0.793357
vn 0.740680 0.284282 -0.608750
vn 0.740680 0.284282 -0.608750
vn 0.862518 0.331045 -0.382716
vn 0.862535 0.331055 -0.382669
vn 0.114604 -0.071745 -0.990817
vn 0.110069 -0.070763 -0.991402
vn 0.322609 -0.207405 -0.923529
vn 0.322611 -0.207408 -0.923528
vn 0.512914 -0.329755 -0.792578
vn 0.512904 -0.329736 -0.792593
vn 0.667988 -0.429437 -0.607763
vn 0.667996 -0.429459 -0.607738
vn 0.777421 -0.499809 -0.381849
vn 0.777419 -0.499794 -0.381871
vn 0.834009 -0.536176 -0.130170
vn 0.837198 -0.524108 -0.156237
vn 0.904819 -0.411787 -0.108321
vn 0.910496 -0.375344 -0.173537
vn 0.955922 -0.277781 -0.095135
vn 0.958996 -0.217137 -0.182147
vn 0.986335 -0.137497 -0.090757
vn 0.981818 -0.053408 -0.182156
vn 0.995444 0.005746 -0.095170
vn 0.978431 0.112013 -0.173571
vn 0.982939 0.148601 -0.108389
vn 0.948610 0.275150 -0.156307
vn 0.948844 0.287649 -0.130203
vn 0.884467 0.268132 -0.381867
vn 0.884488 0.268119 -0.381828
vn 0.913849 0.138156 -0.381828
vn 0.913851 0.138154 -0.381824
vn 0.924220 0.005335 -0.381823
vn 0.924229 0.005325 -0.381801
vn 0.915393 -0.127608 -0.381802
vn 0.915388 -0.127600 -0.381817
vn 0.887525 -0.257906 -0.381817
vn 0.887520 -0.257895 -0.381836
vn 0.841211 -0.382839 -0.381836
vn 0.841204 -0.382815 -0.381875
vn 0.759977 0.230375 -0.607752
vn 0.759964 0.230380 -0.607767
vn 0.785193 0.118704 -0.607767
vn 0.785206 0.118698 -0.607752
vn 0.794115 0.004575 -0.607751
vn 0.794105 0.004582 -0.607763
vn 0.786513 -0.109636 -0.607764
vn 0.786506 -0.109629 -0.607774
vn 0.762568 -0.221587 -0.607774
vn 0.762569 -0.221588 -0.607772
vn 0.722787 -0.328926 -0.607772
vn 0.722804 -0.328954 -0.607736
vn 0.583557 0.176903 -0.792570
vn 0.583545 0.176905 -0.792578
vn 0.602921 0.091142 -0.792577
vn 0.602906 0.091147 -0.792589
vn 0.609747 0.003518 -0.792588
vn 0.609755 0.003514 -0.792582
vn 0.603926 -0.084180 -0.792582
vn 0.603923 -0.084178 -0.792585
vn 0.585542 -0.170147 -0.792585
vn 0.585542 -0.170147 -0.792585
vn 0.554989 -0.252580 -0.792585
vn 0.554981 -0.252569 -0.792594
vn 0.367025 0.111266 -0.923533
vn 0.367047 0.111263 -0.923524
vn 0.379232 0.057332 -0.923524
vn 0.379223 0.057334 -0.923527
vn 0.383527 0.002210 -0.923527
vn 0.383509 0.002218 -0.923534
vn 0.379843 -0.052944 -0.923535
vn 0.379870 -0.052960 -0.923523
vn 0.368309 -0.107023 -0.923523
vn 0.368313 -0.107027 -0.923521
vn 0.349096 -0.158872 -0.923521
vn 0.349085 -0.158860 -0.923528
vn 0.125226 0.037960 -0.991402
vn 0.129856 0.037664 -0.990817
vn 0.125920 0.019038 -0.991858
vn 0.137290 0.015717 -0.990406
vn 0.125336 0.000725 -0.992114
vn 0.139525 -0.007591 -0.990189
vn 0.123488 -0.017216 -0.992197
vn 0.136275 -0.030855 -0.990190
vn 0.120354 -0.034973 -0.992115
vn 0.127752 -0.052663 -0.990407
vn 0.115912 -0.052749 -0.991858
vn 0.741250 -0.655193 -0.145845
vn 0.751118 -0.647199 -0.130212
vn 0.748701 -0.601011 -0.279702
vn 0.684542 -0.621319 -0.381268
vn 0.686617 -0.592709 -0.421015
vn 0.634914 -0.538870 -0.553627
vn 0.565071 -0.621052 -0.543130
vn 0.563012 -0.645389 -0.516228
vn 0.475865 -0.729455 -0.491373
vn 0.485883 -0.751677 -0.445981
vn 0.395612 -0.822743 -0.408147
vn 0.400031 -0.833300 -0.381559
vn 0.332895 -0.876085 -0.348792
vn 0.338038 -0.883185 -0.325137
vn 0.275000 -0.916214 -0.291422
vn 0.280578 -0.920845 -0.270779
vn 0.220188 -0.946373 -0.236423
vn 0.226162 -0.949394 -0.217951
vn 0.138031 -0.976507 -0.165475
vn 0.153141 -0.979052 -0.134179
vn 0.040609 -0.997124 -0.063986
vn 0.053782 -0.997756 -0.039894
vn -0.001771 -0.999988 -0.004555
vn 0.574356 -0.550381 -0.605967
vn 0.549986 -0.469014 -0.691043
vn 0.475064 -0.557919 -0.680471
vn 0.473986 -0.597893 -0.646421
vn 0.391768 -0.677523 -0.622480
vn 0.408930 -0.721270 -0.559058
vn 0.324190 -0.787786 -0.523731
vn 0.331873 -0.811075 -0.481682
vn 0.270210 -0.850335 -0.451572
vn 0.278954 -0.867576 -0.411699
vn 0.221141 -0.897833 -0.380778
vn 0.230893 -0.910460 -0.343149
vn 0.175306 -0.933927 -0.311527
vn 0.186003 -0.943006 -0.275940
vn 0.102765 -0.968642 -0.226211
vn 0.131115 -0.978023 -0.162114
vn 0.023496 -0.995194 -0.095061
vn 0.052932 -0.997975 -0.035288
vn 0.000532 -1.000000 -0.000355
vn 0.429754 -0.437310 -0.789982
vn 0.427559 -0.409757 -0.805787
vn 0.370717 -0.476187 -0.797380
vn 0.371217 -0.534455 -0.759313
vn 0.298008 -0.605860 -0.737648
vn 0.322780 -0.677316 -0.661102
vn 0.246978 -0.736602 -0.629619
vn 0.257760 -0.776878 -0.574474
vn 0.204039 -0.811066 -0.548215
vn 0.215935 -0.842496 -0.493531
vn 0.165385 -0.868936 -0.466474
vn 0.178610 -0.893252 -0.412553
vn 0.129686 -0.913882 -0.384709
vn 0.144213 -0.932150 -0.332113
vn 0.068301 -0.955595 -0.286659
vn 0.107537 -0.976034 -0.189191
vn 0.007647 -0.991890 -0.126871
vn 0.049648 -0.998267 -0.031594
vn 0.000538 -1.000000 -0.000343
vn 0.274654 -0.270733 -0.922642
vn 0.271434 -0.358211 -0.893313
vn 0.254527 -0.377523 -0.890333
vn 0.256866 -0.456014 -0.852098
vn 0.196518 -0.515415 -0.834103
vn 0.228699 -0.620189 -0.750375
vn 0.165234 -0.669630 -0.724081
vn 0.178621 -0.731078 -0.658498
vn 0.135309 -0.758642 -0.637302
vn 0.149614 -0.808174 -0.569623
vn 0.108357 -0.829744 -0.547525
vn 0.124061 -0.869212 -0.478623
vn 0.083586 -0.886269 -0.455565
vn 0.100866 -0.916791 -0.386420
vn 0.034739 -0.937332 -0.346702
vn 0.082545 -0.973095 -0.215113
vn -0.006904 -0.987198 -0.159347
vn 0.045073 -0.998629 -0.026634
vn 0.000547 -1.000000 -0.000323
vn 0.200530 -0.215860 -0.955611
vn 0.059046 -0.138191 -0.988644
vn 0.073341 -0.243485 -0.967128
vn 0.074564 -0.243995 -0.966906
vn 0.008932 -0.364065 -0.931331
vn 0.063361 -0.419043 -0.905753
vn 0.014389 -0.567013 -0.823583
vn 0.082603 -0.636811 -0.766582
vn 0.015912 -0.645677 -0.763445
vn 0.091464 -0.768643 -0.633105
vn 0.055720 -0.787356 -0.613976
vn 0.042921 -0.770938 -0.635463
vn 0.017131 -0.754413 -0.656177
vn 0.076560 -0.841299 -0.535121
vn 0.041487 -0.856094 -0.515152
vn 0.023830 -0.850476 -0.525475
vn 0.113335 -0.976804 -0.181685
vn -0.053486 -0.848728 -0.526118
vn 0.109636 -0.977844 0.178328
vn 0.037691 -0.998840 -0.029970
vn -0.001650 -0.999981 -0.005936
vn 0.275577 -0.559132 0.781939
vn 0.000534 -1.000000 -0.000349
vn 0.036818 -0.999033 -0.024013
vn 0.297899 -0.901705 0.313345
vn 0.050356 -0.988030 -0.145812
vn 0.338029 -0.928087 0.156176
vn 0.246054 -0.968630 -0.034824
vn 0.339126 -0.940238 -0.030763
vn 0.319425 -0.943460 -0.088609
vn 0.424615 -0.905228 -0.016252
vn 0.421884 -0.900402 -0.106252
vn 0.490709 -0.870549 -0.036731
vn 0.540642 -0.836007 -0.093802
vn 0.547457 -0.832541 -0.084658
vn 0.649819 -0.758087 -0.055126
vn 0.591982 -0.770405 -0.236713
vn 0.677715 -0.687726 -0.260262
vn 0.628235 -0.660107 -0.411799
vn 0.649650 -0.754814 -0.090612
vn 0.721977 -0.686825 -0.083789
vn 0.679330 -0.682768 -0.268959
vn 0.000709 -1.000000 -0.000473
vn 0.003260 -0.999989 0.003450
vn 0.142494 -0.283858 -0.948220
vn 0.628663 -0.670569 -0.393853
vn 0.100592 -0.425279 -0.899455
vn 0.153523 -0.372718 -0.915157
vn 0.538369 -0.757801 -0.368642
vn 0.544813 -0.765226 -0.342942
vn 0.451065 -0.839310 -0.303478
vn 0.453856 -0.841886 -0.291963
vn 0.383087 -0.887109 -0.257453
vn 0.385627 -0.888433 -0.248955
vn 0.319142 -0.923366 -0.213410
vn 0.321128 -0.923953 -0.207815
vn 0.257715 -0.950836 -0.171741
vn 0.259228 -0.951085 -0.168042
vn 0.168600 -0.979046 -0.114205
vn 0.170936 -0.979132 -0.109913
vn 0.056124 -0.997686 -0.038388
vn 0.056543 -0.997688 -0.037695
vn 0.088378 -0.600312 -0.794868
vn 0.144558 -0.556636 -0.818083
vn 0.501074 -0.843786 -0.192226
vn 0.592679 -0.771602 -0.231002
vn 0.500683 -0.843229 -0.195657
vn 0.071316 -0.703032 -0.707574
vn 0.429933 -0.888363 -0.161150
vn 0.428707 -0.887777 -0.167519
vn 0.361437 -0.923069 -0.131556
vn 0.358890 -0.922677 -0.140943
vn 0.294465 -0.949954 -0.104297
vn 0.290679 -0.949867 -0.115150
vn 0.199833 -0.977908 -0.061340
vn 0.187398 -0.978692 -0.083934
vn 0.072816 -0.997267 -0.012508
vn 0.060600 -0.997666 -0.031465
vn 0.108706 -0.679201 -0.725858
vn 0.060527 -0.969262 -0.238470
vn 0.005281 -0.916850 -0.399196
vn 0.063244 -0.898680 -0.434021
vn -0.018765 -0.981797 -0.189002
vn 0.000000 -0.000000 -1.000000
vn 0.000000 -0.000000 -1.000000
vn 0.000000 -0.000000 -1.000000
vn 0.000000 -0.000000 -1.000000
vn 0.000000 -0.000000 -1.000000
vn 0.000000 -0.000000 -1.000000
vn 0.000000 -0.000000 -1.000000
vn 0.000000 -0.000000 -1.000000
vn 0.000000 0.000000 -1.000000
vn 0.000000 0.000000 -1.000000
vn 0.000000 0.000000 -1.000000
vn 0.000000 0.000000 -1.000000
vn 0.000000 0.000000 -1.000000
vn 0.000000 -0.000000 -1.000000
vn 0.000000 -0.000000 -1.000000
vn 0.000000 0.000000 -1.000000
vn -0.000000 0.000000 -1.000000
vn -0.000000 0.000000 -1.000000
vn 0.000000 0.000000 -1.000000
vn 0.000000 0.000000 -1.000000
vn -0.000000 0.000000 -1.000000
vn 0.000000 -0.000000 -1.000000
vn -0.000000 -0.000000 -1.000000
vn 0.000000 -0.000000 -1.000000
vn -0.000000 -0.000000 -1.000000
vn 0.000000 -0.000000 -1.000000
vn -0.000000 -0.000000 -1.000000
vn 0.000000 -0.000000 -1.000000
vn 0.000000 -0.000000 -1.000000
vn 0.000000 -0.000000 -1.000000
vn 0.000000 0.000000 -1.000000
vn 0.000000 0.000000 -1.000000
vn 0.000000 0.000000 -1.000000
vn 0.000000 0.000000 -1.000000
vn 0.000000 0.000000 -1.000000
vn 0.000000 0.000000 -1.000000
vn 0.000000 0.000000 -1.000000
vn 0.000000 0.000000 -1.000000
vn 0.000000 0.000000 -1.000000
vn -0.000000 0.000000 -1.000000
vn 0.000000 -0.000000 -1.000000
vn 0.000000 -0.000000 -1.000000
vn -0.000000 0.000000 -1.000000
vn 0.000000 -0.000000 -1.000000
vn 0.000000 -0.000000 -1.000000
vn -0.000000 0.000000 -1.000000
vn 0.000000 -0.000000 -1.000000
vn 0.000000 -0.000000 -1.000000
vn -0.000000 0.000000 -1.000000
vn 0.000000 -0.000000 -1.000000
vn 0.000000 -0.000000 -1.000000
vn -0.000000 0.000000 -1.000000
vn 0.000000 -0.000000 -1.000000
vn -0.000000 0.000000 -1.000000
vn 0.000000 -0.000000 -1.000000
vn 0.000000 -0.000000 -1.000000
vn -0.000000 0.000000 -1.000000
vn 0.000000 0.000000 -1.000000
vn 0.000000 0.000000 -1.000000
vn -0.000000 0.000000 -1.000000
vn -0.000000 0.000000 -1.000000
vn 0.000000 0.000000 -1.000000
vn -0.000000 0.000000 -1.000000
vn 0.000000 0.000000 -1.000000
vn -0.000000 0.000000 -1.000000
vn -0.000000 0.000000 -1.000000
vn 0.000000 0.000000 -1.000000
vn -0.000000 0.000000 -1.000000
vn -0.000000 0.000000 -1.000000
vn 0.000000 0.000000 -1.000000
vn -0.000000 0.000000 -1.000000
vn -0.000000 0.000000 -1.000000
vn 0.000000 0.000000 -1.000000
vn -0.000000 0.000000 -1.000000
vn -0.000000 0.000000 -1.000000
vn 0.000000 0.000000 -1.000000
vn -0.000000 0.000000 -1.000000
vn -0.000000 0.000000 -1.000000
vn 0.000000 0.000000 -1.000000
vn -0.000000 0.000000 -1.000000
vn 0.000000 0.000000 -1.000000
vn -0.000000 0.000000 -1.000000
vn 0.000000 0.000000 -1.000000
vn -0.000000 0.000000 -1.000000
vn 0.000000 0.000000 -1.000000
vn -0.000000 0.000000 -1.000000
vn 0.000000 0.000000 -1.000000
vn -0.000000 -0.000000 -1.000000
vn -0.000000 0.000000 -1.000000
vn -0.000000 0.000000 -1.000000
vn -0.000000 -0.000000 -1.000000
vn -0.000000 -0.000000 -1.000000
vn -0.000000 0.000000 -1.000000
vn -0.000000 -0.000000 -1.000000
vn -0.000000 -0.000000 -1.000000
vn 0.000000 0.000000 -1.000000
vn -0.000000 0.000000 -1.000000
vn -0.000000 0.000000 -1.000000
vn -0.000000 0.000000 -1.000000
vn -0.000000 0.000000 -1.000000
vn 0.000000 -0.000000 -1.000000
vn 0.000000 -0.000000 -1.000000
vn 0.000000 0.000000 -1.000000
vn -0.000000 0.000000 -1.000000
vn 0.000000 0.000000 -1.000000
vn 0.000000 0.000000 -1.000000
vn 0.000000 -0.000000 -1.000000
vn -0.994870 0.101161 0.000000
vn -0.994870 0.101161 0.000000
vn -0.994870 -0.101161 0.000000
vn -0.994870 -0.101161 -0.000000
vn -0.954138 -0.299367 0.000000
vn -0.954138 -0.299367 -0.000000
vn -0.874341 -0.485311 0.000000
vn -0.874341 -0.485311 -0.000000
vn -0.758758 -0.651373 0.000000
vn -0.758758 -0.651373 -0.000000
vn -0.612115 -0.790769 0.000000
vn -0.612115 -0.790769 -0.000000
vn -0.440387 -0.897808 0.000000
vn -0.440387 -0.897808 -0.000000
vn -0.250656 -0.968076 0.000000
vn -0.250656 -0.968076 -0.000000
vn -0.050649 -0.998717 0.000000
vn -0.050649 -0.998717 -0.000000
vn 0.151428 -0.988468 0.000000
vn 0.151428 -0.988468 0.000000
vn 0.347306 -0.937752 0.000000
vn 0.347306 -0.937752 0.000000
vn 0.528970 -0.848641 0.000000
vn 0.528970 -0.848641 0.000000
vn 0.688961 -0.724798 0.000000
vn 0.688961 -0.724798 0.000000
vn 0.820766 -0.571265 0.000000
vn 0.820766 -0.571265 0.000000
vn 0.918954 -0.394365 0.000000
vn 0.918954 -0.394365 0.000000
vn 0.979532 -0.201288 0.000000
vn 0.979532 -0.201288 0.000000
vn 1.000000 0.000000 0.000000
vn 1.000000 -0.000000 0.000000
vn 0.979532 0.201288 0.000000
vn 0.979532 0.201288 0.000000
vn 0.918954 0.394365 0.000000
vn 0.918954 0.394365 0.000000
vn 0.820766 0.571265 0.000000
vn 0.820766 0.571265 0.000000
vn 0.688961 0.724798 0.000000
vn 0.688961 0.724798 0.000000
vn 0.528970 0.848641 0.000000
vn 0.528970 0.848641 0.000000
vn 0.347306 0.937752 0.000000
vn 0.347306 0.937752 0.000000
vn 0.151428 0.988468 0.000000
vn 0.151428 0.988468 0.000000
vn -0.050649 0.998717 0.000000
vn -0.050649 0.998717 0.000000
vn -0.250656 0.968076 0.000000
vn -0.250656 0.968076 0.000000
vn -0.440387 0.897808 0.000000
vn -0.440387 0.897808 0.000000
vn -0.612115 0.790769 0.000000
vn -0.612115 0.790769 0.000000
vn -0.758758 0.651373 0.000000
vn -0.758758 0.651373 0.000000
vn -0.874341 0.485311 0.000000
vn -0.874341 0.485311 0.000000
vn -0.954138 0.299367 0.000000
vn -0.954138 0.299367 0.000000
vn 0.969822 -0.243814 0.000000
vn 0.969822 -0.243814 0.000000
vn 0.884967 -0.465654 0.000000
vn 0.884967 -0.465654 0.000000
vn 0.750194 -0.661218 0.000000
vn 0.750194 -0.661218 0.000000
vn 0.573101 -0.819485 0.000000
vn 0.573101 -0.819485 0.000000
vn 0.363692 -0.931519 0.000000
vn 0.363692 -0.931519 0.000000
vn -0.983712 -0.179750 0.000000
vn -0.983712 -0.179750 -0.000000
vn -0.958910 -0.283710 0.000000
vn -0.958910 -0.283710 -0.000000
vn -0.923150 -0.384439 0.000000
vn -0.923150 -0.384439 -0.000000
vn -0.876855 -0.480756 0.000000
vn -0.876855 -0.480756 -0.000000
vn -0.820538 -0.571592 0.000000
vn -0.820538 -0.571592 -0.000000
vn -0.754847 -0.655901 0.000000
vn -0.754847 -0.655901 -0.000000
vn -0.680541 -0.732710 0.000000
vn -0.680541 -0.732710 -0.000000
vn -0.598448 -0.801161 0.000000
vn -0.598448 -0.801161 -0.000000
vn -0.509530 -0.860453 0.000000
vn -0.509530 -0.860453 -0.000000
vn -0.414790 -0.909917 0.000000
vn -0.414790 -0.909917 -0.000000
vn -0.315312 -0.948988 0.000000
vn -0.315312 -0.948988 -0.000000
vn -0.212229 -0.977220 0.000000
vn -0.212229 -0.977220 -0.000000
vn -0.106723 -0.994289 0.000000
vn -0.106723 -0.994289 -0.000000
vn 0.000000 -1.000000 0.000000
vn 0.000000 -1.000000 0.000000
vn 0.106723 -0.994289 0.000000
vn 0.106723 -0.994289 0.000000
vn 0.212229 -0.977220 0.000000
vn 0.212229 -0.977220 0.000000
vn 0.315312 -0.948988 0.000000
vn 0.315312 -0.948988 0.000000
vn 0.414790 -0.909917 0.000000
vn 0.414790 -0.909917 0.000000
vn 0.509530 -0.860453 0.000000
vn 0.509530 -0.860453 0.000000
vn 0.598448 -0.801161 0.000000
vn 0.598448 -0.801161 0.000000
vn 0.680541 -0.732710 0.000000
vn 0.680541 -0.732710 0.000000
vn 0.754847 -0.655901 0.000000
vn 0.754847 -0.655901 0.000000
vn 0.820538 -0.571592 0.000000
vn 0.820538 -0.571592 0.000000
vn 0.876855 -0.480756 0.000000
vn 0.876855 -0.480756 0.000000
vn 0.923150 -0.384439 0.000000
vn 0.923150 -0.384439 0.000000
vn 0.958910 -0.283710 0.000000
vn 0.958910 -0.283710 0.000000
vn 0.983712 -0.179750 0.000000
vn 0.983712 -0.179750 0.000000
vn 0.000000 0.000000 -1.000000
vn 0.000000 0.000000 -1.000000
vn 0.000000 0.000000 -1.000000
vn 0.000000 0.000000 -1.000000
vn 0.000000 0.000000 -1.000000
vn 0.000000 0.000000 -1.000000
vn 0.000000 0.000000 -1.000000
vn 0.000000 0.000000 -1.000000
vn 0.000000 0.000000 -1.000000
vn 0.000000 0.000000 -1.000000
vn -0.000000 0.000000 -1.000000
vn -0.000000 0.000000 -1.000000
vn 0.000000 0.000000 -1.000000
vn 0.000000 0.000000 -1.000000
vn 0.000000 0.000000 -1.000000
vn 0.000000 0.000000 -1.000000
vn 0.000000 0.000000 -1.000000
vn -0.000000 0.000000 -1.000000
vn -0.000000 0.000000 -1.000000
vn 0.000000 0.000000 -1.000000
vn 0.000000 0.000000 -1.000000
vn 0.000000 0.000000 -1.000000
vn 0.000000 0.000000 -1.000000
vn 0.000000 0.000000 -1.000000
vn 0.000000 0.000000 -1.000000
vn 0.000000 0.000000 -1.000000
vn 0.000000 0.000000 -1.000000
vn 0.000000 0.000000 -1.000000
vn 0.000000 0.000000 -1.000000
vn 0.000000 0.000000 -1.000000
vn 0.000000 0.000000 -1.000000
vn 0.000000 0.000000 -1.000000
vn 0.000000 0.000000 -1.000000
vn 0.000000 0.000000 -1.000000
vn 0.000000 0.000000 -1.000000
vn 0.000000 0.000000 -1.000000
vn 0.000000 0.000000 -1.000000
vn 0.000000 0.000000 -1.000000
vn 0.000000 -0.000000 -1.000000
vn -0.000000 0.000000 -1.000000
vn 0.000000 -0.000000 -1.000000
vn 0.000000 -0.000000 -1.000000
vn -0.000000 0.000000 -1.000000
vn 0.000000 -0.000000 -1.000000
vn -0.000000 0.000000 -1.000000
vn 0.000000 -0.000000 -1.000000
vn -0.000000 0.000000 -1.000000
vn 0.000000 -0.000000 -1.000000
vn -0.000000 0.000000 -1.000000
vn 0.000000 -0.000000 -1.000000
vn -0.000000 0.000000 -1.000000
vn 0.000000 -0.000000 -1.000000
vn -0.000000 0.000000 -1.000000
vn 0.000000 -0.000000 -1.000000
vn 0.000000 -0.000000 -1.000000
vn -0.000000 0.000000 -1.000000
vn 0.000000 -0.000000 -1.000000
vn -0.000000 0.000000 -1.000000
vn 0.000000 -0.000000 -1.000000
vn 0.000000 -0.000000 -1.000000
vn -0.000000 0.000000 -1.000000
vn 0.000000 -0.000000 -1.000000
vn -0.000000 0.000000 -1.000000
vn 0.000000 -0.000000 -1.000000
vn 0.000000 -0.000000 -1.000000
vn -0.000000 0.000000 -1.000000
vn 0.000000 0.000000 -1.000000
vn 0.000000 0.000000 -1.000000
vn -0.000000 0.000000 -1.000000
vn -0.000000 0.000000 -1.000000
vn 0.000000 0.000000 -1.000000
vn -0.000000 0.000000 -1.000000
vn 0.000000 0.000000 -1.000000
vn -0.000000 0.000000 -1.000000
vn -0.000000 0.000000 -1.000000
vn 0.000000 0.000000 -1.000000
vn -0.000000 0.000000 -1.000000
vn 0.000000 0.000000 -1.000000
vn -0.000000 0.000000 -1.000000
vn -0.000000 0.000000 -1.000000
vn 0.000000 0.000000 -1.000000
vn -0.000000 0.000000 -1.000000
vn 0.000000 0.000000 -1.000000
vn -0.000000 0.000000 -1.000000
vn 0.000000 0.000000 -1.000000
vn -0.000000 0.000000 -1.000000
vn 0.000000 0.000000 -1.000000
vn -0.000000 0.000000 -1.000000
vn -0.000000 0.000000 -1.000000
vn 0.000000 0.000000 -1.000000
vn -0.000000 0.000000 -1.000000
vn 0.000000 0.000000 -1.000000
vn -0.000000 0.000000 -1.000000
vn 0.000000 0.000000 -1.000000
vn -0.000000 0.000000 -1.000000
vn 0.000000 0.000000 -1.000000
vn -0.000000 0.000000 -1.000000
vn 0.000000 0.000000 -1.000000
vn 0.000000 0.000000 -1.000000
vn 0.000000 0.000000 -1.000000
vn 0.000000 0.000000 -1.000000
vn 0.000000 0.000000 -1.000000
vn -0.000000 0.000000 -1.000000
vn 0.000000 0.000000 -1.000000
vn 0.000000 0.000000 -1.000000
vn 0.000000 0.000000 -1.000000
vn 0.000000 0.000000 -1.000000
vn 0.000000 0.000000 -1.000000
vn 0.000000 0.000000 -1.000000
vn 0.000000 0.000000 -1.000000
vn 0.000000 0.000000 -1.000000
vn 0.000000 0.000000 -1.000000
vn 0.000000 0.000000 -1.000000
vn 0.000000 0.000000 -1.000000
vn 0.000000 0.000000 -1.000000
vn -0.000000 0.000000 -1.000000
vn -0.000000 0.000000 -1.000000
vn 0.000000 -0.000000 -1.000000
vn 0.000000 0.000000 -1.000000
vn 0.000000 0.000000 -1.000000
vn 0.000000 0.000000 -1.000000
vn 0.000000 0.000000 -1.000000
vn 0.000000 0.000000 -1.000000
vn 0.000000 0.000000 -1.000000
vn 0.000000 0.000000 -1.000000
vn 0.000000 0.000000 -1.000000
vn -0.000000 0.000000 -1.000000
vn -0.000000 0.000000 -1.000000
vn -0.000000 0.000000 -1.000000
vn 0.000000 0.000000 -1.000000
vn -0.000000 0.000000 -1.000000
vn 0.000000 0.000000 -1.000000
vn 0.000000 0.000000 -1.000000
vn 0.000000 0.000000 -1.000000
vn 0.000000 0.000000 -1.000000
vn -0.363692 -0.931519 0.000000
vn -0.363692 -0.931519 -0.000000
vn -0.573101 -0.819485 0.000000
vn -0.573101 -0.819485 -0.000000
vn -0.750194 -0.661218 0.000000
vn -0.750194 -0.661218 -0.000000
vn -0.884967 -0.465654 0.000000
vn -0.884967 -0.465654 -0.000000
vn -0.969822 -0.243814 0.000000
vn -0.969822 -0.243814 -0.000000
vn -0.976670 0.214746 0.000000
vn -0.976670 0.214746 0.000000
vn -0.999353 0.035960 0.000000
vn -0.999353 0.035960 0.000000
vn -0.989576 -0.144011 0.000000
vn -0.989576 -0.144011 -0.000000
vn -0.947652 -0.319304 0.000000
vn -0.947652 -0.319304 -0.000000
vn -0.874944 -0.484225 0.000000
vn -0.874944 -0.484225 -0.000000
vn -0.773822 -0.633403 0.000000
vn -0.773822 -0.633403 -0.000000
vn -0.647564 -0.762011 0.000000
vn -0.647564 -0.762011 -0.000000
vn -0.500256 -0.865877 0.000000
vn -0.500256 -0.865877 -0.000000
vn -0.336711 -0.941608 0.000000
vn -0.336711 -0.941608 -0.000000
vn 0.760550 -0.649279 0.001040
vn 0.782552 -0.622586 -0.000401
vn 0.835603 -0.549334 0.000480
vn 0.726670 -0.686986 -0.000510
vn 0.673680 -0.739023 0.000779
vn 0.636506 -0.771270 -0.001684
vn 0.579352 -0.815077 0.000833
vn 0.506661 -0.862144 -0.001409
vn 0.479380 -0.877607 0.000178
vn 0.375927 -0.926649 -0.000294
vn 0.365372 -0.930861 -0.000907
vn 0.271035 -0.962569 0.000524
vn 0.218173 -0.975909 -0.001173
vn 0.163857 -0.986484 0.000429
vn 0.073706 -0.997280 -0.000743
vn 0.055697 -0.998448 -0.000034
vn 0.000810 -1.000000 0.000000
vn 0.847606 -0.530623 0.001927
vn 0.884276 -0.466965 -0.000685
vn 0.923458 -0.383699 0.001251
vn 0.924522 -0.381126 0.001471
vn 0.955115 -0.296234 -0.000699
vn 0.975310 -0.220831 0.001902
vn 0.984676 -0.174386 -0.001425
vn 0.998522 -0.054317 0.001596
vn 0.999789 -0.020500 -0.001062
vn 0.993510 0.113739 0.001178
vn 0.990994 0.133904 -0.000587
vn 0.960415 0.278574 0.000645
vn 0.958505 0.285076 -0.000000
vn 0.933596 0.358327 -0.000000
vn 0.933596 0.358327 -0.000000
vn -0.848643 -0.528962 0.002055
vn -0.835603 -0.549334 0.000480
vn -0.782551 -0.622586 -0.000401
vn -0.926754 -0.375664 0.001725
vn -0.923470 -0.383670 0.001061
vn -0.884272 -0.466972 -0.000655
vn -0.977432 -0.211236 0.002280
vn -0.973035 -0.230657 0.001226
vn -0.955115 -0.296234 -0.000710
vn -0.999176 -0.040575 0.000231
vn -0.998935 -0.046145 -0.000344
vn -0.988280 -0.152650 0.000095
vn -0.991775 0.127992 -0.000232
vn -0.991345 0.131282 0.000115
vn -0.954500 0.298210 -0.000119
vn -0.954165 0.299282 0.000000
vn -0.981415 -0.191891 0.001233
vn -0.760453 -0.649392 0.001046
vn -0.726669 -0.686987 -0.000507
vn -0.673577 -0.739117 0.000772
vn -0.636510 -0.771267 -0.001692
vn -0.578952 -0.815361 0.000830
vn -0.506664 -0.862143 -0.001414
vn -0.479100 -0.877760 0.000184
vn -0.375646 -0.926763 -0.000304
vn -0.365377 -0.930859 -0.000902
vn -0.270817 -0.962631 0.000522
vn -0.218167 -0.975911 -0.001173
vn -0.163641 -0.986520 0.000430
vn -0.073708 -0.997280 -0.000746
vn -0.055566 -0.998455 -0.000032
vn -0.000850 -1.000000 -0.000000
vn -0.924885 0.380247 0.000000
vn -0.924885 0.380247 0.000000
vn -0.002707 -0.983668 -0.179970
vn -0.000000 -0.991445 -0.130528
vn -0.000000 -0.991445 -0.130528
vn 0.000000 -0.923881 -0.382680
vn -0.000000 -0.923881 -0.382680
vn 0.000000 -0.793355 -0.608759
vn -0.000000 -0.793355 -0.608759
vn 0.000000 -0.608764 -0.793351
vn -0.003868 -0.608759 -0.793345
vn 0.002300 -0.533790 -0.845614
vn -0.003555 -0.382678 -0.923875
vn 0.001474 -0.343657 -0.939094
vn -0.001904 -0.124557 -0.992211
vn 0.000000 -0.130521 -0.991446
vn 0.000000 -0.130521 -0.991446
vn 0.000000 -0.382680 -0.923881
vn 0.000000 -0.382680 -0.923881
vn 0.000000 -0.608764 -0.793351
vn 0.000000 -0.608764 -0.793351
vn 0.000000 -0.793355 -0.608759
vn 0.002703 -0.793352 -0.608757
vn -0.005040 -0.857573 -0.514338
vn 0.001980 -0.923879 -0.382680
vn -0.001800 -0.691099 -0.722757
vn 0.003860 -0.608760 -0.793345
vn -0.000000 -0.608764 -0.793351
vn 0.000000 -0.382680 -0.923881
vn -0.000000 -0.382680 -0.923881
vn 0.000000 -0.130521 -0.991445
vn -0.002320 -0.533925 -0.845529
vn 0.003508 -0.382678 -0.923875
vn -0.000000 -0.382680 -0.923881
vn 0.000000 -0.249803 -0.968297
vn 0.000315 -0.148821 -0.988864
vn 0.000000 -0.121313 -0.992614
vn -0.001481 -0.344013 -0.938964
vn 0.001792 -0.690604 -0.723231
vn -0.002680 -0.793352 -0.608757
vn 0.000000 -0.793355 -0.608759
vn 0.000000 -0.923881 -0.382680
vn 0.000000 -0.923881 -0.382680
vn 0.000000 -0.991271 -0.131843
vn -0.000012 -0.991358 -0.131183
vn -0.000000 -0.999999 -0.001437
vn 0.005019 -0.856870 -0.515509
vn -0.002006 -0.923879 -0.382680
vn 0.000000 -0.923881 -0.382680
vn 0.000000 -0.991271 -0.131843
vn 0.002738 -0.983249 -0.182246
vn 0.000000 -0.923881 -0.382680
vn 0.000000 -0.923881 -0.382680
vn 0.000000 -0.793355 -0.608759
vn -0.000000 -0.923881 -0.382680
vn 0.000000 -0.793355 -0.608759
vn -0.000000 -0.793355 -0.608759
vn 0.000000 -0.608764 -0.793351
vn -0.000000 -0.608764 -0.793351
vn 0.000000 -0.382680 -0.923881
vn 0.000000 -0.793355 -0.608759
vn 0.000000 -0.608764 -0.793351
vn 0.000000 -0.608764 -0.793351
vn 0.000000 -0.382680 -0.923881
vn 0.000000 -0.382680 -0.923881
vn -0.000000 -1.000000 0.000000
vn 0.000000 -1.000000 0.000000
vn 0.000000 -1.000000 0.000000
vn 0.000000 -1.000000 0.000000
vn 0.000000 -1.000000 0.000000
vn 0.000000 -1.000000 0.000000
vn 0.000000 -1.000000 0.000000
vn -0.000000 -1.000000 0.000000
vn 0.000000 -1.000000 0.000000
vn -0.000000 -1.000000 0.000000
vn 0.000000 -1.000000 0.000000
vn -0.000000 -1.000000 0.000000
vn 0.000000 -1.000000 0.000000
vn -0.000000 -1.000000 0.000000
vn 0.000000 -1.000000 0.000000
vn 0.000000 -1.000000 0.000000
vn -0.000000 -1.000000 0.000000
vn 0.000000 -1.000000 0.000000
vn -0.000000 -1.000000 0.000000
vn 0.000000 -1.000000 0.000000
vn 0.000000 -1.000000 0.000000
vn 0.000000 -1.000000 0.000000
vn 0.000000 -1.000000 0.000000
vn 0.000000 -1.000000 0.000000
vn -0.000000 -1.000000 0.000000
vn 0.000000 -1.000000 0.000000
vn 0.000000 -1.000000 0.000000
vn -0.000000 -1.000000 0.000000
vn 0.000000 -1.000000 0.000000
vn 0.000000 -1.000000 0.000000
vn 0.000000 -1.000000 0.000000
vn 0.000000 -1.000000 -0.000000
vn 0.000000 -1.000000 0.000000
vn 0.000000 -1.000000 -0.000000
vn 0.000000 -1.000000 -0.000000
vn 0.000000 -1.000000 0.000000
vn 0.000000 -1.000000 -0.000000
vn 0.000000 -1.000000 -0.000000
vn 0.000000 -1.000000 0.000000
vn 0.000000 -1.000000 0.000000
vn -0.000000 -1.000000 -0.000000
vn 0.000000 -1.000000 -0.000000
vn 0.000000 -1.000000 0.000000
vn 0.000000 -1.000000 0.000000
vn 0.000000 -1.000000 0.000000
vn 0.000000 -1.000000 0.000000
vn 0.000000 -1.000000 0.000000
vn 0.000000 -1.000000 0.000000
vn 0.000000 -1.000000 0.000000
vn 0.000000 -1.000000 0.000000
vn 0.000000 -1.000000 0.000000
vn 0.000000 -1.000000 0.000000
vn 0.000000 -1.000000 -0.000000
vn 0.000000 -1.000000 -0.000000
vn 0.000000 -1.000000 0.000000
vn 0.000000 -1.000000 -0.000000
vn 0.000000 -1.000000 -0.000000
vn 0.000000 -1.000000 0.000000
vn 0.000000 -1.000000 0.000000
vn 0.000000 -1.000000 0.000000
vn 0.000000 -1.000000 0.000000
vn 0.000000 -1.000000 0.000000
vn 0.000000 -1.000000 0.000000
vn 0.000000 -1.000000 0.000000
vn 0.000000 -1.000000 0.000000
vn 0.000000 -1.000000 0.000000
vn 0.000000 -1.000000 0.000000
vn -0.000000 -1.000000 0.000000
vn 0.000000 -1.000000 0.000000
vn 0.000000 -1.000000 0.000000
vn 0.000000 -1.000000 0.000000
vn 0.000000 -1.000000 0.000000
vn 0.000000 -1.000000 0.000000
vn 0.000000 -1.000000 0.000000
vn 0.000000 -1.000000 0.000000
vn 0.000000 -1.000000 0.000000
vn 0.000000 -1.000000 0.000000
vn 0.000000 -1.000000 0.000000
vn 0.000000 -1.000000 0.000000
vn 0.000000 -1.000000 0.000000
vn 0.000000 -1.000000 0.000000
vn 0.000000 -1.000000 0.000000
vn 0.000000 -1.000000 0.000000
vn 0.000000 -1.000000 0.000000
vn 0.000000 -1.000000 0.000000
vn 0.000000 -1.000000 0.000000
vn 0.000000 -1.000000 0.000000
vn 0.000000 -1.000000 0.000000
vn 0.000000 -1.000000 0.000000
vn 0.000000 -1.000000 0.000000
vn 0.000000 -1.000000 0.000000
vn 0.000000 -1.000000 0.000000
vn -0.000000 -1.000000 0.000000
vn -0.000000 -1.000000 0.000000
vn 0.000000 -1.000000 0.000000
vn -0.000000 -1.000000 0.000000
vn -0.000000 -1.000000 0.000000
vn 0.000000 -1.000000 0.000000
vn -0.000000 -1.000000 0.000000
vn -0.000000 -1.000000 0.000000
vn -0.000000 -1.000000 0.000000
vn 0.000000 0.000000 1.000000
vn 0.000000 0.000000 1.000000
vn 0.000000 0.000000 1.000000
vn 0.000000 0.000000 1.000000
vn 0.000000 0.000000 1.000000
vn -0.000000 1.000000 0.000000
vn -0.000000 1.000000 0.000000
vn -0.000000 1.000000 0.000000
vn 0.000000 1.000000 0.000000
vn 0.000000 1.000000 0.000000
vn 0.000000 1.000000 0.000000
vn 0.000000 1.000000 0.000000
vn 0.000000 1.000000 0.000000
vn 0.000000 1.000000 0.000000
vn -0.000000 1.000000 0.000000
vn -0.000000 1.000000 0.000000
vn -0.000000 1.000000 0.000000
vn 0.000000 1.000000 0.000000
vn 0.000000 1.000000 0.000000
vn 0.000000 1.000000 0.000000
vn 0.000000 1.000000 0.000000
vn 0.000000 1.000000 0.000000
vn 0.000000 1.000000 0.000000
vn 0.000000 1.000000 0.000000
vn 0.000000 1.000000 0.000000
vn 0.000000 1.000000 0.000000
vn 0.000000 1.000000 0.000000
vn 0.000000 1.000000 0.000000
vn 0.000000 1.000000 0.000000
vn 0.000000 1.000000 0.000000
vn 0.000000 1.000000 0.000000
vn 0.000000 1.000000 0.000000
vn 0.000000 1.000000 0.000000
vn 0.000000 1.000000 0.000000
vn 0.000000 1.000000 0.000000
vn 0.000000 1.000000 0.000000
vn 0.000000 1.000000 0.000000
vn 0.000000 1.000000 0.000000
vn 0.000000 1.000000 0.000000
vn 0.000000 1.000000 0.000000
vn 0.000000 1.000000 0.000000
vn 0.000000 1.000000 0.000000
vn 0.000000 1.000000 0.000000
vn 0.000000 1.000000 0.000000
vn 0.000000 1.000000 0.000000
vn 0.000000 1.000000 0.000000
vn 0.000000 1.000000 0.000000
vn 0.000000 1.000000 0.000000
vn 0.000000 1.000000 0.000000
vn 0.000000 1.000000 0.000000
vn 0.000000 1.000000 0.000000
vn 0.000000 1.000000 0.000000
vn 0.000000 1.000000 0.000000
vn 0.000000 1.000000 0.000000
vn 0.000000 1.000000 0.000000
vn 0.000000 1.000000 0.000000
vn 0.000000 1.000000 0.000000
vn 0.000000 1.000000 0.000000
vn 0.000000 1.000000 0.000000
vn 0.000000 1.000000 0.000000
vn 0.000000 1.000000 0.000000
vn 0.000000 1.000000 0.000000
vn 0.000000 1.000000 0.000000
vn 0.000000 1.000000 0.000000
vn 0.000000 1.000000 0.000000
vn 0.000000 1.000000 0.000000
vn 0.000000 1.000000 0.000000
vn 0.000000 1.000000 0.000000
vn 0.000000 1.000000 0.000000
vn 0.000000 1.000000 -0.000000
vn 0.000000 1.000000 0.000000
vn 0.000000 1.000000 -0.000000
vn 0.000000 1.000000 -0.000000
vn 0.000000 1.000000 0.000000
vn 0.000000 1.000000 -0.000000
vn 0.000000 1.000000 0.000000
vn 0.000000 1.000000 -0.000000
vn 0.000000 1.000000 0.000000
vn 0.000000 1.000000 -0.000000
vn 0.000000 1.000000 0.000000
vn 0.000000 1.000000 -0.000000
vn 0.000000 1.000000 0.000000
vn 0.000000 1.000000 -0.000000
vn 0.000000 1.000000 0.000000
vn 0.000000 1.000000 -0.000000
vn 0.000000 1.000000 0.000000
vn 0.000000 1.000000 -0.000000
vn 0.000000 1.000000 0.000000
vn 0.000000 1.000000 -0.000000
vn 0.000000 1.000000 0.000000
vn 0.000000 1.000000 -0.000000
vn 0.000000 1.000000 0.000000
vn 0.000000 1.000000 -0.000000
vn 0.000000 1.000000 0.000000
vn 0.000000 1.000000 -0.000000
vn 0.000000 1.000000 0.000000
vn 0.000000 1.000000 -0.000000
vn 0.000000 1.000000 0.000000
vn 0.000000 1.000000 -0.000000
vn 0.000000 1.000000 0.000000
vn 0.000000 1.000000 -0.000000
vn 0.000000 1.000000 0.000000
vn 0.000000 1.000000 -0.000000
vn 0.000000 1.000000 0.000000
vn 0.000000 1.000000 -0.000000
vn 0.000000 1.000000 0.000000
vn 0.000000 1.000000 -0.000000
vn 0.000000 1.000000 0.000000
vn 0.000000 1.000000 -0.000000
vn 0.000000 1.000000 0.000000
vn 0.000000 1.000000 -0.000000
vn 0.000000 1.000000 0.000000
vn 0.000000 1.000000 -0.000000
vn 0.000000 1.000000 0.000000
vn 0.000000 1.000000 -0.000000
vn 0.947141 0.320817 0.000000
vn 0.947141 0.320817 0.000000
vn 0.933593 0.358335 0.000000
vn 0.918571 0.395256 0.000000
vn 0.918571 0.395256 -0.000000
vn 0.933593 0.358335 0.000000
vn -0.902332 0.431041 0.000000
vn -0.902332 0.431041 0.000000
vn -0.924881 0.380258 0.000000
vn -0.944588 0.328257 0.000000
vn -0.944588 0.328257 0.000000
vn -0.924881 0.380258 0.000000
vn 0.336711 -0.941608 0.000000
vn 0.336711 -0.941608 0.000000
vn 0.500256 -0.865877 0.000000
vn 0.500256 -0.865877 0.000000
vn 0.647564 -0.762011 0.000000
vn 0.647564 -0.762011 0.000000
vn 0.773822 -0.633403 0.000000
vn 0.773822 -0.633403 0.000000
vn 0.874944 -0.484225 0.000000
vn 0.874944 -0.484225 0.000000
vn 0.947652 -0.319304 0.000000
vn 0.947652 -0.319304 0.000000
vn 0.989576 -0.144011 0.000000
vn 0.989576 -0.144011 0.000000
vn 0.999353 0.035960 0.000000
vn 0.999353 0.035960 0.000000
vn 0.976670 0.214746 0.000000
vn 0.976670 0.214746 0.000000
vn 0.000000 0.000000 -1.000000
vn 0.000000 0.000000 -1.000000
vn 0.000000 0.000000 -1.000000
vn 0.000000 0.000000 -1.000000
vn 0.000000 0.000000 -1.000000
vn 0.000000 0.000000 -1.000000
vn 0.000000 0.000000 -1.000000
vn 0.000000 0.000000 -1.000000
vn 0.000000 0.000000 -1.000000
vn 0.000000 0.000000 -1.000000
vn 0.000000 0.000000 -1.000000
vn 0.000000 0.000000 -1.000000
vn 0.000000 0.000000 -1.000000
vn 0.000000 -0.000000 -1.000000
vn 0.000000 -0.000000 -1.000000
vn 0.000000 -0.000000 -1.000000
vn 0.000000 -0.000000 -1.000000
vn 0.000000 -0.000000 -1.000000
vn 0.000000 -0.000000 -1.000000
vn 0.000000 -0.000000 -1.000000
vn 0.000000 -0.000000 -1.000000
vn 0.000000 -0.000000 -1.000000
vn 0.000000 0.000000 -1.000000
vn 0.000000 0.000000 -1.000000
vn 0.000000 0.000000 -1.000000
vn 0.000000 0.000000 -1.000000
vn 0.000000 0.000000 -1.000000
vn 0.000000 0.000000 -1.000000
vn 0.000000 0.000000 -1.000000
vn 0.000000 0.000000 -1.000000
vn 0.000000 0.000000 -1.000000
vn 0.000000 0.000000 -1.000000
vn 0.000000 0.000000 -1.000000
vn 0.000000 0.000000 -1.000000
vn 0.000000 0.000000 -1.000000
vn 0.000000 -0.000000 -1.000000
vn 0.000000 -0.000000 -1.000000
vn 0.000000 -0.000000 -1.000000
vn 0.000000 -0.000000 -1.000000
vn 0.000000 -0.000000 -1.000000
vn 0.000000 -0.000000 -1.000000
vn 0.000000 -0.000000 -1.000000
vn 0.000000 -0.000000 -1.000000
vn 0.000000 -0.000000 -1.000000
vn -0.992648 0.000606 0.121032
vn -0.159136 -0.704090 0.692050
vn -0.184336 -0.709805 0.679850
vn -0.218035 -0.704083 0.675816
vn -0.242548 -0.709814 0.661313
vn -0.275315 -0.704074 0.654584
vn -0.298949 -0.709822 0.637794
vn -0.330563 -0.704070 0.628501
vn -0.353093 -0.709829 0.609482
vn -0.383366 -0.704066 0.597764
vn -0.404581 -0.709832 0.576587
vn -0.433325 -0.704062 0.562607
vn -0.453023 -0.709834 0.539356
vn -0.480082 -0.704059 0.523280
vn -0.498064 -0.709834 0.498064
vn -0.523280 -0.704059 0.480082
vn -0.539356 -0.709834 0.453023
vn -0.562607 -0.704062 0.433325
vn -0.576587 -0.709832 0.404581
vn -0.597764 -0.704066 0.383366
vn -0.609482 -0.709829 0.353093
vn -0.628501 -0.704070 0.330563
vn -0.637794 -0.709822 0.298949
vn -0.654584 -0.704074 0.275315
vn -0.661313 -0.709814 0.242548
vn -0.675816 -0.704083 0.218035
vn -0.679850 -0.709805 0.184336
vn -0.690766 -0.704731 0.161850
vn -0.693119 -0.702982 0.159384
vn 0.159384 -0.702982 0.693119
vn 0.161850 -0.704731 0.690766
vn 0.184336 -0.709805 0.679850
vn 0.218035 -0.704083 0.675816
vn 0.242548 -0.709814 0.661313
vn 0.275315 -0.704074 0.654584
vn 0.298946 -0.709822 0.637796
vn 0.330563 -0.704069 0.628502
vn 0.353094 -0.709828 0.609483
vn 0.383367 -0.704064 0.597766
vn 0.404585 -0.709832 0.576585
vn 0.433325 -0.704062 0.562607
vn 0.453023 -0.709834 0.539356
vn 0.480078 -0.704060 0.523283
vn 0.498063 -0.709836 0.498063
vn 0.523283 -0.704060 0.480078
vn 0.539356 -0.709834 0.453023
vn 0.562607 -0.704062 0.433325
vn 0.576587 -0.709832 0.404581
vn 0.597764 -0.704066 0.383366
vn 0.609482 -0.709829 0.353093
vn 0.628501 -0.704070 0.330563
vn 0.637794 -0.709822 0.298949
vn 0.654584 -0.704074 0.275315
vn 0.661313 -0.709814 0.242548
vn 0.675816 -0.704083 0.218035
vn 0.679850 -0.709805 0.184336
vn 0.692046 -0.704092 0.159144
vn 0.123441 -0.001961 0.992350
vn 0.965151 0.000000 0.261693
vn 0.965151 0.000000 0.261693
vn 0.938846 0.000000 0.344338
vn 0.938846 -0.000000 0.344338
vn 0.905469 0.000000 0.424413
vn 0.905469 -0.000000 0.424413
vn 0.865281 0.000000 0.501286
vn 0.865281 -0.000000 0.501286
vn 0.818584 0.000000 0.574386
vn 0.818584 -0.000000 0.574386
vn 0.765730 0.000000 0.643162
vn 0.765730 -0.000000 0.643162
vn 0.707107 0.000000 0.707107
vn 0.707107 -0.000000 0.707107
vn 0.643162 0.000000 0.765730
vn 0.643162 -0.000000 0.765730
vn 0.574391 0.000000 0.818581
vn 0.574391 -0.000000 0.818581
vn 0.501286 0.000000 0.865281
vn 0.501286 -0.000000 0.865281
vn 0.424409 0.000000 0.905470
vn 0.424409 -0.000000 0.905470
vn 0.344338 0.000000 0.938846
vn 0.344338 -0.000000 0.938846
vn 0.261693 0.000000 0.965151
vn 0.261693 0.000000 0.965151
vn -0.261693 0.000000 0.965151
vn -0.261693 0.000000 0.965151
vn -0.344338 0.000000 0.938846
vn -0.344338 0.000000 0.938846
vn -0.424413 0.000000 0.905469
vn -0.424413 0.000000 0.905469
vn -0.501286 0.000000 0.865281
vn -0.501286 0.000000 0.865281
vn -0.574386 0.000000 0.818584
vn -0.574386 0.000000 0.818584
vn -0.643162 0.000000 0.765730
vn -0.643162 0.000000 0.765730
vn -0.707107 0.000000 0.707107
vn -0.707107 0.000000 0.707107
vn -0.765730 0.000000 0.643162
vn -0.765730 0.000000 0.643162
vn -0.818584 0.000000 0.574386
vn -0.818584 0.000000 0.574386
vn -0.865281 0.000000 0.501286
vn -0.865281 0.000000 0.501286
vn -0.905469 0.000000 0.424413
vn -0.905469 0.000000 0.424413
vn -0.938846 0.000000 0.344338
vn -0.938846 0.000000 0.344338
vn -0.965151 0.000000 0.261693
vn -0.965151 0.000000 0.261693
vn 0.000000 -1.000000 0.000000
vn 0.000000 -1.000000 -0.000000
vn 0.000000 -1.000000 -0.000000
vn 0.000000 -1.000000 0.000000
vn 0.000000 -1.000000 -0.000000
vn 0.000000 -1.000000 0.000000
vn 0.000000 -1.000000 -0.000000
vn 0.000000 -1.000000 0.000000
vn 0.000000 -1.000000 -0.000000
vn 0.000000 -1.000000 -0.000000
vn 0.000000 -1.000000 0.000000
vn 0.000000 -1.000000 -0.000000
vn 0.000000 -1.000000 -0.000000
vn 0.000000 -1.000000 0.000000
vn 0.000000 -1.000000 -0.000000
vn 0.000000 -1.000000 0.000000
vn 0.000000 -1.000000 0.000000
vn 0.000000 -1.000000 0.000000
vn 0.000000 -1.000000 0.000000
vn 0.000000 -1.000000 0.000000
vn 0.000000 -1.000000 0.000000
vn 0.000000 -1.000000 0.000000
vn 0.000000 -1.000000 0.000000
vn 0.000000 -1.000000 0.000000
vn 0.000000 -1.000000 0.000000
vn 0.000000 -1.000000 0.000000
vn 0.000000 -1.000000 0.000000
vn 0.000000 -1.000000 0.000000
vn 0.000000 -1.000000 0.000000
vn 0.000000 -1.000000 0.000000
vn 0.000000 -1.000000 0.000000
vn 0.000000 -1.000000 0.000000
vn 0.000000 -1.000000 0.000000
vn 0.000000 -1.000000 0.000000
vn 0.000000 -1.000000 0.000000
vn 0.000000 -1.000000 0.000000
vn 0.000000 -1.000000 0.000000
vn 0.000000 -1.000000 0.000000
vn -0.000000 -1.000000 0.000000
vn -0.000000 -1.000000 0.000000
vn 0.000000 -1.000000 0.000000
vn -0.000000 -1.000000 0.000000
vn 0.121599 0.000000 -0.992579
vn 0.121599 0.000000 -0.992579
vn 0.121600 -0.000002 -0.992579
vn 0.121597 0.000006 -0.992580
vn 0.121601 0.000000 -0.992579
vn 0.121599 -0.000006 -0.992579
vn 0.706939 -0.706939 -0.021779
vn 0.706429 -0.707435 -0.022200
vn 0.704735 -0.706459 -0.065303
vn 0.703160 -0.707918 -0.066469
vn 0.699833 -0.705998 -0.108634
vn 0.697142 -0.708379 -0.110417
vn 0.692248 -0.705555 -0.151606
vn 0.688404 -0.708817 -0.153876
vn 0.682011 -0.705128 -0.194050
vn 0.676979 -0.709236 -0.196682
vn 0.669152 -0.704724 -0.235797
vn 0.662914 -0.709637 -0.238663
vn 0.653715 -0.704340 -0.276698
vn 0.646272 -0.710012 -0.279668
vn 0.635771 -0.703971 -0.316576
vn 0.627121 -0.710366 -0.319530
vn 0.615380 -0.703620 -0.355285
vn 0.605516 -0.710711 -0.358106
vn 0.592601 -0.703299 -0.392677
vn 0.581577 -0.711024 -0.395239
vn 0.567553 -0.702986 -0.428596
vn 0.555376 -0.711320 -0.430792
vn 0.540309 -0.702695 -0.462910
vn 0.527020 -0.711595 -0.464631
vn 0.510980 -0.702426 -0.495477
vn 0.496621 -0.711854 -0.496621
vn 0.479673 -0.702178 -0.526175
vn 0.464299 -0.712090 -0.526644
vn 0.446513 -0.701948 -0.554883
vn 0.430178 -0.712308 -0.554585
vn 0.411625 -0.701739 -0.581487
vn 0.394396 -0.712504 -0.580336
vn 0.375148 -0.701548 -0.605883
vn 0.357091 -0.712679 -0.603800
vn 0.337216 -0.701373 -0.627982
vn 0.318395 -0.712835 -0.624893
vn 0.297981 -0.701226 -0.647680
vn 0.278477 -0.712974 -0.643520
vn 0.257590 -0.701094 -0.664917
vn 0.237479 -0.713091 -0.659624
vn 0.216204 -0.700986 -0.679614
vn 0.195565 -0.713192 -0.673135
vn 0.173972 -0.700895 -0.691723
vn 0.152895 -0.713267 -0.684013
vn 0.131075 -0.700822 -0.701190
vn 0.109635 -0.713325 -0.692205
vn 0.087668 -0.700771 -0.707979
vn 0.065951 -0.713365 -0.697683
vn 0.043918 -0.700741 -0.712063
vn 0.022011 -0.713384 -0.700427
vn -0.000000 -0.700732 -0.713425
vn -0.022011 -0.713384 -0.700427
vn -0.043918 -0.700741 -0.712063
vn -0.065951 -0.713365 -0.697683
vn -0.087668 -0.700771 -0.707979
vn -0.109635 -0.713325 -0.692205
vn -0.131075 -0.700822 -0.701190
vn -0.152895 -0.713267 -0.684013
vn -0.173972 -0.700894 -0.691723
vn -0.195564 -0.713192 -0.673136
vn -0.216204 -0.700984 -0.679615
vn -0.237479 -0.713090 -0.659626
vn -0.257590 -0.701092 -0.664919
vn -0.278479 -0.712973 -0.643520
vn -0.297979 -0.701227 -0.647680
vn -0.318393 -0.712838 -0.624891
vn -0.337218 -0.701374 -0.627980
vn -0.357091 -0.712679 -0.603800
vn -0.375148 -0.701548 -0.605883
vn -0.394396 -0.712504 -0.580336
vn -0.411625 -0.701739 -0.581487
vn -0.430178 -0.712308 -0.554585
vn -0.446509 -0.701950 -0.554883
vn -0.464295 -0.712093 -0.526644
vn -0.479677 -0.702175 -0.526175
vn -0.496625 -0.711851 -0.496620
vn -0.510980 -0.702426 -0.495477
vn -0.527020 -0.711595 -0.464631
vn -0.540304 -0.702699 -0.462910
vn -0.555371 -0.711323 -0.430793
vn -0.567553 -0.702986 -0.428596
vn -0.581577 -0.711024 -0.395239
vn -0.592606 -0.703295 -0.392675
vn -0.605522 -0.710707 -0.358104
vn -0.615374 -0.703624 -0.355287
vn -0.627116 -0.710371 -0.319528
vn -0.635772 -0.703971 -0.316572
vn -0.646272 -0.710012 -0.279668
vn -0.653715 -0.704340 -0.276698
vn -0.662914 -0.709637 -0.238663
vn -0.669152 -0.704724 -0.235797
vn -0.676979 -0.709236 -0.196682
vn -0.682011 -0.705128 -0.194050
vn -0.688404 -0.708817 -0.153876
vn -0.692248 -0.705555 -0.151606
vn -0.697142 -0.708379 -0.110417
vn -0.699833 -0.705998 -0.108634
vn -0.703160 -0.707918 -0.066469
vn -0.704735 -0.706459 -0.065303
vn -0.706429 -0.707435 -0.022200
vn -0.706939 -0.706939 -0.021779
vn 0.706968 0.706968 0.019837
vn 0.706651 0.707264 0.020561
vn 0.705019 0.706691 0.059465
vn 0.703974 0.707550 0.061592
vn 0.700826 0.706437 0.098939
vn 0.698943 0.707811 0.102379
vn 0.694405 0.706202 0.138130
vn 0.691575 0.708048 0.142800
vn 0.685776 0.705988 0.176896
vn 0.681894 0.708264 0.182712
vn 0.674960 0.705796 0.215128
vn 0.669932 0.708457 0.221992
vn 0.661994 0.705626 0.252697
vn 0.655734 0.708625 0.260504
vn 0.646921 0.705475 0.289479
vn 0.639342 0.708773 0.298132
vn 0.629785 0.705347 0.325355
vn 0.620816 0.708897 0.334741
vn 0.610645 0.705241 0.360207
vn 0.600217 0.708999 0.370216
vn 0.589556 0.705154 0.393931
vn 0.577608 0.709078 0.404448
vn 0.566592 0.705090 0.426406
vn 0.553072 0.709133 0.437312
vn 0.541827 0.705047 0.457528
vn 0.526680 0.709169 0.468708
vn 0.515333 0.705027 0.487204
vn 0.498529 0.709181 0.498529
vn 0.487204 0.705027 0.515333
vn 0.468708 0.709169 0.526680
vn 0.457528 0.705047 0.541827
vn 0.437312 0.709133 0.553072
vn 0.426406 0.705090 0.566592
vn 0.404448 0.709078 0.577608
vn 0.393931 0.705154 0.589556
vn 0.370216 0.708999 0.600217
vn 0.360207 0.705241 0.610645
vn 0.334741 0.708897 0.620816
vn 0.325356 0.705348 0.629784
vn 0.298132 0.708773 0.639341
vn 0.289479 0.705476 0.646921
vn 0.260504 0.708626 0.655734
vn 0.252696 0.705626 0.661995
vn 0.221992 0.708457 0.669932
vn 0.215129 0.705797 0.674960
vn 0.182712 0.708264 0.681893
vn 0.176895 0.705988 0.685776
vn 0.142800 0.708048 0.691575
vn 0.138126 0.706201 0.694407
vn 0.102379 0.707809 0.698945
vn 0.098943 0.706437 0.700826
vn 0.061592 0.707550 0.703974
vn 0.059465 0.706691 0.705019
vn 0.020561 0.707264 0.706651
vn 0.019837 0.706968 0.706968
vn -0.019837 0.706968 0.706968
vn -0.020561 0.707264 0.706651
vn -0.059465 0.706691 0.705019
vn -0.061592 0.707550 0.703974
vn -0.098944 0.706437 0.700826
vn -0.102379 0.707809 0.698946
vn -0.138125 0.706200 0.694408
vn -0.142801 0.708048 0.691575
vn -0.176896 0.705989 0.685775
vn -0.182711 0.708264 0.681894
vn -0.215128 0.705796 0.674961
vn -0.221992 0.708457 0.669932
vn -0.252697 0.705626 0.661994
vn -0.260504 0.708625 0.655734
vn -0.289479 0.705475 0.646921
vn -0.298132 0.708773 0.639342
vn -0.325355 0.705347 0.629785
vn -0.334741 0.708897 0.620816
vn -0.360207 0.705241 0.610645
vn -0.370216 0.708999 0.600217
vn -0.393931 0.705154 0.589556
vn -0.404448 0.709078 0.577608
vn -0.426406 0.705090 0.566592
vn -0.437312 0.709133 0.553072
vn -0.457528 0.705047 0.541827
vn -0.468708 0.709169 0.526680
vn -0.487207 0.705027 0.515332
vn -0.498530 0.709180 0.498530
vn -0.515332 0.705027 0.487207
vn -0.526680 0.709169 0.468708
vn -0.541827 0.705047 0.457528
vn -0.553072 0.709133 0.437312
vn -0.566592 0.705090 0.426406
vn -0.577608 0.709078 0.404448
vn -0.589558 0.705153 0.393928
vn -0.600218 0.708998 0.370216
vn -0.610643 0.705240 0.360210
vn -0.620816 0.708897 0.334741
vn -0.629785 0.705347 0.325355
vn -0.639342 0.708773 0.298132
vn -0.646921 0.705475 0.289479
vn -0.655734 0.708625 0.260504
vn -0.661994 0.705626 0.252697
vn -0.669932 0.708457 0.221992
vn -0.674960 0.705796 0.215128
vn -0.681894 0.708264 0.182712
vn -0.685776 0.705988 0.176896
vn -0.691575 0.708048 0.142800
vn -0.694407 0.706201 0.138126
vn -0.698945 0.707809 0.102379
vn -0.700828 0.706435 0.098939
vn -0.703976 0.707548 0.061592
vn -0.705019 0.706690 0.059469
vn -0.706651 0.707264 0.020561
vn -0.706968 0.706968 0.019837
vn 0.000000 -0.000000 -1.000000
vn 0.000000 0.000000 -1.000000
vn -0.000000 0.000000 -1.000000
vn -0.000000 0.000000 -1.000000
vn -0.000000 0.000000 -1.000000
vn 0.000000 0.000000 -1.000000
vn 0.000000 0.000000 -1.000000
vn 0.000000 0.000000 -1.000000
vn -0.000000 0.000000 -1.000000
vn -0.000000 0.000000 -1.000000
vn 0.000000 0.000000 -1.000000
vn 0.000000 0.000000 -1.000000
vn 0.000000 0.000000 -1.000000
vn 0.000000 0.000000 -1.000000
vn 0.000000 0.000000 -1.000000
vn 0.000000 0.000000 -1.000000
vn 0.000000 0.000000 -1.000000
vn 0.000000 0.000000 -1.000000
vn 0.000000 0.000000 -1.000000
vn 0.000000 0.000000 -1.000000
vn 0.000000 0.000000 -1.000000
vn 0.000000 0.000000 -1.000000
vn 0.000000 0.000000 -1.000000
vn 0.000000 0.000000 -1.000000
vn 0.000000 -0.000000 -1.000000
vn 0.000000 -0.000000 -1.000000
vn -0.000000 -0.000000 -1.000000
vn 0.000000 -0.000000 -1.000000
vn 0.000000 -0.000000 -1.000000
vn 0.000000 -0.000000 -1.000000
vn 0.000000 0.000000 -1.000000
vn 0.000000 0.000000 -1.000000
vn 0.000000 0.000000 -1.000000
vn -0.000000 0.000000 -1.000000
vn -0.000000 0.000000 -1.000000
vn 0.000000 0.000000 -1.000000
vn -0.000000 0.000000 -1.000000
vn -0.000000 0.000000 -1.000000
vn -0.000000 0.000000 -1.000000
vn 0.000000 -0.000000 -1.000000
vn 0.000000 -0.000000 -1.000000
vn 0.000000 -0.000000 -1.000000
vn 0.000000 -0.000000 -1.000000
vn 0.000000 0.000000 -1.000000
vn 0.000000 -0.000000 -1.000000
vn 0.000000 -0.000000 -1.000000
vn 0.000000 -0.000000 -1.000000
vn 0.000000 0.000000 -1.000000
vn 0.000000 0.000000 -1.000000
vn 0.000000 0.000000 -1.000000
vn 0.000000 0.000000 -1.000000
vn 0.000000 0.000000 -1.000000
vn 0.000000 0.000000 -1.000000
vn 0.000000 0.000000 -1.000000
vn 0.000000 0.000000 -1.000000
vn 0.000000 0.000000 -1.000000
vn 0.000000 0.000000 -1.000000
vn 0.000000 0.000000 -1.000000
vn 0.000000 0.000000 -1.000000
vn 0.000000 0.000000 -1.000000
vn 0.000000 0.000000 -1.000000
vn 0.000000 0.000000 -1.000000
vn 0.000000 -0.000000 -1.000000
vn 0.000000 0.000000 -1.000000
vn 0.000000 -0.000000 -1.000000
vn 0.000000 -0.000000 -1.000000
vn 0.000000 0.000000 -1.000000
vn -0.000000 -0.000000 -1.000000
vn 0.000000 -0.000000 -1.000000
vn 0.000000 -0.000000 -1.000000
vn 0.000000 -0.000000 -1.000000
vn 0.000000 0.000000 -1.000000
vn 0.000000 0.000000 -1.000000
vn 0.000000 0.000000 -1.000000
vn 0.000000 -0.000000 -1.000000
vn 0.000000 -0.000000 -1.000000
vn 0.000000 -0.000000 -1.000000
vn 0.000000 0.000000 -1.000000
vn -0.000000 0.000000 -1.000000
vn 0.000000 0.000000 -1.000000
vn 0.000000 0.000000 -1.000000
vn 0.000000 0.000000 -1.000000
vn 0.000000 0.000000 -1.000000
vn 0.000000 -0.000000 -1.000000
vn -0.000000 -0.000000 -1.000000
vn 0.000000 -0.000000 -1.000000
vn 0.000000 -0.000000 -1.000000
vn 0.000000 0.000000 -1.000000
vn 0.999607 0.000000 0.028048
vn 0.999607 0.000000 0.028048
vn 0.996462 0.000000 0.084047
vn 0.996462 0.000000 0.084047
vn 0.990181 0.000000 0.139789
vn 0.990181 0.000000 0.139789
vn 0.980784 0.000000 0.195095
vn 0.980784 0.000000 0.195095
vn 0.968304 0.000000 0.249775
vn 0.968304 0.000000 0.249775
vn 0.952776 0.000000 0.303675
vn 0.952776 0.000000 0.303675
vn 0.934248 0.000000 0.356623
vn 0.934248 0.000000 0.356623
vn 0.912783 0.000000 0.408445
vn 0.912783 0.000000 0.408445
vn 0.888445 0.000000 0.458982
vn 0.888445 0.000000 0.458982
vn 0.861315 0.000000 0.508072
vn 0.861315 0.000000 0.508072
vn 0.831468 0.000000 0.555572
vn 0.831468 0.000000 0.555572
vn 0.799009 0.000000 0.601319
vn 0.799009 0.000000 0.601319
vn 0.764041 0.000000 0.645168
vn 0.764041 0.000000 0.645168
vn 0.726661 0.000000 0.686996
vn 0.726661 0.000000 0.686996
vn 0.686996 0.000000 0.726661
vn 0.686996 0.000000 0.726661
vn 0.645168 0.000000 0.764041
vn 0.645168 0.000000 0.764041
vn 0.601319 0.000000 0.799009
vn 0.601319 0.000000 0.799009
vn 0.555572 0.000000 0.831468
vn 0.555572 0.000000 0.831468
vn 0.508072 0.000000 0.861315
vn 0.508072 0.000000 0.861315
vn 0.458985 0.000000 0.888444
vn 0.458985 0.000000 0.888444
vn 0.408445 0.000000 0.912783
vn 0.408445 0.000000 0.912783
vn 0.356621 0.000000 0.934249
vn 0.356621 0.000000 0.934249
vn 0.303677 0.000000 0.952775
vn 0.303677 0.000000 0.952775
vn 0.249773 0.000000 0.968304
vn 0.249773 0.000000 0.968304
vn 0.195090 0.000000 0.980785
vn 0.195090 0.000000 0.980785
vn 0.139795 0.000000 0.990180
vn 0.139795 0.000000 0.990180
vn 0.084047 0.000000 0.996462
vn 0.084047 0.000000 0.996462
vn 0.028048 0.000000 0.999607
vn 0.028048 0.000000 0.999607
vn -0.028048 0.000000 0.999607
vn -0.028048 0.000000 0.999607
vn -0.084047 0.000000 0.996462
vn -0.084047 0.000000 0.996462
vn -0.139796 0.000000 0.990180
vn -0.139796 0.000000 0.990180
vn -0.195088 0.000000 0.980786
vn -0.195088 0.000000 0.980786
vn -0.249775 0.000000 0.968304
vn -0.249775 0.000000 0.968304
vn -0.303675 0.000000 0.952776
vn -0.303675 0.000000 0.952776
vn -0.356623 0.000000 0.934248
vn -0.356623 0.000000 0.934248
vn -0.408445 0.000000 0.912783
vn -0.408445 0.000000 0.912783
vn -0.458982 0.000000 0.888445
vn -0.458982 0.000000 0.888445
vn -0.508072 0.000000 0.861315
vn -0.508072 0.000000 0.861315
vn -0.555572 0.000000 0.831468
vn -0.555572 0.000000 0.831468
vn -0.601319 0.000000 0.799009
vn -0.601319 0.000000 0.799009
vn -0.645168 0.000000 0.764041
vn -0.645168 0.000000 0.764041
vn -0.686999 0.000000 0.726658
vn -0.686999 0.000000 0.726658
vn -0.726658 0.000000 0.687000
vn -0.726658 0.000000 0.687000
vn -0.764041 0.000000 0.645168
vn -0.764041 0.000000 0.645168
vn -0.799009 0.000000 0.601319
vn -0.799009 0.000000 0.601319
vn -0.831471 0.000000 0.555568
vn -0.831471 0.000000 0.555568
vn -0.861312 0.000000 0.508076
vn -0.861312 0.000000 0.508076
vn -0.888445 0.000000 0.458982
vn -0.888445 0.000000 0.458982
vn -0.912783 0.000000 0.408445
vn -0.912783 0.000000 0.408445
vn -0.934248 0.000000 0.356623
vn -0.934248 0.000000 0.356623
vn -0.952776 0.000000 0.303675
vn -0.952776 0.000000 0.303675
vn -0.968304 0.000000 0.249775
vn -0.968304 0.000000 0.249775
vn -0.980785 0.000000 0.195090
vn -0.980785 0.000000 0.195090
vn -0.990181 0.000000 0.139789
vn -0.990181 0.000000 0.139789
vn -0.996461 0.000000 0.084053
vn -0.996461 0.000000 0.084053
vn -0.999607 0.000000 0.028048
vn -0.999607 0.000000 0.028048
vn 0.000000 0.999225 0.039364
vn -0.000001 0.999223 0.039407
vn 0.000002 0.994465 0.105067
vn -0.000538 0.992944 0.118586
vn 0.001052 0.980785 0.195089
vn 0.000721 0.979902 0.199476
vn -0.000434 0.960354 0.278784
vn 0.001410 0.946929 0.321439
vn -0.000391 0.932816 0.360352
vn 0.000728 0.896561 0.442919
vn 0.000683 0.896872 0.442290
vn -0.000426 0.852481 0.522758
vn 0.001201 0.831466 0.555574
vn -0.000633 0.799040 0.601278
vn 0.001009 0.751842 0.659343
vn -0.000242 0.735165 0.677888
vn 0.000314 0.661380 0.750051
vn 0.000477 0.659347 0.751838
vn -0.000373 0.578209 0.815889
vn 0.000925 0.555572 0.831468
vn -0.000710 0.485888 0.874021
vn 0.001076 0.442283 0.896875
vn -0.000794 0.385761 0.922598
vn 0.001024 0.321445 0.946928
vn -0.000683 0.280069 0.959980
vn 0.000826 0.195089 0.980785
vn -0.000419 0.169681 0.985499
vn 0.000428 0.071939 0.997409
vn 0.000000 0.056876 0.998381
vn -0.000510 0.057616 0.998339
vn 0.000487 0.169838 0.985472
vn -0.000780 0.195089 0.980785
vn 0.000704 0.284502 0.958675
vn -0.000939 0.321445 0.946928
vn 0.000850 0.392777 0.919633
vn -0.001015 0.442283 0.896875
vn 0.000761 0.491033 0.871141
vn -0.000992 0.555572 0.831468
vn 0.000530 0.583876 0.811843
vn -0.000486 0.659347 0.751838
vn -0.000058 0.664877 0.746953
vn 0.000218 0.738380 0.674385
vn -0.000880 0.751842 0.659343
vn 0.000622 0.804584 0.593839
vn -0.001174 0.831466 0.555574
vn 0.000627 0.857941 0.513748
vn -0.000862 0.896872 0.442290
vn -0.000381 0.900423 0.435016
vn 0.000266 0.934812 0.355142
vn -0.001388 0.946929 0.321439
vn 0.000426 0.960949 0.276725
vn -0.000790 0.980067 0.198668
vn -0.001061 0.980785 0.195089
vn 0.000517 0.993022 0.117927
vn -0.707107 0.000000 0.707107
vn -0.707107 0.000000 0.707107
vn -0.707099 -0.000676 0.707114
vn -0.707113 -0.000586 0.707100
vn -0.705243 0.058649 0.706535
vn -0.703228 0.067532 0.707750
vn -0.698255 0.117539 0.706134
vn -0.693016 0.135030 0.708164
vn -0.686182 0.175631 0.705909
vn -0.676571 0.201255 0.708342
vn -0.669120 0.232458 0.705863
vn -0.654035 0.265651 0.708285
vn -0.647195 0.287593 0.705995
vn -0.625592 0.327689 0.707993
vn -0.620582 0.340605 0.706305
vn -0.591474 0.386846 0.707466
vn -0.589489 0.391086 0.706792
vn -0.554680 0.439046 0.706801
vn -0.551372 0.442148 0.707456
vn -0.516343 0.484266 0.706312
vn -0.505733 0.492939 0.707987
vn -0.474204 0.526020 0.705998
vn -0.455584 0.539240 0.708282
vn -0.428599 0.563967 0.705864
vn -0.401366 0.580650 0.708343
vn -0.379864 0.597828 0.705907
vn -0.343514 0.616844 0.708168
vn -0.328391 0.627329 0.706129
vn -0.282523 0.647502 0.707758
vn -0.274576 0.652248 0.706527
vn -0.218893 0.672368 0.707112
vn -0.218844 0.672393 0.707103
vn -0.161926 0.688905 0.706533
vn -0.152820 0.689734 0.707752
vn -0.103754 0.700437 0.706132
vn -0.085466 0.700855 0.708165
vn -0.044778 0.706886 0.705908
vn -0.017399 0.705655 0.708342
vn 0.014545 0.708199 0.705863
vn 0.050812 0.704096 0.708285
vn 0.073757 0.704365 0.705996
vn 0.118600 0.696191 0.707992
vn 0.132395 0.695415 0.706307
vn 0.185397 0.682000 0.707463
vn 0.190008 0.681424 0.706794
vn 0.246372 0.663126 0.706799
vn 0.250376 0.660920 0.707458
vn 0.301220 0.640620 0.706309
vn 0.312780 0.633183 0.707989
vn 0.353937 0.613430 0.705998
vn 0.372290 0.599779 0.708283
vn 0.404116 0.581762 0.705864
vn 0.428417 0.560990 0.708343
vn 0.451365 0.545862 0.705907
vn 0.480702 0.517132 0.708167
vn 0.495312 0.506011 0.706130
vn 0.528685 0.468586 0.707757
vn 0.535628 0.462514 0.706529
vn 0.571980 0.415737 0.707108
vn 0.571992 0.415724 0.707106
vn 0.605275 0.366682 0.706531
vn 0.608889 0.358244 0.707754
vn 0.634197 0.314918 0.706131
vn 0.640255 0.297613 0.708166
vn 0.658539 0.260807 0.705908
vn 0.665831 0.234351 0.708342
vn 0.678099 0.204789 0.705863
vn 0.685402 0.168989 0.708284
vn 0.692731 0.147282 0.705997
vn 0.698806 0.102077 0.707990
vn 0.702320 0.088750 0.706308
vn 0.705927 0.034155 0.707461
vn 0.706796 0.029629 0.706796
vn 0.707107 -0.000001 0.707107
vn 0.707102 0.000001 0.707111
vn 0.707107 -0.000000 0.707107
vn 0.707107 0.000000 0.707107
vn 0.707111 0.000001 0.707102
vn -0.030542 0.465983 0.884267
vn -0.071914 0.710974 0.699531
vn -0.135398 0.680699 0.719942
vn -0.141407 0.697299 0.702694
vn -0.208955 0.673636 0.708909
vn -0.223089 0.657202 0.719942
vn -0.249961 0.661496 0.707066
vn -0.289290 0.645528 0.706828
vn -0.309790 0.628184 0.713733
vn -0.327199 0.625606 0.708208
vn -0.361344 0.608766 0.706283
vn -0.390939 0.585077 0.710529
vn -0.395812 0.583352 0.709248
vn -0.424929 0.565842 0.706582
vn -0.454138 0.541181 0.707730
vn -0.464725 0.529925 0.709374
vn -0.480310 0.518512 0.707423
vn -0.504202 0.496192 0.706805
vn -0.527467 0.469563 0.708018
vn -0.530630 0.465350 0.708436
vn -0.547340 0.447584 0.707169
vn -0.564365 0.426218 0.706987
vn -0.579188 0.405039 0.707450
vn -0.587147 0.392318 0.708057
vn -0.592798 0.384628 0.707567
vn -0.604978 0.366101 0.707087
vn -0.613787 0.351135 0.707086
vn -0.619499 0.340813 0.707154
vn -0.625001 0.330298 0.707303
vn -0.633933 0.312111 0.707613
vn -0.631868 0.312884 0.709117
vn -0.635549 0.308661 0.707676
vn -0.639576 0.301717 0.707043
vn -0.639753 0.301429 0.707005
vn -0.612998 0.358413 0.704112
vn -0.641006 0.298765 0.707002
vn -0.643074 0.294899 0.706747
vn -0.643163 0.297180 0.705709
vn -0.646633 0.286269 0.707048
vn -0.645504 0.297353 0.703495
vn -0.637719 0.303192 0.708089
vn -0.633845 0.312576 0.707486
vn -0.646041 0.287191 0.707214
vn -0.650746 0.276692 0.707086
vn -0.657529 0.260160 0.707087
vn -0.665056 0.239106 0.707481
vn -0.668652 0.226973 0.708088
vn -0.674420 0.211779 0.707325
vn -0.684498 0.178605 0.706797
vn -0.692509 0.139809 0.707732
vn -0.692733 0.137800 0.707907
vn -0.701171 0.095260 0.706601
vn -0.704809 0.050934 0.707566
vn -0.704713 0.046186 0.707988
vn -0.706467 0.022709 0.707381
vn -0.706890 0.013590 0.707193
vn -0.707099 0.004531 0.707099
vn -0.618970 0.097407 -0.779351
vn 0.555669 0.434789 0.708654
vn 0.576977 0.410416 0.706156
vn 0.576309 0.409941 0.706977
vn 0.576309 0.409943 0.706976
vn 0.576310 0.409944 0.706974
vn 0.576315 0.409930 0.706979
vn 0.576319 0.409934 0.706972
vn 0.576319 0.409936 0.706972
vn 0.576312 0.409932 0.706980
vn 0.576310 0.409936 0.706978
vn 0.574318 0.408519 0.709416
vn 0.595128 0.383821 0.706049
vn 0.608475 0.354361 0.710061
vn 0.611155 0.355922 0.706972
vn 0.626687 0.327792 0.706977
vn 0.626694 0.327796 0.706968
vn 0.640964 0.298907 0.706979
vn 0.640961 0.298906 0.706983
vn 0.653959 0.269246 0.706997
vn 0.653962 0.269247 0.706993
vn 0.665665 0.238818 0.707005
vn 0.665659 0.238816 0.707011
vn 0.676019 0.207668 0.707017
vn 0.674509 0.207204 0.708593
vn 0.687465 0.174788 0.704870
vn 0.685663 0.174867 0.706603
vn 0.691990 0.144691 0.707259
vn 0.692236 0.144743 0.707007
vn 0.692236 0.144751 0.707005
vn 0.692231 0.144749 0.707011
vn 0.692230 0.144746 0.707012
vn 0.692238 0.144748 0.707004
vn 0.692238 0.144744 0.707005
vn 0.692232 0.144743 0.707011
vn 0.692232 0.144739 0.707012
vn 0.692776 0.144853 0.706456
vn 0.697337 0.112849 0.707804
vn 0.695878 0.100771 0.711055
vn 0.702858 0.081007 0.706702
vn 0.705152 0.048703 0.707382
vn 0.705521 0.048728 0.707011
vn 0.707012 0.016294 0.707014
vn 0.707009 0.016299 0.707017
vn 0.513713 0.490293 0.704068
vn 0.534632 0.459413 0.709302
vn 0.542505 0.453584 0.707071
vn 0.556987 0.435820 0.706984
vn 0.466529 0.544574 0.696986
vn 0.488943 0.506132 0.710468
vn 0.513253 0.487722 0.706186
vn 0.514475 0.485232 0.707011
vn 0.536381 0.460916 0.707002
vn 0.536384 0.460910 0.707004
vn 0.556995 0.435799 0.706990
vn 0.556991 0.435811 0.706987
vn 0.414295 0.587835 0.694845
vn 0.440373 0.549151 0.710285
vn 0.467170 0.531033 0.706934
vn 0.467293 0.530841 0.706997
vn 0.491360 0.508633 0.707006
vn 0.491358 0.508636 0.707005
vn 0.514480 0.485236 0.707005
vn 0.514488 0.485220 0.707010
vn 0.536386 0.460912 0.707001
vn 0.536380 0.460924 0.706997
vn 0.556993 0.435813 0.706984
vn 0.556994 0.435809 0.706985
vn 0.351614 0.633290 0.689429
vn 0.365411 0.610521 0.702665
vn 0.389113 0.587804 0.709280
vn 0.390186 0.589425 0.707342
vn 0.416985 0.571615 0.706668
vn 0.430759 0.555773 0.711030
vn 0.441941 0.551104 0.707793
vn 0.467656 0.531261 0.706441
vn 0.467284 0.530839 0.707005
vn 0.491352 0.508630 0.707014
vn 0.274559 0.678648 0.681215
vn 0.315315 0.627790 0.711658
vn 0.338935 0.620682 0.707020
vn 0.363215 0.606853 0.706968
vn 0.214022 0.678530 0.702703
vn 0.255869 0.653401 0.712459
vn 0.279041 0.659648 0.697854
vn 0.317850 0.627163 0.711082
vn 0.189466 0.667402 0.720193
vn 0.162564 0.700483 0.694907
vn 0.122725 0.671317 0.730939
vn 0.108039 0.725841 0.679325
vn 0.056089 0.657478 0.751383
vn 0.375961 0.594178 0.711060
vn 0.482187 0.511864 0.710979
vn 0.490432 0.507684 0.708332
vn 0.491350 0.508634 0.707013
vn 0.514486 0.485219 0.707013
vn 0.515032 0.485735 0.706260
vn 0.529655 0.462911 0.710759
vn 0.534965 0.459702 0.708863
vn 0.557671 0.436330 0.706129
vn 0.556993 0.435799 0.706992
vn 0.571795 0.410311 0.710419
vn 0.608478 0.354344 0.710067
vn 0.627501 0.328225 0.706053
vn 0.626685 0.327799 0.706975
vn 0.640954 0.298913 0.706986
vn 0.640963 0.298917 0.706976
vn 0.653964 0.269251 0.706990
vn 0.653959 0.269249 0.706996
vn 0.665665 0.238810 0.707008
vn 0.665666 0.238810 0.707007
vn 0.676024 0.207669 0.707012
vn 0.676019 0.207667 0.707017
vn 0.684863 0.176327 0.707016
vn 0.638744 0.297870 0.709422
vn 0.639061 0.294760 0.710435
vn 0.654758 0.269582 0.706129
vn 0.663913 0.238191 0.708862
vn 0.665663 0.238819 0.707007
vn 0.676019 0.207681 0.707012
vn 0.676025 0.207683 0.707006
vn 0.684873 0.176330 0.707005
vn 0.684865 0.176328 0.707014
vn 0.664086 0.231897 0.710784
vn 0.676728 0.207895 0.706270
vn 0.676020 0.207678 0.707013
vn 0.684868 0.176322 0.707012
vn 0.684873 0.176324 0.707007
vn 0.683610 0.175991 0.708311
vn 0.683181 0.166805 0.710943
vn 0.702233 0.033796 0.711145
vn 0.707013 0.016296 0.707013
vn 0.707017 0.016296 0.707009
vn 0.707011 0.016311 0.707014
vn 0.707011 0.016311 0.707014
vn 0.705521 0.048730 0.707011
vn 0.705522 0.048730 0.707011
vn 0.702555 0.080972 0.707008
vn 0.707016 0.016293 0.707010
vn 0.707013 0.016298 0.707013
vn 0.705840 0.013592 0.708241
vn 0.706899 0.048838 0.705627
vn 0.707602 0.050408 0.704811
vn 0.701179 0.080800 0.708392
vn 0.703767 0.094886 0.704066
vn 0.696753 0.112761 0.708393
vn 0.695498 0.137504 0.705249
vn 0.675971 0.209284 0.706586
vn 0.665173 0.238321 0.707635
vn 0.664994 0.238585 0.707714
vn 0.659101 0.256132 0.707095
vn 0.653961 0.269239 0.706997
vn 0.653960 0.269244 0.706996
vn 0.640966 0.298896 0.706983
vn 0.640963 0.298910 0.706979
vn 0.626694 0.327798 0.706968
vn 0.626693 0.327802 0.706967
vn 0.611159 0.355935 0.706961
vn 0.611161 0.355927 0.706964
vn 0.596903 0.379265 0.707011
vn 0.596875 0.380429 0.706409
vn 0.608830 0.354569 0.709652
vn 0.615480 0.348243 0.707044
vn 0.626683 0.327801 0.706975
vn 0.624702 0.326765 0.709205
vn 0.630373 0.320506 0.707040
vn 0.630281 0.320401 0.707170
vn 0.635629 0.308424 0.707708
vn 0.638383 0.304689 0.706846
vn 0.666463 0.250360 0.702244
vn 0.650472 0.267808 0.710750
vn 0.650098 0.276808 0.707637
vn 0.644814 0.289341 0.707458
vn 0.640025 0.298473 0.708012
vn 0.638362 0.304281 0.707041
vn 0.626684 0.327798 0.706977
vn 0.638076 0.301864 0.708334
vn 0.637316 0.304932 0.707703
vn 0.635536 0.310094 0.707061
vn 0.639364 0.304242 0.706152
vn 0.639343 0.303800 0.706361
vn 0.644399 0.291079 0.707123
vn 0.645478 0.290095 0.706543
vn 0.638883 0.324220 0.697647
vn 0.615469 0.348179 0.707085
vn 0.592750 0.382287 0.708875
vn 0.575428 0.411982 0.706508
vn 0.575456 0.411168 0.706959
vn 0.556990 0.435805 0.706991
vn 0.556996 0.435800 0.706989
vn 0.536378 0.460917 0.707004
vn 0.536376 0.460921 0.707003
vn 0.514486 0.485220 0.707012
vn 0.467287 0.530835 0.707006
vn 0.442443 0.551730 0.706993
vn 0.442442 0.551731 0.706992
vn 0.416801 0.571364 0.706980
vn 0.413180 0.575808 0.705498
vn 0.594356 0.383319 0.706971
vn 0.594355 0.383322 0.706970
vn 0.611152 0.355934 0.706968
vn 0.594364 0.383320 0.706964
vn 0.594362 0.383324 0.706963
vn 0.611153 0.355946 0.706961
vn 0.611155 0.355936 0.706964
vn 0.626695 0.327791 0.706970
vn 0.594359 0.383315 0.706971
vn 0.594358 0.383317 0.706970
vn 0.611152 0.355934 0.706968
vn 0.611149 0.355945 0.706965
vn 0.626688 0.327804 0.706971
vn 0.626691 0.327788 0.706975
vn 0.640962 0.298896 0.706986
vn 0.594368 0.383305 0.706968
vn 0.594363 0.383318 0.706965
vn 0.611152 0.355943 0.706964
vn 0.611154 0.355935 0.706966
vn 0.626694 0.327792 0.706971
vn 0.626690 0.327805 0.706968
vn 0.640962 0.298914 0.706979
vn 0.640965 0.298897 0.706982
vn 0.653965 0.269235 0.706996
vn 0.594356 0.383323 0.706969
vn 0.594363 0.383302 0.706974
vn 0.611150 0.355929 0.706973
vn 0.611147 0.355940 0.706970
vn 0.626687 0.327794 0.706975
vn 0.626688 0.327789 0.706977
vn 0.640961 0.298894 0.706987
vn 0.640958 0.298912 0.706983
vn 0.653962 0.269240 0.706996
vn 0.653963 0.269234 0.706998
vn 0.665658 0.238823 0.707010
vn 0.653957 0.269253 0.706996
vn 0.653960 0.269227 0.707003
vn 0.640956 0.298901 0.706989
vn 0.653967 0.269230 0.706996
vn 0.665665 0.238812 0.707007
vn 0.665665 0.238812 0.707007
vn 0.676018 0.207687 0.707012
vn 0.676022 0.207689 0.707007
vn 0.684872 0.176329 0.707006
vn 0.665664 0.238815 0.707006
vn 0.665663 0.238815 0.707008
vn 0.676025 0.207664 0.707012
vn 0.684868 0.176315 0.707014
vn 0.676017 0.207661 0.707020
vn 0.684864 0.176312 0.707019
vn 0.684873 0.176314 0.707010
vn 0.698123 0.112967 0.707010
vn 0.698124 0.112976 0.707008
vn 0.702554 0.080971 0.707008
vn 0.698131 0.112961 0.707003
vn 0.698132 0.112969 0.707001
vn 0.702561 0.080972 0.707002
vn 0.702561 0.080972 0.707001
vn 0.705527 0.048755 0.707004
vn 0.698127 0.112983 0.707003
vn 0.698121 0.112975 0.707010
vn 0.698119 0.112960 0.707015
vn 0.702550 0.080949 0.707015
vn 0.702555 0.080971 0.707008
vn 0.705520 0.048755 0.707011
vn 0.705520 0.048755 0.707011
vn 0.702558 0.080950 0.707008
vn 0.702559 0.080959 0.707006
vn 0.698126 0.112976 0.707005
vn 0.705524 0.048755 0.707007
vn 0.705522 0.048743 0.707010
vn 0.000000 0.000000 1.000000
vn 0.000000 0.000000 1.000000
vn -0.000000 0.000000 1.000000
vn 0.000000 0.000000 1.000000
vn 0.000000 0.000000 1.000000
vn 0.000000 0.000000 1.000000
vn 0.000000 0.000000 1.000000
vn 0.000000 -0.000000 1.000000
vn -0.000000 0.000000 1.000000
vn -0.000000 0.000000 1.000000
vn 0.000000 0.000000 1.000000
vn -0.000000 0.000000 1.000000
vn 0.000000 0.000000 1.000000
vn -0.000000 0.000000 1.000000
vn 0.000000 0.000000 1.000000
vn 0.000000 0.000000 1.000000
vn -0.000000 0.000000 1.000000
vn -0.000000 0.000000 1.000000
vn -0.000000 0.000000 1.000000
vn 0.000000 0.000000 1.000000
vn 0.000000 0.000000 1.000000
vn 0.000000 0.000000 1.000000
vn 0.000000 0.000000 1.000000
vn 0.000000 0.000000 1.000000
vn 0.000000 0.000000 1.000000
vn -0.000000 0.000000 1.000000
vn 0.000000 0.000000 1.000000
vn 0.000000 0.000000 1.000000
vn 0.000000 0.000000 1.000000
vn 0.000000 0.000000 1.000000
vn 0.000000 0.000000 1.000000
vn 0.000000 0.000000 1.000000
vn 0.000000 0.000000 1.000000
vn 0.000000 0.000000 1.000000
vn 0.000000 0.000000 1.000000
vn 0.000000 0.000000 1.000000
vn 0.000000 0.000000 1.000000
vn 0.000000 0.000000 1.000000
vn 0.000000 0.000000 1.000000
vn 0.000000 0.000000 1.000000
vn 0.000000 0.000000 1.000000
vn 0.000000 0.000000 1.000000
vn 0.000000 0.000000 1.000000
vn 0.000000 0.000000 1.000000
vn 0.000000 0.000000 1.000000
vn 0.000000 0.000000 1.000000
vn 0.000000 0.000000 1.000000
vn 0.000000 0.000000 1.000000
vn 0.000000 0.000000 1.000000
vn 0.000000 0.000000 1.000000
vn 0.000000 0.000000 1.000000
vn 0.000000 0.000000 1.000000
vn 0.000000 0.000000 1.000000
vn 0.000000 0.000000 1.000000
vn 0.000000 -0.000000 1.000000
vn 0.000000 0.000000 1.000000
vn 0.000000 0.000000 1.000000
vn 0.000000 0.000000 1.000000
vn 0.000000 -0.000000 1.000000
vn 0.000000 0.000000 1.000000
vn 0.000000 0.000000 1.000000
vn 0.000000 -0.000000 1.000000
vn 0.000000 0.000000 1.000000
vn 0.000000 0.000000 1.000000
vn 0.000000 -0.000000 1.000000
vn 0.000000 0.000000 1.000000
vn 0.000000 0.000000 1.000000
vn 0.000000 -0.000000 1.000000
vn 0.000000 0.000000 1.000000
vn 0.000000 0.000000 1.000000
vn 0.000000 -0.000000 1.000000
vn 0.006233 0.999810 0.018470
vn 0.007126 0.999819 0.017667
vn 0.008545 0.999220 0.038543
vn 0.014215 0.999358 0.032892
vn 0.033981 0.996455 0.076965
vn 0.038540 0.996251 0.077455
vn 0.039146 0.995659 0.084446
vn 0.046859 0.995364 0.083992
vn 0.046433 0.995116 0.087112
vn 0.053277 0.994894 0.085719
vn 0.053184 0.994859 0.086184
vn 0.058116 0.994740 0.084350
vn 0.058299 0.994830 0.083154
vn 0.063262 0.994787 0.079981
vn 0.060268 0.995035 0.079199
vn 0.065530 0.995216 0.072466
vn 0.059927 0.995640 0.071484
vn 0.061253 0.996223 0.061542
vn 0.056068 0.996566 0.060931
vn 0.024134 0.999213 0.031479
vn 0.038840 0.999217 0.007495
vn 0.027960 0.999476 0.016304
vn 0.013954 0.990626 -0.135886
vn 0.015636 0.999330 0.033098
vn 0.016042 0.999351 0.032239
vn 0.017486 0.999333 0.032065
vn 0.017611 0.999347 0.031566
vn 0.019179 0.999340 0.030858
vn 0.019239 0.999338 0.030880
vn 0.020487 0.999348 0.029736
vn 0.021089 0.999332 0.029849
vn 0.021798 0.999352 0.028645
vn 0.022820 0.999330 0.028627
vn 0.023118 0.999352 0.027576
vn 0.024412 0.999331 0.027227
vn 0.008303 0.999932 0.008246
vn 0.019065 0.999257 0.033490
vn 0.012107 0.999359 0.033697
vn 0.045091 0.998011 0.044055
vn 0.060498 0.996386 0.059622
vn 0.058208 0.994830 0.083212
vn 0.072365 0.995260 0.064960
vn 0.076403 0.994057 0.077546
vn 0.084072 0.994096 0.068591
vn 0.139628 0.983629 0.113917
vn 0.144847 0.983629 0.107202
vn 0.201722 0.967998 0.149295
vn 0.208541 0.967998 0.139611
vn 0.266240 0.947284 0.178238
vn 0.274352 0.947284 0.165480
vn 0.334040 0.920773 0.201482
vn 0.335512 0.923178 0.187545
vn 0.341959 0.921356 0.184843
vn 0.349174 0.921882 0.167963
vn 0.288726 0.947284 0.138886
vn 0.288725 0.947285 0.138887
vn 0.226153 0.967998 0.108788
vn 0.226154 0.967998 0.108787
vn 0.162391 0.983630 0.078116
vn 0.162393 0.983629 0.078115
vn 0.097780 0.994096 0.047034
vn 0.097778 0.994096 0.047035
vn 0.032513 0.999349 0.015640
vn 0.033171 0.999331 0.015391
vn 0.026928 0.999345 0.024173
vn 0.027339 0.999334 0.024173
vn 0.027917 0.999351 0.022776
vn 0.028774 0.999330 0.022614
vn 0.028918 0.999353 0.021402
vn 0.030035 0.999330 0.020910
vn 0.029939 0.999351 0.020043
vn 0.031107 0.999334 0.019083
vn 0.030986 0.999345 0.018690
vn 0.031915 0.999342 0.017251
vn 0.095452 0.994096 0.051595
vn 0.032098 0.999336 0.017217
vn 0.033128 0.999352 0.014052
vn 0.034045 0.999330 0.013460
vn 0.033764 0.999352 0.012477
vn 0.034708 0.999332 0.011447
vn 0.034425 0.999348 0.010905
vn 0.035154 0.999338 0.009376
vn 0.035116 0.999340 0.009326
vn 0.035334 0.999346 0.007619
vn 0.106065 0.994096 0.022871
vn 0.107025 0.994096 0.017842
vn 0.177750 0.983629 0.029632
vn 0.178950 0.983629 0.021213
vn 0.249213 0.967998 0.029542
vn 0.250329 0.967998 0.017751
vn 0.319593 0.947284 0.022662
vn 0.320306 0.947284 0.007559
vn 0.320305 0.947284 0.007558
vn 0.035775 0.999333 0.007354
vn 0.035520 0.999351 0.005921
vn 0.107026 0.994096 0.017842
vn 0.107748 0.994096 0.012772
vn 0.178952 0.983629 0.021212
vn 0.179753 0.983629 0.012747
vn 0.250329 0.967998 0.017751
vn 0.250888 0.967998 0.005921
vn 0.250888 0.967998 0.005921
vn 0.036222 0.999330 0.005282
vn 0.035729 0.999353 0.004235
vn 0.107748 0.994096 0.012772
vn 0.108231 0.994096 0.007675
vn 0.179753 0.983629 0.012746
vn 0.180154 0.983629 0.004252
vn 0.180154 0.983629 0.004252
vn 0.036447 0.999331 0.003175
vn 0.035962 0.999350 0.002550
vn 0.108230 0.994096 0.007675
vn 0.108472 0.994096 0.002560
vn 0.108472 0.994096 0.002560
vn 0.036445 0.999335 0.001056
vn 0.036221 0.999343 0.000855
vn 0.388036 0.921599 0.009156
vn 0.384456 0.923051 0.013068
vn 0.389096 0.920784 0.027594
vn 0.382262 0.923226 0.039105
vn 0.386266 0.921250 0.045789
vn 0.381383 0.922099 0.065428
vn 0.379640 0.922967 0.063286
vn 0.381091 0.920879 0.082173
vn 0.313197 0.947284 0.067533
vn 0.309662 0.947284 0.082234
vn 0.242552 0.967998 0.064412
vn 0.239243 0.967998 0.075785
vn 0.171791 0.983629 0.054418
vn 0.169033 0.983629 0.062461
vn 0.101777 0.994096 0.037609
vn 0.099889 0.994096 0.042369
vn 0.373248 0.923307 0.090499
vn 0.376518 0.920997 0.099993
vn 0.309658 0.947285 0.082237
vn 0.305434 0.947285 0.096752
vn 0.239243 0.967998 0.075785
vn 0.235401 0.967998 0.086987
vn 0.169031 0.983629 0.062462
vn 0.165896 0.983629 0.070368
vn 0.099888 0.994096 0.042369
vn 0.367997 0.922539 0.116189
vn 0.368247 0.922381 0.116649
vn 0.305434 0.947285 0.096752
vn 0.300530 0.947285 0.111054
vn 0.235401 0.967998 0.086987
vn 0.231035 0.967998 0.097996
vn 0.165898 0.983629 0.070368
vn 0.365255 0.921071 0.134972
vn 0.357578 0.923291 0.140254
vn 0.358988 0.920838 0.152268
vn 0.348124 0.922879 0.164633
vn 0.321924 0.923156 0.210112
vn 0.322542 0.921596 0.215933
vn 0.266238 0.947285 0.178239
vn 0.257533 0.947285 0.190601
vn 0.201722 0.967997 0.149295
vn 0.189784 0.967926 0.164623
vn 0.187538 0.970268 0.153002
vn 0.186263 0.970359 0.153976
vn 0.129838 0.983928 0.122589
vn 0.306697 0.922050 0.236137
vn 0.290012 0.934353 0.207067
vn 0.236584 0.951971 0.194370
vn 0.238963 0.953708 0.182588
vn 0.132320 0.983614 0.122452
vn 0.104815 0.990198 0.092312
vn -0.105141 0.989689 0.097265
vn 0.139630 0.983629 0.113917
vn 0.084072 0.994096 0.068591
vn 0.087215 0.994096 0.064548
vn 0.144848 0.983629 0.107202
vn 0.149743 0.983629 0.100250
vn 0.208537 0.967998 0.139612
vn 0.214892 0.967998 0.129618
vn 0.274348 0.947285 0.165481
vn 0.281851 0.947285 0.152352
vn 0.087216 0.994096 0.064548
vn 0.090163 0.994096 0.060362
vn 0.149745 0.983629 0.100250
vn 0.154308 0.983629 0.093073
vn 0.214895 0.967998 0.129617
vn 0.220771 0.967998 0.119334
vn 0.281854 0.947284 0.152351
vn 0.090163 0.994096 0.060362
vn 0.092911 0.994096 0.056041
vn 0.154308 0.983629 0.093073
vn 0.158527 0.983629 0.085690
vn 0.220770 0.967998 0.119334
vn 0.092910 0.994096 0.056041
vn 0.095450 0.994096 0.051595
vn 0.158525 0.983629 0.085690
vn 0.294956 0.947285 0.125109
vn 0.294956 0.947285 0.125109
vn 0.231035 0.967998 0.097996
vn 0.300530 0.947285 0.111054
vn 0.101777 0.994096 0.037609
vn 0.103437 0.994096 0.032766
vn 0.171791 0.983629 0.054418
vn 0.174166 0.983629 0.046254
vn 0.242549 0.967998 0.064414
vn 0.245318 0.967998 0.052900
vn 0.313193 0.947285 0.067536
vn 0.316031 0.947285 0.052683
vn 0.103437 0.994096 0.032766
vn 0.104868 0.994096 0.027850
vn 0.174166 0.983629 0.046253
vn 0.176155 0.983629 0.037984
vn 0.245321 0.967998 0.052898
vn 0.247543 0.967998 0.041265
vn 0.316032 0.947285 0.052682
vn 0.318165 0.947285 0.037716
vn 0.106065 0.994096 0.022870
vn 0.176156 0.983629 0.037983
vn 0.247542 0.967998 0.041266
vn 0.177752 0.983629 0.029631
vn 0.104868 0.994096 0.027850
vn 0.318166 0.947285 0.037715
vn 0.249213 0.967998 0.029542
vn 0.319590 0.947285 0.022665
vn -0.144984 0.989434 0.000000
vn -0.144773 0.989465 0.000028
vn -0.103740 0.994604 -0.000028
vn -0.103103 0.994671 0.000055
vn -0.062316 0.998056 -0.000055
vn -0.061251 0.998122 0.000082
vn -0.038341 0.999265 -0.000010
vn -0.033510 0.999438 -0.000100
vn -0.029431 0.999567 -0.000265
vn -0.026219 0.999656 -0.000441
vn -0.022790 0.999740 -0.000685
vn -0.019119 0.999817 -0.001013
vn -0.020784 0.999784 -0.000830
vn -0.007593 0.999971 0.000000
vn 0.999266 0.038307 0.000908
vn 0.998834 0.048071 -0.004549
vn 0.993395 0.114553 0.006633
vn 0.989664 0.143315 -0.005034
vn 0.981754 0.189919 0.009457
vn 0.971459 0.237190 -0.002812
vn 0.964348 0.264464 0.009562
vn 0.944093 0.329674 0.001933
vn 0.941129 0.337978 0.006919
vn 0.908026 0.418817 0.009004
vn 0.912460 0.409162 0.001707
vn 0.878716 0.477157 0.013393
vn 0.878662 0.476311 0.032872
vn 0.884773 0.465382 0.024418
vn 0.884784 0.463368 0.049479
vn 0.890907 0.452383 0.040434
vn 0.890972 0.450770 0.054540
vn 0.868456 0.489704 0.077293
vn 0.855736 0.513267 0.065364
vn 0.806417 0.586118 0.078463
vn 0.806323 0.589328 0.050349
vn 0.726144 0.683372 0.075613
vn 0.726120 0.686762 0.033278
vn 0.630391 0.774207 0.056663
vn 0.630419 0.776188 0.010265
vn 0.534560 0.844833 0.022433
vn 0.864148 0.503231 0.002677
vn 0.839654 0.542895 0.015677
vn 0.839584 0.541932 0.037531
vn 0.847610 0.529894 0.027763
vn 0.847622 0.527587 0.056474
vn 0.855665 0.515479 0.046027
vn 0.812455 0.583005 0.004678
vn 0.785074 0.618984 0.022729
vn 0.784941 0.617958 0.044671
vn 0.795602 0.605102 0.029490
vn 0.795622 0.602147 0.066368
vn 0.752938 0.658057 0.006773
vn 0.712196 0.701556 0.024412
vn 0.712040 0.700291 0.050903
vn 0.685660 0.727861 0.009424
vn 0.612356 0.790072 0.028390
vn 0.540866 0.840930 0.017311
vn 0.451986 0.891832 0.018539
vn 0.445214 0.895129 0.022987
vn 0.364587 0.931029 0.016195
vn 0.343764 0.938663 0.027161
vn 0.273064 0.961880 0.014931
vn 0.238040 0.970809 0.029451
vn 0.179814 0.983594 0.014491
vn 0.149763 0.988431 0.023979
vn 0.113706 0.993401 0.015022
vn 0.093257 0.995642 -0.000094
vn 0.084983 0.996178 -0.020177
vn 0.148603 0.988545 0.026398
vn 0.157639 0.986272 0.049173
vn 0.194251 0.979002 0.061826
vn 0.191839 0.979309 0.064435
vn 0.206982 0.972884 0.103221
vn 0.218641 0.971037 0.096347
vn 0.257969 0.957128 0.131752
vn 0.251010 0.958392 0.135939
vn 0.304545 0.939414 0.157333
vn 0.287653 0.942663 0.169241
vn 0.343467 0.921506 0.181268
vn 0.327827 0.924058 0.196587
vn 0.376995 0.903622 0.203328
vn 0.368859 0.903387 0.218712
vn 0.385985 0.895773 0.220468
vn 0.426133 0.880015 0.209726
vn 0.428094 0.882120 0.196468
vn 0.409786 0.891935 0.191123
vn 0.409613 0.898426 0.158265
vn 0.456165 0.868481 0.194045
vn 0.483726 0.857003 0.177636
vn 0.481620 0.862306 0.156430
vn 0.464345 0.868745 0.172235
vn 0.464208 0.876153 0.129872
vn 0.433754 0.886494 0.161202
vn 0.433732 0.894958 0.104532
vn 0.403390 0.905054 0.134737
vn 0.403369 0.911914 0.075535
vn 0.373295 0.921807 0.104512
vn 0.373276 0.926730 0.042847
vn 0.343622 0.936456 0.070522
vn 0.542199 0.825133 0.158667
vn 0.528592 0.838808 0.130355
vn 0.523058 0.841305 0.136440
vn 0.602113 0.788156 0.127552
vn 0.570993 0.814234 0.104834
vn 0.584601 0.806419 0.089054
vn 0.584411 0.808590 0.068155
vn 0.562499 0.821671 0.091925
vn 0.562477 0.825876 0.039350
vn 0.540760 0.838893 0.061943
vn 0.648545 0.753290 0.109292
vn 0.666293 0.740699 0.086126
vn 0.666109 0.743189 0.062997
vn 0.648205 0.756802 0.084150
vn 0.648182 0.760607 0.036577
vn 0.732319 0.674341 0.094730
vn 0.740438 0.667029 0.082605
vn 0.740284 0.669870 0.057040
vn 0.806338 0.586209 0.078601
vn 0.919907 0.387550 0.059800
vn 0.921379 0.384464 0.056991
vn 0.921396 0.387080 0.034633
vn 0.916954 0.396747 0.042285
vn 0.916945 0.398464 0.020934
vn 0.912514 0.408080 0.028081
vn 0.935710 0.273448 0.222874
vn 0.951295 0.305345 0.042443
vn 0.947167 0.318366 0.038967
vn 0.947133 0.319564 0.028597
vn 0.982943 0.169066 0.072389
vn 0.975190 0.219370 0.029703
vn 0.967971 0.249106 0.031270
vn 0.967984 0.249055 0.031286
vn 0.997225 0.056651 0.048299
vn 0.994267 0.106919 -0.001492
vn 0.983847 0.167468 0.063249
vn 0.984554 0.173401 0.024189
vn 0.983627 0.178826 0.022333
vn 0.983616 0.179567 0.015966
vn 0.966146 0.256561 0.027159
vn 0.966141 0.257662 0.013491
vn 0.941115 0.337293 0.023146
vn 0.999385 0.034705 0.005027
vn 0.999340 0.036082 0.004249
vn 0.994413 0.104555 0.014510
vn 0.994076 0.107870 0.013320
vn 0.999347 0.035935 0.003864
vn 0.999300 0.037288 0.003121
vn 0.993732 0.111190 0.011586
vn 0.993730 0.111665 0.005696
vn 0.981744 0.189775 0.012843
vn 0.999307 0.037129 0.002495
vn 0.999260 0.038419 0.001787
vn 0.993393 0.114511 0.007622
vn 0.237924 0.968467 0.073916
vn 0.445074 0.893022 0.066493
vn 0.470752 0.881294 0.041400
vn 0.944125 0.329134 0.017279
vn 0.982681 0.185057 0.009605
vn 0.964326 0.264104 0.018003
vn 0.271451 0.956216 0.109385
vn 0.271436 0.961470 0.043573
vn 0.470774 0.876722 0.098644
vn 0.496740 0.864882 0.072304
vn 0.967964 0.250093 0.022340
vn 0.944132 0.327721 0.034842
vn 0.994071 0.108313 0.009522
vn 0.982684 0.184269 0.019394
vn 0.305557 0.941652 0.141159
vn 0.305541 0.949002 0.077719
vn 0.496763 0.858536 0.127050
vn 0.522889 0.846568 0.099544
vn 0.340063 0.925056 0.169197
vn 0.340045 0.934159 0.108240
vn 0.374807 0.906693 0.193461
vn 0.374788 0.917214 0.135100
vn -0.065404 0.997859 0.000000
vn -0.065404 0.997859 0.000000
vn -0.195088 0.980786 0.000000
vn -0.195088 0.980786 0.000000
vn -0.321438 0.946931 0.000000
vn -0.321438 0.946931 0.000000
vn -0.442293 0.896871 0.000000
vn -0.442293 0.896871 0.000000
vn -0.555573 0.831468 0.000000
vn -0.555573 0.831468 0.000000
vn -0.659340 0.751845 0.000000
vn -0.659340 0.751845 0.000000
vn -0.751840 0.659346 0.000000
vn -0.751840 0.659346 0.000000
vn -0.831470 0.555569 0.000000
vn -0.831470 0.555569 0.000000
vn -0.896874 0.442286 0.000000
vn -0.896874 0.442286 0.000000
vn -0.946932 0.321435 0.000000
vn -0.946932 0.321435 0.000000
vn -0.980783 0.195100 0.000000
vn -0.980783 0.195100 0.000000
vn -0.997859 0.065398 0.000000
vn -0.997859 0.065398 0.000000
vn -1.000000 0.000000 0.000000
vn -1.000000 0.000000 0.000000
vn -1.000000 -0.000829 0.000000
vn -1.000000 -0.000829 -0.000000
vn -0.996560 0.082875 0.000000
vn -0.996560 0.082875 0.000000
vn -0.986126 0.165997 0.000000
vn -0.986126 0.165997 0.000000
vn -0.968770 0.247961 0.000000
vn -0.968770 0.247961 0.000000
vn -0.944619 0.328168 0.000000
vn -0.944619 0.328168 0.000000
vn -0.913837 0.406081 0.000000
vn -0.913837 0.406081 0.000000
vn -0.876642 0.481142 0.000000
vn -0.876642 0.481142 0.000000
vn -0.833292 0.552833 0.000000
vn -0.833292 0.552833 0.000000
vn -0.784098 0.620637 0.000000
vn -0.784098 0.620637 0.000000
vn -0.729400 0.684088 0.000000
vn -0.729400 0.684088 0.000000
vn -0.669578 0.742742 0.000000
vn -0.669578 0.742742 0.000000
vn -0.605069 0.796173 0.000000
vn -0.605069 0.796173 0.000000
vn -0.536301 0.844027 0.000000
vn -0.536301 0.844027 0.000000
vn -0.463774 0.885954 0.000000
vn -0.463774 0.885954 0.000000
vn -0.387991 0.921663 0.000000
vn -0.387991 0.921663 0.000000
vn -0.309491 0.950903 0.000000
vn -0.309491 0.950903 0.000000
vn -0.228813 0.973470 0.000000
vn -0.228813 0.973470 0.000000
vn -0.146529 0.989206 0.000000
vn -0.146529 0.989206 0.000000
vn -0.063219 0.998000 0.000000
vn -0.063219 0.998000 0.000000
vn 0.020534 0.999789 0.000000
vn 0.020534 0.999789 0.000000
vn 0.104144 0.994562 0.000000
vn 0.104144 0.994562 0.000000
vn 0.187024 0.982355 0.000000
vn 0.187024 0.982355 0.000000
vn 0.268593 0.963254 0.000000
vn 0.268593 0.963254 0.000000
vn 0.348271 0.937394 0.000000
vn 0.348271 0.937394 0.000000
vn 0.425510 0.904953 0.000000
vn 0.425510 0.904953 0.000000
vn 0.499760 0.866164 0.000000
vn 0.499760 0.866164 0.000000
vn 0.570504 0.821294 0.000000
vn 0.570504 0.821294 0.000000
vn 0.637246 0.770660 0.000000
vn 0.637246 0.770660 0.000000
vn 0.699512 0.714621 0.000000
vn 0.699512 0.714621 0.000000
vn 0.756874 0.653560 0.000000
vn 0.756874 0.653560 0.000000
vn 0.808918 0.587922 0.000000
vn 0.808918 0.587922 0.000000
vn 0.855292 0.518146 0.000000
vn 0.855292 0.518146 0.000000
vn 0.895656 0.444748 0.000000
vn 0.895656 0.444748 0.000000
vn 0.929741 0.368213 0.000000
vn 0.929741 0.368213 0.000000
vn 0.957297 0.289108 0.000000
vn 0.957297 0.289108 0.000000
vn 0.978137 0.207963 0.000000
vn 0.978137 0.207963 0.000000
vn 0.992110 0.125369 0.000000
vn 0.992110 0.125369 0.000000
vn 0.999122 0.041884 0.000000
vn 0.999122 0.041884 0.000000
vn -0.156865 0.987620 0.000000
vn -0.144985 0.989434 0.000664
vn -0.139527 0.990218 0.000246
vn -0.122145 0.992512 -0.000113
vn -0.103739 0.994604 0.000531
vn -0.094596 0.995516 -0.000354
vn -0.062316 0.998056 0.000397
vn -0.056811 0.998385 -0.000198
vn -0.020784 0.999784 0.000220
vn -0.018946 0.999821 0.000000
vn 1.000000 0.000000 0.000000
vn 1.000000 0.000000 -0.000000
vn 1.000000 0.000000 -0.000000
vn 1.000000 -0.000000 -0.000000
vn 1.000000 0.000000 -0.000000
vn 0.223497 0.000000 -0.974705
vn 0.223497 0.000000 -0.974705
vn 0.419030 0.000000 -0.907972
vn 0.419030 0.000000 -0.907972
vn 0.596678 0.000000 -0.802481
vn 0.596678 0.000000 -0.802481
vn 0.748861 0.000000 -0.662727
vn 0.748861 0.000000 -0.662727
vn 0.869077 0.000000 -0.494678
vn 0.869077 0.000000 -0.494678
vn 0.952192 0.000000 -0.305499
vn 0.952192 0.000000 -0.305499
vn 0.994648 0.000000 -0.103317
vn 0.994648 0.000000 -0.103317
vn 0.000000 0.000000 -1.000000
vn 0.000000 0.000000 -1.000000
vn 0.130521 0.000000 -0.991446
vn 0.130521 0.000000 -0.991446
vn 0.382680 0.000000 -0.923881
vn 0.382680 0.000000 -0.923881
vn 0.608764 0.000000 -0.793351
vn 0.608764 0.000000 -0.793351
vn 0.793351 0.000000 -0.608764
vn 0.793351 0.000000 -0.608764
vn 0.923881 0.000000 -0.382680
vn 0.923881 0.000000 -0.382680
vn 0.991446 0.000000 -0.130521
vn 0.991446 0.000000 -0.130521
vn 1.000000 0.000000 0.000000
vn 1.000000 -0.000000 0.000000
vn -0.121599 -0.000000 -0.992579
vn -0.121599 -0.000000 -0.992579
vn -0.121600 -0.000002 -0.992579
vn -0.121597 0.000007 -0.992580
vn -0.121599 -0.000008 -0.992579
vn -0.121602 0.000000 -0.992579
vn 0.000000 0.000000 -1.000000
vn 0.000000 0.000000 -1.000000
vn -0.991446 0.000000 -0.130521
vn -0.991446 -0.000000 -0.130521
vn -0.923881 0.000000 -0.382680
vn -0.923881 -0.000000 -0.382680
vn -0.793351 0.000000 -0.608764
vn -0.793351 -0.000000 -0.608764
vn -0.608764 0.000000 -0.793351
vn -0.608764 -0.000000 -0.793351
vn -0.382680 0.000000 -0.923881
vn -0.382680 -0.000000 -0.923881
vn -0.130521 0.000000 -0.991446
vn -0.130521 -0.000000 -0.991446
vn -1.000000 0.000000 0.000000
vn -1.000000 0.000000 0.000000
vn 0.000000 1.000000 0.000000
vn 0.000000 1.000000 0.000000
vn 0.000000 1.000000 0.000000
vn 0.000000 1.000000 0.000000
vn 0.000000 1.000000 0.000000
vn 0.000000 1.000000 0.000000
vn 0.000000 1.000000 0.000000
vn 0.000000 1.000000 0.000000
vn 0.000000 -1.000000 0.000000
vn 0.000000 -1.000000 -0.000000
vn 0.000000 -1.000000 0.000000
vn 0.000000 -1.000000 -0.000000
vn 0.000000 -1.000000 0.000000
vn 0.000000 -1.000000 -0.000000
vn 0.000000 -1.000000 0.000000
vn 0.000000 -1.000000 -0.000000
vn 0.000000 -1.000000 0.000000
vn 0.000000 -1.000000 -0.000000
vn 0.000000 -1.000000 0.000000
vn 0.000000 -1.000000 -0.000000
vn 0.000000 -1.000000 0.000000
vn 0.000000 -1.000000 -0.000000
vn 0.000000 -1.000000 0.000000
vn 0.000000 -1.000000 -0.000000
vn 0.000000 -1.000000 0.000000
vn 0.000000 -1.000000 -0.000000
vn 0.000000 -1.000000 0.000000
vn 0.000000 -1.000000 -0.000000
vn 0.000000 -1.000000 0.000000
vn 0.000000 -1.000000 -0.000000
vn 0.000000 -1.000000 0.000000
vn 0.000000 -1.000000 -0.000000
vn 0.000000 -1.000000 0.000000
vn 0.000000 -1.000000 -0.000000
vn 0.000000 -1.000000 0.000000
vn 0.000000 -1.000000 -0.000000
vn 0.000000 -1.000000 0.000000
vn 0.000000 -1.000000 -0.000000
vn 0.000000 -1.000000 0.000000
vn 0.000000 -1.000000 -0.000000
vn 0.000000 -1.000000 0.000000
vn 0.000000 -1.000000 -0.000000
vn 0.000000 -1.000000 0.000000
vn 0.000000 -1.000000 -0.000000
vn 0.000000 -1.000000 0.000000
vn 0.000000 -1.000000 -0.000000
vn 0.000000 -1.000000 0.000000
vn 0.000000 -1.000000 -0.000000
vn 0.000000 -1.000000 0.000000
vn 0.000000 -1.000000 -0.000000
vn 0.000000 -1.000000 -0.000000
vn 0.000000 -1.000000 0.000000
vn 0.000000 -1.000000 -0.000000
vn 0.000000 -1.000000 -0.000000
vn 0.000000 -1.000000 0.000000
vn 0.000000 -1.000000 -0.000000
vn 0.000000 -1.000000 -0.000000
vn 0.000000 -1.000000 0.000000
vn 0.000000 -1.000000 0.000000
vn 0.000000 -1.000000 0.000000
vn 0.000000 -1.000000 0.000000
vn 0.000000 -1.000000 0.000000
vn 0.000000 -1.000000 0.000000
vn 0.000000 -1.000000 0.000000
vn 0.000000 -1.000000 0.000000
vn 0.000000 -1.000000 0.000000
vn 0.000000 -1.000000 0.000000
vn 0.000000 -1.000000 0.000000
vn 0.000000 -1.000000 0.000000
vn 0.000000 -1.000000 0.000000
vn 0.000000 -1.000000 0.000000
vn 0.000000 -1.000000 0.000000
vn 0.000000 -1.000000 0.000000
vn 0.000000 -1.000000 0.000000
vn 0.000000 -1.000000 0.000000
vn 0.000000 -1.000000 0.000000
vn 0.000000 -1.000000 0.000000
vn 0.000000 -1.000000 0.000000
vn 0.000000 -1.000000 0.000000
vn 0.000000 -1.000000 0.000000
vn 0.000000 -1.000000 0.000000
vn 0.000000 -1.000000 0.000000
vn 0.000000 -1.000000 0.000000
vn 0.000000 -1.000000 0.000000
vn 0.000000 -1.000000 0.000000
vn 0.000000 -1.000000 0.000000
vn 0.000000 -1.000000 0.000000
vn 0.000000 -1.000000 0.000000
vn 0.000000 -1.000000 0.000000
vn 0.000000 -1.000000 0.000000
vn 0.000000 -1.000000 0.000000
vn 0.000000 -1.000000 0.000000
vn 0.000000 -1.000000 0.000000
vn 0.000000 -1.000000 0.000000
vn 0.000000 -1.000000 0.000000
vn 0.000000 -1.000000 0.000000
vn 0.000000 -1.000000 0.000000
vn 0.000000 -1.000000 0.000000
vn 0.000000 -1.000000 0.000000
vn 0.000000 -1.000000 0.000000
vn 0.000000 -1.000000 0.000000
vn 0.000000 -1.000000 0.000000
vn 0.000000 -1.000000 0.000000
vn 0.000000 -1.000000 0.000000
vn 0.000000 -1.000000 0.000000
vn 0.000000 -1.000000 0.000000
vn 0.000000 -1.000000 0.000000
vn 0.000000 -1.000000 0.000000
vn 0.000000 -1.000000 0.000000
vn 0.000000 -1.000000 0.000000
vn 0.000000 -1.000000 0.000000
vn 0.000000 -1.000000 0.000000
vn -0.999464 0.000000 -0.032722
vn -0.999464 0.000000 -0.032722
vn -0.995185 0.000000 -0.098012
vn -0.995185 0.000000 -0.098012
vn -0.986643 0.000000 -0.162899
vn -0.986643 0.000000 -0.162899
vn -0.973877 0.000000 -0.227074
vn -0.973877 0.000000 -0.227074
vn -0.956941 0.000000 -0.290284
vn -0.956941 0.000000 -0.290284
vn -0.935905 0.000000 -0.352251
vn -0.935905 0.000000 -0.352251
vn -0.910863 0.000000 -0.412708
vn -0.910863 0.000000 -0.412708
vn -0.881922 0.000000 -0.471396
vn -0.881922 0.000000 -0.471396
vn -0.849201 0.000000 -0.528069
vn -0.849201 0.000000 -0.528069
vn -0.812846 0.000000 -0.582479
vn -0.812846 0.000000 -0.582479
vn -0.773012 0.000000 -0.634392
vn -0.773012 0.000000 -0.634392
vn -0.729865 0.000000 -0.683591
vn -0.729865 0.000000 -0.683591
vn -0.683591 0.000000 -0.729865
vn -0.683591 0.000000 -0.729865
vn -0.634392 0.000000 -0.773012
vn -0.634392 0.000000 -0.773012
vn -0.582479 0.000000 -0.812846
vn -0.582479 0.000000 -0.812846
vn -0.528069 0.000000 -0.849201
vn -0.528069 0.000000 -0.849201
vn -0.471396 0.000000 -0.881922
vn -0.471396 0.000000 -0.881922
vn -0.412708 0.000000 -0.910863
vn -0.412708 0.000000 -0.910863
vn -0.352245 0.000000 -0.935908
vn -0.352245 0.000000 -0.935908
vn -0.290290 0.000000 -0.956939
vn -0.290290 0.000000 -0.956939
vn -0.227074 0.000000 -0.973877
vn -0.227074 0.000000 -0.973877
vn -0.162899 0.000000 -0.986643
vn -0.162899 0.000000 -0.986643
vn -0.098012 0.000000 -0.995185
vn -0.098012 0.000000 -0.995185
vn -0.032722 0.000000 -0.999464
vn -0.032722 0.000000 -0.999464
vn 0.032722 0.000000 -0.999464
vn 0.032722 0.000000 -0.999464
vn 0.098012 0.000000 -0.995185
vn 0.098012 0.000000 -0.995185
vn 0.162898 0.000000 -0.986643
vn 0.162898 0.000000 -0.986643
vn 0.227074 0.000000 -0.973877
vn 0.227074 0.000000 -0.973877
vn 0.290290 0.000000 -0.956939
vn 0.290290 0.000000 -0.956939
vn 0.352245 0.000000 -0.935908
vn 0.352245 0.000000 -0.935908
vn 0.412708 0.000000 -0.910863
vn 0.412708 0.000000 -0.910863
vn 0.471396 0.000000 -0.881922
vn 0.471396 0.000000 -0.881922
vn 0.528069 0.000000 -0.849201
vn 0.528069 0.000000 -0.849201
vn 0.582479 0.000000 -0.812846
vn 0.582479 0.000000 -0.812846
vn 0.634392 0.000000 -0.773012
vn 0.634392 0.000000 -0.773012
vn 0.683591 0.000000 -0.729865
vn 0.683591 0.000000 -0.729865
vn 0.729865 0.000000 -0.683591
vn 0.729865 0.000000 -0.683591
vn 0.773012 0.000000 -0.634392
vn 0.773012 0.000000 -0.634392
vn 0.812846 0.000000 -0.582479
vn 0.812846 0.000000 -0.582479
vn 0.849201 0.000000 -0.528069
vn 0.849201 0.000000 -0.528069
vn 0.881922 0.000000 -0.471396
vn 0.881922 0.000000 -0.471396
vn 0.910863 0.000000 -0.412708
vn 0.910863 0.000000 -0.412708
vn 0.935908 0.000000 -0.352245
vn 0.935908 0.000000 -0.352245
vn 0.956939 0.000000 -0.290290
vn 0.956939 0.000000 -0.290290
vn 0.973877 0.000000 -0.227074
vn 0.973877 0.000000 -0.227074
vn 0.986644 0.000000 -0.162892
vn 0.986644 0.000000 -0.162892
vn 0.995185 0.000000 -0.098018
vn 0.995185 0.000000 -0.098018
vn 0.999464 0.000000 -0.032722
vn 0.999464 0.000000 -0.032722
vn 0.000000 1.000000 0.000000
vn 0.000000 1.000000 0.000000
vn 0.000000 1.000000 0.000000
vn 0.000000 1.000000 0.000000
vn 0.000000 1.000000 0.000000
vn 0.000000 1.000000 0.000000
vn 0.000000 1.000000 0.000000
vn 0.000000 1.000000 0.000000
vn 0.000000 1.000000 0.000000
vn 0.000000 1.000000 0.000000
vn 0.000000 1.000000 0.000000
vn 0.000000 1.000000 0.000000
vn 0.000000 1.000000 0.000000
vn 0.000000 1.000000 0.000000
vn 0.000000 1.000000 0.000000
vn 0.000000 1.000000 0.000000
vn 0.000000 1.000000 0.000000
vn 0.000000 1.000000 0.000000
vn 0.000000 1.000000 0.000000
vn 0.000000 1.000000 0.000000
vn 0.000000 1.000000 0.000000
vn 0.000000 1.000000 0.000000
vn 0.000000 1.000000 0.000000
vn 0.000000 1.000000 0.000000
vn 0.000000 1.000000 0.000000
vn 0.000000 1.000000 0.000000
vn -0.000000 1.000000 0.000000
vn 0.000000 1.000000 0.000000
vn -0.000000 1.000000 0.000000
vn 0.000000 1.000000 0.000000
vn -0.000000 1.000000 0.000000
vn 0.000000 1.000000 0.000000
vn -0.000000 1.000000 0.000000
vn 0.000000 1.000000 0.000000
vn -0.000000 1.000000 0.000000
vn 0.000000 1.000000 0.000000
vn -0.000000 1.000000 0.000000
vn 0.000000 1.000000 0.000000
vn -0.000000 1.000000 0.000000
vn 0.000000 1.000000 0.000000
vn 0.000000 1.000000 0.000000
vn -0.000000 1.000000 0.000000
vn 0.000000 1.000000 0.000000
vn -0.000000 1.000000 0.000000
vn 0.000000 1.000000 0.000000
vn -0.000000 1.000000 0.000000
vn 0.000000 1.000000 0.000000
vn -0.000000 1.000000 0.000000
vn 0.000000 1.000000 0.000000
vn -0.000000 1.000000 0.000000
vn 0.000000 1.000000 -0.000000
vn -0.000000 1.000000 0.000000
vn 0.000000 1.000000 -0.000000
vn -0.000000 1.000000 0.000000
vn 0.000000 1.000000 -0.000000
vn -0.000000 1.000000 0.000000
vn 0.000000 1.000000 -0.000000
vn -0.000000 1.000000 0.000000
vn -0.000000 1.000000 0.000000
vn 0.000000 1.000000 -0.000000
vn -0.000000 1.000000 0.000000
vn 0.000000 1.000000 -0.000000
vn -0.000000 1.000000 0.000000
vn 0.000000 1.000000 -0.000000
vn -0.000000 1.000000 0.000000
vn 0.000000 1.000000 -0.000000
vn -0.000000 1.000000 0.000000
vn 0.000000 1.000000 -0.000000
vn -0.000000 1.000000 0.000000
vn 0.000000 1.000000 -0.000000
vn -0.000000 1.000000 0.000000
vn 0.000000 1.000000 -0.000000
vn 0.000000 1.000000 0.000000
vn 0.000000 1.000000 -0.000000
vn 0.000000 1.000000 0.000000
vn 0.000000 1.000000 -0.000000
vn 0.000000 1.000000 0.000000
vn 0.000000 1.000000 -0.000000
vn 0.000000 1.000000 0.000000
vn 0.000000 1.000000 -0.000000
vn 0.000000 1.000000 0.000000
vn 0.000000 1.000000 -0.000000
vn 0.000000 1.000000 0.000000
vn 0.000000 1.000000 -0.000000
vn 0.000000 1.000000 0.000000
vn 0.000000 1.000000 -0.000000
vn 0.000000 1.000000 0.000000
vn 0.000000 1.000000 -0.000000
vn 0.000000 1.000000 0.000000
vn 0.000000 1.000000 -0.000000
vn 0.000000 1.000000 0.000000
vn 0.000000 1.000000 -0.000000
vn 0.000000 1.000000 0.000000
vn 0.000000 1.000000 -0.000000
vn 0.000000 1.000000 0.000000
vn 0.000000 1.000000 -0.000000
vn 0.000000 1.000000 0.000000
vn 0.000000 1.000000 -0.000000
vn -0.706939 0.706939 -0.021779
vn -0.706429 0.707435 -0.022200
vn -0.704735 0.706459 -0.065303
vn -0.703160 0.707918 -0.066469
vn -0.699833 0.705998 -0.108634
vn -0.697142 0.708379 -0.110417
vn -0.692248 0.705555 -0.151606
vn -0.688404 0.708817 -0.153876
vn -0.682011 0.705128 -0.194050
vn -0.676979 0.709236 -0.196682
vn -0.669152 0.704724 -0.235797
vn -0.662914 0.709637 -0.238663
vn -0.653715 0.704340 -0.276698
vn -0.646272 0.710012 -0.279668
vn -0.635772 0.703971 -0.316572
vn -0.627116 0.710371 -0.319527
vn -0.615374 0.703623 -0.355287
vn -0.605522 0.710707 -0.358104
vn -0.592606 0.703295 -0.392675
vn -0.581577 0.711024 -0.395239
vn -0.567553 0.702986 -0.428596
vn -0.555371 0.711323 -0.430793
vn -0.540304 0.702699 -0.462910
vn -0.527020 0.711595 -0.464631
vn -0.510980 0.702426 -0.495477
vn -0.496625 0.711851 -0.496620
vn -0.479677 0.702175 -0.526175
vn -0.464295 0.712093 -0.526644
vn -0.446509 0.701950 -0.554883
vn -0.430178 0.712308 -0.554585
vn -0.411625 0.701739 -0.581487
vn -0.394396 0.712504 -0.580336
vn -0.375148 0.701548 -0.605883
vn -0.357091 0.712679 -0.603800
vn -0.337218 0.701374 -0.627980
vn -0.318393 0.712838 -0.624891
vn -0.297979 0.701227 -0.647680
vn -0.278479 0.712973 -0.643520
vn -0.257590 0.701092 -0.664919
vn -0.237479 0.713090 -0.659626
vn -0.216204 0.700984 -0.679615
vn -0.195564 0.713192 -0.673136
vn -0.173972 0.700895 -0.691723
vn -0.152895 0.713267 -0.684013
vn -0.131075 0.700822 -0.701190
vn -0.109635 0.713325 -0.692205
vn -0.087668 0.700771 -0.707979
vn -0.065951 0.713365 -0.697683
vn -0.043918 0.700741 -0.712063
vn -0.022011 0.713384 -0.700427
vn 0.000000 0.700732 -0.713425
vn 0.022011 0.713384 -0.700427
vn 0.043918 0.700741 -0.712063
vn 0.065951 0.713365 -0.697683
vn 0.087668 0.700771 -0.707979
vn 0.109635 0.713325 -0.692205
vn 0.131075 0.700822 -0.701190
vn 0.152895 0.713267 -0.684013
vn 0.173972 0.700894 -0.691723
vn 0.195565 0.713192 -0.673135
vn 0.216204 0.700986 -0.679614
vn 0.237479 0.713092 -0.659624
vn 0.257590 0.701094 -0.664917
vn 0.278477 0.712974 -0.643520
vn 0.297981 0.701226 -0.647680
vn 0.318395 0.712835 -0.624893
vn 0.337216 0.701373 -0.627982
vn 0.357091 0.712679 -0.603800
vn 0.375148 0.701548 -0.605883
vn 0.394396 0.712504 -0.580336
vn 0.411625 0.701739 -0.581487
vn 0.430178 0.712308 -0.554585
vn 0.446513 0.701948 -0.554883
vn 0.464299 0.712090 -0.526644
vn 0.479673 0.702178 -0.526175
vn 0.496621 0.711854 -0.496621
vn 0.510980 0.702426 -0.495477
vn 0.527020 0.711595 -0.464631
vn 0.540309 0.702695 -0.462910
vn 0.555376 0.711320 -0.430792
vn 0.567553 0.702986 -0.428596
vn 0.581577 0.711024 -0.395239
vn 0.592601 0.703299 -0.392677
vn 0.605516 0.710711 -0.358106
vn 0.615380 0.703620 -0.355285
vn 0.627121 0.710366 -0.319530
vn 0.635771 0.703971 -0.316576
vn 0.646272 0.710012 -0.279668
vn 0.653715 0.704340 -0.276698
vn 0.662914 0.709637 -0.238663
vn 0.669152 0.704724 -0.235797
vn 0.676979 0.709236 -0.196682
vn 0.682011 0.705128 -0.194050
vn 0.688404 0.708817 -0.153876
vn 0.692248 0.705555 -0.151606
vn 0.697142 0.708379 -0.110417
vn 0.699833 0.705998 -0.108634
vn 0.703160 0.707918 -0.066469
vn 0.704735 0.706459 -0.065303
vn 0.706429 0.707435 -0.022200
vn 0.706939 0.706939 -0.021779
vn 0.999526 0.000000 -0.030793
vn 0.999526 0.000000 -0.030793
vn 0.995734 0.000000 -0.092268
vn 0.995734 0.000000 -0.092268
vn 0.988165 0.000000 -0.153391
vn 0.988165 0.000000 -0.153391
vn 0.976848 0.000000 -0.213935
vn 0.976848 0.000000 -0.213935
vn 0.961825 0.000000 -0.273664
vn 0.961825 0.000000 -0.273664
vn 0.943156 0.000000 -0.332351
vn 0.943156 0.000000 -0.332351
vn 0.920903 0.000000 -0.389791
vn 0.920903 0.000000 -0.389791
vn 0.895163 0.000000 -0.445738
vn 0.895163 0.000000 -0.445738
vn 0.866028 0.000000 -0.499995
vn 0.866028 0.000000 -0.499995
vn 0.833599 0.000000 -0.552370
vn 0.833599 0.000000 -0.552370
vn 0.798018 0.000000 -0.602634
vn 0.798018 0.000000 -0.602634
vn 0.759404 0.000000 -0.650619
vn 0.759404 0.000000 -0.650619
vn 0.717914 0.000000 -0.696132
vn 0.717914 0.000000 -0.696132
vn 0.673696 0.000000 -0.739008
vn 0.673696 0.000000 -0.739008
vn 0.626923 0.000000 -0.779081
vn 0.626923 0.000000 -0.779081
vn 0.577773 0.000000 -0.816198
vn 0.577773 0.000000 -0.816198
vn 0.526433 0.000000 -0.850216
vn 0.526433 0.000000 -0.850216
vn 0.473091 0.000000 -0.881014
vn 0.473091 0.000000 -0.881014
vn 0.417962 0.000000 -0.908465
vn 0.417962 0.000000 -0.908465
vn 0.361241 0.000000 -0.932472
vn 0.361241 0.000000 -0.932472
vn 0.303156 0.000000 -0.952941
vn 0.303156 0.000000 -0.952941
vn 0.243910 0.000000 -0.969798
vn 0.243910 0.000000 -0.969798
vn 0.183749 0.000000 -0.982973
vn 0.183749 0.000000 -0.982973
vn 0.122890 0.000000 -0.992420
vn 0.122890 0.000000 -0.992420
vn 0.061560 0.000000 -0.998103
vn 0.061560 0.000000 -0.998103
vn 0.000000 0.000000 -1.000000
vn -0.000000 -0.000000 -1.000000
vn -0.061560 0.000000 -0.998103
vn -0.061560 -0.000000 -0.998103
vn -0.122890 0.000000 -0.992420
vn -0.122890 -0.000000 -0.992420
vn -0.183749 0.000000 -0.982973
vn -0.183749 -0.000000 -0.982973
vn -0.243910 0.000000 -0.969798
vn -0.243910 -0.000000 -0.969798
vn -0.303156 0.000000 -0.952941
vn -0.303156 -0.000000 -0.952941
vn -0.361241 0.000000 -0.932472
vn -0.361241 -0.000000 -0.932472
vn -0.417959 0.000000 -0.908466
vn -0.417959 -0.000000 -0.908466
vn -0.473093 0.000000 -0.881012
vn -0.473093 -0.000000 -0.881012
vn -0.526433 0.000000 -0.850216
vn -0.526433 -0.000000 -0.850216
vn -0.577773 0.000000 -0.816198
vn -0.577773 -0.000000 -0.816198
vn -0.626920 0.000000 -0.779083
vn -0.626920 -0.000000 -0.779083
vn -0.673699 0.000000 -0.739005
vn -0.673699 -0.000000 -0.739005
vn -0.717914 0.000000 -0.696132
vn -0.717914 -0.000000 -0.696132
vn -0.759401 0.000000 -0.650623
vn -0.759401 -0.000000 -0.650623
vn -0.798018 0.000000 -0.602634
vn -0.798018 -0.000000 -0.602634
vn -0.833602 0.000000 -0.552365
vn -0.833602 -0.000000 -0.552365
vn -0.866025 0.000000 -0.500000
vn -0.866025 -0.000000 -0.500000
vn -0.895166 0.000000 -0.445733
vn -0.895166 -0.000000 -0.445733
vn -0.920903 0.000000 -0.389791
vn -0.920903 -0.000000 -0.389791
vn -0.943156 0.000000 -0.332351
vn -0.943156 -0.000000 -0.332351
vn -0.961825 0.000000 -0.273664
vn -0.961825 -0.000000 -0.273664
vn -0.976848 0.000000 -0.213935
vn -0.976848 -0.000000 -0.213935
vn -0.988165 0.000000 -0.153391
vn -0.988165 -0.000000 -0.153391
vn -0.995734 0.000000 -0.092268
vn -0.995734 -0.000000 -0.092268
vn -0.999526 0.000000 -0.030793
vn -0.999526 -0.000000 -0.030793
vn -0.994648 0.000000 -0.103317
vn -0.994648 0.000000 -0.103317
vn -0.952192 0.000000 -0.305499
vn -0.952192 0.000000 -0.305499
vn -0.869077 0.000000 -0.494678
vn -0.869077 0.000000 -0.494678
vn -0.748873 0.000000 -0.662714
vn -0.748873 0.000000 -0.662714
vn -0.596667 0.000000 -0.802489
vn -0.596667 0.000000 -0.802489
vn -0.419030 0.000000 -0.907972
vn -0.419030 0.000000 -0.907972
vn -0.223497 0.000000 -0.974705
vn -0.223497 0.000000 -0.974705
f 2273//1 2276//1 2275//1
f 2272//2 2273//2 2275//2
f 2279//3 2273//3 2272//3
f 2278//4 2279//4 2272//4
f 2285//5 2279//5 2278//5
f 2284//6 2285//6 2278//6
f 2292//7 2285//7 2284//7
f 2291//8 2292//8 2284//8
f 2300//9 2292//9 2291//9
f 2299//10 2300//10 2291//10
f 2307//11 2300//11 2299//11
f 2306//12 2307//12 2299//12
f 2314//13 2307//13 2306//13
f 2313//14 2314//14 2306//14
f 2323//15 2314//15 2313//15
f 2322//16 2323//16 2313//16
f 2331//17 2323//17 2322//17
f 2330//18 2331//18 2322//18
f 2337//19 2331//19 2330//19
f 2336//20 2337//20 2330//20
f 2345//21 2337//21 2336//21
f 2344//22 2345//22 2336//22
f 2351//23 2345//23 2344//23
f 2350//24 2351//24 2344//24
f 2354//25 2351//25 2350//25
f 2353//26 2354//26 2350//26
f 2348//27 2354//27 2353//27
f 2347//28 2348//28 2353//28
f 2342//29 2348//29 2347//29
f 2341//30 2342//30 2347//30
f 2334//31 2342//31 2341//31
f 2333//32 2334//32 2341//32
f 2328//33 2334//33 2333//33
f 2327//34 2328//34 2333//34
f 2320//35 2328//35 2327//35
f 2319//36 2320//36 2327//36
f 2311//37 2320//37 2319//37
f 2310//38 2311//38 2319//38
f 2304//39 2311//39 2310//39
f 2303//40 2304//40 2310//40
f 2297//41 2304//41 2303//41
f 2296//42 2297//42 2303//42
f 2289//43 2297//43 2296//43
f 2288//44 2289//44 2296//44
f 2282//45 2289//45 2288//45
f 2281//46 2282//46 2288//46
f 2276//47 2282//47 2281//47
f 2275//48 2276//48 2281//48
f 2271//49 2277//49 2278//49
f 2272//50 2271//50 2278//50
f 2274//51 2271//51 2272//51
f 2275//52 2274//52 2272//52
f 2280//53 2274//53 2275//53
f 2281//54 2280//54 2275//54
f 2287//55 2280//55 2281//55
f 2288//56 2287//56 2281//56
f 2295//57 2287//57 2288//57
f 2296//58 2295//58 2288//58
f 2302//59 2295//59 2296//59
f 2303//60 2302//60 2296//60
f 2309//61 2302//61 2303//61
f 2310//62 2309//62 2303//62
f 2318//63 2309//63 2310//63
f 2319//64 2318//64 2310//64
f 2326//65 2318//65 2319//65
f 2327//66 2326//66 2319//66
f 2332//67 2326//67 2327//67
f 2333//68 2332//68 2327//68
f 2340//69 2332//69 2333//69
f 2341//70 2340//70 2333//70
f 2346//71 2340//71 2341//71
f 2347//72 2346//72 2341//72
f 2352//73 2346//73 2347//73
f 2353//74 2352//74 2347//74
f 2349//75 2352//75 2353//75
f 2350//76 2349//76 2353//76
f 2343//77 2349//77 2350//77
f 2344//78 2343//78 2350//78
f 2335//79 2343//79 2344//79
f 2336//80 2335//80 2344//80
f 2329//81 2335//81 2336//81
f 2330//82 2329//82 2336//82
f 2321//83 2329//83 2330//83
f 2322//84 2321//84 2330//84
f 2312//85 2321//85 2322//85
f 2313//86 2312//86 2322//86
f 2305//87 2312//87 2313//87
f 2306//88 2305//88 2313//88
f 2298//89 2305//89 2306//89
f 2299//90 2298//90 2306//90
f 2290//91 2298//91 2299//91
f 2291//92 2290//92 2299//92
f 2283//93 2290//93 2291//93
f 2284//94 2283//94 2291//94
f 2277//95 2283//95 2284//95
f 2278//96 2277//96 2284//96
f 15//97 18//97 17//97
f 14//98 15//98 17//98
f 21//99 15//99 14//99
f 20//100 21//100 14//100
f 27//101 21//101 20//101
f 26//102 27//102 20//102
f 35//103 27//103 26//103
f 34//104 35//104 26//104
f 41//105 35//105 34//105
f 40//106 41//106 34//106
f 49//107 41//107 40//107
f 48//108 49//108 40//108
f 58//109 49//109 48//109
f 57//110 58//110 48//110
f 65//111 58//111 57//111
f 64//112 65//112 57//112
f 72//113 65//113 64//113
f 71//114 72//114 64//114
f 80//115 72//115 71//115
f 79//116 80//116 71//116
f 87//117 80//117 79//117
f 86//118 87//118 79//118
f 93//119 87//119 86//119
f 92//120 93//120 86//120
f 96//121 93//121 92//121
f 95//122 96//122 92//122
f 90//123 96//123 95//123
f 89//124 90//124 95//124
f 84//125 90//125 89//125
f 83//126 84//126 89//126
f 77//127 84//127 83//127
f 76//128 77//128 83//128
f 69//129 77//129 76//129
f 68//130 69//130 76//130
f 62//131 69//131 68//131
f 61//132 62//132 68//132
f 55//133 62//133 61//133
f 54//134 55//134 61//134
f 46//135 55//135 54//135
f 45//136 46//136 54//136
f 38//137 46//137 45//137
f 37//138 38//138 45//138
f 32//139 38//139 37//139
f 31//140 32//140 37//140
f 24//141 32//141 31//141
f 23//142 24//142 31//142
f 18//143 24//143 23//143
f 17//144 18//144 23//144
f 13//145 19//145 20//145
f 14//146 13//146 20//146
f 16//147 13//147 14//147
f 17//148 16//148 14//148
f 22//149 16//149 17//149
f 23//150 22//150 17//150
f 30//151 22//151 23//151
f 31//152 30//152 23//152
f 36//153 30//153 31//153
f 37//154 36//154 31//154
f 44//155 36//155 37//155
f 45//156 44//156 37//156
f 53//157 44//157 45//157
f 54//158 53//158 45//158
f 60//159 53//159 54//159
f 61//160 60//160 54//160
f 67//161 60//161 61//161
f 68//162 67//162 61//162
f 75//163 67//163 68//163
f 76//164 75//164 68//164
f 82//165 75//165 76//165
f 83//166 82//166 76//166
f 88//167 82//167 83//167
f 89//168 88//168 83//168
f 94//169 88//169 89//169
f 95//170 94//170 89//170
f 91//171 94//171 95//171
f 92//172 91//172 95//172
f 85//173 91//173 92//173
f 86//174 85//174 92//174
f 78//175 85//175 86//175
f 79//176 78//176 86//176
f 70//177 78//177 79//177
f 71//178 70//178 79//178
f 63//179 70//179 71//179
f 64//180 63//180 71//180
f 56//181 63//181 64//181
f 57//182 56//182 64//182
f 47//183 56//183 57//183
f 48//184 47//184 57//184
f 39//185 47//185 48//185
f 40//186 39//186 48//186
f 33//187 39//187 40//187
f 34//188 33//188 40//188
f 25//189 33//189 34//189
f 26//190 25//190 34//190
f 19//191 25//191 26//191
f 20//192 19//192 26//192
f 981//193 985//193 983//193
f 980//194 981//194 983//194
f 984//195 981//195 980//195
f 982//196 984//196 980//196
f 988//197 984//197 982//197
f 986//198 988//198 982//198
f 999//199 988//199 986//199
f 997//200 999//200 986//200
f 1005//201 999//201 997//201
f 1003//202 1005//202 997//202
f 1009//203 1005//203 1003//203
f 1007//204 1009//204 1003//204
f 1029//205 1009//205 1007//205
f 1027//206 1029//206 1007//206
f 1045//207 1029//207 1027//207
f 1043//208 1045//208 1027//208
f 1050//209 1045//209 1043//209
f 1048//210 1050//210 1043//210
f 1058//211 1050//211 1048//211
f 1056//212 1058//212 1048//212
f 1069//213 1058//213 1056//213
f 1067//214 1069//214 1056//214
f 1073//215 1069//215 1067//215
f 1071//216 1073//216 1067//216
f 1076//217 1073//217 1071//217
f 1075//218 1076//218 1071//218
f 1074//219 1076//219 1075//219
f 1072//220 1074//220 1075//220
f 1070//221 1074//221 1072//221
f 1068//222 1070//222 1072//222
f 1059//223 1070//223 1068//223
f 1057//224 1059//224 1068//224
f 1051//225 1059//225 1057//225
f 1049//226 1051//226 1057//226
f 1046//227 1051//227 1049//227
f 1044//228 1046//228 1049//228
f 1030//229 1046//229 1044//229
f 1028//230 1030//230 1044//230
f 1010//231 1030//231 1028//231
f 1008//232 1010//232 1028//232
f 1006//233 1010//233 1008//233
f 1004//234 1006//234 1008//234
f 1000//235 1006//235 1004//235
f 998//236 1000//236 1004//236
f 989//237 1000//237 998//237
f 987//238 989//238 998//238
f 985//239 989//239 987//239
f 983//240 985//240 987//240
f 981//241 984//241 1073//241
f 1076//242 981//242 1073//242
f 985//243 981//243 1076//243
f 1074//244 985//244 1076//244
f 989//245 985//245 1074//245
f 1070//246 989//246 1074//246
f 1000//247 989//247 1070//247
f 1059//248 1000//248 1070//248
f 1006//249 1000//249 1059//249
f 1051//250 1006//250 1059//250
f 1010//251 1006//251 1051//251
f 1046//252 1010//252 1051//252
f 1030//253 1010//253 1046//253
f 1069//254 1073//254 984//254
f 988//255 1069//255 984//255
f 1058//256 1069//256 988//256
f 999//257 1058//257 988//257
f 1050//258 1058//258 999//258
f 1005//259 1050//259 999//259
f 1045//260 1050//260 1005//260
f 1009//261 1045//261 1005//261
f 1029//262 1045//262 1009//262
f 1126//263 1128//263 1614//263
f 1578//264 1126//264 1614//264
f 1174//265 1126//265 1578//265
f 1543//266 1174//266 1578//266
f 1125//267 1174//267 1543//267
f 1176//268 1125//268 1543//268
f 1122//269 1125//269 1176//269
f 1508//270 1122//270 1176//270
f 1179//271 1122//271 1508//271
f 1461//272 1179//272 1508//272
f 1118//273 1179//273 1461//273
f 1181//274 1118//274 1461//274
f 1112//275 1118//275 1181//275
f 1423//276 1112//276 1181//276
f 1182//277 1112//277 1423//277
f 1407//278 1182//278 1423//278
f 1388//279 1182//279 1407//279
f 1176//280 1543//280 1508//280
f 1181//281 1461//281 1423//281
f 1183//282 1182//282 1388//282
f 1376//283 1183//283 1388//283
f 1364//284 1183//284 1376//284
f 1184//285 1183//285 1364//285
f 1355//286 1184//286 1364//286
f 1099//287 1184//287 1355//287
f 1347//288 1099//288 1355//288
f 1099//289 706//289 698//289
f 875//290 1099//290 698//290
f 1184//291 1099//291 875//291
f 1183//292 1184//292 875//292
f 875//293 698//293 687//293
f 874//294 875//294 687//294
f 1183//295 875//295 874//295
f 1182//296 1183//296 874//296
f 874//297 687//297 674//297
f 658//298 874//298 674//298
f 873//299 874//299 658//299
f 640//300 873//300 658//300
f 624//301 873//301 640//301
f 624//302 579//302 872//302
f 941//303 624//303 872//303
f 873//304 624//304 941//304
f 1182//305 873//305 941//305
f 874//306 873//306 1182//306
f 579//307 536//307 870//307
f 939//308 579//308 870//308
f 872//309 579//309 939//309
f 941//310 872//310 939//310
f 536//311 501//311 867//311
f 936//312 536//312 867//312
f 870//313 536//313 936//313
f 939//314 870//314 936//314
f 501//315 470//315 865//315
f 935//316 501//316 865//316
f 867//317 501//317 935//317
f 936//318 867//318 935//318
f 470//319 438//319 927//319
f 929//320 470//320 927//320
f 865//321 470//321 929//321
f 935//322 865//322 929//322
f 1182//323 941//323 1112//323
f 1179//324 1118//324 1122//324
f 1174//325 1125//325 1126//325
f 1123//326 1139//326 1128//326
f 1126//327 1123//327 1128//327
f 1125//328 1123//328 1126//328
f 1123//329 1125//329 1122//329
f 1139//330 1123//330 1155//330
f 1148//331 1139//331 1155//331
f 1150//332 1148//332 1155//332
f 1153//333 1150//333 1155//333
f 1149//334 1150//334 1153//334
f 1121//335 1123//335 1122//335
f 1118//336 1121//336 1122//336
f 1113//337 1121//337 1118//337
f 1112//338 1113//338 1118//338
f 903//339 982//339 980//339
f 983//340 903//340 980//340
f 987//341 903//341 983//341
f 903//342 987//342 998//342
f 937//343 903//343 998//343
f 1004//344 937//344 998//344
f 1008//345 937//345 1004//345
f 937//346 1008//346 1028//346
f 1123//347 937//347 1028//347
f 938//348 937//348 1123//348
f 1121//349 938//349 1123//349
f 940//350 938//350 1121//350
f 1113//351 940//351 1121//351
f 941//352 940//352 1113//352
f 1112//353 941//353 1113//353
f 1123//354 1028//354 1044//354
f 1049//355 1123//355 1044//355
f 1057//356 1123//356 1049//356
f 1155//357 1123//357 1057//357
f 1068//358 1155//358 1057//358
f 1072//359 1155//359 1068//359
f 1155//360 1072//360 1075//360
f 1071//361 1155//361 1075//361
f 1067//362 1155//362 1071//362
f 1155//363 1067//363 1056//363
f 1048//364 1155//364 1056//364
f 1043//365 1155//365 1048//365
f 1155//366 1043//366 1027//366
f 1154//367 1155//367 1027//367
f 903//368 1154//368 1027//368
f 902//369 1154//369 903//369
f 903//370 1027//370 1007//370
f 1003//371 903//371 1007//371
f 997//372 903//372 1003//372
f 903//373 997//373 986//373
f 982//374 903//374 986//374
f 1157//375 1154//375 902//375
f 899//376 1157//376 902//376
f 1164//377 1157//377 899//377
f 892//378 1164//378 899//378
f 1187//379 1164//379 892//379
f 884//380 1187//380 892//380
f 1198//381 1187//381 884//381
f 863//382 1198//382 884//382
f 1204//383 1198//383 863//383
f 855//384 1204//384 863//384
f 1213//385 1204//385 855//385
f 846//386 1213//386 855//386
f 2011//387 1213//387 846//387
f 223//388 2011//388 846//388
f 614//389 223//389 846//389
f 264//390 223//390 614//390
f 264//391 255//391 248//391
f 242//392 264//392 248//392
f 236//393 264//393 242//393
f 264//394 236//394 231//394
f 227//395 264//395 231//395
f 223//396 264//396 227//396
f 2011//397 2009//397 1939//397
f 1463//398 2011//398 1939//398
f 1213//399 2011//399 1463//399
f 1939//400 2009//400 2001//400
f 1991//401 1939//401 2001//401
f 1981//402 1939//402 1991//402
f 1939//403 1981//403 1970//403
f 1957//404 1939//404 1970//404
f 940//405 941//405 939//405
f 938//406 940//406 939//406
f 936//407 938//407 939//407
f 937//408 938//408 936//408
f 937//409 936//409 935//409
f 929//410 937//410 935//410
f 927//411 937//411 929//411
f 937//412 927//412 917//412
f 903//413 937//413 917//413
f 910//414 903//414 917//414
f 909//415 903//415 910//415
f 909//416 908//416 901//416
f 903//417 909//417 901//417
f 1624//418 1623//418 1646//418
f 1631//419 1624//419 1646//419
f 1673//420 1631//420 1646//420
f 1642//421 1631//421 1673//421
f 1683//422 1642//422 1673//422
f 1655//423 1642//423 1683//423
f 1699//424 1655//424 1683//424
f 1663//425 1655//425 1699//425
f 1669//426 1663//426 1699//426
f 1709//427 1669//427 1699//427
f 1675//428 1669//428 1709//428
f 1717//429 1675//429 1709//429
f 1677//430 1675//430 1717//430
f 1706//431 1677//431 1717//431
f 1679//432 1677//432 1706//432
f 1673//433 1646//433 1668//433
f 1704//434 1673//434 1668//434
f 1721//435 1673//435 1704//435
f 1704//436 1668//436 1686//436
f 1683//437 1673//437 1721//437
f 1734//438 1683//438 1721//438
f 1699//439 1683//439 1734//439
f 1745//440 1699//440 1734//440
f 1709//441 1699//441 1745//441
f 1748//442 1709//442 1745//442
f 1717//443 1709//443 1748//443
f 1733//444 1717//444 1748//444
f 1706//445 1717//445 1733//445
f 1733//446 1748//446 1750//446
f 1595//447 1594//447 1563//447
f 1568//448 1595//448 1563//448
f 1570//449 1595//449 1568//449
f 1599//450 1595//450 1570//450
f 1571//451 1599//451 1570//451
f 1602//452 1599//452 1571//452
f 1572//453 1602//453 1571//453
f 1603//454 1602//454 1572//454
f 1574//455 1603//455 1572//455
f 1617//456 1603//456 1574//456
f 1576//457 1617//457 1574//457
f 1620//458 1617//458 1576//458
f 1650//459 1617//459 1620//459
f 1653//460 1650//460 1620//460
f 1682//461 1650//461 1653//461
f 1685//462 1682//462 1653//462
f 1718//463 1682//463 1685//463
f 1720//464 1718//464 1685//464
f 1739//465 1718//465 1720//465
f 1743//466 1739//466 1720//466
f 1754//467 1739//467 1743//467
f 1757//468 1754//468 1743//468
f 1760//469 1754//469 1757//469
f 1764//470 1760//470 1757//470
f 1759//471 1760//471 1764//471
f 1762//472 1759//472 1764//472
f 1748//473 1759//473 1762//473
f 1750//474 1748//474 1762//474
f 1759//475 1748//475 1745//475
f 1751//476 1759//476 1745//476
f 1760//477 1759//477 1751//477
f 1755//478 1760//478 1751//478
f 1754//479 1760//479 1755//479
f 1747//480 1754//480 1755//480
f 1739//481 1754//481 1747//481
f 1735//482 1739//482 1747//482
f 1718//483 1739//483 1735//483
f 1710//484 1718//484 1735//484
f 1682//485 1718//485 1710//485
f 1681//486 1682//486 1710//486
f 1650//487 1682//487 1681//487
f 1648//488 1650//488 1681//488
f 1617//489 1650//489 1648//489
f 1603//490 1617//490 1648//490
f 1751//491 1745//491 1734//491
f 1744//492 1751//492 1734//492
f 1755//493 1751//493 1744//493
f 1746//494 1755//494 1744//494
f 1747//495 1755//495 1746//495
f 1738//496 1747//496 1746//496
f 1735//497 1747//497 1738//497
f 1724//498 1735//498 1738//498
f 1710//499 1735//499 1724//499
f 1700//500 1710//500 1724//500
f 1681//501 1710//501 1700//501
f 1674//502 1681//502 1700//502
f 1648//503 1681//503 1674//503
f 1639//504 1648//504 1674//504
f 1603//505 1648//505 1639//505
f 1602//506 1603//506 1639//506
f 1744//507 1734//507 1721//507
f 1726//508 1744//508 1721//508
f 1746//509 1744//509 1726//509
f 1731//510 1746//510 1726//510
f 1738//511 1746//511 1731//511
f 1725//512 1738//512 1731//512
f 1724//513 1738//513 1725//513
f 1711//514 1724//514 1725//514
f 1700//515 1724//515 1711//515
f 1689//516 1700//516 1711//516
f 1674//517 1700//517 1689//517
f 1664//518 1674//518 1689//518
f 1639//519 1674//519 1664//519
f 1636//520 1639//520 1664//520
f 1602//521 1639//521 1636//521
f 1599//522 1602//522 1636//522
f 1726//523 1721//523 1704//523
f 1714//524 1726//524 1704//524
f 1731//525 1726//525 1714//525
f 1715//526 1731//526 1714//526
f 1725//527 1731//527 1715//527
f 1708//528 1725//528 1715//528
f 1711//529 1725//529 1708//529
f 1692//530 1711//530 1708//530
f 1689//531 1711//531 1692//531
f 1676//532 1689//532 1692//532
f 1664//533 1689//533 1676//533
f 1656//534 1664//534 1676//534
f 1636//535 1664//535 1656//535
f 1626//536 1636//536 1656//536
f 1599//537 1636//537 1626//537
f 1595//538 1599//538 1626//538
f 1714//539 1704//539 1686//539
f 1693//540 1714//540 1686//540
f 1715//541 1714//541 1693//541
f 1694//542 1715//542 1693//542
f 1708//543 1715//543 1694//543
f 1688//544 1708//544 1694//544
f 1692//545 1708//545 1688//545
f 1672//546 1692//546 1688//546
f 1676//547 1692//547 1672//547
f 1649//548 1676//548 1672//548
f 1656//549 1676//549 1649//549
f 1625//550 1656//550 1649//550
f 1626//551 1656//551 1625//551
f 1594//552 1626//552 1625//552
f 1595//553 1626//553 1594//553
f 1425//554 1411//554 1400//554
f 1417//555 1425//555 1400//555
f 1436//556 1425//556 1417//556
f 1441//557 1425//557 1436//557
f 1448//558 1441//558 1436//558
f 1458//559 1441//559 1448//559
f 1465//560 1458//560 1448//560
f 1471//561 1458//561 1465//561
f 1472//562 1471//562 1465//562
f 1484//563 1471//563 1472//563
f 1478//564 1484//564 1472//564
f 1489//565 1484//565 1478//565
f 1493//566 1484//566 1489//566
f 1505//567 1493//567 1489//567
f 1506//568 1493//568 1505//568
f 1523//569 1506//569 1505//569
f 1517//570 1506//570 1523//570
f 1536//571 1517//571 1523//571
f 1533//572 1517//572 1536//572
f 1552//573 1533//573 1536//573
f 1549//574 1533//574 1552//574
f 1571//575 1549//575 1552//575
f 1570//576 1549//576 1571//576
f 1536//577 1523//577 1547//577
f 1556//578 1536//578 1547//578
f 1552//579 1536//579 1556//579
f 1572//580 1552//580 1556//580
f 1571//581 1552//581 1572//581
f 1556//582 1547//582 1576//582
f 1574//583 1556//583 1576//583
f 1572//584 1556//584 1574//584
f 1542//585 1549//585 1570//585
f 1568//586 1542//586 1570//586
f 1537//587 1542//587 1568//587
f 1563//588 1537//588 1568//588
f 1525//589 1537//589 1563//589
f 1513//590 1537//590 1525//590
f 1494//591 1513//591 1525//591
f 1487//592 1513//592 1494//592
f 1450//593 1487//593 1494//593
f 1457//594 1487//594 1450//594
f 1426//595 1457//595 1450//595
f 1437//596 1457//596 1426//596
f 1411//597 1437//597 1426//597
f 1425//598 1437//598 1411//598
f 1486//599 1471//599 1484//599
f 1493//600 1486//600 1484//600
f 1500//601 1486//601 1493//601
f 1506//602 1500//602 1493//602
f 1514//603 1500//603 1506//603
f 1517//604 1514//604 1506//604
f 1533//605 1514//605 1517//605
f 1468//606 1458//606 1471//606
f 1486//607 1468//607 1471//607
f 1491//608 1468//608 1486//608
f 1500//609 1491//609 1486//609
f 1510//610 1491//610 1500//610
f 1514//611 1510//611 1500//611
f 1529//612 1510//612 1514//612
f 1533//613 1529//613 1514//613
f 1549//614 1529//614 1533//614
f 1441//615 1437//615 1425//615
f 1452//616 1441//616 1458//616
f 1468//617 1452//617 1458//617
f 1473//618 1452//618 1468//618
f 1491//619 1473//619 1468//619
f 1498//620 1473//620 1491//620
f 1510//621 1498//621 1491//621
f 1518//622 1498//622 1510//622
f 1529//623 1518//623 1510//623
f 1542//624 1518//624 1529//624
f 1549//625 1542//625 1529//625
f 1452//626 1457//626 1437//626
f 1441//627 1452//627 1437//627
f 1473//628 1457//628 1452//628
f 1473//629 1487//629 1457//629
f 1498//630 1487//630 1473//630
f 1513//631 1487//631 1498//631
f 1518//632 1513//632 1498//632
f 1537//633 1513//633 1518//633
f 1542//634 1537//634 1518//634
f 677//635 696//635 678//635
f 663//636 677//636 678//636
f 639//637 677//637 663//637
f 657//638 677//638 639//638
f 627//639 657//639 639//639
f 641//640 657//640 627//640
f 612//641 641//641 627//641
f 632//642 641//642 612//642
f 602//643 632//643 612//643
f 626//644 632//644 602//644
f 599//645 626//645 602//645
f 621//646 626//646 599//646
f 653//647 626//647 621//647
f 647//648 653//648 621//648
f 691//649 653//649 647//649
f 689//650 691//650 647//650
f 742//651 691//651 689//651
f 739//652 742//652 689//652
f 784//653 742//653 739//653
f 783//654 784//654 739//654
f 800//655 784//655 783//655
f 799//656 800//656 783//656
f 817//657 800//657 799//657
f 816//658 817//658 799//658
f 834//659 817//659 816//659
f 833//660 834//660 816//660
f 852//661 834//661 833//661
f 851//662 852//662 833//662
f 889//663 852//663 851//663
f 888//664 889//664 851//664
f 924//665 889//665 888//665
f 923//666 924//666 888//666
f 963//667 924//667 923//667
f 962//668 963//668 923//668
f 992//669 963//669 962//669
f 991//670 992//670 962//670
f 1064//671 992//671 991//671
f 1066//672 1064//672 991//672
f 1095//673 1064//673 1066//673
f 1097//674 1095//674 1066//674
f 1135//675 1095//675 1097//675
f 1138//676 1135//676 1097//676
f 1166//677 1135//677 1138//677
f 1168//678 1166//678 1138//678
f 1205//679 1166//679 1168//679
f 1207//680 1205//680 1168//680
f 1225//681 1205//681 1207//681
f 1227//682 1225//682 1207//682
f 1244//683 1225//683 1227//683
f 1246//684 1244//684 1227//684
f 1260//685 1244//685 1246//685
f 1262//686 1260//686 1246//686
f 1289//687 1260//687 1262//687
f 1293//688 1289//688 1262//688
f 1344//689 1289//689 1293//689
f 1349//690 1344//690 1293//690
f 1387//691 1344//691 1349//691
f 1390//692 1387//692 1349//692
f 1424//693 1387//693 1390//693
f 1428//694 1424//694 1390//694
f 1449//695 1424//695 1428//695
f 1455//696 1449//696 1428//696
f 1472//697 1449//697 1455//697
f 1478//698 1472//698 1455//698
f 1449//699 1472//699 1465//699
f 1445//700 1449//700 1465//700
f 1424//701 1449//701 1445//701
f 1418//702 1424//702 1445//702
f 1387//703 1424//703 1418//703
f 1381//704 1387//704 1418//704
f 1344//705 1387//705 1381//705
f 1331//706 1344//706 1381//706
f 1289//707 1344//707 1331//707
f 1285//708 1289//708 1331//708
f 1260//709 1289//709 1285//709
f 1258//710 1260//710 1285//710
f 1244//711 1260//711 1258//711
f 1243//712 1244//712 1258//712
f 1225//713 1244//713 1243//713
f 1224//714 1225//714 1243//714
f 1205//715 1225//715 1224//715
f 1202//716 1205//716 1224//716
f 1166//717 1205//717 1202//717
f 1165//718 1166//718 1202//718
f 1135//719 1166//719 1165//719
f 1130//720 1135//720 1165//720
f 1095//721 1135//721 1130//721
f 1094//722 1095//722 1130//722
f 1064//723 1095//723 1094//723
f 1063//724 1064//724 1094//724
f 992//725 1064//725 1063//725
f 993//726 992//726 1063//726
f 963//727 992//727 993//727
f 964//728 963//728 993//728
f 924//729 963//729 964//729
f 925//730 924//730 964//730
f 889//731 924//731 925//731
f 890//732 889//732 925//732
f 852//733 889//733 890//733
f 853//734 852//734 890//734
f 834//735 852//735 853//735
f 835//736 834//736 853//736
f 817//737 834//737 835//737
f 818//738 817//738 835//738
f 800//739 817//739 818//739
f 802//740 800//740 818//740
f 784//741 800//741 802//741
f 786//742 784//742 802//742
f 742//743 784//743 786//743
f 745//744 742//744 786//744
f 691//745 742//745 745//745
f 697//746 691//746 745//746
f 653//747 691//747 697//747
f 661//748 653//748 697//748
f 626//749 653//749 661//749
f 632//750 626//750 661//750
f 1445//751 1465//751 1448//751
f 1433//752 1445//752 1448//752
f 1418//753 1445//753 1433//753
f 1408//754 1418//754 1433//754
f 1381//755 1418//755 1408//755
f 1373//756 1381//756 1408//756
f 1331//757 1381//757 1373//757
f 1320//758 1331//758 1373//758
f 1285//759 1331//759 1320//759
f 1277//760 1285//760 1320//760
f 1258//761 1285//761 1277//761
f 1255//762 1258//762 1277//762
f 1243//763 1258//763 1255//763
f 1240//764 1243//764 1255//764
f 1224//765 1243//765 1240//765
f 1223//766 1224//766 1240//766
f 1202//767 1224//767 1223//767
f 1201//768 1202//768 1223//768
f 1165//769 1202//769 1201//769
f 1160//770 1165//770 1201//770
f 1130//771 1165//771 1160//771
f 1129//772 1130//772 1160//772
f 1094//773 1130//773 1129//773
f 1093//774 1094//774 1129//774
f 1063//775 1094//775 1093//775
f 1062//776 1063//776 1093//776
f 993//777 1063//777 1062//777
f 994//778 993//778 1062//778
f 964//779 993//779 994//779
f 965//780 964//780 994//780
f 925//781 964//781 965//781
f 926//782 925//782 965//782
f 890//783 925//783 926//783
f 893//784 890//784 926//784
f 853//785 890//785 893//785
f 856//786 853//786 893//786
f 835//787 853//787 856//787
f 837//788 835//788 856//788
f 818//789 835//789 837//789
f 819//790 818//790 837//790
f 802//791 818//791 819//791
f 805//792 802//792 819//792
f 786//793 802//793 805//793
f 788//794 786//794 805//794
f 745//795 786//795 788//795
f 756//796 745//796 788//796
f 697//797 745//797 756//797
f 708//798 697//798 756//798
f 661//799 697//799 708//799
f 671//800 661//800 708//800
f 632//801 661//801 671//801
f 641//802 632//802 671//802
f 1433//803 1448//803 1436//803
f 1420//804 1433//804 1436//804
f 1408//805 1433//805 1420//805
f 1394//806 1408//806 1420//806
f 1373//807 1408//807 1394//807
f 1360//808 1373//808 1394//808
f 1320//809 1373//809 1360//809
f 1307//810 1320//810 1360//810
f 1277//811 1320//811 1307//811
f 1271//812 1277//812 1307//812
f 1255//813 1277//813 1271//813
f 1253//814 1255//814 1271//814
f 1240//815 1255//815 1253//815
f 1236//816 1240//816 1253//816
f 1223//817 1240//817 1236//817
f 1220//818 1223//818 1236//818
f 1201//819 1223//819 1220//819
f 1200//820 1201//820 1220//820
f 1160//821 1201//821 1200//821
f 1159//822 1160//822 1200//822
f 1129//823 1160//823 1159//823
f 1127//824 1129//824 1159//824
f 1093//825 1129//825 1127//825
f 1092//826 1093//826 1127//826
f 1062//827 1093//827 1092//827
f 1061//828 1062//828 1092//828
f 994//829 1062//829 1061//829
f 995//830 994//830 1061//830
f 965//831 994//831 995//831
f 966//832 965//832 995//832
f 926//833 965//833 966//833
f 928//834 926//834 966//834
f 893//835 926//835 928//835
f 896//836 893//836 928//836
f 856//837 893//837 896//837
f 857//838 856//838 896//838
f 837//839 856//839 857//839
f 840//840 837//840 857//840
f 819//841 837//841 840//841
f 822//842 819//842 840//842
f 805//843 819//843 822//843
f 808//844 805//844 822//844
f 788//845 805//845 808//845
f 790//846 788//846 808//846
f 756//847 788//847 790//847
f 765//848 756//848 790//848
f 708//849 756//849 765//849
f 729//850 708//850 765//850
f 671//851 708//851 729//851
f 685//852 671//852 729//852
f 641//853 671//853 685//853
f 657//854 641//854 685//854
f 1420//855 1436//855 1417//855
f 1403//856 1420//856 1417//856
f 1394//857 1420//857 1403//857
f 1378//858 1394//858 1403//858
f 1360//859 1394//859 1378//859
f 1343//860 1360//860 1378//860
f 1307//861 1360//861 1343//861
f 1296//862 1307//862 1343//862
f 1271//863 1307//863 1296//863
f 1265//864 1271//864 1296//864
f 1253//865 1271//865 1265//865
f 1252//866 1253//866 1265//866
f 1236//867 1253//867 1252//867
f 1233//868 1236//868 1252//868
f 1220//869 1236//869 1233//869
f 1218//870 1220//870 1233//870
f 1200//871 1220//871 1218//871
f 1199//872 1200//872 1218//872
f 1159//873 1200//873 1199//873
f 1158//874 1159//874 1199//874
f 1127//875 1159//875 1158//875
f 1124//876 1127//876 1158//876
f 1092//877 1127//877 1124//877
f 1087//878 1092//878 1124//878
f 1061//879 1092//879 1087//879
f 1060//880 1061//880 1087//880
f 995//881 1061//881 1060//881
f 996//882 995//882 1060//882
f 966//883 995//883 996//883
f 967//884 966//884 996//884
f 928//885 966//885 967//885
f 934//886 928//886 967//886
f 896//887 928//887 934//887
f 897//888 896//888 934//888
f 857//889 896//889 897//889
f 861//890 857//890 897//890
f 840//891 857//891 861//891
f 842//892 840//892 861//892
f 822//893 840//893 842//893
f 825//894 822//894 842//894
f 808//895 822//895 825//895
f 809//896 808//896 825//896
f 790//897 808//897 809//897
f 793//898 790//898 809//898
f 765//899 790//899 793//899
f 777//900 765//900 793//900
f 729//901 765//901 777//901
f 744//902 729//902 777//902
f 685//903 729//903 744//903
f 704//904 685//904 744//904
f 657//905 685//905 704//905
f 677//906 657//906 704//906
f 1403//907 1417//907 1400//907
f 1382//908 1403//908 1400//908
f 1378//909 1403//909 1382//909
f 1357//910 1378//910 1382//910
f 1343//911 1378//911 1357//911
f 1314//912 1343//912 1357//912
f 1296//913 1343//913 1314//913
f 1283//914 1296//914 1314//914
f 1265//915 1296//915 1283//915
f 1259//916 1265//916 1283//916
f 1252//917 1265//917 1259//917
f 1247//918 1252//918 1259//918
f 1233//919 1252//919 1247//919
f 1230//920 1233//920 1247//920
f 1218//921 1233//921 1230//921
f 1210//922 1218//922 1230//922
f 1199//923 1218//923 1210//923
f 1188//924 1199//924 1210//924
f 1158//925 1199//925 1188//925
f 1151//926 1158//926 1188//926
f 1124//927 1158//927 1151//927
f 1109//928 1124//928 1151//928
f 1087//929 1124//929 1109//929
f 1083//930 1087//930 1109//930
f 1060//931 1087//931 1083//931
f 1020//932 1060//932 1083//932
f 996//933 1060//933 1020//933
f 972//934 996//934 1020//934
f 967//935 996//935 972//935
f 949//936 967//936 972//936
f 934//937 967//937 949//937
f 907//938 934//938 949//938
f 897//939 934//939 907//939
f 882//940 897//940 907//940
f 861//941 897//941 882//941
f 847//942 861//942 882//942
f 842//943 861//943 847//943
f 829//944 842//944 847//944
f 825//945 842//945 829//945
f 814//946 825//946 829//946
f 809//947 825//947 814//947
f 801//948 809//948 814//948
f 793//949 809//949 801//949
f 787//950 793//950 801//950
f 777//951 793//951 787//951
f 757//952 777//952 787//952
f 744//953 777//953 757//953
f 730//954 744//954 757//954
f 704//955 744//955 730//955
f 696//956 704//956 730//956
f 677//957 704//957 696//957
f 529//958 540//958 506//958
f 502//959 529//959 506//959
f 500//960 529//960 502//960
f 523//961 529//961 500//961
f 499//962 523//962 500//962
f 516//963 523//963 499//963
f 496//964 516//964 499//964
f 513//965 516//965 496//965
f 495//966 513//966 496//966
f 511//967 513//967 495//967
f 493//968 511//968 495//968
f 518//969 511//969 493//969
f 530//970 511//970 518//970
f 544//971 530//971 518//971
f 551//972 530//972 544//972
f 567//973 551//973 544//973
f 564//974 551//974 567//974
f 582//975 564//975 567//975
f 590//976 564//976 582//976
f 604//977 590//977 582//977
f 617//978 590//978 604//978
f 627//979 617//979 604//979
f 639//980 617//980 627//980
f 582//981 567//981 586//981
f 591//982 582//982 586//982
f 604//983 582//983 591//983
f 612//984 604//984 591//984
f 627//985 604//985 612//985
f 591//986 586//986 599//986
f 602//987 591//987 599//987
f 612//988 591//988 602//988
f 634//989 617//989 639//989
f 663//990 634//990 639//990
f 652//991 634//991 663//991
f 678//992 652//992 663//992
f 668//993 652//993 678//993
f 638//994 652//994 668//994
f 648//995 638//995 668//995
f 619//996 638//996 648//996
f 625//997 619//997 648//997
f 589//998 619//998 625//998
f 581//999 589//999 625//999
f 557//1000 589//1000 581//1000
f 540//1001 557//1001 581//1001
f 529//1002 557//1002 540//1002
f 535//1003 513//1003 511//1003
f 530//1004 535//1004 511//1004
f 554//1005 535//1005 530//1005
f 551//1006 554//1006 530//1006
f 572//1007 554//1007 551//1007
f 564//1008 572//1008 551//1008
f 590//1009 572//1009 564//1009
f 538//1010 516//1010 513//1010
f 535//1011 538//1011 513//1011
f 561//1012 538//1012 535//1012
f 554//1013 561//1013 535//1013
f 584//1014 561//1014 554//1014
f 572//1015 584//1015 554//1015
f 607//1016 584//1016 572//1016
f 590//1017 607//1017 572//1017
f 617//1018 607//1018 590//1018
f 523//1019 557//1019 529//1019
f 550//1020 523//1020 516//1020
f 538//1021 550//1021 516//1021
f 574//1022 550//1022 538//1022
f 561//1023 574//1023 538//1023
f 601//1024 574//1024 561//1024
f 584//1025 601//1025 561//1025
f 622//1026 601//1026 584//1026
f 607//1027 622//1027 584//1027
f 634//1028 622//1028 607//1028
f 617//1029 634//1029 607//1029
f 550//1030 589//1030 557//1030
f 523//1031 550//1031 557//1031
f 574//1032 589//1032 550//1032
f 574//1033 619//1033 589//1033
f 601//1034 619//1034 574//1034
f 638//1035 619//1035 601//1035
f 622//1036 638//1036 601//1036
f 652//1037 638//1037 622//1037
f 634//1038 652//1038 622//1038
f 370//1039 385//1039 392//1039
f 375//1040 370//1040 392//1040
f 365//1041 370//1041 375//1041
f 355//1042 370//1042 365//1042
f 352//1043 355//1043 365//1043
f 342//1044 355//1044 352//1044
f 341//1045 342//1045 352//1045
f 335//1046 342//1046 341//1046
f 338//1047 335//1047 341//1047
f 329//1048 335//1048 338//1048
f 337//1049 329//1049 338//1049
f 327//1050 329//1050 337//1050
f 328//1051 329//1051 327//1051
f 325//1052 328//1052 327//1052
f 334//1053 328//1053 325//1053
f 332//1054 334//1054 325//1054
f 345//1055 334//1055 332//1055
f 344//1056 345//1056 332//1056
f 368//1057 345//1057 344//1057
f 367//1058 368//1058 344//1058
f 395//1059 368//1059 367//1059
f 394//1060 395//1060 367//1060
f 425//1061 395//1061 394//1061
f 424//1062 425//1062 394//1062
f 461//1063 425//1063 424//1063
f 459//1064 461//1064 424//1064
f 495//1065 461//1065 459//1065
f 493//1066 495//1066 459//1066
f 461//1067 495//1067 496//1067
f 464//1068 461//1068 496//1068
f 425//1069 461//1069 464//1069
f 429//1070 425//1070 464//1070
f 395//1071 425//1071 429//1071
f 398//1072 395//1072 429//1072
f 368//1073 395//1073 398//1073
f 372//1074 368//1074 398//1074
f 345//1075 368//1075 372//1075
f 351//1076 345//1076 372//1076
f 334//1077 345//1077 351//1077
f 339//1078 334//1078 351//1078
f 328//1079 334//1079 339//1079
f 333//1080 328//1080 339//1080
f 329//1081 328//1081 333//1081
f 335//1082 329//1082 333//1082
f 464//1083 496//1083 499//1083
f 466//1084 464//1084 499//1084
f 429//1085 464//1085 466//1085
f 436//1086 429//1086 466//1086
f 398//1087 429//1087 436//1087
f 402//1088 398//1088 436//1088
f 372//1089 398//1089 402//1089
f 380//1090 372//1090 402//1090
f 351//1091 372//1091 380//1091
f 360//1092 351//1092 380//1092
f 339//1093 351//1093 360//1093
f 346//1094 339//1094 360//1094
f 333//1095 339//1095 346//1095
f 340//1096 333//1096 346//1096
f 335//1097 333//1097 340//1097
f 342//1098 335//1098 340//1098
f 466//1099 499//1099 500//1099
f 469//1100 466//1100 500//1100
f 436//1101 466//1101 469//1101
f 449//1102 436//1102 469//1102
f 402//1103 436//1103 449//1103
f 410//1104 402//1104 449//1104
f 380//1105 402//1105 410//1105
f 390//1106 380//1106 410//1106
f 360//1107 380//1107 390//1107
f 371//1108 360//1108 390//1108
f 346//1109 360//1109 371//1109
f 359//1110 346//1110 371//1110
f 340//1111 346//1111 359//1111
f 354//1112 340//1112 359//1112
f 342//1113 340//1113 354//1113
f 355//1114 342//1114 354//1114
f 469//1115 500//1115 502//1115
f 475//1116 469//1116 502//1116
f 449//1117 469//1117 475//1117
f 456//1118 449//1118 475//1118
f 410//1119 449//1119 456//1119
f 422//1120 410//1120 456//1120
f 390//1121 410//1121 422//1121
f 399//1122 390//1122 422//1122
f 371//1123 390//1123 399//1123
f 386//1124 371//1124 399//1124
f 359//1125 371//1125 386//1125
f 374//1126 359//1126 386//1126
f 354//1127 359//1127 374//1127
f 369//1128 354//1128 374//1128
f 355//1129 354//1129 369//1129
f 370//1130 355//1130 369//1130
f 475//1131 502//1131 506//1131
f 481//1132 475//1132 506//1132
f 456//1133 475//1133 481//1133
f 457//1134 456//1134 481//1134
f 422//1135 456//1135 457//1135
f 426//1136 422//1136 457//1136
f 399//1137 422//1137 426//1137
f 403//1138 399//1138 426//1138
f 386//1139 399//1139 403//1139
f 391//1140 386//1140 403//1140
f 374//1141 386//1141 391//1141
f 384//1142 374//1142 391//1142
f 369//1143 374//1143 384//1143
f 385//1144 369//1144 384//1144
f 370//1145 369//1145 385//1145
f 381//1146 379//1146 363//1146
f 358//1147 381//1147 363//1147
f 382//1148 381//1148 358//1148
f 364//1149 382//1149 358//1149
f 387//1150 382//1150 364//1150
f 373//1151 387//1151 364//1151
f 396//1152 387//1152 373//1152
f 400//1153 396//1153 373//1153
f 383//1154 400//1154 373//1154
f 409//1155 400//1155 383//1155
f 397//1156 409//1156 383//1156
f 421//1157 409//1157 397//1157
f 412//1158 421//1158 397//1158
f 432//1159 421//1159 412//1159
f 433//1160 432//1160 412//1160
f 358//1161 363//1161 348//1161
f 338//1162 358//1162 348//1162
f 341//1163 358//1163 338//1163
f 338//1164 348//1164 337//1164
f 364//1165 358//1165 341//1165
f 352//1166 364//1166 341//1166
f 373//1167 364//1167 352//1167
f 365//1168 373//1168 352//1168
f 383//1169 373//1169 365//1169
f 375//1170 383//1170 365//1170
f 397//1171 383//1171 375//1171
f 401//1172 397//1172 375//1172
f 412//1173 397//1173 401//1173
f 401//1174 375//1174 392//1174
f 1361//1175 1366//1175 1328//1175
f 1352//1176 1361//1176 1328//1176
f 1372//1177 1361//1177 1352//1177
f 1365//1178 1372//1178 1352//1178
f 1380//1179 1372//1179 1365//1179
f 1377//1180 1380//1180 1365//1180
f 1383//1181 1380//1181 1377//1181
f 1393//1182 1383//1182 1377//1182
f 1399//1183 1383//1183 1393//1183
f 1406//1184 1399//1184 1393//1184
f 1430//1185 1399//1185 1406//1185
f 1435//1186 1430//1186 1406//1186
f 1459//1187 1430//1187 1435//1187
f 1464//1188 1459//1188 1435//1188
f 1495//1189 1459//1189 1464//1189
f 1499//1190 1495//1190 1464//1190
f 1524//1191 1495//1191 1499//1191
f 1530//1192 1524//1192 1499//1192
f 1554//1193 1524//1193 1530//1193
f 1558//1194 1554//1194 1530//1194
f 1585//1195 1554//1195 1558//1195
f 1587//1196 1585//1196 1558//1196
f 1610//1197 1585//1197 1587//1197
f 1611//1198 1610//1198 1587//1198
f 1615//1199 1610//1199 1611//1199
f 1393//1200 1377//1200 1384//1200
f 1397//1201 1393//1201 1384//1201
f 1406//1202 1393//1202 1397//1202
f 1412//1203 1406//1203 1397//1203
f 1435//1204 1406//1204 1412//1204
f 1440//1205 1435//1205 1412//1205
f 1464//1206 1435//1206 1440//1206
f 1467//1207 1464//1207 1440//1207
f 1499//1208 1464//1208 1467//1208
f 1501//1209 1499//1209 1467//1209
f 1530//1210 1499//1210 1501//1210
f 1531//1211 1530//1211 1501//1211
f 1558//1212 1530//1212 1531//1212
f 1559//1213 1558//1213 1531//1213
f 1587//1214 1558//1214 1559//1214
f 1560//1215 1587//1215 1559//1215
f 1588//1216 1587//1216 1560//1216
f 1564//1217 1588//1217 1560//1217
f 1589//1218 1588//1218 1564//1218
f 1590//1219 1589//1219 1564//1219
f 1613//1220 1589//1220 1590//1220
f 1397//1221 1384//1221 1391//1221
f 1404//1222 1397//1222 1391//1222
f 1412//1223 1397//1223 1404//1223
f 1414//1224 1412//1224 1404//1224
f 1440//1225 1412//1225 1414//1225
f 1443//1226 1440//1226 1414//1226
f 1467//1227 1440//1227 1443//1227
f 1474//1228 1467//1228 1443//1228
f 1501//1229 1467//1229 1474//1229
f 1507//1230 1501//1230 1474//1230
f 1531//1231 1501//1231 1507//1231
f 1532//1232 1531//1232 1507//1232
f 1559//1233 1531//1233 1532//1233
f 1560//1234 1559//1234 1532//1234
f 1405//1235 1404//1235 1391//1235
f 1395//1236 1405//1236 1391//1236
f 1415//1237 1405//1237 1395//1237
f 1416//1238 1405//1238 1415//1238
f 1444//1239 1416//1239 1415//1239
f 1446//1240 1416//1240 1444//1240
f 1480//1241 1446//1241 1444//1241
f 1481//1242 1446//1242 1480//1242
f 1512//1243 1481//1243 1480//1243
f 1509//1244 1481//1244 1512//1244
f 1535//1245 1509//1245 1512//1245
f 1534//1246 1509//1246 1535//1246
f 1565//1247 1534//1247 1535//1247
f 1564//1248 1534//1248 1565//1248
f 1590//1249 1564//1249 1565//1249
f 1604//1250 1548//1250 1581//1250
f 1605//1251 1604//1251 1581//1251
f 1615//1252 1604//1252 1605//1252
f 1548//1253 1475//1253 1516//1253
f 1550//1254 1548//1254 1516//1254
f 1581//1255 1548//1255 1550//1255
f 1582//1256 1581//1256 1550//1256
f 1606//1257 1581//1257 1582//1257
f 1607//1258 1606//1258 1582//1258
f 1615//1259 1606//1259 1607//1259
f 1475//1260 1434//1260 1442//1260
f 1485//1261 1475//1261 1442//1261
f 1516//1262 1475//1262 1485//1262
f 1490//1263 1516//1263 1485//1263
f 1519//1264 1516//1264 1490//1264
f 1492//1265 1519//1265 1490//1265
f 1521//1266 1519//1266 1492//1266
f 1495//1267 1521//1267 1492//1267
f 1524//1268 1521//1268 1495//1268
f 1413//1269 1442//1269 1434//1269
f 1398//1270 1413//1270 1434//1270
f 1379//1271 1413//1271 1398//1271
f 1366//1272 1379//1272 1398//1272
f 1361//1273 1379//1273 1366//1273
f 1612//1274 1613//1274 1615//1274
f 1611//1275 1612//1275 1615//1275
f 1609//1276 1610//1276 1615//1276
f 1608//1277 1609//1277 1615//1277
f 1607//1278 1608//1278 1615//1278
f 1605//1279 1606//1279 1615//1279
f 1612//1280 1588//1280 1589//1280
f 1613//1281 1612//1281 1589//1281
f 1405//1282 1414//1282 1404//1282
f 1392//1283 1380//1283 1383//1283
f 1399//1284 1392//1284 1383//1284
f 1421//1285 1392//1285 1399//1285
f 1430//1286 1421//1286 1399//1286
f 1451//1287 1421//1287 1430//1287
f 1459//1288 1451//1288 1430//1288
f 1492//1289 1451//1289 1459//1289
f 1495//1290 1492//1290 1459//1290
f 1372//1291 1379//1291 1361//1291
f 1385//1292 1372//1292 1380//1292
f 1392//1293 1385//1293 1380//1293
f 1419//1294 1385//1294 1392//1294
f 1421//1295 1419//1295 1392//1295
f 1447//1296 1419//1296 1421//1296
f 1451//1297 1447//1297 1421//1297
f 1490//1298 1447//1298 1451//1298
f 1492//1299 1490//1299 1451//1299
f 1416//1300 1443//1300 1414//1300
f 1405//1301 1416//1301 1414//1301
f 1385//1302 1413//1302 1379//1302
f 1372//1303 1385//1303 1379//1303
f 1419//1304 1413//1304 1385//1304
f 1446//1305 1474//1305 1443//1305
f 1416//1306 1446//1306 1443//1306
f 1419//1307 1442//1307 1413//1307
f 1447//1308 1442//1308 1419//1308
f 1481//1309 1507//1309 1474//1309
f 1446//1310 1481//1310 1474//1310
f 1447//1311 1485//1311 1442//1311
f 1490//1312 1485//1312 1447//1312
f 1509//1313 1532//1313 1507//1313
f 1481//1314 1509//1314 1507//1314
f 1534//1315 1560//1315 1532//1315
f 1509//1316 1534//1316 1532//1316
f 1534//1317 1564//1317 1560//1317
f 1553//1318 1521//1318 1524//1318
f 1554//1319 1553//1319 1524//1319
f 1584//1320 1553//1320 1554//1320
f 1585//1321 1584//1321 1554//1321
f 1609//1322 1584//1322 1585//1322
f 1610//1323 1609//1323 1585//1323
f 1519//1324 1550//1324 1516//1324
f 1551//1325 1519//1325 1521//1325
f 1553//1326 1551//1326 1521//1326
f 1583//1327 1551//1327 1553//1327
f 1584//1328 1583//1328 1553//1328
f 1608//1329 1583//1329 1584//1329
f 1609//1330 1608//1330 1584//1330
f 1551//1331 1582//1331 1550//1331
f 1519//1332 1551//1332 1550//1332
f 1583//1333 1582//1333 1551//1333
f 1611//1334 1587//1334 1588//1334
f 1612//1335 1611//1335 1588//1335
f 1607//1336 1582//1336 1583//1336
f 1608//1337 1607//1337 1583//1337
f 1581//1338 1606//1338 1605//1338
f 1276//1339 1291//1339 1303//1339
f 1294//1340 1276//1340 1303//1340
f 1273//1341 1276//1341 1294//1341
f 1286//1342 1273//1342 1294//1342
f 1272//1343 1273//1343 1286//1343
f 1284//1344 1272//1344 1286//1344
f 1275//1345 1272//1345 1284//1345
f 1288//1346 1275//1346 1284//1346
f 1287//1347 1275//1347 1288//1347
f 1300//1348 1287//1348 1288//1348
f 1302//1349 1287//1349 1300//1349
f 1315//1350 1302//1350 1300//1350
f 1328//1351 1302//1351 1315//1351
f 1352//1352 1328//1352 1315//1352
f 1335//1353 1352//1353 1315//1353
f 1365//1354 1352//1354 1335//1354
f 1354//1355 1365//1355 1335//1355
f 1377//1356 1365//1356 1354//1356
f 1362//1357 1377//1357 1354//1357
f 1384//1358 1377//1358 1362//1358
f 1370//1359 1384//1359 1362//1359
f 1391//1360 1384//1360 1370//1360
f 1395//1361 1391//1361 1370//1361
f 1369//1362 1395//1362 1370//1362
f 1353//1363 1369//1363 1370//1363
f 1351//1364 1369//1364 1353//1364
f 1336//1365 1351//1365 1353//1365
f 1333//1366 1351//1366 1336//1366
f 1323//1367 1333//1367 1336//1367
f 1330//1368 1333//1368 1323//1368
f 1324//1369 1330//1369 1323//1369
f 1342//1370 1330//1370 1324//1370
f 1339//1371 1342//1371 1324//1371
f 1359//1372 1342//1372 1339//1372
f 1356//1373 1359//1373 1339//1373
f 1325//1374 1356//1374 1339//1374
f 1350//1375 1356//1375 1325//1375
f 1316//1376 1350//1376 1325//1376
f 1332//1377 1350//1377 1316//1377
f 1304//1378 1332//1378 1316//1378
f 1317//1379 1332//1379 1304//1379
f 1294//1380 1317//1380 1304//1380
f 1303//1381 1317//1381 1294//1381
f 1319//1382 1325//1382 1339//1382
f 1324//1383 1319//1383 1339//1383
f 1318//1384 1319//1384 1324//1384
f 1323//1385 1318//1385 1324//1385
f 1321//1386 1318//1386 1323//1386
f 1336//1387 1321//1387 1323//1387
f 1345//1388 1321//1388 1336//1388
f 1353//1389 1345//1389 1336//1389
f 1362//1390 1345//1390 1353//1390
f 1370//1391 1362//1391 1353//1391
f 1309//1392 1316//1392 1325//1392
f 1319//1393 1309//1393 1325//1393
f 1308//1394 1309//1394 1319//1394
f 1318//1395 1308//1395 1319//1395
f 1313//1396 1308//1396 1318//1396
f 1321//1397 1313//1397 1318//1397
f 1322//1398 1313//1398 1321//1398
f 1345//1399 1322//1399 1321//1399
f 1354//1400 1322//1400 1345//1400
f 1362//1401 1354//1401 1345//1401
f 1304//1402 1286//1402 1294//1402
f 1299//1403 1304//1403 1316//1403
f 1309//1404 1299//1404 1316//1404
f 1298//1405 1299//1405 1309//1405
f 1308//1406 1298//1406 1309//1406
f 1301//1407 1298//1407 1308//1407
f 1313//1408 1301//1408 1308//1408
f 1310//1409 1301//1409 1313//1409
f 1322//1410 1310//1410 1313//1410
f 1335//1411 1310//1411 1322//1411
f 1354//1412 1335//1412 1322//1412
f 1299//1413 1284//1413 1286//1413
f 1304//1414 1299//1414 1286//1414
f 1298//1415 1284//1415 1299//1415
f 1298//1416 1288//1416 1284//1416
f 1301//1417 1288//1417 1298//1417
f 1301//1418 1300//1418 1288//1418
f 1310//1419 1300//1419 1301//1419
f 1310//1420 1315//1420 1300//1420
f 1335//1421 1315//1421 1310//1421
f 1677//1422 1679//1422 1359//1422
f 1580//1423 1677//1423 1359//1423
f 1675//1424 1677//1424 1580//1424
f 1577//1425 1675//1425 1580//1425
f 1669//1426 1675//1426 1577//1426
f 1569//1427 1669//1427 1577//1427
f 1663//1428 1669//1428 1569//1428
f 1655//1429 1663//1429 1569//1429
f 1557//1430 1655//1430 1569//1430
f 1642//1431 1655//1431 1557//1431
f 1538//1432 1642//1432 1557//1432
f 1631//1433 1642//1433 1538//1433
f 1624//1434 1631//1434 1538//1434
f 1422//1435 1624//1435 1538//1435
f 1303//1436 1624//1436 1422//1436
f 1317//1437 1303//1437 1422//1437
f 1439//1438 1317//1438 1422//1438
f 1332//1439 1317//1439 1439//1439
f 1453//1440 1332//1440 1439//1440
f 1350//1441 1332//1441 1453//1441
f 1466//1442 1350//1442 1453//1442
f 1356//1443 1350//1443 1466//1443
f 1476//1444 1356//1444 1466//1444
f 1359//1445 1356//1445 1476//1445
f 1580//1446 1359//1446 1476//1446
f 1624//1447 1303//1447 1291//1447
f 1623//1448 1624//1448 1291//1448
f 1476//1449 1577//1449 1580//1449
f 1466//1450 1577//1450 1476//1450
f 1466//1451 1569//1451 1577//1451
f 1453//1452 1569//1452 1466//1452
f 1453//1453 1557//1453 1569//1453
f 1439//1454 1557//1454 1453//1454
f 1439//1455 1538//1455 1557//1455
f 1422//1456 1538//1456 1439//1456
f 432//1457 433//1457 764//1457
f 421//1458 432//1458 764//1458
f 503//1459 421//1459 764//1459
f 409//1460 421//1460 503//1460
f 491//1461 409//1461 503//1461
f 400//1462 409//1462 491//1462
f 488//1463 400//1463 491//1463
f 396//1464 400//1464 488//1464
f 387//1465 396//1465 488//1465
f 476//1466 387//1466 488//1466
f 382//1467 387//1467 476//1467
f 471//1468 382//1468 476//1468
f 381//1469 382//1469 471//1469
f 379//1470 381//1470 471//1470
f 565//1471 379//1471 471//1471
f 695//1472 379//1472 565//1472
f 699//1473 695//1473 565//1473
f 705//1474 699//1474 565//1474
f 575//1475 705//1475 565//1475
f 721//1476 705//1476 575//1476
f 587//1477 721//1477 575//1477
f 736//1478 721//1478 587//1478
f 608//1479 736//1479 587//1479
f 750//1480 736//1480 608//1480
f 629//1481 750//1481 608//1481
f 764//1482 750//1482 629//1482
f 503//1483 764//1483 629//1483
f 629//1484 491//1484 503//1484
f 608//1485 491//1485 629//1485
f 608//1486 488//1486 491//1486
f 587//1487 488//1487 608//1487
f 587//1488 476//1488 488//1488
f 575//1489 476//1489 587//1489
f 575//1490 471//1490 476//1490
f 565//1491 471//1491 575//1491
f 733//1492 753//1492 720//1492
f 702//1493 733//1493 720//1493
f 686//1494 733//1494 702//1494
f 715//1495 733//1495 686//1495
f 673//1496 715//1496 686//1496
f 700//1497 715//1497 673//1497
f 664//1498 700//1498 673//1498
f 690//1499 700//1499 664//1499
f 655//1500 690//1500 664//1500
f 681//1501 690//1501 655//1501
f 654//1502 681//1502 655//1502
f 682//1503 681//1503 654//1503
f 701//1504 681//1504 682//1504
f 703//1505 701//1505 682//1505
f 714//1506 701//1506 703//1506
f 716//1507 714//1507 703//1507
f 723//1508 714//1508 716//1508
f 719//1509 723//1509 716//1509
f 722//1510 723//1510 719//1510
f 712//1511 722//1511 719//1511
f 713//1512 722//1512 712//1512
f 695//1513 713//1513 712//1513
f 699//1514 713//1514 695//1514
f 713//1515 699//1515 705//1515
f 726//1516 713//1516 705//1516
f 722//1517 713//1517 726//1517
f 731//1518 722//1518 726//1518
f 723//1519 722//1519 731//1519
f 732//1520 723//1520 731//1520
f 714//1521 723//1521 732//1521
f 728//1522 714//1522 732//1522
f 701//1523 714//1523 728//1523
f 707//1524 701//1524 728//1524
f 681//1525 701//1525 707//1525
f 690//1526 681//1526 707//1526
f 726//1527 705//1527 721//1527
f 734//1528 726//1528 721//1528
f 731//1529 726//1529 734//1529
f 740//1530 731//1530 734//1530
f 732//1531 731//1531 740//1531
f 741//1532 732//1532 740//1532
f 728//1533 732//1533 741//1533
f 735//1534 728//1534 741//1534
f 707//1535 728//1535 735//1535
f 724//1536 707//1536 735//1536
f 690//1537 707//1537 724//1537
f 700//1538 690//1538 724//1538
f 734//1539 721//1539 736//1539
f 746//1540 734//1540 736//1540
f 740//1541 734//1541 746//1541
f 754//1542 740//1542 746//1542
f 741//1543 740//1543 754//1543
f 755//1544 741//1544 754//1544
f 735//1545 741//1545 755//1545
f 747//1546 735//1546 755//1546
f 724//1547 735//1547 747//1547
f 737//1548 724//1548 747//1548
f 700//1549 724//1549 737//1549
f 715//1550 700//1550 737//1550
f 746//1551 736//1551 750//1551
f 760//1552 746//1552 750//1552
f 754//1553 746//1553 760//1553
f 768//1554 754//1554 760//1554
f 755//1555 754//1555 768//1555
f 769//1556 755//1556 768//1556
f 747//1557 755//1557 769//1557
f 761//1558 747//1558 769//1558
f 737//1559 747//1559 761//1559
f 752//1560 737//1560 761//1560
f 715//1561 737//1561 752//1561
f 733//1562 715//1562 752//1562
f 760//1563 750//1563 764//1563
f 778//1564 760//1564 764//1564
f 768//1565 760//1565 778//1565
f 781//1566 768//1566 778//1566
f 769//1567 768//1567 781//1567
f 780//1568 769//1568 781//1568
f 761//1569 769//1569 780//1569
f 770//1570 761//1570 780//1570
f 752//1571 761//1571 770//1571
f 753//1572 752//1572 770//1572
f 733//1573 752//1573 753//1573
f 642//1574 630//1574 654//1574
f 655//1575 642//1575 654//1575
f 644//1576 642//1576 655//1576
f 664//1577 644//1577 655//1577
f 651//1578 644//1578 664//1578
f 656//1579 651//1579 664//1579
f 636//1580 651//1580 656//1580
f 643//1581 636//1581 656//1581
f 606//1582 636//1582 643//1582
f 611//1583 606//1583 643//1583
f 580//1584 606//1584 611//1584
f 583//1585 580//1585 611//1585
f 553//1586 580//1586 583//1586
f 555//1587 553//1587 583//1587
f 531//1588 553//1588 555//1588
f 534//1589 531//1589 555//1589
f 510//1590 531//1590 534//1590
f 512//1591 510//1591 534//1591
f 478//1592 510//1592 512//1592
f 480//1593 478//1593 512//1593
f 443//1594 478//1594 480//1594
f 444//1595 443//1595 480//1595
f 439//1596 443//1596 444//1596
f 656//1597 664//1597 673//1597
f 665//1598 656//1598 673//1598
f 643//1599 656//1599 665//1599
f 650//1600 643//1600 665//1600
f 611//1601 643//1601 650//1601
f 618//1602 611//1602 650//1602
f 583//1603 611//1603 618//1603
f 588//1604 583//1604 618//1604
f 555//1605 583//1605 588//1605
f 559//1606 555//1606 588//1606
f 534//1607 555//1607 559//1607
f 537//1608 534//1608 559//1608
f 512//1609 534//1609 537//1609
f 514//1610 512//1610 537//1610
f 480//1611 512//1611 514//1611
f 482//1612 480//1612 514//1612
f 444//1613 480//1613 482//1613
f 445//1614 444//1614 482//1614
f 439//1615 444//1615 445//1615
f 665//1616 673//1616 686//1616
f 675//1617 665//1617 686//1617
f 650//1618 665//1618 675//1618
f 662//1619 650//1619 675//1619
f 618//1620 650//1620 662//1620
f 628//1621 618//1621 662//1621
f 588//1622 618//1622 628//1622
f 593//1623 588//1623 628//1623
f 559//1624 588//1624 593//1624
f 563//1625 559//1625 593//1625
f 537//1626 559//1626 563//1626
f 539//1627 537//1627 563//1627
f 514//1628 537//1628 539//1628
f 515//1629 514//1629 539//1629
f 482//1630 514//1630 515//1630
f 483//1631 482//1631 515//1631
f 445//1632 482//1632 483//1632
f 446//1633 445//1633 483//1633
f 439//1634 445//1634 446//1634
f 675//1635 686//1635 702//1635
f 683//1636 675//1636 702//1636
f 662//1637 675//1637 683//1637
f 667//1638 662//1638 683//1638
f 628//1639 662//1639 667//1639
f 633//1640 628//1640 667//1640
f 593//1641 628//1641 633//1641
f 603//1642 593//1642 633//1642
f 563//1643 593//1643 603//1643
f 571//1644 563//1644 603//1644
f 539//1645 563//1645 571//1645
f 545//1646 539//1646 571//1646
f 515//1647 539//1647 545//1647
f 520//1648 515//1648 545//1648
f 483//1649 515//1649 520//1649
f 484//1650 483//1650 520//1650
f 446//1651 483//1651 484//1651
f 447//1652 446//1652 484//1652
f 439//1653 446//1653 447//1653
f 692//1654 683//1654 702//1654
f 720//1655 692//1655 702//1655
f 684//1656 692//1656 720//1656
f 676//1657 692//1657 684//1657
f 649//1658 676//1658 684//1658
f 637//1659 676//1659 649//1659
f 610//1660 637//1660 649//1660
f 609//1661 637//1661 610//1661
f 576//1662 609//1662 610//1662
f 571//1663 609//1663 576//1663
f 545//1664 571//1664 576//1664
f 576//1665 610//1665 562//1665
f 547//1666 576//1666 562//1666
f 545//1667 576//1667 547//1667
f 520//1668 545//1668 547//1668
f 521//1669 547//1669 562//1669
f 497//1670 521//1670 562//1670
f 487//1671 521//1671 497//1671
f 448//1672 487//1672 497//1672
f 447//1673 487//1673 448//1673
f 439//1674 447//1674 448//1674
f 448//1675 497//1675 439//1675
f 441//1676 439//1676 440//1676
f 465//1677 441//1677 440//1677
f 472//1678 441//1678 465//1678
f 489//1679 472//1679 465//1679
f 507//1680 472//1680 489//1680
f 508//1681 507//1681 489//1681
f 527//1682 507//1682 508//1682
f 532//1683 527//1683 508//1683
f 546//1684 527//1684 532//1684
f 560//1685 546//1685 532//1685
f 568//1686 546//1686 560//1686
f 594//1687 568//1687 560//1687
f 592//1688 568//1688 594//1688
f 631//1689 592//1689 594//1689
f 635//1690 592//1690 631//1690
f 644//1691 635//1691 631//1691
f 651//1692 635//1692 644//1692
f 631//1693 594//1693 630//1693
f 642//1694 631//1694 630//1694
f 644//1695 631//1695 642//1695
f 442//1696 443//1696 439//1696
f 441//1697 442//1697 439//1697
f 692//1698 667//1698 683//1698
f 636//1699 635//1699 651//1699
f 676//1700 633//1700 667//1700
f 692//1701 676//1701 667//1701
f 600//1702 635//1702 636//1702
f 606//1703 600//1703 636//1703
f 573//1704 600//1704 606//1704
f 580//1705 573//1705 606//1705
f 552//1706 573//1706 580//1706
f 553//1707 552//1707 580//1707
f 528//1708 552//1708 553//1708
f 531//1709 528//1709 553//1709
f 509//1710 528//1710 531//1710
f 510//1711 509//1711 531//1711
f 477//1712 509//1712 510//1712
f 478//1713 477//1713 510//1713
f 442//1714 477//1714 478//1714
f 443//1715 442//1715 478//1715
f 637//1716 603//1716 633//1716
f 676//1717 637//1717 633//1717
f 600//1718 568//1718 592//1718
f 635//1719 600//1719 592//1719
f 573//1720 568//1720 600//1720
f 603//1721 609//1721 571//1721
f 546//1722 568//1722 573//1722
f 552//1723 546//1723 573//1723
f 527//1724 546//1724 552//1724
f 528//1725 527//1725 552//1725
f 507//1726 527//1726 528//1726
f 509//1727 507//1727 528//1727
f 472//1728 507//1728 509//1728
f 477//1729 472//1729 509//1729
f 441//1730 472//1730 477//1730
f 442//1731 441//1731 477//1731
f 603//1732 637//1732 609//1732
f 521//1733 487//1733 484//1733
f 520//1734 521//1734 484//1734
f 547//1735 521//1735 520//1735
f 447//1736 484//1736 487//1736
f 1302//1737 1328//1737 720//1737
f 753//1738 1302//1738 720//1738
f 1287//1739 1302//1739 753//1739
f 770//1740 1287//1740 753//1740
f 1275//1741 1287//1741 770//1741
f 780//1742 1275//1742 770//1742
f 1272//1743 1275//1743 780//1743
f 781//1744 1272//1744 780//1744
f 1273//1745 1272//1745 781//1745
f 778//1746 1273//1746 781//1746
f 1276//1747 1273//1747 778//1747
f 764//1748 1276//1748 778//1748
f 1291//1749 1276//1749 764//1749
f 1016//1750 1291//1750 764//1750
f 1052//1751 1291//1751 1016//1751
f 764//1752 433//1752 955//1752
f 968//1753 764//1753 955//1753
f 976//1754 764//1754 968//1754
f 433//1755 412//1755 540//1755
f 581//1756 433//1756 540//1756
f 930//1757 433//1757 581//1757
f 625//1758 930//1758 581//1758
f 918//1759 930//1759 625//1759
f 648//1760 918//1760 625//1760
f 911//1761 918//1761 648//1761
f 668//1762 911//1762 648//1762
f 913//1763 911//1763 668//1763
f 678//1764 913//1764 668//1764
f 696//1765 913//1765 678//1765
f 506//1766 540//1766 412//1766
f 401//1767 506//1767 412//1767
f 392//1768 506//1768 401//1768
f 392//1769 385//1769 391//1769
f 403//1770 392//1770 391//1770
f 426//1771 392//1771 403//1771
f 391//1772 385//1772 384//1772
f 392//1773 426//1773 457//1773
f 481//1774 392//1774 457//1774
f 506//1775 392//1775 481//1775
f 920//1776 913//1776 696//1776
f 730//1777 920//1777 696//1777
f 757//1778 920//1778 730//1778
f 932//1779 920//1779 757//1779
f 787//1780 932//1780 757//1780
f 801//1781 932//1781 787//1781
f 944//1782 932//1782 801//1782
f 814//1783 944//1783 801//1783
f 829//1784 944//1784 814//1784
f 957//1785 944//1785 829//1785
f 847//1786 957//1786 829//1786
f 882//1787 957//1787 847//1787
f 970//1788 957//1788 882//1788
f 907//1789 970//1789 882//1789
f 978//1790 970//1790 907//1790
f 949//1791 978//1791 907//1791
f 972//1792 978//1792 949//1792
f 1018//1793 978//1793 972//1793
f 1020//1794 1018//1794 972//1794
f 1054//1795 1018//1795 1020//1795
f 1083//1796 1054//1796 1020//1796
f 1109//1797 1054//1797 1083//1797
f 1081//1798 1054//1798 1109//1798
f 1151//1799 1081//1799 1109//1799
f 1090//1800 1081//1800 1151//1800
f 1188//1801 1090//1801 1151//1801
f 1210//1802 1090//1802 1188//1802
f 1106//1803 1090//1803 1210//1803
f 1230//1804 1106//1804 1210//1804
f 1247//1805 1106//1805 1230//1805
f 1116//1806 1106//1806 1247//1806
f 1259//1807 1116//1807 1247//1807
f 1283//1808 1116//1808 1259//1808
f 1133//1809 1116//1809 1283//1809
f 1314//1810 1133//1810 1283//1810
f 1357//1811 1133//1811 1314//1811
f 1142//1812 1133//1812 1357//1812
f 1382//1813 1142//1813 1357//1813
f 1400//1814 1142//1814 1382//1814
f 1146//1815 1142//1815 1400//1815
f 1411//1816 1146//1816 1400//1816
f 1140//1817 1146//1817 1411//1817
f 1426//1818 1140//1818 1411//1818
f 1131//1819 1140//1819 1426//1819
f 1450//1820 1131//1820 1426//1820
f 1114//1821 1131//1821 1450//1821
f 1494//1822 1114//1822 1450//1822
f 1623//1823 1114//1823 1494//1823
f 1525//1824 1623//1824 1494//1824
f 1646//1825 1623//1825 1525//1825
f 1668//1826 1646//1826 1525//1826
f 1563//1827 1668//1827 1525//1827
f 1594//1828 1668//1828 1563//1828
f 1686//1829 1668//1829 1594//1829
f 1625//1830 1686//1830 1594//1830
f 1649//1831 1686//1831 1625//1831
f 1686//1832 1649//1832 1672//1832
f 1688//1833 1686//1833 1672//1833
f 1693//1834 1686//1834 1688//1834
f 1694//1835 1693//1835 1688//1835
f 1623//1836 1291//1836 1088//1836
f 1104//1837 1623//1837 1088//1837
f 1114//1838 1623//1838 1104//1838
f 433//1839 930//1839 942//1839
f 955//1840 433//1840 942//1840
f 764//1841 976//1841 1016//1841
f 1291//1842 1052//1842 1079//1842
f 1088//1843 1291//1843 1079//1843
f 1146//1844 1140//1844 1141//1844
f 1147//1845 1146//1845 1141//1845
f 1142//1846 1146//1846 1147//1846
f 1143//1847 1142//1847 1147//1847
f 1133//1848 1142//1848 1143//1848
f 1134//1849 1133//1849 1143//1849
f 1116//1850 1133//1850 1134//1850
f 1117//1851 1116//1851 1134//1851
f 1106//1852 1116//1852 1117//1852
f 1107//1853 1106//1853 1117//1853
f 1090//1854 1106//1854 1107//1854
f 1091//1855 1090//1855 1107//1855
f 1081//1856 1090//1856 1091//1856
f 1082//1857 1081//1857 1091//1857
f 1054//1858 1081//1858 1082//1858
f 1055//1859 1054//1859 1082//1859
f 1018//1860 1054//1860 1055//1860
f 1019//1861 1018//1861 1055//1861
f 978//1862 1018//1862 1019//1862
f 979//1863 978//1863 1019//1863
f 970//1864 978//1864 979//1864
f 971//1865 970//1865 979//1865
f 957//1866 970//1866 971//1866
f 958//1867 957//1867 971//1867
f 944//1868 957//1868 958//1868
f 945//1869 944//1869 958//1869
f 932//1870 944//1870 945//1870
f 933//1871 932//1871 945//1871
f 920//1872 932//1872 933//1872
f 921//1873 920//1873 933//1873
f 913//1874 920//1874 921//1874
f 914//1875 913//1875 921//1875
f 911//1876 913//1876 914//1876
f 912//1877 911//1877 914//1877
f 918//1878 911//1878 912//1878
f 919//1879 918//1879 912//1879
f 930//1880 918//1880 919//1880
f 931//1881 930//1881 919//1881
f 942//1882 930//1882 931//1882
f 943//1883 942//1883 931//1883
f 955//1884 942//1884 943//1884
f 956//1885 955//1885 943//1885
f 968//1886 955//1886 956//1886
f 969//1887 968//1887 956//1887
f 976//1888 968//1888 969//1888
f 977//1889 976//1889 969//1889
f 1016//1890 976//1890 977//1890
f 1017//1891 1016//1891 977//1891
f 1052//1892 1016//1892 1017//1892
f 1053//1893 1052//1893 1017//1893
f 1079//1894 1052//1894 1053//1894
f 1080//1895 1079//1895 1053//1895
f 1088//1896 1079//1896 1080//1896
f 1089//1897 1088//1897 1080//1897
f 1104//1898 1088//1898 1089//1898
f 1105//1899 1104//1899 1089//1899
f 1114//1900 1104//1900 1105//1900
f 1115//1901 1114//1901 1105//1901
f 1131//1902 1114//1902 1115//1902
f 1132//1903 1131//1903 1115//1903
f 1140//1904 1131//1904 1132//1904
f 1141//1905 1140//1905 1132//1905
f 585//1906 598//1906 599//1906
f 586//1907 585//1907 599//1907
f 566//1908 585//1908 586//1908
f 567//1909 566//1909 586//1909
f 543//1910 566//1910 567//1910
f 544//1911 543//1911 567//1911
f 517//1912 543//1912 544//1912
f 518//1913 517//1913 544//1913
f 492//1914 517//1914 518//1914
f 493//1915 492//1915 518//1915
f 1454//1916 1477//1916 1478//1916
f 1455//1917 1454//1917 1478//1917
f 1427//1918 1454//1918 1455//1918
f 1428//1919 1427//1919 1455//1919
f 1389//1920 1427//1920 1428//1920
f 1390//1921 1389//1921 1428//1921
f 1348//1922 1389//1922 1390//1922
f 1349//1923 1348//1923 1390//1923
f 1292//1924 1348//1924 1349//1924
f 1293//1925 1292//1925 1349//1925
f 1261//1926 1292//1926 1293//1926
f 1262//1927 1261//1927 1293//1927
f 1245//1928 1261//1928 1262//1928
f 1246//1929 1245//1929 1262//1929
f 1226//1930 1245//1930 1246//1930
f 1227//1931 1226//1931 1246//1931
f 1206//1932 1226//1932 1227//1932
f 1207//1933 1206//1933 1227//1933
f 1167//1934 1206//1934 1207//1934
f 1168//1935 1167//1935 1207//1935
f 1137//1936 1167//1936 1168//1936
f 1138//1937 1137//1937 1168//1937
f 1096//1938 1137//1938 1138//1938
f 1097//1939 1096//1939 1138//1939
f 1065//1940 1096//1940 1097//1940
f 1066//1941 1065//1941 1097//1941
f 990//1942 1065//1942 1066//1942
f 991//1943 990//1943 1066//1943
f 961//1944 990//1944 991//1944
f 962//1945 961//1945 991//1945
f 922//1946 961//1946 962//1946
f 923//1947 922//1947 962//1947
f 887//1948 922//1948 923//1948
f 888//1949 887//1949 923//1949
f 850//1950 887//1950 888//1950
f 851//1951 850//1951 888//1951
f 832//1952 850//1952 851//1952
f 833//1953 832//1953 851//1953
f 815//1954 832//1954 833//1954
f 816//1955 815//1955 833//1955
f 798//1956 815//1956 816//1956
f 799//1957 798//1957 816//1957
f 782//1958 798//1958 799//1958
f 783//1959 782//1959 799//1959
f 738//1960 782//1960 783//1960
f 739//1961 738//1961 783//1961
f 688//1962 738//1962 739//1962
f 689//1963 688//1963 739//1963
f 646//1964 688//1964 689//1964
f 647//1965 646//1965 689//1965
f 620//1966 646//1966 647//1966
f 621//1967 620//1967 647//1967
f 598//1968 620//1968 621//1968
f 599//1969 598//1969 621//1969
f 598//1970 585//1970 492//1970
f 458//1971 598//1971 492//1971
f 286//1972 598//1972 458//1972
f 423//1973 286//1973 458//1973
f 280//1974 286//1974 423//1974
f 393//1975 280//1975 423//1975
f 284//1976 280//1976 393//1976
f 366//1977 284//1977 393//1977
f 343//1978 284//1978 366//1978
f 492//1979 585//1979 566//1979
f 543//1980 492//1980 566//1980
f 517//1981 492//1981 543//1981
f 284//1982 343//1982 331//1982
f 324//1983 284//1983 331//1983
f 326//1984 284//1984 324//1984
f 284//1985 326//1985 336//1985
f 282//1986 284//1986 336//1986
f 347//1987 282//1987 336//1987
f 362//1988 282//1988 347//1988
f 282//1989 362//1989 378//1989
f 694//1990 282//1990 378//1990
f 278//1991 282//1991 694//1991
f 275//1992 278//1992 694//1992
f 271//1993 275//1993 694//1993
f 265//1994 271//1994 694//1994
f 258//1995 265//1995 694//1995
f 711//1996 258//1996 694//1996
f 718//1997 258//1997 711//1997
f 258//1998 718//1998 717//1998
f 706//1999 258//1999 717//1999
f 249//2000 258//2000 706//2000
f 239//2001 249//2001 706//2001
f 224//2002 239//2002 706//2002
f 216//2003 224//2003 706//2003
f 205//2004 216//2004 706//2004
f 195//2005 205//2005 706//2005
f 186//2006 195//2006 706//2006
f 620//2007 598//2007 286//2007
f 288//2008 620//2008 286//2008
f 646//2009 620//2009 288//2009
f 295//2010 646//2010 288//2010
f 303//2011 646//2011 295//2011
f 688//2012 646//2012 303//2012
f 306//2013 688//2013 303//2013
f 738//2014 688//2014 306//2014
f 315//2015 738//2015 306//2015
f 782//2016 738//2016 315//2016
f 349//2017 782//2017 315//2017
f 798//2018 782//2018 349//2018
f 407//2019 798//2019 349//2019
f 815//2020 798//2020 407//2020
f 473//2021 815//2021 407//2021
f 832//2022 815//2022 473//2022
f 548//2023 832//2023 473//2023
f 659//2024 832//2024 548//2024
f 850//2025 832//2025 659//2025
f 762//2026 850//2026 659//2026
f 887//2027 850//2027 762//2027
f 806//2028 887//2028 762//2028
f 827//2029 887//2029 806//2029
f 922//2030 887//2030 827//2030
f 858//2031 922//2031 827//2031
f 961//2032 922//2032 858//2032
f 905//2033 961//2033 858//2033
f 959//2034 961//2034 905//2034
f 990//2035 961//2035 959//2035
f 1001//2036 990//2036 959//2036
f 1065//2037 990//2037 1001//2037
f 1084//2038 1065//2038 1001//2038
f 1119//2039 1065//2039 1084//2039
f 1096//2040 1065//2040 1119//2040
f 1169//2041 1096//2041 1119//2041
f 1137//2042 1096//2042 1169//2042
f 1214//2043 1137//2043 1169//2043
f 1241//2044 1137//2044 1214//2044
f 1167//2045 1137//2045 1241//2045
f 1269//2046 1167//2046 1241//2046
f 1206//2047 1167//2047 1269//2047
f 1367//2048 1206//2048 1269//2048
f 1469//2049 1206//2049 1367//2049
f 1226//2050 1206//2050 1469//2050
f 1561//2051 1226//2051 1469//2051
f 1245//2052 1226//2052 1561//2052
f 1628//2053 1245//2053 1561//2053
f 1261//2054 1245//2054 1628//2054
f 1697//2055 1261//2055 1628//2055
f 1292//2056 1261//2056 1697//2056
f 1765//2057 1292//2057 1697//2057
f 1791//2058 1292//2058 1765//2058
f 1348//2059 1292//2059 1791//2059
f 1813//2060 1348//2060 1791//2060
f 1389//2061 1348//2061 1813//2061
f 1833//2062 1389//2062 1813//2062
f 1427//2063 1389//2063 1833//2063
f 1848//2064 1427//2064 1833//2064
f 1454//2065 1427//2065 1848//2065
f 1862//2066 1454//2066 1848//2066
f 1477//2067 1454//2067 1862//2067
f 1619//2068 1477//2068 1862//2068
f 1575//2069 1477//2069 1619//2069
f 1619//2070 1862//2070 1866//2070
f 1652//2071 1619//2071 1866//2071
f 1876//2072 1652//2072 1866//2072
f 1684//2073 1652//2073 1876//2073
f 1719//2074 1684//2074 1876//2074
f 1742//2075 1719//2075 1876//2075
f 1756//2076 1742//2076 1876//2076
f 1763//2077 1756//2077 1876//2077
f 1761//2078 1763//2078 1876//2078
f 1749//2079 1761//2079 1876//2079
f 1875//2080 1749//2080 1876//2080
f 1732//2081 1749//2081 1875//2081
f 1705//2082 1732//2082 1875//2082
f 1678//2083 1705//2083 1875//2083
f 1358//2084 1678//2084 1875//2084
f 1883//2085 1358//2085 1875//2085
f 1897//2086 1358//2086 1883//2086
f 1897//2087 1909//2087 1780//2087
f 1598//2088 1897//2088 1780//2088
f 1358//2089 1897//2089 1598//2089
f 1528//2090 1358//2090 1598//2090
f 1341//2091 1358//2091 1528//2091
f 1431//2092 1341//2092 1528//2092
f 1329//2093 1341//2093 1431//2093
f 1334//2094 1329//2094 1431//2094
f 1780//2095 1909//2095 1924//2095
f 1891//2096 1780//2096 1924//2096
f 1936//2097 1891//2097 1924//2097
f 1953//2098 1891//2098 1936//2098
f 1891//2099 1953//2099 1967//2099
f 1984//2100 1891//2100 1967//2100
f 1575//2101 1546//2101 1522//2101
f 1504//2102 1575//2102 1522//2102
f 1488//2103 1575//2103 1504//2103
f 1575//2104 1488//2104 1477//2104
f 1546//2105 1575//2105 1576//2105
f 1547//2106 1546//2106 1576//2106
f 1522//2107 1546//2107 1547//2107
f 1523//2108 1522//2108 1547//2108
f 1504//2109 1522//2109 1523//2109
f 1505//2110 1504//2110 1523//2110
f 1488//2111 1504//2111 1505//2111
f 1489//2112 1488//2112 1505//2112
f 1477//2113 1488//2113 1489//2113
f 1478//2114 1477//2114 1489//2114
f 1761//2115 1749//2115 1750//2115
f 1762//2116 1761//2116 1750//2116
f 1763//2117 1761//2117 1762//2117
f 1764//2118 1763//2118 1762//2118
f 1756//2119 1763//2119 1764//2119
f 1757//2120 1756//2120 1764//2120
f 1742//2121 1756//2121 1757//2121
f 1743//2122 1742//2122 1757//2122
f 1719//2123 1742//2123 1743//2123
f 1720//2124 1719//2124 1743//2124
f 1684//2125 1719//2125 1720//2125
f 1685//2126 1684//2126 1720//2126
f 1652//2127 1684//2127 1685//2127
f 1653//2128 1652//2128 1685//2128
f 1619//2129 1652//2129 1653//2129
f 1620//2130 1619//2130 1653//2130
f 1575//2131 1619//2131 1620//2131
f 1576//2132 1575//2132 1620//2132
f 654//2133 630//2133 640//2133
f 658//2134 654//2134 640//2134
f 674//2135 654//2135 658//2135
f 624//2136 640//2136 630//2136
f 594//2137 624//2137 630//2137
f 579//2138 624//2138 594//2138
f 560//2139 579//2139 594//2139
f 536//2140 579//2140 560//2140
f 532//2141 536//2141 560//2141
f 508//2142 536//2142 532//2142
f 501//2143 536//2143 508//2143
f 489//2144 501//2144 508//2144
f 470//2145 501//2145 489//2145
f 465//2146 470//2146 489//2146
f 438//2147 470//2147 465//2147
f 440//2148 438//2148 465//2148
f 439//2149 438//2149 440//2149
f 682//2150 654//2150 674//2150
f 687//2151 682//2151 674//2151
f 698//2152 682//2152 687//2152
f 703//2153 682//2153 698//2153
f 706//2154 703//2154 698//2154
f 716//2155 703//2155 706//2155
f 717//2156 716//2156 706//2156
f 719//2157 716//2157 717//2157
f 718//2158 719//2158 717//2158
f 712//2159 719//2159 718//2159
f 711//2160 712//2160 718//2160
f 695//2161 712//2161 711//2161
f 694//2162 695//2162 711//2162
f 378//2163 379//2163 695//2163
f 694//2164 378//2164 695//2164
f 1395//2165 1369//2165 1376//2165
f 1388//2166 1395//2166 1376//2166
f 1407//2167 1395//2167 1388//2167
f 1369//2168 1351//2168 1355//2168
f 1364//2169 1369//2169 1355//2169
f 1376//2170 1369//2170 1364//2170
f 1351//2171 1333//2171 1340//2171
f 1347//2172 1351//2172 1340//2172
f 1355//2173 1351//2173 1347//2173
f 1333//2174 1330//2174 1329//2174
f 1334//2175 1333//2175 1329//2175
f 1337//2176 1333//2176 1334//2176
f 1341//2177 1329//2177 1330//2177
f 1342//2178 1341//2178 1330//2178
f 1358//2179 1341//2179 1342//2179
f 1359//2180 1358//2180 1342//2180
f 1333//2181 1337//2181 1340//2181
f 1415//2182 1395//2182 1407//2182
f 1423//2183 1415//2183 1407//2183
f 1444//2184 1415//2184 1423//2184
f 1461//2185 1444//2185 1423//2185
f 1480//2186 1444//2186 1461//2186
f 1508//2187 1480//2187 1461//2187
f 1512//2188 1480//2188 1508//2188
f 1535//2189 1512//2189 1508//2189
f 1543//2190 1535//2190 1508//2190
f 1565//2191 1535//2191 1543//2191
f 1578//2192 1565//2192 1543//2192
f 1590//2193 1565//2193 1578//2193
f 1614//2194 1590//2194 1578//2194
f 1613//2195 1590//2195 1614//2195
f 1615//2196 1613//2196 1614//2196
f 1358//2197 1359//2197 1679//2197
f 1678//2198 1358//2198 1679//2198
f 439//2199 497//2199 772//2199
f 864//2200 439//2200 772//2200
f 1011//2201 439//2201 864//2201
f 1012//2202 1011//2202 864//2202
f 1175//2203 1011//2203 1012//2203
f 1177//2204 1175//2204 1012//2204
f 1280//2205 1175//2205 1177//2205
f 1281//2206 1280//2206 1177//2206
f 1434//2207 1280//2207 1281//2207
f 1398//2208 1434//2208 1281//2208
f 1282//2209 1398//2209 1281//2209
f 1366//2210 1398//2210 1282//2210
f 1328//2211 1366//2211 1282//2211
f 1180//2212 1328//2212 1282//2212
f 1015//2213 1328//2213 1180//2213
f 1014//2214 1015//2214 1180//2214
f 869//2215 1015//2215 1014//2215
f 868//2216 869//2216 1014//2216
f 774//2217 869//2217 868//2217
f 773//2218 774//2218 868//2218
f 562//2219 774//2219 773//2219
f 497//2220 562//2220 773//2220
f 772//2221 497//2221 773//2221
f 774//2222 562//2222 610//2222
f 775//2223 774//2223 610//2223
f 869//2224 774//2224 775//2224
f 871//2225 869//2225 775//2225
f 1015//2226 869//2226 871//2226
f 1328//2227 1015//2227 871//2227
f 775//2228 610//2228 649//2228
f 776//2229 775//2229 649//2229
f 871//2230 775//2230 776//2230
f 684//2231 871//2231 776//2231
f 1328//2232 871//2232 684//2232
f 720//2233 1328//2233 684//2233
f 776//2234 649//2234 684//2234
f 1280//2235 1434//2235 1475//2235
f 1279//2236 1280//2236 1475//2236
f 1175//2237 1280//2237 1279//2237
f 1173//2238 1175//2238 1279//2238
f 1011//2239 1175//2239 1173//2239
f 1604//2240 1011//2240 1173//2240
f 439//2241 1011//2241 1604//2241
f 1615//2242 439//2242 1604//2242
f 1279//2243 1475//2243 1548//2243
f 1278//2244 1279//2244 1548//2244
f 1173//2245 1279//2245 1278//2245
f 1604//2246 1173//2246 1278//2246
f 1278//2247 1548//2247 1604//2247
f 866//2248 864//2248 772//2248
f 773//2249 866//2249 772//2249
f 868//2250 866//2250 773//2250
f 1012//2251 864//2251 866//2251
f 1013//2252 1012//2252 866//2252
f 1177//2253 1012//2253 1013//2253
f 1178//2254 1177//2254 1013//2254
f 1281//2255 1177//2255 1178//2255
f 1282//2256 1281//2256 1178//2256
f 868//2257 1013//2257 866//2257
f 1014//2258 1178//2258 1013//2258
f 868//2259 1014//2259 1013//2259
f 1180//2260 1282//2260 1178//2260
f 1014//2261 1180//2261 1178//2261
f 1614//2262 1128//2262 1191//2262
f 1219//2263 1614//2263 1191//2263
f 1248//2264 1614//2264 1219//2264
f 1191//2265 1128//2265 1139//2265
f 1614//2266 1248//2266 1274//2266
f 1363//2267 1614//2267 1274//2267
f 1456//2268 1614//2268 1363//2268
f 2159//2269 1614//2269 1456//2269
f 1539//2270 2159//2270 1456//2270
f 2173//2271 2159//2271 1539//2271
f 1601//2272 2173//2272 1539//2272
f 2196//2273 2173//2273 1601//2273
f 1665//2274 2196//2274 1601//2274
f 2205//2275 2196//2275 1665//2275
f 1723//2276 2205//2276 1665//2276
f 1770//2277 2205//2277 1723//2277
f 2217//2278 2205//2278 1770//2278
f 1787//2279 2217//2279 1770//2279
f 2224//2280 2217//2280 1787//2280
f 1956//2281 2224//2281 1787//2281
f 1969//2282 2224//2282 1956//2282
f 1938//2283 1956//2283 1787//2283
f 1804//2284 1938//2284 1787//2284
f 1811//2285 1938//2285 1804//2285
f 2229//2286 2224//2286 1969//2286
f 1980//2287 2229//2287 1969//2287
f 1990//2288 2229//2288 1980//2288
f 2237//2289 2229//2289 1990//2289
f 2000//2290 2237//2290 1990//2290
f 2008//2291 2237//2291 2000//2291
f 2008//2292 2010//2292 2242//2292
f 2237//2293 2008//2293 2242//2293
f 1614//2294 2159//2294 2135//2294
f 2112//2295 1614//2295 2135//2295
f 2094//2296 1614//2296 2112//2296
f 1614//2297 2094//2297 2068//2297
f 2032//2298 1614//2298 2068//2298
f 1986//2299 1614//2299 2032//2299
f 1614//2300 1986//2300 1943//2300
f 1615//2301 1614//2301 1943//2301
f 1857//2302 1615//2302 1943//2302
f 1795//2303 1615//2303 1857//2303
f 1615//2304 1795//2304 1691//2304
f 1567//2305 1615//2305 1691//2305
f 1410//2306 1615//2306 1567//2306
f 1615//2307 1410//2307 1267//2307
f 1229//2308 1615//2308 1267//2308
f 1172//2309 1615//2309 1229//2309
f 1615//2310 1172//2310 1103//2310
f 1025//2311 1615//2311 1103//2311
f 952//2312 1615//2312 1025//2312
f 439//2313 1615//2313 952//2313
f 886//2314 439//2314 952//2314
f 831//2315 439//2315 886//2315
f 439//2316 831//2316 795//2316
f 670//2317 439//2317 795//2317
f 505//2318 439//2318 670//2318
f 439//2319 505//2319 389//2319
f 311//2320 439//2320 389//2320
f 291//2321 439//2321 311//2321
f 439//2322 291//2322 262//2322
f 438//2323 439//2323 262//2323
f 238//2324 438//2324 262//2324
f 214//2325 438//2325 238//2325
f 438//2326 214//2326 200//2326
f 185//2327 438//2327 200//2327
f 178//2328 438//2328 185//2328
f 438//2329 178//2329 169//2329
f 158//2330 438//2330 169//2330
f 623//2331 438//2331 158//2331
f 526//2332 623//2332 158//2332
f 152//2333 526//2333 158//2333
f 468//2334 526//2334 152//2334
f 139//2335 468//2335 152//2335
f 411//2336 468//2336 139//2336
f 135//2337 411//2337 139//2337
f 361//2338 411//2338 135//2338
f 321//2339 361//2339 135//2339
f 128//2340 321//2340 135//2340
f 312//2341 321//2341 128//2341
f 124//2342 312//2342 128//2342
f 254//2343 312//2343 124//2343
f 247//2344 254//2344 124//2344
f 121//2345 247//2345 124//2345
f 241//2346 247//2346 121//2346
f 235//2347 241//2347 121//2347
f 117//2348 235//2348 121//2348
f 230//2349 235//2349 117//2349
f 226//2350 230//2350 117//2350
f 113//2351 226//2351 117//2351
f 222//2352 226//2352 113//2352
f 312//2353 254//2353 263//2353
f 308//2354 312//2354 263//2354
f 305//2355 308//2355 263//2355
f 438//2356 623//2356 725//2356
f 789//2357 438//2357 725//2357
f 813//2358 438//2358 789//2358
f 438//2359 813//2359 841//2359
f 880//2360 438//2360 841//2360
f 927//2361 438//2361 880//2361
f 917//2362 927//2362 880//2362
f 1189//2363 1099//2363 1347//2363
f 1237//2364 1189//2364 1347//2364
f 1340//2365 1237//2365 1347//2365
f 1337//2366 1237//2366 1340//2366
f 1237//2367 1337//2367 1334//2367
f 706//2368 1099//2368 1098//2368
f 81//2369 706//2369 1098//2369
f 97//2370 706//2370 81//2370
f 1098//2371 42//2371 43//2371
f 50//2372 1098//2372 43//2372
f 59//2373 1098//2373 50//2373
f 1098//2374 59//2374 66//2374
f 81//2375 1098//2375 66//2375
f 706//2376 97//2376 100//2376
f 186//2377 706//2377 100//2377
f 107//2378 186//2378 100//2378
f 122//2379 186//2379 107//2379
f 186//2380 122//2380 133//2380
f 142//2381 186//2381 133//2381
f 159//2382 186//2382 142//2382
f 187//2383 186//2383 159//2383
f 172//2384 187//2384 159//2384
f 194//2385 187//2385 172//2385
f 197//2386 194//2386 172//2386
f 183//2387 197//2387 172//2387
f 209//2388 197//2388 183//2388
f 210//2389 209//2389 183//2389
f 218//2390 210//2390 183//2390
f 221//2391 218//2391 183//2391
f 234//2392 221//2392 183//2392
f 244//2393 234//2393 183//2393
f 251//2394 244//2394 183//2394
f 198//2395 251//2395 183//2395
f 260//2396 251//2396 198//2396
f 267//2397 260//2397 198//2397
f 277//2398 267//2398 198//2398
f 215//2399 277//2399 198//2399
f 292//2400 277//2400 215//2400
f 300//2401 292//2401 215//2401
f 309//2402 300//2402 215//2402
f 243//2403 309//2403 215//2403
f 318//2404 309//2404 243//2404
f 353//2405 318//2405 243//2405
f 268//2406 353//2406 243//2406
f 404//2407 353//2407 268//2407
f 299//2408 404//2408 268//2408
f 463//2409 404//2409 299//2409
f 490//2410 463//2410 299//2410
f 519//2411 490//2411 299//2411
f 330//2412 519//2412 299//2412
f 558//2413 519//2413 330//2413
f 615//2414 558//2414 330//2414
f 462//2415 615//2415 330//2415
f 666//2416 615//2416 462//2416
f 727//2417 666//2417 462//2417
f 616//2418 727//2418 462//2418
f 771//2419 727//2419 616//2419
f 791//2420 771//2420 616//2420
f 785//2421 791//2421 616//2421
f 826//2422 791//2422 785//2422
f 791//2423 826//2423 881//2423
f 950//2424 791//2424 881//2424
f 1031//2425 791//2425 950//2425
f 1268//2426 791//2426 1031//2426
f 1108//2427 1268//2427 1031//2427
f 1190//2428 1268//2428 1108//2428
f 1268//2429 1190//2429 1231//2429
f 1290//2430 1268//2430 1231//2430
f 1460//2431 1268//2431 1290//2431
f 1338//2432 1268//2432 1460//2432
f 1616//2433 1338//2433 1460//2433
f 1429//2434 1338//2434 1616//2434
f 1579//2435 1429//2435 1616//2435
f 1758//2436 1579//2436 1616//2436
f 1712//2437 1579//2437 1758//2437
f 1828//2438 1712//2438 1758//2438
f 1806//2439 1712//2439 1828//2439
f 1926//2440 1806//2440 1828//2440
f 1868//2441 1806//2441 1926//2441
f 1977//2442 1868//2442 1926//2442
f 1954//2443 1868//2443 1977//2443
f 2029//2444 1954//2444 1977//2444
f 1999//2445 1954//2445 2029//2445
f 2070//2446 1999//2446 2029//2446
f 2043//2447 1999//2447 2070//2447
f 2098//2448 2043//2448 2070//2448
f 2077//2449 2043//2449 2098//2449
f 2126//2450 2077//2450 2098//2450
f 2101//2451 2077//2451 2126//2451
f 2157//2452 2101//2452 2126//2452
f 2125//2453 2101//2453 2157//2453
f 2188//2454 2125//2454 2157//2454
f 2151//2455 2125//2455 2188//2455
f 2208//2456 2151//2456 2188//2456
f 2177//2457 2151//2457 2208//2457
f 2227//2458 2177//2458 2208//2458
f 2200//2459 2177//2459 2227//2459
f 2250//2460 2200//2460 2227//2460
f 2218//2461 2200//2461 2250//2461
f 2262//2462 2218//2462 2250//2462
f 2231//2463 2218//2463 2262//2463
f 2267//2464 2231//2464 2262//2464
f 2246//2465 2231//2465 2267//2465
f 2286//2466 2246//2466 2267//2466
f 2257//2467 2246//2467 2286//2467
f 2301//2468 2257//2468 2286//2468
f 2263//2469 2257//2469 2301//2469
f 2308//2470 2263//2470 2301//2470
f 2264//2471 2263//2471 2308//2471
f 2317//2472 2264//2472 2308//2472
f 2268//2473 2264//2473 2317//2473
f 2324//2474 2268//2474 2317//2474
f 2269//2475 2268//2475 2324//2475
f 2325//2476 2269//2476 2324//2476
f 2270//2477 2269//2477 2325//2477
f 347//2478 336//2478 337//2478
f 348//2479 347//2479 337//2479
f 363//2480 347//2480 348//2480
f 363//2481 379//2481 378//2481
f 362//2482 363//2482 378//2482
f 347//2483 363//2483 362//2483
f 1705//2484 1678//2484 1679//2484
f 1706//2485 1705//2485 1679//2485
f 1733//2486 1705//2486 1706//2486
f 1733//2487 1750//2487 1749//2487
f 1732//2488 1733//2488 1749//2488
f 1705//2489 1733//2489 1732//2489
f 458//2490 492//2490 493//2490
f 459//2491 458//2491 493//2491
f 423//2492 458//2492 459//2492
f 424//2493 423//2493 459//2493
f 393//2494 423//2494 424//2494
f 394//2495 393//2495 424//2495
f 366//2496 393//2496 394//2496
f 367//2497 366//2497 394//2497
f 343//2498 366//2498 367//2498
f 344//2499 343//2499 367//2499
f 331//2500 343//2500 344//2500
f 332//2501 331//2501 344//2501
f 324//2502 331//2502 332//2502
f 325//2503 324//2503 332//2503
f 326//2504 324//2504 325//2504
f 327//2505 326//2505 325//2505
f 336//2506 326//2506 327//2506
f 337//2507 336//2507 327//2507
f 15//2508 21//2508 93//2508
f 96//2509 15//2509 93//2509
f 18//2510 15//2510 96//2510
f 90//2511 18//2511 96//2511
f 24//2512 18//2512 90//2512
f 84//2513 24//2513 90//2513
f 32//2514 24//2514 84//2514
f 77//2515 32//2515 84//2515
f 38//2516 32//2516 77//2516
f 69//2517 38//2517 77//2517
f 46//2518 38//2518 69//2518
f 62//2519 46//2519 69//2519
f 55//2520 46//2520 62//2520
f 87//2521 93//2521 21//2521
f 27//2522 87//2522 21//2522
f 80//2523 87//2523 27//2523
f 35//2524 80//2524 27//2524
f 72//2525 80//2525 35//2525
f 41//2526 72//2526 35//2526
f 65//2527 72//2527 41//2527
f 49//2528 65//2528 41//2528
f 58//2529 65//2529 49//2529
f 2273//2530 2279//2530 2351//2530
f 2354//2531 2273//2531 2351//2531
f 2276//2532 2273//2532 2354//2532
f 2348//2533 2276//2533 2354//2533
f 2282//2534 2276//2534 2348//2534
f 2342//2535 2282//2535 2348//2535
f 2289//2536 2282//2536 2342//2536
f 2334//2537 2289//2537 2342//2537
f 2297//2538 2289//2538 2334//2538
f 2328//2539 2297//2539 2334//2539
f 2304//2540 2297//2540 2328//2540
f 2320//2541 2304//2541 2328//2541
f 2311//2542 2304//2542 2320//2542
f 2345//2543 2351//2543 2279//2543
f 2285//2544 2345//2544 2279//2544
f 2337//2545 2345//2545 2285//2545
f 2292//2546 2337//2546 2285//2546
f 2331//2547 2337//2547 2292//2547
f 2300//2548 2331//2548 2292//2548
f 2323//2549 2331//2549 2300//2549
f 2307//2550 2323//2550 2300//2550
f 2314//2551 2323//2551 2307//2551
f 909//2552 910//2552 917//2552
f 880//2553 909//2553 917//2553
f 879//2554 909//2554 880//2554
f 841//2555 879//2555 880//2555
f 844//2556 879//2556 841//2556
f 813//2557 844//2557 841//2557
f 821//2558 844//2558 813//2558
f 789//2559 821//2559 813//2559
f 797//2560 821//2560 789//2560
f 725//2561 797//2561 789//2561
f 759//2562 797//2562 725//2562
f 623//2563 759//2563 725//2563
f 680//2564 759//2564 623//2564
f 526//2565 680//2565 623//2565
f 597//2566 680//2566 526//2566
f 468//2567 597//2567 526//2567
f 525//2568 597//2568 468//2568
f 411//2569 525//2569 468//2569
f 486//2570 525//2570 411//2570
f 361//2571 486//2571 411//2571
f 451//2572 486//2572 361//2572
f 321//2573 451//2573 361//2573
f 406//2574 451//2574 321//2574
f 312//2575 406//2575 321//2575
f 377//2576 406//2576 312//2576
f 308//2577 377//2577 312//2577
f 357//2578 377//2578 308//2578
f 317//2579 357//2579 308//2579
f 305//2580 317//2580 308//2580
f 1191//2581 1139//2581 1148//2581
f 1150//2582 1191//2582 1148//2582
f 1193//2583 1191//2583 1150//2583
f 1219//2584 1191//2584 1193//2584
f 1217//2585 1219//2585 1193//2585
f 1248//2586 1219//2586 1217//2586
f 1239//2587 1248//2587 1217//2587
f 1274//2588 1248//2588 1239//2588
f 1264//2589 1274//2589 1239//2589
f 1363//2590 1274//2590 1264//2590
f 1312//2591 1363//2591 1264//2591
f 1456//2592 1363//2592 1312//2592
f 1402//2593 1456//2593 1312//2593
f 1539//2594 1456//2594 1402//2594
f 1483//2595 1539//2595 1402//2595
f 1601//2596 1539//2596 1483//2596
f 1541//2597 1601//2597 1483//2597
f 1665//2598 1601//2598 1541//2598
f 1593//2599 1665//2599 1541//2599
f 1723//2600 1665//2600 1593//2600
f 1635//2601 1723//2601 1593//2601
f 1770//2602 1723//2602 1635//2602
f 1671//2603 1770//2603 1635//2603
f 1787//2604 1770//2604 1671//2604
f 1703//2605 1787//2605 1671//2605
f 1804//2606 1787//2606 1703//2606
f 1728//2607 1804//2607 1703//2607
f 1811//2608 1804//2608 1728//2608
f 1782//2609 1811//2609 1728//2609
f 1702//2610 1727//2610 1728//2610
f 1703//2611 1702//2611 1728//2611
f 1671//2612 1702//2612 1703//2612
f 1670//2613 1702//2613 1671//2613
f 1635//2614 1670//2614 1671//2614
f 1634//2615 1670//2615 1635//2615
f 1593//2616 1634//2616 1635//2616
f 1592//2617 1634//2617 1593//2617
f 1541//2618 1592//2618 1593//2618
f 1540//2619 1592//2619 1541//2619
f 1483//2620 1540//2620 1541//2620
f 1482//2621 1540//2621 1483//2621
f 1402//2622 1482//2622 1483//2622
f 1401//2623 1482//2623 1402//2623
f 1312//2624 1401//2624 1402//2624
f 1311//2625 1401//2625 1312//2625
f 1264//2626 1311//2626 1312//2626
f 1263//2627 1311//2627 1264//2627
f 1239//2628 1263//2628 1264//2628
f 1238//2629 1263//2629 1239//2629
f 1217//2630 1238//2630 1239//2630
f 1216//2631 1238//2631 1217//2631
f 1193//2632 1216//2632 1217//2632
f 1192//2633 1216//2633 1193//2633
f 1149//2634 1192//2634 1193//2634
f 1150//2635 1149//2635 1193//2635
f 878//2636 908//2636 909//2636
f 879//2637 878//2637 909//2637
f 844//2638 878//2638 879//2638
f 843//2639 878//2639 844//2639
f 821//2640 843//2640 844//2640
f 820//2641 843//2641 821//2641
f 797//2642 820//2642 821//2642
f 796//2643 820//2643 797//2643
f 759//2644 796//2644 797//2644
f 758//2645 796//2645 759//2645
f 680//2646 758//2646 759//2646
f 679//2647 758//2647 680//2647
f 597//2648 679//2648 680//2648
f 596//2649 679//2649 597//2649
f 525//2650 596//2650 597//2650
f 524//2651 596//2651 525//2651
f 486//2652 524//2652 525//2652
f 485//2653 524//2653 486//2653
f 451//2654 485//2654 486//2654
f 450//2655 485//2655 451//2655
f 406//2656 450//2656 451//2656
f 405//2657 450//2657 406//2657
f 377//2658 405//2658 406//2658
f 376//2659 405//2659 377//2659
f 356//2660 376//2660 377//2660
f 357//2661 356//2661 377//2661
f 1462//2662 1727//2662 1702//2662
f 1670//2663 1462//2663 1702//2663
f 1634//2664 1462//2664 1670//2664
f 1462//2665 1634//2665 1592//2665
f 1540//2666 1462//2666 1592//2666
f 1212//2667 1462//2667 1540//2667
f 1482//2668 1212//2668 1540//2668
f 1152//2669 1212//2669 1482//2669
f 1401//2670 1152//2670 1482//2670
f 1311//2671 1152//2671 1401//2671
f 1153//2672 1152//2672 1311//2672
f 1263//2673 1153//2673 1311//2673
f 1238//2674 1153//2674 1263//2674
f 1153//2675 1238//2675 1216//2675
f 1192//2676 1153//2676 1216//2676
f 1149//2677 1153//2677 1192//2677
f 1152//2678 1156//2678 1163//2678
f 1186//2679 1152//2679 1163//2679
f 1197//2680 1152//2680 1186//2680
f 1152//2681 1197//2681 1203//2681
f 1212//2682 1152//2682 1203//2682
f 901//2683 908//2683 878//2683
f 843//2684 901//2684 878//2684
f 820//2685 901//2685 843//2685
f 901//2686 820//2686 796//2686
f 758//2687 901//2687 796//2687
f 900//2688 901//2688 758//2688
f 679//2689 900//2689 758//2689
f 596//2690 900//2690 679//2690
f 845//2691 900//2691 596//2691
f 524//2692 845//2692 596//2692
f 613//2693 845//2693 524//2693
f 485//2694 613//2694 524//2694
f 450//2695 613//2695 485//2695
f 613//2696 450//2696 405//2696
f 376//2697 613//2697 405//2697
f 356//2698 613//2698 376//2698
f 900//2699 845//2699 854//2699
f 862//2700 900//2700 854//2700
f 883//2701 900//2701 862//2701
f 900//2702 883//2702 891//2702
f 898//2703 900//2703 891//2703
f 613//2704 356//2704 357//2704
f 614//2705 613//2705 357//2705
f 317//2706 614//2706 357//2706
f 305//2707 614//2707 317//2707
f 305//2708 263//2708 264//2708
f 614//2709 305//2709 264//2709
f 106//2710 104//2710 113//2710
f 117//2711 106//2711 113//2711
f 109//2712 106//2712 117//2712
f 121//2713 109//2713 117//2713
f 111//2714 109//2714 121//2714
f 124//2715 111//2715 121//2715
f 119//2716 111//2716 124//2716
f 128//2717 119//2717 124//2717
f 126//2718 119//2718 128//2718
f 135//2719 126//2719 128//2719
f 132//2720 126//2720 135//2720
f 139//2721 132//2721 135//2721
f 137//2722 132//2722 139//2722
f 152//2723 137//2723 139//2723
f 150//2724 137//2724 152//2724
f 158//2725 150//2725 152//2725
f 161//2726 150//2726 158//2726
f 169//2727 161//2727 158//2727
f 171//2728 161//2728 169//2728
f 178//2729 171//2729 169//2729
f 180//2730 171//2730 178//2730
f 185//2731 180//2731 178//2731
f 193//2732 180//2732 185//2732
f 200//2733 193//2733 185//2733
f 204//2734 193//2734 200//2734
f 214//2735 204//2735 200//2735
f 220//2736 204//2736 214//2736
f 238//2737 220//2737 214//2737
f 246//2738 220//2738 238//2738
f 262//2739 246//2739 238//2739
f 270//2740 246//2740 262//2740
f 291//2741 270//2741 262//2741
f 298//2742 270//2742 291//2742
f 311//2743 298//2743 291//2743
f 323//2744 298//2744 311//2744
f 389//2745 323//2745 311//2745
f 453//2746 323//2746 389//2746
f 505//2747 453//2747 389//2747
f 570//2748 453//2748 505//2748
f 670//2749 570//2749 505//2749
f 749//2750 570//2750 670//2750
f 795//2751 749//2751 670//2751
f 811//2752 749//2752 795//2752
f 831//2753 811//2753 795//2753
f 849//2754 811//2754 831//2754
f 886//2755 849//2755 831//2755
f 916//2756 849//2756 886//2756
f 952//2757 916//2757 886//2757
f 974//2758 916//2758 952//2758
f 1025//2759 974//2759 952//2759
f 1078//2760 974//2760 1025//2760
f 1103//2761 1078//2761 1025//2761
f 1145//2762 1078//2762 1103//2762
f 1172//2763 1145//2763 1103//2763
f 1209//2764 1145//2764 1172//2764
f 1229//2765 1209//2765 1172//2765
f 1250//2766 1209//2766 1229//2766
f 1267//2767 1250//2767 1229//2767
f 1327//2768 1250//2768 1267//2768
f 1410//2769 1327//2769 1267//2769
f 1503//2770 1327//2770 1410//2770
f 1567//2771 1503//2771 1410//2771
f 1633//2772 1503//2772 1567//2772
f 1691//2773 1633//2773 1567//2773
f 1769//2774 1633//2774 1691//2774
f 1795//2775 1769//2775 1691//2775
f 1831//2776 1769//2776 1795//2776
f 1857//2777 1831//2777 1795//2777
f 1919//2778 1831//2778 1857//2778
f 1943//2779 1919//2779 1857//2779
f 1972//2780 1919//2780 1943//2780
f 1986//2781 1972//2781 1943//2781
f 2021//2782 1972//2782 1986//2782
f 2032//2783 2021//2783 1986//2783
f 2056//2784 2021//2784 2032//2784
f 2068//2785 2056//2785 2032//2785
f 2087//2786 2056//2786 2068//2786
f 2094//2787 2087//2787 2068//2787
f 2108//2788 2087//2788 2094//2788
f 2112//2789 2108//2789 2094//2789
f 2131//2790 2108//2790 2112//2790
f 2135//2791 2131//2791 2112//2791
f 2155//2792 2131//2792 2135//2792
f 2159//2793 2155//2793 2135//2793
f 2175//2794 2155//2794 2159//2794
f 2173//2795 2175//2795 2159//2795
f 2198//2796 2175//2796 2173//2796
f 2196//2797 2198//2797 2173//2797
f 2211//2798 2198//2798 2196//2798
f 2205//2799 2211//2799 2196//2799
f 2221//2800 2211//2800 2205//2800
f 2217//2801 2221//2801 2205//2801
f 2233//2802 2221//2802 2217//2802
f 2224//2803 2233//2803 2217//2803
f 2244//2804 2233//2804 2224//2804
f 2229//2805 2244//2805 2224//2805
f 2248//2806 2244//2806 2229//2806
f 2237//2807 2248//2807 2229//2807
f 2252//2808 2248//2808 2237//2808
f 2242//2809 2252//2809 2237//2809
f 2254//2810 2252//2810 2242//2810
f 2364//2811 2366//2811 2325//2811
f 2324//2812 2364//2812 2325//2812
f 2362//2813 2364//2813 2324//2813
f 2317//2814 2362//2814 2324//2814
f 2360//2815 2362//2815 2317//2815
f 2308//2816 2360//2816 2317//2816
f 2358//2817 2360//2817 2308//2817
f 2301//2818 2358//2818 2308//2818
f 2356//2819 2358//2819 2301//2819
f 2286//2820 2356//2820 2301//2820
f 2339//2821 2356//2821 2286//2821
f 2267//2822 2339//2822 2286//2822
f 2316//2823 2339//2823 2267//2823
f 2262//2824 2316//2824 2267//2824
f 2294//2825 2316//2825 2262//2825
f 2250//2826 2294//2826 2262//2826
f 2266//2827 2294//2827 2250//2827
f 2227//2828 2266//2828 2250//2828
f 2259//2829 2266//2829 2227//2829
f 2208//2830 2259//2830 2227//2830
f 2240//2831 2259//2831 2208//2831
f 2188//2832 2240//2832 2208//2832
f 2214//2833 2240//2833 2188//2833
f 2157//2834 2214//2834 2188//2834
f 2184//2835 2214//2835 2157//2835
f 2126//2836 2184//2836 2157//2836
f 2147//2837 2184//2837 2126//2837
f 2098//2838 2147//2838 2126//2838
f 2117//2839 2147//2839 2098//2839
f 2070//2840 2117//2840 2098//2840
f 2091//2841 2117//2841 2070//2841
f 2029//2842 2091//2842 2070//2842
f 2050//2843 2091//2843 2029//2843
f 1977//2844 2050//2844 2029//2844
f 2003//2845 2050//2845 1977//2845
f 1926//2846 2003//2846 1977//2846
f 1948//2847 2003//2847 1926//2847
f 1828//2848 1948//2848 1926//2848
f 1853//2849 1948//2849 1828//2849
f 1758//2850 1853//2850 1828//2850
f 1784//2851 1853//2851 1758//2851
f 1616//2852 1784//2852 1758//2852
f 1641//2853 1784//2853 1616//2853
f 1460//2854 1641//2854 1616//2854
f 1497//2855 1641//2855 1460//2855
f 1290//2856 1497//2856 1460//2856
f 1306//2857 1497//2857 1290//2857
f 1231//2858 1306//2858 1290//2858
f 1235//2859 1306//2859 1231//2859
f 1190//2860 1235//2860 1231//2860
f 1195//2861 1235//2861 1190//2861
f 1108//2862 1195//2862 1190//2862
f 1111//2863 1195//2863 1108//2863
f 1031//2864 1111//2864 1108//2864
f 1026//2865 1111//2865 1031//2865
f 948//2866 1026//2866 1031//2866
f 950//2867 948//2867 1031//2867
f 877//2868 948//2868 950//2868
f 881//2869 877//2869 950//2869
f 824//2870 877//2870 881//2870
f 826//2871 824//2871 881//2871
f 767//2872 824//2872 826//2872
f 785//2873 767//2873 826//2873
f 578//2874 767//2874 785//2874
f 616//2875 578//2875 785//2875
f 435//2876 578//2876 616//2876
f 462//2877 435//2877 616//2877
f 314//2878 435//2878 462//2878
f 330//2879 314//2879 462//2879
f 294//2880 314//2880 330//2880
f 299//2881 294//2881 330//2881
f 257//2882 294//2882 299//2882
f 268//2883 257//2883 299//2883
f 229//2884 257//2884 268//2884
f 243//2885 229//2885 268//2885
f 208//2886 229//2886 243//2886
f 215//2887 208//2887 243//2887
f 189//2888 208//2888 215//2888
f 198//2889 189//2889 215//2889
f 176//2890 189//2890 198//2890
f 183//2891 176//2891 198//2891
f 165//2892 176//2892 183//2892
f 172//2893 165//2893 183//2893
f 146//2894 165//2894 172//2894
f 159//2895 146//2895 172//2895
f 130//2896 146//2896 159//2896
f 142//2897 130//2897 159//2897
f 115//2898 130//2898 142//2898
f 133//2899 115//2899 142//2899
f 102//2900 115//2900 133//2900
f 122//2901 102//2901 133//2901
f 99//2902 102//2902 122//2902
f 107//2903 99//2903 122//2903
f 74//2904 99//2904 107//2904
f 100//2905 74//2905 107//2905
f 52//2906 74//2906 100//2906
f 97//2907 52//2907 100//2907
f 29//2908 52//2908 97//2908
f 81//2909 29//2909 97//2909
f 12//2910 29//2910 81//2910
f 66//2911 12//2911 81//2911
f 10//2912 12//2912 66//2912
f 59//2913 10//2913 66//2913
f 8//2914 10//2914 59//2914
f 50//2915 8//2915 59//2915
f 6//2916 8//2916 50//2916
f 43//2917 6//2917 50//2917
f 4//2918 6//2918 43//2918
f 42//2919 4//2919 43//2919
f 2//2920 4//2920 42//2920
f 2271//2921 2274//2921 2253//2921
f 2254//2922 2271//2922 2253//2922
f 2277//2923 2271//2923 2254//2923
f 2283//2924 2277//2924 2254//2924
f 2290//2925 2283//2925 2254//2925
f 2298//2926 2290//2926 2254//2926
f 2305//2927 2298//2927 2254//2927
f 2242//2928 2305//2928 2254//2928
f 2312//2929 2305//2929 2242//2929
f 2366//2930 2312//2930 2242//2930
f 2321//2931 2312//2931 2366//2931
f 2329//2932 2321//2932 2366//2932
f 2335//2933 2329//2933 2366//2933
f 2343//2934 2335//2934 2366//2934
f 2349//2935 2343//2935 2366//2935
f 2352//2936 2349//2936 2366//2936
f 2346//2937 2352//2937 2366//2937
f 2365//2938 2346//2938 2366//2938
f 2340//2939 2346//2939 2365//2939
f 2332//2940 2340//2940 2365//2940
f 2326//2941 2332//2941 2365//2941
f 2318//2942 2326//2942 2365//2942
f 2309//2943 2318//2943 2365//2943
f 2241//2944 2309//2944 2365//2944
f 2302//2945 2309//2945 2241//2945
f 2253//2946 2302//2946 2241//2946
f 2295//2947 2302//2947 2253//2947
f 2287//2948 2295//2948 2253//2948
f 2280//2949 2287//2949 2253//2949
f 2274//2950 2280//2950 2253//2950
f 2//2951 19//2951 13//2951
f 16//2952 2//2952 13//2952
f 1//2953 2//2953 16//2953
f 22//2954 1//2954 16//2954
f 30//2955 1//2955 22//2955
f 1//2956 30//2956 36//2956
f 44//2957 1//2957 36//2957
f 53//2958 1//2958 44//2958
f 112//2959 1//2959 53//2959
f 60//2960 112//2960 53//2960
f 103//2961 112//2961 60//2961
f 67//2962 103//2962 60//2962
f 75//2963 103//2963 67//2963
f 103//2964 75//2964 82//2964
f 88//2965 103//2965 82//2965
f 94//2966 103//2966 88//2966
f 104//2967 103//2967 94//2967
f 91//2968 104//2968 94//2968
f 85//2969 104//2969 91//2969
f 104//2970 85//2970 78//2970
f 70//2971 104//2971 78//2971
f 63//2972 104//2972 70//2972
f 113//2973 104//2973 63//2973
f 56//2974 113//2974 63//2974
f 2//2975 113//2975 56//2975
f 47//2976 2//2976 56//2976
f 39//2977 2//2977 47//2977
f 2//2978 39//2978 33//2978
f 25//2979 2//2979 33//2979
f 19//2980 2//2980 25//2980
f 2270//2981 2325//2981 2366//2981
f 2242//2982 2270//2982 2366//2982
f 2261//2983 2270//2983 2242//2983
f 2011//2984 2261//2984 2242//2984
f 2235//2985 2261//2985 2011//2985
f 2209//2986 2235//2986 2011//2986
f 1597//2987 2209//2987 2011//2987
f 2185//2988 2209//2988 1597//2988
f 1779//2989 2185//2989 1597//2989
f 1885//2990 2185//2990 1779//2990
f 2241//2991 2365//2991 2189//2991
f 2190//2992 2241//2992 2189//2992
f 2011//2993 2242//2993 2010//2993
f 2011//2994 223//2994 1098//2994
f 1196//2995 2011//2995 1098//2995
f 1251//2996 2011//2996 1196//2996
f 223//2997 222//2997 113//2997
f 42//2998 223//2998 113//2998
f 1098//2999 223//2999 42//2999
f 112//3000 141//3000 140//3000
f 1//3001 112//3001 140//3001
f 113//3002 2//3002 42//3002
f 2011//3003 1251//3003 1396//3003
f 1597//3004 2011//3004 1396//3004
f 2156//3005 2185//3005 1885//3005
f 1982//3006 2156//3006 1885//3006
f 2052//3007 2156//3007 1982//3007
f 2156//3008 2052//3008 2129//3008
f 2363//3009 2365//3009 2366//3009
f 2364//3010 2363//3010 2366//3010
f 2361//3011 2363//3011 2364//3011
f 2362//3012 2361//3012 2364//3012
f 2359//3013 2361//3013 2362//3013
f 2360//3014 2359//3014 2362//3014
f 2357//3015 2359//3015 2360//3015
f 2358//3016 2357//3016 2360//3016
f 2355//3017 2357//3017 2358//3017
f 2356//3018 2355//3018 2358//3018
f 2338//3019 2355//3019 2356//3019
f 2339//3020 2338//3020 2356//3020
f 2315//3021 2338//3021 2339//3021
f 2316//3022 2315//3022 2339//3022
f 2293//3023 2315//3023 2316//3023
f 2294//3024 2293//3024 2316//3024
f 2265//3025 2293//3025 2294//3025
f 2266//3026 2265//3026 2294//3026
f 2258//3027 2265//3027 2266//3027
f 2259//3028 2258//3028 2266//3028
f 2239//3029 2258//3029 2259//3029
f 2240//3030 2239//3030 2259//3030
f 2213//3031 2239//3031 2240//3031
f 2214//3032 2213//3032 2240//3032
f 2183//3033 2213//3033 2214//3033
f 2184//3034 2183//3034 2214//3034
f 2146//3035 2183//3035 2184//3035
f 2147//3036 2146//3036 2184//3036
f 2116//3037 2146//3037 2147//3037
f 2117//3038 2116//3038 2147//3038
f 2090//3039 2116//3039 2117//3039
f 2091//3040 2090//3040 2117//3040
f 2049//3041 2090//3041 2091//3041
f 2050//3042 2049//3042 2091//3042
f 2002//3043 2049//3043 2050//3043
f 2003//3044 2002//3044 2050//3044
f 1947//3045 2002//3045 2003//3045
f 1948//3046 1947//3046 2003//3046
f 1852//3047 1947//3047 1948//3047
f 1853//3048 1852//3048 1948//3048
f 1783//3049 1852//3049 1853//3049
f 1784//3050 1783//3050 1853//3050
f 1640//3051 1783//3051 1784//3051
f 1641//3052 1640//3052 1784//3052
f 1496//3053 1640//3053 1641//3053
f 1497//3054 1496//3054 1641//3054
f 1305//3055 1496//3055 1497//3055
f 1306//3056 1305//3056 1497//3056
f 1234//3057 1305//3057 1306//3057
f 1235//3058 1234//3058 1306//3058
f 1194//3059 1234//3059 1235//3059
f 1195//3060 1194//3060 1235//3060
f 1110//3061 1194//3061 1195//3061
f 1111//3062 1110//3062 1195//3062
f 1022//3063 1110//3063 1111//3063
f 1026//3064 1022//3064 1111//3064
f 947//3065 1022//3065 1026//3065
f 948//3066 947//3066 1026//3066
f 876//3067 947//3067 948//3067
f 877//3068 876//3068 948//3068
f 823//3069 876//3069 877//3069
f 824//3070 823//3070 877//3070
f 766//3071 823//3071 824//3071
f 767//3072 766//3072 824//3072
f 577//3073 766//3073 767//3073
f 578//3074 577//3074 767//3074
f 434//3075 577//3075 578//3075
f 435//3076 434//3076 578//3076
f 313//3077 434//3077 435//3077
f 314//3078 313//3078 435//3078
f 293//3079 313//3079 314//3079
f 294//3080 293//3080 314//3080
f 256//3081 293//3081 294//3081
f 257//3082 256//3082 294//3082
f 228//3083 256//3083 257//3083
f 229//3084 228//3084 257//3084
f 207//3085 228//3085 229//3085
f 208//3086 207//3086 229//3086
f 188//3087 207//3087 208//3087
f 189//3088 188//3088 208//3088
f 175//3089 188//3089 189//3089
f 176//3090 175//3090 189//3090
f 164//3091 175//3091 176//3091
f 165//3092 164//3092 176//3092
f 145//3093 164//3093 165//3093
f 146//3094 145//3094 165//3094
f 129//3095 145//3095 146//3095
f 130//3096 129//3096 146//3096
f 114//3097 129//3097 130//3097
f 115//3098 114//3098 130//3098
f 101//3099 114//3099 115//3099
f 102//3100 101//3100 115//3100
f 98//3101 101//3101 102//3101
f 99//3102 98//3102 102//3102
f 73//3103 98//3103 99//3103
f 74//3104 73//3104 99//3104
f 51//3105 73//3105 74//3105
f 52//3106 51//3106 74//3106
f 28//3107 51//3107 52//3107
f 29//3108 28//3108 52//3108
f 11//3109 28//3109 29//3109
f 12//3110 11//3110 29//3110
f 9//3111 11//3111 12//3111
f 10//3112 9//3112 12//3112
f 7//3113 9//3113 10//3113
f 8//3114 7//3114 10//3114
f 5//3115 7//3115 8//3115
f 6//3116 5//3116 8//3116
f 3//3117 5//3117 6//3117
f 4//3118 3//3118 6//3118
f 1//3119 3//3119 4//3119
f 2//3120 1//3120 4//3120
f 779//3121 791//3121 1268//3121
f 1297//3122 779//3122 1268//3122
f 1032//3123 779//3123 1297//3123
f 1346//3124 1032//3124 1297//3124
f 1033//3125 1032//3125 1346//3125
f 1386//3126 1033//3126 1346//3126
f 1432//3127 1033//3127 1386//3127
f 1034//3128 1033//3128 1432//3128
f 1479//3129 1034//3129 1432//3129
f 1515//3130 1034//3130 1479//3130
f 1035//3131 1034//3131 1515//3131
f 1545//3132 1035//3132 1515//3132
f 1036//3133 1035//3133 1545//3133
f 1573//3134 1036//3134 1545//3134
f 1037//3135 1036//3135 1573//3135
f 1596//3136 1037//3136 1573//3136
f 1621//3137 1037//3137 1596//3137
f 1038//3138 1037//3138 1621//3138
f 1630//3139 1038//3139 1621//3139
f 1039//3140 1038//3140 1630//3140
f 1643//3141 1039//3141 1630//3141
f 1040//3142 1039//3142 1643//3142
f 1651//3143 1040//3143 1643//3143
f 1041//3144 1040//3144 1651//3144
f 1658//3145 1041//3145 1651//3145
f 1042//3146 1041//3146 1658//3146
f 1662//3147 1042//3147 1658//3147
f 414//3148 1042//3148 1662//3148
f 1661//3149 414//3149 1662//3149
f 1042//3150 414//3150 413//3150
f 420//3151 1042//3151 413//3151
f 1041//3152 1042//3152 420//3152
f 427//3153 1041//3153 420//3153
f 1040//3154 1041//3154 427//3154
f 437//3155 1040//3155 427//3155
f 1039//3156 1040//3156 437//3156
f 455//3157 1039//3157 437//3157
f 1038//3158 1039//3158 455//3158
f 460//3159 1038//3159 455//3159
f 1037//3160 1038//3160 460//3160
f 479//3161 1037//3161 460//3161
f 498//3162 1037//3162 479//3162
f 1036//3163 1037//3163 498//3163
f 522//3164 1036//3164 498//3164
f 1035//3165 1036//3165 522//3165
f 556//3166 1035//3166 522//3166
f 1034//3167 1035//3167 556//3167
f 605//3168 1034//3168 556//3168
f 645//3169 1034//3169 605//3169
f 1033//3170 1034//3170 645//3170
f 693//3171 1033//3171 645//3171
f 743//3172 1033//3172 693//3172
f 1032//3173 1033//3173 743//3173
f 779//3174 1032//3174 743//3174
f 285//3175 283//3175 418//3175
f 419//3176 285//3176 418//3176
f 285//3177 419//3177 416//3177
f 281//3178 285//3178 416//3178
f 287//3179 281//3179 416//3179
f 428//3180 287//3180 416//3180
f 289//3181 287//3181 428//3181
f 454//3182 289//3182 428//3182
f 296//3183 289//3183 454//3183
f 467//3184 296//3184 454//3184
f 304//3185 296//3185 467//3185
f 494//3186 304//3186 467//3186
f 307//3187 304//3187 494//3187
f 533//3188 307//3188 494//3188
f 316//3189 307//3189 533//3189
f 595//3190 316//3190 533//3190
f 350//3191 316//3191 595//3191
f 408//3192 350//3192 595//3192
f 672//3193 408//3193 595//3193
f 474//3194 408//3194 672//3194
f 751//3195 474//3195 672//3195
f 549//3196 474//3196 751//3196
f 792//3197 549//3197 751//3197
f 660//3198 549//3198 792//3198
f 812//3199 660//3199 792//3199
f 763//3200 660//3200 812//3200
f 836//3201 763//3201 812//3201
f 807//3202 763//3202 836//3202
f 860//3203 807//3203 836//3203
f 828//3204 807//3204 860//3204
f 904//3205 828//3205 860//3205
f 859//3206 828//3206 904//3206
f 906//3207 859//3207 904//3207
f 946//3208 906//3208 904//3208
f 960//3209 906//3209 946//3209
f 975//3210 960//3210 946//3210
f 1002//3211 960//3211 975//3211
f 1047//3212 1002//3212 975//3212
f 1085//3213 1002//3213 1047//3213
f 1086//3214 1085//3214 1047//3214
f 1120//3215 1085//3215 1086//3215
f 1136//3216 1120//3216 1086//3216
f 1170//3217 1120//3217 1136//3217
f 1185//3218 1170//3218 1136//3218
f 1215//3219 1170//3219 1185//3219
f 1242//3220 1215//3220 1185//3220
f 1211//3221 1242//3221 1185//3221
f 1270//3222 1242//3222 1211//3222
f 1232//3223 1270//3223 1211//3223
f 1368//3224 1270//3224 1232//3224
f 1254//3225 1368//3225 1232//3225
f 1470//3226 1368//3226 1254//3226
f 1295//3227 1470//3227 1254//3227
f 1562//3228 1470//3228 1295//3228
f 1371//3229 1562//3229 1295//3229
f 1629//3230 1562//3230 1371//3230
f 1438//3231 1629//3231 1371//3231
f 1698//3232 1629//3232 1438//3232
f 1511//3233 1698//3233 1438//3233
f 1766//3234 1698//3234 1511//3234
f 1792//3235 1766//3235 1511//3235
f 1555//3236 1792//3236 1511//3236
f 1814//3237 1792//3237 1555//3237
f 1591//3238 1814//3238 1555//3238
f 1834//3239 1814//3239 1591//3239
f 1622//3240 1834//3240 1591//3240
f 1849//3241 1834//3241 1622//3241
f 1638//3242 1849//3242 1622//3242
f 1863//3243 1849//3243 1638//3243
f 1654//3244 1863//3244 1638//3244
f 1867//3245 1863//3245 1654//3245
f 1660//3246 1867//3246 1654//3246
f 1877//3247 1867//3247 1660//3247
f 1877//3248 1660//3248 1790//3248
f 1829//3249 1877//3249 1790//3249
f 1871//3250 1877//3250 1829//3250
f 1660//3251 1659//3251 1740//3251
f 1790//3252 1660//3252 1740//3252
f 196//3253 187//3253 194//3253
f 197//3254 196//3254 194//3254
f 206//3255 196//3255 197//3255
f 209//3256 206//3256 197//3256
f 210//3257 206//3257 209//3257
f 217//3258 206//3258 210//3258
f 218//3259 217//3259 210//3259
f 221//3260 217//3260 218//3260
f 225//3261 217//3261 221//3261
f 234//3262 225//3262 221//3262
f 244//3263 225//3263 234//3263
f 240//3264 225//3264 244//3264
f 251//3265 240//3265 244//3265
f 260//3266 240//3266 251//3266
f 240//3267 260//3267 267//3267
f 250//3268 240//3268 267//3268
f 277//3269 250//3269 267//3269
f 292//3270 250//3270 277//3270
f 250//3271 292//3271 300//3271
f 259//3272 250//3272 300//3272
f 309//3273 259//3273 300//3273
f 318//3274 259//3274 309//3274
f 259//3275 318//3275 353//3275
f 266//3276 259//3276 353//3276
f 404//3277 266//3277 353//3277
f 463//3278 266//3278 404//3278
f 266//3279 463//3279 490//3279
f 519//3280 266//3280 490//3280
f 558//3281 266//3281 519//3281
f 556//3282 266//3282 558//3282
f 615//3283 556//3283 558//3283
f 666//3284 556//3284 615//3284
f 605//3285 556//3285 666//3285
f 727//3286 605//3286 666//3286
f 645//3287 605//3287 727//3287
f 693//3288 645//3288 727//3288
f 743//3289 693//3289 727//3289
f 771//3290 743//3290 727//3290
f 779//3291 743//3291 771//3291
f 791//3292 779//3292 771//3292
f 266//3293 556//3293 522//3293
f 272//3294 266//3294 522//3294
f 498//3295 272//3295 522//3295
f 479//3296 272//3296 498//3296
f 272//3297 479//3297 460//3297
f 455//3298 272//3298 460//3298
f 276//3299 272//3299 455//3299
f 437//3300 276//3300 455//3300
f 427//3301 276//3301 437//3301
f 276//3302 427//3302 420//3302
f 279//3303 276//3303 420//3303
f 413//3304 279//3304 420//3304
f 414//3305 279//3305 413//3305
f 283//3306 279//3306 414//3306
f 415//3307 283//3307 414//3307
f 417//3308 283//3308 415//3308
f 283//3309 417//3309 418//3309
f 1798//3310 1837//3310 1818//3310
f 1809//3311 1798//3311 1818//3311
f 1802//3312 1798//3312 1809//3312
f 1838//3313 1802//3313 1809//3313
f 1827//3314 1802//3314 1838//3314
f 1860//3315 1827//3315 1838//3315
f 1851//3316 1827//3316 1860//3316
f 1901//3317 1851//3317 1860//3317
f 1884//3318 1851//3318 1901//3318
f 1929//3319 1884//3319 1901//3319
f 1917//3320 1884//3320 1929//3320
f 1935//3321 1917//3321 1929//3321
f 1910//3322 1917//3322 1935//3322
f 1899//3323 1910//3323 1935//3323
f 1858//3324 1910//3324 1899//3324
f 1850//3325 1858//3325 1899//3325
f 1826//3326 1858//3326 1850//3326
f 1820//3327 1826//3327 1850//3327
f 1801//3328 1826//3328 1820//3328
f 1793//3329 1801//3329 1820//3329
f 1752//3330 1801//3330 1793//3330
f 1741//3331 1752//3331 1793//3331
f 1667//3332 1752//3332 1741//3332
f 1657//3333 1667//3333 1741//3333
f 1643//3334 1667//3334 1657//3334
f 1651//3335 1643//3335 1657//3335
f 1722//3336 1651//3336 1657//3336
f 1713//3337 1651//3337 1722//3337
f 1781//3338 1713//3338 1722//3338
f 1778//3339 1713//3339 1781//3339
f 1805//3340 1778//3340 1781//3340
f 1803//3341 1778//3341 1805//3341
f 1825//3342 1803//3342 1805//3342
f 1822//3343 1803//3343 1825//3343
f 1854//3344 1822//3344 1825//3344
f 1846//3345 1822//3345 1854//3345
f 1892//3346 1846//3346 1854//3346
f 1844//3347 1846//3347 1892//3347
f 1882//3348 1844//3348 1892//3348
f 1843//3349 1844//3349 1882//3349
f 1842//3350 1843//3350 1882//3350
f 1816//3351 1843//3351 1842//3351
f 1829//3352 1816//3352 1842//3352
f 1790//3353 1816//3353 1829//3353
f 1837//3354 1902//3354 1861//3354
f 1847//3355 1837//3355 1861//3355
f 1818//3356 1837//3356 1847//3356
f 1809//3357 1818//3357 1847//3357
f 1902//3358 1946//3358 1928//3358
f 1916//3359 1902//3359 1928//3359
f 1861//3360 1902//3360 1916//3360
f 1898//3361 1861//3361 1916//3361
f 1847//3362 1861//3362 1898//3362
f 1870//3363 1847//3363 1898//3363
f 1838//3364 1847//3364 1870//3364
f 1860//3365 1838//3365 1870//3365
f 1946//3366 1975//3366 1962//3366
f 1952//3367 1946//3367 1962//3367
f 1928//3368 1946//3368 1952//3368
f 1945//3369 1928//3369 1952//3369
f 1916//3370 1928//3370 1945//3370
f 1933//3371 1916//3371 1945//3371
f 1898//3372 1916//3372 1933//3372
f 1925//3373 1898//3373 1933//3373
f 1870//3374 1898//3374 1925//3374
f 1915//3375 1870//3375 1925//3375
f 1860//3376 1870//3376 1915//3376
f 1901//3377 1860//3377 1915//3377
f 1975//3378 2007//3378 1994//3378
f 1988//3379 1975//3379 1994//3379
f 1978//3380 1975//3380 1988//3380
f 1989//3381 1978//3381 1988//3381
f 1974//3382 1978//3382 1989//3382
f 1976//3383 1974//3383 1989//3383
f 1965//3384 1974//3384 1976//3384
f 1959//3385 1965//3385 1976//3385
f 1945//3386 1965//3386 1959//3386
f 1933//3387 1945//3387 1959//3387
f 2007//3388 2035//3388 2012//3388
f 2014//3389 2007//3389 2012//3389
f 1994//3390 2007//3390 2014//3390
f 1988//3391 1994//3391 2014//3391
f 2035//3392 2047//3392 2042//3392
f 2025//3393 2035//3393 2042//3393
f 2012//3394 2035//3394 2025//3394
f 2014//3395 2012//3395 2025//3395
f 2057//3396 2042//3396 2047//3396
f 2061//3397 2057//3397 2047//3397
f 2072//3398 2057//3398 2061//3398
f 2074//3399 2072//3399 2061//3399
f 2084//3400 2072//3400 2074//3400
f 1988//3401 2014//3401 1989//3401
f 1959//3402 1976//3402 1963//3402
f 1950//3403 1959//3403 1963//3403
f 1933//3404 1959//3404 1950//3404
f 1925//3405 1933//3405 1950//3405
f 1944//3406 1950//3406 1963//3406
f 1949//3407 1944//3407 1963//3407
f 1934//3408 1944//3408 1949//3408
f 1929//3409 1934//3409 1949//3409
f 1901//3410 1934//3410 1929//3410
f 1929//3411 1949//3411 1935//3411
f 1899//3412 1935//3412 1927//3412
f 1890//3413 1899//3413 1927//3413
f 1850//3414 1899//3414 1890//3414
f 1841//3415 1850//3415 1890//3415
f 1820//3416 1850//3416 1841//3416
f 1815//3417 1820//3417 1841//3417
f 1793//3418 1820//3418 1815//3418
f 1788//3419 1793//3419 1815//3419
f 1741//3420 1793//3420 1788//3420
f 1729//3421 1741//3421 1788//3421
f 1657//3422 1741//3422 1729//3422
f 1722//3423 1657//3423 1729//3423
f 1869//3424 1890//3424 1927//3424
f 1914//3425 1869//3425 1927//3425
f 1864//3426 1869//3426 1914//3426
f 1859//3427 1864//3427 1914//3427
f 1835//3428 1864//3428 1859//3428
f 1832//3429 1835//3429 1859//3429
f 1808//3430 1835//3430 1832//3430
f 1805//3431 1808//3431 1832//3431
f 1781//3432 1808//3432 1805//3432
f 1859//3433 1914//3433 1903//3433
f 1855//3434 1859//3434 1903//3434
f 1832//3435 1859//3435 1855//3435
f 1825//3436 1832//3436 1855//3436
f 1805//3437 1832//3437 1825//3437
f 1854//3438 1855//3438 1903//3438
f 1892//3439 1854//3439 1903//3439
f 1842//3440 1882//3440 1871//3440
f 1829//3441 1842//3441 1871//3441
f 1790//3442 1740//3442 1774//3442
f 1796//3443 1790//3443 1774//3443
f 1816//3444 1790//3444 1796//3444
f 1817//3445 1816//3445 1796//3445
f 1843//3446 1816//3446 1817//3446
f 1844//3447 1843//3447 1817//3447
f 1696//3448 1774//3448 1740//3448
f 1659//3449 1696//3449 1740//3449
f 1661//3450 1696//3450 1659//3450
f 1701//3451 1696//3451 1661//3451
f 1662//3452 1701//3452 1661//3452
f 1707//3453 1701//3453 1662//3453
f 1658//3454 1707//3454 1662//3454
f 1713//3455 1707//3455 1658//3455
f 1651//3456 1713//3456 1658//3456
f 1667//3457 1643//3457 1630//3457
f 1621//3458 1667//3458 1630//3458
f 1680//3459 1667//3459 1621//3459
f 1618//3460 1680//3460 1621//3460
f 1695//3461 1680//3461 1618//3461
f 1627//3462 1695//3462 1618//3462
f 1716//3463 1695//3463 1627//3463
f 1647//3464 1716//3464 1627//3464
f 1736//3465 1716//3465 1647//3465
f 1666//3466 1736//3466 1647//3466
f 1753//3467 1736//3467 1666//3467
f 1687//3468 1753//3468 1666//3468
f 1737//3469 1753//3469 1687//3469
f 1637//3470 1737//3470 1687//3470
f 1666//3471 1637//3471 1687//3471
f 1600//3472 1637//3472 1666//3472
f 1586//3473 1600//3473 1666//3473
f 1544//3474 1600//3474 1586//3474
f 1520//3475 1544//3475 1586//3475
f 1429//3476 1544//3476 1520//3476
f 1479//3477 1429//3477 1520//3477
f 1432//3478 1429//3478 1479//3478
f 1618//3479 1621//3479 1596//3479
f 1627//3480 1618//3480 1596//3480
f 1627//3481 1596//3481 1573//3481
f 1545//3482 1627//3482 1573//3482
f 1647//3483 1627//3483 1545//3483
f 1586//3484 1647//3484 1545//3484
f 1666//3485 1647//3485 1586//3485
f 1586//3486 1545//3486 1515//3486
f 1479//3487 1586//3487 1515//3487
f 1520//3488 1586//3488 1479//3488
f 1429//3489 1432//3489 1386//3489
f 1338//3490 1429//3490 1386//3490
f 1346//3491 1338//3491 1386//3491
f 1297//3492 1338//3492 1346//3492
f 1338//3493 1297//3493 1268//3493
f 1600//3494 1544//3494 1637//3494
f 1773//3495 1753//3495 1737//3495
f 1798//3496 1773//3496 1737//3496
f 1802//3497 1773//3497 1798//3497
f 1915//3498 1934//3498 1901//3498
f 1847//3499 1838//3499 1809//3499
f 1915//3500 1944//3500 1934//3500
f 1925//3501 1944//3501 1915//3501
f 1925//3502 1950//3502 1944//3502
f 1952//3503 1965//3503 1945//3503
f 1974//3504 1965//3504 1952//3504
f 1962//3505 1974//3505 1952//3505
f 1978//3506 1974//3506 1962//3506
f 1975//3507 1978//3507 1962//3507
f 1865//3508 1884//3508 1917//3508
f 1910//3509 1865//3509 1917//3509
f 1858//3510 1865//3510 1910//3510
f 1840//3511 1851//3511 1884//3511
f 1865//3512 1840//3512 1884//3512
f 1836//3513 1840//3513 1865//3513
f 1858//3514 1836//3514 1865//3514
f 1826//3515 1836//3515 1858//3515
f 1819//3516 1827//3516 1851//3516
f 1840//3517 1819//3517 1851//3517
f 1812//3518 1819//3518 1840//3518
f 1836//3519 1812//3519 1840//3519
f 1807//3520 1812//3520 1836//3520
f 1826//3521 1807//3521 1836//3521
f 1801//3522 1807//3522 1826//3522
f 1789//3523 1802//3523 1827//3523
f 1819//3524 1789//3524 1827//3524
f 1785//3525 1789//3525 1819//3525
f 1812//3526 1785//3526 1819//3526
f 1777//3527 1785//3527 1812//3527
f 1807//3528 1777//3528 1812//3528
f 1767//3529 1777//3529 1807//3529
f 1801//3530 1767//3530 1807//3530
f 1752//3531 1767//3531 1801//3531
f 1753//3532 1773//3532 1802//3532
f 1789//3533 1753//3533 1802//3533
f 1736//3534 1753//3534 1789//3534
f 1785//3535 1736//3535 1789//3535
f 1716//3536 1736//3536 1785//3536
f 1777//3537 1716//3537 1785//3537
f 1695//3538 1716//3538 1777//3538
f 1767//3539 1695//3539 1777//3539
f 1680//3540 1695//3540 1767//3540
f 1752//3541 1680//3541 1767//3541
f 1667//3542 1680//3542 1752//3542
f 1869//3543 1864//3543 1839//3543
f 1841//3544 1869//3544 1839//3544
f 1890//3545 1869//3545 1841//3545
f 1815//3546 1841//3546 1839//3546
f 1810//3547 1815//3547 1839//3547
f 1788//3548 1815//3548 1810//3548
f 1786//3549 1788//3549 1810//3549
f 1729//3550 1788//3550 1786//3550
f 1722//3551 1729//3551 1786//3551
f 1835//3552 1810//3552 1839//3552
f 1864//3553 1835//3553 1839//3553
f 1808//3554 1810//3554 1835//3554
f 1855//3555 1854//3555 1825//3555
f 1786//3556 1810//3556 1808//3556
f 1781//3557 1786//3557 1808//3557
f 1722//3558 1786//3558 1781//3558
f 1821//3559 1822//3559 1846//3559
f 1844//3560 1821//3560 1846//3560
f 1817//3561 1821//3561 1844//3561
f 1799//3562 1803//3562 1822//3562
f 1821//3563 1799//3563 1822//3563
f 1797//3564 1799//3564 1821//3564
f 1817//3565 1797//3565 1821//3565
f 1796//3566 1797//3566 1817//3566
f 1778//3567 1707//3567 1713//3567
f 1776//3568 1778//3568 1803//3568
f 1799//3569 1776//3569 1803//3569
f 1775//3570 1776//3570 1799//3570
f 1797//3571 1775//3571 1799//3571
f 1774//3572 1775//3572 1797//3572
f 1796//3573 1774//3573 1797//3573
f 1776//3574 1775//3574 1701//3574
f 1707//3575 1776//3575 1701//3575
f 1778//3576 1776//3576 1707//3576
f 1775//3577 1774//3577 1696//3577
f 1701//3578 1775//3578 1696//3578
f 1147//3579 1141//3579 1660//3579
f 1654//3580 1147//3580 1660//3580
f 1143//3581 1147//3581 1654//3581
f 1638//3582 1143//3582 1654//3582
f 1622//3583 1143//3583 1638//3583
f 1660//3584 1141//3584 1132//3584
f 1115//3585 1660//3585 1132//3585
f 1659//3586 1660//3586 1115//3586
f 1105//3587 1659//3587 1115//3587
f 1089//3588 1659//3588 1105//3588
f 1659//3589 1089//3589 1080//3589
f 1053//3590 1659//3590 1080//3590
f 1661//3591 1659//3591 1053//3591
f 1017//3592 1661//3592 1053//3592
f 414//3593 1661//3593 1017//3593
f 977//3594 414//3594 1017//3594
f 415//3595 414//3595 977//3595
f 417//3596 415//3596 977//3596
f 418//3597 417//3597 977//3597
f 969//3598 418//3598 977//3598
f 956//3599 418//3599 969//3599
f 418//3600 956//3600 943//3600
f 419//3601 418//3601 943//3601
f 931//3602 419//3602 943//3602
f 919//3603 419//3603 931//3603
f 419//3604 919//3604 912//3604
f 416//3605 419//3605 912//3605
f 914//3606 416//3606 912//3606
f 428//3607 416//3607 914//3607
f 454//3608 428//3608 914//3608
f 921//3609 454//3609 914//3609
f 467//3610 454//3610 921//3610
f 494//3611 467//3611 921//3611
f 933//3612 494//3612 921//3612
f 533//3613 494//3613 933//3613
f 595//3614 533//3614 933//3614
f 945//3615 595//3615 933//3615
f 672//3616 595//3616 945//3616
f 751//3617 672//3617 945//3617
f 958//3618 751//3618 945//3618
f 792//3619 751//3619 958//3619
f 812//3620 792//3620 958//3620
f 971//3621 812//3621 958//3621
f 836//3622 812//3622 971//3622
f 860//3623 836//3623 971//3623
f 979//3624 860//3624 971//3624
f 904//3625 860//3625 979//3625
f 946//3626 904//3626 979//3626
f 1019//3627 946//3627 979//3627
f 975//3628 946//3628 1019//3628
f 1047//3629 975//3629 1019//3629
f 1055//3630 1047//3630 1019//3630
f 1086//3631 1047//3631 1055//3631
f 1136//3632 1086//3632 1055//3632
f 1082//3633 1136//3633 1055//3633
f 1185//3634 1136//3634 1082//3634
f 1211//3635 1185//3635 1082//3635
f 1232//3636 1211//3636 1082//3636
f 1091//3637 1232//3637 1082//3637
f 1254//3638 1232//3638 1091//3638
f 1295//3639 1254//3639 1091//3639
f 1107//3640 1295//3640 1091//3640
f 1371//3641 1295//3641 1107//3641
f 1438//3642 1371//3642 1107//3642
f 1117//3643 1438//3643 1107//3643
f 1511//3644 1438//3644 1117//3644
f 1555//3645 1511//3645 1117//3645
f 1134//3646 1555//3646 1117//3646
f 1591//3647 1555//3647 1134//3647
f 1622//3648 1591//3648 1134//3648
f 1143//3649 1622//3649 1134//3649
f 1544//3650 1429//3650 1579//3650
f 1712//3651 1544//3651 1579//3651
f 1637//3652 1544//3652 1712//3652
f 1730//3653 1637//3653 1712//3653
f 1737//3654 1637//3654 1730//3654
f 1800//3655 1737//3655 1730//3655
f 1798//3656 1737//3656 1800//3656
f 1845//3657 1798//3657 1800//3657
f 1837//3658 1798//3658 1845//3658
f 1922//3659 1837//3659 1845//3659
f 1902//3660 1837//3660 1922//3660
f 1964//3661 1902//3661 1922//3661
f 1946//3662 1902//3662 1964//3662
f 1975//3663 1946//3663 1964//3663
f 1998//3664 1975//3664 1964//3664
f 2007//3665 1975//3665 1998//3665
f 2034//3666 2007//3666 1998//3666
f 2035//3667 2007//3667 2034//3667
f 2047//3668 2035//3668 2034//3668
f 2077//3669 2047//3669 2034//3669
f 2061//3670 2047//3670 2077//3670
f 2084//3671 2061//3671 2077//3671
f 2074//3672 2061//3672 2084//3672
f 1730//3673 1712//3673 1806//3673
f 1800//3674 1730//3674 1806//3674
f 1800//3675 1806//3675 1868//3675
f 1845//3676 1800//3676 1868//3676
f 1922//3677 1845//3677 1868//3677
f 1954//3678 1922//3678 1868//3678
f 1964//3679 1922//3679 1954//3679
f 1999//3680 1964//3680 1954//3680
f 1998//3681 1964//3681 1999//3681
f 2043//3682 1998//3682 1999//3682
f 2034//3683 1998//3683 2043//3683
f 2077//3684 2034//3684 2043//3684
f 2084//3685 2077//3685 2101//3685
f 2082//3686 2084//3686 2101//3686
f 2079//3687 2084//3687 2082//3687
f 2076//3688 2079//3688 2082//3688
f 2073//3689 2076//3689 2082//3689
f 2069//3690 2073//3690 2082//3690
f 2102//3691 2069//3691 2082//3691
f 2083//3692 2069//3692 2102//3692
f 2100//3693 2083//3693 2102//3693
f 2081//3694 2083//3694 2100//3694
f 2097//3695 2081//3695 2100//3695
f 2078//3696 2081//3696 2097//3696
f 2095//3697 2078//3697 2097//3697
f 2071//3698 2078//3698 2095//3698
f 2085//3699 2071//3699 2095//3699
f 2053//3700 2071//3700 2085//3700
f 2075//3701 2053//3701 2085//3701
f 2096//3702 2075//3702 2085//3702
f 2106//3703 2075//3703 2096//3703
f 2114//3704 2106//3704 2096//3704
f 2128//3705 2106//3705 2114//3705
f 2141//3706 2128//3706 2114//3706
f 2152//3707 2128//3707 2141//3707
f 2165//3708 2152//3708 2141//3708
f 2178//3709 2152//3709 2165//3709
f 2192//3710 2178//3710 2165//3710
f 2203//3711 2178//3711 2192//3711
f 2218//3712 2203//3712 2192//3712
f 2231//3713 2203//3713 2218//3713
f 2102//3714 2082//3714 2101//3714
f 2125//3715 2102//3715 2101//3715
f 2119//3716 2102//3716 2125//3716
f 2151//3717 2119//3717 2125//3717
f 2140//3718 2119//3718 2151//3718
f 2177//3719 2140//3719 2151//3719
f 2160//3720 2140//3720 2177//3720
f 2200//3721 2160//3721 2177//3721
f 2170//3722 2160//3722 2200//3722
f 2192//3723 2170//3723 2200//3723
f 2165//3724 2170//3724 2192//3724
f 2192//3725 2200//3725 2218//3725
f 2215//3726 2203//3726 2231//3726
f 2246//3727 2215//3727 2231//3727
f 2225//3728 2215//3728 2246//3728
f 2257//3729 2225//3729 2246//3729
f 2238//3730 2225//3730 2257//3730
f 2263//3731 2238//3731 2257//3731
f 2245//3732 2238//3732 2263//3732
f 2249//3733 2245//3733 2263//3733
f 2222//3734 2245//3734 2249//3734
f 2226//3735 2222//3735 2249//3735
f 2202//3736 2222//3736 2226//3736
f 2206//3737 2202//3737 2226//3737
f 2181//3738 2202//3738 2206//3738
f 2182//3739 2181//3739 2206//3739
f 2153//3740 2181//3740 2182//3740
f 2185//3741 2153//3741 2182//3741
f 2156//3742 2153//3742 2185//3742
f 2249//3743 2263//3743 2264//3743
f 2255//3744 2249//3744 2264//3744
f 2226//3745 2249//3745 2255//3745
f 2230//3746 2226//3746 2255//3746
f 2206//3747 2226//3747 2230//3747
f 2207//3748 2206//3748 2230//3748
f 2182//3749 2206//3749 2207//3749
f 2209//3750 2182//3750 2207//3750
f 2185//3751 2182//3751 2209//3751
f 2255//3752 2264//3752 2268//3752
f 2256//3753 2255//3753 2268//3753
f 2230//3754 2255//3754 2256//3754
f 2234//3755 2230//3755 2256//3755
f 2207//3756 2230//3756 2234//3756
f 2235//3757 2207//3757 2234//3757
f 2209//3758 2207//3758 2235//3758
f 2256//3759 2268//3759 2269//3759
f 2260//3760 2256//3760 2269//3760
f 2234//3761 2256//3761 2260//3761
f 2261//3762 2234//3762 2260//3762
f 2235//3763 2234//3763 2261//3763
f 2260//3764 2269//3764 2270//3764
f 2261//3765 2260//3765 2270//3765
f 2153//3766 2156//3766 2129//3766
f 2127//3767 2153//3767 2129//3767
f 2150//3768 2153//3768 2127//3768
f 2123//3769 2150//3769 2127//3769
f 2144//3770 2150//3770 2123//3770
f 2118//3771 2144//3771 2123//3771
f 2142//3772 2144//3772 2118//3772
f 2138//3773 2142//3773 2118//3773
f 2166//3774 2142//3774 2138//3774
f 2161//3775 2166//3775 2138//3775
f 2191//3776 2166//3776 2161//3776
f 2171//3777 2191//3777 2161//3777
f 2201//3778 2191//3778 2171//3778
f 2193//3779 2201//3779 2171//3779
f 2215//3780 2201//3780 2193//3780
f 2203//3781 2215//3781 2193//3781
f 2138//3782 2118//3782 2109//3782
f 2132//3783 2138//3783 2109//3783
f 2161//3784 2138//3784 2132//3784
f 2143//3785 2161//3785 2132//3785
f 2171//3786 2161//3786 2143//3786
f 2164//3787 2171//3787 2143//3787
f 2193//3788 2171//3788 2164//3788
f 2178//3789 2193//3789 2164//3789
f 2203//3790 2193//3790 2178//3790
f 2132//3791 2109//3791 2099//3791
f 2122//3792 2132//3792 2099//3792
f 2143//3793 2132//3793 2122//3793
f 2139//3794 2143//3794 2122//3794
f 2164//3795 2143//3795 2139//3795
f 2152//3796 2164//3796 2139//3796
f 2178//3797 2164//3797 2152//3797
f 2113//3798 2122//3798 2099//3798
f 2092//3799 2113//3799 2099//3799
f 2106//3800 2113//3800 2092//3800
f 2075//3801 2106//3801 2092//3801
f 2071//3802 2053//3802 2030//3802
f 2054//3803 2071//3803 2030//3803
f 2078//3804 2071//3804 2054//3804
f 2060//3805 2078//3805 2054//3805
f 2081//3806 2078//3806 2060//3806
f 2048//3807 2081//3807 2060//3807
f 2062//3808 2081//3808 2048//3808
f 2058//3809 2062//3809 2048//3809
f 2066//3810 2062//3810 2058//3810
f 2054//3811 2030//3811 2039//3811
f 2044//3812 2054//3812 2039//3812
f 2060//3813 2054//3813 2044//3813
f 2048//3814 2060//3814 2044//3814
f 2083//3815 2062//3815 2066//3815
f 2069//3816 2083//3816 2066//3816
f 2084//3817 2079//3817 2080//3817
f 2083//3818 2081//3818 2062//3818
f 2100//3819 2102//3819 2119//3819
f 2115//3820 2100//3820 2119//3820
f 2097//3821 2100//3821 2115//3821
f 2110//3822 2097//3822 2115//3822
f 2095//3823 2097//3823 2110//3823
f 2103//3824 2095//3824 2110//3824
f 2085//3825 2095//3825 2103//3825
f 2096//3826 2085//3826 2103//3826
f 2115//3827 2119//3827 2140//3827
f 2133//3828 2115//3828 2140//3828
f 2110//3829 2115//3829 2133//3829
f 2124//3830 2110//3830 2133//3830
f 2103//3831 2110//3831 2124//3831
f 2114//3832 2103//3832 2124//3832
f 2096//3833 2103//3833 2114//3833
f 2133//3834 2140//3834 2160//3834
f 2145//3835 2133//3835 2160//3835
f 2124//3836 2133//3836 2145//3836
f 2141//3837 2124//3837 2145//3837
f 2114//3838 2124//3838 2141//3838
f 2145//3839 2160//3839 2170//3839
f 2165//3840 2145//3840 2170//3840
f 2141//3841 2145//3841 2165//3841
f 2128//3842 2113//3842 2106//3842
f 2139//3843 2113//3843 2128//3843
f 2152//3844 2139//3844 2128//3844
f 2139//3845 2122//3845 2113//3845
f 2201//3846 2215//3846 2225//3846
f 2212//3847 2201//3847 2225//3847
f 2191//3848 2201//3848 2212//3848
f 2194//3849 2191//3849 2212//3849
f 2166//3850 2191//3850 2194//3850
f 2167//3851 2166//3851 2194//3851
f 2142//3852 2166//3852 2167//3852
f 2144//3853 2142//3853 2167//3853
f 2212//3854 2225//3854 2238//3854
f 2219//3855 2212//3855 2238//3855
f 2194//3856 2212//3856 2219//3856
f 2199//3857 2194//3857 2219//3857
f 2167//3858 2194//3858 2199//3858
f 2176//3859 2167//3859 2199//3859
f 2144//3860 2167//3860 2176//3860
f 2150//3861 2144//3861 2176//3861
f 2219//3862 2245//3862 2222//3862
f 2199//3863 2219//3863 2222//3863
f 2202//3864 2176//3864 2199//3864
f 2222//3865 2202//3865 2199//3865
f 2219//3866 2238//3866 2245//3866
f 2181//3867 2150//3867 2176//3867
f 2202//3868 2181//3868 2176//3868
f 2181//3869 2153//3869 2150//3869
f 1779//3870 1597//3870 1598//3870
f 1780//3871 1779//3871 1598//3871
f 1885//3872 1779//3872 1780//3872
f 1891//3873 1885//3873 1780//3873
f 1982//3874 1885//3874 1891//3874
f 1984//3875 1982//3875 1891//3875
f 1992//3876 1982//3876 1984//3876
f 1982//3877 1992//3877 2005//3877
f 2015//3878 1982//3878 2005//3878
f 2019//3879 1982//3879 2015//3879
f 1982//3880 2019//3880 2024//3880
f 2030//3881 1982//3881 2024//3881
f 2052//3882 1982//3882 2030//3882
f 2053//3883 2052//3883 2030//3883
f 1881//3884 1872//3884 1871//3884
f 1882//3885 1881//3885 1871//3885
f 1889//3886 1881//3886 1882//3886
f 1892//3887 1889//3887 1882//3887
f 1896//3888 1889//3888 1892//3888
f 1903//3889 1896//3889 1892//3889
f 1906//3890 1896//3890 1903//3890
f 1914//3891 1906//3891 1903//3891
f 1913//3892 1906//3892 1914//3892
f 1927//3893 1913//3893 1914//3893
f 1923//3894 1913//3894 1927//3894
f 1932//3895 1923//3895 1927//3895
f 1921//3896 1923//3896 1932//3896
f 1931//3897 1921//3897 1932//3897
f 1920//3898 1921//3898 1931//3898
f 1930//3899 1920//3899 1931//3899
f 1924//3900 1920//3900 1930//3900
f 1936//3901 1924//3901 1930//3901
f 1937//3902 1936//3902 1930//3902
f 1951//3903 1936//3903 1937//3903
f 1955//3904 1951//3904 1937//3904
f 1968//3905 1951//3905 1955//3905
f 1973//3906 1968//3906 1955//3906
f 1987//3907 1968//3907 1973//3907
f 1989//3908 1987//3908 1973//3908
f 2014//3909 1987//3909 1989//3909
f 1932//3910 1927//3910 1935//3910
f 1941//3911 1932//3911 1935//3911
f 1931//3912 1932//3912 1941//3912
f 1940//3913 1931//3913 1941//3913
f 1930//3914 1931//3914 1940//3914
f 1937//3915 1930//3915 1940//3915
f 1941//3916 1935//3916 1949//3916
f 1958//3917 1941//3917 1949//3917
f 1940//3918 1941//3918 1958//3918
f 1955//3919 1940//3919 1958//3919
f 1937//3920 1940//3920 1955//3920
f 1958//3921 1949//3921 1963//3921
f 1973//3922 1958//3922 1963//3922
f 1955//3923 1958//3923 1973//3923
f 1973//3924 1963//3924 1976//3924
f 1989//3925 1973//3925 1976//3925
f 2013//3926 1987//3926 2014//3926
f 2025//3927 2013//3927 2014//3927
f 2027//3928 2013//3928 2025//3928
f 2042//3929 2027//3929 2025//3929
f 2046//3930 2027//3930 2042//3930
f 2057//3931 2046//3931 2042//3931
f 2063//3932 2046//3932 2057//3932
f 2072//3933 2063//3933 2057//3933
f 2076//3934 2063//3934 2072//3934
f 2079//3935 2076//3935 2072//3935
f 2080//3936 2079//3936 2072//3936
f 2084//3937 2080//3937 2072//3937
f 2063//3938 2076//3938 2073//3938
f 2069//3939 2063//3939 2073//3939
f 2059//3940 2063//3940 2069//3940
f 2066//3941 2059//3941 2069//3941
f 2051//3942 2059//3942 2066//3942
f 2058//3943 2051//3943 2066//3943
f 2045//3944 2051//3944 2058//3944
f 2048//3945 2045//3945 2058//3945
f 2040//3946 2045//3946 2048//3946
f 2044//3947 2040//3947 2048//3947
f 2033//3948 2040//3948 2044//3948
f 2039//3949 2033//3949 2044//3949
f 2026//3950 2033//3950 2039//3950
f 2030//3951 2026//3951 2039//3951
f 2024//3952 2026//3952 2030//3952
f 2026//3953 2024//3953 2019//3953
f 2017//3954 2026//3954 2019//3954
f 2033//3955 2026//3955 2017//3955
f 2040//3956 2033//3956 2017//3956
f 2017//3957 2019//3957 2015//3957
f 2005//3958 2017//3958 2015//3958
f 2023//3959 2017//3959 2005//3959
f 2006//3960 2023//3960 2005//3960
f 2028//3961 2023//3961 2006//3961
f 2016//3962 2028//3962 2006//3962
f 2036//3963 2028//3963 2016//3963
f 2018//3964 2036//3964 2016//3964
f 2041//3965 2036//3965 2018//3965
f 2022//3966 2041//3966 2018//3966
f 2046//3967 2041//3967 2022//3967
f 2027//3968 2046//3968 2022//3968
f 2006//3969 2005//3969 1992//3969
f 2016//3970 2006//3970 1992//3970
f 1993//3971 2016//3971 1992//3971
f 1984//3972 1993//3972 1992//3972
f 1995//3973 1993//3973 1984//3973
f 1979//3974 1995//3974 1984//3974
f 2004//3975 1995//3975 1979//3975
f 1983//3976 2004//3976 1979//3976
f 2013//3977 2004//3977 1983//3977
f 1987//3978 2013//3978 1983//3978
f 1979//3979 1984//3979 1967//3979
f 1966//3980 1979//3980 1967//3980
f 1983//3981 1979//3981 1966//3981
f 1968//3982 1983//3982 1966//3982
f 1987//3983 1983//3983 1968//3983
f 1966//3984 1967//3984 1953//3984
f 1951//3985 1966//3985 1953//3985
f 1968//3986 1966//3986 1951//3986
f 1951//3987 1953//3987 1936//3987
f 1920//3988 1924//3988 1909//3988
f 1911//3989 1920//3989 1909//3989
f 1921//3990 1920//3990 1911//3990
f 1912//3991 1921//3991 1911//3991
f 1923//3992 1921//3992 1912//3992
f 1913//3993 1923//3993 1912//3993
f 1909//3994 1897//3994 1900//3994
f 1904//3995 1909//3995 1900//3995
f 1911//3996 1909//3996 1904//3996
f 1912//3997 1911//3997 1904//3997
f 1897//3998 1883//3998 1893//3998
f 1894//3999 1897//3999 1893//3999
f 1900//4000 1897//4000 1894//4000
f 1904//4001 1900//4001 1894//4001
f 1883//4002 1875//4002 1878//4002
f 1886//4003 1883//4003 1878//4003
f 1893//4004 1883//4004 1886//4004
f 1887//4005 1893//4005 1886//4005
f 1894//4006 1893//4006 1887//4006
f 1895//4007 1894//4007 1887//4007
f 1905//4008 1894//4008 1895//4008
f 1906//4009 1905//4009 1895//4009
f 1913//4010 1905//4010 1906//4010
f 1878//4011 1875//4011 1874//4011
f 1879//4012 1878//4012 1874//4012
f 1886//4013 1878//4013 1879//4013
f 1887//4014 1886//4014 1879//4014
f 1879//4015 1874//4015 1873//4015
f 1880//4016 1879//4016 1873//4016
f 1888//4017 1879//4017 1880//4017
f 1889//4018 1888//4018 1880//4018
f 1896//4019 1888//4019 1889//4019
f 1880//4020 1873//4020 1872//4020
f 1881//4021 1880//4021 1872//4021
f 1889//4022 1880//4022 1881//4022
f 2063//4023 2041//4023 2046//4023
f 2027//4024 2004//4024 2013//4024
f 2022//4025 2004//4025 2027//4025
f 1912//4026 1905//4026 1913//4026
f 1895//4027 1888//4027 1896//4027
f 1906//4028 1895//4028 1896//4028
f 2059//4029 2036//4029 2041//4029
f 2063//4030 2059//4030 2041//4030
f 2022//4031 1995//4031 2004//4031
f 2018//4032 1995//4032 2022//4032
f 1904//4033 1894//4033 1905//4033
f 1912//4034 1904//4034 1905//4034
f 1887//4035 1879//4035 1888//4035
f 1895//4036 1887//4036 1888//4036
f 2051//4037 2028//4037 2036//4037
f 2059//4038 2051//4038 2036//4038
f 2018//4039 1993//4039 1995//4039
f 2016//4040 1993//4040 2018//4040
f 2045//4041 2023//4041 2028//4041
f 2051//4042 2045//4042 2028//4042
f 2040//4043 2017//4043 2023//4043
f 2045//4044 2040//4044 2023//4044
f 195//4045 186//4045 187//4045
f 196//4046 195//4046 187//4046
f 205//4047 195//4047 196//4047
f 206//4048 205//4048 196//4048
f 216//4049 205//4049 206//4049
f 217//4050 216//4050 206//4050
f 224//4051 216//4051 217//4051
f 225//4052 224//4052 217//4052
f 239//4053 224//4053 225//4053
f 240//4054 239//4054 225//4054
f 249//4055 239//4055 240//4055
f 250//4056 249//4056 240//4056
f 258//4057 249//4057 250//4057
f 259//4058 258//4058 250//4058
f 265//4059 258//4059 259//4059
f 266//4060 265//4060 259//4060
f 271//4061 265//4061 266//4061
f 272//4062 271//4062 266//4062
f 275//4063 271//4063 272//4063
f 276//4064 275//4064 272//4064
f 278//4065 275//4065 276//4065
f 279//4066 278//4066 276//4066
f 282//4067 278//4067 279//4067
f 283//4068 282//4068 279//4068
f 282//4069 283//4069 285//4069
f 284//4070 282//4070 285//4070
f 280//4071 284//4071 285//4071
f 281//4072 280//4072 285//4072
f 286//4073 280//4073 281//4073
f 287//4074 286//4074 281//4074
f 288//4075 286//4075 287//4075
f 289//4076 288//4076 287//4076
f 295//4077 288//4077 289//4077
f 296//4078 295//4078 289//4078
f 303//4079 295//4079 296//4079
f 304//4080 303//4080 296//4080
f 306//4081 303//4081 304//4081
f 307//4082 306//4082 304//4082
f 315//4083 306//4083 307//4083
f 316//4084 315//4084 307//4084
f 349//4085 315//4085 316//4085
f 350//4086 349//4086 316//4086
f 407//4087 349//4087 350//4087
f 408//4088 407//4088 350//4088
f 473//4089 407//4089 408//4089
f 474//4090 473//4090 408//4090
f 548//4091 473//4091 474//4091
f 549//4092 548//4092 474//4092
f 659//4093 548//4093 549//4093
f 660//4094 659//4094 549//4094
f 762//4095 659//4095 660//4095
f 763//4096 762//4096 660//4096
f 806//4097 762//4097 763//4097
f 807//4098 806//4098 763//4098
f 827//4099 806//4099 807//4099
f 828//4100 827//4100 807//4100
f 858//4101 827//4101 828//4101
f 859//4102 858//4102 828//4102
f 905//4103 858//4103 859//4103
f 906//4104 905//4104 859//4104
f 959//4105 905//4105 906//4105
f 960//4106 959//4106 906//4106
f 1001//4107 959//4107 960//4107
f 1002//4108 1001//4108 960//4108
f 1084//4109 1001//4109 1002//4109
f 1085//4110 1084//4110 1002//4110
f 1119//4111 1084//4111 1085//4111
f 1120//4112 1119//4112 1085//4112
f 1169//4113 1119//4113 1120//4113
f 1170//4114 1169//4114 1120//4114
f 1214//4115 1169//4115 1170//4115
f 1215//4116 1214//4116 1170//4116
f 1241//4117 1214//4117 1215//4117
f 1242//4118 1241//4118 1215//4118
f 1269//4119 1241//4119 1242//4119
f 1270//4120 1269//4120 1242//4120
f 1367//4121 1269//4121 1270//4121
f 1368//4122 1367//4122 1270//4122
f 1469//4123 1367//4123 1368//4123
f 1470//4124 1469//4124 1368//4124
f 1561//4125 1469//4125 1470//4125
f 1562//4126 1561//4126 1470//4126
f 1628//4127 1561//4127 1562//4127
f 1629//4128 1628//4128 1562//4128
f 1697//4129 1628//4129 1629//4129
f 1698//4130 1697//4130 1629//4130
f 1765//4131 1697//4131 1698//4131
f 1766//4132 1765//4132 1698//4132
f 1791//4133 1765//4133 1766//4133
f 1792//4134 1791//4134 1766//4134
f 1813//4135 1791//4135 1792//4135
f 1814//4136 1813//4136 1792//4136
f 1833//4137 1813//4137 1814//4137
f 1834//4138 1833//4138 1814//4138
f 1848//4139 1833//4139 1834//4139
f 1849//4140 1848//4140 1834//4140
f 1862//4141 1848//4141 1849//4141
f 1863//4142 1862//4142 1849//4142
f 1866//4143 1862//4143 1863//4143
f 1867//4144 1866//4144 1863//4144
f 1876//4145 1866//4145 1867//4145
f 1877//4146 1876//4146 1867//4146
f 1528//4147 1598//4147 1597//4147
f 1396//4148 1528//4148 1597//4148
f 1431//4149 1528//4149 1396//4149
f 1334//4150 1431//4150 1396//4150
f 1251//4151 1334//4151 1396//4151
f 1237//4152 1334//4152 1251//4152
f 1196//4153 1237//4153 1251//4153
f 1189//4154 1237//4154 1196//4154
f 1098//4155 1189//4155 1196//4155
f 1099//4156 1189//4156 1098//4156
f 1877//4157 1871//4157 1872//4157
f 1873//4158 1877//4158 1872//4158
f 1876//4159 1877//4159 1873//4159
f 1874//4160 1876//4160 1873//4160
f 1875//4161 1876//4161 1874//4161
f 255//4162 264//4162 263//4162
f 254//4163 255//4163 263//4163
f 248//4164 255//4164 254//4164
f 247//4165 248//4165 254//4165
f 242//4166 248//4166 247//4166
f 241//4167 242//4167 247//4167
f 236//4168 242//4168 241//4168
f 235//4169 236//4169 241//4169
f 231//4170 236//4170 235//4170
f 230//4171 231//4171 235//4171
f 227//4172 231//4172 230//4172
f 226//4173 227//4173 230//4173
f 223//4174 227//4174 226//4174
f 222//4175 223//4175 226//4175
f 613//4176 614//4176 846//4176
f 845//4177 613//4177 846//4177
f 854//4178 845//4178 846//4178
f 855//4179 854//4179 846//4179
f 862//4180 854//4180 855//4180
f 863//4181 862//4181 855//4181
f 883//4182 862//4182 863//4182
f 884//4183 883//4183 863//4183
f 891//4184 883//4184 884//4184
f 892//4185 891//4185 884//4185
f 898//4186 891//4186 892//4186
f 899//4187 898//4187 892//4187
f 900//4188 898//4188 899//4188
f 902//4189 900//4189 899//4189
f 900//4190 902//4190 903//4190
f 901//4191 900//4191 903//4191
f 1728//4192 1727//4192 1462//4192
f 1463//4193 1728//4193 1462//4193
f 1782//4194 1728//4194 1463//4194
f 1811//4195 1782//4195 1463//4195
f 1939//4196 1811//4196 1463//4196
f 1938//4197 1811//4197 1939//4197
f 1212//4198 1213//4198 1463//4198
f 1462//4199 1212//4199 1463//4199
f 1156//4200 1152//4200 1154//4200
f 1157//4201 1156//4201 1154//4201
f 1163//4202 1156//4202 1157//4202
f 1164//4203 1163//4203 1157//4203
f 1186//4204 1163//4204 1164//4204
f 1187//4205 1186//4205 1164//4205
f 1197//4206 1186//4206 1187//4206
f 1198//4207 1197//4207 1187//4207
f 1203//4208 1197//4208 1198//4208
f 1204//4209 1203//4209 1198//4209
f 1212//4210 1203//4210 1204//4210
f 1213//4211 1212//4211 1204//4211
f 1153//4212 1155//4212 1154//4212
f 1152//4213 1153//4213 1154//4213
f 2127//4214 2129//4214 2052//4214
f 2123//4215 2127//4215 2052//4215
f 2118//4216 2123//4216 2052//4216
f 2109//4217 2118//4217 2052//4217
f 2099//4218 2109//4218 2052//4218
f 2092//4219 2099//4219 2052//4219
f 2075//4220 2092//4220 2052//4220
f 2053//4221 2075//4221 2052//4221
f 2186//4222 2189//4222 2365//4222
f 2363//4223 2186//4223 2365//4223
f 2179//4224 2186//4224 2363//4224
f 2361//4225 2179//4225 2363//4225
f 2168//4226 2179//4226 2361//4226
f 2359//4227 2168//4227 2361//4227
f 2162//4228 2168//4228 2359//4228
f 2357//4229 2162//4229 2359//4229
f 2148//4230 2162//4230 2357//4230
f 2355//4231 2148//4231 2357//4231
f 2136//4232 2148//4232 2355//4232
f 2338//4233 2136//4233 2355//4233
f 2120//4234 2136//4234 2338//4234
f 2315//4235 2120//4235 2338//4235
f 2104//4236 2120//4236 2315//4236
f 2293//4237 2104//4237 2315//4237
f 2088//4238 2104//4238 2293//4238
f 2265//4239 2088//4239 2293//4239
f 2064//4240 2088//4240 2265//4240
f 2258//4241 2064//4241 2265//4241
f 2037//4242 2064//4242 2258//4242
f 2239//4243 2037//4243 2258//4243
f 1996//4244 2037//4244 2239//4244
f 2213//4245 1996//4245 2239//4245
f 1960//4246 1996//4246 2213//4246
f 2183//4247 1960//4247 2213//4247
f 1907//4248 1960//4248 2183//4248
f 2146//4249 1907//4249 2183//4249
f 1823//4250 1907//4250 2146//4250
f 2116//4251 1823//4251 2146//4251
f 1771//4252 1823//4252 2116//4252
f 2090//4253 1771//4253 2116//4253
f 1644//4254 1771//4254 2090//4254
f 2049//4255 1644//4255 2090//4255
f 1526//4256 1644//4256 2049//4256
f 2002//4257 1526//4257 2049//4257
f 1374//4258 1526//4258 2002//4258
f 1947//4259 1374//4259 2002//4259
f 1256//4260 1374//4260 1947//4260
f 1852//4261 1256//4261 1947//4261
f 1221//4262 1256//4262 1852//4262
f 1783//4263 1221//4263 1852//4263
f 1640//4264 1221//4264 1783//4264
f 1161//4265 1221//4265 1640//4265
f 1496//4266 1161//4266 1640//4266
f 1305//4267 1161//4267 1496//4267
f 1100//4268 1161//4268 1305//4268
f 1234//4269 1100//4269 1305//4269
f 1194//4270 1100//4270 1234//4270
f 1100//4271 1194//4271 1110//4271
f 1021//4272 1100//4272 1110//4272
f 1022//4273 1021//4273 1110//4273
f 947//4274 1021//4274 1022//4274
f 953//4275 1021//4275 947//4275
f 876//4276 953//4276 947//4276
f 823//4277 953//4277 876//4277
f 953//4278 823//4278 766//4278
f 894//4279 953//4279 766//4279
f 577//4280 894//4280 766//4280
f 434//4281 894//4281 577//4281
f 838//4282 894//4282 434//4282
f 313//4283 838//4283 434//4283
f 293//4284 838//4284 313//4284
f 803//4285 838//4285 293//4285
f 256//4286 803//4286 293//4286
f 709//4287 803//4287 256//4287
f 228//4288 709//4288 256//4288
f 541//4289 709//4289 228//4289
f 207//4290 541//4290 228//4290
f 430//4291 541//4291 207//4291
f 188//4292 430//4292 207//4292
f 319//4293 430//4293 188//4293
f 175//4294 319//4294 188//4294
f 301//4295 319//4295 175//4295
f 164//4296 301//4296 175//4296
f 273//4297 301//4297 164//4297
f 145//4298 273//4298 164//4298
f 252//4299 273//4299 145//4299
f 129//4300 252//4300 145//4300
f 232//4301 252//4301 129//4301
f 114//4302 232//4302 129//4302
f 211//4303 232//4303 114//4303
f 101//4304 211//4304 114//4304
f 201//4305 211//4305 101//4305
f 98//4306 201//4306 101//4306
f 190//4307 201//4307 98//4307
f 73//4308 190//4308 98//4308
f 181//4309 190//4309 73//4309
f 51//4310 181//4310 73//4310
f 173//4311 181//4311 51//4311
f 28//4312 173//4312 51//4312
f 166//4313 173//4313 28//4313
f 11//4314 166//4314 28//4314
f 162//4315 166//4315 11//4315
f 9//4316 162//4316 11//4316
f 155//4317 162//4317 9//4317
f 7//4318 155//4318 9//4318
f 153//4319 155//4319 7//4319
f 5//4320 153//4320 7//4320
f 147//4321 153//4321 5//4321
f 3//4322 147//4322 5//4322
f 143//4323 147//4323 3//4323
f 1//4324 143//4324 3//4324
f 140//4325 143//4325 1//4325
f 2187//4326 2190//4326 2189//4326
f 2186//4327 2187//4327 2189//4327
f 2180//4328 2187//4328 2186//4328
f 2179//4329 2180//4329 2186//4329
f 2169//4330 2180//4330 2179//4330
f 2168//4331 2169//4331 2179//4331
f 2163//4332 2169//4332 2168//4332
f 2162//4333 2163//4333 2168//4333
f 2149//4334 2163//4334 2162//4334
f 2148//4335 2149//4335 2162//4335
f 2137//4336 2149//4336 2148//4336
f 2136//4337 2137//4337 2148//4337
f 2121//4338 2137//4338 2136//4338
f 2120//4339 2121//4339 2136//4339
f 2105//4340 2121//4340 2120//4340
f 2104//4341 2105//4341 2120//4341
f 2089//4342 2105//4342 2104//4342
f 2088//4343 2089//4343 2104//4343
f 2065//4344 2089//4344 2088//4344
f 2064//4345 2065//4345 2088//4345
f 2038//4346 2065//4346 2064//4346
f 2037//4347 2038//4347 2064//4347
f 1997//4348 2038//4348 2037//4348
f 1996//4349 1997//4349 2037//4349
f 1961//4350 1997//4350 1996//4350
f 1960//4351 1961//4351 1996//4351
f 1908//4352 1961//4352 1960//4352
f 1907//4353 1908//4353 1960//4353
f 1824//4354 1908//4354 1907//4354
f 1823//4355 1824//4355 1907//4355
f 1772//4356 1824//4356 1823//4356
f 1771//4357 1772//4357 1823//4357
f 1645//4358 1772//4358 1771//4358
f 1644//4359 1645//4359 1771//4359
f 1527//4360 1645//4360 1644//4360
f 1526//4361 1527//4361 1644//4361
f 1375//4362 1527//4362 1526//4362
f 1374//4363 1375//4363 1526//4363
f 1257//4364 1375//4364 1374//4364
f 1256//4365 1257//4365 1374//4365
f 1222//4366 1257//4366 1256//4366
f 1221//4367 1222//4367 1256//4367
f 1162//4368 1222//4368 1221//4368
f 1161//4369 1162//4369 1221//4369
f 1101//4370 1162//4370 1161//4370
f 1100//4371 1101//4371 1161//4371
f 1023//4372 1101//4372 1100//4372
f 1021//4373 1023//4373 1100//4373
f 954//4374 1023//4374 1021//4374
f 953//4375 954//4375 1021//4375
f 895//4376 954//4376 953//4376
f 894//4377 895//4377 953//4377
f 839//4378 895//4378 894//4378
f 838//4379 839//4379 894//4379
f 804//4380 839//4380 838//4380
f 803//4381 804//4381 838//4381
f 710//4382 804//4382 803//4382
f 709//4383 710//4383 803//4383
f 542//4384 710//4384 709//4384
f 541//4385 542//4385 709//4385
f 431//4386 542//4386 541//4386
f 430//4387 431//4387 541//4387
f 320//4388 431//4388 430//4388
f 319//4389 320//4389 430//4389
f 302//4390 320//4390 319//4390
f 301//4391 302//4391 319//4391
f 274//4392 302//4392 301//4392
f 273//4393 274//4393 301//4393
f 253//4394 274//4394 273//4394
f 252//4395 253//4395 273//4395
f 233//4396 253//4396 252//4396
f 232//4397 233//4397 252//4397
f 212//4398 233//4398 232//4398
f 211//4399 212//4399 232//4399
f 202//4400 212//4400 211//4400
f 201//4401 202//4401 211//4401
f 191//4402 202//4402 201//4402
f 190//4403 191//4403 201//4403
f 182//4404 191//4404 190//4404
f 181//4405 182//4405 190//4405
f 174//4406 182//4406 181//4406
f 173//4407 174//4407 181//4407
f 167//4408 174//4408 173//4408
f 166//4409 167//4409 173//4409
f 163//4410 167//4410 166//4410
f 162//4411 163//4411 166//4411
f 156//4412 163//4412 162//4412
f 155//4413 156//4413 162//4413
f 154//4414 156//4414 155//4414
f 153//4415 154//4415 155//4415
f 148//4416 154//4416 153//4416
f 147//4417 148//4417 153//4417
f 144//4418 148//4418 147//4418
f 143//4419 144//4419 147//4419
f 141//4420 144//4420 143//4420
f 140//4421 141//4421 143//4421
f 2241//4422 2190//4422 2187//4422
f 2236//4423 2241//4423 2187//4423
f 2180//4424 2236//4424 2187//4424
f 2228//4425 2236//4425 2180//4425
f 2169//4426 2228//4426 2180//4426
f 2223//4427 2228//4427 2169//4427
f 2163//4428 2223//4428 2169//4428
f 2216//4429 2223//4429 2163//4429
f 2149//4430 2216//4430 2163//4430
f 2204//4431 2216//4431 2149//4431
f 2137//4432 2204//4432 2149//4432
f 2195//4433 2204//4433 2137//4433
f 2121//4434 2195//4434 2137//4434
f 2172//4435 2195//4435 2121//4435
f 2105//4436 2172//4436 2121//4436
f 2158//4437 2172//4437 2105//4437
f 2089//4438 2158//4438 2105//4438
f 2134//4439 2158//4439 2089//4439
f 2065//4440 2134//4440 2089//4440
f 2111//4441 2134//4441 2065//4441
f 2038//4442 2111//4442 2065//4442
f 2093//4443 2111//4443 2038//4443
f 1997//4444 2093//4444 2038//4444
f 2067//4445 2093//4445 1997//4445
f 1961//4446 2067//4446 1997//4446
f 2031//4447 2067//4447 1961//4447
f 1908//4448 2031//4448 1961//4448
f 1985//4449 2031//4449 1908//4449
f 1824//4450 1985//4450 1908//4450
f 1942//4451 1985//4451 1824//4451
f 1772//4452 1942//4452 1824//4452
f 1856//4453 1942//4453 1772//4453
f 1645//4454 1856//4454 1772//4454
f 1794//4455 1856//4455 1645//4455
f 1527//4456 1794//4456 1645//4456
f 1690//4457 1794//4457 1527//4457
f 1375//4458 1690//4458 1527//4458
f 1566//4459 1690//4459 1375//4459
f 1257//4460 1566//4460 1375//4460
f 1409//4461 1566//4461 1257//4461
f 1266//4462 1409//4462 1257//4462
f 1222//4463 1266//4463 1257//4463
f 1228//4464 1266//4464 1222//4464
f 1162//4465 1228//4465 1222//4465
f 1171//4466 1228//4466 1162//4466
f 1101//4467 1171//4467 1162//4467
f 1102//4468 1171//4468 1101//4468
f 1023//4469 1102//4469 1101//4469
f 1024//4470 1102//4470 1023//4470
f 951//4471 1024//4471 1023//4471
f 954//4472 951//4472 1023//4472
f 885//4473 951//4473 954//4473
f 895//4474 885//4474 954//4474
f 830//4475 885//4475 895//4475
f 839//4476 830//4476 895//4476
f 794//4477 830//4477 839//4477
f 804//4478 794//4478 839//4478
f 669//4479 794//4479 804//4479
f 504//4480 669//4480 804//4480
f 710//4481 504//4481 804//4481
f 388//4482 504//4482 710//4482
f 542//4483 388//4483 710//4483
f 310//4484 388//4484 542//4484
f 431//4485 310//4485 542//4485
f 290//4486 310//4486 431//4486
f 320//4487 290//4487 431//4487
f 261//4488 290//4488 320//4488
f 302//4489 261//4489 320//4489
f 237//4490 261//4490 302//4490
f 274//4491 237//4491 302//4491
f 213//4492 237//4492 274//4492
f 253//4493 213//4493 274//4493
f 199//4494 213//4494 253//4494
f 233//4495 199//4495 253//4495
f 184//4496 199//4496 233//4496
f 212//4497 184//4497 233//4497
f 177//4498 184//4498 212//4498
f 202//4499 177//4499 212//4499
f 168//4500 177//4500 202//4500
f 191//4501 168//4501 202//4501
f 157//4502 168//4502 191//4502
f 182//4503 157//4503 191//4503
f 151//4504 157//4504 182//4504
f 174//4505 151//4505 182//4505
f 138//4506 151//4506 174//4506
f 167//4507 138//4507 174//4507
f 134//4508 138//4508 167//4508
f 163//4509 134//4509 167//4509
f 127//4510 134//4510 163//4510
f 156//4511 127//4511 163//4511
f 123//4512 127//4512 156//4512
f 154//4513 123//4513 156//4513
f 120//4514 123//4514 154//4514
f 148//4515 120//4515 154//4515
f 116//4516 120//4516 148//4516
f 144//4517 116//4517 148//4517
f 112//4518 116//4518 144//4518
f 141//4519 112//4519 144//4519
f 2251//4520 2253//4520 2241//4520
f 2236//4521 2251//4521 2241//4521
f 2247//4522 2251//4522 2236//4522
f 2228//4523 2247//4523 2236//4523
f 2243//4524 2247//4524 2228//4524
f 2223//4525 2243//4525 2228//4525
f 2232//4526 2243//4526 2223//4526
f 2216//4527 2232//4527 2223//4527
f 2220//4528 2232//4528 2216//4528
f 2204//4529 2220//4529 2216//4529
f 2210//4530 2220//4530 2204//4530
f 2195//4531 2210//4531 2204//4531
f 2197//4532 2210//4532 2195//4532
f 2172//4533 2197//4533 2195//4533
f 2174//4534 2197//4534 2172//4534
f 2158//4535 2174//4535 2172//4535
f 2154//4536 2174//4536 2158//4536
f 2134//4537 2154//4537 2158//4537
f 2130//4538 2154//4538 2134//4538
f 2111//4539 2130//4539 2134//4539
f 2107//4540 2130//4540 2111//4540
f 2093//4541 2107//4541 2111//4541
f 2086//4542 2107//4542 2093//4542
f 2067//4543 2086//4543 2093//4543
f 2055//4544 2086//4544 2067//4544
f 2031//4545 2055//4545 2067//4545
f 2020//4546 2055//4546 2031//4546
f 1985//4547 2020//4547 2031//4547
f 1971//4548 2020//4548 1985//4548
f 1942//4549 1971//4549 1985//4549
f 1918//4550 1971//4550 1942//4550
f 1856//4551 1918//4551 1942//4551
f 1830//4552 1918//4552 1856//4552
f 1794//4553 1830//4553 1856//4553
f 1768//4554 1830//4554 1794//4554
f 1690//4555 1768//4555 1794//4555
f 1632//4556 1768//4556 1690//4556
f 1566//4557 1632//4557 1690//4557
f 1502//4558 1632//4558 1566//4558
f 1409//4559 1502//4559 1566//4559
f 1326//4560 1502//4560 1409//4560
f 1266//4561 1326//4561 1409//4561
f 1249//4562 1326//4562 1266//4562
f 1228//4563 1249//4563 1266//4563
f 1208//4564 1249//4564 1228//4564
f 1171//4565 1208//4565 1228//4565
f 1144//4566 1208//4566 1171//4566
f 1102//4567 1144//4567 1171//4567
f 1077//4568 1144//4568 1102//4568
f 1024//4569 1077//4569 1102//4569
f 973//4570 1077//4570 1024//4570
f 951//4571 973//4571 1024//4571
f 915//4572 973//4572 951//4572
f 885//4573 915//4573 951//4573
f 848//4574 915//4574 885//4574
f 830//4575 848//4575 885//4575
f 810//4576 848//4576 830//4576
f 794//4577 810//4577 830//4577
f 748//4578 810//4578 794//4578
f 669//4579 748//4579 794//4579
f 569//4580 748//4580 669//4580
f 504//4581 569//4581 669//4581
f 452//4582 569//4582 504//4582
f 388//4583 452//4583 504//4583
f 322//4584 452//4584 388//4584
f 310//4585 322//4585 388//4585
f 297//4586 322//4586 310//4586
f 290//4587 297//4587 310//4587
f 269//4588 297//4588 290//4588
f 261//4589 269//4589 290//4589
f 245//4590 269//4590 261//4590
f 237//4591 245//4591 261//4591
f 219//4592 245//4592 237//4592
f 213//4593 219//4593 237//4593
f 203//4594 219//4594 213//4594
f 199//4595 203//4595 213//4595
f 192//4596 203//4596 199//4596
f 184//4597 192//4597 199//4597
f 179//4598 192//4598 184//4598
f 177//4599 179//4599 184//4599
f 170//4600 179//4600 177//4600
f 168//4601 170//4601 177//4601
f 160//4602 170//4602 168//4602
f 157//4603 160//4603 168//4603
f 149//4604 160//4604 157//4604
f 151//4605 149//4605 157//4605
f 136//4606 149//4606 151//4606
f 138//4607 136//4607 151//4607
f 131//4608 136//4608 138//4608
f 134//4609 131//4609 138//4609
f 125//4610 131//4610 134//4610
f 127//4611 125//4611 134//4611
f 118//4612 125//4612 127//4612
f 123//4613 118//4613 127//4613
f 110//4614 118//4614 123//4614
f 120//4615 110//4615 123//4615
f 108//4616 110//4616 120//4616
f 116//4617 108//4617 120//4617
f 105//4618 108//4618 116//4618
f 112//4619 105//4619 116//4619
f 103//4620 105//4620 112//4620
f 105//4621 103//4621 104//4621
f 106//4622 105//4622 104//4622
f 108//4623 105//4623 106//4623
f 109//4624 108//4624 106//4624
f 110//4625 108//4625 109//4625
f 111//4626 110//4626 109//4626
f 118//4627 110//4627 111//4627
f 119//4628 118//4628 111//4628
f 125//4629 118//4629 119//4629
f 126//4630 125//4630 119//4630
f 131//4631 125//4631 126//4631
f 132//4632 131//4632 126//4632
f 136//4633 131//4633 132//4633
f 137//4634 136//4634 132//4634
f 149//4635 136//4635 137//4635
f 150//4636 149//4636 137//4636
f 160//4637 149//4637 150//4637
f 161//4638 160//4638 150//4638
f 170//4639 160//4639 161//4639
f 171//4640 170//4640 161//4640
f 179//4641 170//4641 171//4641
f 180//4642 179//4642 171//4642
f 192//4643 179//4643 180//4643
f 193//4644 192//4644 180//4644
f 203//4645 192//4645 193//4645
f 204//4646 203//4646 193//4646
f 219//4647 203//4647 204//4647
f 220//4648 219//4648 204//4648
f 245//4649 219//4649 220//4649
f 246//4650 245//4650 220//4650
f 269//4651 245//4651 246//4651
f 270//4652 269//4652 246//4652
f 297//4653 269//4653 270//4653
f 298//4654 297//4654 270//4654
f 322//4655 297//4655 298//4655
f 323//4656 322//4656 298//4656
f 452//4657 322//4657 323//4657
f 453//4658 452//4658 323//4658
f 569//4659 452//4659 453//4659
f 570//4660 569//4660 453//4660
f 748//4661 569//4661 570//4661
f 749//4662 748//4662 570//4662
f 810//4663 748//4663 749//4663
f 811//4664 810//4664 749//4664
f 848//4665 810//4665 811//4665
f 849//4666 848//4666 811//4666
f 915//4667 848//4667 849//4667
f 916//4668 915//4668 849//4668
f 973//4669 915//4669 916//4669
f 974//4670 973//4670 916//4670
f 1077//4671 973//4671 974//4671
f 1078//4672 1077//4672 974//4672
f 1144//4673 1077//4673 1078//4673
f 1145//4674 1144//4674 1078//4674
f 1208//4675 1144//4675 1145//4675
f 1209//4676 1208//4676 1145//4676
f 1249//4677 1208//4677 1209//4677
f 1250//4678 1249//4678 1209//4678
f 1326//4679 1249//4679 1250//4679
f 1327//4680 1326//4680 1250//4680
f 1502//4681 1326//4681 1327//4681
f 1503//4682 1502//4682 1327//4682
f 1632//4683 1502//4683 1503//4683
f 1633//4684 1632//4684 1503//4684
f 1768//4685 1632//4685 1633//4685
f 1769//4686 1768//4686 1633//4686
f 1830//4687 1768//4687 1769//4687
f 1831//4688 1830//4688 1769//4688
f 1918//4689 1830//4689 1831//4689
f 1919//4690 1918//4690 1831//4690
f 1971//4691 1918//4691 1919//4691
f 1972//4692 1971//4692 1919//4692
f 2020//4693 1971//4693 1972//4693
f 2021//4694 2020//4694 1972//4694
f 2055//4695 2020//4695 2021//4695
f 2056//4696 2055//4696 2021//4696
f 2086//4697 2055//4697 2056//4697
f 2087//4698 2086//4698 2056//4698
f 2107//4699 2086//4699 2087//4699
f 2108//4700 2107//4700 2087//4700
f 2130//4701 2107//4701 2108//4701
f 2131//4702 2130//4702 2108//4702
f 2154//4703 2130//4703 2131//4703
f 2155//4704 2154//4704 2131//4704
f 2174//4705 2154//4705 2155//4705
f 2175//4706 2174//4706 2155//4706
f 2197//4707 2174//4707 2175//4707
f 2198//4708 2197//4708 2175//4708
f 2210//4709 2197//4709 2198//4709
f 2211//4710 2210//4710 2198//4710
f 2220//4711 2210//4711 2211//4711
f 2221//4712 2220//4712 2211//4712
f 2232//4713 2220//4713 2221//4713
f 2233//4714 2232//4714 2221//4714
f 2243//4715 2232//4715 2233//4715
f 2244//4716 2243//4716 2233//4716
f 2247//4717 2243//4717 2244//4717
f 2248//4718 2247//4718 2244//4718
f 2251//4719 2247//4719 2248//4719
f 2252//4720 2251//4720 2248//4720
f 2253//4721 2251//4721 2252//4721
f 2254//4722 2253//4722 2252//4722
f 2009//4723 2011//4723 2010//4723
f 2008//4724 2009//4724 2010//4724
f 2001//4725 2009//4725 2008//4725
f 2000//4726 2001//4726 2008//4726
f 1991//4727 2001//4727 2000//4727
f 1990//4728 1991//4728 2000//4728
f 1981//4729 1991//4729 1990//4729
f 1980//4730 1981//4730 1990//4730
f 1970//4731 1981//4731 1980//4731
f 1969//4732 1970//4732 1980//4732
f 1957//4733 1970//4733 1969//4733
f 1956//4734 1957//4734 1969//4734
f 1939//4735 1957//4735 1956//4735
f 1938//4736 1939//4736 1956//4736
