# Created by FreeCAD <https://www.freecad.org>
v -197.680786 34.687916 -210.000000
v -197.680786 34.687916 -206.500000
v -197.680786 36.312084 -210.000000
v -197.680786 36.312084 -206.500000
v -197.505173 33.073269 -210.000000
v -197.505173 33.073269 -206.500000
v -197.505173 37.926731 -210.000000
v -197.505173 37.926731 -206.500000
v -197.156036 31.487076 -210.000000
v -197.156036 31.487076 -206.500000
v -197.156036 39.512924 -210.000000
v -197.156036 39.512924 -206.500000
v -196.702774 35.500000 -205.500000
v -196.637436 29.947927 -210.000000
v -196.637436 29.947927 -206.500000
v -196.637436 41.052071 -210.000000
v -196.637436 41.052071 -206.500000
v -196.614746 33.932499 -205.500000
v -196.614746 37.067501 -205.500000
v -196.351776 32.384708 -205.500000
v -196.351776 38.615292 -205.500000
v -195.955460 28.473873 -210.000000
v -195.955460 28.473873 -206.500000
v -195.955460 42.526127 -210.000000
v -195.955460 42.526127 -206.500000
v -195.917145 30.876093 -205.500000
v -195.917145 40.123905 -205.500000
v -195.316345 29.425627 -205.500000
v -195.316345 41.574371 -205.500000
v -195.118118 27.082193 -210.000000
v -195.118118 27.082193 -206.500000
v -195.118118 43.917805 -210.000000
v -195.118118 43.917805 -206.500000
v -194.556915 28.051552 -205.500000
v -194.556915 42.948448 -205.500000
v -194.135208 25.789206 -210.000000
v -194.135208 25.789206 -206.500000
v -194.135208 45.210793 -210.000000
v -194.135208 45.210793 -206.500000
v -193.684647 34.868721 -205.500000
v -193.681076 34.809303 -210.000000
v -193.681076 36.190697 -210.000000
v -193.677170 36.250092 -205.500000
v -193.648422 26.771143 -205.500000
v -193.648422 44.228859 -205.500000
v -193.518936 33.497307 -205.500000
v -193.507935 33.438805 -210.000000
v -193.507935 37.561195 -210.000000
v -193.496628 37.619633 -205.500000
v -193.182648 32.157475 -205.500000
v -193.164398 32.100815 -210.000000
v -193.164398 38.899185 -210.000000
v -193.145859 38.955750 -205.500000
v -193.018280 24.610067 -210.000000
v -193.018280 24.610067 -206.500000
v -193.018280 46.389931 -210.000000
v -193.018280 46.389931 -206.500000
v -192.681076 30.870356 -205.500000
v -192.655884 30.816427 -210.000000
v -192.655884 40.183571 -210.000000
v -192.630386 40.237362 -205.500000
v -192.602280 25.600506 -205.500000
v -192.602280 45.399494 -205.500000
v -192.022141 29.656250 -205.500000
v -191.990387 29.605906 -210.000000
v -191.990387 41.394096 -210.000000
v -191.958359 41.444267 -205.500000
v -191.780396 23.558603 -210.000000
v -191.780396 23.558603 -206.500000
v -191.780396 47.441395 -210.000000
v -191.780396 47.441395 -206.500000
v -191.431641 24.554359 -205.500000
v -191.431641 46.445641 -205.500000
v -191.216248 28.534304 -205.500000
v -191.178421 28.488337 -210.000000
v -191.178421 42.511665 -210.000000
v -191.140366 42.557426 -205.500000
v -190.436096 22.647142 -210.000000
v -190.436096 22.647142 -206.500000
v -190.436096 48.352859 -210.000000
v -190.436096 48.352859 -206.500000
v -190.276077 27.522209 -205.500000
v -190.232803 27.481344 -210.000000
v -190.232803 43.518654 -210.000000
v -190.189301 43.559284 -205.500000
v -190.151230 23.645861 -205.500000
v -190.151230 47.354137 -205.500000
v -189.216476 26.635931 -205.500000
v -189.168411 26.600813 -210.000000
v -189.168411 44.399185 -210.000000
v -189.120163 44.434044 -205.500000
v -189.001114 21.886368 -210.000000
v -189.001114 21.886368 -206.500000
v -189.001114 49.113632 -210.000000
v -189.001114 49.113632 -206.500000
v -188.777161 22.886436 -205.500000
v -188.777161 48.113564 -205.500000
v -188.054153 25.889444 -205.500000
v -188.002075 25.860626 -210.000000
v -188.002075 45.139374 -210.000000
v -187.949829 45.167908 -205.500000
v -187.492310 21.285202 -210.000000
v -187.492310 21.285202 -206.500000
v -187.492310 49.714798 -210.000000
v -187.492310 49.714798 -206.500000
v -187.326691 22.285633 -205.500000
v -187.326691 48.714367 -205.500000
v -186.807434 25.294521 -205.500000
v -186.752151 25.272459 -210.000000
v -186.752151 45.727543 -210.000000
v -186.696747 45.749306 -205.500000
v -185.927338 20.850691 -210.000000
v -185.927338 20.850691 -206.500000
v -185.927338 50.149307 -210.000000
v -185.927338 50.149307 -206.500000
v -185.818069 21.851009 -205.500000
v -185.818069 49.148991 -205.500000
v -185.495987 24.860544 -205.500000
v -185.438370 24.845585 -210.000000
v -185.438370 46.154415 -210.000000
v -185.380676 46.169064 -205.500000
v -184.324570 20.587931 -210.000000
v -184.324570 20.587931 -206.500000
v -184.324570 50.412071 -210.000000
v -184.324570 50.412071 -206.500000
v -184.270279 21.588030 -205.500000
v -184.270279 49.411972 -205.500000
v -184.140488 24.594358 -205.500000
v -184.081451 24.586739 -210.000000
v -184.081451 46.413261 -210.000000
v -184.022369 46.420563 -205.500000
v -182.762299 24.500160 -205.500000
v -182.702774 20.500000 -210.000000
v -182.702774 20.500000 -206.500000
v -182.702774 21.500000 -205.500000
v -182.702774 24.500000 -210.000000
v -182.702774 24.500000 -207.500000
v -182.702774 46.500000 -210.000000
v -182.702774 46.500000 -207.500000
v -182.702774 49.500000 -205.500000
v -182.702774 50.500000 -210.000000
v -182.702774 50.500000 -206.500000
v -182.643250 46.499840 -205.500000
v -181.383194 24.579437 -205.500000
v -181.324112 24.586739 -207.500000
v -181.324112 46.413261 -207.500000
v -181.265076 46.405640 -205.500000
v -180.024887 24.830938 -205.500000
v -179.967194 24.845585 -207.500000
v -179.967194 46.154415 -207.500000
v -179.909576 46.139454 -205.500000
v -178.708817 25.250696 -205.500000
v -178.653412 25.272459 -207.500000
v -178.653412 45.727543 -207.500000
v -178.598129 45.705479 -205.500000
v -177.455734 25.832092 -205.500000
v -177.403488 25.860626 -207.500000
v -177.403488 45.139374 -207.500000
v -177.351410 45.110558 -205.500000
v -176.285400 26.565956 -205.500000
v -176.237137 26.600813 -207.500000
v -176.237137 44.399185 -207.500000
v -176.189087 44.364071 -205.500000
v -175.216263 27.440716 -205.500000
v -175.172760 27.481344 -207.500000
v -175.172760 43.518654 -207.500000
v -175.129486 43.477791 -205.500000
v -174.265198 28.442574 -205.500000
v -174.227142 28.488337 -207.500000
v -174.227142 42.511665 -207.500000
v -174.189316 42.465698 -205.500000
v -173.447205 29.555733 -205.500000
v -173.415176 29.605906 -207.500000
v -173.415176 41.394096 -207.500000
v -173.383408 41.343750 -205.500000
v -172.775177 30.762638 -205.500000
v -172.749680 30.816427 -207.500000
v -172.749680 40.183571 -207.500000
v -172.724487 40.129646 -205.500000
v -172.259705 32.044250 -205.500000
v -172.241165 32.100815 -207.500000
v -172.241165 38.899185 -207.500000
v -172.222916 38.842525 -205.500000
v -171.908936 33.380367 -205.500000
v -171.897629 33.438805 -207.500000
v -171.897629 37.561195 -207.500000
v -171.886627 37.502693 -205.500000
v -171.728378 34.749908 -205.500000
v -171.724487 34.809303 -207.500000
v -171.724487 36.190697 -207.500000
v -171.720917 36.131279 -205.500000
v -165.327774 35.500000 -207.500000
v -165.322662 35.405491 -205.500000
v -165.322662 35.594509 -205.500000
v -165.297974 35.273533 -207.500000
v -165.297974 35.726467 -207.500000
v -165.282074 35.220886 -205.500000
v -165.282074 35.779114 -205.500000
v -165.210556 35.062500 -207.500000
v -165.210556 35.937500 -207.500000
v -165.202774 24.500000 -205.500000
v -165.202774 24.500000 -182.500000
v -165.202774 35.049305 -205.500000
v -165.202774 35.049305 -203.500000
v -165.202774 35.950695 -205.500000
v -165.202774 35.950695 -203.500000
v -165.202774 46.500000 -205.500000
v -165.202774 46.500000 -182.500000
v -165.071503 34.881283 -207.500000
v -165.071503 36.118717 -207.500000
v -165.061676 34.871613 -203.500000
v -165.061676 36.128387 -203.500000
v -164.890274 34.742229 -207.500000
v -164.890274 36.257771 -207.500000
v -164.879623 34.736176 -203.500000
v -164.879623 36.263824 -203.500000
v -164.679245 34.654816 -207.500000
v -164.679245 36.345184 -207.500000
v -164.668884 34.652103 -203.500000
v -164.668884 36.347897 -203.500000
v -164.452774 34.625000 -207.500000
v -164.452774 36.375000 -207.500000
v -164.443588 34.625050 -203.500000
v -164.443588 36.374950 -203.500000
v -164.226318 34.654816 -207.500000
v -164.226318 36.345184 -207.500000
v -164.218933 34.656830 -203.500000
v -164.218933 36.343170 -203.500000
v -164.015274 34.742229 -207.500000
v -164.015274 36.257771 -207.500000
v -164.009995 34.745308 -203.500000
v -164.009995 36.254692 -203.500000
v -163.834061 34.881283 -207.500000
v -163.834061 36.118717 -207.500000
v -163.830826 34.884537 -203.500000
v -163.830826 36.115463 -203.500000
v -163.695007 35.062500 -207.500000
v -163.695007 35.937500 -207.500000
v -163.693481 35.065155 -203.500000
v -163.693481 35.934845 -203.500000
v -163.607590 35.273533 -207.500000
v -163.607590 35.726467 -207.500000
v -163.607208 35.275013 -203.500000
v -163.607208 35.724987 -203.500000
v -163.577774 35.500000 -207.500000
v -163.577774 35.500000 -203.500000
v -163.202774 25.328426 -194.250000
v -163.202774 25.328426 -182.500000
v -163.202774 34.500000 -196.750000
v -163.202774 34.500000 -194.250000
v -163.202774 36.500000 -196.750000
v -163.202774 36.500000 -194.250000
v -163.202774 45.671574 -194.250000
v -163.202774 45.671574 -182.500000
v -162.202774 21.500000 -205.500000
v -162.202774 49.500000 -205.500000
v -161.402786 30.500000 -202.500000
v -161.402786 30.500000 -198.375000
v -161.402786 30.500000 -194.250000
v -161.402786 40.500000 -202.500000
v -161.402786 40.500000 -198.375000
v -161.402786 40.500000 -194.250000
v -161.370407 30.254122 -202.500000
v -161.370407 30.254122 -198.375000
v -161.370407 30.254122 -194.250000
v -161.370407 30.745878 -202.500000
v -161.370407 30.745878 -198.375000
v -161.370407 30.745878 -194.250000
v -161.370407 40.254124 -202.500000
v -161.370407 40.254124 -198.375000
v -161.370407 40.254124 -194.250000
v -161.370407 40.745876 -202.500000
v -161.370407 40.745876 -198.375000
v -161.370407 40.745876 -194.250000
v -161.275513 30.025000 -202.500000
v -161.275513 30.025000 -198.375000
v -161.275513 30.025000 -194.250000
v -161.275513 30.975000 -202.500000
v -161.275513 30.975000 -198.375000
v -161.275513 30.975000 -194.250000
v -161.275513 40.025002 -202.500000
v -161.275513 40.025002 -198.375000
v -161.275513 40.025002 -194.250000
v -161.275513 40.974998 -202.500000
v -161.275513 40.974998 -198.375000
v -161.275513 40.974998 -194.250000
v -161.202774 20.500000 -206.500000
v -161.202774 20.500000 -182.500000
v -161.202774 50.500000 -206.500000
v -161.202774 50.500000 -182.500000
v -161.124527 29.828249 -202.500000
v -161.124527 29.828249 -198.375000
v -161.124527 29.828249 -194.250000
v -161.124527 31.171751 -202.500000
v -161.124527 31.171751 -198.375000
v -161.124527 31.171751 -194.250000
v -161.124527 39.828247 -202.500000
v -161.124527 39.828247 -198.375000
v -161.124527 39.828247 -194.250000
v -161.124527 41.171753 -202.500000
v -161.124527 41.171753 -198.375000
v -161.124527 41.171753 -194.250000
v -160.927780 29.677277 -202.500000
v -160.927780 29.677277 -198.375000
v -160.927780 29.677277 -194.250000
v -160.927780 31.322723 -202.500000
v -160.927780 31.322723 -198.375000
v -160.927780 31.322723 -194.250000
v -160.927780 39.677277 -202.500000
v -160.927780 39.677277 -198.375000
v -160.927780 39.677277 -194.250000
v -160.927780 41.322723 -202.500000
v -160.927780 41.322723 -198.375000
v -160.927780 41.322723 -194.250000
v -160.698654 29.582371 -202.500000
v -160.698654 29.582371 -198.375000
v -160.698654 29.582371 -194.250000
v -160.698654 31.417629 -202.500000
v -160.698654 31.417629 -198.375000
v -160.698654 31.417629 -194.250000
v -160.698654 39.582371 -202.500000
v -160.698654 39.582371 -198.375000
v -160.698654 39.582371 -194.250000
v -160.698654 41.417629 -202.500000
v -160.698654 41.417629 -198.375000
v -160.698654 41.417629 -194.250000
v -160.452774 29.549999 -202.500000
v -160.452774 29.549999 -198.375000
v -160.452774 29.549999 -194.250000
v -160.452774 31.450001 -202.500000
v -160.452774 31.450001 -198.375000
v -160.452774 31.450001 -194.250000
v -160.452774 39.549999 -202.500000
v -160.452774 39.549999 -198.375000
v -160.452774 39.549999 -194.250000
v -160.452774 41.450001 -202.500000
v -160.452774 41.450001 -198.375000
v -160.452774 41.450001 -194.250000
v -160.374359 22.500000 -194.250000
v -160.374359 22.500000 -182.500000
v -160.374359 48.500000 -194.250000
v -160.374359 48.500000 -182.500000
v -160.206909 29.582371 -202.500000
v -160.206909 29.582371 -198.375000
v -160.206909 29.582371 -194.250000
v -160.206909 31.417629 -202.500000
v -160.206909 31.417629 -198.375000
v -160.206909 31.417629 -194.250000
v -160.206909 39.582371 -202.500000
v -160.206909 39.582371 -198.375000
v -160.206909 39.582371 -194.250000
v -160.206909 41.417629 -202.500000
v -160.206909 41.417629 -198.375000
v -160.206909 41.417629 -194.250000
v -159.977783 29.677277 -202.500000
v -159.977783 29.677277 -198.375000
v -159.977783 29.677277 -194.250000
v -159.977783 31.322723 -202.500000
v -159.977783 31.322723 -198.375000
v -159.977783 31.322723 -194.250000
v -159.977783 39.677277 -202.500000
v -159.977783 39.677277 -198.375000
v -159.977783 39.677277 -194.250000
v -159.977783 41.322723 -202.500000
v -159.977783 41.322723 -198.375000
v -159.977783 41.322723 -194.250000
v -159.781036 29.828249 -202.500000
v -159.781036 29.828249 -198.375000
v -159.781036 29.828249 -194.250000
v -159.781036 31.171751 -202.500000
v -159.781036 31.171751 -198.375000
v -159.781036 31.171751 -194.250000
v -159.781036 39.828247 -202.500000
v -159.781036 39.828247 -198.375000
v -159.781036 39.828247 -194.250000
v -159.781036 41.171753 -202.500000
v -159.781036 41.171753 -198.375000
v -159.781036 41.171753 -194.250000
v -159.630051 30.025000 -202.500000
v -159.630051 30.025000 -198.375000
v -159.630051 30.025000 -194.250000
v -159.630051 30.975000 -202.500000
v -159.630051 30.975000 -198.375000
v -159.630051 30.975000 -194.250000
v -159.630051 40.025002 -202.500000
v -159.630051 40.025002 -198.375000
v -159.630051 40.025002 -194.250000
v -159.630051 40.974998 -202.500000
v -159.630051 40.974998 -198.375000
v -159.630051 40.974998 -194.250000
v -159.535156 30.254122 -202.500000
v -159.535156 30.254122 -198.375000
v -159.535156 30.254122 -194.250000
v -159.535156 30.745878 -202.500000
v -159.535156 30.745878 -198.375000
v -159.535156 30.745878 -194.250000
v -159.535156 40.254124 -202.500000
v -159.535156 40.254124 -198.375000
v -159.535156 40.254124 -194.250000
v -159.535156 40.745876 -202.500000
v -159.535156 40.745876 -198.375000
v -159.535156 40.745876 -194.250000
v -159.502777 30.500000 -202.500000
v -159.502777 30.500000 -198.375000
v -159.502777 30.500000 -194.250000
v -159.502777 40.500000 -202.500000
v -159.502777 40.500000 -198.375000
v -159.502777 40.500000 -194.250000
v -158.698334 35.166351 -196.750000
v -158.698334 35.833649 -196.750000
v -158.682755 34.792576 -207.500000
v -158.682755 36.207424 -207.500000
v -158.662720 34.500000 -196.750000
v -158.662720 34.500000 -194.250000
v -158.662720 36.500000 -196.750000
v -158.662720 36.500000 -194.250000
v -158.522858 33.386787 -207.500000
v -158.522858 37.613213 -207.500000
v -158.483398 33.168373 -194.250000
v -158.483398 37.831627 -194.250000
v -158.205139 32.008072 -207.500000
v -158.205139 38.991928 -207.500000
v -158.162186 31.863689 -194.250000
v -158.162186 39.136311 -194.250000
v -157.733643 30.674093 -207.500000
v -157.733643 40.325909 -207.500000
v -157.702774 25.500000 -202.750000
v -157.702774 25.500000 -194.250000
v -157.702774 30.601021 -202.750000
v -157.702774 30.601021 -194.250000
v -157.702774 40.398979 -202.750000
v -157.702774 40.398979 -194.250000
v -157.702774 45.500000 -202.750000
v -157.702774 45.500000 -194.250000
v -157.627563 24.832438 -202.750000
v -157.627563 24.832438 -194.250000
v -157.627563 46.167564 -202.750000
v -157.627563 46.167564 -194.250000
v -157.405685 24.198349 -202.750000
v -157.405685 24.198349 -194.250000
v -157.405685 46.801651 -202.750000
v -157.405685 46.801651 -194.250000
v -157.114410 29.401941 -207.500000
v -157.114410 41.598057 -207.500000
v -157.048279 23.629530 -202.750000
v -157.048279 23.629530 -194.250000
v -157.048279 47.370468 -202.750000
v -157.048279 47.370468 -194.250000
v -157.039337 29.269510 -202.750000
v -157.039337 41.730492 -202.750000
v -156.573257 23.154505 -202.750000
v -156.573257 23.154505 -194.250000
v -156.573257 47.845493 -202.750000
v -156.573257 47.845493 -194.250000
v -156.355392 28.207916 -207.500000
v -156.355392 42.792084 -207.500000
v -156.222412 28.026247 -202.750000
v -156.222412 42.973755 -202.750000
v -156.004425 22.797094 -202.750000
v -156.004425 22.797094 -194.250000
v -156.004425 48.202908 -202.750000
v -156.004425 48.202908 -194.250000
v -155.466309 27.107315 -207.500000
v -155.466309 43.892685 -207.500000
v -155.370346 22.575216 -202.750000
v -155.370346 22.575216 -194.250000
v -155.370346 48.424786 -202.750000
v -155.370346 48.424786 -194.250000
v -155.263565 26.888838 -202.750000
v -155.263565 44.111160 -202.750000
v -154.702774 22.500000 -202.750000
v -154.702774 22.500000 -194.250000
v -154.702774 48.500000 -202.750000
v -154.702774 48.500000 -194.250000
v -154.458527 26.114237 -207.500000
v -154.458527 44.885765 -207.500000
v -154.176392 25.873396 -202.750000
v -154.176392 45.126602 -202.750000
v -153.345001 25.241404 -207.500000
v -153.345001 45.758595 -207.500000
v -152.976288 24.994303 -202.750000
v -152.976288 46.005699 -202.750000
v -152.139954 24.500000 -210.000000
v -152.139954 24.500000 -207.500000
v -152.139954 46.500000 -210.000000
v -152.139954 46.500000 -207.500000
v -151.680237 24.264008 -202.750000
v -151.680237 46.735992 -202.750000
v -150.803192 23.877340 -210.000000
v -150.803192 47.122662 -210.000000
v -150.306595 23.692856 -202.750000
v -150.306595 47.307144 -202.750000
v -149.402405 23.416439 -210.000000
v -149.402405 47.583561 -210.000000
v -148.874847 23.288937 -202.750000
v -148.874847 47.711063 -202.750000
v -147.957077 23.123714 -210.000000
v -147.957077 47.876286 -210.000000
v -147.405243 23.057972 -202.750000
v -147.405243 47.942028 -202.750000
v -146.487350 23.003239 -210.000000
v -146.487350 47.996761 -210.000000
v -145.918610 23.003231 -202.750000
v -145.918610 47.996769 -202.750000
v -145.013657 23.056690 -210.000000
v -145.013657 47.943310 -210.000000
v -144.436005 23.125490 -202.750000
v -144.436005 47.874512 -202.750000
v -143.556503 23.283321 -210.000000
v -143.556503 47.716679 -210.000000
v -142.978424 23.423018 -202.750000
v -142.978424 47.576981 -202.750000
v -142.136185 23.679983 -210.000000
v -142.136185 47.320019 -210.000000
v -141.566498 23.891602 -202.750000
v -141.566498 47.108398 -202.750000
v -140.772461 24.241150 -210.000000
v -140.772461 46.758850 -210.000000
v -140.220261 24.524601 -202.750000
v -140.220261 46.475399 -202.750000
v -139.484329 24.959015 -210.000000
v -139.484329 46.040985 -210.000000
v -138.958740 25.313053 -202.750000
v -138.958740 45.686947 -202.750000
v -138.294647 20.500000 -205.000000
v -138.294647 20.500000 -182.500000
v -138.289688 25.823586 -210.000000
v -138.289688 45.176414 -210.000000
v -137.799835 26.245790 -202.750000
v -137.799835 44.754211 -202.750000
v -137.763519 22.500000 -202.750000
v -137.763519 22.500000 -182.500000
v -137.205185 26.822828 -210.000000
v -137.205185 44.177170 -210.000000
v -136.759933 27.309601 -202.750000
v -136.759933 43.690399 -202.750000
v -136.245911 27.942839 -210.000000
v -136.245911 43.057159 -210.000000
v -135.853790 28.489418 -202.750000
v -135.853790 42.510582 -202.750000
v -135.425201 29.168026 -210.000000
v -135.425201 41.831974 -210.000000
v -135.294647 20.500000 -210.000000
v -135.294647 50.500000 -210.000000
v -135.094208 29.768530 -202.750000
v -135.094208 41.231468 -202.750000
v -134.754501 30.481340 -210.000000
v -134.754501 40.518658 -210.000000
v -134.491989 31.128820 -202.750000
v -134.491989 39.871178 -202.750000
v -134.457306 50.480511 -209.516846
v -134.243134 31.864504 -210.000000
v -134.243134 39.135498 -210.000000
v -134.211594 50.461086 -209.949615
v -134.114059 50.500000 -208.169724
v -134.055618 32.551025 -202.750000
v -134.055618 38.448975 -202.750000
v -134.039841 50.456215 -209.275467
v -133.898209 33.298264 -210.000000
v -133.898209 37.701736 -210.000000
v -133.791306 34.014996 -202.750000
v -133.791306 36.985004 -202.750000
v -133.771561 17.915384 -204.000000
v -133.771561 17.915384 -182.500000
v -133.724548 34.762669 -210.000000
v -133.724548 36.237331 -210.000000
v -133.702774 35.500000 -202.750000
v -133.672852 20.587931 -210.000000
v -133.672852 50.412071 -210.000000
v -133.152115 20.500000 -208.775558
v -133.134079 50.344608 -209.899231
v -132.977554 50.380180 -208.661057
v -132.813217 20.629656 -209.131760
v -132.738419 50.500000 -207.405228
v -132.340103 50.339710 -208.296494
v -132.318146 19.388357 -202.750000
v -132.318146 19.388357 -182.500000
v -132.070084 20.850691 -210.000000
v -132.070084 50.149307 -210.000000
v -132.021561 16.915384 -205.000000
v -131.695358 50.300220 -207.933517
v -131.593719 20.885359 -209.131760
v -131.593719 50.114639 -209.131760
v -131.538345 20.666687 -208.289902
v -131.314133 50.500000 -206.658295
v -131.043732 50.262127 -207.574738
v -130.505127 21.285202 -210.000000
v -130.505127 49.714798 -210.000000
v -130.493073 20.500000 -207.366531
v -130.472107 50.007233 -208.328125
v -130.399490 21.240896 -209.131760
v -130.399490 49.759106 -209.131760
v -130.393219 16.121836 -202.750000
v -130.393219 16.121836 -182.500000
v -130.385696 50.225849 -207.222763
v -130.326248 21.027542 -208.289902
v -130.326248 49.972458 -208.289902
v -130.206650 20.679165 -207.500000
v -130.071716 15.710469 -202.750000
v -130.071716 15.710469 -192.625000
v -130.071716 15.710469 -182.500000
v -129.846588 50.500000 -205.955002
v -129.654678 15.396334 -202.750000
v -129.654678 15.396334 -192.625000
v -129.654678 15.396334 -182.500000
v -129.238693 21.693836 -209.131760
v -129.238693 49.306164 -209.131760
v -129.170563 15.200836 -202.750000
v -129.170563 15.200836 -192.625000
v -129.170563 15.200836 -182.500000
v -129.148087 21.487261 -208.289902
v -129.148087 49.512741 -208.289902
v -129.119659 20.500000 -206.725647
v -129.117737 49.860493 -207.566269
v -129.051224 50.160294 -206.550369
v -129.000122 21.149948 -207.500000
v -128.996307 21.886368 -210.000000
v -128.996307 49.113632 -210.000000
v -128.799316 20.692148 -206.786057
v -128.652344 15.137300 -202.750000
v -128.652344 15.137300 -192.625000
v -128.652344 15.137300 -182.500000
v -128.341339 50.500000 -205.321716
v -128.135330 15.210055 -202.750000
v -128.135330 15.210055 -192.625000
v -128.135330 15.210055 -182.500000
v -128.119278 22.241087 -209.131760
v -128.119278 48.758911 -209.131760
v -128.011917 22.042700 -208.289902
v -128.011917 48.957298 -208.289902
v -127.836609 21.718758 -207.500000
v -127.836609 49.281242 -207.500000
v -127.747116 49.736515 -206.855377
v -127.724770 20.500000 -206.156662
v -127.693474 50.105141 -205.938354
v -127.654762 15.414144 -202.750000
v -127.654762 15.414144 -182.500000
v -127.598679 21.279104 -206.786057
v -127.598679 49.720894 -206.786057
v -127.561333 22.647142 -210.000000
v -127.561333 48.352859 -210.000000
v -127.305359 20.737099 -206.169785
v -127.048874 22.878910 -209.131760
v -127.048874 48.121090 -209.131760
v -126.925499 22.690065 -208.289902
v -126.925499 48.309933 -208.289902
v -126.873192 15.874715 -202.750000
v -126.873192 15.874715 -185.098419
v -126.856499 15.937078 -187.743103
v -126.804527 50.500000 -204.784012
v -126.799515 15.943036 -186.921143
v -126.795052 16.126564 -190.385315
v -126.742226 16.270098 -191.684052
v -126.724037 22.381708 -207.500000
v -126.724037 48.618294 -207.500000
v -126.672035 16.444994 -192.945328
v -126.583534 16.642254 -194.115601
v -126.535049 16.742002 -202.750000
v -126.475433 16.856745 -195.184128
v -126.450615 21.963203 -206.786057
v -126.450615 49.036797 -206.786057
v -126.428322 16.441107 -191.408508
v -126.363152 16.301336 -189.091461
v -126.358284 49.637646 -206.222015
v -126.346359 17.084015 -196.145325
v -126.315002 20.500000 -205.680008
v -126.314194 50.061306 -205.408325
v -126.287918 16.778149 -193.659561
v -126.217033 23.558603 -210.000000
v -126.217033 47.441395 -210.000000
v -126.195992 17.318102 -196.988571
v -126.165207 17.176649 -195.924545
v -126.139160 16.307266 -184.926346
v -126.113541 21.447271 -206.169785
v -126.113541 49.552727 -206.169785
v -126.088097 16.362312 -186.738297
v -126.042007 17.531580 -202.750000
v -126.034798 23.602949 -209.131760
v -126.034798 47.397053 -209.131760
v -126.031853 17.544647 -197.680389
v -125.961555 16.716867 -191.258270
v -125.949303 17.306971 -195.815811
v -125.945236 16.981627 -193.527924
v -125.926735 17.621601 -197.668182
v -125.896248 23.424938 -208.289902
v -125.896248 47.575062 -208.289902
v -125.859459 17.757116 -198.222321
v -125.812691 17.693787 -197.594131
v -125.770447 16.650841 -188.941498
v -125.726631 17.440985 -195.720947
v -125.723053 20.849586 -205.669876
v -125.716537 17.903702 -198.462677
v -125.692711 17.769293 -197.526382
v -125.689117 17.945551 -198.611954
v -125.670006 23.134268 -207.500000
v -125.670006 47.865730 -207.500000
v -125.654984 17.945644 -198.417358
v -125.595085 17.189259 -193.419662
v -125.588478 17.990622 -198.374695
v -125.567642 17.847534 -197.465347
v -125.543312 18.085493 -198.780502
v -125.534729 18.100992 -198.856674
v -125.517197 18.038422 -198.334793
v -125.505432 18.113333 -198.755386
v -125.497925 17.578218 -195.640137
v -125.487442 16.996815 -191.141129
v -125.468193 18.163925 -198.930466
v -125.463501 18.143883 -198.731476
v -125.444557 18.182131 -198.910400
v -125.441338 18.088837 -198.297806
v -125.437897 17.928194 -197.411102
v -125.417656 18.176954 -198.708832
v -125.413307 18.214130 -198.975098
v -125.411148 18.216080 -202.750000
v -125.403610 18.214092 -198.890274
v -125.399338 18.225494 -198.965714
v -125.398323 16.743832 -184.803238
v -125.380280 18.243422 -198.988312
v -125.372993 18.250074 -198.996033
v -125.372299 18.238243 -198.877731
v -125.370544 18.249037 -198.955215
v -125.368660 16.786297 -186.607376
v -125.368034 18.212366 -198.687515
v -125.362961 22.739773 -206.786057
v -125.362961 48.260227 -206.786057
v -125.361389 18.141460 -198.263977
v -125.360657 18.259951 -198.982864
v -125.355949 18.265038 -199.000000
v -125.337585 18.264727 -198.865784
v -125.333916 18.278576 -198.945145
v -125.333572 18.282534 -198.977600
v -125.314766 18.249941 -198.667572
v -125.305878 18.300884 -198.938873
v -125.303909 18.010958 -197.363770
v -125.299591 18.293367 -198.854462
v -125.299103 18.310863 -198.972580
v -125.277901 18.195866 -198.233490
v -125.274773 18.325335 -198.932892
v -125.272705 18.332251 -198.969437
v -125.264076 17.718084 -195.573685
v -125.258408 18.324003 -198.843796
v -125.257988 18.289501 -198.649094
v -125.243408 18.355686 -198.966446
v -125.242317 50.500000 -204.367355
v -125.240707 18.351763 -198.927246
v -125.239334 17.399927 -193.335236
v -125.214149 18.356474 -198.833832
v -125.211304 18.381008 -198.963623
v -125.203751 18.380014 -198.921906
v -125.198036 18.330715 -198.632187
v -125.191147 18.251814 -198.206406
v -125.176453 18.408068 -198.960953
v -125.171043 17.004230 -188.834106
v -125.166893 18.390615 -198.824600
v -125.166092 18.095509 -197.323456
v -125.163986 18.409933 -198.916931
v -125.138939 18.436712 -198.958466
v -125.135315 18.373232 -198.616959
v -125.121498 18.441366 -198.912308
v -125.116936 18.426132 -198.816147
v -125.116776 18.461323 -199.000000
v -125.101395 18.309071 -198.182770
v -125.098831 18.466791 -198.956161
v -125.083969 24.408255 -209.131760
v -125.083969 46.591743 -209.131760
v -125.076530 18.474037 -198.908081
v -125.070023 18.416857 -198.603424
v -125.065887 14.500000 -205.000000
v -125.065887 14.500000 -201.000000
v -125.064590 18.462713 -198.808533
v -125.056366 18.498039 -198.954041
v -125.029373 18.507652 -198.904282
v -125.026337 17.859818 -195.521866
v -125.024986 18.181463 -197.290298
v -125.011803 18.530172 -198.952148
v -125.010025 18.500183 -198.801773
v -125.008919 18.367393 -198.162643
v -125.007912 17.279804 -191.057251
v -125.002357 18.461388 -198.591614
v -124.984428 22.253439 -206.169785
v -124.984428 48.746563 -206.169785
v -124.980171 18.542048 -198.900894
v -124.979149 24.610067 -210.000000
v -124.979149 46.389931 -210.000000
v -124.978714 13.782053 -205.000000
v -124.978714 13.782053 -201.000000
v -124.978714 15.217947 -205.000000
v -124.978714 15.217947 -201.000000
v -124.965279 18.563030 -198.950455
v -124.958534 7.427103 -202.750000
v -124.958534 7.427103 -192.625000
v -124.958534 7.427103 -182.500000
v -124.953400 18.538361 -198.795868
v -124.949326 49.566036 -205.692703
v -124.932526 18.506630 -198.581558
v -124.931198 24.242294 -208.289902
v -124.931198 46.757706 -208.289902
v -124.929062 18.577049 -198.897949
v -124.916924 18.596445 -198.948975
v -124.915176 50.029636 -204.981766
v -124.914070 18.426504 -198.146072
v -124.897301 20.500000 -205.315292
v -124.894997 7.945327 -202.750000
v -124.894997 7.945327 -192.625000
v -124.894997 7.945327 -182.500000
v -124.894875 18.577068 -198.790833
v -124.885773 6.910092 -202.750000
v -124.885773 6.910092 -192.625000
v -124.885773 6.910092 -182.500000
v -124.881348 18.268333 -197.264450
v -124.879417 17.612768 -193.274796
v -124.876190 18.612492 -198.895432
v -124.866882 18.630257 -198.947723
v -124.865921 18.642439 -199.000000
v -124.860771 18.552345 -198.573273
v -124.834663 18.616095 -198.786697
v -124.821747 18.648176 -198.893372
v -124.817360 18.486048 -198.133163
v -124.815323 18.664268 -198.946686
v -124.787491 18.598255 -198.566833
v -124.785675 18.002825 -195.484756
v -124.773087 18.655193 -198.783478
v -124.766022 18.683872 -198.891754
v -124.762520 18.698263 -198.945877
v -124.735771 18.355743 -197.245941
v -124.722252 13.105830 -205.000000
v -124.722252 13.105830 -201.000000
v -124.722252 15.894170 -205.000000
v -124.722252 15.894170 -201.000000
v -124.719185 18.545759 -198.123932
v -124.712982 18.644144 -198.562210
v -124.710411 18.694180 -198.781174
v -124.709251 18.719406 -198.890594
v -124.708702 18.732073 -198.945297
v -124.699501 8.429449 -202.750000
v -124.699501 8.429449 -192.625000
v -124.699501 8.429449 -182.500000
v -124.681725 23.971300 -207.500000
v -124.681725 47.028702 -207.500000
v -124.681686 6.429528 -202.750000
v -124.681686 6.429528 -182.500000
v -124.664337 18.771776 -202.750000
v -124.654099 18.765535 -198.944962
v -124.653191 17.182928 -184.729263
v -124.651672 18.754610 -198.889908
v -124.646881 18.732866 -198.779785
v -124.644081 17.213301 -186.528625
v -124.637558 18.689802 -198.559433
v -124.619942 18.605373 -198.118362
v -124.604347 18.807692 -199.000000
v -124.588829 18.443321 -197.234818
v -124.567314 17.360102 -188.769531
v -124.545921 21.690041 -205.669876
v -124.545921 49.309959 -205.669876
v -124.543068 18.146521 -195.462448
v -124.524864 17.564703 -191.006790
v -124.516785 17.826921 -193.238434
v -124.385361 8.846477 -202.750000
v -124.385361 8.846477 -192.625000
v -124.385361 8.846477 -182.500000
v -124.343147 23.603508 -206.786057
v -124.343147 47.396492 -206.786057
v -124.311417 12.510632 -205.000000
v -124.311417 12.510632 -201.000000
v -124.311417 16.489368 -205.000000
v -124.311417 16.489368 -201.000000
v -124.299469 18.290318 -195.454987
v -124.202896 25.289330 -209.131760
v -124.202896 45.710670 -209.131760
v -124.170181 18.363592 -195.454987
v -124.081192 17.919912 -191.885269
v -124.060753 21.066700 -205.301544
v -124.038490 18.432459 -195.454987
v -124.036934 25.136551 -208.289902
v -124.036934 45.863449 -208.289902
v -123.973991 9.167990 -202.750000
v -123.973991 9.167990 -182.500000
v -123.964539 17.986027 -191.885269
v -123.950027 17.697329 -188.299057
v -123.925751 23.150093 -206.169785
v -123.925751 47.849907 -206.169785
v -123.906273 17.623077 -184.704575
v -123.906273 17.623077 -182.500000
v -123.904549 18.496838 -195.454987
v -123.862213 25.789206 -210.000000
v -123.862213 45.210793 -210.000000
v -123.845718 18.048162 -191.885269
v -123.840965 17.759140 -188.299057
v -123.827461 19.179409 -202.750000
v -123.770081 12.031049 -205.000000
v -123.770081 12.031049 -201.000000
v -123.770081 16.968952 -205.000000
v -123.770081 16.968952 -201.000000
v -123.769592 19.200787 -199.000000
v -123.768509 18.556658 -195.454987
v -123.765945 24.887083 -207.500000
v -123.765945 46.112915 -207.500000
v -123.729874 17.817232 -188.299057
v -123.724869 18.106251 -191.885269
v -123.690887 14.500000 -201.000000
v -123.690887 14.500000 -191.750000
v -123.690887 14.500000 -182.500000
v -123.660988 50.500000 -204.096664
v -123.635513 14.079419 -201.000000
v -123.635513 14.079419 -191.750000
v -123.635513 14.079419 -182.500000
v -123.635513 14.920581 -201.000000
v -123.635513 14.920581 -191.750000
v -123.635513 14.920581 -182.500000
v -123.630524 18.611847 -195.454987
v -123.616890 17.871540 -188.299057
v -123.602119 18.160225 -191.885269
v -123.518837 49.521381 -205.293793
v -123.502136 17.921999 -188.299057
v -123.498474 50.009750 -204.680069
v -123.490761 18.662346 -195.454987
v -123.478615 20.500000 -205.082092
v -123.477623 18.210022 -191.885269
v -123.473175 13.687500 -201.000000
v -123.473175 13.687500 -191.750000
v -123.473175 13.687500 -182.500000
v -123.473175 15.312500 -201.000000
v -123.473175 15.312500 -191.750000
v -123.473175 15.312500 -182.500000
v -123.442215 22.624832 -205.669876
v -123.442215 48.375168 -205.669876
v -123.398148 24.548508 -206.786057
v -123.398148 46.451492 -206.786057
v -123.397591 26.240152 -209.131760
v -123.397591 44.759846 -209.131760
v -123.385742 17.968555 -188.299057
v -123.351517 18.255585 -191.885269
v -123.349365 18.708096 -195.454987
v -123.267838 18.011154 -188.299057
v -123.223938 18.296864 -191.885269
v -123.219582 26.101601 -208.289902
v -123.219582 44.898399 -208.289902
v -123.216728 17.937468 -184.704575
v -123.216728 17.937468 -182.500000
v -123.214935 13.350951 -201.000000
v -123.214935 13.350951 -191.750000
v -123.214935 13.350951 -182.500000
v -123.214935 15.649049 -201.000000
v -123.214935 15.649049 -191.750000
v -123.214935 15.649049 -182.500000
v -123.206512 18.749043 -195.454987
v -123.192421 9.628561 -202.750000
v -123.192421 9.628561 -185.098419
v -123.148567 18.049746 -188.299057
v -123.129700 11.694951 -205.000000
v -123.129700 11.694951 -201.000000
v -123.129700 17.305048 -205.000000
v -123.129700 17.305048 -201.000000
v -123.129646 9.612919 -187.745819
v -123.095047 18.333809 -191.885269
v -123.062355 18.785143 -195.454987
v -123.028061 18.084288 -188.299057
v -122.964973 18.366381 -191.885269
v -122.944733 24.131109 -206.169785
v -122.944733 46.868889 -206.169785
v -122.933708 9.574800 -190.390671
v -122.929527 19.424849 -202.750000
v -122.928909 25.875364 -207.500000
v -122.928909 45.124634 -207.500000
v -122.917053 18.816353 -195.454987
v -122.907234 22.043684 -205.301544
v -122.907234 48.956318 -205.301544
v -122.906456 18.114738 -188.299057
v -122.879311 27.082193 -210.000000
v -122.879311 43.917805 -210.000000
v -122.878387 13.092709 -201.000000
v -122.878387 13.092709 -191.750000
v -122.878387 13.092709 -182.500000
v -122.878387 15.907291 -201.000000
v -122.878387 15.907291 -191.750000
v -122.878387 15.907291 -182.500000
v -122.876816 19.433802 -199.000000
v -122.864838 50.500000 -204.024765
v -122.833878 18.394541 -191.885269
v -122.824463 9.719444 -189.169006
v -122.795227 49.508469 -205.152374
v -122.783890 18.141066 -188.299057
v -122.782227 9.551439 -191.690628
v -122.774513 9.849898 -186.831650
v -122.770790 18.842638 -195.454987
v -122.701904 18.418257 -191.885269
v -122.673553 27.254230 -209.131760
v -122.673553 43.745770 -209.131760
v -122.660507 18.163239 -188.299057
v -122.626457 9.658085 -191.462555
v -122.623718 18.863968 -195.454987
v -122.594841 9.528100 -192.952805
v -122.569206 18.437504 -191.885269
v -122.536446 18.181232 -188.299057
v -122.534416 25.568317 -206.786057
v -122.534416 45.431683 -206.786057
v -122.486465 12.930370 -201.000000
v -122.486465 12.930370 -191.750000
v -122.486465 12.930370 -182.500000
v -122.486465 16.069630 -201.000000
v -122.486465 16.069630 -191.750000
v -122.486465 16.069630 -182.500000
v -122.484711 27.130852 -208.289902
v -122.484711 43.869148 -208.289902
v -122.476891 18.101625 -184.704575
v -122.476891 18.101625 -182.500000
v -122.476013 18.880318 -195.454987
v -122.458687 10.060939 -184.926422
v -122.435928 18.452255 -191.885269
v -122.427498 11.521873 -205.000000
v -122.427498 11.521873 -201.000000
v -122.427498 17.478127 -205.000000
v -122.427498 17.478127 -201.000000
v -122.419472 23.647572 -205.669876
v -122.419472 47.352428 -205.669876
v -122.411850 18.195024 -188.299057
v -122.379013 9.509976 -194.123627
v -122.337059 21.424307 -205.075958
v -122.327835 18.891670 -195.454987
v -122.303391 10.026277 -189.018051
v -122.302238 18.462500 -191.885269
v -122.286858 18.204601 -188.299057
v -122.269897 9.504164 -202.750000
v -122.216042 9.899268 -191.318848
v -122.186501 9.663134 -193.689011
v -122.179359 18.898012 -195.454987
v -122.176353 26.929392 -207.500000
v -122.176353 44.070610 -207.500000
v -122.168274 18.468222 -191.885269
v -122.161606 18.209949 -188.299057
v -122.141113 10.223117 -186.688004
v -122.138573 9.500693 -195.192444
v -122.065887 12.875000 -201.000000
v -122.065887 12.875000 -191.750000
v -122.065887 12.875000 -182.500000
v -122.065887 16.125000 -201.000000
v -122.065887 16.125000 -191.750000
v -122.065887 16.125000 -182.500000
v -122.065887 20.500000 -205.000000
v -122.065887 49.501495 -205.054703
v -122.065887 50.500000 -204.000000
v -122.048080 25.189787 -206.169785
v -122.048080 45.810211 -206.169785
v -122.041962 28.473873 -210.000000
v -122.041962 42.526127 -210.000000
v -122.036255 18.211067 -188.299057
v -122.035728 28.324636 -209.131760
v -122.035728 42.675365 -209.131760
v -122.034187 18.469416 -191.885269
v -122.030754 18.899336 -195.454987
v -122.001656 19.499588 -202.750000
v -121.956421 19.498802 -199.000000
v -121.910934 18.207949 -188.299057
v -121.900146 18.466080 -191.885269
v -121.892754 9.512572 -196.029205
v -121.883545 9.840240 -193.566879
v -121.882195 18.895639 -195.454987
v -121.876785 9.503614 -196.153687
v -121.838326 23.112589 -205.301544
v -121.838326 47.887413 -205.301544
v -121.837341 28.217274 -208.289902
v -121.837341 42.782726 -208.289902
v -121.798927 10.144513 -191.200928
v -121.785789 18.200600 -188.299057
v -121.775536 10.337148 -188.900238
v -121.766289 18.458220 -191.885269
v -121.757851 26.655970 -206.786057
v -121.757851 44.344028 -206.786057
v -121.733841 18.886927 -195.454987
v -121.719093 18.108374 -184.704575
v -121.719093 18.108374 -182.500000
v -121.717873 10.497492 -184.803299
v -121.705009 9.620268 -195.921936
v -121.704277 11.521873 -205.000000
v -121.704277 11.521873 -201.000000
v -121.704277 17.478127 -205.000000
v -121.704277 17.478127 -201.000000
v -121.660965 18.189028 -188.299057
v -121.645309 12.930370 -201.000000
v -121.645309 12.930370 -191.750000
v -121.645309 12.930370 -182.500000
v -121.645309 16.069630 -201.000000
v -121.645309 16.069630 -191.750000
v -121.645309 16.069630 -182.500000
v -121.632774 18.445843 -191.885269
v -121.598816 9.521920 -196.996384
v -121.585861 18.873211 -195.454987
v -121.575058 10.020796 -193.463318
v -121.536598 18.173248 -188.299057
v -121.513405 28.041965 -207.500000
v -121.513405 42.958035 -207.500000
v -121.511284 9.731674 -195.825089
v -121.501816 10.599816 -186.585037
v -121.501633 50.000034 -204.506027
v -121.499756 18.428963 -191.885269
v -121.488480 29.444056 -209.131760
v -121.488480 41.555946 -209.131760
v -121.484688 24.751278 -205.669876
v -121.484688 46.248722 -205.669876
v -121.438438 18.854504 -195.454987
v -121.412842 18.153276 -188.299057
v -121.376411 10.393053 -191.108902
v -121.367378 18.407600 -191.885269
v -121.359993 29.947927 -210.000000
v -121.359993 41.052071 -210.000000
v -121.340302 9.552928 -202.750000
v -121.320999 9.555933 -197.687012
v -121.312370 9.846366 -195.739029
v -121.291725 18.830828 -195.454987
v -121.289825 18.129135 -188.299057
v -121.281906 29.353443 -208.289902
v -121.281906 41.646557 -208.289902
v -121.263222 9.578818 -197.708115
v -121.261581 10.204500 -193.378342
v -121.253387 13.092709 -201.000000
v -121.253387 13.092709 -191.750000
v -121.253387 13.092709 -182.500000
v -121.253387 15.907291 -201.000000
v -121.253387 15.907291 -191.750000
v -121.253387 15.907291 -182.500000
v -121.242798 10.650954 -188.815796
v -121.241913 26.318893 -206.169785
v -121.241913 44.681107 -206.169785
v -121.235802 18.381781 -191.885269
v -121.218948 22.542412 -205.075958
v -121.218948 48.457588 -205.075958
v -121.167702 18.100855 -188.299057
v -121.161873 9.634090 -197.639603
v -121.145897 18.802210 -195.454987
v -121.109055 9.963914 -195.664047
v -121.105171 18.351530 -191.885269
v -121.076012 19.401035 -202.750000
v -121.073746 27.804037 -206.786057
v -121.073746 43.195965 -206.786057
v -121.055908 9.692191 -197.576141
v -121.051659 9.603948 -198.227493
v -121.046593 18.068464 -188.299057
v -121.039757 19.393574 -199.000000
v -121.035538 30.604843 -209.131760
v -121.035538 40.395157 -209.131760
v -121.011787 49.500000 -205.000000
v -121.011787 50.500000 -204.000000
v -121.002075 11.694951 -205.000000
v -121.002075 11.694951 -201.000000
v -121.002075 17.305048 -205.000000
v -121.002075 17.305048 -201.000000
v -121.001122 18.768682 -195.454987
v -120.976448 17.957418 -184.704575
v -120.976448 17.957418 -182.500000
v -120.975639 18.316885 -191.885269
v -120.972603 10.936669 -184.729294
v -120.950005 10.644005 -191.042938
v -120.945366 9.753133 -197.517563
v -120.944595 29.205484 -207.500000
v -120.944595 41.794518 -207.500000
v -120.944084 10.390780 -193.312012
v -120.926659 18.032003 -188.299057
v -120.916840 13.350951 -201.000000
v -120.916840 13.350951 -191.750000
v -120.916840 13.350951 -182.500000
v -120.916840 15.649049 -201.000000
v -120.916840 15.649049 -191.750000
v -120.916840 15.649049 -182.500000
v -120.902084 10.083918 -195.600479
v -120.868141 9.651814 -198.471024
v -120.861343 24.266111 -205.301544
v -120.861343 46.733891 -205.301544
v -120.858887 10.978672 -186.523056
v -120.857552 18.730286 -195.454987
v -120.847351 18.277885 -191.885269
v -120.841393 31.487076 -210.000000
v -120.841393 39.512924 -210.000000
v -120.830734 9.816689 -197.464035
v -120.822189 30.531599 -208.289902
v -120.822189 40.468399 -208.289902
v -120.809990 9.681065 -198.430191
v -120.808014 17.991512 -188.299057
v -120.804153 9.661848 -198.616074
v -120.768608 21.752481 -205.000000
v -120.747810 9.712584 -198.391357
v -120.720451 18.234575 -191.885269
v -120.715370 18.687063 -195.454987
v -120.712502 9.882623 -197.415726
v -120.707031 10.966590 -188.764954
v -120.691826 10.206185 -195.548325
v -120.690811 17.947037 -188.299057
v -120.681938 9.746251 -198.354736
v -120.680000 31.799070 -209.131760
v -120.680000 39.200932 -209.131760
v -120.658592 13.687500 -201.000000
v -120.658592 13.687500 -191.750000
v -120.658592 13.687500 -182.500000
v -120.658592 15.312500 -201.000000
v -120.658592 15.312500 -191.750000
v -120.658592 15.312500 -182.500000
v -120.644234 25.928408 -205.669876
v -120.644234 45.071594 -205.669876
v -120.623718 10.578977 -193.264481
v -120.612717 9.781939 -198.320526
v -120.597755 9.728322 -198.770416
v -120.595085 18.187004 -191.885269
v -120.593689 9.721651 -198.859238
v -120.591156 9.950696 -197.372787
v -120.575172 17.898628 -188.299057
v -120.574722 18.639061 -195.454987
v -120.540359 9.819592 -198.288818
v -120.532883 9.758373 -198.735657
v -120.531746 27.510717 -206.169785
v -120.531746 43.489281 -206.169785
v -120.521217 10.896487 -191.003220
v -120.506721 9.749310 -198.932236
v -120.505852 9.750245 -198.923111
v -120.496254 14.079419 -201.000000
v -120.496254 14.079419 -191.750000
v -120.496254 14.079419 -182.500000
v -120.496254 14.920581 -201.000000
v -120.496254 14.920581 -191.750000
v -120.496254 14.920581 -182.500000
v -120.492249 33.073269 -210.000000
v -120.492249 37.926731 -210.000000
v -120.488167 9.779368 -198.715240
v -120.486794 29.004675 -206.786057
v -120.486794 41.995327 -206.786057
v -120.478951 10.330335 -195.507614
v -120.473808 30.412001 -207.500000
v -120.473808 40.588001 -207.500000
v -120.471397 18.135225 -191.885269
v -120.467186 10.020671 -197.335388
v -120.467041 9.766592 -198.903656
v -120.464912 9.859240 -198.259567
v -120.461327 31.743694 -208.289902
v -120.461327 39.256306 -208.289902
v -120.461235 17.846340 -188.299057
v -120.440887 14.500000 -201.000000
v -120.440887 14.500000 -191.750000
v -120.440887 14.500000 -182.500000
v -120.440361 9.802072 -198.695847
v -120.436836 9.773025 -198.971680
v -120.436684 9.772875 -198.976089
v -120.435852 9.773162 -202.750000
v -120.435783 18.586336 -195.454987
v -120.424301 33.018578 -209.131760
v -120.424301 37.981422 -209.131760
v -120.420029 9.786708 -198.885239
v -120.409340 9.783895 -198.961563
v -120.400436 9.785612 -198.989334
v -120.389732 9.826408 -198.677551
v -120.387230 9.790619 -198.985840
v -120.386703 9.900743 -198.232849
v -120.386597 9.790437 -198.996307
v -120.373947 9.798123 -198.951843
v -120.371841 9.795723 -198.999466
v -120.367897 9.797145 -198.999924
v -120.366806 9.797541 -198.999985
v -120.366478 9.797659 -199.000000
v -120.366280 9.797729 -199.000000
v -120.364883 9.810761 -198.867859
v -120.361694 12.031049 -205.000000
v -120.361694 12.031049 -201.000000
v -120.361694 16.968952 -205.000000
v -120.361694 16.968952 -201.000000
v -120.361061 9.800665 -198.980789
v -120.349533 18.079298 -191.885269
v -120.349136 17.790236 -188.299057
v -120.341072 10.092325 -197.303680
v -120.336540 9.852305 -198.660446
v -120.331078 9.815679 -198.942627
v -120.327377 9.813834 -198.975922
v -120.326881 9.827628 -198.857666
v -120.316643 34.687916 -210.000000
v -120.316643 36.312084 -210.000000
v -120.306076 9.943962 -198.208710
v -120.301620 10.768427 -193.235855
v -120.298698 18.528950 -195.454987
v -120.286583 9.830108 -198.971313
v -120.286263 9.845923 -198.847961
v -120.281418 17.655357 -184.704575
v -120.281418 17.655357 -182.500000
v -120.280960 9.879740 -198.644608
v -120.280800 9.836732 -198.933945
v -120.270172 34.255035 -209.131760
v -120.270172 36.744965 -209.131760
v -120.264229 10.455927 -195.478424
v -120.246147 9.851536 -198.928848
v -120.243240 9.865596 -198.838821
v -120.238991 17.730377 -188.299057
v -120.238731 9.849662 -198.966980
v -120.229622 18.019289 -191.885269
v -120.225502 11.376923 -184.704575
v -120.225502 11.376923 -182.500000
v -120.223381 9.988753 -198.187271
v -120.223022 9.908743 -198.629990
v -120.218681 35.500000 -209.131760
v -120.213036 10.165552 -197.277649
v -120.209114 9.867626 -198.923996
v -120.205757 9.863433 -198.964417
v -120.201797 32.981449 -208.289902
v -120.201797 38.018551 -208.289902
v -120.198059 9.886599 -198.830276
v -120.196999 23.749031 -205.075958
v -120.196999 47.250969 -205.075958
v -120.184685 19.132608 -202.750000
v -120.181747 11.302671 -188.299057
v -120.170517 9.878422 -198.962006
v -120.169899 9.884967 -198.919418
v -120.163635 18.466967 -195.454987
v -120.162987 9.939226 -198.616638
v -120.158035 19.121700 -199.000000
v -120.150856 9.908923 -198.822357
v -120.138962 10.034975 -198.168594
v -120.133209 9.894597 -198.959717
v -120.130928 17.666832 -188.299057
v -120.128723 9.903522 -198.915146
v -120.111809 17.955261 -191.885269
v -120.104263 31.653275 -207.500000
v -120.104263 39.346725 -207.500000
v -120.101662 9.932607 -198.815048
v -120.101135 9.971094 -198.604584
v -120.094025 9.911929 -198.957581
v -120.085701 9.923293 -198.911194
v -120.083504 10.240127 -197.257339
v -120.078697 9.911855 -199.000000
v -120.074837 11.368131 -188.299057
v -120.053131 10.082495 -198.152756
v -120.053101 9.930422 -198.955597
v -120.050713 9.957581 -198.808365
v -120.050583 11.080088 -191.885269
v -120.048424 10.582522 -195.460861
v -120.045372 34.236408 -208.289902
v -120.045372 36.763592 -208.289902
v -120.040878 9.944316 -198.907532
v -120.037727 10.004253 -198.593857
v -120.030739 18.400457 -195.454987
v -120.025078 17.599674 -188.299057
v -120.010468 9.950115 -198.953766
v -120.000992 30.249681 -206.786057
v -120.000992 40.750317 -206.786057
v -119.998238 9.983775 -198.802338
v -119.996223 17.887293 -191.885269
v -119.994469 9.966536 -198.904205
v -119.993103 35.500000 -208.289902
v -119.982956 25.496374 -205.301544
v -119.982956 45.503628 -205.301544
v -119.973038 10.038609 -198.584534
v -119.970192 11.437163 -188.299057
v -119.966324 9.970959 -198.952103
v -119.966072 10.131249 -198.139755
v -119.952942 10.315784 -197.242783
v -119.946678 9.989895 -198.901184
v -119.944466 10.011121 -198.796982
v -119.936226 11.150104 -191.885269
v -119.922417 28.757116 -206.169785
v -119.922417 42.242886 -206.169785
v -119.921547 17.528978 -188.299057
v -119.920868 9.992899 -198.950592
v -119.907318 10.074072 -198.576614
v -119.903854 27.170921 -205.669876
v -119.903854 43.829079 -205.669876
v -119.900162 18.329496 -195.454987
v -119.897720 10.014334 -198.898514
v -119.889633 10.039545 -198.792328
v -119.883003 17.815460 -191.885269
v -119.878075 10.181088 -198.129623
v -119.874321 10.015884 -198.949265
v -119.867943 11.509691 -188.299057
v -119.847816 10.039793 -198.896179
v -119.840714 10.110603 -198.570129
v -119.838486 32.920822 -207.500000
v -119.838486 38.079178 -207.500000
v -119.833961 10.068984 -198.788361
v -119.832306 10.709682 -195.454987
v -119.826881 10.039863 -198.948090
v -119.824303 11.223943 -191.885269
v -119.821831 10.392262 -197.234024
v -119.820473 17.454828 -188.299057
v -119.820358 12.510632 -205.000000
v -119.820358 12.510632 -201.000000
v -119.820358 16.489368 -205.000000
v -119.820358 16.489368 -201.000000
v -119.808861 48.156639 -205.000000
v -119.798721 10.043549 -199.000000
v -119.797165 10.066220 -198.894196
v -119.789459 10.231837 -198.122345
v -119.778732 10.064784 -198.947098
v -119.777565 10.099406 -198.785126
v -119.773445 10.148089 -198.565048
v -119.772270 17.739843 -191.885269
v -119.772064 18.254166 -195.454987
v -119.768204 11.585630 -188.299057
v -119.745872 10.093590 -198.892578
v -119.730003 10.090627 -198.946289
v -119.721954 17.377306 -188.299057
v -119.720650 10.130720 -198.782593
v -119.714935 11.301519 -191.885269
v -119.705772 10.186400 -198.561417
v -119.705566 10.787282 -195.454987
v -119.700569 10.283322 -198.117981
v -119.694138 10.121819 -198.891312
v -119.680855 10.117313 -198.945663
v -119.678291 34.205994 -207.500000
v -119.678291 36.794006 -207.500000
v -119.671082 11.664896 -188.299057
v -119.664375 17.215393 -184.704575
v -119.664375 17.215393 -182.500000
v -119.664154 17.660530 -191.885269
v -119.663437 10.162817 -198.780777
v -119.646576 18.174553 -195.454987
v -119.642151 10.150809 -198.890396
v -119.637955 10.225408 -198.559235
v -119.631477 10.144751 -198.945206
v -119.626114 17.296499 -188.299057
v -119.624771 35.500000 -207.500000
v -119.619659 31.530554 -206.786057
v -119.619659 39.469444 -206.786057
v -119.616394 11.827807 -184.704575
v -119.616394 11.827807 -182.500000
v -119.608246 11.382745 -191.885269
v -119.606148 10.195589 -198.779678
v -119.590126 10.180465 -198.889862
v -119.589409 23.116720 -205.000000
v -119.587906 10.157234 -202.750000
v -119.582077 10.172849 -198.944931
v -119.581520 10.869118 -195.454987
v -119.576698 11.747396 -188.299057
v -119.558784 17.577610 -191.885269
v -119.533058 17.212503 -188.299057
v -119.527428 10.192307 -199.000000
v -119.523857 18.090746 -195.454987
v -119.504372 11.467528 -191.885269
v -119.485153 11.833036 -188.299057
v -119.460304 10.955097 -195.454987
v -119.456268 17.491180 -191.885269
v -119.442894 17.125412 -188.299057
v -119.418098 30.049574 -206.169785
v -119.418098 40.950424 -206.169785
v -119.409515 13.105830 -205.000000
v -119.409515 13.105830 -201.000000
v -119.409515 15.894170 -205.000000
v -119.409515 15.894170 -201.000000
v -119.404030 18.002842 -195.454987
v -119.403412 11.555771 -191.885269
v -119.396545 11.921720 -188.299057
v -119.358551 18.703611 -202.750000
v -119.356735 17.401335 -191.885269
v -119.355713 17.035324 -188.299057
v -119.345398 32.838543 -206.786057
v -119.345398 38.161457 -206.786057
v -119.342064 11.045120 -195.454987
v -119.341286 18.692442 -199.000000
v -119.310989 12.013346 -188.299057
v -119.305489 11.647374 -191.885269
v -119.287239 17.910942 -195.454987
v -119.278175 25.035919 -205.075958
v -119.278175 45.964081 -205.075958
v -119.271637 16.942345 -188.299057
v -119.268608 28.470329 -205.669876
v -119.268608 42.529671 -205.669876
v -119.260292 17.308182 -191.885269
v -119.228577 12.107808 -188.299057
v -119.226936 11.139086 -195.454987
v -119.210724 11.742231 -191.885269
v -119.209160 26.794970 -205.301544
v -119.209160 44.205029 -205.301544
v -119.190742 16.846577 -188.299057
v -119.180092 34.164711 -206.786057
v -119.180092 36.835289 -206.786057
v -119.173630 17.815149 -195.454987
v -119.167046 17.211823 -191.885269
v -119.153061 13.782053 -205.000000
v -119.153061 13.782053 -201.000000
v -119.153061 15.217947 -205.000000
v -119.153061 15.217947 -201.000000
v -119.152290 16.656754 -184.704575
v -119.152290 16.656754 -182.500000
v -119.149406 12.205001 -188.299057
v -119.124863 35.500000 -206.786057
v -119.119209 11.840236 -191.885269
v -119.115044 11.236887 -195.454987
v -119.114342 12.395479 -184.704575
v -119.114342 12.395479 -182.500000
v -119.113129 16.748133 -188.299057
v -119.077110 17.112370 -191.885269
v -119.073555 12.304811 -188.299057
v -119.065887 14.500000 -205.000000
v -119.065887 14.500000 -201.000000
v -119.063309 17.715574 -195.454987
v -119.038879 16.647123 -188.299057
v -119.031059 11.941275 -191.885269
v -119.022232 31.379265 -206.169785
v -119.022232 39.620735 -206.169785
v -119.006516 11.338410 -195.454987
v -119.001122 12.407127 -188.299057
v -118.990585 17.009935 -191.885269
v -118.968094 16.543663 -188.299057
v -118.956421 17.612329 -195.454987
v -118.946373 12.045233 -191.885269
v -118.932190 12.511831 -188.299057
v -118.907570 16.904638 -191.885269
v -118.901482 11.443542 -195.454987
v -118.900833 16.437872 -188.299057
v -118.866829 12.618803 -188.299057
v -118.865242 12.151992 -191.885269
v -118.853081 17.505535 -195.454987
v -118.837189 16.329870 -188.299057
v -118.828156 16.796597 -191.885269
v -118.825851 10.691831 -202.750000
v -118.805115 12.727922 -188.299057
v -118.800056 11.552160 -195.454987
v -118.787766 12.261431 -191.885269
v -118.779114 10.732096 -199.000000
v -118.777229 16.219780 -188.299057
v -118.767548 16.003853 -184.704575
v -118.767548 16.003853 -182.500000
v -118.753403 17.395311 -195.454987
v -118.752434 16.685934 -191.885269
v -118.747124 12.839063 -188.299057
v -118.742844 29.817759 -205.669876
v -118.742844 41.182240 -205.669876
v -118.741287 13.055129 -184.704575
v -118.741287 13.055129 -182.500000
v -118.737518 32.737106 -206.169785
v -118.737518 38.262894 -206.169785
v -118.731819 46.710392 -205.000000
v -118.721024 16.107727 -188.299057
v -118.714035 12.373424 -191.885269
v -118.702362 11.664143 -195.454987
v -118.692924 12.952099 -188.299057
v -118.680496 16.572779 -191.885269
v -118.668633 15.993840 -188.299057
v -118.657501 17.281782 -195.454987
v -118.644119 12.487843 -191.885269
v -118.642563 13.066901 -188.299057
v -118.626266 18.128912 -202.750000
v -118.620117 15.878248 -188.299057
v -118.617317 18.120413 -199.000000
v -118.612427 16.457258 -191.885269
v -118.608505 11.779361 -195.454987
v -118.596115 13.183338 -188.299057
v -118.578117 12.604558 -191.885269
v -118.575531 15.761085 -188.299057
v -118.565918 34.113819 -206.169785
v -118.565918 36.886181 -206.169785
v -118.565498 17.165081 -195.454987
v -118.553627 13.301278 -188.299057
v -118.548286 16.339502 -191.885269
v -118.545242 28.153030 -205.301544
v -118.545242 42.846970 -205.301544
v -118.537880 24.581621 -205.000000
v -118.534935 15.642481 -188.299057
v -118.526955 15.285226 -184.704575
v -118.526955 15.285226 -182.500000
v -118.518585 11.897683 -195.454987
v -118.516090 12.723435 -191.885269
v -118.515144 13.420586 -188.299057
v -118.513527 13.777925 -184.704575
v -118.513527 13.777925 -182.500000
v -118.508583 35.500000 -206.169785
v -118.498360 15.522574 -188.299057
v -118.488167 16.219650 -191.885269
v -118.480713 13.541124 -188.299057
v -118.477486 17.045338 -195.454987
v -118.468765 26.394289 -205.075958
v -118.468765 44.605709 -205.075958
v -118.465858 15.401501 -188.299057
v -118.458107 12.844340 -191.885269
v -118.450378 13.662758 -188.299057
v -118.441032 14.532281 -184.704575
v -118.441032 14.532281 -182.500000
v -118.437469 15.279399 -188.299057
v -118.432716 12.018975 -195.454987
v -118.432129 16.097834 -191.885269
v -118.424164 13.785346 -188.299057
v -118.413216 15.156407 -188.299057
v -118.404251 12.967134 -191.885269
v -118.402100 13.908750 -188.299057
v -118.393562 16.922689 -195.454987
v -118.393127 15.032667 -188.299057
v -118.384224 14.032828 -188.299057
v -118.380241 15.974196 -191.885269
v -118.377235 14.908319 -188.299057
v -118.370544 14.157440 -188.299057
v -118.365547 14.783504 -188.299057
v -118.361084 14.282442 -188.299057
v -118.358086 14.658367 -188.299057
v -118.355850 14.407693 -188.299057
v -118.354851 14.533049 -188.299057
v -118.354568 13.091678 -191.885269
v -118.350998 12.143098 -195.454987
v -118.332550 15.848875 -191.885269
v -118.330139 31.204004 -205.669876
v -118.330139 39.795998 -205.669876
v -118.313835 16.797277 -195.454987
v -118.309120 13.217828 -191.885269
v -118.289124 15.722015 -191.885269
v -118.273514 12.269909 -195.454987
v -118.267960 13.345441 -191.885269
v -118.250008 15.593761 -191.885269
v -118.238388 16.669245 -195.454987
v -118.231133 13.474372 -191.885269
v -118.215240 15.464259 -191.885269
v -118.200356 12.399265 -195.454987
v -118.198677 13.604472 -191.885269
v -118.184875 15.333657 -191.885269
v -118.176094 11.358422 -202.750000
v -118.170639 13.735595 -191.885269
v -118.167305 16.538736 -195.454987
v -118.158928 15.202104 -191.885269
v -118.147049 13.867590 -191.885269
v -118.142723 11.400194 -199.000000
v -118.137444 15.069749 -191.885269
v -118.131615 12.531019 -195.454987
v -118.127922 14.000306 -191.885269
v -118.120445 14.936744 -191.885269
v -118.113289 14.133593 -191.885269
v -118.107948 14.803241 -191.885269
v -118.103172 14.267297 -191.885269
v -118.100670 16.405903 -195.454987
v -118.099960 14.669392 -191.885269
v -118.097572 14.401267 -191.885269
v -118.096504 14.535350 -191.885269
v -118.067360 12.665019 -195.454987
v -118.038567 16.270893 -195.454987
v -118.033318 32.619595 -205.669876
v -118.033318 38.380405 -205.669876
v -118.013199 17.428431 -202.750000
v -118.010788 17.425097 -199.000000
v -118.007668 12.801113 -195.454987
v -117.995743 29.561279 -205.301544
v -117.995743 41.438721 -205.301544
v -117.981049 16.133863 -195.454987
v -117.952599 12.939145 -195.454987
v -117.928200 15.994969 -195.454987
v -117.902229 13.078959 -195.454987
v -117.880066 15.854370 -195.454987
v -117.856613 13.220393 -195.454987
v -117.854416 34.054863 -205.669876
v -117.854416 36.945137 -205.669876
v -117.836716 15.712225 -195.454987
v -117.815796 13.363288 -195.454987
v -117.798187 15.568697 -195.454987
v -117.794640 35.500000 -205.669876
v -117.789421 45.173016 -205.000000
v -117.779831 13.507480 -195.454987
v -117.774292 27.814859 -205.075958
v -117.774292 43.185139 -205.075958
v -117.764526 15.423949 -195.454987
v -117.748756 13.652803 -195.454987
v -117.735771 15.278147 -195.454987
v -117.722603 13.799094 -195.454987
v -117.711960 15.131457 -195.454987
v -117.701408 13.946185 -195.454987
v -117.693123 14.984047 -195.454987
v -117.685196 14.093907 -195.454987
v -117.679268 14.836084 -195.454987
v -117.673981 14.242093 -195.454987
v -117.670418 14.687738 -195.454987
v -117.667770 14.390574 -195.454987
v -117.666588 14.539178 -195.454987
v -117.661163 12.133904 -202.750000
v -117.639938 12.173854 -199.000000
v -117.622574 26.135281 -205.000000
v -117.564407 31.010096 -205.301544
v -117.564407 39.989906 -205.301544
v -117.542351 16.630169 -199.000000
v -117.540604 16.626448 -202.750000
v -117.298904 12.991397 -202.750000
v -117.287865 13.026728 -199.000000
v -117.254196 32.489582 -205.301544
v -117.254196 38.510418 -205.301544
v -117.230766 -10.153847 -204.000000
v -117.230766 -10.153847 -182.500000
v -117.227951 15.762701 -199.000000
v -117.224854 15.750759 -202.750000
v -117.199493 29.287928 -205.075958
v -117.199493 41.712070 -205.075958
v -117.101875 13.901179 -202.750000
v -117.098511 13.929771 -199.000000
v -117.078308 14.852234 -199.000000
v -117.076904 14.831718 -202.750000
v -117.067215 33.989632 -205.301544
v -117.067215 37.010368 -205.301544
v -117.032051 -6.551666 -202.750000
v -117.032051 -6.551666 -194.250000
v -117.004745 35.500000 -205.301544
v -116.989326 43.557003 -205.000000
v -116.850922 27.765068 -205.000000
v -116.748314 30.803431 -205.075958
v -116.748314 40.196568 -205.075958
v -116.702782 48.500000 -202.750000
v -116.702782 48.500000 -194.250000
v -116.488838 -7.335650 -202.750000
v -116.488838 -7.335650 -194.250000
v -116.423813 32.351017 -205.075958
v -116.423813 38.648983 -205.075958
v -116.369232 -9.646154 -205.000000
v -116.338036 41.875496 -205.000000
v -116.229202 29.457731 -205.000000
v -116.228226 33.920113 -205.075958
v -116.228226 37.079887 -205.075958
v -116.211235 -11.713067 -204.000000
v -116.211235 -11.713067 -182.500000
v -116.162888 35.500000 -205.075958
v -116.035217 48.424786 -202.750000
v -116.035217 48.424786 -194.250000
v -115.840843 40.142159 -205.000000
v -115.836746 -8.031699 -202.750000
v -115.836746 -8.031699 -194.250000
v -115.762466 31.199514 -205.000000
v -115.507690 -9.138462 -194.250000
v -115.507690 -9.138462 -182.500000
v -115.501793 38.371090 -205.000000
v -115.454514 32.976257 -205.000000
v -115.401131 48.202908 -202.750000
v -115.401131 48.202908 -194.250000
v -115.362175 -11.180497 -205.000000
v -115.323647 36.576679 -205.000000
v -115.307838 34.773514 -205.000000
v -115.209610 -9.626406 -194.250000
v -115.209610 -9.626406 -182.500000
v -115.089806 -8.624826 -202.750000
v -115.089806 -8.624826 -194.250000
v -115.051041 -13.170658 -204.000000
v -115.051041 -13.170658 -182.500000
v -114.896187 -10.104636 -194.250000
v -114.896187 -10.104636 -182.500000
v -114.832314 47.845493 -202.750000
v -114.832314 47.845493 -194.250000
v -114.567726 -10.572670 -194.250000
v -114.567726 -10.572670 -182.500000
v -114.383995 24.453638 -205.000000
v -114.383995 24.453638 -203.750000
v -114.383995 25.534685 -205.000000
v -114.383995 25.534685 -203.750000
v -114.357285 47.370468 -202.750000
v -114.357285 47.370468 -194.250000
v -114.264114 -9.102260 -202.750000
v -114.264114 -9.102260 -194.250000
v -114.211784 -12.610519 -205.000000
v -113.999878 46.801651 -202.750000
v -113.999878 46.801651 -194.250000
v -113.778000 46.167564 -202.750000
v -113.778000 46.167564 -194.250000
v -113.760254 -14.513973 -204.000000
v -113.760254 -14.513973 -182.500000
v -113.702782 24.176851 -202.750000
v -113.702782 25.071987 -200.705612
v -113.702782 25.810007 -198.599396
v -113.702782 26.386688 -196.443405
v -113.702782 26.798727 -194.250000
v -113.702782 34.500000 -196.750000
v -113.702782 34.500000 -194.250000
v -113.702782 36.500000 -196.750000
v -113.702782 36.500000 -194.250000
v -113.702782 45.500000 -202.750000
v -113.702782 45.500000 -194.250000
v -113.686844 -11.870148 -194.250000
v -113.686844 -11.870148 -182.500000
v -113.674889 23.867229 -202.750000
v -113.672554 26.504730 -194.250000
v -113.651672 24.309526 -201.531555
v -113.651672 25.015841 -199.752808
v -113.651672 25.603752 -197.931503
v -113.651672 26.070723 -196.075485
v -113.597290 23.562115 -202.750000
v -113.589569 26.220610 -194.250000
v -113.501816 23.977863 -201.387070
v -113.501816 24.675400 -199.630417
v -113.501816 25.256006 -197.831741
v -113.501816 25.717175 -195.998795
v -113.468513 23.283068 -202.750000
v -113.450714 25.960184 -194.250000
v -113.378891 24.453638 -205.000000
v -113.378891 24.453638 -203.750000
v -113.378891 25.534685 -205.000000
v -113.378891 25.534685 -203.750000
v -113.377441 -9.453720 -202.750000
v -113.377441 -9.453720 -194.250000
v -113.288727 23.022955 -202.750000
v -113.266068 25.728590 -194.250000
v -113.263443 23.693058 -201.262985
v -113.263443 24.383057 -199.525330
v -113.263443 24.957390 -197.746078
v -113.263443 25.413574 -195.932938
v -113.067726 22.810614 -202.750000
v -113.038528 25.540876 -194.250000
v -112.952782 23.474520 -201.167786
v -112.952782 24.158735 -199.444687
v -112.952782 24.728252 -197.680344
v -112.952782 25.180614 -195.882416
v -112.928787 -13.922877 -205.000000
v -112.889053 -13.220304 -194.250000
v -112.889053 -13.220304 -182.500000
v -112.874107 24.453638 -205.000000
v -112.874107 24.453638 -203.750000
v -112.802170 22.640783 -202.750000
v -112.779282 25.397898 -194.250000
v -112.591011 23.337139 -201.107925
v -112.591011 24.017719 -199.393982
v -112.591011 24.584211 -197.639023
v -112.591011 25.034168 -195.850647
v -112.512047 22.538107 -202.750000
v -112.496750 25.312504 -194.250000
v -112.448875 -9.671640 -202.750000
v -112.448875 -9.671640 -194.250000
v -112.350075 -15.731358 -204.000000
v -112.350075 -15.731358 -182.500000
v -112.202782 22.500000 -202.750000
v -112.202782 23.272392 -201.128494
v -112.202782 23.939238 -199.460785
v -112.202782 24.497789 -197.753769
v -112.202782 24.945751 -196.014465
v -112.202782 25.281279 -194.250000
v -112.177475 -14.617823 -194.250000
v -112.177475 -14.617823 -182.500000
v -111.983498 -14.926298 -194.250000
v -111.983498 -14.926298 -188.375000
v -111.983498 -14.926298 -182.500000
v -111.902779 30.500000 -202.500000
v -111.902779 30.500000 -198.375000
v -111.902779 30.500000 -194.250000
v -111.902779 40.500000 -202.500000
v -111.902779 40.500000 -198.375000
v -111.902779 40.500000 -194.250000
v -111.870407 30.254122 -202.500000
v -111.870407 30.254122 -198.375000
v -111.870407 30.254122 -194.250000
v -111.870407 30.745878 -202.500000
v -111.870407 30.745878 -198.375000
v -111.870407 30.745878 -194.250000
v -111.870407 40.254124 -202.500000
v -111.870407 40.254124 -198.375000
v -111.870407 40.254124 -194.250000
v -111.870407 40.745880 -202.500000
v -111.870407 40.745880 -198.375000
v -111.870407 40.745880 -194.250000
v -111.837730 24.453638 -205.000000
v -111.837730 24.453638 -203.750000
v -111.775505 30.025000 -202.500000
v -111.775505 30.025000 -198.375000
v -111.775505 30.025000 -194.250000
v -111.775505 30.975000 -202.500000
v -111.775505 30.975000 -198.375000
v -111.775505 30.975000 -194.250000
v -111.775505 40.025002 -202.500000
v -111.775505 40.025002 -198.375000
v -111.775505 40.025002 -194.250000
v -111.775505 40.975002 -202.500000
v -111.775505 40.975002 -198.375000
v -111.775505 40.975002 -194.250000
v -111.720856 -15.178896 -194.250000
v -111.720856 -15.178896 -188.375000
v -111.720856 -15.178896 -182.500000
v -111.627777 25.780376 -205.000000
v -111.627777 25.780376 -203.750000
v -111.624535 29.828249 -202.500000
v -111.624535 29.828249 -198.375000
v -111.624535 29.828249 -194.250000
v -111.624535 31.171751 -202.500000
v -111.624535 31.171751 -198.375000
v -111.624535 31.171751 -194.250000
v -111.624535 39.828251 -202.500000
v -111.624535 39.828251 -198.375000
v -111.624535 39.828251 -194.250000
v -111.624535 41.171753 -202.500000
v -111.624535 41.171753 -198.375000
v -111.624535 41.171753 -194.250000
v -111.529495 31.453638 -205.000000
v -111.529495 31.453638 -203.750000
v -111.525154 -15.105325 -205.000000
v -111.480362 26.678270 -205.000000
v -111.480362 26.678270 -203.750000
v -111.427780 29.677277 -202.500000
v -111.427780 29.677277 -198.375000
v -111.427780 29.677277 -194.250000
v -111.427780 31.322725 -202.500000
v -111.427780 31.322725 -198.375000
v -111.427780 31.322725 -194.250000
v -111.427780 39.677277 -202.500000
v -111.427780 39.677277 -198.375000
v -111.427780 39.677277 -194.250000
v -111.427780 41.322723 -202.500000
v -111.427780 41.322723 -198.375000
v -111.427780 41.322723 -194.250000
v -111.405060 -15.360710 -194.250000
v -111.405060 -15.360710 -188.375000
v -111.405060 -15.360710 -182.500000
v -111.198662 29.582371 -202.500000
v -111.198662 29.582371 -198.375000
v -111.198662 29.582371 -194.250000
v -111.198662 31.417629 -202.500000
v -111.198662 31.417629 -198.375000
v -111.198662 31.417629 -194.250000
v -111.198662 39.582371 -202.500000
v -111.198662 39.582371 -198.375000
v -111.198662 39.582371 -194.250000
v -111.198662 41.417629 -202.500000
v -111.198662 41.417629 -198.375000
v -111.198662 41.417629 -194.250000
v -111.054733 -15.461009 -194.250000
v -111.054733 -15.461009 -182.500000
v -110.971107 29.832067 -205.000000
v -110.971107 29.832067 -203.750000
v -110.952782 29.550001 -202.500000
v -110.952782 29.550001 -198.375000
v -110.952782 29.550001 -194.250000
v -110.952782 31.450001 -202.500000
v -110.952782 31.450001 -198.375000
v -110.952782 31.450001 -194.250000
v -110.952782 39.549999 -202.500000
v -110.952782 39.549999 -198.375000
v -110.952782 39.549999 -194.250000
v -110.952782 41.450001 -202.500000
v -110.952782 41.450001 -198.375000
v -110.952782 41.450001 -194.250000
v -110.832748 -16.812248 -204.000000
v -110.832748 -16.812248 -182.500000
v -110.706902 29.582371 -202.500000
v -110.706902 29.582371 -198.375000
v -110.706902 29.582371 -194.250000
v -110.706902 31.417629 -202.500000
v -110.706902 31.417629 -198.375000
v -110.706902 31.417629 -194.250000
v -110.706902 39.582371 -202.500000
v -110.706902 39.582371 -198.375000
v -110.706902 39.582371 -194.250000
v -110.706902 41.417629 -202.500000
v -110.706902 41.417629 -198.375000
v -110.706902 41.417629 -194.250000
v -110.477783 29.677277 -202.500000
v -110.477783 29.677277 -198.375000
v -110.477783 29.677277 -194.250000
v -110.477783 31.322725 -202.500000
v -110.477783 31.322725 -198.375000
v -110.477783 31.322725 -194.250000
v -110.477783 39.677277 -202.500000
v -110.477783 39.677277 -198.375000
v -110.477783 39.677277 -194.250000
v -110.477783 41.322723 -202.500000
v -110.477783 41.322723 -198.375000
v -110.477783 41.322723 -194.250000
v -110.457382 26.678270 -205.000000
v -110.457382 26.678270 -203.750000
v -110.430588 31.453638 -205.000000
v -110.430588 31.453638 -203.750000
v -110.318901 25.780376 -205.000000
v -110.318901 25.780376 -203.750000
v -110.281029 29.828249 -202.500000
v -110.281029 29.828249 -198.375000
v -110.281029 29.828249 -194.250000
v -110.281029 31.171751 -202.500000
v -110.281029 31.171751 -198.375000
v -110.281029 31.171751 -194.250000
v -110.281029 39.828251 -202.500000
v -110.281029 39.828251 -198.375000
v -110.281029 39.828251 -194.250000
v -110.281029 41.171753 -202.500000
v -110.281029 41.171753 -198.375000
v -110.281029 41.171753 -194.250000
v -110.130058 30.025000 -202.500000
v -110.130058 30.025000 -198.375000
v -110.130058 30.025000 -194.250000
v -110.130058 30.975000 -202.500000
v -110.130058 30.975000 -198.375000
v -110.130058 30.975000 -194.250000
v -110.130058 40.025002 -202.500000
v -110.130058 40.025002 -198.375000
v -110.130058 40.025002 -194.250000
v -110.130058 40.975002 -202.500000
v -110.130058 40.975002 -198.375000
v -110.130058 40.975002 -194.250000
v -110.108948 24.453638 -205.000000
v -110.108948 24.453638 -203.750000
v -110.035149 30.254122 -202.500000
v -110.035149 30.254122 -198.375000
v -110.035149 30.254122 -194.250000
v -110.035149 30.745878 -202.500000
v -110.035149 30.745878 -198.375000
v -110.035149 30.745878 -194.250000
v -110.035149 40.254124 -202.500000
v -110.035149 40.254124 -198.375000
v -110.035149 40.254124 -194.250000
v -110.035149 40.745880 -202.500000
v -110.035149 40.745880 -198.375000
v -110.035149 40.745880 -194.250000
v -110.013985 -16.146830 -205.000000
v -110.002785 30.500000 -202.500000
v -110.002785 30.500000 -198.375000
v -110.002785 30.500000 -194.250000
v -110.002785 40.500000 -202.500000
v -110.002785 40.500000 -198.375000
v -110.002785 40.500000 -194.250000
v -109.702782 22.500000 -202.750000
v -109.702782 23.272392 -201.128494
v -109.702782 23.939238 -199.460785
v -109.702782 24.497789 -197.753769
v -109.702782 24.945751 -196.014465
v -109.702782 25.281279 -194.250000
v -109.408852 25.312506 -194.250000
v -109.393517 22.538107 -202.750000
v -109.314552 23.337139 -201.107925
v -109.314552 24.017719 -199.393982
v -109.314552 24.584211 -197.639023
v -109.314552 25.034168 -195.850647
v -109.221420 -17.747265 -204.000000
v -109.221420 -17.747265 -182.500000
v -109.126213 25.397926 -194.250000
v -109.103394 22.640783 -202.750000
v -109.077042 24.453638 -205.000000
v -109.077042 24.453638 -203.750000
v -109.077042 24.471506 -205.000000
v -109.077042 24.471506 -203.750000
v -108.952782 23.474520 -201.167786
v -108.952782 24.158735 -199.444687
v -108.952782 24.728252 -197.680344
v -108.952782 25.180614 -195.882416
v -108.867126 25.540827 -194.250000
v -108.837837 22.810614 -202.750000
v -108.642120 23.693058 -201.262985
v -108.642120 24.383057 -199.525330
v -108.642120 24.957390 -197.746078
v -108.642120 25.413574 -195.932938
v -108.639389 25.728693 -194.250000
v -108.616837 23.022955 -202.750000
v -108.572258 24.453638 -205.000000
v -108.572258 24.453638 -203.750000
v -108.572258 25.534685 -205.000000
v -108.572258 25.534685 -203.750000
v -108.454895 25.960093 -194.250000
v -108.437050 23.283068 -202.750000
v -108.409378 -17.037676 -205.000000
v -108.403740 23.977863 -201.387070
v -108.403740 24.675400 -199.630417
v -108.403740 25.256006 -197.831741
v -108.403740 25.717175 -195.998795
v -108.315964 26.220680 -194.250000
v -108.308273 23.562115 -202.750000
v -108.253891 24.309526 -201.531555
v -108.253891 25.015841 -199.752808
v -108.253891 25.603752 -197.931503
v -108.253891 26.070723 -196.075485
v -108.233009 26.504694 -194.250000
v -108.230675 23.867229 -202.750000
v -108.202782 24.176851 -202.750000
v -108.202782 25.071987 -200.705612
v -108.202782 25.810007 -198.599396
v -108.202782 26.386688 -196.443405
v -108.202782 26.798727 -194.250000
v -108.202782 31.862610 -202.750000
v -108.202782 31.862610 -194.250000
v -108.202782 34.500000 -196.750000
v -108.202782 34.500000 -194.250000
v -108.202782 36.500000 -196.750000
v -108.202782 36.500000 -194.250000
v -108.142159 32.351292 -202.750000
v -108.142159 32.351292 -194.250000
v -108.117630 -13.292386 -202.750000
v -108.117630 -13.292386 -198.500000
v -108.117630 -13.292386 -194.250000
v -108.085266 -13.538264 -202.750000
v -108.085266 -13.538264 -198.500000
v -108.085266 -13.538264 -194.250000
v -108.085266 -13.046509 -202.750000
v -108.085266 -13.046509 -198.500000
v -108.085266 -13.046509 -194.250000
v -107.990356 -13.767386 -202.750000
v -107.990356 -13.767386 -198.500000
v -107.990356 -13.767386 -194.250000
v -107.990356 -12.817387 -202.750000
v -107.990356 -12.817387 -198.500000
v -107.990356 -12.817387 -194.250000
v -107.963974 32.810349 -202.750000
v -107.963974 32.810349 -194.250000
v -107.839386 -13.964138 -202.750000
v -107.839386 -13.964138 -198.500000
v -107.839386 -13.964138 -194.250000
v -107.839386 -12.620635 -202.750000
v -107.839386 -12.620635 -198.500000
v -107.839386 -12.620635 -194.250000
v -107.679016 33.211952 -202.750000
v -107.679016 33.211952 -194.250000
v -107.642632 -14.115110 -202.750000
v -107.642632 -14.115110 -198.500000
v -107.642632 -14.115110 -194.250000
v -107.642632 -12.469663 -202.750000
v -107.642632 -12.469663 -198.500000
v -107.642632 -12.469663 -194.250000
v -107.567154 24.453638 -205.000000
v -107.567154 24.453638 -203.750000
v -107.567154 25.534685 -205.000000
v -107.567154 25.534685 -203.750000
v -107.530090 -18.528297 -204.000000
v -107.530090 -18.528297 -182.500000
v -107.480141 -0.545465 -205.000000
v -107.480141 -0.545465 -202.750000
v -107.475739 0.602765 -205.000000
v -107.475739 0.602765 -202.750000
v -107.413513 -14.210016 -202.750000
v -107.413513 -14.210016 -198.500000
v -107.413513 -14.210016 -194.250000
v -107.413513 -12.374757 -202.750000
v -107.413513 -12.374757 -198.500000
v -107.413513 -12.374757 -194.250000
v -107.309212 -1.680911 -205.000000
v -107.309212 -1.680911 -202.750000
v -107.304573 33.531757 -202.750000
v -107.304573 33.531757 -194.250000
v -107.296112 1.736867 -205.000000
v -107.296112 1.736867 -202.750000
v -107.227646 24.453638 -205.000000
v -107.227646 24.453638 -203.750000
v -107.167633 -14.242387 -202.750000
v -107.167633 -14.242387 -198.500000
v -107.167633 -14.242387 -194.250000
v -107.167633 -12.342386 -202.750000
v -107.167633 -12.342386 -198.500000
v -107.167633 -12.342386 -194.250000
v -107.053429 31.395565 -205.000000
v -107.053429 31.395565 -203.750000
v -107.053429 31.444702 -205.000000
v -107.053429 31.444702 -203.750000
v -106.966957 -2.776957 -205.000000
v -106.966957 -2.776957 -202.750000
v -106.945473 2.830258 -205.000000
v -106.945473 2.830258 -202.750000
v -106.921753 -14.210016 -202.750000
v -106.921753 -14.210016 -198.500000
v -106.921753 -14.210016 -194.250000
v -106.921753 -12.374757 -202.750000
v -106.921753 -12.374757 -198.500000
v -106.921753 -12.374757 -194.250000
v -106.863342 33.750378 -202.750000
v -106.863342 33.750378 -194.250000
v -106.726303 -17.769548 -205.000000
v -106.692635 -14.115110 -202.750000
v -106.692635 -14.115110 -198.500000
v -106.692635 -14.115110 -194.250000
v -106.692635 -12.469663 -202.750000
v -106.692635 -12.469663 -198.500000
v -106.692635 -12.469663 -194.250000
v -106.495880 -13.964138 -202.750000
v -106.495880 -13.964138 -198.500000
v -106.495880 -13.964138 -194.250000
v -106.495880 -12.620635 -202.750000
v -106.495880 -12.620635 -198.500000
v -106.495880 -12.620635 -194.250000
v -106.461411 -3.807913 -205.000000
v -106.461411 -3.807913 -202.750000
v -106.432037 3.857311 -205.000000
v -106.432037 3.857311 -202.750000
v -106.382057 33.854557 -202.750000
v -106.382057 33.854557 -194.250000
v -106.344910 -13.767386 -202.750000
v -106.344910 -13.767386 -198.500000
v -106.344910 -13.767386 -194.250000
v -106.344910 -12.817387 -202.750000
v -106.344910 -12.817387 -198.500000
v -106.344910 -12.817387 -194.250000
v -106.250000 -13.538264 -202.750000
v -106.250000 -13.538264 -198.500000
v -106.250000 -13.538264 -194.250000
v -106.250000 -13.046509 -202.750000
v -106.250000 -13.046509 -198.500000
v -106.250000 -13.046509 -194.250000
v -106.217636 -13.292386 -202.750000
v -106.217636 -13.292386 -198.500000
v -106.217636 -13.292386 -194.250000
v -106.075127 24.453638 -205.000000
v -106.075127 24.453638 -203.750000
v -105.909843 31.444702 -205.000000
v -105.909843 31.444702 -203.750000
v -105.889915 33.837986 -202.750000
v -105.889915 33.837986 -194.250000
v -105.804405 -4.749615 -205.000000
v -105.804405 -4.749615 -202.750000
v -105.773422 -19.148569 -204.000000
v -105.773422 -19.148569 -182.500000
v -105.767845 4.793952 -205.000000
v -105.767845 4.793952 -202.750000
v -105.632881 28.076483 -205.000000
v -105.632881 28.076483 -203.750000
v -105.011360 -5.579990 -205.000000
v -105.011360 -5.579990 -202.750000
v -104.980476 -18.335619 -205.000000
v -104.968452 5.618226 -205.000000
v -104.968452 5.618226 -202.750000
v -104.748390 24.453638 -205.000000
v -104.748390 24.453638 -203.750000
v -104.748390 27.571697 -205.000000
v -104.748390 27.571697 -203.750000
v -104.748390 28.487459 -205.000000
v -104.748390 28.487459 -203.750000
v -104.748390 31.444702 -205.000000
v -104.748390 31.444702 -203.750000
v -104.100845 -6.279576 -205.000000
v -104.100845 -6.279576 -202.750000
v -104.052605 6.310813 -205.000000
v -104.052605 6.310813 -202.750000
v -103.966660 -19.602695 -204.000000
v -103.966660 -19.602695 -182.500000
v -103.703079 24.453638 -205.000000
v -103.703079 24.453638 -203.750000
v -103.703079 31.444702 -205.000000
v -103.703079 31.444702 -203.750000
v -103.647072 -16.634268 -196.750000
v -103.647072 -16.634268 -194.250000
v -103.188171 -18.730606 -205.000000
v -103.094215 -6.831973 -205.000000
v -103.094215 -6.831973 -202.750000
v -103.041771 6.855481 -205.000000
v -103.041771 6.855481 -202.750000
v -102.943665 24.453638 -205.000000
v -102.943665 24.453638 -203.750000
v -102.943665 25.534685 -205.000000
v -102.943665 25.534685 -203.750000
v -102.786682 -11.201982 -196.750000
v -102.786682 -11.201982 -194.250000
v -102.125473 -19.886738 -204.000000
v -102.125473 -19.886738 -182.500000
v -102.015053 -7.224234 -205.000000
v -102.015053 -7.224234 -202.750000
v -101.959641 7.239462 -205.000000
v -101.959641 7.239462 -202.750000
v -101.938560 24.453638 -205.000000
v -101.938560 24.453638 -203.750000
v -101.938560 25.534685 -205.000000
v -101.938560 25.534685 -203.750000
v -101.671700 -16.947136 -196.750000
v -101.671700 -16.947136 -194.250000
v -101.366119 -18.950825 -205.000000
v -101.197021 25.092438 -205.000000
v -101.197021 25.092438 -203.750000
v -101.197021 26.821218 -205.000000
v -101.197021 26.821218 -203.750000
v -101.197021 29.166464 -205.000000
v -101.197021 29.166464 -203.750000
v -101.197021 30.801435 -205.000000
v -101.197021 30.801435 -203.750000
v -101.147644 31.072115 -205.000000
v -101.147644 31.072115 -203.750000
v -101.147110 24.822943 -205.000000
v -101.147110 24.822943 -203.750000
v -101.104187 31.188766 -205.000000
v -101.104187 31.188766 -203.750000
v -101.103439 24.706911 -205.000000
v -101.103439 24.706911 -203.750000
v -101.074478 31.239149 -205.000000
v -101.074478 31.239149 -203.750000
v -101.073654 24.656849 -205.000000
v -101.073654 24.656849 -203.750000
v -101.038208 31.282990 -205.000000
v -101.038208 31.282990 -203.750000
v -101.037315 24.613337 -205.000000
v -101.037315 24.613337 -203.750000
v -100.994720 31.319649 -205.000000
v -100.994720 31.319649 -203.750000
v -100.993805 24.577000 -205.000000
v -100.993805 24.577000 -203.750000
v -100.944633 31.349730 -205.000000
v -100.944633 31.349730 -203.750000
v -100.943741 24.547211 -205.000000
v -100.943741 24.547211 -203.750000
v -100.888664 -7.447165 -205.000000
v -100.888664 -7.447165 -202.750000
v -100.831573 7.453756 -205.000000
v -100.831573 7.453756 -202.750000
v -100.828407 31.393915 -205.000000
v -100.828407 31.393915 -203.750000
v -100.827713 24.503544 -205.000000
v -100.827713 24.503544 -203.750000
v -100.811310 -11.514851 -196.750000
v -100.811310 -11.514851 -194.250000
v -100.558220 24.453638 -205.000000
v -100.558220 24.453638 -203.750000
v -100.558220 31.444702 -205.000000
v -100.558220 31.444702 -203.750000
v -100.373802 35.598133 -202.750000
v -100.373802 35.598133 -198.500000
v -100.373802 35.598133 -194.250000
v -100.341431 35.352257 -202.750000
v -100.341431 35.352257 -198.500000
v -100.341431 35.352257 -194.250000
v -100.341431 35.844013 -202.750000
v -100.341431 35.844013 -198.500000
v -100.341431 35.844013 -194.250000
v -100.265854 -19.998234 -204.000000
v -100.265854 -19.998234 -182.500000
v -100.246521 35.123135 -202.750000
v -100.246521 35.123135 -198.500000
v -100.246521 35.123135 -194.250000
v -100.246521 36.073135 -202.750000
v -100.246521 36.073135 -198.500000
v -100.246521 36.073135 -194.250000
v -100.156174 25.351532 -205.000000
v -100.156174 25.351532 -203.750000
v -100.156174 26.821218 -205.000000
v -100.156174 26.821218 -203.750000
v -100.156174 29.166464 -205.000000
v -100.156174 29.166464 -203.750000
v -100.156174 30.546808 -205.000000
v -100.156174 30.546808 -203.750000
v -100.095551 34.926384 -202.750000
v -100.095551 34.926384 -198.500000
v -100.095551 34.926384 -194.250000
v -100.095551 36.269886 -202.750000
v -100.095551 36.269886 -198.500000
v -100.095551 36.269886 -194.250000
v -99.898804 34.775410 -202.750000
v -99.898804 34.775410 -198.500000
v -99.898804 34.775410 -194.250000
v -99.898804 36.420860 -202.750000
v -99.898804 36.420860 -198.500000
v -99.898804 36.420860 -194.250000
v -99.741447 -7.495542 -205.000000
v -99.741447 -7.495542 -202.750000
v -99.684021 7.493341 -205.000000
v -99.684021 7.493341 -202.750000
v -99.669678 34.680504 -202.750000
v -99.669678 34.680504 -198.500000
v -99.669678 34.680504 -194.250000
v -99.669678 36.515762 -202.750000
v -99.669678 36.515762 -198.500000
v -99.669678 36.515762 -194.250000
v -99.531319 -18.994219 -205.000000
v -99.423798 34.648136 -202.750000
v -99.423798 34.648136 -198.500000
v -99.423798 34.648136 -194.250000
v -99.423798 36.548134 -202.750000
v -99.423798 36.548134 -198.500000
v -99.423798 36.548134 -194.250000
v -99.177925 34.680504 -202.750000
v -99.177925 34.680504 -198.500000
v -99.177925 34.680504 -194.250000
v -99.177925 36.515762 -202.750000
v -99.177925 36.515762 -198.500000
v -99.177925 36.515762 -194.250000
v -98.948799 34.775410 -202.750000
v -98.948799 34.775410 -198.500000
v -98.948799 34.775410 -194.250000
v -98.948799 36.420860 -202.750000
v -98.948799 36.420860 -198.500000
v -98.948799 36.420860 -194.250000
v -98.802635 25.351532 -205.000000
v -98.802635 25.351532 -203.750000
v -98.802635 30.546808 -205.000000
v -98.802635 30.546808 -203.750000
v -98.752052 34.926384 -202.750000
v -98.752052 34.926384 -198.500000
v -98.752052 34.926384 -194.250000
v -98.752052 36.269886 -202.750000
v -98.752052 36.269886 -198.500000
v -98.752052 36.269886 -194.250000
v -98.601074 35.123135 -202.750000
v -98.601074 35.123135 -198.500000
v -98.601074 35.123135 -194.250000
v -98.601074 36.073135 -202.750000
v -98.601074 36.073135 -198.500000
v -98.601074 36.073135 -194.250000
v -98.600288 -7.368229 -205.000000
v -98.600288 -7.368229 -202.750000
v -98.543869 7.357288 -205.000000
v -98.543869 7.357288 -202.750000
v -98.506172 35.352257 -202.750000
v -98.506172 35.352257 -198.500000
v -98.506172 35.352257 -194.250000
v -98.506172 35.844013 -202.750000
v -98.506172 35.844013 -198.500000
v -98.506172 35.844013 -194.250000
v -98.473801 35.598133 -202.750000
v -98.473801 35.598133 -198.500000
v -98.473801 35.598133 -194.250000
v -98.403931 -19.936213 -204.000000
v -98.403931 -19.936213 -182.500000
v -98.378258 24.453638 -205.000000
v -98.378258 24.453638 -203.750000
v -98.378258 31.444702 -205.000000
v -98.378258 31.444702 -203.750000
v -98.240753 -14.856731 -202.750000
v -98.240753 -14.856731 -198.500000
v -98.240753 -14.856731 -194.250000
v -98.208382 -15.102610 -202.750000
v -98.208382 -15.102610 -198.500000
v -98.208382 -15.102610 -194.250000
v -98.208382 -14.610853 -202.750000
v -98.208382 -14.610853 -198.500000
v -98.208382 -14.610853 -194.250000
v -98.113525 24.505690 -205.000000
v -98.113525 24.505690 -203.750000
v -98.113472 -15.331731 -202.750000
v -98.113472 -15.331731 -198.500000
v -98.113472 -15.331731 -194.250000
v -98.113472 -14.381731 -202.750000
v -98.113472 -14.381731 -198.500000
v -98.113472 -14.381731 -194.250000
v -98.112839 31.391756 -205.000000
v -98.112839 31.391756 -203.750000
v -97.999985 24.550220 -205.000000
v -97.999985 24.550220 -203.750000
v -97.999115 31.346703 -205.000000
v -97.999115 31.346703 -203.750000
v -97.962502 -15.528482 -202.750000
v -97.962502 -15.528482 -198.500000
v -97.962502 -15.528482 -194.250000
v -97.962502 -14.184979 -202.750000
v -97.962502 -14.184979 -198.500000
v -97.962502 -14.184979 -194.250000
v -97.951210 24.580347 -205.000000
v -97.951210 24.580347 -203.750000
v -97.950310 31.316280 -205.000000
v -97.950310 31.316280 -203.750000
v -97.909027 24.616951 -205.000000
v -97.909027 24.616951 -203.750000
v -97.908157 31.279356 -205.000000
v -97.908157 31.279356 -203.750000
v -97.873962 24.660561 -205.000000
v -97.873962 24.660561 -203.750000
v -97.873161 31.235420 -205.000000
v -97.873161 31.235420 -203.750000
v -97.845345 24.710501 -205.000000
v -97.845345 24.710501 -203.750000
v -97.844620 31.185162 -205.000000
v -97.844620 31.185162 -203.750000
v -97.803741 24.825754 -205.000000
v -97.803741 24.825754 -203.750000
v -97.803223 31.069294 -205.000000
v -97.803223 31.069294 -203.750000
v -97.765747 -15.679456 -202.750000
v -97.765747 -15.679456 -198.500000
v -97.765747 -15.679456 -194.250000
v -97.765747 -14.034007 -202.750000
v -97.765747 -14.034007 -198.500000
v -97.765747 -14.034007 -194.250000
v -97.757324 25.092438 -205.000000
v -97.757324 25.092438 -203.750000
v -97.757324 30.801435 -205.000000
v -97.757324 30.801435 -203.750000
v -97.700897 -18.860386 -205.000000
v -97.536629 -15.774361 -202.750000
v -97.536629 -15.774361 -198.500000
v -97.536629 -15.774361 -194.250000
v -97.536629 -13.939101 -202.750000
v -97.536629 -13.939101 -198.500000
v -97.536629 -13.939101 -194.250000
v -97.491936 -7.068211 -205.000000
v -97.491936 -7.068211 -202.750000
v -97.437851 7.048786 -205.000000
v -97.437851 7.048786 -202.750000
v -97.290749 -15.806731 -202.750000
v -97.290749 -15.806731 -198.500000
v -97.290749 -15.806731 -194.250000
v -97.290749 -13.906732 -202.750000
v -97.290749 -13.906732 -198.500000
v -97.290749 -13.906732 -194.250000
v -97.044868 -15.774361 -202.750000
v -97.044868 -15.774361 -198.500000
v -97.044868 -15.774361 -194.250000
v -97.044868 -13.939101 -202.750000
v -97.044868 -13.939101 -198.500000
v -97.044868 -13.939101 -194.250000
v -96.815750 -15.679456 -202.750000
v -96.815750 -15.679456 -198.500000
v -96.815750 -15.679456 -194.250000
v -96.815750 -14.034007 -202.750000
v -96.815750 -14.034007 -198.500000
v -96.815750 -14.034007 -194.250000
v -96.618996 -15.528482 -202.750000
v -96.618996 -15.528482 -198.500000
v -96.618996 -15.528482 -194.250000
v -96.618996 -14.184979 -202.750000
v -96.618996 -14.184979 -198.500000
v -96.618996 -14.184979 -194.250000
v -96.555847 -19.701214 -204.000000
v -96.555847 -19.701214 -182.500000
v -96.468025 -15.331731 -202.750000
v -96.468025 -15.331731 -198.500000
v -96.468025 -15.331731 -194.250000
v -96.468025 -14.381731 -202.750000
v -96.468025 -14.381731 -198.500000
v -96.468025 -14.381731 -194.250000
v -96.442368 -6.602520 -205.000000
v -96.442368 -6.602520 -202.750000
v -96.391884 6.575067 -205.000000
v -96.391884 6.575067 -202.750000
v -96.373123 -15.102610 -202.750000
v -96.373123 -15.102610 -198.500000
v -96.373123 -15.102610 -194.250000
v -96.373123 -14.610853 -202.750000
v -96.373123 -14.610853 -198.500000
v -96.373123 -14.610853 -194.250000
v -96.340752 -14.856731 -202.750000
v -96.340752 -14.856731 -198.500000
v -96.340752 -14.856731 -194.250000
v -95.903244 32.256252 -196.750000
v -95.903244 32.256252 -194.250000
v -95.891922 -18.550573 -205.000000
v -95.476196 -5.982072 -205.000000
v -95.476196 -5.982072 -202.750000
v -95.430489 5.947234 -205.000000
v -95.430489 5.947234 -202.750000
v -95.059174 25.092438 -205.000000
v -95.059174 25.092438 -203.750000
v -95.059174 27.053509 -205.000000
v -95.059174 27.053509 -203.750000
v -95.059174 29.157530 -205.000000
v -95.059174 29.157530 -203.750000
v -95.059174 30.801435 -205.000000
v -95.059174 30.801435 -203.750000
v -95.042854 37.688541 -196.750000
v -95.042854 37.688541 -194.250000
v -95.034210 27.243599 -205.000000
v -95.034210 27.243599 -203.750000
v -95.031891 28.964321 -205.000000
v -95.031891 28.964321 -203.750000
v -95.011627 27.333145 -205.000000
v -95.011627 27.333145 -203.750000
v -95.011543 31.070709 -205.000000
v -95.011543 31.070709 -203.750000
v -95.011017 24.824345 -205.000000
v -95.011017 24.824345 -203.750000
v -95.008041 28.873241 -205.000000
v -95.008041 28.873241 -203.750000
v -94.976921 27.416090 -205.000000
v -94.976921 27.416090 -203.750000
v -94.971954 28.788790 -205.000000
v -94.971954 28.788790 -203.750000
v -94.969116 31.186972 -205.000000
v -94.969116 31.186972 -203.750000
v -94.968384 24.708698 -205.000000
v -94.968384 24.708698 -203.750000
v -94.940002 31.237293 -205.000000
v -94.940002 31.237293 -203.750000
v -94.939186 24.658697 -205.000000
v -94.939186 24.658697 -203.750000
v -94.927193 27.490852 -205.000000
v -94.927193 27.490852 -203.750000
v -94.920914 28.712435 -205.000000
v -94.920914 28.712435 -203.750000
v -94.904366 31.281183 -205.000000
v -94.904366 31.281183 -203.750000
v -94.903488 24.615133 -205.000000
v -94.903488 24.615133 -203.750000
v -94.864960 27.558807 -205.000000
v -94.864960 27.558807 -203.750000
v -94.861542 31.317974 -205.000000
v -94.861542 31.317974 -203.750000
v -94.860634 24.578665 -205.000000
v -94.860634 24.578665 -203.750000
v -94.857651 28.642698 -205.000000
v -94.857651 28.642698 -203.750000
v -94.812096 31.348225 -205.000000
v -94.812096 31.348225 -203.750000
v -94.811218 24.548706 -205.000000
v -94.811218 24.548706 -203.750000
v -94.737648 -19.295277 -204.000000
v -94.737648 -19.295277 -182.500000
v -94.719673 27.683376 -205.000000
v -94.719673 27.683376 -203.750000
v -94.710739 28.514261 -205.000000
v -94.710739 28.514261 -203.750000
v -94.697113 31.392841 -205.000000
v -94.697113 31.392841 -203.750000
v -94.696426 24.504610 -205.000000
v -94.696426 24.504610 -203.750000
v -94.616051 -5.221409 -205.000000
v -94.616051 -5.221409 -202.750000
v -94.576202 5.180002 -205.000000
v -94.576202 5.180002 -202.750000
v -94.429306 24.453638 -205.000000
v -94.429306 24.453638 -203.750000
v -94.429306 31.444702 -205.000000
v -94.429306 31.444702 -203.750000
v -94.372681 39.477882 -194.250000
v -94.372681 39.477882 -182.500000
v -94.346115 40.253952 -194.250000
v -94.346115 40.253952 -182.500000
v -94.264038 -18.120396 -194.250000
v -94.264038 -18.120396 -182.500000
v -94.233337 38.713963 -194.250000
v -94.233337 38.713963 -182.500000
v -94.154877 41.006557 -194.250000
v -94.154877 41.006557 -182.500000
v -94.121284 -18.067671 -205.000000
v -94.063004 28.094353 -205.000000
v -94.063004 28.094353 -203.750000
v -94.058182 38.300053 -194.250000
v -94.058182 38.300053 -188.375000
v -94.058182 38.300053 -182.500000
v -94.036201 25.351532 -205.000000
v -94.036201 25.351532 -203.750000
v -94.036201 27.107115 -205.000000
v -94.036201 27.107115 -203.750000
v -94.036201 29.072655 -205.000000
v -94.036201 29.072655 -203.750000
v -94.036201 30.546808 -205.000000
v -94.036201 30.546808 -203.750000
v -93.927864 31.943384 -196.750000
v -93.927864 31.943384 -194.250000
v -93.899864 -18.133261 -194.250000
v -93.899864 -18.133261 -188.375000
v -93.899864 -18.133261 -182.500000
v -93.882103 -4.338361 -205.000000
v -93.882103 -4.338361 -202.750000
v -93.849045 4.291356 -205.000000
v -93.849045 4.291356 -202.750000
v -93.807739 41.701164 -194.250000
v -93.807739 41.701164 -182.500000
v -93.795021 37.935707 -194.250000
v -93.795021 37.935707 -188.375000
v -93.795021 37.935707 -182.500000
v -93.757362 39.742641 -205.000000
v -93.757362 39.742641 -201.500000
v -93.670181 39.024693 -205.000000
v -93.670181 39.024693 -201.500000
v -93.670181 40.460587 -205.000000
v -93.670181 40.460587 -201.500000
v -93.543335 -18.057932 -194.250000
v -93.543335 -18.057932 -188.375000
v -93.543335 -18.057932 -182.500000
v -93.457153 37.639324 -194.250000
v -93.457153 37.639324 -188.375000
v -93.457153 37.639324 -182.500000
v -93.413727 38.348473 -205.000000
v -93.413727 38.348473 -201.500000
v -93.413727 41.136810 -205.000000
v -93.413727 41.136810 -201.500000
v -93.320618 42.305904 -194.250000
v -93.320618 42.305904 -182.500000
v -93.291557 -3.353625 -205.000000
v -93.291557 -3.353625 -202.750000
v -93.266060 3.302124 -205.000000
v -93.266060 3.302124 -202.750000
v -93.215500 -17.898857 -194.250000
v -93.215500 -17.898857 -188.375000
v -93.215500 -17.898857 -182.500000
v -93.067474 37.375671 -196.750000
v -93.067474 37.375671 -194.250000
v -93.061623 37.425873 -194.250000
v -93.061623 37.425873 -188.375000
v -93.061623 37.425873 -182.500000
v -93.002892 37.753273 -205.000000
v -93.002892 37.753273 -201.500000
v -93.002892 41.732010 -205.000000
v -93.002892 41.732010 -201.500000
v -92.965118 -18.721924 -204.000000
v -92.965118 -18.721924 -182.500000
v -92.935684 -17.665422 -194.250000
v -92.935684 -17.665422 -182.500000
v -92.858246 -2.290283 -205.000000
v -92.858246 -2.290283 -202.750000
v -92.840912 2.235493 -205.000000
v -92.840912 2.235493 -202.750000
v -92.754135 27.987141 -205.000000
v -92.754135 27.987141 -203.750000
v -92.754135 28.206030 -205.000000
v -92.754135 28.206030 -203.750000
v -92.691597 25.351532 -205.000000
v -92.691597 25.351532 -203.750000
v -92.691597 26.705072 -205.000000
v -92.691597 26.705072 -203.750000
v -92.691597 29.273676 -205.000000
v -92.691597 29.273676 -203.750000
v -92.691597 30.546808 -205.000000
v -92.691597 30.546808 -203.750000
v -92.628426 37.306133 -194.250000
v -92.628426 37.306133 -182.500000
v -92.592339 -1.173259 -205.000000
v -92.592339 -1.173259 -202.750000
v -92.583565 1.116464 -205.000000
v -92.583565 1.116464 -202.750000
v -92.500053 -0.028734 -205.000000
v -92.500053 -0.028734 -202.750000
v -92.461555 37.273689 -205.000000
v -92.461555 37.273689 -201.500000
v -92.461555 42.211594 -205.000000
v -92.461555 42.211594 -201.500000
v -92.405495 -17.416185 -205.000000
v -92.382362 39.742641 -201.500000
v -92.382362 39.742641 -192.000000
v -92.382362 39.742641 -182.500000
v -92.326988 39.322060 -201.500000
v -92.326988 39.322060 -192.000000
v -92.326988 39.322060 -182.500000
v -92.326988 40.163223 -201.500000
v -92.326988 40.163223 -192.000000
v -92.326988 40.163223 -182.500000
v -92.298485 31.444702 -205.000000
v -92.298485 31.444702 -203.750000
v -92.285088 24.453638 -205.000000
v -92.285088 24.453638 -203.750000
v -92.164650 38.930141 -201.500000
v -92.164650 38.930141 -192.000000
v -92.164650 38.930141 -182.500000
v -92.164650 40.555141 -201.500000
v -92.164650 40.555141 -192.000000
v -92.164650 40.555141 -182.500000
v -92.029488 31.393379 -205.000000
v -92.029488 31.393379 -203.750000
v -92.020355 24.505690 -205.000000
v -92.020355 24.505690 -203.750000
v -92.000000 48.500000 -194.250000
v -92.000000 48.500000 -182.500000
v -92.000000 49.500000 -205.000000
v -92.000000 50.500000 -204.000000
v -92.000000 50.500000 -182.500000
v -91.981285 48.499981 -194.250000
v -91.981285 48.499981 -182.500000
v -91.962563 48.499931 -194.250000
v -91.962563 48.499931 -182.500000
v -91.943848 48.499844 -194.250000
v -91.943848 48.499844 -182.500000
v -91.913879 31.348978 -205.000000
v -91.913879 31.348978 -203.750000
v -91.906815 24.550219 -205.000000
v -91.906815 24.550219 -203.750000
v -91.906410 38.593594 -201.500000
v -91.906410 38.593594 -192.000000
v -91.906410 38.593594 -182.500000
v -91.906410 40.891689 -201.500000
v -91.906410 40.891689 -192.000000
v -91.906410 40.891689 -182.500000
v -91.864113 31.318813 -205.000000
v -91.864113 31.318813 -203.750000
v -91.858040 24.580347 -205.000000
v -91.858040 24.580347 -203.750000
v -91.827080 -16.556190 -194.250000
v -91.827080 -16.556190 -182.500000
v -91.821175 36.937592 -205.000000
v -91.821175 36.937592 -201.500000
v -91.821175 42.547688 -205.000000
v -91.821175 42.547688 -201.500000
v -91.820961 31.282089 -205.000000
v -91.820961 31.282089 -203.750000
v -91.815849 24.616951 -205.000000
v -91.815849 24.616951 -203.750000
v -91.785004 31.238222 -205.000000
v -91.785004 31.238222 -203.750000
v -91.780792 24.660561 -205.000000
v -91.780792 24.660561 -203.750000
v -91.755592 31.187870 -205.000000
v -91.755592 31.187870 -203.750000
v -91.752167 24.710501 -205.000000
v -91.752167 24.710501 -203.750000
v -91.712654 31.071413 -205.000000
v -91.712654 31.071413 -203.750000
v -91.710564 24.825754 -205.000000
v -91.710564 24.825754 -203.750000
v -91.664154 25.092438 -205.000000
v -91.664154 25.092438 -203.750000
v -91.664154 26.705072 -205.000000
v -91.664154 26.705072 -203.750000
v -91.664154 29.273676 -205.000000
v -91.664154 29.273676 -203.750000
v -91.664154 30.801435 -205.000000
v -91.664154 30.801435 -203.750000
v -91.570343 -12.978476 -202.750000
v -91.570343 -12.978476 -194.250000
v -91.569862 38.335350 -201.500000
v -91.569862 38.335350 -192.000000
v -91.569862 38.335350 -182.500000
v -91.569862 41.149933 -201.500000
v -91.569862 41.149933 -192.000000
v -91.569862 41.149933 -182.500000
v -91.427803 48.429119 -194.250000
v -91.427803 48.429119 -182.500000
v -91.253616 -17.986128 -204.000000
v -91.253616 -17.986128 -182.500000
v -91.177940 38.173012 -201.500000
v -91.177940 38.173012 -192.000000
v -91.177940 38.173012 -182.500000
v -91.177940 41.312271 -201.500000
v -91.177940 41.312271 -192.000000
v -91.177940 41.312271 -182.500000
v -91.118965 36.764515 -205.000000
v -91.118965 36.764515 -201.500000
v -91.118965 42.720768 -205.000000
v -91.118965 42.720768 -201.500000
v -90.947525 48.227539 -194.250000
v -90.947525 48.227539 -182.500000
v -90.904739 24.453638 -205.000000
v -90.904739 24.453638 -203.750000
v -90.904739 25.534685 -205.000000
v -90.904739 25.534685 -203.750000
v -90.760567 -16.602196 -205.000000
v -90.757362 38.117641 -201.500000
v -90.757362 38.117641 -192.000000
v -90.757362 38.117641 -182.500000
v -90.757362 41.367641 -201.500000
v -90.757362 41.367641 -192.000000
v -90.757362 41.367641 -182.500000
v -90.674095 49.419796 -205.000000
v -90.651115 -15.518650 -194.250000
v -90.651115 -15.518650 -182.500000
v -90.553558 50.412506 -204.000000
v -90.553558 50.412506 -182.500000
v -90.540863 45.085659 -194.250000
v -90.540863 45.085659 -182.500000
v -90.535576 47.908783 -194.250000
v -90.535576 47.908783 -182.500000
v -90.533607 -13.058472 -202.750000
v -90.533607 -13.058472 -194.250000
v -90.496918 34.033791 -202.750000
v -90.496918 34.033791 -198.500000
v -90.496918 34.033791 -194.250000
v -90.464546 33.787910 -202.750000
v -90.464546 33.787910 -198.500000
v -90.464546 33.787910 -194.250000
v -90.464546 34.279667 -202.750000
v -90.464546 34.279667 -198.500000
v -90.464546 34.279667 -194.250000
v -90.395752 36.764515 -205.000000
v -90.395752 36.764515 -201.500000
v -90.395752 42.720768 -205.000000
v -90.395752 42.720768 -201.500000
v -90.369644 33.558788 -202.750000
v -90.369644 33.558788 -198.500000
v -90.369644 33.558788 -194.250000
v -90.369644 34.508789 -202.750000
v -90.369644 34.508789 -198.500000
v -90.369644 34.508789 -194.250000
v -90.336777 38.173012 -201.500000
v -90.336777 38.173012 -192.000000
v -90.336777 38.173012 -182.500000
v -90.336777 41.312271 -201.500000
v -90.336777 41.312271 -192.000000
v -90.336777 41.312271 -182.500000
v -90.223648 45.498795 -194.250000
v -90.223648 45.498795 -182.500000
v -90.219917 47.494465 -194.250000
v -90.219917 47.494465 -182.500000
v -90.218666 33.362038 -202.750000
v -90.218666 33.362038 -198.500000
v -90.218666 33.362038 -194.250000
v -90.218666 34.705540 -202.750000
v -90.218666 34.705540 -198.500000
v -90.218666 34.705540 -194.250000
v -90.023872 45.979824 -194.250000
v -90.023872 45.979824 -182.500000
v -90.021942 47.012688 -194.250000
v -90.021942 47.012688 -182.500000
v -90.021919 33.211067 -202.750000
v -90.021919 33.211067 -198.500000
v -90.021919 33.211067 -194.250000
v -90.021919 34.856514 -202.750000
v -90.021919 34.856514 -198.500000
v -90.021919 34.856514 -194.250000
v -89.955078 46.496132 -194.250000
v -89.955078 46.496132 -182.500000
v -89.944862 38.335350 -201.500000
v -89.944862 38.335350 -192.000000
v -89.944862 38.335350 -182.500000
v -89.944862 41.149933 -201.500000
v -89.944862 41.149933 -192.000000
v -89.944862 41.149933 -182.500000
v -89.899635 24.453638 -205.000000
v -89.899635 24.453638 -203.750000
v -89.899635 25.534685 -205.000000
v -89.899635 25.534685 -203.750000
v -89.792793 33.116161 -202.750000
v -89.792793 33.116161 -198.500000
v -89.792793 33.116161 -194.250000
v -89.792793 34.951420 -202.750000
v -89.792793 34.951420 -198.500000
v -89.792793 34.951420 -194.250000
v -89.697479 36.841915 -194.250000
v -89.697479 36.841915 -182.500000
v -89.693542 36.937592 -205.000000
v -89.693542 36.937592 -201.500000
v -89.693542 42.547688 -205.000000
v -89.693542 42.547688 -201.500000
v -89.618004 -17.094275 -204.000000
v -89.618004 -17.094275 -182.500000
v -89.608307 38.593594 -201.500000
v -89.608307 38.593594 -192.000000
v -89.608307 38.593594 -182.500000
v -89.608307 40.891689 -201.500000
v -89.608307 40.891689 -192.000000
v -89.608307 40.891689 -182.500000
v -89.546913 33.083790 -202.750000
v -89.546913 33.083790 -198.500000
v -89.546913 33.083790 -194.250000
v -89.546913 34.983791 -202.750000
v -89.546913 34.983791 -198.500000
v -89.546913 34.983791 -194.250000
v -89.497383 -12.972126 -202.750000
v -89.497383 -12.972126 -194.250000
v -89.412399 -14.556882 -194.250000
v -89.412399 -14.556882 -182.500000
v -89.367531 49.180359 -205.000000
v -89.350067 38.930141 -201.500000
v -89.350067 38.930141 -192.000000
v -89.350067 38.930141 -182.500000
v -89.350067 40.555141 -201.500000
v -89.350067 40.555141 -192.000000
v -89.350067 40.555141 -182.500000
v -89.301041 33.116161 -202.750000
v -89.301041 33.116161 -198.500000
v -89.301041 33.116161 -194.250000
v -89.301041 34.951420 -202.750000
v -89.301041 34.951420 -198.500000
v -89.301041 34.951420 -194.250000
v -89.227692 36.823460 -194.250000
v -89.227692 36.823460 -188.375000
v -89.227692 36.823460 -182.500000
v -89.201851 -15.633296 -205.000000
v -89.187729 39.322060 -201.500000
v -89.187729 39.322060 -192.000000
v -89.187729 39.322060 -182.500000
v -89.187729 40.163223 -201.500000
v -89.187729 40.163223 -192.000000
v -89.187729 40.163223 -182.500000
v -89.144691 24.453638 -205.000000
v -89.144691 24.453638 -203.750000
v -89.144691 31.444702 -205.000000
v -89.144691 31.444702 -203.750000
v -89.132362 39.742641 -201.500000
v -89.132362 39.742641 -192.000000
v -89.132362 39.742641 -182.500000
v -89.128212 50.151302 -204.000000
v -89.128212 50.151302 -182.500000
v -89.071915 33.211067 -202.750000
v -89.071915 33.211067 -198.500000
v -89.071915 33.211067 -194.250000
v -89.071915 34.856514 -202.750000
v -89.071915 34.856514 -198.500000
v -89.071915 34.856514 -194.250000
v -89.053162 37.273689 -205.000000
v -89.053162 37.273689 -201.500000
v -89.053162 42.211594 -205.000000
v -89.053162 42.211594 -201.500000
v -88.875168 33.362038 -202.750000
v -88.875168 33.362038 -198.500000
v -88.875168 33.362038 -194.250000
v -88.875168 34.705540 -202.750000
v -88.875168 34.705540 -198.500000
v -88.875168 34.705540 -194.250000
v -88.766579 36.915180 -194.250000
v -88.766579 36.915180 -188.375000
v -88.766579 36.915180 -182.500000
v -88.724190 33.558788 -202.750000
v -88.724190 33.558788 -198.500000
v -88.724190 33.558788 -194.250000
v -88.724190 34.508789 -202.750000
v -88.724190 34.508789 -198.500000
v -88.724190 34.508789 -194.250000
v -88.629288 33.787910 -202.750000
v -88.629288 33.787910 -198.500000
v -88.629288 33.787910 -194.250000
v -88.629288 34.279667 -202.750000
v -88.629288 34.279667 -198.500000
v -88.629288 34.279667 -194.250000
v -88.596916 34.033791 -202.750000
v -88.596916 34.033791 -198.500000
v -88.596916 34.033791 -194.250000
v -88.511826 37.753273 -205.000000
v -88.511826 37.753273 -201.500000
v -88.511826 41.732010 -205.000000
v -88.511826 41.732010 -201.500000
v -88.488182 -12.721650 -202.750000
v -88.488182 -12.721650 -194.250000
v -88.339615 37.112011 -194.250000
v -88.339615 37.112011 -188.375000
v -88.339615 37.112011 -182.500000
v -88.231499 -13.619924 -194.250000
v -88.202126 28.661678 -205.000000
v -88.202126 28.661678 -203.750000
v -88.178978 28.472410 -205.000000
v -88.178978 28.472410 -203.750000
v -88.159576 28.282852 -205.000000
v -88.159576 28.282852 -203.750000
v -88.157455 31.444702 -205.000000
v -88.157455 31.444702 -203.750000
v -88.147102 28.092752 -205.000000
v -88.147102 28.092752 -203.750000
v -88.139580 24.453638 -205.000000
v -88.139580 24.453638 -203.750000
v -88.139580 27.902266 -205.000000
v -88.139580 27.902266 -203.750000
v -88.100990 38.348473 -205.000000
v -88.100990 38.348473 -201.500000
v -88.100990 41.136810 -205.000000
v -88.100990 41.136810 -201.500000
v -88.099342 48.785179 -205.000000
v -88.090157 -13.496508 -182.500000
v -88.072479 -16.054102 -204.000000
v -88.072479 -16.054102 -182.500000
v -87.970398 37.403080 -194.250000
v -87.970398 37.403080 -182.500000
v -87.844536 39.024693 -205.000000
v -87.844536 39.024693 -201.500000
v -87.844536 40.460587 -205.000000
v -87.844536 40.460587 -201.500000
v -87.757362 39.742641 -205.000000
v -87.757362 39.742641 -201.500000
v -87.744743 49.720196 -204.000000
v -87.744743 49.720196 -182.500000
v -87.743881 -14.518527 -205.000000
v -87.531837 -12.313454 -202.750000
v -87.531837 -12.313454 -194.250000
v -87.299759 25.092438 -205.000000
v -87.299759 25.092438 -203.750000
v -87.133125 -12.587440 -194.250000
v -87.058540 27.580631 -205.000000
v -87.058540 27.580631 -203.750000
v -87.048683 27.501593 -205.000000
v -87.048683 27.501593 -203.750000
v -87.040390 27.422428 -205.000000
v -87.040390 27.422428 -203.750000
v -87.035011 27.343031 -205.000000
v -87.035011 27.343031 -203.750000
v -87.031731 27.263464 -205.000000
v -87.031731 27.263464 -203.750000
v -87.029327 27.343176 -205.000000
v -87.029327 27.343176 -203.750000
v -87.024948 27.422693 -205.000000
v -87.024948 27.422693 -203.750000
v -87.016670 27.501831 -205.000000
v -87.016670 27.501831 -203.750000
v -87.004929 27.580631 -205.000000
v -87.004929 27.580631 -203.750000
v -86.888046 48.240017 -205.000000
v -86.873512 -12.316467 -182.500000
v -86.768173 25.092438 -205.000000
v -86.768173 25.092438 -203.750000
v -86.652824 -11.757982 -202.750000
v -86.652824 -11.757982 -194.250000
v -86.630432 -14.874636 -204.000000
v -86.630432 -14.874636 -182.500000
v -86.423325 49.125473 -204.000000
v -86.423325 49.125473 -182.500000
v -86.400276 -13.268291 -205.000000
v -86.125008 -11.466672 -194.250000
v -85.923882 24.453638 -205.000000
v -85.923882 24.453638 -203.750000
v -85.923882 27.902266 -205.000000
v -85.923882 27.902266 -203.750000
v -85.916145 28.092733 -205.000000
v -85.916145 28.092733 -203.750000
v -85.906013 31.444702 -205.000000
v -85.906013 31.444702 -203.750000
v -85.903549 28.282822 -205.000000
v -85.903549 28.282822 -203.750000
v -85.884239 28.472389 -205.000000
v -85.884239 28.472389 -203.750000
v -85.873627 -11.069451 -202.750000
v -85.873627 -11.069451 -194.250000
v -85.861343 28.661678 -205.000000
v -85.861343 28.661678 -203.750000
v -85.773254 -11.027224 -182.500000
v -85.751289 47.552822 -205.000000
v -85.414337 39.959137 -194.250000
v -85.414337 39.959137 -182.500000
v -85.304398 -13.566108 -204.000000
v -85.304398 -13.566108 -182.500000
v -85.214195 -10.265481 -202.750000
v -85.214195 -10.265481 -194.250000
v -85.183563 -11.894255 -205.000000
v -85.183220 48.375805 -204.000000
v -85.183220 48.375805 -182.500000
v -85.001205 40.276348 -194.250000
v -85.001205 40.276348 -182.500000
v -84.918777 24.453638 -205.000000
v -84.918777 24.453638 -203.750000
v -84.918777 31.444702 -205.000000
v -84.918777 31.444702 -203.750000
v -84.799133 -9.640208 -182.500000
v -84.705650 46.733620 -205.000000
v -84.520172 40.476128 -194.250000
v -84.520172 40.476128 -182.500000
v -84.380859 -8.946651 -202.750000
v -84.108910 30.388216 -202.750000
v -84.108910 30.388216 -194.250000
v -84.105865 -12.139874 -204.000000
v -84.105865 -12.139874 -182.500000
v -84.105103 -10.409236 -205.000000
v -84.042526 47.482128 -204.000000
v -84.042526 47.482128 -182.500000
v -84.003868 40.544918 -194.250000
v -84.003868 40.544918 -182.500000
v -83.959785 -8.167719 -182.500000
v -83.766380 45.794350 -205.000000
v -83.664848 -7.560619 -202.750000
v -83.543289 30.228693 -202.750000
v -83.543289 30.228693 -194.250000
v -83.487312 40.478062 -194.250000
v -83.487312 40.478062 -182.500000
v -83.262665 -6.622811 -182.500000
v -83.174942 -8.827092 -205.000000
v -83.071541 -6.117794 -202.750000
v -83.045242 -10.608307 -204.000000
v -83.045242 -10.608307 -182.500000
v -83.030533 29.941538 -202.750000
v -83.030533 29.941538 -194.250000
v -83.017868 46.457474 -204.000000
v -83.017868 46.457474 -182.500000
v -83.005531 40.280083 -194.250000
v -83.005531 40.280083 -182.500000
v -82.947174 44.748711 -205.000000
v -82.713943 -5.019182 -182.500000
v -82.605392 -4.629014 -202.750000
v -82.598984 29.542616 -202.750000
v -82.598984 29.542616 -194.250000
v -82.591217 39.964420 -194.250000
v -82.591217 39.964420 -182.500000
v -82.401779 -7.162586 -205.000000
v -82.318481 -3.371051 -182.500000
v -82.272484 29.053970 -202.750000
v -82.272484 29.053970 -194.250000
v -82.272461 39.552479 -194.250000
v -82.272461 39.552479 -182.500000
v -82.269913 -3.105463 -202.750000
v -82.259979 43.611954 -205.000000
v -82.131721 -8.984696 -204.000000
v -82.131721 -8.984696 -182.500000
v -82.124191 45.316776 -204.000000
v -82.124191 45.316776 -182.500000
v -82.079796 -1.693031 -182.500000
v -82.070885 39.072197 -194.250000
v -82.070885 39.072197 -182.500000
v -82.069077 28.502607 -202.750000
v -82.069077 28.502607 -194.250000
v -82.067604 -1.558585 -202.750000
v -82.000160 38.556152 -194.250000
v -82.000160 38.556152 -182.500000
v -82.000069 38.537437 -194.250000
v -82.000069 38.537437 -182.500000
v -82.000015 38.518719 -194.250000
v -82.000015 38.518719 -182.500000
v -82.000000 0.000000 -202.750000
v -82.000000 0.000000 -182.500000
v -82.000000 27.918995 -202.750000
v -82.000000 27.918995 -194.250000
v -82.000000 38.500000 -194.250000
v -82.000000 38.500000 -182.500000
v -81.792816 -5.431249 -205.000000
v -81.714821 42.400654 -205.000000
v -81.374527 44.076679 -204.000000
v -81.374527 44.076679 -182.500000
v -81.373245 -7.283130 -204.000000
v -81.373245 -7.283130 -182.500000
v -81.353737 -3.649234 -205.000000
v -81.319641 41.132473 -205.000000
v -81.088638 -1.833169 -205.000000
v -81.080200 39.825905 -205.000000
v -81.000000 -0.000000 -205.000000
v -81.000000 38.500000 -205.000000
v -80.779808 42.755260 -204.000000
v -80.779808 42.755260 -182.500000
v -80.776382 -5.518371 -204.000000
v -80.776382 -5.518371 -182.500000
v -80.348694 41.371788 -204.000000
v -80.348694 41.371788 -182.500000
v -80.346306 -3.705731 -204.000000
v -80.346306 -3.705731 -182.500000
v -80.087494 39.946442 -204.000000
v -80.087494 39.946442 -182.500000
v -80.086761 -1.860939 -204.000000
v -80.086761 -1.860939 -182.500000
v -80.000000 0.000000 -204.000000
v -80.000000 0.000000 -182.500000
v -80.000000 38.500000 -204.000000
v -80.000000 38.500000 -182.500000
vn -0.991444 0.130529 0.000000
vn -0.991444 0.130529 0.000000
vn -0.991444 -0.130531 0.000000
vn -0.991444 -0.130531 -0.000000
vn -0.923884 -0.382672 0.000000
vn -0.923884 -0.382672 -0.000000
vn -0.793342 -0.608777 0.000000
vn -0.793342 -0.608777 -0.000000
vn -0.608774 -0.793343 0.000000
vn -0.608774 -0.793343 -0.000000
vn -0.382679 -0.923881 0.000000
vn -0.382679 -0.923881 -0.000000
vn -0.130533 -0.991444 0.000000
vn -0.130533 -0.991444 -0.000000
vn 0.130529 -0.991444 0.000000
vn 0.130529 -0.991444 0.000000
vn 0.382679 -0.923881 0.000000
vn 0.382679 -0.923881 0.000000
vn 0.608774 -0.793343 0.000000
vn 0.608774 -0.793343 0.000000
vn 0.793342 -0.608777 0.000000
vn 0.793342 -0.608777 0.000000
vn 0.923884 -0.382672 0.000000
vn 0.923884 -0.382672 0.000000
vn 0.991444 -0.130531 0.000000
vn 0.991444 -0.130531 0.000000
vn 0.991444 0.130529 0.000000
vn 0.991444 0.130529 0.000000
vn 0.923884 0.382672 0.000000
vn 0.923884 0.382672 0.000000
vn 0.793342 0.608777 0.000000
vn 0.793342 0.608777 0.000000
vn 0.608765 0.793351 0.000000
vn 0.608765 0.793351 0.000000
vn 0.382679 0.923881 0.000000
vn 0.382679 0.923881 0.000000
vn 0.130529 0.991444 0.000000
vn 0.130529 0.991444 0.000000
vn -0.130533 0.991444 0.000000
vn -0.130533 0.991444 0.000000
vn -0.382679 0.923881 0.000000
vn -0.382679 0.923881 0.000000
vn -0.608765 0.793351 0.000000
vn -0.608765 0.793351 0.000000
vn -0.793342 0.608777 0.000000
vn -0.793342 0.608777 0.000000
vn -0.923884 0.382672 0.000000
vn -0.923884 0.382672 0.000000
vn -0.991444 -0.130531 0.000000
vn -0.991444 -0.130531 0.000000
vn -0.991444 0.130529 0.000000
vn -0.991444 0.130529 0.000000
vn -0.923884 0.382672 0.000000
vn -0.923884 0.382672 0.000000
vn -0.793342 0.608777 0.000000
vn -0.793342 0.608777 0.000000
vn -0.608765 0.793351 0.000000
vn -0.608765 0.793351 0.000000
vn -0.382679 0.923881 0.000000
vn -0.382679 0.923881 0.000000
vn -0.130533 0.991444 0.000000
vn -0.130533 0.991444 0.000000
vn 0.130529 0.991444 0.000000
vn 0.130529 0.991444 -0.000000
vn 0.382679 0.923881 0.000000
vn 0.382679 0.923881 -0.000000
vn 0.608765 0.793351 0.000000
vn 0.608765 0.793351 -0.000000
vn 0.793342 0.608777 0.000000
vn 0.793342 0.608777 -0.000000
vn 0.923884 0.382672 0.000000
vn 0.923884 0.382672 -0.000000
vn 0.991444 0.130529 0.000000
vn 0.991444 0.130529 -0.000000
vn 0.991444 -0.130531 0.000000
vn 0.991444 -0.130531 0.000000
vn 0.923884 -0.382672 0.000000
vn 0.923884 -0.382672 0.000000
vn 0.793342 -0.608777 0.000000
vn 0.793342 -0.608777 0.000000
vn 0.608774 -0.793343 0.000000
vn 0.608774 -0.793343 0.000000
vn 0.382679 -0.923881 0.000000
vn 0.382679 -0.923881 0.000000
vn 0.130529 -0.991444 0.000000
vn 0.130529 -0.991444 0.000000
vn -0.130533 -0.991444 0.000000
vn -0.130533 -0.991444 0.000000
vn -0.382679 -0.923881 0.000000
vn -0.382679 -0.923881 0.000000
vn -0.608774 -0.793343 0.000000
vn -0.608774 -0.793343 0.000000
vn -0.793342 -0.608777 0.000000
vn -0.793342 -0.608777 0.000000
vn -0.923884 -0.382672 0.000000
vn -0.923884 -0.382672 0.000000
vn -0.991444 0.130530 0.000000
vn -0.991444 0.130530 0.000000
vn -0.991444 -0.130530 0.000000
vn -0.991444 -0.130530 -0.000000
vn -0.923884 -0.382672 0.000000
vn -0.923884 -0.382672 -0.000000
vn -0.793358 -0.608755 0.000000
vn -0.793358 -0.608755 -0.000000
vn -0.608755 -0.793358 0.000000
vn -0.608755 -0.793358 -0.000000
vn -0.382690 -0.923877 0.000000
vn -0.382690 -0.923877 -0.000000
vn -0.130522 -0.991445 0.000000
vn -0.130522 -0.991445 -0.000000
vn 0.130522 -0.991445 0.000000
vn 0.130522 -0.991445 0.000000
vn 0.382690 -0.923877 0.000000
vn 0.382690 -0.923877 0.000000
vn 0.608755 -0.793358 0.000000
vn 0.608755 -0.793358 0.000000
vn 0.793358 -0.608755 0.000000
vn 0.793358 -0.608755 0.000000
vn 0.923874 -0.382698 0.000000
vn 0.923874 -0.382698 0.000000
vn 0.991444 -0.130530 0.000000
vn 0.991444 -0.130530 0.000000
vn 0.991444 0.130530 0.000000
vn 0.991444 0.130530 0.000000
vn 0.923873 0.382699 0.000000
vn 0.923873 0.382699 0.000000
vn 0.793358 0.608755 0.000000
vn 0.793358 0.608755 0.000000
vn 0.608757 0.793357 0.000000
vn 0.608757 0.793357 0.000000
vn 0.382687 0.923878 0.000000
vn 0.382687 0.923878 0.000000
vn 0.130526 0.991445 0.000000
vn 0.130526 0.991445 0.000000
vn -0.130526 0.991445 0.000000
vn -0.130526 0.991445 0.000000
vn -0.382687 0.923878 0.000000
vn -0.382687 0.923878 0.000000
vn -0.608757 0.793357 0.000000
vn -0.608757 0.793357 0.000000
vn -0.793358 0.608755 0.000000
vn -0.793358 0.608755 0.000000
vn -0.923884 0.382673 0.000000
vn -0.923884 0.382673 0.000000
vn -0.991444 -0.130530 0.000000
vn -0.991444 -0.130530 0.000000
vn -0.991444 0.130530 0.000000
vn -0.991444 0.130530 0.000000
vn -0.923884 0.382673 0.000000
vn -0.923884 0.382673 0.000000
vn -0.793358 0.608755 0.000000
vn -0.793358 0.608755 0.000000
vn -0.608757 0.793357 0.000000
vn -0.608757 0.793357 0.000000
vn -0.382687 0.923878 0.000000
vn -0.382687 0.923878 0.000000
vn -0.130526 0.991445 0.000000
vn -0.130526 0.991445 0.000000
vn 0.130526 0.991445 0.000000
vn 0.130526 0.991445 -0.000000
vn 0.382687 0.923878 0.000000
vn 0.382687 0.923878 -0.000000
vn 0.608757 0.793357 0.000000
vn 0.608757 0.793357 -0.000000
vn 0.793358 0.608755 0.000000
vn 0.793358 0.608755 -0.000000
vn 0.923873 0.382699 0.000000
vn 0.923873 0.382699 -0.000000
vn 0.991444 0.130530 0.000000
vn 0.991444 0.130530 -0.000000
vn 0.991444 -0.130530 0.000000
vn 0.991444 -0.130530 0.000000
vn 0.923874 -0.382698 0.000000
vn 0.923874 -0.382698 0.000000
vn 0.793358 -0.608755 0.000000
vn 0.793358 -0.608755 0.000000
vn 0.608755 -0.793358 0.000000
vn 0.608755 -0.793358 0.000000
vn 0.382690 -0.923877 0.000000
vn 0.382690 -0.923877 0.000000
vn 0.130522 -0.991445 0.000000
vn 0.130522 -0.991445 0.000000
vn -0.130522 -0.991445 0.000000
vn -0.130522 -0.991445 0.000000
vn -0.382690 -0.923877 0.000000
vn -0.382690 -0.923877 0.000000
vn -0.608755 -0.793358 0.000000
vn -0.608755 -0.793358 0.000000
vn -0.793358 -0.608755 0.000000
vn -0.793358 -0.608755 0.000000
vn -0.923884 -0.382672 0.000000
vn -0.923884 -0.382672 0.000000
vn -0.991444 0.130531 0.000000
vn -0.991444 0.130531 0.000000
vn -0.991444 -0.130529 0.000000
vn -0.991444 -0.130529 -0.000000
vn -0.923884 -0.382672 0.000000
vn -0.923884 -0.382672 -0.000000
vn -0.793342 -0.608777 0.000000
vn -0.793342 -0.608777 -0.000000
vn -0.608774 -0.793343 0.000000
vn -0.608774 -0.793343 -0.000000
vn -0.382666 -0.923887 0.000000
vn -0.382666 -0.923887 -0.000000
vn -0.130533 -0.991444 0.000000
vn -0.130533 -0.991444 -0.000000
vn 0.130529 -0.991444 0.000000
vn 0.130529 -0.991444 0.000000
vn 0.382666 -0.923887 0.000000
vn 0.382666 -0.923887 0.000000
vn 0.608774 -0.793343 0.000000
vn 0.608774 -0.793343 0.000000
vn 0.793356 -0.608757 0.000000
vn 0.793356 -0.608757 0.000000
vn 0.923874 -0.382698 0.000000
vn 0.923874 -0.382698 0.000000
vn 0.991444 -0.130529 0.000000
vn 0.991444 -0.130529 0.000000
vn 0.991444 0.130531 0.000000
vn 0.991444 0.130531 0.000000
vn 0.923874 0.382698 0.000000
vn 0.923874 0.382698 0.000000
vn 0.793356 0.608757 0.000000
vn 0.793356 0.608757 0.000000
vn 0.608774 0.793343 0.000000
vn 0.608774 0.793343 0.000000
vn 0.382679 0.923881 0.000000
vn 0.382679 0.923881 0.000000
vn 0.130514 0.991446 0.000000
vn 0.130514 0.991446 0.000000
vn -0.130518 0.991446 0.000000
vn -0.130518 0.991446 0.000000
vn -0.382679 0.923881 0.000000
vn -0.382679 0.923881 0.000000
vn -0.608774 0.793343 0.000000
vn -0.608774 0.793343 0.000000
vn -0.793342 0.608777 0.000000
vn -0.793342 0.608777 0.000000
vn -0.923884 0.382672 0.000000
vn -0.923884 0.382672 0.000000
vn -0.991444 -0.130529 0.000000
vn -0.991444 -0.130529 0.000000
vn -0.991444 0.130531 0.000000
vn -0.991444 0.130531 0.000000
vn -0.923884 0.382672 0.000000
vn -0.923884 0.382672 0.000000
vn -0.793342 0.608777 0.000000
vn -0.793342 0.608777 0.000000
vn -0.608774 0.793343 0.000000
vn -0.608774 0.793343 0.000000
vn -0.382679 0.923881 0.000000
vn -0.382679 0.923881 0.000000
vn -0.130518 0.991446 0.000000
vn -0.130518 0.991446 0.000000
vn 0.130514 0.991446 0.000000
vn 0.130514 0.991446 -0.000000
vn 0.382679 0.923881 0.000000
vn 0.382679 0.923881 -0.000000
vn 0.608774 0.793343 0.000000
vn 0.608774 0.793343 -0.000000
vn 0.793356 0.608757 0.000000
vn 0.793356 0.608757 -0.000000
vn 0.923874 0.382698 0.000000
vn 0.923874 0.382698 -0.000000
vn 0.991444 0.130531 0.000000
vn 0.991444 0.130531 -0.000000
vn 0.991444 -0.130529 0.000000
vn 0.991444 -0.130529 0.000000
vn 0.923874 -0.382698 0.000000
vn 0.923874 -0.382698 0.000000
vn 0.793356 -0.608757 0.000000
vn 0.793356 -0.608757 0.000000
vn 0.608774 -0.793343 0.000000
vn 0.608774 -0.793343 0.000000
vn 0.382666 -0.923887 0.000000
vn 0.382666 -0.923887 0.000000
vn 0.130529 -0.991444 0.000000
vn 0.130529 -0.991444 0.000000
vn -0.130533 -0.991444 0.000000
vn -0.130533 -0.991444 0.000000
vn -0.382666 -0.923887 0.000000
vn -0.382666 -0.923887 0.000000
vn -0.608774 -0.793343 0.000000
vn -0.608774 -0.793343 0.000000
vn -0.793342 -0.608777 0.000000
vn -0.793342 -0.608777 0.000000
vn -0.923884 -0.382672 0.000000
vn -0.923884 -0.382672 0.000000
vn -0.991448 0.130500 0.000000
vn -0.991448 0.130500 0.000000
vn -0.991448 -0.130501 0.000000
vn -0.991448 -0.130501 -0.000000
vn -0.923874 -0.382698 0.000000
vn -0.923874 -0.382698 -0.000000
vn -0.793358 -0.608755 0.000000
vn -0.793358 -0.608755 -0.000000
vn -0.608755 -0.793358 0.000000
vn -0.608755 -0.793358 -0.000000
vn -0.382690 -0.923877 0.000000
vn -0.382690 -0.923877 -0.000000
vn -0.130526 -0.991445 0.000000
vn -0.130526 -0.991445 -0.000000
vn 0.130526 -0.991445 0.000000
vn 0.130526 -0.991445 0.000000
vn 0.382690 -0.923877 0.000000
vn 0.382690 -0.923877 0.000000
vn 0.608755 -0.793358 0.000000
vn 0.608755 -0.793358 0.000000
vn 0.793358 -0.608755 0.000000
vn 0.793358 -0.608755 0.000000
vn 0.923874 -0.382698 0.000000
vn 0.923874 -0.382698 0.000000
vn 0.991448 -0.130501 0.000000
vn 0.991448 -0.130501 0.000000
vn 0.991448 0.130500 0.000000
vn 0.991448 0.130500 0.000000
vn 0.923874 0.382698 0.000000
vn 0.923874 0.382698 0.000000
vn 0.793358 0.608755 0.000000
vn 0.793358 0.608755 0.000000
vn 0.608755 0.793358 0.000000
vn 0.608755 0.793358 0.000000
vn 0.382690 0.923877 0.000000
vn 0.382690 0.923877 0.000000
vn 0.130526 0.991445 0.000000
vn 0.130526 0.991445 0.000000
vn -0.130526 0.991445 0.000000
vn -0.130526 0.991445 0.000000
vn -0.382690 0.923877 0.000000
vn -0.382690 0.923877 0.000000
vn -0.608755 0.793358 0.000000
vn -0.608755 0.793358 0.000000
vn -0.793358 0.608755 0.000000
vn -0.793358 0.608755 0.000000
vn -0.923874 0.382698 0.000000
vn -0.923874 0.382698 0.000000
vn -0.991448 -0.130501 0.000000
vn -0.991448 -0.130501 0.000000
vn -0.991448 0.130500 0.000000
vn -0.991448 0.130500 0.000000
vn -0.923874 0.382698 0.000000
vn -0.923874 0.382698 0.000000
vn -0.793358 0.608755 0.000000
vn -0.793358 0.608755 0.000000
vn -0.608755 0.793358 0.000000
vn -0.608755 0.793358 0.000000
vn -0.382690 0.923877 0.000000
vn -0.382690 0.923877 0.000000
vn -0.130526 0.991445 0.000000
vn -0.130526 0.991445 0.000000
vn 0.130526 0.991445 0.000000
vn 0.130526 0.991445 -0.000000
vn 0.382690 0.923877 0.000000
vn 0.382690 0.923877 -0.000000
vn 0.608755 0.793358 0.000000
vn 0.608755 0.793358 -0.000000
vn 0.793358 0.608755 0.000000
vn 0.793358 0.608755 -0.000000
vn 0.923874 0.382698 0.000000
vn 0.923874 0.382698 -0.000000
vn 0.991448 0.130500 0.000000
vn 0.991448 0.130500 -0.000000
vn 0.991448 -0.130501 0.000000
vn 0.991448 -0.130501 0.000000
vn 0.923874 -0.382698 0.000000
vn 0.923874 -0.382698 0.000000
vn 0.793358 -0.608755 0.000000
vn 0.793358 -0.608755 0.000000
vn 0.608755 -0.793358 0.000000
vn 0.608755 -0.793358 0.000000
vn 0.382690 -0.923877 0.000000
vn 0.382690 -0.923877 0.000000
vn 0.130526 -0.991445 0.000000
vn 0.130526 -0.991445 0.000000
vn -0.130526 -0.991445 0.000000
vn -0.130526 -0.991445 0.000000
vn -0.382690 -0.923877 0.000000
vn -0.382690 -0.923877 0.000000
vn -0.608755 -0.793358 0.000000
vn -0.608755 -0.793358 0.000000
vn -0.793358 -0.608755 0.000000
vn -0.793358 -0.608755 0.000000
vn -0.923874 -0.382698 0.000000
vn -0.923874 -0.382698 0.000000
vn 0.000000 -0.000000 1.000000
vn 0.000000 0.000000 1.000000
vn 0.000000 0.000000 1.000000
vn 0.000000 0.000000 1.000000
vn 0.000000 0.000000 1.000000
vn 0.000000 0.000000 1.000000
vn 0.991054 -0.133459 -0.000751
vn 0.992200 -0.124658 0.000000
vn 0.993593 -0.113013 0.001224
vn 0.998575 -0.053370 -0.000409
vn 0.999999 -0.000000 0.001449
vn 0.999999 -0.000000 0.001449
vn 0.998575 0.053370 -0.000409
vn 0.993593 0.113013 0.001224
vn 0.992200 0.124658 0.000000
vn 0.991054 0.133459 -0.000751
vn 0.974460 0.224560 0.000800
vn 0.971004 0.239061 -0.000543
vn 0.942839 0.333248 0.000575
vn 0.939731 0.341914 -0.000304
vn 0.921178 0.389140 -0.000000
vn 0.899138 0.437664 0.000890
vn 0.895048 0.445966 -0.001713
vn 0.843922 0.536464 0.001619
vn 0.835727 0.549140 -0.002394
vn 0.777892 0.628394 0.002256
vn 0.764567 0.644537 -0.002988
vn 0.701889 0.712281 0.002803
vn 0.682582 0.730800 -0.003489
vn 0.616909 0.787028 0.003262
vn 0.590929 0.806714 -0.003904
vn 0.524010 0.851704 0.003631
vn 0.490903 0.871204 -0.004227
vn 0.456685 0.889629 -0.000000
vn 0.422237 0.906482 0.002733
vn 0.383927 0.923359 -0.002802
vn 0.312545 0.949899 0.002763
vn 0.271517 0.962429 -0.002832
vn 0.198501 0.980097 0.002792
vn 0.155255 0.987870 -0.002859
vn 0.081697 0.996653 0.002819
vn 0.036797 0.999319 -0.002886
vn -0.036246 0.999339 0.002844
vn -0.082183 0.996613 -0.002909
vn -0.153682 0.988116 0.002868
vn -0.199999 0.979792 -0.002932
vn -0.268983 0.963141 0.002889
vn -0.314981 0.949093 -0.002952
vn -0.380536 0.924762 0.002909
vn -0.425507 0.904950 -0.002972
vn -0.486799 0.873509 0.002926
vn -0.529997 0.847994 -0.002988
vn -0.586278 0.810104 0.002943
vn -0.626990 0.779021 -0.003003
vn -0.677604 0.735421 0.002956
vn -0.715094 0.699022 -0.003016
vn -0.759499 0.650501 0.002969
vn -0.793078 0.609113 -0.003027
vn -0.830818 0.556536 0.002978
vn -0.859818 0.510591 -0.003037
vn -0.890582 0.454814 0.002988
vn -0.914394 0.404814 -0.003044
vn -0.937946 0.346767 0.002993
vn -0.956007 0.293329 -0.003050
vn -0.972256 0.233899 0.002998
vn -0.984085 0.177672 -0.003054
vn -0.993037 0.117762 0.003001
vn -0.998223 0.059511 -0.003054
vn -0.999995 0.000000 0.003003
vn -0.998223 -0.059511 -0.003054
vn -0.993037 -0.117762 0.003001
vn -0.984085 -0.177672 -0.003054
vn -0.972256 -0.233899 0.002998
vn -0.956007 -0.293329 -0.003050
vn -0.937946 -0.346768 0.002993
vn -0.914394 -0.404814 -0.003044
vn -0.890582 -0.454813 0.002987
vn -0.859819 -0.510590 -0.003037
vn -0.830818 -0.556536 0.002978
vn -0.793078 -0.609113 -0.003027
vn -0.759499 -0.650501 0.002969
vn -0.715094 -0.699022 -0.003016
vn -0.677605 -0.735420 0.002956
vn -0.626990 -0.779022 -0.003003
vn -0.586278 -0.810104 0.002943
vn -0.529997 -0.847994 -0.002988
vn -0.486799 -0.873509 0.002926
vn -0.425507 -0.904950 -0.002972
vn -0.380537 -0.924761 0.002909
vn -0.314980 -0.949094 -0.002953
vn -0.268981 -0.963141 0.002889
vn -0.200002 -0.979791 -0.002932
vn -0.153682 -0.988116 0.002868
vn -0.082182 -0.996613 -0.002909
vn -0.036246 -0.999339 0.002844
vn 0.036797 -0.999319 -0.002886
vn 0.081697 -0.996653 0.002819
vn 0.155255 -0.987870 -0.002859
vn 0.198501 -0.980097 0.002792
vn 0.271517 -0.962429 -0.002832
vn 0.312544 -0.949899 0.002763
vn 0.383927 -0.923359 -0.002802
vn 0.422238 -0.906481 0.002733
vn 0.456685 -0.889629 0.000000
vn 0.490902 -0.871204 -0.004227
vn 0.524011 -0.851704 0.003632
vn 0.590931 -0.806713 -0.003904
vn 0.616907 -0.787029 0.003262
vn 0.682582 -0.730800 -0.003490
vn 0.701889 -0.712280 0.002803
vn 0.764566 -0.644539 -0.002988
vn 0.777892 -0.628394 0.002256
vn 0.835727 -0.549140 -0.002394
vn 0.843922 -0.536463 0.001619
vn 0.895049 -0.445965 -0.001712
vn 0.899138 -0.437665 0.000890
vn 0.921175 -0.389149 0.000000
vn 0.939731 -0.341914 -0.000304
vn 0.942839 -0.333247 0.000575
vn 0.971004 -0.239061 -0.000543
vn 0.974460 -0.224560 0.000800
vn 0.994574 -0.102246 0.019207
vn 0.990512 -0.135818 0.020957
vn 0.991782 -0.124076 0.031217
vn 0.923807 -0.371286 0.093415
vn 0.923808 -0.371284 0.093415
vn 0.793192 -0.590566 0.148586
vn 0.793191 -0.590567 0.148586
vn 0.608548 -0.769534 0.193614
vn 0.608556 -0.769528 0.193615
vn 0.382512 -0.896025 0.225442
vn 0.382508 -0.896027 0.225441
vn 0.117093 -0.963105 0.242318
vn 0.140447 -0.958799 0.246941
vn 0.958410 -0.279931 0.055585
vn 0.923712 -0.377961 0.062458
vn 0.878778 -0.468517 0.090785
vn 0.793140 -0.599656 0.106496
vn 0.776739 -0.619291 0.114697
vn 0.629904 -0.763590 0.141955
vn 0.608512 -0.781024 0.140413
vn 0.476298 -0.863556 0.165562
vn 0.382456 -0.909708 0.161736
vn 0.284551 -0.941518 0.180485
vn 0.103990 -0.978822 0.176334
vn 0.143410 -0.972241 0.184880
vn 0.120172 -0.944752 0.304961
vn 0.137305 -0.941413 0.308039
vn 0.123428 -0.922301 0.366231
vn 0.133965 -0.920153 0.367930
vn 0.126422 -0.894359 0.429115
vn 0.110560 -0.897273 0.427409
vn 0.305074 -0.862019 0.404787
vn 0.382444 -0.831952 0.401986
vn 0.382518 -0.858725 0.340986
vn 0.382518 -0.858725 0.340986
vn 0.382516 -0.879275 0.283826
vn 0.382508 -0.879279 0.283825
vn 0.501499 -0.784172 0.365476
vn 0.608478 -0.715023 0.344232
vn 0.608546 -0.737503 0.292851
vn 0.608550 -0.737499 0.292851
vn 0.608550 -0.755148 0.243756
vn 0.608556 -0.755144 0.243757
vn 0.656612 -0.683389 0.319124
vn 0.794142 -0.548901 0.260858
vn 0.793200 -0.550158 0.261074
vn 0.891786 -0.411548 0.188004
vn 0.923727 -0.343514 0.169488
vn 0.963551 -0.245056 0.107315
vn 0.987253 -0.142647 0.070592
vn 0.995199 -0.089655 0.039255
vn 0.992086 -0.116699 0.046340
vn 0.990496 -0.129801 0.045482
vn 0.991993 -0.120185 0.038796
vn 0.990685 -0.131548 0.035186
vn 0.923809 -0.364343 0.117609
vn 0.793192 -0.579528 0.187070
vn 0.793189 -0.579531 0.187070
vn 0.793188 -0.565988 0.224744
vn 0.793193 -0.565982 0.224743
vn 0.923808 -0.355829 0.141294
vn 0.923808 -0.364344 0.117609
vn 0.923807 -0.355832 0.141295
vn 0.000000 -0.982396 0.186811
vn 0.000000 -0.982396 0.186811
vn 0.000000 -0.968397 0.249413
vn 0.000000 -0.968397 0.249413
vn 0.000000 -0.950415 0.310985
vn 0.000000 -0.950415 0.310985
vn 0.000000 -0.928522 0.371276
vn 0.000000 -0.928522 0.371276
vn 0.000000 -0.902807 0.430045
vn 0.000000 -0.902807 0.430045
vn -0.103786 -0.977091 0.185802
vn -0.146572 -0.973082 0.177840
vn -0.117093 -0.963105 0.242318
vn -0.382512 -0.896025 0.225441
vn -0.382508 -0.896027 0.225442
vn -0.608548 -0.769534 0.193616
vn -0.608556 -0.769528 0.193613
vn -0.793202 -0.590554 0.148583
vn -0.793201 -0.590555 0.148583
vn -0.923801 -0.371302 0.093419
vn -0.923801 -0.371300 0.093418
vn -0.991781 -0.124076 0.031217
vn -0.990685 -0.131548 0.035186
vn -0.284568 -0.941514 0.180477
vn -0.382456 -0.909708 0.161736
vn -0.476272 -0.863570 0.165566
vn -0.608511 -0.781026 0.140403
vn -0.629927 -0.763573 0.141945
vn -0.776742 -0.619285 0.114708
vn -0.793150 -0.599642 0.106502
vn -0.878763 -0.468543 0.090786
vn -0.923705 -0.377978 0.062460
vn -0.958410 -0.279929 0.055590
vn -0.990512 -0.135815 0.020960
vn -0.994572 -0.102258 0.019210
vn -0.991993 -0.120185 0.038796
vn -0.990496 -0.129801 0.045482
vn -0.992086 -0.116699 0.046340
vn -0.987253 -0.142647 0.070592
vn -0.963551 -0.245056 0.107315
vn -0.995199 -0.089655 0.039255
vn -0.923720 -0.343528 0.169497
vn -0.891786 -0.411547 0.188009
vn -0.793209 -0.550146 0.261072
vn -0.794142 -0.548901 0.260858
vn -0.656612 -0.683389 0.319124
vn -0.608478 -0.715023 0.344232
vn -0.501499 -0.784172 0.365476
vn -0.382444 -0.831952 0.401986
vn -0.305074 -0.862019 0.404787
vn -0.126421 -0.894359 0.429115
vn -0.110560 -0.897273 0.427409
vn -0.133965 -0.920153 0.367930
vn -0.123428 -0.922301 0.366231
vn -0.382518 -0.858725 0.340986
vn -0.382516 -0.879275 0.283824
vn -0.608557 -0.755144 0.243755
vn -0.137305 -0.941413 0.308039
vn -0.120172 -0.944752 0.304961
vn -0.382508 -0.879278 0.283827
vn -0.140447 -0.958799 0.246941
vn -0.923802 -0.364359 0.117614
vn -0.923801 -0.364359 0.117614
vn -0.923801 -0.355844 0.141300
vn -0.923800 -0.355847 0.141302
vn -0.793201 -0.579516 0.187065
vn -0.793198 -0.579519 0.187067
vn -0.793198 -0.565976 0.224741
vn -0.793202 -0.565971 0.224737
vn -0.608551 -0.755148 0.243758
vn -0.608550 -0.737499 0.292849
vn -0.382518 -0.858725 0.340986
vn -0.608546 -0.737502 0.292852
vn 1.000000 0.000000 0.000000
vn 1.000000 0.000000 -0.000000
vn 1.000000 -0.000000 0.000000
vn 1.000000 -0.000000 0.000000
vn 1.000000 0.000000 0.000000
vn -1.000000 0.000000 0.000000
vn -1.000000 0.000000 0.000000
vn -1.000000 0.000000 0.000000
vn -1.000000 0.000000 0.000000
vn -1.000000 0.000000 -0.000000
vn -1.000000 0.000000 -0.000000
vn -1.000000 0.000000 -0.000000
vn -1.000000 0.000000 0.000000
vn -1.000000 -0.000000 -0.000000
vn 0.000000 0.000000 1.000000
vn 0.000000 0.000000 1.000000
vn -0.000000 0.000000 1.000000
vn -0.000000 0.000000 1.000000
vn -0.000000 0.000000 1.000000
vn -0.000000 0.000000 1.000000
vn 0.000000 0.000000 1.000000
vn -0.000000 0.000000 1.000000
vn -0.000000 0.000000 1.000000
vn 0.000000 0.000000 1.000000
vn -0.000000 0.000000 1.000000
vn -0.000000 0.000000 1.000000
vn 0.000000 0.000000 1.000000
vn 0.000000 0.000000 1.000000
vn 0.000000 0.000000 1.000000
vn 0.000000 0.000000 1.000000
vn 0.000000 0.000000 1.000000
vn 0.000000 0.000000 1.000000
vn 0.000000 0.000000 1.000000
vn 0.000000 0.000000 1.000000
vn 0.000000 0.000000 1.000000
vn 0.000000 0.000000 1.000000
vn 0.000000 0.000000 1.000000
vn 0.000000 0.000000 1.000000
vn 0.000000 0.000000 1.000000
vn 0.000000 -0.000000 1.000000
vn 0.000000 0.000000 1.000000
vn 0.000000 0.000000 1.000000
vn 0.000000 -0.000000 1.000000
vn 0.000000 0.000000 1.000000
vn 0.000000 -0.000000 1.000000
vn 0.000000 0.000000 1.000000
vn 0.000000 -0.000000 1.000000
vn 0.000000 -0.000000 1.000000
vn 0.000000 0.000000 1.000000
vn 0.000000 0.000000 1.000000
vn 0.000000 -0.000000 1.000000
vn -0.000000 0.000000 1.000000
vn -0.000000 0.000000 1.000000
vn 0.000000 0.000000 1.000000
vn -0.000000 0.000000 1.000000
vn -0.000000 0.000000 1.000000
vn 0.000000 0.000000 1.000000
vn -0.000000 0.000000 1.000000
vn 0.000000 0.000000 1.000000
vn 0.000000 0.000000 1.000000
vn 0.000000 0.000000 1.000000
vn 0.000000 0.000000 1.000000
vn 0.000000 0.000000 1.000000
vn 0.000000 0.000000 1.000000
vn 0.000000 0.000000 1.000000
vn -0.000000 -0.000000 1.000000
vn -0.000000 0.000000 1.000000
vn 0.000000 -0.000000 1.000000
vn 0.000000 -0.000000 1.000000
vn 0.000000 -0.000000 1.000000
vn 0.000000 -0.000000 1.000000
vn -0.000000 0.000000 1.000000
vn 0.000000 -0.000000 1.000000
vn 0.000000 -0.000000 1.000000
vn 0.000000 -0.000000 1.000000
vn 0.000000 -0.000000 1.000000
vn 0.000000 -0.000000 1.000000
vn 0.000000 -0.000000 1.000000
vn 0.000000 -0.000000 1.000000
vn 0.000000 0.000000 1.000000
vn 0.000000 0.000000 1.000000
vn 0.000000 0.000000 1.000000
vn 0.000000 0.000000 1.000000
vn 0.000000 0.000000 1.000000
vn 0.000000 0.000000 1.000000
vn 0.000000 0.000000 1.000000
vn 0.000000 0.000000 1.000000
vn 0.000000 0.000000 1.000000
vn 0.000000 0.000000 1.000000
vn 0.000000 0.000000 1.000000
vn 0.000000 0.000000 1.000000
vn 0.000000 0.000000 1.000000
vn 0.000000 0.000000 1.000000
vn -0.000000 0.000000 1.000000
vn -0.000000 0.000000 1.000000
vn -0.000000 0.000000 1.000000
vn -0.000000 0.000000 1.000000
vn -0.000000 0.000000 1.000000
vn 0.000000 0.000000 1.000000
vn -0.000000 0.000000 1.000000
vn 0.000000 0.000000 1.000000
vn -0.000000 0.000000 1.000000
vn 0.000000 0.000000 1.000000
vn 0.000000 0.000000 1.000000
vn 0.000000 0.000000 1.000000
vn 0.000000 -0.000000 1.000000
vn -0.000000 0.000000 1.000000
vn -0.000000 -0.000000 1.000000
vn -0.000000 0.000000 1.000000
vn -0.000000 0.000000 1.000000
vn 0.000000 0.000000 1.000000
vn 0.000000 0.000000 1.000000
vn -0.000000 0.000000 1.000000
vn -0.000000 0.000000 1.000000
vn 0.000000 0.000000 1.000000
vn -0.000000 0.000000 1.000000
vn 0.000000 0.000000 1.000000
vn -0.000000 0.000000 1.000000
vn 0.000000 0.000000 1.000000
vn -0.000000 0.000000 1.000000
vn -0.000000 0.000000 1.000000
vn -0.000000 0.000000 1.000000
vn -0.000000 0.000000 1.000000
vn -0.000000 0.000000 1.000000
vn -0.000000 0.000000 1.000000
vn -0.000000 0.000000 1.000000
vn 0.000000 -0.000000 1.000000
vn 0.000000 -0.000000 1.000000
vn 0.000000 -0.000000 1.000000
vn 0.000000 -0.000000 1.000000
vn 0.000000 -0.000000 1.000000
vn 0.000000 0.000000 1.000000
vn 0.000000 -0.000000 1.000000
vn 0.000000 0.000000 1.000000
vn 0.000000 0.000000 1.000000
vn 0.000000 0.000000 1.000000
vn 0.000000 0.000000 1.000000
vn 0.000000 0.000000 1.000000
vn 0.000000 0.000000 1.000000
vn 0.000000 0.000000 1.000000
vn 0.000000 0.000000 1.000000
vn -0.000000 0.000000 1.000000
vn -0.000000 -0.000000 1.000000
vn 0.000000 0.000000 1.000000
vn 0.000000 0.000000 1.000000
vn 0.000000 0.000000 1.000000
vn 0.000000 0.000000 1.000000
vn 0.000000 -0.000000 1.000000
vn 0.000000 -0.000000 1.000000
vn 0.000000 0.000000 1.000000
vn 0.000000 -0.000000 1.000000
vn 0.000000 -0.000000 1.000000
vn 0.000000 0.000000 1.000000
vn 0.000000 0.000000 1.000000
vn 0.000000 0.000000 1.000000
vn 0.000000 0.000000 1.000000
vn 0.000000 0.000000 1.000000
vn 0.000000 0.000000 1.000000
vn -0.000000 0.000000 1.000000
vn 0.000000 0.000000 1.000000
vn 0.000000 0.000000 1.000000
vn 0.000000 0.000000 1.000000
vn 0.000000 0.000000 1.000000
vn 0.000000 0.000000 1.000000
vn -0.000000 0.000000 1.000000
vn 0.000000 0.000000 1.000000
vn 0.000000 0.000000 1.000000
vn 0.000000 0.000000 1.000000
vn 0.000000 0.000000 1.000000
vn 0.000000 0.000000 1.000000
vn 0.000000 0.000000 1.000000
vn 0.000000 0.000000 1.000000
vn 0.000000 0.000000 1.000000
vn 0.000000 0.000000 1.000000
vn 0.000000 0.000000 1.000000
vn 0.000000 0.000000 1.000000
vn 0.000000 0.000000 1.000000
vn 0.000000 0.000000 1.000000
vn 0.000000 0.000000 1.000000
vn 0.000000 0.000000 1.000000
vn 0.000000 0.000000 1.000000
vn -0.000000 -0.000000 1.000000
vn -0.000000 -0.000000 1.000000
vn 0.000000 -0.000000 1.000000
vn 0.000000 -0.000000 1.000000
vn 0.000000 -0.000000 1.000000
vn 0.000000 -0.000000 1.000000
vn 0.000000 -0.000000 1.000000
vn 0.000000 -0.000000 1.000000
vn 0.000000 0.000000 1.000000
vn 0.000000 0.000000 1.000000
vn 0.000000 0.000000 1.000000
vn 0.000000 0.000000 1.000000
vn 0.000000 0.000000 1.000000
vn 0.000000 0.000000 1.000000
vn 0.000000 0.000000 1.000000
vn 0.000000 0.000000 1.000000
vn 0.000000 0.000000 1.000000
vn 0.000000 0.000000 1.000000
vn 0.000000 0.000000 1.000000
vn 0.000000 0.000000 1.000000
vn -0.000000 -0.000000 1.000000
vn -0.000000 -0.000000 1.000000
vn 0.000000 0.000000 1.000000
vn -0.000000 -0.000000 1.000000
vn -0.000000 -0.000000 1.000000
vn 0.000000 0.000000 1.000000
vn 0.000000 0.000000 1.000000
vn 0.000000 0.000000 1.000000
vn 0.000000 0.000000 1.000000
vn 0.000000 -0.000000 1.000000
vn -0.000000 0.000000 1.000000
vn 0.000000 0.000000 1.000000
vn 0.000000 -0.000000 1.000000
vn -0.000000 0.000000 1.000000
vn -0.000000 0.000000 1.000000
vn 0.000000 -0.000000 1.000000
vn -0.000000 0.000000 1.000000
vn -0.000000 0.000000 1.000000
vn 0.000000 -0.000000 1.000000
vn -0.000000 -0.000000 1.000000
vn -0.000000 -0.000000 1.000000
vn 0.000000 -0.000000 1.000000
vn 0.000000 0.000000 1.000000
vn 0.000000 -0.000000 1.000000
vn 0.000000 0.000000 1.000000
vn 0.000000 0.000000 1.000000
vn 0.000000 0.000000 1.000000
vn 0.000000 0.000000 1.000000
vn 0.000000 0.000000 1.000000
vn 0.000000 0.000000 1.000000
vn 0.000000 -0.000000 1.000000
vn 0.000000 -0.000000 1.000000
vn 0.000000 -0.000000 1.000000
vn 0.000000 -0.000000 1.000000
vn 0.000000 -0.000000 1.000000
vn 0.000000 -0.000000 1.000000
vn 0.000000 -0.000000 1.000000
vn 0.000000 0.000000 1.000000
vn 0.000000 0.000000 1.000000
vn 0.000000 0.000000 1.000000
vn 0.000000 0.000000 1.000000
vn 0.000000 0.000000 1.000000
vn 0.000000 0.000000 1.000000
vn 0.000000 -0.000000 1.000000
vn 0.000000 -0.000000 1.000000
vn 0.000000 0.000000 1.000000
vn 0.000000 -0.000000 1.000000
vn 0.000000 -0.000000 1.000000
vn 0.000000 0.000000 1.000000
vn 0.000000 0.000000 1.000000
vn 0.000000 0.000000 1.000000
vn -0.000000 0.000000 1.000000
vn 0.000000 0.000000 1.000000
vn 0.000000 0.000000 1.000000
vn 0.000000 0.000000 1.000000
vn 0.000000 0.000000 1.000000
vn 0.000000 0.000000 1.000000
vn 0.000000 0.000000 1.000000
vn 0.000000 0.000000 1.000000
vn 0.000000 0.000000 1.000000
vn 0.000000 0.000000 1.000000
vn 0.000000 0.000000 1.000000
vn 0.000000 -0.000000 1.000000
vn -0.000000 0.000000 1.000000
vn -0.000000 0.000000 1.000000
vn 0.000000 0.000000 1.000000
vn 0.000000 0.000000 1.000000
vn 0.000000 0.000000 1.000000
vn 0.000000 0.000000 1.000000
vn 0.000000 -0.000000 1.000000
vn 0.000000 -0.000000 1.000000
vn 0.000000 0.000000 1.000000
vn 0.000000 -0.000000 1.000000
vn 0.000000 -0.000000 1.000000
vn 0.000000 0.000000 1.000000
vn -0.000000 0.000000 1.000000
vn 0.000000 0.000000 1.000000
vn 0.000000 0.000000 1.000000
vn 0.000000 0.000000 1.000000
vn 0.000000 0.000000 1.000000
vn 0.000000 0.000000 1.000000
vn 0.000000 0.000000 1.000000
vn 0.000000 0.000000 1.000000
vn 0.000000 0.000000 1.000000
vn 0.000000 -1.000000 0.000000
vn 0.000000 -1.000000 0.000000
vn 0.111960 -0.993713 0.000000
vn 0.111960 -0.993713 0.000000
vn 0.330285 -0.943881 0.000000
vn 0.330285 -0.943881 0.000000
vn 0.532025 -0.846729 0.000000
vn 0.532025 -0.846729 0.000000
vn 0.707110 -0.707104 0.000000
vn 0.707110 -0.707104 0.000000
vn 0.846727 -0.532027 0.000000
vn 0.846727 -0.532027 0.000000
vn 0.943883 -0.330281 0.000000
vn 0.943883 -0.330281 0.000000
vn 0.993713 -0.111956 0.000000
vn 0.993713 -0.111956 0.000000
vn 1.000000 0.000000 0.000000
vn 1.000000 0.000000 -0.000000
vn 0.000000 -1.000000 0.000000
vn 0.000000 -1.000000 0.000000
vn 0.000000 1.000000 0.000000
vn 0.000000 1.000000 -0.000000
vn -0.039255 -0.999229 0.000000
vn -0.039255 -0.999229 0.000000
vn 0.195089 -0.980785 0.000000
vn 0.195089 -0.980785 0.000000
vn 0.418656 -0.908145 0.000000
vn 0.418656 -0.908145 0.000000
vn 0.619096 -0.785315 0.000000
vn 0.619096 -0.785315 0.000000
vn 0.619096 -0.785315 0.000000
vn 0.418656 -0.908145 0.000000
vn 0.418656 -0.908145 0.000000
vn 0.195089 -0.980785 0.000000
vn 0.195089 -0.980785 0.000000
vn -0.039255 -0.999229 0.000000
vn 0.000000 0.000000 1.000000
vn 0.000000 0.000000 1.000000
vn 0.000000 0.000000 1.000000
vn 0.000000 0.000000 1.000000
vn 0.000000 0.000000 1.000000
vn 0.000000 0.000000 1.000000
vn 0.000000 0.000000 1.000000
vn 0.000000 0.000000 1.000000
vn 0.000000 0.000000 1.000000
vn 0.000000 0.000000 1.000000
vn 0.000000 0.000000 1.000000
vn 0.000000 0.000000 1.000000
vn 0.000000 0.000000 1.000000
vn 0.000000 0.000000 1.000000
vn 0.000000 -0.000000 1.000000
vn 0.000000 0.000000 1.000000
vn 0.000000 -0.000000 1.000000
vn 0.000000 0.000000 1.000000
vn 0.000000 -0.000000 1.000000
vn 0.000000 0.000000 1.000000
vn 0.000000 0.000000 1.000000
vn 0.000000 -0.000000 1.000000
vn 0.000000 0.000000 1.000000
vn 0.000000 -0.000000 1.000000
vn 0.000000 -0.000000 1.000000
vn -0.000000 0.000000 1.000000
vn 0.000000 -0.000000 1.000000
vn -0.000000 0.000000 1.000000
vn 0.000000 -0.000000 1.000000
vn -0.000000 0.000000 1.000000
vn 0.000000 -0.000000 1.000000
vn -0.000000 0.000000 1.000000
vn 0.000000 -0.000000 1.000000
vn -0.000000 0.000000 1.000000
vn -0.000000 0.000000 1.000000
vn 0.000000 0.000000 1.000000
vn 0.000000 0.000000 1.000000
vn 0.000000 0.000000 1.000000
vn 0.000000 0.000000 1.000000
vn 0.000000 0.000000 1.000000
vn 0.000000 0.000000 1.000000
vn 0.000000 0.000000 1.000000
vn 0.000000 0.000000 1.000000
vn 0.000000 0.000000 1.000000
vn 0.000000 0.000000 1.000000
vn 0.000000 0.000000 1.000000
vn 0.000000 0.000000 1.000000
vn 0.000000 -0.000000 1.000000
vn 0.000000 0.000000 1.000000
vn 0.000000 0.000000 1.000000
vn 0.000000 0.000000 1.000000
vn 0.000000 0.000000 1.000000
vn 0.000000 0.000000 1.000000
vn 0.000000 0.000000 1.000000
vn 0.000000 0.000000 1.000000
vn 0.000000 -0.000000 1.000000
vn 0.000000 0.000000 1.000000
vn 0.000000 0.000000 1.000000
vn 0.000000 0.000000 1.000000
vn 0.000000 0.000000 1.000000
vn 0.000000 0.000000 1.000000
vn 0.000000 0.000000 1.000000
vn 0.000000 0.000000 1.000000
vn 0.000000 0.000000 1.000000
vn 0.000000 0.000000 1.000000
vn 0.000000 0.000000 1.000000
vn 0.000000 0.000000 1.000000
vn 0.000000 0.000000 1.000000
vn 0.000000 0.000000 1.000000
vn 0.000000 0.000000 1.000000
vn -0.000000 0.000000 1.000000
vn 0.000000 0.000000 1.000000
vn 0.000000 0.000000 1.000000
vn 0.000000 0.000000 1.000000
vn 0.000000 0.000000 1.000000
vn 0.000000 0.000000 1.000000
vn 0.000000 0.000000 1.000000
vn 0.000000 -0.000000 1.000000
vn 0.000000 0.000000 1.000000
vn 0.000000 -0.000000 1.000000
vn 0.000000 0.000000 1.000000
vn 0.000000 0.000000 1.000000
vn 0.000000 0.000000 1.000000
vn 0.000000 0.000000 1.000000
vn 0.000000 0.000000 1.000000
vn 0.000000 0.000000 1.000000
vn 0.000000 0.000000 1.000000
vn 0.000000 0.000000 1.000000
vn 0.000000 0.000000 1.000000
vn 0.000000 0.000000 1.000000
vn 0.000000 -0.000000 1.000000
vn 0.000000 -0.000000 1.000000
vn 0.000000 0.000000 1.000000
vn 0.000000 -0.000000 1.000000
vn 0.000000 -0.000000 1.000000
vn 0.000000 0.000000 1.000000
vn 0.000000 0.000000 1.000000
vn 0.000000 0.000000 1.000000
vn 0.000000 0.000000 1.000000
vn 0.000000 0.000000 1.000000
vn 0.000000 0.000000 1.000000
vn 0.000000 0.000000 1.000000
vn 0.000000 0.000000 1.000000
vn 0.000000 0.000000 1.000000
vn 0.000000 0.000000 1.000000
vn 0.000000 0.000000 1.000000
vn 0.000000 0.000000 1.000000
vn 0.000000 0.000000 1.000000
vn 0.000000 0.000000 1.000000
vn 0.000000 0.000000 1.000000
vn 0.000000 0.000000 1.000000
vn 0.000000 0.000000 1.000000
vn 0.000000 0.000000 1.000000
vn 0.000000 0.000000 1.000000
vn 0.000000 0.000000 1.000000
vn 0.000000 0.000000 1.000000
vn 0.000000 0.000000 1.000000
vn 0.000000 0.000000 1.000000
vn 0.000000 0.000000 1.000000
vn 0.000000 0.000000 1.000000
vn 0.000000 0.000000 1.000000
vn 0.000000 0.000000 1.000000
vn 0.000000 0.000000 1.000000
vn 0.000000 0.000000 1.000000
vn 0.000000 0.000000 1.000000
vn 0.000000 0.000000 1.000000
vn 0.000000 0.000000 1.000000
vn 0.000000 0.000000 1.000000
vn 0.000000 0.000000 1.000000
vn 0.000000 0.000000 1.000000
vn 0.000000 0.000000 1.000000
vn 0.000000 0.000000 1.000000
vn 0.000000 0.000000 1.000000
vn -0.000000 0.000000 1.000000
vn 0.000000 0.000000 1.000000
vn 0.000000 0.000000 1.000000
vn -0.000000 0.000000 1.000000
vn 0.000000 0.000000 1.000000
vn -0.000000 0.000000 1.000000
vn -0.000000 0.000000 1.000000
vn 0.000000 0.000000 1.000000
vn 0.000000 0.000000 1.000000
vn 0.000000 0.000000 1.000000
vn 0.000000 -0.000000 1.000000
vn 0.000000 -0.000000 1.000000
vn -0.000000 0.000000 1.000000
vn 0.000000 0.000000 1.000000
vn -0.000000 0.000000 1.000000
vn 0.000000 0.000000 1.000000
vn -0.000000 0.000000 1.000000
vn 0.000000 0.000000 1.000000
vn -0.000000 0.000000 1.000000
vn 0.000000 0.000000 1.000000
vn -0.000000 0.000000 1.000000
vn 0.000000 0.000000 1.000000
vn -0.000000 0.000000 1.000000
vn 0.000000 0.000000 1.000000
vn -0.000000 0.000000 1.000000
vn 0.000000 0.000000 1.000000
vn -0.000000 -0.000000 1.000000
vn -0.000000 -0.000000 1.000000
vn -0.000000 -0.000000 1.000000
vn 0.000000 -0.000000 1.000000
vn 0.000000 0.000000 1.000000
vn 0.000000 0.000000 1.000000
vn 0.000000 -0.000000 1.000000
vn 0.000000 0.000000 1.000000
vn 0.000000 -0.000000 1.000000
vn 0.000000 -0.000000 1.000000
vn 0.000000 0.000000 1.000000
vn 0.000000 0.000000 1.000000
vn 0.000000 0.000000 1.000000
vn 0.000000 0.000000 1.000000
vn 0.000000 0.000000 1.000000
vn 0.000000 0.000000 1.000000
vn 0.000000 0.000000 1.000000
vn 0.000000 0.000000 1.000000
vn 0.000000 0.000000 1.000000
vn 0.000000 0.000000 1.000000
vn 0.000000 0.000000 1.000000
vn 0.000000 0.000000 1.000000
vn 0.000000 0.000000 1.000000
vn 0.000000 0.000000 1.000000
vn 0.000000 0.000000 1.000000
vn 0.000000 0.000000 1.000000
vn 0.000000 -0.000000 1.000000
vn -0.000000 -0.000000 1.000000
vn 0.000000 -0.000000 1.000000
vn 0.000000 0.000000 1.000000
vn 0.000000 -0.000000 1.000000
vn -0.000000 0.000000 1.000000
vn -0.000000 0.000000 1.000000
vn 0.000000 -0.000000 1.000000
vn -0.000000 0.000000 1.000000
vn 0.000000 -0.000000 1.000000
vn 0.000000 -0.000000 1.000000
vn -0.000000 -0.000000 1.000000
vn -0.000000 0.000000 1.000000
vn -0.000000 0.000000 1.000000
vn -0.000000 0.000000 1.000000
vn 0.000000 0.000000 1.000000
vn 0.000000 0.000000 1.000000
vn 0.000000 0.000000 1.000000
vn -0.000000 0.000000 1.000000
vn -0.000000 0.000000 1.000000
vn 0.000000 0.000000 1.000000
vn -0.000000 0.000000 1.000000
vn 0.000000 -0.000000 1.000000
vn 0.707106 -0.707107 0.000000
vn 0.707106 -0.707107 0.000000
vn -0.920935 -0.389715 0.000000
vn -0.920935 -0.389715 0.000000
vn -0.810656 -0.585523 0.000000
vn -0.810656 -0.585523 0.000000
vn -0.659447 -0.751751 0.000000
vn -0.659447 -0.751751 0.000000
vn -0.474916 -0.880031 0.000000
vn -0.474916 -0.880031 0.000000
vn -0.266419 -0.963857 0.000000
vn -0.266419 -0.963857 0.000000
vn -0.266419 -0.963857 -0.000000
vn -0.474916 -0.880031 0.000000
vn -0.474916 -0.880031 -0.000000
vn -0.659447 -0.751751 0.000000
vn -0.659447 -0.751751 -0.000000
vn -0.810656 -0.585523 0.000000
vn -0.810656 -0.585523 -0.000000
vn -0.920935 -0.389715 0.000000
vn -0.156435 -0.987688 0.000000
vn -0.156435 -0.987688 0.000000
vn 0.987688 -0.156434 0.000000
vn 0.987688 -0.156434 0.000000
vn 0.000000 -1.000000 0.000000
vn 0.000000 -1.000000 0.000000
vn 0.000000 -1.000000 0.000000
vn 0.000000 -1.000000 0.000000
vn 0.000000 -1.000000 0.000000
vn -0.000000 -1.000000 -0.000000
vn -0.001019 -1.000000 0.000000
vn -0.001019 -1.000000 0.000000
vn -0.002649 -0.999996 0.000000
vn -0.002649 -0.999996 0.000000
vn -0.004688 -0.999989 0.000000
vn -0.004688 -0.999989 0.000000
vn -0.135782 -0.990739 0.000000
vn -0.135782 -0.990739 0.000000
vn -0.387009 -0.922076 0.000000
vn -0.387009 -0.922076 0.000000
vn -0.611966 -0.790884 0.000000
vn -0.611966 -0.790884 0.000000
vn -0.795443 -0.606028 0.000000
vn -0.795443 -0.606028 0.000000
vn -0.924951 -0.380087 0.000000
vn -0.924951 -0.380087 0.000000
vn -0.991726 -0.128371 0.000000
vn -0.991726 -0.128371 0.000000
vn -0.991240 0.132075 0.000000
vn -0.991240 0.132075 0.000000
vn -0.923522 0.383546 0.000000
vn -0.923522 0.383546 0.000000
vn -0.793163 0.609009 0.000000
vn -0.793163 0.609009 0.000000
vn -0.707107 0.707107 0.000000
vn -0.707107 0.707107 0.000000
vn 0.522026 -0.852593 0.023966
vn 0.550486 -0.834467 0.025115
vn 0.578338 -0.815336 0.027414
vn 0.577061 -0.813535 0.071844
vn 0.577059 -0.813536 0.071845
vn 0.574404 -0.809794 0.119559
vn 0.574397 -0.809798 0.119559
vn 0.571058 -0.805091 0.160376
vn 0.597546 -0.784844 0.164192
vn 0.623489 -0.763905 0.166463
vn 0.627776 -0.769157 0.119559
vn 0.653373 -0.747535 0.119559
vn 0.656393 -0.750990 0.071845
vn 0.681400 -0.728377 0.071845
vn 0.682971 -0.730056 0.023874
vn 0.707190 -0.706589 0.024793
vn 0.730639 -0.682235 0.026863
vn 0.729014 -0.680718 0.071844
vn 0.729003 -0.680729 0.071844
vn 0.725649 -0.677598 0.119559
vn 0.725652 -0.677594 0.119559
vn 0.721170 -0.673408 0.162590
vn 0.743141 -0.648323 0.165589
vn 0.764423 -0.622700 0.167041
vn 0.769755 -0.627043 0.119558
vn 0.790473 -0.600715 0.119558
vn 0.794126 -0.603492 0.071845
vn 0.814067 -0.576310 0.071845
vn 0.815944 -0.577639 0.023829
vn 0.834992 -0.549715 0.024519
vn 0.853023 -0.521207 0.026356
vn 0.851114 -0.520041 0.071845
vn 0.851100 -0.520065 0.071846
vn 0.847184 -0.517672 0.119559
vn 0.847196 -0.517654 0.119558
vn 0.841710 -0.514302 0.164368
vn 0.858280 -0.485405 0.166547
vn 0.874108 -0.456054 0.167183
vn 0.880226 -0.459246 0.119559
vn 0.895204 -0.429320 0.119559
vn 0.899341 -0.431305 0.071847
vn 0.913393 -0.400688 0.071847
vn 0.915500 -0.401612 0.023829
vn 0.928552 -0.370408 0.024290
vn 0.940496 -0.338816 0.025899
vn 0.938381 -0.338053 0.071844
vn 0.938375 -0.338070 0.071845
vn 0.934058 -0.336514 0.119559
vn 0.934061 -0.336505 0.119559
vn 0.927801 -0.334250 0.165716
vn 0.938346 -0.302640 0.167078
vn 0.965153 -0.202377 0.165901
vn 0.950810 -0.271595 0.148983
vn 0.958437 -0.239058 0.155726
vn 0.963314 -0.240274 0.119557
vn 0.970879 -0.207604 0.119557
vn 0.975366 -0.208563 0.071846
vn 0.981845 -0.175551 0.071846
vn 0.984103 -0.175955 0.024103
vn 0.989460 -0.142549 0.025485
vn 0.993638 -0.109079 0.028008
vn 0.991460 -0.108839 0.071845
vn 0.991458 -0.108850 0.071846
vn 0.986897 -0.108349 0.119558
vn 0.986902 -0.108312 0.119557
vn 0.980043 -0.107559 0.167173
vn 0.986189 -0.021598 0.164210
vn 0.520826 -0.850634 0.071845
vn 0.520812 -0.850643 0.071846
vn 0.549236 -0.832573 0.071846
vn 0.549263 -0.832556 0.071844
vn 0.518416 -0.846729 0.119559
vn 0.518428 -0.846722 0.119558
vn 0.546736 -0.828726 0.119558
vn 0.546729 -0.828730 0.119559
vn 0.514840 -0.840863 0.166997
vn 0.577168 -0.800133 0.163293
vn 0.544023 -0.824628 0.155012
vn 0.648842 -0.742329 0.167189
vn 0.714210 -0.680314 0.164552
vn 0.675215 -0.721802 0.151946
vn 0.698543 -0.697896 0.158047
vn 0.702360 -0.701710 0.119559
vn 0.826841 -0.537346 0.166113
vn 0.787347 -0.598350 0.148533
vn 0.790468 -0.600722 0.119558
vn 0.810320 -0.573661 0.119558
vn 0.814066 -0.576312 0.071845
vn 0.833085 -0.548460 0.071845
vn 0.911765 -0.376384 0.164379
vn 0.891168 -0.427327 0.152353
vn 0.895226 -0.429273 0.119557
vn 0.909223 -0.398773 0.119557
vn 0.913425 -0.400616 0.071844
vn 0.926425 -0.369559 0.071844
vn 0.973121 0.159941 0.165695
vn 0.984188 0.058715 0.167110
vn 0.985826 0.025415 0.165838
vn 0.992497 0.025587 0.119558
vn 0.992497 0.025590 0.119558
vn 0.997084 0.025709 0.071846
vn 0.997084 0.025738 0.071845
vn 0.999380 0.025797 0.023967
vn 0.999681 -0.007970 0.023967
vn 0.995054 -0.095626 0.026895
vn 0.998463 -0.041722 0.036489
vn 0.996648 -0.075429 0.031681
vn 0.994571 -0.075272 0.071846
vn 0.927419 0.336128 0.164046
vn 0.952219 0.255612 0.167159
vn 0.960381 0.223335 0.166705
vn 0.967024 0.224880 0.119557
vn 0.967034 0.224836 0.119559
vn 0.971503 0.225875 0.071845
vn 0.971503 0.225877 0.071845
vn 0.973742 0.226398 0.023874
vn 0.993252 0.113345 0.024543
vn 0.849660 0.500690 0.165491
vn 0.895715 0.412021 0.167135
vn 0.909278 0.381668 0.165958
vn 0.915451 0.384259 0.119558
vn 0.915475 0.384202 0.119560
vn 0.919706 0.385978 0.071845
vn 0.919694 0.386006 0.071844
vn 0.921342 0.386698 0.039918
vn 0.934060 0.355453 0.034434
vn 0.945685 0.323692 0.030072
vn 0.943668 0.323001 0.071846
vn 0.954031 0.290968 0.071846
vn 0.949642 0.289630 0.119558
vn 0.958880 0.257400 0.119558
vn 0.743393 0.648466 0.163886
vn 0.794426 0.583912 0.167137
vn 0.813730 0.556803 0.166774
vn 0.819368 0.560661 0.119558
vn 0.819369 0.560660 0.119558
vn 0.823156 0.563252 0.071845
vn 0.823186 0.563208 0.071846
vn 0.824700 0.564244 0.038724
vn 0.843408 0.536229 0.033473
vn 0.861166 0.507477 0.029343
vn 0.859310 0.506383 0.071844
vn 0.875909 0.477098 0.071844
vn 0.871879 0.474903 0.119558
vn 0.887427 0.445173 0.119558
vn 0.883744 0.443325 0.149863
vn 0.611433 0.773839 0.165295
vn 0.684969 0.709138 0.167158
vn 0.708654 0.685733 0.166069
vn 0.713479 0.690401 0.119558
vn 0.713464 0.690416 0.119558
vn 0.716762 0.693607 0.071845
vn 0.716748 0.693621 0.071845
vn 0.718224 0.695050 0.032556
vn 0.741423 0.670426 0.028650
vn 0.763680 0.645075 0.025897
vn 0.761962 0.643624 0.071846
vn 0.783266 0.617521 0.071846
vn 0.779663 0.614680 0.119558
vn 0.799980 0.587994 0.119558
vn 0.458951 0.873245 0.163731
vn 0.528176 0.832529 0.167109
vn 0.556053 0.814230 0.166837
vn 0.559912 0.819881 0.119559
vn 0.559888 0.819897 0.119558
vn 0.562475 0.823687 0.071846
vn 0.562460 0.823697 0.071845
vn 0.563634 0.825417 0.031684
vn 0.591282 0.805978 0.028010
vn 0.618188 0.785617 0.025485
vn 0.616791 0.783842 0.071844
vn 0.642907 0.762567 0.071844
vn 0.639949 0.759059 0.119557
vn 0.665222 0.737012 0.119557
vn 0.662417 0.733904 0.150293
vn 0.290611 0.942489 0.165103
vn 0.380715 0.909455 0.167174
vn 0.411296 0.896226 0.166175
vn 0.414103 0.902344 0.119558
vn 0.414111 0.902340 0.119559
vn 0.416025 0.906510 0.071845
vn 0.416017 0.906514 0.071844
vn 0.416938 0.908521 0.027414
vn 0.447425 0.893969 0.025116
vn 0.477355 0.878383 0.023967
vn 0.476258 0.876365 0.071845
vn 0.505583 0.859782 0.071845
vn 0.503257 0.855826 0.119558
vn 0.531866 0.838346 0.119558
vn 0.112510 0.980093 0.163580
vn 0.189864 0.967490 0.167077
vn 0.222447 0.960554 0.166896
vn 0.223993 0.967230 0.119558
vn 0.223985 0.967231 0.119558
vn 0.225020 0.971702 0.071845
vn 0.225018 0.971702 0.071845
vn 0.225519 0.973868 0.026863
vn 0.258290 0.965749 0.024795
vn 0.290781 0.956492 0.023875
vn 0.290112 0.954292 0.071845
vn 0.322166 0.943953 0.071845
vn 0.320684 0.939610 0.119559
vn 0.352250 0.928238 0.119559
vn 0.350742 0.924266 0.150708
vn -0.069482 0.983857 0.164915
vn 0.024524 0.985621 0.167184
vn 0.057813 0.984383 0.166276
vn 0.058208 0.991119 0.119558
vn 0.058199 0.991120 0.119558
vn 0.058468 0.995701 0.071845
vn 0.058472 0.995700 0.071845
vn 0.058605 0.997980 0.024518
vn 0.092283 0.995448 0.023829
vn 0.199130 0.979649 0.025202
vn 0.125769 0.991256 0.039920
vn 0.159225 0.986642 0.034430
vn 0.158907 0.984676 0.071845
vn 0.192064 0.978749 0.071845
vn 0.191180 0.974246 0.119558
vn -0.249145 0.954576 0.163434
vn -0.174393 0.970405 0.167040
vn -0.141514 0.975757 0.166949
vn -0.142499 0.982548 0.119559
vn -0.142512 0.982546 0.119558
vn -0.143171 0.987087 0.071845
vn -0.143167 0.987087 0.071845
vn -0.143496 0.989353 0.024289
vn -0.109991 0.993647 0.023829
vn -0.008902 0.999627 0.025813
vn -0.076338 0.996329 0.038731
vn -0.042637 0.998530 0.033466
vn -0.042551 0.996508 0.071846
vn -0.008881 0.997376 0.071846
vn -0.008840 0.992788 0.119558
vn 0.024696 0.992520 0.119558
vn -0.420215 0.892347 0.164732
vn -0.335034 0.927254 0.167190
vn -0.303554 0.938176 0.166373
vn -0.305637 0.944612 0.119558
vn -0.305635 0.944613 0.119558
vn -0.307047 0.948978 0.071845
vn -0.307053 0.948977 0.071845
vn -0.307761 0.951164 0.023875
vn -0.216540 0.975917 0.026378
vn -0.486147 0.857772 0.166996
vn -0.457017 0.873934 0.165453
vn -0.427457 0.889336 0.162365
vn -0.430098 0.894830 0.119559
vn -0.430111 0.894824 0.119558
vn -0.432099 0.898960 0.071846
vn -0.432103 0.898958 0.071845
vn -0.433005 0.900835 0.031682
vn -0.402362 0.915052 0.028010
vn -0.371262 0.928178 0.025485
vn -0.370423 0.926080 0.071845
vn -0.338927 0.938065 0.071845
vn -0.337368 0.933750 0.119558
vn -0.489535 0.863748 0.119559
vn -0.489537 0.863747 0.119559
vn -0.460080 0.879791 0.119559
vn -0.460078 0.879792 0.119559
vn -0.491799 0.867739 0.071845
vn -0.491796 0.867741 0.071845
vn -0.462204 0.883858 0.071845
vn -0.462191 0.883865 0.071846
vn -0.492929 0.869740 0.023966
vn -0.414703 0.909559 0.026895
vn -0.463080 0.885565 0.036487
vn 0.398466 0.916855 0.024544
vn 0.322715 0.945601 0.041154
vn 0.322154 0.943957 0.071845
vn 0.353858 0.932536 0.071845
vn 0.352230 0.928246 0.119558
vn 0.383380 0.915820 0.119558
vn 0.506750 0.861760 0.023967
vn 0.580346 0.813926 0.026896
vn 0.535374 0.843826 0.036488
vn 0.736899 0.675489 0.026378
vn 0.669856 0.742107 0.023875
vn 0.644410 0.764300 0.024105
vn 0.642932 0.762546 0.071845
vn 0.861253 0.507521 0.025814
vn 0.805507 0.592107 0.023829
vn 0.785059 0.618945 0.024288
vn 0.783261 0.617528 0.071845
vn 0.947965 0.317374 0.025203
vn 0.908223 0.417807 0.023829
vn 0.893586 0.448223 0.024519
vn 0.891544 0.447199 0.071846
vn 0.891539 0.447210 0.071845
vn 0.887438 0.445152 0.119559
vn 0.977612 -0.209055 0.023873
vn 0.953437 -0.300437 0.026376
vn 0.969595 -0.241810 0.037595
vn 0.961032 -0.274515 0.032552
vn 0.959056 -0.273951 0.071845
vn 0.949260 -0.306176 0.071845
vn 0.944893 -0.304768 0.119559
vn 0.870155 -0.492102 0.025813
vn 0.901027 -0.432030 0.038735
vn 0.899374 -0.431237 0.071844
vn 0.884282 -0.461394 0.071844
vn 0.880213 -0.459271 0.119560
vn 0.864193 -0.488749 0.119560
vn 0.748836 -0.662275 0.025202
vn 0.795546 -0.604578 0.039913
vn 0.794122 -0.603496 0.071845
vn 0.773306 -0.629950 0.071845
vn 0.769748 -0.627052 0.119559
vn 0.748138 -0.652683 0.119559
vn 0.594787 -0.803508 0.024544
vn 0.657559 -0.752278 0.041154
vn 0.656416 -0.750970 0.071844
vn 0.630690 -0.772702 0.071844
vn 0.627789 -0.769147 0.119558
vn 0.601422 -0.789935 0.119558
vn -0.367073 0.917765 0.151538
vn -0.368698 0.921828 0.119559
vn -0.368717 0.921821 0.119558
vn -0.370421 0.926081 0.071845
vn -0.338922 0.938067 0.071845
vn -0.339701 0.940224 0.024105
vn -0.207478 0.965939 0.154646
vn -0.208498 0.970688 0.119559
vn -0.208508 0.970685 0.119558
vn -0.209472 0.975172 0.071845
vn -0.209466 0.975173 0.071845
vn -0.209923 0.977298 0.028653
vn -0.176816 0.983903 0.025897
vn -0.275350 0.960609 0.037588
vn -0.242779 0.969535 0.032551
vn -0.242280 0.967542 0.071845
vn -0.042143 0.986634 0.157410
vn -0.042369 0.991923 0.119558
vn -0.042368 0.991923 0.119558
vn -0.042564 0.996507 0.071845
vn -0.008843 0.992788 0.119558
vn -0.008805 0.988475 0.151129
vn 0.157407 0.975408 0.154279
vn 0.158172 0.980147 0.119559
vn 0.158170 0.980147 0.119559
vn 0.158901 0.984677 0.071845
vn 0.320683 0.939610 0.119559
vn 0.318990 0.934650 0.157084
vn 0.287015 0.944145 0.161902
vn 0.254814 0.952779 0.165172
vn 0.256510 0.959119 0.119558
vn 0.503280 0.855812 0.119559
vn 0.500877 0.851726 0.153900
vn 0.471372 0.867383 0.159545
vn 0.441510 0.882209 0.163634
vn 0.444332 0.887848 0.119559
vn 0.353872 0.932530 0.071845
vn 0.354566 0.934359 0.035437
vn 0.385965 0.921997 0.030857
vn 0.639991 0.759024 0.119559
vn 0.636647 0.755057 0.156746
vn 0.610252 0.775537 0.161664
vn 0.583388 0.795252 0.165023
vn 0.587255 0.800523 0.119558
vn 0.779674 0.614666 0.119559
vn 0.775997 0.611768 0.153520
vn 0.754173 0.637072 0.159259
vn 0.731724 0.661716 0.163438
vn 0.736377 0.665924 0.119558
vn 0.694254 0.718748 0.037584
vn 0.692949 0.717398 0.071845
vn 0.692936 0.717411 0.071845
vn 0.689748 0.714110 0.119558
vn 0.689760 0.714099 0.119559
vn 0.871889 0.474885 0.119558
vn 0.867378 0.472429 0.156417
vn 0.850243 0.501031 0.161416
vn 0.832358 0.529149 0.164866
vn 0.837853 0.532642 0.119558
vn 0.877892 0.478134 0.026358
vn 0.949647 0.289615 0.119559
vn 0.945226 0.288267 0.153132
vn 0.934063 0.319775 0.158964
vn 0.922094 0.350854 0.163230
vn 0.927925 0.353073 0.119560
vn 0.965510 0.259183 0.024795
vn 0.963311 0.258593 0.071845
vn 0.963305 0.258616 0.071844
vn 0.958873 0.257426 0.119557
vn 0.979779 0.125202 0.156066
vn 0.984819 0.125846 0.119559
vn 0.984817 0.125861 0.119558
vn 0.989369 0.126443 0.071846
vn 0.989369 0.126443 0.071846
vn 0.991460 0.126711 0.030853
vn 0.995270 0.093202 0.027415
vn 0.997912 0.059502 0.025115
vn 0.995647 0.059367 0.071846
vn 0.984466 0.092184 0.149428
vn 0.988503 0.092562 0.119558
vn 0.988506 0.092532 0.119559
vn 0.993074 0.092960 0.071846
vn 0.993071 0.092996 0.071844
vn 0.980274 0.193309 0.041151
vn 0.986457 0.160143 0.035440
vn 0.984527 0.159830 0.071846
vn 0.985447 -0.074582 0.152749
vn 0.989996 -0.074926 0.119557
vn 0.989998 -0.074907 0.119557
vn 0.994573 -0.075253 0.071845
vn 0.975940 -0.140624 0.166629
vn 0.982678 -0.141595 0.119558
vn 0.982674 -0.141622 0.119559
vn 0.987216 -0.142276 0.071845
vn 0.987223 -0.142226 0.071843
vn 0.810318 -0.573665 0.119559
vn 0.806260 -0.570793 0.155368
vn 0.824387 -0.542751 0.160647
vn 0.884278 -0.461401 0.071844
vn 0.886072 -0.462337 0.033467
vn 0.870058 -0.492075 0.029339
vn 0.773325 -0.629926 0.071844
vn 0.774868 -0.631184 0.034435
vn 0.753191 -0.657114 0.030076
vn 0.630657 -0.772729 0.071846
vn 0.631894 -0.774244 0.035436
vn 0.605490 -0.795255 0.030857
vn 0.653384 -0.747526 0.119558
vn 0.678248 -0.725042 0.119558
vn 0.681382 -0.728393 0.071846
vn 0.705579 -0.704980 0.071846
vn 0.751585 -0.655712 0.071844
vn 0.751586 -0.655711 0.071844
vn 0.748128 -0.652694 0.119559
vn 0.868184 -0.491015 0.071846
vn 0.868210 -0.490968 0.071844
vn 0.864216 -0.488709 0.119558
vn 0.944898 -0.304753 0.119558
vn 0.954647 -0.272680 0.119558
vn 0.959060 -0.273940 0.071844
vn 0.967774 -0.241355 0.071844
vn 0.949258 -0.306183 0.071845
vn 0.951326 -0.306851 0.028654
vn 0.916418 -0.365612 0.162807
vn 0.922148 -0.367898 0.119559
vn 0.922160 -0.367867 0.119558
vn 0.926422 -0.369567 0.071844
vn 0.970976 -0.173589 0.164539
vn 0.977331 -0.174725 0.119559
vn 0.977342 -0.174670 0.119557
vn 0.981859 -0.175477 0.071844
vn 0.991064 0.059146 0.119558
vn 0.991065 0.059125 0.119559
vn 0.995644 0.059419 0.071844
vn 0.986590 -0.007851 0.163027
vn 0.992796 -0.007901 0.119558
vn 0.992796 -0.007909 0.119558
vn 0.997384 -0.007945 0.071845
vn 0.997384 -0.007952 0.071846
vn 0.956146 0.291655 0.026865
vn 0.954020 0.291007 0.071844
vn 0.967702 0.190850 0.164709
vn 0.974064 0.192105 0.119559
vn 0.974061 0.192123 0.119558
vn 0.978563 0.193011 0.071845
vn 0.978570 0.192973 0.071846
vn 0.901968 0.414922 0.119558
vn 0.901977 0.414901 0.119558
vn 0.906133 0.416846 0.071845
vn 0.906136 0.416839 0.071846
vn 0.875927 0.477064 0.071845
vn 0.799972 0.588006 0.119558
vn 0.803654 0.590744 0.071844
vn 0.803669 0.590724 0.071845
vn 0.668315 0.740401 0.071845
vn 0.668328 0.740389 0.071845
vn 0.665253 0.736983 0.119559
vn 0.531883 0.838336 0.119559
vn 0.534347 0.842207 0.071846
vn 0.534341 0.842210 0.071845
vn 0.505585 0.859780 0.071845
vn 0.383384 0.915818 0.119558
vn 0.385151 0.920053 0.071845
vn 0.385156 0.920051 0.071845
vn 0.191189 0.974244 0.119559
vn 0.192074 0.978747 0.071845
vn 0.192484 0.980839 0.030076
vn 0.024701 0.992520 0.119558
vn 0.024812 0.997107 0.071845
vn 0.024816 0.997107 0.071845
vn -0.008893 0.997376 0.071845
vn 0.024868 0.999343 0.026357
vn -0.008912 0.999530 0.029343
vn 0.091044 0.982279 0.163827
vn 0.091629 0.988590 0.119558
vn 0.091642 0.988589 0.119559
vn 0.092066 0.993158 0.071845
vn 0.092071 0.993157 0.071845
vn -0.175601 0.977174 0.119559
vn -0.175609 0.977173 0.119558
vn -0.176418 0.981690 0.071845
vn -0.176413 0.981691 0.071845
vn -0.108506 0.980254 0.165315
vn -0.109231 0.986800 0.119558
vn -0.109221 0.986801 0.119559
vn -0.109726 0.991362 0.071845
vn -0.109738 0.991361 0.071845
vn -0.337380 0.933746 0.119558
vn -0.271810 0.948272 0.164013
vn -0.273565 0.954394 0.119558
vn -0.273568 0.954393 0.119558
vn -0.274832 0.958804 0.071845
vn -0.274833 0.958804 0.071845
vn -0.397489 0.903949 0.157731
vn -0.239788 0.957532 0.160106
vn -0.241180 0.963088 0.119558
vn -0.241168 0.963091 0.119559
vn -0.242283 0.967542 0.071845
vn -0.076198 0.994501 0.071845
vn -0.076206 0.994500 0.071845
vn -0.075856 0.989925 0.119558
vn -0.075842 0.989926 0.119559
vn -0.075380 0.983885 0.162137
vn 0.125544 0.989483 0.071845
vn 0.125565 0.989480 0.071845
vn 0.124987 0.984928 0.119559
vn 0.124983 0.984929 0.119559
vn 0.124268 0.979292 0.159827
vn 0.288770 0.949904 0.119559
vn 0.288766 0.949905 0.119559
vn 0.256528 0.959114 0.119559
vn 0.257701 0.963550 0.071845
vn 0.290105 0.954294 0.071845
vn 0.257714 0.963547 0.071845
vn 0.474082 0.872326 0.119559
vn 0.474063 0.872336 0.119558
vn 0.444322 0.887853 0.119558
vn 0.974177 0.158133 0.161165
vn 0.980000 0.159078 0.119559
vn 0.980000 0.159078 0.119559
vn 0.984529 0.159813 0.071846
vn 0.996546 -0.041642 0.071845
vn 0.996546 -0.041656 0.071846
vn 0.991961 -0.041464 0.119557
vn 0.991960 -0.041490 0.119558
vn 0.986471 -0.041260 0.158657
vn 0.975364 -0.208575 0.071847
vn 0.967757 -0.241421 0.071847
vn 0.963305 -0.240311 0.119559
vn 0.954644 -0.272690 0.119559
vn 0.970879 -0.207603 0.119557
vn 0.965151 -0.206378 0.160909
vn 0.909215 -0.398792 0.119558
vn 0.904227 -0.396604 0.158359
vn 0.829244 -0.545948 0.119559
vn 0.829251 -0.545938 0.119559
vn 0.833084 -0.548461 0.071845
vn 0.678247 -0.725043 0.119558
vn 0.702377 -0.701692 0.119558
vn 0.705623 -0.704935 0.071844
vn 0.604213 -0.793578 0.071844
vn 0.604186 -0.793598 0.071846
vn 0.601406 -0.789947 0.119559
vn 0.939316 0.321546 0.119559
vn 0.939308 0.321570 0.119558
vn 0.927908 0.353118 0.119558
vn 0.932199 0.354745 0.071845
vn 0.943657 0.323032 0.071845
vn 0.932197 0.354750 0.071844
vn 0.855375 0.504023 0.119558
vn 0.855361 0.504047 0.119557
vn 0.837846 0.532654 0.119557
vn 0.841700 0.535143 0.071845
vn 0.859329 0.506352 0.071845
vn 0.841718 0.535115 0.071846
vn 0.758458 0.640661 0.119559
vn 0.758443 0.640679 0.119558
vn 0.736386 0.665914 0.119558
vn 0.739811 0.668968 0.071846
vn 0.761964 0.643622 0.071846
vn 0.739790 0.668992 0.071845
vn 0.613984 0.780211 0.119560
vn 0.613950 0.780238 0.119558
vn 0.587257 0.800522 0.119558
vn 0.589985 0.804211 0.071846
vn 0.616821 0.783817 0.071846
vn 0.589971 0.804221 0.071845
vn 0.446410 0.891940 0.071846
vn 0.476273 0.876357 0.071846
vn 0.446376 0.891957 0.071844
vn -0.401480 0.913046 0.071845
vn -0.399641 0.908842 0.119558
vn -0.399629 0.908847 0.119559
vn -0.401476 0.913047 0.071845
vn 0.505611 -0.862681 0.011744
vn 0.523518 -0.851836 0.017447
vn 0.490147 -0.870923 0.035358
vn 0.497917 -0.866210 0.041936
vn 0.491890 -0.868107 0.066596
vn 0.475953 -0.877331 0.061314
vn 0.486532 -0.870707 0.071809
vn 0.488885 -0.869323 0.072591
vn 0.469750 -0.878218 0.089820
vn 0.460846 -0.883424 0.084754
vn 0.471504 -0.876080 0.100833
vn 0.470782 -0.876523 0.100352
vn 0.450141 -0.885808 0.112766
vn 0.457108 -0.881514 0.118261
vn 0.447958 -0.882838 0.141175
vn 0.439398 -0.887877 0.136398
vn 0.432924 -0.888366 0.152912
vn 0.423965 -0.893643 0.147161
vn 0.421072 -0.893590 0.155545
vn 0.412292 -0.898765 0.149120
vn 0.411123 -0.898582 0.153390
vn 0.402747 -0.903519 0.146449
vn 0.402323 -0.903366 0.148545
vn 0.394514 -0.907969 0.141248
vn 0.394219 -0.907780 0.143273
vn 0.389641 -0.910703 0.137116
vn 0.387336 -0.912246 0.133337
vn 0.387207 -0.912121 0.134561
vn 0.387564 -0.911973 0.134534
vn 0.387707 -0.912050 0.133599
vn 0.388437 -0.911695 0.133899
vn 0.388941 -0.911795 0.131741
vn 0.390110 -0.911182 0.132521
vn 0.391632 -0.911140 0.128255
vn 0.393224 -0.910274 0.129524
vn 0.394214 -0.910117 0.127599
vn 0.389802 -0.913406 0.117237
vn 0.384292 -0.916705 0.109413
vn 0.381468 -0.917340 0.113889
vn 0.372584 -0.922536 0.100541
vn 0.372897 -0.922312 0.101433
vn 0.371721 -0.922990 0.099568
vn 0.362210 -0.927853 0.088841
vn 0.361408 -0.927956 0.091002
vn 0.360692 -0.928289 0.090450
vn 0.360465 -0.928276 0.091484
vn 0.360041 -0.928444 0.091446
vn 0.368387 -0.929434 0.021054
vn 0.372689 -0.925854 0.062429
vn 0.377428 -0.921248 0.094073
vn 0.374846 -0.919536 0.118089
vn 0.381281 -0.915740 0.126666
vn 0.381448 -0.915813 0.125633
vn 0.535923 -0.842673 0.051848
vn 0.435821 -0.893793 0.105805
vn 0.448517 -0.885488 0.121425
vn 0.441342 -0.886779 0.137262
vn 0.432874 -0.891763 0.131827
vn 0.425781 -0.892632 0.148050
vn 0.416927 -0.897847 0.141571
vn 0.413770 -0.897961 0.149869
vn 0.405096 -0.903072 0.142681
vn 0.403823 -0.902957 0.146950
vn 0.395640 -0.907779 0.139304
vn 0.395174 -0.907650 0.141451
vn 0.442787 -0.888900 0.117460
vn 0.458318 -0.880355 0.122144
vn 0.414677 -0.902270 0.118123
vn 0.426290 -0.895588 0.127276
vn 0.418810 -0.896799 0.142650
vn 0.410044 -0.901962 0.135386
vn 0.406604 -0.902252 0.143580
vn 0.398094 -0.907263 0.135629
vn 0.396701 -0.907224 0.139901
vn 0.406439 -0.906491 0.114375
vn 0.417492 -0.899805 0.126689
vn 0.412055 -0.900843 0.136718
vn 0.403450 -0.905908 0.128679
vn 0.399709 -0.906385 0.136747
vn 0.408688 -0.904772 0.119842
vn 0.405736 -0.904741 0.129701
vn 0.405441 -0.904803 0.130188
vn 0.391079 -0.913129 0.115121
vn 0.403276 -0.907126 0.120380
vn 0.375544 -0.921181 0.101941
vn 0.358630 -0.929897 0.081707
vn 0.357684 -0.930550 0.078350
vn 0.354279 -0.932170 0.074473
vn 0.353947 -0.932195 0.075719
vn 0.353598 -0.932341 0.075551
vn 0.358872 -0.932546 0.039612
vn 0.368271 -0.929513 0.019529
vn 0.354154 -0.892688 0.278718
vn 0.321033 -0.809042 0.492330
vn 0.351755 -0.933783 0.065702
vn 0.349746 -0.934757 0.062503
vn 0.350656 -0.934424 0.062382
vn 0.353728 -0.932332 0.075050
vn 0.343082 -0.938287 0.043729
vn 0.346856 -0.936504 0.051488
vn 0.348450 -0.935672 0.055683
vn 0.350393 -0.935507 0.045290
vn 0.337631 -0.941087 0.018975
vn 0.344630 -0.937831 0.041260
vn 0.345031 -0.937570 0.043772
vn 0.345623 -0.937635 0.037225
vn 0.344073 -0.938208 0.037141
vn 0.298438 -0.752082 0.587629
vn 0.000000 -0.000000 1.000000
vn 0.422706 -0.898657 0.117194
vn 0.419813 -0.899038 0.124450
vn 0.410227 -0.901123 0.140324
vn 0.408684 -0.899242 0.156019
vn 0.408972 -0.899129 0.155913
vn 0.409092 -0.899229 0.155019
vn 0.409726 -0.898927 0.155095
vn 0.410120 -0.899104 0.153014
vn 0.475655 -0.867459 0.145834
vn 0.469412 -0.868273 0.160482
vn 0.458914 -0.870841 0.176164
vn 0.458205 -0.869729 0.183359
vn 0.458289 -0.869698 0.183292
vn 0.458401 -0.869850 0.182289
vn 0.458702 -0.869712 0.182192
vn 0.458976 -0.869999 0.180120
vn 0.459498 -0.869731 0.180085
vn 0.460195 -0.870240 0.175792
vn 0.460884 -0.869866 0.175836
vn 0.462620 -0.870654 0.167167
vn 0.463616 -0.870099 0.167297
vn 0.467699 -0.871075 0.149957
vn 0.468899 -0.870395 0.150153
vn 0.475601 -0.870849 0.124199
vn 0.476383 -0.870407 0.124301
vn 0.483905 -0.869899 0.095454
vn 0.484329 -0.869660 0.095482
vn 0.491659 -0.868237 0.066594
vn 0.370532 -0.913999 0.165260
vn 0.317128 -0.935004 0.158735
vn 0.451048 -0.874412 0.178771
vn 0.485949 -0.855002 0.181176
vn 0.485437 -0.854357 0.185539
vn 0.476428 -0.859665 0.184371
vn 0.476182 -0.859346 0.186482
vn 0.467247 -0.864612 0.184735
vn 0.467140 -0.864461 0.185708
vn 0.453958 -0.882990 0.119380
vn 0.500316 -0.856258 0.128476
vn 0.497835 -0.853276 0.155175
vn 0.490065 -0.857853 0.154673
vn 0.487706 -0.855830 0.172330
vn 0.478998 -0.860959 0.171201
vn 0.477677 -0.859908 0.179951
vn 0.468686 -0.865206 0.178192
vn 0.468051 -0.864650 0.182507
vn 0.518210 -0.849423 0.099691
vn 0.476434 -0.876273 0.071813
vn 0.494088 -0.866736 0.068164
vn 0.513492 -0.857190 0.039401
vn 0.504472 -0.862555 0.038819
vn 0.504517 -0.862529 0.038808
vn 0.502616 -0.863649 0.038561
vn 0.502669 -0.863619 0.038552
vn 0.500756 -0.864746 0.038178
vn 0.500848 -0.864693 0.038167
vn 0.481934 -0.875880 0.023959
vn 0.507359 -0.861651 0.011988
vn 0.506788 -0.861988 0.011944
vn 0.506776 -0.861995 0.011949
vn 0.506209 -0.862330 0.011861
vn 0.506194 -0.862338 0.011865
vn 0.505645 -0.862662 0.011736
vn 0.485610 -0.855525 0.179608
vn 0.493262 -0.848987 0.189511
vn 0.484704 -0.854024 0.188957
vn 0.484848 -0.853973 0.188817
vn 0.475758 -0.859329 0.187639
vn 0.475884 -0.859284 0.187524
vn 0.467039 -0.864497 0.185795
vn 0.440534 -0.880219 0.176478
vn 0.440565 -0.880200 0.176496
vn 0.440533 -0.880218 0.176483
vn 0.440765 -0.880133 0.176329
vn 0.432200 -0.885179 0.172226
vn 0.432435 -0.885091 0.172085
vn 0.424034 -0.890042 0.167395
vn 0.424401 -0.889903 0.167202
vn 0.416331 -0.894661 0.162021
vn 0.416674 -0.894529 0.161866
vn 0.381988 -0.916808 0.116397
vn 0.467693 -0.864833 0.182554
vn 0.467431 -0.864527 0.184664
vn 0.469316 -0.864864 0.178191
vn 0.470840 -0.865786 0.169485
vn 0.471621 -0.865351 0.169535
vn 0.475125 -0.866679 0.152063
vn 0.476047 -0.866158 0.152153
vn 0.481697 -0.867244 0.125922
vn 0.482307 -0.866899 0.125962
vn 0.488554 -0.867151 0.096766
vn 0.488900 -0.866956 0.096767
vn 0.494901 -0.866323 0.067505
vn 0.495082 -0.866221 0.067494
vn 0.479777 -0.872355 0.093868
vn 0.479264 -0.872644 0.093799
vn 0.469533 -0.874442 0.122025
vn 0.470469 -0.873913 0.122209
vn 0.463566 -0.877978 0.119420
vn 0.464648 -0.877367 0.119707
vn 0.460355 -0.875427 0.147313
vn 0.461772 -0.874625 0.147640
vn 0.453087 -0.879738 0.144130
vn 0.454746 -0.878800 0.144626
vn 0.446126 -0.883873 0.140497
vn 0.454417 -0.875517 0.164240
vn 0.455686 -0.874811 0.164490
vn 0.446410 -0.880273 0.160742
vn 0.447821 -0.879487 0.161116
vn 0.438659 -0.884881 0.156727
vn 0.440259 -0.883991 0.157265
vn 0.431154 -0.889351 0.152185
vn 0.451547 -0.875367 0.172733
vn 0.452469 -0.874868 0.172854
vn 0.443163 -0.880349 0.169094
vn 0.444238 -0.879766 0.169307
vn 0.435019 -0.885195 0.164891
vn 0.436260 -0.884521 0.165226
vn 0.427249 -0.889829 0.160197
vn 0.428513 -0.889142 0.160633
vn 0.419655 -0.894361 0.154946
vn 0.450196 -0.875212 0.176994
vn 0.450786 -0.874909 0.176994
vn 0.441627 -0.880304 0.173293
vn 0.442334 -0.879940 0.173341
vn 0.433347 -0.885233 0.169036
vn 0.434113 -0.884837 0.169142
vn 0.425391 -0.889975 0.164275
vn 0.426261 -0.889525 0.164460
vn 0.417658 -0.894596 0.158937
vn 0.418583 -0.894115 0.159206
vn 0.450530 -0.874280 0.180713
vn 0.447166 -0.876201 0.179762
vn 0.453260 -0.872936 0.180385
vn 0.440873 -0.880261 0.175420
vn 0.449904 -0.874940 0.179069
vn 0.441323 -0.880052 0.175336
vn 0.426728 -0.893659 0.138843
vn 0.433197 -0.886610 0.162060
vn 0.432551 -0.885219 0.171134
vn 0.433025 -0.884998 0.171079
vn 0.424511 -0.890014 0.166328
vn 0.425051 -0.889761 0.166305
vn 0.434937 -0.890599 0.132906
vn 0.416786 -0.894633 0.160999
vn 0.417287 -0.894396 0.161017
vn 0.401653 -0.903688 0.148404
vn 0.401526 -0.903594 0.149315
vn 0.401141 -0.903747 0.149422
vn 0.401426 -0.904078 0.146633
vn 0.396922 -0.906325 0.145009
vn 0.380901 -0.915901 0.126651
vn 0.385564 -0.914783 0.120465
vn 0.387146 -0.913923 0.121910
vn 0.379877 -0.918204 0.112228
vn 0.382769 -0.915506 0.123837
vn 0.383898 -0.914913 0.124723
vn 0.376931 -0.919019 0.115441
vn 0.378049 -0.918431 0.116466
vn 0.369868 -0.923226 0.104169
vn 0.371047 -0.922640 0.105170
vn 0.375535 -0.919375 0.117142
vn 0.376321 -0.918988 0.117663
vn 0.368466 -0.923594 0.105859
vn 0.369229 -0.923248 0.106226
vn 0.382213 -0.915439 0.126038
vn 0.367806 -0.923746 0.106828
vn 0.375357 -0.919315 0.118178
vn 0.368303 -0.923560 0.106719
vn 0.501474 -0.862445 0.068643
vn 0.501553 -0.862401 0.068628
vn 0.498170 -0.864394 0.068190
vn 0.498313 -0.864313 0.068172
vn 0.498010 -0.861570 0.098401
vn 0.498156 -0.861488 0.098383
vn 0.493264 -0.864370 0.097749
vn 0.493505 -0.864234 0.097735
vn 0.494043 -0.859953 0.128071
vn 0.494329 -0.859792 0.128053
vn 0.487840 -0.863614 0.127212
vn 0.488297 -0.863356 0.127213
vn 0.486234 -0.854848 0.181139
vn 0.487350 -0.856029 0.172353
vn 0.491180 -0.850492 0.188165
vn 0.483442 -0.855502 0.185474
vn 0.485233 -0.854462 0.185592
vn 0.484956 -0.854145 0.187761
vn 0.484999 -0.854125 0.187739
vn 0.478417 -0.863635 0.158909
vn 0.490502 -0.857606 0.154659
vn 0.482546 -0.862292 0.153628
vn 0.479615 -0.860616 0.171201
vn 0.483242 -0.861898 0.153651
vn 0.476704 -0.859524 0.184317
vn 0.477277 -0.860125 0.179978
vn 0.475985 -0.859436 0.186570
vn -0.656484 0.753745 0.029964
vn -0.650216 0.758688 0.040138
vn -0.643459 0.764926 0.029129
vn -0.646534 0.760028 0.065959
vn -0.644460 0.761013 0.074361
vn -0.645315 0.760708 0.069941
vn -0.639495 0.764121 0.084646
vn -0.639063 0.764279 0.086464
vn -0.632981 0.767885 0.098427
vn -0.632471 0.768119 0.099868
vn -0.627168 0.771243 0.108830
vn -0.626570 0.771518 0.110321
vn -0.620846 0.774890 0.118725
vn -0.620177 0.775196 0.120212
vn -0.613937 0.778873 0.128210
vn -0.613216 0.779201 0.129657
vn -0.611014 0.780514 0.132139
vn -0.603773 0.784387 0.142110
vn -0.594113 0.790061 0.151109
vn -0.598876 0.787332 0.146478
vn -0.598853 0.787266 0.146925
vn -0.591215 0.793737 0.142991
vn -0.583705 0.802055 0.126475
vn -0.581723 0.797265 0.161139
vn -0.581419 0.797370 0.161720
vn -0.581487 0.797652 0.160075
vn -0.580979 0.797879 0.160789
vn -0.580968 0.798441 0.158013
vn -0.580122 0.798866 0.158971
vn -0.579758 0.800096 0.154034
vn -0.578512 0.800759 0.155267
vn -0.577022 0.803529 0.146242
vn -0.575360 0.804441 0.147767
vn -0.571139 0.810218 0.131711
vn -0.572680 0.809357 0.130303
vn -0.562337 0.818445 0.118004
vn -0.557081 0.821517 0.121534
vn -0.570083 0.814737 0.105872
vn -0.548686 0.827536 0.118858
vn -0.554715 0.824197 0.113978
vn -0.541646 0.831991 0.120043
vn -0.540684 0.832530 0.120644
vn -0.534889 0.835946 0.122836
vn -0.534080 0.836399 0.123269
vn -0.528025 0.839967 0.125075
vn -0.527379 0.840330 0.125366
vn -0.521093 0.844035 0.126758
vn -0.520607 0.844307 0.126937
vn -0.514110 0.848137 0.127888
vn -0.513803 0.848309 0.127977
vn -0.507045 0.852292 0.128470
vn -0.547747 0.828078 0.119417
vn -0.494079 0.863683 0.099694
vn -0.532840 0.843163 0.071821
vn -0.517822 0.852768 0.068162
vn -0.502016 0.863961 0.039400
vn -0.510453 0.859030 0.038788
vn -0.508634 0.860901 0.011901
vn -0.509122 0.860612 0.011886
vn -0.509276 0.860522 0.011790
vn -0.509701 0.860271 0.011770
vn -0.509917 0.860145 0.011629
vn -0.377362 0.925862 0.019451
vn -0.513105 0.857824 0.029354
vn -0.520221 0.853241 0.036736
vn -0.512598 0.857768 0.038428
vn -0.515713 0.854057 0.068024
vn -0.512126 0.856171 0.068549
vn -0.513157 0.852644 0.098328
vn -0.650858 0.757441 0.051636
vn -0.651162 0.757122 0.052475
vn -0.651485 0.757030 0.049739
vn -0.644538 0.761516 0.068294
vn -0.638519 0.765040 0.083718
vn -0.638421 0.765107 0.083843
vn -0.631889 0.769001 0.096717
vn -0.637816 0.765604 0.083912
vn -0.629764 0.770919 0.095290
vn -0.631041 0.769423 0.098873
vn -0.626114 0.772328 0.107200
vn -0.626544 0.772743 0.101548
vn -0.622244 0.775985 0.103247
vn -0.614229 0.781250 0.111224
vn -0.614533 0.781080 0.110740
vn -0.606898 0.786067 0.117358
vn -0.599798 0.790380 0.124663
vn -0.602476 0.786867 0.133656
vn -0.596279 0.790520 0.139747
vn -0.596940 0.789112 0.144793
vn -0.589635 0.793416 0.151065
vn -0.589697 0.792817 0.153947
vn -0.595474 0.792804 0.129892
vn -0.595465 0.794534 0.118903
vn -0.587149 0.799837 0.124566
vn -0.580128 0.803842 0.131494
vn -0.583290 0.799833 0.141562
vn -0.591371 0.798002 0.116074
vn -0.539030 0.836305 0.100203
vn -0.536602 0.837633 0.102128
vn -0.546803 0.832929 0.085069
vn -0.537092 0.838553 0.091437
vn -0.529207 0.843222 0.094425
vn -0.528784 0.843458 0.094688
vn -0.523971 0.846295 0.096124
vn -0.523619 0.846491 0.096311
vn -0.518666 0.849410 0.097408
vn -0.518412 0.849552 0.097521
vn -0.513327 0.852549 0.098266
vn -0.525357 0.847802 0.072329
vn -0.524560 0.848259 0.072755
vn -0.531716 0.844546 0.063411
vn -0.500531 0.864254 0.050339
vn -0.515459 0.855855 0.042609
vn -0.508537 0.860957 0.011958
vn -0.507951 0.861303 0.011967
vn -0.530020 0.847647 0.023962
vn -0.505705 0.848637 0.155169
vn -0.608115 0.776383 0.165608
vn -0.648330 0.744491 0.159378
vn -0.542240 0.820977 0.178807
vn -0.513867 0.838550 0.181037
vn -0.514178 0.838384 0.180924
vn -0.523471 0.832908 0.179563
vn -0.523949 0.832653 0.179353
vn -0.533033 0.827300 0.177342
vn -0.533650 0.826971 0.177022
vn -0.542566 0.821718 0.174362
vn -0.543340 0.821305 0.173897
vn -0.551930 0.816243 0.170648
vn -0.552945 0.815701 0.169950
vn -0.561078 0.810907 0.166194
vn -0.562150 0.810336 0.165358
vn -0.569926 0.805753 0.161081
vn -0.571113 0.805120 0.160036
vn -0.528318 0.836260 0.146798
vn -0.527048 0.836364 0.150718
vn -0.515072 0.838712 0.176812
vn -0.513980 0.836811 0.188607
vn -0.513895 0.836838 0.188716
vn -0.514003 0.837039 0.187529
vn -0.513857 0.837103 0.187643
vn -0.514048 0.837498 0.185341
vn -0.513864 0.837591 0.185435
vn -0.581364 0.805218 0.116790
vn -0.574595 0.806357 0.140101
vn -0.564093 0.808982 0.165369
vn -0.563531 0.807845 0.172685
vn -0.563278 0.807929 0.173113
vn -0.563365 0.808178 0.171662
vn -0.562957 0.808359 0.172149
vn -0.563026 0.808870 0.169499
vn -0.562276 0.809247 0.170191
vn -0.623238 0.759416 0.186713
vn -0.635956 0.771598 0.013987
vn -0.627521 0.775230 0.072362
vn -0.627699 0.770694 0.109656
vn -0.627272 0.770857 0.110948
vn -0.634626 0.772811 -0.003647
vn -0.640025 0.763579 0.085525
vn -0.639747 0.763653 0.086934
vn -0.625214 0.778907 -0.049101
vn -0.633510 0.767350 0.099199
vn -0.633130 0.767496 0.100479
vn -0.621588 0.776924 0.100085
vn -0.621302 0.774373 0.119709
vn -0.620904 0.774523 0.120800
vn -0.544094 0.819287 0.180917
vn -0.546611 0.817702 0.180501
vn -0.544046 0.819197 0.181466
vn -0.543856 0.819260 0.181754
vn -0.534005 0.825062 0.184692
vn -0.533900 0.825096 0.184843
vn -0.524018 0.830918 0.187030
vn -0.523932 0.830946 0.187148
vn -0.655369 0.754379 0.037474
vn -0.616319 0.778866 0.116271
vn -0.617626 0.778177 0.113919
vn -0.623923 0.774446 0.104659
vn -0.625242 0.772764 0.109123
vn -0.619820 0.775960 0.117082
vn -0.618860 0.776443 0.118949
vn -0.612947 0.779928 0.126529
vn -0.611992 0.780408 0.128179
vn -0.605716 0.784106 0.135223
vn -0.604686 0.784625 0.136817
vn -0.597831 0.788664 0.143553
vn -0.610971 0.782019 0.123127
vn -0.609661 0.782712 0.125203
vn -0.603849 0.786139 0.131728
vn -0.614294 0.778416 0.129274
vn -0.613959 0.778540 0.130119
vn -0.608484 0.781778 0.136272
vn -0.614467 0.779199 0.123610
vn -0.592662 0.794453 0.132651
vn -0.590922 0.795404 0.134698
vn -0.584999 0.798897 0.139785
vn -0.605903 0.783435 0.138241
vn -0.598600 0.787738 0.145417
vn -0.598568 0.787441 0.147147
vn -0.590590 0.792142 0.153996
vn -0.597950 0.788031 0.146501
vn -0.594867 0.791270 0.141511
vn -0.588190 0.795206 0.147244
vn -0.588695 0.793889 0.152246
vn -0.586836 0.795925 0.148750
vn -0.590182 0.792284 0.154826
vn -0.590234 0.792576 0.153125
vn -0.568761 0.808332 0.152021
vn -0.563503 0.814803 0.136234
vn -0.561725 0.815800 0.137608
vn -0.555825 0.819279 0.140854
vn -0.554140 0.820225 0.141987
vn -0.547861 0.823927 0.144887
vn -0.546385 0.824756 0.145742
vn -0.539661 0.828721 0.148286
vn -0.538399 0.829429 0.148906
vn -0.531323 0.833600 0.151017
vn -0.530313 0.834168 0.151431
vn -0.522939 0.838515 0.153064
vn -0.522166 0.838949 0.153319
vn -0.514426 0.843511 0.154452
vn -0.513974 0.843765 0.154567
vn -0.571352 0.803964 0.164920
vn -0.572139 0.803569 0.164115
vn -0.572816 0.802437 0.167262
vn -0.572106 0.803028 0.166854
vn -0.572640 0.802791 0.166162
vn -0.572561 0.802524 0.167719
vn -0.560220 0.813304 0.157131
vn -0.567165 0.809210 0.153311
vn -0.558751 0.814113 0.158171
vn -0.551361 0.818469 0.161584
vn -0.550066 0.819182 0.162380
vn -0.553596 0.814362 0.174200
vn -0.552968 0.814677 0.174721
vn -0.543784 0.820089 0.178195
vn -0.543270 0.820346 0.178578
vn -0.533881 0.825877 0.181378
vn -0.533492 0.826072 0.181636
vn -0.524056 0.831631 0.183725
vn -0.523710 0.831804 0.183927
vn -0.555912 0.812282 0.176520
vn -0.551248 0.814863 0.179232
vn -0.558287 0.811129 0.174313
vn -0.542271 0.823777 0.165329
vn -0.541163 0.824387 0.165914
vn -0.543960 0.819498 0.180363
vn -0.553497 0.813879 0.176756
vn -0.543657 0.819631 0.180671
vn -0.535341 0.827506 0.169245
vn -0.519535 0.851813 0.067063
vn -0.533001 0.829198 0.168349
vn -0.532137 0.829674 0.168734
vn -0.534004 0.825318 0.183550
vn -0.533729 0.825438 0.183807
vn -0.515852 0.853979 0.067950
vn -0.519352 0.851916 0.067176
vn -0.523689 0.834652 0.170604
vn -0.523080 0.834988 0.170828
vn -0.524035 0.831149 0.185952
vn -0.523884 0.831215 0.186082
vn -0.512531 0.857807 0.038469
vn -0.510493 0.859008 0.038768
vn -0.512039 0.856220 0.068587
vn -0.514325 0.840148 0.172109
vn -0.513906 0.840379 0.172231
vn -0.513594 0.837752 0.185455
vn -0.506189 0.841636 0.188205
vn -0.504326 0.842483 0.189414
vn 0.507695 -0.861537 0.000000
vn 0.507695 -0.861537 0.000000
vn 0.507691 -0.861539 -0.000001
vn 0.507694 -0.861538 0.000001
vn 0.507693 -0.861538 -0.000001
vn 0.507693 -0.861538 -0.000001
vn 0.507690 -0.861540 0.000000
vn 0.594967 -0.803750 0.000000
vn 0.594967 -0.803750 0.000000
vn 0.749074 -0.662486 0.000000
vn 0.749074 -0.662486 0.000000
vn 0.870445 -0.492266 0.000000
vn 0.870445 -0.492266 0.000000
vn 0.953769 -0.300542 0.000000
vn 0.953769 -0.300542 0.000000
vn 0.995414 -0.095661 0.000000
vn 0.995414 -0.095661 0.000000
vn 0.993552 0.113379 0.000000
vn 0.993552 0.113379 -0.000000
vn 0.948267 0.317475 0.000000
vn 0.948267 0.317475 -0.000000
vn 0.861540 0.507690 0.000000
vn 0.861540 0.507690 -0.000000
vn 0.737155 0.675724 0.000000
vn 0.737155 0.675724 -0.000000
vn 0.580556 0.814220 0.000000
vn 0.580556 0.814220 -0.000000
vn 0.398586 0.917131 0.000000
vn 0.398586 0.917131 -0.000000
vn 0.199193 0.979960 0.000000
vn 0.199193 0.979960 -0.000000
vn -0.008905 0.999960 0.000000
vn -0.008905 0.999960 0.000000
vn -0.216615 0.976257 0.000000
vn -0.216615 0.976257 0.000000
vn -0.414853 0.909888 0.000000
vn -0.414853 0.909888 0.000000
vn -0.241786 -0.970329 0.000000
vn -0.193723 -0.981056 -0.000212
vn -0.160278 -0.987071 -0.000939
vn -0.135963 -0.990712 -0.001866
vn -0.133635 -0.991029 -0.002011
vn -0.085916 -0.996302 -0.000415
vn -0.037708 -0.999289 0.000196
vn 0.008904 -0.999960 -0.000614
vn 0.055478 -0.998454 -0.003389
vn 0.052385 -0.998622 -0.003028
vn 0.121827 -0.992551 0.000125
vn 0.175337 -0.984509 -0.000084
vn 0.222969 -0.974820 -0.003233
vn 0.236585 -0.971598 -0.005084
vn 0.271478 -0.962443 -0.001729
vn 0.302820 -0.953048 -0.000333
vn 0.318897 -0.947789 -0.000002
vn 0.330879 -0.943673 0.000001
vn 0.337251 -0.941415 -0.000093
vn 0.339117 -0.940744 -0.000129
vn 0.341009 -0.940060 -0.000167
vn 0.339102 -0.940750 -0.000128
vn 0.335188 -0.942151 -0.000046
vn 0.368860 -0.929485 -0.000754
vn 0.412587 -0.910901 -0.005606
vn 0.425637 -0.904887 -0.003504
vn 0.480795 -0.876833 0.000447
vn 0.574296 -0.818646 -0.001605
vn 0.585019 -0.811018 0.001417
vn 0.716090 -0.698006 -0.001430
vn 0.724080 -0.689715 0.001239
vn 0.833068 -0.553169 -0.001252
vn 0.838490 -0.544916 0.001059
vn 0.921170 -0.389160 -0.001068
vn 0.924338 -0.381575 0.000874
vn 0.977343 -0.211660 -0.000883
vn 0.978715 -0.205221 0.000687
vn 0.999640 -0.026825 -0.000692
vn 0.999760 -0.021896 0.000494
vn 0.987289 0.158936 -0.000500
vn 0.986761 0.162182 0.000299
vn 0.940715 0.339197 -0.000303
vn 0.940156 0.340744 0.000100
vn 0.861540 0.507690 -0.000102
vn 0.861539 0.507691 -0.000103
vn 0.753582 0.657354 0.000100
vn 0.752499 0.658594 -0.000303
vn 0.619961 0.784632 0.000299
vn 0.617378 0.786666 -0.000499
vn 0.465229 0.885190 0.000495
vn 0.460852 0.887477 -0.000694
vn 0.294655 0.955604 0.000686
vn 0.288362 0.957521 -0.000883
vn 0.114046 0.993475 0.000874
vn 0.105871 0.994379 -0.001069
vn -0.070447 0.997515 0.001059
vn -0.080289 0.996771 -0.001251
vn -0.252540 0.967586 0.001240
vn -0.263665 0.964613 -0.001430
vn -0.426035 0.904705 0.001417
vn -0.437903 0.899021 -0.001605
vn -0.534104 0.845419 0.000447
vn -0.585367 0.810761 -0.003504
vn -0.596953 0.802256 -0.005606
vn -0.634394 0.773010 -0.000754
vn -0.659755 0.751481 -0.000100
vn -0.665495 0.746402 0.000005
vn -0.674946 0.737867 -0.000005
vn -0.687367 0.726311 -0.000348
vn -0.710901 0.703290 -0.001776
vn -0.735322 0.677699 -0.005089
vn -0.745085 0.666962 -0.003183
vn -0.776623 0.629965 -0.000068
vn -0.809633 0.586936 0.000109
vn -0.846013 0.533155 -0.002856
vn -0.848208 0.529653 -0.003195
vn -0.870637 0.491925 -0.000600
vn -0.892605 0.450839 0.000196
vn -0.913318 0.407247 -0.000424
vn -0.933353 0.358954 -0.002167
vn -0.931689 0.363252 -0.001952
vn -0.941172 0.337926 -0.000935
vn -0.952097 0.305798 -0.000212
vn -0.965992 0.258571 0.000000
vn -0.507695 0.861537 0.000000
vn -0.507695 0.861537 0.000000
vn -0.507690 0.861540 0.000002
vn -0.507693 0.861538 -0.000000
vn -0.507693 0.861538 -0.000000
vn -0.507693 0.861538 -0.000000
vn -0.507693 0.861538 0.000000
vn -0.983768 -0.179445 0.000000
vn -0.983768 -0.179445 -0.000000
vn -0.999415 0.034211 0.000000
vn -0.999415 0.034211 0.000000
vn -0.969200 0.246275 0.000000
vn -0.969200 0.246275 0.000000
vn -0.894513 0.447043 0.000000
vn -0.894513 0.447043 0.000000
vn -0.778773 0.627306 0.000000
vn -0.778773 0.627306 0.000000
vn -0.390892 0.920436 0.000000
vn -0.390892 0.920436 0.000000
vn -0.139348 0.990243 0.000000
vn -0.139348 0.990243 0.000000
vn 0.121693 0.992568 0.000000
vn 0.121693 0.992568 -0.000000
vn 0.374445 0.927249 0.000000
vn 0.374445 0.927249 -0.000000
vn 0.601662 0.798751 0.000000
vn 0.601662 0.798751 -0.000000
vn 0.787910 0.615790 0.000000
vn 0.787910 0.615790 0.000000
vn 0.787910 0.615790 0.000000
vn 0.601662 0.798751 0.000000
vn 0.601662 0.798751 0.000000
vn 0.374445 0.927249 0.000000
vn 0.374445 0.927249 0.000000
vn 0.121693 0.992568 0.000000
vn 0.121693 0.992568 0.000000
vn -0.139348 0.990243 0.000000
vn -0.139348 0.990243 0.000000
vn -0.390892 0.920436 0.000000
vn 0.000000 0.000000 1.000000
vn -0.000000 0.000000 1.000000
vn -0.000000 -0.000000 1.000000
vn 0.000000 0.000000 1.000000
vn 0.000000 0.000000 1.000000
vn 0.000000 0.000000 1.000000
vn 0.000000 0.000000 1.000000
vn 0.000000 0.000000 1.000000
vn 0.000000 0.000000 1.000000
vn -0.000000 0.000000 1.000000
vn 0.000000 0.000000 1.000000
vn 0.000000 0.000000 1.000000
vn 0.000000 0.000000 1.000000
vn 0.000000 0.000000 1.000000
vn 0.000000 0.000000 1.000000
vn 0.000000 0.000000 1.000000
vn 0.000000 0.000000 1.000000
vn 0.000000 0.000000 1.000000
vn -0.000000 0.000000 1.000000
vn -0.000000 0.000000 1.000000
vn -0.000000 0.000000 1.000000
vn 0.000000 0.000000 1.000000
vn -0.000000 0.000000 1.000000
vn -0.000000 0.000000 1.000000
vn -0.000000 0.000000 1.000000
vn -0.000000 0.000000 1.000000
vn -0.000000 0.000000 1.000000
vn -0.000000 0.000000 1.000000
vn -0.000000 0.000000 1.000000
vn -0.000000 0.000000 1.000000
vn -0.000000 0.000000 1.000000
vn -0.000000 0.000000 1.000000
vn -0.000000 0.000000 1.000000
vn 0.000000 -0.000000 1.000000
vn 0.000000 -0.000000 1.000000
vn 0.000000 -0.000000 1.000000
vn 0.000000 -0.000000 1.000000
vn 0.000000 -0.000000 1.000000
vn -0.000000 0.000000 1.000000
vn -0.000000 0.000000 1.000000
vn 0.000000 0.000000 1.000000
vn 0.000000 -0.000000 1.000000
vn 0.000000 0.000000 1.000000
vn 0.000000 -0.000000 1.000000
vn 0.000000 0.000000 1.000000
vn 0.000000 0.000000 1.000000
vn 0.000000 -0.000000 1.000000
vn 0.000000 0.000000 1.000000
vn 0.000000 0.000000 1.000000
vn 0.000000 -0.000000 1.000000
vn 0.000000 0.000000 1.000000
vn 0.000000 -0.000000 1.000000
vn 0.000000 0.000000 1.000000
vn 0.000000 -0.000000 1.000000
vn 0.000000 0.000000 1.000000
vn 0.000000 -0.000000 1.000000
vn 0.000000 0.000000 1.000000
vn 0.000000 -0.000000 1.000000
vn 0.000000 0.000000 1.000000
vn 0.000000 0.000000 1.000000
vn 0.000000 0.000000 1.000000
vn 0.000000 0.000000 1.000000
vn 0.000000 -0.000000 1.000000
vn -0.000000 0.000000 1.000000
vn 0.000000 -0.000000 1.000000
vn -0.000000 0.000000 1.000000
vn 0.000000 -0.000000 1.000000
vn -0.000000 0.000000 1.000000
vn 0.000000 -0.000000 1.000000
vn -0.000000 0.000000 1.000000
vn 0.000000 -0.000000 1.000000
vn -0.000000 0.000000 1.000000
vn 0.000000 -0.000000 1.000000
vn -0.000000 0.000000 1.000000
vn -0.000000 0.000000 1.000000
vn -0.000000 0.000000 1.000000
vn -0.000000 0.000000 1.000000
vn 0.000000 0.000000 1.000000
vn 0.000000 0.000000 1.000000
vn 0.000000 0.000000 1.000000
vn 0.000000 0.000000 1.000000
vn 0.000000 0.000000 1.000000
vn 0.000000 -0.000000 1.000000
vn 0.000000 0.000000 1.000000
vn 0.000000 -0.000000 1.000000
vn 0.000000 -0.000000 1.000000
vn 0.000000 -0.000000 1.000000
vn 0.000000 0.000000 1.000000
vn 0.000000 0.000000 1.000000
vn 0.000000 -0.000000 1.000000
vn 0.000000 0.000000 1.000000
vn 0.000000 -0.000000 1.000000
vn 0.000000 -0.000000 1.000000
vn 0.000000 0.000000 1.000000
vn 0.000000 -0.000000 1.000000
vn 0.000000 -0.000000 1.000000
vn -0.000000 0.000000 1.000000
vn 0.000000 0.000000 1.000000
vn 0.000000 0.000000 1.000000
vn -0.000000 -0.000000 1.000000
vn -0.000000 0.000000 1.000000
vn -0.000000 0.000000 1.000000
vn 0.000000 0.000000 1.000000
vn 0.000000 0.000000 1.000000
vn 0.000000 0.000000 1.000000
vn 0.000000 0.000000 1.000000
vn 0.000000 0.000000 1.000000
vn 0.000000 0.000000 1.000000
vn 0.000000 0.000000 1.000000
vn 0.000000 0.000000 1.000000
vn 0.000000 0.000000 1.000000
vn 0.000000 0.000000 1.000000
vn 0.000000 0.000000 1.000000
vn 0.000000 0.000000 1.000000
vn 0.000000 0.000000 1.000000
vn 0.000000 0.000000 1.000000
vn 0.000000 0.000000 1.000000
vn 0.000000 0.000000 1.000000
vn 0.000000 0.000000 1.000000
vn 0.000000 0.000000 1.000000
vn 0.000000 0.000000 1.000000
vn 0.000000 0.000000 1.000000
vn 0.000000 0.000000 1.000000
vn 0.000000 0.000000 1.000000
vn 0.000000 0.000000 1.000000
vn 0.000000 0.000000 1.000000
vn -0.000000 0.000000 1.000000
vn -0.000000 0.000000 1.000000
vn -0.000000 0.000000 1.000000
vn -0.000000 0.000000 1.000000
vn -0.000000 0.000000 1.000000
vn -0.000000 0.000000 1.000000
vn 0.000000 0.000000 1.000000
vn 0.000000 0.000000 1.000000
vn 0.000000 0.000000 1.000000
vn 0.000000 0.000000 1.000000
vn 0.000000 0.000000 1.000000
vn 0.000000 0.000000 1.000000
vn 0.000000 0.000000 1.000000
vn -0.000000 0.000000 1.000000
vn 0.000000 0.000000 1.000000
vn -0.000000 0.000000 1.000000
vn -0.000000 0.000000 1.000000
vn -0.000000 0.000000 1.000000
vn -0.000000 0.000000 1.000000
vn -0.000000 0.000000 1.000000
vn -0.000000 0.000000 1.000000
vn 0.000000 0.000000 1.000000
vn 0.000000 0.000000 1.000000
vn -0.000000 -0.000000 1.000000
vn -0.000000 0.000000 1.000000
vn 0.000000 -0.000000 1.000000
vn -0.000000 0.000000 1.000000
vn 0.000000 -0.000000 1.000000
vn -0.000000 0.000000 1.000000
vn 0.000000 0.000000 1.000000
vn 0.000000 0.000000 1.000000
vn 0.000000 0.000000 1.000000
vn 0.000000 0.000000 1.000000
vn 0.000000 0.000000 1.000000
vn 0.000000 0.000000 1.000000
vn 0.000000 -0.000000 1.000000
vn -0.000000 0.000000 1.000000
vn -0.000000 0.000000 1.000000
vn 0.000000 0.000000 1.000000
vn -0.000000 0.000000 1.000000
vn -0.000000 0.000000 1.000000
vn 0.000000 0.000000 1.000000
vn 0.000000 0.000000 1.000000
vn 0.000000 0.000000 1.000000
vn 0.000000 0.000000 1.000000
vn -0.000000 0.000000 1.000000
vn -0.000000 0.000000 1.000000
vn -0.000000 0.000000 1.000000
vn 0.000000 0.000000 1.000000
vn -0.000000 0.000000 1.000000
vn -0.000000 0.000000 1.000000
vn 0.000000 0.000000 1.000000
vn -0.000000 0.000000 1.000000
vn 0.000000 0.000000 1.000000
vn 0.000000 0.000000 1.000000
vn 0.000000 0.000000 1.000000
vn 0.000000 0.000000 1.000000
vn 0.000000 0.000000 1.000000
vn 0.000000 0.000000 1.000000
vn 0.000000 0.000000 1.000000
vn 0.000000 -0.000000 1.000000
vn 0.000000 -0.000000 1.000000
vn 0.000000 0.000000 1.000000
vn 0.000000 -0.000000 1.000000
vn 0.000000 -0.000000 1.000000
vn 0.000000 0.000000 1.000000
vn 0.000000 0.000000 1.000000
vn 0.000000 0.000000 1.000000
vn 0.000000 0.000000 1.000000
vn 0.000000 -0.000000 1.000000
vn 0.000000 -0.000000 1.000000
vn 0.000000 0.000000 1.000000
vn 0.000000 -0.000000 1.000000
vn 0.000000 -0.000000 1.000000
vn 0.000000 -0.000000 1.000000
vn 0.000000 0.000000 1.000000
vn -0.000000 0.000000 1.000000
vn -0.000000 0.000000 1.000000
vn 0.000000 0.000000 1.000000
vn 0.000000 0.000000 1.000000
vn 0.000000 0.000000 1.000000
vn 0.000000 0.000000 1.000000
vn 0.000000 0.000000 1.000000
vn 0.920437 0.390892 0.000000
vn 0.920437 0.390892 -0.000000
vn 0.990242 0.139362 0.000000
vn 0.990242 0.139362 -0.000000
vn 0.992568 -0.121695 0.000000
vn 0.992568 -0.121695 0.000000
vn 0.927252 -0.374438 0.000000
vn 0.927252 -0.374438 0.000000
vn 0.798739 -0.601678 0.000000
vn 0.798739 -0.601678 0.000000
vn 0.615800 -0.787903 0.000000
vn 0.615800 -0.787903 0.000000
vn 0.615800 -0.787903 0.000000
vn 0.798739 -0.601678 0.000000
vn 0.798739 -0.601678 0.000000
vn 0.927252 -0.374438 0.000000
vn 0.927252 -0.374438 0.000000
vn 0.992568 -0.121695 0.000000
vn 0.992568 -0.121695 0.000000
vn 0.990242 0.139362 0.000000
vn 0.990242 0.139362 0.000000
vn 0.920437 0.390892 0.000000
vn 0.861538 0.507692 0.000000
vn 0.861538 0.507693 0.000000
vn 0.861538 0.507692 0.000000
vn 0.861539 0.507692 0.000000
vn 0.861537 0.507695 0.000000
vn 0.861537 0.507695 0.000000
vn 0.609008 -0.793164 0.000000
vn 0.609008 -0.793164 0.000000
vn 0.383550 -0.923520 0.000000
vn 0.383550 -0.923520 0.000000
vn 0.132069 -0.991241 0.000000
vn 0.132069 -0.991241 0.000000
vn -0.128357 -0.991728 0.000000
vn -0.128357 -0.991728 0.000000
vn -0.380091 -0.924949 0.000000
vn -0.380091 -0.924949 0.000000
vn -0.606036 -0.795437 0.000000
vn -0.606036 -0.795437 0.000000
vn -0.790878 -0.611973 0.000000
vn -0.790878 -0.611973 0.000000
vn -0.922080 -0.387001 0.000000
vn -0.922080 -0.387001 0.000000
vn -0.990739 -0.135782 0.000000
vn -0.990739 -0.135782 0.000000
vn -0.999988 -0.004892 0.000000
vn -0.999988 -0.004892 0.000000
vn -0.999996 -0.002853 0.000000
vn -0.999996 -0.002853 0.000000
vn -1.000000 -0.000815 0.000000
vn -1.000000 -0.000815 0.000000
vn 0.992393 -0.123111 0.000000
vn 0.992393 -0.123111 0.000000
vn 0.932236 -0.361851 0.000000
vn 0.932236 -0.361851 0.000000
vn 0.815556 -0.578678 0.000000
vn 0.815556 -0.578678 0.000000
vn 0.649449 -0.760405 0.000000
vn 0.649449 -0.760405 0.000000
vn 0.443969 -0.896042 0.000000
vn 0.443969 -0.896042 0.000000
vn 0.211561 -0.977365 0.000000
vn 0.211561 -0.977365 0.000000
vn -0.033652 -0.999434 0.000000
vn -0.033652 -0.999434 0.000000
vn -0.156435 -0.987688 0.000000
vn -0.156435 -0.987688 0.000000
vn -0.156434 -0.987688 -0.000000
vn -0.156434 -0.987688 0.000001
vn -0.156434 -0.987688 -0.000000
vn -0.156434 -0.987688 -0.000000
vn -0.993712 -0.111967 0.000000
vn -0.993712 -0.111967 -0.000000
vn -0.943883 -0.330281 0.000000
vn -0.943883 -0.330281 -0.000000
vn -0.846727 -0.532027 0.000000
vn -0.846727 -0.532027 -0.000000
vn -0.707104 -0.707110 0.000000
vn -0.707104 -0.707110 -0.000000
vn -0.532035 -0.846722 0.000000
vn -0.532035 -0.846722 -0.000000
vn -0.330281 -0.943883 0.000000
vn -0.330281 -0.943883 -0.000000
vn -0.111961 -0.993713 0.000000
vn -0.111961 -0.993713 -0.000000
vn -1.000000 0.000000 0.000000
vn -1.000000 0.000000 0.000000
vn 0.993713 0.111956 0.000000
vn 0.993713 0.111956 0.000000
vn 0.943883 0.330280 0.000000
vn 0.943883 0.330280 0.000000
vn 0.846728 0.532026 0.000000
vn 0.846728 0.532026 0.000000
vn 0.707110 0.707104 0.000000
vn 0.707110 0.707104 0.000000
vn 0.532021 0.846731 0.000000
vn 0.532021 0.846731 0.000000
vn 0.330285 0.943881 0.000000
vn 0.330285 0.943881 0.000000
vn 0.111963 0.993712 0.000000
vn 0.111963 0.993712 0.000000
vn 1.000000 0.000000 0.000000
vn 1.000000 0.000000 -0.000000
vn -0.773185 0.634181 0.000000
vn -0.773185 0.634181 0.000000
vn -0.662164 0.749359 0.000000
vn -0.662164 0.749359 0.000000
vn -0.534203 0.845356 0.000000
vn -0.534203 0.845356 0.000000
vn -0.392566 0.919724 0.000000
vn -0.392566 0.919724 0.000000
vn -0.240884 0.970554 0.000000
vn -0.240884 0.970554 0.000000
vn -0.083039 0.996546 0.000000
vn -0.083039 0.996546 0.000000
vn 0.076933 0.997036 0.000000
vn 0.076933 0.997036 -0.000000
vn 0.156434 0.987688 -0.000000
vn 0.156434 0.987688 -0.000000
vn 0.156435 0.987688 0.000001
vn 0.156434 0.987688 -0.000000
vn 0.156434 0.987688 0.000000
vn 0.156434 0.987688 -0.000000
vn 0.821969 0.569532 0.000000
vn 0.821969 0.569532 0.000000
vn 0.729775 0.683688 0.000000
vn 0.729775 0.683688 0.000000
vn 0.621862 0.783127 0.000000
vn 0.621862 0.783127 0.000000
vn 0.500566 0.865698 0.000000
vn 0.500566 0.865698 0.000000
vn 0.368489 0.929632 0.000000
vn 0.368489 0.929632 0.000000
vn 0.228477 0.973549 0.000000
vn 0.228477 0.973549 0.000000
vn 0.818544 0.574444 0.000000
vn 0.818544 0.574444 -0.000000
vn 0.836381 0.548148 0.000000
vn 0.836381 0.548148 -0.000000
vn 0.853365 0.521313 0.000000
vn 0.853365 0.521313 -0.000000
vn -0.271443 -0.962454 0.000000
vn -0.271443 -0.962454 0.000000
vn -0.488618 -0.872498 0.000000
vn -0.488618 -0.872498 0.000000
vn -0.678803 -0.734321 0.000000
vn -0.678803 -0.734321 0.000000
vn -0.831472 -0.555567 0.000000
vn -0.831472 -0.555567 0.000000
vn -0.938192 -0.346115 0.000000
vn -0.938192 -0.346115 0.000000
vn -0.993068 -0.117540 0.000000
vn -0.993068 -0.117540 0.000000
vn -1.000000 0.000000 -0.000000
vn -1.000000 0.000000 0.000000
vn -1.000000 -0.000000 0.000000
vn -1.000000 0.000000 0.000000
vn 1.000000 0.000000 0.000000
vn 1.000000 -0.000000 0.000000
vn 1.000000 0.000000 -0.000000
vn 1.000000 0.000000 0.000000
vn 1.000000 0.000000 0.000000
vn 1.000000 0.000000 0.000000
vn -0.707307 0.706907 0.000000
vn -0.707307 0.706907 0.000000
vn -0.661595 0.749862 0.000000
vn -0.661595 0.749862 0.000000
vn -0.613274 0.789870 0.000000
vn -0.613274 0.789870 0.000000
vn -0.796830 0.604202 0.001257
vn -0.818340 0.574732 -0.001677
vn -0.833147 0.553051 0.000000
vn -0.845375 0.534172 0.000834
vn -0.868770 0.495216 -0.000984
vn -0.888453 0.458966 0.000820
vn -0.911498 0.411302 -0.000945
vn -0.924858 0.380313 0.000756
vn -0.946143 0.323746 -0.000856
vn -0.954314 0.298803 0.000642
vn -0.972399 0.233323 -0.000717
vn -0.976604 0.215044 0.000478
vn -0.990034 0.140825 -0.000528
vn -0.991556 0.129681 0.000264
vn -0.998891 0.047080 -0.000289
vn -0.999061 0.043335 0.000000
vn -0.760656 0.649154 -0.001507
vn -0.743483 0.668754 0.001005
vn -0.696226 0.717822 -0.001171
vn -0.684914 0.728624 0.000586
vn -0.625623 0.780125 -0.000668
vn -0.621550 0.783374 0.000000
vn 0.891134 0.453741 0.000000
vn 0.891134 0.453741 -0.000000
vn 0.860935 0.508716 0.000000
vn 0.860935 0.508716 -0.000000
vn 0.827342 0.561698 0.000000
vn 0.827342 0.561698 -0.000000
vn 0.000000 0.000000 1.000000
vn 0.000000 0.000000 1.000000
vn 0.000000 -0.000000 1.000000
vn -0.000000 0.000000 1.000000
vn -0.000000 0.000000 1.000000
vn 0.000000 0.000000 1.000000
vn -0.000000 0.000000 1.000000
vn -0.000000 0.000000 1.000000
vn -0.000000 0.000000 1.000000
vn 0.000000 0.000000 1.000000
vn 0.000000 0.000000 1.000000
vn 0.000000 0.000000 1.000000
vn 0.000000 0.000000 1.000000
vn 0.000000 0.000000 1.000000
vn -0.000000 0.000000 1.000000
vn 0.000000 0.000000 1.000000
vn 0.000000 0.000000 1.000000
vn 0.000000 0.000000 1.000000
vn 0.000000 0.000000 1.000000
vn 0.000000 0.000000 1.000000
vn 0.000000 0.000000 1.000000
vn 0.000000 0.000000 1.000000
vn 0.000000 0.000000 1.000000
vn 0.000000 0.000000 1.000000
vn 0.000000 0.000000 1.000000
vn 0.000000 0.000000 1.000000
vn 0.000000 -0.000000 1.000000
vn 0.000000 -0.000000 1.000000
vn 0.000000 0.000000 1.000000
vn 0.000000 -0.000000 1.000000
vn 0.000000 -0.000000 1.000000
vn 0.000000 0.000000 1.000000
vn -0.000000 -0.000000 1.000000
vn -0.000000 -0.000000 1.000000
vn -0.000000 0.000000 1.000000
vn 0.000000 0.000000 1.000000
vn -0.000000 0.000000 1.000000
vn 0.000000 0.000000 1.000000
vn -0.000000 0.000000 1.000000
vn -0.000000 0.000000 1.000000
vn 0.000000 0.000000 1.000000
vn 0.000000 0.000000 1.000000
vn 0.000000 0.000000 1.000000
vn 0.000000 0.000000 1.000000
vn 0.000000 0.000000 1.000000
vn -0.000000 0.000000 1.000000
vn 0.000000 -0.000000 1.000000
vn -0.000000 0.000000 1.000000
vn -0.000000 0.000000 1.000000
vn 0.000000 0.000000 1.000000
vn 0.000000 -0.000000 1.000000
vn -0.000000 0.000000 1.000000
vn 0.000000 -0.000000 1.000000
vn -0.000000 0.000000 1.000000
vn -0.000000 0.000000 1.000000
vn 0.000000 0.000000 1.000000
vn 0.000000 0.000000 1.000000
vn 0.000000 0.000000 1.000000
vn 0.000000 0.000000 1.000000
vn 0.000000 0.000000 1.000000
vn 0.000000 0.000000 1.000000
vn 0.000000 0.000000 1.000000
vn 0.000000 0.000000 1.000000
vn 0.000000 0.000000 1.000000
vn 0.000000 0.000000 1.000000
vn 0.000000 0.000000 1.000000
vn 0.000000 0.000000 1.000000
vn 0.000000 0.000000 1.000000
vn 0.000000 0.000000 1.000000
vn 0.000000 0.000000 1.000000
vn 0.000000 -0.000000 1.000000
vn 0.000000 -0.000000 1.000000
vn 0.000000 0.000000 1.000000
vn 0.000000 -0.000000 1.000000
vn 0.000000 0.000000 1.000000
vn 0.000000 -0.000000 1.000000
vn -0.000000 0.000000 1.000000
vn 0.000000 0.000000 1.000000
vn 0.000000 0.000000 1.000000
vn 0.000000 0.000000 1.000000
vn 0.000000 0.000000 1.000000
vn 0.000000 0.000000 1.000000
vn 0.000000 0.000000 1.000000
vn 0.000000 0.000000 1.000000
vn 0.000000 0.000000 1.000000
vn -0.000000 0.000000 1.000000
vn 0.000000 0.000000 1.000000
vn 0.000000 0.000000 1.000000
vn 0.000000 0.000000 1.000000
vn 0.707108 -0.707105 0.000000
vn 0.707108 -0.707105 0.000000
vn 0.496139 0.868243 -0.000000
vn 0.496139 0.868243 -0.000000
vn 0.707108 0.707105 -0.000000
vn 0.707108 0.707105 -0.000000
vn -0.156435 -0.987688 0.000000
vn -0.156435 -0.987688 0.000000
vn 0.000000 0.000000 -1.000000
vn 0.000000 0.000000 -1.000000
vn 0.000000 0.000000 -1.000000
vn 0.000000 0.000000 -1.000000
vn 0.000000 0.000000 -1.000000
vn 0.000000 0.000000 -1.000000
vn 0.000000 0.000000 -1.000000
vn -0.000000 0.000000 -1.000000
vn 0.000000 0.000000 -1.000000
vn -0.000000 0.000000 -1.000000
vn -0.000000 0.000000 -1.000000
vn -0.000000 0.000000 -1.000000
vn -0.000000 0.000000 -1.000000
vn -0.000000 0.000000 -1.000000
vn -0.000000 0.000000 -1.000000
vn -0.000000 0.000000 -1.000000
vn -0.000000 0.000000 -1.000000
vn 0.000000 -0.000000 -1.000000
vn 0.000000 0.000000 -1.000000
vn 0.000000 -0.000000 -1.000000
vn 0.000000 -0.000000 -1.000000
vn 0.000000 0.000000 -1.000000
vn 0.000000 0.000000 -1.000000
vn 0.000000 0.000000 -1.000000
vn 0.000000 0.000000 -1.000000
vn 0.000000 -0.000000 -1.000000
vn 0.000000 -0.000000 -1.000000
vn 0.000000 -0.000000 -1.000000
vn 0.000000 -0.000000 -1.000000
vn 0.000000 -0.000000 -1.000000
vn 0.000000 -0.000000 -1.000000
vn 0.000000 -0.000000 -1.000000
vn 0.000000 0.000000 -1.000000
vn 0.000000 0.000000 -1.000000
vn -0.000000 -0.000000 -1.000000
vn -0.000000 -0.000000 -1.000000
vn -0.000000 -0.000000 -1.000000
vn -0.000000 -0.000000 -1.000000
vn 0.000000 0.000000 -1.000000
vn 0.000000 0.000000 -1.000000
vn 0.000000 0.000000 -1.000000
vn 0.000000 0.000000 -1.000000
vn 0.000000 0.000000 -1.000000
vn 0.000000 0.000000 -1.000000
vn 0.000000 0.000000 -1.000000
vn -0.000000 0.000000 -1.000000
vn 0.000000 -0.000000 -1.000000
vn 0.000000 0.000000 -1.000000
vn 0.000000 0.000000 -1.000000
vn 0.000000 0.000000 -1.000000
vn 0.000000 0.000000 -1.000000
vn 0.000000 0.000000 -1.000000
vn 0.000000 0.000000 -1.000000
vn 0.000000 0.000000 -1.000000
vn 0.000000 0.000000 -1.000000
vn 0.000000 0.000000 -1.000000
vn 0.000000 0.000000 -1.000000
vn -0.000000 0.000000 -1.000000
vn 0.000000 0.000000 -1.000000
vn -0.000000 0.000000 -1.000000
vn -0.000000 0.000000 -1.000000
vn 0.000000 0.000000 -1.000000
vn 0.000000 0.000000 -1.000000
vn 0.000000 0.000000 -1.000000
vn 0.000000 0.000000 -1.000000
vn 0.000000 0.000000 -1.000000
vn 0.000000 0.000000 -1.000000
vn 0.000000 0.000000 -1.000000
vn 0.000000 0.000000 -1.000000
vn 0.000000 0.000000 -1.000000
vn 0.000000 0.000000 -1.000000
vn 0.000000 0.000000 -1.000000
vn 0.000000 0.000000 -1.000000
vn 0.000000 0.000000 -1.000000
vn 0.000000 0.000000 -1.000000
vn 0.000000 0.000000 -1.000000
vn 0.000000 0.000000 -1.000000
vn 0.000000 0.000000 -1.000000
vn 0.000000 0.000000 -1.000000
vn 0.000000 0.000000 -1.000000
vn -0.000000 0.000000 -1.000000
vn 0.000000 0.000000 -1.000000
vn 0.000000 0.000000 -1.000000
vn -0.000000 0.000000 -1.000000
vn 0.000000 -0.000000 -1.000000
vn 0.000000 -0.000000 -1.000000
vn 0.000000 0.000000 -1.000000
vn 0.000000 -0.000000 -1.000000
vn 0.000000 0.000000 -1.000000
vn 0.000000 0.000000 -1.000000
vn 0.000000 0.000000 -1.000000
vn 0.000000 0.000000 -1.000000
vn 0.000000 0.000000 -1.000000
vn 0.000000 0.000000 -1.000000
vn 0.000000 0.000000 -1.000000
vn 0.000000 0.000000 -1.000000
vn 0.000000 0.000000 -1.000000
vn 0.000000 0.000000 -1.000000
vn 0.000000 0.000000 -1.000000
vn 0.000000 0.000000 -1.000000
vn 0.000000 0.000000 -1.000000
vn 0.000000 0.000000 -1.000000
vn 0.000000 -0.000000 -1.000000
vn 0.000000 0.000000 -1.000000
vn -0.000000 0.000000 -1.000000
vn -0.000000 0.000000 -1.000000
vn -0.000000 0.000000 -1.000000
vn -0.000000 -0.000000 -1.000000
vn -0.000000 -0.000000 -1.000000
vn -0.000000 -0.000000 -1.000000
vn -0.000000 -0.000000 -1.000000
vn -0.000000 -0.000000 -1.000000
vn 0.000000 0.000000 -1.000000
vn 0.000000 0.000000 -1.000000
vn 0.000000 0.000000 -1.000000
vn 0.000000 0.000000 -1.000000
vn -0.000000 0.000000 -1.000000
vn 0.000000 0.000000 -1.000000
vn -0.000000 0.000000 -1.000000
vn -0.000000 0.000000 -1.000000
vn -0.000000 0.000000 -1.000000
vn -0.000000 0.000000 -1.000000
vn -0.000000 0.000000 -1.000000
vn -0.000000 0.000000 -1.000000
vn -0.000000 0.000000 -1.000000
vn -0.000000 0.000000 -1.000000
vn 0.000000 0.000000 -1.000000
vn 0.000000 0.000000 -1.000000
vn 0.000000 0.000000 -1.000000
vn 0.000000 0.000000 -1.000000
vn 0.000000 0.000000 -1.000000
vn 0.000000 0.000000 -1.000000
vn 0.000000 0.000000 -1.000000
vn 0.000000 0.000000 -1.000000
vn 0.000000 0.000000 -1.000000
vn 0.000000 0.000000 -1.000000
vn 0.000000 0.000000 -1.000000
vn 0.000000 0.000000 -1.000000
vn 0.000000 0.000000 -1.000000
vn 0.000000 0.000000 -1.000000
vn 0.000000 0.000000 -1.000000
vn 0.000000 0.000000 -1.000000
vn 0.000000 0.000000 -1.000000
vn 0.000000 0.000000 -1.000000
vn -0.000000 0.000000 -1.000000
vn -0.000000 0.000000 -1.000000
vn 0.000000 0.000000 -1.000000
vn 0.000000 0.000000 -1.000000
vn 0.000000 -0.000000 -1.000000
vn 0.000000 -0.000000 -1.000000
vn 0.000000 0.000000 -1.000000
vn 0.000000 -0.000000 -1.000000
vn 0.000000 -0.000000 -1.000000
vn 0.000000 0.000000 -1.000000
vn 0.000000 0.000000 -1.000000
vn -0.000000 0.000000 -1.000000
vn -0.000000 0.000000 -1.000000
vn 0.000000 0.000000 -1.000000
vn -0.000000 0.000000 -1.000000
vn 0.000000 0.000000 -1.000000
vn 0.000000 -1.000000 0.000000
vn -0.000000 -1.000000 -0.000000
vn -1.000000 0.000000 -0.000000
vn -1.000000 0.000000 0.000000
vn 0.000000 1.000000 0.000000
vn -0.000000 1.000000 0.000000
vn 1.000000 0.000000 0.000000
vn 1.000000 0.000000 0.000000
vn 0.000000 -1.000000 0.000000
vn -0.000000 -1.000000 -0.000000
vn -1.000000 0.000000 -0.000000
vn -1.000000 0.000000 0.000000
vn 0.000000 -1.000000 0.000000
vn -0.000000 -1.000000 -0.000000
vn 1.000000 0.000000 0.000000
vn 1.000000 0.000000 0.000000
vn 0.000000 1.000000 0.000000
vn -0.000000 1.000000 0.000000
vn -1.000000 0.000000 -0.000000
vn -1.000000 0.000000 0.000000
vn 0.000000 1.000000 0.000000
vn -0.000000 1.000000 0.000000
vn 1.000000 0.000000 0.000000
vn 1.000000 0.000000 0.000000
vn 0.983765 -0.179459 0.000000
vn 0.983765 -0.179459 0.000000
vn 0.937086 -0.349099 0.000000
vn 0.937086 -0.349099 0.000000
vn 0.861396 -0.507935 0.000000
vn 0.861396 -0.507935 0.000000
vn 0.770494 -0.637447 0.000000
vn 0.770494 -0.637447 0.000000
vn 0.644528 -0.764581 0.000000
vn 0.644528 -0.764581 0.000000
vn 0.514856 -0.857277 0.000000
vn 0.514856 -0.857277 0.000000
vn 0.355356 -0.934731 0.000000
vn 0.355356 -0.934731 0.000000
vn 0.184734 -0.982789 0.000000
vn 0.184734 -0.982789 0.000000
vn 0.000000 -1.000000 0.000000
vn -0.000000 -1.000000 -0.000000
vn -0.195627 -0.980678 -0.000000
vn -0.195627 -0.980678 -0.000000
vn -0.368316 -0.929701 0.000000
vn -0.368316 -0.929701 -0.000000
vn -0.528985 -0.848631 0.000000
vn -0.528985 -0.848631 -0.000000
vn -0.658919 -0.752214 0.000000
vn -0.658919 -0.752214 -0.000000
vn -0.782192 -0.623037 0.000000
vn -0.782192 -0.623037 -0.000000
vn -0.869564 -0.493820 0.000000
vn -0.869564 -0.493820 -0.000000
vn -0.941701 -0.336450 0.000000
vn -0.941701 -0.336450 -0.000000
vn -0.985635 -0.168892 0.000000
vn -0.985635 -0.168892 -0.000000
vn -1.000000 0.000000 -0.000000
vn -1.000000 0.000000 0.000000
vn -0.985188 0.171476 0.000000
vn -0.985188 0.171476 0.000000
vn -0.940596 0.339527 0.000000
vn -0.940596 0.339527 0.000000
vn -0.867639 0.497195 0.000000
vn -0.867639 0.497195 0.000000
vn -0.779323 0.626622 0.000000
vn -0.779323 0.626622 0.000000
vn -0.655395 0.755287 0.000000
vn -0.655395 0.755287 0.000000
vn -0.525506 0.850790 0.000000
vn -0.525506 0.850790 0.000000
vn -0.365124 0.930959 0.000000
vn -0.365124 0.930959 0.000000
vn -0.192926 0.981213 0.000000
vn -0.192926 0.981213 0.000000
vn 0.000000 1.000000 0.000000
vn -0.000000 1.000000 0.000000
vn 0.182088 0.983282 0.000000
vn 0.182088 0.983282 0.000000
vn 0.352229 0.935914 0.000000
vn 0.352229 0.935914 0.000000
vn 0.511343 0.859376 0.000000
vn 0.511343 0.859376 0.000000
vn 0.640998 0.767542 0.000000
vn 0.640998 0.767542 0.000000
vn 0.767540 0.641001 0.000000
vn 0.767540 0.641001 0.000000
vn 0.859397 0.511309 0.000000
vn 0.859397 0.511309 0.000000
vn 0.935907 0.352246 0.000000
vn 0.935907 0.352246 0.000000
vn 0.983279 0.182107 0.000000
vn 0.983279 0.182107 0.000000
vn 1.000000 0.000000 0.000000
vn 1.000000 0.000000 0.000000
vn 0.000000 -1.000000 0.000000
vn -0.000000 -1.000000 -0.000000
vn -1.000000 0.000000 -0.000000
vn -1.000000 0.000000 0.000000
vn 0.000000 1.000000 0.000000
vn -0.000000 1.000000 0.000000
vn 1.000000 0.000000 0.000000
vn 1.000000 0.000000 0.000000
vn 0.000000 -1.000000 0.000000
vn -0.000000 -1.000000 -0.000000
vn -1.000000 0.000000 -0.000000
vn -1.000000 0.000000 0.000000
vn 0.000000 1.000000 0.000000
vn -0.000000 1.000000 0.000000
vn 1.000000 0.000000 0.000000
vn 1.000000 0.000000 0.000000
vn 0.986992 0.160772 0.000000
vn 0.986992 0.160772 0.000000
vn -0.987213 0.159409 0.000000
vn -0.987213 0.159409 0.000000
vn 0.000000 -1.000000 0.000000
vn -0.000000 -1.000000 -0.000000
vn 0.000000 -1.000000 0.000000
vn -0.000000 -1.000000 -0.000000
vn -0.981723 -0.190315 -0.000000
vn -0.981723 -0.190315 -0.000000
vn -1.000000 0.000000 -0.000000
vn -1.000000 0.000000 0.000000
vn 0.000000 1.000000 0.000000
vn -0.000000 1.000000 0.000000
vn 0.987709 0.156303 0.000000
vn 0.987709 0.156303 0.000000
vn 0.000000 1.000000 0.000000
vn -0.000000 1.000000 0.000000
vn -0.987709 0.156303 0.000000
vn -0.987709 0.156303 0.000000
vn 0.000000 1.000000 0.000000
vn -0.000000 1.000000 0.000000
vn 0.982047 -0.188639 0.000000
vn 0.982047 -0.188639 0.000000
vn 0.919337 0.393471 0.000000
vn 0.919337 0.393471 0.000000
vn 1.000000 0.000000 0.000000
vn 1.000000 0.000000 0.000000
vn 0.000000 -1.000000 0.000000
vn -0.000000 -1.000000 -0.000000
vn -0.930786 -0.365565 -0.000000
vn -0.930786 -0.365565 -0.000000
vn 1.000000 0.000000 0.000000
vn 1.000000 0.000000 0.000000
vn 0.000000 -1.000000 0.000000
vn -0.000000 -1.000000 -0.000000
vn -1.000000 0.000000 -0.000000
vn -1.000000 0.000000 0.000000
vn 0.000000 1.000000 0.000000
vn -0.000000 1.000000 0.000000
vn 1.000000 0.000000 0.000000
vn 1.000000 0.000000 0.000000
vn -0.920165 0.391531 0.000000
vn -0.920165 0.391531 0.000000
vn 0.000000 1.000000 0.000000
vn -0.000000 1.000000 0.000000
vn 0.915249 -0.402890 0.000000
vn 0.915249 -0.402890 0.000000
vn 0.000000 -1.000000 0.000000
vn -0.000000 -1.000000 -0.000000
vn -1.000000 0.000000 -0.000000
vn -1.000000 0.000000 0.000000
vn 0.000000 1.000000 0.000000
vn -0.000000 1.000000 0.000000
vn 1.000000 0.000000 0.000000
vn 1.000000 0.000000 0.000000
vn 0.991487 -0.130206 0.000000
vn 0.991487 -0.130206 0.000000
vn 0.969640 -0.244537 0.000000
vn 0.969640 -0.244537 0.000000
vn 0.922500 -0.385996 0.000000
vn 0.922500 -0.385996 0.000000
vn 0.832632 -0.553827 0.000000
vn 0.832632 -0.553827 0.000000
vn 0.737474 -0.675376 0.000000
vn 0.737474 -0.675376 0.000000
vn 0.650905 -0.759160 0.000000
vn 0.650905 -0.759160 0.000000
vn 0.530517 -0.847674 0.000000
vn 0.530517 -0.847674 0.000000
vn 0.543968 0.839106 0.000000
vn 0.543968 0.839106 0.000000
vn 0.658183 0.752858 0.000000
vn 0.658183 0.752858 0.000000
vn 0.740647 0.671894 0.000000
vn 0.740647 0.671894 0.000000
vn 0.831360 0.555735 0.000000
vn 0.831360 0.555735 0.000000
vn 0.919565 0.392939 0.000000
vn 0.919565 0.392939 0.000000
vn 0.967385 0.253312 0.000000
vn 0.967385 0.253312 0.000000
vn 0.990177 0.139821 0.000000
vn 0.990177 0.139821 0.000000
vn 1.000000 0.000000 0.000000
vn 1.000000 0.000000 0.000000
vn 0.984714 -0.174180 0.000000
vn 0.984714 -0.174180 0.000000
vn 0.939404 -0.342812 0.000000
vn 0.939404 -0.342812 0.000000
vn 0.865574 -0.500781 0.000000
vn 0.865574 -0.500781 0.000000
vn 0.776319 -0.630340 0.000000
vn 0.776319 -0.630340 0.000000
vn 0.651656 -0.758514 0.000000
vn 0.651656 -0.758514 0.000000
vn 0.521871 -0.853025 0.000000
vn 0.521871 -0.853025 0.000000
vn 0.361751 -0.932275 0.000000
vn 0.361751 -0.932275 0.000000
vn 0.190118 -0.981761 0.000000
vn 0.190118 -0.981761 0.000000
vn 0.000000 -1.000000 0.000000
vn -0.000000 -1.000000 -0.000000
vn -0.187413 -0.982281 -0.000000
vn -0.187413 -0.982281 -0.000000
vn -0.358532 -0.933517 0.000000
vn -0.358532 -0.933517 -0.000000
vn -0.518342 -0.855174 0.000000
vn -0.518342 -0.855174 -0.000000
vn -0.648109 -0.761547 0.000000
vn -0.648109 -0.761547 -0.000000
vn -0.773386 -0.633935 0.000000
vn -0.773386 -0.633935 -0.000000
vn -0.863486 -0.504373 0.000000
vn -0.863486 -0.504373 -0.000000
vn -0.938257 -0.345940 0.000000
vn -0.938257 -0.345940 -0.000000
vn -0.984244 -0.176814 0.000000
vn -0.984244 -0.176814 -0.000000
vn -1.000000 0.000000 -0.000000
vn -1.000000 0.000000 0.000000
vn 0.000000 1.000000 0.000000
vn -0.000000 1.000000 0.000000
vn 1.000000 0.000000 0.000000
vn 1.000000 0.000000 0.000000
vn 0.000000 1.000000 0.000000
vn -0.000000 1.000000 0.000000
vn -1.000000 0.000000 -0.000000
vn -1.000000 0.000000 0.000000
vn -0.560019 -0.828480 -0.000000
vn -0.560019 -0.828480 -0.000000
vn -1.000000 0.000000 -0.000000
vn -1.000000 0.000000 0.000000
vn -0.565920 0.824460 0.000000
vn -0.565920 0.824460 0.000000
vn -1.000000 0.000000 -0.000000
vn -1.000000 0.000000 0.000000
vn 0.000000 -1.000000 0.000000
vn -0.000000 -1.000000 -0.000000
vn 1.000000 0.000000 0.000000
vn 1.000000 0.000000 0.000000
vn 0.000000 -1.000000 0.000000
vn -0.000000 -1.000000 -0.000000
vn -1.000000 0.000000 -0.000000
vn -1.000000 0.000000 0.000000
vn -0.985193 0.171448 0.000000
vn -0.985193 0.171448 0.000000
vn -0.940596 0.339527 0.000000
vn -0.940596 0.339527 0.000000
vn -0.867582 0.497295 0.000000
vn -0.867582 0.497295 0.000000
vn -0.779390 0.626539 0.000000
vn -0.779390 0.626539 0.000000
vn -0.655327 0.755345 0.000000
vn -0.655327 0.755345 0.000000
vn -0.525530 0.850775 0.000000
vn -0.525530 0.850775 0.000000
vn -0.365110 0.930964 0.000000
vn -0.365110 0.930964 0.000000
vn -0.192926 0.981213 0.000000
vn -0.192926 0.981213 0.000000
vn 0.000000 1.000000 0.000000
vn -0.000000 1.000000 0.000000
vn 0.187438 0.982276 0.000000
vn 0.187438 0.982276 0.000000
vn 0.358591 0.933495 0.000000
vn 0.358591 0.933495 0.000000
vn 0.518427 0.855122 0.000000
vn 0.518427 0.855122 0.000000
vn 0.648085 0.761568 0.000000
vn 0.648085 0.761568 0.000000
vn 0.773480 0.633820 0.000000
vn 0.773480 0.633820 0.000000
vn 0.863551 0.504262 0.000000
vn 0.863551 0.504262 0.000000
vn 0.938273 0.345895 0.000000
vn 0.938273 0.345895 0.000000
vn 0.984247 0.176797 0.000000
vn 0.984247 0.176797 0.000000
vn 1.000000 0.000000 0.000000
vn 1.000000 0.000000 0.000000
vn 0.000000 -1.000000 0.000000
vn -0.000000 -1.000000 -0.000000
vn -0.961859 -0.273546 -0.000000
vn -0.961859 -0.273546 -0.000000
vn -0.992313 -0.123755 -0.000000
vn -0.992313 -0.123755 -0.000000
vn -0.994558 -0.104188 0.000000
vn -0.994558 -0.104188 -0.000000
vn -0.997713 -0.067590 0.000000
vn -0.997713 -0.067590 -0.000000
vn -0.999151 -0.041196 0.000000
vn -0.999151 -0.041196 -0.000000
vn 0.999546 -0.030136 0.000000
vn 0.999546 -0.030136 0.000000
vn 0.998487 -0.054990 0.000000
vn 0.998487 -0.054990 0.000000
vn 0.994574 -0.104033 0.000000
vn 0.994574 -0.104033 0.000000
vn 0.989080 -0.147378 0.000000
vn 0.989080 -0.147378 0.000000
vn 0.961859 -0.273546 0.000000
vn 0.961859 -0.273546 0.000000
vn 0.000000 -1.000000 0.000000
vn -0.000000 -1.000000 -0.000000
vn -1.000000 0.000000 -0.000000
vn -1.000000 0.000000 0.000000
vn 0.000000 1.000000 0.000000
vn -0.000000 1.000000 0.000000
vn 1.000000 0.000000 0.000000
vn 1.000000 0.000000 0.000000
vn 0.999176 -0.040583 0.000000
vn 0.999176 -0.040583 0.000000
vn 0.997812 -0.066120 0.000000
vn 0.997812 -0.066120 0.000000
vn 0.994852 -0.101339 0.000000
vn 0.994852 -0.101339 0.000000
vn 0.992764 -0.120082 0.000000
vn 0.992764 -0.120082 0.000000
vn -0.969208 0.246245 0.000000
vn -0.969208 0.246245 0.000000
vn 0.000000 1.000000 0.000000
vn -0.000000 1.000000 0.000000
vn 0.969496 0.245106 0.000000
vn 0.969496 0.245106 0.000000
vn -0.992604 -0.121396 -0.000000
vn -0.992604 -0.121396 -0.000000
vn -0.994803 -0.101820 0.000000
vn -0.994803 -0.101820 -0.000000
vn -0.997854 -0.065478 0.000000
vn -0.997854 -0.065478 -0.000000
vn -0.999221 -0.039461 0.000000
vn -0.999221 -0.039461 -0.000000
vn -1.000000 0.000000 -0.000000
vn -1.000000 0.000000 0.000000
vn 0.000000 1.000000 0.000000
vn -0.000000 1.000000 0.000000
vn 1.000000 0.000000 0.000000
vn 1.000000 0.000000 0.000000
vn 0.000000 0.000000 -1.000000
vn 0.000000 0.000000 -1.000000
vn 0.000000 0.000000 -1.000000
vn 0.000000 0.000000 -1.000000
vn 0.000000 0.000000 -1.000000
vn -0.000000 -0.000000 -1.000000
vn -0.000000 -0.000000 -1.000000
vn 0.000000 0.000000 -1.000000
vn -0.000000 -0.000000 -1.000000
vn 0.000000 -0.000000 -1.000000
vn 0.000000 0.000000 -1.000000
vn -0.000000 0.000000 -1.000000
vn -0.000000 0.000000 -1.000000
vn -0.000000 0.000000 -1.000000
vn 0.000000 -0.000000 -1.000000
vn -0.000000 0.000000 -1.000000
vn 0.000000 -0.000000 -1.000000
vn -0.000000 0.000000 -1.000000
vn 0.000000 -0.000000 -1.000000
vn -0.000000 0.000000 -1.000000
vn 0.000000 -0.000000 -1.000000
vn -0.000000 0.000000 -1.000000
vn 0.000000 -0.000000 -1.000000
vn -0.000000 -0.000000 -1.000000
vn 0.000000 -0.000000 -1.000000
vn 0.000000 0.000000 -1.000000
vn 0.000000 -0.000000 -1.000000
vn 0.000000 -0.000000 -1.000000
vn 0.000000 0.000000 -1.000000
vn 0.000000 -0.000000 -1.000000
vn 0.000000 0.000000 -1.000000
vn 0.000000 0.000000 -1.000000
vn 0.000000 0.000000 -1.000000
vn 0.000000 0.000000 -1.000000
vn 0.000000 0.000000 -1.000000
vn 0.000000 -0.000000 -1.000000
vn 0.000000 -0.000000 -1.000000
vn 0.000000 -0.000000 -1.000000
vn 0.000000 0.000000 -1.000000
vn 0.000000 0.000000 -1.000000
vn 0.000000 0.000000 -1.000000
vn 0.000000 0.000000 -1.000000
vn 0.000000 0.000000 -1.000000
vn 0.000000 0.000000 -1.000000
vn 0.000000 0.000000 -1.000000
vn 0.000000 0.000000 -1.000000
vn 0.000000 0.000000 -1.000000
vn 0.000000 -0.000000 -1.000000
vn 0.000000 0.000000 -1.000000
vn 0.000000 0.000000 -1.000000
vn 0.000000 0.000000 -1.000000
vn 0.000000 0.000000 -1.000000
vn 0.000000 -0.000000 -1.000000
vn 0.000000 0.000000 -1.000000
vn 0.000000 0.000000 -1.000000
vn 0.000000 -0.000000 -1.000000
vn 0.000000 0.000000 -1.000000
vn 0.000000 0.000000 -1.000000
vn 0.000000 -0.000000 -1.000000
vn 0.000000 0.000000 -1.000000
vn 0.000000 0.000000 -1.000000
vn 0.000000 0.000000 -1.000000
vn -0.000000 0.000000 -1.000000
vn -0.000000 0.000000 -1.000000
vn 0.000000 -0.000000 -1.000000
vn 0.000000 0.000000 -1.000000
vn 0.000000 0.000000 -1.000000
vn -0.000000 0.000000 -1.000000
vn 0.000000 -0.000000 -1.000000
vn 0.000000 0.000000 -1.000000
vn 0.000000 -0.000000 -1.000000
vn 0.000000 0.000000 -1.000000
vn 0.000000 -0.000000 -1.000000
vn 0.000000 -0.000000 -1.000000
vn 0.000000 0.000000 -1.000000
vn 0.000000 0.000000 -1.000000
vn 0.000000 0.000000 -1.000000
vn 0.000000 0.000000 -1.000000
vn 0.000000 -0.000000 -1.000000
vn 0.000000 -0.000000 -1.000000
vn 0.000000 -0.000000 -1.000000
vn 0.000000 0.000000 -1.000000
vn 0.000000 -0.000000 -1.000000
vn 0.000000 -0.000000 -1.000000
vn 0.000000 0.000000 -1.000000
vn 0.000000 -0.000000 -1.000000
vn 0.000000 0.000000 -1.000000
vn 0.000000 -0.000000 -1.000000
vn 0.000000 -0.000000 -1.000000
vn 0.000000 0.000000 -1.000000
vn 0.000000 -0.000000 -1.000000
vn 0.000000 0.000000 -1.000000
vn 0.000000 -0.000000 -1.000000
vn 0.000000 -0.000000 -1.000000
vn 0.000000 0.000000 -1.000000
vn 0.000000 0.000000 -1.000000
vn 0.000000 0.000000 -1.000000
vn 0.000000 0.000000 -1.000000
vn 0.000000 0.000000 -1.000000
vn 0.000000 0.000000 -1.000000
vn 0.000000 0.000000 -1.000000
vn 0.000000 0.000000 -1.000000
vn 0.000000 0.000000 -1.000000
vn 0.000000 0.000000 -1.000000
vn 0.000000 0.000000 -1.000000
vn 0.000000 0.000000 -1.000000
vn -0.000000 0.000000 -1.000000
vn 0.000000 0.000000 -1.000000
vn 0.000000 0.000000 -1.000000
vn 0.000000 0.000000 -1.000000
vn 0.000000 0.000000 -1.000000
vn 0.000000 0.000000 -1.000000
vn 0.000000 0.000000 -1.000000
vn 0.000000 0.000000 -1.000000
vn 0.000000 0.000000 -1.000000
vn 0.000000 -0.000000 -1.000000
vn 0.000000 -0.000000 -1.000000
vn 0.000000 -0.000000 -1.000000
vn 0.000000 -0.000000 -1.000000
vn 0.000000 -0.000000 -1.000000
vn 0.000000 0.000000 -1.000000
vn 0.000000 0.000000 -1.000000
vn 0.000000 0.000000 -1.000000
vn 0.000000 -0.000000 -1.000000
vn 0.000000 -0.000000 -1.000000
vn 0.000000 0.000000 -1.000000
vn 0.000000 0.000000 -1.000000
vn 0.000000 -0.000000 -1.000000
vn 0.000000 -0.000000 -1.000000
vn 0.000000 -0.000000 -1.000000
vn 0.000000 0.000000 -1.000000
vn 0.000000 -0.000000 -1.000000
vn 0.000000 0.000000 -1.000000
vn 0.000000 -0.000000 -1.000000
vn 0.000000 0.000000 -1.000000
vn 0.000000 -0.000000 -1.000000
vn 0.000000 -0.000000 -1.000000
vn 0.000000 0.000000 -1.000000
vn 0.000000 0.000000 -1.000000
vn 0.000000 0.000000 -1.000000
vn 0.000000 0.000000 -1.000000
vn 0.000000 0.000000 -1.000000
vn 0.000000 0.000000 -1.000000
vn 0.000000 0.000000 -1.000000
vn 0.000000 0.000000 -1.000000
vn 0.000000 0.000000 -1.000000
vn 0.000000 0.000000 -1.000000
vn 0.000000 0.000000 -1.000000
vn 0.000000 0.000000 -1.000000
vn 0.000000 0.000000 -1.000000
vn 0.000000 0.000000 -1.000000
vn 0.000000 0.000000 -1.000000
vn 0.000000 0.000000 -1.000000
vn 0.000000 0.000000 -1.000000
vn 0.000000 0.000000 -1.000000
vn -0.000000 0.000000 -1.000000
vn 0.000000 0.000000 -1.000000
vn -0.000000 0.000000 -1.000000
vn 0.000000 0.000000 -1.000000
vn -0.000000 0.000000 -1.000000
vn 0.000000 0.000000 -1.000000
vn 0.000000 0.000000 -1.000000
vn -0.000000 0.000000 -1.000000
vn 0.000000 0.000000 -1.000000
vn -0.000000 0.000000 -1.000000
vn 0.000000 0.000000 -1.000000
vn 0.000000 0.000000 -1.000000
vn -0.000000 0.000000 -1.000000
vn 0.000000 0.000000 -1.000000
vn -0.000000 0.000000 -1.000000
vn 0.000000 0.000000 -1.000000
vn -0.000000 0.000000 -1.000000
vn 0.000000 0.000000 -1.000000
vn -0.000000 0.000000 -1.000000
vn 0.000000 0.000000 -1.000000
vn -0.000000 0.000000 -1.000000
vn 0.000000 -0.000000 -1.000000
vn -0.000000 0.000000 -1.000000
vn 0.000000 -0.000000 -1.000000
vn -0.000000 0.000000 -1.000000
vn 0.000000 -0.000000 -1.000000
vn -0.000000 0.000000 -1.000000
vn 0.000000 -0.000000 -1.000000
vn -0.000000 0.000000 -1.000000
vn -0.000000 0.000000 -1.000000
vn 0.000000 -0.000000 -1.000000
vn -0.000000 0.000000 -1.000000
vn 0.000000 -0.000000 -1.000000
vn -0.000000 0.000000 -1.000000
vn -0.000000 0.000000 -1.000000
vn 0.000000 -0.000000 -1.000000
vn -0.000000 0.000000 -1.000000
vn -0.000000 0.000000 -1.000000
vn 0.000000 -0.000000 -1.000000
vn -0.000000 0.000000 -1.000000
vn -0.000000 0.000000 -1.000000
vn 0.000000 -0.000000 -1.000000
vn 0.000000 0.000000 -1.000000
vn 0.000000 0.000000 -1.000000
vn -0.000000 0.000000 -1.000000
vn -0.000000 -0.000000 -1.000000
vn 0.000000 -0.000000 -1.000000
vn 0.000000 -0.000000 -1.000000
vn 0.000000 0.000000 -1.000000
vn 0.000000 0.000000 -1.000000
vn 0.000000 0.000000 -1.000000
vn -0.000000 0.000000 -1.000000
vn 0.000000 -0.000000 -1.000000
vn 0.000000 0.000000 -1.000000
vn 0.000000 0.000000 -1.000000
vn 0.000000 0.000000 -1.000000
vn 0.000000 0.000000 -1.000000
vn 0.000000 0.000000 -1.000000
vn 0.000000 0.000000 -1.000000
vn 0.000000 0.000000 -1.000000
vn 0.000000 0.000000 -1.000000
vn 0.000000 0.000000 -1.000000
vn 0.000000 0.000000 -1.000000
vn 0.000000 0.000000 -1.000000
vn 0.000000 0.000000 -1.000000
vn 0.000000 0.000000 -1.000000
vn 0.000000 0.000000 -1.000000
vn 0.000000 -0.000000 -1.000000
vn 0.000000 0.000000 -1.000000
vn 0.000000 0.000000 -1.000000
vn 0.000000 0.000000 -1.000000
vn 0.000000 0.000000 -1.000000
vn 0.000000 0.000000 -1.000000
vn 0.000000 0.000000 -1.000000
vn -0.000000 0.000000 -1.000000
vn -0.000000 0.000000 -1.000000
vn 0.000000 0.000000 -1.000000
vn 0.000000 0.000000 -1.000000
vn 0.000000 0.000000 -1.000000
vn 0.000000 0.000000 -1.000000
vn 0.000000 0.000000 -1.000000
vn 0.000000 0.000000 -1.000000
vn 0.000000 0.000000 -1.000000
vn 0.000000 0.000000 -1.000000
vn 0.000000 0.000000 -1.000000
vn 0.000000 0.000000 -1.000000
vn 0.000000 0.000000 -1.000000
vn -0.000000 0.000000 -1.000000
vn -0.000000 0.000000 -1.000000
vn -0.000000 0.000000 -1.000000
vn 0.000000 0.000000 -1.000000
vn 0.000000 0.000000 -1.000000
vn 0.000000 0.000000 -1.000000
vn 0.000000 0.000000 -1.000000
vn 0.000000 0.000000 -1.000000
vn 0.000000 0.000000 -1.000000
vn 0.000000 0.000000 -1.000000
vn 0.000000 0.000000 -1.000000
vn -0.000000 -0.000000 -1.000000
vn -0.000000 -0.000000 -1.000000
vn 0.000000 0.000000 -1.000000
vn 0.000000 0.000000 -1.000000
vn 0.000000 0.000000 -1.000000
vn 0.000000 0.000000 -1.000000
vn 0.000000 0.000000 -1.000000
vn 0.000000 0.000000 -1.000000
vn 0.000000 0.000000 -1.000000
vn 0.000000 0.000000 -1.000000
vn 0.000000 0.000000 -1.000000
vn 0.000000 0.000000 -1.000000
vn 0.000000 0.000000 -1.000000
vn 0.000000 0.000000 -1.000000
vn 0.000000 0.000000 -1.000000
vn 0.000000 0.000000 -1.000000
vn -0.000000 0.000000 -1.000000
vn 0.000000 0.000000 -1.000000
vn 0.000000 0.000000 -1.000000
vn 0.000000 0.000000 -1.000000
vn 0.000000 0.000000 -1.000000
vn 0.000000 0.000000 -1.000000
vn 0.000000 0.000000 -1.000000
vn 0.000000 0.000000 -1.000000
vn 0.000000 0.000000 -1.000000
vn 0.000000 0.000000 -1.000000
vn 0.000000 0.000000 -1.000000
vn 0.000000 0.000000 -1.000000
vn 0.000000 0.000000 -1.000000
vn 0.000000 0.000000 -1.000000
vn 0.000000 0.000000 -1.000000
vn 0.000000 0.000000 -1.000000
vn 0.000000 0.000000 -1.000000
vn 0.000000 -0.000000 -1.000000
vn 0.000000 -0.000000 -1.000000
vn 0.000000 0.000000 -1.000000
vn 0.000000 -0.000000 -1.000000
vn 0.000000 -0.000000 -1.000000
vn 0.000000 0.000000 -1.000000
vn 0.000000 -0.000000 -1.000000
vn 0.000000 0.000000 -1.000000
vn 0.000000 0.000000 -1.000000
vn 0.000000 0.000000 -1.000000
vn 0.000000 0.000000 -1.000000
vn 0.000000 0.000000 -1.000000
vn 0.000000 0.000000 -1.000000
vn 0.000000 0.000000 -1.000000
vn 0.000000 0.000000 -1.000000
vn 0.000000 0.000000 -1.000000
vn 0.000000 -0.000000 -1.000000
vn 0.000000 0.000000 -1.000000
vn 0.000000 0.000000 -1.000000
vn 0.000000 0.000000 -1.000000
vn 0.000000 0.000000 -1.000000
vn 0.000000 0.000000 -1.000000
vn 0.000000 0.000000 -1.000000
vn 0.000000 0.000000 -1.000000
vn 0.000000 0.000000 -1.000000
vn 0.000000 0.000000 -1.000000
vn 0.000000 -0.000000 -1.000000
vn 0.000000 0.000000 -1.000000
vn 0.000000 0.000000 -1.000000
vn 0.000000 0.000000 -1.000000
vn 0.000000 0.000000 -1.000000
vn 0.000000 0.000000 -1.000000
vn 0.000000 0.000000 -1.000000
vn 0.000000 0.000000 -1.000000
vn 0.000000 -0.000000 -1.000000
vn 0.000000 0.000000 -1.000000
vn -0.000000 0.000000 -1.000000
vn -0.000000 -0.000000 -1.000000
vn -0.000000 0.000000 -1.000000
vn -0.000000 0.000000 -1.000000
vn -0.000000 0.000000 -1.000000
vn -0.000000 0.000000 -1.000000
vn -0.000000 0.000000 -1.000000
vn 0.000000 0.000000 -1.000000
vn 0.000000 0.000000 -1.000000
vn 0.000000 0.000000 -1.000000
vn -0.000000 -0.000000 -1.000000
vn 0.000000 0.000000 -1.000000
vn 0.000000 0.000000 -1.000000
vn 0.000000 0.000000 -1.000000
vn -0.000000 0.000000 -1.000000
vn -0.000000 0.000000 -1.000000
vn 0.000000 0.000000 -1.000000
vn 0.000000 0.000000 -1.000000
vn 0.000000 0.000000 -1.000000
vn 0.000000 0.000000 -1.000000
vn -0.000000 0.000000 -1.000000
vn -0.000000 0.000000 -1.000000
vn 0.000000 0.000000 -1.000000
vn -0.000000 0.000000 -1.000000
vn 0.000000 0.000000 -1.000000
vn -0.000000 0.000000 -1.000000
vn -0.000000 0.000000 -1.000000
vn -0.000000 0.000000 -1.000000
vn 0.000000 0.000000 -1.000000
vn 0.000000 0.000000 -1.000000
vn 0.000000 -0.000000 -1.000000
vn 0.000000 0.000000 -1.000000
vn 0.000000 -0.000000 -1.000000
vn 0.000000 0.000000 -1.000000
vn 0.000000 -0.000000 -1.000000
vn 0.000000 0.000000 -1.000000
vn 0.000000 -0.000000 -1.000000
vn -0.000000 0.000000 -1.000000
vn -0.000000 -0.000000 -1.000000
vn -0.000000 0.000000 -1.000000
vn -0.000000 0.000000 -1.000000
vn -0.000000 0.000000 -1.000000
vn -0.000000 0.000000 -1.000000
vn -0.000000 0.000000 -1.000000
vn -0.000000 -0.000000 -1.000000
vn -0.000000 -0.000000 -1.000000
vn -0.000000 -0.000000 -1.000000
vn -0.000000 -0.000000 -1.000000
vn 0.783134 -0.621853 -0.000421
vn 0.788015 -0.615656 0.000000
vn 0.793352 -0.608763 0.000929
vn 0.907740 -0.419532 -0.000764
vn 0.923868 -0.382700 0.002729
vn 0.976670 -0.214737 -0.002112
vn 0.991447 -0.130463 0.003631
vn 0.999997 0.000000 -0.002556
vn 0.991447 0.130463 0.003631
vn 0.976670 0.214737 -0.002112
vn 0.923868 0.382700 0.002729
vn 0.907740 0.419532 -0.000764
vn 0.793352 0.608763 0.000929
vn 0.788015 0.615656 0.000000
vn 0.783134 0.621853 -0.000421
vn 0.608739 0.793371 0.000423
vn 0.596886 0.802326 -0.000375
vn 0.382693 0.923875 0.000379
vn 0.370541 0.928816 -0.000330
vn 0.130527 0.991445 0.000334
vn 0.119225 0.992867 -0.000286
vn -0.130536 0.991444 0.000287
vn -0.140068 0.990142 -0.000240
vn -0.382670 0.923885 0.000241
vn -0.389943 0.920839 -0.000194
vn -0.608771 0.793346 0.000193
vn -0.613598 0.789618 -0.000146
vn -0.793352 0.608763 0.000146
vn -0.796004 0.605291 -0.000098
vn -0.923872 0.382702 0.000098
vn -0.924893 0.380226 -0.000052
vn -0.991445 0.130529 0.000046
vn -0.991551 0.129721 0.000000
vn -0.991551 -0.129721 0.000000
vn -0.991445 -0.130529 0.000046
vn -0.924893 -0.380226 -0.000052
vn -0.923872 -0.382702 0.000098
vn -0.796004 -0.605291 -0.000098
vn -0.793352 -0.608763 0.000146
vn -0.613598 -0.789618 -0.000146
vn -0.608771 -0.793346 0.000193
vn -0.389943 -0.920839 -0.000194
vn -0.382670 -0.923885 0.000241
vn -0.140068 -0.990142 -0.000240
vn -0.130536 -0.991444 0.000287
vn 0.119225 -0.992867 -0.000286
vn 0.130527 -0.991445 0.000334
vn 0.370541 -0.928816 -0.000330
vn 0.382693 -0.923875 0.000379
vn 0.596886 -0.802326 -0.000375
vn 0.608739 -0.793371 0.000423
vn -1.000000 0.000000 0.000000
vn -1.000000 0.000000 -0.000000
vn -1.000000 0.000000 0.000000
vn -1.000000 0.000000 0.000000
vn -1.000000 0.000000 0.000000
vn -1.000000 0.000000 0.000000
vn 0.000000 -0.000000 -1.000000
vn 0.000000 0.000000 -1.000000
vn -0.000000 0.000000 -1.000000
vn -0.000000 0.000000 -1.000000
vn 0.000000 0.000000 -1.000000
vn -0.000000 0.000000 -1.000000
vn -0.000000 0.000000 -1.000000
vn 0.000000 0.000000 -1.000000
vn -0.000000 0.000000 -1.000000
vn 0.000000 0.000000 -1.000000
vn -0.000000 0.000000 -1.000000
vn 0.000000 0.000000 -1.000000
vn -0.000000 0.000000 -1.000000
vn 0.000000 0.000000 -1.000000
vn 0.000000 0.000000 -1.000000
vn -0.000000 0.000000 -1.000000
vn -0.000000 0.000000 -1.000000
vn 0.000000 0.000000 -1.000000
vn -0.000000 0.000000 -1.000000
vn 0.000000 0.000000 -1.000000
vn -0.000000 0.000000 -1.000000
vn 0.000000 0.000000 -1.000000
vn -0.000000 -0.000000 -1.000000
vn 0.000000 -0.000000 -1.000000
vn 0.000000 -0.000000 -1.000000
vn -0.000000 -0.000000 -1.000000
vn 0.000000 -0.000000 -1.000000
vn -0.000000 -0.000000 -1.000000
vn 0.000000 -0.000000 -1.000000
vn 0.000000 -0.000000 -1.000000
vn 0.000000 0.000000 -1.000000
vn 0.000000 -0.000000 -1.000000
vn 0.000000 0.000000 -1.000000
vn 0.000000 0.000000 -1.000000
vn 0.000000 0.000000 -1.000000
vn 0.000000 0.000000 -1.000000
vn 0.000000 0.000000 -1.000000
vn 0.000000 0.000000 -1.000000
vn 0.000000 0.000000 -1.000000
vn 0.000000 0.000000 -1.000000
vn 0.000000 0.000000 -1.000000
vn 0.000000 0.000000 -1.000000
vn 0.000000 0.000000 -1.000000
vn 0.000000 0.000000 -1.000000
vn -0.000000 0.000000 -1.000000
vn 0.000000 0.000000 -1.000000
vn -0.000000 0.000000 -1.000000
vn 0.000000 0.000000 -1.000000
vn -0.000000 0.000000 -1.000000
vn 0.000000 0.000000 -1.000000
vn -0.000000 0.000000 -1.000000
vn 0.000000 0.000000 -1.000000
vn -0.000000 0.000000 -1.000000
vn 0.000000 0.000000 -1.000000
vn 0.000000 0.000000 -1.000000
vn 0.000000 0.000000 -1.000000
vn 0.000000 0.000000 -1.000000
vn 0.000000 0.000000 -1.000000
vn 0.000000 0.000000 -1.000000
vn 0.000000 0.000000 -1.000000
vn 0.000000 0.000000 -1.000000
vn 0.000000 0.000000 -1.000000
vn 0.000000 0.000000 -1.000000
vn 0.000000 0.000000 -1.000000
vn 0.000000 0.000000 -1.000000
vn 0.000000 0.000000 -1.000000
vn 0.000000 0.000000 -1.000000
vn 0.000000 0.000000 -1.000000
vn 0.000000 0.000000 -1.000000
vn 0.000000 0.000000 -1.000000
vn -0.000000 1.000000 0.000000
vn 0.000000 1.000000 0.000000
vn 0.000000 0.000000 1.000000
vn 0.000000 0.000000 1.000000
vn 0.000000 0.000000 1.000000
vn 0.000000 0.000000 1.000000
vn 0.000000 0.000000 1.000000
vn 0.000000 0.000000 1.000000
vn 0.000000 0.000000 1.000000
vn 0.000000 0.000000 1.000000
vn 0.000000 0.000000 1.000000
vn 0.000000 0.000000 1.000000
vn 0.000000 0.000000 1.000000
vn 0.000000 0.000000 1.000000
vn -0.000000 0.000000 1.000000
vn -0.000000 0.000000 1.000000
vn -0.000000 0.000000 1.000000
vn -0.000000 0.000000 1.000000
vn -0.000000 0.000000 1.000000
vn -0.000000 0.000000 1.000000
vn 0.000000 0.000000 1.000000
vn -0.000000 -0.000000 1.000000
vn -0.000000 -0.000000 1.000000
vn -0.000000 -0.000000 1.000000
vn -0.000000 0.000000 1.000000
vn 0.000000 -0.000000 1.000000
vn -0.000000 0.000000 1.000000
vn 0.000000 -0.000000 1.000000
vn -0.000000 0.000000 1.000000
vn 0.000000 -0.000000 1.000000
vn -0.000000 0.000000 1.000000
vn 0.000000 -0.000000 1.000000
vn -0.000000 0.000000 1.000000
vn 0.000000 -0.000000 1.000000
vn -0.000000 0.000000 1.000000
vn -0.000000 0.000000 1.000000
vn -0.000000 0.000000 1.000000
vn 0.000000 -0.000000 1.000000
vn -0.000000 0.000000 1.000000
vn 0.000000 -0.000000 1.000000
vn -0.000000 0.000000 1.000000
vn 0.000000 -0.000000 1.000000
vn -0.000000 0.000000 1.000000
vn 0.000000 -0.000000 1.000000
vn 0.000000 0.000000 1.000000
vn 0.000000 -0.000000 1.000000
vn 0.000000 0.000000 1.000000
vn 0.000000 -0.000000 1.000000
vn 0.000000 0.000000 1.000000
vn 0.000000 -0.000000 1.000000
vn 0.000000 0.000000 1.000000
vn 0.000000 -0.000000 1.000000
vn 0.000000 -0.000000 1.000000
vn 0.000000 0.000000 1.000000
vn 0.000000 -0.000000 1.000000
vn 0.000000 0.000000 1.000000
vn 0.000000 -0.000000 1.000000
vn 0.000000 0.000000 1.000000
vn 0.000000 -0.000000 1.000000
vn 0.000000 0.000000 1.000000
vn 0.000000 -0.000000 1.000000
vn 0.000000 0.000000 1.000000
vn 0.000000 -0.000000 1.000000
vn 0.000000 0.000000 1.000000
vn 0.000000 -0.000000 1.000000
vn 0.000000 0.000000 1.000000
vn 0.000000 -0.000000 1.000000
vn 0.000000 0.000000 1.000000
vn 0.000000 -0.000000 1.000000
vn 0.000000 -0.000000 1.000000
vn 0.000000 0.000000 1.000000
vn 0.000000 -0.000000 1.000000
vn 0.000000 0.000000 1.000000
vn 0.000000 -0.000000 1.000000
vn 0.000000 0.000000 1.000000
vn 0.000000 -0.000000 1.000000
vn 0.000000 0.000000 1.000000
vn 0.000000 0.000000 1.000000
vn 0.000000 0.000000 1.000000
vn 0.000000 0.000000 1.000000
vn 0.000000 0.000000 1.000000
vn 0.000000 0.000000 1.000000
vn 0.000000 0.000000 1.000000
vn 0.000000 0.000000 1.000000
vn 0.000000 0.000000 1.000000
vn 0.000000 0.000000 1.000000
vn 0.000000 0.000000 1.000000
vn 0.000000 0.000000 1.000000
vn 0.000000 0.000000 1.000000
vn 0.000000 0.000000 1.000000
vn 0.000000 0.000000 1.000000
vn -0.707107 0.707107 0.000000
vn -0.707107 0.707107 0.000000
vn -0.707107 0.707107 0.000000
vn -0.707107 -0.707107 -0.000000
vn -0.707107 -0.707107 0.000000
vn -0.707107 -0.707107 0.000000
vn 0.000000 0.000000 -1.000000
vn -0.000000 0.000000 -1.000000
vn -0.000000 0.000000 -1.000000
vn 0.000000 0.000000 -1.000000
vn 0.000000 0.000000 -1.000000
vn -0.000000 -0.000000 -1.000000
vn 0.000000 -0.000000 -1.000000
vn 0.000000 0.000000 -1.000000
vn 0.000000 -0.000000 -1.000000
vn 0.000000 -0.000000 -1.000000
vn 0.000000 0.000000 -1.000000
vn 0.000000 0.000000 -1.000000
vn 0.000000 0.000000 -1.000000
vn 0.000000 0.000000 -1.000000
vn 0.000000 0.000000 -1.000000
vn 0.000000 0.000000 -1.000000
vn 0.000000 0.000000 -1.000000
vn 0.000000 0.000000 -1.000000
vn 0.000000 0.000000 -1.000000
vn -0.000000 0.000000 -1.000000
vn 0.000000 -0.000000 -1.000000
vn -0.000000 0.000000 -1.000000
vn 0.000000 -0.000000 -1.000000
vn -0.000000 0.000000 -1.000000
vn 0.000000 -0.000000 -1.000000
vn -0.000000 0.000000 -1.000000
vn 0.000000 -0.000000 -1.000000
vn -0.000000 0.000000 -1.000000
vn 0.000000 -0.000000 -1.000000
vn -0.000000 0.000000 -1.000000
vn 0.000000 -0.000000 -1.000000
vn -0.000000 0.000000 -1.000000
vn 0.000000 0.000000 -1.000000
vn 0.000000 -0.000000 -1.000000
vn 0.000000 -0.000000 -1.000000
vn 0.000000 0.000000 -1.000000
vn 0.000000 -0.000000 -1.000000
vn 0.000000 0.000000 -1.000000
vn 0.000000 -0.000000 -1.000000
vn 0.000000 0.000000 -1.000000
vn 0.000000 -0.000000 -1.000000
vn 0.000000 0.000000 -1.000000
vn 0.000000 -0.000000 -1.000000
vn 0.000000 0.000000 -1.000000
vn 0.000000 -0.000000 -1.000000
vn 0.000000 0.000000 -1.000000
vn 0.000000 -0.000000 -1.000000
vn 0.000000 0.000000 -1.000000
vn 0.000000 -0.000000 -1.000000
vn 0.000000 -0.000000 -1.000000
vn 0.000000 0.000000 -1.000000
vn 0.000000 -0.000000 -1.000000
vn 0.000000 -0.000000 -1.000000
vn 0.000000 0.000000 -1.000000
vn 0.000000 -0.000000 -1.000000
vn 0.000000 -0.000000 -1.000000
vn 0.000000 -0.000000 -1.000000
vn 0.000000 0.000000 -1.000000
vn 0.000000 0.000000 -1.000000
vn 0.000000 0.000000 -1.000000
vn 0.000000 0.000000 -1.000000
vn 0.000000 0.000000 -1.000000
vn 0.000000 0.000000 -1.000000
vn 0.000000 0.000000 -1.000000
vn 0.000000 0.000000 -1.000000
vn 0.000000 0.000000 -1.000000
vn 0.000000 0.000000 -1.000000
vn 0.000000 0.000000 -1.000000
vn 0.000000 0.000000 -1.000000
vn 0.000000 0.000000 -1.000000
vn 0.000000 0.000000 -1.000000
vn 0.000000 0.000000 -1.000000
vn 0.000000 0.000000 -1.000000
vn 0.000000 0.000000 -1.000000
vn 0.000000 0.000000 -1.000000
vn 0.000000 0.000000 -1.000000
vn 0.000000 0.000000 -1.000000
vn 0.000000 0.000000 -1.000000
vn 0.000000 0.000000 -1.000000
vn 0.000000 0.000000 -1.000000
vn 0.000000 0.000000 -1.000000
vn 0.000000 0.000000 -1.000000
vn 0.000000 0.000000 -1.000000
vn 0.000000 0.000000 -1.000000
vn 0.000000 0.000000 -1.000000
vn 0.000000 0.000000 -1.000000
vn 0.000000 0.000000 -1.000000
vn 0.000000 0.000000 -1.000000
vn 0.000000 0.000000 -1.000000
vn 0.000000 0.000000 -1.000000
vn 0.000000 0.000000 -1.000000
vn 0.000000 0.000000 -1.000000
vn 0.000000 0.000000 -1.000000
vn 0.000000 0.000000 -1.000000
vn -0.000000 0.000000 -1.000000
vn 0.000000 0.000000 -1.000000
vn 0.000000 0.000000 -1.000000
vn 0.000000 0.000000 -1.000000
vn 0.000000 0.000000 -1.000000
vn 0.000000 0.000000 -1.000000
vn 0.000000 0.000000 -1.000000
vn 0.000000 0.000000 -1.000000
vn 0.000000 0.000000 -1.000000
vn -0.000000 0.000000 -1.000000
vn 0.000000 0.000000 -1.000000
vn -0.000000 0.000000 -1.000000
vn 0.000000 0.000000 -1.000000
vn -0.000000 0.000000 -1.000000
vn -0.000000 0.000000 -1.000000
vn 0.000000 0.000000 -1.000000
vn -0.000000 0.000000 -1.000000
vn 0.000000 0.000000 -1.000000
vn -0.000000 0.000000 -1.000000
vn 0.000000 0.000000 -1.000000
vn -0.000000 0.000000 -1.000000
vn 0.000000 0.000000 -1.000000
vn 0.000000 0.000000 -1.000000
vn -0.000000 0.000000 -1.000000
vn 0.000000 0.000000 -1.000000
vn 0.000000 0.000000 -1.000000
vn 0.000000 0.000000 -1.000000
vn 0.000000 0.000000 -1.000000
vn -0.062791 -0.998025 0.001789
vn 0.057389 -0.998350 -0.001788
vn 0.060089 -0.998193 0.000000
vn 0.062790 -0.998026 0.000795
vn 0.182062 -0.983287 -0.000795
vn 0.187381 -0.982287 0.000795
vn 0.303866 -0.952714 -0.000795
vn 0.309016 -0.951057 0.000795
vn 0.420879 -0.907117 -0.000795
vn 0.425779 -0.904827 0.000794
vn 0.531250 -0.847215 -0.000796
vn 0.535831 -0.844325 0.000795
vn 0.633242 -0.773953 -0.000794
vn 0.637419 -0.770517 0.000795
vn 0.725252 -0.688483 -0.000795
vn 0.728971 -0.684544 0.000796
vn 0.805826 -0.592152 -0.000793
vn 0.809015 -0.587787 0.000795
vn 0.873688 -0.486486 -0.000794
vn 0.876305 -0.481756 0.000793
vn 0.927769 -0.373154 -0.000796
vn 0.929779 -0.368118 0.000797
vn 0.967224 -0.253924 -0.000793
vn 0.968583 -0.248689 0.000796
vn 0.991422 -0.130696 -0.000794
vn 0.992114 -0.125338 0.000793
vn 0.999985 -0.005413 -0.000797
vn 1.000000 -0.000000 0.000793
vn 0.992779 0.119959 -0.000796
vn 0.992114 0.125338 0.000796
vn 0.969915 0.243442 -0.000794
vn 0.968583 0.248689 0.000797
vn 0.931753 0.363091 -0.000793
vn 0.929779 0.368118 0.000794
vn 0.878899 0.477008 -0.000796
vn 0.876304 0.481757 0.000794
vn 0.812189 0.583394 -0.000796
vn 0.809015 0.587787 0.000796
vn 0.732660 0.680594 -0.000794
vn 0.728972 0.684543 0.000794
vn 0.641583 0.767053 -0.000796
vn 0.637419 0.770517 0.000795
vn 0.540388 0.841416 -0.000794
vn 0.535830 0.844325 0.000794
vn 0.430669 0.902510 -0.000796
vn 0.425778 0.904827 0.000795
vn 0.314160 0.949370 -0.000795
vn 0.309017 0.951056 0.000795
vn 0.192694 0.981259 -0.000795
vn 0.187381 0.982287 0.000795
vn 0.068190 0.997672 -0.000795
vn 0.062790 0.998026 0.000795
vn 0.002692 0.999996 0.000000
vn -0.057390 0.998350 -0.001788
vn -0.062791 0.998025 0.001789
vn -0.182063 0.983285 -0.001789
vn -0.187381 0.982286 0.001788
vn -0.303866 0.952713 -0.001789
vn -0.309017 0.951055 0.001788
vn -0.420877 0.907116 -0.001789
vn -0.425777 0.904826 0.001787
vn -0.531250 0.847214 -0.001791
vn -0.535825 0.844327 0.001785
vn -0.633241 0.773952 -0.001792
vn -0.637424 0.770511 0.001787
vn -0.725251 0.688482 -0.001789
vn -0.728971 0.684542 0.001793
vn -0.805825 0.592152 -0.001784
vn -0.809014 0.587786 0.001790
vn -0.873687 0.486485 -0.001787
vn -0.876303 0.481757 0.001785
vn -0.927768 0.373154 -0.001792
vn -0.929778 0.368117 0.001792
vn -0.967223 0.253924 -0.001784
vn -0.968582 0.248689 0.001791
vn -0.991419 0.130707 -0.001786
vn -0.992113 0.125338 0.001792
vn -0.999984 0.005401 -0.001785
vn -0.999998 0.000000 0.001785
vn -0.992777 -0.119959 -0.001791
vn -0.992113 -0.125338 0.001791
vn -0.969914 -0.243442 -0.001786
vn -0.968582 -0.248689 0.001793
vn -0.931752 -0.363090 -0.001784
vn -0.929777 -0.368118 0.001786
vn -0.878902 -0.476999 -0.001790
vn -0.876304 -0.481756 0.001792
vn -0.812183 -0.583400 -0.001785
vn -0.809014 -0.587786 0.001792
vn -0.732659 -0.680594 -0.001786
vn -0.728970 -0.684543 0.001786
vn -0.641583 -0.767051 -0.001790
vn -0.637424 -0.770511 0.001786
vn -0.540387 -0.841414 -0.001790
vn -0.535826 -0.844327 0.001787
vn -0.430668 -0.902509 -0.001789
vn -0.425778 -0.904826 0.001787
vn -0.314159 -0.949369 -0.001790
vn -0.309016 -0.951055 0.001788
vn -0.192694 -0.981257 -0.001789
vn -0.187381 -0.982286 0.001788
vn -0.068192 -0.997671 -0.001789
vn 0.000000 -1.000000 0.000000
vn 0.000000 -1.000000 0.000000
vn 0.042734 0.706461 -0.706461
vn 0.042733 0.706460 -0.706461
vn 0.127576 0.696159 -0.706461
vn 0.127575 0.696158 -0.706462
vn 0.210556 0.675705 -0.706462
vn 0.210559 0.675706 -0.706460
vn 0.290472 0.645399 -0.706460
vn 0.290471 0.645399 -0.706461
vn 0.366148 0.605681 -0.706461
vn 0.366146 0.605681 -0.706461
vn 0.436482 0.557131 -0.706462
vn 0.436484 0.557131 -0.706460
vn 0.500456 0.500456 -0.706461
vn 0.500455 0.500457 -0.706462
vn 0.557130 0.436484 -0.706462
vn 0.557132 0.436483 -0.706461
vn 0.605681 0.366148 -0.706461
vn 0.605682 0.366147 -0.706460
vn 0.645401 0.290469 -0.706460
vn 0.645400 0.290469 -0.706460
vn 0.675707 0.210558 -0.706460
vn 0.675703 0.210561 -0.706462
vn 0.696157 0.127577 -0.706463
vn 0.696160 0.127574 -0.706460
vn 0.706462 0.042732 -0.706460
vn 0.706461 0.042733 -0.706461
vn 0.707107 0.000000 -0.707107
vn 0.707107 0.000000 -0.707107
vn 0.998176 0.060379 0.000000
vn 0.998176 0.060379 -0.000000
vn 0.983620 0.180252 0.000000
vn 0.983620 0.180252 -0.000000
vn 0.954720 0.297507 0.000000
vn 0.954720 0.297507 -0.000000
vn 0.911901 0.410411 0.000000
vn 0.911901 0.410411 -0.000000
vn 0.855781 0.517338 0.000000
vn 0.855781 0.517338 -0.000000
vn 0.787184 0.616718 0.000000
vn 0.787184 0.616718 -0.000000
vn 0.707105 0.707108 0.000000
vn 0.707105 0.707108 -0.000000
vn 0.616719 0.787183 0.000000
vn 0.616719 0.787183 -0.000000
vn 0.517337 0.855782 0.000000
vn 0.517337 0.855782 -0.000000
vn 0.410413 0.911900 0.000000
vn 0.410413 0.911900 -0.000000
vn 0.297503 0.954721 0.000000
vn 0.297503 0.954721 -0.000000
vn 0.180255 0.983620 0.000000
vn 0.180255 0.983620 -0.000000
vn 0.060379 0.998176 0.000000
vn 0.060379 0.998176 -0.000000
vn 1.000000 0.000000 -0.000000
vn 1.000000 0.000000 0.000000
vn -0.000000 1.000000 0.000000
vn 0.000000 1.000000 -0.000000
vn 0.000000 1.000000 -0.000000
vn 0.000000 1.000000 0.000000
vn 0.000000 1.000000 0.000000
vn 0.000000 1.000000 0.000000
vn 0.000000 1.000000 0.000000
vn 0.000000 1.000000 -0.000000
vn 0.000000 1.000000 -0.000000
vn 0.000000 1.000000 0.000000
vn 0.000000 1.000000 -0.000000
vn 0.000000 1.000000 -0.000000
vn 0.000000 1.000000 0.000000
vn 0.000000 1.000000 -0.000000
vn 0.000000 1.000000 0.000000
vn 0.000000 1.000000 0.000000
vn 0.000000 0.707107 -0.707107
vn 0.000000 0.707107 -0.707107
vn 0.000000 0.000000 -1.000000
vn 0.991444 -0.130534 0.000000
vn 0.991444 -0.130534 0.000000
vn 0.991444 0.130534 0.000000
vn 0.991444 0.130534 0.000000
vn 0.923879 0.382684 0.000000
vn 0.923879 0.382684 0.000000
vn 0.793356 0.608758 0.000000
vn 0.793356 0.608758 0.000000
vn 0.608763 0.793352 0.000000
vn 0.608763 0.793352 0.000000
vn 0.382681 0.923881 0.000000
vn 0.382681 0.923881 0.000000
vn 0.130527 0.991445 0.000000
vn 0.130527 0.991445 0.000000
vn -0.130524 0.991445 0.000000
vn -0.130524 0.991445 0.000000
vn -0.382687 0.923878 0.000000
vn -0.382687 0.923878 0.000000
vn -0.608755 0.793359 0.000000
vn -0.608755 0.793359 0.000000
vn -0.793356 0.608758 0.000000
vn -0.793356 0.608758 0.000000
vn -0.923879 0.382684 0.000000
vn -0.923879 0.382684 0.000000
vn -0.991446 0.130517 0.000000
vn -0.991446 0.130517 0.000000
vn -0.991446 -0.130517 0.000000
vn -0.991446 -0.130517 -0.000000
vn -0.923879 -0.382684 0.000000
vn -0.923879 -0.382684 -0.000000
vn -0.793356 -0.608758 0.000000
vn -0.793356 -0.608758 -0.000000
vn -0.608755 -0.793359 0.000000
vn -0.608755 -0.793359 -0.000000
vn -0.382687 -0.923878 0.000000
vn -0.382687 -0.923878 -0.000000
vn -0.130524 -0.991445 0.000000
vn -0.130524 -0.991445 -0.000000
vn 0.130527 -0.991445 0.000000
vn 0.130527 -0.991445 0.000000
vn 0.382681 -0.923881 0.000000
vn 0.382681 -0.923881 0.000000
vn 0.608763 -0.793352 0.000000
vn 0.608763 -0.793352 0.000000
vn 0.793356 -0.608758 0.000000
vn 0.793356 -0.608758 0.000000
vn 0.923879 -0.382684 0.000000
vn 0.923879 -0.382684 0.000000
vn 0.991444 0.130534 0.000000
vn 0.991444 0.130534 -0.000000
vn 0.991444 -0.130534 0.000000
vn 0.991444 -0.130534 0.000000
vn 0.923879 -0.382684 0.000000
vn 0.923879 -0.382684 0.000000
vn 0.793356 -0.608758 0.000000
vn 0.793356 -0.608758 0.000000
vn 0.608763 -0.793352 0.000000
vn 0.608763 -0.793352 0.000000
vn 0.382681 -0.923881 0.000000
vn 0.382681 -0.923881 0.000000
vn 0.130527 -0.991445 0.000000
vn 0.130527 -0.991445 0.000000
vn -0.130524 -0.991445 0.000000
vn -0.130524 -0.991445 0.000000
vn -0.382687 -0.923878 0.000000
vn -0.382687 -0.923878 0.000000
vn -0.608755 -0.793359 0.000000
vn -0.608755 -0.793359 0.000000
vn -0.793356 -0.608758 0.000000
vn -0.793356 -0.608758 0.000000
vn -0.923879 -0.382684 0.000000
vn -0.923879 -0.382684 0.000000
vn -0.991446 -0.130517 0.000000
vn -0.991446 -0.130517 0.000000
vn -0.991446 0.130517 0.000000
vn -0.991446 0.130517 0.000000
vn -0.923879 0.382684 0.000000
vn -0.923879 0.382684 0.000000
vn -0.793356 0.608758 0.000000
vn -0.793356 0.608758 0.000000
vn -0.608755 0.793359 0.000000
vn -0.608755 0.793359 0.000000
vn -0.382687 0.923878 0.000000
vn -0.382687 0.923878 0.000000
vn -0.130524 0.991445 0.000000
vn -0.130524 0.991445 0.000000
vn 0.130527 0.991445 0.000000
vn 0.130527 0.991445 -0.000000
vn 0.382681 0.923881 0.000000
vn 0.382681 0.923881 -0.000000
vn 0.608763 0.793352 0.000000
vn 0.608763 0.793352 -0.000000
vn 0.793356 0.608758 0.000000
vn 0.793356 0.608758 -0.000000
vn 0.923879 0.382684 0.000000
vn 0.923879 0.382684 -0.000000
vn 0.992708 -0.120546 0.000000
vn 0.992708 -0.120546 0.000000
vn 0.992708 0.120545 0.000000
vn 0.992708 0.120545 0.000000
vn 0.935017 0.354603 0.000000
vn 0.935017 0.354603 0.000000
vn 0.822985 0.568063 0.000000
vn 0.822985 0.568063 0.000000
vn 0.663124 0.748509 0.000000
vn 0.663124 0.748509 0.000000
vn 0.464723 0.885456 0.000000
vn 0.464723 0.885456 0.000000
vn 0.239312 0.970943 0.000000
vn 0.239312 0.970943 0.000000
vn 0.000000 1.000000 0.000000
vn 0.000000 1.000000 0.000000
vn -0.239312 0.970943 0.000000
vn -0.239312 0.970943 0.000000
vn -0.464723 0.885456 0.000000
vn -0.464723 0.885456 0.000000
vn -0.663124 0.748509 0.000000
vn -0.663124 0.748509 0.000000
vn -0.822985 0.568063 0.000000
vn -0.822985 0.568063 0.000000
vn -0.935017 0.354603 0.000000
vn -0.935017 0.354603 0.000000
vn -0.992709 0.120535 0.000000
vn -0.992709 0.120535 0.000000
vn -0.992709 -0.120536 0.000000
vn -0.992709 -0.120536 -0.000000
vn -0.935018 -0.354601 0.000000
vn -0.935018 -0.354601 -0.000000
vn -0.822985 -0.568063 0.000000
vn -0.822985 -0.568063 -0.000000
vn -0.663124 -0.748509 0.000000
vn -0.663124 -0.748509 -0.000000
vn -0.464719 -0.885458 0.000000
vn -0.464719 -0.885458 -0.000000
vn -0.239317 -0.970941 0.000000
vn -0.239317 -0.970941 -0.000000
vn 0.000000 -1.000000 0.000000
vn 0.000000 -1.000000 0.000000
vn 0.239317 -0.970941 0.000000
vn 0.239317 -0.970941 0.000000
vn 0.464719 -0.885458 0.000000
vn 0.464719 -0.885458 0.000000
vn 0.663124 -0.748509 0.000000
vn 0.663124 -0.748509 0.000000
vn 0.822985 -0.568063 0.000000
vn 0.822985 -0.568063 0.000000
vn 0.935018 -0.354601 0.000000
vn 0.935018 -0.354601 0.000000
vn 0.000000 -0.000000 -1.000000
vn 0.000000 0.000000 -1.000000
vn 0.000000 -0.000000 -1.000000
vn 0.000000 0.000000 -1.000000
vn -0.000000 0.000000 -1.000000
vn 0.000000 0.000000 -1.000000
vn -0.000000 0.000000 -1.000000
vn 0.000000 0.000000 -1.000000
vn -0.000000 0.000000 -1.000000
vn 0.000000 0.000000 -1.000000
vn -0.000000 0.000000 -1.000000
vn 0.000000 0.000000 -1.000000
vn -0.000000 0.000000 -1.000000
vn 0.000000 0.000000 -1.000000
vn 0.000000 0.000000 -1.000000
vn -0.000000 0.000000 -1.000000
vn 0.000000 -0.000000 -1.000000
vn -0.000000 0.000000 -1.000000
vn 0.000000 -0.000000 -1.000000
vn -0.000000 0.000000 -1.000000
vn 0.000000 -0.000000 -1.000000
vn -0.000000 0.000000 -1.000000
vn 0.000000 -0.000000 -1.000000
vn -0.000000 0.000000 -1.000000
vn 0.000000 -0.000000 -1.000000
vn -0.000000 0.000000 -1.000000
vn 0.000000 -0.000000 -1.000000
vn 0.000000 0.000000 -1.000000
vn 0.000000 -0.000000 -1.000000
vn 0.000000 0.000000 -1.000000
vn 0.000000 -0.000000 -1.000000
vn 0.000000 0.000000 -1.000000
vn 0.000000 -0.000000 -1.000000
vn 0.000000 0.000000 -1.000000
vn 0.000000 -0.000000 -1.000000
vn 0.000000 0.000000 -1.000000
vn 0.000000 0.000000 -1.000000
vn 0.000000 0.000000 -1.000000
vn 0.000000 0.000000 -1.000000
vn 0.000000 0.000000 -1.000000
vn 0.000000 0.000000 -1.000000
vn 0.000000 0.000000 -1.000000
vn 0.000000 0.000000 -1.000000
vn 0.000000 0.000000 -1.000000
vn 0.000000 0.000000 -1.000000
vn 0.000000 0.000000 -1.000000
vn 0.000000 0.000000 -1.000000
vn 0.000000 0.000000 -1.000000
vn 0.000000 0.000000 -1.000000
vn 0.000000 0.000000 -1.000000
vn 0.991444 0.130535 0.000000
vn 0.991444 0.130535 -0.000000
vn 0.991444 -0.130535 0.000000
vn 0.991444 -0.130535 0.000000
vn 0.923880 -0.382683 0.000000
vn 0.923880 -0.382683 0.000000
vn 0.793357 -0.608757 0.000000
vn 0.793357 -0.608757 0.000000
vn 0.608762 -0.793353 0.000000
vn 0.608762 -0.793353 0.000000
vn 0.382681 -0.923881 0.000000
vn 0.382681 -0.923881 0.000000
vn 0.130527 -0.991445 0.000000
vn 0.130527 -0.991445 0.000000
vn -0.130527 -0.991445 0.000000
vn -0.130527 -0.991445 0.000000
vn -0.382681 -0.923881 0.000000
vn -0.382681 -0.923881 0.000000
vn -0.608762 -0.793353 0.000000
vn -0.608762 -0.793353 0.000000
vn -0.793348 -0.608768 0.000000
vn -0.793348 -0.608768 0.000000
vn -0.923880 -0.382683 0.000000
vn -0.923880 -0.382683 0.000000
vn -0.991446 -0.130517 0.000000
vn -0.991446 -0.130517 0.000000
vn -0.991446 0.130517 0.000000
vn -0.991446 0.130517 0.000000
vn -0.923880 0.382683 0.000000
vn -0.923880 0.382683 0.000000
vn -0.793348 0.608768 0.000000
vn -0.793348 0.608768 0.000000
vn -0.608762 0.793353 0.000000
vn -0.608762 0.793353 0.000000
vn -0.382681 0.923881 0.000000
vn -0.382681 0.923881 0.000000
vn -0.130527 0.991445 0.000000
vn -0.130527 0.991445 0.000000
vn 0.130527 0.991445 0.000000
vn 0.130527 0.991445 -0.000000
vn 0.382681 0.923881 0.000000
vn 0.382681 0.923881 -0.000000
vn 0.608762 0.793353 0.000000
vn 0.608762 0.793353 -0.000000
vn 0.793357 0.608757 0.000000
vn 0.793357 0.608757 -0.000000
vn 0.923880 0.382683 0.000000
vn 0.923880 0.382683 -0.000000
vn 0.991444 -0.130535 0.000000
vn 0.991444 -0.130535 0.000000
vn 0.991444 0.130535 0.000000
vn 0.991444 0.130535 0.000000
vn 0.923880 0.382683 0.000000
vn 0.923880 0.382683 0.000000
vn 0.793357 0.608757 0.000000
vn 0.793357 0.608757 0.000000
vn 0.608762 0.793353 0.000000
vn 0.608762 0.793353 0.000000
vn 0.382681 0.923881 0.000000
vn 0.382681 0.923881 0.000000
vn 0.130527 0.991445 0.000000
vn 0.130527 0.991445 0.000000
vn -0.130527 0.991445 0.000000
vn -0.130527 0.991445 0.000000
vn -0.382681 0.923881 0.000000
vn -0.382681 0.923881 0.000000
vn -0.608762 0.793353 0.000000
vn -0.608762 0.793353 0.000000
vn -0.793348 0.608768 0.000000
vn -0.793348 0.608768 0.000000
vn -0.923880 0.382683 0.000000
vn -0.923880 0.382683 0.000000
vn -0.991446 0.130517 0.000000
vn -0.991446 0.130517 0.000000
vn -0.991446 -0.130517 0.000000
vn -0.991446 -0.130517 -0.000000
vn -0.923880 -0.382683 0.000000
vn -0.923880 -0.382683 -0.000000
vn -0.793348 -0.608768 0.000000
vn -0.793348 -0.608768 -0.000000
vn -0.608762 -0.793353 0.000000
vn -0.608762 -0.793353 -0.000000
vn -0.382681 -0.923881 0.000000
vn -0.382681 -0.923881 -0.000000
vn -0.130527 -0.991445 0.000000
vn -0.130527 -0.991445 -0.000000
vn 0.130527 -0.991445 0.000000
vn 0.130527 -0.991445 0.000000
vn 0.382681 -0.923881 0.000000
vn 0.382681 -0.923881 0.000000
vn 0.608762 -0.793353 0.000000
vn 0.608762 -0.793353 0.000000
vn 0.793357 -0.608757 0.000000
vn 0.793357 -0.608757 0.000000
vn 0.923880 -0.382683 0.000000
vn 0.923880 -0.382683 0.000000
vn 0.992709 0.120535 0.000000
vn 0.992709 0.120535 -0.000000
vn 0.992709 -0.120535 0.000000
vn 0.992709 -0.120535 0.000000
vn 0.935014 -0.354610 0.000000
vn 0.935014 -0.354610 0.000000
vn 0.822984 -0.568064 0.000000
vn 0.822984 -0.568064 0.000000
vn 0.663124 -0.748509 0.000000
vn 0.663124 -0.748509 0.000000
vn 0.464721 -0.885457 0.000000
vn 0.464721 -0.885457 0.000000
vn 0.239317 -0.970941 0.000000
vn 0.239317 -0.970941 0.000000
vn -0.000000 -1.000000 0.000000
vn 0.000000 -1.000000 0.000000
vn -0.239317 -0.970941 0.000000
vn -0.239317 -0.970941 0.000000
vn -0.464721 -0.885457 0.000000
vn -0.464721 -0.885457 0.000000
vn -0.663124 -0.748509 0.000000
vn -0.663124 -0.748509 0.000000
vn -0.822979 -0.568071 0.000000
vn -0.822979 -0.568071 0.000000
vn -0.935018 -0.354601 0.000000
vn -0.935018 -0.354601 0.000000
vn -0.992709 -0.120535 0.000000
vn -0.992709 -0.120535 0.000000
vn -0.992709 0.120535 0.000000
vn -0.992709 0.120535 0.000000
vn -0.935018 0.354601 0.000000
vn -0.935018 0.354601 0.000000
vn -0.822979 0.568071 0.000000
vn -0.822979 0.568071 0.000000
vn -0.663123 0.748510 0.000000
vn -0.663123 0.748510 0.000000
vn -0.464723 0.885456 0.000000
vn -0.464723 0.885456 0.000000
vn -0.239316 0.970942 0.000000
vn -0.239316 0.970942 0.000000
vn -0.000000 1.000000 0.000000
vn 0.000000 1.000000 0.000000
vn 0.239316 0.970942 0.000000
vn 0.239316 0.970942 -0.000000
vn 0.464723 0.885456 0.000000
vn 0.464723 0.885456 -0.000000
vn 0.663123 0.748510 0.000000
vn 0.663123 0.748510 -0.000000
vn 0.822984 0.568064 0.000000
vn 0.822984 0.568064 -0.000000
vn 0.935014 0.354610 0.000000
vn 0.935014 0.354610 -0.000000
vn 0.000000 -0.000000 -1.000000
vn 0.000000 0.000000 -1.000000
vn 0.000000 -0.000000 -1.000000
vn 0.000000 0.000000 -1.000000
vn -0.000000 0.000000 -1.000000
vn 0.000000 0.000000 -1.000000
vn -0.000000 0.000000 -1.000000
vn 0.000000 0.000000 -1.000000
vn -0.000000 0.000000 -1.000000
vn 0.000000 0.000000 -1.000000
vn -0.000000 0.000000 -1.000000
vn 0.000000 0.000000 -1.000000
vn -0.000000 0.000000 -1.000000
vn 0.000000 0.000000 -1.000000
vn 0.000000 0.000000 -1.000000
vn -0.000000 0.000000 -1.000000
vn 0.000000 -0.000000 -1.000000
vn -0.000000 0.000000 -1.000000
vn 0.000000 -0.000000 -1.000000
vn -0.000000 0.000000 -1.000000
vn 0.000000 -0.000000 -1.000000
vn -0.000000 0.000000 -1.000000
vn 0.000000 -0.000000 -1.000000
vn -0.000000 0.000000 -1.000000
vn 0.000000 -0.000000 -1.000000
vn -0.000000 0.000000 -1.000000
vn 0.000000 -0.000000 -1.000000
vn 0.000000 0.000000 -1.000000
vn 0.000000 -0.000000 -1.000000
vn 0.000000 0.000000 -1.000000
vn 0.000000 -0.000000 -1.000000
vn 0.000000 0.000000 -1.000000
vn 0.000000 -0.000000 -1.000000
vn 0.000000 0.000000 -1.000000
vn 0.000000 -0.000000 -1.000000
vn 0.000000 0.000000 -1.000000
vn 0.000000 0.000000 -1.000000
vn 0.000000 0.000000 -1.000000
vn 0.000000 0.000000 -1.000000
vn 0.000000 0.000000 -1.000000
vn 0.000000 0.000000 -1.000000
vn 0.000000 0.000000 -1.000000
vn 0.000000 0.000000 -1.000000
vn 0.000000 0.000000 -1.000000
vn 0.000000 0.000000 -1.000000
vn 0.000000 0.000000 -1.000000
vn 0.000000 0.000000 -1.000000
vn 0.000000 0.000000 -1.000000
vn 0.000000 0.000000 -1.000000
vn 0.000000 0.000000 -1.000000
vn -0.609200 -0.358993 -0.707107
vn -0.609201 -0.358993 -0.707105
vn 0.706723 -0.032949 -0.706723
vn 0.705558 -0.034116 -0.707830
vn 0.701621 -0.098711 -0.705679
vn 0.697935 -0.101880 -0.708877
vn 0.690328 -0.163791 -0.704712
vn 0.683914 -0.168513 -0.709834
vn 0.672933 -0.227594 -0.703820
vn 0.663634 -0.233420 -0.710707
vn 0.649570 -0.289547 -0.703008
vn 0.637296 -0.296024 -0.711494
vn 0.620441 -0.349090 -0.702275
vn 0.605147 -0.355773 -0.712196
vn 0.585798 -0.405670 -0.701621
vn 0.567493 -0.412129 -0.712813
vn 0.545943 -0.458781 -0.701047
vn 0.524675 -0.464601 -0.713346
vn 0.501227 -0.507933 -0.700554
vn 0.477089 -0.512718 -0.713797
vn 0.452044 -0.552681 -0.700143
vn 0.425166 -0.556061 -0.714164
vn 0.398840 -0.592611 -0.699813
vn 0.369379 -0.594238 -0.714451
vn 0.342084 -0.627365 -0.699566
vn 0.310230 -0.626919 -0.714654
vn 0.282290 -0.656622 -0.699400
vn 0.248251 -0.653809 -0.714776
vn 0.219994 -0.680116 -0.699318
vn 0.184001 -0.674670 -0.714817
vn 0.155756 -0.697636 -0.699317
vn 0.118055 -0.689317 -0.714776
vn 0.090158 -0.709021 -0.699400
vn 0.051007 -0.697616 -0.714654
vn 0.023789 -0.714172 -0.699566
vn -0.016543 -0.699490 -0.714450
vn -0.042752 -0.713046 -0.699813
vn -0.083990 -0.694921 -0.714164
vn -0.108862 -0.705655 -0.700143
vn -0.150727 -0.683941 -0.713797
vn -0.173951 -0.692073 -0.700554
vn -0.216154 -0.666644 -0.713347
vn -0.237431 -0.672427 -0.701048
vn -0.279681 -0.643177 -0.712813
vn -0.298732 -0.646906 -0.701621
vn -0.340736 -0.613740 -0.712195
vn -0.357303 -0.615746 -0.702276
vn -0.398764 -0.578586 -0.711495
vn -0.412629 -0.579238 -0.703008
vn -0.453241 -0.538023 -0.710707
vn -0.464208 -0.537724 -0.703820
vn -0.503666 -0.492397 -0.709835
vn -0.511591 -0.491586 -0.704712
vn -0.549575 -0.442109 -0.708877
vn -0.554358 -0.441251 -0.705680
vn -0.590544 -0.387600 -0.707831
vn -0.592142 -0.387185 -0.706722
vn 0.087778 0.995349 -0.039692
vn 0.085762 0.995535 -0.039443
vn 0.173270 0.981384 -0.082837
vn 0.168692 0.966285 -0.194516
vn 0.166666 0.965476 -0.200194
vn 0.167197 0.965177 -0.201190
vn 0.161787 0.965735 -0.202931
vn 0.124628 0.957516 -0.260058
vn 0.189136 0.940070 -0.283717
vn 0.142870 0.929661 -0.339586
vn 0.202758 0.907433 -0.368042
vn 0.146759 0.895836 -0.419451
vn 0.201424 0.868819 -0.452306
vn 0.132796 0.857004 -0.497904
vn 0.181769 0.825132 -0.534900
vn 0.097844 0.814686 -0.571588
vn 0.141545 0.776942 -0.613455
vn 0.057157 0.772116 -0.632906
vn 0.095711 0.750441 -0.653971
vn 0.094766 0.750480 -0.654063
vn 0.021305 0.726024 -0.687339
vn 0.058862 0.992631 -0.105916
vn 0.130404 0.984324 -0.118747
vn 0.127822 0.984519 -0.119936
vn 0.095357 0.978695 -0.181832
vn 0.134909 0.773150 -0.619708
vn 0.142699 0.772169 -0.619186
vn 0.177185 0.820471 -0.543537
vn 0.184128 0.819248 -0.543074
vn 0.216597 0.861063 -0.460062
vn 0.204505 0.863647 -0.460752
vn 0.234583 0.897125 -0.374349
vn 0.205892 0.903735 -0.375328
vn 0.233982 0.928219 -0.289245
vn 0.191846 0.937812 -0.289317
vn 0.219080 0.953765 -0.205760
vn 0.162152 0.965525 -0.203636
vn 0.036964 0.720394 -0.692579
vn 0.026890 0.725926 -0.687247
vn 0.000000 0.711355 -0.702833
vn 0.008750 0.707080 -0.707080
vn 0.100040 0.994447 -0.032663
vn 0.077782 0.996382 -0.034234
vn 0.037038 0.999028 -0.023890
vn 0.108395 0.993898 -0.020434
vn 0.063223 0.997960 -0.008896
vn 0.037003 0.999031 -0.023831
vn -0.861538 -0.507692 -0.000000
vn -0.861538 -0.507692 -0.000000
vn -0.836959 -0.547265 0.000000
vn -0.836959 -0.547265 0.000000
vn -0.782406 -0.622769 0.000000
vn -0.782406 -0.622769 0.000000
vn -0.721064 -0.692868 0.000000
vn -0.721064 -0.692868 0.000000
vn -0.653467 -0.756955 0.000000
vn -0.653467 -0.756955 0.000000
vn -0.580202 -0.814473 0.000000
vn -0.580202 -0.814473 0.000000
vn -0.501897 -0.864927 0.000000
vn -0.501897 -0.864927 0.000000
vn -0.419243 -0.907874 0.000000
vn -0.419243 -0.907874 0.000000
vn -0.332950 -0.942945 0.000000
vn -0.332950 -0.942945 0.000000
vn -0.243766 -0.969834 0.000000
vn -0.243766 -0.969834 0.000000
vn -0.152468 -0.988308 0.000000
vn -0.152468 -0.988308 0.000000
vn -0.059849 -0.998208 0.000000
vn -0.059849 -0.998208 0.000000
vn 0.033292 -0.999446 0.000000
vn 0.033292 -0.999446 0.000000
vn 0.126142 -0.992012 0.000000
vn 0.126142 -0.992012 0.000000
vn 0.217899 -0.975971 0.000000
vn 0.217899 -0.975971 0.000000
vn 0.307766 -0.951462 0.000000
vn 0.307766 -0.951462 0.000000
vn 0.394960 -0.918698 0.000000
vn 0.394960 -0.918698 0.000000
vn 0.478728 -0.877963 0.000000
vn 0.478728 -0.877963 0.000000
vn 0.558345 -0.829609 0.000000
vn 0.558345 -0.829609 0.000000
vn 0.633112 -0.774060 0.000000
vn 0.633112 -0.774060 0.000000
vn 0.702393 -0.711790 0.000000
vn 0.702393 -0.711790 0.000000
vn 0.765574 -0.643348 0.000000
vn 0.765574 -0.643348 0.000000
vn 0.822115 -0.569322 0.000000
vn 0.822115 -0.569322 0.000000
vn 0.871521 -0.490359 0.000000
vn 0.871521 -0.490359 0.000000
vn 0.913368 -0.407135 0.000000
vn 0.913368 -0.407135 0.000000
vn 0.947288 -0.320384 0.000000
vn 0.947288 -0.320384 0.000000
vn 0.972988 -0.230856 0.000000
vn 0.972988 -0.230856 0.000000
vn 0.990248 -0.139318 0.000000
vn 0.990248 -0.139318 0.000000
vn 0.998915 -0.046572 0.000000
vn 0.998915 -0.046572 0.000000
vn -0.000000 -1.000000 0.000000
vn 0.000000 -1.000000 0.000000
vn 0.000000 -1.000000 -0.000000
vn -0.000000 -1.000000 0.000000
vn -0.000000 -1.000000 0.000000
vn 0.000000 -1.000000 0.000000
vn -0.000000 -1.000000 0.000000
vn -0.000000 -1.000000 0.000000
vn 0.000000 -1.000000 0.000000
vn -0.000000 -1.000000 0.000000
vn -0.000000 -1.000000 0.000000
vn 0.000000 -1.000000 0.000000
vn 0.000000 -1.000000 0.000000
vn -0.496138 -0.868243 0.000001
vn -0.496138 -0.868244 -0.000000
vn -0.496138 -0.868244 -0.000000
vn 0.051813 0.062331 -0.996710
vn 0.191026 0.174650 -0.965923
vn 0.132423 0.168058 -0.976842
vn 0.214061 0.214061 -0.953077
vn 0.190893 0.219740 -0.956700
vn 0.280575 0.316116 -0.906283
vn 0.268044 0.316479 -0.909942
vn 0.370917 0.437941 -0.818919
vn 0.370918 0.437941 -0.818919
vn 0.457194 0.539807 -0.706811
vn 0.457191 0.539807 -0.706813
vn 0.529567 0.625260 -0.573244
vn 0.529567 0.625260 -0.573244
vn 0.585833 0.691694 -0.422326
vn 0.585835 0.691694 -0.422324
vn 0.624314 0.737125 -0.258609
vn 0.624313 0.737126 -0.258611
vn 0.643299 0.759543 -0.096232
vn 0.579208 0.811231 -0.080140
vn 0.557808 0.822699 -0.109621
vn 0.510533 0.856786 -0.072618
vn 0.465487 0.878005 -0.111489
vn 0.437916 0.895765 -0.076383
vn 0.368201 0.924120 -0.102132
vn 0.361985 0.927694 -0.091384
vn 0.284341 0.955095 -0.083335
vn 0.275460 0.925263 -0.260790
vn 0.254974 0.939110 -0.230347
vn 0.175041 0.982922 -0.056790
vn 0.158509 0.966848 -0.200199
vn 0.066331 0.059396 -0.996028
vn 0.065511 0.055484 -0.996308
vn 0.197668 0.167415 -0.965867
vn 0.210817 0.150520 -0.965867
vn 0.344186 0.245743 -0.906171
vn 0.363303 0.216482 -0.906171
vn 0.493017 0.293775 -0.818920
vn 0.515592 0.252059 -0.818920
vn 0.635523 0.310690 -0.706812
vn 0.659010 0.257145 -0.706812
vn 0.763333 0.297852 -0.573242
vn 0.785322 0.233801 -0.573242
vn 0.868764 0.258643 -0.422319
vn 0.887156 0.186016 -0.422319
vn 0.945421 0.198233 -0.258618
vn 0.958561 0.119488 -0.258618
vn 0.988717 0.123247 -0.085139
vn 0.988483 0.107505 -0.106506
vn 0.996415 0.041211 -0.073878
vn 0.993695 0.000000 -0.112116
vn 0.996415 -0.041211 -0.073878
vn 0.988483 -0.107505 -0.106506
vn 0.988717 -0.123247 -0.085139
vn 0.974819 -0.204394 -0.089163
vn 0.945421 -0.198230 -0.258618
vn 0.945422 -0.198234 -0.258614
vn 0.887155 -0.186016 -0.422320
vn 0.887155 -0.186017 -0.422319
vn 0.801945 -0.168151 -0.573245
vn 0.801946 -0.168154 -0.573242
vn 0.692345 -0.145172 -0.706812
vn 0.692345 -0.145172 -0.706812
vn 0.561693 -0.117776 -0.818920
vn 0.561693 -0.117776 -0.818920
vn 0.413912 -0.086789 -0.906170
vn 0.413909 -0.086786 -0.906172
vn 0.253522 -0.053157 -0.965868
vn 0.253525 -0.053160 -0.965867
vn 0.083828 -0.017577 -0.996325
vn 0.086002 -0.023045 -0.996028
vn 0.071201 0.053024 -0.996052
vn 0.070121 0.050066 -0.996281
vn 0.210816 0.150520 -0.965868
vn 0.222526 0.132596 -0.965868
vn 0.363304 0.216482 -0.906171
vn 0.379939 0.185742 -0.906171
vn 0.515592 0.252059 -0.818921
vn 0.534647 0.208619 -0.818921
vn 0.659009 0.257145 -0.706812
vn 0.677993 0.201847 -0.706812
vn 0.785322 0.233801 -0.573242
vn 0.801947 0.168151 -0.573242
vn 0.887155 0.186017 -0.422320
vn 0.899486 0.112117 -0.422320
vn 0.958565 0.119481 -0.258608
vn 0.965157 0.039918 -0.258608
vn 0.075372 0.046202 -0.996085
vn 0.074380 0.044321 -0.996245
vn 0.222526 0.132596 -0.965868
vn 0.232716 0.113768 -0.965868
vn 0.379940 0.185742 -0.906171
vn 0.393982 0.153731 -0.906171
vn 0.534648 0.208619 -0.818920
vn 0.550049 0.163757 -0.818920
vn 0.677992 0.201847 -0.706813
vn 0.692345 0.145172 -0.706813
vn 0.801944 0.168153 -0.573245
vn 0.813092 0.101350 -0.573245
vn 0.899485 0.112119 -0.422323
vn 0.905671 0.037463 -0.422323
vn 0.965155 0.039924 -0.258616
vn 0.965155 -0.039918 -0.258616
vn 0.078799 0.039014 -0.996127
vn 0.078271 0.038264 -0.996197
vn 0.232717 0.113768 -0.965867
vn 0.241317 0.094162 -0.965867
vn 0.393980 0.153731 -0.906171
vn 0.405329 0.120672 -0.906171
vn 0.550048 0.163757 -0.818920
vn 0.561692 0.117776 -0.818920
vn 0.692345 0.145172 -0.706812
vn 0.701969 0.087500 -0.706812
vn 0.813091 0.101351 -0.573246
vn 0.818683 0.033861 -0.573246
vn 0.905674 0.037459 -0.422317
vn 0.905674 -0.037464 -0.422317
vn 0.965157 -0.039924 -0.258608
vn 0.958564 -0.119489 -0.258608
vn 0.081357 0.031746 -0.996179
vn 0.081822 0.031692 -0.996143
vn 0.083146 0.024753 -0.996230
vn 0.084836 0.024334 -0.996098
vn 0.084453 0.017708 -0.996270
vn 0.087083 0.016671 -0.996062
vn 0.085282 0.010630 -0.996300
vn 0.088527 0.008789 -0.996035
vn 0.085632 0.003541 -0.996321
vn 0.089145 0.000782 -0.996018
vn 0.085505 -0.003536 -0.996331
vn 0.088929 -0.007258 -0.996012
vn 0.084903 -0.010583 -0.996333
vn 0.087877 -0.015231 -0.996015
vn 0.082282 -0.024496 -0.996308
vn 0.083331 -0.030608 -0.996052
vn 0.080267 -0.031321 -0.996281
vn 0.079900 -0.037830 -0.996085
vn 0.077788 -0.038028 -0.996244
vn 0.075756 -0.044630 -0.996127
vn 0.074846 -0.044599 -0.996197
vn 0.071073 -0.050745 -0.996180
vn 0.210817 -0.150521 -0.965867
vn 0.197667 -0.167415 -0.965867
vn 0.322718 -0.273327 -0.906171
vn 0.299043 -0.299045 -0.906171
vn 0.405814 -0.405816 -0.818919
vn 0.370917 -0.437941 -0.818919
vn 0.457193 -0.539807 -0.706812
vn 0.411054 -0.575718 -0.706812
vn 0.476125 -0.666855 -0.573245
vn 0.419431 -0.703894 -0.573245
vn 0.463997 -0.778686 -0.422321
vn 0.398108 -0.814343 -0.422321
vn 0.424256 -0.867830 -0.258610
vn 0.351139 -0.899901 -0.258610
vn 0.361514 -0.926489 -0.104525
vn 0.368565 -0.925034 -0.092046
vn 0.284344 -0.955094 -0.083333
vn 0.265975 -0.957947 -0.107678
vn 0.204664 -0.976083 -0.073316
vn 0.160763 -0.980613 -0.112044
vn 0.054138 -0.998518 -0.005615
vn 0.130042 -0.965045 -0.227548
vn 0.159951 -0.966714 -0.199699
vn 0.212913 -0.890632 -0.401799
vn 0.292928 -0.826457 -0.480793
vn 0.268908 -0.813744 -0.515276
vn 0.297850 -0.763333 -0.573244
vn 0.359871 -0.736128 -0.573244
vn 0.359872 -0.736126 -0.573245
vn 0.419431 -0.703894 -0.573246
vn 0.071283 -0.051168 -0.996143
vn 0.066197 -0.056066 -0.996230
vn 0.197667 -0.167414 -0.965868
vn 0.183166 -0.183167 -0.965868
vn 0.299043 -0.299044 -0.906171
vn 0.273328 -0.322717 -0.906171
vn 0.370917 -0.437941 -0.818919
vn 0.333484 -0.467075 -0.818919
vn 0.411054 -0.575719 -0.706811
vn 0.362109 -0.607696 -0.706811
vn 0.066773 -0.057716 -0.996098
vn 0.061015 -0.061015 -0.996270
vn 0.183166 -0.183167 -0.965868
vn 0.166165 -0.198811 -0.965849
vn 0.169266 -0.199851 -0.965095
vn 0.158561 -0.210662 -0.964614
vn 0.245580 -0.340500 -0.907607
vn 0.231818 -0.366418 -0.901110
vn 0.295495 -0.476357 -0.828110
vn 0.272341 -0.526332 -0.805484
vn 0.306604 -0.583962 -0.751653
vn 0.061585 -0.063787 -0.996062
vn 0.057889 -0.064884 -0.996212
vn 0.292268 -0.694093 -0.657886
vn 0.300526 -0.703502 -0.644026
vn 0.437915 -0.895766 -0.076383
vn 0.465488 -0.878004 -0.111492
vn 0.510534 -0.856785 -0.072621
vn 0.557806 -0.822700 -0.109621
vn 0.579209 -0.811230 -0.080137
vn 0.644363 -0.758606 -0.096500
vn 0.643131 -0.759348 -0.098859
vn 0.704912 -0.704910 -0.078746
vn 0.683052 -0.683051 -0.258614
vn 0.737126 -0.624311 -0.258614
vn 0.691695 -0.585834 -0.422323
vn 0.737711 -0.526712 -0.422323
vn 0.666857 -0.476123 -0.573244
vn 0.703894 -0.419433 -0.573244
vn 0.607697 -0.362112 -0.706809
vn 0.635526 -0.310690 -0.706809
vn 0.515592 -0.252058 -0.818921
vn 0.534647 -0.208618 -0.818921
vn 0.393980 -0.153730 -0.906171
vn 0.405329 -0.120673 -0.906171
vn 0.248269 -0.073914 -0.965867
vn 0.721560 -0.683496 -0.110384
vn 0.761077 -0.644599 -0.072484
vn 0.737125 -0.624313 -0.258612
vn 0.786163 -0.561309 -0.258612
vn 0.737711 -0.526715 -0.422319
vn 0.778688 -0.463996 -0.422319
vn 0.703893 -0.419428 -0.573249
vn 0.736126 -0.359868 -0.573249
vn 0.635524 -0.310687 -0.706812
vn 0.659009 -0.257146 -0.706812
vn 0.534648 -0.208620 -0.818920
vn 0.550049 -0.163757 -0.818920
vn 0.405328 -0.120672 -0.906172
vn 0.791173 -0.601433 -0.111009
vn 0.811401 -0.579329 -0.077496
vn 0.786163 -0.561309 -0.258612
vn 0.829829 -0.494473 -0.258612
vn 0.778688 -0.463999 -0.422316
vn 0.814345 -0.398109 -0.422316
vn 0.736127 -0.359870 -0.573246
vn 0.763330 -0.297852 -0.573246
vn 0.659009 -0.257145 -0.706812
vn 0.677993 -0.201847 -0.706812
vn 0.550049 -0.163757 -0.818920
vn 0.852527 -0.512950 -0.100395
vn 0.855271 -0.509632 -0.093738
vn 0.829829 -0.494472 -0.258613
vn 0.867830 -0.424253 -0.258613
vn 0.814345 -0.398106 -0.422319
vn 0.844437 -0.329503 -0.422319
vn 0.763331 -0.297855 -0.573243
vn 0.785321 -0.233800 -0.573243
vn 0.677993 -0.201847 -0.706812
vn 0.895391 -0.437728 -0.081667
vn 0.902196 -0.417399 -0.108721
vn 0.929112 -0.362542 -0.072902
vn 0.941708 -0.317299 -0.111839
vn 0.955699 -0.284524 -0.075408
vn 0.971353 -0.213809 -0.103729
vn 0.972692 0.214104 -0.089608
vn 0.973040 0.204021 -0.107560
vn 0.945423 0.198230 -0.258614
vn 0.925821 0.275634 -0.258613
vn 0.868761 0.258646 -0.422324
vn 0.844435 0.329502 -0.422324
vn 0.763329 0.297854 -0.573246
vn 0.736127 0.359868 -0.573246
vn 0.635528 0.310689 -0.706808
vn 0.607701 0.362108 -0.706808
vn 0.493022 0.293774 -0.818918
vn 0.467076 0.333486 -0.818918
vn 0.344184 0.245743 -0.906172
vn 0.322716 0.273326 -0.906172
vn 0.197667 0.167415 -0.965868
vn 0.955698 0.284525 -0.075408
vn 0.941708 0.317299 -0.111840
vn 0.929112 0.362541 -0.072903
vn 0.902196 0.417399 -0.108722
vn 0.895391 0.437728 -0.081668
vn 0.853034 0.513256 -0.094346
vn 0.854606 0.509237 -0.101625
vn 0.811401 0.579330 -0.077497
vn 0.786162 0.561310 -0.258613
vn 0.737126 0.624311 -0.258613
vn 0.691698 0.585836 -0.422316
vn 0.640959 0.640953 -0.422316
vn 0.579395 0.579390 -0.573244
vn 0.791173 0.601433 -0.111009
vn 0.761078 0.644598 -0.072485
vn 0.737125 0.624312 -0.258614
vn 0.683049 0.683054 -0.258614
vn 0.640950 0.640955 -0.422326
vn 0.721560 0.683496 -0.110386
vn 0.704911 0.704911 -0.078747
vn 0.683053 0.683053 -0.258608
vn 0.644235 0.758456 -0.098518
vn 0.265974 0.957948 -0.107678
vn 0.050394 0.929492 -0.365383
vn 0.101118 0.987549 0.120507
vn 0.287648 0.922129 -0.258721
vn 0.307278 0.873303 -0.378051
vn 0.329873 0.845398 -0.420103
vn 0.400492 0.819214 -0.410481
vn 0.424258 0.867828 -0.258612
vn 0.494471 0.829830 -0.258612
vn 0.391510 0.817601 -0.422194
vn 0.362638 0.736756 -0.570688
vn 0.345738 0.743162 -0.572866
vn 0.381152 -0.283351 -0.880020
vn 0.362155 0.607775 -0.706720
vn 0.361767 0.607911 -0.706802
vn 0.411055 0.575719 -0.706810
vn 0.411052 0.575719 -0.706813
vn 0.333611 0.452991 -0.826743
vn 0.331335 0.464067 -0.821498
vn 0.339796 0.462278 -0.819047
vn 0.262886 0.333424 -0.905383
vn 0.299043 0.299044 -0.906171
vn 0.299043 0.299044 -0.906171
vn 0.322718 0.273326 -0.906171
vn 0.405815 0.405815 -0.818919
vn 0.405813 0.405815 -0.818920
vn 0.437940 0.370915 -0.818920
vn 0.437943 0.370916 -0.818919
vn 0.467075 0.333486 -0.818918
vn 0.500209 0.500209 -0.706811
vn 0.500209 0.500209 -0.706811
vn 0.539808 0.457193 -0.706811
vn 0.539808 0.457193 -0.706812
vn 0.575719 0.411053 -0.706812
vn 0.575715 0.411054 -0.706815
vn 0.607692 0.362110 -0.706815
vn 0.579390 0.579390 -0.573248
vn 0.625256 0.529567 -0.573249
vn 0.691693 0.585837 -0.422322
vn 0.737710 0.526715 -0.422322
vn 0.786163 0.561309 -0.258612
vn 0.829829 0.494473 -0.258612
vn 0.625261 0.529567 -0.573244
vn 0.666856 0.476124 -0.573244
vn 0.666857 0.476124 -0.573243
vn 0.703897 0.419430 -0.573243
vn 0.703891 0.419432 -0.573249
vn 0.736124 0.359870 -0.573249
vn 0.737711 0.526714 -0.422320
vn 0.778686 0.463998 -0.422320
vn 0.829829 0.494473 -0.258612
vn 0.867830 0.424255 -0.258612
vn 0.778689 0.463996 -0.422316
vn 0.814346 0.398107 -0.422316
vn 0.814344 0.398109 -0.422320
vn 0.844438 0.329500 -0.422320
vn 0.899900 0.351142 -0.258610
vn 0.867831 0.424253 -0.258610
vn 0.899901 0.351141 -0.258608
vn 0.248270 0.073912 -0.965867
vn 0.248267 0.073913 -0.965868
vn 0.241315 0.094162 -0.965868
vn 0.405328 0.120673 -0.906172
vn 0.413909 0.086788 -0.906172
vn 0.561693 0.117776 -0.818920
vn 0.569501 0.070985 -0.818920
vn 0.701973 0.087497 -0.706809
vn 0.706801 0.029234 -0.706808
vn 0.818682 0.033862 -0.573247
vn 0.818682 -0.033861 -0.573247
vn 0.905671 -0.037459 -0.422323
vn 0.899485 -0.112117 -0.422323
vn 0.958562 -0.119481 -0.258618
vn 0.253525 0.053158 -0.965867
vn 0.253522 0.053159 -0.965868
vn 0.257046 0.032041 -0.965868
vn 0.257046 0.032041 -0.965868
vn 0.258814 0.010705 -0.965868
vn 0.258816 0.010704 -0.965867
vn 0.258816 -0.010705 -0.965867
vn 0.258814 -0.010704 -0.965868
vn 0.257046 -0.032041 -0.965868
vn 0.257046 -0.032041 -0.965868
vn 0.925824 0.275631 -0.258608
vn 0.413912 0.086787 -0.906170
vn 0.419666 0.052310 -0.906170
vn 0.569500 0.070986 -0.818921
vn 0.573417 0.023718 -0.818921
vn 0.706800 0.029235 -0.706809
vn 0.706800 -0.029234 -0.706809
vn 0.818683 -0.033862 -0.573246
vn 0.813091 -0.101350 -0.573246
vn 0.899486 -0.112119 -0.422320
vn 0.419663 0.052311 -0.906171
vn 0.422550 0.017478 -0.906171
vn 0.422552 0.017477 -0.906170
vn 0.422552 -0.017478 -0.906170
vn 0.422550 -0.017477 -0.906171
vn 0.419664 -0.052310 -0.906171
vn 0.419665 -0.052311 -0.906170
vn 0.573415 0.023719 -0.818922
vn 0.573415 -0.023717 -0.818922
vn 0.706801 -0.029235 -0.706809
vn 0.701973 -0.087500 -0.706809
vn 0.813092 -0.101351 -0.573245
vn 0.573416 -0.023719 -0.818921
vn 0.569501 -0.070987 -0.818920
vn 0.569500 -0.070985 -0.818921
vn 0.701970 -0.087497 -0.706812
vn 0.785322 -0.233802 -0.573242
vn 0.868762 -0.258643 -0.422323
vn 0.868763 -0.258646 -0.422319
vn 0.925823 -0.275634 -0.258608
vn 0.925822 -0.275630 -0.258614
vn 0.248267 -0.073911 -0.965868
vn 0.241315 -0.094161 -0.965868
vn 0.393981 -0.153732 -0.906171
vn 0.379940 -0.185743 -0.906171
vn 0.515593 -0.252060 -0.818920
vn 0.493019 -0.293773 -0.818920
vn 0.607695 -0.362105 -0.706814
vn 0.575717 -0.411052 -0.706814
vn 0.666857 -0.476125 -0.573243
vn 0.625259 -0.529570 -0.573243
vn 0.691694 -0.585839 -0.422317
vn 0.640953 -0.640958 -0.422317
vn 0.683050 -0.683056 -0.258607
vn 0.624311 -0.737128 -0.258607
vn 0.899900 -0.351143 -0.258608
vn 0.899900 -0.351141 -0.258610
vn 0.844437 -0.329500 -0.422323
vn 0.241316 -0.094163 -0.965867
vn 0.232717 -0.113769 -0.965867
vn 0.379939 -0.185742 -0.906171
vn 0.363303 -0.216482 -0.906171
vn 0.493020 -0.293777 -0.818918
vn 0.467077 -0.333487 -0.818918
vn 0.575717 -0.411055 -0.706812
vn 0.539807 -0.457192 -0.706812
vn 0.625259 -0.529565 -0.573248
vn 0.579392 -0.579390 -0.573247
vn 0.640954 -0.640952 -0.422325
vn 0.585835 -0.691693 -0.422325
vn 0.624313 -0.737125 -0.258612
vn 0.561311 -0.786162 -0.258612
vn 0.867830 -0.424255 -0.258611
vn 0.232716 -0.113768 -0.965868
vn 0.222526 -0.132597 -0.965868
vn 0.363303 -0.216482 -0.906171
vn 0.344186 -0.245744 -0.906171
vn 0.467076 -0.333486 -0.818918
vn 0.437942 -0.370917 -0.818918
vn 0.539807 -0.457193 -0.706812
vn 0.500209 -0.500209 -0.706812
vn 0.579392 -0.579392 -0.573245
vn 0.529567 -0.625259 -0.573245
vn 0.585835 -0.691693 -0.422325
vn 0.526715 -0.737708 -0.422325
vn 0.561310 -0.786162 -0.258612
vn 0.494472 -0.829830 -0.258612
vn 0.222526 -0.132596 -0.965868
vn 0.210816 -0.150519 -0.965868
vn 0.344185 -0.245743 -0.906172
vn 0.322717 -0.273325 -0.906172
vn 0.437942 -0.370915 -0.818920
vn 0.405814 -0.405815 -0.818920
vn 0.500209 -0.500210 -0.706811
vn 0.457193 -0.539808 -0.706811
vn 0.529567 -0.625261 -0.573243
vn 0.476124 -0.666857 -0.573243
vn 0.526713 -0.737712 -0.422320
vn 0.463997 -0.778686 -0.422320
vn 0.494472 -0.829830 -0.258612
vn 0.424257 -0.867828 -0.258612
vn 0.273327 -0.322716 -0.906171
vn 0.245743 -0.344186 -0.906171
vn 0.333484 -0.467075 -0.818920
vn 0.293776 -0.493017 -0.818920
vn 0.362110 -0.607696 -0.706812
vn 0.310688 -0.635523 -0.706812
vn 0.398109 -0.814342 -0.422323
vn 0.329499 -0.844437 -0.422323
vn 0.329497 -0.844439 -0.422319
vn 0.258641 -0.868764 -0.422319
vn 0.275629 -0.925823 -0.258613
vn 0.351141 -0.899900 -0.258613
vn 0.275628 -0.925823 -0.258612
vn 0.198235 -0.945422 -0.258612
vn 0.561309 0.786163 -0.258611
vn 0.561310 0.786163 -0.258610
vn 0.494472 0.829830 -0.258610
vn 0.526714 0.737710 -0.422323
vn 0.526714 0.737710 -0.422323
vn 0.463996 0.778686 -0.422323
vn 0.463996 0.778686 -0.422322
vn 0.476125 0.666855 -0.573244
vn 0.476125 0.666855 -0.573244
vn 0.419431 0.703896 -0.573244
vn 0.419431 0.703896 -0.573244
vn 0.351140 0.899900 -0.258612
vn 0.424258 0.867828 -0.258611
vn 0.351140 0.899900 -0.258611
vn 0.000000 1.000000 0.000000
vn 0.000000 1.000000 -0.000000
vn -0.991448 -0.130499 0.000000
vn -0.991448 -0.130499 0.000000
vn -0.991448 0.130501 0.000000
vn -0.991448 0.130501 0.000000
vn -0.923874 0.382698 0.000000
vn -0.923874 0.382698 0.000000
vn -0.793356 0.608757 0.000000
vn -0.793356 0.608757 0.000000
vn -0.608760 0.793355 0.000000
vn -0.608760 0.793355 0.000000
vn -0.382690 0.923877 0.000000
vn -0.382690 0.923877 0.000000
vn -0.130529 0.991444 0.000000
vn -0.130529 0.991444 0.000000
vn 0.130529 0.991444 0.000000
vn 0.130529 0.991444 -0.000000
vn 0.382690 0.923877 0.000000
vn 0.382690 0.923877 -0.000000
vn 0.608760 0.793355 0.000000
vn 0.608760 0.793355 -0.000000
vn 0.793356 0.608757 0.000000
vn 0.793356 0.608757 -0.000000
vn 0.923885 0.382672 0.000000
vn 0.923885 0.382672 -0.000000
vn 0.991444 0.130531 0.000000
vn 0.991444 0.130531 -0.000000
vn 0.991444 -0.130529 0.000000
vn 0.991444 -0.130529 0.000000
vn 0.923885 -0.382672 0.000000
vn 0.923885 -0.382672 0.000000
vn 0.793356 -0.608757 0.000000
vn 0.793356 -0.608757 0.000000
vn 0.608750 -0.793362 0.000000
vn 0.608750 -0.793362 0.000000
vn 0.382690 -0.923877 0.000000
vn 0.382690 -0.923877 0.000000
vn 0.130529 -0.991444 0.000000
vn 0.130529 -0.991444 0.000000
vn -0.130529 -0.991444 0.000000
vn -0.130529 -0.991444 0.000000
vn -0.382690 -0.923877 0.000000
vn -0.382690 -0.923877 0.000000
vn -0.608750 -0.793362 0.000000
vn -0.608750 -0.793362 0.000000
vn -0.793356 -0.608757 0.000000
vn -0.793356 -0.608757 0.000000
vn -0.923874 -0.382698 0.000000
vn -0.923874 -0.382698 0.000000
vn -0.991448 0.130501 0.000000
vn -0.991448 0.130501 0.000000
vn -0.991448 -0.130499 0.000000
vn -0.991448 -0.130499 -0.000000
vn -0.923874 -0.382698 0.000000
vn -0.923874 -0.382698 -0.000000
vn -0.793356 -0.608757 0.000000
vn -0.793356 -0.608757 -0.000000
vn -0.608750 -0.793362 0.000000
vn -0.608750 -0.793362 -0.000000
vn -0.382690 -0.923877 0.000000
vn -0.382690 -0.923877 -0.000000
vn -0.130529 -0.991444 0.000000
vn -0.130529 -0.991444 -0.000000
vn 0.130529 -0.991444 0.000000
vn 0.130529 -0.991444 0.000000
vn 0.382690 -0.923877 0.000000
vn 0.382690 -0.923877 0.000000
vn 0.608750 -0.793362 0.000000
vn 0.608750 -0.793362 0.000000
vn 0.793356 -0.608757 0.000000
vn 0.793356 -0.608757 0.000000
vn 0.923885 -0.382672 0.000000
vn 0.923885 -0.382672 0.000000
vn 0.991444 -0.130529 0.000000
vn 0.991444 -0.130529 0.000000
vn 0.991444 0.130531 0.000000
vn 0.991444 0.130531 0.000000
vn 0.923885 0.382672 0.000000
vn 0.923885 0.382672 0.000000
vn 0.793356 0.608757 0.000000
vn 0.793356 0.608757 0.000000
vn 0.608760 0.793355 0.000000
vn 0.608760 0.793355 0.000000
vn 0.382690 0.923877 0.000000
vn 0.382690 0.923877 0.000000
vn 0.130529 0.991444 0.000000
vn 0.130529 0.991444 0.000000
vn -0.130529 0.991444 0.000000
vn -0.130529 0.991444 0.000000
vn -0.382690 0.923877 0.000000
vn -0.382690 0.923877 0.000000
vn -0.608760 0.793355 0.000000
vn -0.608760 0.793355 0.000000
vn -0.793356 0.608757 0.000000
vn -0.793356 0.608757 0.000000
vn -0.923874 0.382698 0.000000
vn -0.923874 0.382698 0.000000
vn 0.000000 0.000000 1.000000
vn 0.000000 0.000000 1.000000
vn 0.000000 -0.000000 1.000000
vn 0.000000 -0.000000 1.000000
vn 0.000000 -0.000000 1.000000
vn 0.000000 -0.000000 1.000000
vn 0.000000 -0.000000 1.000000
vn 0.000000 -0.000000 1.000000
vn 0.000000 -0.000000 1.000000
vn 0.000000 -0.000000 1.000000
vn 0.000000 -0.000000 1.000000
vn 0.000000 -0.000000 1.000000
vn 0.000000 -0.000000 1.000000
vn 0.000000 0.000000 1.000000
vn 0.000000 0.000000 1.000000
vn 0.000000 0.000000 1.000000
vn 0.000000 0.000000 1.000000
vn 0.000000 0.000000 1.000000
vn 0.000000 0.000000 1.000000
vn 0.000000 0.000000 1.000000
vn 0.000000 0.000000 1.000000
vn 0.000000 0.000000 1.000000
vn -0.991448 -0.130500 0.000000
vn -0.991448 -0.130500 0.000000
vn -0.991448 0.130500 0.000000
vn -0.991448 0.130500 0.000000
vn -0.923874 0.382698 0.000000
vn -0.923874 0.382698 0.000000
vn -0.793356 0.608757 0.000000
vn -0.793356 0.608757 0.000000
vn -0.608755 0.793358 0.000000
vn -0.608755 0.793358 0.000000
vn -0.382690 0.923877 0.000000
vn -0.382690 0.923877 0.000000
vn -0.130522 0.991445 0.000000
vn -0.130522 0.991445 0.000000
vn 0.130522 0.991445 0.000000
vn 0.130522 0.991445 -0.000000
vn 0.382690 0.923877 0.000000
vn 0.382690 0.923877 -0.000000
vn 0.608755 0.793358 0.000000
vn 0.608755 0.793358 -0.000000
vn 0.793356 0.608757 0.000000
vn 0.793356 0.608757 -0.000000
vn 0.923885 0.382672 0.000000
vn 0.923885 0.382672 -0.000000
vn 0.991444 0.130530 0.000000
vn 0.991444 0.130530 -0.000000
vn 0.991444 -0.130530 0.000000
vn 0.991444 -0.130530 0.000000
vn 0.923885 -0.382672 0.000000
vn 0.923885 -0.382672 0.000000
vn 0.793356 -0.608757 0.000000
vn 0.793356 -0.608757 0.000000
vn 0.608760 -0.793355 0.000000
vn 0.608760 -0.793355 0.000000
vn 0.382684 -0.923880 0.000000
vn 0.382684 -0.923880 0.000000
vn 0.130529 -0.991444 0.000000
vn 0.130529 -0.991444 0.000000
vn -0.130529 -0.991444 0.000000
vn -0.130529 -0.991444 0.000000
vn -0.382684 -0.923880 0.000000
vn -0.382684 -0.923880 0.000000
vn -0.608760 -0.793355 0.000000
vn -0.608760 -0.793355 0.000000
vn -0.793356 -0.608757 0.000000
vn -0.793356 -0.608757 0.000000
vn -0.923874 -0.382698 0.000000
vn -0.923874 -0.382698 0.000000
vn -0.991448 0.130500 0.000000
vn -0.991448 0.130500 0.000000
vn -0.991448 -0.130500 0.000000
vn -0.991448 -0.130500 -0.000000
vn -0.923874 -0.382698 0.000000
vn -0.923874 -0.382698 -0.000000
vn -0.793356 -0.608757 0.000000
vn -0.793356 -0.608757 -0.000000
vn -0.608760 -0.793355 0.000000
vn -0.608760 -0.793355 -0.000000
vn -0.382684 -0.923880 0.000000
vn -0.382684 -0.923880 -0.000000
vn -0.130529 -0.991444 0.000000
vn -0.130529 -0.991444 -0.000000
vn 0.130529 -0.991444 0.000000
vn 0.130529 -0.991444 0.000000
vn 0.382684 -0.923880 0.000000
vn 0.382684 -0.923880 0.000000
vn 0.608760 -0.793355 0.000000
vn 0.608760 -0.793355 0.000000
vn 0.793356 -0.608757 0.000000
vn 0.793356 -0.608757 0.000000
vn 0.923885 -0.382672 0.000000
vn 0.923885 -0.382672 0.000000
vn 0.991444 -0.130530 0.000000
vn 0.991444 -0.130530 0.000000
vn 0.991444 0.130530 0.000000
vn 0.991444 0.130530 0.000000
vn 0.923885 0.382672 0.000000
vn 0.923885 0.382672 0.000000
vn 0.793356 0.608757 0.000000
vn 0.793356 0.608757 0.000000
vn 0.608755 0.793358 0.000000
vn 0.608755 0.793358 0.000000
vn 0.382690 0.923877 0.000000
vn 0.382690 0.923877 0.000000
vn 0.130522 0.991445 0.000000
vn 0.130522 0.991445 0.000000
vn -0.130522 0.991445 0.000000
vn -0.130522 0.991445 0.000000
vn -0.382690 0.923877 0.000000
vn -0.382690 0.923877 0.000000
vn -0.608755 0.793358 0.000000
vn -0.608755 0.793358 0.000000
vn -0.793356 0.608757 0.000000
vn -0.793356 0.608757 0.000000
vn -0.923874 0.382698 0.000000
vn -0.923874 0.382698 0.000000
vn 0.000000 0.000000 1.000000
vn 0.000000 0.000000 1.000000
vn 0.000000 -0.000000 1.000000
vn 0.000000 -0.000000 1.000000
vn 0.000000 -0.000000 1.000000
vn 0.000000 -0.000000 1.000000
vn 0.000000 -0.000000 1.000000
vn 0.000000 -0.000000 1.000000
vn 0.000000 -0.000000 1.000000
vn 0.000000 -0.000000 1.000000
vn 0.000000 -0.000000 1.000000
vn 0.000000 -0.000000 1.000000
vn 0.000000 -0.000000 1.000000
vn 0.000000 0.000000 1.000000
vn 0.000000 0.000000 1.000000
vn 0.000000 0.000000 1.000000
vn 0.000000 0.000000 1.000000
vn 0.000000 0.000000 1.000000
vn 0.000000 0.000000 1.000000
vn 0.000000 0.000000 1.000000
vn 0.000000 0.000000 1.000000
vn 0.000000 0.000000 1.000000
vn -0.991440 -0.130562 0.000000
vn -0.991440 -0.130562 0.000000
vn -0.991440 0.130562 0.000000
vn -0.991440 0.130562 0.000000
vn -0.923895 0.382645 0.000000
vn -0.923895 0.382645 0.000000
vn -0.793332 0.608789 0.000000
vn -0.793332 0.608789 0.000000
vn -0.608765 0.793351 0.000000
vn -0.608765 0.793351 0.000000
vn -0.382679 0.923881 0.000000
vn -0.382679 0.923881 0.000000
vn -0.130537 0.991443 0.000000
vn -0.130537 0.991443 0.000000
vn 0.130529 0.991444 0.000000
vn 0.130529 0.991444 -0.000000
vn 0.382679 0.923881 0.000000
vn 0.382679 0.923881 -0.000000
vn 0.608765 0.793351 0.000000
vn 0.608765 0.793351 -0.000000
vn 0.793332 0.608789 0.000000
vn 0.793332 0.608789 -0.000000
vn 0.923895 0.382645 0.000000
vn 0.923895 0.382645 -0.000000
vn 0.991440 0.130562 0.000000
vn 0.991440 0.130562 -0.000000
vn 0.991440 -0.130562 0.000000
vn 0.991440 -0.130562 0.000000
vn 0.923895 -0.382645 0.000000
vn 0.923895 -0.382645 0.000000
vn 0.793332 -0.608789 0.000000
vn 0.793332 -0.608789 0.000000
vn 0.608765 -0.793351 0.000000
vn 0.608765 -0.793351 0.000000
vn 0.382679 -0.923881 0.000000
vn 0.382679 -0.923881 0.000000
vn 0.130529 -0.991444 0.000000
vn 0.130529 -0.991444 0.000000
vn -0.130537 -0.991443 0.000000
vn -0.130537 -0.991443 0.000000
vn -0.382679 -0.923881 0.000000
vn -0.382679 -0.923881 0.000000
vn -0.608765 -0.793351 0.000000
vn -0.608765 -0.793351 0.000000
vn -0.793332 -0.608789 0.000000
vn -0.793332 -0.608789 0.000000
vn -0.923895 -0.382645 0.000000
vn -0.923895 -0.382645 0.000000
vn -0.991440 0.130562 0.000000
vn -0.991440 0.130562 0.000000
vn -0.991440 -0.130562 0.000000
vn -0.991440 -0.130562 -0.000000
vn -0.923895 -0.382645 0.000000
vn -0.923895 -0.382645 -0.000000
vn -0.793332 -0.608789 0.000000
vn -0.793332 -0.608789 -0.000000
vn -0.608765 -0.793351 0.000000
vn -0.608765 -0.793351 -0.000000
vn -0.382679 -0.923881 0.000000
vn -0.382679 -0.923881 -0.000000
vn -0.130537 -0.991443 0.000000
vn -0.130537 -0.991443 -0.000000
vn 0.130529 -0.991444 0.000000
vn 0.130529 -0.991444 0.000000
vn 0.382679 -0.923881 0.000000
vn 0.382679 -0.923881 0.000000
vn 0.608765 -0.793351 0.000000
vn 0.608765 -0.793351 0.000000
vn 0.793332 -0.608789 0.000000
vn 0.793332 -0.608789 0.000000
vn 0.923895 -0.382645 0.000000
vn 0.923895 -0.382645 0.000000
vn 0.991440 -0.130562 0.000000
vn 0.991440 -0.130562 0.000000
vn 0.991440 0.130562 0.000000
vn 0.991440 0.130562 0.000000
vn 0.923895 0.382645 0.000000
vn 0.923895 0.382645 0.000000
vn 0.793332 0.608789 0.000000
vn 0.793332 0.608789 0.000000
vn 0.608765 0.793351 0.000000
vn 0.608765 0.793351 0.000000
vn 0.382679 0.923881 0.000000
vn 0.382679 0.923881 0.000000
vn 0.130529 0.991444 0.000000
vn 0.130529 0.991444 0.000000
vn -0.130537 0.991443 0.000000
vn -0.130537 0.991443 0.000000
vn -0.382679 0.923881 0.000000
vn -0.382679 0.923881 0.000000
vn -0.608765 0.793351 0.000000
vn -0.608765 0.793351 0.000000
vn -0.793332 0.608789 0.000000
vn -0.793332 0.608789 0.000000
vn -0.923895 0.382645 0.000000
vn -0.923895 0.382645 0.000000
vn 0.000000 0.000000 1.000000
vn 0.000000 0.000000 1.000000
vn 0.000000 -0.000000 1.000000
vn 0.000000 -0.000000 1.000000
vn 0.000000 -0.000000 1.000000
vn 0.000000 -0.000000 1.000000
vn 0.000000 -0.000000 1.000000
vn 0.000000 -0.000000 1.000000
vn 0.000000 -0.000000 1.000000
vn 0.000000 -0.000000 1.000000
vn 0.000000 -0.000000 1.000000
vn 0.000000 -0.000000 1.000000
vn 0.000000 -0.000000 1.000000
vn 0.000000 0.000000 1.000000
vn 0.000000 0.000000 1.000000
vn 0.000000 0.000000 1.000000
vn 0.000000 0.000000 1.000000
vn 0.000000 0.000000 1.000000
vn 0.000000 0.000000 1.000000
vn 0.000000 0.000000 1.000000
vn 0.000000 0.000000 1.000000
vn 0.000000 0.000000 1.000000
vn -0.991440 -0.130561 0.000000
vn -0.991440 -0.130561 0.000000
vn -0.991440 0.130561 0.000000
vn -0.991440 0.130561 0.000000
vn -0.923895 0.382645 0.000000
vn -0.923895 0.382645 0.000000
vn -0.793327 0.608796 0.000000
vn -0.793327 0.608796 0.000000
vn -0.608770 0.793347 0.000000
vn -0.608770 0.793347 0.000000
vn -0.382679 0.923881 0.000000
vn -0.382679 0.923881 0.000000
vn -0.130537 0.991443 0.000000
vn -0.130537 0.991443 0.000000
vn 0.130529 0.991444 0.000000
vn 0.130529 0.991444 -0.000000
vn 0.382679 0.923881 0.000000
vn 0.382679 0.923881 -0.000000
vn 0.608770 0.793347 0.000000
vn 0.608770 0.793347 -0.000000
vn 0.793327 0.608796 0.000000
vn 0.793327 0.608796 -0.000000
vn 0.923895 0.382645 0.000000
vn 0.923895 0.382645 -0.000000
vn 0.991440 0.130561 0.000000
vn 0.991440 0.130561 -0.000000
vn 0.991440 -0.130561 0.000000
vn 0.991440 -0.130561 0.000000
vn 0.923895 -0.382645 0.000000
vn 0.923895 -0.382645 0.000000
vn 0.793327 -0.608796 0.000000
vn 0.793327 -0.608796 0.000000
vn 0.608770 -0.793347 0.000000
vn 0.608770 -0.793347 0.000000
vn 0.382679 -0.923881 0.000000
vn 0.382679 -0.923881 0.000000
vn 0.130529 -0.991444 0.000000
vn 0.130529 -0.991444 0.000000
vn -0.130537 -0.991443 0.000000
vn -0.130537 -0.991443 0.000000
vn -0.382679 -0.923881 0.000000
vn -0.382679 -0.923881 0.000000
vn -0.608770 -0.793347 0.000000
vn -0.608770 -0.793347 0.000000
vn -0.793327 -0.608796 0.000000
vn -0.793327 -0.608796 0.000000
vn -0.923895 -0.382645 0.000000
vn -0.923895 -0.382645 0.000000
vn -0.991440 0.130561 0.000000
vn -0.991440 0.130561 0.000000
vn -0.991440 -0.130561 0.000000
vn -0.991440 -0.130561 -0.000000
vn -0.923895 -0.382645 0.000000
vn -0.923895 -0.382645 -0.000000
vn -0.793327 -0.608796 0.000000
vn -0.793327 -0.608796 -0.000000
vn -0.608770 -0.793347 0.000000
vn -0.608770 -0.793347 -0.000000
vn -0.382679 -0.923881 0.000000
vn -0.382679 -0.923881 -0.000000
vn -0.130537 -0.991443 0.000000
vn -0.130537 -0.991443 -0.000000
vn 0.130529 -0.991444 0.000000
vn 0.130529 -0.991444 0.000000
vn 0.382679 -0.923881 0.000000
vn 0.382679 -0.923881 0.000000
vn 0.608770 -0.793347 0.000000
vn 0.608770 -0.793347 0.000000
vn 0.793327 -0.608796 0.000000
vn 0.793327 -0.608796 0.000000
vn 0.923895 -0.382645 0.000000
vn 0.923895 -0.382645 0.000000
vn 0.991440 -0.130561 0.000000
vn 0.991440 -0.130561 0.000000
vn 0.991440 0.130561 0.000000
vn 0.991440 0.130561 0.000000
vn 0.923895 0.382645 0.000000
vn 0.923895 0.382645 0.000000
vn 0.793327 0.608796 0.000000
vn 0.793327 0.608796 0.000000
vn 0.608770 0.793347 0.000000
vn 0.608770 0.793347 0.000000
vn 0.382679 0.923881 0.000000
vn 0.382679 0.923881 0.000000
vn 0.130529 0.991444 0.000000
vn 0.130529 0.991444 0.000000
vn -0.130537 0.991443 0.000000
vn -0.130537 0.991443 0.000000
vn -0.382679 0.923881 0.000000
vn -0.382679 0.923881 0.000000
vn -0.608770 0.793347 0.000000
vn -0.608770 0.793347 0.000000
vn -0.793327 0.608796 0.000000
vn -0.793327 0.608796 0.000000
vn -0.923895 0.382645 0.000000
vn -0.923895 0.382645 0.000000
vn 0.000000 0.000000 1.000000
vn 0.000000 0.000000 1.000000
vn 0.000000 -0.000000 1.000000
vn 0.000000 -0.000000 1.000000
vn 0.000000 -0.000000 1.000000
vn 0.000000 -0.000000 1.000000
vn 0.000000 -0.000000 1.000000
vn 0.000000 -0.000000 1.000000
vn 0.000000 -0.000000 1.000000
vn 0.000000 -0.000000 1.000000
vn 0.000000 -0.000000 1.000000
vn 0.000000 -0.000000 1.000000
vn 0.000000 -0.000000 1.000000
vn 0.000000 0.000000 1.000000
vn 0.000000 0.000000 1.000000
vn 0.000000 0.000000 1.000000
vn 0.000000 0.000000 1.000000
vn 0.000000 0.000000 1.000000
vn 0.000000 0.000000 1.000000
vn 0.000000 0.000000 1.000000
vn 0.000000 0.000000 1.000000
vn 0.000000 0.000000 1.000000
vn 0.987688 -0.156434 0.000000
vn 0.987688 -0.156434 0.000000
vn 0.000000 0.000000 1.000000
vn 0.000000 0.000000 1.000000
vn -0.987688 0.156435 0.000000
vn -0.987688 0.156435 0.000000
vn -0.987688 0.156434 0.000000
vn -0.987688 0.156434 0.000000
vn 0.000000 -0.000000 1.000000
vn -0.000000 0.000000 1.000000
vn 0.156435 0.987688 0.000000
vn 0.156435 0.987688 0.000000
vn 0.156434 0.987688 0.000000
vn 0.156435 0.987688 -0.000000
vn 0.156434 0.987688 0.000000
vn 0.156434 0.987688 0.000000
vn 0.000000 0.000000 1.000000
vn 0.000000 0.000000 1.000000
vn 0.000000 -0.000000 1.000000
vn 0.000000 -0.000000 1.000000
vn 0.000000 -0.000000 1.000000
vn 0.000000 -0.000000 1.000000
vn 0.000000 -0.000000 1.000000
vn 0.000000 -0.000000 1.000000
vn 0.000000 -0.000000 1.000000
vn 0.000000 -0.000000 1.000000
vn 0.000000 -0.000000 1.000000
vn 0.000000 -0.000000 1.000000
vn 0.000000 -0.000000 1.000000
vn 0.000000 0.000000 1.000000
vn 0.000000 0.000000 1.000000
vn 0.000000 0.000000 1.000000
vn 0.000000 0.000000 1.000000
vn 0.000000 0.000000 1.000000
vn 0.000000 0.000000 1.000000
vn 0.000000 0.000000 1.000000
vn 0.000000 0.000000 1.000000
vn 0.000000 0.000000 1.000000
vn -0.640597 0.767877 0.000000
vn -0.640597 0.767877 0.000000
vn -0.640597 0.767877 0.000000
vn -0.436550 0.899680 0.000000
vn -0.436550 0.899680 0.000000
vn -0.206720 0.978400 0.000000
vn -0.206720 0.978400 0.000000
vn 0.035305 0.999377 0.000000
vn 0.035305 0.999377 0.000000
vn 0.035305 0.999377 0.000000
vn -0.206720 0.978400 0.000000
vn -0.206720 0.978400 0.000000
vn -0.436550 0.899680 0.000000
vn -0.436550 0.899680 0.000000
vn 0.846539 0.532326 0.000000
vn 0.846539 0.532326 0.000000
vn 0.846539 0.532326 0.000000
vn 0.693191 0.720754 0.000000
vn 0.693191 0.720754 0.000000
vn 0.498949 0.866632 0.000000
vn 0.498949 0.866632 0.000000
vn 0.275243 0.961375 0.000000
vn 0.275243 0.961375 0.000000
vn 0.275243 0.961375 -0.000000
vn 0.498949 0.866632 0.000000
vn 0.498949 0.866632 -0.000000
vn 0.693191 0.720754 0.000000
vn 0.693191 0.720754 -0.000000
vn 0.000000 0.000000 1.000000
vn 0.000000 0.000000 1.000000
vn 0.000000 -0.000000 1.000000
vn 0.000000 -0.000000 1.000000
vn 0.000000 -0.000000 1.000000
vn 0.000000 -0.000000 1.000000
vn 0.000000 -0.000000 1.000000
vn 0.000000 -0.000000 1.000000
vn 0.000000 -0.000000 1.000000
vn 0.000000 -0.000000 1.000000
vn 0.000000 -0.000000 1.000000
vn 0.000000 -0.000000 1.000000
vn 0.000000 -0.000000 1.000000
vn 0.000000 0.000000 1.000000
vn 0.000000 0.000000 1.000000
vn 0.000000 0.000000 1.000000
vn 0.000000 0.000000 1.000000
vn 0.000000 0.000000 1.000000
vn 0.000000 0.000000 1.000000
vn 0.000000 0.000000 1.000000
vn 0.000000 0.000000 1.000000
vn 0.000000 0.000000 1.000000
vn 0.000000 0.000000 1.000000
vn 0.000000 0.000000 1.000000
vn 0.000000 -0.000000 1.000000
vn 0.000000 -0.000000 1.000000
vn 0.000000 -0.000000 1.000000
vn 0.000000 -0.000000 1.000000
vn 0.000000 -0.000000 1.000000
vn 0.000000 -0.000000 1.000000
vn 0.000000 -0.000000 1.000000
vn 0.000000 -0.000000 1.000000
vn 0.000000 -0.000000 1.000000
vn 0.000000 -0.000000 1.000000
vn 0.000000 -0.000000 1.000000
vn 0.000000 0.000000 1.000000
vn 0.000000 0.000000 1.000000
vn 0.000000 0.000000 1.000000
vn 0.000000 0.000000 1.000000
vn 0.000000 0.000000 1.000000
vn 0.000000 0.000000 1.000000
vn 0.000000 0.000000 1.000000
vn 0.000000 0.000000 1.000000
vn 0.000000 0.000000 1.000000
vn 0.000000 1.000000 0.000000
vn 0.000000 1.000000 0.000000
vn 0.000000 1.000000 -0.000000
vn 0.000000 1.000000 0.000000
vn 0.000000 0.000000 1.000000
vn 0.000000 0.000000 1.000000
vn 0.000000 -0.000000 1.000000
vn 0.000000 -0.000000 1.000000
vn 0.000000 -0.000000 1.000000
vn 0.000000 -0.000000 1.000000
vn 0.000000 -0.000000 1.000000
vn 0.000000 -0.000000 1.000000
vn 0.000000 -0.000000 1.000000
vn 0.000000 -0.000000 1.000000
vn 0.000000 -0.000000 1.000000
vn 0.000000 -0.000000 1.000000
vn 0.000000 -0.000000 1.000000
vn 0.000000 0.000000 1.000000
vn 0.000000 0.000000 1.000000
vn 0.000000 0.000000 1.000000
vn 0.000000 0.000000 1.000000
vn 0.000000 0.000000 1.000000
vn 0.000000 0.000000 1.000000
vn 0.000000 0.000000 1.000000
vn 0.000000 0.000000 1.000000
vn 0.000000 0.000000 1.000000
vn 0.000000 -0.707107 0.707107
vn 0.000000 -0.707107 0.707107
vn -0.038309 0.706588 0.706588
vn -0.039616 0.705440 0.707661
vn -0.114644 0.699291 0.705584
vn -0.118180 0.695554 0.708688
vn -0.189825 0.683692 0.704650
vn -0.195050 0.677036 0.709632
vn -0.262951 0.659954 0.703788
vn -0.269296 0.650138 0.710493
vn -0.333127 0.628349 0.702997
vn -0.340014 0.615204 0.711277
vn -0.399510 0.589229 0.702283
vn -0.406345 0.572692 0.711975
vn -0.461284 0.543068 0.701637
vn -0.467491 0.523123 0.712597
vn -0.517706 0.490392 0.701068
vn -0.522714 0.467126 0.713136
vn -0.568076 0.431843 0.700572
vn -0.571343 0.405386 0.713603
vn -0.611788 0.368099 0.700156
vn -0.612794 0.338681 0.713987
vn -0.648305 0.299940 0.699811
vn -0.646570 0.267817 0.714297
vn -0.677181 0.228169 0.699546
vn -0.672264 0.193679 0.714528
vn -0.698068 0.153652 0.699351
vn -0.689571 0.117158 0.714679
vn -0.710697 0.077297 0.699239
vn -0.698269 0.039214 0.714760
vn -0.714923 0.000000 0.699203
vn -0.698269 -0.039214 0.714760
vn -0.710697 -0.077297 0.699239
vn -0.689571 -0.117158 0.714679
vn -0.698068 -0.153652 0.699351
vn -0.672264 -0.193679 0.714528
vn -0.677181 -0.228169 0.699546
vn -0.646571 -0.267817 0.714297
vn -0.648305 -0.299941 0.699811
vn -0.612794 -0.338682 0.713987
vn -0.611788 -0.368098 0.700157
vn -0.571342 -0.405386 0.713604
vn -0.568075 -0.431842 0.700573
vn -0.522714 -0.467125 0.713137
vn -0.517705 -0.490392 0.701069
vn -0.467491 -0.523123 0.712597
vn -0.461284 -0.543067 0.701638
vn -0.406345 -0.572691 0.711975
vn -0.399509 -0.589230 0.702282
vn -0.340014 -0.615206 0.711276
vn -0.333127 -0.628349 0.702997
vn -0.269296 -0.650138 0.710493
vn -0.262951 -0.659954 0.703788
vn -0.195050 -0.677036 0.709632
vn -0.189825 -0.683691 0.704651
vn -0.118179 -0.695553 0.708688
vn -0.114643 -0.699291 0.705584
vn -0.039617 -0.705440 0.707661
vn -0.038310 -0.706588 0.706588
vn 0.000000 0.707107 0.707107
vn 0.000000 0.707107 0.707107
vn -0.996765 0.080371 0.000000
vn -0.996765 0.080371 0.000000
vn -0.972816 0.231579 0.000000
vn -0.972816 0.231579 0.000000
vn -0.926063 0.377370 0.000000
vn -0.926063 0.377370 0.000000
vn -0.857607 0.514306 0.000000
vn -0.857607 0.514306 0.000000
vn -0.769045 0.639194 0.000000
vn -0.769045 0.639194 0.000000
vn -0.662459 0.749098 0.000000
vn -0.662459 0.749098 0.000000
vn -0.540350 0.841440 0.000000
vn -0.540350 0.841440 0.000000
vn -0.405568 0.914065 0.000000
vn -0.405568 0.914065 0.000000
vn -0.261285 0.965262 0.000000
vn -0.261285 0.965262 0.000000
vn -0.110877 0.993834 0.000000
vn -0.110877 0.993834 0.000000
vn 0.042131 0.999112 0.000000
vn 0.042131 0.999112 -0.000000
vn 0.194151 0.980972 0.000000
vn 0.194151 0.980972 -0.000000
vn 0.341619 0.939839 0.000000
vn 0.341619 0.939839 -0.000000
vn 0.481083 0.876675 0.000000
vn 0.481083 0.876675 -0.000000
vn 0.609267 0.792965 0.000000
vn 0.609267 0.792965 -0.000000
vn 0.723175 0.690664 0.000000
vn 0.723175 0.690664 -0.000000
vn 0.820125 0.572184 0.000000
vn 0.820125 0.572184 -0.000000
vn 0.897860 0.440281 0.000000
vn 0.897860 0.440281 -0.000000
vn 0.954544 0.298069 0.000000
vn 0.954544 0.298069 -0.000000
vn 0.988858 0.148862 0.000000
vn 0.988858 0.148862 -0.000000
vn 0.999993 -0.003834 0.000000
vn 0.999993 -0.003834 0.000000
vn 0.987688 -0.156436 0.000000
vn 0.987688 -0.156436 0.000000
vn 0.952233 -0.305371 0.000000
vn 0.952233 -0.305371 0.000000
vn 0.894459 -0.447150 0.000000
vn 0.894459 -0.447150 0.000000
vn 0.815721 -0.578445 0.000000
vn 0.815721 -0.578445 0.000000
vn 0.717858 -0.696189 0.000000
vn 0.717858 -0.696189 0.000000
vn 0.603173 -0.797610 0.000000
vn 0.603173 -0.797610 0.000000
vn 0.474351 -0.880336 0.000000
vn 0.474351 -0.880336 0.000000
vn 0.334409 -0.942428 0.000000
vn 0.334409 -0.942428 0.000000
vn 0.186628 -0.982431 0.000000
vn 0.186628 -0.982431 0.000000
vn 0.034474 -0.999406 0.000000
vn 0.034474 -0.999406 0.000000
vn -0.118488 -0.992955 0.000000
vn -0.118488 -0.992955 0.000000
vn -0.268674 -0.963231 0.000000
vn -0.268674 -0.963231 0.000000
vn -0.412561 -0.910930 0.000000
vn -0.412561 -0.910930 0.000000
vn -0.546778 -0.837277 0.000000
vn -0.546778 -0.837277 0.000000
vn -0.668182 -0.743998 0.000000
vn -0.668182 -0.743998 0.000000
vn -0.773922 -0.633281 0.000000
vn -0.773922 -0.633281 0.000000
vn -0.861521 -0.507721 0.000000
vn -0.861521 -0.507721 0.000000
vn -0.928928 -0.370261 0.000000
vn -0.928928 -0.370261 0.000000
vn -0.974561 -0.224123 0.000000
vn -0.974561 -0.224123 0.000000
vn -0.997352 -0.072730 0.000000
vn -0.997352 -0.072730 0.000000
vn -0.054137 0.998533 0.000000
vn -0.054137 0.998533 0.000000
vn -0.161784 0.986826 0.000000
vn -0.161784 0.986826 0.000000
vn -0.267527 0.963551 0.000000
vn -0.267527 0.963551 0.000000
vn -0.370140 0.928976 0.000000
vn -0.370140 0.928976 0.000000
vn -0.468405 0.883514 0.000000
vn -0.468405 0.883514 0.000000
vn -0.561190 0.827687 0.000000
vn -0.561190 0.827687 0.000000
vn -0.647385 0.762163 0.000000
vn -0.647385 0.762163 0.000000
vn -0.725999 0.687696 0.000000
vn -0.725999 0.687696 0.000000
vn -0.796091 0.605177 0.000000
vn -0.796091 0.605177 0.000000
vn -0.856858 0.515552 0.000000
vn -0.856858 0.515552 0.000000
vn -0.907574 0.419892 0.000000
vn -0.907574 0.419892 0.000000
vn -0.947653 0.319302 0.000000
vn -0.947653 0.319302 0.000000
vn -0.976622 0.214964 0.000000
vn -0.976622 0.214964 0.000000
vn -0.994137 0.108125 0.000000
vn -0.994137 0.108125 0.000000
vn -1.000000 0.000000 0.000000
vn -1.000000 0.000000 0.000000
vn -0.994137 -0.108125 0.000000
vn -0.994137 -0.108125 0.000000
vn -0.976622 -0.214964 0.000000
vn -0.976622 -0.214964 0.000000
vn -0.947653 -0.319302 0.000000
vn -0.947653 -0.319302 0.000000
vn -0.907574 -0.419892 0.000000
vn -0.907574 -0.419892 0.000000
vn -0.856858 -0.515552 0.000000
vn -0.856858 -0.515552 0.000000
vn -0.796091 -0.605177 0.000000
vn -0.796091 -0.605177 0.000000
vn -0.725999 -0.687696 0.000000
vn -0.725999 -0.687696 0.000000
vn -0.647385 -0.762163 0.000000
vn -0.647385 -0.762163 0.000000
vn -0.561189 -0.827688 0.000000
vn -0.561189 -0.827688 0.000000
vn -0.468406 -0.883513 0.000000
vn -0.468406 -0.883513 0.000000
vn -0.370140 -0.928976 0.000000
vn -0.370140 -0.928976 0.000000
vn -0.267528 -0.963550 0.000000
vn -0.267528 -0.963550 0.000000
vn -0.161782 -0.986827 0.000000
vn -0.161782 -0.986827 0.000000
vn -0.054139 -0.998533 0.000000
vn -0.054139 -0.998533 0.000000
f 2950//1 2944//1 2945//1
f 2951//2 2950//2 2945//2
f 2947//3 2950//3 2951//3
f 2948//4 2947//4 2951//4
f 2941//5 2947//5 2948//5
f 2942//6 2941//6 2948//6
f 2932//7 2941//7 2942//7
f 2933//8 2932//8 2942//8
f 2922//9 2932//9 2933//9
f 2923//10 2922//10 2933//10
f 2897//11 2922//11 2923//11
f 2898//12 2897//12 2923//12
f 2880//13 2897//13 2898//13
f 2881//14 2880//14 2898//14
f 2860//15 2880//15 2881//15
f 2861//16 2860//16 2881//16
f 2842//17 2860//17 2861//17
f 2843//18 2842//18 2861//18
f 2832//19 2842//19 2843//19
f 2833//20 2832//20 2843//20
f 2816//21 2832//21 2833//21
f 2817//22 2816//22 2833//22
f 2806//23 2816//23 2817//23
f 2807//24 2806//24 2817//24
f 2800//25 2806//25 2807//25
f 2801//26 2800//26 2807//26
f 2803//27 2800//27 2801//27
f 2804//28 2803//28 2801//28
f 2813//29 2803//29 2804//29
f 2814//30 2813//30 2804//30
f 2829//31 2813//31 2814//31
f 2830//32 2829//32 2814//32
f 2839//33 2829//33 2830//33
f 2840//34 2839//34 2830//34
f 2857//35 2839//35 2840//35
f 2858//36 2857//36 2840//36
f 2877//37 2857//37 2858//37
f 2878//38 2877//38 2858//38
f 2894//39 2877//39 2878//39
f 2895//40 2894//40 2878//40
f 2919//41 2894//41 2895//41
f 2920//42 2919//42 2895//42
f 2929//43 2919//43 2920//43
f 2930//44 2929//44 2920//44
f 2938//45 2929//45 2930//45
f 2939//46 2938//46 2930//46
f 2944//47 2938//47 2939//47
f 2945//48 2944//48 2939//48
f 2952//49 2949//49 2948//49
f 2951//50 2952//50 2948//50
f 2946//51 2952//51 2951//51
f 2945//52 2946//52 2951//52
f 2940//53 2946//53 2945//53
f 2939//54 2940//54 2945//54
f 2931//55 2940//55 2939//55
f 2930//56 2931//56 2939//56
f 2921//57 2931//57 2930//57
f 2920//58 2921//58 2930//58
f 2896//59 2921//59 2920//59
f 2895//60 2896//60 2920//60
f 2879//61 2896//61 2895//61
f 2878//62 2879//62 2895//62
f 2859//63 2879//63 2878//63
f 2858//64 2859//64 2878//64
f 2841//65 2859//65 2858//65
f 2840//66 2841//66 2858//66
f 2831//67 2841//67 2840//67
f 2830//68 2831//68 2840//68
f 2815//69 2831//69 2830//69
f 2814//70 2815//70 2830//70
f 2805//71 2815//71 2814//71
f 2804//72 2805//72 2814//72
f 2802//73 2805//73 2804//73
f 2801//74 2802//74 2804//74
f 2808//75 2802//75 2801//75
f 2807//76 2808//76 2801//76
f 2818//77 2808//77 2807//77
f 2817//78 2818//78 2807//78
f 2834//79 2818//79 2817//79
f 2833//80 2834//80 2817//80
f 2844//81 2834//81 2833//81
f 2843//82 2844//82 2833//82
f 2862//83 2844//83 2843//83
f 2861//84 2862//84 2843//84
f 2882//85 2862//85 2861//85
f 2881//86 2882//86 2861//86
f 2899//87 2882//87 2881//87
f 2898//88 2899//88 2881//88
f 2924//89 2899//89 2898//89
f 2923//90 2924//90 2898//90
f 2934//91 2924//91 2923//91
f 2933//92 2934//92 2923//92
f 2943//93 2934//93 2933//93
f 2942//94 2943//94 2933//94
f 2949//95 2943//95 2942//95
f 2948//96 2949//96 2942//96
f 2489//97 2483//97 2484//97
f 2490//98 2489//98 2484//98
f 2486//99 2489//99 2490//99
f 2487//100 2486//100 2490//100
f 2476//101 2486//101 2487//101
f 2477//102 2476//102 2487//102
f 2468//103 2476//103 2477//103
f 2469//104 2468//104 2477//104
f 2462//105 2468//105 2469//105
f 2463//106 2462//106 2469//106
f 2456//107 2462//107 2463//107
f 2457//108 2456//108 2463//108
f 2450//109 2456//109 2457//109
f 2451//110 2450//110 2457//110
f 2440//111 2450//111 2451//111
f 2441//112 2440//112 2451//112
f 2429//113 2440//113 2441//113
f 2430//114 2429//114 2441//114
f 2403//115 2429//115 2430//115
f 2404//116 2403//116 2430//116
f 2391//117 2403//117 2404//117
f 2392//118 2391//118 2404//118
f 2383//119 2391//119 2392//119
f 2384//120 2383//120 2392//120
f 2377//121 2383//121 2384//121
f 2378//122 2377//122 2384//122
f 2380//123 2377//123 2378//123
f 2381//124 2380//124 2378//124
f 2388//125 2380//125 2381//125
f 2389//126 2388//126 2381//126
f 2400//127 2388//127 2389//127
f 2401//128 2400//128 2389//128
f 2426//129 2400//129 2401//129
f 2427//130 2426//130 2401//130
f 2437//131 2426//131 2427//131
f 2438//132 2437//132 2427//132
f 2447//133 2437//133 2438//133
f 2448//134 2447//134 2438//134
f 2453//135 2447//135 2448//135
f 2454//136 2453//136 2448//136
f 2459//137 2453//137 2454//137
f 2460//138 2459//138 2454//138
f 2465//139 2459//139 2460//139
f 2466//140 2465//140 2460//140
f 2473//141 2465//141 2466//141
f 2474//142 2473//142 2466//142
f 2483//143 2473//143 2474//143
f 2484//144 2483//144 2474//144
f 2491//145 2488//145 2487//145
f 2490//146 2491//146 2487//146
f 2485//147 2491//147 2490//147
f 2484//148 2485//148 2490//148
f 2475//149 2485//149 2484//149
f 2474//150 2475//150 2484//150
f 2467//151 2475//151 2474//151
f 2466//152 2467//152 2474//152
f 2461//153 2467//153 2466//153
f 2460//154 2461//154 2466//154
f 2455//155 2461//155 2460//155
f 2454//156 2455//156 2460//156
f 2449//157 2455//157 2454//157
f 2448//158 2449//158 2454//158
f 2439//159 2449//159 2448//159
f 2438//160 2439//160 2448//160
f 2428//161 2439//161 2438//161
f 2427//162 2428//162 2438//162
f 2402//163 2428//163 2427//163
f 2401//164 2402//164 2427//164
f 2390//165 2402//165 2401//165
f 2389//166 2390//166 2401//166
f 2382//167 2390//167 2389//167
f 2381//168 2382//168 2389//168
f 2379//169 2382//169 2381//169
f 2378//170 2379//170 2381//170
f 2385//171 2379//171 2378//171
f 2384//172 2385//172 2378//172
f 2393//173 2385//173 2384//173
f 2392//174 2393//174 2384//174
f 2405//175 2393//175 2392//175
f 2404//176 2405//176 2392//176
f 2431//177 2405//177 2404//177
f 2430//178 2431//178 2404//178
f 2442//179 2431//179 2430//179
f 2441//180 2442//180 2430//180
f 2452//181 2442//181 2441//181
f 2451//182 2452//182 2441//182
f 2458//183 2452//183 2451//183
f 2457//184 2458//184 2451//184
f 2464//185 2458//185 2457//185
f 2463//186 2464//186 2457//186
f 2470//187 2464//187 2463//187
f 2469//188 2470//188 2463//188
f 2478//189 2470//189 2469//189
f 2477//190 2478//190 2469//190
f 2488//191 2478//191 2477//191
f 2487//192 2488//192 2477//192
f 2368//193 2362//193 2363//193
f 2369//194 2368//194 2363//194
f 2365//195 2368//195 2369//195
f 2366//196 2365//196 2369//196
f 2355//197 2365//197 2366//197
f 2356//198 2355//198 2366//198
f 2349//199 2355//199 2356//199
f 2350//200 2349//200 2356//200
f 2339//201 2349//201 2350//201
f 2340//202 2339//202 2350//202
f 2333//203 2339//203 2340//203
f 2334//204 2333//204 2340//204
f 2327//205 2333//205 2334//205
f 2328//206 2327//206 2334//206
f 2320//207 2327//207 2328//207
f 2321//208 2320//208 2328//208
f 2310//209 2320//209 2321//209
f 2311//210 2310//210 2321//210
f 2304//211 2310//211 2311//211
f 2305//212 2304//212 2311//212
f 2290//213 2304//213 2305//213
f 2291//214 2290//214 2305//214
f 2282//215 2290//215 2291//215
f 2283//216 2282//216 2291//216
f 2276//217 2282//217 2283//217
f 2277//218 2276//218 2283//218
f 2279//219 2276//219 2277//219
f 2280//220 2279//220 2277//220
f 2287//221 2279//221 2280//221
f 2288//222 2287//222 2280//222
f 2301//223 2287//223 2288//223
f 2302//224 2301//224 2288//224
f 2307//225 2301//225 2302//225
f 2308//226 2307//226 2302//226
f 2317//227 2307//227 2308//227
f 2318//228 2317//228 2308//228
f 2324//229 2317//229 2318//229
f 2325//230 2324//230 2318//230
f 2330//231 2324//231 2325//231
f 2331//232 2330//232 2325//232
f 2336//233 2330//233 2331//233
f 2337//234 2336//234 2331//234
f 2346//235 2336//235 2337//235
f 2347//236 2346//236 2337//236
f 2352//237 2346//237 2347//237
f 2353//238 2352//238 2347//238
f 2362//239 2352//239 2353//239
f 2363//240 2362//240 2353//240
f 2370//241 2367//241 2366//241
f 2369//242 2370//242 2366//242
f 2364//243 2370//243 2369//243
f 2363//244 2364//244 2369//244
f 2354//245 2364//245 2363//245
f 2353//246 2354//246 2363//246
f 2348//247 2354//247 2353//247
f 2347//248 2348//248 2353//248
f 2338//249 2348//249 2347//249
f 2337//250 2338//250 2347//250
f 2332//251 2338//251 2337//251
f 2331//252 2332//252 2337//252
f 2326//253 2332//253 2331//253
f 2325//254 2326//254 2331//254
f 2319//255 2326//255 2325//255
f 2318//256 2319//256 2325//256
f 2309//257 2319//257 2318//257
f 2308//258 2309//258 2318//258
f 2303//259 2309//259 2308//259
f 2302//260 2303//260 2308//260
f 2289//261 2303//261 2302//261
f 2288//262 2289//262 2302//262
f 2281//263 2289//263 2288//263
f 2280//264 2281//264 2288//264
f 2278//265 2281//265 2280//265
f 2277//266 2278//266 2280//266
f 2284//267 2278//267 2277//267
f 2283//268 2284//268 2277//268
f 2292//269 2284//269 2283//269
f 2291//270 2292//270 2283//270
f 2306//271 2292//271 2291//271
f 2305//272 2306//272 2291//272
f 2312//273 2306//273 2305//273
f 2311//274 2312//274 2305//274
f 2322//275 2312//275 2311//275
f 2321//276 2322//276 2311//276
f 2329//277 2322//277 2321//277
f 2328//278 2329//278 2321//278
f 2335//279 2329//279 2328//279
f 2334//280 2335//280 2328//280
f 2341//281 2335//281 2334//281
f 2340//282 2341//282 2334//282
f 2351//283 2341//283 2340//283
f 2350//284 2351//284 2340//284
f 2357//285 2351//285 2350//285
f 2356//286 2357//286 2350//286
f 2367//287 2357//287 2356//287
f 2366//288 2367//288 2356//288
f 2164//289 2158//289 2159//289
f 2165//290 2164//290 2159//290
f 2161//291 2164//291 2165//291
f 2162//292 2161//292 2165//292
f 2155//293 2161//293 2162//293
f 2156//294 2155//294 2162//294
f 2143//295 2155//295 2156//295
f 2144//296 2143//296 2156//296
f 2137//297 2143//297 2144//297
f 2138//298 2137//298 2144//298
f 2128//299 2137//299 2138//299
f 2129//300 2128//300 2138//300
f 2114//301 2128//301 2129//301
f 2115//302 2114//302 2129//302
f 2100//303 2114//303 2115//303
f 2101//304 2100//304 2115//304
f 2084//305 2100//305 2101//305
f 2085//306 2084//306 2101//306
f 2076//307 2084//307 2085//307
f 2077//308 2076//308 2085//308
f 2068//309 2076//309 2077//309
f 2069//310 2068//310 2077//310
f 2062//311 2068//311 2069//311
f 2063//312 2062//312 2069//312
f 2056//313 2062//313 2063//313
f 2057//314 2056//314 2063//314
f 2059//315 2056//315 2057//315
f 2060//316 2059//316 2057//316
f 2065//317 2059//317 2060//317
f 2066//318 2065//318 2060//318
f 2073//319 2065//319 2066//319
f 2074//320 2073//320 2066//320
f 2081//321 2073//321 2074//321
f 2082//322 2081//322 2074//322
f 2097//323 2081//323 2082//323
f 2098//324 2097//324 2082//324
f 2111//325 2097//325 2098//325
f 2112//326 2111//326 2098//326
f 2125//327 2111//327 2112//327
f 2126//328 2125//328 2112//328
f 2134//329 2125//329 2126//329
f 2135//330 2134//330 2126//330
f 2140//331 2134//331 2135//331
f 2141//332 2140//332 2135//332
f 2152//333 2140//333 2141//333
f 2153//334 2152//334 2141//334
f 2158//335 2152//335 2153//335
f 2159//336 2158//336 2153//336
f 2166//337 2163//337 2162//337
f 2165//338 2166//338 2162//338
f 2160//339 2166//339 2165//339
f 2159//340 2160//340 2165//340
f 2154//341 2160//341 2159//341
f 2153//342 2154//342 2159//342
f 2142//343 2154//343 2153//343
f 2141//344 2142//344 2153//344
f 2136//345 2142//345 2141//345
f 2135//346 2136//346 2141//346
f 2127//347 2136//347 2135//347
f 2126//348 2127//348 2135//348
f 2113//349 2127//349 2126//349
f 2112//350 2113//350 2126//350
f 2099//351 2113//351 2112//351
f 2098//352 2099//352 2112//352
f 2083//353 2099//353 2098//353
f 2082//354 2083//354 2098//354
f 2075//355 2083//355 2082//355
f 2074//356 2075//356 2082//356
f 2067//357 2075//357 2074//357
f 2066//358 2067//358 2074//358
f 2061//359 2067//359 2066//359
f 2060//360 2061//360 2066//360
f 2058//361 2061//361 2060//361
f 2057//362 2058//362 2060//362
f 2064//363 2058//363 2057//363
f 2063//364 2064//364 2057//364
f 2070//365 2064//365 2063//365
f 2069//366 2070//366 2063//366
f 2078//367 2070//367 2069//367
f 2077//368 2078//368 2069//368
f 2086//369 2078//369 2077//369
f 2085//370 2086//370 2077//370
f 2102//371 2086//371 2085//371
f 2101//372 2102//372 2085//372
f 2116//373 2102//373 2101//373
f 2115//374 2116//374 2101//374
f 2130//375 2116//375 2115//375
f 2129//376 2130//376 2115//376
f 2139//377 2130//377 2129//377
f 2138//378 2139//378 2129//378
f 2145//379 2139//379 2138//379
f 2144//380 2145//380 2138//380
f 2157//381 2145//381 2144//381
f 2156//382 2157//382 2144//382
f 2163//383 2157//383 2156//383
f 2162//384 2163//384 2156//384
f 2050//385 2052//385 1752//385
f 1750//386 2050//386 1752//386
f 249//387 413//387 409//387
f 410//388 249//388 409//388
f 251//389 249//389 410//389
f 415//390 251//390 410//390
f 418//391 420//391 416//391
f 415//392 418//392 416//392
f 412//393 418//393 415//393
f 410//394 412//394 415//394
f 409//395 412//395 410//395
f 411//396 412//396 409//396
f 413//397 411//397 409//397
f 417//398 411//398 413//398
f 414//399 417//399 413//399
f 419//400 417//400 414//400
f 421//401 417//401 419//401
f 423//402 421//402 419//402
f 425//403 421//403 423//403
f 430//404 425//404 423//404
f 429//405 425//405 430//405
f 443//406 425//406 429//406
f 449//407 443//407 429//407
f 455//408 443//408 449//408
f 457//409 455//409 449//409
f 463//410 455//410 457//410
f 469//411 463//411 457//411
f 475//412 463//412 469//412
f 477//413 475//413 469//413
f 479//414 475//414 477//414
f 481//415 479//415 477//415
f 484//416 479//416 481//416
f 487//417 484//417 481//417
f 483//418 484//418 487//418
f 489//419 483//419 487//419
f 491//420 489//420 487//420
f 493//421 489//421 491//421
f 495//422 493//422 491//422
f 497//423 493//423 495//423
f 499//424 497//424 495//424
f 501//425 497//425 499//425
f 503//426 501//426 499//426
f 505//427 501//427 503//427
f 507//428 505//428 503//428
f 509//429 505//429 507//429
f 511//430 509//430 507//430
f 513//431 509//431 511//431
f 515//432 513//432 511//432
f 517//433 513//433 515//433
f 519//434 517//434 515//434
f 521//435 517//435 519//435
f 523//436 521//436 519//436
f 527//437 521//437 523//437
f 529//438 527//438 523//438
f 533//439 527//439 529//439
f 535//440 533//440 529//440
f 537//441 533//441 535//441
f 539//442 537//442 535//442
f 541//443 537//443 539//443
f 545//444 541//444 539//444
f 547//445 541//445 545//445
f 549//446 547//446 545//446
f 552//447 547//447 549//447
f 556//448 552//448 549//448
f 559//449 552//449 556//449
f 561//450 559//450 556//450
f 565//451 559//451 561//451
f 567//452 565//452 561//452
f 566//453 565//453 567//453
f 562//454 566//454 567//454
f 560//455 566//455 562//455
f 557//456 560//456 562//456
f 553//457 560//457 557//457
f 550//458 553//458 557//458
f 548//459 553//459 550//459
f 546//460 548//460 550//460
f 542//461 548//461 546//461
f 540//462 542//462 546//462
f 538//463 542//463 540//463
f 536//464 538//464 540//464
f 534//465 538//465 536//465
f 530//466 534//466 536//466
f 528//467 534//467 530//467
f 524//468 528//468 530//468
f 522//469 528//469 524//469
f 520//470 522//470 524//470
f 518//471 522//471 520//471
f 516//472 518//472 520//472
f 514//473 518//473 516//473
f 512//474 514//474 516//474
f 510//475 514//475 512//475
f 508//476 510//476 512//476
f 506//477 510//477 508//477
f 504//478 506//478 508//478
f 502//479 506//479 504//479
f 500//480 502//480 504//480
f 498//481 502//481 500//481
f 496//482 498//482 500//482
f 494//483 498//483 496//483
f 492//484 494//484 496//484
f 490//485 494//485 492//485
f 488//486 490//486 492//486
f 485//487 490//487 488//487
f 486//488 485//488 488//488
f 482//489 486//489 488//489
f 480//490 486//490 482//490
f 478//491 480//491 482//491
f 476//492 480//492 478//492
f 470//493 476//493 478//493
f 464//494 476//494 470//494
f 458//495 464//495 470//495
f 456//496 464//496 458//496
f 450//497 456//497 458//497
f 444//498 456//498 450//498
f 431//499 444//499 450//499
f 426//500 444//500 431//500
f 432//501 426//501 431//501
f 424//502 426//502 432//502
f 422//503 426//503 424//503
f 420//504 422//504 424//504
f 418//505 422//505 420//505
f 2046//506 2047//506 2041//506
f 2040//507 2046//507 2041//507
f 2039//508 2046//508 2040//508
f 2034//509 2039//509 2040//509
f 2033//510 2039//510 2034//510
f 2021//511 2033//511 2034//511
f 2020//512 2033//512 2021//512
f 2015//513 2020//513 2021//513
f 2014//514 2020//514 2015//514
f 2003//515 2014//515 2015//515
f 2002//516 2014//516 2003//516
f 1996//517 2002//517 2003//517
f 1995//518 2002//518 1996//518
f 2040//519 2041//519 2035//519
f 2034//520 2040//520 2035//520
f 2034//521 2035//521 2028//521
f 2021//522 2034//522 2028//522
f 2021//523 2028//523 2022//523
f 2016//524 2021//524 2022//524
f 2015//525 2021//525 2016//525
f 2006//526 2015//526 2016//526
f 2003//527 2015//527 2006//527
f 1998//528 2003//528 2006//528
f 1997//529 2003//529 1998//529
f 2003//530 1997//530 1996//530
f 2001//531 2002//531 1995//531
f 1994//532 2001//532 1995//532
f 2000//533 2001//533 1994//533
f 1993//534 2000//534 1994//534
f 1999//535 2000//535 1993//535
f 1992//536 1999//536 1993//536
f 2000//537 1999//537 2007//537
f 2012//538 2000//538 2007//538
f 2001//539 2000//539 2012//539
f 2013//540 2001//540 2012//540
f 2002//541 2001//541 2013//541
f 2014//542 2002//542 2013//542
f 2012//543 2007//543 2017//543
f 2018//544 2012//544 2017//544
f 2013//545 2012//545 2018//545
f 2019//546 2013//546 2018//546
f 2014//547 2013//547 2019//547
f 2020//548 2014//548 2019//548
f 2018//549 2017//549 2023//549
f 2029//550 2018//550 2023//550
f 2031//551 2018//551 2029//551
f 2036//552 2031//552 2029//552
f 2037//553 2031//553 2036//553
f 2042//554 2037//554 2036//554
f 2044//555 2037//555 2042//555
f 2043//556 2044//556 2042//556
f 2038//557 2037//557 2044//557
f 2045//558 2038//558 2044//558
f 2039//559 2038//559 2045//559
f 2046//560 2039//560 2045//560
f 2033//561 2038//561 2039//561
f 2032//562 2033//562 2020//562
f 2019//563 2032//563 2020//563
f 2031//564 2032//564 2019//564
f 2018//565 2031//565 2019//565
f 2032//566 2037//566 2038//566
f 2033//567 2032//567 2038//567
f 2031//568 2037//568 2032//568
f 1996//569 1997//569 1812//569
f 1811//570 1996//570 1812//570
f 1810//571 1996//571 1811//571
f 1995//572 1996//572 1810//572
f 1809//573 1995//573 1810//573
f 1994//574 1995//574 1809//574
f 1808//575 1994//575 1809//575
f 1993//576 1994//576 1808//576
f 1992//577 1993//577 1808//577
f 1807//578 1992//578 1808//578
f 1811//579 1812//579 1802//579
f 1800//580 1811//580 1802//580
f 1799//581 1811//581 1800//581
f 1789//582 1799//582 1800//582
f 1788//583 1799//583 1789//583
f 1783//584 1788//584 1789//584
f 1782//585 1788//585 1783//585
f 1769//586 1782//586 1783//586
f 1768//587 1782//587 1769//587
f 1763//588 1768//588 1769//588
f 1762//589 1768//589 1763//589
f 1748//590 1762//590 1763//590
f 1747//591 1762//591 1748//591
f 1800//592 1802//592 1796//592
f 1789//593 1800//593 1796//593
f 1789//594 1796//594 1785//594
f 1783//595 1789//595 1785//595
f 1783//596 1785//596 1779//596
f 1771//597 1783//597 1779//597
f 1769//598 1783//598 1771//598
f 1765//599 1769//599 1771//599
f 1763//600 1769//600 1765//600
f 1759//601 1763//601 1765//601
f 1748//602 1763//602 1759//602
f 1749//603 1748//603 1759//603
f 1761//604 1762//604 1747//604
f 1746//605 1761//605 1747//605
f 1760//606 1761//606 1746//606
f 1758//607 1760//607 1746//607
f 1764//608 1760//608 1758//608
f 1758//609 1746//609 1745//609
f 1766//610 1760//610 1764//610
f 1770//611 1766//611 1764//611
f 1780//612 1766//612 1770//612
f 1778//613 1780//613 1770//613
f 1784//614 1780//614 1778//614
f 1786//615 1780//615 1784//615
f 1795//616 1786//616 1784//616
f 1797//617 1786//617 1795//617
f 1801//618 1797//618 1795//618
f 1808//619 1797//619 1801//619
f 1807//620 1808//620 1801//620
f 1797//621 1808//621 1809//621
f 1798//622 1797//622 1809//622
f 1787//623 1797//623 1798//623
f 1788//624 1787//624 1798//624
f 1782//625 1787//625 1788//625
f 1798//626 1809//626 1810//626
f 1799//627 1798//627 1810//627
f 1788//628 1798//628 1799//628
f 1799//629 1810//629 1811//629
f 1767//630 1768//630 1762//630
f 1761//631 1767//631 1762//631
f 1766//632 1767//632 1761//632
f 1760//633 1766//633 1761//633
f 1781//634 1782//634 1768//634
f 1767//635 1781//635 1768//635
f 1780//636 1781//636 1767//636
f 1766//637 1780//637 1767//637
f 1787//638 1782//638 1781//638
f 1786//639 1787//639 1781//639
f 1797//640 1787//640 1786//640
f 1780//641 1786//641 1781//641
f 2049//642 2047//642 2046//642
f 2048//643 2049//643 2046//643
f 2045//644 2048//644 2046//644
f 2044//645 2048//645 2045//645
f 2048//646 2044//646 2043//646
f 1752//647 1753//647 1755//647
f 1754//648 1752//648 1755//648
f 1746//649 1752//649 1754//649
f 1745//650 1746//650 1754//650
f 1750//651 1752//651 1746//651
f 1747//652 1750//652 1746//652
f 1748//653 1750//653 1747//653
f 1750//654 1748//654 1749//654
f 1751//655 1750//655 1749//655
f 2952//656 2946//656 3070//656
f 3131//657 2952//657 3070//657
f 2949//658 2952//658 3131//658
f 2943//659 2949//659 3131//659
f 2985//660 2943//660 3131//660
f 2959//661 2943//661 2985//661
f 3070//662 2946//662 2940//662
f 2931//663 3070//663 2940//663
f 2921//664 3070//664 2931//664
f 3070//665 2921//665 2896//665
f 2879//666 3070//666 2896//666
f 2596//667 3070//667 2879//667
f 2859//668 2596//668 2879//668
f 2841//669 2596//669 2859//669
f 2596//670 2841//670 2831//670
f 2815//671 2596//671 2831//671
f 2805//672 2596//672 2815//672
f 2596//673 2805//673 2802//673
f 2808//674 2596//674 2802//674
f 2635//675 2596//675 2808//675
f 2818//676 2635//676 2808//676
f 2663//677 2635//677 2818//677
f 2834//678 2663//678 2818//678
f 2844//679 2663//679 2834//679
f 2863//680 2663//680 2844//680
f 2862//681 2863//681 2844//681
f 2882//682 2863//682 2862//682
f 2900//683 2863//683 2882//683
f 2899//684 2900//684 2882//684
f 2935//685 2900//685 2899//685
f 2924//686 2935//686 2899//686
f 2959//687 2935//687 2924//687
f 2934//688 2959//688 2924//688
f 2943//689 2959//689 2934//689
f 2508//690 2367//690 2370//690
f 2364//691 2508//691 2370//691
f 2493//692 2508//692 2364//692
f 2354//693 2493//693 2364//693
f 2348//694 2493//694 2354//694
f 2493//695 2348//695 2338//695
f 2332//696 2493//696 2338//696
f 2326//697 2493//697 2332//697
f 2493//698 2326//698 2319//698
f 2172//699 2493//699 2319//699
f 2309//700 2172//700 2319//700
f 2303//701 2172//701 2309//701
f 2172//702 2303//702 2289//702
f 2281//703 2172//703 2289//703
f 2278//704 2172//704 2281//704
f 2172//705 2278//705 2284//705
f 2053//706 2172//706 2284//706
f 2151//707 2172//707 2053//707
f 2051//708 2151//708 2053//708
f 2132//709 2151//709 2051//709
f 2106//710 2132//710 2051//710
f 2080//711 2106//711 2051//711
f 2072//712 2080//712 2051//712
f 1751//713 2072//713 2051//713
f 1908//714 2072//714 1751//714
f 1892//715 1908//715 1751//715
f 1877//716 1892//716 1751//716
f 1860//717 1877//717 1751//717
f 1843//718 1860//718 1751//718
f 1829//719 1843//719 1751//719
f 1820//720 1829//720 1751//720
f 1749//721 1820//721 1751//721
f 1826//722 1820//722 1749//722
f 1840//723 1826//723 1749//723
f 1857//724 1840//724 1749//724
f 1874//725 1857//725 1749//725
f 1889//726 1874//726 1749//726
f 1905//727 1889//727 1749//727
f 2047//728 1905//728 1749//728
f 1919//729 1905//729 2047//729
f 1931//730 1919//730 2047//730
f 1949//731 1931//731 2047//731
f 1961//732 1949//732 2047//732
f 1975//733 1961//733 2047//733
f 2049//734 1975//734 2047//734
f 1988//735 1975//735 2049//735
f 1978//736 1988//736 2049//736
f 1964//737 1978//737 2049//737
f 1952//738 1964//738 2049//738
f 1934//739 1952//739 2049//739
f 2055//740 1934//740 2049//740
f 1922//741 1934//741 2055//741
f 2072//742 1922//742 2055//742
f 1908//743 1922//743 2072//743
f 2053//744 2284//744 2292//744
f 2306//745 2053//745 2292//745
f 2312//746 2053//746 2306//746
f 2312//747 2322//747 1991//747
f 1981//748 2312//748 1991//748
f 2053//749 2312//749 1981//749
f 1967//750 2053//750 1981//750
f 1955//751 2053//751 1967//751
f 2322//752 2329//752 2573//752
f 2579//753 2322//753 2573//753
f 1984//754 2322//754 2579//754
f 1970//755 1984//755 2579//755
f 2604//756 1970//756 2579//756
f 1958//757 1970//757 2604//757
f 2625//758 1958//758 2604//758
f 1940//759 1958//759 2625//759
f 2699//760 1940//760 2625//760
f 1742//761 1940//761 2699//761
f 1740//762 1742//762 2699//762
f 1735//763 1740//763 2699//763
f 1727//764 1735//764 2699//764
f 1714//765 1727//765 2699//765
f 1704//766 1714//766 2699//766
f 1690//767 1704//767 2699//767
f 2571//768 2573//768 2329//768
f 2335//769 2571//769 2329//769
f 2508//770 2571//770 2335//770
f 2341//771 2508//771 2335//771
f 2351//772 2508//772 2341//772
f 2508//773 2351//773 2357//773
f 2367//774 2508//774 2357//774
f 1997//775 1998//775 2006//775
f 2016//776 1997//776 2006//776
f 2022//777 1997//777 2016//777
f 1997//778 2022//778 2028//778
f 2035//779 1997//779 2028//779
f 2041//780 1997//780 2035//780
f 1997//781 2041//781 2047//781
f 1812//782 1997//782 2047//782
f 1749//783 1812//783 2047//783
f 1759//784 1812//784 1749//784
f 2508//785 2635//785 2618//785
f 2606//786 2508//786 2618//786
f 2584//787 2508//787 2606//787
f 3131//788 3070//788 3082//788
f 3091//789 3131//789 3082//789
f 3100//790 3131//790 3091//790
f 3131//791 3100//791 3106//791
f 3119//792 3131//792 3106//792
f 3130//793 3131//793 3119//793
f 3049//794 2985//794 3131//794
f 3125//795 3049//795 3131//795
f 3123//796 3049//796 3125//796
f 3049//797 3123//797 3121//797
f 3116//798 3049//798 3121//798
f 3107//799 3049//799 3116//799
f 3049//800 3107//800 3101//800
f 3058//801 3049//801 3101//801
f 3094//802 3058//802 3101//802
f 3066//803 3058//803 3094//803
f 3083//804 3066//804 3094//804
f 3076//805 3066//805 3083//805
f 2635//806 2663//806 2636//806
f 2618//807 2635//807 2636//807
f 2508//808 2584//808 2577//808
f 2571//809 2508//809 2577//809
f 2699//810 2625//810 2794//810
f 2825//811 2699//811 2794//811
f 2835//812 2699//812 2825//812
f 2699//813 2835//813 2845//813
f 2837//814 2699//814 2845//814
f 2827//815 2699//815 2837//815
f 2699//816 2827//816 2796//816
f 2776//817 2699//817 2796//817
f 2704//818 2699//818 2776//818
f 2762//819 2704//819 2776//819
f 2706//820 2704//820 2762//820
f 2708//821 2706//821 2762//821
f 1940//822 1742//822 1755//822
f 1928//823 1940//823 1755//823
f 1914//824 1928//824 1755//824
f 1898//825 1914//825 1755//825
f 1883//826 1898//826 1755//826
f 1866//827 1883//827 1755//827
f 1849//828 1866//828 1755//828
f 1835//829 1849//829 1755//829
f 1823//830 1835//830 1755//830
f 1753//831 1823//831 1755//831
f 1832//832 1823//832 1753//832
f 1846//833 1832//833 1753//833
f 1863//834 1846//834 1753//834
f 1880//835 1863//835 1753//835
f 1895//836 1880//836 1753//836
f 1911//837 1895//837 1753//837
f 2053//838 1911//838 1753//838
f 1925//839 1911//839 2053//839
f 1937//840 1925//840 2053//840
f 1955//841 1937//841 2053//841
f 1812//842 1759//842 1765//842
f 1771//843 1812//843 1765//843
f 1779//844 1812//844 1771//844
f 1812//845 1779//845 1785//845
f 1796//846 1812//846 1785//846
f 1802//847 1812//847 1796//847
f 2322//848 1984//848 1991//848
f 252//849 416//849 323//849
f 311//850 252//850 323//850
f 299//851 252//851 311//851
f 416//852 420//852 351//852
f 335//853 416//853 351//853
f 323//854 416//854 335//854
f 420//855 424//855 375//855
f 363//856 420//856 375//856
f 351//857 420//857 363//857
f 424//858 432//858 408//858
f 399//859 424//859 408//859
f 387//860 424//860 399//860
f 432//861 434//861 390//861
f 402//862 432//862 390//862
f 408//863 432//863 402//863
f 434//864 438//864 341//864
f 338//865 434//865 341//865
f 354//866 434//866 338//866
f 341//867 438//867 442//867
f 448//868 341//868 442//868
f 454//869 341//869 448//869
f 341//870 454//870 462//870
f 468//871 341//871 462//871
f 474//872 341//872 468//872
f 338//873 341//873 253//873
f 326//874 338//874 253//874
f 314//875 326//875 253//875
f 302//876 314//876 253//876
f 286//877 302//877 253//877
f 274//878 286//878 253//878
f 262//879 274//879 253//879
f 252//880 262//880 253//880
f 271//881 262//881 252//881
f 283//882 271//882 252//882
f 299//883 283//883 252//883
f 424//884 387//884 375//884
f 434//885 354//885 366//885
f 378//886 434//886 366//886
f 390//887 434//887 378//887
f 414//888 250//888 320//888
f 332//889 414//889 320//889
f 348//890 414//890 332//890
f 250//891 247//891 259//891
f 268//892 250//892 259//892
f 280//893 250//893 268//893
f 247//894 339//894 329//894
f 317//895 247//895 329//895
f 305//896 247//896 317//896
f 339//897 472//897 466//897
f 460//898 339//898 466//898
f 452//899 339//899 460//899
f 339//900 452//900 446//900
f 440//901 339//901 446//901
f 436//902 339//902 440//902
f 339//903 436//903 428//903
f 329//904 339//904 428//904
f 428//905 430//905 381//905
f 369//906 428//906 381//906
f 357//907 428//907 369//907
f 430//908 423//908 405//908
f 393//909 430//909 405//909
f 381//910 430//910 393//910
f 423//911 419//911 372//911
f 384//912 423//912 372//912
f 396//913 423//913 384//913
f 419//914 414//914 348//914
f 360//915 419//915 348//915
f 372//916 419//916 360//916
f 428//917 357//917 345//917
f 329//918 428//918 345//918
f 247//919 305//919 293//919
f 277//920 247//920 293//920
f 265//921 247//921 277//921
f 247//922 265//922 259//922
f 250//923 280//923 296//923
f 308//924 250//924 296//924
f 320//925 250//925 308//925
f 423//926 396//926 405//926
f 2052//927 2053//927 1753//927
f 1752//928 2052//928 1753//928
f 467//929 473//929 474//929
f 468//930 467//930 474//930
f 461//931 467//931 468//931
f 462//932 461//932 468//932
f 453//933 461//933 462//933
f 454//934 453//934 462//934
f 447//935 453//935 454//935
f 448//936 447//936 454//936
f 441//937 447//937 448//937
f 442//938 441//938 448//938
f 437//939 441//939 442//939
f 438//940 437//940 442//940
f 433//941 437//941 438//941
f 434//942 433//942 438//942
f 434//943 432//943 431//943
f 433//944 434//944 431//944
f 415//945 416//945 252//945
f 251//946 415//946 252//946
f 249//947 250//947 414//947
f 413//948 249//948 414//948
f 2901//949 2864//949 2863//949
f 2900//950 2901//950 2863//950
f 2936//951 2901//951 2900//951
f 2935//952 2936//952 2900//952
f 2960//953 2936//953 2935//953
f 2959//954 2960//954 2935//954
f 2985//955 2960//955 2959//955
f 2960//956 2985//956 2986//956
f 2961//957 2960//957 2986//957
f 2936//958 2960//958 2961//958
f 2937//959 2936//959 2961//959
f 2901//960 2936//960 2937//960
f 2902//961 2901//961 2937//961
f 2864//962 2901//962 2902//962
f 637//963 906//963 902//963
f 909//964 637//964 902//964
f 924//965 637//965 909//965
f 883//966 637//966 924//966
f 945//967 883//967 924//967
f 976//968 883//968 945//968
f 883//969 976//969 1002//969
f 939//970 883//970 1002//970
f 1006//971 939//971 1002//971
f 1038//972 1006//972 1002//972
f 1071//973 1006//973 1038//973
f 1084//974 1071//974 1038//974
f 1149//975 1071//975 1084//975
f 1278//976 1149//976 1084//976
f 1120//977 1278//977 1084//977
f 1404//978 1278//978 1120//978
f 1163//979 1404//979 1120//979
f 1474//980 1404//980 1163//980
f 1195//981 1474//981 1163//981
f 1513//982 1474//982 1195//982
f 1551//983 1513//983 1195//983
f 1218//984 1551//984 1195//984
f 1568//985 1551//985 1218//985
f 1236//986 1568//986 1218//986
f 1556//987 1568//987 1236//987
f 1215//988 1556//988 1236//988
f 1520//989 1556//989 1215//989
f 1192//990 1520//990 1215//990
f 1480//991 1520//991 1192//991
f 1160//992 1480//992 1192//992
f 1416//993 1480//993 1160//993
f 1117//994 1416//994 1160//994
f 1290//995 1416//995 1117//995
f 1081//996 1290//996 1117//996
f 1035//997 1290//997 1081//997
f 877//998 1290//998 1035//998
f 999//999 877//999 1035//999
f 973//1000 877//1000 999//1000
f 877//1001 973//1001 942//1001
f 921//1002 877//1002 942//1002
f 626//1003 877//1003 921//1003
f 906//1004 626//1004 921//1004
f 637//1005 626//1005 906//1005
f 208//1006 202//1006 254//1006
f 342//1007 208//1007 254//1007
f 290//1008 208//1008 342//1008
f 2703//1009 290//1009 342//1009
f 2700//1010 2703//1010 342//1010
f 2705//1011 2703//1011 2700//1011
f 202//1012 288//1012 340//1012
f 248//1013 202//1013 340//1013
f 254//1014 202//1014 248//1014
f 340//1015 288//1015 526//1015
f 532//1016 340//1016 526//1016
f 577//1017 532//1017 526//1017
f 564//1018 577//1018 526//1018
f 594//1019 577//1019 564//1019
f 601//1020 594//1020 564//1020
f 792//1021 601//1021 564//1021
f 605//1022 601//1022 792//1022
f 805//1023 605//1023 792//1023
f 610//1024 605//1024 805//1024
f 837//1025 610//1025 805//1025
f 622//1026 610//1026 837//1026
f 860//1027 622//1027 837//1027
f 626//1028 622//1028 860//1028
f 877//1029 626//1029 860//1029
f 564//1030 1671//1030 841//1030
f 809//1031 564//1031 841//1031
f 792//1032 564//1032 809//1032
f 1671//1033 1701//1033 1725//1033
f 1719//1034 1671//1034 1725//1034
f 1710//1035 1671//1035 1719//1035
f 1701//1036 1723//1036 1757//1036
f 1729//1037 1701//1037 1757//1037
f 1725//1038 1701//1038 1729//1038
f 1792//1039 1757//1039 1723//1039
f 1744//1040 1792//1040 1723//1040
f 1814//1041 1792//1041 1744//1041
f 1806//1042 1814//1042 1744//1042
f 1817//1043 1814//1043 1806//1043
f 1852//1044 1817//1044 1806//1044
f 1886//1045 1852//1045 1806//1045
f 1900//1046 1886//1046 1806//1046
f 1916//1047 1900//1047 1806//1047
f 2005//1048 1900//1048 1916//1048
f 1900//1049 2005//1049 2092//1049
f 2176//1050 1900//1050 2092//1050
f 2199//1051 1900//1051 2176//1051
f 2576//1052 1900//1052 2199//1052
f 2218//1053 2576//1053 2199//1053
f 2286//1054 2576//1054 2218//1054
f 2576//1055 2286//1055 2372//1055
f 2472//1056 2576//1056 2372//1056
f 2554//1057 2576//1057 2472//1057
f 2599//1058 2576//1058 2554//1058
f 2644//1059 2599//1059 2554//1059
f 2617//1060 2599//1060 2644//1060
f 2633//1061 2617//1061 2644//1061
f 2646//1062 2633//1062 2644//1062
f 2765//1063 2646//1063 2644//1063
f 2725//1064 2646//1064 2765//1064
f 2870//1065 2725//1065 2765//1065
f 2791//1066 2725//1066 2870//1066
f 2984//1067 2791//1067 2870//1067
f 2886//1068 2791//1068 2984//1068
f 3026//1069 2886//1069 2984//1069
f 2982//1070 2886//1070 3026//1070
f 3052//1071 2982//1071 3026//1071
f 3020//1072 2982//1072 3052//1072
f 3072//1073 3020//1073 3052//1073
f 3047//1074 3020//1074 3072//1074
f 3089//1075 3047//1075 3072//1075
f 3064//1076 3047//1076 3089//1076
f 3112//1077 3064//1077 3089//1077
f 3078//1078 3064//1078 3112//1078
f 3138//1079 3078//1079 3112//1079
f 3085//1080 3078//1080 3138//1080
f 3148//1081 3085//1081 3138//1081
f 3097//1082 3085//1082 3148//1082
f 3152//1083 3097//1083 3148//1083
f 3104//1084 3097//1084 3152//1084
f 3156//1085 3104//1085 3152//1085
f 3115//1086 3104//1086 3156//1086
f 3158//1087 3115//1087 3156//1087
f 3128//1088 3115//1088 3158//1088
f 3132//1089 3128//1089 3158//1089
f 3160//1090 3132//1090 3158//1090
f 3126//1091 3132//1091 3160//1091
f 3124//1092 3126//1092 3160//1092
f 3122//1093 3124//1093 3160//1093
f 3117//1094 3122//1094 3160//1094
f 3154//1095 3117//1095 3160//1095
f 3108//1096 3117//1096 3154//1096
f 3102//1097 3108//1097 3154//1097
f 3150//1098 3102//1098 3154//1098
f 3095//1099 3102//1099 3150//1099
f 3146//1100 3095//1100 3150//1100
f 3084//1101 3095//1101 3146//1101
f 3077//1102 3084//1102 3146//1102
f 3136//1103 3077//1103 3146//1103
f 3114//1104 3077//1104 3136//1104
f 3114//1105 3093//1105 2826//1105
f 3067//1106 3114//1106 2826//1106
f 3077//1107 3114//1107 3067//1107
f 2836//1108 2826//1108 3093//1108
f 3075//1109 2836//1109 3093//1109
f 2846//1110 2836//1110 3075//1110
f 3057//1111 2846//1111 3075//1111
f 2838//1112 2846//1112 3057//1112
f 3028//1113 2838//1113 3057//1113
f 2828//1114 2838//1114 3028//1114
f 2994//1115 2828//1115 3028//1115
f 2797//1116 2828//1116 2994//1116
f 2918//1117 2797//1117 2994//1117
f 2777//1118 2797//1118 2918//1118
f 2793//1119 2777//1119 2918//1119
f 2763//1120 2777//1120 2793//1120
f 2703//1121 2763//1121 2793//1121
f 2709//1122 2763//1122 2703//1122
f 2707//1123 2709//1123 2703//1123
f 2705//1124 2707//1124 2703//1124
f 2678//1125 2684//1125 2574//1125
f 2572//1126 2678//1126 2574//1126
f 2681//1127 2678//1127 2572//1127
f 2578//1128 2681//1128 2572//1128
f 2691//1129 2681//1129 2578//1129
f 2586//1130 2691//1130 2578//1130
f 2608//1131 2691//1131 2586//1131
f 2580//1132 2574//1132 2684//1132
f 2694//1133 2580//1133 2684//1133
f 2605//1134 2580//1134 2694//1134
f 2719//1135 2605//1135 2694//1135
f 2626//1136 2605//1136 2719//1136
f 2761//1137 2626//1137 2719//1137
f 2771//1138 2626//1138 2761//1138
f 2626//1139 2771//1139 2788//1139
f 2795//1140 2626//1140 2788//1140
f 2824//1141 2795//1141 2788//1141
f 2852//1142 2795//1142 2824//1142
f 2795//1143 2852//1143 2876//1143
f 2826//1144 2795//1144 2876//1144
f 3059//1145 2826//1145 2876//1145
f 3067//1146 2826//1146 3059//1146
f 3059//1147 2876//1147 2893//1147
f 3050//1148 3059//1148 2893//1148
f 2909//1149 3050//1149 2893//1149
f 2916//1150 3050//1150 2909//1150
f 3050//1151 2916//1151 2906//1151
f 2986//1152 3050//1152 2906//1152
f 2890//1153 2986//1153 2906//1153
f 2873//1154 2986//1154 2890//1154
f 2961//1155 2986//1155 2873//1155
f 2849//1156 2961//1156 2873//1156
f 2937//1157 2961//1157 2849//1157
f 2902//1158 2937//1158 2849//1158
f 2864//1159 2902//1159 2849//1159
f 2821//1160 2864//1160 2849//1160
f 2785//1161 2864//1161 2821//1161
f 2664//1162 2864//1162 2785//1162
f 2768//1163 2664//1163 2785//1163
f 2758//1164 2664//1164 2768//1164
f 2664//1165 2758//1165 2716//1165
f 2638//1166 2664//1166 2716//1166
f 2620//1167 2638//1167 2716//1167
f 2691//1168 2620//1168 2716//1168
f 2608//1169 2620//1169 2691//1169
f 1671//1170 1710//1170 841//1170
f 2986//1171 2985//1171 3049//1171
f 3050//1172 2986//1172 3049//1172
f 2585//1173 2578//1173 2577//1173
f 2584//1174 2585//1174 2577//1174
f 2607//1175 2585//1175 2584//1175
f 2606//1176 2607//1176 2584//1176
f 2619//1177 2607//1177 2606//1177
f 2618//1178 2619//1178 2606//1178
f 2637//1179 2619//1179 2618//1179
f 2636//1180 2637//1180 2618//1180
f 2663//1181 2637//1181 2636//1181
f 2637//1182 2663//1182 2664//1182
f 2638//1183 2637//1183 2664//1183
f 2619//1184 2637//1184 2638//1184
f 2620//1185 2619//1185 2638//1185
f 2607//1186 2619//1186 2620//1186
f 2608//1187 2607//1187 2620//1187
f 2585//1188 2607//1188 2608//1188
f 2586//1189 2585//1189 2608//1189
f 2578//1190 2585//1190 2586//1190
f 2634//1191 2635//1191 2508//1191
f 2507//1192 2634//1192 2508//1192
f 2507//1193 2508//1193 2493//1193
f 2492//1194 2507//1194 2493//1194
f 1690//1195 2699//1195 2700//1195
f 342//1196 1690//1196 2700//1196
f 474//1197 1690//1197 342//1197
f 341//1198 474//1198 342//1198
f 474//1199 473//1199 1689//1199
f 1690//1200 474//1200 1689//1200
f 2705//1201 2700//1201 2699//1201
f 2704//1202 2705//1202 2699//1202
f 2707//1203 2705//1203 2704//1203
f 2706//1204 2707//1204 2704//1204
f 2709//1205 2707//1205 2706//1205
f 2708//1206 2709//1206 2706//1206
f 2763//1207 2709//1207 2708//1207
f 2762//1208 2763//1208 2708//1208
f 2777//1209 2763//1209 2762//1209
f 2776//1210 2777//1210 2762//1210
f 2797//1211 2777//1211 2776//1211
f 2796//1212 2797//1212 2776//1212
f 2828//1213 2797//1213 2796//1213
f 2827//1214 2828//1214 2796//1214
f 2838//1215 2828//1215 2827//1215
f 2837//1216 2838//1216 2827//1216
f 2846//1217 2838//1217 2837//1217
f 2845//1218 2846//1218 2837//1218
f 2836//1219 2846//1219 2845//1219
f 2835//1220 2836//1220 2845//1220
f 2826//1221 2836//1221 2835//1221
f 2825//1222 2826//1222 2835//1222
f 2795//1223 2826//1223 2825//1223
f 2794//1224 2795//1224 2825//1224
f 2795//1225 2794//1225 2625//1225
f 2626//1226 2795//1226 2625//1226
f 1289//1227 1303//1227 1323//1227
f 1345//1228 1289//1228 1323//1228
f 1365//1229 1289//1229 1345//1229
f 1373//1230 1365//1230 1345//1230
f 1394//1231 1365//1231 1373//1231
f 1423//1232 1394//1232 1373//1232
f 1431//1233 1394//1233 1423//1233
f 1510//1234 1431//1234 1423//1234
f 1448//1235 1431//1235 1510//1235
f 1460//1236 1448//1236 1510//1236
f 1429//1237 1448//1237 1460//1237
f 1441//1238 1429//1238 1460//1238
f 1424//1239 1429//1239 1441//1239
f 1430//1240 1424//1240 1441//1240
f 1415//1241 1424//1241 1430//1241
f 1442//1242 1415//1242 1430//1242
f 1450//1243 1415//1243 1442//1243
f 1461//1244 1450//1244 1442//1244
f 1477//1245 1450//1245 1461//1245
f 1499//1246 1477//1246 1461//1246
f 1508//1247 1477//1247 1499//1247
f 1609//1248 1508//1248 1499//1248
f 1526//1249 1508//1249 1609//1249
f 1537//1250 1526//1250 1609//1250
f 1496//1251 1526//1251 1537//1251
f 1502//1252 1496//1252 1537//1252
f 1483//1253 1496//1253 1502//1253
f 1492//1254 1483//1254 1502//1254
f 1479//1255 1483//1255 1492//1255
f 1497//1256 1479//1256 1492//1256
f 1501//1257 1479//1257 1497//1257
f 1525//1258 1501//1258 1497//1258
f 1531//1259 1501//1259 1525//1259
f 1588//1260 1531//1260 1525//1260
f 1595//1261 1531//1261 1588//1261
f 1660//1262 1595//1262 1588//1262
f 1601//1263 1595//1263 1660//1263
f 1611//1264 1601//1264 1660//1264
f 1553//1265 1601//1265 1611//1265
f 1565//1266 1553//1266 1611//1266
f 1527//1267 1553//1267 1565//1267
f 1532//1268 1527//1268 1565//1268
f 1519//1269 1527//1269 1532//1269
f 1538//1270 1519//1270 1532//1270
f 1544//1271 1519//1271 1538//1271
f 1587//1272 1544//1272 1538//1272
f 1593//1273 1544//1273 1587//1273
f 1631//1274 1593//1274 1587//1274
f 1633//1275 1593//1275 1631//1275
f 1667//1276 1633//1276 1631//1276
f 1635//1277 1633//1277 1667//1277
f 1677//1278 1635//1278 1667//1278
f 1639//1279 1635//1279 1677//1279
f 1643//1280 1639//1280 1677//1280
f 1602//1281 1639//1281 1643//1281
f 1605//1282 1602//1282 1643//1282
f 1572//1283 1602//1283 1605//1283
f 1575//1284 1572//1284 1605//1284
f 1555//1285 1572//1285 1575//1285
f 1578//1286 1555//1286 1575//1286
f 1581//1287 1555//1287 1578//1287
f 1612//1288 1581//1288 1578//1288
f 1614//1289 1581//1289 1612//1289
f 1651//1290 1614//1290 1612//1290
f 1653//1291 1614//1291 1651//1291
f 1677//1292 1653//1292 1651//1292
f 1678//1293 1653//1293 1677//1293
f 1323//1294 1303//1294 1327//1294
f 1351//1295 1323//1295 1327//1295
f 1345//1296 1323//1296 1351//1296
f 1373//1297 1345//1297 1351//1297
f 1351//1298 1327//1298 1371//1298
f 1396//1299 1351//1299 1371//1299
f 1373//1300 1351//1300 1396//1300
f 1423//1301 1373//1301 1396//1301
f 1396//1302 1371//1302 1427//1302
f 1510//1303 1396//1303 1427//1303
f 1423//1304 1396//1304 1510//1304
f 1478//1305 1460//1305 1510//1305
f 1609//1306 1478//1306 1510//1306
f 1491//1307 1478//1307 1609//1307
f 1499//1308 1491//1308 1609//1308
f 1461//1309 1491//1309 1499//1309
f 1537//1310 1609//1310 1660//1310
f 1552//1311 1537//1311 1660//1311
f 1502//1312 1537//1312 1552//1312
f 1509//1313 1502//1313 1552//1313
f 1492//1314 1502//1314 1509//1314
f 1497//1315 1492//1315 1509//1315
f 1611//1316 1660//1316 1667//1316
f 1621//1317 1611//1317 1667//1317
f 1565//1318 1611//1318 1621//1318
f 1574//1319 1565//1319 1621//1319
f 1532//1320 1565//1320 1574//1320
f 1538//1321 1532//1321 1574//1321
f 1678//1322 1672//1322 1654//1322
f 1656//1323 1678//1323 1654//1323
f 1658//1324 1678//1324 1656//1324
f 1618//1325 1658//1325 1656//1325
f 1620//1326 1658//1326 1618//1326
f 1584//1327 1620//1327 1618//1327
f 1586//1328 1620//1328 1584//1328
f 1567//1329 1586//1329 1584//1329
f 1585//1330 1586//1330 1567//1330
f 1555//1331 1585//1331 1567//1331
f 1583//1332 1585//1332 1555//1332
f 1581//1333 1583//1333 1555//1333
f 1614//1334 1583//1334 1581//1334
f 1672//1335 1664//1335 1638//1335
f 1640//1336 1672//1336 1638//1336
f 1646//1337 1672//1337 1640//1337
f 1600//1338 1646//1338 1640//1338
f 1603//1339 1646//1339 1600//1339
f 1564//1340 1603//1340 1600//1340
f 1569//1341 1603//1341 1564//1341
f 1550//1342 1569//1342 1564//1342
f 1567//1343 1569//1343 1550//1343
f 1664//1344 1626//1344 1617//1344
f 1622//1345 1664//1345 1617//1345
f 1630//1346 1664//1346 1622//1346
f 1571//1347 1630//1347 1622//1347
f 1579//1348 1630//1348 1571//1348
f 1529//1349 1579//1349 1571//1349
f 1534//1350 1579//1350 1529//1350
f 1550//1351 1534//1351 1529//1351
f 1540//1352 1534//1352 1550//1352
f 1549//1353 1540//1353 1550//1353
f 1594//1354 1540//1354 1549//1354
f 1597//1355 1594//1355 1549//1355
f 1638//1356 1594//1356 1597//1356
f 1640//1357 1638//1357 1597//1357
f 1626//1358 1535//1358 1543//1358
f 1561//1359 1626//1359 1543//1359
f 1576//1360 1626//1360 1561//1360
f 1505//1361 1576//1361 1561//1361
f 1515//1362 1576//1362 1505//1362
f 1487//1363 1515//1363 1505//1363
f 1494//1364 1515//1364 1487//1364
f 1512//1365 1494//1365 1487//1365
f 1500//1366 1494//1366 1512//1366
f 1504//1367 1500//1367 1512//1367
f 1536//1368 1500//1368 1504//1368
f 1545//1369 1536//1369 1504//1369
f 1606//1370 1536//1370 1545//1370
f 1617//1371 1606//1371 1545//1371
f 1626//1372 1606//1372 1617//1372
f 1535//1373 1449//1373 1486//1373
f 1495//1374 1535//1374 1486//1374
f 1503//1375 1535//1375 1495//1375
f 1458//1376 1503//1376 1495//1376
f 1468//1377 1503//1377 1458//1377
f 1433//1378 1468//1378 1458//1378
f 1445//1379 1468//1379 1433//1379
f 1473//1380 1445//1380 1433//1380
f 1455//1381 1445//1381 1473//1381
f 1464//1382 1455//1382 1473//1382
f 1493//1383 1455//1383 1464//1383
f 1498//1384 1493//1384 1464//1384
f 1543//1385 1493//1385 1498//1385
f 1561//1386 1543//1386 1498//1386
f 1449//1387 1308//1387 1388//1387
f 1407//1388 1449//1388 1388//1388
f 1428//1389 1449//1389 1407//1389
f 1362//1390 1428//1390 1407//1390
f 1387//1391 1428//1391 1362//1391
f 1334//1392 1387//1392 1362//1392
f 1354//1393 1387//1393 1334//1393
f 1403//1394 1354//1394 1334//1394
f 1375//1395 1354//1395 1403//1395
f 1392//1396 1375//1396 1403//1396
f 1425//1397 1375//1397 1392//1397
f 1432//1398 1425//1398 1392//1398
f 1467//1399 1425//1399 1432//1399
f 1486//1400 1467//1400 1432//1400
f 1449//1401 1467//1401 1486//1401
f 1308//1402 1138//1402 1241//1402
f 1274//1403 1308//1403 1241//1403
f 1306//1404 1308//1404 1274//1404
f 1227//1405 1306//1405 1274//1405
f 1263//1406 1306//1406 1227//1406
f 1204//1407 1263//1407 1227//1407
f 1233//1408 1263//1408 1204//1408
f 1277//1409 1233//1409 1204//1409
f 1264//1410 1233//1410 1277//1410
f 1286//1411 1264//1411 1277//1411
f 1314//1412 1264//1412 1286//1412
f 1339//1413 1314//1413 1286//1413
f 1388//1414 1314//1414 1339//1414
f 1407//1415 1388//1415 1339//1415
f 1138//1416 1052//1416 1109//1416
f 1129//1417 1138//1417 1109//1417
f 1147//1418 1138//1418 1129//1418
f 1124//1419 1147//1419 1129//1419
f 1131//1420 1147//1420 1124//1420
f 1110//1421 1131//1421 1124//1421
f 1127//1422 1131//1422 1110//1422
f 1148//1423 1127//1423 1110//1423
f 1137//1424 1127//1424 1148//1424
f 1157//1425 1137//1425 1148//1425
f 1170//1426 1137//1426 1157//1426
f 1181//1427 1170//1427 1157//1427
f 1205//1428 1170//1428 1181//1428
f 1241//1429 1205//1429 1181//1429
f 1138//1430 1205//1430 1241//1430
f 1052//1431 977//1431 1050//1431
f 1057//1432 1052//1432 1050//1432
f 1069//1433 1052//1433 1057//1433
f 1054//1434 1069//1434 1057//1434
f 1066//1435 1069//1435 1054//1435
f 1053//1436 1066//1436 1054//1436
f 1064//1437 1066//1437 1053//1437
f 1070//1438 1064//1438 1053//1438
f 1078//1439 1064//1439 1070//1439
f 1148//1440 1078//1440 1070//1440
f 1089//1441 1078//1441 1148//1441
f 1101//1442 1089//1442 1148//1442
f 1103//1443 1089//1443 1101//1443
f 1124//1444 1103//1444 1101//1444
f 1129//1445 1103//1445 1124//1445
f 977//1446 894//1446 965//1446
f 985//1447 977//1447 965//1447
f 991//1448 977//1448 985//1448
f 986//1449 991//1449 985//1449
f 993//1450 991//1450 986//1450
f 989//1451 993//1451 986//1451
f 994//1452 993//1452 989//1452
f 1005//1453 994//1453 989//1453
f 1016//1454 994//1454 1005//1454
f 1070//1455 1016//1455 1005//1455
f 1022//1456 1016//1456 1070//1456
f 1030//1457 1022//1457 1070//1457
f 1029//1458 1022//1458 1030//1458
f 1049//1459 1029//1459 1030//1459
f 1050//1460 1029//1460 1049//1460
f 1057//1461 1050//1461 1049//1461
f 894//1462 850//1462 910//1462
f 916//1463 894//1463 910//1463
f 933//1464 894//1464 916//1464
f 932//1465 933//1465 916//1465
f 935//1466 933//1466 932//1466
f 934//1467 935//1467 932//1467
f 949//1468 935//1468 934//1468
f 938//1469 949//1469 934//1469
f 1005//1470 949//1470 938//1470
f 850//1471 867//1471 870//1471
f 873//1472 850//1472 870//1472
f 884//1473 850//1473 873//1473
f 887//1474 884//1474 873//1474
f 899//1475 884//1475 887//1475
f 898//1476 899//1476 887//1476
f 911//1477 899//1477 898//1477
f 938//1478 911//1478 898//1478
f 914//1479 911//1479 938//1479
f 931//1480 914//1480 938//1480
f 918//1481 914//1481 931//1481
f 932//1482 918//1482 931//1482
f 916//1483 918//1483 932//1483
f 870//1484 867//1484 871//1484
f 878//1485 870//1485 871//1485
f 873//1486 870//1486 878//1486
f 887//1487 873//1487 878//1487
f 878//1488 871//1488 879//1488
f 888//1489 878//1489 879//1489
f 887//1490 878//1490 888//1490
f 898//1491 887//1491 888//1491
f 888//1492 879//1492 882//1492
f 938//1493 888//1493 882//1493
f 898//1494 888//1494 938//1494
f 1157//1495 1148//1495 1277//1495
f 1177//1496 1157//1496 1277//1496
f 1181//1497 1157//1497 1177//1497
f 1201//1498 1181//1498 1177//1498
f 1241//1499 1181//1499 1201//1499
f 1274//1500 1241//1500 1201//1500
f 1312//1501 1286//1501 1277//1501
f 1403//1502 1312//1502 1277//1502
f 1334//1503 1312//1503 1403//1503
f 1403//1504 1473//1504 1426//1504
f 1411//1505 1403//1505 1426//1505
f 1392//1506 1403//1506 1411//1506
f 1432//1507 1392//1507 1411//1507
f 1473//1508 1512//1508 1487//1508
f 1481//1509 1473//1509 1487//1509
f 1464//1510 1473//1510 1481//1510
f 1498//1511 1464//1511 1481//1511
f 1512//1512 1550//1512 1529//1512
f 1524//1513 1512//1513 1529//1513
f 1511//1514 1512//1514 1524//1514
f 1559//1515 1511//1515 1524//1515
f 1545//1516 1511//1516 1559//1516
f 1617//1517 1545//1517 1559//1517
f 1566//1518 1572//1518 1555//1518
f 1519//1519 1566//1519 1555//1519
f 1560//1520 1566//1520 1519//1520
f 1554//1521 1560//1521 1519//1521
f 1596//1522 1560//1522 1554//1522
f 1593//1523 1596//1523 1554//1523
f 1633//1524 1596//1524 1593//1524
f 1527//1525 1519//1525 1479//1525
f 1516//1526 1527//1526 1479//1526
f 1553//1527 1527//1527 1516//1527
f 1539//1528 1553//1528 1516//1528
f 1601//1529 1553//1529 1539//1529
f 1595//1530 1601//1530 1539//1530
f 1483//1531 1479//1531 1415//1531
f 1475//1532 1483//1532 1415//1532
f 1496//1533 1483//1533 1475//1533
f 1488//1534 1496//1534 1475//1534
f 1526//1535 1496//1535 1488//1535
f 1508//1536 1526//1536 1488//1536
f 1424//1537 1415//1537 1289//1537
f 1402//1538 1424//1538 1289//1538
f 1429//1539 1424//1539 1402//1539
f 1417//1540 1429//1540 1402//1540
f 1448//1541 1429//1541 1417//1541
f 1431//1542 1448//1542 1417//1542
f 910//1543 850//1543 895//1543
f 912//1544 910//1544 895//1544
f 918//1545 910//1545 912//1545
f 914//1546 918//1546 912//1546
f 934//1547 932//1547 931//1547
f 938//1548 934//1548 931//1548
f 965//1549 894//1549 956//1549
f 958//1550 965//1550 956//1550
f 979//1551 965//1551 958//1551
f 968//1552 979//1552 958//1552
f 982//1553 979//1553 968//1553
f 1005//1554 982//1554 968//1554
f 989//1555 982//1555 1005//1555
f 957//1556 949//1556 1005//1556
f 968//1557 957//1557 1005//1557
f 958//1558 957//1558 968//1558
f 1026//1559 977//1559 1019//1559
f 1021//1560 1026//1560 1019//1560
f 1029//1561 1026//1561 1021//1561
f 1022//1562 1029//1562 1021//1562
f 1026//1563 1029//1563 1050//1563
f 977//1564 1026//1564 1050//1564
f 1109//1565 1052//1565 1100//1565
f 1095//1566 1109//1566 1100//1566
f 1103//1567 1109//1567 1095//1567
f 1089//1568 1103//1568 1095//1568
f 1182//1569 1170//1569 1205//1569
f 1138//1570 1182//1570 1205//1570
f 1169//1571 1182//1571 1138//1571
f 1147//1572 1169//1572 1138//1572
f 1131//1573 1169//1573 1147//1573
f 1359//1574 1314//1574 1388//1574
f 1308//1575 1359//1575 1388//1575
f 1333//1576 1359//1576 1308//1576
f 1306//1577 1333//1577 1308//1577
f 1263//1578 1333//1578 1306//1578
f 1186//1579 1201//1579 1177//1579
f 1277//1580 1186//1580 1177//1580
f 1204//1581 1186//1581 1277//1581
f 1452//1582 1425//1582 1467//1582
f 1449//1583 1452//1583 1467//1583
f 1440//1584 1452//1584 1449//1584
f 1428//1585 1440//1585 1449//1585
f 1387//1586 1440//1586 1428//1586
f 1530//1587 1493//1587 1543//1587
f 1535//1588 1530//1588 1543//1588
f 1514//1589 1530//1589 1535//1589
f 1503//1590 1514//1590 1535//1590
f 1468//1591 1514//1591 1503//1591
f 1426//1592 1473//1592 1433//1592
f 1458//1593 1426//1593 1433//1593
f 1444//1594 1426//1594 1458//1594
f 1495//1595 1444//1595 1458//1595
f 1486//1596 1444//1596 1495//1596
f 1598//1597 1536//1597 1606//1597
f 1626//1598 1598//1598 1606//1598
f 1592//1599 1598//1599 1626//1599
f 1576//1600 1592//1600 1626//1600
f 1515//1601 1592//1601 1576//1601
f 1511//1602 1504//1602 1512//1602
f 1634//1603 1594//1603 1638//1603
f 1664//1604 1634//1604 1638//1604
f 1632//1605 1634//1605 1664//1605
f 1630//1606 1632//1606 1664//1606
f 1579//1607 1632//1607 1630//1607
f 1558//1608 1550//1608 1564//1608
f 1600//1609 1558//1609 1564//1609
f 1597//1610 1558//1610 1600//1610
f 1640//1611 1597//1611 1600//1611
f 1652//1612 1672//1612 1650//1612
f 1610//1613 1652//1613 1650//1613
f 1613//1614 1652//1614 1610//1614
f 1577//1615 1613//1615 1610//1615
f 1580//1616 1613//1616 1577//1616
f 1567//1617 1580//1617 1577//1617
f 1582//1618 1580//1618 1567//1618
f 1584//1619 1582//1619 1567//1619
f 1618//1620 1582//1620 1584//1620
f 1654//1621 1672//1621 1652//1621
f 1613//1622 1654//1622 1652//1622
f 1615//1623 1654//1623 1613//1623
f 1580//1624 1615//1624 1613//1624
f 1582//1625 1615//1625 1580//1625
f 1573//1626 1569//1626 1567//1626
f 1577//1627 1573//1627 1567//1627
f 1610//1628 1573//1628 1577//1628
f 1653//1629 1678//1629 1655//1629
f 1616//1630 1653//1630 1655//1630
f 1614//1631 1653//1631 1616//1631
f 1583//1632 1614//1632 1616//1632
f 1649//1633 1677//1633 1651//1633
f 1612//1634 1649//1634 1651//1634
f 1608//1635 1649//1635 1612//1635
f 1578//1636 1608//1636 1612//1636
f 1575//1637 1608//1637 1578//1637
f 1570//1638 1509//1638 1552//1638
f 1660//1639 1570//1639 1552//1639
f 1588//1640 1570//1640 1660//1640
f 1507//1641 1539//1641 1516//1641
f 1479//1642 1507//1642 1516//1642
f 1501//1643 1507//1643 1479//1643
f 1459//1644 1488//1644 1475//1644
f 1415//1645 1459//1645 1475//1645
f 1450//1646 1459//1646 1415//1646
f 1389//1647 1417//1647 1402//1647
f 1289//1648 1389//1648 1402//1648
f 1365//1649 1389//1649 1289//1649
f 1441//1650 1460//1650 1478//1650
f 1451//1651 1441//1651 1478//1651
f 1430//1652 1441//1652 1451//1652
f 1442//1653 1430//1653 1451//1653
f 1459//1654 1450//1654 1477//1654
f 1488//1655 1459//1655 1477//1655
f 1488//1656 1477//1656 1508//1656
f 1507//1657 1501//1657 1531//1657
f 1539//1658 1507//1658 1531//1658
f 1539//1659 1531//1659 1595//1659
f 1596//1660 1633//1660 1635//1660
f 1599//1661 1596//1661 1635//1661
f 1560//1662 1596//1662 1599//1662
f 1566//1663 1560//1663 1599//1663
f 1554//1664 1544//1664 1593//1664
f 1554//1665 1519//1665 1544//1665
f 1627//1666 1667//1666 1631//1666
f 1587//1667 1627//1667 1631//1667
f 1574//1668 1627//1668 1587//1668
f 1538//1669 1574//1669 1587//1669
f 1647//1670 1677//1670 1649//1670
f 1608//1671 1647//1671 1649//1671
f 1605//1672 1647//1672 1608//1672
f 1575//1673 1605//1673 1608//1673
f 1615//1674 1618//1674 1656//1674
f 1654//1675 1615//1675 1656//1675
f 1618//1676 1615//1676 1582//1676
f 1657//1677 1678//1677 1658//1677
f 1620//1678 1657//1678 1658//1678
f 1619//1679 1657//1679 1620//1679
f 1586//1680 1619//1680 1620//1680
f 1585//1681 1619//1681 1586//1681
f 1549//1682 1550//1682 1558//1682
f 1597//1683 1549//1683 1558//1683
f 1648//1684 1672//1684 1646//1684
f 1603//1685 1648//1685 1646//1685
f 1607//1686 1648//1686 1603//1686
f 1569//1687 1607//1687 1603//1687
f 1573//1688 1607//1688 1569//1688
f 1559//1689 1571//1689 1622//1689
f 1617//1690 1559//1690 1622//1690
f 1524//1691 1529//1691 1571//1691
f 1559//1692 1524//1692 1571//1692
f 1511//1693 1545//1693 1504//1693
f 1498//1694 1505//1694 1561//1694
f 1481//1695 1487//1695 1505//1695
f 1498//1696 1481//1696 1505//1696
f 1444//1697 1411//1697 1426//1697
f 1432//1698 1411//1698 1444//1698
f 1486//1699 1432//1699 1444//1699
f 1339//1700 1362//1700 1407//1700
f 1312//1701 1334//1701 1362//1701
f 1339//1702 1312//1702 1362//1702
f 1286//1703 1312//1703 1339//1703
f 1201//1704 1227//1704 1274//1704
f 1186//1705 1204//1705 1227//1705
f 1201//1706 1186//1706 1227//1706
f 1129//1707 1109//1707 1103//1707
f 1101//1708 1110//1708 1124//1708
f 1101//1709 1148//1709 1110//1709
f 1049//1710 1054//1710 1057//1710
f 1046//1711 1053//1711 1054//1711
f 1049//1712 1046//1712 1054//1712
f 1030//1713 1046//1713 1049//1713
f 1046//1714 1070//1714 1053//1714
f 1046//1715 1030//1715 1070//1715
f 1087//1716 1052//1716 1069//1716
f 1066//1717 1087//1717 1069//1717
f 1085//1718 1087//1718 1066//1718
f 1064//1719 1085//1719 1066//1719
f 1078//1720 1085//1720 1064//1720
f 979//1721 986//1721 985//1721
f 965//1722 979//1722 985//1722
f 982//1723 989//1723 986//1723
f 979//1724 982//1724 986//1724
f 1007//1725 977//1725 991//1725
f 993//1726 1007//1726 991//1726
f 1009//1727 1007//1727 993//1727
f 994//1728 1009//1728 993//1728
f 1016//1729 1009//1729 994//1729
f 916//1730 910//1730 918//1730
f 946//1731 894//1731 933//1731
f 935//1732 946//1732 933//1732
f 955//1733 946//1733 935//1733
f 949//1734 955//1734 935//1734
f 957//1735 955//1735 949//1735
f 884//1736 895//1736 850//1736
f 956//1737 894//1737 946//1737
f 955//1738 956//1738 946//1738
f 958//1739 956//1739 955//1739
f 957//1740 958//1740 955//1740
f 1016//1741 1022//1741 1021//1741
f 1009//1742 1016//1742 1021//1742
f 1009//1743 1021//1743 1019//1743
f 1007//1744 1009//1744 1019//1744
f 1007//1745 1019//1745 977//1745
f 1078//1746 1089//1746 1095//1746
f 1085//1747 1078//1747 1095//1747
f 1085//1748 1095//1748 1100//1748
f 1087//1749 1085//1749 1100//1749
f 1087//1750 1100//1750 1052//1750
f 1150//1751 1170//1751 1182//1751
f 1169//1752 1150//1752 1182//1752
f 1131//1753 1150//1753 1169//1753
f 1150//1754 1127//1754 1137//1754
f 1170//1755 1150//1755 1137//1755
f 1131//1756 1127//1756 1150//1756
f 1288//1757 1314//1757 1359//1757
f 1333//1758 1288//1758 1359//1758
f 1263//1759 1288//1759 1333//1759
f 1650//1760 1672//1760 1648//1760
f 1607//1761 1650//1761 1648//1761
f 1610//1762 1650//1762 1607//1762
f 1573//1763 1610//1763 1607//1763
f 1585//1764 1583//1764 1616//1764
f 1619//1765 1585//1765 1616//1765
f 1619//1766 1616//1766 1655//1766
f 1657//1767 1619//1767 1655//1767
f 1657//1768 1655//1768 1678//1768
f 1602//1769 1572//1769 1566//1769
f 1599//1770 1602//1770 1566//1770
f 1639//1771 1602//1771 1599//1771
f 1635//1772 1639//1772 1599//1772
f 1643//1773 1647//1773 1605//1773
f 1643//1774 1677//1774 1647//1774
f 1621//1775 1627//1775 1574//1775
f 1621//1776 1667//1776 1627//1776
f 1570//1777 1588//1777 1525//1777
f 1509//1778 1570//1778 1525//1778
f 1509//1779 1525//1779 1497//1779
f 1451//1780 1478//1780 1491//1780
f 1461//1781 1451//1781 1491//1781
f 1442//1782 1451//1782 1461//1782
f 1394//1783 1389//1783 1365//1783
f 1417//1784 1389//1784 1394//1784
f 1431//1785 1417//1785 1394//1785
f 1589//1786 1594//1786 1634//1786
f 1632//1787 1589//1787 1634//1787
f 1579//1788 1589//1788 1632//1788
f 1589//1789 1534//1789 1540//1789
f 1594//1790 1589//1790 1540//1790
f 1579//1791 1534//1791 1589//1791
f 1528//1792 1536//1792 1598//1792
f 1592//1793 1528//1793 1598//1793
f 1515//1794 1528//1794 1592//1794
f 1528//1795 1494//1795 1500//1795
f 1536//1796 1528//1796 1500//1796
f 1515//1797 1494//1797 1528//1797
f 1482//1798 1493//1798 1530//1798
f 1514//1799 1482//1799 1530//1799
f 1468//1800 1482//1800 1514//1800
f 1482//1801 1445//1801 1455//1801
f 1493//1802 1482//1802 1455//1802
f 1468//1803 1445//1803 1482//1803
f 1405//1804 1425//1804 1452//1804
f 1440//1805 1405//1805 1452//1805
f 1387//1806 1405//1806 1440//1806
f 1405//1807 1354//1807 1375//1807
f 1425//1808 1405//1808 1375//1808
f 1387//1809 1354//1809 1405//1809
f 1288//1810 1233//1810 1264//1810
f 1314//1811 1288//1811 1264//1811
f 1263//1812 1233//1812 1288//1812
f 912//1813 911//1813 914//1813
f 895//1814 884//1814 899//1814
f 912//1815 895//1815 899//1815
f 912//1816 899//1816 911//1816
f 984//1817 1008//1817 948//1817
f 954//1818 984//1818 948//1818
f 1020//1819 984//1819 954//1819
f 980//1820 1020//1820 954//1820
f 1024//1821 1020//1821 980//1821
f 961//1822 1024//1822 980//1822
f 990//1823 1024//1823 961//1823
f 983//1824 990//1824 961//1824
f 1056//1825 990//1825 983//1825
f 992//1826 1056//1826 983//1826
f 1025//1827 1056//1827 992//1827
f 1017//1828 1025//1828 992//1828
f 1108//1829 1025//1829 1017//1829
f 1092//1830 1108//1830 1017//1830
f 1183//1831 1108//1831 1092//1831
f 1173//1832 1183//1832 1092//1832
f 1249//1833 1183//1833 1173//1833
f 1230//1834 1249//1834 1173//1834
f 1292//1835 1249//1835 1230//1835
f 1279//1836 1292//1836 1230//1836
f 1309//1837 1292//1837 1279//1837
f 1299//1838 1309//1838 1279//1838
f 1313//1839 1309//1839 1299//1839
f 1305//1840 1313//1840 1299//1840
f 1322//1841 1313//1841 1305//1841
f 1311//1842 1322//1842 1305//1842
f 1304//1843 1322//1843 1311//1843
f 1305//1844 1304//1844 1311//1844
f 1295//1845 1304//1845 1305//1845
f 1285//1846 1295//1846 1305//1846
f 1276//1847 1295//1847 1285//1847
f 1247//1848 1276//1848 1285//1848
f 1237//1849 1276//1849 1247//1849
f 1187//1850 1237//1850 1247//1850
f 1180//1851 1237//1851 1187//1851
f 1136//1852 1180//1852 1187//1852
f 1176//1853 1180//1853 1136//1853
f 1165//1854 1176//1854 1136//1854
f 1207//1855 1176//1855 1165//1855
f 1178//1856 1207//1856 1165//1856
f 1200//1857 1207//1857 1178//1857
f 1229//1858 1200//1858 1178//1858
f 1244//1859 1200//1859 1229//1859
f 1251//1860 1244//1860 1229//1860
f 1267//1861 1244//1861 1251//1861
f 1268//1862 1267//1862 1251//1862
f 1275//1863 1267//1863 1268//1863
f 1322//1864 1275//1864 1268//1864
f 1287//1865 1275//1865 1322//1865
f 1296//1866 1287//1866 1322//1866
f 1284//1867 1287//1867 1296//1867
f 1295//1868 1284//1868 1296//1868
f 1276//1869 1284//1869 1295//1869
f 980//1870 954//1870 961//1870
f 1092//1871 1017//1871 1032//1871
f 1073//1872 1092//1872 1032//1872
f 1173//1873 1092//1873 1073//1873
f 1153//1874 1173//1874 1073//1874
f 1230//1875 1173//1875 1153//1875
f 1206//1876 1230//1876 1153//1876
f 1279//1877 1230//1877 1206//1877
f 1266//1878 1279//1878 1206//1878
f 1299//1879 1279//1879 1266//1879
f 1285//1880 1299//1880 1266//1880
f 1305//1881 1299//1881 1285//1881
f 1055//1882 1073//1882 1032//1882
f 1058//1883 1055//1883 1032//1883
f 1153//1884 1055//1884 1058//1884
f 1135//1885 1153//1885 1058//1885
f 1206//1886 1153//1886 1135//1886
f 1199//1887 1206//1887 1135//1887
f 1266//1888 1206//1888 1199//1888
f 1247//1889 1266//1889 1199//1889
f 1285//1890 1266//1890 1247//1890
f 1135//1891 1058//1891 1086//1891
f 1128//1892 1135//1892 1086//1892
f 1199//1893 1135//1893 1128//1893
f 1187//1894 1199//1894 1128//1894
f 1247//1895 1199//1895 1187//1895
f 1128//1896 1086//1896 1107//1896
f 1113//1897 1128//1897 1107//1897
f 1187//1898 1128//1898 1113//1898
f 1136//1899 1187//1899 1113//1899
f 1113//1900 1107//1900 1136//1900
f 1165//1901 1136//1901 1178//1901
f 1229//1902 1178//1902 1202//1902
f 1245//1903 1229//1903 1202//1903
f 1251//1904 1229//1904 1245//1904
f 1262//1905 1251//1905 1245//1905
f 1268//1906 1251//1906 1262//1906
f 1252//1907 1268//1907 1262//1907
f 1322//1908 1268//1908 1252//1908
f 1253//1909 1322//1909 1252//1909
f 1254//1910 1322//1910 1253//1910
f 1212//1911 1245//1911 1202//1911
f 1211//1912 1212//1912 1202//1912
f 1245//1913 1212//1913 1211//1913
f 1262//1914 1245//1914 1211//1914
f 1211//1915 1239//1915 1238//1915
f 1248//1916 1211//1916 1238//1916
f 1262//1917 1211//1917 1248//1917
f 1252//1918 1262//1918 1248//1918
f 1239//1919 1250//1919 1246//1919
f 1248//1920 1239//1920 1246//1920
f 1238//1921 1239//1921 1248//1921
f 1248//1922 1246//1922 1250//1922
f 1252//1923 1248//1923 1250//1923
f 1322//1924 1254//1924 1255//1924
f 1256//1925 1322//1925 1255//1925
f 1322//1926 1381//1926 1346//1926
f 1335//1927 1322//1927 1346//1927
f 1325//1928 1322//1928 1335//1928
f 1331//1929 1325//1929 1335//1929
f 1320//1930 1325//1930 1331//1930
f 1317//1931 1320//1931 1331//1931
f 1309//1932 1320//1932 1317//1932
f 1292//1933 1309//1933 1317//1933
f 1381//1934 1427//1934 1399//1934
f 1391//1935 1381//1935 1399//1935
f 1384//1936 1381//1936 1391//1936
f 1390//1937 1384//1937 1391//1937
f 1382//1938 1384//1938 1390//1938
f 1385//1939 1382//1939 1390//1939
f 1370//1940 1382//1940 1385//1940
f 1367//1941 1370//1941 1385//1941
f 1356//1942 1370//1942 1367//1942
f 1347//1943 1356//1943 1367//1943
f 1324//1944 1356//1944 1347//1944
f 1294//1945 1324//1945 1347//1945
f 1265//1946 1324//1946 1294//1946
f 1185//1947 1265//1947 1294//1947
f 1164//1948 1265//1948 1185//1948
f 1114//1949 1164//1949 1185//1949
f 1088//1950 1164//1950 1114//1950
f 1063//1951 1088//1951 1114//1951
f 1024//1952 1088//1952 1063//1952
f 1020//1953 1024//1953 1063//1953
f 1427//1954 1371//1954 1374//1954
f 1397//1955 1427//1955 1374//1955
f 1409//1956 1427//1956 1397//1956
f 1395//1957 1409//1957 1397//1957
f 1406//1958 1409//1958 1395//1958
f 1393//1959 1406//1959 1395//1959
f 1398//1960 1406//1960 1393//1960
f 1390//1961 1398//1961 1393//1961
f 1391//1962 1398//1962 1390//1962
f 1371//1963 1327//1963 1273//1963
f 1328//1964 1371//1964 1273//1964
f 1374//1965 1371//1965 1328//1965
f 1348//1966 1374//1966 1328//1966
f 1383//1967 1374//1967 1348//1967
f 1363//1968 1383//1968 1348//1968
f 1386//1969 1383//1969 1363//1969
f 1367//1970 1386//1970 1363//1970
f 1385//1971 1386//1971 1367//1971
f 1210//1972 1273//1972 1327//1972
f 1303//1973 1210//1973 1327//1973
f 1184//1974 1210//1974 1303//1974
f 1168//1975 1184//1975 1303//1975
f 1121//1976 1184//1976 1168//1976
f 1093//1977 1121//1977 1168//1977
f 1065//1978 1121//1978 1093//1978
f 1031//1979 1065//1979 1093//1979
f 1020//1980 1065//1980 1031//1980
f 984//1981 1020//1981 1031//1981
f 1168//1982 1303//1982 1289//1982
f 1151//1983 1168//1983 1289//1983
f 1093//1984 1168//1984 1151//1984
f 1072//1985 1093//1985 1151//1985
f 1031//1986 1093//1986 1072//1986
f 1008//1987 1031//1987 1072//1987
f 984//1988 1031//1988 1008//1988
f 1422//1989 1410//1989 1427//1989
f 1419//1990 1422//1990 1427//1990
f 1410//1991 1422//1991 1419//1991
f 1408//1992 1410//1992 1419//1992
f 1399//1993 1410//1993 1408//1993
f 1398//1994 1399//1994 1408//1994
f 1391//1995 1399//1995 1398//1995
f 1372//1996 1364//1996 1381//1996
f 1366//1997 1372//1997 1381//1997
f 1364//1998 1372//1998 1366//1998
f 1360//1999 1364//1999 1366//1999
f 1355//2000 1364//2000 1360//2000
f 1349//2001 1355//2001 1360//2001
f 1346//2002 1355//2002 1349//2002
f 1340//2003 1346//2003 1349//2003
f 1335//2004 1346//2004 1340//2004
f 1331//2005 1335//2005 1340//2005
f 1304//2006 1296//2006 1322//2006
f 1393//2007 1386//2007 1385//2007
f 1390//2008 1393//2008 1385//2008
f 1347//2009 1367//2009 1363//2009
f 1321//2010 1347//2010 1363//2010
f 1294//2011 1347//2011 1321//2011
f 1224//2012 1294//2012 1321//2012
f 1185//2013 1294//2013 1224//2013
f 1156//2014 1185//2014 1224//2014
f 1114//2015 1185//2015 1156//2015
f 1102//2016 1114//2016 1156//2016
f 1063//2017 1114//2017 1102//2017
f 1065//2018 1063//2018 1102//2018
f 1020//2019 1063//2019 1065//2019
f 1024//2020 990//2020 1056//2020
f 1088//2021 1024//2021 1056//2021
f 1130//2022 1164//2022 1088//2022
f 1056//2023 1130//2023 1088//2023
f 1108//2024 1130//2024 1056//2024
f 1025//2025 1108//2025 1056//2025
f 1228//2026 1265//2026 1164//2026
f 1130//2027 1228//2027 1164//2027
f 1203//2028 1228//2028 1130//2028
f 1108//2029 1203//2029 1130//2029
f 1183//2030 1203//2030 1108//2030
f 1310//2031 1324//2031 1265//2031
f 1228//2032 1310//2032 1265//2032
f 1291//2033 1310//2033 1228//2033
f 1203//2034 1291//2034 1228//2034
f 1272//2035 1291//2035 1203//2035
f 1183//2036 1272//2036 1203//2036
f 1249//2037 1272//2037 1183//2037
f 1344//2038 1356//2038 1324//2038
f 1310//2039 1344//2039 1324//2039
f 1332//2040 1344//2040 1310//2040
f 1291//2041 1332//2041 1310//2041
f 1318//2042 1332//2042 1291//2042
f 1272//2043 1318//2043 1291//2043
f 1307//2044 1318//2044 1272//2044
f 1249//2045 1307//2045 1272//2045
f 1292//2046 1307//2046 1249//2046
f 1361//2047 1370//2047 1356//2047
f 1344//2048 1361//2048 1356//2048
f 1350//2049 1361//2049 1344//2049
f 1332//2050 1350//2050 1344//2050
f 1338//2051 1350//2051 1332//2051
f 1318//2052 1338//2052 1332//2052
f 1326//2053 1338//2053 1318//2053
f 1307//2054 1326//2054 1318//2054
f 1317//2055 1326//2055 1307//2055
f 1292//2056 1317//2056 1307//2056
f 1382//2057 1381//2057 1384//2057
f 1370//2058 1366//2058 1381//2058
f 1382//2059 1370//2059 1381//2059
f 1361//2060 1360//2060 1366//2060
f 1370//2061 1361//2061 1366//2061
f 1350//2062 1360//2062 1361//2062
f 1355//2063 1346//2063 1381//2063
f 1364//2064 1355//2064 1381//2064
f 1350//2065 1349//2065 1360//2065
f 1338//2066 1349//2066 1350//2066
f 1338//2067 1340//2067 1349//2067
f 1326//2068 1340//2068 1338//2068
f 1073//2069 1055//2069 1153//2069
f 1326//2070 1331//2070 1340//2070
f 1317//2071 1331//2071 1326//2071
f 1320//2072 1309//2072 1313//2072
f 1319//2073 1320//2073 1313//2073
f 1325//2074 1320//2074 1319//2074
f 1322//2075 1325//2075 1319//2075
f 1313//2076 1322//2076 1319//2076
f 1304//2077 1295//2077 1296//2077
f 1221//2078 1237//2078 1180//2078
f 1176//2079 1221//2079 1180//2079
f 1207//2080 1221//2080 1176//2080
f 1269//2081 1276//2081 1237//2081
f 1221//2082 1269//2082 1237//2082
f 1257//2083 1269//2083 1221//2083
f 1207//2084 1257//2084 1221//2084
f 1244//2085 1257//2085 1207//2085
f 1200//2086 1244//2086 1207//2086
f 1280//2087 1284//2087 1269//2087
f 1257//2088 1280//2088 1269//2088
f 1267//2089 1280//2089 1257//2089
f 1244//2090 1267//2090 1257//2090
f 1276//2091 1269//2091 1284//2091
f 1280//2092 1275//2092 1287//2092
f 1284//2093 1280//2093 1287//2093
f 1267//2094 1275//2094 1280//2094
f 1152//2095 1210//2095 1184//2095
f 1121//2096 1152//2096 1184//2096
f 1102//2097 1152//2097 1121//2097
f 1065//2098 1102//2098 1121//2098
f 1198//2099 1273//2099 1210//2099
f 1152//2100 1198//2100 1210//2100
f 1156//2101 1198//2101 1152//2101
f 1102//2102 1156//2102 1152//2102
f 1283//2103 1328//2103 1273//2103
f 1198//2104 1283//2104 1273//2104
f 1224//2105 1283//2105 1198//2105
f 1156//2106 1224//2106 1198//2106
f 1383//2107 1395//2107 1397//2107
f 1374//2108 1383//2108 1397//2108
f 1418//2109 1419//2109 1427//2109
f 1409//2110 1418//2110 1427//2110
f 1406//2111 1418//2111 1409//2111
f 1418//2112 1408//2112 1419//2112
f 1406//2113 1408//2113 1418//2113
f 1399//2114 1427//2114 1410//2114
f 1348//2115 1328//2115 1283//2115
f 1321//2116 1348//2116 1283//2116
f 1363//2117 1348//2117 1321//2117
f 1224//2118 1321//2118 1283//2118
f 1386//2119 1393//2119 1395//2119
f 1383//2120 1386//2120 1395//2120
f 1406//2121 1398//2121 1408//2121
f 719//2122 713//2122 718//2122
f 727//2123 719//2123 718//2123
f 731//2124 719//2124 727//2124
f 707//2125 731//2125 727//2125
f 721//2126 731//2126 707//2126
f 709//2127 721//2127 707//2127
f 730//2128 721//2128 709//2128
f 715//2129 730//2129 709//2129
f 733//2130 730//2130 715//2130
f 720//2131 733//2131 715//2131
f 738//2132 733//2132 720//2132
f 729//2133 738//2133 720//2133
f 745//2134 738//2134 729//2134
f 735//2135 745//2135 729//2135
f 749//2136 745//2136 735//2136
f 741//2137 749//2137 735//2137
f 761//2138 749//2138 741//2138
f 756//2139 761//2139 741//2139
f 757//2140 761//2140 756//2140
f 763//2141 757//2141 756//2141
f 761//2142 757//2142 763//2142
f 771//2143 761//2143 763//2143
f 775//2144 761//2144 771//2144
f 766//2145 775//2145 771//2145
f 772//2146 775//2146 766//2146
f 760//2147 772//2147 766//2147
f 770//2148 772//2148 760//2148
f 750//2149 770//2149 760//2149
f 758//2150 770//2150 750//2150
f 726//2151 758//2151 750//2151
f 737//2152 758//2152 726//2152
f 693//2153 737//2153 726//2153
f 700//2154 737//2154 693//2154
f 665//2155 700//2155 693//2155
f 672//2156 700//2156 665//2156
f 659//2157 672//2157 665//2157
f 682//2158 672//2158 659//2158
f 657//2159 682//2159 659//2159
f 690//2160 682//2160 657//2160
f 668//2161 690//2161 657//2161
f 705//2162 690//2162 668//2162
f 683//2163 705//2163 668//2163
f 740//2164 705//2164 683//2164
f 698//2165 740//2165 683//2165
f 773//2166 740//2166 698//2166
f 746//2167 773//2167 698//2167
f 821//2168 773//2168 746//2168
f 811//2169 821//2169 746//2169
f 855//2170 821//2170 811//2170
f 857//2171 855//2171 811//2171
f 867//2172 855//2172 857//2172
f 871//2173 867//2173 857//2173
f 856//2174 871//2174 857//2174
f 879//2175 871//2175 856//2175
f 852//2176 879//2176 856//2176
f 847//2177 879//2177 852//2177
f 722//2178 847//2178 852//2178
f 717//2179 847//2179 722//2179
f 673//2180 717//2180 722//2180
f 676//2181 673//2181 722//2181
f 648//2182 673//2182 676//2182
f 651//2183 648//2183 676//2183
f 649//2184 648//2184 651//2184
f 676//2185 649//2185 651//2185
f 689//2186 649//2186 676//2186
f 753//2187 689//2187 676//2187
f 778//2188 689//2188 753//2188
f 856//2189 778//2189 753//2189
f 857//2190 778//2190 856//2190
f 713//2191 707//2191 716//2191
f 727//2192 713//2192 716//2192
f 718//2193 713//2193 727//2193
f 709//2194 707//2194 702//2194
f 701//2195 709//2195 702//2195
f 715//2196 709//2196 701//2196
f 720//2197 715//2197 701//2197
f 701//2198 702//2198 694//2198
f 704//2199 701//2199 694//2199
f 720//2200 701//2200 704//2200
f 729//2201 720//2201 704//2201
f 692//2202 704//2202 694//2202
f 687//2203 692//2203 694//2203
f 697//2204 692//2204 687//2204
f 680//2205 697//2205 687//2205
f 699//2206 697//2206 680//2206
f 703//2207 699//2207 680//2207
f 732//2208 699//2208 703//2208
f 742//2209 732//2209 703//2209
f 754//2210 732//2210 742//2210
f 760//2211 754//2211 742//2211
f 766//2212 754//2212 760//2212
f 684//2213 703//2213 680//2213
f 671//2214 684//2214 680//2214
f 688//2215 684//2215 671//2215
f 693//2216 688//2216 671//2216
f 726//2217 688//2217 693//2217
f 693//2218 671//2218 665//2218
f 668//2219 657//2219 656//2219
f 683//2220 668//2220 656//2220
f 683//2221 656//2221 653//2221
f 662//2222 683//2222 653//2222
f 698//2223 683//2223 662//2223
f 681//2224 698//2224 662//2224
f 746//2225 698//2225 681//2225
f 706//2226 746//2226 681//2226
f 811//2227 746//2227 706//2227
f 778//2228 811//2228 706//2228
f 857//2229 811//2229 778//2229
f 662//2230 653//2230 652//2230
f 681//2231 662//2231 652//2231
f 663//2232 681//2232 652//2232
f 649//2233 663//2233 652//2233
f 689//2234 663//2234 649//2234
f 847//2235 717//2235 844//2235
f 882//2236 847//2236 844//2236
f 879//2237 847//2237 882//2237
f 851//2238 855//2238 867//2238
f 850//2239 851//2239 867//2239
f 849//2240 851//2240 850//2240
f 848//2241 849//2241 850//2241
f 830//2242 849//2242 848//2242
f 831//2243 830//2243 848//2243
f 818//2244 830//2244 831//2244
f 820//2245 818//2245 831//2245
f 801//2246 818//2246 820//2246
f 815//2247 801//2247 820//2247
f 777//2248 801//2248 815//2248
f 795//2249 777//2249 815//2249
f 762//2250 777//2250 795//2250
f 779//2251 762//2251 795//2251
f 751//2252 762//2252 779//2252
f 767//2253 751//2253 779//2253
f 737//2254 751//2254 767//2254
f 758//2255 737//2255 767//2255
f 850//2256 814//2256 824//2256
f 834//2257 850//2257 824//2257
f 843//2258 850//2258 834//2258
f 833//2259 843//2259 834//2259
f 845//2260 843//2260 833//2260
f 832//2261 845//2261 833//2261
f 846//2262 845//2262 832//2262
f 831//2263 846//2263 832//2263
f 848//2264 846//2264 831//2264
f 814//2265 761//2265 775//2265
f 789//2266 814//2266 775//2266
f 799//2267 814//2267 789//2267
f 782//2268 799//2268 789//2268
f 798//2269 799//2269 782//2269
f 776//2270 798//2270 782//2270
f 793//2271 798//2271 776//2271
f 767//2272 793//2272 776//2272
f 779//2273 793//2273 767//2273
f 761//2274 728//2274 719//2274
f 739//2275 761//2275 719//2275
f 743//2276 761//2276 739//2276
f 733//2277 743//2277 739//2277
f 738//2278 743//2278 733//2278
f 736//2279 719//2279 731//2279
f 721//2280 736//2280 731//2280
f 730//2281 736//2281 721//2281
f 739//2282 719//2282 736//2282
f 730//2283 739//2283 736//2283
f 733//2284 739//2284 730//2284
f 748//2285 761//2285 743//2285
f 738//2286 748//2286 743//2286
f 745//2287 748//2287 738//2287
f 813//2288 819//2288 814//2288
f 812//2289 813//2289 814//2289
f 819//2290 813//2290 812//2290
f 817//2291 819//2291 812//2291
f 824//2292 819//2292 817//2292
f 823//2293 824//2293 817//2293
f 834//2294 824//2294 823//2294
f 833//2295 834//2295 823//2295
f 716//2296 707//2296 727//2296
f 692//2297 697//2297 712//2297
f 708//2298 692//2298 712//2298
f 704//2299 692//2299 708//2299
f 729//2300 704//2300 708//2300
f 735//2301 729//2301 708//2301
f 712//2302 735//2302 708//2302
f 741//2303 735//2303 712//2303
f 723//2304 741//2304 712//2304
f 747//2305 741//2305 723//2305
f 732//2306 747//2306 723//2306
f 754//2307 747//2307 732//2307
f 723//2308 712//2308 697//2308
f 699//2309 723//2309 697//2309
f 732//2310 723//2310 699//2310
f 752//2311 748//2311 745//2311
f 749//2312 752//2312 745//2312
f 761//2313 752//2313 749//2313
f 748//2314 752//2314 761//2314
f 710//2315 703//2315 684//2315
f 688//2316 710//2316 684//2316
f 726//2317 710//2317 688//2317
f 756//2318 741//2318 747//2318
f 759//2319 756//2319 747//2319
f 763//2320 756//2320 759//2320
f 771//2321 763//2321 759//2321
f 754//2322 759//2322 747//2322
f 742//2323 703//2323 710//2323
f 750//2324 742//2324 710//2324
f 760//2325 742//2325 750//2325
f 726//2326 750//2326 710//2326
f 766//2327 771//2327 759//2327
f 754//2328 766//2328 759//2328
f 700//2329 751//2329 737//2329
f 711//2330 700//2330 672//2330
f 682//2331 711//2331 672//2331
f 734//2332 711//2332 682//2332
f 690//2333 734//2333 682//2333
f 755//2334 734//2334 690//2334
f 705//2335 755//2335 690//2335
f 774//2336 755//2336 705//2336
f 740//2337 774//2337 705//2337
f 810//2338 774//2338 740//2338
f 773//2339 810//2339 740//2339
f 825//2340 810//2340 773//2340
f 821//2341 825//2341 773//2341
f 851//2342 825//2342 821//2342
f 855//2343 851//2343 821//2343
f 758//2344 767//2344 776//2344
f 770//2345 758//2345 776//2345
f 772//2346 789//2346 775//2346
f 770//2347 776//2347 782//2347
f 772//2348 770//2348 782//2348
f 772//2349 782//2349 789//2349
f 711//2350 762//2350 751//2350
f 700//2351 711//2351 751//2351
f 734//2352 762//2352 711//2352
f 734//2353 777//2353 762//2353
f 755//2354 777//2354 734//2354
f 806//2355 793//2355 779//2355
f 795//2356 806//2356 779//2356
f 816//2357 806//2357 795//2357
f 815//2358 816//2358 795//2358
f 822//2359 816//2359 815//2359
f 820//2360 822//2360 815//2360
f 832//2361 822//2361 820//2361
f 831//2362 832//2362 820//2362
f 798//2363 814//2363 799//2363
f 793//2364 812//2364 814//2364
f 798//2365 793//2365 814//2365
f 755//2366 801//2366 777//2366
f 774//2367 801//2367 755//2367
f 806//2368 817//2368 812//2368
f 793//2369 806//2369 812//2369
f 816//2370 817//2370 806//2370
f 824//2371 814//2371 819//2371
f 663//2372 706//2372 681//2372
f 774//2373 818//2373 801//2373
f 810//2374 818//2374 774//2374
f 816//2375 823//2375 817//2375
f 822//2376 823//2376 816//2376
f 689//2377 778//2377 706//2377
f 663//2378 689//2378 706//2378
f 810//2379 830//2379 818//2379
f 825//2380 830//2380 810//2380
f 822//2381 833//2381 823//2381
f 832//2382 833//2382 822//2382
f 753//2383 676//2383 722//2383
f 852//2384 753//2384 722//2384
f 856//2385 753//2385 852//2385
f 825//2386 849//2386 830//2386
f 851//2387 849//2387 825//2387
f 850//2388 846//2388 848//2388
f 850//2389 845//2389 846//2389
f 845//2390 850//2390 843//2390
f 876//2391 947//2391 948//2391
f 877//2392 876//2392 948//2392
f 1008//2393 877//2393 948//2393
f 1072//2394 877//2394 1008//2394
f 1290//2395 877//2395 1072//2395
f 1151//2396 1290//2396 1072//2396
f 1289//2397 1290//2397 1151//2397
f 1416//2398 1290//2398 1289//2398
f 1415//2399 1416//2399 1289//2399
f 1480//2400 1416//2400 1415//2400
f 1479//2401 1480//2401 1415//2401
f 1520//2402 1480//2402 1479//2402
f 1519//2403 1520//2403 1479//2403
f 1556//2404 1520//2404 1519//2404
f 1555//2405 1556//2405 1519//2405
f 1568//2406 1556//2406 1555//2406
f 1567//2407 1568//2407 1555//2407
f 1551//2408 1568//2408 1567//2408
f 1550//2409 1551//2409 1567//2409
f 1513//2410 1551//2410 1550//2410
f 1512//2411 1513//2411 1550//2411
f 1474//2412 1513//2412 1512//2412
f 1473//2413 1474//2413 1512//2413
f 1404//2414 1474//2414 1473//2414
f 1403//2415 1404//2415 1473//2415
f 1278//2416 1404//2416 1403//2416
f 1277//2417 1278//2417 1403//2417
f 1149//2418 1278//2418 1277//2418
f 1148//2419 1149//2419 1277//2419
f 1071//2420 1149//2420 1148//2420
f 1070//2421 1071//2421 1148//2421
f 1006//2422 1071//2422 1070//2422
f 1005//2423 1006//2423 1070//2423
f 939//2424 1006//2424 1005//2424
f 938//2425 939//2425 1005//2425
f 883//2426 939//2426 938//2426
f 882//2427 883//2427 938//2427
f 954//2428 948//2428 947//2428
f 961//2429 954//2429 947//2429
f 983//2430 961//2430 947//2430
f 992//2431 983//2431 947//2431
f 1023//2432 992//2432 947//2432
f 1017//2433 992//2433 1023//2433
f 1032//2434 1017//2434 1023//2434
f 1058//2435 1032//2435 1023//2435
f 1086//2436 1058//2436 1023//2436
f 1106//2437 1086//2437 1023//2437
f 1107//2438 1086//2438 1106//2438
f 1136//2439 1107//2439 1106//2439
f 1178//2440 1136//2440 1106//2440
f 1240//2441 1178//2441 1106//2441
f 1202//2442 1178//2442 1240//2442
f 1211//2443 1202//2443 1240//2443
f 1239//2444 1211//2444 1240//2444
f 1250//2445 1239//2445 1240//2445
f 1252//2446 1250//2446 1240//2446
f 1253//2447 1252//2447 1240//2447
f 1254//2448 1253//2448 1240//2448
f 1255//2449 1254//2449 1240//2449
f 1256//2450 1255//2450 1240//2450
f 1322//2451 1256//2451 1240//2451
f 1421//2452 1322//2452 1240//2452
f 1381//2453 1322//2453 1421//2453
f 1427//2454 1381//2454 1421//2454
f 1506//2455 1427//2455 1421//2455
f 1510//2456 1427//2456 1506//2456
f 1604//2457 1510//2457 1506//2457
f 1609//2458 1510//2458 1604//2458
f 1659//2459 1609//2459 1604//2459
f 1660//2460 1609//2460 1659//2460
f 1666//2461 1660//2461 1659//2461
f 1667//2462 1660//2462 1666//2462
f 1676//2463 1667//2463 1666//2463
f 1677//2464 1667//2464 1676//2464
f 1679//2465 1677//2465 1676//2465
f 1678//2466 1677//2466 1679//2466
f 1673//2467 1678//2467 1679//2467
f 1672//2468 1678//2468 1673//2468
f 1665//2469 1672//2469 1673//2469
f 1664//2470 1672//2470 1665//2470
f 1626//2471 1664//2471 1665//2471
f 1625//2472 1626//2472 1665//2472
f 1535//2473 1626//2473 1625//2473
f 1533//2474 1535//2474 1625//2474
f 1449//2475 1535//2475 1533//2475
f 1443//2476 1449//2476 1533//2476
f 1308//2477 1449//2477 1443//2477
f 1302//2478 1308//2478 1443//2478
f 1138//2479 1308//2479 1302//2479
f 1132//2480 1138//2480 1302//2480
f 1052//2481 1138//2481 1132//2481
f 1051//2482 1052//2482 1132//2482
f 977//2483 1052//2483 1051//2483
f 962//2484 977//2484 1051//2484
f 894//2485 977//2485 962//2485
f 889//2486 894//2486 962//2486
f 850//2487 894//2487 889//2487
f 842//2488 850//2488 889//2488
f 814//2489 850//2489 842//2489
f 761//2490 814//2490 842//2490
f 714//2491 761//2491 842//2491
f 728//2492 761//2492 714//2492
f 719//2493 728//2493 714//2493
f 713//2494 719//2494 714//2494
f 707//2495 713//2495 714//2495
f 702//2496 707//2496 714//2496
f 694//2497 702//2497 714//2497
f 677//2498 694//2498 714//2498
f 687//2499 694//2499 677//2499
f 680//2500 687//2500 677//2500
f 671//2501 680//2501 677//2501
f 665//2502 671//2502 677//2502
f 658//2503 665//2503 677//2503
f 659//2504 665//2504 658//2504
f 657//2505 659//2505 658//2505
f 656//2506 657//2506 658//2506
f 653//2507 656//2507 658//2507
f 647//2508 653//2508 658//2508
f 652//2509 653//2509 647//2509
f 649//2510 652//2510 647//2510
f 648//2511 649//2511 647//2511
f 648//2512 647//2512 636//2512
f 637//2513 648//2513 636//2513
f 673//2514 648//2514 637//2514
f 717//2515 673//2515 637//2515
f 883//2516 717//2516 637//2516
f 844//2517 717//2517 883//2517
f 882//2518 844//2518 883//2518
f 2571//2519 2577//2519 2578//2519
f 2572//2520 2571//2520 2578//2520
f 2573//2521 2571//2521 2572//2521
f 2574//2522 2573//2522 2572//2522
f 2579//2523 2573//2523 2574//2523
f 2580//2524 2579//2524 2574//2524
f 2604//2525 2579//2525 2580//2525
f 2605//2526 2604//2526 2580//2526
f 2625//2527 2604//2527 2605//2527
f 2626//2528 2625//2528 2605//2528
f 625//2529 637//2529 636//2529
f 624//2530 625//2530 636//2530
f 621//2531 625//2531 624//2531
f 620//2532 621//2532 624//2532
f 609//2533 621//2533 620//2533
f 608//2534 609//2534 620//2534
f 604//2535 609//2535 608//2535
f 603//2536 604//2536 608//2536
f 600//2537 604//2537 603//2537
f 599//2538 600//2538 603//2538
f 593//2539 600//2539 599//2539
f 600//2540 593//2540 594//2540
f 601//2541 600//2541 594//2541
f 604//2542 600//2542 601//2542
f 605//2543 604//2543 601//2543
f 609//2544 604//2544 605//2544
f 610//2545 609//2545 605//2545
f 621//2546 609//2546 610//2546
f 622//2547 621//2547 610//2547
f 625//2548 621//2548 622//2548
f 626//2549 625//2549 622//2549
f 637//2550 625//2550 626//2550
f 636//2551 647//2551 658//2551
f 593//2552 636//2552 658//2552
f 599//2553 636//2553 593//2553
f 593//2554 658//2554 677//2554
f 576//2555 593//2555 677//2555
f 714//2556 576//2556 677//2556
f 842//2557 576//2557 714//2557
f 576//2558 842//2558 889//2558
f 539//2559 576//2559 889//2559
f 535//2560 576//2560 539//2560
f 545//2561 539//2561 889//2561
f 962//2562 545//2562 889//2562
f 549//2563 545//2563 962//2563
f 1745//2564 549//2564 962//2564
f 556//2565 549//2565 1745//2565
f 561//2566 556//2566 1745//2566
f 567//2567 561//2567 1745//2567
f 1754//2568 567//2568 1745//2568
f 562//2569 567//2569 1754//2569
f 557//2570 562//2570 1754//2570
f 550//2571 557//2571 1754//2571
f 1689//2572 550//2572 1754//2572
f 546//2573 550//2573 1689//2573
f 540//2574 546//2574 1689//2574
f 536//2575 540//2575 1689//2575
f 530//2576 536//2576 1689//2576
f 524//2577 530//2577 1689//2577
f 520//2578 524//2578 1689//2578
f 516//2579 520//2579 1689//2579
f 512//2580 516//2580 1689//2580
f 508//2581 512//2581 1689//2581
f 504//2582 508//2582 1689//2582
f 473//2583 504//2583 1689//2583
f 500//2584 504//2584 473//2584
f 496//2585 500//2585 473//2585
f 492//2586 496//2586 473//2586
f 488//2587 492//2587 473//2587
f 482//2588 488//2588 473//2588
f 467//2589 482//2589 473//2589
f 461//2590 482//2590 467//2590
f 1745//2591 962//2591 1051//2591
f 1132//2592 1745//2592 1051//2592
f 1758//2593 1745//2593 1132//2593
f 1302//2594 1758//2594 1132//2594
f 1764//2595 1758//2595 1302//2595
f 1770//2596 1764//2596 1302//2596
f 1443//2597 1770//2597 1302//2597
f 1778//2598 1770//2598 1443//2598
f 1784//2599 1778//2599 1443//2599
f 1533//2600 1784//2600 1443//2600
f 1795//2601 1784//2601 1533//2601
f 1625//2602 1795//2602 1533//2602
f 1801//2603 1795//2603 1625//2603
f 1665//2604 1801//2604 1625//2604
f 1807//2605 1801//2605 1665//2605
f 1673//2606 1807//2606 1665//2606
f 1992//2607 1807//2607 1673//2607
f 1679//2608 1992//2608 1673//2608
f 1999//2609 1992//2609 1679//2609
f 2210//2610 1999//2610 1679//2610
f 2222//2611 1999//2611 2210//2611
f 2210//2612 1679//2612 1676//2612
f 2197//2613 2210//2613 1676//2613
f 1666//2614 2197//2614 1676//2614
f 2185//2615 2197//2615 1666//2615
f 1659//2616 2185//2616 1666//2616
f 2178//2617 2185//2617 1659//2617
f 1604//2618 2178//2618 1659//2618
f 2149//2619 2178//2619 1604//2619
f 1506//2620 2149//2620 1604//2620
f 2124//2621 2149//2621 1506//2621
f 1421//2622 2124//2622 1506//2622
f 2108//2623 2124//2623 1421//2623
f 1240//2624 2108//2624 1421//2624
f 840//2625 2108//2625 1240//2625
f 1106//2626 840//2626 1240//2626
f 1023//2627 840//2627 1106//2627
f 1023//2628 947//2628 876//2628
f 858//2629 1023//2629 876//2629
f 835//2630 1023//2630 858//2630
f 1023//2631 835//2631 803//2631
f 790//2632 1023//2632 803//2632
f 807//2633 1023//2633 790//2633
f 1023//2634 807//2634 840//2634
f 2096//2635 2108//2635 840//2635
f 1682//2636 2096//2636 840//2636
f 2094//2637 2096//2637 1682//2637
f 2104//2638 2094//2638 1682//2638
f 2122//2639 2104//2639 1682//2639
f 1691//2640 2122//2640 1682//2640
f 2147//2641 2122//2641 1691//2641
f 1706//2642 2147//2642 1691//2642
f 1720//2643 2147//2643 1706//2643
f 2147//2644 1720//2644 1736//2644
f 1776//2645 2147//2645 1736//2645
f 1803//2646 2147//2646 1776//2646
f 1803//2647 2754//2647 2263//2647
f 2220//2648 1803//2648 2263//2648
f 2208//2649 1803//2649 2220//2649
f 2754//2650 2798//2650 2564//2650
f 2496//2651 2754//2651 2564//2651
f 2480//2652 2754//2652 2496//2652
f 2564//2653 2798//2653 2883//2653
f 2957//2654 2564//2654 2883//2654
f 2996//2655 2564//2655 2957//2655
f 2564//2656 2996//2656 3023//2656
f 3043//2657 2564//2657 3023//2657
f 3053//2658 2564//2658 3043//2658
f 2564//2659 3053//2659 3068//2659
f 2601//2660 2564//2660 3068//2660
f 3080//2661 2601//2661 3068//2661
f 2628//2662 2601//2662 3080//2662
f 3087//2663 2628//2663 3080//2663
f 3098//2664 2628//2664 3087//2664
f 2648//2665 2628//2665 3098//2665
f 3109//2666 2648//2666 3098//2666
f 2666//2667 2648//2667 3109//2667
f 3120//2668 2666//2668 3109//2668
f 2670//2669 2666//2669 3120//2669
f 3127//2670 2670//2670 3120//2670
f 2668//2671 2670//2671 3127//2671
f 2650//2672 2668//2672 3127//2672
f 2630//2673 2650//2673 3127//2673
f 2603//2674 2630//2674 3127//2674
f 2566//2675 2603//2675 3127//2675
f 3129//2676 2566//2676 3127//2676
f 2498//2677 2566//2677 3129//2677
f 2482//2678 2498//2678 3129//2678
f 2446//2679 2482//2679 3129//2679
f 2361//2680 2446//2680 3129//2680
f 2036//2681 2361//2681 3129//2681
f 2029//2682 2361//2682 2036//2682
f 3129//2683 3118//2683 3069//2683
f 2042//2684 3129//2684 3069//2684
f 2036//2685 3129//2685 2042//2685
f 3069//2686 3118//2686 3105//2686
f 3099//2687 3069//2687 3105//2687
f 3090//2688 3069//2688 3099//2688
f 3069//2689 3090//2689 3081//2689
f 2043//2690 2042//2690 3069//2690
f 2171//2691 2043//2691 3069//2691
f 2048//2692 2043//2692 2171//2692
f 2054//2693 2048//2693 2171//2693
f 2071//2694 2054//2694 2171//2694
f 2079//2695 2071//2695 2171//2695
f 2105//2696 2079//2696 2171//2696
f 2131//2697 2105//2697 2171//2697
f 2150//2698 2131//2698 2171//2698
f 2361//2699 2029//2699 2023//2699
f 2316//2700 2361//2700 2023//2700
f 2017//2701 2316//2701 2023//2701
f 2265//2702 2316//2702 2017//2702
f 2007//2703 2265//2703 2017//2703
f 2222//2704 2265//2704 2007//2704
f 1999//2705 2222//2705 2007//2705
f 1689//2706 1754//2706 1741//2706
f 1739//2707 1689//2707 1741//2707
f 1734//2708 1689//2708 1739//2708
f 1689//2709 1734//2709 1726//2709
f 1713//2710 1689//2710 1726//2710
f 1703//2711 1689//2711 1713//2711
f 478//2712 482//2712 461//2712
f 453//2713 478//2713 461//2713
f 447//2714 478//2714 453//2714
f 478//2715 447//2715 441//2715
f 437//2716 478//2716 441//2716
f 433//2717 478//2717 437//2717
f 433//2718 431//2718 450//2718
f 458//2719 433//2719 450//2719
f 470//2720 433//2720 458//2720
f 433//2721 470//2721 478//2721
f 531//2722 576//2722 535//2722
f 529//2723 531//2723 535//2723
f 523//2724 531//2724 529//2724
f 531//2725 523//2725 519//2725
f 515//2726 531//2726 519//2726
f 511//2727 531//2727 515//2727
f 531//2728 511//2728 507//2728
f 503//2729 531//2729 507//2729
f 471//2730 531//2730 503//2730
f 499//2731 471//2731 503//2731
f 495//2732 471//2732 499//2732
f 471//2733 495//2733 491//2733
f 487//2734 471//2734 491//2734
f 481//2735 471//2735 487//2735
f 481//2736 477//2736 459//2736
f 465//2737 481//2737 459//2737
f 471//2738 481//2738 465//2738
f 477//2739 469//2739 427//2739
f 435//2740 477//2740 427//2740
f 439//2741 477//2741 435//2741
f 427//2742 469//2742 457//2742
f 449//2743 427//2743 457//2743
f 429//2744 427//2744 449//2744
f 477//2745 439//2745 445//2745
f 451//2746 477//2746 445//2746
f 459//2747 477//2747 451//2747
f 636//2748 599//2748 603//2748
f 624//2749 636//2749 603//2749
f 608//2750 624//2750 603//2750
f 620//2751 624//2751 608//2751
f 2754//2752 2480//2752 2444//2752
f 2359//2753 2754//2753 2444//2753
f 2314//2754 2754//2754 2359//2754
f 2754//2755 2314//2755 2263//2755
f 1803//2756 2208//2756 2195//2756
f 2182//2757 1803//2757 2195//2757
f 2174//2758 1803//2758 2182//2758
f 1803//2759 2174//2759 2147//2759
f 808//2760 841//2760 840//2760
f 807//2761 808//2761 840//2761
f 791//2762 808//2762 807//2762
f 790//2763 791//2763 807//2763
f 804//2764 791//2764 790//2764
f 803//2765 804//2765 790//2765
f 836//2766 804//2766 803//2766
f 835//2767 836//2767 803//2767
f 859//2768 836//2768 835//2768
f 858//2769 859//2769 835//2769
f 876//2770 859//2770 858//2770
f 859//2771 876//2771 877//2771
f 860//2772 859//2772 877//2772
f 836//2773 859//2773 860//2773
f 837//2774 836//2774 860//2774
f 804//2775 836//2775 837//2775
f 805//2776 804//2776 837//2776
f 791//2777 804//2777 805//2777
f 792//2778 791//2778 805//2778
f 808//2779 791//2779 792//2779
f 809//2780 808//2780 792//2780
f 841//2781 808//2781 809//2781
f 1683//2782 1682//2782 840//2782
f 841//2783 1683//2783 840//2783
f 1710//2784 1683//2784 841//2784
f 1683//2785 1710//2785 1709//2785
f 594//2786 593//2786 576//2786
f 577//2787 594//2787 576//2787
f 3059//2788 3050//2788 3049//2788
f 3058//2789 3059//2789 3049//2789
f 3067//2790 3059//2790 3058//2790
f 3066//2791 3067//2791 3058//2791
f 3077//2792 3067//2792 3066//2792
f 3076//2793 3077//2793 3066//2793
f 3084//2794 3077//2794 3076//2794
f 3083//2795 3084//2795 3076//2795
f 3095//2796 3084//2796 3083//2796
f 3094//2797 3095//2797 3083//2797
f 3102//2798 3095//2798 3094//2798
f 3101//2799 3102//2799 3094//2799
f 3108//2800 3102//2800 3101//2800
f 3107//2801 3108//2801 3101//2801
f 3117//2802 3108//2802 3107//2802
f 3116//2803 3117//2803 3107//2803
f 3122//2804 3117//2804 3116//2804
f 3121//2805 3122//2805 3116//2805
f 3124//2806 3122//2806 3121//2806
f 3123//2807 3124//2807 3121//2807
f 3126//2808 3124//2808 3123//2808
f 3125//2809 3126//2809 3123//2809
f 3132//2810 3126//2810 3125//2810
f 3131//2811 3132//2811 3125//2811
f 2055//2812 2049//2812 2048//2812
f 2054//2813 2055//2813 2048//2813
f 2072//2814 2055//2814 2054//2814
f 2071//2815 2072//2815 2054//2815
f 2080//2816 2072//2816 2071//2816
f 2079//2817 2080//2817 2071//2817
f 2106//2818 2080//2818 2079//2818
f 2105//2819 2106//2819 2079//2819
f 2132//2820 2106//2820 2105//2820
f 2131//2821 2132//2821 2105//2821
f 2151//2822 2132//2822 2131//2822
f 2150//2823 2151//2823 2131//2823
f 2172//2824 2151//2824 2150//2824
f 2171//2825 2172//2825 2150//2825
f 2492//2826 2493//2826 2172//2826
f 2171//2827 2492//2827 2172//2827
f 3069//2828 2492//2828 2171//2828
f 2595//2829 2492//2829 3069//2829
f 3070//2830 2595//2830 3069//2830
f 2596//2831 2595//2831 3070//2831
f 1741//2832 1754//2832 1755//2832
f 1742//2833 1741//2833 1755//2833
f 1739//2834 1741//2834 1742//2834
f 1740//2835 1739//2835 1742//2835
f 1734//2836 1739//2836 1740//2836
f 1735//2837 1734//2837 1740//2837
f 1726//2838 1734//2838 1735//2838
f 1727//2839 1726//2839 1735//2839
f 1713//2840 1726//2840 1727//2840
f 1714//2841 1713//2841 1727//2841
f 1703//2842 1713//2842 1714//2842
f 1704//2843 1703//2843 1714//2843
f 1689//2844 1703//2844 1704//2844
f 1690//2845 1689//2845 1704//2845
f 2050//2846 2051//2846 2053//2846
f 2052//2847 2050//2847 2053//2847
f 435//2848 427//2848 428//2848
f 436//2849 435//2849 428//2849
f 439//2850 435//2850 436//2850
f 440//2851 439//2851 436//2851
f 445//2852 439//2852 440//2852
f 446//2853 445//2853 440//2853
f 451//2854 445//2854 446//2854
f 452//2855 451//2855 446//2855
f 459//2856 451//2856 452//2856
f 460//2857 459//2857 452//2857
f 465//2858 459//2858 460//2858
f 466//2859 465//2859 460//2859
f 471//2860 465//2860 466//2860
f 472//2861 471//2861 466//2861
f 430//2862 428//2862 427//2862
f 429//2863 430//2863 427//2863
f 3044//2864 3054//2864 3053//2864
f 3043//2865 3044//2865 3053//2865
f 3024//2866 3044//2866 3043//2866
f 3023//2867 3024//2867 3043//2867
f 2997//2868 3024//2868 3023//2868
f 2996//2869 2997//2869 3023//2869
f 2958//2870 2997//2870 2996//2870
f 2957//2871 2958//2871 2996//2871
f 2884//2872 2958//2872 2957//2872
f 2883//2873 2884//2873 2957//2873
f 2799//2874 2884//2874 2883//2874
f 2798//2875 2799//2875 2883//2875
f 2755//2876 2799//2876 2798//2876
f 2754//2877 2755//2877 2798//2877
f 2270//2878 2271//2878 2755//2878
f 2754//2879 2270//2879 2755//2879
f 2215//2880 2270//2880 2754//2880
f 1803//2881 2215//2881 2754//2881
f 1804//2882 2215//2882 1803//2882
f 2215//2883 1804//2883 2216//2883
f 1691//2884 1682//2884 1683//2884
f 1692//2885 1691//2885 1683//2885
f 1706//2886 1691//2886 1692//2886
f 1707//2887 1706//2887 1692//2887
f 1720//2888 1706//2888 1707//2888
f 1721//2889 1720//2889 1707//2889
f 1736//2890 1720//2890 1721//2890
f 1737//2891 1736//2891 1721//2891
f 1776//2892 1736//2892 1737//2892
f 1777//2893 1776//2893 1737//2893
f 1803//2894 1776//2894 1777//2894
f 1804//2895 1803//2895 1777//2895
f 1725//2896 1729//2896 1728//2896
f 1724//2897 1725//2897 1728//2897
f 1719//2898 1725//2898 1724//2898
f 1718//2899 1719//2899 1724//2899
f 1710//2900 1719//2900 1718//2900
f 1709//2901 1710//2901 1718//2901
f 3082//2902 3070//2902 3069//2902
f 3081//2903 3082//2903 3069//2903
f 3091//2904 3082//2904 3081//2904
f 3090//2905 3091//2905 3081//2905
f 3100//2906 3091//2906 3090//2906
f 3099//2907 3100//2907 3090//2907
f 3106//2908 3100//2908 3099//2908
f 3105//2909 3106//2909 3099//2909
f 3119//2910 3106//2910 3105//2910
f 3118//2911 3119//2911 3105//2911
f 3130//2912 3119//2912 3118//2912
f 3129//2913 3130//2913 3118//2913
f 3130//2914 3129//2914 3127//2914
f 3128//2915 3130//2915 3127//2915
f 3132//2916 3130//2916 3128//2916
f 3130//2917 3132//2917 3131//2917
f 252//2918 253//2918 254//2918
f 248//2919 252//2919 254//2919
f 250//2920 252//2920 248//2920
f 247//2921 250//2921 248//2921
f 250//2922 249//2922 251//2922
f 252//2923 250//2923 251//2923
f 2724//2924 2645//2924 2646//2924
f 2725//2925 2724//2925 2646//2925
f 2790//2926 2724//2926 2725//2926
f 2791//2927 2790//2927 2725//2927
f 2885//2928 2790//2928 2791//2928
f 2886//2929 2885//2929 2791//2929
f 3054//2930 3030//2930 3047//2930
f 3064//2931 3054//2931 3047//2931
f 3053//2932 3054//2932 3064//2932
f 3068//2933 3053//2933 3064//2933
f 3078//2934 3068//2934 3064//2934
f 3080//2935 3068//2935 3078//2935
f 3085//2936 3080//2936 3078//2936
f 3087//2937 3080//2937 3085//2937
f 3097//2938 3087//2938 3085//2938
f 3098//2939 3087//2939 3097//2939
f 3104//2940 3098//2940 3097//2940
f 3109//2941 3098//2941 3104//2941
f 3115//2942 3109//2942 3104//2942
f 3120//2943 3109//2943 3115//2943
f 3128//2944 3120//2944 3115//2944
f 3127//2945 3120//2945 3128//2945
f 3020//2946 3047//2946 3030//2946
f 3000//2947 3020//2947 3030//2947
f 2982//2948 3020//2948 3000//2948
f 2962//2949 2982//2949 3000//2949
f 2886//2950 2982//2950 2962//2950
f 2885//2951 2886//2951 2962//2951
f 1792//2952 1814//2952 1813//2952
f 1791//2953 1792//2953 1813//2953
f 1757//2954 1792//2954 1791//2954
f 1756//2955 1757//2955 1791//2955
f 1729//2956 1757//2956 1756//2956
f 1728//2957 1729//2957 1756//2957
f 2216//2958 2163//2958 2166//2958
f 2160//2959 2216//2959 2166//2959
f 2205//2960 2216//2960 2160//2960
f 2154//2961 2205//2961 2160//2961
f 2142//2962 2205//2962 2154//2962
f 2205//2963 2142//2963 2136//2963
f 2127//2964 2205//2964 2136//2964
f 2113//2965 2205//2965 2127//2965
f 1899//2966 2205//2966 2113//2966
f 2099//2967 1899//2967 2113//2967
f 2083//2968 1899//2968 2099//2968
f 1899//2969 2083//2969 2075//2969
f 2067//2970 1899//2970 2075//2970
f 2061//2971 1899//2971 2067//2971
f 1813//2972 1899//2972 2061//2972
f 2058//2973 1813//2973 2061//2973
f 1791//2974 1813//2974 2058//2974
f 2064//2975 1791//2975 2058//2975
f 2070//2976 1791//2976 2064//2976
f 1756//2977 1791//2977 2070//2977
f 2078//2978 1756//2978 2070//2978
f 1804//2979 1756//2979 2078//2979
f 2086//2980 1804//2980 2078//2980
f 2102//2981 1804//2981 2086//2981
f 1804//2982 2102//2982 2116//2982
f 2216//2983 1804//2983 2116//2983
f 2130//2984 2216//2984 2116//2984
f 2139//2985 2216//2985 2130//2985
f 2216//2986 2139//2986 2145//2986
f 2157//2987 2216//2987 2145//2987
f 2163//2988 2216//2988 2157//2988
f 1899//2989 1813//2989 1815//2989
f 1850//2990 1899//2990 1815//2990
f 1884//2991 1899//2991 1850//2991
f 1728//2992 1756//2992 1804//2992
f 1777//2993 1728//2993 1804//2993
f 1724//2994 1728//2994 1777//2994
f 1737//2995 1724//2995 1777//2995
f 1718//2996 1724//2996 1737//2996
f 1709//2997 1718//2997 1737//2997
f 1721//2998 1709//2998 1737//2998
f 1707//2999 1709//2999 1721//2999
f 1709//3000 1707//3000 1692//3000
f 1683//3001 1709//3001 1692//3001
f 2790//3002 2488//3002 2491//3002
f 2485//3003 2790//3003 2491//3003
f 2724//3004 2790//3004 2485//3004
f 2475//3005 2724//3005 2485//3005
f 2467//3006 2724//3006 2475//3006
f 2724//3007 2467//3007 2461//3007
f 2645//3008 2724//3008 2461//3008
f 2455//3009 2645//3009 2461//3009
f 2575//3010 2645//3010 2455//3010
f 2449//3011 2575//3011 2455//3011
f 2228//3012 2575//3012 2449//3012
f 2439//3013 2228//3013 2449//3013
f 2428//3014 2228//3014 2439//3014
f 2228//3015 2428//3015 2402//3015
f 2390//3016 2228//3016 2402//3016
f 2382//3017 2228//3017 2390//3017
f 2228//3018 2382//3018 2379//3018
f 2385//3019 2228//3019 2379//3019
f 2271//3020 2228//3020 2385//3020
f 2393//3021 2271//3021 2385//3021
f 2405//3022 2271//3022 2393//3022
f 2271//3023 2405//3023 2431//3023
f 2442//3024 2271//3024 2431//3024
f 2452//3025 2271//3025 2442//3025
f 2271//3026 2452//3026 2458//3026
f 2755//3027 2271//3027 2458//3027
f 2464//3028 2755//3028 2458//3028
f 2470//3029 2755//3029 2464//3029
f 2755//3030 2470//3030 2478//3030
f 2488//3031 2755//3031 2478//3031
f 2790//3032 2755//3032 2488//3032
f 2885//3033 2962//3033 2884//3033
f 2799//3034 2885//3034 2884//3034
f 2755//3035 2885//3035 2799//3035
f 2958//3036 2884//3036 2962//3036
f 3000//3037 2958//3037 2962//3037
f 2997//3038 2958//3038 3000//3038
f 3024//3039 2997//3039 3000//3039
f 3030//3040 3024//3040 3000//3040
f 3044//3041 3024//3041 3030//3041
f 3054//3042 3044//3042 3030//3042
f 2575//3043 2597//3043 2615//3043
f 2631//3044 2575//3044 2615//3044
f 2645//3045 2575//3045 2631//3045
f 2755//3046 2790//3046 2885//3046
f 341//3047 342//3047 254//3047
f 253//3048 341//3048 254//3048
f 531//3049 532//3049 577//3049
f 576//3050 531//3050 577//3050
f 247//3051 248//3051 340//3051
f 339//3052 247//3052 340//3052
f 2863//3053 2864//3053 2664//3053
f 2663//3054 2863//3054 2664//3054
f 2779//3055 2781//3055 2856//3055
f 2854//3056 2779//3056 2856//3056
f 2231//3057 2233//3057 2294//3057
f 2269//3058 2231//3058 2294//3058
f 2261//3059 2231//3059 2269//3059
f 2294//3060 2233//3060 2296//3060
f 2273//3061 2269//3061 2294//3061
f 2343//3062 2273//3062 2294//3062
f 2374//3063 2273//3063 2343//3063
f 2387//3064 2374//3064 2343//3064
f 2433//3065 2387//3065 2343//3065
f 2397//3066 2387//3066 2433//3066
f 2407//3067 2397//3067 2433//3067
f 2423//3068 2407//3068 2433//3068
f 2411//3069 2407//3069 2423//3069
f 2415//3070 2411//3070 2423//3070
f 2419//3071 2415//3071 2423//3071
f 2435//3072 2433//3072 2343//3072
f 2345//3073 2435//3073 2343//3073
f 2395//3074 2435//3074 2345//3074
f 2376//3075 2395//3075 2345//3075
f 2275//3076 2376//3076 2345//3076
f 2300//3077 2275//3077 2345//3077
f 2267//3078 2275//3078 2300//3078
f 2237//3079 2267//3079 2300//3079
f 2259//3080 2267//3080 2237//3080
f 2255//3081 2259//3081 2237//3081
f 2239//3082 2255//3082 2237//3082
f 2251//3083 2255//3083 2239//3083
f 2247//3084 2251//3084 2239//3084
f 2243//3085 2247//3085 2239//3085
f 2300//3086 2298//3086 2235//3086
f 2237//3087 2300//3087 2235//3087
f 2435//3088 2395//3088 2399//3088
f 2409//3089 2435//3089 2399//3089
f 2425//3090 2435//3090 2409//3090
f 2413//3091 2425//3091 2409//3091
f 2417//3092 2425//3092 2413//3092
f 2425//3093 2417//3093 2421//3093
f 2231//3094 2261//3094 2257//3094
f 2241//3095 2231//3095 2257//3095
f 2253//3096 2241//3096 2257//3096
f 2249//3097 2241//3097 2253//3097
f 2241//3098 2249//3098 2245//3098
f 2168//3099 2110//3099 2180//3099
f 2189//3100 2168//3100 2180//3100
f 2191//3101 2189//3101 2180//3101
f 2203//3102 2189//3102 2191//3102
f 2193//3103 2203//3103 2191//3103
f 2170//3104 2191//3104 2180//3104
f 2118//3105 2170//3105 2180//3105
f 2120//3106 2170//3106 2118//3106
f 2189//3107 2203//3107 2201//3107
f 2187//3108 2189//3108 2201//3108
f 1731//3109 1733//3109 1775//3109
f 1773//3110 1731//3110 1775//3110
f 1794//3111 1868//3111 1871//3111
f 1854//3112 1794//3112 1871//3112
f 1837//3113 1794//3113 1854//3113
f 1902//3114 1871//3114 1868//3114
f 1944//3115 1902//3115 1868//3115
f 1942//3116 1902//3116 1944//3116
f 2011//3117 1942//3117 1944//3117
f 1946//3118 1942//3118 2011//3118
f 1972//3119 1946//3119 2011//3119
f 2009//3120 1972//3120 2011//3120
f 1871//3121 1942//3121 1946//3121
f 1854//3122 1871//3122 1946//3122
f 2025//3123 2027//3123 2090//3123
f 2088//3124 2025//3124 2090//3124
f 2212//3125 2214//3125 2226//3125
f 2224//3126 2212//3126 2226//3126
f 2500//3127 2502//3127 2588//3127
f 2562//3128 2500//3128 2588//3128
f 2552//3129 2500//3129 2562//3129
f 2502//3130 2510//3130 2522//3130
f 2534//3131 2502//3131 2522//3131
f 2542//3132 2502//3132 2534//3132
f 2522//3133 2510//3133 2514//3133
f 2502//3134 2542//3134 2556//3134
f 2590//3135 2502//3135 2556//3135
f 2588//3136 2502//3136 2590//3136
f 2590//3137 2556//3137 2583//3137
f 2652//3138 2590//3138 2583//3138
f 2654//3139 2652//3139 2583//3139
f 2592//3140 2654//3140 2583//3140
f 2558//3141 2592//3141 2583//3141
f 2594//3142 2592//3142 2558//3142
f 2504//3143 2594//3143 2558//3143
f 2506//3144 2594//3144 2504//3144
f 2504//3145 2558//3145 2548//3145
f 2536//3146 2504//3146 2548//3146
f 2524//3147 2504//3147 2536//3147
f 2524//3148 2520//3148 2512//3148
f 2504//3149 2524//3149 2512//3149
f 2506//3150 2516//3150 2544//3150
f 2550//3151 2506//3151 2544//3151
f 2560//3152 2506//3152 2550//3152
f 2516//3153 2526//3153 2530//3153
f 2538//3154 2516//3154 2530//3154
f 2544//3155 2516//3155 2538//3155
f 2594//3156 2506//3156 2560//3156
f 2570//3157 2594//3157 2560//3157
f 2662//3158 2594//3158 2570//3158
f 2686//3159 2662//3159 2570//3159
f 2696//3160 2662//3160 2686//3160
f 2753//3161 2662//3161 2696//3161
f 2711//3162 2753//3162 2696//3162
f 2721//3163 2753//3163 2711//3163
f 2743//3164 2753//3164 2721//3164
f 2731//3165 2743//3165 2721//3165
f 2735//3166 2743//3166 2731//3166
f 2743//3167 2735//3167 2739//3167
f 2662//3168 2753//3168 2751//3168
f 2660//3169 2662//3169 2751//3169
f 2568//3170 2562//3170 2588//3170
f 2656//3171 2568//3171 2588//3171
f 2688//3172 2568//3172 2656//3172
f 2698//3173 2688//3173 2656//3173
f 2747//3174 2698//3174 2656//3174
f 2713//3175 2698//3175 2747//3175
f 2723//3176 2713//3176 2747//3176
f 2745//3177 2723//3177 2747//3177
f 2733//3178 2723//3178 2745//3178
f 2737//3179 2733//3179 2745//3179
f 2741//3180 2737//3180 2745//3180
f 2656//3181 2658//3181 2749//3181
f 2747//3182 2656//3182 2749//3182
f 2500//3183 2552//3183 2546//3183
f 2518//3184 2500//3184 2546//3184
f 2540//3185 2518//3185 2546//3185
f 2532//3186 2518//3186 2540//3186
f 2518//3187 2532//3187 2528//3187
f 2964//3188 2913//3188 2970//3188
f 3002//3189 2964//3189 2970//3189
f 3004//3190 2964//3190 3002//3190
f 2964//3191 3004//3191 3006//3191
f 3008//3192 2964//3192 3006//3192
f 3010//3193 2964//3193 3008//3193
f 3010//3194 3012//3194 3018//3194
f 3046//3195 3010//3195 3018//3195
f 3022//3196 3010//3196 3046//3196
f 3012//3197 3014//3197 3016//3197
f 3018//3198 3012//3198 3016//3198
f 3046//3199 3018//3199 3038//3199
f 3063//3200 3046//3200 3038//3200
f 3061//3201 3046//3201 3063//3201
f 3061//3202 3032//3202 3034//3202
f 3036//3203 3061//3203 3034//3203
f 3040//3204 3061//3204 3036//3204
f 3061//3205 3040//3205 3042//3205
f 3046//3206 3061//3206 3042//3206
f 3010//3207 3022//3207 2999//3207
f 2964//3208 3010//3208 2999//3208
f 2911//3209 2913//3209 2964//3209
f 2966//3210 2911//3210 2964//3210
f 2968//3211 2911//3211 2966//3211
f 2911//3212 2968//3212 2972//3212
f 2976//3213 2911//3213 2972//3213
f 2974//3214 2911//3214 2976//3214
f 2781//3215 2780//3215 2855//3215
f 2856//3216 2781//3216 2855//3216
f 2856//3217 2855//3217 2853//3217
f 2854//3218 2856//3218 2853//3218
f 2854//3219 2853//3219 2778//3219
f 2779//3220 2854//3220 2778//3220
f 2779//3221 2778//3221 2780//3221
f 2781//3222 2779//3222 2780//3222
f 2233//3223 2232//3223 2295//3223
f 2296//3224 2233//3224 2295//3224
f 2296//3225 2295//3225 2293//3225
f 2294//3226 2296//3226 2293//3226
f 2294//3227 2293//3227 2342//3227
f 2343//3228 2294//3228 2342//3228
f 2343//3229 2342//3229 2344//3229
f 2345//3230 2343//3230 2344//3230
f 2345//3231 2344//3231 2299//3231
f 2300//3232 2345//3232 2299//3232
f 2300//3233 2299//3233 2297//3233
f 2298//3234 2300//3234 2297//3234
f 2298//3235 2297//3235 2234//3235
f 2235//3236 2298//3236 2234//3236
f 2235//3237 2234//3237 2236//3237
f 2237//3238 2235//3238 2236//3238
f 2237//3239 2236//3239 2238//3239
f 2239//3240 2237//3240 2238//3240
f 2242//3241 2239//3241 2238//3241
f 2243//3242 2239//3242 2242//3242
f 2246//3243 2243//3243 2242//3243
f 2247//3244 2243//3244 2246//3244
f 2250//3245 2247//3245 2246//3245
f 2251//3246 2247//3246 2250//3246
f 2254//3247 2251//3247 2250//3247
f 2255//3248 2251//3248 2254//3248
f 2258//3249 2255//3249 2254//3249
f 2259//3250 2255//3250 2258//3250
f 2266//3251 2259//3251 2258//3251
f 2267//3252 2259//3252 2266//3252
f 2274//3253 2267//3253 2266//3253
f 2275//3254 2267//3254 2274//3254
f 2275//3255 2274//3255 2375//3255
f 2376//3256 2275//3256 2375//3256
f 2376//3257 2375//3257 2394//3257
f 2395//3258 2376//3258 2394//3258
f 2398//3259 2395//3259 2394//3259
f 2399//3260 2395//3260 2398//3260
f 2408//3261 2399//3261 2398//3261
f 2409//3262 2399//3262 2408//3262
f 2412//3263 2409//3263 2408//3263
f 2413//3264 2409//3264 2412//3264
f 2416//3265 2413//3265 2412//3265
f 2417//3266 2413//3266 2416//3266
f 2420//3267 2417//3267 2416//3267
f 2421//3268 2417//3268 2420//3268
f 2424//3269 2421//3269 2420//3269
f 2425//3270 2421//3270 2424//3270
f 2434//3271 2425//3271 2424//3271
f 2435//3272 2425//3272 2434//3272
f 2435//3273 2434//3273 2432//3273
f 2433//3274 2435//3274 2432//3274
f 2433//3275 2432//3275 2422//3275
f 2423//3276 2433//3276 2422//3276
f 2418//3277 2423//3277 2422//3277
f 2419//3278 2423//3278 2418//3278
f 2414//3279 2419//3279 2418//3279
f 2415//3280 2419//3280 2414//3280
f 2410//3281 2415//3281 2414//3281
f 2411//3282 2415//3282 2410//3282
f 2406//3283 2411//3283 2410//3283
f 2407//3284 2411//3284 2406//3284
f 2396//3285 2407//3285 2406//3285
f 2397//3286 2407//3286 2396//3286
f 2386//3287 2397//3287 2396//3287
f 2387//3288 2397//3288 2386//3288
f 2373//3289 2387//3289 2386//3289
f 2374//3290 2387//3290 2373//3290
f 2374//3291 2373//3291 2272//3291
f 2273//3292 2374//3292 2272//3292
f 2273//3293 2272//3293 2268//3293
f 2269//3294 2273//3294 2268//3294
f 2260//3295 2269//3295 2268//3295
f 2261//3296 2269//3296 2260//3296
f 2256//3297 2261//3297 2260//3297
f 2257//3298 2261//3298 2256//3298
f 2252//3299 2257//3299 2256//3299
f 2253//3300 2257//3300 2252//3300
f 2248//3301 2253//3301 2252//3301
f 2249//3302 2253//3302 2248//3302
f 2244//3303 2249//3303 2248//3303
f 2245//3304 2249//3304 2244//3304
f 2240//3305 2245//3305 2244//3305
f 2241//3306 2245//3306 2240//3306
f 2230//3307 2241//3307 2240//3307
f 2231//3308 2241//3308 2230//3308
f 2231//3309 2230//3309 2232//3309
f 2233//3310 2231//3310 2232//3310
f 2214//3311 2213//3311 2225//3311
f 2226//3312 2214//3312 2225//3312
f 2226//3313 2225//3313 2223//3313
f 2224//3314 2226//3314 2223//3314
f 2224//3315 2223//3315 2211//3315
f 2212//3316 2224//3316 2211//3316
f 2212//3317 2211//3317 2213//3317
f 2214//3318 2212//3318 2213//3318
f 2027//3319 2026//3319 2089//3319
f 2090//3320 2027//3320 2089//3320
f 2090//3321 2089//3321 2087//3321
f 2088//3322 2090//3322 2087//3322
f 2088//3323 2087//3323 2024//3323
f 2025//3324 2088//3324 2024//3324
f 2025//3325 2024//3325 2026//3325
f 2027//3326 2025//3326 2026//3326
f 1942//3327 1941//3327 1901//3327
f 1902//3328 1942//3328 1901//3328
f 1902//3329 1901//3329 1870//3329
f 1871//3330 1902//3330 1870//3330
f 1871//3331 1870//3331 1941//3331
f 1942//3332 1871//3332 1941//3332
f 1868//3333 1867//3333 1943//3333
f 1944//3334 1868//3334 1943//3334
f 1944//3335 1943//3335 2010//3335
f 2011//3336 1944//3336 2010//3336
f 2011//3337 2010//3337 2008//3337
f 2009//3338 2011//3338 2008//3338
f 2009//3339 2008//3339 1971//3339
f 1972//3340 2009//3340 1971//3340
f 1972//3341 1971//3341 1945//3341
f 1946//3342 1972//3342 1945//3342
f 1946//3343 1945//3343 1853//3343
f 1854//3344 1946//3344 1853//3344
f 1854//3345 1853//3345 1836//3345
f 1837//3346 1854//3346 1836//3346
f 1837//3347 1836//3347 1793//3347
f 1794//3348 1837//3348 1793//3348
f 1794//3349 1793//3349 1867//3349
f 1868//3350 1794//3350 1867//3350
f 2180//3351 2179//3351 2117//3351
f 2118//3352 2180//3352 2117//3352
f 2118//3353 2117//3353 2119//3353
f 2120//3354 2118//3354 2119//3354
f 2120//3355 2119//3355 2169//3355
f 2170//3356 2120//3356 2169//3356
f 2170//3357 2169//3357 2190//3357
f 2191//3358 2170//3358 2190//3358
f 2191//3359 2190//3359 2192//3359
f 2193//3360 2191//3360 2192//3360
f 2193//3361 2192//3361 2202//3361
f 2203//3362 2193//3362 2202//3362
f 2203//3363 2202//3363 2200//3363
f 2201//3364 2203//3364 2200//3364
f 2201//3365 2200//3365 2186//3365
f 2187//3366 2201//3366 2186//3366
f 2187//3367 2186//3367 2188//3367
f 2189//3368 2187//3368 2188//3368
f 2189//3369 2188//3369 2167//3369
f 2168//3370 2189//3370 2167//3370
f 2168//3371 2167//3371 2109//3371
f 2110//3372 2168//3372 2109//3372
f 2110//3373 2109//3373 2179//3373
f 2180//3374 2110//3374 2179//3374
f 1733//3375 1732//3375 1774//3375
f 1775//3376 1733//3376 1774//3376
f 1775//3377 1774//3377 1772//3377
f 1773//3378 1775//3378 1772//3378
f 1773//3379 1772//3379 1730//3379
f 1731//3380 1773//3380 1730//3380
f 1731//3381 1730//3381 1732//3381
f 1733//3382 1731//3382 1732//3382
f 2502//3383 2501//3383 2509//3383
f 2510//3384 2502//3384 2509//3384
f 2513//3385 2510//3385 2509//3385
f 2514//3386 2510//3386 2513//3386
f 2521//3387 2514//3387 2513//3387
f 2522//3388 2514//3388 2521//3388
f 2533//3389 2522//3389 2521//3389
f 2534//3390 2522//3390 2533//3390
f 2541//3391 2534//3391 2533//3391
f 2542//3392 2534//3392 2541//3392
f 2555//3393 2542//3393 2541//3393
f 2556//3394 2542//3394 2555//3394
f 2556//3395 2555//3395 2582//3395
f 2583//3396 2556//3396 2582//3396
f 2583//3397 2582//3397 2557//3397
f 2558//3398 2583//3398 2557//3398
f 2558//3399 2557//3399 2547//3399
f 2548//3400 2558//3400 2547//3400
f 2535//3401 2548//3401 2547//3401
f 2536//3402 2548//3402 2535//3402
f 2523//3403 2536//3403 2535//3403
f 2524//3404 2536//3404 2523//3404
f 2519//3405 2524//3405 2523//3405
f 2520//3406 2524//3406 2519//3406
f 2511//3407 2520//3407 2519//3407
f 2512//3408 2520//3408 2511//3408
f 2503//3409 2512//3409 2511//3409
f 2504//3410 2512//3410 2503//3410
f 2504//3411 2503//3411 2505//3411
f 2506//3412 2504//3412 2505//3412
f 2506//3413 2505//3413 2515//3413
f 2516//3414 2506//3414 2515//3414
f 2525//3415 2516//3415 2515//3415
f 2526//3416 2516//3416 2525//3416
f 2529//3417 2526//3417 2525//3417
f 2530//3418 2526//3418 2529//3418
f 2537//3419 2530//3419 2529//3419
f 2538//3420 2530//3420 2537//3420
f 2543//3421 2538//3421 2537//3421
f 2544//3422 2538//3422 2543//3422
f 2549//3423 2544//3423 2543//3423
f 2550//3424 2544//3424 2549//3424
f 2559//3425 2550//3425 2549//3425
f 2560//3426 2550//3426 2559//3426
f 2569//3427 2560//3427 2559//3427
f 2570//3428 2560//3428 2569//3428
f 2570//3429 2569//3429 2685//3429
f 2686//3430 2570//3430 2685//3430
f 2686//3431 2685//3431 2695//3431
f 2696//3432 2686//3432 2695//3432
f 2710//3433 2696//3433 2695//3433
f 2711//3434 2696//3434 2710//3434
f 2720//3435 2711//3435 2710//3435
f 2721//3436 2711//3436 2720//3436
f 2730//3437 2721//3437 2720//3437
f 2731//3438 2721//3438 2730//3438
f 2734//3439 2731//3439 2730//3439
f 2735//3440 2731//3440 2734//3440
f 2738//3441 2735//3441 2734//3441
f 2739//3442 2735//3442 2738//3442
f 2742//3443 2739//3443 2738//3443
f 2743//3444 2739//3444 2742//3444
f 2752//3445 2743//3445 2742//3445
f 2753//3446 2743//3446 2752//3446
f 2753//3447 2752//3447 2750//3447
f 2751//3448 2753//3448 2750//3448
f 2751//3449 2750//3449 2659//3449
f 2660//3450 2751//3450 2659//3450
f 2660//3451 2659//3451 2661//3451
f 2662//3452 2660//3452 2661//3452
f 2662//3453 2661//3453 2593//3453
f 2594//3454 2662//3454 2593//3454
f 2594//3455 2593//3455 2591//3455
f 2592//3456 2594//3456 2591//3456
f 2592//3457 2591//3457 2653//3457
f 2654//3458 2592//3458 2653//3458
f 2654//3459 2653//3459 2651//3459
f 2652//3460 2654//3460 2651//3460
f 2652//3461 2651//3461 2589//3461
f 2590//3462 2652//3462 2589//3462
f 2590//3463 2589//3463 2587//3463
f 2588//3464 2590//3464 2587//3464
f 2588//3465 2587//3465 2655//3465
f 2656//3466 2588//3466 2655//3466
f 2656//3467 2655//3467 2657//3467
f 2658//3468 2656//3468 2657//3468
f 2658//3469 2657//3469 2748//3469
f 2749//3470 2658//3470 2748//3470
f 2749//3471 2748//3471 2746//3471
f 2747//3472 2749//3472 2746//3472
f 2747//3473 2746//3473 2744//3473
f 2745//3474 2747//3474 2744//3474
f 2740//3475 2745//3475 2744//3475
f 2741//3476 2745//3476 2740//3476
f 2736//3477 2741//3477 2740//3477
f 2737//3478 2741//3478 2736//3478
f 2732//3479 2737//3479 2736//3479
f 2733//3480 2737//3480 2732//3480
f 2722//3481 2733//3481 2732//3481
f 2723//3482 2733//3482 2722//3482
f 2712//3483 2723//3483 2722//3483
f 2713//3484 2723//3484 2712//3484
f 2697//3485 2713//3485 2712//3485
f 2698//3486 2713//3486 2697//3486
f 2687//3487 2698//3487 2697//3487
f 2688//3488 2698//3488 2687//3488
f 2688//3489 2687//3489 2567//3489
f 2568//3490 2688//3490 2567//3490
f 2568//3491 2567//3491 2561//3491
f 2562//3492 2568//3492 2561//3492
f 2551//3493 2562//3493 2561//3493
f 2552//3494 2562//3494 2551//3494
f 2545//3495 2552//3495 2551//3495
f 2546//3496 2552//3496 2545//3496
f 2539//3497 2546//3497 2545//3497
f 2540//3498 2546//3498 2539//3498
f 2531//3499 2540//3499 2539//3499
f 2532//3500 2540//3500 2531//3500
f 2527//3501 2532//3501 2531//3501
f 2528//3502 2532//3502 2527//3502
f 2517//3503 2528//3503 2527//3503
f 2518//3504 2528//3504 2517//3504
f 2499//3505 2518//3505 2517//3505
f 2500//3506 2518//3506 2499//3506
f 2500//3507 2499//3507 2501//3507
f 2502//3508 2500//3508 2501//3508
f 2913//3509 2912//3509 2969//3509
f 2970//3510 2913//3510 2969//3510
f 2970//3511 2969//3511 3001//3511
f 3002//3512 2970//3512 3001//3512
f 3002//3513 3001//3513 3003//3513
f 3004//3514 3002//3514 3003//3514
f 3005//3515 3004//3515 3003//3515
f 3006//3516 3004//3516 3005//3516
f 3007//3517 3006//3517 3005//3517
f 3008//3518 3006//3518 3007//3518
f 3009//3519 3008//3519 3007//3519
f 3010//3520 3008//3520 3009//3520
f 3010//3521 3009//3521 3011//3521
f 3012//3522 3010//3522 3011//3522
f 3013//3523 3012//3523 3011//3523
f 3014//3524 3012//3524 3013//3524
f 3015//3525 3014//3525 3013//3525
f 3016//3526 3014//3526 3015//3526
f 3017//3527 3016//3527 3015//3527
f 3018//3528 3016//3528 3017//3528
f 3018//3529 3017//3529 3037//3529
f 3038//3530 3018//3530 3037//3530
f 3038//3531 3037//3531 3062//3531
f 3063//3532 3038//3532 3062//3532
f 3063//3533 3062//3533 3060//3533
f 3061//3534 3063//3534 3060//3534
f 3061//3535 3060//3535 3031//3535
f 3032//3536 3061//3536 3031//3536
f 3032//3537 3031//3537 3033//3537
f 3034//3538 3032//3538 3033//3538
f 3034//3539 3033//3539 3035//3539
f 3036//3540 3034//3540 3035//3540
f 3039//3541 3036//3541 3035//3541
f 3040//3542 3036//3542 3039//3542
f 3041//3543 3040//3543 3039//3543
f 3042//3544 3040//3544 3041//3544
f 3045//3545 3042//3545 3041//3545
f 3046//3546 3042//3546 3045//3546
f 3046//3547 3045//3547 3021//3547
f 3022//3548 3046//3548 3021//3548
f 3022//3549 3021//3549 2998//3549
f 2999//3550 3022//3550 2998//3550
f 2999//3551 2998//3551 2963//3551
f 2964//3552 2999//3552 2963//3552
f 2964//3553 2963//3553 2965//3553
f 2966//3554 2964//3554 2965//3554
f 2967//3555 2966//3555 2965//3555
f 2968//3556 2966//3556 2967//3556
f 2971//3557 2968//3557 2967//3557
f 2972//3558 2968//3558 2971//3558
f 2975//3559 2972//3559 2971//3559
f 2976//3560 2972//3560 2975//3560
f 2976//3561 2975//3561 2973//3561
f 2974//3562 2976//3562 2973//3562
f 2974//3563 2973//3563 2910//3563
f 2911//3564 2974//3564 2910//3564
f 2911//3565 2910//3565 2912//3565
f 2913//3566 2911//3566 2912//3566
f 580//3567 787//3567 768//3567
f 785//3568 580//3568 768//3568
f 826//3569 580//3569 785//3569
f 580//3570 826//3570 863//3570
f 1695//3571 580//3571 863//3571
f 890//3572 1695//3572 863//3572
f 950//3573 1695//3573 890//3573
f 1695//3574 950//3574 1010//3574
f 1074//3575 1695//3575 1010//3575
f 1143//3576 1695//3576 1074//3576
f 1695//3577 1143//3577 1258//3577
f 2095//3578 1695//3578 1258//3578
f 2093//3579 1695//3579 2095//3579
f 2107//3580 2095//3580 1258//3580
f 1376//3581 2107//3581 1258//3581
f 2123//3582 2107//3582 1376//3582
f 1436//3583 2123//3583 1376//3583
f 2148//3584 2123//3584 1436//3584
f 1469//3585 2148//3585 1436//3585
f 2177//3586 2148//3586 1469//3586
f 1484//3587 2177//3587 1469//3587
f 2184//3588 2177//3588 1484//3588
f 1971//3589 2184//3589 1484//3589
f 2008//3590 2184//3590 1971//3590
f 1836//3591 1971//3591 1484//3591
f 1471//3592 1836//3592 1484//3592
f 1793//3593 1836//3593 1471//3593
f 1772//3594 1793//3594 1471//3594
f 1774//3595 1793//3595 1772//3595
f 1730//3596 1772//3596 1471//3596
f 1438//3597 1730//3597 1471//3597
f 1378//3598 1730//3598 1438//3598
f 1378//3599 1260//3599 1179//3599
f 1420//3600 1378//3600 1179//3600
f 1730//3601 1378//3601 1420//3601
f 1548//3602 1730//3602 1420//3602
f 1661//3603 1730//3603 1548//3603
f 1179//3604 1260//3604 1145//3604
f 1039//3605 1179//3605 1145//3605
f 1076//3606 1039//3606 1145//3606
f 1012//3607 1039//3607 1076//3607
f 1039//3608 1012//3608 952//3608
f 892//3609 1039//3609 952//3609
f 865//3610 1039//3610 892//3610
f 580//3611 1039//3611 865//3611
f 828//3612 580//3612 865//3612
f 787//3613 580//3613 828//3613
f 2609//3614 2611//3614 2274//3614
f 2266//3615 2609//3615 2274//3615
f 2202//3616 2609//3616 2266//3616
f 2258//3617 2202//3617 2266//3617
f 2254//3618 2202//3618 2258//3618
f 2611//3619 2621//3619 2394//3619
f 2375//3620 2611//3620 2394//3620
f 2274//3621 2611//3621 2375//3621
f 2621//3622 2639//3622 2549//3622
f 2398//3623 2621//3623 2549//3623
f 2394//3624 2621//3624 2398//3624
f 2639//3625 2671//3625 2569//3625
f 2559//3626 2639//3626 2569//3626
f 2549//3627 2639//3627 2559//3627
f 2685//3628 2569//3628 2671//3628
f 2726//3629 2685//3629 2671//3629
f 2772//3630 2685//3630 2726//3630
f 2772//3631 2809//3631 2720//3631
f 2710//3632 2772//3632 2720//3632
f 2695//3633 2772//3633 2710//3633
f 2912//3634 2720//3634 2809//3634
f 2865//3635 2912//3635 2809//3635
f 2969//3636 2912//3636 2865//3636
f 2925//3637 2969//3637 2865//3637
f 3037//3638 2969//3638 2925//3638
f 2953//3639 3037//3639 2925//3639
f 2977//3640 3037//3640 2953//3640
f 2977//3641 2987//3641 3144//3641
f 3062//3642 2977//3642 3144//3642
f 3037//3643 2977//3643 3062//3643
f 3144//3644 2987//3644 2991//3644
f 3142//3645 3144//3645 2991//3645
f 3140//3646 3142//3646 2991//3646
f 3134//3647 3140//3647 2991//3647
f 2989//3648 3134//3648 2991//3648
f 3110//3649 3134//3649 2989//3649
f 3096//3650 3110//3650 2989//3650
f 2979//3651 3096//3651 2989//3651
f 3079//3652 3096//3652 2979//3652
f 2955//3653 3079//3653 2979//3653
f 3065//3654 3079//3654 2955//3654
f 3048//3655 3065//3655 2955//3655
f 2927//3656 3048//3656 2955//3656
f 3019//3657 3048//3657 2927//3657
f 2867//3658 3019//3658 2927//3658
f 2981//3659 3019//3659 2867//3659
f 2887//3660 2981//3660 2867//3660
f 2811//3661 2887//3661 2867//3661
f 2789//3662 2887//3662 2811//3662
f 2774//3663 2789//3663 2811//3663
f 2701//3664 2789//3664 2774//3664
f 2728//3665 2701//3665 2774//3665
f 2673//3666 2701//3666 2728//3666
f 2701//3667 2673//3667 2641//3667
f 2623//3668 2701//3668 2641//3668
f 1696//3669 2701//3669 2623//3669
f 2613//3670 1696//3670 2623//3670
f 2192//3671 1696//3671 2613//3671
f 2202//3672 2192//3672 2613//3672
f 2609//3673 2202//3673 2613//3673
f 2665//3674 2669//3674 3141//3674
f 3139//3675 2665//3675 3141//3675
f 3133//3676 2665//3676 3139//3676
f 3143//3677 3141//3677 2669//3677
f 2667//3678 3143//3678 2669//3678
f 2649//3679 3143//3679 2667//3679
f 3143//3680 2649//3680 2629//3680
f 2602//3681 3143//3681 2629//3681
f 3060//3682 3143//3682 2602//3682
f 3031//3683 3060//3683 2602//3683
f 2973//3684 3031//3684 2602//3684
f 3021//3685 3031//3685 2973//3685
f 2998//3686 3021//3686 2973//3686
f 2975//3687 2998//3687 2973//3687
f 2971//3688 2998//3688 2975//3688
f 2973//3689 2602//3689 2565//3689
f 2910//3690 2973//3690 2565//3690
f 2853//3691 2910//3691 2565//3691
f 2855//3692 2910//3692 2853//3692
f 2853//3693 2565//3693 2497//3693
f 2778//3694 2853//3694 2497//3694
f 2687//3695 2778//3695 2497//3695
f 2697//3696 2778//3696 2687//3696
f 2687//3697 2497//3697 2481//3697
f 2567//3698 2687//3698 2481//3698
f 2445//3699 2567//3699 2481//3699
f 2561//3700 2567//3700 2445//3700
f 2360//3701 2561//3701 2445//3701
f 2386//3702 2561//3702 2360//3702
f 2373//3703 2386//3703 2360//3703
f 2315//3704 2373//3704 2360//3704
f 2272//3705 2373//3705 2315//3705
f 2264//3706 2272//3706 2315//3706
f 2223//3707 2272//3707 2264//3707
f 2211//3708 2223//3708 2264//3708
f 2221//3709 2211//3709 2264//3709
f 2200//3710 2211//3710 2221//3710
f 2186//3711 2200//3711 2221//3711
f 2209//3712 2186//3712 2221//3712
f 2167//3713 2186//3713 2209//3713
f 2109//3714 2167//3714 2209//3714
f 2196//3715 2109//3715 2209//3715
f 2087//3716 2109//3716 2196//3716
f 2024//3717 2087//3717 2196//3717
f 2008//3718 2024//3718 2196//3718
f 2010//3719 2024//3719 2008//3719
f 2008//3720 2196//3720 2184//3720
f 1695//3721 2093//3721 2103//3721
f 2121//3722 1695//3722 2103//3722
f 1715//3723 1695//3723 2121//3723
f 2146//3724 1715//3724 2121//3724
f 1738//3725 1715//3725 2146//3725
f 2173//3726 1738//3726 2146//3726
f 1790//3727 1738//3727 2173//3727
f 1869//3728 1790//3728 2173//3728
f 2181//3729 1869//3729 2173//3729
f 1985//3730 1869//3730 2181//3730
f 2194//3731 1985//3731 2181//3731
f 2030//3732 1985//3732 2194//3732
f 2133//3733 2030//3733 2194//3733
f 2207//3734 2133//3734 2194//3734
f 2183//3735 2133//3735 2207//3735
f 2219//3736 2183//3736 2207//3736
f 2206//3737 2183//3737 2219//3737
f 2262//3738 2206//3738 2219//3738
f 2229//3739 2206//3739 2262//3739
f 2313//3740 2229//3740 2262//3740
f 2323//3741 2229//3741 2313//3741
f 2436//3742 2323//3742 2313//3742
f 2358//3743 2436//3743 2313//3743
f 2494//3744 2436//3744 2358//3744
f 2443//3745 2494//3745 2358//3745
f 2581//3746 2494//3746 2443//3746
f 2479//3747 2581//3747 2443//3747
f 2675//3748 2581//3748 2479//3748
f 2495//3749 2675//3749 2479//3749
f 2782//3750 2675//3750 2495//3750
f 2903//3751 2782//3751 2495//3751
f 2563//3752 2903//3752 2495//3752
f 2995//3753 2903//3753 2563//3753
f 2600//3754 2995//3754 2563//3754
f 3029//3755 2995//3755 2600//3755
f 3055//3756 3029//3756 2600//3756
f 2627//3757 3055//3757 2600//3757
f 3073//3758 3055//3758 2627//3758
f 3086//3759 3073//3759 2627//3759
f 2647//3760 3086//3760 2627//3760
f 3103//3761 3086//3761 2647//3761
f 3133//3762 3103//3762 2647//3762
f 2665//3763 3133//3763 2647//3763
f 3060//3764 3062//3764 3144//3764
f 3143//3765 3060//3765 3144//3765
f 1039//3766 580//3766 525//3766
f 1732//3767 1730//3767 1661//3767
f 1686//3768 1732//3768 1661//3768
f 1697//3769 1732//3769 1686//3769
f 1697//3770 1708//3770 1867//3770
f 1774//3771 1697//3771 1867//3771
f 1732//3772 1697//3772 1774//3772
f 1867//3773 1708//3773 1712//3773
f 1717//3774 1867//3774 1712//3774
f 1716//3775 1867//3775 1717//3775
f 1943//3776 1867//3776 1716//3776
f 1711//3777 1943//3777 1716//3777
f 2119//3778 1943//3778 1711//3778
f 1705//3779 2119//3779 1711//3779
f 2169//3780 2119//3780 1705//3780
f 2192//3781 2169//3781 1705//3781
f 2190//3782 2169//3782 2192//3782
f 2192//3783 1705//3783 1696//3783
f 2701//3784 1696//3784 1685//3784
f 1642//3785 2701//3785 1685//3785
f 1523//3786 2701//3786 1642//3786
f 2701//3787 1523//3787 1380//3787
f 1141//3788 2701//3788 1380//3788
f 2912//3789 2910//3789 2855//3789
f 2750//3790 2912//3790 2855//3790
f 2752//3791 2912//3791 2750//3791
f 2998//3792 2971//3792 2967//3792
f 2965//3793 2998//3793 2967//3793
f 2963//3794 2998//3794 2965//3794
f 3021//3795 3045//3795 3041//3795
f 3039//3796 3021//3796 3041//3796
f 3035//3797 3021//3797 3039//3797
f 3021//3798 3035//3798 3033//3798
f 3031//3799 3021//3799 3033//3799
f 3001//3800 2969//3800 3037//3800
f 3017//3801 3001//3801 3037//3801
f 3015//3802 3001//3802 3017//3802
f 3003//3803 3001//3803 3015//3803
f 3013//3804 3003//3804 3015//3804
f 3005//3805 3003//3805 3013//3805
f 3011//3806 3005//3806 3013//3806
f 3007//3807 3005//3807 3011//3807
f 3009//3808 3007//3808 3011//3808
f 2555//3809 2541//3809 2547//3809
f 2557//3810 2555//3810 2547//3810
f 2582//3811 2555//3811 2557//3811
f 2535//3812 2547//3812 2541//3812
f 2533//3813 2535//3813 2541//3813
f 2523//3814 2535//3814 2533//3814
f 2521//3815 2523//3815 2533//3815
f 2519//3816 2523//3816 2521//3816
f 2513//3817 2519//3817 2521//3817
f 2511//3818 2519//3818 2513//3818
f 2434//3819 2511//3819 2513//3819
f 2503//3820 2511//3820 2434//3820
f 2505//3821 2503//3821 2434//3821
f 2424//3822 2505//3822 2434//3822
f 2515//3823 2505//3823 2424//3823
f 2420//3824 2515//3824 2424//3824
f 2525//3825 2515//3825 2420//3825
f 2416//3826 2525//3826 2420//3826
f 2529//3827 2525//3827 2416//3827
f 2412//3828 2529//3828 2416//3828
f 2537//3829 2529//3829 2412//3829
f 2408//3830 2537//3830 2412//3830
f 2543//3831 2537//3831 2408//3831
f 2398//3832 2543//3832 2408//3832
f 2549//3833 2543//3833 2398//3833
f 2434//3834 2513//3834 2509//3834
f 2432//3835 2434//3835 2509//3835
f 2501//3836 2432//3836 2509//3836
f 2499//3837 2432//3837 2501//3837
f 2422//3838 2432//3838 2499//3838
f 2517//3839 2422//3839 2499//3839
f 2418//3840 2422//3840 2517//3840
f 2527//3841 2418//3841 2517//3841
f 2414//3842 2418//3842 2527//3842
f 2531//3843 2414//3843 2527//3843
f 2410//3844 2414//3844 2531//3844
f 2539//3845 2410//3845 2531//3845
f 2406//3846 2410//3846 2539//3846
f 2545//3847 2406//3847 2539//3847
f 2396//3848 2406//3848 2545//3848
f 2551//3849 2396//3849 2545//3849
f 2386//3850 2396//3850 2551//3850
f 2561//3851 2386//3851 2551//3851
f 2778//3852 2697//3852 2712//3852
f 2722//3853 2778//3853 2712//3853
f 2732//3854 2778//3854 2722//3854
f 2778//3855 2732//3855 2736//3855
f 2740//3856 2778//3856 2736//3856
f 2744//3857 2778//3857 2740//3857
f 2778//3858 2744//3858 2746//3858
f 2780//3859 2778//3859 2746//3859
f 2748//3860 2780//3860 2746//3860
f 2855//3861 2780//3861 2748//3861
f 2750//3862 2855//3862 2748//3862
f 2651//3863 2750//3863 2748//3863
f 2657//3864 2651//3864 2748//3864
f 2589//3865 2651//3865 2657//3865
f 2587//3866 2589//3866 2657//3866
f 2655//3867 2587//3867 2657//3867
f 2750//3868 2651//3868 2653//3868
f 2659//3869 2750//3869 2653//3869
f 2591//3870 2659//3870 2653//3870
f 2593//3871 2659//3871 2591//3871
f 2659//3872 2593//3872 2661//3872
f 2912//3873 2752//3873 2742//3873
f 2738//3874 2912//3874 2742//3874
f 2734//3875 2912//3875 2738//3875
f 2912//3876 2734//3876 2730//3876
f 2720//3877 2912//3877 2730//3877
f 2772//3878 2695//3878 2685//3878
f 2117//3879 2179//3879 2089//3879
f 2026//3880 2117//3880 2089//3880
f 1943//3881 2117//3881 2026//3881
f 2010//3882 1943//3882 2026//3882
f 2024//3883 2010//3883 2026//3883
f 2089//3884 2179//3884 2109//3884
f 2087//3885 2089//3885 2109//3885
f 2186//3886 2167//3886 2188//3886
f 2213//3887 2211//3887 2200//3887
f 2202//3888 2213//3888 2200//3888
f 2234//3889 2213//3889 2202//3889
f 2236//3890 2234//3890 2202//3890
f 2238//3891 2236//3891 2202//3891
f 2242//3892 2238//3892 2202//3892
f 2246//3893 2242//3893 2202//3893
f 2250//3894 2246//3894 2202//3894
f 2254//3895 2250//3895 2202//3895
f 1943//3896 2119//3896 2117//3896
f 1774//3897 1867//3897 1793//3897
f 1971//3898 1836//3898 1853//3898
f 1945//3899 1971//3899 1853//3899
f 2225//3900 2213//3900 2232//3900
f 2230//3901 2225//3901 2232//3901
f 2223//3902 2225//3902 2230//3902
f 2240//3903 2223//3903 2230//3903
f 2244//3904 2223//3904 2240//3904
f 2295//3905 2232//3905 2297//3905
f 2344//3906 2295//3906 2297//3906
f 2342//3907 2295//3907 2344//3907
f 2223//3908 2244//3908 2248//3908
f 2252//3909 2223//3909 2248//3909
f 2256//3910 2223//3910 2252//3910
f 2223//3911 2256//3911 2260//3911
f 2268//3912 2223//3912 2260//3912
f 2272//3913 2223//3913 2268//3913
f 2232//3914 2213//3914 2234//3914
f 2297//3915 2232//3915 2234//3915
f 2344//3916 2297//3916 2299//3916
f 2295//3917 2342//3917 2293//3917
f 211//3918 204//3918 206//3918
f 212//3919 211//3919 206//3919
f 215//3920 211//3920 212//3920
f 216//3921 215//3921 212//3921
f 219//3922 215//3922 216//3922
f 220//3923 219//3923 216//3923
f 223//3924 219//3924 220//3924
f 224//3925 223//3925 220//3925
f 227//3926 223//3926 224//3926
f 228//3927 227//3927 224//3927
f 231//3928 227//3928 228//3928
f 235//3929 231//3929 228//3929
f 239//3930 235//3930 228//3930
f 243//3931 239//3931 228//3931
f 246//3932 243//3932 228//3932
f 244//3933 246//3933 228//3933
f 240//3934 244//3934 228//3934
f 236//3935 240//3935 228//3935
f 232//3936 236//3936 228//3936
f 210//3937 212//3937 206//3937
f 205//3938 210//3938 206//3938
f 200//3939 210//3939 205//3939
f 198//3940 200//3940 205//3940
f 196//3941 200//3941 198//3941
f 194//3942 196//3942 198//3942
f 192//3943 196//3943 194//3943
f 193//3944 192//3944 194//3944
f 195//3945 192//3945 193//3945
f 197//3946 195//3946 193//3946
f 199//3947 195//3947 197//3947
f 203//3948 199//3948 197//3948
f 209//3949 199//3949 203//3949
f 204//3950 209//3950 203//3950
f 211//3951 209//3951 204//3951
f 213//3952 209//3952 211//3952
f 215//3953 213//3953 211//3953
f 217//3954 213//3954 215//3954
f 219//3955 217//3955 215//3955
f 221//3956 217//3956 219//3956
f 223//3957 221//3957 219//3957
f 225//3958 221//3958 223//3958
f 227//3959 225//3959 223//3959
f 229//3960 225//3960 227//3960
f 231//3961 229//3961 227//3961
f 233//3962 229//3962 231//3962
f 235//3963 233//3963 231//3963
f 237//3964 233//3964 235//3964
f 239//3965 237//3965 235//3965
f 241//3966 237//3966 239//3966
f 243//3967 241//3967 239//3967
f 245//3968 241//3968 243//3968
f 246//3969 245//3969 243//3969
f 244//3970 245//3970 246//3970
f 242//3971 245//3971 244//3971
f 240//3972 242//3972 244//3972
f 238//3973 242//3973 240//3973
f 236//3974 238//3974 240//3974
f 234//3975 238//3975 236//3975
f 232//3976 234//3976 236//3976
f 230//3977 234//3977 232//3977
f 228//3978 230//3978 232//3978
f 226//3979 230//3979 228//3979
f 224//3980 226//3980 228//3980
f 222//3981 226//3981 224//3981
f 220//3982 222//3982 224//3982
f 218//3983 222//3983 220//3983
f 216//3984 218//3984 220//3984
f 214//3985 218//3985 216//3985
f 212//3986 214//3986 216//3986
f 210//3987 214//3987 212//3987
f 207//3988 205//3988 206//3988
f 208//3989 207//3989 206//3989
f 204//3990 208//3990 206//3990
f 202//3991 208//3991 204//3991
f 201//3992 202//3992 204//3992
f 203//3993 201//3993 204//3993
f 192//3994 195//3994 189//3994
f 190//3995 192//3995 189//3995
f 196//3996 192//3996 190//3996
f 200//3997 196//3997 190//3997
f 186//3998 200//3998 190//3998
f 210//3999 200//3999 186//3999
f 214//4000 210//4000 186//4000
f 182//4001 214//4001 186//4001
f 218//4002 214//4002 182//4002
f 178//4003 218//4003 182//4003
f 222//4004 218//4004 178//4004
f 426//4005 222//4005 178//4005
f 422//4006 222//4006 426//4006
f 189//4007 195//4007 199//4007
f 185//4008 189//4008 199//4008
f 209//4009 185//4009 199//4009
f 213//4010 185//4010 209//4010
f 181//4011 185//4011 213//4011
f 217//4012 181//4012 213//4012
f 177//4013 181//4013 217//4013
f 221//4014 177//4014 217//4014
f 425//4015 177//4015 221//4015
f 421//4016 425//4016 221//4016
f 225//4017 421//4017 221//4017
f 229//4018 421//4018 225//4018
f 417//4019 421//4019 229//4019
f 233//4020 417//4020 229//4020
f 411//4021 417//4021 233//4021
f 237//4022 411//4022 233//4022
f 241//4023 411//4023 237//4023
f 411//4024 241//4024 245//4024
f 412//4025 411//4025 245//4025
f 242//4026 412//4026 245//4026
f 238//4027 412//4027 242//4027
f 412//4028 238//4028 234//4028
f 418//4029 412//4029 234//4029
f 230//4030 418//4030 234//4030
f 422//4031 418//4031 230//4031
f 226//4032 422//4032 230//4032
f 222//4033 422//4033 226//4033
f 486//4034 480//4034 158//4034
f 154//4035 486//4035 158//4035
f 150//4036 486//4036 154//4036
f 162//4037 158//4037 480//4037
f 476//4038 162//4038 480//4038
f 166//4039 162//4039 476//4039
f 464//4040 166//4040 476//4040
f 170//4041 166//4041 464//4041
f 456//4042 170//4042 464//4042
f 174//4043 170//4043 456//4043
f 444//4044 174//4044 456//4044
f 178//4045 174//4045 444//4045
f 426//4046 178//4046 444//4046
f 177//4047 425//4047 443//4047
f 173//4048 177//4048 443//4048
f 455//4049 173//4049 443//4049
f 169//4050 173//4050 455//4050
f 463//4051 169//4051 455//4051
f 165//4052 169//4052 463//4052
f 475//4053 165//4053 463//4053
f 161//4054 165//4054 475//4054
f 479//4055 161//4055 475//4055
f 157//4056 161//4056 479//4056
f 484//4057 157//4057 479//4057
f 153//4058 157//4058 484//4058
f 149//4059 153//4059 484//4059
f 145//4060 149//4060 484//4060
f 137//4061 145//4061 484//4061
f 486//4062 150//4062 146//4062
f 139//4063 486//4063 146//4063
f 137//4064 484//4064 483//4064
f 136//4065 137//4065 483//4065
f 203//4066 197//4066 188//4066
f 184//4067 203//4067 188//4067
f 180//4068 203//4068 184//4068
f 188//4069 197//4069 193//4069
f 191//4070 188//4070 193//4070
f 194//4071 191//4071 193//4071
f 198//4072 191//4072 194//4072
f 191//4073 198//4073 205//4073
f 187//4074 191//4074 205//4074
f 183//4075 187//4075 205//4075
f 179//4076 183//4076 205//4076
f 207//4077 179//4077 205//4077
f 175//4078 179//4078 207//4078
f 171//4079 175//4079 207//4079
f 167//4080 171//4080 207//4080
f 163//4081 167//4081 207//4081
f 159//4082 163//4082 207//4082
f 155//4083 159//4083 207//4083
f 140//4084 155//4084 207//4084
f 151//4085 155//4085 140//4085
f 147//4086 151//4086 140//4086
f 143//4087 147//4087 140//4087
f 127//4088 143//4088 140//4088
f 131//4089 143//4089 127//4089
f 117//4090 131//4090 127//4090
f 121//4091 131//4091 117//4091
f 107//4092 121//4092 117//4092
f 111//4093 121//4093 107//4093
f 97//4094 111//4094 107//4094
f 101//4095 111//4095 97//4095
f 87//4096 101//4096 97//4096
f 91//4097 101//4097 87//4097
f 73//4098 91//4098 87//4098
f 63//4099 91//4099 73//4099
f 140//4100 207//4100 256//4100
f 85//4101 91//4101 63//4101
f 45//4102 85//4102 63//4102
f 77//4103 85//4103 45//4103
f 35//4104 77//4104 45//4104
f 67//4105 77//4105 35//4105
f 29//4106 67//4106 35//4106
f 61//4107 67//4107 29//4107
f 27//4108 61//4108 29//4108
f 53//4109 61//4109 27//4109
f 21//4110 53//4110 27//4110
f 49//4111 53//4111 21//4111
f 19//4112 49//4112 21//4112
f 43//4113 49//4113 19//4113
f 13//4114 43//4114 19//4114
f 40//4115 43//4115 13//4115
f 18//4116 40//4116 13//4116
f 46//4117 40//4117 18//4117
f 20//4118 46//4118 18//4118
f 50//4119 46//4119 20//4119
f 26//4120 50//4120 20//4120
f 58//4121 50//4121 26//4121
f 28//4122 58//4122 26//4122
f 64//4123 58//4123 28//4123
f 34//4124 64//4124 28//4124
f 74//4125 64//4125 34//4125
f 44//4126 74//4126 34//4126
f 82//4127 74//4127 44//4127
f 62//4128 82//4128 44//4128
f 88//4129 82//4129 62//4129
f 72//4130 88//4130 62//4130
f 98//4131 88//4131 72//4131
f 86//4132 98//4132 72//4132
f 96//4133 98//4133 86//4133
f 108//4134 98//4134 96//4134
f 106//4135 108//4135 96//4135
f 118//4136 108//4136 106//4136
f 116//4137 118//4137 106//4137
f 128//4138 118//4138 116//4138
f 126//4139 128//4139 116//4139
f 132//4140 128//4140 126//4140
f 135//4141 132//4141 126//4141
f 144//4142 132//4142 135//4142
f 148//4143 144//4143 135//4143
f 152//4144 148//4144 135//4144
f 201//4145 152//4145 135//4145
f 156//4146 152//4146 201//4146
f 160//4147 156//4147 201//4147
f 164//4148 160//4148 201//4148
f 168//4149 164//4149 201//4149
f 172//4150 168//4150 201//4150
f 176//4151 172//4151 201//4151
f 180//4152 176//4152 201//4152
f 203//4153 180//4153 201//4153
f 201//4154 135//4154 255//4154
f 256//4155 207//4155 208//4155
f 290//4156 256//4156 208//4156
f 289//4157 256//4157 290//4157
f 202//4158 201//4158 255//4158
f 288//4159 202//4159 255//4159
f 287//4160 288//4160 255//4160
f 133//4161 136//4161 483//4161
f 489//4162 133//4162 483//4162
f 493//4163 133//4163 489//4163
f 133//4164 493//4164 497//4164
f 543//4165 133//4165 497//4165
f 501//4166 543//4166 497//4166
f 505//4167 543//4167 501//4167
f 543//4168 505//4168 509//4168
f 513//4169 543//4169 509//4169
f 517//4170 543//4170 513//4170
f 517//4171 521//4171 587//4171
f 578//4172 517//4172 587//4172
f 568//4173 517//4173 578//4173
f 521//4174 527//4174 640//4174
f 617//4175 521//4175 640//4175
f 587//4176 521//4176 617//4176
f 527//4177 533//4177 783//4177
f 669//4178 527//4178 783//4178
f 640//4179 527//4179 669//4179
f 885//4180 783//4180 533//4180
f 537//4181 885//4181 533//4181
f 969//4182 885//4182 537//4182
f 541//4183 969//4183 537//4183
f 1044//4184 969//4184 541//4184
f 547//4185 1044//4185 541//4185
f 1104//4186 1044//4186 547//4186
f 552//4187 1104//4187 547//4187
f 1171//4188 1104//4188 552//4188
f 559//4189 1171//4189 552//4189
f 1219//4190 1171//4190 559//4190
f 565//4191 1219//4191 559//4191
f 1270//4192 1219//4192 565//4192
f 566//4193 1270//4193 565//4193
f 1271//4194 1270//4194 566//4194
f 1220//4195 1271//4195 566//4195
f 560//4196 1220//4196 566//4196
f 1172//4197 1220//4197 560//4197
f 553//4198 1172//4198 560//4198
f 1105//4199 1172//4199 553//4199
f 548//4200 1105//4200 553//4200
f 1045//4201 1105//4201 548//4201
f 542//4202 1045//4202 548//4202
f 970//4203 1045//4203 542//4203
f 538//4204 970//4204 542//4204
f 886//4205 970//4205 538//4205
f 534//4206 886//4206 538//4206
f 784//4207 886//4207 534//4207
f 528//4208 784//4208 534//4208
f 670//4209 784//4209 528//4209
f 641//4210 670//4210 528//4210
f 522//4211 641//4211 528//4211
f 618//4212 641//4212 522//4212
f 588//4213 618//4213 522//4213
f 518//4214 588//4214 522//4214
f 579//4215 588//4215 518//4215
f 569//4216 579//4216 518//4216
f 544//4217 569//4217 518//4217
f 514//4218 544//4218 518//4218
f 510//4219 544//4219 514//4219
f 544//4220 510//4220 506//4220
f 502//4221 544//4221 506//4221
f 498//4222 544//4222 502//4222
f 141//4223 544//4223 498//4223
f 494//4224 141//4224 498//4224
f 490//4225 141//4225 494//4225
f 141//4226 490//4226 485//4226
f 138//4227 141//4227 485//4227
f 124//4228 141//4228 138//4228
f 114//4229 124//4229 138//4229
f 104//4230 114//4230 138//4230
f 130//4231 104//4231 138//4231
f 94//4232 104//4232 130//4232
f 80//4233 94//4233 130//4233
f 120//4234 80//4234 130//4234
f 70//4235 80//4235 120//4235
f 110//4236 70//4236 120//4236
f 56//4237 70//4237 110//4237
f 100//4238 56//4238 110//4238
f 38//4239 56//4239 100//4239
f 90//4240 38//4240 100//4240
f 84//4241 38//4241 90//4241
f 32//4242 38//4242 84//4242
f 76//4243 32//4243 84//4243
f 24//4244 32//4244 76//4244
f 66//4245 24//4245 76//4245
f 16//4246 24//4246 66//4246
f 60//4247 16//4247 66//4247
f 11//4248 16//4248 60//4248
f 52//4249 11//4249 60//4249
f 7//4250 11//4250 52//4250
f 48//4251 7//4251 52//4251
f 3//4252 7//4252 48//4252
f 42//4253 3//4253 48//4253
f 1//4254 3//4254 42//4254
f 41//4255 1//4255 42//4255
f 47//4256 1//4256 41//4256
f 5//4257 1//4257 47//4257
f 51//4258 5//4258 47//4258
f 9//4259 5//4259 51//4259
f 59//4260 9//4260 51//4260
f 14//4261 9//4261 59//4261
f 65//4262 14//4262 59//4262
f 22//4263 14//4263 65//4263
f 75//4264 22//4264 65//4264
f 30//4265 22//4265 75//4265
f 83//4266 30//4266 75//4266
f 36//4267 30//4267 83//4267
f 89//4268 36//4268 83//4268
f 99//4269 36//4269 89//4269
f 54//4270 36//4270 99//4270
f 109//4271 54//4271 99//4271
f 68//4272 54//4272 109//4272
f 119//4273 68//4273 109//4273
f 78//4274 68//4274 119//4274
f 129//4275 78//4275 119//4275
f 92//4276 78//4276 129//4276
f 102//4277 92//4277 129//4277
f 136//4278 102//4278 129//4278
f 112//4279 102//4279 136//4279
f 122//4280 112//4280 136//4280
f 133//4281 122//4281 136//4281
f 517//4282 568//4282 543//4282
f 139//4283 146//4283 143//4283
f 131//4284 139//4284 143//4284
f 138//4285 139//4285 131//4285
f 130//4286 138//4286 131//4286
f 121//4287 130//4287 131//4287
f 120//4288 130//4288 121//4288
f 111//4289 120//4289 121//4289
f 110//4290 120//4290 111//4290
f 101//4291 110//4291 111//4291
f 100//4292 110//4292 101//4292
f 91//4293 100//4293 101//4293
f 90//4294 100//4294 91//4294
f 85//4295 90//4295 91//4295
f 84//4296 90//4296 85//4296
f 77//4297 84//4297 85//4297
f 76//4298 84//4298 77//4298
f 67//4299 76//4299 77//4299
f 66//4300 76//4300 67//4300
f 61//4301 66//4301 67//4301
f 60//4302 66//4302 61//4302
f 53//4303 60//4303 61//4303
f 52//4304 60//4304 53//4304
f 49//4305 52//4305 53//4305
f 48//4306 52//4306 49//4306
f 43//4307 48//4307 49//4307
f 42//4308 48//4308 43//4308
f 40//4309 42//4309 43//4309
f 41//4310 42//4310 40//4310
f 46//4311 41//4311 40//4311
f 47//4312 41//4312 46//4312
f 50//4313 47//4313 46//4313
f 51//4314 47//4314 50//4314
f 58//4315 51//4315 50//4315
f 59//4316 51//4316 58//4316
f 64//4317 59//4317 58//4317
f 65//4318 59//4318 64//4318
f 74//4319 65//4319 64//4319
f 75//4320 65//4320 74//4320
f 82//4321 75//4321 74//4321
f 83//4322 75//4322 82//4322
f 88//4323 83//4323 82//4323
f 89//4324 83//4324 88//4324
f 98//4325 89//4325 88//4325
f 99//4326 89//4326 98//4326
f 108//4327 99//4327 98//4327
f 109//4328 99//4328 108//4328
f 118//4329 109//4329 108//4329
f 119//4330 109//4330 118//4330
f 128//4331 119//4331 118//4331
f 129//4332 119//4332 128//4332
f 132//4333 129//4333 128//4333
f 136//4334 129//4334 132//4334
f 137//4335 136//4335 132//4335
f 144//4336 137//4336 132//4336
f 145//4337 137//4337 144//4337
f 148//4338 145//4338 144//4338
f 149//4339 145//4339 148//4339
f 152//4340 149//4340 148//4340
f 153//4341 149//4341 152//4341
f 156//4342 153//4342 152//4342
f 157//4343 153//4343 156//4343
f 160//4344 157//4344 156//4344
f 161//4345 157//4345 160//4345
f 164//4346 161//4346 160//4346
f 165//4347 161//4347 164//4347
f 168//4348 165//4348 164//4348
f 169//4349 165//4349 168//4349
f 172//4350 169//4350 168//4350
f 173//4351 169//4351 172//4351
f 176//4352 173//4352 172//4352
f 177//4353 173//4353 176//4353
f 180//4354 177//4354 176//4354
f 181//4355 177//4355 180//4355
f 184//4356 181//4356 180//4356
f 185//4357 181//4357 184//4357
f 188//4358 185//4358 184//4358
f 189//4359 185//4359 188//4359
f 191//4360 189//4360 188//4360
f 190//4361 189//4361 191//4361
f 187//4362 190//4362 191//4362
f 186//4363 190//4363 187//4363
f 183//4364 186//4364 187//4364
f 182//4365 186//4365 183//4365
f 179//4366 182//4366 183//4366
f 178//4367 182//4367 179//4367
f 175//4368 178//4368 179//4368
f 174//4369 178//4369 175//4369
f 171//4370 174//4370 175//4370
f 170//4371 174//4371 171//4371
f 167//4372 170//4372 171//4372
f 166//4373 170//4373 167//4373
f 163//4374 166//4374 167//4374
f 162//4375 166//4375 163//4375
f 159//4376 162//4376 163//4376
f 158//4377 162//4377 159//4377
f 155//4378 158//4378 159//4378
f 154//4379 158//4379 155//4379
f 151//4380 154//4380 155//4380
f 150//4381 154//4381 151//4381
f 147//4382 150//4382 151//4382
f 146//4383 150//4383 147//4383
f 143//4384 146//4384 147//4384
f 485//4385 486//4385 139//4385
f 138//4386 485//4386 139//4386
f 2789//4387 2701//4387 2702//4387
f 2792//4388 2789//4388 2702//4388
f 2887//4389 2789//4389 2792//4389
f 2917//4390 2887//4390 2792//4390
f 2981//4391 2887//4391 2917//4391
f 2993//4392 2981//4392 2917//4392
f 3019//4393 2981//4393 2993//4393
f 3027//4394 3019//4394 2993//4394
f 3048//4395 3019//4395 3027//4395
f 3056//4396 3048//4396 3027//4396
f 3065//4397 3048//4397 3056//4397
f 3074//4398 3065//4398 3056//4398
f 3079//4399 3065//4399 3074//4399
f 3092//4400 3079//4400 3074//4400
f 3096//4401 3079//4401 3092//4401
f 3113//4402 3096//4402 3092//4402
f 3110//4403 3096//4403 3113//4403
f 3135//4404 3110//4404 3113//4404
f 3134//4405 3110//4405 3135//4405
f 3145//4406 3134//4406 3135//4406
f 3140//4407 3134//4407 3145//4407
f 3149//4408 3140//4408 3145//4408
f 3142//4409 3140//4409 3149//4409
f 3153//4410 3142//4410 3149//4410
f 3144//4411 3142//4411 3153//4411
f 3159//4412 3144//4412 3153//4412
f 3143//4413 3144//4413 3159//4413
f 3157//4414 3143//4414 3159//4414
f 3154//4415 3160//4415 3159//4415
f 3153//4416 3154//4416 3159//4416
f 3150//4417 3154//4417 3153//4417
f 3149//4418 3150//4418 3153//4418
f 3146//4419 3150//4419 3149//4419
f 3145//4420 3146//4420 3149//4420
f 3136//4421 3146//4421 3145//4421
f 3135//4422 3136//4422 3145//4422
f 3114//4423 3136//4423 3135//4423
f 3113//4424 3114//4424 3135//4424
f 3093//4425 3114//4425 3113//4425
f 3092//4426 3093//4426 3113//4426
f 3075//4427 3093//4427 3092//4427
f 3074//4428 3075//4428 3092//4428
f 3057//4429 3075//4429 3074//4429
f 3056//4430 3057//4430 3074//4430
f 3028//4431 3057//4431 3056//4431
f 3027//4432 3028//4432 3056//4432
f 2994//4433 3028//4433 3027//4433
f 2993//4434 2994//4434 3027//4434
f 2918//4435 2994//4435 2993//4435
f 2917//4436 2918//4436 2993//4436
f 2793//4437 2918//4437 2917//4437
f 2792//4438 2793//4438 2917//4438
f 2703//4439 2793//4439 2792//4439
f 2702//4440 2703//4440 2792//4440
f 3159//4441 3160//4441 3158//4441
f 3157//4442 3159//4442 3158//4442
f 290//4443 2703//4443 1041//4443
f 978//4444 290//4444 1041//4444
f 903//4445 290//4445 978//4445
f 2703//4446 2702//4446 1142//4446
f 1041//4447 2703//4447 1142//4447
f 290//4448 903//4448 744//4448
f 289//4449 290//4449 744//4449
f 650//4450 289//4450 744//4450
f 623//4451 289//4451 650//4451
f 289//4452 623//4452 602//4452
f 585//4453 289//4453 602//4453
f 574//4454 289//4454 585//4454
f 289//4455 574//4455 555//4455
f 544//4456 289//4456 555//4456
f 141//4457 289//4457 544//4457
f 289//4458 141//4458 142//4458
f 2702//4459 2701//4459 1141//4459
f 1142//4460 2702//4460 1141//4460
f 1870//4461 1901//4461 1941//4461
f 2676//4462 2682//4462 2683//4462
f 2677//4463 2676//4463 2683//4463
f 2679//4464 2676//4464 2677//4464
f 2680//4465 2679//4465 2677//4465
f 2689//4466 2679//4466 2680//4466
f 2690//4467 2689//4467 2680//4467
f 2714//4468 2689//4468 2690//4468
f 2715//4469 2714//4469 2690//4469
f 2756//4470 2714//4470 2715//4470
f 2757//4471 2756//4471 2715//4471
f 2766//4472 2756//4472 2757//4472
f 2767//4473 2766//4473 2757//4473
f 2783//4474 2766//4474 2767//4474
f 2784//4475 2783//4475 2767//4475
f 2819//4476 2783//4476 2784//4476
f 2820//4477 2819//4477 2784//4477
f 2847//4478 2819//4478 2820//4478
f 2848//4479 2847//4479 2820//4479
f 2871//4480 2847//4480 2848//4480
f 2872//4481 2871//4481 2848//4481
f 2888//4482 2871//4482 2872//4482
f 2889//4483 2888//4483 2872//4483
f 2904//4484 2888//4484 2889//4484
f 2905//4485 2904//4485 2889//4485
f 2914//4486 2904//4486 2905//4486
f 2915//4487 2914//4487 2905//4487
f 2907//4488 2914//4488 2915//4488
f 2908//4489 2907//4489 2915//4489
f 2891//4490 2907//4490 2908//4490
f 2892//4491 2891//4491 2908//4491
f 2874//4492 2891//4492 2892//4492
f 2875//4493 2874//4493 2892//4493
f 2850//4494 2874//4494 2875//4494
f 2851//4495 2850//4495 2875//4495
f 2822//4496 2850//4496 2851//4496
f 2823//4497 2822//4497 2851//4497
f 2786//4498 2822//4498 2823//4498
f 2787//4499 2786//4499 2823//4499
f 2769//4500 2786//4500 2787//4500
f 2770//4501 2769//4501 2787//4501
f 2759//4502 2769//4502 2770//4502
f 2760//4503 2759//4503 2770//4503
f 2717//4504 2759//4504 2760//4504
f 2718//4505 2717//4505 2760//4505
f 2692//4506 2717//4506 2718//4506
f 2693//4507 2692//4507 2718//4507
f 2682//4508 2692//4508 2693//4508
f 2683//4509 2682//4509 2693//4509
f 2678//4510 2681//4510 2680//4510
f 2677//4511 2678//4511 2680//4511
f 2684//4512 2678//4512 2677//4512
f 2683//4513 2684//4513 2677//4513
f 2694//4514 2684//4514 2683//4514
f 2693//4515 2694//4515 2683//4515
f 2719//4516 2694//4516 2693//4516
f 2718//4517 2719//4517 2693//4517
f 2761//4518 2719//4518 2718//4518
f 2760//4519 2761//4519 2718//4519
f 2771//4520 2761//4520 2760//4520
f 2770//4521 2771//4521 2760//4521
f 2788//4522 2771//4522 2770//4522
f 2787//4523 2788//4523 2770//4523
f 2824//4524 2788//4524 2787//4524
f 2823//4525 2824//4525 2787//4525
f 2852//4526 2824//4526 2823//4526
f 2851//4527 2852//4527 2823//4527
f 2876//4528 2852//4528 2851//4528
f 2875//4529 2876//4529 2851//4529
f 2893//4530 2876//4530 2875//4530
f 2892//4531 2893//4531 2875//4531
f 2909//4532 2893//4532 2892//4532
f 2908//4533 2909//4533 2892//4533
f 2916//4534 2909//4534 2908//4534
f 2915//4535 2916//4535 2908//4535
f 2906//4536 2916//4536 2915//4536
f 2905//4537 2906//4537 2915//4537
f 2890//4538 2906//4538 2905//4538
f 2889//4539 2890//4539 2905//4539
f 2873//4540 2890//4540 2889//4540
f 2872//4541 2873//4541 2889//4541
f 2849//4542 2873//4542 2872//4542
f 2848//4543 2849//4543 2872//4543
f 2821//4544 2849//4544 2848//4544
f 2820//4545 2821//4545 2848//4545
f 2785//4546 2821//4546 2820//4546
f 2784//4547 2785//4547 2820//4547
f 2768//4548 2785//4548 2784//4548
f 2767//4549 2768//4549 2784//4549
f 2758//4550 2768//4550 2767//4550
f 2757//4551 2758//4551 2767//4551
f 2716//4552 2758//4552 2757//4552
f 2715//4553 2716//4553 2757//4553
f 2691//4554 2716//4554 2715//4554
f 2690//4555 2691//4555 2715//4555
f 2681//4556 2691//4556 2690//4556
f 2680//4557 2681//4557 2690//4557
f 2609//4558 2613//4558 2614//4558
f 2610//4559 2609//4559 2614//4559
f 2611//4560 2609//4560 2610//4560
f 2612//4561 2611//4561 2610//4561
f 2621//4562 2611//4562 2612//4562
f 2622//4563 2621//4563 2612//4563
f 2639//4564 2621//4564 2622//4564
f 2640//4565 2639//4565 2622//4565
f 2671//4566 2639//4566 2640//4566
f 2672//4567 2671//4567 2640//4567
f 2726//4568 2671//4568 2672//4568
f 2727//4569 2726//4569 2672//4569
f 2772//4570 2726//4570 2727//4570
f 2773//4571 2772//4571 2727//4571
f 2809//4572 2772//4572 2773//4572
f 2810//4573 2809//4573 2773//4573
f 2865//4574 2809//4574 2810//4574
f 2866//4575 2865//4575 2810//4575
f 2925//4576 2865//4576 2866//4576
f 2926//4577 2925//4577 2866//4577
f 2953//4578 2925//4578 2926//4578
f 2954//4579 2953//4579 2926//4579
f 2977//4580 2953//4580 2954//4580
f 2978//4581 2977//4581 2954//4581
f 2987//4582 2977//4582 2978//4582
f 2988//4583 2987//4583 2978//4583
f 2991//4584 2987//4584 2988//4584
f 2992//4585 2991//4585 2988//4585
f 2989//4586 2991//4586 2992//4586
f 2990//4587 2989//4587 2992//4587
f 2979//4588 2989//4588 2990//4588
f 2980//4589 2979//4589 2990//4589
f 2955//4590 2979//4590 2980//4590
f 2956//4591 2955//4591 2980//4591
f 2927//4592 2955//4592 2956//4592
f 2928//4593 2927//4593 2956//4593
f 2867//4594 2927//4594 2928//4594
f 2868//4595 2867//4595 2928//4595
f 2811//4596 2867//4596 2868//4596
f 2812//4597 2811//4597 2868//4597
f 2774//4598 2811//4598 2812//4598
f 2775//4599 2774//4599 2812//4599
f 2728//4600 2774//4600 2775//4600
f 2729//4601 2728//4601 2775//4601
f 2673//4602 2728//4602 2729//4602
f 2674//4603 2673//4603 2729//4603
f 2641//4604 2673//4604 2674//4604
f 2642//4605 2641//4605 2674//4605
f 2623//4606 2641//4606 2642//4606
f 2624//4607 2623//4607 2642//4607
f 2613//4608 2623//4608 2624//4608
f 2614//4609 2613//4609 2624//4609
f 2676//4610 2679//4610 2612//4610
f 2610//4611 2676//4611 2612//4611
f 2614//4612 2676//4612 2610//4612
f 2622//4613 2612//4613 2679//4613
f 2689//4614 2622//4614 2679//4614
f 2640//4615 2622//4615 2689//4615
f 2714//4616 2640//4616 2689//4616
f 2672//4617 2640//4617 2714//4617
f 2756//4618 2672//4618 2714//4618
f 2727//4619 2672//4619 2756//4619
f 2766//4620 2727//4620 2756//4620
f 2773//4621 2727//4621 2766//4621
f 2783//4622 2773//4622 2766//4622
f 2810//4623 2773//4623 2783//4623
f 2819//4624 2810//4624 2783//4624
f 2866//4625 2810//4625 2819//4625
f 2847//4626 2866//4626 2819//4626
f 2926//4627 2866//4627 2847//4627
f 2871//4628 2926//4628 2847//4628
f 2954//4629 2926//4629 2871//4629
f 2888//4630 2954//4630 2871//4630
f 2978//4631 2954//4631 2888//4631
f 2904//4632 2978//4632 2888//4632
f 2988//4633 2978//4633 2904//4633
f 2914//4634 2988//4634 2904//4634
f 2992//4635 2988//4635 2914//4635
f 2990//4636 2992//4636 2914//4636
f 2907//4637 2990//4637 2914//4637
f 2980//4638 2990//4638 2907//4638
f 2891//4639 2980//4639 2907//4639
f 2956//4640 2980//4640 2891//4640
f 2874//4641 2956//4641 2891//4641
f 2928//4642 2956//4642 2874//4642
f 2850//4643 2928//4643 2874//4643
f 2868//4644 2928//4644 2850//4644
f 2822//4645 2868//4645 2850//4645
f 2812//4646 2868//4646 2822//4646
f 2786//4647 2812//4647 2822//4647
f 2775//4648 2812//4648 2786//4648
f 2769//4649 2775//4649 2786//4649
f 2729//4650 2775//4650 2769//4650
f 2759//4651 2729//4651 2769//4651
f 2674//4652 2729//4652 2759//4652
f 2717//4653 2674//4653 2759//4653
f 2642//4654 2674//4654 2717//4654
f 2692//4655 2642//4655 2717//4655
f 2624//4656 2642//4656 2692//4656
f 2682//4657 2624//4657 2692//4657
f 2614//4658 2624//4658 2682//4658
f 2676//4659 2614//4659 2682//4659
f 902//4660 906//4660 905//4660
f 901//4661 902//4661 905//4661
f 909//4662 902//4662 901//4662
f 908//4663 909//4663 901//4663
f 924//4664 909//4664 908//4664
f 923//4665 924//4665 908//4665
f 945//4666 924//4666 923//4666
f 944//4667 945//4667 923//4667
f 976//4668 945//4668 944//4668
f 975//4669 976//4669 944//4669
f 1002//4670 976//4670 975//4670
f 1001//4671 1002//4671 975//4671
f 1038//4672 1002//4672 1001//4672
f 1037//4673 1038//4673 1001//4673
f 1084//4674 1038//4674 1037//4674
f 1083//4675 1084//4675 1037//4675
f 1120//4676 1084//4676 1083//4676
f 1119//4677 1120//4677 1083//4677
f 1163//4678 1120//4678 1119//4678
f 1162//4679 1163//4679 1119//4679
f 1195//4680 1163//4680 1162//4680
f 1194//4681 1195//4681 1162//4681
f 1218//4682 1195//4682 1194//4682
f 1217//4683 1218//4683 1194//4683
f 1236//4684 1218//4684 1217//4684
f 1235//4685 1236//4685 1217//4685
f 1215//4686 1236//4686 1235//4686
f 1214//4687 1215//4687 1235//4687
f 1192//4688 1215//4688 1214//4688
f 1191//4689 1192//4689 1214//4689
f 1160//4690 1192//4690 1191//4690
f 1159//4691 1160//4691 1191//4691
f 1117//4692 1160//4692 1159//4692
f 1116//4693 1117//4693 1159//4693
f 1081//4694 1117//4694 1116//4694
f 1080//4695 1081//4695 1116//4695
f 1035//4696 1081//4696 1080//4696
f 1034//4697 1035//4697 1080//4697
f 999//4698 1035//4698 1034//4698
f 998//4699 999//4699 1034//4699
f 973//4700 999//4700 998//4700
f 972//4701 973//4701 998//4701
f 942//4702 973//4702 972//4702
f 941//4703 942//4703 972//4703
f 921//4704 942//4704 941//4704
f 920//4705 921//4705 941//4705
f 906//4706 921//4706 920//4706
f 905//4707 906//4707 920//4707
f 900//4708 907//4708 908//4708
f 901//4709 900//4709 908//4709
f 904//4710 900//4710 901//4710
f 905//4711 904//4711 901//4711
f 919//4712 904//4712 905//4712
f 920//4713 919//4713 905//4713
f 940//4714 919//4714 920//4714
f 941//4715 940//4715 920//4715
f 971//4716 940//4716 941//4716
f 972//4717 971//4717 941//4717
f 997//4718 971//4718 972//4718
f 998//4719 997//4719 972//4719
f 1033//4720 997//4720 998//4720
f 1034//4721 1033//4721 998//4721
f 1079//4722 1033//4722 1034//4722
f 1080//4723 1079//4723 1034//4723
f 1115//4724 1079//4724 1080//4724
f 1116//4725 1115//4725 1080//4725
f 1158//4726 1115//4726 1116//4726
f 1159//4727 1158//4727 1116//4727
f 1190//4728 1158//4728 1159//4728
f 1191//4729 1190//4729 1159//4729
f 1213//4730 1190//4730 1191//4730
f 1214//4731 1213//4731 1191//4731
f 1234//4732 1213//4732 1214//4732
f 1235//4733 1234//4733 1214//4733
f 1216//4734 1234//4734 1235//4734
f 1217//4735 1216//4735 1235//4735
f 1193//4736 1216//4736 1217//4736
f 1194//4737 1193//4737 1217//4737
f 1161//4738 1193//4738 1194//4738
f 1162//4739 1161//4739 1194//4739
f 1118//4740 1161//4740 1162//4740
f 1119//4741 1118//4741 1162//4741
f 1082//4742 1118//4742 1119//4742
f 1083//4743 1082//4743 1119//4743
f 1036//4744 1082//4744 1083//4744
f 1037//4745 1036//4745 1083//4745
f 1000//4746 1036//4746 1037//4746
f 1001//4747 1000//4747 1037//4747
f 974//4748 1000//4748 1001//4748
f 975//4749 974//4749 1001//4749
f 943//4750 974//4750 975//4750
f 944//4751 943//4751 975//4751
f 922//4752 943//4752 944//4752
f 923//4753 922//4753 944//4753
f 907//4754 922//4754 923//4754
f 908//4755 907//4755 923//4755
f 769//4756 786//4756 785//4756
f 768//4757 769//4757 785//4757
f 788//4758 769//4758 768//4758
f 787//4759 788//4759 768//4759
f 829//4760 788//4760 787//4760
f 828//4761 829//4761 787//4761
f 866//4762 829//4762 828//4762
f 865//4763 866//4763 828//4763
f 893//4764 866//4764 865//4764
f 892//4765 893//4765 865//4765
f 953//4766 893//4766 892//4766
f 952//4767 953//4767 892//4767
f 1013//4768 953//4768 952//4768
f 1012//4769 1013//4769 952//4769
f 1077//4770 1013//4770 1012//4770
f 1076//4771 1077//4771 1012//4771
f 1146//4772 1077//4772 1076//4772
f 1145//4773 1146//4773 1076//4773
f 1261//4774 1146//4774 1145//4774
f 1260//4775 1261//4775 1145//4775
f 1379//4776 1261//4776 1260//4776
f 1378//4777 1379//4777 1260//4777
f 1439//4778 1379//4778 1378//4778
f 1438//4779 1439//4779 1378//4779
f 1472//4780 1439//4780 1438//4780
f 1471//4781 1472//4781 1438//4781
f 1485//4782 1472//4782 1471//4782
f 1484//4783 1485//4783 1471//4783
f 1470//4784 1485//4784 1484//4784
f 1469//4785 1470//4785 1484//4785
f 1437//4786 1470//4786 1469//4786
f 1436//4787 1437//4787 1469//4787
f 1377//4788 1437//4788 1436//4788
f 1376//4789 1377//4789 1436//4789
f 1259//4790 1377//4790 1376//4790
f 1258//4791 1259//4791 1376//4791
f 1144//4792 1259//4792 1258//4792
f 1143//4793 1144//4793 1258//4793
f 1075//4794 1144//4794 1143//4794
f 1074//4795 1075//4795 1143//4795
f 1011//4796 1075//4796 1074//4796
f 1010//4797 1011//4797 1074//4797
f 951//4798 1011//4798 1010//4798
f 950//4799 951//4799 1010//4799
f 891//4800 951//4800 950//4800
f 890//4801 891//4801 950//4801
f 864//4802 891//4802 890//4802
f 863//4803 864//4803 890//4803
f 827//4804 864//4804 863//4804
f 826//4805 827//4805 863//4805
f 786//4806 827//4806 826//4806
f 785//4807 786//4807 826//4807
f 900//4808 904//4808 786//4808
f 769//4809 900//4809 786//4809
f 788//4810 900//4810 769//4810
f 827//4811 786//4811 904//4811
f 919//4812 827//4812 904//4812
f 864//4813 827//4813 919//4813
f 940//4814 864//4814 919//4814
f 891//4815 864//4815 940//4815
f 971//4816 891//4816 940//4816
f 951//4817 891//4817 971//4817
f 997//4818 951//4818 971//4818
f 1011//4819 951//4819 997//4819
f 1033//4820 1011//4820 997//4820
f 1075//4821 1011//4821 1033//4821
f 1079//4822 1075//4822 1033//4822
f 1144//4823 1075//4823 1079//4823
f 1115//4824 1144//4824 1079//4824
f 1259//4825 1144//4825 1115//4825
f 1158//4826 1259//4826 1115//4826
f 1377//4827 1259//4827 1158//4827
f 1190//4828 1377//4828 1158//4828
f 1437//4829 1377//4829 1190//4829
f 1213//4830 1437//4830 1190//4830
f 1470//4831 1437//4831 1213//4831
f 1234//4832 1470//4832 1213//4832
f 1485//4833 1470//4833 1234//4833
f 1472//4834 1485//4834 1234//4834
f 1216//4835 1472//4835 1234//4835
f 1439//4836 1472//4836 1216//4836
f 1193//4837 1439//4837 1216//4837
f 1379//4838 1439//4838 1193//4838
f 1161//4839 1379//4839 1193//4839
f 1261//4840 1379//4840 1161//4840
f 1118//4841 1261//4841 1161//4841
f 1146//4842 1261//4842 1118//4842
f 1082//4843 1146//4843 1118//4843
f 1077//4844 1146//4844 1082//4844
f 1036//4845 1077//4845 1082//4845
f 1013//4846 1077//4846 1036//4846
f 1000//4847 1013//4847 1036//4847
f 953//4848 1013//4848 1000//4848
f 974//4849 953//4849 1000//4849
f 893//4850 953//4850 974//4850
f 943//4851 893//4851 974//4851
f 866//4852 893//4852 943//4852
f 922//4853 866//4853 943//4853
f 829//4854 866//4854 922//4854
f 907//4855 829//4855 922//4855
f 788//4856 829//4856 907//4856
f 900//4857 788//4857 907//4857
f 1670//4858 563//4858 580//4858
f 1695//4859 1670//4859 580//4859
f 3143//4860 3157//4860 3155//4860
f 3141//4861 3143//4861 3155//4861
f 3151//4862 3141//4862 3155//4862
f 3139//4863 3141//4863 3151//4863
f 3147//4864 3139//4864 3151//4864
f 3133//4865 3139//4865 3147//4865
f 3137//4866 3133//4866 3147//4866
f 3103//4867 3133//4867 3137//4867
f 3111//4868 3103//4868 3137//4868
f 3086//4869 3103//4869 3111//4869
f 3088//4870 3086//4870 3111//4870
f 3073//4871 3086//4871 3088//4871
f 3071//4872 3073//4872 3088//4872
f 3055//4873 3073//4873 3071//4873
f 3051//4874 3055//4874 3071//4874
f 3029//4875 3055//4875 3051//4875
f 3025//4876 3029//4876 3051//4876
f 2995//4877 3029//4877 3025//4877
f 2983//4878 2995//4878 3025//4878
f 2903//4879 2995//4879 2983//4879
f 2869//4880 2903//4880 2983//4880
f 2782//4881 2903//4881 2869//4881
f 2764//4882 2782//4882 2869//4882
f 2675//4883 2782//4883 2764//4883
f 2643//4884 2675//4884 2764//4884
f 2581//4885 2675//4885 2643//4885
f 2553//4886 2581//4886 2643//4886
f 2494//4887 2581//4887 2553//4887
f 2471//4888 2494//4888 2553//4888
f 2436//4889 2494//4889 2471//4889
f 2371//4890 2436//4890 2471//4890
f 2323//4891 2436//4891 2371//4891
f 2285//4892 2323//4892 2371//4892
f 2229//4893 2323//4893 2285//4893
f 2217//4894 2229//4894 2285//4894
f 2206//4895 2229//4895 2217//4895
f 2198//4896 2206//4896 2217//4896
f 2183//4897 2206//4897 2198//4897
f 2175//4898 2183//4898 2198//4898
f 2133//4899 2183//4899 2175//4899
f 2091//4900 2133//4900 2175//4900
f 2030//4901 2133//4901 2091//4901
f 2004//4902 2030//4902 2091//4902
f 1985//4903 2030//4903 2004//4903
f 1915//4904 1985//4904 2004//4904
f 1869//4905 1985//4905 1915//4905
f 1805//4906 1869//4906 1915//4906
f 1790//4907 1869//4907 1805//4907
f 1743//4908 1790//4908 1805//4908
f 1738//4909 1790//4909 1743//4909
f 1722//4910 1738//4910 1743//4910
f 1715//4911 1738//4911 1722//4911
f 1700//4912 1715//4912 1722//4912
f 1695//4913 1715//4913 1700//4913
f 1670//4914 1695//4914 1700//4914
f 571//4915 555//4915 572//4915
f 575//4916 571//4916 572//4916
f 590//4917 571//4917 575//4917
f 581//4918 590//4918 575//4918
f 586//4919 590//4919 581//4919
f 585//4920 586//4920 581//4920
f 595//4921 586//4921 585//4921
f 602//4922 595//4922 585//4922
f 615//4923 595//4923 602//4923
f 623//4924 615//4924 602//4924
f 635//4925 615//4925 623//4925
f 650//4926 635//4926 623//4926
f 667//4927 635//4927 650//4927
f 744//4928 667//4928 650//4928
f 800//4929 667//4929 744//4929
f 903//4930 800//4930 744//4930
f 915//4931 800//4931 903//4931
f 978//4932 915//4932 903//4932
f 981//4933 915//4933 978//4933
f 1040//4934 981//4934 978//4934
f 1041//4935 1040//4935 978//4935
f 572//4936 555//4936 574//4936
f 575//4937 572//4937 574//4937
f 581//4938 575//4938 574//4938
f 585//4939 581//4939 574//4939
f 915//4940 981//4940 913//4940
f 800//4941 915//4941 913//4941
f 800//4942 913//4942 794//4942
f 667//4943 800//4943 794//4943
f 667//4944 794//4944 664//4944
f 635//4945 667//4945 664//4945
f 635//4946 664//4946 633//4946
f 615//4947 635//4947 633//4947
f 615//4948 633//4948 614//4948
f 595//4949 615//4949 614//4949
f 595//4950 614//4950 590//4950
f 586//4951 595//4951 590//4951
f 1094//4952 1141//4952 1040//4952
f 1041//4953 1094//4953 1040//4953
f 1142//4954 1094//4954 1041//4954
f 1094//4955 1142//4955 1141//4955
f 555//4956 571//4956 558//4956
f 551//4957 555//4957 558//4957
f 544//4958 555//4958 551//4958
f 558//4959 571//4959 554//4959
f 551//4960 558//4960 554//4960
f 551//4961 554//4961 544//4961
f 564//4962 563//4962 1670//4962
f 1671//4963 564//4963 1670//4963
f 1701//4964 1671//4964 1670//4964
f 1700//4965 1701//4965 1670//4965
f 1723//4966 1701//4966 1700//4966
f 1722//4967 1723//4967 1700//4967
f 1744//4968 1723//4968 1722//4968
f 1743//4969 1744//4969 1722//4969
f 1806//4970 1744//4970 1743//4970
f 1805//4971 1806//4971 1743//4971
f 1916//4972 1806//4972 1805//4972
f 1915//4973 1916//4973 1805//4973
f 2005//4974 1916//4974 1915//4974
f 2004//4975 2005//4975 1915//4975
f 2092//4976 2005//4976 2004//4976
f 2091//4977 2092//4977 2004//4977
f 2176//4978 2092//4978 2091//4978
f 2175//4979 2176//4979 2091//4979
f 2199//4980 2176//4980 2175//4980
f 2198//4981 2199//4981 2175//4981
f 2218//4982 2199//4982 2198//4982
f 2217//4983 2218//4983 2198//4983
f 2286//4984 2218//4984 2217//4984
f 2285//4985 2286//4985 2217//4985
f 2372//4986 2286//4986 2285//4986
f 2371//4987 2372//4987 2285//4987
f 2472//4988 2372//4988 2371//4988
f 2471//4989 2472//4989 2371//4989
f 2554//4990 2472//4990 2471//4990
f 2553//4991 2554//4991 2471//4991
f 2644//4992 2554//4992 2553//4992
f 2643//4993 2644//4993 2553//4993
f 2765//4994 2644//4994 2643//4994
f 2764//4995 2765//4995 2643//4995
f 2870//4996 2765//4996 2764//4996
f 2869//4997 2870//4997 2764//4997
f 2984//4998 2870//4998 2869//4998
f 2983//4999 2984//4999 2869//4999
f 3026//5000 2984//5000 2983//5000
f 3025//5001 3026//5001 2983//5001
f 3052//5002 3026//5002 3025//5002
f 3051//5003 3052//5003 3025//5003
f 3072//5004 3052//5004 3051//5004
f 3071//5005 3072//5005 3051//5005
f 3089//5006 3072//5006 3071//5006
f 3088//5007 3089//5007 3071//5007
f 3112//5008 3089//5008 3088//5008
f 3111//5009 3112//5009 3088//5009
f 3138//5010 3112//5010 3111//5010
f 3137//5011 3138//5011 3111//5011
f 3148//5012 3138//5012 3137//5012
f 3147//5013 3148//5013 3137//5013
f 3152//5014 3148//5014 3147//5014
f 3151//5015 3152//5015 3147//5015
f 3156//5016 3152//5016 3151//5016
f 3155//5017 3156//5017 3151//5017
f 3158//5018 3156//5018 3155//5018
f 3157//5019 3158//5019 3155//5019
f 287//5020 134//5020 133//5020
f 543//5021 287//5021 133//5021
f 525//5022 287//5022 543//5022
f 570//5023 525//5023 543//5023
f 589//5024 525//5024 570//5024
f 525//5025 589//5025 613//5025
f 634//5026 525//5026 613//5026
f 666//5027 525//5027 634//5027
f 525//5028 666//5028 802//5028
f 917//5029 525//5029 802//5029
f 1039//5030 525//5030 917//5030
f 525//5031 526//5031 288//5031
f 287//5032 525//5032 288//5032
f 525//5033 580//5033 563//5033
f 526//5034 525//5034 563//5034
f 564//5035 526//5035 563//5035
f 1040//5036 1141//5036 1126//5036
f 1060//5037 1040//5037 1126//5037
f 981//5038 1040//5038 1060//5038
f 967//5039 981//5039 1060//5039
f 913//5040 981//5040 967//5040
f 926//5041 913//5041 967//5041
f 854//5042 913//5042 926//5042
f 881//5043 854//5043 926//5043
f 781//5044 854//5044 881//5044
f 862//5045 781//5045 881//5045
f 725//5046 781//5046 862//5046
f 839//5047 725//5047 862//5047
f 696//5048 725//5048 839//5048
f 797//5049 696//5049 839//5049
f 686//5050 696//5050 797//5050
f 765//5051 686//5051 797//5051
f 679//5052 686//5052 765//5052
f 670//5053 679//5053 765//5053
f 644//5054 679//5054 670//5054
f 641//5055 644//5055 670//5055
f 628//5056 644//5056 641//5056
f 618//5057 628//5057 641//5057
f 607//5058 628//5058 618//5058
f 588//5059 607//5059 618//5059
f 592//5060 607//5060 588//5060
f 583//5061 592//5061 588//5061
f 590//5062 592//5062 583//5062
f 571//5063 590//5063 583//5063
f 579//5064 571//5064 583//5064
f 569//5065 571//5065 579//5065
f 1126//5066 1141//5066 1380//5066
f 1301//5067 1126//5067 1380//5067
f 1167//5068 1126//5068 1301//5068
f 1343//5069 1167//5069 1301//5069
f 1197//5070 1167//5070 1343//5070
f 1358//5071 1197//5071 1343//5071
f 1209//5072 1197//5072 1358//5072
f 1353//5073 1209//5073 1358//5073
f 1223//5074 1209//5074 1353//5074
f 1337//5075 1223//5075 1353//5075
f 1226//5076 1223//5076 1337//5076
f 1316//5077 1226//5077 1337//5077
f 1232//5078 1226//5078 1316//5078
f 1298//5079 1232//5079 1316//5079
f 1243//5080 1232//5080 1298//5080
f 1282//5081 1243//5081 1298//5081
f 1220//5082 1243//5082 1282//5082
f 1271//5083 1220//5083 1282//5083
f 1293//5084 1271//5084 1282//5084
f 1270//5085 1271//5085 1293//5085
f 1281//5086 1270//5086 1293//5086
f 1219//5087 1270//5087 1281//5087
f 1242//5088 1219//5088 1281//5088
f 1188//5089 1219//5089 1242//5089
f 1297//5090 1188//5090 1242//5090
f 1231//5091 1188//5091 1297//5091
f 1368//5092 1231//5092 1297//5092
f 1315//5093 1231//5093 1368//5093
f 1446//5094 1315//5094 1368//5094
f 1413//5095 1315//5095 1446//5095
f 1521//5096 1413//5096 1446//5096
f 1489//5097 1413//5097 1521//5097
f 1623//5098 1489//5098 1521//5098
f 1590//5099 1489//5099 1623//5099
f 1668//5100 1590//5100 1623//5100
f 1662//5101 1590//5101 1668//5101
f 1693//5102 1662//5102 1668//5102
f 1687//5103 1662//5103 1693//5103
f 1708//5104 1687//5104 1693//5104
f 1697//5105 1687//5105 1708//5105
f 1301//5106 1380//5106 1523//5106
f 1454//5107 1301//5107 1523//5107
f 1343//5108 1301//5108 1454//5108
f 1463//5109 1343//5109 1454//5109
f 1358//5110 1343//5110 1463//5110
f 1457//5111 1358//5111 1463//5111
f 1353//5112 1358//5112 1457//5112
f 1435//5113 1353//5113 1457//5113
f 1337//5114 1353//5114 1435//5114
f 1414//5115 1337//5115 1435//5115
f 1316//5116 1337//5116 1414//5116
f 1369//5117 1316//5117 1414//5117
f 1298//5118 1316//5118 1369//5118
f 1330//5119 1298//5119 1369//5119
f 1282//5120 1298//5120 1330//5120
f 1293//5121 1282//5121 1330//5121
f 1454//5122 1523//5122 1642//5122
f 1563//5123 1454//5123 1642//5123
f 1463//5124 1454//5124 1563//5124
f 1547//5125 1463//5125 1563//5125
f 1457//5126 1463//5126 1547//5126
f 1518//5127 1457//5127 1547//5127
f 1435//5128 1457//5128 1518//5128
f 1490//5129 1435//5129 1518//5129
f 1414//5130 1435//5130 1490//5130
f 1447//5131 1414//5131 1490//5131
f 1369//5132 1414//5132 1447//5132
f 1401//5133 1369//5133 1447//5133
f 1330//5134 1369//5134 1401//5134
f 1341//5135 1330//5135 1401//5135
f 1293//5136 1330//5136 1341//5136
f 1281//5137 1293//5137 1341//5137
f 1563//5138 1642//5138 1685//5138
f 1645//5139 1563//5139 1685//5139
f 1547//5140 1563//5140 1645//5140
f 1629//5141 1547//5141 1645//5141
f 1518//5142 1547//5142 1629//5142
f 1591//5143 1518//5143 1629//5143
f 1490//5144 1518//5144 1591//5144
f 1522//5145 1490//5145 1591//5145
f 1447//5146 1490//5146 1522//5146
f 1466//5147 1447//5147 1522//5147
f 1401//5148 1447//5148 1466//5148
f 1412//5149 1401//5149 1466//5149
f 1341//5150 1401//5150 1412//5150
f 1329//5151 1341//5151 1412//5151
f 1281//5152 1341//5152 1329//5152
f 1242//5153 1281//5153 1329//5153
f 1675//5154 1645//5154 1685//5154
f 1696//5155 1675//5155 1685//5155
f 1688//5156 1675//5156 1696//5156
f 1705//5157 1688//5157 1696//5157
f 1694//5158 1688//5158 1705//5158
f 1711//5159 1694//5159 1705//5159
f 1699//5160 1694//5160 1711//5160
f 1716//5161 1699//5161 1711//5161
f 1702//5162 1699//5162 1716//5162
f 1717//5163 1702//5163 1716//5163
f 1698//5164 1702//5164 1717//5164
f 1712//5165 1698//5165 1717//5165
f 1693//5166 1698//5166 1712//5166
f 1708//5167 1693//5167 1712//5167
f 1674//5168 1687//5168 1697//5168
f 1686//5169 1674//5169 1697//5169
f 1644//5170 1674//5170 1686//5170
f 1661//5171 1644//5171 1686//5171
f 1562//5172 1644//5172 1661//5172
f 1548//5173 1562//5173 1661//5173
f 1453//5174 1562//5174 1548//5174
f 1300//5175 1453//5175 1548//5175
f 1166//5176 1453//5176 1300//5176
f 1059//5177 1166//5177 1300//5177
f 1014//5178 1166//5178 1059//5178
f 925//5179 1014//5179 1059//5179
f 880//5180 1014//5180 925//5180
f 780//5181 880//5181 925//5181
f 724//5182 880//5182 780//5182
f 660//5183 724//5183 780//5183
f 654//5184 724//5184 660//5184
f 631//5185 654//5185 660//5185
f 629//5186 654//5186 631//5186
f 611//5187 629//5187 631//5187
f 606//5188 629//5188 611//5188
f 591//5189 606//5189 611//5189
f 617//5190 606//5190 591//5190
f 587//5191 617//5191 591//5191
f 582//5192 587//5192 591//5192
f 578//5193 587//5193 582//5193
f 573//5194 578//5194 582//5194
f 568//5195 578//5195 573//5195
f 543//5196 568//5196 573//5196
f 570//5197 543//5197 573//5197
f 584//5198 570//5198 573//5198
f 589//5199 570//5199 584//5199
f 598//5200 589//5200 584//5200
f 619//5201 589//5201 598//5201
f 616//5202 619//5202 598//5202
f 638//5203 619//5203 616//5203
f 631//5204 638//5204 616//5204
f 660//5205 638//5205 631//5205
f 1300//5206 1548//5206 1420//5206
f 1125//5207 1300//5207 1420//5207
f 1059//5208 1300//5208 1125//5208
f 966//5209 1059//5209 1125//5209
f 925//5210 1059//5210 966//5210
f 853//5211 925//5211 966//5211
f 780//5212 925//5212 853//5212
f 674//5213 780//5213 853//5213
f 660//5214 780//5214 674//5214
f 638//5215 660//5215 674//5215
f 1125//5216 1420//5216 1179//5216
f 1018//5217 1125//5217 1179//5217
f 966//5218 1125//5218 1018//5218
f 917//5219 966//5219 1018//5219
f 872//5220 966//5220 917//5220
f 802//5221 872//5221 917//5221
f 691//5222 872//5222 802//5222
f 666//5223 691//5223 802//5223
f 642//5224 691//5224 666//5224
f 634//5225 642//5225 666//5225
f 613//5226 642//5226 634//5226
f 1018//5227 1179//5227 1039//5227
f 917//5228 1018//5228 1039//5228
f 619//5229 642//5229 613//5229
f 589//5230 619//5230 613//5230
f 627//5231 606//5231 617//5231
f 640//5232 627//5232 617//5232
f 643//5233 627//5233 640//5233
f 669//5234 643//5234 640//5234
f 678//5235 643//5235 669//5235
f 783//5236 678//5236 669//5236
f 764//5237 678//5237 783//5237
f 868//5238 764//5238 783//5238
f 874//5239 764//5239 868//5239
f 936//5240 874//5240 868//5240
f 963//5241 874//5241 936//5241
f 1027//5242 963//5242 936//5242
f 1067//5243 963//5243 1027//5243
f 1133//5244 1067//5244 1027//5244
f 1208//5245 1067//5245 1133//5245
f 1352//5246 1208//5246 1133//5246
f 1456//5247 1208//5247 1352//5247
f 1517//5248 1456//5248 1352//5248
f 1628//5249 1456//5249 1517//5249
f 1662//5250 1628//5250 1517//5250
f 1687//5251 1628//5251 1662//5251
f 868//5252 783//5252 885//5252
f 929//5253 868//5253 885//5253
f 936//5254 868//5254 929//5254
f 1003//5255 936//5255 929//5255
f 1027//5256 936//5256 1003//5256
f 1090//5257 1027//5257 1003//5257
f 1133//5258 1027//5258 1090//5258
f 1222//5259 1133//5259 1090//5259
f 1352//5260 1133//5260 1222//5260
f 1434//5261 1352//5261 1222//5261
f 1517//5262 1352//5262 1434//5262
f 1590//5263 1517//5263 1434//5263
f 1662//5264 1517//5264 1590//5264
f 929//5265 885//5265 969//5265
f 987//5266 929//5266 969//5266
f 1003//5267 929//5267 987//5267
f 1061//5268 1003//5268 987//5268
f 1090//5269 1003//5269 1061//5269
f 1154//5270 1090//5270 1061//5270
f 1222//5271 1090//5271 1154//5271
f 1336//5272 1222//5272 1154//5272
f 1434//5273 1222//5273 1336//5273
f 1489//5274 1434//5274 1336//5274
f 1590//5275 1434//5275 1489//5275
f 987//5276 969//5276 1044//5276
f 1047//5277 987//5277 1044//5277
f 1061//5278 987//5278 1047//5278
f 1111//5279 1061//5279 1047//5279
f 1154//5280 1061//5280 1111//5280
f 1225//5281 1154//5281 1111//5281
f 1336//5282 1154//5282 1225//5282
f 1413//5283 1336//5283 1225//5283
f 1489//5284 1336//5284 1413//5284
f 1096//5285 1047//5285 1044//5285
f 1104//5286 1096//5286 1044//5286
f 1139//5287 1096//5287 1104//5287
f 1171//5288 1139//5288 1104//5288
f 1188//5289 1139//5289 1171//5289
f 1219//5290 1188//5290 1171//5290
f 1243//5291 1220//5291 1172//5291
f 1189//5292 1243//5292 1172//5292
f 1232//5293 1243//5293 1189//5293
f 1175//5294 1232//5294 1189//5294
f 1226//5295 1232//5295 1175//5295
f 1155//5296 1226//5296 1175//5296
f 1223//5297 1226//5297 1155//5297
f 1134//5298 1223//5298 1155//5298
f 1209//5299 1223//5299 1134//5299
f 1123//5300 1209//5300 1134//5300
f 1197//5301 1209//5301 1123//5301
f 1099//5302 1197//5302 1123//5302
f 1167//5303 1197//5303 1099//5303
f 1060//5304 1167//5304 1099//5304
f 1126//5305 1167//5305 1060//5305
f 1140//5306 1189//5306 1172//5306
f 1105//5307 1140//5307 1172//5307
f 1097//5308 1140//5308 1105//5308
f 1045//5309 1097//5309 1105//5309
f 1048//5310 1097//5310 1045//5310
f 970//5311 1048//5311 1045//5311
f 988//5312 1048//5312 970//5312
f 930//5313 988//5313 970//5313
f 937//5314 988//5314 930//5314
f 875//5315 937//5315 930//5315
f 897//5316 937//5316 875//5316
f 839//5317 897//5317 875//5317
f 862//5318 897//5318 839//5318
f 930//5319 970//5319 886//5319
f 869//5320 930//5320 886//5320
f 875//5321 930//5321 869//5321
f 797//5322 875//5322 869//5322
f 839//5323 875//5323 797//5323
f 869//5324 886//5324 784//5324
f 765//5325 869//5325 784//5325
f 797//5326 869//5326 765//5326
f 765//5327 784//5327 670//5327
f 583//5328 588//5328 579//5328
f 569//5329 544//5329 554//5329
f 571//5330 569//5330 554//5330
f 597//5331 592//5331 590//5331
f 614//5332 597//5332 590//5332
f 612//5333 597//5333 614//5333
f 630//5334 612//5334 614//5334
f 628//5335 612//5335 630//5335
f 644//5336 628//5336 630//5336
f 632//5337 630//5337 614//5337
f 633//5338 632//5338 614//5338
f 639//5339 632//5339 633//5339
f 664//5340 639//5340 633//5340
f 661//5341 639//5341 664//5341
f 675//5342 661//5342 664//5342
f 725//5343 661//5343 675//5343
f 781//5344 725//5344 675//5344
f 675//5345 664//5345 794//5345
f 781//5346 675//5346 794//5346
f 854//5347 781//5347 794//5347
f 913//5348 854//5348 794//5348
f 1015//5349 926//5349 967//5349
f 1060//5350 1015//5350 967//5350
f 1099//5351 1015//5351 1060//5351
f 960//5352 881//5352 926//5352
f 1015//5353 960//5353 926//5353
f 1043//5354 960//5354 1015//5354
f 1099//5355 1043//5355 1015//5355
f 1123//5356 1043//5356 1099//5356
f 928//5357 862//5357 881//5357
f 960//5358 928//5358 881//5358
f 996//5359 928//5359 960//5359
f 1043//5360 996//5360 960//5360
f 1068//5361 996//5361 1043//5361
f 1123//5362 1068//5362 1043//5362
f 1134//5363 1068//5363 1123//5363
f 897//5364 862//5364 928//5364
f 964//5365 897//5365 928//5365
f 937//5366 897//5366 964//5366
f 1004//5367 937//5367 964//5367
f 988//5368 937//5368 1004//5368
f 1048//5369 988//5369 1004//5369
f 996//5370 964//5370 928//5370
f 1028//5371 964//5371 996//5371
f 1068//5372 1028//5372 996//5372
f 1091//5373 1028//5373 1068//5373
f 1134//5374 1091//5374 1068//5374
f 1155//5375 1091//5375 1134//5375
f 1004//5376 964//5376 1028//5376
f 1062//5377 1004//5377 1028//5377
f 1048//5378 1004//5378 1062//5378
f 1097//5379 1048//5379 1062//5379
f 1091//5380 1062//5380 1028//5380
f 1112//5381 1062//5381 1091//5381
f 1155//5382 1112//5382 1091//5382
f 1175//5383 1112//5383 1155//5383
f 1112//5384 1140//5384 1097//5384
f 1062//5385 1112//5385 1097//5385
f 1175//5386 1140//5386 1112//5386
f 1675//5387 1688//5387 1663//5387
f 1629//5388 1675//5388 1663//5388
f 1645//5389 1675//5389 1629//5389
f 1591//5390 1629//5390 1663//5390
f 1624//5391 1591//5391 1663//5391
f 1522//5392 1591//5392 1624//5392
f 1542//5393 1522//5393 1624//5393
f 1466//5394 1522//5394 1542//5394
f 1476//5395 1466//5395 1542//5395
f 1412//5396 1466//5396 1476//5396
f 1400//5397 1412//5397 1476//5397
f 1329//5398 1412//5398 1400//5398
f 1297//5399 1329//5399 1400//5399
f 1242//5400 1329//5400 1297//5400
f 1669//5401 1663//5401 1688//5401
f 1694//5402 1669//5402 1688//5402
f 1681//5403 1669//5403 1694//5403
f 1699//5404 1681//5404 1694//5404
f 1684//5405 1681//5405 1699//5405
f 1702//5406 1684//5406 1699//5406
f 1680//5407 1684//5407 1702//5407
f 1698//5408 1680//5408 1702//5408
f 1668//5409 1680//5409 1698//5409
f 1693//5410 1668//5410 1698//5410
f 1189//5411 1140//5411 1175//5411
f 1624//5412 1663//5412 1669//5412
f 1637//5413 1624//5413 1669//5413
f 1542//5414 1624//5414 1637//5414
f 1557//5415 1542//5415 1637//5415
f 1476//5416 1542//5416 1557//5416
f 1465//5417 1476//5417 1557//5417
f 1400//5418 1476//5418 1465//5418
f 1368//5419 1400//5419 1465//5419
f 1297//5420 1400//5420 1368//5420
f 1681//5421 1637//5421 1669//5421
f 1641//5422 1637//5422 1681//5422
f 1684//5423 1641//5423 1681//5423
f 1636//5424 1641//5424 1684//5424
f 1680//5425 1636//5425 1684//5425
f 1623//5426 1636//5426 1680//5426
f 1668//5427 1623//5427 1680//5427
f 1557//5428 1637//5428 1641//5428
f 1541//5429 1557//5429 1641//5429
f 1465//5430 1557//5430 1541//5430
f 1446//5431 1465//5431 1541//5431
f 1368//5432 1465//5432 1446//5432
f 1636//5433 1541//5433 1641//5433
f 1636//5434 1623//5434 1521//5434
f 1541//5435 1636//5435 1521//5435
f 1541//5436 1521//5436 1446//5436
f 1315//5437 1413//5437 1225//5437
f 1174//5438 1315//5438 1225//5438
f 1231//5439 1315//5439 1174//5439
f 1139//5440 1231//5440 1174//5440
f 1188//5441 1231//5441 1139//5441
f 1628//5442 1687//5442 1674//5442
f 1546//5443 1628//5443 1674//5443
f 1456//5444 1628//5444 1546//5444
f 1357//5445 1456//5445 1546//5445
f 1208//5446 1456//5446 1357//5446
f 1122//5447 1208//5447 1357//5447
f 1067//5448 1208//5448 1122//5448
f 995//5449 1067//5449 1122//5449
f 963//5450 1067//5450 995//5450
f 896//5451 963//5451 995//5451
f 874//5452 963//5452 896//5452
f 796//5453 874//5453 896//5453
f 764//5454 874//5454 796//5454
f 678//5455 764//5455 796//5455
f 1174//5456 1096//5456 1139//5456
f 1111//5457 1096//5457 1174//5457
f 1225//5458 1111//5458 1174//5458
f 1546//5459 1674//5459 1644//5459
f 1462//5460 1546//5460 1644//5460
f 1357//5461 1546//5461 1462//5461
f 1196//5462 1357//5462 1462//5462
f 1122//5463 1357//5463 1196//5463
f 1042//5464 1122//5464 1196//5464
f 995//5465 1122//5465 1042//5465
f 927//5466 995//5466 1042//5466
f 896//5467 995//5467 927//5467
f 838//5468 896//5468 927//5468
f 796//5469 896//5469 838//5469
f 685//5470 796//5470 838//5470
f 678//5471 796//5471 685//5471
f 643//5472 678//5472 685//5472
f 1111//5473 1047//5473 1096//5473
f 1462//5474 1644//5474 1562//5474
f 1342//5475 1462//5475 1562//5475
f 1196//5476 1462//5476 1342//5476
f 1098//5477 1196//5477 1342//5477
f 1042//5478 1196//5478 1098//5478
f 959//5479 1042//5479 1098//5479
f 927//5480 1042//5480 959//5480
f 861//5481 927//5481 959//5481
f 838//5482 927//5482 861//5482
f 695//5483 838//5483 861//5483
f 685//5484 838//5484 695//5484
f 645//5485 685//5485 695//5485
f 643//5486 685//5486 645//5486
f 627//5487 643//5487 645//5487
f 1342//5488 1562//5488 1453//5488
f 1166//5489 1342//5489 1453//5489
f 1098//5490 1342//5490 1166//5490
f 1014//5491 1098//5491 1166//5491
f 959//5492 1098//5492 1014//5492
f 880//5493 959//5493 1014//5493
f 861//5494 959//5494 880//5494
f 724//5495 861//5495 880//5495
f 695//5496 861//5496 724//5496
f 654//5497 695//5497 724//5497
f 645//5498 695//5498 654//5498
f 629//5499 645//5499 654//5499
f 627//5500 645//5500 629//5500
f 606//5501 627//5501 629//5501
f 853//5502 966//5502 872//5502
f 691//5503 853//5503 872//5503
f 674//5504 853//5504 691//5504
f 642//5505 674//5505 691//5505
f 638//5506 674//5506 642//5506
f 619//5507 638//5507 642//5507
f 616//5508 611//5508 631//5508
f 596//5509 611//5509 616//5509
f 598//5510 596//5510 616//5510
f 584//5511 596//5511 598//5511
f 596//5512 582//5512 591//5512
f 611//5513 596//5513 591//5513
f 584//5514 582//5514 596//5514
f 584//5515 573//5515 582//5515
f 646//5516 686//5516 679//5516
f 644//5517 646//5517 679//5517
f 630//5518 646//5518 644//5518
f 655//5519 696//5519 686//5519
f 646//5520 655//5520 686//5520
f 632//5521 655//5521 646//5521
f 630//5522 632//5522 646//5522
f 661//5523 725//5523 696//5523
f 655//5524 661//5524 696//5524
f 639//5525 661//5525 655//5525
f 632//5526 639//5526 655//5526
f 607//5527 597//5527 612//5527
f 628//5528 607//5528 612//5528
f 607//5529 592//5529 597//5529
f 1750//5530 1751//5530 2051//5530
f 2050//5531 1750//5531 2051//5531
f 1991//5532 1984//5532 1983//5532
f 1990//5533 1991//5533 1983//5533
f 1981//5534 1991//5534 1990//5534
f 1980//5535 1981//5535 1990//5535
f 1967//5536 1981//5536 1980//5536
f 1966//5537 1967//5537 1980//5537
f 1955//5538 1967//5538 1966//5538
f 1954//5539 1955//5539 1966//5539
f 1937//5540 1955//5540 1954//5540
f 1936//5541 1937//5541 1954//5541
f 1925//5542 1937//5542 1936//5542
f 1924//5543 1925//5543 1936//5543
f 1911//5544 1925//5544 1924//5544
f 1910//5545 1911//5545 1924//5545
f 1895//5546 1911//5546 1910//5546
f 1894//5547 1895//5547 1910//5547
f 1880//5548 1895//5548 1894//5548
f 1879//5549 1880//5549 1894//5549
f 1863//5550 1880//5550 1879//5550
f 1862//5551 1863//5551 1879//5551
f 1846//5552 1863//5552 1862//5552
f 1845//5553 1846//5553 1862//5553
f 1832//5554 1846//5554 1845//5554
f 1831//5555 1832//5555 1845//5555
f 1823//5556 1832//5556 1831//5556
f 1822//5557 1823//5557 1831//5557
f 1835//5558 1823//5558 1822//5558
f 1834//5559 1835//5559 1822//5559
f 1849//5560 1835//5560 1834//5560
f 1848//5561 1849//5561 1834//5561
f 1866//5562 1849//5562 1848//5562
f 1865//5563 1866//5563 1848//5563
f 1883//5564 1866//5564 1865//5564
f 1882//5565 1883//5565 1865//5565
f 1898//5566 1883//5566 1882//5566
f 1897//5567 1898//5567 1882//5567
f 1914//5568 1898//5568 1897//5568
f 1913//5569 1914//5569 1897//5569
f 1928//5570 1914//5570 1913//5570
f 1927//5571 1928//5571 1913//5571
f 1940//5572 1928//5572 1927//5572
f 1939//5573 1940//5573 1927//5573
f 1958//5574 1940//5574 1939//5574
f 1957//5575 1958//5575 1939//5575
f 1970//5576 1958//5576 1957//5576
f 1969//5577 1970//5577 1957//5577
f 1984//5578 1970//5578 1969//5578
f 1983//5579 1984//5579 1969//5579
f 1989//5580 1979//5580 1980//5580
f 1990//5581 1989//5581 1980//5581
f 1982//5582 1989//5582 1990//5582
f 1983//5583 1982//5583 1990//5583
f 1968//5584 1982//5584 1983//5584
f 1969//5585 1968//5585 1983//5585
f 1956//5586 1968//5586 1969//5586
f 1957//5587 1956//5587 1969//5587
f 1938//5588 1956//5588 1957//5588
f 1939//5589 1938//5589 1957//5589
f 1926//5590 1938//5590 1939//5590
f 1927//5591 1926//5591 1939//5591
f 1912//5592 1926//5592 1927//5592
f 1913//5593 1912//5593 1927//5593
f 1896//5594 1912//5594 1913//5594
f 1897//5595 1896//5595 1913//5595
f 1881//5596 1896//5596 1897//5596
f 1882//5597 1881//5597 1897//5597
f 1864//5598 1881//5598 1882//5598
f 1865//5599 1864//5599 1882//5599
f 1847//5600 1864//5600 1865//5600
f 1848//5601 1847//5601 1865//5601
f 1833//5602 1847//5602 1848//5602
f 1834//5603 1833//5603 1848//5603
f 1821//5604 1833//5604 1834//5604
f 1822//5605 1821//5605 1834//5605
f 1830//5606 1821//5606 1822//5606
f 1831//5607 1830//5607 1822//5607
f 1844//5608 1830//5608 1831//5608
f 1845//5609 1844//5609 1831//5609
f 1861//5610 1844//5610 1845//5610
f 1862//5611 1861//5611 1845//5611
f 1878//5612 1861//5612 1862//5612
f 1879//5613 1878//5613 1862//5613
f 1893//5614 1878//5614 1879//5614
f 1894//5615 1893//5615 1879//5615
f 1909//5616 1893//5616 1894//5616
f 1910//5617 1909//5617 1894//5617
f 1923//5618 1909//5618 1910//5618
f 1924//5619 1923//5619 1910//5619
f 1935//5620 1923//5620 1924//5620
f 1936//5621 1935//5621 1924//5621
f 1953//5622 1935//5622 1936//5622
f 1954//5623 1953//5623 1936//5623
f 1965//5624 1953//5624 1954//5624
f 1966//5625 1965//5625 1954//5625
f 1979//5626 1965//5626 1966//5626
f 1980//5627 1979//5627 1966//5627
f 1989//5628 1982//5628 1833//5628
f 1821//5629 1989//5629 1833//5629
f 1979//5630 1989//5630 1821//5630
f 1830//5631 1979//5631 1821//5631
f 1965//5632 1979//5632 1830//5632
f 1844//5633 1965//5633 1830//5633
f 1953//5634 1965//5634 1844//5634
f 1861//5635 1953//5635 1844//5635
f 1935//5636 1953//5636 1861//5636
f 1878//5637 1935//5637 1861//5637
f 1923//5638 1935//5638 1878//5638
f 1893//5639 1923//5639 1878//5639
f 1909//5640 1923//5640 1893//5640
f 1847//5641 1833//5641 1982//5641
f 1968//5642 1847//5642 1982//5642
f 1864//5643 1847//5643 1968//5643
f 1956//5644 1864//5644 1968//5644
f 1881//5645 1864//5645 1956//5645
f 1938//5646 1881//5646 1956//5646
f 1896//5647 1881//5647 1938//5647
f 1926//5648 1896//5648 1938//5648
f 1912//5649 1896//5649 1926//5649
f 1988//5650 1978//5650 1977//5650
f 1987//5651 1988//5651 1977//5651
f 1975//5652 1988//5652 1987//5652
f 1974//5653 1975//5653 1987//5653
f 1961//5654 1975//5654 1974//5654
f 1960//5655 1961//5655 1974//5655
f 1949//5656 1961//5656 1960//5656
f 1948//5657 1949//5657 1960//5657
f 1931//5658 1949//5658 1948//5658
f 1930//5659 1931//5659 1948//5659
f 1919//5660 1931//5660 1930//5660
f 1918//5661 1919//5661 1930//5661
f 1905//5662 1919//5662 1918//5662
f 1904//5663 1905//5663 1918//5663
f 1889//5664 1905//5664 1904//5664
f 1888//5665 1889//5665 1904//5665
f 1874//5666 1889//5666 1888//5666
f 1873//5667 1874//5667 1888//5667
f 1857//5668 1874//5668 1873//5668
f 1856//5669 1857//5669 1873//5669
f 1840//5670 1857//5670 1856//5670
f 1839//5671 1840//5671 1856//5671
f 1826//5672 1840//5672 1839//5672
f 1825//5673 1826//5673 1839//5673
f 1820//5674 1826//5674 1825//5674
f 1819//5675 1820//5675 1825//5675
f 1829//5676 1820//5676 1819//5676
f 1828//5677 1829//5677 1819//5677
f 1843//5678 1829//5678 1828//5678
f 1842//5679 1843//5679 1828//5679
f 1860//5680 1843//5680 1842//5680
f 1859//5681 1860//5681 1842//5681
f 1877//5682 1860//5682 1859//5682
f 1876//5683 1877//5683 1859//5683
f 1892//5684 1877//5684 1876//5684
f 1891//5685 1892//5685 1876//5685
f 1908//5686 1892//5686 1891//5686
f 1907//5687 1908//5687 1891//5687
f 1922//5688 1908//5688 1907//5688
f 1921//5689 1922//5689 1907//5689
f 1934//5690 1922//5690 1921//5690
f 1933//5691 1934//5691 1921//5691
f 1952//5692 1934//5692 1933//5692
f 1951//5693 1952//5693 1933//5693
f 1964//5694 1952//5694 1951//5694
f 1963//5695 1964//5695 1951//5695
f 1978//5696 1964//5696 1963//5696
f 1977//5697 1978//5697 1963//5697
f 1986//5698 1973//5698 1974//5698
f 1987//5699 1986//5699 1974//5699
f 1976//5700 1986//5700 1987//5700
f 1977//5701 1976//5701 1987//5701
f 1962//5702 1976//5702 1977//5702
f 1963//5703 1962//5703 1977//5703
f 1950//5704 1962//5704 1963//5704
f 1951//5705 1950//5705 1963//5705
f 1932//5706 1950//5706 1951//5706
f 1933//5707 1932//5707 1951//5707
f 1920//5708 1932//5708 1933//5708
f 1921//5709 1920//5709 1933//5709
f 1906//5710 1920//5710 1921//5710
f 1907//5711 1906//5711 1921//5711
f 1890//5712 1906//5712 1907//5712
f 1891//5713 1890//5713 1907//5713
f 1875//5714 1890//5714 1891//5714
f 1876//5715 1875//5715 1891//5715
f 1858//5716 1875//5716 1876//5716
f 1859//5717 1858//5717 1876//5717
f 1841//5718 1858//5718 1859//5718
f 1842//5719 1841//5719 1859//5719
f 1827//5720 1841//5720 1842//5720
f 1828//5721 1827//5721 1842//5721
f 1818//5722 1827//5722 1828//5722
f 1819//5723 1818//5723 1828//5723
f 1824//5724 1818//5724 1819//5724
f 1825//5725 1824//5725 1819//5725
f 1838//5726 1824//5726 1825//5726
f 1839//5727 1838//5727 1825//5727
f 1855//5728 1838//5728 1839//5728
f 1856//5729 1855//5729 1839//5729
f 1872//5730 1855//5730 1856//5730
f 1873//5731 1872//5731 1856//5731
f 1887//5732 1872//5732 1873//5732
f 1888//5733 1887//5733 1873//5733
f 1903//5734 1887//5734 1888//5734
f 1904//5735 1903//5735 1888//5735
f 1917//5736 1903//5736 1904//5736
f 1918//5737 1917//5737 1904//5737
f 1929//5738 1917//5738 1918//5738
f 1930//5739 1929//5739 1918//5739
f 1947//5740 1929//5740 1930//5740
f 1948//5741 1947//5741 1930//5741
f 1959//5742 1947//5742 1948//5742
f 1960//5743 1959//5743 1948//5743
f 1973//5744 1959//5744 1960//5744
f 1974//5745 1973//5745 1960//5745
f 1986//5746 1976//5746 1827//5746
f 1818//5747 1986//5747 1827//5747
f 1973//5748 1986//5748 1818//5748
f 1824//5749 1973//5749 1818//5749
f 1959//5750 1973//5750 1824//5750
f 1838//5751 1959//5751 1824//5751
f 1947//5752 1959//5752 1838//5752
f 1855//5753 1947//5753 1838//5753
f 1929//5754 1947//5754 1855//5754
f 1872//5755 1929//5755 1855//5755
f 1917//5756 1929//5756 1872//5756
f 1887//5757 1917//5757 1872//5757
f 1903//5758 1917//5758 1887//5758
f 1841//5759 1827//5759 1976//5759
f 1962//5760 1841//5760 1976//5760
f 1858//5761 1841//5761 1962//5761
f 1950//5762 1858//5762 1962//5762
f 1875//5763 1858//5763 1950//5763
f 1932//5764 1875//5764 1950//5764
f 1890//5765 1875//5765 1932//5765
f 1920//5766 1890//5766 1932//5766
f 1906//5767 1890//5767 1920//5767
f 408//5768 402//5768 401//5768
f 407//5769 408//5769 401//5769
f 399//5770 408//5770 407//5770
f 398//5771 399//5771 407//5771
f 387//5772 399//5772 398//5772
f 386//5773 387//5773 398//5773
f 375//5774 387//5774 386//5774
f 374//5775 375//5775 386//5775
f 363//5776 375//5776 374//5776
f 362//5777 363//5777 374//5777
f 351//5778 363//5778 362//5778
f 350//5779 351//5779 362//5779
f 335//5780 351//5780 350//5780
f 334//5781 335//5781 350//5781
f 323//5782 335//5782 334//5782
f 322//5783 323//5783 334//5783
f 311//5784 323//5784 322//5784
f 310//5785 311//5785 322//5785
f 299//5786 311//5786 310//5786
f 298//5787 299//5787 310//5787
f 283//5788 299//5788 298//5788
f 282//5789 283//5789 298//5789
f 271//5790 283//5790 282//5790
f 270//5791 271//5791 282//5791
f 262//5792 271//5792 270//5792
f 261//5793 262//5793 270//5793
f 274//5794 262//5794 261//5794
f 273//5795 274//5795 261//5795
f 286//5796 274//5796 273//5796
f 285//5797 286//5797 273//5797
f 302//5798 286//5798 285//5798
f 301//5799 302//5799 285//5799
f 314//5800 302//5800 301//5800
f 313//5801 314//5801 301//5801
f 326//5802 314//5802 313//5802
f 325//5803 326//5803 313//5803
f 338//5804 326//5804 325//5804
f 337//5805 338//5805 325//5805
f 354//5806 338//5806 337//5806
f 353//5807 354//5807 337//5807
f 366//5808 354//5808 353//5808
f 365//5809 366//5809 353//5809
f 378//5810 366//5810 365//5810
f 377//5811 378//5811 365//5811
f 390//5812 378//5812 377//5812
f 389//5813 390//5813 377//5813
f 402//5814 390//5814 389//5814
f 401//5815 402//5815 389//5815
f 406//5816 397//5816 398//5816
f 407//5817 406//5817 398//5817
f 400//5818 406//5818 407//5818
f 401//5819 400//5819 407//5819
f 388//5820 400//5820 401//5820
f 389//5821 388//5821 401//5821
f 376//5822 388//5822 389//5822
f 377//5823 376//5823 389//5823
f 364//5824 376//5824 377//5824
f 365//5825 364//5825 377//5825
f 352//5826 364//5826 365//5826
f 353//5827 352//5827 365//5827
f 336//5828 352//5828 353//5828
f 337//5829 336//5829 353//5829
f 324//5830 336//5830 337//5830
f 325//5831 324//5831 337//5831
f 312//5832 324//5832 325//5832
f 313//5833 312//5833 325//5833
f 300//5834 312//5834 313//5834
f 301//5835 300//5835 313//5835
f 284//5836 300//5836 301//5836
f 285//5837 284//5837 301//5837
f 272//5838 284//5838 285//5838
f 273//5839 272//5839 285//5839
f 260//5840 272//5840 273//5840
f 261//5841 260//5841 273//5841
f 269//5842 260//5842 261//5842
f 270//5843 269//5843 261//5843
f 281//5844 269//5844 270//5844
f 282//5845 281//5845 270//5845
f 297//5846 281//5846 282//5846
f 298//5847 297//5847 282//5847
f 309//5848 297//5848 298//5848
f 310//5849 309//5849 298//5849
f 321//5850 309//5850 310//5850
f 322//5851 321//5851 310//5851
f 333//5852 321//5852 322//5852
f 334//5853 333//5853 322//5853
f 349//5854 333//5854 334//5854
f 350//5855 349//5855 334//5855
f 361//5856 349//5856 350//5856
f 362//5857 361//5857 350//5857
f 373//5858 361//5858 362//5858
f 374//5859 373//5859 362//5859
f 385//5860 373//5860 374//5860
f 386//5861 385//5861 374//5861
f 397//5862 385//5862 386//5862
f 398//5863 397//5863 386//5863
f 406//5864 400//5864 272//5864
f 260//5865 406//5865 272//5865
f 397//5866 406//5866 260//5866
f 269//5867 397//5867 260//5867
f 385//5868 397//5868 269//5868
f 281//5869 385//5869 269//5869
f 373//5870 385//5870 281//5870
f 297//5871 373//5871 281//5871
f 361//5872 373//5872 297//5872
f 309//5873 361//5873 297//5873
f 349//5874 361//5874 309//5874
f 321//5875 349//5875 309//5875
f 333//5876 349//5876 321//5876
f 284//5877 272//5877 400//5877
f 388//5878 284//5878 400//5878
f 300//5879 284//5879 388//5879
f 376//5880 300//5880 388//5880
f 312//5881 300//5881 376//5881
f 364//5882 312//5882 376//5882
f 324//5883 312//5883 364//5883
f 352//5884 324//5884 364//5884
f 336//5885 324//5885 352//5885
f 405//5886 396//5886 395//5886
f 404//5887 405//5887 395//5887
f 393//5888 405//5888 404//5888
f 392//5889 393//5889 404//5889
f 381//5890 393//5890 392//5890
f 380//5891 381//5891 392//5891
f 369//5892 381//5892 380//5892
f 368//5893 369//5893 380//5893
f 357//5894 369//5894 368//5894
f 356//5895 357//5895 368//5895
f 345//5896 357//5896 356//5896
f 344//5897 345//5897 356//5897
f 329//5898 345//5898 344//5898
f 328//5899 329//5899 344//5899
f 317//5900 329//5900 328//5900
f 316//5901 317//5901 328//5901
f 305//5902 317//5902 316//5902
f 304//5903 305//5903 316//5903
f 293//5904 305//5904 304//5904
f 292//5905 293//5905 304//5905
f 277//5906 293//5906 292//5906
f 276//5907 277//5907 292//5907
f 265//5908 277//5908 276//5908
f 264//5909 265//5909 276//5909
f 259//5910 265//5910 264//5910
f 258//5911 259//5911 264//5911
f 268//5912 259//5912 258//5912
f 267//5913 268//5913 258//5913
f 280//5914 268//5914 267//5914
f 279//5915 280//5915 267//5915
f 296//5916 280//5916 279//5916
f 295//5917 296//5917 279//5917
f 308//5918 296//5918 295//5918
f 307//5919 308//5919 295//5919
f 320//5920 308//5920 307//5920
f 319//5921 320//5921 307//5921
f 332//5922 320//5922 319//5922
f 331//5923 332//5923 319//5923
f 348//5924 332//5924 331//5924
f 347//5925 348//5925 331//5925
f 360//5926 348//5926 347//5926
f 359//5927 360//5927 347//5927
f 372//5928 360//5928 359//5928
f 371//5929 372//5929 359//5929
f 384//5930 372//5930 371//5930
f 383//5931 384//5931 371//5931
f 396//5932 384//5932 383//5932
f 395//5933 396//5933 383//5933
f 403//5934 391//5934 392//5934
f 404//5935 403//5935 392//5935
f 394//5936 403//5936 404//5936
f 395//5937 394//5937 404//5937
f 382//5938 394//5938 395//5938
f 383//5939 382//5939 395//5939
f 370//5940 382//5940 383//5940
f 371//5941 370//5941 383//5941
f 358//5942 370//5942 371//5942
f 359//5943 358//5943 371//5943
f 346//5944 358//5944 359//5944
f 347//5945 346//5945 359//5945
f 330//5946 346//5946 347//5946
f 331//5947 330//5947 347//5947
f 318//5948 330//5948 331//5948
f 319//5949 318//5949 331//5949
f 306//5950 318//5950 319//5950
f 307//5951 306//5951 319//5951
f 294//5952 306//5952 307//5952
f 295//5953 294//5953 307//5953
f 278//5954 294//5954 295//5954
f 279//5955 278//5955 295//5955
f 266//5956 278//5956 279//5956
f 267//5957 266//5957 279//5957
f 257//5958 266//5958 267//5958
f 258//5959 257//5959 267//5959
f 263//5960 257//5960 258//5960
f 264//5961 263//5961 258//5961
f 275//5962 263//5962 264//5962
f 276//5963 275//5963 264//5963
f 291//5964 275//5964 276//5964
f 292//5965 291//5965 276//5965
f 303//5966 291//5966 292//5966
f 304//5967 303//5967 292//5967
f 315//5968 303//5968 304//5968
f 316//5969 315//5969 304//5969
f 327//5970 315//5970 316//5970
f 328//5971 327//5971 316//5971
f 343//5972 327//5972 328//5972
f 344//5973 343//5973 328//5973
f 355//5974 343//5974 344//5974
f 356//5975 355//5975 344//5975
f 367//5976 355//5976 356//5976
f 368//5977 367//5977 356//5977
f 379//5978 367//5978 368//5978
f 380//5979 379//5979 368//5979
f 391//5980 379//5980 380//5980
f 392//5981 391//5981 380//5981
f 403//5982 394//5982 266//5982
f 257//5983 403//5983 266//5983
f 391//5984 403//5984 257//5984
f 263//5985 391//5985 257//5985
f 379//5986 391//5986 263//5986
f 275//5987 379//5987 263//5987
f 367//5988 379//5988 275//5988
f 291//5989 367//5989 275//5989
f 355//5990 367//5990 291//5990
f 303//5991 355//5991 291//5991
f 343//5992 355//5992 303//5992
f 315//5993 343//5993 303//5993
f 327//5994 343//5994 315//5994
f 278//5995 266//5995 394//5995
f 382//5996 278//5996 394//5996
f 294//5997 278//5997 382//5997
f 370//5998 294//5998 382//5998
f 306//5999 294//5999 370//5999
f 358//6000 306//6000 370//6000
f 318//6001 306//6001 358//6001
f 346//6002 318//6002 358//6002
f 330//6003 318//6003 346//6003
f 2215//6004 2216//6004 2205//6004
f 2204//6005 2215//6005 2205//6005
f 2215//6006 2204//6006 2227//6006
f 2270//6007 2215//6007 2227//6007
f 2227//6008 2228//6008 2271//6008
f 2270//6009 2227//6009 2271//6009
f 2595//6010 2596//6010 2635//6010
f 2634//6011 2595//6011 2635//6011
f 2595//6012 2634//6012 2507//6012
f 2492//6013 2595//6013 2507//6013
f 2205//6014 1899//6014 1900//6014
f 2576//6015 2205//6015 1900//6015
f 2228//6016 2205//6016 2576//6016
f 2575//6017 2228//6017 2576//6017
f 2228//6018 2227//6018 2204//6018
f 2205//6019 2228//6019 2204//6019
f 2950//6020 2947//6020 2806//6020
f 2800//6021 2950//6021 2806//6021
f 2944//6022 2950//6022 2800//6022
f 2803//6023 2944//6023 2800//6023
f 2938//6024 2944//6024 2803//6024
f 2813//6025 2938//6025 2803//6025
f 2929//6026 2938//6026 2813//6026
f 2829//6027 2929//6027 2813//6027
f 2919//6028 2929//6028 2829//6028
f 2839//6029 2919//6029 2829//6029
f 2894//6030 2919//6030 2839//6030
f 2857//6031 2894//6031 2839//6031
f 2877//6032 2894//6032 2857//6032
f 2816//6033 2806//6033 2947//6033
f 2941//6034 2816//6034 2947//6034
f 2832//6035 2816//6035 2941//6035
f 2932//6036 2832//6036 2941//6036
f 2842//6037 2832//6037 2932//6037
f 2922//6038 2842//6038 2932//6038
f 2860//6039 2842//6039 2922//6039
f 2897//6040 2860//6040 2922//6040
f 2880//6041 2860//6041 2897//6041
f 2632//6042 2633//6042 2646//6042
f 2645//6043 2632//6043 2646//6043
f 2631//6044 2632//6044 2645//6044
f 2616//6045 2632//6045 2631//6045
f 2615//6046 2616//6046 2631//6046
f 2598//6047 2616//6047 2615//6047
f 2597//6048 2598//6048 2615//6048
f 2575//6049 2598//6049 2597//6049
f 2598//6050 2575//6050 2576//6050
f 2599//6051 2598//6051 2576//6051
f 2616//6052 2598//6052 2599//6052
f 2617//6053 2616//6053 2599//6053
f 2632//6054 2616//6054 2617//6054
f 2633//6055 2632//6055 2617//6055
f 1816//6056 1815//6056 1813//6056
f 1814//6057 1816//6057 1813//6057
f 1817//6058 1816//6058 1814//6058
f 1851//6059 1816//6059 1817//6059
f 1852//6060 1851//6060 1817//6060
f 1885//6061 1851//6061 1852//6061
f 1886//6062 1885//6062 1852//6062
f 1900//6063 1885//6063 1886//6063
f 1885//6064 1900//6064 1899//6064
f 1884//6065 1885//6065 1899//6065
f 1851//6066 1885//6066 1884//6066
f 1850//6067 1851//6067 1884//6067
f 1816//6068 1851//6068 1850//6068
f 1815//6069 1816//6069 1850//6069
f 2489//6070 2486//6070 2383//6070
f 2377//6071 2489//6071 2383//6071
f 2483//6072 2489//6072 2377//6072
f 2380//6073 2483//6073 2377//6073
f 2473//6074 2483//6074 2380//6074
f 2388//6075 2473//6075 2380//6075
f 2465//6076 2473//6076 2388//6076
f 2400//6077 2465//6077 2388//6077
f 2459//6078 2465//6078 2400//6078
f 2426//6079 2459//6079 2400//6079
f 2453//6080 2459//6080 2426//6080
f 2437//6081 2453//6081 2426//6081
f 2447//6082 2453//6082 2437//6082
f 2391//6083 2383//6083 2486//6083
f 2476//6084 2391//6084 2486//6084
f 2403//6085 2391//6085 2476//6085
f 2468//6086 2403//6086 2476//6086
f 2429//6087 2403//6087 2468//6087
f 2462//6088 2429//6088 2468//6088
f 2440//6089 2429//6089 2462//6089
f 2456//6090 2440//6090 2462//6090
f 2450//6091 2440//6091 2456//6091
f 2164//6092 2161//6092 2062//6092
f 2056//6093 2164//6093 2062//6093
f 2158//6094 2164//6094 2056//6094
f 2059//6095 2158//6095 2056//6095
f 2152//6096 2158//6096 2059//6096
f 2065//6097 2152//6097 2059//6097
f 2140//6098 2152//6098 2065//6098
f 2073//6099 2140//6099 2065//6099
f 2134//6100 2140//6100 2073//6100
f 2081//6101 2134//6101 2073//6101
f 2125//6102 2134//6102 2081//6102
f 2097//6103 2125//6103 2081//6103
f 2111//6104 2125//6104 2097//6104
f 2068//6105 2062//6105 2161//6105
f 2155//6106 2068//6106 2161//6106
f 2076//6107 2068//6107 2155//6107
f 2143//6108 2076//6108 2155//6108
f 2084//6109 2076//6109 2143//6109
f 2137//6110 2084//6110 2143//6110
f 2100//6111 2084//6111 2137//6111
f 2128//6112 2100//6112 2137//6112
f 2114//6113 2100//6113 2128//6113
f 472//6114 339//6114 340//6114
f 532//6115 472//6115 340//6115
f 531//6116 472//6116 532//6116
f 472//6117 531//6117 471//6117
f 2368//6118 2365//6118 2282//6118
f 2276//6119 2368//6119 2282//6119
f 2362//6120 2368//6120 2276//6120
f 2279//6121 2362//6121 2276//6121
f 2352//6122 2362//6122 2279//6122
f 2287//6123 2352//6123 2279//6123
f 2346//6124 2352//6124 2287//6124
f 2301//6125 2346//6125 2287//6125
f 2336//6126 2346//6126 2301//6126
f 2307//6127 2336//6127 2301//6127
f 2330//6128 2336//6128 2307//6128
f 2317//6129 2330//6129 2307//6129
f 2324//6130 2330//6130 2317//6130
f 2290//6131 2282//6131 2365//6131
f 2355//6132 2290//6132 2365//6132
f 2304//6133 2290//6133 2355//6133
f 2349//6134 2304//6134 2355//6134
f 2310//6135 2304//6135 2349//6135
f 2339//6136 2310//6136 2349//6136
f 2320//6137 2310//6137 2339//6137
f 2333//6138 2320//6138 2339//6138
f 2327//6139 2320//6139 2333//6139
f 255//6140 135//6140 134//6140
f 287//6141 255//6141 134//6141
f 140//6142 142//6142 125//6142
f 127//6143 140//6143 125//6143
f 115//6144 127//6144 125//6144
f 117//6145 127//6145 115//6145
f 105//6146 117//6146 115//6146
f 107//6147 117//6147 105//6147
f 95//6148 107//6148 105//6148
f 97//6149 107//6149 95//6149
f 81//6150 97//6150 95//6150
f 87//6151 97//6151 81//6151
f 71//6152 87//6152 81//6152
f 73//6153 87//6153 71//6153
f 57//6154 73//6154 71//6154
f 63//6155 73//6155 57//6155
f 39//6156 63//6156 57//6156
f 45//6157 63//6157 39//6157
f 33//6158 45//6158 39//6158
f 35//6159 45//6159 33//6159
f 25//6160 35//6160 33//6160
f 29//6161 35//6161 25//6161
f 17//6162 29//6162 25//6162
f 27//6163 29//6163 17//6163
f 12//6164 27//6164 17//6164
f 21//6165 27//6165 12//6165
f 8//6166 21//6166 12//6166
f 19//6167 21//6167 8//6167
f 4//6168 19//6168 8//6168
f 13//6169 19//6169 4//6169
f 2//6170 13//6170 4//6170
f 18//6171 13//6171 2//6171
f 6//6172 18//6172 2//6172
f 20//6173 18//6173 6//6173
f 10//6174 20//6174 6//6174
f 26//6175 20//6175 10//6175
f 15//6176 26//6176 10//6176
f 28//6177 26//6177 15//6177
f 23//6178 28//6178 15//6178
f 34//6179 28//6179 23//6179
f 31//6180 34//6180 23//6180
f 44//6181 34//6181 31//6181
f 37//6182 44//6182 31//6182
f 62//6183 44//6183 37//6183
f 55//6184 62//6184 37//6184
f 72//6185 62//6185 55//6185
f 69//6186 72//6186 55//6186
f 86//6187 72//6187 69//6187
f 79//6188 86//6188 69//6188
f 96//6189 86//6189 79//6189
f 93//6190 96//6190 79//6190
f 106//6191 96//6191 93//6191
f 103//6192 106//6192 93//6192
f 116//6193 106//6193 103//6193
f 113//6194 116//6194 103//6194
f 126//6195 116//6195 113//6195
f 123//6196 126//6196 113//6196
f 135//6197 126//6197 123//6197
f 134//6198 135//6198 123//6198
f 142//6199 140//6199 256//6199
f 289//6200 142//6200 256//6200
f 2666//6201 2670//6201 2669//6201
f 2665//6202 2666//6202 2669//6202
f 2648//6203 2666//6203 2665//6203
f 2647//6204 2648//6204 2665//6204
f 2628//6205 2648//6205 2647//6205
f 2627//6206 2628//6206 2647//6206
f 2601//6207 2628//6207 2627//6207
f 2600//6208 2601//6208 2627//6208
f 2564//6209 2601//6209 2600//6209
f 2563//6210 2564//6210 2600//6210
f 2496//6211 2564//6211 2563//6211
f 2495//6212 2496//6212 2563//6212
f 2480//6213 2496//6213 2495//6213
f 2479//6214 2480//6214 2495//6214
f 2444//6215 2480//6215 2479//6215
f 2443//6216 2444//6216 2479//6216
f 2359//6217 2444//6217 2443//6217
f 2358//6218 2359//6218 2443//6218
f 2314//6219 2359//6219 2358//6219
f 2313//6220 2314//6220 2358//6220
f 2263//6221 2314//6221 2313//6221
f 2262//6222 2263//6222 2313//6222
f 2220//6223 2263//6223 2262//6223
f 2219//6224 2220//6224 2262//6224
f 2208//6225 2220//6225 2219//6225
f 2207//6226 2208//6226 2219//6226
f 2195//6227 2208//6227 2207//6227
f 2194//6228 2195//6228 2207//6228
f 2182//6229 2195//6229 2194//6229
f 2181//6230 2182//6230 2194//6230
f 2174//6231 2182//6231 2181//6231
f 2173//6232 2174//6232 2181//6232
f 2147//6233 2174//6233 2173//6233
f 2146//6234 2147//6234 2173//6234
f 2122//6235 2147//6235 2146//6235
f 2121//6236 2122//6236 2146//6236
f 2104//6237 2122//6237 2121//6237
f 2103//6238 2104//6238 2121//6238
f 2094//6239 2104//6239 2103//6239
f 2093//6240 2094//6240 2103//6240
f 2096//6241 2094//6241 2093//6241
f 2095//6242 2096//6242 2093//6242
f 2108//6243 2096//6243 2095//6243
f 2107//6244 2108//6244 2095//6244
f 2124//6245 2108//6245 2107//6245
f 2123//6246 2124//6246 2107//6246
f 2149//6247 2124//6247 2123//6247
f 2148//6248 2149//6248 2123//6248
f 2178//6249 2149//6249 2148//6249
f 2177//6250 2178//6250 2148//6250
f 2185//6251 2178//6251 2177//6251
f 2184//6252 2185//6252 2177//6252
f 2197//6253 2185//6253 2184//6253
f 2196//6254 2197//6254 2184//6254
f 2210//6255 2197//6255 2196//6255
f 2209//6256 2210//6256 2196//6256
f 2222//6257 2210//6257 2209//6257
f 2221//6258 2222//6258 2209//6258
f 2265//6259 2222//6259 2221//6259
f 2264//6260 2265//6260 2221//6260
f 2316//6261 2265//6261 2264//6261
f 2315//6262 2316//6262 2264//6262
f 2361//6263 2316//6263 2315//6263
f 2360//6264 2361//6264 2315//6264
f 2446//6265 2361//6265 2360//6265
f 2445//6266 2446//6266 2360//6266
f 2482//6267 2446//6267 2445//6267
f 2481//6268 2482//6268 2445//6268
f 2498//6269 2482//6269 2481//6269
f 2497//6270 2498//6270 2481//6270
f 2566//6271 2498//6271 2497//6271
f 2565//6272 2566//6272 2497//6272
f 2603//6273 2566//6273 2565//6273
f 2602//6274 2603//6274 2565//6274
f 2630//6275 2603//6275 2602//6275
f 2629//6276 2630//6276 2602//6276
f 2650//6277 2630//6277 2629//6277
f 2649//6278 2650//6278 2629//6278
f 2668//6279 2650//6279 2649//6279
f 2667//6280 2668//6280 2649//6280
f 2670//6281 2668//6281 2667//6281
f 2669//6282 2670//6282 2667//6282
f 125//6283 142//6283 141//6283
f 124//6284 125//6284 141//6284
f 115//6285 125//6285 124//6285
f 114//6286 115//6286 124//6286
f 105//6287 115//6287 114//6287
f 104//6288 105//6288 114//6288
f 95//6289 105//6289 104//6289
f 94//6290 95//6290 104//6290
f 81//6291 95//6291 94//6291
f 80//6292 81//6292 94//6292
f 71//6293 81//6293 80//6293
f 70//6294 71//6294 80//6294
f 57//6295 71//6295 70//6295
f 56//6296 57//6296 70//6296
f 39//6297 57//6297 56//6297
f 38//6298 39//6298 56//6298
f 33//6299 39//6299 38//6299
f 32//6300 33//6300 38//6300
f 25//6301 33//6301 32//6301
f 24//6302 25//6302 32//6302
f 17//6303 25//6303 24//6303
f 16//6304 17//6304 24//6304
f 12//6305 17//6305 16//6305
f 11//6306 12//6306 16//6306
f 8//6307 12//6307 11//6307
f 7//6308 8//6308 11//6308
f 4//6309 8//6309 7//6309
f 3//6310 4//6310 7//6310
f 2//6311 4//6311 3//6311
f 1//6312 2//6312 3//6312
f 6//6313 2//6313 1//6313
f 5//6314 6//6314 1//6314
f 10//6315 6//6315 5//6315
f 9//6316 10//6316 5//6316
f 15//6317 10//6317 9//6317
f 14//6318 15//6318 9//6318
f 23//6319 15//6319 14//6319
f 22//6320 23//6320 14//6320
f 31//6321 23//6321 22//6321
f 30//6322 31//6322 22//6322
f 37//6323 31//6323 30//6323
f 36//6324 37//6324 30//6324
f 55//6325 37//6325 36//6325
f 54//6326 55//6326 36//6326
f 69//6327 55//6327 54//6327
f 68//6328 69//6328 54//6328
f 79//6329 69//6329 68//6329
f 78//6330 79//6330 68//6330
f 93//6331 79//6331 78//6331
f 92//6332 93//6332 78//6332
f 103//6333 93//6333 92//6333
f 102//6334 103//6334 92//6334
f 113//6335 103//6335 102//6335
f 112//6336 113//6336 102//6336
f 123//6337 113//6337 112//6337
f 122//6338 123//6338 112//6338
f 134//6339 123//6339 122//6339
f 133//6340 134//6340 122//6340
