# Created by FreeCAD <https://www.freecad.org>
v -200.250000 22.616648 -203.864075
v -200.250000 22.616648 -160.864075
v -200.250000 23.616648 -204.864075
v -200.250000 23.616648 -159.864075
v -200.250000 25.866648 -182.364075
v -200.250000 25.892202 -182.558197
v -200.250000 25.892202 -182.169968
v -200.250000 25.967129 -182.739075
v -200.250000 25.967129 -181.989075
v -200.250000 26.086317 -182.894409
v -200.250000 26.086317 -181.833755
v -200.250000 26.241648 -183.013596
v -200.250000 26.241648 -181.714554
v -200.250000 26.422533 -183.088516
v -200.250000 26.422533 -181.639633
v -200.250000 26.616648 -183.114075
v -200.250000 26.616648 -181.614075
v -200.250000 26.810762 -183.088516
v -200.250000 26.810762 -181.639633
v -200.250000 26.991648 -183.013596
v -200.250000 26.991648 -181.714554
v -200.250000 27.146978 -182.894409
v -200.250000 27.146978 -181.833755
v -200.250000 27.266167 -182.739075
v -200.250000 27.266167 -181.989075
v -200.250000 27.341091 -182.558197
v -200.250000 27.341091 -182.169968
v -200.250000 27.366648 -182.364075
v -200.250000 29.116648 -203.364075
v -200.250000 29.116648 -170.364075
v -200.250000 42.116646 -203.364075
v -200.250000 42.116646 -170.364075
v -200.250000 43.866646 -182.364075
v -200.250000 43.892204 -182.558197
v -200.250000 43.892204 -182.169968
v -200.250000 43.967129 -182.739075
v -200.250000 43.967129 -181.989075
v -200.250000 44.086319 -182.894409
v -200.250000 44.086319 -181.833755
v -200.250000 44.241646 -183.013596
v -200.250000 44.241646 -181.714554
v -200.250000 44.422535 -183.088516
v -200.250000 44.422535 -181.639633
v -200.250000 44.616646 -183.114075
v -200.250000 44.616646 -181.614075
v -200.250000 44.810760 -183.088516
v -200.250000 44.810760 -181.639633
v -200.250000 44.991646 -183.013596
v -200.250000 44.991646 -181.714554
v -200.250000 45.146976 -182.894409
v -200.250000 45.146976 -181.833755
v -200.250000 45.266167 -182.739075
v -200.250000 45.266167 -181.989075
v -200.250000 45.341091 -182.558197
v -200.250000 45.341091 -182.169968
v -200.250000 45.366646 -182.364075
v -200.250000 47.616646 -204.864075
v -200.250000 47.616646 -159.864075
v -200.250000 48.616646 -203.864075
v -200.250000 48.616646 -160.864075
v -197.664215 23.616648 -204.864075
v -197.664215 23.616648 -159.864075
v -197.664215 47.616646 -204.864075
v -197.664215 47.616646 -159.864075
v -197.250000 22.616648 -203.864075
v -197.250000 22.616648 -160.864075
v -197.250000 48.616646 -203.864075
v -197.250000 48.616646 -160.864075
v -196.250000 25.866648 -182.364075
v -196.250000 25.892202 -182.558197
v -196.250000 25.892202 -182.169968
v -196.250000 25.967129 -182.739075
v -196.250000 25.967129 -181.989075
v -196.250000 26.086317 -182.894409
v -196.250000 26.086317 -181.833755
v -196.250000 26.241648 -183.013596
v -196.250000 26.241648 -181.714554
v -196.250000 26.422533 -183.088516
v -196.250000 26.422533 -181.639633
v -196.250000 26.616648 -183.114075
v -196.250000 26.616648 -181.614075
v -196.250000 26.810762 -183.088516
v -196.250000 26.810762 -181.639633
v -196.250000 26.991648 -183.013596
v -196.250000 26.991648 -181.714554
v -196.250000 27.146978 -182.894409
v -196.250000 27.146978 -181.833755
v -196.250000 27.266167 -182.739075
v -196.250000 27.266167 -181.989075
v -196.250000 27.341091 -182.558197
v -196.250000 27.341091 -182.169968
v -196.250000 27.366648 -182.364075
v -196.250000 43.866646 -182.364075
v -196.250000 43.892204 -182.558197
v -196.250000 43.892204 -182.169968
v -196.250000 43.967129 -182.739075
v -196.250000 43.967129 -181.989075
v -196.250000 44.086319 -182.894409
v -196.250000 44.086319 -181.833755
v -196.250000 44.241646 -183.013596
v -196.250000 44.241646 -181.714554
v -196.250000 44.422535 -183.088516
v -196.250000 44.422535 -181.639633
v -196.250000 44.616646 -183.114075
v -196.250000 44.616646 -181.614075
v -196.250000 44.810760 -183.088516
v -196.250000 44.810760 -181.639633
v -196.250000 44.991646 -183.013596
v -196.250000 44.991646 -181.714554
v -196.250000 45.146976 -182.894409
v -196.250000 45.146976 -181.833755
v -196.250000 45.266167 -182.739075
v -196.250000 45.266167 -181.989075
v -196.250000 45.341091 -182.558197
v -196.250000 45.341091 -182.169968
v -196.250000 45.366646 -182.364075
v -194.750000 25.116648 -203.864075
v -194.750000 25.116648 -160.864075
v -194.750000 26.530861 -204.864075
v -194.750000 26.530861 -159.864075
v -194.750000 44.702435 -204.864075
v -194.750000 44.702435 -159.864075
v -194.750000 46.116646 -203.864075
v -194.750000 46.116646 -160.864075
v -193.489182 35.134350 -159.864075
v -193.489182 36.098946 -159.864075
v -193.488861 35.127365 -153.864075
v -193.488861 36.105930 -153.864075
v -193.465927 35.616646 -153.605255
v -193.421524 34.642197 -153.605255
v -193.421524 36.591099 -153.605255
v -193.402710 34.173641 -159.864075
v -193.402710 37.059654 -159.864075
v -193.399872 34.152855 -153.864075
v -193.399872 37.080441 -153.864075
v -193.366028 35.616646 -153.364075
v -193.322037 34.651279 -153.364075
v -193.322037 36.582016 -153.364075
v -193.288696 33.675819 -153.605255
v -193.288696 37.557476 -153.605255
v -193.250000 35.616646 -208.964081
v -193.250000 35.616646 -204.864075
v -193.230469 33.224548 -159.864075
v -193.230469 38.008747 -159.864075
v -193.222641 33.190475 -153.864075
v -193.222641 38.042820 -153.864075
v -193.207108 35.616646 -153.156967
v -193.205215 34.647831 -208.964081
v -193.205215 34.647831 -204.864075
v -193.205215 36.585464 -208.964081
v -193.205215 36.585464 -204.864075
v -193.190460 33.693913 -153.364075
v -193.190460 37.539383 -153.364075
v -193.163788 34.665733 -153.156967
v -193.163788 36.567562 -153.156967
v -193.071213 33.687279 -208.964081
v -193.071213 33.687279 -204.864075
v -193.071213 37.546017 -208.964081
v -193.071213 37.546017 -204.864075
v -193.068558 32.725525 -153.605255
v -193.068558 38.507771 -153.605255
v -193.034164 33.722694 -153.156967
v -193.034164 37.510601 -153.156967
v -193.000000 35.616646 -152.998047
v -192.973862 32.294716 -159.864075
v -192.973862 38.938580 -159.864075
v -192.972351 32.752480 -153.364075
v -192.972351 38.480816 -153.364075
v -192.958633 32.248199 -153.864075
v -192.958633 38.985096 -153.864075
v -192.957535 34.684566 -152.998047
v -192.957535 36.548729 -152.998047
v -192.849167 32.743187 -208.964081
v -192.849167 32.743187 -204.864075
v -192.849167 38.490108 -208.964081
v -192.849167 38.490108 -204.864075
v -192.830475 33.760208 -152.998047
v -192.830475 37.473087 -152.998047
v -192.819336 32.795353 -153.156967
v -192.819336 38.437943 -153.156967
v -192.762894 31.799189 -153.605255
v -192.762894 39.434109 -153.605255
v -192.758820 35.616646 -152.898148
v -192.717346 34.706497 -152.898148
v -192.717346 36.526798 -152.898148
v -192.669556 31.834776 -153.364075
v -192.669556 39.398518 -153.364075
v -192.634918 31.391628 -159.864075
v -192.634918 39.841667 -159.864075
v -192.619904 32.851231 -152.998047
v -192.619904 38.382065 -152.998047
v -192.610016 31.333836 -153.864075
v -192.610016 39.899460 -153.864075
v -192.593292 33.803886 -152.898148
v -192.593292 37.429405 -152.898148
v -192.540955 31.823610 -208.964081
v -192.540955 31.823610 -204.864075
v -192.540955 39.409683 -208.964081
v -192.540955 39.409683 -204.864075
v -192.521057 31.891390 -153.156967
v -192.521057 39.341904 -153.156967
v -192.500000 35.616646 -152.864075
v -192.455856 34.689850 -152.864075
v -192.455856 36.543446 -152.864075
v -192.387665 32.916302 -152.898148
v -192.387665 38.316994 -152.898148
v -192.374268 30.904484 -153.605255
v -192.374268 40.328812 -153.605255
v -192.327530 31.965170 -152.998047
v -192.327530 39.268124 -152.998047
v -192.323807 33.771446 -152.864075
v -192.323807 37.461845 -152.864075
v -192.284546 30.948412 -153.364075
v -192.284546 40.284882 -153.364075
v -192.250000 20.616648 -203.864075
v -192.250000 20.616648 -160.864075
v -192.250000 22.616648 -203.864075
v -192.250000 22.616648 -160.864075
v -192.250000 25.866648 -182.364075
v -192.250000 25.892202 -182.558197
v -192.250000 25.892202 -182.169968
v -192.250000 25.967129 -182.739075
v -192.250000 25.967129 -181.989075
v -192.250000 26.086317 -182.894409
v -192.250000 26.086317 -181.833755
v -192.250000 26.241648 -183.013596
v -192.250000 26.241648 -181.714554
v -192.250000 26.422533 -183.088516
v -192.250000 26.422533 -181.639633
v -192.250000 26.616648 -183.114075
v -192.250000 26.616648 -181.614075
v -192.250000 26.810762 -183.088516
v -192.250000 26.810762 -181.639633
v -192.250000 26.991648 -183.013596
v -192.250000 26.991648 -181.714554
v -192.250000 27.146978 -182.894409
v -192.250000 27.146978 -181.833755
v -192.250000 27.266167 -182.739075
v -192.250000 27.266167 -181.989075
v -192.250000 27.341091 -182.558197
v -192.250000 27.341091 -182.169968
v -192.250000 27.366648 -182.364075
v -192.250000 43.866646 -182.364075
v -192.250000 43.892204 -182.558197
v -192.250000 43.892204 -182.169968
v -192.250000 43.967129 -182.739075
v -192.250000 43.967129 -181.989075
v -192.250000 44.086319 -182.894409
v -192.250000 44.086319 -181.833755
v -192.250000 44.241646 -183.013596
v -192.250000 44.241646 -181.714554
v -192.250000 44.422535 -183.088516
v -192.250000 44.422535 -181.639633
v -192.250000 44.616646 -183.114075
v -192.250000 44.616646 -181.614075
v -192.250000 44.810760 -183.088516
v -192.250000 44.810760 -181.639633
v -192.250000 44.991646 -183.013596
v -192.250000 44.991646 -181.714554
v -192.250000 45.146976 -182.894409
v -192.250000 45.146976 -181.833755
v -192.250000 45.266167 -182.739075
v -192.250000 45.266167 -181.989075
v -192.250000 45.341091 -182.558197
v -192.250000 45.341091 -182.169968
v -192.250000 45.366646 -182.364075
v -192.250000 48.616646 -203.864075
v -192.250000 48.616646 -160.864075
v -192.250000 50.616646 -203.864075
v -192.250000 50.616646 -160.864075
v -192.216400 30.522560 -159.864075
v -192.216400 40.710735 -159.864075
v -192.179718 30.454960 -153.864075
v -192.179718 40.778336 -153.864075
v -192.149216 30.936396 -208.964081
v -192.149216 30.936396 -204.864075
v -192.149216 40.296902 -208.964081
v -192.149216 40.296902 -204.864075
v -192.141815 31.018295 -153.156967
v -192.141815 40.215000 -153.156967
v -192.105057 32.869755 -152.864075
v -192.105057 38.363541 -152.864075
v -192.102173 32.051090 -152.898148
v -192.102173 39.182205 -152.898148
v -191.955811 31.109367 -152.998047
v -191.955811 40.123928 -152.998047
v -191.905899 30.048824 -153.605255
v -191.905899 41.184471 -153.605255
v -191.820541 30.100731 -153.364075
v -191.820541 41.132565 -153.364075
v -191.801590 31.992939 -152.864075
v -191.801590 39.240356 -152.864075
v -191.739197 31.215422 -152.898148
v -191.739197 40.017872 -152.898148
v -191.721664 29.694506 -159.864075
v -191.721664 41.538792 -159.864075
v -191.684753 30.183302 -153.156967
v -191.684753 41.049992 -153.156967
v -191.677277 30.089109 -208.964081
v -191.677277 30.089109 -204.864075
v -191.677277 41.144184 -208.964081
v -191.677277 41.144184 -204.864075
v -191.671265 29.618856 -153.864075
v -191.671265 41.614437 -153.864075
v -191.507797 30.290913 -152.998047
v -191.507797 40.942383 -152.998047
v -191.416153 31.148939 -152.864075
v -191.416153 40.084354 -152.864075
v -191.361649 29.239304 -153.605255
v -191.361649 41.993992 -153.605255
v -191.301727 30.416225 -152.898148
v -191.301727 40.817070 -152.898148
v -191.281372 29.298756 -153.364075
v -191.281372 41.934540 -153.364075
v -191.250000 20.616648 -204.864075
v -191.250000 20.616648 -159.864075
v -191.250000 23.030861 -204.864075
v -191.250000 23.030861 -159.864075
v -191.250000 48.202435 -204.864075
v -191.250000 48.202435 -159.864075
v -191.250000 50.616646 -204.864075
v -191.250000 50.616646 -159.864075
v -191.154694 28.914133 -159.864075
v -191.154694 42.319164 -159.864075
v -191.153656 29.393333 -153.156967
v -191.153656 41.839962 -153.156967
v -191.129181 29.288984 -208.964081
v -191.129181 29.288984 -204.864075
v -191.129181 41.944313 -208.964081
v -191.129181 41.944313 -204.864075
v -191.088898 28.832453 -153.864075
v -191.088898 42.400845 -153.864075
v -190.987213 29.516588 -152.998047
v -190.987213 41.716705 -152.998047
v -190.952225 30.345400 -152.864075
v -190.952225 40.887894 -152.864075
v -190.793396 29.660122 -152.898148
v -190.793396 41.573174 -152.898148
v -190.746048 28.482626 -153.605255
v -190.746048 42.750668 -153.605255
v -190.671509 28.549133 -153.364075
v -190.671509 42.684162 -153.364075
v -190.552917 28.654932 -153.156967
v -190.552917 42.578362 -153.156967
v -190.520050 28.187725 -159.864075
v -190.520050 43.045570 -159.864075
v -190.509598 28.542843 -208.964081
v -190.509598 28.542843 -204.864075
v -190.509598 42.690453 -208.964081
v -190.509598 42.690453 -204.864075
v -190.437424 28.102264 -153.864075
v -190.437424 43.131031 -153.864075
v -190.414017 29.589598 -152.864075
v -190.414017 41.643696 -152.864075
v -190.398376 28.792810 -152.998047
v -190.398376 42.440483 -152.998047
v -190.218414 28.953375 -152.898148
v -190.218414 42.279919 -152.898148
v -190.064194 27.785063 -153.605255
v -190.064194 43.448231 -153.605255
v -189.996002 27.858074 -153.364075
v -189.996002 43.375221 -153.364075
v -189.887527 27.974218 -153.156967
v -189.887527 43.259079 -153.156967
v -189.823807 27.857054 -208.964081
v -189.823807 27.857054 -204.864075
v -189.823807 43.376240 -208.964081
v -189.823807 43.376240 -204.864075
v -189.822845 27.521130 -159.864075
v -189.822845 43.712166 -159.864075
v -189.806412 28.888378 -152.864075
v -189.806412 42.344917 -152.864075
v -189.746170 28.125580 -152.998047
v -189.746170 43.107716 -152.998047
v -189.722260 27.434341 -153.864075
v -189.722260 43.798954 -153.864075
v -189.581558 28.301842 -152.898148
v -189.581558 42.931454 -152.898148
v -189.321716 27.152397 -153.605255
v -189.321716 44.080898 -153.605255
v -189.260452 27.231306 -153.364075
v -189.260452 44.001991 -153.364075
v -189.162994 27.356831 -153.156967
v -189.162994 43.876465 -153.156967
v -189.134888 28.248089 -152.864075
v -189.134888 42.985207 -152.864075
v -189.077667 27.237467 -208.964081
v -189.077667 27.237467 -204.864075
v -189.077667 43.995827 -208.964081
v -189.077667 43.995827 -204.864075
v -189.068695 26.919714 -159.864075
v -189.068695 44.313580 -159.864075
v -189.035980 27.520420 -152.998047
v -189.035980 43.712875 -152.998047
v -188.949310 26.834221 -153.864075
v -188.949310 44.399075 -153.864075
v -188.888077 27.710922 -152.898148
v -188.888077 43.522373 -152.898148
v -188.524796 26.589867 -153.605255
v -188.524796 44.643429 -153.605255
v -188.500000 29.116648 -203.364075
v -188.500000 29.116648 -200.214081
v -188.500000 29.116648 -175.314072
v -188.500000 29.116648 -170.364075
v -188.500000 34.716648 -201.964081
v -188.500000 34.716648 -173.764084
v -188.500000 34.747314 -202.197021
v -188.500000 34.747314 -201.731140
v -188.500000 34.747314 -173.997009
v -188.500000 34.747314 -173.531143
v -188.500000 34.837223 -202.414078
v -188.500000 34.837223 -201.514084
v -188.500000 34.837223 -174.214081
v -188.500000 34.837223 -173.314072
v -188.500000 34.980251 -202.600479
v -188.500000 34.980251 -201.327682
v -188.500000 34.980251 -174.400482
v -188.500000 34.980251 -173.127686
v -188.500000 35.166649 -202.743500
v -188.500000 35.166649 -201.184662
v -188.500000 35.166649 -174.543503
v -188.500000 35.166649 -172.984650
v -188.500000 35.383709 -202.833405
v -188.500000 35.383709 -201.094742
v -188.500000 35.383709 -174.633408
v -188.500000 35.383709 -172.894745
v -188.500000 35.616646 -202.864075
v -188.500000 35.616646 -201.064072
v -188.500000 35.616646 -174.664078
v -188.500000 35.616646 -172.864075
v -188.500000 35.849586 -202.833405
v -188.500000 35.849586 -201.094742
v -188.500000 35.849586 -174.633408
v -188.500000 35.849586 -172.894745
v -188.500000 36.066647 -202.743500
v -188.500000 36.066647 -201.184662
v -188.500000 36.066647 -174.543503
v -188.500000 36.066647 -172.984650
v -188.500000 36.253044 -202.600479
v -188.500000 36.253044 -201.327682
v -188.500000 36.253044 -174.400482
v -188.500000 36.253044 -173.127686
v -188.500000 36.396069 -202.414078
v -188.500000 36.396069 -201.514084
v -188.500000 36.396069 -174.214081
v -188.500000 36.396069 -173.314072
v -188.500000 36.485981 -202.197021
v -188.500000 36.485981 -201.731140
v -188.500000 36.485981 -173.997009
v -188.500000 36.485981 -173.531143
v -188.500000 36.516647 -201.964081
v -188.500000 36.516647 -173.764084
v -188.500000 42.116646 -203.364075
v -188.500000 42.116646 -200.214081
v -188.500000 42.116646 -175.314072
v -188.500000 42.116646 -170.364075
v -188.470963 26.674019 -153.364075
v -188.470963 44.559277 -153.364075
v -188.405548 27.674532 -152.864075
v -188.405548 43.558762 -152.864075
v -188.385315 26.807888 -153.156967
v -188.385315 44.425407 -153.156967
v -188.277542 26.689367 -208.964081
v -188.277542 26.689367 -204.864075
v -188.277542 44.543926 -208.964081
v -188.277542 44.543926 -204.864075
v -188.273712 26.982349 -152.998047
v -188.273712 44.250946 -152.998047
v -188.263672 26.388323 -159.864075
v -188.263672 44.844971 -159.864075
v -188.143738 27.185513 -152.898148
v -188.143738 44.047783 -152.898148
v -188.125000 26.306875 -153.864075
v -188.125000 44.926422 -153.864075
v -187.680023 26.102135 -153.605255
v -187.680023 45.131161 -153.605255
v -187.634064 26.190836 -153.364075
v -187.634064 45.042461 -153.364075
v -187.625000 27.172899 -152.864075
v -187.625000 44.060394 -152.864075
v -187.560944 26.331938 -153.156967
v -187.560944 44.901360 -153.156967
v -187.465668 26.515823 -152.998047
v -187.465668 44.717472 -152.998047
v -187.430252 26.217434 -208.964081
v -187.430252 26.217434 -204.864075
v -187.430252 45.015862 -208.964081
v -187.430252 45.015862 -204.864075
v -187.414246 25.931232 -159.864075
v -187.414246 45.302063 -159.864075
v -187.354706 26.729965 -152.898148
v -187.354706 44.503330 -152.898148
v -187.256149 25.856672 -153.864075
v -187.256149 45.376625 -153.864075
v -186.800293 26.747736 -152.864075
v -186.800293 44.485561 -152.864075
v -186.794403 25.693245 -153.605255
v -186.794403 45.540051 -153.605255
v -186.756699 25.785757 -153.364075
v -186.756699 45.447540 -153.364075
v -186.696716 25.932922 -153.156967
v -186.696716 45.300373 -153.156967
v -186.618546 26.124712 -152.998047
v -186.618546 45.108582 -152.998047
v -186.543045 25.825689 -208.964081
v -186.543045 25.825689 -204.864075
v -186.543045 45.407604 -208.964081
v -186.543045 45.407604 -204.864075
v -186.527527 26.348055 -152.898148
v -186.527527 44.885239 -152.898148
v -186.527283 25.552122 -159.864075
v -186.527283 45.681171 -159.864075
v -186.488998 35.329586 -154.364075
v -186.488998 35.329586 -152.864075
v -186.488998 35.903706 -154.364075
v -186.488998 35.903706 -152.864075
v -186.401352 34.762196 -154.364075
v -186.401352 34.762196 -152.864075
v -186.401352 36.471100 -154.364075
v -186.401352 36.471100 -152.864075
v -186.349960 25.487343 -153.864075
v -186.349960 45.745953 -153.864075
v -186.228134 34.214832 -154.364075
v -186.228134 34.214832 -152.864075
v -186.228134 37.018463 -154.364075
v -186.228134 37.018463 -152.864075
v -185.973389 33.700329 -154.364075
v -185.973389 33.700329 -152.864075
v -185.973389 37.532967 -154.364075
v -185.973389 37.532967 -152.864075
v -185.938919 26.402889 -152.864075
v -185.938919 44.830406 -152.864075
v -185.875259 25.366583 -153.605255
v -185.875259 45.866714 -153.605255
v -185.846115 25.462139 -153.364075
v -185.846115 45.771156 -153.364075
v -185.799774 25.614149 -153.156967
v -185.799774 45.619144 -153.156967
v -185.739365 25.812252 -152.998047
v -185.739365 45.421043 -152.998047
v -185.669037 26.042948 -152.898148
v -185.669037 45.190346 -152.898148
v -185.643082 33.230740 -154.364075
v -185.643082 33.230740 -152.864075
v -185.643082 38.002556 -154.364075
v -185.643082 38.002556 -152.864075
v -185.623459 25.517479 -208.964081
v -185.623459 25.517479 -204.864075
v -185.623459 45.715816 -208.964081
v -185.623459 45.715816 -204.864075
v -185.609894 25.254047 -159.864075
v -185.609894 45.979248 -159.864075
v -185.413940 25.201948 -153.864075
v -185.413940 46.031345 -153.864075
v -185.244965 32.817074 -154.364075
v -185.244965 32.817074 -152.864075
v -185.244965 38.416222 -154.364075
v -185.244965 38.416222 -152.864075
v -185.048645 26.141485 -152.864075
v -185.048645 45.091812 -152.864075
v -185.000000 29.116648 -175.314072
v -185.000000 29.116648 -168.014084
v -185.000000 34.716648 -173.764084
v -185.000000 34.747314 -173.997009
v -185.000000 34.747314 -173.531143
v -185.000000 34.837223 -174.214081
v -185.000000 34.837223 -173.314072
v -185.000000 34.980251 -174.400482
v -185.000000 34.980251 -173.127686
v -185.000000 35.166649 -174.543503
v -185.000000 35.166649 -172.984650
v -185.000000 35.383709 -174.633408
v -185.000000 35.383709 -172.894745
v -185.000000 35.616646 -174.664078
v -185.000000 35.616646 -172.864075
v -185.000000 35.849586 -174.633408
v -185.000000 35.849586 -172.894745
v -185.000000 36.066647 -174.543503
v -185.000000 36.066647 -172.984650
v -185.000000 36.253044 -174.400482
v -185.000000 36.253044 -173.127686
v -185.000000 36.396069 -174.214081
v -185.000000 36.396069 -173.314072
v -185.000000 36.485981 -173.997009
v -185.000000 36.485981 -173.531143
v -185.000000 36.516647 -173.764084
v -185.000000 42.116646 -175.314072
v -185.000000 42.116646 -168.014084
v -184.930222 25.124855 -153.605255
v -184.930222 46.108440 -153.605255
v -184.916672 34.716648 -201.964081
v -184.916672 34.747314 -202.197021
v -184.916672 34.747314 -201.731140
v -184.916672 34.837223 -202.414078
v -184.916672 34.837223 -201.514084
v -184.916672 34.980251 -202.600479
v -184.916672 34.980251 -201.327682
v -184.916672 35.166649 -202.743500
v -184.916672 35.166649 -201.184662
v -184.916672 35.383709 -202.833405
v -184.916672 35.383709 -201.094742
v -184.916672 35.616646 -202.864075
v -184.916672 35.616646 -201.064072
v -184.916672 35.849586 -202.833405
v -184.916672 35.849586 -201.094742
v -184.916672 36.066647 -202.743500
v -184.916672 36.066647 -201.184662
v -184.916672 36.253044 -202.600479
v -184.916672 36.253044 -201.327682
v -184.916672 36.396069 -202.414078
v -184.916672 36.396069 -201.514084
v -184.916672 36.485981 -202.197021
v -184.916672 36.485981 -201.731140
v -184.916672 36.516647 -201.964081
v -184.909897 25.222666 -153.364075
v -184.909897 46.010628 -153.364075
v -184.877563 25.378262 -153.156967
v -184.877563 45.855034 -153.156967
v -184.835419 25.581036 -152.998047
v -184.835419 45.652260 -152.998047
v -184.788376 32.469028 -154.364075
v -184.788376 32.469028 -152.864075
v -184.788376 38.764267 -154.364075
v -184.788376 38.764267 -152.864075
v -184.786362 25.817173 -152.898148
v -184.786362 45.416122 -152.898148
v -184.750000 35.616646 -208.964081
v -184.750000 35.616646 -204.864075
v -184.750000 35.616646 -159.864075
v -184.750000 35.616646 -154.364075
v -184.706299 35.200825 -208.964081
v -184.706299 35.200825 -204.864075
v -184.706299 35.200825 -159.864075
v -184.706299 35.200825 -154.364075
v -184.706299 36.032471 -208.964081
v -184.706299 36.032471 -204.864075
v -184.706299 36.032471 -159.864075
v -184.706299 36.032471 -154.364075
v -184.679367 25.295429 -208.964081
v -184.679367 25.295429 -204.864075
v -184.679367 45.937866 -208.964081
v -184.679367 45.937866 -204.864075
v -184.669479 25.039404 -159.864075
v -184.669479 46.193890 -159.864075
v -184.577087 34.803173 -208.964081
v -184.577087 34.803173 -204.864075
v -184.577087 34.803173 -159.864075
v -184.577087 34.803173 -154.364075
v -184.577087 36.430122 -208.964081
v -184.577087 36.430122 -204.864075
v -184.577087 36.430122 -159.864075
v -184.577087 36.430122 -154.364075
v -184.455841 25.002853 -153.864075
v -184.455841 46.230442 -153.864075
v -184.368027 34.441078 -208.964081
v -184.368027 34.441078 -204.864075
v -184.368027 34.441078 -159.864075
v -184.368027 34.441078 -154.364075
v -184.368027 36.792217 -208.964081
v -184.368027 36.792217 -204.864075
v -184.368027 36.792217 -159.864075
v -184.368027 36.792217 -154.364075
v -184.284012 32.194759 -154.364075
v -184.284012 32.194759 -152.864075
v -184.284012 39.038536 -154.364075
v -184.284012 39.038536 -152.864075
v -184.137573 25.965889 -152.864075
v -184.137573 45.267406 -152.864075
v -184.088257 34.130360 -208.964081
v -184.088257 34.130360 -204.864075
v -184.088257 34.130360 -159.864075
v -184.088257 34.130360 -154.364075
v -184.088257 37.102936 -208.964081
v -184.088257 37.102936 -204.864075
v -184.088257 37.102936 -159.864075
v -184.088257 37.102936 -154.364075
v -183.967117 24.970066 -153.605255
v -183.967117 46.263229 -153.605255
v -183.955765 25.069321 -153.364075
v -183.955765 46.163975 -153.364075
v -183.937714 25.227211 -153.156967
v -183.937714 46.006084 -153.156967
v -183.914200 25.432978 -152.998047
v -183.914200 45.800320 -152.998047
v -183.886810 25.672598 -152.898148
v -183.886810 45.560699 -152.898148
v -183.750000 33.884598 -208.964081
v -183.750000 33.884598 -204.864075
v -183.750000 33.884598 -159.864075
v -183.750000 33.884598 -154.364075
v -183.750000 37.348698 -208.964081
v -183.750000 37.348698 -204.864075
v -183.750000 37.348698 -159.864075
v -183.750000 37.348698 -154.364075
v -183.743683 32.000698 -154.364075
v -183.743683 32.000698 -152.864075
v -183.743683 39.232597 -154.364075
v -183.743683 39.232597 -152.864075
v -183.718811 25.161438 -208.964081
v -183.718811 25.161438 -204.864075
v -183.718811 46.071857 -208.964081
v -183.718811 46.071857 -204.864075
v -183.713623 24.909924 -159.864075
v -183.713623 46.323372 -159.864075
v -183.483612 24.891708 -153.864075
v -183.483612 46.341587 -153.864075
v -183.368027 33.714535 -208.964081
v -183.368027 33.714535 -204.864075
v -183.368027 33.714535 -159.864075
v -183.368027 33.714535 -154.364075
v -183.368027 37.518761 -208.964081
v -183.368027 37.518761 -204.864075
v -183.368027 37.518761 -159.864075
v -183.368027 37.518761 -154.364075
v -183.250000 29.616648 -208.964081
v -183.250000 29.616648 -206.914078
v -183.250000 29.616648 -204.864075
v -183.250000 41.616646 -208.964081
v -183.250000 41.616646 -206.914078
v -183.250000 41.616646 -204.864075
v -183.232956 29.487238 -208.964081
v -183.232956 29.487238 -206.914078
v -183.232956 29.487238 -204.864075
v -183.232956 29.746058 -208.964081
v -183.232956 29.746058 -206.914078
v -183.232956 29.746058 -204.864075
v -183.232956 41.487240 -208.964081
v -183.232956 41.487240 -206.914078
v -183.232956 41.487240 -204.864075
v -183.232956 41.746056 -208.964081
v -183.232956 41.746056 -206.914078
v -183.232956 41.746056 -204.864075
v -183.213928 25.877691 -152.864075
v -183.213928 45.355602 -152.864075
v -183.183014 29.366648 -208.964081
v -183.183014 29.366648 -206.914078
v -183.183014 29.366648 -204.864075
v -183.183014 29.866648 -208.964081
v -183.183014 29.866648 -206.914078
v -183.183014 29.866648 -204.864075
v -183.183014 41.366646 -208.964081
v -183.183014 41.366646 -206.914078
v -183.183014 41.366646 -204.864075
v -183.183014 41.866646 -208.964081
v -183.183014 41.866646 -206.914078
v -183.183014 41.866646 -204.864075
v -183.180069 31.891390 -154.364075
v -183.180069 31.891390 -152.864075
v -183.180069 39.341904 -154.364075
v -183.180069 39.341904 -152.864075
v -183.103546 29.263094 -208.964081
v -183.103546 29.263094 -206.914078
v -183.103546 29.263094 -204.864075
v -183.103546 29.970201 -208.964081
v -183.103546 29.970201 -206.914078
v -183.103546 29.970201 -204.864075
v -183.103546 41.263096 -208.964081
v -183.103546 41.263096 -206.914078
v -183.103546 41.263096 -204.864075
v -183.103546 41.970200 -208.964081
v -183.103546 41.970200 -206.914078
v -183.103546 41.970200 -204.864075
v -183.000000 29.183636 -208.964081
v -183.000000 29.183636 -206.914078
v -183.000000 29.183636 -204.864075
v -183.000000 30.049660 -208.964081
v -183.000000 30.049660 -206.914078
v -183.000000 30.049660 -204.864075
v -183.000000 41.183636 -208.964081
v -183.000000 41.183636 -206.914078
v -183.000000 41.183636 -204.864075
v -183.000000 42.049660 -208.964081
v -183.000000 42.049660 -206.914078
v -183.000000 42.049660 -204.864075
v -182.993927 24.903498 -153.605255
v -182.993927 46.329796 -153.605255
v -182.991653 25.003372 -153.364075
v -182.991653 46.229923 -153.364075
v -182.988037 25.162251 -153.156967
v -182.988037 46.071045 -153.156967
v -182.983322 25.369303 -152.998047
v -182.983322 45.863991 -152.998047
v -182.977829 25.610422 -152.898148
v -182.977829 45.622871 -152.898148
v -182.959061 33.627605 -208.964081
v -182.959061 33.627605 -204.864075
v -182.959061 33.627605 -159.864075
v -182.959061 33.627605 -154.364075
v -182.959061 37.605690 -208.964081
v -182.959061 37.605690 -204.864075
v -182.959061 37.605690 -159.864075
v -182.959061 37.605690 -154.364075
v -182.879410 29.133684 -208.964081
v -182.879410 29.133684 -206.914078
v -182.879410 29.133684 -204.864075
v -182.879410 30.099611 -208.964081
v -182.879410 30.099611 -206.914078
v -182.879410 30.099611 -204.864075
v -182.879410 41.133686 -208.964081
v -182.879410 41.133686 -206.914078
v -182.879410 41.133686 -204.864075
v -182.879410 42.099609 -208.964081
v -182.879410 42.099609 -206.914078
v -182.879410 42.099609 -204.864075
v -182.750000 20.616648 -204.864075
v -182.750000 20.616648 -159.864075
v -182.750000 22.116648 -174.864075
v -182.750000 22.116648 -159.864075
v -182.750000 24.116648 -174.864075
v -182.750000 24.769279 -174.906860
v -182.750000 24.866648 -160.364075
v -182.750000 24.866648 -159.864075
v -182.750000 24.904255 -160.697861
v -182.750000 25.015194 -161.014908
v -182.750000 25.116648 -208.964081
v -182.750000 25.116648 -204.864075
v -182.750000 25.193901 -161.299316
v -182.750000 25.410744 -175.034454
v -182.750000 25.431414 -161.536819
v -182.750000 25.715822 -161.715530
v -182.750000 26.030066 -175.244675
v -182.750000 26.032866 -161.826477
v -182.750000 26.366648 -161.864075
v -182.750000 26.616648 -175.533951
v -182.750000 27.160454 -175.897308
v -182.750000 27.652182 -176.328552
v -182.750000 28.083414 -176.820267
v -182.750000 28.446775 -177.364075
v -182.750000 28.736046 -177.950668
v -182.750000 28.946278 -178.569977
v -182.750000 29.073872 -179.211441
v -182.750000 29.116648 -208.964081
v -182.750000 29.116648 -206.914078
v -182.750000 29.116648 -204.864075
v -182.750000 29.116648 -179.864075
v -182.750000 29.116648 -168.014084
v -182.750000 30.116648 -208.964081
v -182.750000 30.116648 -206.914078
v -182.750000 30.116648 -204.864075
v -182.750000 41.116646 -208.964081
v -182.750000 41.116646 -206.914078
v -182.750000 41.116646 -204.864075
v -182.750000 42.116646 -208.964081
v -182.750000 42.116646 -206.914078
v -182.750000 42.116646 -204.864075
v -182.750000 42.116646 -179.864075
v -182.750000 42.116646 -168.014084
v -182.750000 42.159424 -179.211441
v -182.750000 42.287018 -178.569977
v -182.750000 42.497250 -177.950668
v -182.750000 42.786522 -177.364075
v -182.750000 43.149879 -176.820267
v -182.750000 43.581112 -176.328552
v -182.750000 44.072842 -175.897308
v -182.750000 44.616646 -175.533951
v -182.750000 44.866646 -161.864075
v -182.750000 45.200428 -161.826477
v -182.750000 45.203232 -175.244675
v -182.750000 45.517471 -161.715530
v -182.750000 45.801884 -161.536819
v -182.750000 45.822552 -175.034454
v -182.750000 46.039394 -161.299316
v -182.750000 46.116646 -208.964081
v -182.750000 46.116646 -204.864075
v -182.750000 46.218102 -161.014908
v -182.750000 46.329041 -160.697861
v -182.750000 46.366646 -160.364075
v -182.750000 46.366646 -159.864075
v -182.750000 46.464016 -174.906860
v -182.750000 47.116646 -174.864075
v -182.750000 49.116646 -174.864075
v -182.750000 49.116646 -159.864075
v -182.750000 50.616646 -204.864075
v -182.750000 50.616646 -159.864075
v -182.620590 29.133684 -208.964081
v -182.620590 29.133684 -206.914078
v -182.620590 29.133684 -204.864075
v -182.620590 30.099611 -208.964081
v -182.620590 30.099611 -206.914078
v -182.620590 30.099611 -204.864075
v -182.620590 41.133686 -208.964081
v -182.620590 41.133686 -206.914078
v -182.620590 41.133686 -204.864075
v -182.620590 42.099609 -208.964081
v -182.620590 42.099609 -206.914078
v -182.620590 42.099609 -204.864075
v -182.606369 31.869400 -154.364075
v -182.606369 31.869400 -152.864075
v -182.606369 39.363895 -154.364075
v -182.606369 39.363895 -152.864075
v -182.540939 33.627605 -208.964081
v -182.540939 33.627605 -204.864075
v -182.540939 33.627605 -159.864075
v -182.540939 33.627605 -154.364075
v -182.540939 37.605690 -208.964081
v -182.540939 37.605690 -204.864075
v -182.540939 37.605690 -159.864075
v -182.540939 37.605690 -154.364075
v -182.505295 24.869432 -153.864075
v -182.505295 46.363861 -153.864075
v -182.500000 29.183636 -208.964081
v -182.500000 29.183636 -206.914078
v -182.500000 29.183636 -204.864075
v -182.500000 30.049660 -208.964081
v -182.500000 30.049660 -206.914078
v -182.500000 30.049660 -204.864075
v -182.500000 41.183636 -208.964081
v -182.500000 41.183636 -206.914078
v -182.500000 41.183636 -204.864075
v -182.500000 42.049660 -208.964081
v -182.500000 42.049660 -206.914078
v -182.500000 42.049660 -204.864075
v -182.396454 29.263094 -208.964081
v -182.396454 29.263094 -206.914078
v -182.396454 29.263094 -204.864075
v -182.396454 29.970201 -208.964081
v -182.396454 29.970201 -206.914078
v -182.396454 29.970201 -204.864075
v -182.396454 41.263096 -208.964081
v -182.396454 41.263096 -206.914078
v -182.396454 41.263096 -204.864075
v -182.396454 41.970200 -208.964081
v -182.396454 41.970200 -206.914078
v -182.396454 41.970200 -204.864075
v -182.316986 29.366648 -208.964081
v -182.316986 29.366648 -206.914078
v -182.316986 29.366648 -204.864075
v -182.316986 29.866648 -208.964081
v -182.316986 29.866648 -206.914078
v -182.316986 29.866648 -204.864075
v -182.316986 41.366646 -208.964081
v -182.316986 41.366646 -206.914078
v -182.316986 41.366646 -204.864075
v -182.316986 41.866646 -208.964081
v -182.316986 41.866646 -206.914078
v -182.316986 41.866646 -204.864075
v -182.286072 25.877691 -152.864075
v -182.286072 45.355602 -152.864075
v -182.267044 29.487238 -208.964081
v -182.267044 29.487238 -206.914078
v -182.267044 29.487238 -204.864075
v -182.267044 29.746058 -208.964081
v -182.267044 29.746058 -206.914078
v -182.267044 29.746058 -204.864075
v -182.267044 41.487240 -208.964081
v -182.267044 41.487240 -206.914078
v -182.267044 41.487240 -204.864075
v -182.267044 41.746056 -208.964081
v -182.267044 41.746056 -206.914078
v -182.267044 41.746056 -204.864075
v -182.250000 29.616648 -208.964081
v -182.250000 29.616648 -206.914078
v -182.250000 29.616648 -204.864075
v -182.250000 41.616646 -208.964081
v -182.250000 41.616646 -206.914078
v -182.250000 41.616646 -204.864075
v -182.131973 33.714535 -208.964081
v -182.131973 33.714535 -204.864075
v -182.131973 33.714535 -159.864075
v -182.131973 33.714535 -154.364075
v -182.131973 37.518761 -208.964081
v -182.131973 37.518761 -204.864075
v -182.131973 37.518761 -159.864075
v -182.131973 37.518761 -154.364075
v -182.066971 25.631161 -152.898148
v -182.066971 45.602135 -152.898148
v -182.050522 25.390543 -152.998047
v -182.050522 45.842754 -152.998047
v -182.036377 25.183918 -153.156967
v -182.036377 46.049377 -153.156967
v -182.036026 31.935242 -154.364075
v -182.036026 31.935242 -152.864075
v -182.036026 39.298054 -154.364075
v -182.036026 39.298054 -152.864075
v -182.025543 25.025372 -153.364075
v -182.025543 46.207924 -153.364075
v -182.018723 24.925703 -153.605255
v -182.018723 46.307590 -153.605255
v -181.890915 26.071447 -161.826477
v -181.890915 45.161846 -161.826477
v -181.862503 25.755680 -161.715530
v -181.862503 45.477615 -161.715530
v -181.843338 26.411188 -161.864075
v -181.843338 44.822105 -161.864075
v -181.837006 25.472416 -161.536819
v -181.837006 45.760880 -161.536819
v -181.815720 25.235859 -161.299316
v -181.815720 45.997437 -161.299316
v -181.799698 25.057873 -161.014908
v -181.799698 46.175423 -161.014908
v -181.789749 24.947380 -160.697861
v -181.789749 46.285915 -160.697861
v -181.786377 24.909924 -160.364075
v -181.786377 46.323372 -160.364075
v -181.781189 25.161438 -208.964081
v -181.781189 25.161438 -204.864075
v -181.781189 46.071857 -208.964081
v -181.781189 46.071857 -204.864075
v -181.750000 33.884598 -208.964081
v -181.750000 33.884598 -204.864075
v -181.750000 33.884598 -159.864075
v -181.750000 33.884598 -154.364075
v -181.750000 37.348698 -208.964081
v -181.750000 37.348698 -204.864075
v -181.750000 37.348698 -159.864075
v -181.750000 37.348698 -154.364075
v -181.687912 22.158491 -174.864075
v -181.687912 49.074802 -174.864075
v -181.663696 22.160423 -159.864075
v -181.663696 49.072872 -159.864075
v -181.601761 20.660660 -204.864075
v -181.601761 20.660660 -182.364075
v -181.601761 20.660660 -159.864075
v -181.601761 50.572636 -204.864075
v -181.601761 50.572636 -182.364075
v -181.601761 50.572636 -159.864075
v -181.529007 24.936213 -153.864075
v -181.529007 46.297081 -153.864075
v -181.482437 32.087372 -154.364075
v -181.482437 32.087372 -152.864075
v -181.482437 39.145924 -154.364075
v -181.482437 39.145924 -152.864075
v -181.411743 34.130360 -208.964081
v -181.411743 34.130360 -204.864075
v -181.411743 34.130360 -159.864075
v -181.411743 34.130360 -154.364075
v -181.411743 37.102936 -208.964081
v -181.411743 37.102936 -204.864075
v -181.411743 37.102936 -159.864075
v -181.411743 37.102936 -154.364075
v -181.362427 25.965889 -152.864075
v -181.362427 45.267406 -152.864075
v -181.333328 34.716648 -201.964081
v -181.333328 34.747314 -202.197021
v -181.333328 34.747314 -201.731140
v -181.333328 34.837223 -202.414078
v -181.333328 34.837223 -201.514084
v -181.333328 34.980251 -202.600479
v -181.333328 34.980251 -201.327682
v -181.333328 35.166649 -202.743500
v -181.333328 35.166649 -201.184662
v -181.333328 35.383709 -202.833405
v -181.333328 35.383709 -201.094742
v -181.333328 35.616646 -202.864075
v -181.333328 35.616646 -201.064072
v -181.333328 35.849586 -202.833405
v -181.333328 35.849586 -201.094742
v -181.333328 36.066647 -202.743500
v -181.333328 36.066647 -201.184662
v -181.333328 36.253044 -202.600479
v -181.333328 36.253044 -201.327682
v -181.333328 36.396069 -202.414078
v -181.333328 36.396069 -201.514084
v -181.333328 36.485981 -202.197021
v -181.333328 36.485981 -201.731140
v -181.333328 36.516647 -201.964081
v -181.161774 25.734644 -152.898148
v -181.161774 45.498650 -152.898148
v -181.131973 34.441078 -208.964081
v -181.131973 34.441078 -204.864075
v -181.131973 34.441078 -159.864075
v -181.131973 34.441078 -154.364075
v -181.131973 36.792217 -208.964081
v -181.131973 36.792217 -204.864075
v -181.131973 36.792217 -159.864075
v -181.131973 36.792217 -154.364075
v -181.123505 25.496519 -152.998047
v -181.123505 45.736778 -152.998047
v -181.090637 25.292036 -153.156967
v -181.090637 45.941257 -153.156967
v -181.065414 25.135132 -153.364075
v -181.065414 46.098164 -153.364075
v -181.049576 25.036497 -153.605255
v -181.049576 46.196800 -153.605255
v -181.038757 26.186882 -161.826477
v -181.038757 45.046413 -161.826477
v -180.982132 25.874933 -161.715530
v -180.982132 45.358364 -161.715530
v -180.958557 32.322227 -154.364075
v -180.958557 32.322227 -152.864075
v -180.958557 38.911068 -154.364075
v -180.958557 38.911068 -152.864075
v -180.945419 26.544384 -161.864075
v -180.945419 44.688911 -161.864075
v -180.931351 25.595095 -161.536819
v -180.931351 45.638203 -161.536819
v -180.922913 34.803173 -208.964081
v -180.922913 34.803173 -204.864075
v -180.922913 34.803173 -159.864075
v -180.922913 34.803173 -154.364075
v -180.922913 36.430122 -208.964081
v -180.922913 36.430122 -204.864075
v -180.922913 36.430122 -159.864075
v -180.922913 36.430122 -154.364075
v -180.888947 25.361399 -161.299316
v -180.888947 45.871899 -161.299316
v -180.857040 25.185564 -161.014908
v -180.857040 46.047729 -161.014908
v -180.837234 25.076408 -160.697861
v -180.837234 46.156887 -160.697861
v -180.830521 25.039404 -160.364075
v -180.830521 46.193890 -160.364075
v -180.820633 25.295429 -208.964081
v -180.820633 25.295429 -204.864075
v -180.820633 45.937866 -208.964081
v -180.820633 45.937866 -204.864075
v -180.793701 35.200825 -208.964081
v -180.793701 35.200825 -204.864075
v -180.793701 35.200825 -159.864075
v -180.793701 35.200825 -154.364075
v -180.793701 36.032471 -208.964081
v -180.793701 36.032471 -204.864075
v -180.793701 36.032471 -159.864075
v -180.793701 36.032471 -154.364075
v -180.750000 35.616646 -208.964081
v -180.750000 35.616646 -204.864075
v -180.750000 35.616646 -159.864075
v -180.750000 35.616646 -154.364075
v -180.632401 22.283766 -174.864075
v -180.632401 48.949532 -174.864075
v -180.584442 22.291470 -159.864075
v -180.584442 48.941826 -159.864075
v -180.562851 25.091494 -153.864075
v -180.562851 46.141800 -153.864075
v -180.476654 32.634300 -154.364075
v -180.476654 32.634300 -152.864075
v -180.476654 38.598995 -154.364075
v -180.476654 38.598995 -152.864075
v -180.460266 20.792440 -204.864075
v -180.460266 20.792440 -182.364075
v -180.460266 20.792440 -159.864075
v -180.460266 50.440853 -204.864075
v -180.460266 50.440853 -182.364075
v -180.460266 50.440853 -159.864075
v -180.451355 26.141485 -152.864075
v -180.451355 45.091812 -152.864075
v -180.269730 25.920012 -152.898148
v -180.269730 45.313282 -152.898148
v -180.209976 25.686354 -152.998047
v -180.209976 45.546944 -152.998047
v -180.200363 26.378239 -161.826477
v -180.200363 44.855057 -161.826477
v -180.158646 25.485706 -153.156967
v -180.158646 45.747589 -153.156967
v -180.119263 25.331745 -153.364075
v -180.119263 45.901550 -153.364075
v -180.116013 26.072618 -161.715530
v -180.116013 45.160675 -161.715530
v -180.094513 25.234961 -153.605255
v -180.094513 45.998337 -153.605255
v -180.064865 26.764950 -161.864075
v -180.064865 44.468346 -161.864075
v -180.048050 33.016277 -154.364075
v -180.048050 33.016277 -152.864075
v -180.048050 38.217018 -154.364075
v -180.048050 38.217018 -152.864075
v -180.040359 25.798460 -161.536819
v -180.040359 45.434837 -161.536819
v -179.977158 25.569506 -161.299316
v -179.977158 45.663788 -161.299316
v -179.929626 25.397240 -161.014908
v -179.929626 45.836056 -161.014908
v -179.900116 25.290300 -160.697861
v -179.900116 45.942997 -160.697861
v -179.890106 25.254047 -160.364075
v -179.890106 45.979248 -160.364075
v -179.876541 25.517479 -208.964081
v -179.876541 25.517479 -204.864075
v -179.876541 45.715816 -208.964081
v -179.876541 45.715816 -204.864075
v -179.682770 33.459202 -154.364075
v -179.682770 33.459202 -152.864075
v -179.682770 37.774094 -154.364075
v -179.682770 37.774094 -152.864075
v -179.614807 25.333990 -153.864075
v -179.614807 45.899307 -153.864075
v -179.590012 22.491692 -174.864075
v -179.590012 48.741604 -174.864075
v -179.561081 26.402889 -152.864075
v -179.561081 44.830406 -152.864075
v -179.519241 22.508932 -159.864075
v -179.519241 48.724361 -159.864075
v -179.398254 26.185728 -152.898148
v -179.398254 45.047565 -152.898148
v -179.389374 33.952698 -154.364075
v -179.389374 33.952698 -152.864075
v -179.389374 37.280598 -154.364075
v -179.389374 37.280598 -152.864075
v -179.382507 26.643978 -161.826477
v -179.382507 44.589317 -161.826477
v -179.332199 21.011217 -204.864075
v -179.332199 21.011217 -182.364075
v -179.332199 21.011217 -159.864075
v -179.332199 50.222080 -204.864075
v -179.332199 50.222080 -182.364075
v -179.332199 50.222080 -159.864075
v -179.317490 25.958473 -152.998047
v -179.317490 45.274822 -152.998047
v -179.271103 26.347149 -161.715530
v -179.271103 44.886147 -161.715530
v -179.248123 25.763325 -153.156967
v -179.248123 45.469971 -153.156967
v -179.210175 27.070763 -161.864075
v -179.210175 44.162533 -161.864075
v -179.194916 25.613583 -153.364075
v -179.194916 45.619713 -153.364075
v -179.174759 34.485195 -154.364075
v -179.174759 34.485195 -152.864075
v -179.174759 36.748100 -154.364075
v -179.174759 36.748100 -152.864075
v -179.171158 26.080875 -161.536819
v -179.171158 45.152420 -161.536819
v -179.161453 25.519449 -153.605255
v -179.161453 45.713844 -153.605255
v -179.087708 25.858509 -161.299316
v -179.087708 45.374786 -161.299316
v -179.043945 35.044212 -154.364075
v -179.043945 35.044212 -152.864075
v -179.043945 36.189083 -154.364075
v -179.043945 36.189083 -152.864075
v -179.024918 25.691196 -161.014908
v -179.024918 45.542099 -161.014908
v -179.000000 35.616646 -154.364075
v -179.000000 35.616646 -152.864075
v -178.985931 25.587334 -160.697861
v -178.985931 45.645962 -160.697861
v -178.972717 25.552122 -160.364075
v -178.972717 45.681171 -160.364075
v -178.956955 25.825689 -208.964081
v -178.956955 25.825689 -204.864075
v -178.956955 45.407604 -208.964081
v -178.956955 45.407604 -204.864075
v -178.699707 26.747736 -152.864075
v -178.699707 44.485561 -152.864075
v -178.692749 25.661690 -153.864075
v -178.692749 45.571606 -153.864075
v -178.591751 26.981958 -161.826477
v -178.591751 44.251335 -161.826477
v -178.567215 22.780981 -174.864075
v -178.567215 48.452312 -174.864075
v -178.554535 26.529593 -152.898148
v -178.554535 44.703701 -152.898148
v -178.474976 22.811405 -159.864075
v -178.474976 48.421890 -159.864075
v -178.454193 26.696312 -161.715530
v -178.454193 44.536983 -161.715530
v -178.453445 26.310623 -152.998047
v -178.453445 44.922672 -152.998047
v -178.389587 27.458876 -161.864075
v -178.389587 43.774418 -161.864075
v -178.366623 26.122591 -153.156967
v -178.366623 45.110706 -153.156967
v -178.330795 26.440067 -161.536819
v -178.330795 44.793228 -161.536819
v -178.300018 25.978308 -153.364075
v -178.300018 45.254986 -153.364075
v -178.258133 25.887608 -153.605255
v -178.258133 45.345688 -153.605255
v -178.227737 26.226076 -161.299316
v -178.227737 45.007217 -161.299316
v -178.224197 21.315702 -204.864075
v -178.224197 21.315702 -182.364075
v -178.224197 21.315702 -159.864075
v -178.224197 49.917595 -204.864075
v -178.224197 49.917595 -182.364075
v -178.224197 49.917595 -159.864075
v -178.150208 26.065067 -161.014908
v -178.150208 45.168228 -161.014908
v -178.102066 25.965117 -160.697861
v -178.102066 45.268181 -160.697861
v -178.085754 25.931232 -160.364075
v -178.085754 45.302063 -160.364075
v -178.069748 26.217434 -208.964081
v -178.069748 26.217434 -204.864075
v -178.069748 45.015862 -208.964081
v -178.069748 45.015862 -204.864075
v -177.875000 27.172899 -152.864075
v -177.875000 44.060394 -152.864075
v -177.834488 27.389462 -161.826477
v -177.834488 43.843834 -161.826477
v -177.804306 26.071882 -153.864075
v -177.804306 45.161415 -153.864075
v -177.750000 34.716648 -201.964081
v -177.750000 34.747314 -202.197021
v -177.750000 34.747314 -201.731140
v -177.750000 34.837223 -202.414078
v -177.750000 34.837223 -201.514084
v -177.750000 34.980251 -202.600479
v -177.750000 34.980251 -201.327682
v -177.750000 35.166649 -202.743500
v -177.750000 35.166649 -201.184662
v -177.750000 35.383709 -202.833405
v -177.750000 35.383709 -201.094742
v -177.750000 35.616646 -202.864075
v -177.750000 35.616646 -201.064072
v -177.750000 35.849586 -202.833405
v -177.750000 35.849586 -201.094742
v -177.750000 36.066647 -202.743500
v -177.750000 36.066647 -201.184662
v -177.750000 36.253044 -202.600479
v -177.750000 36.253044 -201.327682
v -177.750000 36.396069 -202.414078
v -177.750000 36.396069 -201.514084
v -177.750000 36.485981 -202.197021
v -177.750000 36.485981 -201.731140
v -177.750000 36.516647 -201.964081
v -177.745590 26.948755 -152.898148
v -177.745590 44.284538 -152.898148
v -177.671875 27.117296 -161.715530
v -177.671875 44.116001 -161.715530
v -177.625000 26.739887 -152.998047
v -177.625000 44.493408 -152.998047
v -177.610977 27.925554 -161.864075
v -177.610977 43.307743 -161.864075
v -177.570358 23.149841 -174.864075
v -177.570358 48.083454 -174.864075
v -177.526001 26.873146 -161.536819
v -177.526001 44.360149 -161.536819
v -177.521454 26.560528 -153.156967
v -177.521454 44.672768 -153.156967
v -177.458450 23.196924 -159.864075
v -177.458450 48.036369 -159.864075
v -177.441986 26.422899 -153.364075
v -177.441986 44.810394 -153.364075
v -177.404175 26.669252 -161.299316
v -177.404175 44.564041 -161.299316
v -177.392044 26.336384 -153.605255
v -177.392044 44.896912 -153.605255
v -177.312515 26.515842 -161.014908
v -177.312515 44.717453 -161.014908
v -177.255615 26.420609 -160.697861
v -177.255615 44.812687 -160.697861
v -177.236328 26.388323 -160.364075
v -177.236328 44.844971 -160.364075
v -177.222458 26.689367 -208.964081
v -177.222458 26.689367 -204.864075
v -177.222458 44.543926 -208.964081
v -177.222458 44.543926 -204.864075
v -177.142746 21.704111 -204.864075
v -177.142746 21.704111 -182.364075
v -177.142746 21.704111 -159.864075
v -177.142746 49.529186 -204.864075
v -177.142746 49.529186 -182.364075
v -177.142746 49.529186 -159.864075
v -177.116791 27.863205 -161.826477
v -177.116791 43.370090 -161.826477
v -177.094452 27.674532 -152.864075
v -177.094452 43.558762 -152.864075
v -176.978104 27.439743 -152.898148
v -176.978104 43.793552 -152.898148
v -176.956833 26.561163 -153.864075
v -176.956833 44.672131 -153.864075
v -176.930435 27.606712 -161.715530
v -176.930435 43.626583 -161.715530
v -176.881866 28.466301 -161.864075
v -176.881866 42.766994 -161.864075
v -176.839020 27.242706 -152.998047
v -176.839020 43.990589 -152.998047
v -176.763275 27.376619 -161.536819
v -176.763275 43.856674 -161.536819
v -176.719589 27.073505 -153.156967
v -176.719589 44.159790 -153.156967
v -176.627945 26.943674 -153.364075
v -176.627945 44.289619 -153.364075
v -176.623657 27.184467 -161.299316
v -176.623657 44.048828 -161.299316
v -176.605591 23.595985 -174.864075
v -176.605591 47.637310 -174.864075
v -176.570343 26.862059 -153.605255
v -176.570343 44.371235 -153.605255
v -176.518616 27.039892 -161.014908
v -176.518616 44.193405 -161.014908
v -176.476242 23.662991 -159.864075
v -176.476242 47.570305 -159.864075
v -176.453415 26.950140 -160.697861
v -176.453415 44.283154 -160.697861
v -176.444458 28.399376 -161.826477
v -176.444458 42.833920 -161.826477
v -176.431305 26.919714 -160.364075
v -176.431305 44.313580 -160.364075
v -176.422333 27.237467 -208.964081
v -176.422333 27.237467 -204.864075
v -176.422333 43.995827 -208.964081
v -176.422333 43.995827 -204.864075
v -176.365112 28.248089 -152.864075
v -176.365112 42.985207 -152.864075
v -176.258453 27.998487 -152.898148
v -176.258453 43.234806 -152.898148
v -176.235870 28.160618 -161.715530
v -176.235870 43.072678 -161.715530
v -176.209259 29.075911 -161.864075
v -176.209259 42.157387 -161.864075
v -176.157379 27.125483 -153.864075
v -176.157379 44.107815 -153.864075
v -176.102036 27.814915 -152.998047
v -176.102036 43.418381 -152.998047
v -176.094208 22.174164 -204.864075
v -176.094208 22.174164 -182.364075
v -176.094208 22.174164 -159.864075
v -176.094208 49.059132 -204.864075
v -176.094208 49.059132 -182.364075
v -176.094208 49.059132 -159.864075
v -176.048737 27.946438 -161.536819
v -176.048737 43.286858 -161.536819
v -175.967712 27.657276 -153.156967
v -175.967712 43.576019 -153.156967
v -175.892471 27.767574 -161.299316
v -175.892471 43.465721 -161.299316
v -175.864639 27.536316 -153.364075
v -175.864639 43.696980 -153.364075
v -175.822891 28.993654 -161.826477
v -175.822891 42.239639 -161.826477
v -175.799835 27.460278 -153.605255
v -175.799835 43.773018 -153.605255
v -175.774887 27.632996 -161.014908
v -175.774887 43.600300 -161.014908
v -175.701904 27.549452 -160.697861
v -175.701904 43.683846 -160.697861
v -175.693588 28.888378 -152.864075
v -175.693588 42.344917 -152.864075
v -175.678925 24.116648 -174.864075
v -175.678925 47.116646 -174.864075
v -175.677155 27.521130 -160.364075
v -175.677155 43.712166 -160.364075
v -175.676193 27.857054 -208.964081
v -175.676193 27.857054 -204.864075
v -175.676193 43.376240 -208.964081
v -175.676193 43.376240 -204.864075
v -175.599655 29.748510 -161.864075
v -175.599655 41.484787 -161.864075
v -175.593735 28.774557 -161.715530
v -175.593735 42.458740 -161.715530
v -175.592606 28.620359 -152.898148
v -175.592606 42.612938 -152.898148
v -175.534714 24.206581 -159.864075
v -175.534714 47.026714 -159.864075
v -175.420120 28.451771 -152.998047
v -175.420120 42.781525 -152.998047
v -175.412552 27.760160 -153.864075
v -175.412552 43.473133 -153.864075
v -175.388168 28.578012 -161.536819
v -175.388168 42.655281 -161.536819
v -175.272018 28.306999 -153.156967
v -175.272018 42.926296 -153.156967
v -175.257095 29.641258 -161.826477
v -175.257095 41.592037 -161.826477
v -175.216492 28.413876 -161.299316
v -175.216492 42.819420 -161.299316
v -175.158386 28.195913 -153.364075
v -175.158386 43.037380 -153.364075
v -175.087326 28.290379 -161.014908
v -175.087326 42.942917 -161.014908
v -175.086945 28.126081 -153.605255
v -175.086945 43.107212 -153.605255
v -175.085983 29.589598 -152.864075
v -175.085983 41.643696 -152.864075
v -175.084717 22.723103 -204.864075
v -175.084717 22.723103 -182.364075
v -175.084717 22.723103 -159.864075
v -175.084717 48.510193 -204.864075
v -175.084717 48.510193 -182.364075
v -175.084717 48.510193 -159.864075
v -175.058899 30.477623 -161.864075
v -175.058899 40.755672 -161.864075
v -175.021744 24.547747 -174.882584
v -175.021744 46.685551 -174.882584
v -175.009216 29.443584 -161.715530
v -175.009216 41.789711 -161.715530
v -175.007141 28.213715 -160.697861
v -175.007141 43.019581 -160.697861
v -174.990402 28.542843 -208.964081
v -174.990402 28.542843 -204.864075
v -174.990402 42.690453 -208.964081
v -174.990402 42.690453 -204.864075
v -174.986053 29.300203 -152.898148
v -174.986053 41.933094 -152.898148
v -174.979950 28.187725 -160.364075
v -174.979950 43.045570 -160.364075
v -174.798965 29.147997 -152.998047
v -174.798965 42.085300 -152.998047
v -174.786865 29.266258 -161.536819
v -174.786865 41.967037 -161.536819
v -174.751633 30.336971 -161.826477
v -174.751633 40.896324 -161.826477
v -174.728531 28.459942 -153.864075
v -174.728531 42.773354 -153.864075
v -174.639984 24.824171 -159.864075
v -174.639984 46.409126 -159.864075
v -174.638306 29.017294 -153.156967
v -174.638306 42.216003 -153.156967
v -174.601166 29.118172 -161.299316
v -174.601166 42.115124 -161.299316
v -174.592224 31.256227 -161.864075
v -174.592224 39.977066 -161.864075
v -174.547775 30.345400 -152.864075
v -174.547775 40.887894 -152.864075
v -174.515030 28.917002 -153.364075
v -174.515030 42.316292 -153.364075
v -174.487030 30.162313 -161.715530
v -174.487030 41.070984 -161.715530
v -174.461456 29.006750 -161.014908
v -174.461456 42.226547 -161.014908
v -174.443832 30.032387 -152.898148
v -174.443832 41.200909 -152.898148
v -174.437531 28.853956 -153.605255
v -174.437531 42.379337 -153.605255
v -174.398010 25.010326 -174.944565
v -174.398010 46.222969 -174.944565
v -174.374710 28.937580 -160.697861
v -174.374710 42.295715 -160.697861
v -174.370819 29.288984 -208.964081
v -174.370819 29.288984 -204.864075
v -174.370819 41.944313 -208.964081
v -174.370819 41.944313 -204.864075
v -174.345306 28.914133 -160.364075
v -174.345306 42.319164 -160.364075
v -174.310562 31.075193 -161.826477
v -174.310562 40.158100 -161.826477
v -174.249680 30.005632 -161.536819
v -174.249680 41.227661 -161.536819
v -174.243683 29.897823 -152.998047
v -174.243683 41.335472 -152.998047
v -174.204117 32.076824 -161.864075
v -174.204117 39.156471 -161.864075
v -174.120224 23.347708 -204.864075
v -174.120224 23.347708 -182.364075
v -174.120224 23.347708 -159.864075
v -174.120224 47.885590 -204.864075
v -174.120224 47.885590 -182.364075
v -174.120224 47.885590 -159.864075
v -174.110962 29.219025 -153.864075
v -174.110962 42.014271 -153.864075
v -174.083847 31.148939 -152.864075
v -174.083847 40.084354 -152.864075
v -174.071808 29.782272 -153.156967
v -174.071808 41.451023 -153.156967
v -174.051453 29.874788 -161.299316
v -174.051453 41.358509 -161.299316
v -174.031372 30.924957 -161.715530
v -174.031372 40.308338 -161.715530
v -173.970444 30.810844 -152.898148
v -173.970444 40.422451 -152.898148
v -173.939911 29.693605 -153.364075
v -173.939911 41.539688 -153.364075
v -173.937454 31.849981 -161.826477
v -173.937454 39.383312 -161.826477
v -173.902313 29.776339 -161.014908
v -173.902313 41.456955 -161.014908
v -173.898300 32.931515 -161.864075
v -173.898300 38.301781 -161.864075
v -173.857010 29.637867 -153.605255
v -173.857010 41.595428 -153.605255
v -173.822723 30.089109 -208.964081
v -173.822723 30.089109 -204.864075
v -173.822723 41.144184 -208.964081
v -173.822723 41.144184 -204.864075
v -173.810486 25.500912 -175.058304
v -173.810486 45.732384 -175.058304
v -173.809723 29.715223 -160.697861
v -173.809723 41.518070 -160.697861
v -173.797852 25.511753 -159.864075
v -173.797852 45.721542 -159.864075
v -173.780930 30.790184 -161.536819
v -173.780930 40.443111 -161.536819
v -173.778336 29.694506 -160.364075
v -173.778336 41.538792 -160.364075
v -173.758881 30.695040 -152.998047
v -173.758881 40.538258 -152.998047
v -173.698410 31.992939 -152.864075
v -173.698410 39.240356 -152.864075
v -173.677734 33.812061 -161.864075
v -173.677734 37.421234 -161.864075
v -173.645920 31.725376 -161.715530
v -173.645920 39.507919 -161.715530
v -173.635284 32.655098 -161.826477
v -173.635284 38.578197 -161.826477
v -173.577209 30.595594 -153.156967
v -173.577209 40.637699 -153.156967
v -173.571777 30.677635 -161.299316
v -173.571777 40.555660 -161.299316
v -173.569794 31.629124 -152.898148
v -173.569794 39.604172 -152.898148
v -173.564987 30.031120 -153.864075
v -173.564987 41.202175 -153.864075
v -173.544540 34.709988 -161.864075
v -173.544540 36.523308 -161.864075
v -173.500000 35.616646 -161.864075
v -173.437805 30.519289 -153.364075
v -173.437805 40.714005 -153.364075
v -173.414413 30.592951 -161.014908
v -173.414413 40.640343 -161.014908
v -173.406509 33.484055 -161.826477
v -173.406509 37.749241 -161.826477
v -173.394943 32.869755 -152.864075
v -173.394943 38.363541 -152.864075
v -173.384399 31.613596 -161.536819
v -173.384399 39.619701 -161.536819
v -173.350784 30.936396 -208.964081
v -173.350784 30.936396 -204.864075
v -173.350784 40.296902 -208.964081
v -173.350784 40.296902 -204.864075
v -173.350174 30.471321 -153.605255
v -173.350174 40.761974 -153.605255
v -173.348587 31.533037 -152.998047
v -173.348587 39.700260 -152.998047
v -173.333755 32.557125 -161.715530
v -173.333755 38.676170 -161.715530
v -173.316711 30.540380 -160.697861
v -173.316711 40.692913 -160.697861
v -173.283600 30.522560 -160.364075
v -173.283600 40.710735 -160.364075
v -173.261200 26.014383 -175.236359
v -173.261200 45.218914 -175.236359
v -173.252960 34.330185 -161.826477
v -173.252960 36.903111 -161.826477
v -173.245224 32.480446 -152.898148
v -173.245224 38.752850 -152.898148
v -173.206360 24.044310 -204.864075
v -173.206360 24.044310 -182.364075
v -173.206360 24.044310 -159.864075
v -173.206360 47.188984 -204.864075
v -173.206360 47.188984 -182.364075
v -173.206360 47.188984 -159.864075
v -173.176193 33.771446 -152.864075
v -173.176193 37.461845 -152.864075
v -173.175873 35.186672 -161.826477
v -173.175873 36.046623 -161.826477
v -173.166000 31.520247 -161.299316
v -173.166000 39.713047 -161.299316
v -173.158630 31.450525 -153.156967
v -173.158630 39.782772 -153.156967
v -173.097412 33.413506 -161.715530
v -173.097412 37.819790 -161.715530
v -173.095123 30.889500 -153.864075
v -173.095123 40.343796 -153.864075
v -173.063263 32.469238 -161.536819
v -173.063263 38.764057 -161.536819
v -173.044144 34.689850 -152.864075
v -173.044144 36.543446 -152.864075
v -173.016190 32.404873 -152.998047
v -173.016190 38.828423 -152.998047
v -173.013763 26.264870 -159.864075
v -173.013763 44.968426 -159.864075
v -173.012863 31.387211 -153.364075
v -173.012863 39.846085 -153.364075
v -173.001663 31.450010 -161.014908
v -173.001663 39.783283 -161.014908
v -173.001526 26.277985 -175.353928
v -173.001526 44.955311 -175.353928
v -173.000000 35.616646 -152.864075
v -172.999420 33.357754 -152.898148
v -172.999420 37.875542 -152.898148
v -172.959045 31.823610 -208.964081
v -172.959045 31.823610 -204.864075
v -172.959045 39.409683 -208.964081
v -172.959045 39.409683 -204.864075
v -172.938782 34.287628 -161.715530
v -172.938782 36.945667 -161.715530
v -172.921234 31.347410 -153.605255
v -172.921234 39.885883 -153.605255
v -172.899658 31.406410 -160.697861
v -172.899658 39.826885 -160.697861
v -172.865082 31.391628 -160.364075
v -172.865082 39.841667 -160.364075
v -172.859146 35.172447 -161.715530
v -172.859146 36.060848 -161.715530
v -172.837372 32.395840 -161.299316
v -172.837372 38.837452 -161.299316
v -172.834396 34.253780 -152.898148
v -172.834396 36.979515 -152.898148
v -172.820129 33.350220 -161.536819
v -172.820129 37.883076 -161.536819
v -172.819519 32.339977 -153.156967
v -172.819519 38.893318 -153.156967
v -172.764465 33.303322 -152.998047
v -172.764465 37.929974 -152.998047
v -172.752136 26.545250 -175.492874
v -172.752136 44.688046 -175.492874
v -172.751556 35.161098 -152.898148
v -172.751556 36.072193 -152.898148
v -172.705261 31.787048 -153.864075
v -172.705261 39.446247 -153.864075
v -172.668594 32.290180 -153.364075
v -172.668594 38.943115 -153.364075
v -172.667419 32.340618 -161.014908
v -172.667419 38.892677 -161.014908
v -172.656937 34.249451 -161.536819
v -172.656937 36.983845 -161.536819
v -172.650833 32.743187 -208.964081
v -172.650833 32.743187 -204.864075
v -172.650833 38.490108 -208.964081
v -172.650833 38.490108 -204.864075
v -172.595474 34.220940 -152.998047
v -172.595474 37.012356 -152.998047
v -172.588577 33.297367 -161.299316
v -172.588577 37.935928 -161.299316
v -172.575027 35.159687 -161.536819
v -172.575027 36.073605 -161.536819
v -172.573730 32.258877 -153.605255
v -172.573730 38.974419 -153.605255
v -172.562698 33.256580 -153.156967
v -172.562698 37.976715 -153.156967
v -172.561905 32.306335 -160.697861
v -172.561905 38.926960 -160.697861
v -172.526138 32.294716 -160.364075
v -172.526138 38.938580 -160.364075
v -172.513321 26.815495 -175.654999
v -172.513321 44.417801 -175.654999
v -172.510620 35.150124 -152.998047
v -172.510620 36.083172 -152.998047
v -172.428787 33.687279 -208.964081
v -172.428787 33.687279 -204.864075
v -172.428787 37.546017 -208.964081
v -172.428787 37.546017 -204.864075
v -172.421585 34.217567 -161.299316
v -172.421585 37.015728 -161.299316
v -172.414352 33.257603 -161.014908
v -172.414352 37.975693 -161.014908
v -172.407883 33.220715 -153.364075
v -172.407883 38.012581 -153.364075
v -172.398636 32.716331 -153.864075
v -172.398636 38.516964 -153.864075
v -172.390289 34.192738 -153.156967
v -172.390289 37.040558 -153.156967
v -172.348511 24.808825 -204.864075
v -172.348511 24.808825 -182.364075
v -172.348511 24.808825 -159.864075
v -172.348511 46.424473 -204.864075
v -172.348511 46.424473 -182.364075
v -172.348511 46.424473 -159.864075
v -172.337753 35.149033 -161.299316
v -172.337753 36.084263 -161.299316
v -172.310562 33.198166 -153.605255
v -172.310562 38.035130 -153.605255
v -172.306183 33.232918 -160.697861
v -172.306183 38.000378 -160.697861
v -172.303726 35.140697 -153.156967
v -172.303726 36.092598 -153.156967
v -172.294785 34.647831 -208.964081
v -172.294785 34.647831 -204.864075
v -172.294785 36.585464 -208.964081
v -172.294785 36.585464 -204.864075
v -172.292831 27.078634 -159.864075
v -172.292831 44.154659 -159.864075
v -172.283295 27.090628 -175.845047
v -172.283295 44.142666 -175.845047
v -172.269531 33.224548 -160.364075
v -172.269531 38.008747 -160.364075
v -172.250000 35.616646 -208.964081
v -172.250000 35.616646 -204.864075
v -172.244492 34.193581 -161.014908
v -172.244492 37.039715 -161.014908
v -172.232849 34.171101 -153.364075
v -172.232849 37.062195 -153.364075
v -172.177780 33.669647 -153.864075
v -172.177780 37.563648 -153.864075
v -172.159225 35.141014 -161.014908
v -172.159225 36.092281 -161.014908
v -172.144974 35.133465 -153.364075
v -172.144974 36.099831 -153.364075
v -172.134552 34.178688 -160.697861
v -172.134552 37.054607 -160.697861
v -172.133881 34.157497 -153.605255
v -172.133881 37.075798 -153.605255
v -172.097290 34.173641 -160.364075
v -172.097290 37.059654 -160.364075
v -172.061890 27.370090 -176.067993
v -172.061890 43.863205 -176.067993
v -172.048401 35.136040 -160.697861
v -172.048401 36.097256 -160.697861
v -172.045181 35.128918 -153.605255
v -172.045181 36.104378 -153.605255
v -172.044540 34.639099 -153.864075
v -172.044540 36.594196 -153.864075
v -172.010818 35.134350 -160.364075
v -172.010818 36.098946 -160.364075
v -172.000000 35.616646 -153.864075
v -171.854477 27.645748 -176.322311
v -171.854477 43.587547 -176.322311
v -171.666351 27.909346 -176.606247
v -171.666351 43.323952 -176.606247
v -171.639725 27.947773 -159.864075
v -171.639725 43.285522 -159.864075
v -171.551697 25.636763 -204.864075
v -171.551697 25.636763 -182.364075
v -171.551697 25.636763 -159.864075
v -171.551697 45.596535 -204.864075
v -171.551697 45.596535 -182.364075
v -171.551697 45.596535 -159.864075
v -171.500000 28.154242 -176.914871
v -171.500000 28.545059 -177.542618
v -171.500000 28.792376 -178.092758
v -171.500000 28.939690 -177.771362
v -171.500000 28.971647 -178.668686
v -171.500000 29.080265 -179.261993
v -171.500000 29.116648 -200.214081
v -171.500000 29.116648 -179.864075
v -171.500000 29.349821 -177.973526
v -171.500000 29.772560 -178.151199
v -171.500000 30.205013 -178.306503
v -171.500000 31.087488 -178.558380
v -171.500000 31.980097 -178.746552
v -171.500000 32.883049 -178.883224
v -171.500000 33.793011 -178.973999
v -171.500000 34.706348 -179.024384
v -171.500000 35.619434 -179.039902
v -171.500000 36.532738 -179.024704
v -171.500000 37.446522 -178.975113
v -171.500000 38.356903 -178.884842
v -171.500000 39.260006 -178.747620
v -171.500000 40.151947 -178.557175
v -171.500000 41.029869 -178.305130
v -171.500000 41.461227 -178.150238
v -171.500000 41.883518 -177.972992
v -171.500000 42.116646 -200.214081
v -171.500000 42.116646 -179.864075
v -171.500000 42.153030 -179.261993
v -171.500000 42.261646 -178.668686
v -171.500000 42.293579 -177.771194
v -171.500000 42.440918 -178.092758
v -171.500000 42.688236 -177.542618
v -171.500000 43.079052 -176.914871
v -171.497452 42.866829 -177.229874
v -171.497437 28.366417 -177.229797
v -171.492416 28.165684 -176.930603
v -171.492416 43.067612 -176.930603
v -171.490173 43.031662 -176.911209
v -171.489975 28.265118 -176.958130
v -171.489044 28.563908 -177.159958
v -171.488785 42.585674 -177.211090
v -171.488098 28.875610 -177.340378
v -171.487350 42.110722 -177.466049
v -171.486145 29.533096 -177.648438
v -171.485901 41.612000 -177.683029
v -171.484894 29.980053 -177.814896
v -171.484451 41.095364 -177.866165
v -171.483658 30.438250 -177.957779
v -171.482971 40.531441 -178.028748
v -171.482193 31.013094 -178.105255
v -171.481583 39.959850 -178.162933
v -171.480850 31.593327 -178.225723
v -171.480316 39.381062 -178.273788
v -171.479660 32.179115 -178.324188
v -171.479187 38.796131 -178.363251
v -171.478607 32.770248 -178.402710
v -171.477921 38.006920 -178.452530
v -171.477570 33.478161 -178.472366
v -171.476974 37.211948 -178.511032
v -171.476807 34.189888 -178.518799
v -171.476379 36.414200 -178.543015
v -171.476334 34.903393 -178.544693
v -171.476166 35.619110 -178.552734
v -171.464233 28.208405 -176.540421
v -171.464233 43.024891 -176.540421
v -171.460739 42.833199 -176.670364
v -171.459961 28.461180 -176.711426
v -171.456253 28.748894 -176.887619
v -171.455231 42.403736 -176.932159
v -171.452469 29.049374 -177.044571
v -171.449524 41.945610 -177.153503
v -171.444733 29.684320 -177.310959
v -171.443726 41.463730 -177.340714
v -171.439713 30.116768 -177.453827
v -171.437988 40.963684 -177.497635
v -171.434799 30.560741 -177.575699
v -171.432083 40.416878 -177.635880
v -171.429016 31.118681 -177.700516
v -171.426559 39.861534 -177.749084
v -171.423676 31.682953 -177.801636
v -171.421524 39.298096 -177.841919
v -171.420944 28.298731 -176.225342
v -171.420807 42.930408 -176.228973
v -171.418884 32.253712 -177.883652
v -171.417435 28.280193 -176.178879
v -171.417435 42.953102 -176.178879
v -171.417038 38.727715 -177.916260
v -171.414719 32.830612 -177.948578
v -171.412018 37.956879 -177.989670
v -171.411819 42.636299 -176.431427
v -171.410629 33.522480 -178.005615
v -171.410049 28.655668 -176.466705
v -171.408249 37.179276 -178.037109
v -171.407593 34.218929 -178.043198
v -171.405869 36.398125 -178.062592
v -171.405701 34.917728 -178.063873
v -171.405045 35.618797 -178.070190
v -171.401779 28.932255 -176.617691
v -171.399475 42.223434 -176.655746
v -171.393280 29.221479 -176.751587
v -171.386673 41.782177 -176.844131
v -171.375961 29.833868 -176.977234
v -171.373688 41.317135 -177.002274
v -171.364716 30.251829 -177.097153
v -171.360840 40.833645 -177.133713
v -171.359726 28.505840 -176.021851
v -171.359497 42.723461 -176.024887
v -171.354477 28.378403 -175.849686
v -171.354477 42.854893 -175.849670
v -171.353714 30.681629 -177.198624
v -171.347641 40.303883 -177.248383
v -171.343597 42.441730 -176.195328
v -171.340775 31.222761 -177.301559
v -171.340469 28.847805 -176.224945
v -171.335281 39.764675 -177.341339
v -171.328842 31.771200 -177.384048
v -171.325821 29.113190 -176.351318
v -171.324036 39.216438 -177.416870
v -171.321747 42.045574 -176.383072
v -171.318146 32.327087 -177.450333
v -171.314011 38.660442 -177.476730
v -171.310791 29.391109 -176.462814
v -171.308823 32.889935 -177.502243
v -171.302795 37.907722 -177.535004
v -171.299698 33.566002 -177.547272
v -171.299118 41.621235 -176.539490
v -171.298248 42.743832 -175.655182
v -171.294373 37.147205 -177.571930
v -171.292923 34.247429 -177.576447
v -171.289062 36.382359 -177.591293
v -171.288681 34.931789 -177.592178
v -171.287231 35.618496 -177.596893
v -171.280182 29.980919 -176.649094
v -171.279114 28.498493 -175.560471
v -171.279114 42.734802 -175.560471
v -171.276184 41.173035 -176.669601
v -171.275803 28.722998 -175.808487
v -171.275436 42.506477 -175.810913
v -171.260330 30.384426 -176.747009
v -171.253510 40.706051 -176.776627
v -171.250107 42.238079 -175.948212
v -171.245117 29.048838 -175.972000
v -171.240921 30.800131 -176.829025
v -171.230194 40.193218 -176.868881
v -171.228531 28.626299 -175.472260
v -171.221802 29.302200 -176.073074
v -171.221024 42.553410 -175.507812
v -171.218094 31.324596 -176.911224
v -171.215332 41.859859 -176.098358
v -171.208420 39.669975 -176.942703
v -171.197906 29.568016 -176.161652
v -171.197052 31.857399 -176.976166
v -171.195694 28.634695 -175.317169
v -171.195694 42.598598 -175.317169
v -171.190094 28.903084 -175.631561
v -171.189590 42.326534 -175.633484
v -171.188583 39.136734 -177.001968
v -171.179321 41.453609 -176.222198
v -171.178223 32.398647 -177.027695
v -171.170944 38.594868 -177.048279
v -171.167038 42.547386 -175.253616
v -171.163208 28.705322 -175.266739
v -171.161804 32.947716 -177.067490
v -171.154694 42.069553 -175.743729
v -171.151199 37.859890 -177.092514
v -171.149246 30.133762 -176.308060
v -171.147812 29.215128 -175.762772
v -171.145752 33.608334 -177.101395
v -171.142899 41.023331 -176.324005
v -171.141632 28.815964 -175.335648
v -171.136368 37.116035 -177.119751
v -171.133820 34.275127 -177.122849
v -171.131744 42.366318 -175.363022
v -171.127060 36.367043 -177.133514
v -171.126389 34.945446 -177.134079
v -171.123825 35.618202 -177.137329
v -171.117737 30.521946 -176.383896
v -171.115707 29.458237 -175.843369
v -171.106903 40.573830 -176.406616
v -171.106812 41.706627 -175.863449
v -171.106705 28.784096 -175.119247
v -171.106705 42.449196 -175.119232
v -171.094193 28.807749 -175.099808
v -171.091064 29.079662 -175.458084
v -171.090408 42.150101 -175.459534
v -171.086929 30.922758 -176.446579
v -171.082840 29.713766 -175.913544
v -171.075455 42.354595 -175.143265
v -171.070587 28.897066 -175.152634
v -171.069931 40.078846 -176.476669
v -171.058655 28.866648 -159.864075
v -171.058655 42.366646 -159.864075
v -171.057297 41.315723 -175.961197
v -171.050751 31.429701 -176.508362
v -171.044525 41.904701 -175.543732
v -171.043182 29.001875 -175.201736
v -171.035492 29.377712 -175.558228
v -171.035431 39.572350 -176.531738
v -171.030640 42.183025 -175.221191
v -171.017441 31.946146 -176.556229
v -171.016144 42.288651 -174.981873
v -171.015976 30.259169 -176.028259
v -171.007248 40.900570 -176.040634
v -171.006073 28.958557 -174.958282
v -171.006073 42.274734 -174.958282
v -171.004028 39.054752 -176.575180
v -170.996475 29.000639 -175.008667
v -170.993317 29.610458 -175.619278
v -170.987640 32.472164 -176.593506
v -170.981644 41.557232 -175.634415
v -170.978973 29.252224 -175.288544
v -170.978134 41.977680 -175.289566
v -170.976120 38.527565 -176.608459
v -170.973312 42.165848 -175.035233
v -170.972702 30.634474 -176.086807
v -170.967300 29.084742 -175.040939
v -170.961685 33.006958 -176.621689
v -170.957825 40.465748 -176.104172
v -170.950775 29.057053 -174.898193
v -170.950775 42.176239 -174.898193
v -170.950180 29.855629 -175.672043
v -170.944916 37.810902 -176.639297
v -170.936996 29.090940 -174.918716
v -170.936325 33.651657 -176.645035
v -170.933411 29.183571 -175.070862
v -170.932144 42.131050 -174.922394
v -170.930435 31.022827 -176.134521
v -170.922256 42.124393 -174.878876
v -170.921738 29.109568 -174.876251
v -170.921738 42.123726 -174.876251
v -170.921509 37.084171 -176.657440
v -170.919952 41.744053 -175.348831
v -170.917923 42.004013 -175.082672
v -170.917480 34.303429 -176.659241
v -170.916687 41.181751 -175.707626
v -170.915298 29.123051 -174.882538
v -170.909119 29.155247 -174.935623
v -170.908493 29.536062 -175.359009
v -170.907135 39.985668 -176.157120
v -170.906891 29.136616 -174.868393
v -170.906891 42.096676 -174.868393
v -170.906799 36.351406 -176.666031
v -170.905746 34.959389 -176.666290
v -170.901703 35.617908 -176.668198
v -170.900742 42.084770 -174.871460
v -170.893600 29.162304 -174.873260
v -170.892990 29.168926 -174.891266
v -170.891953 29.163992 -174.864075
v -170.891953 42.069302 -174.864075
v -170.891907 42.069218 -174.864075
v -170.891891 29.164108 -174.864075
v -170.891891 42.069187 -174.864075
v -170.887787 42.053387 -174.893082
v -170.882034 42.014717 -174.948730
v -170.880829 31.515184 -176.180710
v -170.875000 29.234970 -174.951538
v -170.870422 29.207624 -174.877640
v -170.865005 42.014851 -174.878540
v -170.863007 29.231386 -174.899658
v -170.862534 30.380667 -175.757217
v -170.859863 39.493057 -176.197937
v -170.855057 29.758324 -175.401596
v -170.854141 29.420280 -175.123459
v -170.853119 41.809769 -175.124069
v -170.851105 40.781715 -175.766281
v -170.840271 41.412220 -175.412109
v -170.839340 29.269154 -174.881821
v -170.835403 29.328791 -174.966263
v -170.835220 32.018108 -176.215714
v -170.833847 41.940350 -174.906158
v -170.826279 29.308882 -174.907562
v -170.820602 26.523266 -204.864075
v -170.820602 26.523266 -182.364075
v -170.820602 26.523266 -159.864075
v -170.820602 44.710030 -204.864075
v -170.820602 44.710030 -182.364075
v -170.820602 44.710030 -159.864075
v -170.817291 41.861038 -174.972046
v -170.816879 38.988361 -176.229523
v -170.809128 41.903481 -174.885056
v -170.805893 30.743158 -175.799896
v -170.801285 29.345522 -174.885757
v -170.800430 29.993057 -175.438110
v -170.794449 32.531616 -176.242371
v -170.786423 40.361477 -175.812408
v -170.783676 29.400152 -174.914856
v -170.781357 41.588116 -175.159683
v -170.778702 38.473194 -176.253128
v -170.767212 29.689661 -175.165771
v -170.764191 41.790817 -174.917725
v -170.758957 33.054749 -176.262024
v -170.758057 41.052246 -175.462494
v -170.757141 29.435509 -174.889389
v -170.750610 31.119177 -175.834106
v -170.742783 29.554104 -174.992004
v -170.741592 41.676064 -174.992294
v -170.736969 41.756035 -174.890808
v -170.736053 37.771450 -176.274216
v -170.724319 33.686520 -176.277725
v -170.720154 39.896111 -175.850021
v -170.704086 37.058559 -176.285858
v -170.701370 29.901308 -175.191116
v -170.698593 34.326168 -176.286758
v -170.689636 30.497711 -175.496140
v -170.685806 31.597183 -175.866440
v -170.684067 29.619688 -174.927582
v -170.684021 36.338852 -176.290833
v -170.683167 41.272118 -175.197327
v -170.682785 41.610538 -174.927719
v -170.682587 34.970581 -176.290894
v -170.677078 35.617664 -176.291870
v -170.675186 40.667309 -175.502213
v -170.658417 39.417126 -175.878281
v -170.657822 41.464371 -175.009598
v -170.653961 29.652132 -174.895721
v -170.652634 41.578121 -174.895782
v -170.641327 29.811466 -175.012543
v -170.634155 30.125521 -175.212616
v -170.626282 32.086895 -175.890213
v -170.618118 30.847466 -175.524597
v -170.602356 38.924988 -175.899567
v -170.593536 40.261543 -175.532791
v -170.592743 41.403885 -174.936249
v -170.582047 40.927734 -175.226837
v -170.575012 29.870968 -174.937698
v -170.573120 32.588261 -175.907776
v -170.564575 30.014322 -175.024750
v -170.559372 41.374004 -174.900009
v -170.553421 29.829298 -159.864075
v -170.553421 41.403996 -159.864075
v -170.552582 38.421459 -175.914917
v -170.548401 31.211300 -175.546890
v -170.543350 41.161484 -175.027725
v -170.541016 29.900356 -174.900726
v -170.526886 33.100159 -175.920242
v -170.510010 39.810677 -175.557053
v -170.498001 30.609774 -175.246201
v -170.497055 37.734032 -175.927887
v -170.492538 30.069395 -174.943680
v -170.486267 30.229862 -175.035004
v -170.481796 33.719555 -175.929626
v -170.480255 40.557873 -175.249649
v -170.469757 41.107609 -174.945129
v -170.466751 31.675222 -175.567352
v -170.455643 30.096558 -174.903687
v -170.455490 37.034336 -175.934280
v -170.448349 34.347664 -175.934494
v -170.432510 30.091301 -174.864075
v -170.432510 41.141994 -174.864075
v -170.432297 39.345001 -175.574646
v -170.432053 41.081047 -174.904404
v -170.429413 36.327000 -175.936432
v -170.427536 34.981148 -175.936340
v -170.425629 40.829922 -175.041718
v -170.420380 35.617435 -175.936630
v -170.410248 30.946888 -175.262238
v -170.408463 30.280577 -174.948669
v -170.391876 32.152077 -175.581772
v -170.380112 40.166458 -175.266754
v -170.368607 30.305555 -174.906158
v -170.361786 38.865044 -175.587402
v -170.343369 40.782482 -174.951935
v -170.327896 30.697420 -175.050751
v -170.325073 32.641727 -175.591934
v -170.324829 31.298702 -175.274445
v -170.307266 40.472370 -175.052338
v -170.301239 40.759140 -174.907761
v -170.299286 38.372700 -175.596130
v -170.277802 39.729839 -175.279846
v -170.267044 33.142868 -175.598709
v -170.238525 30.739788 -174.956284
v -170.229614 37.698917 -175.602783
v -170.225983 31.024271 -175.058075
v -170.224899 31.748846 -175.285187
v -170.216400 40.431072 -174.957031
v -170.210495 33.750515 -175.603271
v -170.192780 30.760593 -174.909897
v -170.190994 40.092583 -175.060089
v -170.182785 39.277126 -175.288879
v -170.177521 37.011677 -175.605331
v -170.169891 40.410801 -174.910263
v -170.168579 34.367764 -175.605118
v -170.159515 27.463135 -204.864075
v -170.159515 27.463135 -182.364075
v -170.159515 27.463135 -159.864075
v -170.159515 43.770161 -204.864075
v -170.159515 43.770161 -182.364075
v -170.159515 43.770161 -159.864075
v -170.144897 36.315933 -175.605545
v -170.142548 34.991009 -175.605392
v -170.133591 35.617210 -175.605225
v -170.133408 32.213249 -175.292313
v -170.129242 31.061537 -174.959763
v -170.127274 30.829481 -159.864075
v -170.127274 40.403812 -159.864075
v -170.126862 31.366396 -175.063477
v -170.096680 38.808914 -175.295059
v -170.091736 40.057056 -174.960709
v -170.079773 31.079802 -174.911591
v -170.072342 39.667419 -175.065796
v -170.051880 32.691658 -175.296951
v -170.045502 31.050955 -174.864075
v -170.045502 40.182339 -174.864075
v -170.040985 40.039658 -174.912048
v -170.023041 31.398869 -174.962280
v -170.020447 38.327255 -175.298904
v -170.011063 31.805515 -175.068024
v -169.981155 33.182579 -175.299683
v -169.969955 31.414749 -174.912796
v -169.964630 39.637543 -174.963348
v -169.962296 39.225021 -175.069504
v -169.935562 37.666367 -175.301254
v -169.912292 33.779175 -175.301071
v -169.909576 39.622952 -174.913300
v -169.905182 32.260059 -175.070801
v -169.899033 31.832571 -174.964340
v -169.872192 36.990753 -175.301483
v -169.862717 38.766068 -175.071854
v -169.861328 34.386307 -175.301117
v -169.846832 39.200195 -174.964996
v -169.841797 31.845766 -174.913773
v -169.832550 36.305744 -175.300766
v -169.829697 35.000088 -175.300613
v -169.818832 35.616989 -175.300262
v -169.810959 32.729660 -175.072403
v -169.787857 39.188107 -174.914078
v -169.785736 32.282303 -174.965530
v -169.783005 31.860712 -159.864075
v -169.783005 39.372581 -159.864075
v -169.774628 38.292747 -175.073120
v -169.740311 38.745747 -174.965973
v -169.733124 32.037434 -174.864075
v -169.733124 39.195862 -174.864075
v -169.729279 33.212650 -175.073151
v -169.724731 32.293125 -174.914322
v -169.684967 32.747639 -174.966156
v -169.677811 38.735870 -174.914520
v -169.676697 37.641796 -175.073532
v -169.649857 33.800774 -175.073227
v -169.646133 38.276447 -174.966431
v -169.620651 32.756363 -174.914581
v -169.603653 36.975037 -175.073074
v -169.597687 33.226826 -174.966370
v -169.591141 34.400227 -175.072800
v -169.580551 38.268547 -174.914703
v -169.572311 28.450850 -204.864075
v -169.572311 28.450850 -182.364075
v -169.572311 28.450850 -159.864075
v -169.572311 42.782444 -204.864075
v -169.572311 42.782444 -182.364075
v -169.572311 42.782444 -159.864075
v -169.557999 36.298107 -175.072357
v -169.554733 35.006893 -175.072250
v -169.542236 35.616817 -175.071976
v -169.541489 37.630245 -174.966461
v -169.530533 33.233688 -174.914658
v -169.522827 32.916302 -159.864075
v -169.522827 38.316994 -159.864075
v -169.512848 33.810909 -174.966248
v -169.497208 33.044941 -174.864075
v -169.497208 38.188354 -174.864075
v -169.472519 37.624664 -174.914673
v -169.463516 36.967674 -174.966080
v -169.450165 34.406738 -174.965912
v -169.442963 33.815807 -174.914551
v -169.414810 36.294540 -174.965622
v -169.411316 35.010067 -174.965561
v -169.397980 35.616734 -174.965408
v -169.392044 36.964127 -174.914444
v -169.378265 34.409882 -174.914352
v -169.348434 33.989403 -159.864075
v -169.348434 37.243893 -159.864075
v -169.341797 36.292824 -174.914200
v -169.339172 34.067554 -174.864075
v -169.339172 37.165741 -174.864075
v -169.338196 35.011600 -174.914154
v -169.324448 35.616692 -174.914078
v -169.260956 35.073059 -159.864075
v -169.260956 36.160236 -159.864075
v -169.259918 35.099270 -174.864075
v -169.259918 36.134026 -174.864075
v -169.062439 29.480618 -204.864075
v -169.062439 29.480618 -182.364075
v -169.062439 29.480618 -159.864075
v -169.062439 41.752678 -204.864075
v -169.062439 41.752678 -182.364075
v -169.062439 41.752678 -159.864075
v -168.632904 30.546394 -204.864075
v -168.632904 30.546394 -182.364075
v -168.632904 30.546394 -159.864075
v -168.632904 40.686901 -204.864075
v -168.632904 40.686901 -182.364075
v -168.632904 40.686901 -159.864075
v -168.286194 31.641926 -204.864075
v -168.286194 31.641926 -182.364075
v -168.286194 31.641926 -159.864075
v -168.286194 39.591370 -204.864075
v -168.286194 39.591370 -182.364075
v -168.286194 39.591370 -159.864075
v -168.024368 32.760780 -204.864075
v -168.024368 32.760780 -182.364075
v -168.024368 32.760780 -159.864075
v -168.024368 38.472515 -204.864075
v -168.024368 38.472515 -182.364075
v -168.024368 38.472515 -159.864075
v -167.848969 33.896397 -204.864075
v -167.848969 33.896397 -182.364075
v -167.848969 33.896397 -159.864075
v -167.848969 37.336899 -204.864075
v -167.848969 37.336899 -182.364075
v -167.848969 37.336899 -159.864075
v -167.761002 35.042107 -204.864075
v -167.761002 35.042107 -182.364075
v -167.761002 35.042107 -159.864075
v -167.761002 36.191189 -204.864075
v -167.761002 36.191189 -182.364075
v -167.761002 36.191189 -159.864075
vn 0.000000 -0.000000 -1.000000
vn 0.000000 0.000000 -1.000000
vn 0.000000 -0.000000 -1.000000
vn 0.000000 -0.000000 -1.000000
vn 0.000000 0.000000 -1.000000
vn 0.000000 0.000000 -1.000000
vn 0.000000 -0.000000 -1.000000
vn 0.000000 0.000000 -1.000000
vn 0.000000 0.000000 -1.000000
vn 0.000000 -0.000000 -1.000000
vn 0.000000 0.000000 -1.000000
vn 0.000000 0.000000 -1.000000
vn 0.000000 0.000000 -1.000000
vn 0.000000 0.000000 -1.000000
vn 0.000000 0.000000 -1.000000
vn 0.000000 0.000000 -1.000000
vn 0.000000 0.000000 -1.000000
vn -0.000000 0.000000 -1.000000
vn 0.000000 0.000000 -1.000000
vn 0.000000 0.000000 -1.000000
vn -0.000000 0.000000 -1.000000
vn 0.000000 0.000000 -1.000000
vn -0.000000 0.000000 -1.000000
vn 0.000000 0.000000 -1.000000
vn -0.000000 0.000000 -1.000000
vn 0.000000 0.000000 -1.000000
vn -0.000000 0.000000 -1.000000
vn 0.000000 0.000000 -1.000000
vn -0.000000 0.000000 -1.000000
vn 0.000000 0.000000 -1.000000
vn -0.000000 -0.000000 -1.000000
vn 0.000000 0.000000 -1.000000
vn -0.000000 0.000000 -1.000000
vn -0.000000 -0.000000 -1.000000
vn -0.000000 0.000000 -1.000000
vn -0.000000 0.000000 -1.000000
vn -0.000000 -0.000000 -1.000000
vn -0.000000 0.000000 -1.000000
vn -0.000000 0.000000 -1.000000
vn 0.000000 0.000000 -1.000000
vn 0.000000 0.000000 -1.000000
vn 0.000000 0.000000 -1.000000
vn 0.000000 0.000000 -1.000000
vn 0.000000 0.000000 -1.000000
vn 0.000000 0.000000 -1.000000
vn 0.000000 0.000000 -1.000000
vn 0.000000 0.000000 -1.000000
vn 0.000000 0.000000 -1.000000
vn 0.000000 0.000000 -1.000000
vn 0.000000 0.000000 -1.000000
vn -0.000000 0.000000 -1.000000
vn -0.000000 0.000000 -1.000000
vn 0.000000 -0.000000 -1.000000
vn -0.000000 0.000000 -1.000000
vn -0.000000 0.000000 -1.000000
vn -0.000000 0.000000 -1.000000
vn 0.000000 -0.000000 -1.000000
vn -0.000000 0.000000 -1.000000
vn -0.000000 0.000000 -1.000000
vn 0.000000 -0.000000 -1.000000
vn -0.000000 0.000000 -1.000000
vn 0.000000 -0.000000 -1.000000
vn 0.000000 0.000000 -1.000000
vn 0.000000 -0.000000 -1.000000
vn 0.000000 -0.000000 -1.000000
vn 0.000000 0.000000 -1.000000
vn 0.000000 -0.000000 -1.000000
vn 0.000000 -0.000000 -1.000000
vn 0.000000 -0.000000 -1.000000
vn 0.000000 0.000000 -1.000000
vn 0.000000 -0.000000 -1.000000
vn 0.000000 -0.000000 -1.000000
vn 0.000000 0.000000 -1.000000
vn 0.000000 0.000000 -1.000000
vn 0.000000 0.000000 -1.000000
vn 0.000000 0.000000 -1.000000
vn 0.000000 0.000000 -1.000000
vn 0.000000 0.000000 -1.000000
vn 0.000000 0.000000 -1.000000
vn 0.000000 0.000000 -1.000000
vn 0.000000 0.000000 -1.000000
vn 0.000000 0.000000 -1.000000
vn 0.000000 0.000000 -1.000000
vn 0.000000 -0.000000 -1.000000
vn 0.000000 0.000000 -1.000000
vn 0.000000 -0.000000 -1.000000
vn 0.000000 -0.000000 -1.000000
vn 0.000000 0.000000 -1.000000
vn 0.000000 -0.000000 -1.000000
vn 0.000000 0.000000 -1.000000
vn 0.000000 -0.000000 -1.000000
vn 0.000000 0.000000 -1.000000
vn 0.000000 -0.000000 -1.000000
vn 0.000000 0.000000 -1.000000
vn 0.000000 0.000000 -1.000000
vn 0.000000 0.000000 -1.000000
vn 0.000000 0.000000 -1.000000
vn 0.000000 0.000000 -1.000000
vn 0.000000 0.000000 -1.000000
vn 0.000000 0.000000 -1.000000
vn 0.000000 0.000000 -1.000000
vn 0.000000 0.000000 -1.000000
vn 0.000000 0.000000 -1.000000
vn 0.000000 0.000000 -1.000000
vn -0.000000 0.000000 -1.000000
vn 0.000000 -0.000000 -1.000000
vn -0.000000 0.000000 -1.000000
vn 0.000000 -0.000000 -1.000000
vn -0.000000 0.000000 -1.000000
vn 0.000000 -0.000000 -1.000000
vn -0.000000 0.000000 -1.000000
vn 0.000000 -0.000000 -1.000000
vn -0.000000 0.000000 -1.000000
vn 0.000000 -0.000000 -1.000000
vn -0.000000 0.000000 -1.000000
vn -0.000000 0.000000 -1.000000
vn 0.000000 0.000000 -1.000000
vn -0.000000 0.000000 -1.000000
vn -0.000000 -0.000000 -1.000000
vn 0.000000 -0.000000 -1.000000
vn 0.000000 -0.000000 -1.000000
vn 0.000000 0.000000 -1.000000
vn -0.000000 0.000000 -1.000000
vn -0.000000 0.000000 -1.000000
vn 0.000000 0.000000 -1.000000
vn -0.000000 0.000000 -1.000000
vn -0.000000 0.000000 -1.000000
vn 0.000000 -0.000000 -1.000000
vn 0.000000 0.000000 -1.000000
vn 0.000000 -0.000000 -1.000000
vn 0.000000 0.000000 -1.000000
vn 0.000000 -0.000000 -1.000000
vn 0.000000 0.000000 -1.000000
vn 0.000000 -0.000000 -1.000000
vn 0.000000 0.000000 -1.000000
vn 0.000000 0.000000 -1.000000
vn 0.000000 0.000000 -1.000000
vn 0.000000 0.000000 -1.000000
vn 0.000000 0.000000 -1.000000
vn 0.000000 0.000000 -1.000000
vn 0.000000 0.000000 -1.000000
vn 0.000000 0.000000 -1.000000
vn 0.000000 0.000000 -1.000000
vn 0.000000 0.000000 -1.000000
vn 0.000000 0.000000 -1.000000
vn 0.000000 0.000000 -1.000000
vn 0.000000 0.000000 -1.000000
vn 0.000000 0.000000 -1.000000
vn 0.000000 0.000000 -1.000000
vn 0.000000 0.000000 -1.000000
vn -0.997286 -0.024831 0.069316
vn -0.998310 -0.039082 0.043017
vn -0.998898 -0.028291 0.037449
vn -0.999268 -0.029148 0.024787
vn -0.999438 -0.018153 0.028194
vn -0.999368 -0.017812 0.030754
vn -0.999364 -0.015744 0.031993
vn -0.999323 -0.017085 0.032593
vn -0.999284 -0.014640 0.034880
vn -0.999269 -0.015236 0.035072
vn -0.999210 -0.013428 0.037397
vn -0.999211 -0.013403 0.037393
vn -0.999109 -0.011644 0.040559
vn -0.999094 -0.012010 0.040822
vn -0.999065 -0.009026 0.042274
vn -0.998965 -0.010656 0.044221
vn -0.999007 -0.008612 0.043701
vn -0.990685 -0.022454 0.134307
vn -0.990686 -0.019289 0.134791
vn -0.972639 -0.028295 0.230594
vn -0.972640 -0.022001 0.231274
vn -0.944262 -0.026390 0.328134
vn -0.944258 -0.017775 0.328726
vn -0.904700 -0.019064 0.425623
vn -0.904680 -0.006078 0.426048
vn -0.903787 -0.007544 0.427916
vn -0.903796 0.005511 0.427929
vn -0.904498 0.006789 0.426423
vn -0.904485 0.020758 0.426000
vn -0.862525 0.020863 0.505585
vn -0.862516 0.041812 0.504300
vn -0.821631 0.041075 0.568539
vn -0.821610 0.068384 0.565933
vn -0.780348 0.066227 0.621829
vn -0.780344 0.098707 0.617511
vn -0.738325 0.094522 0.667788
vn -0.738301 0.132230 0.661383
vn -0.704120 0.126767 0.698673
vn -0.704098 0.168226 0.689889
vn -0.691101 0.165283 0.703605
vn -0.691084 0.200899 0.694293
vn -0.699473 0.203254 0.685146
vn -0.699491 0.231771 0.676014
vn -0.714221 0.236539 0.658740
vn -0.705170 0.253160 0.662303
vn -0.770704 0.302408 0.560861
vn -0.743209 0.292121 0.601919
vn -0.777456 0.296901 0.554447
vn -0.756754 0.289762 0.585971
vn -0.789298 0.285656 0.543516
vn -0.782697 0.283771 0.553948
vn -0.811812 0.264360 0.520649
vn -0.818899 0.265533 0.508819
vn -0.843327 0.240414 0.480625
vn -0.855432 0.240547 0.458665
vn -0.875024 0.216324 0.433055
vn -0.888076 0.214231 0.406726
vn -0.903365 0.191466 0.383760
vn -0.916808 0.186649 0.353024
vn -0.928212 0.166003 0.332965
vn -0.943490 0.156717 0.292004
vn -0.951305 0.136638 0.276314
vn -0.966146 0.121946 0.227356
vn -0.970843 0.106575 0.214721
vn -0.982684 0.087895 0.163117
vn -0.985095 0.076614 0.154005
vn -0.993753 0.053257 0.098080
vn -0.994626 0.046334 0.092583
vn -0.999311 0.018134 0.032367
vn -0.999449 0.014681 0.029783
vn -0.998931 -0.006945 0.045709
vn -0.998939 -0.006756 0.045550
vn -0.990126 -0.017325 0.139103
vn -0.990128 -0.013312 0.139537
vn -0.971445 -0.019136 0.236491
vn -0.971443 -0.012743 0.236932
vn -0.942762 -0.014979 0.333131
vn -0.942749 -0.004705 0.333470
vn -0.942196 -0.005777 0.335011
vn -0.942201 0.004289 0.335020
vn -0.942632 0.005204 0.333794
vn -0.942625 0.016037 0.333469
vn -0.906459 0.017118 0.421947
vn -0.906450 0.035380 0.420828
vn -0.867001 0.035900 0.497012
vn -0.866984 0.059829 0.494732
vn -0.829497 0.059280 0.555356
vn -0.829491 0.088349 0.551489
vn -0.790565 0.086168 0.606285
vn -0.790536 0.120315 0.600481
vn -0.752929 0.116166 0.647768
vn -0.752891 0.158129 0.638866
vn -0.723821 0.152923 0.672828
vn -0.723780 0.197712 0.661100
vn -0.715203 0.195553 0.671002
vn -0.715221 0.230096 0.659935
vn -0.721232 0.231935 0.652711
vn -0.721236 0.258743 0.642551
vn -0.998873 -0.004683 0.047225
vn -0.998874 -0.004662 0.047203
vn -0.989695 -0.011680 0.142715
vn -0.989694 -0.007680 0.142990
vn -0.970662 -0.010794 0.240207
vn -0.970655 -0.003371 0.240453
vn -0.970381 -0.004097 0.241545
vn -0.970384 0.003085 0.241550
vn -0.970598 0.003701 0.240679
vn -0.970594 0.011543 0.240444
vn -0.943806 0.013441 0.330227
vn -0.943802 0.027487 0.329368
vn -0.909531 0.029615 0.414579
vn -0.909514 0.050717 0.412568
vn -0.872904 0.051904 0.485123
vn -0.872896 0.077320 0.481741
vn -0.837515 0.077144 0.540942
vn -0.837484 0.107569 0.535770
vn -0.802348 0.105654 0.587431
vn -0.802309 0.143498 0.579404
vn -0.769534 0.139674 0.623144
vn -0.769481 0.185406 0.611166
vn -0.745485 0.180804 0.641531
vn -0.745491 0.225886 0.627071
vn -0.735767 0.223262 0.639376
vn -0.735766 0.256683 0.626707
vn -0.743266 0.259123 0.616775
vn -0.998833 -0.002618 0.048234
vn -0.998828 -0.002682 0.048319
vn -0.989411 -0.006551 0.144995
vn -0.989408 -0.002040 0.145146
vn -0.989309 -0.002468 0.145811
vn -0.989310 0.001870 0.145814
vn -0.989389 0.002235 0.145276
vn -0.989387 0.006973 0.145134
vn -0.971214 0.009672 0.238014
vn -0.971211 0.019820 0.237394
vn -0.945669 0.023287 0.324296
vn -0.945658 0.039543 0.322749
vn -0.913576 0.042954 0.404394
vn -0.913562 0.065491 0.401393
vn -0.878930 0.067539 0.472144
vn -0.878901 0.094059 0.467638
vn -0.846737 0.094409 0.523569
vn -0.846699 0.127988 0.516449
vn -0.815725 0.126552 0.564426
vn -0.815678 0.167975 0.553583
vn -0.787738 0.164820 0.593551
vn -0.787736 0.211335 0.578627
vn -0.764007 0.206704 0.611201
vn -0.763984 0.251528 0.594191
vn -0.756838 0.249522 0.604098
vn -0.998809 -0.000812 0.048779
vn -0.998805 -0.000866 0.048865
vn -0.998805 0.000783 0.048866
vn -0.998802 0.000832 0.048936
vn -0.998831 0.002415 0.048287
vn -0.998817 0.002679 0.048556
vn -0.998873 0.004155 0.047272
vn -0.998853 0.004753 0.047647
vn -0.998929 0.005978 0.045876
vn -0.998912 0.006979 0.046111
vn -0.998980 0.007688 0.044486
vn -0.999001 0.009374 0.043692
vn -0.991407 0.023641 0.128663
vn -0.991399 0.032119 0.126871
vn -0.977831 0.045868 0.204311
vn -0.977817 0.061471 0.200238
vn -0.960209 0.074178 0.269251
vn -0.960205 0.096539 0.262080
vn -0.938602 0.108440 0.327517
vn -0.938566 0.137981 0.316315
vn -0.916973 0.146896 0.370920
vn -0.999009 0.009181 0.043549
vn -0.999099 0.010833 0.041041
vn -0.992007 0.027848 0.123071
vn -0.992000 0.037265 0.120613
vn -0.979639 0.053447 0.193524
vn -0.979634 0.069546 0.188362
vn -0.963206 0.084862 0.255016
vn -0.963183 0.107213 0.246545
vn -0.943641 0.121164 0.307996
vn -0.999082 0.011757 0.041192
vn -0.999181 0.012427 0.038513
vn -0.992656 0.032428 0.116540
vn -0.992652 0.042123 0.113432
vn -0.981180 0.061136 0.183160
vn -0.981165 0.077204 0.177072
vn -0.966244 0.094736 0.239578
vn -0.999203 0.014312 0.037253
vn -0.999238 0.013195 0.036743
vn -0.999258 0.015868 0.035095
vn -0.999302 0.014471 0.034431
vn -0.999390 0.017506 0.030202
vn -0.999510 0.022956 0.021300
vn -0.998728 0.027495 0.042264
vn -0.998850 0.028930 0.038221
vn -0.995483 0.055250 0.077202
vn -0.995473 0.064227 0.070067
vn -0.989741 0.091155 0.110014
vn -0.998527 0.035805 0.040776
vn -0.996803 0.043100 0.067280
vn -0.978229 0.151425 0.141910
vn -0.977472 0.140181 0.157788
vn -0.986808 0.110273 0.118533
vn -0.987409 0.108180 0.115411
vn -0.991948 0.072493 0.103848
vn -0.966149 0.192396 0.171869
vn -0.963839 0.203839 0.171648
vn -0.963809 0.174153 0.201850
vn -0.958848 0.194222 0.207094
vn -0.958978 0.163282 0.231733
vn -0.955200 0.181242 0.233976
vn -0.955248 0.153181 0.253056
vn -0.951391 0.170903 0.256218
vn -0.950729 0.246558 0.187948
vn -0.950626 0.243064 0.192951
vn -0.946677 0.245047 0.209178
vn -0.946607 0.211323 0.243470
vn -0.936521 0.282209 0.208052
vn -0.936303 0.298162 0.185571
vn -0.936996 0.298030 0.182253
vn -0.936790 0.262945 0.230832
vn -0.896389 0.124547 0.425413
vn -0.922238 0.345894 0.172729
vn -0.923144 0.345170 0.169301
vn -0.923276 0.316041 0.218357
vn -0.894351 0.432622 0.113904
vn -0.893349 0.413727 0.175376
vn -0.908783 0.388762 0.151584
vn -0.908694 0.362555 0.206952
vn -0.885676 0.443446 0.137601
vn -0.885654 0.458168 0.075492
vn -0.880559 0.464474 0.094236
vn -0.882154 0.467383 0.057943
vn -0.891095 0.450213 -0.057082
vn -0.880008 0.464724 0.098073
vn -0.890575 0.452803 0.042957
vn -0.895239 0.445328 -0.015164
vn -0.862598 0.442486 0.245218
vn -0.862541 0.424603 0.275203
vn -0.861747 0.424449 0.277911
vn -0.861464 0.391130 0.323879
vn -0.859258 0.390915 0.329941
vn -0.859293 0.337643 0.384203
vn -0.867326 0.337370 0.365961
vn -0.867543 0.286478 0.406571
vn -0.884932 0.283547 0.369456
vn -0.884998 0.241395 0.398130
vn -0.903529 0.235958 0.357715
vn 0.000000 0.000000 1.000000
vn -0.895645 0.443754 -0.030044
vn -0.830885 0.335079 0.444243
vn -0.793126 0.336299 0.507794
vn -0.787785 0.350431 0.506550
vn -0.794855 0.353308 0.493334
vn -0.811507 0.351367 0.466902
vn -0.805597 0.349262 0.478571
vn -0.821534 0.338443 0.458844
vn -0.826522 0.339728 0.448828
vn -0.840745 0.314340 0.440838
vn -0.855594 0.315328 0.410520
vn -0.753211 0.238511 0.613014
vn -0.681579 0.204253 0.702660
vn -0.674196 0.202075 0.710370
vn -0.674238 0.197789 0.711536
vn -0.652248 0.166272 0.739545
vn -0.651115 0.166872 0.740407
vn -0.651073 0.141993 0.745615
vn -0.630908 0.142180 0.762718
vn -0.630947 0.136222 0.763774
vn -0.647031 0.145794 0.748395
vn -0.689327 0.161412 0.706239
vn -0.626187 0.096771 0.773644
vn -0.613459 0.101571 0.783167
vn -0.603901 0.110348 0.789384
vn -0.633358 0.115702 0.765160
vn -0.649889 0.111069 0.751869
vn -0.671830 0.114748 0.731763
vn -0.686832 0.102951 0.719488
vn -0.725700 0.108328 0.679430
vn -0.608875 0.046772 0.791886
vn -0.583466 0.052400 0.810446
vn -0.570026 0.059507 0.819469
vn -0.604818 0.063181 0.793854
vn -0.617078 0.059883 0.784620
vn -0.646055 0.062738 0.760708
vn -0.657174 0.055222 0.751713
vn -0.703907 0.059141 0.707825
vn -0.713282 0.050528 0.699054
vn -0.762682 0.053720 0.644539
vn -0.770313 0.045949 0.636008
vn -0.815676 0.047903 0.576523
vn -0.612516 0.000000 0.790458
vn -0.572379 0.007856 0.819951
vn -0.561688 0.012139 0.827260
vn -0.597002 0.012922 0.802136
vn -0.596978 0.037974 0.801358
vn -0.604834 0.035577 0.795557
vn -0.592578 -0.045521 0.804226
vn -0.581254 -0.043211 0.812574
vn -0.575984 -0.039249 0.816518
vn -0.575970 -0.041120 0.816436
vn -0.607714 -0.043433 0.792967
vn -0.607711 -0.066032 0.791408
vn -0.662628 -0.072079 0.745472
vn -0.662633 -0.087753 0.743786
vn -0.733221 -0.096568 0.673098
vn -0.733234 -0.104989 0.671822
vn -0.797379 -0.111735 0.593045
vn -0.797377 -0.116443 0.592140
vn -0.852512 -0.119125 0.508953
vn -0.852508 -0.123886 0.507820
vn -0.898313 -0.121196 0.422310
vn -0.898308 -0.126641 0.420720
vn -0.936908 -0.116621 0.329550
vn -0.936903 -0.120686 0.328096
vn -0.965683 -0.101664 0.238998
vn -0.965675 -0.107393 0.236514
vn -0.984245 -0.080939 0.157198
vn -0.984236 -0.086731 0.154136
vn -0.994961 -0.053395 0.084861
vn -0.994955 -0.058096 0.081794
vn -0.626720 -0.096854 0.773202
vn -0.602668 -0.087664 0.793163
vn -0.567573 -0.066320 0.820647
vn -0.622982 -0.072865 0.778835
vn -0.684591 -0.160303 0.711083
vn -0.600342 -0.125253 0.789874
vn -0.622987 -0.164681 0.764701
vn -0.623667 -0.125908 0.771484
vn -0.660937 -0.133355 0.738498
vn -0.660948 -0.147173 0.735859
vn -0.714969 -0.158613 0.680927
vn -0.714971 -0.163623 0.679738
vn -0.779278 -0.175561 0.601584
vn -0.779278 -0.176721 0.601245
vn -0.838603 -0.182968 0.513096
vn -0.838601 -0.185303 0.512260
vn -0.886405 -0.183101 0.425159
vn -0.886398 -0.187820 0.423111
vn -0.924148 -0.176265 0.338941
vn -0.924133 -0.183992 0.334852
vn -0.954328 -0.161261 0.251502
vn -0.954305 -0.169329 0.246231
vn -0.976017 -0.134831 0.170911
vn -0.975906 -0.150595 0.157888
vn -0.977482 -0.141859 0.156218
vn -0.978200 -0.151698 0.141816
vn -0.963906 -0.198993 0.176883
vn -0.965719 -0.200776 0.164548
vn -0.946822 -0.235117 0.219655
vn -0.955733 -0.240008 0.170205
vn -0.947978 -0.244356 0.204029
vn -0.950182 -0.250412 0.185601
vn -0.935245 -0.295856 0.194388
vn -0.937471 -0.294667 0.185257
vn -0.916537 -0.321993 0.237236
vn -0.924504 -0.328951 0.192570
vn -0.895136 -0.355803 0.268580
vn -0.905133 -0.370765 0.208008
vn -0.873744 -0.385852 0.296125
vn -0.885667 -0.407021 0.223447
vn -0.858196 -0.408673 0.310620
vn -0.871635 -0.424929 0.244310
vn -0.850283 -0.420563 0.316457
vn -0.864302 -0.432969 0.255970
vn -0.860551 -0.409319 -0.303165
vn -0.888491 -0.437721 -0.137782
vn -0.891275 -0.452417 -0.030774
vn -0.882157 -0.460748 0.097520
vn -0.881760 -0.468464 0.055143
vn -0.883518 -0.464992 0.056373
vn -0.745117 -0.235949 0.623802
vn -0.648846 -0.182943 0.738600
vn -0.653394 -0.159720 0.739977
vn -0.663698 -0.162218 0.730199
vn -0.642395 -0.152190 0.751111
vn -0.681108 -0.161185 0.714221
vn -0.832508 -0.335733 0.440698
vn -0.748297 -0.286457 0.598326
vn -0.738667 -0.278034 0.614059
vn -0.738685 -0.275815 0.615038
vn -0.777019 -0.288857 0.559288
vn -0.777019 -0.299253 0.553796
vn -0.822899 -0.312205 0.474726
vn -0.822899 -0.312249 0.474698
vn -0.870500 -0.315491 0.377750
vn -0.870504 -0.313111 0.379715
vn -0.907201 -0.300591 0.294333
vn -0.907188 -0.303496 0.291378
vn -0.935587 -0.276748 0.219290
vn 0.000000 0.000000 1.000000
vn 0.000000 0.000000 1.000000
vn -0.861638 -0.426906 0.274466
vn -0.895220 -0.444946 -0.024574
vn -0.868461 -0.419077 0.264857
vn -0.850286 -0.412206 0.327260
vn -0.833606 -0.397671 0.383351
vn -0.858203 -0.405009 0.315364
vn -0.842561 -0.385935 0.375693
vn -0.873719 -0.389462 0.291436
vn -0.859728 -0.363327 0.358973
vn -0.895136 -0.355860 0.268507
vn -0.883476 -0.334957 0.327527
vn -0.916577 -0.315962 0.245060
vn -0.881749 -0.468836 0.052063
vn -0.894686 -0.431245 0.116469
vn -0.881894 -0.445776 0.153451
vn -0.887070 -0.450649 0.100112
vn -0.875011 -0.456821 0.160221
vn -0.894504 -0.427911 0.129442
vn -0.913903 -0.366879 0.173727
vn -0.916038 -0.351622 0.192967
vn -0.924048 -0.346349 0.161795
vn -0.918376 -0.023698 0.394999
vn -0.967832 -0.177167 0.178641
vn -0.987058 -0.110295 0.116411
vn -0.989516 -0.094347 0.109351
vn -0.988911 -0.103519 0.106484
vn -0.987747 -0.099506 0.120230
vn -0.987739 -0.096294 0.122876
vn -0.986011 -0.095796 0.136403
vn -0.986024 -0.088793 0.140973
vn -0.995562 -0.064561 0.068469
vn -0.815961 0.380057 0.435620
vn -0.811460 0.378209 0.445523
vn -0.833603 0.377997 0.402770
vn -0.821459 0.373848 0.430631
vn -0.842430 0.363813 0.397431
vn -0.840579 0.363423 0.401684
vn -0.605097 0.090882 0.790948
vn -0.596393 0.085862 0.798087
vn -0.596366 0.089567 0.797700
vn -0.613391 0.088932 0.784756
vn -0.568041 0.037556 0.822143
vn -0.575157 0.047025 0.816690
vn -0.575251 0.038038 0.817092
vn -0.583424 0.037095 0.811320
vn -0.740055 -0.235269 0.630053
vn -0.712599 -0.243752 0.657866
vn -0.713446 -0.244258 0.656759
vn -0.752636 -0.256824 0.606284
vn -0.728439 -0.236138 0.643130
vn -0.779175 -0.250274 0.574673
vn -0.757551 -0.220667 0.614348
vn -0.816079 -0.231927 0.529363
vn -0.797913 -0.203322 0.567445
vn -0.853217 -0.207740 0.478398
vn -0.804403 -0.332023 0.492642
vn -0.790207 -0.342300 0.508334
vn -0.790201 -0.326523 0.518618
vn -0.764458 -0.309015 0.565786
vn -0.764450 -0.292378 0.574571
vn -0.995579 -0.057870 0.073985
vn -0.972637 -0.132695 0.190704
vn -0.963994 -0.187460 0.188613
vn -0.959908 -0.182758 0.212545
vn -0.959917 -0.175131 0.218834
vn -0.946852 -0.226545 0.228362
vn -0.940845 -0.220430 0.257336
vn -0.940852 -0.211459 0.264733
vn -0.932591 -0.203960 0.297783
vn -0.932616 -0.194191 0.304167
vn -0.920296 -0.252991 0.298412
vn -0.928377 -0.263501 0.262075
vn -0.928350 -0.270084 0.255383
vn -0.896844 -0.284036 0.339108
vn -0.896849 -0.280567 0.341971
vn -0.852697 -0.287882 0.435927
vn -0.852697 -0.287737 0.436021
vn -0.801121 -0.280533 0.528684
vn -0.801120 -0.280897 0.528492
vn -0.752635 -0.267026 0.601862
vn -0.920304 -0.245944 0.304225
vn -0.909246 -0.233610 0.344525
vn -0.909269 -0.225509 0.349822
vn -0.897873 -0.210430 0.386709
vn -0.897885 -0.204371 0.389916
vn -0.883459 -0.338133 0.324293
vn -0.859703 -0.369065 0.353131
vn -0.844154 -0.339912 0.414565
vn -0.844150 -0.343659 0.411472
vn -0.842565 -0.382758 0.378919
vn -0.825182 -0.361985 0.433637
vn -0.825178 -0.355689 0.438825
vn -0.801409 -0.332631 0.497092
vn -0.801416 -0.322089 0.503975
vn -0.833604 -0.388997 0.392154
vn -0.815182 -0.373461 0.442726
vn -0.815140 -0.377689 0.439201
vn -0.789780 -0.343083 0.508470
vn -0.821819 -0.384204 0.420715
vn -0.972656 -0.124208 0.196246
vn -0.969181 -0.119977 0.215162
vn -0.969193 -0.113108 0.218794
vn -0.882594 -0.261660 0.390592
vn -0.882608 -0.256703 0.393836
vn -0.834462 -0.258687 0.486573
vn -0.834461 -0.259635 0.486071
vn -0.779175 -0.249895 0.574838
vn -0.867956 -0.235418 0.437300
vn -0.994317 -0.052667 0.092517
vn -0.994322 -0.048718 0.094603
vn -0.982436 -0.077727 0.169641
vn -0.982442 -0.072804 0.171775
vn -0.962193 -0.094967 0.255275
vn -0.962198 -0.089988 0.257056
vn -0.930931 -0.105233 0.349704
vn -0.930936 -0.101550 0.350780
vn -0.890207 -0.108735 0.442388
vn -0.890212 -0.103581 0.443615
vn -0.842845 -0.104818 0.527850
vn -0.842848 -0.099439 0.528885
vn -0.786424 -0.096339 0.610128
vn -0.786413 -0.087356 0.611493
vn -0.717931 -0.081063 0.691378
vn -0.717927 -0.067573 0.692831
vn -0.648758 -0.061108 0.758537
vn -0.648755 -0.042949 0.759784
vn -0.597812 -0.039470 0.800664
vn -0.597816 -0.014592 0.801500
vn -0.558041 -0.013595 0.829702
vn -0.572385 -0.007856 0.819947
vn -0.948525 -0.152831 0.277385
vn -0.948539 -0.146693 0.280633
vn -0.915555 -0.164354 0.367079
vn -0.915564 -0.158101 0.369792
vn -0.875026 -0.165909 0.454758
vn -0.875029 -0.161489 0.456339
vn -0.823612 -0.161232 0.543753
vn -0.823615 -0.158025 0.544690
vn -0.762127 -0.150971 0.629579
vn -0.762128 -0.148475 0.630172
vn -0.696788 -0.137433 0.703988
vn -0.696785 -0.131564 0.705111
vn -0.643153 -0.121719 0.756002
vn -0.643122 -0.104182 0.758644
vn -0.602624 -0.097625 0.792031
vn -0.942700 -0.136603 0.304396
vn -0.853214 -0.209885 0.477467
vn -0.867962 -0.232157 0.439026
vn -0.816081 -0.230379 0.530036
vn -0.993666 -0.047248 0.101960
vn -0.993669 -0.043858 0.103429
vn -0.980646 -0.068778 0.183313
vn -0.980649 -0.064447 0.184861
vn -0.958582 -0.082866 0.272495
vn -0.958587 -0.078515 0.273765
vn -0.925398 -0.090436 0.368048
vn -0.925402 -0.087101 0.368842
vn -0.882941 -0.092204 0.460340
vn -0.882945 -0.086575 0.461424
vn -0.834263 -0.086774 0.544495
vn -0.834254 -0.077686 0.545880
vn -0.774058 -0.074387 0.628730
vn -0.774055 -0.061011 0.630172
vn -0.706204 -0.056148 0.705778
vn -0.706199 -0.040129 0.706876
vn -0.639725 -0.036218 0.767750
vn -0.639702 -0.012179 0.768526
vn -0.636481 -0.014294 0.771160
vn -0.636500 0.010771 0.771202
vn -0.639042 0.012747 0.769066
vn -0.639005 0.037653 0.768280
vn -0.907045 -0.145263 0.395181
vn -0.942708 -0.131816 0.306473
vn -0.993023 -0.041863 0.110239
vn -0.993025 -0.038866 0.111310
vn -0.978806 -0.060069 0.195782
vn -0.978809 -0.056374 0.196860
vn -0.955255 -0.071381 0.287042
vn -0.955259 -0.067539 0.287956
vn -0.920438 -0.076836 0.383263
vn -0.920442 -0.072968 0.384008
vn -0.876507 -0.076404 0.475287
vn -0.876501 -0.067592 0.476632
vn -0.824565 -0.066995 0.561787
vn -0.824563 -0.054129 0.563175
vn -0.764546 -0.051288 0.642526
vn -0.764538 -0.036047 0.643569
vn -0.698553 -0.032975 0.714798
vn -0.698524 -0.010975 0.715503
vn -0.695785 -0.013333 0.718126
vn -0.695806 0.009760 0.718164
vn -0.697934 0.011884 0.716064
vn -0.697896 0.035380 0.715325
vn -0.646080 0.032670 0.762570
vn -0.863329 -0.144482 0.483516
vn -0.907049 -0.139580 0.397214
vn -0.797913 -0.203978 0.567211
vn -0.735385 -0.191807 0.649938
vn -0.757551 -0.219664 0.614706
vn -0.703795 -0.205539 0.680019
vn -0.728437 -0.224777 0.647190
vn -0.687546 -0.212684 0.694295
vn -0.713442 -0.226975 0.662935
vn -0.992355 -0.036587 0.117870
vn -0.992357 -0.034049 0.118611
vn -0.977090 -0.051798 0.206427
vn -0.977093 -0.048587 0.207191
vn -0.952252 -0.060755 0.299209
vn -0.952256 -0.056638 0.300001
vn -0.916030 -0.063665 0.396026
vn -0.916027 -0.056970 0.397050
vn -0.869216 -0.058970 0.490904
vn -0.869215 -0.047015 0.492195
vn -0.817131 -0.046026 0.574612
vn -0.817123 -0.031875 0.575581
vn -0.758394 -0.029940 0.651109
vn -0.758365 -0.009837 0.651756
vn -0.756124 -0.011936 0.654320
vn -0.756141 0.008803 0.654349
vn -0.757877 0.010665 0.652311
vn -0.757846 0.031941 0.651651
vn -0.703932 0.029714 0.709646
vn -0.809781 -0.138019 0.570268
vn -0.863333 -0.139882 0.484859
vn -0.735386 -0.188383 0.650937
vn -0.681118 -0.175386 0.710858
vn -0.703795 -0.192142 0.683926
vn -0.663710 -0.181502 0.725635
vn -0.687546 -0.193706 0.699827
vn -0.991735 -0.031601 0.124349
vn -0.991737 -0.029436 0.124863
vn -0.975556 -0.044186 0.215263
vn -0.975560 -0.040835 0.215908
vn -0.949604 -0.050430 0.309369
vn -0.949603 -0.044188 0.310324
vn -0.911050 -0.049113 0.409360
vn -0.911051 -0.039589 0.410390
vn -0.863611 -0.040362 0.502540
vn -0.863603 -0.027557 0.503418
vn -0.812276 -0.026673 0.582663
vn -0.812249 -0.008659 0.583246
vn -0.810490 -0.010482 0.585658
vn -0.810504 0.007783 0.585681
vn -0.811878 0.009397 0.583751
vn -0.811855 0.028373 0.583169
vn -0.762702 0.026942 0.646189
vn -0.746786 -0.127061 0.652814
vn -0.809783 -0.134147 0.571189
vn -0.991182 -0.024762 0.130176
vn -0.974188 -0.036693 0.222737
vn -0.946587 -0.038885 0.320095
vn -0.974188 -0.031816 0.223484
vn -0.746786 -0.123412 0.653514
vn -0.680681 -0.113510 0.723732
vn -0.680663 -0.102860 0.725340
vn -0.622987 -0.094215 0.776538
vn -0.642378 -0.133988 0.754584
vn -0.602242 -0.097499 0.792337
vn -0.991179 -0.027018 0.129743
vn -0.907220 -0.033443 0.419326
vn -0.946588 -0.030627 0.320988
vn -0.859959 -0.023240 0.509833
vn -0.907214 -0.023136 0.420033
vn -0.586481 -0.043604 0.808788
vn -0.586507 -0.048183 0.808510
vn -0.858638 -0.009003 0.512503
vn -0.859936 -0.007483 0.510347
vn -0.858649 0.006757 0.512520
vn -0.859663 0.008089 0.510797
vn -0.859647 0.024627 0.510295
vn -0.815690 0.023970 0.577993
vn -0.594139 0.011811 0.804275
vn -0.594138 -0.013296 0.804253
vn -0.989610 0.005870 0.143659
vn -0.989609 0.012047 0.143281
vn -0.972165 0.016849 0.233690
vn -0.972158 0.028611 0.232572
vn -0.948115 0.033851 0.316120
vn -0.948105 0.051096 0.313825
vn -0.917691 0.055949 0.393337
vn -0.917658 0.079578 0.389321
vn -0.885837 0.082543 0.456595
vn -0.885804 0.111680 0.450420
vn -0.857185 0.112711 0.502524
vn -0.857145 0.149545 0.492889
vn -0.830415 0.148896 0.536881
vn -0.830414 0.191188 0.523316
vn -0.803268 0.188539 0.564990
vn -0.803227 0.235122 0.547306
vn -0.782854 0.231261 0.577632
vn -0.989956 0.010260 0.141003
vn -0.989953 0.017419 0.140323
vn -0.973424 0.024524 0.227692
vn -0.973417 0.036971 0.226036
vn -0.950606 0.044084 0.307254
vn -0.950584 0.062031 0.304208
vn -0.922422 0.068277 0.380100
vn -0.922386 0.094213 0.374603
vn -0.893673 0.098222 0.437837
vn -0.893640 0.130323 0.429445
vn -0.868610 0.132310 0.477505
vn -0.868611 0.170046 0.465402
vn -0.842906 0.170359 0.510379
vn -0.842866 0.212573 0.494357
vn -0.819103 0.210896 0.533472
vn -0.770290 0.076438 0.633096
vn -0.725699 0.072672 0.684164
vn -0.713256 0.083948 0.695859
vn -0.671819 0.079260 0.736462
vn -0.657154 0.088841 0.748502
vn -0.633336 0.085627 0.769125
vn -0.617070 0.089467 0.781806
vn -0.990410 0.014966 0.137344
vn -0.990406 0.022496 0.136343
vn -0.974707 0.031932 0.221194
vn -0.974693 0.044869 0.219000
vn -0.953454 0.053727 0.296714
vn -0.953430 0.073314 0.292567
vn -0.927772 0.081036 0.364241
vn -0.927738 0.109688 0.356752
vn -0.902252 0.115039 0.415581
vn -0.902254 0.147960 0.405025
vn -0.878384 0.151303 0.453375
vn -0.878348 0.188943 0.439095
vn -0.855637 0.190363 0.481298
vn -0.990864 0.027297 0.132076
vn -0.976175 0.038870 0.213474
vn -0.956685 0.063546 0.284104
vn -0.976160 0.052900 0.210505
vn -0.686822 0.140241 0.713167
vn -0.649897 0.141740 0.746689
vn -0.669187 0.136761 0.730401
vn -0.669186 0.170496 0.723271
vn -0.990871 0.019485 0.133400
vn -0.933610 0.094789 0.345524
vn -0.956664 0.085276 0.278428
vn -0.909558 0.131561 0.394203
vn -0.933602 0.124315 0.336054
vn -0.993213 0.037059 0.110251
vn -0.993204 0.046742 0.106583
vn -0.982741 0.068215 0.171947
vn -0.993778 0.041305 0.103439
vn -0.888267 0.169046 0.427089
vn -0.909527 0.164423 0.381741
vn -0.994633 0.057469 0.086043
vn -0.995066 0.051946 0.084527
vn -0.995057 0.060873 0.078462
vn -0.970896 0.132536 0.199486
vn -0.985120 0.095194 0.143095
vn -0.986319 0.085909 0.140690
vn -0.986302 0.100778 0.130587
vn -0.987457 0.091517 0.128663
vn -0.928342 0.204633 0.310332
vn -0.933993 0.185680 0.305254
vn -0.933949 0.217388 0.283695
vn -0.939490 0.197985 0.279572
vn -0.939343 0.233080 0.251611
vn -0.875217 0.266478 0.403714
vn -0.855669 0.267998 0.442728
vn -0.843546 0.295859 0.448216
vn -0.826570 0.293823 0.480052
vn -0.812043 0.318295 0.489156
vn -0.805602 0.316510 0.500825
vn -0.789496 0.326593 0.519648
vn -0.794858 0.328504 0.510182
vn -0.777626 0.330167 0.535059
vn -0.973195 0.140441 0.182119
vn -0.973224 0.119500 0.196352
vn -0.975472 0.127228 0.179634
vn -0.911110 0.213940 0.352291
vn -0.911054 0.250903 0.327152
vn -0.894482 0.257889 0.365234
vn -0.894277 0.303666 0.328717
vn -0.882979 0.307339 0.354811
vn -0.882886 0.362098 0.298995
vn -0.876248 0.363679 0.316114
vn -0.876576 0.409608 0.252656
vn -0.869791 0.410143 0.274310
vn -0.869832 0.435824 0.231192
vn -0.869811 0.435823 0.231275
vn -0.869923 0.452742 0.195600
vn -0.918487 0.228333 0.322869
vn -0.975391 0.150577 0.161054
vn -0.918309 0.268851 0.290566
vn -0.928049 0.244058 0.281356
vn -0.927956 0.287858 0.236720
vn -0.873471 0.423086 0.240927
vn -0.833645 0.407957 0.372300
vn -0.853788 0.406260 0.325574
vn -0.842460 0.402976 0.357591
vn -0.906816 0.276100 0.318518
vn -0.906714 0.325529 0.268141
vn -0.897063 0.331427 0.292290
vn -0.897379 0.377100 0.229145
vn -0.883821 0.383985 0.267239
vn -0.883724 0.419587 0.207315
vn -0.876717 0.421474 0.231792
vn -0.876802 0.445288 0.181486
vn -0.875866 0.445402 0.185677
vn -0.876184 0.455851 0.156530
vn -0.880659 0.460958 0.109346
vn -0.918092 0.297608 0.261794
vn -0.853998 0.430713 0.291844
vn -0.895831 0.441500 0.050642
vn -0.903560 0.351225 0.245396
vn -0.918386 0.337160 0.207100
vn -0.889944 0.395719 0.226729
vn -0.903423 0.385446 0.187771
vn -0.882242 0.431794 0.187625
vn -0.889850 0.427602 0.159133
vn -0.882323 0.453205 0.126930
vn -0.885675 -0.406442 0.224466
vn -0.894888 -0.419776 0.151540
vn -0.875030 -0.449533 0.179562
vn -0.871611 -0.429097 0.237002
vn -0.881977 -0.440310 0.168059
vn -0.864295 -0.440516 0.242777
vn -0.904262 -0.390462 0.172770
vn 0.000612 0.912074 0.410024
vn -0.000816 0.896876 0.442282
vn 0.000284 0.868378 0.495902
vn -0.000692 0.831469 0.555571
vn -0.000608 0.830415 0.557146
vn -0.000146 0.808748 0.588155
vn 0.000297 0.783265 0.621688
vn -0.000924 0.751832 0.659355
vn 0.000043 0.732853 0.680387
vn -0.000021 0.678094 0.734975
vn -0.000926 0.659354 0.751832
vn 0.000256 0.623506 0.781818
vn -0.000315 0.568521 0.822668
vn -0.000960 0.555568 0.831471
vn 0.000150 0.514347 0.857582
vn -0.000349 0.461527 0.887126
vn -0.001197 0.442296 0.896869
vn -0.000127 0.407437 0.913233
vn -0.000286 0.327901 0.944712
vn -0.000716 0.321424 0.946935
vn 0.000325 0.225484 0.974247
vn -0.001203 0.195088 0.980785
vn 0.000668 0.131919 0.991260
vn -0.001259 0.065418 0.997857
vn 0.000000 0.042895 0.999080
vn -0.000681 0.946928 0.321446
vn 0.000455 0.954812 0.297209
vn -0.000500 0.980785 0.195089
vn 0.000250 0.983652 0.180079
vn -0.000273 0.997859 0.065403
vn 0.000000 0.998179 0.060318
vn 0.000000 -0.000000 1.000000
vn 0.000000 -0.000000 1.000000
vn 0.000000 -0.000000 1.000000
vn 0.000000 -0.000000 1.000000
vn 0.000000 -0.000000 1.000000
vn 0.000000 -0.000000 1.000000
vn 0.000000 0.000000 1.000000
vn -0.000147 -0.808795 0.588090
vn 0.000297 -0.783261 0.621693
vn -0.000924 -0.751832 0.659355
vn 0.000043 -0.732855 0.680385
vn -0.000020 -0.678094 0.734975
vn -0.000926 -0.659353 0.751833
vn 0.000256 -0.623509 0.781816
vn -0.000315 -0.568519 0.822670
vn -0.000960 -0.555569 0.831470
vn 0.000150 -0.514347 0.857582
vn -0.000349 -0.461527 0.887126
vn -0.001197 -0.442293 0.896870
vn -0.000127 -0.407434 0.913234
vn -0.000286 -0.327902 0.944712
vn -0.000716 -0.321425 0.946935
vn 0.000325 -0.225484 0.974247
vn -0.001203 -0.195088 0.980785
vn 0.000668 -0.131918 0.991260
vn -0.001259 -0.065418 0.997857
vn 0.000000 -0.042895 0.999080
vn -0.000608 -0.830417 0.557143
vn -0.000692 -0.831472 0.555567
vn 0.000283 -0.868385 0.495890
vn -0.000816 -0.896875 0.442284
vn 0.000612 -0.912073 0.410027
vn -0.000682 -0.946928 0.321446
vn 0.000454 -0.954812 0.297209
vn -0.000500 -0.980785 0.195089
vn 0.000250 -0.983653 0.180076
vn -0.000273 -0.997859 0.065406
vn 0.000000 -0.998179 0.060321
vn 0.000000 -1.000000 0.000000
vn 0.000000 -1.000000 0.000000
vn 0.000000 -1.000000 0.000000
vn 0.000000 -1.000000 0.000000
vn 0.000000 -1.000000 0.000000
vn -0.000000 -1.000000 -0.000000
vn -0.000000 -1.000000 -0.000000
vn 0.000000 -1.000000 -0.000000
vn 0.000000 -1.000000 0.000000
vn 0.000000 -1.000000 -0.000000
vn 0.000000 0.000000 1.000000
vn 0.000000 0.000000 1.000000
vn 0.000000 0.000000 1.000000
vn 0.000000 0.000000 1.000000
vn 0.000000 0.000000 1.000000
vn 0.000000 0.000000 1.000000
vn 0.000000 0.000000 1.000000
vn 0.044583 -0.992725 -0.111849
vn 0.044584 -0.992724 -0.111851
vn 0.133392 -0.984731 -0.111851
vn 0.133392 -0.984731 -0.111853
vn 0.221125 -0.968810 -0.111853
vn 0.221125 -0.968810 -0.111855
vn 0.307075 -0.945089 -0.111856
vn 0.307075 -0.945089 -0.111855
vn 0.390562 -0.913756 -0.111855
vn 0.390560 -0.913758 -0.111846
vn 0.470891 -0.875073 -0.111844
vn 0.470893 -0.875071 -0.111851
vn 0.547440 -0.829336 -0.111851
vn 0.547442 -0.829334 -0.111860
vn 0.619577 -0.776924 -0.111861
vn 0.619578 -0.776923 -0.111864
vn 0.686725 -0.718258 -0.111865
vn 0.686725 -0.718257 -0.111868
vn 0.748344 -0.653809 -0.111870
vn 0.748341 -0.653815 -0.111850
vn 0.803942 -0.584095 -0.111851
vn 0.803942 -0.584094 -0.111852
vn 0.853064 -0.509678 -0.111852
vn 0.853062 -0.509684 -0.111835
vn 0.895318 -0.431159 -0.111835
vn 0.895318 -0.431158 -0.111839
vn 0.930358 -0.349179 -0.111838
vn 0.930358 -0.349175 -0.111847
vn 0.957917 -0.264358 -0.111848
vn 0.957918 -0.264370 -0.111814
vn 0.977759 -0.177443 -0.111813
vn 0.977758 -0.177436 -0.111834
vn 0.989726 -0.089083 -0.111834
vn 0.989722 -0.089064 -0.111888
vn 0.993721 0.000000 -0.111887
vn 0.993721 0.000000 -0.111887
vn 0.989720 0.089083 -0.111888
vn 0.989728 0.089065 -0.111834
vn 0.977756 0.177443 -0.111834
vn 0.977760 0.177436 -0.111813
vn 0.957921 0.264359 -0.111814
vn 0.957914 0.264369 -0.111848
vn 0.930357 0.349178 -0.111847
vn 0.930359 0.349176 -0.111838
vn 0.895318 0.431159 -0.111839
vn 0.895318 0.431159 -0.111837
vn 0.853065 0.509678 -0.111838
vn 0.853060 0.509683 -0.111858
vn 0.803941 0.584094 -0.111859
vn 0.803943 0.584093 -0.111854
vn 0.748345 0.653811 -0.111854
vn 0.748340 0.653814 -0.111870
vn 0.686725 0.718258 -0.111868
vn 0.686727 0.718257 -0.111861
vn 0.619576 0.776925 -0.111859
vn 0.619576 0.776925 -0.111861
vn 0.547440 0.829335 -0.111860
vn 0.547444 0.829334 -0.111846
vn 0.470893 0.875072 -0.111847
vn 0.470895 0.875071 -0.111839
vn 0.390561 0.913758 -0.111841
vn 0.390558 0.913758 -0.111850
vn 0.307077 0.945089 -0.111850
vn 0.307077 0.945089 -0.111851
vn 0.221123 0.968811 -0.111850
vn 0.221124 0.968811 -0.111847
vn 0.133394 0.984732 -0.111848
vn 0.133392 0.984731 -0.111851
vn 0.044581 0.992724 -0.111851
vn 0.044584 0.992725 -0.111843
vn 0.042352 0.943036 -0.329983
vn 0.042353 0.943037 -0.329981
vn 0.038000 0.846113 -0.531648
vn 0.037998 0.846111 -0.531651
vn 0.031739 0.706736 -0.706765
vn 0.031741 0.706739 -0.706762
vn 0.023888 0.531890 -0.846476
vn 0.023886 0.531886 -0.846479
vn 0.014832 0.330263 -0.943772
vn 0.014832 0.330265 -0.943772
vn 0.005027 0.111932 -0.993703
vn 0.005440 0.110745 -0.993834
vn 0.015183 0.112082 -0.993583
vn 0.016130 0.108742 -0.993939
vn 0.025358 0.111103 -0.993485
vn 0.026537 0.105941 -0.994018
vn 0.035414 0.108992 -0.993412
vn 0.036626 0.102362 -0.994073
vn 0.045205 0.105764 -0.993363
vn 0.046362 0.098023 -0.994104
vn 0.054594 0.101452 -0.993341
vn 0.055709 0.092947 -0.994111
vn 0.063447 0.096119 -0.993346
vn 0.064636 0.087151 -0.994096
vn 0.071641 0.089835 -0.993377
vn 0.073104 0.080659 -0.994057
vn 0.079066 0.082697 -0.993433
vn 0.081082 0.073488 -0.993995
vn 0.085623 0.074807 -0.993515
vn 0.088529 0.065659 -0.993907
vn 0.091238 0.066288 -0.993620
vn 0.095422 0.057193 -0.993793
vn 0.095844 0.057265 -0.993748
vn 0.101288 0.048777 -0.993661
vn 0.297857 0.143437 -0.943773
vn 0.297856 0.143436 -0.943773
vn 0.479709 0.231010 -0.846471
vn 0.479701 0.231010 -0.846476
vn 0.637391 0.306949 -0.706764
vn 0.637392 0.306949 -0.706762
vn 0.763095 0.367484 -0.531640
vn 0.763072 0.367487 -0.531672
vn 0.850491 0.409587 -0.330004
vn 0.850510 0.409580 -0.329966
vn 0.042352 -0.943037 -0.329981
vn 0.042353 -0.943036 -0.329983
vn 0.126716 -0.935443 -0.329984
vn 0.126714 -0.935445 -0.329979
vn 0.210058 -0.920321 -0.329978
vn 0.210057 -0.920322 -0.329975
vn 0.291706 -0.897789 -0.329974
vn 0.291707 -0.897786 -0.329980
vn 0.371011 -0.868023 -0.329981
vn 0.371012 -0.868021 -0.329984
vn 0.447323 -0.831271 -0.329986
vn 0.447322 -0.831275 -0.329977
vn 0.520043 -0.787826 -0.329977
vn 0.520043 -0.787829 -0.329972
vn 0.588570 -0.738041 -0.329970
vn 0.588570 -0.738044 -0.329965
vn 0.652359 -0.682313 -0.329964
vn 0.652360 -0.682307 -0.329976
vn 0.710887 -0.621092 -0.329976
vn 0.710887 -0.621078 -0.330004
vn 0.763697 -0.554855 -0.330005
vn 0.763698 -0.554863 -0.329988
vn 0.810361 -0.484171 -0.329988
vn 0.810360 -0.484164 -0.330003
vn 0.850498 -0.409574 -0.330004
vn 0.850504 -0.409593 -0.329964
vn 0.883798 -0.331701 -0.329964
vn 0.883792 -0.331686 -0.329995
vn 0.909964 -0.251136 -0.329995
vn 0.909960 -0.251128 -0.330011
vn 0.928807 -0.168552 -0.330012
vn 0.928812 -0.168560 -0.329994
vn 0.940184 -0.084606 -0.329993
vn 0.940190 -0.084614 -0.329973
vn 0.943990 0.000000 -0.329974
vn 0.943990 0.000000 -0.329974
vn 0.940191 0.084607 -0.329973
vn 0.940183 0.084614 -0.329993
vn 0.928813 0.168554 -0.329994
vn 0.928806 0.168559 -0.330012
vn 0.909958 0.251134 -0.330011
vn 0.909965 0.251130 -0.329995
vn 0.883788 0.331697 -0.329995
vn 0.883801 0.331690 -0.329965
vn 0.038000 -0.846111 -0.531651
vn 0.037998 -0.846113 -0.531648
vn 0.113691 -0.839300 -0.531648
vn 0.113691 -0.839300 -0.531649
vn 0.188467 -0.825730 -0.531648
vn 0.188466 -0.825734 -0.531643
vn 0.261727 -0.805516 -0.531641
vn 0.261729 -0.805510 -0.531650
vn 0.332880 -0.778807 -0.531650
vn 0.332879 -0.778812 -0.531642
vn 0.401348 -0.745840 -0.531641
vn 0.401349 -0.745834 -0.531650
vn 0.466591 -0.706853 -0.531650
vn 0.466591 -0.706855 -0.531647
vn 0.528074 -0.662185 -0.531648
vn 0.528074 -0.662177 -0.531658
vn 0.585305 -0.612174 -0.531658
vn 0.585307 -0.612184 -0.531645
vn 0.637829 -0.557250 -0.531645
vn 0.637831 -0.557257 -0.531635
vn 0.685215 -0.497841 -0.531634
vn 0.685212 -0.497835 -0.531643
vn 0.727081 -0.434408 -0.531642
vn 0.727081 -0.434407 -0.531643
vn 0.763088 -0.367495 -0.531642
vn 0.763077 -0.367476 -0.531672
vn 0.792946 -0.297591 -0.531673
vn 0.792964 -0.297616 -0.531633
vn 0.816454 -0.225323 -0.531633
vn 0.816447 -0.225315 -0.531646
vn 0.833354 -0.151237 -0.531647
vn 0.833348 -0.151231 -0.531658
vn 0.843550 -0.075917 -0.531658
vn 0.843553 -0.075920 -0.531652
vn 0.846963 0.000000 -0.531652
vn 0.846963 0.000000 -0.531652
vn 0.843553 0.075917 -0.531652
vn 0.843549 0.075919 -0.531658
vn 0.833347 0.151235 -0.531658
vn 0.833355 0.151232 -0.531647
vn 0.816445 0.225320 -0.531646
vn 0.816454 0.225318 -0.531635
vn 0.792967 0.297600 -0.531636
vn 0.792940 0.297607 -0.531673
vn 0.031739 -0.706736 -0.706765
vn 0.031739 -0.706736 -0.706765
vn 0.094963 -0.701046 -0.706765
vn 0.094963 -0.701047 -0.706764
vn 0.157420 -0.689713 -0.706763
vn 0.157422 -0.689705 -0.706771
vn 0.218614 -0.672815 -0.706773
vn 0.218611 -0.672829 -0.706760
vn 0.278046 -0.650524 -0.706760
vn 0.278046 -0.650515 -0.706767
vn 0.335235 -0.622974 -0.706768
vn 0.335235 -0.622971 -0.706771
vn 0.389728 -0.590412 -0.706771
vn 0.389727 -0.590409 -0.706775
vn 0.441083 -0.553095 -0.706776
vn 0.441086 -0.553111 -0.706761
vn 0.488894 -0.511344 -0.706761
vn 0.488891 -0.511334 -0.706770
vn 0.532755 -0.465455 -0.706770
vn 0.532755 -0.465455 -0.706770
vn 0.572334 -0.415824 -0.706770
vn 0.572334 -0.415824 -0.706770
vn 0.607305 -0.362845 -0.706771
vn 0.607309 -0.362852 -0.706764
vn 0.637391 -0.306949 -0.706764
vn 0.637390 -0.306948 -0.706765
vn 0.662335 -0.248588 -0.706765
vn 0.662330 -0.248583 -0.706771
vn 0.681951 -0.188198 -0.706770
vn 0.681962 -0.188208 -0.706757
vn 0.696087 -0.126322 -0.706757
vn 0.696095 -0.126328 -0.706748
vn 0.704618 -0.063416 -0.706748
vn 0.704601 -0.063405 -0.706766
vn 0.707448 0.000000 -0.706766
vn 0.707448 0.000000 -0.706766
vn 0.704599 0.063414 -0.706766
vn 0.704619 0.063406 -0.706748
vn 0.696096 0.126323 -0.706748
vn 0.696086 0.126326 -0.706757
vn 0.681963 0.188202 -0.706757
vn 0.681951 0.188205 -0.706769
vn 0.662331 0.248586 -0.706769
vn 0.662338 0.248586 -0.706763
vn 0.023887 -0.531891 -0.846476
vn 0.023887 -0.531890 -0.846476
vn 0.071469 -0.527608 -0.846476
vn 0.071469 -0.527609 -0.846476
vn 0.118478 -0.519078 -0.846476
vn 0.118477 -0.519083 -0.846473
vn 0.164528 -0.506374 -0.846472
vn 0.164529 -0.506363 -0.846479
vn 0.209257 -0.489575 -0.846479
vn 0.209257 -0.489582 -0.846476
vn 0.252301 -0.468853 -0.846476
vn 0.252301 -0.468852 -0.846476
vn 0.293313 -0.444348 -0.846476
vn 0.293315 -0.444356 -0.846472
vn 0.331965 -0.416276 -0.846471
vn 0.331961 -0.416259 -0.846481
vn 0.367936 -0.384827 -0.846482
vn 0.367940 -0.384839 -0.846474
vn 0.400957 -0.350306 -0.846474
vn 0.400960 -0.350312 -0.846470
vn 0.430750 -0.312958 -0.846470
vn 0.430750 -0.312958 -0.846470
vn 0.457070 -0.273088 -0.846469
vn 0.457068 -0.273085 -0.846471
vn 0.479708 -0.231013 -0.846471
vn 0.479704 -0.231008 -0.846475
vn 0.498477 -0.187086 -0.846475
vn 0.498472 -0.187082 -0.846479
vn 0.513236 -0.141643 -0.846479
vn 0.513235 -0.141642 -0.846479
vn 0.523864 -0.095071 -0.846480
vn 0.523857 -0.095066 -0.846484
vn 0.530271 -0.047717 -0.846484
vn 0.530289 -0.047727 -0.846473
vn 0.532432 0.000000 -0.846473
vn 0.532432 0.000000 -0.846473
vn 0.530290 0.047719 -0.846473
vn 0.530270 0.047725 -0.846485
vn 0.523857 0.095070 -0.846484
vn 0.523865 0.095068 -0.846480
vn 0.513235 0.141643 -0.846479
vn 0.513236 0.141643 -0.846479
vn 0.498471 0.187084 -0.846479
vn 0.498477 0.187084 -0.846475
vn 0.014832 -0.330265 -0.943772
vn 0.014832 -0.330265 -0.943772
vn 0.044377 -0.327607 -0.943771
vn 0.044378 -0.327603 -0.943772
vn 0.073564 -0.322306 -0.943773
vn 0.073564 -0.322306 -0.943773
vn 0.102160 -0.314414 -0.943773
vn 0.102160 -0.314414 -0.943773
vn 0.129932 -0.303991 -0.943773
vn 0.129932 -0.303995 -0.943772
vn 0.156661 -0.291123 -0.943771
vn 0.156660 -0.291122 -0.943772
vn 0.182124 -0.275908 -0.943772
vn 0.182124 -0.275909 -0.943772
vn 0.206126 -0.258470 -0.943772
vn 0.206127 -0.258473 -0.943771
vn 0.228465 -0.238958 -0.943770
vn 0.228464 -0.238955 -0.943772
vn 0.248963 -0.217515 -0.943772
vn 0.248961 -0.217511 -0.943773
vn 0.267457 -0.194318 -0.943773
vn 0.267456 -0.194317 -0.943773
vn 0.283797 -0.169561 -0.943773
vn 0.283799 -0.169563 -0.943772
vn 0.297858 -0.143437 -0.943772
vn 0.297857 -0.143436 -0.943773
vn 0.309514 -0.116164 -0.943773
vn 0.309514 -0.116164 -0.943773
vn 0.318682 -0.087950 -0.943773
vn 0.318682 -0.087950 -0.943773
vn 0.325282 -0.059030 -0.943773
vn 0.325281 -0.059030 -0.943773
vn 0.329263 -0.029634 -0.943773
vn 0.329264 -0.029635 -0.943773
vn 0.330595 0.000000 -0.943773
vn 0.330595 0.000000 -0.943773
vn 0.329264 0.029635 -0.943773
vn 0.329263 0.029635 -0.943773
vn 0.325281 0.059030 -0.943773
vn 0.325282 0.059030 -0.943773
vn 0.318682 0.087950 -0.943773
vn 0.318682 0.087950 -0.943773
vn 0.309514 0.116164 -0.943773
vn 0.309513 0.116164 -0.943773
vn 0.005027 -0.111932 -0.993703
vn 0.005440 -0.110745 -0.993834
vn 0.015183 -0.112082 -0.993583
vn 0.016131 -0.108742 -0.993939
vn 0.025358 -0.111103 -0.993485
vn 0.026537 -0.105941 -0.994018
vn 0.035414 -0.108992 -0.993412
vn 0.036626 -0.102362 -0.994073
vn 0.045205 -0.105764 -0.993363
vn 0.046362 -0.098022 -0.994104
vn 0.054594 -0.101452 -0.993341
vn 0.055710 -0.092947 -0.994111
vn 0.063447 -0.096119 -0.993346
vn 0.064635 -0.087150 -0.994096
vn 0.071641 -0.089835 -0.993377
vn 0.073104 -0.080658 -0.994057
vn 0.079066 -0.082696 -0.993433
vn 0.081081 -0.073487 -0.993995
vn 0.085622 -0.074806 -0.993515
vn 0.088529 -0.065659 -0.993907
vn 0.091238 -0.066288 -0.993620
vn 0.095422 -0.057193 -0.993793
vn 0.095844 -0.057265 -0.993748
vn 0.101288 -0.048777 -0.993661
vn 0.099926 -0.047261 -0.993872
vn 0.106183 -0.039852 -0.993548
vn 0.103257 -0.036946 -0.993968
vn 0.110084 -0.030381 -0.993458
vn 0.105758 -0.026491 -0.994039
vn 0.112923 -0.020492 -0.993392
vn 0.107425 -0.015935 -0.994085
vn 0.114647 -0.010319 -0.993353
vn 0.108258 -0.005318 -0.994109
vn 0.115224 0.000000 -0.993340
vn 0.108258 0.005318 -0.994109
vn 0.114647 0.010319 -0.993353
vn 0.107425 0.015935 -0.994085
vn 0.112923 0.020492 -0.993392
vn 0.105758 0.026491 -0.994039
vn 0.110084 0.030381 -0.993458
vn 0.103257 0.036946 -0.993968
vn 0.106183 0.039852 -0.993548
vn 0.099926 0.047261 -0.993872
vn 0.283799 0.169561 -0.943773
vn 0.283796 0.169561 -0.943774
vn 0.267454 0.194317 -0.943774
vn 0.267457 0.194318 -0.943773
vn 0.248960 0.217512 -0.943773
vn 0.248962 0.217512 -0.943772
vn 0.228461 0.238954 -0.943772
vn 0.228467 0.238957 -0.943770
vn 0.206128 0.258473 -0.943771
vn 0.206125 0.258471 -0.943772
vn 0.182125 0.275908 -0.943772
vn 0.182123 0.275907 -0.943772
vn 0.156659 0.291121 -0.943772
vn 0.156660 0.291122 -0.943772
vn 0.129933 0.303993 -0.943772
vn 0.129931 0.303991 -0.943773
vn 0.102160 0.314414 -0.943773
vn 0.102161 0.314415 -0.943772
vn 0.073566 0.322308 -0.943772
vn 0.073563 0.322304 -0.943774
vn 0.044376 0.327602 -0.943773
vn 0.044377 0.327605 -0.943772
vn 0.457067 0.273087 -0.846471
vn 0.457073 0.273087 -0.846468
vn 0.430753 0.312959 -0.846468
vn 0.430750 0.312958 -0.846470
vn 0.400961 0.350311 -0.846470
vn 0.400959 0.350310 -0.846472
vn 0.367947 0.384837 -0.846472
vn 0.367932 0.384831 -0.846482
vn 0.331955 0.416264 -0.846481
vn 0.331972 0.416274 -0.846469
vn 0.293319 0.444356 -0.846470
vn 0.293313 0.444351 -0.846475
vn 0.252302 0.468855 -0.846475
vn 0.252300 0.468853 -0.846476
vn 0.209259 0.489581 -0.846476
vn 0.209254 0.489576 -0.846479
vn 0.164526 0.506365 -0.846479
vn 0.164530 0.506369 -0.846475
vn 0.118477 0.519077 -0.846476
vn 0.118478 0.519078 -0.846476
vn 0.071468 0.527609 -0.846476
vn 0.071467 0.527608 -0.846476
vn 0.607311 0.362848 -0.706764
vn 0.607300 0.362847 -0.706774
vn 0.572331 0.415823 -0.706774
vn 0.572335 0.415823 -0.706770
vn 0.532755 0.465455 -0.706770
vn 0.532753 0.465454 -0.706772
vn 0.488886 0.511336 -0.706771
vn 0.488898 0.511340 -0.706761
vn 0.441092 0.553106 -0.706761
vn 0.441075 0.553099 -0.706778
vn 0.389724 0.590408 -0.706777
vn 0.389731 0.590413 -0.706769
vn 0.335235 0.622974 -0.706768
vn 0.335238 0.622975 -0.706765
vn 0.278045 0.650519 -0.706765
vn 0.278049 0.650522 -0.706760
vn 0.218616 0.672827 -0.706760
vn 0.218610 0.672822 -0.706768
vn 0.157423 0.689710 -0.706766
vn 0.157424 0.689712 -0.706763
vn 0.094962 0.701047 -0.706764
vn 0.094961 0.701046 -0.706765
vn 0.810357 0.484169 -0.330003
vn 0.727082 0.434408 -0.531641
vn 0.727083 0.434408 -0.531638
vn 0.685214 0.497838 -0.531638
vn 0.685215 0.497838 -0.531636
vn 0.637832 0.557254 -0.531638
vn 0.637827 0.557253 -0.531645
vn 0.585311 0.612180 -0.531645
vn 0.585301 0.612178 -0.531659
vn 0.528071 0.662179 -0.531658
vn 0.528076 0.662180 -0.531651
vn 0.466589 0.706854 -0.531651
vn 0.466587 0.706853 -0.531653
vn 0.401345 0.745833 -0.531653
vn 0.401350 0.745836 -0.531645
vn 0.332880 0.778809 -0.531646
vn 0.332878 0.778807 -0.531650
vn 0.261725 0.805511 -0.531650
vn 0.261729 0.805513 -0.531645
vn 0.188466 0.825731 -0.531647
vn 0.188469 0.825735 -0.531640
vn 0.113693 0.839305 -0.531641
vn 0.113689 0.839300 -0.531648
vn 0.763695 0.554859 -0.330002
vn 0.763702 0.554857 -0.329988
vn 0.810364 0.484167 -0.329988
vn 0.710881 0.621086 -0.330000
vn 0.710893 0.621085 -0.329976
vn 0.652358 0.682309 -0.329976
vn 0.652362 0.682309 -0.329967
vn 0.588568 0.738043 -0.329969
vn 0.588572 0.738044 -0.329962
vn 0.520047 0.787829 -0.329963
vn 0.520040 0.787828 -0.329977
vn 0.447326 0.831273 -0.329977
vn 0.447320 0.831271 -0.329990
vn 0.371009 0.868021 -0.329989
vn 0.371012 0.868022 -0.329981
vn 0.291707 0.897786 -0.329980
vn 0.291708 0.897787 -0.329979
vn 0.210056 0.920321 -0.329980
vn 0.210055 0.920320 -0.329983
vn 0.126716 0.935443 -0.329984
vn 0.126716 0.935443 -0.329983
vn -0.000000 0.000000 -1.000000
vn -0.000000 -0.000000 -1.000000
vn -0.000000 0.000000 -1.000000
vn -0.000000 0.000000 -1.000000
vn -0.000000 0.000000 -1.000000
vn -0.000000 0.000000 -1.000000
vn -0.000000 0.000000 -1.000000
vn -0.000000 0.000000 -1.000000
vn -0.000000 0.000000 -1.000000
vn -0.000000 0.000000 -1.000000
vn -0.000000 0.000000 -1.000000
vn -0.000000 0.000000 -1.000000
vn -0.000000 0.000000 -1.000000
vn -0.000000 0.000000 -1.000000
vn -0.000000 0.000000 -1.000000
vn -0.000000 0.000000 -1.000000
vn -0.000000 0.000000 -1.000000
vn -0.000000 0.000000 -1.000000
vn -0.000000 0.000000 -1.000000
vn -0.000000 0.000000 -1.000000
vn -0.000000 0.000000 -1.000000
vn -0.000000 0.000000 -1.000000
vn -0.000000 0.000000 -1.000000
vn -0.000000 0.000000 -1.000000
vn -0.000000 0.000000 -1.000000
vn -0.000000 0.000000 -1.000000
vn -0.000000 0.000000 -1.000000
vn -0.000000 0.000000 -1.000000
vn -0.000000 0.000000 -1.000000
vn -0.000000 0.000000 -1.000000
vn -0.000000 0.000000 -1.000000
vn 1.000000 0.000000 -0.000000
vn 1.000000 0.000000 0.000000
vn 1.000000 0.000000 0.000000
vn 1.000000 0.000000 0.000000
vn 1.000000 0.000000 0.000000
vn 1.000000 0.000000 0.000000
vn 1.000000 0.000000 0.000000
vn 1.000000 0.000000 -0.000000
vn 1.000000 0.000000 -0.000000
vn 1.000000 0.000000 0.000000
vn 1.000000 0.000000 -0.000000
vn 1.000000 0.000000 -0.000000
vn 1.000000 0.000000 0.000000
vn 1.000000 0.000000 -0.000000
vn 1.000000 0.000000 -0.000000
vn 1.000000 0.000000 0.000000
vn 1.000000 0.000000 -0.000000
vn 1.000000 0.000000 -0.000000
vn 1.000000 0.000000 0.000000
vn 1.000000 0.000000 -0.000000
vn 1.000000 0.000000 -0.000000
vn 1.000000 0.000000 0.000000
vn 1.000000 0.000000 0.000000
vn 1.000000 0.000000 0.000000
vn 1.000000 0.000000 0.000000
vn 1.000000 0.000000 0.000000
vn 1.000000 0.000000 0.000000
vn 1.000000 0.000000 0.000000
vn 1.000000 0.000000 0.000000
vn 1.000000 0.000000 0.000000
vn 1.000000 0.000000 0.000000
vn 1.000000 0.000000 0.000000
vn 1.000000 0.000000 0.000000
vn 1.000000 0.000000 0.000000
vn 1.000000 0.000000 0.000000
vn 1.000000 0.000000 0.000000
vn 1.000000 0.000000 0.000000
vn 1.000000 -0.000000 0.000000
vn 1.000000 -0.000000 0.000000
vn 1.000000 -0.000000 0.000000
vn 1.000000 -0.000000 0.000000
vn 1.000000 -0.000000 0.000000
vn 1.000000 -0.000000 0.000000
vn 1.000000 -0.000000 0.000000
vn 1.000000 0.000000 0.000000
vn 1.000000 -0.000000 0.000000
vn 1.000000 -0.000000 0.000000
vn 1.000000 0.000000 0.000000
vn 0.011379 -0.999935 0.000000
vn 0.044864 -0.998992 -0.001261
vn 0.068243 -0.997668 0.001333
vn 0.134234 -0.990949 -0.001307
vn 0.158684 -0.987328 0.001378
vn 0.222521 -0.974927 -0.001351
vn 0.247808 -0.968808 0.001420
vn 0.309014 -0.951056 -0.001391
vn 0.334879 -0.942260 0.001459
vn 0.393028 -0.919525 -0.001428
vn 0.419177 -0.907903 0.001495
vn 0.473864 -0.880597 -0.001463
vn 0.499993 -0.866028 0.001529
vn 0.550896 -0.834572 -0.001496
vn 0.576682 -0.816967 0.001560
vn 0.623490 -0.781830 -0.001525
vn 0.648581 -0.761144 0.001588
vn 0.691062 -0.722794 -0.001552
vn 0.715113 -0.699007 0.001614
vn 0.753071 -0.657938 -0.001575
vn 0.775706 -0.631093 0.001636
vn 0.809017 -0.587782 -0.001597
vn 0.829884 -0.557934 0.001655
vn 0.858449 -0.512896 -0.001615
vn 0.877181 -0.480156 0.001671
vn 0.900969 -0.433881 -0.001631
vn 0.917209 -0.398402 0.001684
vn 0.936231 -0.351383 -0.001644
vn 0.949639 -0.313342 0.001697
vn 0.963964 -0.266026 -0.001653
vn 0.974197 -0.225693 0.001703
vn 0.983927 -0.178563 -0.001661
vn 0.990686 -0.136158 0.001710
vn 0.995972 -0.089646 -0.001663
vn 0.998962 -0.045516 0.001715
vn 0.999999 0.000000 -0.001664
vn 0.998962 0.045516 0.001715
vn 0.995972 0.089646 -0.001663
vn 0.990686 0.136158 0.001710
vn 0.983927 0.178563 -0.001661
vn 0.974197 0.225693 0.001703
vn 0.963964 0.266026 -0.001653
vn 0.949639 0.313342 0.001697
vn 0.936231 0.351383 -0.001644
vn 0.917209 0.398402 0.001684
vn 0.900969 0.433881 -0.001631
vn 0.877181 0.480156 0.001671
vn 0.858450 0.512895 -0.001615
vn 0.829884 0.557934 0.001655
vn 0.809017 0.587782 -0.001597
vn 0.775706 0.631093 0.001636
vn 0.753070 0.657939 -0.001574
vn 0.715112 0.699008 0.001614
vn 0.691062 0.722794 -0.001552
vn 0.648584 0.761142 0.001588
vn 0.623488 0.781831 -0.001526
vn 0.576679 0.816969 0.001559
vn 0.550896 0.834572 -0.001496
vn 0.499996 0.866026 0.001529
vn 0.473865 0.880596 -0.001464
vn 0.419176 0.907904 0.001495
vn 0.393027 0.919526 -0.001429
vn 0.334881 0.942259 0.001459
vn 0.309016 0.951056 -0.001391
vn 0.247804 0.968809 0.001420
vn 0.222519 0.974927 -0.001350
vn 0.158684 0.987328 0.001378
vn 0.134236 0.990948 -0.001307
vn 0.068243 0.997668 0.001333
vn 0.044862 0.998992 -0.001261
vn 0.011379 0.999935 0.000000
vn -0.022762 0.999740 0.001392
vn -0.044862 0.998992 -0.001313
vn -0.113580 0.993528 0.001338
vn -0.134236 0.990949 -0.001257
vn -0.203457 0.979083 0.001280
vn -0.222519 0.974928 -0.001198
vn -0.291645 0.956526 0.001219
vn -0.309016 0.951056 -0.001136
vn -0.377419 0.926042 0.001156
vn -0.393027 0.919526 -0.001071
vn -0.460065 0.887884 0.001089
vn -0.473866 0.880597 -0.001002
vn -0.538900 0.842369 0.001020
vn -0.550897 0.834573 -0.000931
vn -0.613264 0.789878 0.000947
vn -0.623489 0.781832 -0.000857
vn -0.682556 0.730832 0.000871
vn -0.691062 0.722795 -0.000778
vn -0.746180 0.665744 0.000793
vn -0.753070 0.657940 -0.000699
vn -0.803634 0.595124 0.000711
vn -0.809018 0.587783 -0.000615
vn -0.854415 0.519590 0.000626
vn -0.858451 0.512895 -0.000530
vn -0.898132 0.439726 0.000537
vn -0.900970 0.433881 -0.000440
vn -0.934389 0.356253 0.000447
vn -0.936232 0.351383 -0.000348
vn -0.962919 0.269791 0.000352
vn -0.963966 0.266027 -0.000253
vn -0.983462 0.181113 0.000255
vn -0.983928 0.178563 -0.000153
vn -0.995856 0.090939 0.000156
vn -0.995974 0.089646 -0.000051
vn -1.000000 0.000000 0.000053
vn -1.000000 0.000000 0.000053
vn -0.995974 -0.089646 -0.000051
vn -0.995856 -0.090939 0.000156
vn -0.983928 -0.178563 -0.000153
vn -0.983462 -0.181113 0.000255
vn -0.963966 -0.266027 -0.000253
vn -0.962919 -0.269791 0.000352
vn -0.936232 -0.351383 -0.000348
vn -0.934389 -0.356253 0.000447
vn -0.900970 -0.433881 -0.000440
vn -0.898132 -0.439726 0.000537
vn -0.858450 -0.512896 -0.000530
vn -0.854416 -0.519589 0.000626
vn -0.809018 -0.587783 -0.000615
vn -0.803632 -0.595126 0.000711
vn -0.753071 -0.657939 -0.000699
vn -0.746181 -0.665743 0.000793
vn -0.691062 -0.722795 -0.000778
vn -0.682556 -0.730832 0.000871
vn -0.623490 -0.781831 -0.000857
vn -0.613264 -0.789878 0.000948
vn -0.550897 -0.834573 -0.000930
vn -0.538899 -0.842370 0.001020
vn -0.473864 -0.880597 -0.001002
vn -0.460065 -0.887884 0.001089
vn -0.393028 -0.919526 -0.001071
vn -0.377421 -0.926041 0.001156
vn -0.309014 -0.951057 -0.001136
vn -0.291647 -0.956525 0.001219
vn -0.222521 -0.974927 -0.001198
vn -0.203455 -0.979083 0.001280
vn -0.134234 -0.990949 -0.001257
vn -0.113580 -0.993528 0.001338
vn -0.044864 -0.998992 -0.001313
vn -0.022764 -0.999740 0.001392
vn -0.000000 1.000000 0.000000
vn 0.000000 1.000000 0.000000
vn 0.000000 1.000000 0.000000
vn 0.000000 1.000000 0.000000
vn 0.000000 1.000000 0.000000
vn 0.000000 1.000000 0.000000
vn 0.000000 1.000000 -0.000000
vn 0.000000 1.000000 0.000000
vn 0.000000 1.000000 0.000000
vn -0.000000 1.000000 0.000000
vn 0.000000 0.000000 1.000000
vn 0.000000 0.000000 1.000000
vn 0.000000 -0.000000 -1.000000
vn 0.000000 0.000000 -1.000000
vn 1.000000 0.000000 0.000000
vn 1.000000 0.000000 0.000000
vn 1.000000 0.000000 0.000000
vn 1.000000 0.000000 -0.000000
vn 1.000000 -0.000000 -0.000000
vn 1.000000 -0.000000 -0.000000
vn 1.000000 0.000000 0.000000
vn 1.000000 0.000000 -0.000000
vn 1.000000 0.000000 -0.000000
vn 1.000000 0.000000 0.000000
vn 1.000000 0.000000 0.000000
vn 1.000000 0.000000 0.000000
vn 1.000000 0.000000 0.000000
vn 1.000000 -0.000000 0.000000
vn 1.000000 -0.000000 0.000000
vn 1.000000 0.000000 0.000000
vn 1.000000 -0.000000 0.000000
vn 1.000000 -0.000000 0.000000
vn 1.000000 0.000000 0.000000
vn 1.000000 0.000000 0.000000
vn 1.000000 0.000000 0.000000
vn 1.000000 0.000000 0.000000
vn 1.000000 0.000000 0.000000
vn 1.000000 0.000000 0.000000
vn 1.000000 0.000000 0.000000
vn 1.000000 0.000000 0.000000
vn 1.000000 0.000000 0.000000
vn 1.000000 0.000000 0.000000
vn 0.000000 -0.000000 -1.000000
vn 0.000000 0.000000 -1.000000
vn -0.039367 0.999225 0.000000
vn -0.040265 0.999189 -0.000064
vn -0.117859 0.993030 0.000062
vn -0.120538 0.992709 -0.000124
vn -0.195617 0.980680 0.000122
vn -0.200026 0.979791 -0.000182
vn -0.272165 0.962251 0.000178
vn -0.278216 0.960519 -0.000237
vn -0.347028 0.937855 0.000232
vn -0.354606 0.935016 -0.000289
vn -0.419730 0.907649 0.000282
vn -0.428695 0.903449 -0.000339
vn -0.489841 0.871812 0.000330
vn -0.499999 0.866026 -0.000385
vn -0.548495 0.836154 0.000260
vn -0.568066 0.822983 -0.000708
vn -0.595666 0.803232 0.000357
vn -0.632446 0.774604 -0.000586
vn -0.640943 0.767589 -0.000015
vn -0.682882 0.730529 0.000047
vn -0.692719 0.721207 -0.000602
vn -0.712387 0.701787 0.000031
vn -0.731134 0.682233 0.000000
vn -0.748511 0.663122 -0.000634
vn -0.749505 0.661998 -0.000566
vn -0.767186 0.641425 0.000024
vn -0.783823 0.620984 -0.000002
vn -0.799446 0.600737 -0.000589
vn -0.799332 0.600889 -0.000597
vn -0.813984 0.580887 -0.000039
vn -0.827191 0.561921 0.000026
vn -0.833989 0.551781 -0.000153
vn -0.833698 0.552221 -0.000244
vn -0.845186 0.534472 -0.000684
vn -0.841191 0.540738 -0.000444
vn -0.837118 0.547022 -0.000260
vn -0.885457 0.464720 -0.000628
vn -0.885547 0.464549 -0.000633
vn -0.877799 0.479029 -0.000260
vn -0.896051 0.443952 0.000532
vn -0.919976 0.391974 -0.000569
vn -0.927424 0.374011 0.000466
vn -0.948538 0.316662 -0.000495
vn -0.953344 0.301886 0.000386
vn -0.970942 0.239314 -0.000409
vn -0.973663 0.227991 0.000292
vn -0.987051 0.160408 -0.000310
vn -0.988268 0.152728 0.000185
vn -0.996758 0.080464 -0.000196
vn -0.997063 0.076592 0.000065
vn -1.000000 -0.000000 -0.000069
vn -1.000000 -0.000000 -0.000069
vn -0.997063 -0.076592 0.000065
vn -0.996758 -0.080464 -0.000196
vn -0.988268 -0.152728 0.000185
vn -0.987051 -0.160408 -0.000310
vn -0.973663 -0.227991 0.000292
vn -0.970942 -0.239314 -0.000409
vn -0.953344 -0.301886 0.000386
vn -0.948538 -0.316662 -0.000495
vn -0.927424 -0.374010 0.000466
vn -0.919976 -0.391974 -0.000569
vn -0.896051 -0.443952 0.000532
vn -0.885457 -0.464720 -0.000628
vn -0.882353 -0.470588 -0.000478
vn -0.877785 -0.479055 -0.000259
vn -0.876610 -0.481201 -0.000208
vn -0.875095 -0.483952 -0.000150
vn -0.871961 -0.489575 -0.000056
vn -0.866236 -0.499634 0.000025
vn -0.859106 -0.511797 -0.000064
vn -0.852542 -0.522659 -0.000285
vn -0.845187 -0.534471 -0.000665
vn -0.846215 -0.532841 -0.000746
vn -0.841191 -0.540738 -0.000444
vn -0.837118 -0.547022 -0.000260
vn -0.833981 -0.551793 -0.000152
vn -0.833661 -0.552276 -0.000253
vn -0.799446 -0.600738 -0.000593
vn -0.813982 -0.580890 -0.000039
vn -0.827195 -0.561915 0.000026
vn -0.748512 -0.663121 -0.000634
vn -0.749505 -0.661998 -0.000566
vn -0.767188 -0.641423 0.000024
vn -0.692719 -0.721207 -0.000602
vn -0.712389 -0.701785 0.000031
vn -0.731134 -0.682233 0.000000
vn -0.632447 -0.774603 -0.000586
vn -0.640943 -0.767589 -0.000015
vn -0.682881 -0.730530 0.000047
vn -0.595668 -0.803231 0.000358
vn -0.568065 -0.822983 -0.000708
vn -0.548491 -0.836156 0.000260
vn -0.499999 -0.866026 -0.000385
vn -0.489843 -0.871811 0.000330
vn -0.428693 -0.903450 -0.000339
vn -0.419730 -0.907649 0.000282
vn -0.354608 -0.935015 -0.000289
vn -0.347027 -0.937855 0.000232
vn -0.278214 -0.960519 -0.000237
vn -0.272166 -0.962250 0.000178
vn -0.200028 -0.979790 -0.000183
vn -0.195619 -0.980680 0.000122
vn -0.120538 -0.992709 -0.000125
vn -0.117855 -0.993031 0.000062
vn -0.040263 -0.999189 -0.000064
vn -0.039367 -0.999225 0.000000
vn -0.783821 -0.620987 -0.000002
vn -0.799326 -0.600897 -0.000584
vn 0.000000 0.000000 -1.000000
vn -0.876596 0.481227 -0.000208
vn -0.875102 0.483939 -0.000150
vn -0.871961 0.489575 -0.000056
vn -0.866236 0.499634 0.000025
vn -0.859104 0.511802 -0.000064
vn -0.852538 0.522665 -0.000285
vn -0.846369 0.532597 -0.000604
vn -0.000000 0.000000 1.000000
vn 0.000000 0.000000 1.000000
vn 0.000000 0.000000 1.000000
vn 0.000000 0.000000 1.000000
vn 0.000000 0.000000 1.000000
vn 0.000000 0.000000 1.000000
vn 0.000000 0.000000 1.000000
vn 0.000000 0.000000 1.000000
vn 0.000000 0.000000 1.000000
vn 0.000000 0.000000 1.000000
vn 0.000000 0.000000 1.000000
vn 0.000000 0.000000 1.000000
vn 0.000000 0.000000 1.000000
vn 0.000000 0.000000 1.000000
vn 0.000000 0.000000 1.000000
vn 0.000000 0.000000 1.000000
vn 0.000000 0.000000 1.000000
vn 0.000000 0.000000 1.000000
vn 0.000000 0.000000 1.000000
vn 0.000000 0.000000 1.000000
vn 0.000000 0.000000 1.000000
vn 0.000000 0.000000 1.000000
vn 0.000000 0.000000 1.000000
vn 0.000000 0.000000 1.000000
vn 0.000000 0.000000 1.000000
vn 0.000000 0.000000 1.000000
vn 0.000000 0.000000 1.000000
vn 0.000000 0.000000 1.000000
vn 0.000000 0.000000 1.000000
vn 0.000000 0.000000 1.000000
vn 0.000000 0.000000 1.000000
vn 0.000000 0.000000 1.000000
vn 0.000000 0.000000 1.000000
vn 0.000000 0.000000 1.000000
vn 0.000000 0.000000 1.000000
vn 0.000000 0.000000 1.000000
vn 0.000000 0.000000 1.000000
vn 0.000000 0.000000 1.000000
vn 0.000000 0.000000 1.000000
vn 0.000000 0.000000 1.000000
vn 0.000000 0.000000 1.000000
vn 0.000000 0.000000 1.000000
vn 0.000000 0.000000 1.000000
vn 0.000000 0.000000 1.000000
vn 0.000000 0.000000 1.000000
vn 0.000000 0.000000 1.000000
vn -0.000000 0.000000 1.000000
vn 0.000000 0.000000 1.000000
vn -0.000000 0.000000 1.000000
vn 0.000000 0.000000 1.000000
vn -0.000000 0.000000 1.000000
vn 0.000000 0.000000 1.000000
vn -0.000000 0.000000 1.000000
vn 0.000000 0.000000 1.000000
vn -0.000000 0.000000 1.000000
vn 0.000000 0.000000 1.000000
vn -0.000000 0.000000 1.000000
vn 0.000000 0.000000 1.000000
vn -0.000000 0.000000 1.000000
vn 0.000000 0.000000 1.000000
vn -0.000000 0.000000 1.000000
vn 0.000000 0.000000 1.000000
vn -0.000000 0.000000 1.000000
vn 0.000000 0.000000 1.000000
vn -0.000000 0.000000 1.000000
vn 0.000000 0.000000 1.000000
vn -0.000000 0.000000 1.000000
vn 0.000000 0.000000 1.000000
vn -0.000000 0.000000 1.000000
vn 0.000000 0.000000 1.000000
vn -0.000000 0.000000 1.000000
vn 0.000000 0.000000 1.000000
vn -0.000000 0.000000 1.000000
vn 0.000000 0.000000 1.000000
vn -0.000000 0.000000 1.000000
vn 0.000000 0.000000 1.000000
vn -0.000000 0.000000 1.000000
vn 0.000000 0.000000 1.000000
vn -0.000000 0.000000 1.000000
vn 0.000000 0.000000 1.000000
vn -0.000000 0.000000 1.000000
vn 0.000000 0.000000 1.000000
vn -0.000000 0.000000 1.000000
vn 0.000000 0.000000 1.000000
vn -0.000000 0.000000 1.000000
vn 0.000000 0.000000 1.000000
vn -0.000000 0.000000 1.000000
vn 0.000000 0.000000 1.000000
vn 0.000000 0.000000 1.000000
vn 0.000000 0.000000 1.000000
vn 0.000000 -0.000000 1.000000
vn 0.000000 -0.000000 1.000000
vn 0.000000 0.000000 1.000000
vn 0.000000 0.000000 1.000000
vn 0.000000 0.000000 1.000000
vn 0.000000 0.000000 1.000000
vn 0.000000 0.000000 1.000000
vn 0.000000 0.000000 1.000000
vn 0.000000 0.000000 1.000000
vn 0.000000 0.000000 1.000000
vn 0.000000 0.000000 1.000000
vn 0.000000 0.000000 1.000000
vn 0.000000 0.000000 1.000000
vn 0.000000 0.000000 1.000000
vn -0.000000 0.000000 1.000000
vn 0.000000 0.000000 1.000000
vn 0.000000 0.000000 1.000000
vn 0.000000 0.000000 1.000000
vn 0.000000 -0.000000 1.000000
vn 0.000000 0.000000 1.000000
vn 0.000000 0.000000 1.000000
vn 0.000000 0.000000 1.000000
vn 0.000000 0.000000 1.000000
vn 0.000000 0.000000 1.000000
vn 0.000000 0.000000 1.000000
vn 0.000000 0.000000 1.000000
vn 0.000000 0.000000 1.000000
vn 0.000000 0.000000 1.000000
vn 0.000000 0.000000 1.000000
vn 0.000000 0.000000 1.000000
vn 0.000000 0.000000 1.000000
vn 0.000000 0.000000 1.000000
vn 0.000000 0.000000 1.000000
vn 0.000000 0.000000 1.000000
vn 0.000000 0.000000 1.000000
vn 0.000000 0.000000 1.000000
vn 0.000000 0.000000 1.000000
vn 0.000000 0.000000 1.000000
vn 0.991438 -0.130578 0.000000
vn 0.991438 -0.130578 0.000000
vn 0.991437 0.130582 0.000000
vn 0.991437 0.130582 0.000000
vn 0.923906 0.382620 0.000000
vn 0.923906 0.382620 0.000000
vn 0.793312 0.608815 0.000000
vn 0.793312 0.608815 0.000000
vn 0.608792 0.793330 0.000000
vn 0.608792 0.793330 0.000000
vn 0.382680 0.923881 0.000000
vn 0.382680 0.923881 0.000000
vn 0.130550 0.991442 0.000000
vn 0.130550 0.991442 0.000000
vn -0.130550 0.991442 0.000000
vn -0.130550 0.991442 0.000000
vn -0.382680 0.923881 0.000000
vn -0.382680 0.923881 0.000000
vn -0.608792 0.793330 0.000000
vn -0.608792 0.793330 0.000000
vn -0.793312 0.608815 0.000000
vn -0.793312 0.608815 0.000000
vn -0.923906 0.382620 0.000000
vn -0.923906 0.382620 0.000000
vn -0.991437 0.130582 0.000000
vn -0.991437 0.130582 0.000000
vn -0.991438 -0.130578 0.000000
vn -0.991438 -0.130578 -0.000000
vn -0.923901 -0.382631 0.000000
vn -0.923901 -0.382631 -0.000000
vn -0.793323 -0.608801 0.000000
vn -0.793323 -0.608801 -0.000000
vn -0.608792 -0.793330 0.000000
vn -0.608792 -0.793330 -0.000000
vn -0.382680 -0.923881 0.000000
vn -0.382680 -0.923881 -0.000000
vn -0.130521 -0.991446 0.000000
vn -0.130521 -0.991446 -0.000000
vn 0.130521 -0.991446 0.000000
vn 0.130521 -0.991446 0.000000
vn 0.382680 -0.923881 0.000000
vn 0.382680 -0.923881 0.000000
vn 0.608792 -0.793330 0.000000
vn 0.608792 -0.793330 0.000000
vn 0.793323 -0.608801 0.000000
vn 0.793323 -0.608801 0.000000
vn 0.923901 -0.382631 0.000000
vn 0.923901 -0.382631 0.000000
vn 0.991437 0.130582 0.000000
vn 0.991437 0.130582 -0.000000
vn 0.991438 -0.130578 0.000000
vn 0.991438 -0.130578 0.000000
vn 0.923901 -0.382631 0.000000
vn 0.923901 -0.382631 0.000000
vn 0.793323 -0.608801 0.000000
vn 0.793323 -0.608801 0.000000
vn 0.608792 -0.793330 0.000000
vn 0.608792 -0.793330 0.000000
vn 0.382680 -0.923881 0.000000
vn 0.382680 -0.923881 0.000000
vn 0.130521 -0.991446 0.000000
vn 0.130521 -0.991446 0.000000
vn -0.130521 -0.991446 0.000000
vn -0.130521 -0.991446 0.000000
vn -0.382680 -0.923881 0.000000
vn -0.382680 -0.923881 0.000000
vn -0.608792 -0.793330 0.000000
vn -0.608792 -0.793330 0.000000
vn -0.793323 -0.608801 0.000000
vn -0.793323 -0.608801 0.000000
vn -0.923901 -0.382631 0.000000
vn -0.923901 -0.382631 0.000000
vn -0.991438 -0.130578 0.000000
vn -0.991438 -0.130578 0.000000
vn -0.991437 0.130582 0.000000
vn -0.991437 0.130582 0.000000
vn -0.923906 0.382620 0.000000
vn -0.923906 0.382620 0.000000
vn -0.793312 0.608815 0.000000
vn -0.793312 0.608815 0.000000
vn -0.608792 0.793330 0.000000
vn -0.608792 0.793330 0.000000
vn -0.382680 0.923881 0.000000
vn -0.382680 0.923881 0.000000
vn -0.130550 0.991442 0.000000
vn -0.130550 0.991442 0.000000
vn 0.130550 0.991442 0.000000
vn 0.130550 0.991442 -0.000000
vn 0.382680 0.923881 0.000000
vn 0.382680 0.923881 -0.000000
vn 0.608792 0.793330 0.000000
vn 0.608792 0.793330 -0.000000
vn 0.793312 0.608815 0.000000
vn 0.793312 0.608815 -0.000000
vn 0.923906 0.382620 0.000000
vn 0.923906 0.382620 -0.000000
vn 0.991438 -0.130578 0.000000
vn 0.991438 -0.130578 0.000000
vn 0.991438 0.130578 0.000000
vn 0.991438 0.130578 0.000000
vn 0.923901 0.382631 0.000000
vn 0.923901 0.382631 0.000000
vn 0.793323 0.608801 0.000000
vn 0.793323 0.608801 0.000000
vn 0.608783 0.793337 0.000000
vn 0.608783 0.793337 0.000000
vn 0.382693 0.923876 0.000000
vn 0.382693 0.923876 0.000000
vn 0.130521 0.991446 0.000000
vn 0.130521 0.991446 0.000000
vn -0.130521 0.991446 0.000000
vn -0.130521 0.991446 0.000000
vn -0.382693 0.923876 0.000000
vn -0.382693 0.923876 0.000000
vn -0.608783 0.793337 0.000000
vn -0.608783 0.793337 0.000000
vn -0.793323 0.608801 0.000000
vn -0.793323 0.608801 0.000000
vn -0.923901 0.382631 0.000000
vn -0.923901 0.382631 0.000000
vn -0.991438 0.130578 0.000000
vn -0.991438 0.130578 0.000000
vn -0.991438 -0.130578 0.000000
vn -0.991438 -0.130578 -0.000000
vn -0.923901 -0.382631 0.000000
vn -0.923901 -0.382631 -0.000000
vn -0.793323 -0.608801 0.000000
vn -0.793323 -0.608801 -0.000000
vn -0.608783 -0.793337 0.000000
vn -0.608783 -0.793337 -0.000000
vn -0.382693 -0.923876 0.000000
vn -0.382693 -0.923876 -0.000000
vn -0.130521 -0.991446 0.000000
vn -0.130521 -0.991446 -0.000000
vn 0.130521 -0.991446 0.000000
vn 0.130521 -0.991446 0.000000
vn 0.382693 -0.923876 0.000000
vn 0.382693 -0.923876 0.000000
vn 0.608783 -0.793337 0.000000
vn 0.608783 -0.793337 0.000000
vn 0.793323 -0.608801 0.000000
vn 0.793323 -0.608801 0.000000
vn 0.923901 -0.382631 0.000000
vn 0.923901 -0.382631 0.000000
vn 0.991438 0.130578 0.000000
vn 0.991438 0.130578 -0.000000
vn 0.991438 -0.130578 0.000000
vn 0.991438 -0.130578 0.000000
vn 0.923901 -0.382631 0.000000
vn 0.923901 -0.382631 0.000000
vn 0.793323 -0.608801 0.000000
vn 0.793323 -0.608801 0.000000
vn 0.608783 -0.793337 0.000000
vn 0.608783 -0.793337 0.000000
vn 0.382693 -0.923876 0.000000
vn 0.382693 -0.923876 0.000000
vn 0.130521 -0.991446 0.000000
vn 0.130521 -0.991446 0.000000
vn -0.130521 -0.991446 0.000000
vn -0.130521 -0.991446 0.000000
vn -0.382693 -0.923876 0.000000
vn -0.382693 -0.923876 0.000000
vn -0.608783 -0.793337 0.000000
vn -0.608783 -0.793337 0.000000
vn -0.793323 -0.608801 0.000000
vn -0.793323 -0.608801 0.000000
vn -0.923901 -0.382631 0.000000
vn -0.923901 -0.382631 0.000000
vn -0.991438 -0.130578 0.000000
vn -0.991438 -0.130578 0.000000
vn -0.991438 0.130578 0.000000
vn -0.991438 0.130578 0.000000
vn -0.923901 0.382631 0.000000
vn -0.923901 0.382631 0.000000
vn -0.793323 0.608801 0.000000
vn -0.793323 0.608801 0.000000
vn -0.608783 0.793337 0.000000
vn -0.608783 0.793337 0.000000
vn -0.382693 0.923876 0.000000
vn -0.382693 0.923876 0.000000
vn -0.130521 0.991446 0.000000
vn -0.130521 0.991446 0.000000
vn 0.130521 0.991446 0.000000
vn 0.130521 0.991446 -0.000000
vn 0.382693 0.923876 0.000000
vn 0.382693 0.923876 -0.000000
vn 0.608783 0.793337 0.000000
vn 0.608783 0.793337 -0.000000
vn 0.793323 0.608801 0.000000
vn 0.793323 0.608801 -0.000000
vn 0.923901 0.382631 0.000000
vn 0.923901 0.382631 -0.000000
vn 0.994523 -0.104520 0.000000
vn 0.994523 -0.104520 0.000000
vn 0.994523 0.104520 0.000000
vn 0.994523 0.104520 0.000000
vn 0.951052 0.309031 0.000000
vn 0.951052 0.309031 0.000000
vn 0.866020 0.500009 0.000000
vn 0.866020 0.500009 0.000000
vn 0.743148 0.669128 0.000000
vn 0.743148 0.669128 0.000000
vn 0.587791 0.809013 0.000000
vn 0.587791 0.809013 0.000000
vn 0.406732 0.913548 0.000000
vn 0.406732 0.913548 0.000000
vn 0.207914 0.978147 0.000000
vn 0.207914 0.978147 0.000000
vn 0.000000 1.000000 0.000000
vn 0.000000 1.000000 0.000000
vn -0.207914 0.978147 0.000000
vn -0.207914 0.978147 0.000000
vn -0.406732 0.913548 0.000000
vn -0.406732 0.913548 0.000000
vn -0.587791 0.809013 0.000000
vn -0.587791 0.809013 0.000000
vn -0.743148 0.669128 0.000000
vn -0.743148 0.669128 0.000000
vn -0.866020 0.500009 0.000000
vn -0.866020 0.500009 0.000000
vn -0.951052 0.309031 0.000000
vn -0.951052 0.309031 0.000000
vn -0.994523 0.104520 0.000000
vn -0.994523 0.104520 0.000000
vn -0.994523 -0.104520 0.000000
vn -0.994523 -0.104520 -0.000000
vn -0.951052 -0.309031 0.000000
vn -0.951052 -0.309031 -0.000000
vn -0.866020 -0.500009 0.000000
vn -0.866020 -0.500009 -0.000000
vn -0.743148 -0.669128 0.000000
vn -0.743148 -0.669128 -0.000000
vn -0.587791 -0.809013 0.000000
vn -0.587791 -0.809013 -0.000000
vn -0.406732 -0.913548 0.000000
vn -0.406732 -0.913548 -0.000000
vn -0.207914 -0.978147 0.000000
vn -0.207914 -0.978147 -0.000000
vn 0.000000 -1.000000 0.000000
vn 0.000000 -1.000000 0.000000
vn 0.207914 -0.978147 0.000000
vn 0.207914 -0.978147 0.000000
vn 0.406732 -0.913548 0.000000
vn 0.406732 -0.913548 0.000000
vn 0.587791 -0.809013 0.000000
vn 0.587791 -0.809013 0.000000
vn 0.743148 -0.669128 0.000000
vn 0.743148 -0.669128 0.000000
vn 0.866020 -0.500009 0.000000
vn 0.866020 -0.500009 0.000000
vn 0.951052 -0.309031 0.000000
vn 0.951052 -0.309031 0.000000
vn -0.998933 -0.046177 0.000000
vn -0.998933 -0.046177 -0.000000
vn -0.998933 0.046177 0.000000
vn -0.998933 0.046177 0.000000
vn -0.990409 0.138168 0.000000
vn -0.990409 0.138168 0.000000
vn -0.973439 0.228948 0.000000
vn -0.973439 0.228948 0.000000
vn -0.948160 0.317793 0.000000
vn -0.948160 0.317793 0.000000
vn -0.914796 0.403915 0.000000
vn -0.914796 0.403915 0.000000
vn -0.873620 0.486609 0.000000
vn -0.873620 0.486609 0.000000
vn -0.825000 0.565133 0.000000
vn -0.825000 0.565133 0.000000
vn -0.769336 0.638845 0.000000
vn -0.769336 0.638845 0.000000
vn -0.707105 0.707109 0.000000
vn -0.707105 0.707109 0.000000
vn -0.638847 0.769334 0.000000
vn -0.638847 0.769334 0.000000
vn -0.565137 0.824997 0.000000
vn -0.565137 0.824997 0.000000
vn -0.486603 0.873623 0.000000
vn -0.486603 0.873623 0.000000
vn -0.403923 0.914793 0.000000
vn -0.403923 0.914793 0.000000
vn -0.317790 0.948161 0.000000
vn -0.317790 0.948161 0.000000
vn -0.228952 0.973438 0.000000
vn -0.228952 0.973438 0.000000
vn -0.138156 0.990411 0.000000
vn -0.138156 0.990411 0.000000
vn -0.046181 0.998933 0.000000
vn -0.046181 0.998933 0.000000
vn 0.046181 0.998933 0.000000
vn 0.046181 0.998933 0.000000
vn 0.138156 0.990411 0.000000
vn 0.138156 0.990411 0.000000
vn 0.228952 0.973438 0.000000
vn 0.228952 0.973438 0.000000
vn 0.317790 0.948161 0.000000
vn 0.317790 0.948161 0.000000
vn 0.403923 0.914793 0.000000
vn 0.403923 0.914793 0.000000
vn 0.486603 0.873623 0.000000
vn 0.486603 0.873623 0.000000
vn 0.565137 0.824997 0.000000
vn 0.565137 0.824997 0.000000
vn 0.638847 0.769334 0.000000
vn 0.638847 0.769334 0.000000
vn 0.707105 0.707109 0.000000
vn 0.707105 0.707109 0.000000
vn 0.769336 0.638845 0.000000
vn 0.769336 0.638845 0.000000
vn 0.825000 0.565133 0.000000
vn 0.825000 0.565133 0.000000
vn 0.873620 0.486609 0.000000
vn 0.873620 0.486609 0.000000
vn 0.914796 0.403915 0.000000
vn 0.914796 0.403915 0.000000
vn 0.948160 0.317793 0.000000
vn 0.948160 0.317793 0.000000
vn 0.973439 0.228948 0.000000
vn 0.973439 0.228948 0.000000
vn 0.990409 0.138168 0.000000
vn 0.990409 0.138168 0.000000
vn 0.998933 0.046177 0.000000
vn 0.998933 0.046177 0.000000
vn 0.998933 -0.046177 0.000000
vn 0.998933 -0.046177 0.000000
vn 0.990409 -0.138168 0.000000
vn 0.990409 -0.138168 0.000000
vn 0.973439 -0.228948 0.000000
vn 0.973439 -0.228948 0.000000
vn 0.948160 -0.317793 0.000000
vn 0.948160 -0.317793 0.000000
vn 0.914796 -0.403917 0.000000
vn 0.914796 -0.403917 0.000000
vn 0.873621 -0.486607 0.000000
vn 0.873621 -0.486607 0.000000
vn 0.824999 -0.565134 0.000000
vn 0.824999 -0.565134 0.000000
vn 0.769336 -0.638844 0.000000
vn 0.769336 -0.638844 0.000000
vn 0.707106 -0.707108 0.000000
vn 0.707106 -0.707108 0.000000
vn 0.638847 -0.769334 0.000000
vn 0.638847 -0.769334 0.000000
vn 0.565137 -0.824997 0.000000
vn 0.565137 -0.824997 0.000000
vn 0.486601 -0.873624 0.000000
vn 0.486601 -0.873624 0.000000
vn 0.403925 -0.914792 0.000000
vn 0.403925 -0.914792 0.000000
vn 0.317788 -0.948162 0.000000
vn 0.317788 -0.948162 0.000000
vn 0.228952 -0.973438 0.000000
vn 0.228952 -0.973438 0.000000
vn 0.138156 -0.990411 0.000000
vn 0.138156 -0.990411 0.000000
vn 0.046183 -0.998933 0.000000
vn 0.046183 -0.998933 0.000000
vn -0.046183 -0.998933 0.000000
vn -0.046183 -0.998933 -0.000000
vn -0.138156 -0.990411 0.000000
vn -0.138156 -0.990411 -0.000000
vn -0.228952 -0.973438 0.000000
vn -0.228952 -0.973438 -0.000000
vn -0.317788 -0.948162 0.000000
vn -0.317788 -0.948162 -0.000000
vn -0.403925 -0.914792 0.000000
vn -0.403925 -0.914792 -0.000000
vn -0.486601 -0.873624 0.000000
vn -0.486601 -0.873624 -0.000000
vn -0.565137 -0.824997 0.000000
vn -0.565137 -0.824997 -0.000000
vn -0.638847 -0.769334 0.000000
vn -0.638847 -0.769334 -0.000000
vn -0.707106 -0.707108 0.000000
vn -0.707106 -0.707108 -0.000000
vn -0.769336 -0.638844 0.000000
vn -0.769336 -0.638844 -0.000000
vn -0.824999 -0.565134 0.000000
vn -0.824999 -0.565134 -0.000000
vn -0.873621 -0.486607 0.000000
vn -0.873621 -0.486607 -0.000000
vn -0.914796 -0.403917 0.000000
vn -0.914796 -0.403917 -0.000000
vn -0.948160 -0.317793 0.000000
vn -0.948160 -0.317793 -0.000000
vn -0.973439 -0.228948 0.000000
vn -0.973439 -0.228948 -0.000000
vn -0.990409 -0.138168 0.000000
vn -0.990409 -0.138168 -0.000000
vn 0.000000 0.000000 -1.000000
vn 0.000000 -0.000000 -1.000000
vn -0.000000 -0.000000 -1.000000
vn 0.000000 0.000000 -1.000000
vn -0.000000 0.000000 -1.000000
vn -0.000000 0.000000 -1.000000
vn 0.000000 0.000000 -1.000000
vn 0.000000 0.000000 -1.000000
vn -0.000000 0.000000 -1.000000
vn 0.000000 0.000000 -1.000000
vn -0.000000 0.000000 -1.000000
vn -0.000000 0.000000 -1.000000
vn 0.000000 0.000000 -1.000000
vn 0.000000 0.000000 -1.000000
vn 0.000000 0.000000 -1.000000
vn 0.000000 0.000000 -1.000000
vn 0.000000 0.000000 -1.000000
vn 0.000000 0.000000 -1.000000
vn 0.000000 0.000000 -1.000000
vn 0.000000 0.000000 -1.000000
vn 0.000000 0.000000 -1.000000
vn 0.000000 0.000000 -1.000000
vn 0.000000 0.000000 -1.000000
vn 0.000000 0.000000 -1.000000
vn 0.000000 0.000000 -1.000000
vn -0.000000 0.000000 -1.000000
vn 0.000000 0.000000 -1.000000
vn -0.000000 0.000000 -1.000000
vn 0.000000 0.000000 -1.000000
vn -0.000000 0.000000 -1.000000
vn 0.000000 0.000000 -1.000000
vn -0.000000 0.000000 -1.000000
vn -0.000000 0.000000 -1.000000
vn 0.000000 0.000000 -1.000000
vn -0.000000 0.000000 -1.000000
vn 0.000000 0.000000 -1.000000
vn -0.000000 0.000000 -1.000000
vn 0.000000 0.000000 -1.000000
vn -0.000000 0.000000 -1.000000
vn 0.000000 0.000000 -1.000000
vn -0.000000 0.000000 -1.000000
vn -0.000000 0.000000 -1.000000
vn 0.000000 0.000000 -1.000000
vn -0.000000 0.000000 -1.000000
vn 0.000000 0.000000 -1.000000
vn -0.000000 0.000000 -1.000000
vn 0.000000 0.000000 -1.000000
vn -0.000000 0.000000 -1.000000
vn 0.000000 0.000000 -1.000000
vn -0.000000 0.000000 -1.000000
vn 0.000000 0.000000 -1.000000
vn -0.000000 0.000000 -1.000000
vn 0.000000 0.000000 -1.000000
vn -0.000000 0.000000 -1.000000
vn 0.000000 0.000000 -1.000000
vn 0.000000 0.000000 -1.000000
vn 0.000000 0.000000 -1.000000
vn 0.000000 0.000000 -1.000000
vn 0.000000 0.000000 -1.000000
vn 0.000000 0.000000 -1.000000
vn 0.000000 0.000000 -1.000000
vn 0.000000 0.000000 -1.000000
vn 0.000000 0.000000 -1.000000
vn 0.000000 0.000000 -1.000000
vn 0.000000 0.000000 -1.000000
vn 0.000000 0.000000 -1.000000
vn 0.000000 0.000000 -1.000000
vn 0.000000 0.000000 -1.000000
vn 0.000000 0.000000 -1.000000
vn 0.000000 0.000000 -1.000000
vn 0.000000 0.000000 -1.000000
vn 0.000000 0.000000 -1.000000
vn 0.000000 0.000000 -1.000000
vn 0.000000 0.000000 -1.000000
vn 0.000000 0.000000 -1.000000
vn 0.000000 0.000000 -1.000000
vn 0.000000 0.000000 -1.000000
vn 0.000000 0.000000 -1.000000
vn 0.000000 0.000000 -1.000000
vn 0.000000 0.000000 -1.000000
vn 0.000000 0.000000 -1.000000
vn 0.000000 0.000000 -1.000000
vn 0.000000 0.000000 -1.000000
vn 0.000000 0.000000 -1.000000
vn 0.000000 0.000000 -1.000000
vn 0.000000 0.000000 -1.000000
vn 0.000000 0.000000 -1.000000
vn 0.000000 0.000000 -1.000000
vn 0.000000 0.000000 -1.000000
vn 0.000000 0.000000 -1.000000
vn 0.000000 0.000000 -1.000000
vn 0.000000 0.000000 -1.000000
vn 0.000000 0.000000 -1.000000
vn 0.000000 0.000000 -1.000000
vn 0.000000 0.000000 -1.000000
vn 0.000000 0.000000 -1.000000
vn 0.000000 0.000000 -1.000000
vn 0.000000 0.000000 -1.000000
vn 0.000000 0.000000 -1.000000
vn 0.000000 0.000000 -1.000000
vn 0.000000 0.000000 -1.000000
vn -0.000000 0.000000 -1.000000
vn -0.000000 0.000000 -1.000000
vn 0.000000 0.000000 -1.000000
vn -0.000000 0.000000 -1.000000
vn -0.000000 0.000000 -1.000000
vn 0.000000 0.000000 -1.000000
vn -0.000000 0.000000 -1.000000
vn -0.000000 0.000000 -1.000000
vn 0.000000 0.000000 -1.000000
vn 0.000000 0.000000 -1.000000
vn 0.000000 0.000000 -1.000000
vn 0.000000 0.000000 -1.000000
vn 0.000000 0.000000 -1.000000
vn 0.000000 0.000000 -1.000000
vn 0.000000 0.000000 -1.000000
vn 0.000000 0.000000 -1.000000
vn 0.000000 0.000000 -1.000000
vn 0.000000 0.000000 -1.000000
vn 0.000000 0.000000 -1.000000
vn 0.000000 0.000000 -1.000000
vn 0.000000 -0.000000 -1.000000
vn 0.000000 -0.000000 -1.000000
vn 0.000000 0.000000 -1.000000
vn 0.000000 -0.000000 -1.000000
vn 0.000000 -0.000000 -1.000000
vn 0.000000 0.000000 -1.000000
vn 0.000000 -0.000000 -1.000000
vn -0.000000 -0.000000 -1.000000
vn 0.000000 0.000000 -1.000000
vn -0.000000 -0.000000 -1.000000
vn -0.000000 -0.000000 -1.000000
vn 0.000000 0.000000 -1.000000
vn -0.000000 0.000000 -1.000000
vn -0.000000 -0.000000 -1.000000
vn -0.000000 0.000000 -1.000000
vn -0.000000 -0.000000 -1.000000
vn -0.000000 0.000000 -1.000000
vn -0.000000 0.000000 -1.000000
vn 0.000000 0.000000 -1.000000
vn 0.000000 0.000000 -1.000000
vn 0.000000 0.000000 -1.000000
vn 0.000000 0.000000 -1.000000
vn 0.000000 0.000000 -1.000000
vn 0.000000 0.000000 -1.000000
vn 0.000000 0.000000 -1.000000
vn 0.000000 0.000000 -1.000000
vn 0.000000 0.000000 -1.000000
vn 0.000000 0.000000 -1.000000
vn 0.000000 0.000000 -1.000000
vn 0.000000 -0.000000 -1.000000
vn 0.000000 0.000000 -1.000000
vn 0.000000 -0.000000 -1.000000
vn 0.000000 0.000000 -1.000000
vn 0.000000 -0.000000 -1.000000
vn 0.000000 0.000000 -1.000000
vn 0.000000 -0.000000 -1.000000
vn 0.000000 0.000000 -1.000000
vn 0.000000 -0.000000 -1.000000
vn -0.000000 0.000000 -1.000000
vn -0.000000 -0.000000 -1.000000
vn -0.000000 0.000000 -1.000000
vn -0.000000 -0.000000 -1.000000
vn -0.000000 0.000000 -1.000000
vn -0.000000 -0.000000 -1.000000
vn -0.000000 0.000000 -1.000000
vn -0.000000 -0.000000 -1.000000
vn -0.000000 0.000000 -1.000000
vn -0.000000 -0.000000 -1.000000
vn -0.000000 0.000000 -1.000000
vn -0.994523 -0.104520 0.000000
vn -0.994523 -0.104520 0.000000
vn -0.994523 0.104520 0.000000
vn -0.994523 0.104520 0.000000
vn -0.951052 0.309031 0.000000
vn -0.951052 0.309031 0.000000
vn -0.866020 0.500009 0.000000
vn -0.866020 0.500009 0.000000
vn -0.743148 0.669128 0.000000
vn -0.743148 0.669128 0.000000
vn -0.587791 0.809013 0.000000
vn -0.587791 0.809013 0.000000
vn -0.406732 0.913548 0.000000
vn -0.406732 0.913548 0.000000
vn -0.207914 0.978147 0.000000
vn -0.207914 0.978147 0.000000
vn -0.000000 1.000000 0.000000
vn 0.000000 1.000000 0.000000
vn 0.207914 0.978147 0.000000
vn 0.207914 0.978147 -0.000000
vn 0.406732 0.913548 0.000000
vn 0.406732 0.913548 -0.000000
vn 0.587791 0.809013 0.000000
vn 0.587791 0.809013 -0.000000
vn 0.743148 0.669128 0.000000
vn 0.743148 0.669128 -0.000000
vn 0.866020 0.500009 0.000000
vn 0.866020 0.500009 -0.000000
vn 0.951052 0.309031 0.000000
vn 0.951052 0.309031 -0.000000
vn 0.994523 0.104520 0.000000
vn 0.994523 0.104520 -0.000000
vn 0.994523 -0.104520 0.000000
vn 0.994523 -0.104520 0.000000
vn 0.951052 -0.309031 0.000000
vn 0.951052 -0.309031 0.000000
vn 0.866020 -0.500009 0.000000
vn 0.866020 -0.500009 0.000000
vn 0.743148 -0.669128 0.000000
vn 0.743148 -0.669128 0.000000
vn 0.587791 -0.809013 0.000000
vn 0.587791 -0.809013 0.000000
vn 0.406732 -0.913548 0.000000
vn 0.406732 -0.913548 0.000000
vn 0.207914 -0.978147 0.000000
vn 0.207914 -0.978147 0.000000
vn -0.000000 -1.000000 0.000000
vn 0.000000 -1.000000 0.000000
vn -0.207914 -0.978147 0.000000
vn -0.207914 -0.978147 0.000000
vn -0.406732 -0.913548 0.000000
vn -0.406732 -0.913548 0.000000
vn -0.587791 -0.809013 0.000000
vn -0.587791 -0.809013 0.000000
vn -0.743148 -0.669128 0.000000
vn -0.743148 -0.669128 0.000000
vn -0.866020 -0.500009 0.000000
vn -0.866020 -0.500009 0.000000
vn -0.951052 -0.309031 0.000000
vn -0.951052 -0.309031 0.000000
vn 0.000000 0.000000 1.000000
vn 0.000000 0.000000 1.000000
vn 0.000000 -0.000000 1.000000
vn 0.000000 -0.000000 1.000000
vn 0.000000 -0.000000 1.000000
vn 0.000000 -0.000000 1.000000
vn 0.000000 -0.000000 1.000000
vn 0.000000 -0.000000 1.000000
vn 0.000000 -0.000000 1.000000
vn 0.000000 -0.000000 1.000000
vn 0.000000 -0.000000 1.000000
vn 0.000000 -0.000000 1.000000
vn 0.000000 -0.000000 1.000000
vn 0.000000 -0.000000 1.000000
vn 0.000000 -0.000000 1.000000
vn 0.000000 -0.000000 1.000000
vn 0.000000 0.000000 1.000000
vn 0.000000 0.000000 1.000000
vn 0.000000 0.000000 1.000000
vn 0.000000 0.000000 1.000000
vn 0.000000 0.000000 1.000000
vn 0.000000 0.000000 1.000000
vn 0.000000 0.000000 1.000000
vn 0.000000 0.000000 1.000000
vn 0.000000 0.000000 1.000000
vn 0.000000 0.000000 1.000000
vn 0.000000 0.000000 1.000000
vn 0.000000 0.000000 1.000000
vn -0.997066 0.076544 0.000000
vn -0.997066 0.076544 0.000000
vn -0.997066 -0.076544 0.000000
vn -0.997066 -0.076544 -0.000000
vn -0.973696 -0.227851 0.000000
vn -0.973696 -0.227851 -0.000000
vn -0.927503 -0.373816 0.000000
vn -0.927503 -0.373816 -0.000000
vn -0.859562 -0.511032 0.000000
vn -0.859562 -0.511032 -0.000000
vn -0.771487 -0.636246 0.000000
vn -0.771487 -0.636246 -0.000000
vn -0.665332 -0.746548 0.000000
vn -0.665332 -0.746548 -0.000000
vn -0.543562 -0.839369 0.000000
vn -0.543562 -0.839369 -0.000000
vn -0.409075 -0.912501 0.000000
vn -0.409075 -0.912501 -0.000000
vn -0.264984 -0.964253 0.000000
vn -0.264984 -0.964253 -0.000000
vn -0.114681 -0.993402 0.000000
vn -0.114681 -0.993402 -0.000000
vn 0.038305 -0.999266 0.000000
vn 0.038305 -0.999266 0.000000
vn 0.190391 -0.981708 0.000000
vn 0.190391 -0.981708 0.000000
vn 0.338014 -0.941141 0.000000
vn 0.338014 -0.941141 0.000000
vn 0.477726 -0.878509 0.000000
vn 0.477726 -0.878509 0.000000
vn 0.606229 -0.795290 0.000000
vn 0.606229 -0.795290 0.000000
vn 0.720518 -0.693436 0.000000
vn 0.720518 -0.693436 0.000000
vn 0.817925 -0.575325 0.000000
vn 0.817925 -0.575325 0.000000
vn 0.896167 -0.443718 0.000000
vn 0.896167 -0.443718 0.000000
vn 0.953399 -0.301711 0.000000
vn 0.953399 -0.301711 0.000000
vn 0.988279 -0.152661 0.000000
vn 0.988279 -0.152661 0.000000
vn 1.000000 0.000000 0.000000
vn 1.000000 -0.000000 0.000000
vn 0.988278 0.152662 0.000000
vn 0.988278 0.152662 0.000000
vn 0.953399 0.301711 0.000000
vn 0.953399 0.301711 0.000000
vn 0.896167 0.443718 0.000000
vn 0.896167 0.443718 0.000000
vn 0.817925 0.575325 0.000000
vn 0.817925 0.575325 0.000000
vn 0.720518 0.693436 0.000000
vn 0.720518 0.693436 0.000000
vn 0.606229 0.795290 0.000000
vn 0.606229 0.795290 0.000000
vn 0.477726 0.878509 0.000000
vn 0.477726 0.878509 0.000000
vn 0.338014 0.941141 0.000000
vn 0.338014 0.941141 0.000000
vn 0.190394 0.981708 0.000000
vn 0.190394 0.981708 0.000000
vn 0.038302 0.999266 0.000000
vn 0.038302 0.999266 0.000000
vn -0.114681 0.993402 0.000000
vn -0.114681 0.993402 0.000000
vn -0.264984 0.964253 0.000000
vn -0.264984 0.964253 0.000000
vn -0.409075 0.912501 0.000000
vn -0.409075 0.912501 0.000000
vn -0.543562 0.839369 0.000000
vn -0.543562 0.839369 0.000000
vn -0.665332 0.746548 0.000000
vn -0.665332 0.746548 0.000000
vn -0.771487 0.636246 0.000000
vn -0.771487 0.636246 0.000000
vn -0.859562 0.511032 0.000000
vn -0.859562 0.511032 0.000000
vn -0.927503 0.373816 0.000000
vn -0.927503 0.373816 0.000000
vn -0.973696 0.227851 0.000000
vn -0.973696 0.227851 0.000000
vn 0.000000 0.000000 1.000000
vn 0.000000 0.000000 1.000000
vn 0.000000 0.000000 1.000000
vn 0.000000 -0.000000 1.000000
vn -0.000000 0.000000 1.000000
vn 0.000000 -0.000000 1.000000
vn -0.000000 0.000000 1.000000
vn 0.000000 -0.000000 1.000000
vn 0.000000 -0.000000 1.000000
vn -0.000000 0.000000 1.000000
vn 0.000000 -0.000000 1.000000
vn -0.000000 0.000000 1.000000
vn 0.000000 -0.000000 1.000000
vn 0.000000 -0.000000 1.000000
vn -0.000000 0.000000 1.000000
vn 0.000000 -0.000000 1.000000
vn -0.000000 0.000000 1.000000
vn 0.000000 0.000000 1.000000
vn -0.000000 0.000000 1.000000
vn -0.000000 0.000000 1.000000
vn -0.000000 0.000000 1.000000
vn 0.000000 0.000000 1.000000
vn -0.000000 0.000000 1.000000
vn 0.000000 0.000000 1.000000
vn -0.000000 0.000000 1.000000
vn 0.000000 0.000000 1.000000
vn -0.000000 0.000000 1.000000
vn -0.000000 0.000000 1.000000
vn 0.000000 0.000000 1.000000
vn -0.000000 0.000000 1.000000
vn 0.000000 0.000000 1.000000
vn -0.000000 0.000000 1.000000
vn 0.000000 0.000000 1.000000
vn -0.000000 0.000000 1.000000
vn 0.000000 0.000000 1.000000
vn 0.000000 0.000000 1.000000
vn 0.000000 0.000000 1.000000
vn 0.000000 0.000000 1.000000
vn 0.000000 0.000000 1.000000
vn 0.000000 0.000000 1.000000
vn 0.000000 0.000000 1.000000
vn 0.000000 0.000000 1.000000
vn 0.000000 0.000000 1.000000
vn 0.000000 0.000000 1.000000
vn 0.000000 0.000000 1.000000
vn 0.000000 0.000000 1.000000
vn 0.000000 0.000000 1.000000
vn 0.000000 0.000000 1.000000
vn 0.000000 0.000000 1.000000
vn 0.000000 0.000000 1.000000
vn 0.000000 0.000000 1.000000
vn 0.000000 0.000000 1.000000
vn 0.000000 0.000000 1.000000
vn 0.000000 0.000000 1.000000
vn 0.000000 0.000000 1.000000
vn 0.000000 0.000000 1.000000
vn 0.000000 -0.000000 1.000000
vn 0.000000 0.000000 1.000000
vn 0.000000 -0.000000 1.000000
vn 0.000000 0.000000 1.000000
vn 0.000000 0.000000 1.000000
vn 0.000000 -0.000000 1.000000
vn 0.000000 0.000000 1.000000
vn 0.000000 -0.000000 1.000000
vn 0.000000 0.000000 1.000000
vn 0.000000 0.000000 1.000000
vn 0.000000 -0.000000 1.000000
vn 0.000000 0.000000 1.000000
vn 0.000000 -0.000000 1.000000
vn 0.000000 0.000000 1.000000
vn 0.000000 -0.000000 1.000000
vn -0.000000 0.000000 1.000000
vn 0.000000 0.000000 1.000000
vn -0.000000 0.000000 1.000000
vn 0.000000 0.000000 1.000000
vn -0.000000 0.000000 1.000000
vn 0.000000 0.000000 1.000000
vn 0.000000 0.000000 1.000000
vn -0.000000 0.000000 1.000000
vn 0.000000 0.000000 1.000000
vn 0.000000 0.000000 1.000000
vn -0.000000 0.000000 1.000000
vn 0.000000 0.000000 1.000000
vn -0.000000 0.000000 1.000000
vn 0.000000 0.000000 1.000000
vn 0.000000 0.000000 1.000000
vn -0.000000 0.000000 1.000000
vn 0.000000 0.000000 1.000000
vn -0.000000 0.000000 1.000000
vn 0.000000 0.000000 1.000000
vn 0.000000 0.000000 1.000000
vn -0.000000 0.000000 1.000000
vn 0.000000 0.000000 1.000000
vn 0.000000 0.000000 1.000000
vn -0.000000 0.000000 1.000000
vn 0.000000 0.000000 1.000000
vn -0.000000 0.000000 1.000000
vn 0.000000 0.000000 1.000000
vn -0.000000 0.000000 1.000000
vn 0.000000 -0.000000 1.000000
vn -0.000000 0.000000 1.000000
vn -0.000000 0.000000 1.000000
vn 0.000000 -0.000000 1.000000
vn -0.000000 0.000000 1.000000
vn 0.000000 -0.000000 1.000000
vn -0.000000 0.000000 1.000000
vn -0.000000 0.000000 1.000000
vn 0.000000 -0.000000 1.000000
vn -0.000000 0.000000 1.000000
vn 0.000000 -0.000000 1.000000
vn -0.000000 0.000000 1.000000
vn -0.000000 0.000000 1.000000
vn 0.000000 -0.000000 1.000000
vn -0.000000 0.000000 1.000000
vn -0.000000 0.000000 1.000000
vn 0.000000 -0.000000 1.000000
vn -0.000000 0.000000 1.000000
vn 0.000000 -0.000000 1.000000
vn -0.000000 0.000000 1.000000
vn -0.000000 0.000000 1.000000
vn 0.000000 -0.000000 1.000000
vn -0.000000 0.000000 1.000000
vn 0.000000 -0.000000 1.000000
vn -0.000000 0.000000 1.000000
vn 0.000000 0.000000 1.000000
vn 0.000000 -0.000000 1.000000
vn 0.000000 -0.000000 1.000000
vn 0.000000 -0.000000 1.000000
vn 0.000000 0.000000 1.000000
vn 0.000000 -0.000000 1.000000
vn 0.000000 0.000000 1.000000
vn 0.000000 -0.000000 1.000000
vn 0.000000 -0.000000 1.000000
vn 0.000000 0.000000 1.000000
vn 0.000000 -0.000000 1.000000
vn 0.000000 0.000000 1.000000
vn 0.000000 -0.000000 1.000000
vn 0.000000 -0.000000 1.000000
vn 0.000000 0.000000 1.000000
vn 0.000000 -0.000000 1.000000
vn 0.000000 -0.000000 1.000000
vn 0.000000 0.000000 1.000000
vn 0.000000 -0.000000 1.000000
vn 0.000000 0.000000 1.000000
vn 0.000000 -0.000000 1.000000
vn 0.000000 -0.000000 1.000000
vn 0.000000 0.000000 1.000000
vn 0.000000 -0.000000 1.000000
vn 0.000000 0.000000 1.000000
vn 0.000000 -0.000000 1.000000
vn 0.000000 -0.000000 1.000000
vn 0.000000 0.000000 1.000000
vn 0.000000 0.000000 1.000000
vn 0.000000 0.000000 1.000000
vn 0.000000 0.000000 1.000000
vn 0.000000 0.000000 1.000000
vn 0.000000 0.000000 1.000000
vn 0.000000 0.000000 1.000000
vn 0.000000 0.000000 1.000000
vn 0.000000 0.000000 1.000000
vn 0.000000 0.000000 1.000000
vn 0.000000 0.000000 1.000000
vn 0.000000 0.000000 1.000000
vn 0.000000 0.000000 1.000000
vn 0.000000 0.000000 1.000000
vn 0.000000 0.000000 1.000000
vn 0.000000 0.000000 1.000000
vn 0.000000 0.000000 1.000000
vn 0.000000 0.000000 1.000000
vn 0.000000 0.000000 1.000000
vn 0.000000 0.000000 1.000000
vn 0.000000 0.000000 1.000000
vn 0.000000 0.000000 1.000000
vn 0.000000 0.000000 1.000000
vn 0.000000 0.000000 1.000000
vn 0.000000 0.000000 1.000000
vn 0.000000 0.000000 1.000000
vn 0.000000 0.000000 1.000000
vn 0.995064 0.045338 0.088267
vn 0.985103 -0.000000 0.171966
vn 0.995064 -0.045339 0.088268
vn 0.981024 -0.089576 0.171953
vn 0.986821 -0.135627 0.088265
vn 0.968805 -0.178426 0.171993
vn 0.970392 -0.224812 0.088309
vn 0.948572 -0.265769 0.171983
vn 0.945933 -0.312119 0.088275
vn 0.920471 -0.350937 0.171979
vn 0.913629 -0.396847 0.088286
vn 0.884749 -0.433180 0.171971
vn 0.873759 -0.478282 0.088267
vn 0.841690 -0.511845 0.171966
vn 0.826646 -0.555757 0.088270
vn 0.791662 -0.586261 0.171960
vn 0.772680 -0.628632 0.088245
vn 0.735066 -0.655830 0.171942
vn 0.712322 -0.696280 0.088270
vn 0.672391 -0.719944 0.171962
vn 0.646052 -0.758175 0.088252
vn 0.604125 -0.778114 0.171964
vn 0.574431 -0.813778 0.088288
vn 0.530868 -0.829819 0.171988
vn 0.498042 -0.862648 0.088278
vn 0.453217 -0.874658 0.171952
vn 0.417542 -0.904362 0.088250
vn 0.371798 -0.912250 0.171951
vn 0.333573 -0.938584 0.088256
vn 0.287300 -0.942279 0.171957
vn 0.246841 -0.965028 0.088265
vn 0.200424 -0.964499 0.171963
vn 0.158065 -0.983475 0.088271
vn 0.111889 -0.978728 0.171966
vn 0.067976 -0.993775 0.088266
vn 0.022425 -0.984849 0.171960
vn -0.022675 -0.995839 0.088262
vn -0.067226 -0.982808 0.171959
vn -0.113137 -0.989651 0.088265
vn -0.156319 -0.972622 0.171961
vn -0.202661 -0.975263 0.088266
vn -0.244117 -0.954377 0.171965
vn -0.290509 -0.952792 0.088268
vn -0.329890 -0.928226 0.171960
vn -0.375948 -0.922428 0.088257
vn -0.412935 -0.894381 0.171953
vn -0.458270 -0.884420 0.088259
vn -0.492554 -0.853124 0.171958
vn -0.536796 -0.839082 0.088264
vn -0.568091 -0.804799 0.171962
vn -0.610870 -0.786794 0.088276
vn -0.638914 -0.749811 0.171965
vn -0.679894 -0.727982 0.088246
vn -0.704463 -0.688599 0.171942
vn -0.743269 -0.663145 0.088262
vn -0.764156 -0.621685 0.171968
vn -0.800496 -0.592803 0.088271
vn -0.817521 -0.549629 0.171951
vn -0.851082 -0.517562 0.088254
vn -0.864117 -0.472998 0.171974
vn -0.894626 -0.438009 0.088272
vn -0.903550 -0.392468 0.171948
vn -0.930742 -0.354862 0.088271
vn -0.935489 -0.308684 0.171972
vn -0.959162 -0.268739 0.088249
vn -0.959690 -0.222315 0.171960
vn -0.979622 -0.180406 0.088285
vn -0.975926 -0.134140 0.171971
vn -0.991969 -0.090583 0.088278
vn -0.984081 -0.044842 0.171970
vn -0.996097 0.000000 0.088264
vn -0.984081 0.044842 0.171970
vn -0.991969 0.090583 0.088278
vn -0.975926 0.134140 0.171971
vn -0.979622 0.180406 0.088285
vn -0.959690 0.222315 0.171960
vn -0.959162 0.268739 0.088249
vn -0.935489 0.308684 0.171971
vn -0.930742 0.354862 0.088269
vn -0.903550 0.392469 0.171946
vn -0.894626 0.438009 0.088272
vn -0.864117 0.472998 0.171974
vn -0.851082 0.517563 0.088253
vn -0.817522 0.549630 0.171947
vn -0.800497 0.592801 0.088271
vn -0.764155 0.621685 0.171975
vn -0.743268 0.663145 0.088269
vn -0.704462 0.688598 0.171947
vn -0.679893 0.727981 0.088251
vn -0.638915 0.749809 0.171968
vn -0.610870 0.786794 0.088276
vn -0.568091 0.804799 0.171962
vn -0.536797 0.839081 0.088267
vn -0.492554 0.853123 0.171964
vn -0.458270 0.884420 0.088265
vn -0.412934 0.894380 0.171959
vn -0.375946 0.922429 0.088260
vn -0.329892 0.928225 0.171956
vn -0.290507 0.952794 0.088258
vn -0.244115 0.954379 0.171955
vn -0.202663 0.975263 0.088263
vn -0.156319 0.972622 0.171961
vn -0.113137 0.989651 0.088265
vn -0.067224 0.982807 0.171962
vn -0.022673 0.995839 0.088265
vn 0.022425 0.984849 0.171960
vn 0.067976 0.993775 0.088266
vn 0.111886 0.978730 0.171959
vn 0.158065 0.983477 0.088257
vn 0.200425 0.964502 0.171949
vn 0.246837 0.965029 0.088258
vn 0.287303 0.942277 0.171964
vn 0.333574 0.938583 0.088266
vn 0.371796 0.912250 0.171954
vn 0.417540 0.904362 0.088254
vn 0.453216 0.874657 0.171958
vn 0.498045 0.862646 0.088278
vn 0.530870 0.829818 0.171985
vn 0.574428 0.813779 0.088294
vn 0.604123 0.778114 0.171973
vn 0.646054 0.758173 0.088252
vn 0.672393 0.719943 0.171959
vn 0.712321 0.696280 0.088272
vn 0.735066 0.655830 0.171947
vn 0.772680 0.628631 0.088250
vn 0.791661 0.586261 0.171962
vn 0.826646 0.555757 0.088270
vn 0.841690 0.511845 0.171966
vn 0.873759 0.478282 0.088267
vn 0.884749 0.433179 0.171972
vn 0.913629 0.396847 0.088289
vn 0.920470 0.350937 0.171981
vn 0.945933 0.312119 0.088275
vn 0.948572 0.265769 0.171983
vn 0.970392 0.224812 0.088309
vn 0.968805 0.178426 0.171993
vn 0.986821 0.135627 0.088265
vn 0.981024 0.089576 0.171953
vn 0.125136 -0.005960 0.992122
vn 0.135873 0.000000 0.990726
vn 0.125136 0.005960 0.992122
vn 0.135266 0.012350 0.990732
vn 0.124076 0.017840 0.992112
vn 0.133448 0.024578 0.990751
vn 0.121975 0.029591 0.992092
vn 0.130446 0.036548 0.990782
vn 0.118830 0.041127 0.992062
vn 0.126290 0.048149 0.990824
vn 0.114672 0.052368 0.992022
vn 0.121035 0.059262 0.990878
vn 0.109523 0.063234 0.991971
vn 0.114731 0.069769 0.990944
vn 0.103406 0.073635 0.991910
vn 0.107454 0.079576 0.991020
vn 0.096366 0.083501 0.991837
vn 0.099291 0.088587 0.991107
vn 0.088442 0.092757 0.991753
vn 0.090324 0.096712 0.991205
vn 0.079680 0.101322 0.991658
vn 0.080661 0.103889 0.991313
vn 0.070139 0.109137 0.991549
vn 0.070409 0.110060 0.991428
vn 0.060110 0.116006 0.991428
vn 0.176213 0.340075 0.923741
vn 0.176214 0.340079 0.923740
vn 0.280257 0.540873 0.793040
vn 0.280254 0.540857 0.793052
vn 0.365137 0.704671 0.608370
vn 0.365138 0.704693 0.608344
vn 0.425107 0.820429 0.382336
vn 0.425109 0.820414 0.382366
vn 0.135266 -0.012350 0.990732
vn 0.124076 -0.017840 0.992112
vn 0.133449 -0.024578 0.990751
vn 0.121975 -0.029591 0.992092
vn 0.130446 -0.036548 0.990782
vn 0.118830 -0.041127 0.992062
vn 0.126290 -0.048149 0.990824
vn 0.114672 -0.052368 0.992022
vn 0.121036 -0.059262 0.990878
vn 0.109523 -0.063234 0.991971
vn 0.114732 -0.069770 0.990943
vn 0.103406 -0.073636 0.991910
vn 0.107455 -0.079576 0.991020
vn 0.096367 -0.083501 0.991837
vn 0.099292 -0.088588 0.991107
vn 0.088443 -0.092757 0.991753
vn 0.090324 -0.096712 0.991206
vn 0.079680 -0.101322 0.991658
vn 0.080661 -0.103890 0.991313
vn 0.070139 -0.109138 0.991549
vn 0.070409 -0.110060 0.991428
vn 0.060110 -0.116006 0.991428
vn 0.176216 -0.340081 0.923739
vn 0.144560 -0.354695 0.923739
vn 0.229906 -0.564104 0.793051
vn 0.177658 -0.582675 0.793049
vn 0.231467 -0.759156 0.608362
vn 0.161475 -0.777059 0.608362
vn 0.187999 -0.904696 0.382337
vn 0.104952 -0.918042 0.382341
vn 0.059448 -0.115313 0.991549
vn 0.049641 -0.121802 0.991312
vn 0.144558 -0.354693 0.923740
vn 0.111706 -0.366369 0.923740
vn 0.177658 -0.582676 0.793049
vn 0.123937 -0.596418 0.793048
vn 0.161475 -0.777059 0.608363
vn 0.090143 -0.788524 0.608362
vn 0.104949 -0.918038 0.382350
vn 0.021034 -0.923779 0.382349
vn 0.047909 -0.119670 0.991657
vn 0.038596 -0.126583 0.991205
vn 0.111709 -0.366373 0.923738
vn 0.077929 -0.375011 0.923739
vn 0.123938 -0.596420 0.793047
vn 0.069189 -0.605219 0.793046
vn 0.090145 -0.788529 0.608356
vn 0.018068 -0.793457 0.608358
vn 0.021035 -0.923780 0.382345
vn -0.063058 -0.921865 0.382345
vn 0.036106 -0.122968 0.991754
vn 0.027072 -0.130277 0.991108
vn 0.077927 -0.375008 0.923740
vn 0.043503 -0.380541 0.923740
vn 0.069188 -0.605217 0.793049
vn 0.013866 -0.609003 0.793047
vn 0.018065 -0.793452 0.608365
vn -0.054162 -0.791807 0.608365
vn -0.063059 -0.921864 0.382349
vn -0.146625 -0.912310 0.382351
vn 0.024131 -0.125204 0.991838
vn 0.015187 -0.132844 0.991021
vn 0.043504 -0.380543 0.923739
vn 0.008719 -0.382921 0.923740
vn 0.013867 -0.609007 0.793044
vn -0.041571 -0.607744 0.793044
vn -0.054162 -0.791809 0.608363
vn -0.125938 -0.783603 0.608363
vn -0.146624 -0.912313 0.382345
vn -0.228980 -0.895199 0.382344
vn 0.012067 -0.126367 0.991910
vn 0.003056 -0.134242 0.990944
vn 0.008718 -0.382918 0.923741
vn -0.026138 -0.382124 0.923741
vn -0.041572 -0.607744 0.793045
vn -0.096663 -0.601447 0.793043
vn -0.125939 -0.783601 0.608365
vn -0.196676 -0.768902 0.608365
vn -0.228981 -0.895197 0.382349
vn -0.309433 -0.870665 0.382352
vn 0.000000 -0.126462 0.991971
vn -0.009196 -0.134446 0.990878
vn -0.026138 -0.382126 0.923741
vn -0.060779 -0.378166 0.923740
vn -0.096664 -0.601444 0.793046
vn -0.150954 -0.590161 0.793047
vn -0.196675 -0.768907 0.608359
vn -0.265779 -0.747839 0.608357
vn -0.309432 -0.870668 0.382346
vn -0.387329 -0.838921 0.382346
vn -0.011983 -0.125493 0.992022
vn -0.021447 -0.133446 0.990824
vn -0.060779 -0.378167 0.923740
vn -0.094916 -0.371075 0.923739
vn -0.150954 -0.590159 0.793048
vn -0.203995 -0.573986 0.793049
vn -0.265780 -0.747832 0.608365
vn -0.332684 -0.720564 0.608366
vn -0.387329 -0.838920 0.382347
vn -0.462011 -0.800223 0.382347
vn -0.023798 -0.123474 0.992062
vn -0.033570 -0.131243 0.990782
vn -0.094916 -0.371076 0.923739
vn -0.128267 -0.360909 0.923738
vn -0.203995 -0.573988 0.793047
vn -0.255348 -0.553057 0.793048
vn -0.332684 -0.720560 0.608371
vn -0.396825 -0.687323 0.608372
vn -0.462011 -0.800227 0.382338
vn -0.532867 -0.754898 0.382337
vn -0.035360 -0.120426 0.992092
vn -0.045441 -0.127858 0.990751
vn -0.128267 -0.360908 0.923739
vn -0.160554 -0.347750 0.923738
vn -0.255349 -0.553069 0.793039
vn -0.304585 -0.527558 0.793039
vn -0.396825 -0.687323 0.608372
vn -0.457685 -0.648387 0.608373
vn -0.532867 -0.754895 0.382343
vn -0.599298 -0.703318 0.382342
vn -0.046589 -0.116373 0.992112
vn -0.056935 -0.123316 0.990733
vn -0.160553 -0.347741 0.923742
vn -0.191508 -0.331701 0.923742
vn -0.304585 -0.527554 0.793041
vn -0.351294 -0.497674 0.793041
vn -0.457688 -0.648400 0.608357
vn -0.514754 -0.604094 0.608357
vn -0.599297 -0.703311 0.382356
vn -0.660775 -0.645895 0.382357
vn -0.057404 -0.111350 0.992122
vn -0.067936 -0.117669 0.990726
vn -0.191509 -0.331703 0.923741
vn -0.220879 -0.312913 0.923741
vn -0.351291 -0.497663 0.793048
vn -0.395091 -0.463657 0.793048
vn -0.514750 -0.604083 0.608371
vn -0.567547 -0.554774 0.608371
vn -0.660777 -0.645906 0.382333
vn -0.716778 -0.583140 0.382332
vn -0.067729 -0.105388 0.992122
vn -0.078327 -0.110965 0.990733
vn -0.220881 -0.312919 0.923739
vn -0.248422 -0.291537 0.923739
vn -0.395094 -0.463665 0.793042
vn -0.435622 -0.425815 0.793042
vn -0.567545 -0.554769 0.608378
vn -0.615640 -0.500861 0.608380
vn -0.716779 -0.583143 0.382326
vn -0.766834 -0.515552 0.382325
vn -0.077487 -0.098533 0.992112
vn -0.088005 -0.103280 0.990751
vn -0.248423 -0.291540 0.923737
vn -0.273907 -0.267740 0.923737
vn -0.435619 -0.425810 0.793046
vn -0.472532 -0.384436 0.793046
vn -0.615643 -0.500867 0.608372
vn -0.658640 -0.442805 0.608372
vn -0.766830 -0.515541 0.382348
vn -0.810536 -0.443669 0.382348
vn -0.086610 -0.090835 0.992093
vn -0.096877 -0.094695 0.990781
vn -0.273904 -0.267734 0.923740
vn -0.297114 -0.241720 0.923739
vn -0.472529 -0.384430 0.793051
vn -0.505529 -0.339868 0.793052
vn -0.658641 -0.442805 0.608372
vn -0.696179 -0.381075 0.608372
vn -0.810538 -0.443673 0.382338
vn -0.847523 -0.368132 0.382339
vn -0.095035 -0.082348 0.992062
vn -0.104844 -0.085297 0.990824
vn -0.297114 -0.241721 0.923739
vn -0.317864 -0.213702 0.923739
vn -0.505533 -0.339873 0.793046
vn -0.534346 -0.292492 0.793046
vn -0.696181 -0.381078 0.608367
vn -0.727948 -0.316198 0.608367
vn -0.847529 -0.368141 0.382319
vn -0.877494 -0.289547 0.382318
vn -0.102689 -0.073125 0.992022
vn -0.111837 -0.075188 0.990878
vn -0.317862 -0.213700 0.923740
vn -0.335977 -0.183910 0.923741
vn -0.534351 -0.292498 0.793041
vn -0.558736 -0.242695 0.793041
vn -0.727943 -0.316193 0.608376
vn -0.753683 -0.248677 0.608377
vn -0.877475 -0.289522 0.382381
vn -0.900167 -0.208526 0.382381
vn -0.109521 -0.063232 0.991971
vn -0.117788 -0.064476 0.990943
vn -0.335975 -0.183908 0.923742
vn -0.351308 -0.152591 0.923742
vn -0.558720 -0.242681 0.793056
vn -0.578471 -0.190877 0.793056
vn -0.753707 -0.248699 0.608337
vn -0.773199 -0.179133 0.608337
vn -0.900193 -0.208555 0.382306
vn -0.915429 -0.125825 0.382306
vn -0.115474 -0.052735 0.991910
vn -0.122644 -0.053271 0.991020
vn -0.351310 -0.152593 0.923741
vn -0.363729 -0.120020 0.923741
vn -0.578474 -0.190879 0.793053
vn -0.593436 -0.137476 0.793053
vn -0.773174 -0.179114 0.608375
vn -0.786259 -0.108060 0.608375
vn -0.915414 -0.125811 0.382348
vn -0.923061 -0.042061 0.382348
vn -0.120499 -0.041705 0.991837
vn -0.126361 -0.041695 0.991108
vn -0.363727 -0.120018 0.923742
vn -0.373135 -0.086439 0.923742
vn -0.593431 -0.137473 0.793058
vn -0.603473 -0.082949 0.793057
vn -0.786286 -0.108077 0.608336
vn -0.792857 -0.036130 0.608336
vn -0.923063 -0.042063 0.382342
vn -0.923063 0.042061 0.382342
vn -0.124548 -0.030215 0.991753
vn -0.128920 -0.029867 0.991205
vn -0.373150 -0.086448 0.923735
vn -0.379464 -0.052160 0.923735
vn -0.603480 -0.082953 0.793051
vn -0.608524 -0.027722 0.793051
vn -0.792834 -0.036118 0.608367
vn -0.792833 0.036129 0.608367
vn -0.923061 0.042063 0.382348
vn -0.915412 0.125823 0.382347
vn -0.127590 -0.018345 0.991657
vn -0.130311 -0.017910 0.991311
vn -0.379442 -0.052150 0.923744
vn -0.382612 -0.017432 0.923745
vn -0.608530 -0.027724 0.793046
vn -0.608530 0.027722 0.793046
vn -0.792858 0.036119 0.608336
vn -0.786288 0.108064 0.608337
vn -0.915431 0.125813 0.382306
vn -0.900197 0.208533 0.382307
vn -0.129594 -0.006173 0.991548
vn -0.130519 -0.005947 0.991428
vn -0.382622 -0.017435 0.923740
vn -0.382622 0.017432 0.923740
vn -0.608523 0.027724 0.793051
vn -0.603481 0.082950 0.793051
vn -0.786257 0.108073 0.608375
vn -0.773171 0.179127 0.608375
vn -0.900162 0.208548 0.382382
vn -0.877469 0.289539 0.382381
vn -0.130519 0.005947 0.991428
vn -0.129594 0.006173 0.991548
vn -0.130311 0.017910 0.991311
vn -0.127590 0.018345 0.991657
vn -0.128920 0.029867 0.991205
vn -0.124548 0.030215 0.991753
vn -0.126361 0.041695 0.991108
vn -0.120499 0.041705 0.991837
vn -0.122644 0.053271 0.991020
vn -0.115474 0.052735 0.991910
vn -0.117788 0.064476 0.990943
vn -0.109520 0.063232 0.991971
vn -0.111837 0.075188 0.990878
vn -0.102689 0.073125 0.992022
vn -0.104844 0.085297 0.990824
vn -0.095036 0.082348 0.992062
vn -0.096878 0.094695 0.990781
vn -0.086610 0.090835 0.992093
vn -0.088005 0.103280 0.990751
vn -0.077487 0.098533 0.992112
vn -0.078327 0.110964 0.990733
vn -0.067729 0.105387 0.992122
vn -0.067936 0.117668 0.990726
vn -0.057405 0.111349 0.992122
vn -0.056936 0.123318 0.990733
vn -0.046590 0.116374 0.992112
vn -0.045441 0.127859 0.990751
vn -0.035360 0.120427 0.992092
vn -0.033570 0.131244 0.990782
vn -0.023798 0.123475 0.992062
vn -0.021447 0.133445 0.990824
vn -0.011983 0.125492 0.992022
vn -0.009196 0.134446 0.990878
vn 0.000000 0.126462 0.991971
vn 0.003056 0.134241 0.990944
vn 0.012066 0.126367 0.991910
vn 0.015187 0.132845 0.991020
vn 0.024131 0.125205 0.991837
vn 0.027072 0.130279 0.991108
vn 0.036107 0.122969 0.991753
vn 0.038596 0.126583 0.991205
vn 0.047909 0.119671 0.991657
vn 0.049642 0.121804 0.991312
vn 0.059449 0.115314 0.991549
vn -0.382612 0.017435 0.923745
vn 0.924025 -0.000000 0.382331
vn 0.924025 -0.000000 0.382331
vn 0.920197 -0.084022 0.382331
vn 0.920193 -0.084025 0.382341
vn 0.908738 -0.167364 0.382341
vn 0.908739 -0.167363 0.382339
vn 0.889758 -0.249291 0.382340
vn 0.889764 -0.249289 0.382328
vn 0.863403 -0.329179 0.382329
vn 0.863396 -0.329181 0.382344
vn 0.829890 -0.406320 0.382344
vn 0.829888 -0.406321 0.382347
vn 0.789499 -0.480106 0.382346
vn 0.789506 -0.480106 0.382333
vn 0.742576 -0.549910 0.382334
vn 0.742563 -0.549910 0.382359
vn 0.689480 -0.615158 0.382358
vn 0.689484 -0.615159 0.382351
vn 0.630696 -0.675300 0.382350
vn 0.630688 -0.675298 0.382368
vn 0.566659 -0.729859 0.382366
vn 0.566678 -0.729864 0.382328
vn 0.497956 -0.778373 0.382330
vn 0.497956 -0.778373 0.382329
vn 0.425116 -0.820427 0.382331
vn 0.425103 -0.820420 0.382360
vn 0.348741 -0.855677 0.382357
vn 0.348740 -0.855676 0.382359
vn 0.269483 -0.883845 0.382357
vn 0.269490 -0.883850 0.382340
vn 0.187997 -0.904694 0.382342
vn 0.793662 -0.000000 0.608359
vn 0.793662 -0.000000 0.608359
vn 0.790374 -0.072171 0.608359
vn 0.790368 -0.072173 0.608366
vn 0.780530 -0.143751 0.608366
vn 0.780538 -0.143749 0.608356
vn 0.764235 -0.214119 0.608356
vn 0.764212 -0.214123 0.608385
vn 0.741573 -0.282734 0.608384
vn 0.741580 -0.282734 0.608376
vn 0.712800 -0.348993 0.608375
vn 0.712804 -0.348993 0.608370
vn 0.678115 -0.412368 0.608370
vn 0.678097 -0.412365 0.608390
vn 0.637791 -0.472320 0.608388
vn 0.637810 -0.472324 0.608365
vn 0.592212 -0.528372 0.608365
vn 0.592231 -0.528379 0.608341
vn 0.541726 -0.580045 0.608343
vn 0.541709 -0.580037 0.608365
vn 0.486726 -0.626889 0.608365
vn 0.486729 -0.626891 0.608360
vn 0.427703 -0.668557 0.608361
vn 0.427692 -0.668550 0.608376
vn 0.365128 -0.704672 0.608374
vn 0.365142 -0.704684 0.608352
vn 0.299544 -0.734968 0.608354
vn 0.299546 -0.734970 0.608351
vn 0.231472 -0.759162 0.608353
vn 0.920197 0.084025 0.382331
vn 0.920193 0.084022 0.382341
vn 0.908738 0.167363 0.382341
vn 0.908739 0.167364 0.382339
vn 0.889759 0.249288 0.382340
vn 0.889763 0.249292 0.382328
vn 0.863402 0.329183 0.382329
vn 0.863398 0.329178 0.382341
vn 0.829890 0.406322 0.382341
vn 0.829888 0.406319 0.382349
vn 0.789500 0.480102 0.382350
vn 0.789503 0.480109 0.382336
vn 0.742571 0.549915 0.382338
vn 0.742567 0.549905 0.382359
vn 0.689481 0.615157 0.382358
vn 0.689482 0.615160 0.382351
vn 0.630694 0.675303 0.382350
vn 0.630692 0.675294 0.382368
vn 0.566667 0.729853 0.382366
vn 0.566668 0.729872 0.382328
vn 0.497956 0.778372 0.382330
vn 0.497956 0.778370 0.382334
vn 0.609159 -0.000000 0.793048
vn 0.609159 -0.000000 0.793048
vn 0.606636 -0.055395 0.793048
vn 0.606625 -0.055398 0.793056
vn 0.599075 -0.110330 0.793056
vn 0.599082 -0.110329 0.793050
vn 0.586567 -0.164349 0.793050
vn 0.586586 -0.164348 0.793036
vn 0.569207 -0.217015 0.793037
vn 0.569203 -0.217015 0.793040
vn 0.547113 -0.267870 0.793040
vn 0.547104 -0.267869 0.793047
vn 0.520476 -0.316513 0.793047
vn 0.520480 -0.316514 0.793045
vn 0.489544 -0.362528 0.793045
vn 0.489536 -0.362525 0.793051
vn 0.454544 -0.405537 0.793051
vn 0.454553 -0.405540 0.793044
vn 0.415783 -0.445202 0.793044
vn 0.415785 -0.445203 0.793043
vn 0.373583 -0.481163 0.793043
vn 0.373584 -0.481163 0.793043
vn 0.328275 -0.513145 0.793043
vn 0.328279 -0.513148 0.793039
vn 0.280260 -0.540871 0.793040
vn 0.280251 -0.540862 0.793049
vn 0.229909 -0.564107 0.793048
vn 0.790374 0.072173 0.608359
vn 0.790368 0.072170 0.608366
vn 0.780530 0.143748 0.608366
vn 0.780537 0.143752 0.608356
vn 0.764233 0.214128 0.608356
vn 0.764214 0.214113 0.608385
vn 0.741574 0.282731 0.608384
vn 0.741580 0.282737 0.608374
vn 0.712801 0.348993 0.608373
vn 0.712803 0.348995 0.608370
vn 0.678111 0.412373 0.608369
vn 0.678103 0.412360 0.608388
vn 0.637798 0.472314 0.608386
vn 0.637809 0.472333 0.608360
vn 0.592220 0.528370 0.608359
vn 0.592227 0.528386 0.608338
vn 0.541723 0.580052 0.608339
vn 0.541715 0.580031 0.608365
vn 0.486727 0.626888 0.608365
vn 0.486729 0.626895 0.608357
vn 0.427700 0.668562 0.608357
vn 0.427698 0.668549 0.608372
vn 0.383011 -0.000000 0.923744
vn 0.383011 -0.000000 0.923744
vn 0.381425 -0.034832 0.923743
vn 0.381449 -0.034827 0.923734
vn 0.376700 -0.069374 0.923734
vn 0.376688 -0.069376 0.923739
vn 0.368820 -0.103335 0.923739
vn 0.368817 -0.103335 0.923740
vn 0.357890 -0.136450 0.923740
vn 0.357899 -0.136450 0.923737
vn 0.344008 -0.168430 0.923737
vn 0.343994 -0.168428 0.923742
vn 0.327254 -0.199010 0.923742
vn 0.327262 -0.199011 0.923739
vn 0.307808 -0.227947 0.923739
vn 0.307804 -0.227945 0.923741
vn 0.285804 -0.254987 0.923741
vn 0.285791 -0.254981 0.923747
vn 0.261419 -0.279916 0.923746
vn 0.261439 -0.279927 0.923737
vn 0.234899 -0.302541 0.923738
vn 0.234894 -0.302538 0.923740
vn 0.206408 -0.322645 0.923740
vn 0.206407 -0.322645 0.923740
vn 0.176213 -0.340078 0.923740
vn 0.606635 0.055399 0.793048
vn 0.606625 0.055394 0.793056
vn 0.599075 0.110327 0.793056
vn 0.599081 0.110331 0.793050
vn 0.586569 0.164343 0.793050
vn 0.586584 0.164353 0.793037
vn 0.569207 0.217016 0.793037
vn 0.569203 0.217013 0.793040
vn 0.547112 0.267872 0.793040
vn 0.547108 0.267868 0.793045
vn 0.520480 0.316514 0.793044
vn 0.520480 0.316514 0.793045
vn 0.489543 0.362529 0.793045
vn 0.489538 0.362522 0.793051
vn 0.454546 0.405535 0.793051
vn 0.454550 0.405543 0.793044
vn 0.415784 0.445202 0.793044
vn 0.415784 0.445203 0.793043
vn 0.373584 0.481163 0.793043
vn 0.373584 0.481163 0.793043
vn 0.328276 0.513144 0.793043
vn 0.328278 0.513149 0.793039
vn 0.381425 0.034825 0.923744
vn 0.381448 0.034834 0.923734
vn 0.376700 0.069378 0.923734
vn 0.376689 0.069372 0.923739
vn 0.368820 0.103336 0.923739
vn 0.368817 0.103334 0.923740
vn 0.357891 0.136447 0.923740
vn 0.357897 0.136452 0.923737
vn 0.344005 0.168433 0.923737
vn 0.343995 0.168424 0.923743
vn 0.327254 0.199007 0.923743
vn 0.327260 0.199014 0.923739
vn 0.307808 0.227947 0.923739
vn 0.307805 0.227944 0.923741
vn 0.285801 0.254990 0.923741
vn 0.285795 0.254979 0.923746
vn 0.261425 0.279913 0.923746
vn 0.261433 0.279930 0.923738
vn 0.234897 0.302541 0.923738
vn 0.234895 0.302537 0.923740
vn 0.206407 0.322646 0.923740
vn 0.206406 0.322643 0.923741
vn 0.348741 0.855674 0.382363
vn 0.348740 0.855679 0.382353
vn 0.269489 0.883846 0.382351
vn 0.269488 0.883848 0.382346
vn 0.187998 0.904692 0.382348
vn 0.187997 0.904694 0.382343
vn 0.104949 0.918040 0.382347
vn 0.104948 0.918041 0.382344
vn 0.021035 0.923781 0.382343
vn 0.021034 0.923783 0.382339
vn -0.063059 0.921868 0.382339
vn -0.063056 0.921864 0.382349
vn -0.146625 0.912310 0.382351
vn -0.146625 0.912310 0.382351
vn -0.228979 0.895197 0.382351
vn -0.228977 0.895195 0.382355
vn -0.309429 0.870664 0.382358
vn -0.309436 0.870669 0.382340
vn -0.387330 0.838923 0.382340
vn -0.387329 0.838922 0.382342
vn -0.462011 0.800225 0.382341
vn -0.462013 0.800226 0.382338
vn -0.532868 0.754898 0.382337
vn -0.532867 0.754898 0.382338
vn -0.599303 0.703316 0.382337
vn -0.599297 0.703314 0.382351
vn -0.660772 0.645901 0.382352
vn -0.660783 0.645903 0.382329
vn -0.716778 0.583142 0.382328
vn -0.716779 0.583142 0.382326
vn -0.766838 0.515546 0.382325
vn -0.766826 0.515546 0.382348
vn -0.810535 0.443670 0.382348
vn -0.810538 0.443670 0.382342
vn -0.847520 0.368137 0.382341
vn -0.847529 0.368135 0.382324
vn -0.877498 0.289530 0.382322
vn 0.299546 0.734975 0.608345
vn 0.299547 0.734970 0.608351
vn 0.231469 0.759163 0.608353
vn 0.231470 0.759155 0.608362
vn 0.161473 0.777060 0.608362
vn 0.161475 0.777055 0.608368
vn 0.090146 0.788520 0.608367
vn 0.090143 0.788529 0.608356
vn 0.018066 0.793457 0.608358
vn 0.018068 0.793452 0.608365
vn -0.054162 0.791807 0.608365
vn -0.054162 0.791809 0.608363
vn -0.125939 0.783603 0.608363
vn -0.125940 0.783605 0.608361
vn -0.196676 0.768905 0.608361
vn -0.196675 0.768904 0.608363
vn -0.265779 0.747835 0.608362
vn -0.265775 0.747831 0.608369
vn -0.332683 0.720561 0.608370
vn -0.332682 0.720560 0.608371
vn -0.396827 0.687322 0.608372
vn -0.396827 0.687322 0.608372
vn -0.457681 0.648390 0.608374
vn -0.457690 0.648395 0.608361
vn -0.514754 0.604090 0.608361
vn -0.514750 0.604088 0.608367
vn -0.567552 0.554773 0.608368
vn -0.567542 0.554769 0.608381
vn -0.615636 0.500862 0.608383
vn -0.615645 0.500864 0.608372
vn -0.658641 0.442804 0.608372
vn -0.658639 0.442804 0.608374
vn -0.696176 0.381076 0.608375
vn -0.696184 0.381077 0.608365
vn -0.727950 0.316196 0.608366
vn -0.727941 0.316196 0.608376
vn -0.753678 0.248690 0.608377
vn -0.753711 0.248687 0.608337
vn -0.773202 0.179121 0.608337
vn 0.144558 0.354693 0.923740
vn 0.229906 0.564104 0.793051
vn 0.229906 0.564104 0.793051
vn 0.177659 0.582675 0.793049
vn 0.177659 0.582679 0.793046
vn 0.123939 0.596421 0.793046
vn 0.123938 0.596427 0.793041
vn 0.069189 0.605226 0.793041
vn 0.069191 0.605220 0.793046
vn 0.013865 0.609006 0.793044
vn 0.013866 0.609003 0.793047
vn -0.041569 0.607741 0.793047
vn -0.041572 0.607747 0.793042
vn -0.096666 0.601450 0.793041
vn -0.096663 0.601444 0.793046
vn -0.150955 0.590161 0.793047
vn -0.150956 0.590162 0.793045
vn -0.203996 0.573989 0.793046
vn -0.203993 0.573985 0.793050
vn -0.255342 0.553057 0.793051
vn -0.255350 0.553065 0.793042
vn -0.304585 0.527555 0.793041
vn -0.304584 0.527555 0.793041
vn -0.351297 0.497672 0.793040
vn -0.351288 0.497666 0.793048
vn -0.395088 0.463659 0.793048
vn -0.395093 0.463662 0.793044
vn -0.435622 0.425812 0.793043
vn -0.435619 0.425810 0.793046
vn -0.472534 0.384435 0.793046
vn -0.472525 0.384431 0.793053
vn -0.505525 0.339869 0.793053
vn -0.505536 0.339872 0.793045
vn -0.534346 0.292495 0.793045
vn -0.534352 0.292496 0.793041
vn -0.558739 0.242689 0.793040
vn -0.558718 0.242687 0.793056
vn -0.578470 0.190878 0.793056
vn -0.578474 0.190878 0.793053
vn -0.593437 0.137474 0.793053
vn -0.593431 0.137475 0.793058
vn -0.603473 0.082952 0.793057
vn 0.111707 0.366366 0.923741
vn 0.144558 0.354691 0.923741
vn 0.111707 0.366368 0.923740
vn 0.077927 0.375007 0.923741
vn 0.077927 0.375003 0.923742
vn 0.043504 0.380535 0.923743
vn 0.043503 0.380540 0.923741
vn 0.008718 0.382918 0.923741
vn 0.008718 0.382918 0.923741
vn -0.026136 0.382124 0.923741
vn -0.026137 0.382126 0.923741
vn -0.060779 0.378166 0.923740
vn -0.060780 0.378167 0.923740
vn -0.094916 0.371075 0.923739
vn -0.094915 0.371074 0.923740
vn -0.128266 0.360906 0.923739
vn -0.128267 0.360908 0.923739
vn -0.160556 0.347749 0.923738
vn -0.160550 0.347743 0.923742
vn -0.191508 0.331701 0.923742
vn -0.191509 0.331703 0.923741
vn -0.220878 0.312914 0.923741
vn -0.220883 0.312918 0.923739
vn -0.248421 0.291538 0.923739
vn -0.248424 0.291539 0.923737
vn -0.273909 0.267738 0.923737
vn -0.273903 0.267735 0.923740
vn -0.297114 0.241721 0.923740
vn -0.297116 0.241721 0.923739
vn -0.317865 0.213702 0.923739
vn -0.317861 0.213701 0.923741
vn -0.335977 0.183909 0.923741
vn -0.335974 0.183908 0.923742
vn -0.351307 0.152592 0.923742
vn -0.351311 0.152592 0.923740
vn -0.363730 0.120019 0.923740
vn -0.363726 0.120019 0.923742
vn -0.373134 0.086444 0.923742
vn -0.373149 0.086443 0.923735
vn -0.379464 0.052153 0.923735
vn -0.379442 0.052157 0.923744
vn -0.707107 0.000000 0.707107
vn -0.707107 0.000000 0.707107
vn -0.500000 -0.500000 0.707107
vn -0.500000 -0.500000 0.707107
vn 0.500000 -0.500000 0.707107
vn 0.500000 -0.500000 0.707107
vn 0.000000 -0.707107 0.707107
vn 0.000000 -0.707107 0.707107
vn -1.000000 0.000000 0.000000
vn -1.000000 0.000000 0.000000
vn -0.707107 -0.707107 0.000000
vn -0.707107 -0.707107 0.000000
vn 0.707107 -0.707107 0.000000
vn 0.707107 -0.707107 0.000000
vn -0.000000 -1.000000 0.000000
vn 0.000000 -1.000000 0.000000
vn -1.000000 0.000000 0.000000
vn -1.000000 0.000000 0.000000
vn -1.000000 0.000000 0.000000
vn -1.000000 0.000000 0.000000
vn -1.000000 -0.000000 0.000000
vn -1.000000 -0.000000 0.000000
vn -1.000000 0.000000 -0.000000
vn -1.000000 0.000000 0.000000
vn -1.000000 0.000000 0.000000
vn -1.000000 -0.000000 0.000000
vn -1.000000 0.000000 -0.000000
vn -1.000000 0.000000 -0.000000
vn -1.000000 0.000000 -0.000000
vn -1.000000 0.000000 -0.000000
vn -1.000000 0.000000 0.000000
vn -1.000000 0.000000 -0.000000
vn -1.000000 0.000000 -0.000000
vn -1.000000 0.000000 -0.000000
vn -1.000000 0.000000 -0.000000
vn -1.000000 0.000000 -0.000000
vn -1.000000 0.000000 -0.000000
vn -1.000000 0.000000 0.000000
vn -1.000000 -0.000000 0.000000
vn -1.000000 -0.000000 0.000000
vn -1.000000 0.000000 0.000000
vn -1.000000 0.000000 0.000000
vn -1.000000 0.000000 0.000000
vn -1.000000 0.000000 0.000000
vn -1.000000 0.000000 0.000000
vn -1.000000 0.000000 0.000000
vn -1.000000 0.000000 0.000000
vn -1.000000 0.000000 0.000000
vn -1.000000 0.000000 0.000000
vn -1.000000 0.000000 0.000000
vn -1.000000 0.000000 0.000000
vn -1.000000 0.000000 0.000000
vn -1.000000 -0.000000 0.000000
vn -1.000000 -0.000000 0.000000
vn -1.000000 0.000000 0.000000
vn -1.000000 -0.000000 0.000000
vn -1.000000 -0.000000 0.000000
vn -1.000000 0.000000 0.000000
vn -1.000000 0.000000 0.000000
vn -1.000000 0.000000 0.000000
vn -1.000000 0.000000 -0.000000
vn -1.000000 0.000000 -0.000000
vn -1.000000 0.000000 0.000000
vn -1.000000 0.000000 0.000000
vn -1.000000 0.000000 0.000000
vn -1.000000 0.000000 0.000000
vn -1.000000 0.000000 0.000000
vn -1.000000 0.000000 0.000000
vn -1.000000 0.000000 0.000000
vn -1.000000 0.000000 0.000000
vn -1.000000 0.000000 0.000000
vn -1.000000 0.000000 0.000000
vn -1.000000 0.000000 0.000000
vn -1.000000 0.000000 0.000000
vn -1.000000 0.000000 0.000000
vn -1.000000 0.000000 0.000000
vn -1.000000 0.000000 0.000000
vn -1.000000 0.000000 0.000000
vn -1.000000 0.000000 0.000000
vn -1.000000 0.000000 0.000000
vn 0.000000 -0.707107 -0.707107
vn 0.000000 -0.707107 -0.707107
vn 0.500000 -0.500000 -0.707107
vn 0.500000 -0.500000 -0.707107
vn -0.500000 -0.500000 -0.707107
vn -0.500000 -0.500000 -0.707107
vn -0.707107 0.000000 -0.707107
vn -0.707107 0.000000 -0.707107
vn 0.000000 0.000000 -1.000000
vn 0.000000 0.000000 -1.000000
vn 0.000000 -0.000000 -1.000000
vn 0.000000 0.000000 -1.000000
vn 0.000000 -0.000000 -1.000000
vn 0.000000 0.000000 -1.000000
vn 0.000000 -0.000000 -1.000000
vn 0.000000 0.000000 -1.000000
vn 0.000000 -0.000000 -1.000000
vn 0.000000 0.000000 -1.000000
vn 0.000000 -0.000000 -1.000000
vn -0.000000 0.000000 -1.000000
vn -0.000000 -0.000000 -1.000000
vn -0.000000 0.000000 -1.000000
vn -0.000000 -0.000000 -1.000000
vn -0.000000 0.000000 -1.000000
vn -0.000000 -0.000000 -1.000000
vn -0.000000 0.000000 -1.000000
vn -0.000000 -0.000000 -1.000000
vn -0.000000 0.000000 -1.000000
vn -0.000000 -0.000000 -1.000000
vn -0.000000 0.000000 -1.000000
vn -0.707107 0.000000 -0.707107
vn -0.707107 0.000000 -0.707107
vn -0.500000 0.500000 -0.707106
vn -0.500000 0.500000 -0.707106
vn 0.500000 0.500001 -0.707106
vn 0.500000 0.500000 -0.707107
vn 0.000000 0.707107 -0.707107
vn 0.000000 0.707107 -0.707107
vn -1.000000 0.000000 0.000000
vn -1.000000 -0.000000 -0.000000
vn -0.707107 0.707107 0.000000
vn -0.707107 0.707107 0.000000
vn 0.707107 0.707107 0.000000
vn 0.707107 0.707107 0.000000
vn 0.000000 1.000000 0.000000
vn 0.000000 1.000000 0.000000
vn 0.000000 0.707107 0.707107
vn -0.000000 0.707107 0.707107
vn 0.500000 0.500001 0.707106
vn 0.500000 0.500000 0.707107
vn -0.500000 0.500000 0.707106
vn -0.500000 0.500000 0.707106
vn -0.707107 0.000000 0.707107
vn -0.707107 0.000000 0.707107
vn 0.000000 -0.991446 0.130516
vn 0.000000 -0.991446 0.130516
vn 0.000000 -0.991445 -0.130526
vn -0.000000 -0.991445 -0.130526
vn 0.000000 -0.923886 -0.382667
vn -0.000000 -0.923886 -0.382667
vn 0.000000 -0.793330 -0.608792
vn -0.000000 -0.793330 -0.608792
vn 0.000000 -0.608801 -0.793323
vn -0.000000 -0.608801 -0.793323
vn 0.000000 -0.382664 -0.923888
vn -0.000000 -0.382664 -0.923888
vn 0.000000 -0.130540 -0.991443
vn -0.000000 -0.130540 -0.991443
vn 0.000000 0.130543 -0.991443
vn 0.000000 0.130543 -0.991443
vn 0.000000 0.382657 -0.923890
vn 0.000000 0.382657 -0.923890
vn 0.000000 0.608810 -0.793316
vn 0.000000 0.608810 -0.793316
vn 0.000000 0.793330 -0.608792
vn 0.000000 0.793330 -0.608792
vn 0.000000 0.923886 -0.382667
vn 0.000000 0.923886 -0.382667
vn 0.000000 0.991442 -0.130545
vn 0.000000 0.991442 -0.130545
vn 0.000000 0.991444 0.130535
vn 0.000000 0.991444 0.130535
vn 0.000000 0.923875 0.382694
vn 0.000000 0.923875 0.382694
vn 0.000000 0.793359 0.608755
vn 0.000000 0.793359 0.608755
vn 0.000000 0.608761 0.793353
vn 0.000000 0.608761 0.793353
vn 0.000000 0.382657 0.923890
vn 0.000000 0.382657 0.923890
vn 0.000000 0.130543 0.991443
vn 0.000000 0.130543 0.991443
vn 0.000000 -0.130540 0.991443
vn 0.000000 -0.130540 0.991443
vn 0.000000 -0.382664 0.923888
vn 0.000000 -0.382664 0.923888
vn 0.000000 -0.608752 0.793361
vn 0.000000 -0.608752 0.793361
vn 0.000000 -0.793359 0.608755
vn 0.000000 -0.793359 0.608755
vn 0.000000 -0.923875 0.382694
vn 0.000000 -0.923875 0.382694
vn 0.000000 -0.991445 -0.130526
vn 0.000000 -0.991445 -0.130526
vn 0.000000 -0.991446 0.130516
vn 0.000000 -0.991446 0.130516
vn 0.000000 -0.923875 0.382694
vn 0.000000 -0.923875 0.382694
vn 0.000000 -0.793359 0.608755
vn 0.000000 -0.793359 0.608755
vn 0.000000 -0.608752 0.793361
vn 0.000000 -0.608752 0.793361
vn 0.000000 -0.382664 0.923888
vn 0.000000 -0.382664 0.923888
vn 0.000000 -0.130540 0.991443
vn 0.000000 -0.130540 0.991443
vn 0.000000 0.130543 0.991443
vn -0.000000 0.130543 0.991443
vn 0.000000 0.382657 0.923890
vn -0.000000 0.382657 0.923890
vn 0.000000 0.608761 0.793353
vn -0.000000 0.608761 0.793353
vn 0.000000 0.793359 0.608755
vn -0.000000 0.793359 0.608755
vn 0.000000 0.923875 0.382694
vn -0.000000 0.923875 0.382694
vn 0.000000 0.991444 0.130535
vn -0.000000 0.991444 0.130535
vn 0.000000 0.991442 -0.130545
vn 0.000000 0.991442 -0.130545
vn 0.000000 0.923886 -0.382667
vn 0.000000 0.923886 -0.382667
vn 0.000000 0.793330 -0.608792
vn 0.000000 0.793330 -0.608792
vn 0.000000 0.608810 -0.793316
vn 0.000000 0.608810 -0.793316
vn 0.000000 0.382657 -0.923890
vn 0.000000 0.382657 -0.923890
vn 0.000000 0.130543 -0.991443
vn 0.000000 0.130543 -0.991443
vn 0.000000 -0.130540 -0.991443
vn 0.000000 -0.130540 -0.991443
vn 0.000000 -0.382664 -0.923888
vn 0.000000 -0.382664 -0.923888
vn 0.000000 -0.608801 -0.793323
vn 0.000000 -0.608801 -0.793323
vn 0.000000 -0.793330 -0.608792
vn 0.000000 -0.793330 -0.608792
vn 0.000000 -0.923886 -0.382667
vn 0.000000 -0.923886 -0.382667
vn -1.000000 0.000000 0.000000
vn -1.000000 0.000000 0.000000
vn -1.000000 0.000000 -0.000000
vn -1.000000 0.000000 -0.000000
vn -1.000000 0.000000 -0.000000
vn -1.000000 0.000000 -0.000000
vn -1.000000 0.000000 -0.000000
vn -1.000000 0.000000 -0.000000
vn -1.000000 0.000000 -0.000000
vn -1.000000 0.000000 -0.000000
vn -1.000000 0.000000 -0.000000
vn -1.000000 0.000000 -0.000000
vn -1.000000 0.000000 -0.000000
vn -1.000000 0.000000 0.000000
vn -1.000000 0.000000 0.000000
vn -1.000000 0.000000 0.000000
vn -1.000000 0.000000 0.000000
vn -1.000000 0.000000 0.000000
vn -1.000000 0.000000 0.000000
vn -1.000000 0.000000 0.000000
vn -1.000000 0.000000 0.000000
vn -1.000000 0.000000 0.000000
vn 0.000000 -0.991445 0.130526
vn 0.000000 -0.991445 0.130526
vn 0.000000 -0.991444 -0.130536
vn -0.000000 -0.991444 -0.130536
vn 0.000000 -0.923886 -0.382667
vn -0.000000 -0.923886 -0.382667
vn 0.000000 -0.793334 -0.608786
vn -0.000000 -0.793334 -0.608786
vn 0.000000 -0.608801 -0.793323
vn -0.000000 -0.608801 -0.793323
vn 0.000000 -0.382664 -0.923888
vn -0.000000 -0.382664 -0.923888
vn 0.000000 -0.130540 -0.991443
vn -0.000000 -0.130540 -0.991443
vn 0.000000 0.130540 -0.991443
vn 0.000000 0.130540 -0.991443
vn 0.000000 0.382664 -0.923888
vn 0.000000 0.382664 -0.923888
vn 0.000000 0.608801 -0.793323
vn 0.000000 0.608801 -0.793323
vn 0.000000 0.793334 -0.608786
vn 0.000000 0.793334 -0.608786
vn 0.000000 0.923883 -0.382675
vn 0.000000 0.923883 -0.382675
vn 0.000000 0.991445 -0.130526
vn 0.000000 0.991445 -0.130526
vn 0.000000 0.991446 0.130516
vn 0.000000 0.991446 0.130516
vn 0.000000 0.923872 0.382703
vn 0.000000 0.923872 0.382703
vn 0.000000 0.793363 0.608748
vn 0.000000 0.793363 0.608748
vn 0.000000 0.608752 0.793361
vn 0.000000 0.608752 0.793361
vn 0.000000 0.382664 0.923888
vn 0.000000 0.382664 0.923888
vn 0.000000 0.130540 0.991443
vn 0.000000 0.130540 0.991443
vn 0.000000 -0.130540 0.991443
vn 0.000000 -0.130540 0.991443
vn 0.000000 -0.382664 0.923888
vn 0.000000 -0.382664 0.923888
vn 0.000000 -0.608752 0.793361
vn 0.000000 -0.608752 0.793361
vn 0.000000 -0.793363 0.608748
vn 0.000000 -0.793363 0.608748
vn 0.000000 -0.923875 0.382694
vn 0.000000 -0.923875 0.382694
vn 0.000000 -0.991444 -0.130536
vn 0.000000 -0.991444 -0.130536
vn 0.000000 -0.991445 0.130526
vn 0.000000 -0.991445 0.130526
vn 0.000000 -0.923875 0.382694
vn 0.000000 -0.923875 0.382694
vn 0.000000 -0.793363 0.608748
vn 0.000000 -0.793363 0.608748
vn 0.000000 -0.608752 0.793361
vn 0.000000 -0.608752 0.793361
vn 0.000000 -0.382664 0.923888
vn 0.000000 -0.382664 0.923888
vn 0.000000 -0.130540 0.991443
vn 0.000000 -0.130540 0.991443
vn 0.000000 0.130540 0.991443
vn -0.000000 0.130540 0.991443
vn 0.000000 0.382664 0.923888
vn -0.000000 0.382664 0.923888
vn 0.000000 0.608752 0.793361
vn -0.000000 0.608752 0.793361
vn 0.000000 0.793363 0.608748
vn -0.000000 0.793363 0.608748
vn 0.000000 0.923872 0.382703
vn -0.000000 0.923872 0.382703
vn 0.000000 0.991446 0.130516
vn -0.000000 0.991446 0.130516
vn 0.000000 0.991445 -0.130526
vn 0.000000 0.991445 -0.130526
vn 0.000000 0.923883 -0.382675
vn 0.000000 0.923883 -0.382675
vn 0.000000 0.793334 -0.608786
vn 0.000000 0.793334 -0.608786
vn 0.000000 0.608801 -0.793323
vn 0.000000 0.608801 -0.793323
vn 0.000000 0.382664 -0.923888
vn 0.000000 0.382664 -0.923888
vn 0.000000 0.130540 -0.991443
vn 0.000000 0.130540 -0.991443
vn 0.000000 -0.130540 -0.991443
vn 0.000000 -0.130540 -0.991443
vn 0.000000 -0.382664 -0.923888
vn 0.000000 -0.382664 -0.923888
vn 0.000000 -0.608801 -0.793323
vn 0.000000 -0.608801 -0.793323
vn 0.000000 -0.793334 -0.608786
vn 0.000000 -0.793334 -0.608786
vn 0.000000 -0.923886 -0.382667
vn 0.000000 -0.923886 -0.382667
vn -1.000000 0.000000 0.000000
vn -1.000000 0.000000 0.000000
vn -1.000000 0.000000 -0.000000
vn -1.000000 0.000000 -0.000000
vn -1.000000 0.000000 -0.000000
vn -1.000000 0.000000 -0.000000
vn -1.000000 0.000000 -0.000000
vn -1.000000 0.000000 -0.000000
vn -1.000000 0.000000 -0.000000
vn -1.000000 0.000000 -0.000000
vn -1.000000 0.000000 -0.000000
vn -1.000000 0.000000 -0.000000
vn -1.000000 0.000000 -0.000000
vn -1.000000 0.000000 0.000000
vn -1.000000 0.000000 0.000000
vn -1.000000 0.000000 0.000000
vn -1.000000 0.000000 0.000000
vn -1.000000 0.000000 0.000000
vn -1.000000 0.000000 0.000000
vn -1.000000 0.000000 0.000000
vn -1.000000 0.000000 0.000000
vn -1.000000 0.000000 0.000000
vn 0.000000 -1.000000 0.000000
vn 0.000000 -1.000000 0.000000
vn -0.000000 -1.000000 0.000000
vn 0.000000 -1.000000 0.000000
vn 0.000000 1.000000 0.000000
vn 0.000000 1.000000 0.000000
vn 0.000000 1.000000 0.000000
vn 0.000000 1.000000 0.000000
vn 0.000000 -0.991445 0.130523
vn 0.000000 -0.991445 0.130523
vn 0.000000 -0.991445 -0.130523
vn -0.000000 -0.991445 -0.130523
vn 0.000000 -0.923872 -0.382701
vn -0.000000 -0.923872 -0.382701
vn 0.000000 -0.793366 -0.608744
vn -0.000000 -0.793366 -0.608744
vn 0.000000 -0.608742 -0.793368
vn -0.000000 -0.608742 -0.793368
vn 0.000000 -0.382723 -0.923863
vn -0.000000 -0.382723 -0.923863
vn 0.000000 -0.130539 -0.991443
vn -0.000000 -0.130539 -0.991443
vn 0.000000 0.130541 -0.991443
vn 0.000000 0.130541 -0.991443
vn 0.000000 0.382723 -0.923863
vn 0.000000 0.382723 -0.923863
vn 0.000000 0.608742 -0.793368
vn 0.000000 0.608742 -0.793368
vn 0.000000 0.793359 -0.608755
vn 0.000000 0.793359 -0.608755
vn 0.000000 0.923878 -0.382687
vn 0.000000 0.923878 -0.382687
vn 0.000000 0.991445 -0.130523
vn 0.000000 0.991445 -0.130523
vn 0.000000 0.991445 0.130523
vn 0.000000 0.991445 0.130523
vn 0.000000 0.923878 0.382687
vn 0.000000 0.923878 0.382687
vn 0.000000 0.793359 0.608755
vn 0.000000 0.793359 0.608755
vn 0.000000 0.608742 0.793368
vn 0.000000 0.608742 0.793368
vn 0.000000 0.382667 0.923886
vn 0.000000 0.382667 0.923886
vn 0.000000 0.130541 0.991443
vn 0.000000 0.130541 0.991443
vn 0.000000 -0.130539 0.991443
vn 0.000000 -0.130539 0.991443
vn 0.000000 -0.382667 0.923886
vn 0.000000 -0.382667 0.923886
vn 0.000000 -0.608742 0.793368
vn 0.000000 -0.608742 0.793368
vn 0.000000 -0.793366 0.608744
vn 0.000000 -0.793366 0.608744
vn 0.000000 -0.923872 0.382701
vn 0.000000 -0.923872 0.382701
vn 0.000000 -0.991445 -0.130523
vn 0.000000 -0.991445 -0.130523
vn 0.000000 -0.991445 0.130523
vn 0.000000 -0.991445 0.130523
vn 0.000000 -0.923872 0.382701
vn 0.000000 -0.923872 0.382701
vn 0.000000 -0.793366 0.608744
vn 0.000000 -0.793366 0.608744
vn 0.000000 -0.608742 0.793368
vn 0.000000 -0.608742 0.793368
vn 0.000000 -0.382667 0.923886
vn 0.000000 -0.382667 0.923886
vn 0.000000 -0.130539 0.991443
vn 0.000000 -0.130539 0.991443
vn 0.000000 0.130541 0.991443
vn -0.000000 0.130541 0.991443
vn 0.000000 0.382667 0.923886
vn -0.000000 0.382667 0.923886
vn 0.000000 0.608742 0.793368
vn -0.000000 0.608742 0.793368
vn 0.000000 0.793359 0.608755
vn -0.000000 0.793359 0.608755
vn 0.000000 0.923878 0.382687
vn -0.000000 0.923878 0.382687
vn 0.000000 0.991445 0.130523
vn -0.000000 0.991445 0.130523
vn 0.000000 0.991445 -0.130523
vn 0.000000 0.991445 -0.130523
vn 0.000000 0.923878 -0.382687
vn 0.000000 0.923878 -0.382687
vn 0.000000 0.793359 -0.608755
vn 0.000000 0.793359 -0.608755
vn 0.000000 0.608742 -0.793368
vn 0.000000 0.608742 -0.793368
vn 0.000000 0.382723 -0.923863
vn 0.000000 0.382723 -0.923863
vn 0.000000 0.130541 -0.991443
vn 0.000000 0.130541 -0.991443
vn 0.000000 -0.130539 -0.991443
vn 0.000000 -0.130539 -0.991443
vn 0.000000 -0.382723 -0.923863
vn 0.000000 -0.382723 -0.923863
vn 0.000000 -0.608742 -0.793368
vn 0.000000 -0.608742 -0.793368
vn 0.000000 -0.793366 -0.608744
vn 0.000000 -0.793366 -0.608744
vn 0.000000 -0.923872 -0.382701
vn 0.000000 -0.923872 -0.382701
vn 0.000000 -0.991445 -0.130523
vn -0.000000 -0.991445 -0.130523
vn 0.000000 -0.923872 -0.382701
vn -0.000000 -0.923872 -0.382701
vn 0.000000 -0.793366 -0.608744
vn -0.000000 -0.793366 -0.608744
vn 0.000000 -0.608742 -0.793368
vn -0.000000 -0.608742 -0.793368
vn 0.000000 -0.382723 -0.923863
vn -0.000000 -0.382723 -0.923863
vn 0.000000 -0.130539 -0.991443
vn -0.000000 -0.130539 -0.991443
vn 0.000000 0.130541 -0.991443
vn 0.000000 0.130541 -0.991443
vn 0.000000 0.382723 -0.923863
vn 0.000000 0.382723 -0.923863
vn 0.000000 0.608742 -0.793368
vn 0.000000 0.608742 -0.793368
vn 0.000000 0.793359 -0.608755
vn 0.000000 0.793359 -0.608755
vn 0.000000 0.923878 -0.382687
vn 0.000000 0.923878 -0.382687
vn 0.000000 0.991445 -0.130523
vn 0.000000 0.991445 -0.130523
vn 0.000000 0.991445 0.130523
vn 0.000000 0.991445 0.130523
vn 0.000000 0.923878 0.382687
vn 0.000000 0.923878 0.382687
vn 0.000000 0.793359 0.608755
vn 0.000000 0.793359 0.608755
vn 0.000000 0.608742 0.793368
vn 0.000000 0.608742 0.793368
vn 0.000000 0.382667 0.923886
vn 0.000000 0.382667 0.923886
vn 0.000000 0.130541 0.991443
vn 0.000000 0.130541 0.991443
vn 0.000000 -0.130539 0.991443
vn 0.000000 -0.130539 0.991443
vn 0.000000 -0.382667 0.923886
vn 0.000000 -0.382667 0.923886
vn 0.000000 -0.608742 0.793368
vn 0.000000 -0.608742 0.793368
vn 0.000000 -0.793366 0.608744
vn 0.000000 -0.793366 0.608744
vn 0.000000 -0.923872 0.382701
vn 0.000000 -0.923872 0.382701
vn 0.000000 -0.991445 0.130523
vn 0.000000 -0.991445 0.130523
vn -1.000000 0.000000 0.000000
vn -1.000000 0.000000 0.000000
vn -1.000000 0.000000 0.000000
vn -1.000000 0.000000 0.000000
vn -1.000000 0.000000 0.000000
vn -1.000000 0.000000 0.000000
vn -1.000000 0.000000 0.000000
vn -1.000000 0.000000 0.000000
vn -1.000000 0.000000 0.000000
vn -1.000000 0.000000 0.000000
vn -1.000000 0.000000 0.000000
vn -1.000000 0.000000 0.000000
vn -1.000000 0.000000 0.000000
vn -1.000000 0.000000 0.000000
vn -1.000000 0.000000 0.000000
vn -1.000000 0.000000 0.000000
vn -1.000000 0.000000 0.000000
vn -1.000000 0.000000 0.000000
vn -1.000000 0.000000 0.000000
vn -1.000000 0.000000 0.000000
vn -1.000000 0.000000 0.000000
vn -1.000000 0.000000 0.000000
vn 0.000000 -0.991445 -0.130523
vn 0.000000 -0.991445 -0.130523
vn 0.000000 -0.991444 0.130531
vn 0.000000 -0.991444 0.130531
vn 0.000000 -0.923882 0.382678
vn 0.000000 -0.923882 0.382678
vn 0.000000 -0.793366 0.608744
vn 0.000000 -0.793366 0.608744
vn 0.000000 -0.608742 0.793368
vn 0.000000 -0.608742 0.793368
vn 0.000000 -0.382667 0.923886
vn 0.000000 -0.382667 0.923886
vn 0.000000 -0.130539 0.991443
vn 0.000000 -0.130539 0.991443
vn 0.000000 0.130541 0.991443
vn -0.000000 0.130541 0.991443
vn 0.000000 0.382667 0.923886
vn -0.000000 0.382667 0.923886
vn 0.000000 0.608742 0.793368
vn -0.000000 0.608742 0.793368
vn 0.000000 0.793359 0.608755
vn -0.000000 0.793359 0.608755
vn 0.000000 0.923888 0.382664
vn -0.000000 0.923888 0.382664
vn 0.000000 0.991444 0.130531
vn -0.000000 0.991444 0.130531
vn 0.000000 0.991445 -0.130523
vn 0.000000 0.991445 -0.130523
vn 0.000000 0.923888 -0.382664
vn 0.000000 0.923888 -0.382664
vn 0.000000 0.793334 -0.608786
vn 0.000000 0.793334 -0.608786
vn 0.000000 0.608783 -0.793337
vn 0.000000 0.608783 -0.793337
vn 0.000000 0.382667 -0.923886
vn 0.000000 0.382667 -0.923886
vn 0.000000 0.130541 -0.991443
vn 0.000000 0.130541 -0.991443
vn 0.000000 -0.130539 -0.991443
vn 0.000000 -0.130539 -0.991443
vn 0.000000 -0.382667 -0.923886
vn 0.000000 -0.382667 -0.923886
vn 0.000000 -0.608783 -0.793337
vn 0.000000 -0.608783 -0.793337
vn 0.000000 -0.793342 -0.608776
vn 0.000000 -0.793342 -0.608776
vn 0.000000 -0.923882 -0.382678
vn 0.000000 -0.923882 -0.382678
vn -1.000000 0.000000 0.000000
vn -1.000000 -0.000000 0.000000
vn -1.000000 0.000000 0.000000
vn -1.000000 -0.000000 0.000000
vn -1.000000 0.000000 0.000000
vn -1.000000 -0.000000 0.000000
vn -1.000000 0.000000 0.000000
vn -1.000000 -0.000000 0.000000
vn -1.000000 -0.000000 0.000000
vn -1.000000 0.000000 0.000000
vn -1.000000 0.000000 0.000000
vn -1.000000 -0.000000 0.000000
vn -1.000000 -0.000000 0.000000
vn -1.000000 0.000000 0.000000
vn -1.000000 0.000000 0.000000
vn -1.000000 0.000000 -0.000000
vn -1.000000 0.000000 -0.000000
vn -1.000000 0.000000 0.000000
vn -1.000000 -0.000000 -0.000000
vn -1.000000 0.000000 -0.000000
vn -1.000000 0.000000 -0.000000
vn -1.000000 0.000000 0.000000
vn -1.000000 -0.000000 0.000000
vn -1.000000 0.000000 -0.000000
vn -1.000000 -0.000000 0.000000
vn -1.000000 0.000000 -0.000000
vn -1.000000 -0.000000 0.000000
vn -1.000000 0.000000 -0.000000
vn -1.000000 0.000000 0.000000
vn -1.000000 0.000000 0.000000
vn -1.000000 0.000000 -0.000000
vn -1.000000 0.000000 -0.000000
vn -1.000000 0.000000 0.000000
vn -1.000000 -0.000000 0.000000
vn -1.000000 -0.000000 0.000000
vn -1.000000 0.000000 0.000000
vn -1.000000 0.000000 0.000000
vn -1.000000 0.000000 0.000000
vn -1.000000 0.000000 -0.000000
vn -1.000000 0.000000 0.000000
vn -1.000000 0.000000 0.000000
vn -1.000000 0.000000 0.000000
vn -1.000000 0.000000 0.000000
vn -1.000000 0.000000 0.000000
vn -1.000000 0.000000 0.000000
vn -1.000000 0.000000 0.000000
vn -1.000000 0.000000 0.000000
vn -1.000000 0.000000 0.000000
vn -1.000000 0.000000 0.000000
vn -1.000000 -0.000000 0.000000
vn -1.000000 -0.000000 0.000000
vn -1.000000 0.000000 0.000000
vn -1.000000 -0.000000 0.000000
vn -1.000000 -0.000000 0.000000
vn -1.000000 0.000000 0.000000
vn -1.000000 0.000000 -0.000000
vn -1.000000 0.000000 -0.000000
vn -1.000000 0.000000 0.000000
vn -1.000000 0.000000 0.000000
vn -1.000000 0.000000 0.000000
vn -1.000000 0.000000 -0.000000
vn -1.000000 0.000000 0.000000
vn -1.000000 0.000000 0.000000
vn -1.000000 0.000000 0.000000
vn -1.000000 0.000000 -0.000000
vn -1.000000 0.000000 -0.000000
vn -1.000000 0.000000 0.000000
vn -1.000000 -0.000000 0.000000
vn -1.000000 -0.000000 0.000000
vn -1.000000 0.000000 0.000000
vn -1.000000 0.000000 0.000000
vn -1.000000 0.000000 0.000000
vn -1.000000 0.000000 0.000000
vn -1.000000 0.000000 0.000000
vn -1.000000 0.000000 0.000000
vn -1.000000 0.000000 0.000000
vn -1.000000 0.000000 0.000000
vn -1.000000 0.000000 0.000000
vn -1.000000 -0.000000 0.000000
vn -1.000000 -0.000000 0.000000
vn -1.000000 0.000000 0.000000
vn -1.000000 -0.000000 0.000000
vn -1.000000 0.000000 0.000000
vn -1.000000 0.000000 -0.000000
vn -1.000000 0.000000 -0.000000
vn 0.000000 0.000000 1.000000
vn -0.000000 0.000000 1.000000
vn 0.000000 0.000000 -1.000000
vn 0.000000 0.000000 -1.000000
vn 0.038302 -0.999266 0.000000
vn 0.038302 -0.999266 0.000000
vn 0.114684 -0.993402 0.000000
vn 0.114684 -0.993402 0.000000
vn 0.190392 -0.981708 0.000000
vn 0.190392 -0.981708 0.000000
vn 0.264982 -0.964253 0.000000
vn 0.264982 -0.964253 0.000000
vn 0.338015 -0.941141 0.000000
vn 0.338015 -0.941141 0.000000
vn 0.409069 -0.912503 0.000000
vn 0.409069 -0.912503 0.000000
vn 0.477716 -0.878514 0.000000
vn 0.477716 -0.878514 0.000000
vn 0.543571 -0.839363 0.000000
vn 0.543571 -0.839363 0.000000
vn 0.606222 -0.795296 0.000000
vn 0.606222 -0.795296 0.000000
vn 0.665327 -0.746552 0.000000
vn 0.665327 -0.746552 0.000000
vn 0.720520 -0.693434 0.000000
vn 0.720520 -0.693434 0.000000
vn 0.771489 -0.636243 0.000000
vn 0.771489 -0.636243 0.000000
vn 0.817930 -0.575318 0.000000
vn 0.817930 -0.575318 0.000000
vn 0.859569 -0.511020 0.000000
vn 0.859569 -0.511020 0.000000
vn 0.896165 -0.443721 0.000000
vn 0.896165 -0.443721 0.000000
vn 0.927506 -0.373808 0.000000
vn 0.927506 -0.373808 0.000000
vn 0.953394 -0.301727 0.000000
vn 0.953394 -0.301727 0.000000
vn 0.973695 -0.227856 0.000000
vn 0.973695 -0.227856 0.000000
vn 0.988281 -0.152643 0.000000
vn 0.988281 -0.152643 0.000000
vn 0.997065 -0.076554 0.000000
vn 0.997065 -0.076554 0.000000
vn 1.000000 0.000000 0.000000
vn 1.000000 0.000000 -0.000000
vn 0.997065 0.076554 0.000000
vn 0.997065 0.076554 -0.000000
vn 0.988281 0.152643 0.000000
vn 0.988281 0.152643 -0.000000
vn 0.973695 0.227856 0.000000
vn 0.973695 0.227856 -0.000000
vn 0.953394 0.301727 0.000000
vn 0.953394 0.301727 -0.000000
vn 0.927506 0.373808 0.000000
vn 0.927506 0.373808 -0.000000
vn 0.896165 0.443722 0.000000
vn 0.896165 0.443722 -0.000000
vn 0.859569 0.511019 0.000000
vn 0.859569 0.511019 -0.000000
vn 0.817930 0.575318 0.000000
vn 0.817930 0.575318 -0.000000
vn 0.771490 0.636242 0.000000
vn 0.771490 0.636242 -0.000000
vn 0.720520 0.693434 0.000000
vn 0.720520 0.693434 -0.000000
vn 0.665325 0.746554 0.000000
vn 0.665325 0.746554 -0.000000
vn 0.606224 0.795294 0.000000
vn 0.606224 0.795294 -0.000000
vn 0.543570 0.839364 0.000000
vn 0.543570 0.839364 -0.000000
vn 0.477716 0.878514 0.000000
vn 0.477716 0.878514 -0.000000
vn 0.409071 0.912503 0.000000
vn 0.409071 0.912503 -0.000000
vn 0.338015 0.941141 0.000000
vn 0.338015 0.941141 -0.000000
vn 0.264982 0.964253 0.000000
vn 0.264982 0.964253 -0.000000
vn 0.190389 0.981709 0.000000
vn 0.190389 0.981709 -0.000000
vn 0.114686 0.993402 0.000000
vn 0.114686 0.993402 -0.000000
vn 0.038300 0.999266 0.000000
vn 0.038300 0.999266 0.000000
vn 0.038300 0.999266 0.000000
vn 0.114686 0.993402 0.000000
vn 0.114686 0.993402 0.000000
vn 0.190389 0.981709 0.000000
vn 0.190389 0.981709 0.000000
vn 0.264982 0.964253 0.000000
vn 0.264982 0.964253 0.000000
vn 0.338015 0.941141 0.000000
vn 0.338015 0.941141 0.000000
vn 0.409071 0.912503 0.000000
vn 0.409071 0.912503 0.000000
vn 0.477716 0.878514 0.000000
vn 0.477716 0.878514 0.000000
vn 0.543570 0.839364 0.000000
vn 0.543570 0.839364 0.000000
vn 0.606224 0.795294 0.000000
vn 0.606224 0.795294 0.000000
vn 0.665325 0.746554 0.000000
vn 0.665325 0.746554 0.000000
vn 0.720520 0.693434 0.000000
vn 0.720520 0.693434 0.000000
vn 0.771490 0.636242 0.000000
vn 0.771490 0.636242 0.000000
vn 0.817930 0.575318 0.000000
vn 0.817930 0.575318 0.000000
vn 0.859569 0.511019 0.000000
vn 0.859569 0.511019 0.000000
vn 0.896165 0.443722 0.000000
vn 0.896165 0.443722 0.000000
vn 0.927506 0.373808 0.000000
vn 0.927506 0.373808 0.000000
vn 0.953394 0.301727 0.000000
vn 0.953394 0.301727 0.000000
vn 0.973695 0.227856 0.000000
vn 0.973695 0.227856 0.000000
vn 0.988281 0.152643 0.000000
vn 0.988281 0.152643 0.000000
vn 0.997065 0.076554 0.000000
vn 0.997065 0.076554 0.000000
vn 1.000000 0.000000 0.000000
vn 1.000000 -0.000000 0.000000
vn 0.997065 -0.076554 0.000000
vn 0.997065 -0.076554 0.000000
vn 0.988281 -0.152643 0.000000
vn 0.988281 -0.152643 0.000000
vn 0.973695 -0.227856 0.000000
vn 0.973695 -0.227856 0.000000
vn 0.953394 -0.301727 0.000000
vn 0.953394 -0.301727 0.000000
vn 0.927506 -0.373808 0.000000
vn 0.927506 -0.373808 0.000000
vn 0.896165 -0.443721 0.000000
vn 0.896165 -0.443721 0.000000
vn 0.859569 -0.511020 0.000000
vn 0.859569 -0.511020 0.000000
vn 0.817930 -0.575318 0.000000
vn 0.817930 -0.575318 0.000000
vn 0.771489 -0.636243 0.000000
vn 0.771489 -0.636243 0.000000
vn 0.720520 -0.693434 0.000000
vn 0.720520 -0.693434 0.000000
vn 0.665327 -0.746552 0.000000
vn 0.665327 -0.746552 0.000000
vn 0.606222 -0.795296 0.000000
vn 0.606222 -0.795296 0.000000
vn 0.543571 -0.839363 0.000000
vn 0.543571 -0.839363 0.000000
vn 0.477716 -0.878514 0.000000
vn 0.477716 -0.878514 0.000000
vn 0.409069 -0.912503 0.000000
vn 0.409069 -0.912503 0.000000
vn 0.338015 -0.941141 0.000000
vn 0.338015 -0.941141 0.000000
vn 0.264982 -0.964253 0.000000
vn 0.264982 -0.964253 0.000000
vn 0.190392 -0.981708 0.000000
vn 0.190392 -0.981708 0.000000
vn 0.114684 -0.993402 0.000000
vn 0.114684 -0.993402 0.000000
vn 0.038302 -0.999266 0.000000
f 627//1 631//1 148//1
f 141//2 627//2 148//2
f 150//3 627//3 141//3
f 631//4 645//4 173//4
f 156//5 631//5 173//5
f 148//6 631//6 156//6
f 645//7 655//7 299//7
f 275//8 645//8 299//8
f 196//9 645//9 275//9
f 655//10 669//10 347//10
f 327//11 655//11 347//11
f 299//12 655//12 327//12
f 669//13 687//13 738//13
f 724//14 669//14 738//14
f 347//15 669//15 724//15
f 365//16 347//16 724//16
f 387//17 365//17 724//17
f 715//18 387//18 724//18
f 463//19 387//19 715//19
f 485//20 463//20 715//20
f 721//21 485//21 715//21
f 505//22 485//22 721//22
f 735//23 505//23 721//23
f 547//24 505//24 735//24
f 751//25 547//25 735//25
f 639//26 547//26 751//26
f 763//27 639//27 751//27
f 699//28 639//28 763//28
f 793//29 699//29 763//29
f 815//30 699//30 793//30
f 832//31 815//31 793//31
f 875//32 815//32 832//32
f 754//33 738//33 687//33
f 707//34 754//34 687//34
f 766//35 754//35 707//35
f 796//36 766//36 707//36
f 785//37 796//37 707//37
f 837//38 796//38 785//38
f 891//39 837//39 785//39
f 878//40 837//40 891//40
f 957//41 878//41 891//41
f 904//42 878//42 957//42
f 916//43 904//43 957//43
f 999//44 916//44 957//44
f 928//45 916//45 999//45
f 1023//46 928//46 999//46
f 942//47 928//47 1023//47
f 1471//48 942//48 1023//48
f 1425//49 942//49 1471//49
f 1471//50 1023//50 1059//50
f 1511//51 1471//51 1059//51
f 1553//52 1511//52 1059//52
f 1087//53 1553//53 1059//53
f 1598//54 1553//54 1087//54
f 1653//55 1598//55 1087//55
f 1689//56 1653//56 1087//56
f 1107//57 1689//57 1087//57
f 1711//58 1689//58 1107//58
f 1739//59 1711//59 1107//59
f 1115//60 1739//60 1107//60
f 1749//61 1739//61 1115//61
f 1741//62 1749//62 1115//62
f 1111//63 1741//63 1115//63
f 1713//64 1741//64 1111//64
f 1691//65 1713//65 1111//65
f 1091//66 1691//66 1111//66
f 1655//67 1691//67 1091//67
f 1600//68 1655//68 1091//68
f 1555//69 1600//69 1091//69
f 1063//70 1555//70 1091//70
f 1513//71 1555//71 1063//71
f 1473//72 1513//72 1063//72
f 1027//73 1473//73 1063//73
f 945//74 1473//74 1027//74
f 931//75 945//75 1027//75
f 1003//76 931//76 1027//76
f 919//77 931//77 1003//77
f 961//78 919//78 1003//78
f 907//79 919//79 961//79
f 881//80 907//80 961//80
f 895//81 881//81 961//81
f 840//82 881//82 895//82
f 789//83 840//83 895//83
f 799//84 840//84 789//84
f 711//85 799//85 789//85
f 769//86 799//86 711//86
f 757//87 769//87 711//87
f 691//88 757//88 711//88
f 741//89 757//89 691//89
f 673//90 741//90 691//90
f 727//91 741//91 673//91
f 349//92 727//92 673//92
f 367//93 727//93 349//93
f 349//94 673//94 659//94
f 329//95 349//95 659//95
f 301//96 329//96 659//96
f 649//97 301//97 659//97
f 277//98 301//98 649//98
f 198//99 277//99 649//99
f 175//100 198//100 649//100
f 635//101 175//101 649//101
f 158//102 175//102 635//102
f 150//103 158//103 635//103
f 627//104 150//104 635//104
f 995//105 815//105 875//105
f 901//106 995//106 875//106
f 1103//107 995//107 901//107
f 913//108 1103//108 901//108
f 1167//109 1103//109 913//109
f 925//110 1167//110 913//110
f 1229//111 1167//111 925//111
f 939//112 1229//112 925//112
f 1273//113 1229//113 939//113
f 951//114 1273//114 939//114
f 1335//115 1273//115 951//115
f 1381//116 1335//116 951//116
f 942//117 1381//117 951//117
f 1425//118 1381//118 942//118
f 718//119 727//119 389//119
f 465//120 718//120 389//120
f 487//121 718//121 465//121
f 945//122 954//122 1383//122
f 1427//123 945//123 1383//123
f 1473//124 945//124 1427//124
f 954//125 948//125 1275//125
f 1337//126 954//126 1275//126
f 1383//127 954//127 1337//127
f 1231//128 1275//128 948//128
f 934//129 1231//129 948//129
f 1169//130 1231//130 934//130
f 922//131 1169//131 934//131
f 1105//132 1169//132 922//132
f 910//133 1105//133 922//133
f 997//134 1105//134 910//134
f 884//135 997//135 910//135
f 863//136 997//136 884//136
f 843//137 863//137 884//137
f 802//138 863//138 843//138
f 701//139 863//139 802//139
f 772//140 701//140 802//140
f 641//141 701//141 772//141
f 760//142 641//142 772//142
f 549//143 641//143 760//143
f 744//144 549//144 760//144
f 507//145 549//145 744//145
f 730//146 507//146 744//146
f 487//147 507//147 730//147
f 718//148 487//148 730//148
f 727//149 367//149 389//149
f 645//150 196//150 173//150
f 1827//151 1854//151 1826//151
f 1823//152 1827//152 1826//152
f 1830//153 1827//153 1823//153
f 1821//154 1830//154 1823//154
f 1832//155 1830//155 1821//155
f 1819//156 1832//156 1821//156
f 1814//157 1832//157 1819//157
f 1834//158 1832//158 1814//158
f 1813//159 1834//159 1814//159
f 1836//160 1834//160 1813//160
f 1812//161 1836//161 1813//161
f 1838//162 1836//162 1812//162
f 1811//163 1838//163 1812//163
f 1840//164 1838//164 1811//164
f 1810//165 1840//165 1811//165
f 1842//166 1840//166 1810//166
f 1844//167 1842//167 1810//167
f 1876//168 1842//168 1844//168
f 1878//169 1876//169 1844//169
f 1913//170 1876//170 1878//170
f 1917//171 1913//171 1878//171
f 1960//172 1913//172 1917//172
f 1963//173 1960//173 1917//173
f 2031//174 1960//174 1963//174
f 1965//175 2031//175 1963//175
f 2033//176 2031//176 1965//176
f 1964//177 2033//177 1965//177
f 2032//178 2033//178 1964//178
f 2023//179 2032//179 1964//179
f 2092//180 2032//180 2023//180
f 2088//181 2092//181 2023//181
f 2130//182 2092//182 2088//182
f 2124//183 2130//183 2088//183
f 2159//184 2130//184 2124//184
f 2153//185 2159//185 2124//185
f 2190//186 2159//186 2153//186
f 2181//187 2190//187 2153//187
f 2204//188 2190//188 2181//188
f 2196//189 2204//189 2181//189
f 2205//190 2204//190 2196//190
f 2194//191 2205//191 2196//191
f 2198//192 2205//192 2194//192
f 2188//193 2198//193 2194//193
f 2191//194 2198//194 2188//194
f 2166//195 2191//195 2188//195
f 2149//196 2191//196 2166//196
f 2160//197 2149//197 2166//197
f 2146//198 2149//198 2160//198
f 2152//199 2146//199 2160//199
f 2129//200 2146//200 2152//200
f 2126//201 2129//201 2152//201
f 2107//202 2129//202 2126//202
f 2093//203 2107//203 2126//203
f 2072//204 2107//204 2093//204
f 2049//205 2072//205 2093//205
f 2010//206 2072//206 2049//206
f 1991//207 2010//207 2049//207
f 1976//208 2010//208 1991//208
f 1955//209 1976//209 1991//209
f 1940//210 1976//210 1955//210
f 1922//211 1940//211 1955//211
f 1911//212 1940//212 1922//212
f 1891//213 1911//213 1922//213
f 1889//214 1911//214 1891//214
f 1861//215 1889//215 1891//215
f 1859//216 1889//216 1861//216
f 1833//217 1859//217 1861//217
f 1831//218 1859//218 1833//218
f 1798//219 1831//219 1833//219
f 1793//220 1831//220 1798//220
f 1844//221 1810//221 1809//221
f 1846//222 1844//222 1809//222
f 1878//223 1844//223 1846//223
f 1882//224 1878//224 1846//224
f 1917//225 1878//225 1882//225
f 1919//226 1917//226 1882//226
f 1963//227 1917//227 1919//227
f 1921//228 1963//228 1919//228
f 1965//229 1963//229 1921//229
f 1920//230 1965//230 1921//230
f 1964//231 1965//231 1920//231
f 1961//232 1964//232 1920//232
f 2023//233 1964//233 1961//233
f 2013//234 2023//234 1961//234
f 2088//235 2023//235 2013//235
f 2080//236 2088//236 2013//236
f 2124//237 2088//237 2080//237
f 2115//238 2124//238 2080//238
f 2153//239 2124//239 2115//239
f 2147//240 2153//240 2115//240
f 2181//241 2153//241 2147//241
f 2163//242 2181//242 2147//242
f 2196//243 2181//243 2163//243
f 2185//244 2196//244 2163//244
f 2194//245 2196//245 2185//245
f 2182//246 2194//246 2185//246
f 2188//247 2194//247 2182//247
f 2166//248 2188//248 2182//248
f 1846//249 1809//249 1808//249
f 1848//250 1846//250 1808//250
f 1882//251 1846//251 1848//251
f 1884//252 1882//252 1848//252
f 1919//253 1882//253 1884//253
f 1886//254 1919//254 1884//254
f 1921//255 1919//255 1886//255
f 1885//256 1921//256 1886//256
f 1920//257 1921//257 1885//257
f 1918//258 1920//258 1885//258
f 1961//259 1920//259 1918//259
f 1957//260 1961//260 1918//260
f 2013//261 1961//261 1957//261
f 2006//262 2013//262 1957//262
f 2080//263 2013//263 2006//263
f 2073//264 2080//264 2006//264
f 2115//265 2080//265 2073//265
f 2108//266 2115//266 2073//266
f 2147//267 2115//267 2108//267
f 2133//268 2147//268 2108//268
f 2163//269 2147//269 2133//269
f 2154//270 2163//270 2133//270
f 2185//271 2163//271 2154//271
f 2162//272 2185//272 2154//272
f 2182//273 2185//273 2162//273
f 2160//274 2182//274 2162//274
f 2166//275 2182//275 2160//275
f 1848//276 1808//276 1807//276
f 1850//277 1848//277 1807//277
f 1884//278 1848//278 1850//278
f 1852//279 1884//279 1850//279
f 1886//280 1884//280 1852//280
f 1851//281 1886//281 1852//281
f 1885//282 1886//282 1851//282
f 1883//283 1885//283 1851//283
f 1918//284 1885//284 1883//284
f 1914//285 1918//285 1883//285
f 1957//286 1918//286 1914//286
f 1952//287 1957//287 1914//287
f 2006//288 1957//288 1952//288
f 1998//289 2006//289 1952//289
f 2073//290 2006//290 1998//290
f 2058//291 2073//291 1998//291
f 2108//292 2073//292 2058//292
f 2094//293 2108//293 2058//293
f 2133//294 2108//294 2094//294
f 2121//295 2133//295 2094//295
f 2154//296 2133//296 2121//296
f 2145//297 2154//297 2121//297
f 2162//298 2154//298 2145//298
f 2152//299 2162//299 2145//299
f 2160//300 2162//300 2152//300
f 1850//301 1807//301 1806//301
f 1852//302 1850//302 1806//302
f 1851//303 1852//303 1806//303
f 1805//304 1851//304 1806//304
f 1849//305 1851//305 1805//305
f 1804//306 1849//306 1805//306
f 1847//307 1849//307 1804//307
f 1803//308 1847//308 1804//308
f 1845//309 1847//309 1803//309
f 1802//310 1845//310 1803//310
f 1843//311 1845//311 1802//311
f 1841//312 1843//312 1802//312
f 1869//313 1843//313 1841//313
f 1867//314 1869//314 1841//314
f 1902//315 1869//315 1867//315
f 1899//316 1902//316 1867//316
f 1932//317 1902//317 1899//317
f 1928//318 1932//318 1899//318
f 1966//319 1932//319 1928//319
f 1955//320 1966//320 1928//320
f 1991//321 1966//321 1955//321
f 1841//322 1802//322 1801//322
f 1839//323 1841//323 1801//323
f 1867//324 1841//324 1839//324
f 1865//325 1867//325 1839//325
f 1899//326 1867//326 1865//326
f 1893//327 1899//327 1865//327
f 1928//328 1899//328 1893//328
f 1922//329 1928//329 1893//329
f 1955//330 1928//330 1922//330
f 1839//331 1801//331 1800//331
f 1837//332 1839//332 1800//332
f 1865//333 1839//333 1837//333
f 1863//334 1865//334 1837//334
f 1893//335 1865//335 1863//335
f 1891//336 1893//336 1863//336
f 1922//337 1893//337 1891//337
f 1835//338 1837//338 1800//338
f 1799//339 1835//339 1800//339
f 1833//340 1835//340 1799//340
f 1798//341 1833//341 1799//341
f 1831//342 1793//342 1791//342
f 1824//343 1831//343 1791//343
f 1829//344 1831//344 1824//344
f 1828//345 1829//345 1824//345
f 1856//346 1829//346 1828//346
f 1853//347 1856//347 1828//347
f 1874//348 1856//348 1853//348
f 1828//349 1824//349 1825//349
f 1853//350 1828//350 1825//350
f 1874//351 1897//351 1895//351
f 1881//352 1874//352 1895//352
f 1871//353 1874//353 1881//353
f 1856//354 1871//354 1881//354
f 1874//355 1871//355 1856//355
f 1895//356 1897//356 1923//356
f 1926//357 1895//357 1923//357
f 1903//358 1895//358 1926//358
f 1931//359 1903//359 1926//359
f 1906//360 1903//360 1931//360
f 1935//361 1906//361 1931//361
f 1911//362 1906//362 1935//362
f 1940//363 1911//363 1935//363
f 1923//364 1942//364 1934//364
f 1944//365 1923//365 1934//365
f 1926//366 1923//366 1944//366
f 1931//367 1926//367 1944//367
f 1942//368 1970//368 1951//368
f 1959//369 1942//369 1951//369
f 1934//370 1942//370 1959//370
f 1944//371 1934//371 1959//371
f 1970//372 1993//372 1972//372
f 1978//373 1970//373 1972//373
f 1951//374 1970//374 1978//374
f 1959//375 1951//375 1978//375
f 1993//376 2008//376 2012//376
f 1996//377 1993//377 2012//377
f 1972//378 1993//378 1996//378
f 1978//379 1972//379 1996//379
f 2025//380 2012//380 2008//380
f 2018//381 2025//381 2008//381
f 2035//382 2025//382 2018//382
f 2029//383 2035//383 2018//383
f 2046//384 2035//384 2029//384
f 2037//385 2046//385 2029//385
f 2056//386 2046//386 2037//386
f 2071//387 2056//387 2037//387
f 2060//388 2056//388 2071//388
f 2075//389 2060//389 2071//389
f 2057//390 2060//390 2075//390
f 2084//391 2057//391 2075//391
f 2052//392 2057//392 2084//392
f 2078//393 2052//393 2084//393
f 2027//394 2052//394 2078//394
f 2051//395 2027//395 2078//395
f 1997//396 2027//396 2051//396
f 2010//397 1997//397 2051//397
f 1976//398 1997//398 2010//398
f 2037//399 2040//399 2137//399
f 2071//400 2037//400 2137//400
f 2137//401 2191//401 2149//401
f 2134//402 2137//402 2149//402
f 2123//403 2137//403 2134//403
f 2128//404 2123//404 2134//404
f 2114//405 2123//405 2128//405
f 2116//406 2114//406 2128//406
f 2106//407 2114//407 2116//407
f 2091//408 2106//408 2116//408
f 2078//409 2106//409 2091//409
f 2051//410 2078//410 2091//410
f 2198//411 2191//411 2221//411
f 2210//412 2198//412 2221//412
f 2205//413 2198//413 2210//413
f 2221//414 2205//414 2210//414
f 2216//415 2205//415 2221//415
f 2224//416 2216//416 2221//416
f 2225//417 2216//417 2224//417
f 2230//418 2225//418 2224//418
f 2249//419 2225//419 2230//419
f 2224//420 2249//420 2230//420
f 2221//421 2249//421 2224//421
f 2249//422 2263//422 2245//422
f 2232//423 2249//423 2245//423
f 2225//424 2249//424 2232//424
f 2223//425 2225//425 2232//425
f 2214//426 2225//426 2223//426
f 2197//427 2214//427 2223//427
f 2190//428 2214//428 2197//428
f 2159//429 2190//429 2197//429
f 2263//430 2269//430 2259//430
f 2253//431 2263//431 2259//431
f 2248//432 2263//432 2253//432
f 2233//433 2248//433 2253//433
f 2228//434 2248//434 2233//434
f 2208//435 2228//435 2233//435
f 2202//436 2228//436 2208//436
f 2171//437 2202//437 2208//437
f 2165//438 2202//438 2171//438
f 2136//439 2165//439 2171//439
f 2130//440 2165//440 2136//440
f 2092//441 2130//441 2136//441
f 2269//442 2270//442 2266//442
f 2257//443 2269//443 2266//443
f 2256//444 2269//444 2257//444
f 2242//445 2256//445 2257//445
f 2253//446 2256//446 2242//446
f 2233//447 2253//447 2242//447
f 2270//448 2264//448 2258//448
f 2262//449 2270//449 2258//449
f 2255//450 2270//450 2262//450
f 2252//451 2255//451 2262//451
f 2231//452 2255//452 2252//452
f 2227//453 2231//453 2252//453
f 2201//454 2231//454 2227//454
f 2195//455 2201//455 2227//455
f 2157//456 2201//456 2195//456
f 2150//457 2157//457 2195//457
f 2110//458 2157//458 2150//458
f 2102//459 2110//459 2150//459
f 2050//460 2110//460 2102//460
f 2028//461 2050//461 2102//461
f 1979//462 2050//462 2028//462
f 1968//463 1979//463 2028//463
f 1929//464 1979//464 1968//464
f 1925//465 1929//465 1968//465
f 1892//466 1929//466 1925//466
f 1890//467 1892//467 1925//467
f 1860//468 1892//468 1890//468
f 1858//469 1860//469 1890//469
f 1830//470 1860//470 1858//470
f 1827//471 1830//471 1858//471
f 2264//472 2250//472 2251//472
f 2244//473 2264//473 2251//473
f 2252//474 2264//474 2244//474
f 2227//475 2252//475 2244//475
f 2250//476 2222//476 2226//476
f 2234//477 2250//477 2226//477
f 2229//478 2250//478 2234//478
f 2220//479 2229//479 2234//479
f 2207//480 2229//480 2220//480
f 2200//481 2207//481 2220//481
f 2168//482 2207//482 2200//482
f 2158//483 2168//483 2200//483
f 2125//484 2168//484 2158//484
f 2111//485 2125//485 2158//485
f 2074//486 2125//486 2111//486
f 2054//487 2074//487 2111//487
f 1992//488 2074//488 2054//488
f 1982//489 1992//489 2054//489
f 1947//490 1992//490 1982//490
f 1938//491 1947//491 1982//491
f 1908//492 1947//492 1938//492
f 1901//493 1908//493 1938//493
f 1879//494 1908//494 1901//494
f 1896//495 1879//495 1901//495
f 1875//496 1879//496 1896//496
f 1898//497 1875//497 1896//497
f 1927//498 1898//498 1896//498
f 1916//499 1898//499 1927//499
f 1945//500 1916//500 1927//500
f 1924//501 1916//501 1945//501
f 1936//502 1924//502 1945//502
f 1943//503 1924//503 1936//503
f 1962//504 1943//504 1936//504
f 1950//505 1943//505 1962//505
f 1988//506 1950//506 1962//506
f 1977//507 1950//507 1988//507
f 2022//508 1977//508 1988//508
f 2003//509 1977//509 2022//509
f 2067//510 2003//510 2022//510
f 2043//511 2003//511 2067//511
f 2079//512 2043//512 2067//512
f 2059//513 2043//513 2079//513
f 2086//514 2059//514 2079//514
f 2069//515 2059//515 2086//515
f 2030//516 2069//516 2086//516
f 2047//517 2069//517 2030//517
f 2034//518 2047//518 2030//518
f 2017//519 2047//519 2034//519
f 2019//520 2017//520 2034//520
f 2009//521 2017//521 2019//521
f 2222//522 2192//522 2203//522
f 2215//523 2222//523 2203//523
f 2226//524 2222//524 2215//524
f 2209//525 2226//525 2215//525
f 2220//526 2226//526 2209//526
f 2200//527 2220//527 2209//527
f 2192//528 2138//528 2156//528
f 2170//529 2192//529 2156//529
f 2164//530 2192//530 2170//530
f 2151//531 2164//531 2170//531
f 2143//532 2164//532 2151//532
f 2122//533 2143//533 2151//533
f 2097//534 2143//534 2122//534
f 2076//535 2097//535 2122//535
f 2021//536 2097//536 2076//536
f 2001//537 2021//537 2076//537
f 1974//538 2021//538 2001//538
f 1962//539 1974//539 2001//539
f 1936//540 1974//540 1962//540
f 2041//541 2039//541 2038//541
f 2138//542 2041//542 2038//542
f 2138//543 2038//543 2030//543
f 2086//544 2138//544 2030//544
f 2105//545 2138//545 2086//545
f 2079//546 2105//546 2086//546
f 2098//547 2105//547 2079//547
f 2067//548 2098//548 2079//548
f 2085//549 2098//549 2067//549
f 2022//550 2085//550 2067//550
f 2053//551 2085//551 2022//551
f 1988//552 2053//552 2022//552
f 2001//553 2053//553 1988//553
f 1962//554 2001//554 1988//554
f 2034//555 2030//555 2019//555
f 2009//556 1994//556 2015//556
f 2042//557 2009//557 2015//557
f 2017//558 2009//558 2042//558
f 2047//559 2017//559 2042//559
f 1990//560 2015//560 1994//560
f 1971//561 1990//561 1994//561
f 1977//562 1990//562 1971//562
f 1950//563 1977//563 1971//563
f 1950//564 1971//564 1943//564
f 1916//565 1924//565 1898//565
f 1872//566 1879//566 1875//566
f 1854//567 1872//567 1875//567
f 1879//568 1872//568 1854//568
f 1855//569 1879//569 1854//569
f 1888//570 1879//570 1855//570
f 1858//571 1888//571 1855//571
f 1890//572 1888//572 1858//572
f 1827//573 1855//573 1854//573
f 2104//574 2137//574 2123//574
f 2114//575 2104//575 2123//575
f 2095//576 2104//576 2114//576
f 2106//577 2095//577 2114//577
f 2084//578 2095//578 2106//578
f 2078//579 2084//579 2106//579
f 2254//580 2245//580 2263//580
f 2248//581 2254//581 2263//581
f 2245//582 2254//582 2248//582
f 2232//583 2245//583 2248//583
f 2265//584 2259//584 2269//584
f 2256//585 2265//585 2269//585
f 2259//586 2265//586 2256//586
f 2253//587 2259//587 2256//587
f 2193//588 2203//588 2192//588
f 2164//589 2193//589 2192//589
f 2187//590 2193//590 2164//590
f 2155//591 2187//591 2164//591
f 2167//592 2187//592 2155//592
f 2131//593 2167//593 2155//593
f 2148//594 2167//594 2131//594
f 2101//595 2148//595 2131//595
f 2111//596 2148//596 2101//596
f 2054//597 2111//597 2101//597
f 2140//598 2156//598 2138//598
f 2132//599 2140//599 2138//599
f 2156//600 2140//600 2132//600
f 2151//601 2156//601 2132//601
f 2170//602 2156//602 2151//602
f 1827//603 1858//603 1855//603
f 1888//604 1908//604 1879//604
f 1930//605 1927//605 1896//605
f 1901//606 1930//606 1896//606
f 1938//607 1930//607 1901//607
f 1953//608 1945//608 1927//608
f 1930//609 1953//609 1927//609
f 1969//610 1953//610 1930//610
f 1938//611 1969//611 1930//611
f 1982//612 1969//612 1938//612
f 1945//613 1953//613 1984//613
f 1974//614 1945//614 1984//614
f 1936//615 1945//615 1974//615
f 2021//616 1974//616 1984//616
f 2055//617 2021//617 1984//617
f 2097//618 2021//618 2055//618
f 2113//619 2097//619 2055//619
f 2143//620 2097//620 2113//620
f 2155//621 2143//621 2113//621
f 2164//622 2143//622 2155//622
f 1999//623 1984//623 1953//623
f 1969//624 1999//624 1953//624
f 2024//625 1999//625 1969//625
f 1982//626 2024//626 1969//626
f 2054//627 2024//627 1982//627
f 2076//628 2053//628 2001//628
f 2103//629 2085//629 2053//629
f 2076//630 2103//630 2053//630
f 2122//631 2103//631 2076//631
f 2112//632 2098//632 2085//632
f 2103//633 2112//633 2085//633
f 2132//634 2112//634 2103//634
f 2122//635 2132//635 2103//635
f 2151//636 2132//636 2122//636
f 2117//637 2105//637 2098//637
f 2112//638 2117//638 2098//638
f 2138//639 2117//639 2112//639
f 2132//640 2138//640 2112//640
f 2138//641 2105//641 2117//641
f 1915//642 1908//642 1888//642
f 1890//643 1915//643 1888//643
f 1925//644 1915//644 1890//644
f 2055//645 1984//645 1999//645
f 2081//646 2055//646 1999//646
f 2113//647 2055//647 2081//647
f 2131//648 2113//648 2081//648
f 2155//649 2113//649 2131//649
f 2024//650 2081//650 1999//650
f 1860//651 1830//651 1832//651
f 1862//652 1860//652 1832//652
f 1892//653 1860//653 1862//653
f 1894//654 1892//654 1862//654
f 1929//655 1892//655 1894//655
f 1933//656 1929//656 1894//656
f 1979//657 1929//657 1933//657
f 1987//658 1979//658 1933//658
f 2050//659 1979//659 1987//659
f 2068//660 2050//660 1987//660
f 2110//661 2050//661 2068//661
f 2120//662 2110//662 2068//662
f 2157//663 2110//663 2120//663
f 2161//664 2157//664 2120//664
f 2201//665 2157//665 2161//665
f 2206//666 2201//666 2161//666
f 2231//667 2201//667 2206//667
f 2241//668 2231//668 2206//668
f 2255//669 2231//669 2241//669
f 2257//670 2255//670 2241//670
f 2270//671 2255//671 2257//671
f 2266//672 2270//672 2257//672
f 1947//673 1908//673 1915//673
f 1958//674 1947//674 1915//674
f 1992//675 1947//675 1958//675
f 2007//676 1992//676 1958//676
f 2074//677 1992//677 2007//677
f 2089//678 2074//678 2007//678
f 2125//679 2074//679 2089//679
f 2139//680 2125//680 2089//680
f 2168//681 2125//681 2139//681
f 2186//682 2168//682 2139//682
f 2207//683 2168//683 2186//683
f 2219//684 2207//684 2186//684
f 2229//685 2207//685 2219//685
f 2244//686 2229//686 2219//686
f 2251//687 2229//687 2244//687
f 1925//688 1958//688 1915//688
f 2024//689 2054//689 2101//689
f 2081//690 2024//690 2101//690
f 2081//691 2101//691 2131//691
f 1862//692 1832//692 1834//692
f 1864//693 1862//693 1834//693
f 1894//694 1862//694 1864//694
f 1900//695 1894//695 1864//695
f 1933//696 1894//696 1900//696
f 1939//697 1933//697 1900//697
f 1987//698 1933//698 1939//698
f 1995//699 1987//699 1939//699
f 2068//700 1987//700 1995//700
f 2077//701 2068//701 1995//701
f 2120//702 2068//702 2077//702
f 2127//703 2120//703 2077//703
f 2161//704 2120//704 2127//704
f 2169//705 2161//705 2127//705
f 2206//706 2161//706 2169//706
f 2211//707 2206//707 2169//707
f 2241//708 2206//708 2211//708
f 2213//709 2241//709 2211//709
f 2243//710 2241//710 2213//710
f 2212//711 2243//711 2213//711
f 2242//712 2243//712 2212//712
f 2233//713 2242//713 2212//713
f 1968//714 2007//714 1958//714
f 1925//715 1968//715 1958//715
f 1864//716 1834//716 1836//716
f 1866//717 1864//717 1836//717
f 1900//718 1864//718 1866//718
f 1904//719 1900//719 1866//719
f 1939//720 1900//720 1904//720
f 1946//721 1939//721 1904//721
f 1995//722 1939//722 1946//722
f 2002//723 1995//723 1946//723
f 2077//724 1995//724 2002//724
f 2087//725 2077//725 2002//725
f 2127//726 2077//726 2087//726
f 2135//727 2127//727 2087//727
f 2169//728 2127//728 2135//728
f 2178//729 2169//729 2135//729
f 2211//730 2169//730 2178//730
f 2180//731 2211//731 2178//731
f 2213//732 2211//732 2180//732
f 2179//733 2213//733 2180//733
f 2212//734 2213//734 2179//734
f 2208//735 2212//735 2179//735
f 2233//736 2212//736 2208//736
f 2028//737 2089//737 2007//737
f 1968//738 2028//738 2007//738
f 2148//739 2111//739 2158//739
f 2189//740 2148//740 2158//740
f 2167//741 2148//741 2189//741
f 2199//742 2167//742 2189//742
f 2187//743 2167//743 2199//743
f 2203//744 2187//744 2199//744
f 2193//745 2187//745 2203//745
f 1866//746 1836//746 1838//746
f 1868//747 1866//747 1838//747
f 1904//748 1866//748 1868//748
f 1907//749 1904//749 1868//749
f 1946//750 1904//750 1907//750
f 1949//751 1946//751 1907//751
f 2002//752 1946//752 1949//752
f 2011//753 2002//753 1949//753
f 2087//754 2002//754 2011//754
f 2090//755 2087//755 2011//755
f 2135//756 2087//756 2090//756
f 2141//757 2135//757 2090//757
f 2178//758 2135//758 2141//758
f 2144//759 2178//759 2141//759
f 2180//760 2178//760 2144//760
f 2142//761 2180//761 2144//761
f 2179//762 2180//762 2142//762
f 2171//763 2179//763 2142//763
f 2208//764 2179//764 2171//764
f 2102//765 2139//765 2089//765
f 2028//766 2102//766 2089//766
f 2189//767 2158//767 2200//767
f 2209//768 2189//768 2200//768
f 2199//769 2189//769 2209//769
f 2215//770 2199//770 2209//770
f 2203//771 2199//771 2215//771
f 1868//772 1838//772 1840//772
f 1870//773 1868//773 1840//773
f 1907//774 1868//774 1870//774
f 1910//775 1907//775 1870//775
f 1949//776 1907//776 1910//776
f 1954//777 1949//777 1910//777
f 2011//778 1949//778 1954//778
f 2020//779 2011//779 1954//779
f 2090//780 2011//780 2020//780
f 2096//781 2090//781 2020//781
f 2141//782 2090//782 2096//782
f 2100//783 2141//783 2096//783
f 2144//784 2141//784 2100//784
f 2099//785 2144//785 2100//785
f 2142//786 2144//786 2099//786
f 2136//787 2142//787 2099//787
f 2171//788 2142//788 2136//788
f 2150//789 2186//789 2139//789
f 2102//790 2150//790 2139//790
f 1870//791 1842//791 1876//791
f 1910//792 1870//792 1876//792
f 1913//793 1954//793 1910//793
f 1876//794 1913//794 1910//794
f 2195//795 2186//795 2150//795
f 2219//796 2186//796 2195//796
f 2227//797 2219//797 2195//797
f 2244//798 2219//798 2227//798
f 2234//799 2226//799 2220//799
f 2229//800 2251//800 2250//800
f 1870//801 1840//801 1842//801
f 1960//802 2020//802 1954//802
f 1913//803 1960//803 1954//803
f 2031//804 2096//804 2020//804
f 1960//805 2031//805 2020//805
f 2252//806 2262//806 2258//806
f 2264//807 2252//807 2258//807
f 2033//808 2100//808 2096//808
f 2031//809 2033//809 2096//809
f 2032//810 2100//810 2033//810
f 2099//811 2100//811 2032//811
f 2092//812 2099//812 2032//812
f 2136//813 2099//813 2092//813
f 2257//814 2243//814 2242//814
f 2257//815 2241//815 2243//815
f 1883//816 1851//816 1849//816
f 1880//817 1883//817 1849//817
f 1914//818 1883//818 1880//818
f 1912//819 1914//819 1880//819
f 1952//820 1914//820 1912//820
f 1948//821 1952//821 1912//821
f 1998//822 1952//822 1948//822
f 1989//823 1998//823 1948//823
f 2058//824 1998//824 1989//824
f 2044//825 2058//825 1989//825
f 2094//826 2058//826 2044//826
f 2083//827 2094//827 2044//827
f 2121//828 2094//828 2083//828
f 2109//829 2121//829 2083//829
f 2145//830 2121//830 2109//830
f 2126//831 2145//831 2109//831
f 2152//832 2145//832 2126//832
f 1880//833 1849//833 1847//833
f 1877//834 1880//834 1847//834
f 1912//835 1880//835 1877//835
f 1909//836 1912//836 1877//836
f 1948//837 1912//837 1909//837
f 1941//838 1948//838 1909//838
f 1989//839 1948//839 1941//839
f 1983//840 1989//840 1941//840
f 2044//841 1989//841 1983//841
f 2016//842 2044//842 1983//842
f 2083//843 2044//843 2016//843
f 2070//844 2083//844 2016//844
f 2109//845 2083//845 2070//845
f 2093//846 2109//846 2070//846
f 2126//847 2109//847 2093//847
f 2165//848 2130//848 2159//848
f 2197//849 2165//849 2159//849
f 2202//850 2165//850 2197//850
f 2223//851 2202//851 2197//851
f 2228//852 2202//852 2223//852
f 2232//853 2228//853 2223//853
f 2248//854 2228//854 2232//854
f 1877//855 1847//855 1845//855
f 1873//856 1877//856 1845//856
f 1909//857 1877//857 1873//857
f 1905//858 1909//858 1873//858
f 1941//859 1909//859 1905//859
f 1937//860 1941//860 1905//860
f 1983//861 1941//861 1937//861
f 1975//862 1983//862 1937//862
f 2016//863 1983//863 1975//863
f 2004//864 2016//864 1975//864
f 2070//865 2016//865 2004//865
f 2049//866 2070//866 2004//866
f 2093//867 2070//867 2049//867
f 1873//868 1843//868 1869//868
f 1905//869 1873//869 1869//869
f 1902//870 1937//870 1905//870
f 1869//871 1902//871 1905//871
f 2204//872 2214//872 2190//872
f 2216//873 2225//873 2214//873
f 2204//874 2216//874 2214//874
f 2205//875 2216//875 2204//875
f 1873//876 1845//876 1843//876
f 1932//877 1975//877 1937//877
f 1902//878 1932//878 1937//878
f 1966//879 2004//879 1975//879
f 1932//880 1966//880 1975//880
f 1863//881 1837//881 1835//881
f 1861//882 1863//882 1835//882
f 1891//883 1863//883 1861//883
f 1835//884 1833//884 1861//884
f 1991//885 2049//885 2004//885
f 1966//886 1991//886 2004//886
f 1857//887 1859//887 1831//887
f 1829//888 1857//888 1831//888
f 1856//889 1857//889 1829//889
f 1889//890 1906//890 1911//890
f 1887//891 1889//891 1859//891
f 1857//892 1887//892 1859//892
f 1881//893 1887//893 1857//893
f 1856//894 1881//894 1857//894
f 1967//895 1976//895 1940//895
f 1935//896 1967//896 1940//896
f 1956//897 1967//897 1935//897
f 1931//898 1956//898 1935//898
f 1944//899 1956//899 1931//899
f 2072//900 2010//900 2051//900
f 2091//901 2072//901 2051//901
f 2107//902 2072//902 2091//902
f 2116//903 2107//903 2091//903
f 2129//904 2107//904 2116//904
f 2128//905 2129//905 2116//905
f 2146//906 2129//906 2128//906
f 2134//907 2146//907 2128//907
f 2149//908 2146//908 2134//908
f 1887//909 1903//909 1906//909
f 1889//910 1887//910 1906//910
f 1881//911 1903//911 1887//911
f 1997//912 1976//912 1967//912
f 1986//913 1997//913 1967//913
f 2027//914 1997//914 1986//914
f 2000//915 2027//915 1986//915
f 2052//916 2027//916 2000//916
f 2014//917 2052//917 2000//917
f 2057//918 2052//918 2014//918
f 2045//919 2057//919 2014//919
f 2060//920 2057//920 2045//920
f 2048//921 2060//921 2045//921
f 2056//922 2060//922 2048//922
f 2046//923 2056//923 2048//923
f 1956//924 1986//924 1967//924
f 1881//925 1895//925 1903//925
f 1973//926 1986//926 1956//926
f 1944//927 1973//927 1956//927
f 1959//928 1973//928 1944//928
f 2082//929 2137//929 2104//929
f 2095//930 2082//930 2104//930
f 2075//931 2082//931 2095//931
f 2084//932 2075//932 2095//932
f 2000//933 1986//933 1973//933
f 1985//934 2000//934 1973//934
f 2014//935 2000//935 1985//935
f 2005//936 2014//936 1985//936
f 2045//937 2014//937 2005//937
f 2026//938 2045//938 2005//938
f 2048//939 2045//939 2026//939
f 2036//940 2048//940 2026//940
f 2046//941 2048//941 2036//941
f 2025//942 2046//942 2036//942
f 2035//943 2046//943 2025//943
f 1959//944 1985//944 1973//944
f 2082//945 2075//945 2071//945
f 2137//946 2082//946 2071//946
f 1978//947 2005//947 1985//947
f 1959//948 1978//948 1985//948
f 1996//949 2026//949 2005//949
f 1978//950 1996//950 2005//950
f 2012//951 2036//951 2026//951
f 1996//952 2012//952 2026//952
f 2036//953 2012//953 2025//953
f 1990//954 2003//954 2043//954
f 2015//955 1990//955 2043//955
f 2042//956 2069//956 2047//956
f 2015//957 2043//957 2059//957
f 2042//958 2015//958 2059//958
f 2042//959 2059//959 2069//959
f 1990//960 1977//960 2003//960
f 1791//961 1792//961 829//961
f 828//962 1791//962 829//962
f 1824//963 1791//963 828//963
f 827//964 1824//964 828//964
f 1825//965 1824//965 827//965
f 1790//966 1825//966 827//966
f 1780//967 1790//967 827//967
f 826//968 1780//968 827//968
f 1778//969 1780//969 826//969
f 1767//970 1778//970 826//970
f 825//971 1767//971 826//971
f 1745//972 1767//972 825//972
f 1707//973 1745//973 825//973
f 824//974 1707//974 825//974
f 1677//975 1707//975 824//975
f 1648//976 1677//976 824//976
f 821//977 1648//977 824//977
f 1612//978 1648//978 821//978
f 1557//979 1612//979 821//979
f 818//980 1557//980 821//980
f 1507//981 1557//981 818//981
f 810//982 1507//982 818//982
f 1465//983 1507//983 810//983
f 809//984 1465//984 810//984
f 1421//985 1465//985 809//985
f 830//986 829//986 1792//986
f 1794//987 830//987 1792//987
f 831//988 830//988 1794//988
f 1795//989 831//989 1794//989
f 835//990 831//990 1795//990
f 1797//991 835//991 1795//991
f 1367//992 1421//992 809//992
f 1315//993 1367//993 809//993
f 1239//994 1315//994 809//994
f 1177//995 1239//995 809//995
f 1119//996 1177//996 809//996
f 1007//997 1119//997 809//997
f 807//998 1007//998 809//998
f 852//999 1826//999 1822//999
f 1781//1000 852//1000 1822//1000
f 853//1001 852//1001 1781//1001
f 1779//1002 853//1002 1781//1002
f 1768//1003 853//1003 1779//1003
f 854//1004 853//1004 1768//1004
f 1746//1005 854//1005 1768//1005
f 1708//1006 854//1006 1746//1006
f 855//1007 854//1007 1708//1007
f 1678//1008 855//1008 1708//1008
f 1649//1009 855//1009 1678//1009
f 858//1010 855//1010 1649//1010
f 1613//1011 858//1011 1649//1011
f 1558//1012 858//1012 1613//1012
f 861//1013 858//1013 1558//1013
f 1508//1014 861//1014 1558//1014
f 869//1015 861//1015 1508//1015
f 1466//1016 869//1016 1508//1016
f 870//1017 869//1017 1466//1017
f 1422//1018 870//1018 1466//1018
f 1823//1019 1826//1019 852//1019
f 851//1020 1823//1020 852//1020
f 1821//1021 1823//1021 851//1021
f 850//1022 1821//1022 851//1022
f 1820//1023 1821//1023 850//1023
f 849//1024 1820//1024 850//1024
f 1818//1025 1820//1025 849//1025
f 848//1026 1818//1026 849//1026
f 1817//1027 1818//1027 848//1027
f 846//1028 1817//1028 848//1028
f 1816//1029 1817//1029 846//1029
f 1815//1030 1816//1030 846//1030
f 454//1031 1815//1031 846//1031
f 455//1032 454//1032 846//1032
f 31//1033 454//1033 455//1033
f 32//1034 31//1034 455//1034
f 456//1035 32//1035 455//1035
f 587//1036 455//1036 846//1036
f 847//1037 587//1037 846//1037
f 588//1038 587//1038 847//1038
f 454//1039 31//1039 453//1039
f 870//1040 1422//1040 1368//1040
f 1316//1041 870//1041 1368//1041
f 1240//1042 870//1042 1316//1042
f 870//1043 1240//1043 1178//1043
f 1120//1044 870//1044 1178//1044
f 1008//1045 870//1045 1120//1045
f 870//1046 1008//1046 871//1046
f 993//1047 811//1047 813//1047
f 991//1048 993//1048 813//1048
f 1101//1049 993//1049 991//1049
f 1099//1050 1101//1050 991//1050
f 1165//1051 1101//1051 1099//1051
f 1163//1052 1165//1052 1099//1052
f 1227//1053 1165//1053 1163//1053
f 1225//1054 1227//1054 1163//1054
f 1271//1055 1227//1055 1225//1055
f 1269//1056 1271//1056 1225//1056
f 1333//1057 1271//1057 1269//1057
f 1331//1058 1333//1058 1269//1058
f 1379//1059 1333//1059 1331//1059
f 1375//1060 1379//1060 1331//1060
f 1423//1061 1379//1061 1375//1061
f 1417//1062 1423//1062 1375//1062
f 1477//1063 1423//1063 1417//1063
f 1469//1064 1477//1064 1417//1064
f 1515//1065 1477//1065 1469//1065
f 1509//1066 1515//1066 1469//1066
f 1565//1067 1515//1067 1509//1067
f 1559//1068 1565//1068 1509//1068
f 1610//1069 1565//1069 1559//1069
f 1608//1070 1610//1070 1559//1070
f 1663//1071 1610//1071 1608//1071
f 1661//1072 1663//1072 1608//1072
f 1705//1073 1663//1073 1661//1073
f 1703//1074 1705//1074 1661//1074
f 1747//1075 1705//1075 1703//1075
f 1735//1076 1747//1076 1703//1076
f 1765//1077 1747//1077 1735//1077
f 1761//1078 1765//1078 1735//1078
f 1775//1079 1765//1079 1761//1079
f 1769//1080 1775//1080 1761//1080
f 1776//1081 1775//1081 1769//1081
f 1770//1082 1776//1082 1769//1082
f 1766//1083 1776//1083 1770//1083
f 1762//1084 1766//1084 1770//1084
f 1748//1085 1766//1085 1762//1085
f 1736//1086 1748//1086 1762//1086
f 1706//1087 1748//1087 1736//1087
f 1704//1088 1706//1088 1736//1088
f 1664//1089 1706//1089 1704//1089
f 1662//1090 1664//1090 1704//1090
f 1611//1091 1664//1091 1662//1091
f 1609//1092 1611//1092 1662//1092
f 1566//1093 1611//1093 1609//1093
f 1560//1094 1566//1094 1609//1094
f 1516//1095 1566//1095 1560//1095
f 1510//1096 1516//1096 1560//1096
f 1478//1097 1516//1097 1510//1097
f 1470//1098 1478//1098 1510//1098
f 1424//1099 1478//1099 1470//1099
f 1418//1100 1424//1100 1470//1100
f 1380//1101 1424//1101 1418//1101
f 1376//1102 1380//1102 1418//1102
f 1334//1103 1380//1103 1376//1103
f 1332//1104 1334//1104 1376//1104
f 1272//1105 1334//1105 1332//1105
f 1270//1106 1272//1106 1332//1106
f 1228//1107 1272//1107 1270//1107
f 1226//1108 1228//1108 1270//1108
f 1166//1109 1228//1109 1226//1109
f 1164//1110 1166//1110 1226//1110
f 1102//1111 1166//1111 1164//1111
f 1100//1112 1102//1112 1164//1112
f 994//1113 1102//1113 1100//1113
f 992//1114 994//1114 1100//1114
f 867//1115 994//1115 992//1115
f 866//1116 867//1116 992//1116
f 990//1117 866//1117 992//1117
f 865//1118 866//1118 990//1118
f 988//1119 865//1119 990//1119
f 862//1120 865//1120 988//1120
f 986//1121 862//1121 988//1121
f 860//1122 862//1122 986//1122
f 982//1123 860//1123 986//1123
f 859//1124 860//1124 982//1124
f 980//1125 859//1125 982//1125
f 857//1126 859//1126 980//1126
f 856//1127 857//1127 980//1127
f 984//1128 856//1128 980//1128
f 1076//1129 984//1129 980//1129
f 1084//1130 984//1130 1076//1130
f 1142//1131 1084//1131 1076//1131
f 1152//1132 1084//1132 1142//1132
f 1190//1133 1152//1133 1142//1133
f 1204//1134 1152//1134 1190//1134
f 1238//1135 1204//1135 1190//1135
f 1250//1136 1204//1136 1238//1136
f 1280//1137 1250//1137 1238//1137
f 1314//1138 1250//1138 1280//1138
f 1346//1139 1314//1139 1280//1139
f 1356//1140 1314//1140 1346//1140
f 1378//1141 1356//1141 1346//1141
f 1392//1142 1356//1142 1378//1142
f 1412//1143 1392//1143 1378//1143
f 1430//1144 1392//1144 1412//1144
f 1446//1145 1430//1145 1412//1145
f 1464//1146 1430//1146 1446//1146
f 1484//1147 1464//1147 1446//1147
f 1494//1148 1464//1148 1484//1148
f 1518//1149 1494//1149 1484//1149
f 1546//1150 1494//1150 1518//1150
f 1540//1151 1546//1151 1518//1151
f 1574//1152 1546//1152 1540//1152
f 1564//1153 1574//1153 1540//1153
f 1597//1154 1574//1154 1564//1154
f 1580//1155 1597//1155 1564//1155
f 1629//1156 1597//1156 1580//1156
f 1591//1157 1629//1157 1580//1157
f 1647//1158 1629//1158 1591//1158
f 1609//1159 1647//1159 1591//1159
f 1662//1160 1647//1160 1609//1160
f 991//1161 813//1161 814//1161
f 989//1162 991//1162 814//1162
f 1099//1163 991//1163 989//1163
f 1097//1164 1099//1164 989//1164
f 1163//1165 1099//1165 1097//1165
f 1161//1166 1163//1166 1097//1166
f 1225//1167 1163//1167 1161//1167
f 1221//1168 1225//1168 1161//1168
f 1269//1169 1225//1169 1221//1169
f 1267//1170 1269//1170 1221//1170
f 1331//1171 1269//1171 1267//1171
f 1329//1172 1331//1172 1267//1172
f 1375//1173 1331//1173 1329//1173
f 1371//1174 1375//1174 1329//1174
f 1417//1175 1375//1175 1371//1175
f 1415//1176 1417//1176 1371//1176
f 1469//1177 1417//1177 1415//1177
f 1451//1178 1469//1178 1415//1178
f 1509//1179 1469//1179 1451//1179
f 1501//1180 1509//1180 1451//1180
f 1559//1181 1509//1181 1501//1181
f 1547//1182 1559//1182 1501//1182
f 1608//1183 1559//1183 1547//1183
f 1590//1184 1608//1184 1547//1184
f 1661//1185 1608//1185 1590//1185
f 1646//1186 1661//1186 1590//1186
f 1703//1187 1661//1187 1646//1187
f 1685//1188 1703//1188 1646//1188
f 1735//1189 1703//1189 1685//1189
f 1717//1190 1735//1190 1685//1190
f 1761//1191 1735//1191 1717//1191
f 1751//1192 1761//1192 1717//1192
f 1769//1193 1761//1193 1751//1193
f 1757//1194 1769//1194 1751//1194
f 1770//1195 1769//1195 1757//1195
f 1758//1196 1770//1196 1757//1196
f 1762//1197 1770//1197 1758//1197
f 1752//1198 1762//1198 1758//1198
f 1736//1199 1762//1199 1752//1199
f 1718//1200 1736//1200 1752//1200
f 1704//1201 1736//1201 1718//1201
f 1686//1202 1704//1202 1718//1202
f 1662//1203 1704//1203 1686//1203
f 1647//1204 1662//1204 1686//1204
f 989//1205 814//1205 817//1205
f 987//1206 989//1206 817//1206
f 1097//1207 989//1207 987//1207
f 1095//1208 1097//1208 987//1208
f 1161//1209 1097//1209 1095//1209
f 1159//1210 1161//1210 1095//1210
f 1221//1211 1161//1211 1159//1211
f 1215//1212 1221//1212 1159//1212
f 1267//1213 1221//1213 1215//1213
f 1259//1214 1267//1214 1215//1214
f 1329//1215 1267//1215 1259//1215
f 1325//1216 1329//1216 1259//1216
f 1371//1217 1329//1217 1325//1217
f 1365//1218 1371//1218 1325//1218
f 1415//1219 1371//1219 1365//1219
f 1407//1220 1415//1220 1365//1220
f 1451//1221 1415//1221 1407//1221
f 1447//1222 1451//1222 1407//1222
f 1501//1223 1451//1223 1447//1223
f 1491//1224 1501//1224 1447//1224
f 1547//1225 1501//1225 1491//1225
f 1537//1226 1547//1226 1491//1226
f 1590//1227 1547//1227 1537//1227
f 1579//1228 1590//1228 1537//1228
f 1646//1229 1590//1229 1579//1229
f 1628//1230 1646//1230 1579//1230
f 1685//1231 1646//1231 1628//1231
f 1667//1232 1685//1232 1628//1232
f 1717//1233 1685//1233 1667//1233
f 1695//1234 1717//1234 1667//1234
f 1751//1235 1717//1235 1695//1235
f 1715//1236 1751//1236 1695//1236
f 1757//1237 1751//1237 1715//1237
f 1731//1238 1757//1238 1715//1238
f 1758//1239 1757//1239 1731//1239
f 1732//1240 1758//1240 1731//1240
f 1752//1241 1758//1241 1732//1241
f 1716//1242 1752//1242 1732//1242
f 1718//1243 1752//1243 1716//1243
f 1696//1244 1718//1244 1716//1244
f 1686//1245 1718//1245 1696//1245
f 1668//1246 1686//1246 1696//1246
f 1647//1247 1686//1247 1668//1247
f 1629//1248 1647//1248 1668//1248
f 987//1249 817//1249 819//1249
f 985//1250 987//1250 819//1250
f 1095//1251 987//1251 985//1251
f 1085//1252 1095//1252 985//1252
f 1159//1253 1095//1253 1085//1253
f 1157//1254 1159//1254 1085//1254
f 1215//1255 1159//1255 1157//1255
f 1211//1256 1215//1256 1157//1256
f 1259//1257 1215//1257 1211//1257
f 1253//1258 1259//1258 1211//1258
f 1325//1259 1259//1259 1253//1259
f 1317//1260 1325//1260 1253//1260
f 1365//1261 1325//1261 1317//1261
f 1359//1262 1365//1262 1317//1262
f 1407//1263 1365//1263 1359//1263
f 1403//1264 1407//1264 1359//1264
f 1447//1265 1407//1265 1403//1265
f 1441//1266 1447//1266 1403//1266
f 1491//1267 1447//1267 1441//1267
f 1481//1268 1491//1268 1441//1268
f 1537//1269 1491//1269 1481//1269
f 1519//1270 1537//1270 1481//1270
f 1579//1271 1537//1271 1519//1271
f 1563//1272 1579//1272 1519//1272
f 1628//1273 1579//1273 1563//1273
f 1596//1274 1628//1274 1563//1274
f 1667//1275 1628//1275 1596//1275
f 1636//1276 1667//1276 1596//1276
f 1695//1277 1667//1277 1636//1277
f 1671//1278 1695//1278 1636//1278
f 1715//1279 1695//1279 1671//1279
f 1687//1280 1715//1280 1671//1280
f 1731//1281 1715//1281 1687//1281
f 1697//1282 1731//1282 1687//1282
f 1732//1283 1731//1283 1697//1283
f 1698//1284 1732//1284 1697//1284
f 1716//1285 1732//1285 1698//1285
f 1688//1286 1716//1286 1698//1286
f 1696//1287 1716//1287 1688//1287
f 1672//1288 1696//1288 1688//1288
f 1668//1289 1696//1289 1672//1289
f 1637//1290 1668//1290 1672//1290
f 1629//1291 1668//1291 1637//1291
f 1597//1292 1629//1292 1637//1292
f 985//1293 819//1293 820//1293
f 981//1294 985//1294 820//1294
f 1085//1295 985//1295 981//1295
f 1077//1296 1085//1296 981//1296
f 1157//1297 1085//1297 1077//1297
f 1147//1298 1157//1298 1077//1298
f 1211//1299 1157//1299 1147//1299
f 1199//1300 1211//1300 1147//1300
f 1253//1301 1211//1301 1199//1301
f 1245//1302 1253//1302 1199//1302
f 1317//1303 1253//1303 1245//1303
f 1309//1304 1317//1304 1245//1304
f 1359//1305 1317//1305 1309//1305
f 1353//1306 1359//1306 1309//1306
f 1403//1307 1359//1307 1353//1307
f 1389//1308 1403//1308 1353//1308
f 1441//1309 1403//1309 1389//1309
f 1431//1310 1441//1310 1389//1310
f 1481//1311 1441//1311 1431//1311
f 1467//1312 1481//1312 1431//1312
f 1519//1313 1481//1313 1467//1313
f 1499//1314 1519//1314 1467//1314
f 1563//1315 1519//1315 1499//1315
f 1539//1316 1563//1316 1499//1316
f 1596//1317 1563//1317 1539//1317
f 1573//1318 1596//1318 1539//1318
f 1636//1319 1596//1319 1573//1319
f 1606//1320 1636//1320 1573//1320
f 1671//1321 1636//1321 1606//1321
f 1632//1322 1671//1322 1606//1322
f 1687//1323 1671//1323 1632//1323
f 1657//1324 1687//1324 1632//1324
f 1697//1325 1687//1325 1657//1325
f 1665//1326 1697//1326 1657//1326
f 1698//1327 1697//1327 1665//1327
f 1666//1328 1698//1328 1665//1328
f 1688//1329 1698//1329 1666//1329
f 1658//1330 1688//1330 1666//1330
f 1672//1331 1688//1331 1658//1331
f 1633//1332 1672//1332 1658//1332
f 1637//1333 1672//1333 1633//1333
f 1607//1334 1637//1334 1633//1334
f 1597//1335 1637//1335 1607//1335
f 1574//1336 1597//1336 1607//1336
f 981//1337 820//1337 822//1337
f 979//1338 981//1338 822//1338
f 1077//1339 981//1339 979//1339
f 1075//1340 1077//1340 979//1340
f 1147//1341 1077//1341 1075//1341
f 1141//1342 1147//1342 1075//1342
f 1199//1343 1147//1343 1141//1343
f 1189//1344 1199//1344 1141//1344
f 1245//1345 1199//1345 1189//1345
f 1237//1346 1245//1346 1189//1346
f 1309//1347 1245//1347 1237//1347
f 1279//1348 1309//1348 1237//1348
f 1353//1349 1309//1349 1279//1349
f 1345//1350 1353//1350 1279//1350
f 1389//1351 1353//1351 1345//1351
f 1377//1352 1389//1352 1345//1352
f 1431//1353 1389//1353 1377//1353
f 1411//1354 1431//1354 1377//1354
f 1467//1355 1431//1355 1411//1355
f 1445//1356 1467//1356 1411//1356
f 1499//1357 1467//1357 1445//1357
f 1483//1358 1499//1358 1445//1358
f 1539//1359 1499//1359 1483//1359
f 1517//1360 1539//1360 1483//1360
f 1573//1361 1539//1361 1517//1361
f 1545//1362 1573//1362 1517//1362
f 1606//1363 1573//1363 1545//1363
f 1575//1364 1606//1364 1545//1364
f 1632//1365 1606//1365 1575//1365
f 1592//1366 1632//1366 1575//1366
f 1657//1367 1632//1367 1592//1367
f 1614//1368 1657//1368 1592//1368
f 1665//1369 1657//1369 1614//1369
f 1626//1370 1665//1370 1614//1370
f 1666//1371 1665//1371 1626//1371
f 1627//1372 1666//1372 1626//1372
f 1658//1373 1666//1373 1627//1373
f 1615//1374 1658//1374 1627//1374
f 1633//1375 1658//1375 1615//1375
f 1593//1376 1633//1376 1615//1376
f 1607//1377 1633//1377 1593//1377
f 1576//1378 1607//1378 1593//1378
f 1574//1379 1607//1379 1576//1379
f 1546//1380 1574//1380 1576//1380
f 979//1381 822//1381 823//1381
f 983//1382 979//1382 823//1382
f 1075//1383 979//1383 983//1383
f 1083//1384 1075//1384 983//1384
f 1141//1385 1075//1385 1083//1385
f 1151//1386 1141//1386 1083//1386
f 1189//1387 1141//1387 1151//1387
f 1203//1388 1189//1388 1151//1388
f 1237//1389 1189//1389 1203//1389
f 1249//1390 1237//1390 1203//1390
f 1279//1391 1237//1391 1249//1391
f 1313//1392 1279//1392 1249//1392
f 1345//1393 1279//1393 1313//1393
f 1355//1394 1345//1394 1313//1394
f 1377//1395 1345//1395 1355//1395
f 1391//1396 1377//1396 1355//1396
f 1411//1397 1377//1397 1391//1397
f 1429//1398 1411//1398 1391//1398
f 1445//1399 1411//1399 1429//1399
f 1463//1400 1445//1400 1429//1400
f 1483//1401 1445//1401 1463//1401
f 1493//1402 1483//1402 1463//1402
f 1517//1403 1483//1403 1493//1403
f 1545//1404 1517//1404 1493//1404
f 1545//1405 1493//1405 1523//1405
f 1575//1406 1545//1406 1523//1406
f 1575//1407 1523//1407 1549//1407
f 1592//1408 1575//1408 1549//1408
f 1592//1409 1549//1409 1571//1409
f 1614//1410 1592//1410 1571//1410
f 1614//1411 1571//1411 1585//1411
f 1626//1412 1614//1412 1585//1412
f 1626//1413 1585//1413 1587//1413
f 1627//1414 1626//1414 1587//1414
f 1627//1415 1587//1415 1586//1415
f 1615//1416 1627//1416 1586//1416
f 1615//1417 1586//1417 1572//1417
f 1593//1418 1615//1418 1572//1418
f 1593//1419 1572//1419 1550//1419
f 1576//1420 1593//1420 1550//1420
f 1576//1421 1550//1421 1524//1421
f 1546//1422 1576//1422 1524//1422
f 1546//1423 1524//1423 1494//1423
f 1500//1424 1540//1424 1518//1424
f 1484//1425 1500//1425 1518//1425
f 1468//1426 1500//1426 1484//1426
f 1446//1427 1468//1427 1484//1427
f 1432//1428 1468//1428 1446//1428
f 1412//1429 1432//1429 1446//1429
f 1390//1430 1432//1430 1412//1430
f 1378//1431 1390//1431 1412//1431
f 1354//1432 1390//1432 1378//1432
f 1346//1433 1354//1433 1378//1433
f 1310//1434 1354//1434 1346//1434
f 1280//1435 1310//1435 1346//1435
f 1246//1436 1310//1436 1280//1436
f 1238//1437 1246//1437 1280//1437
f 1200//1438 1246//1438 1238//1438
f 1190//1439 1200//1439 1238//1439
f 1148//1440 1200//1440 1190//1440
f 1142//1441 1148//1441 1190//1441
f 1078//1442 1148//1442 1142//1442
f 1076//1443 1078//1443 1142//1443
f 982//1444 1078//1444 1076//1444
f 980//1445 982//1445 1076//1445
f 1520//1446 1564//1446 1540//1446
f 1500//1447 1520//1447 1540//1447
f 1482//1448 1520//1448 1500//1448
f 1468//1449 1482//1449 1500//1449
f 1442//1450 1482//1450 1468//1450
f 1432//1451 1442//1451 1468//1451
f 1404//1452 1442//1452 1432//1452
f 1390//1453 1404//1453 1432//1453
f 1360//1454 1404//1454 1390//1454
f 1354//1455 1360//1455 1390//1455
f 1318//1456 1360//1456 1354//1456
f 1310//1457 1318//1457 1354//1457
f 1254//1458 1318//1458 1310//1458
f 1246//1459 1254//1459 1310//1459
f 1212//1460 1254//1460 1246//1460
f 1200//1461 1212//1461 1246//1461
f 1158//1462 1212//1462 1200//1462
f 1148//1463 1158//1463 1200//1463
f 1086//1464 1158//1464 1148//1464
f 1078//1465 1086//1465 1148//1465
f 986//1466 1086//1466 1078//1466
f 982//1467 986//1467 1078//1467
f 1538//1468 1580//1468 1564//1468
f 1520//1469 1538//1469 1564//1469
f 1492//1470 1538//1470 1520//1470
f 1482//1471 1492//1471 1520//1471
f 1448//1472 1492//1472 1482//1472
f 1442//1473 1448//1473 1482//1473
f 1408//1474 1448//1474 1442//1474
f 1404//1475 1408//1475 1442//1475
f 1366//1476 1408//1476 1404//1476
f 1360//1477 1366//1477 1404//1477
f 1326//1478 1366//1478 1360//1478
f 1318//1479 1326//1479 1360//1479
f 1260//1480 1326//1480 1318//1480
f 1254//1481 1260//1481 1318//1481
f 1216//1482 1260//1482 1254//1482
f 1212//1483 1216//1483 1254//1483
f 1160//1484 1216//1484 1212//1484
f 1158//1485 1160//1485 1212//1485
f 1096//1486 1160//1486 1158//1486
f 1086//1487 1096//1487 1158//1487
f 988//1488 1096//1488 1086//1488
f 986//1489 988//1489 1086//1489
f 1591//1490 1560//1490 1609//1490
f 1548//1491 1591//1491 1580//1491
f 1538//1492 1548//1492 1580//1492
f 1502//1493 1548//1493 1538//1493
f 1492//1494 1502//1494 1538//1494
f 1452//1495 1502//1495 1492//1495
f 1448//1496 1452//1496 1492//1496
f 1416//1497 1452//1497 1448//1497
f 1408//1498 1416//1498 1448//1498
f 1372//1499 1416//1499 1408//1499
f 1366//1500 1372//1500 1408//1500
f 1330//1501 1372//1501 1366//1501
f 1326//1502 1330//1502 1366//1502
f 1268//1503 1330//1503 1326//1503
f 1260//1504 1268//1504 1326//1504
f 1222//1505 1268//1505 1260//1505
f 1216//1506 1222//1506 1260//1506
f 1162//1507 1222//1507 1216//1507
f 1160//1508 1162//1508 1216//1508
f 1098//1509 1162//1509 1160//1509
f 1096//1510 1098//1510 1160//1510
f 990//1511 1098//1511 1096//1511
f 988//1512 990//1512 1096//1512
f 1548//1513 1502//1513 1510//1513
f 1560//1514 1548//1514 1510//1514
f 1591//1515 1548//1515 1560//1515
f 1470//1516 1510//1516 1502//1516
f 1452//1517 1470//1517 1502//1517
f 1418//1518 1470//1518 1452//1518
f 1416//1519 1418//1519 1452//1519
f 1376//1520 1418//1520 1416//1520
f 1372//1521 1376//1521 1416//1521
f 1332//1522 1376//1522 1372//1522
f 1330//1523 1332//1523 1372//1523
f 1270//1524 1332//1524 1330//1524
f 1268//1525 1270//1525 1330//1525
f 1226//1526 1270//1526 1268//1526
f 1222//1527 1226//1527 1268//1527
f 1164//1528 1226//1528 1222//1528
f 1162//1529 1164//1529 1222//1529
f 1100//1530 1164//1530 1162//1530
f 1098//1531 1100//1531 1162//1531
f 992//1532 1100//1532 1098//1532
f 990//1533 992//1533 1098//1533
f 983//1534 823//1534 856//1534
f 984//1535 983//1535 856//1535
f 1084//1536 983//1536 984//1536
f 1083//1537 983//1537 1084//1537
f 1152//1538 1083//1538 1084//1538
f 1151//1539 1083//1539 1152//1539
f 1204//1540 1151//1540 1152//1540
f 1203//1541 1151//1541 1204//1541
f 1250//1542 1203//1542 1204//1542
f 1249//1543 1203//1543 1250//1543
f 1314//1544 1249//1544 1250//1544
f 1313//1545 1249//1545 1314//1545
f 1356//1546 1313//1546 1314//1546
f 1355//1547 1313//1547 1356//1547
f 1392//1548 1355//1548 1356//1548
f 1391//1549 1355//1549 1392//1549
f 1430//1550 1391//1550 1392//1550
f 1429//1551 1391//1551 1430//1551
f 1464//1552 1429//1552 1430//1552
f 1463//1553 1429//1553 1464//1553
f 1494//1554 1463//1554 1464//1554
f 1493//1555 1463//1555 1494//1555
f 1524//1556 1493//1556 1494//1556
f 1523//1557 1493//1557 1524//1557
f 1550//1558 1523//1558 1524//1558
f 1549//1559 1523//1559 1550//1559
f 1572//1560 1549//1560 1550//1560
f 1571//1561 1549//1561 1572//1561
f 1586//1562 1571//1562 1572//1562
f 1585//1563 1571//1563 1586//1563
f 1587//1564 1585//1564 1586//1564
f 811//1565 812//1565 808//1565
f 813//1566 811//1566 808//1566
f 814//1567 813//1567 808//1567
f 817//1568 814//1568 808//1568
f 819//1569 817//1569 808//1569
f 807//1570 819//1570 808//1570
f 836//1571 819//1571 807//1571
f 809//1572 836//1572 807//1572
f 810//1573 836//1573 809//1573
f 836//1574 810//1574 818//1574
f 821//1575 836//1575 818//1575
f 824//1576 836//1576 821//1576
f 836//1577 824//1577 825//1577
f 826//1578 836//1578 825//1578
f 827//1579 836//1579 826//1579
f 836//1580 827//1580 828//1580
f 829//1581 836//1581 828//1581
f 830//1582 836//1582 829//1582
f 836//1583 830//1583 831//1583
f 835//1584 836//1584 831//1584
f 836//1585 847//1585 823//1585
f 822//1586 836//1586 823//1586
f 820//1587 836//1587 822//1587
f 847//1588 846//1588 848//1588
f 849//1589 847//1589 848//1589
f 850//1590 847//1590 849//1590
f 847//1591 850//1591 851//1591
f 852//1592 847//1592 851//1592
f 853//1593 847//1593 852//1593
f 847//1594 853//1594 854//1594
f 855//1595 847//1595 854//1595
f 858//1596 847//1596 855//1596
f 847//1597 858//1597 861//1597
f 869//1598 847//1598 861//1598
f 870//1599 847//1599 869//1599
f 847//1600 870//1600 871//1600
f 860//1601 847//1601 871//1601
f 859//1602 847//1602 860//1602
f 860//1603 871//1603 872//1603
f 862//1604 860//1604 872//1604
f 865//1605 862//1605 872//1605
f 866//1606 865//1606 872//1606
f 867//1607 866//1607 872//1607
f 868//1608 867//1608 872//1608
f 847//1609 859//1609 857//1609
f 856//1610 847//1610 857//1610
f 823//1611 847//1611 856//1611
f 836//1612 820//1612 819//1612
f 899//1613 812//1613 811//1613
f 993//1614 899//1614 811//1614
f 1017//1615 899//1615 993//1615
f 1101//1616 1017//1616 993//1616
f 1123//1617 1017//1617 1101//1617
f 1165//1618 1123//1618 1101//1618
f 1175//1619 1123//1619 1165//1619
f 1227//1620 1175//1620 1165//1620
f 1235//1621 1175//1621 1227//1621
f 1271//1622 1235//1622 1227//1622
f 1281//1623 1235//1623 1271//1623
f 1333//1624 1281//1624 1271//1624
f 1351//1625 1281//1625 1333//1625
f 1379//1626 1351//1626 1333//1626
f 1393//1627 1351//1627 1379//1627
f 1423//1628 1393//1628 1379//1628
f 1439//1629 1393//1629 1423//1629
f 1477//1630 1439//1630 1423//1630
f 1485//1631 1439//1631 1477//1631
f 1515//1632 1485//1632 1477//1632
f 1531//1633 1485//1633 1515//1633
f 1565//1634 1531//1634 1515//1634
f 1583//1635 1531//1635 1565//1635
f 1610//1636 1583//1636 1565//1636
f 1634//1637 1583//1637 1610//1637
f 1663//1638 1634//1638 1610//1638
f 1681//1639 1634//1639 1663//1639
f 1705//1640 1681//1640 1663//1640
f 1721//1641 1681//1641 1705//1641
f 1747//1642 1721//1642 1705//1642
f 1755//1643 1721//1643 1747//1643
f 1765//1644 1755//1644 1747//1644
f 1773//1645 1755//1645 1765//1645
f 1775//1646 1773//1646 1765//1646
f 1777//1647 1773//1647 1775//1647
f 1776//1648 1777//1648 1775//1648
f 1774//1649 1777//1649 1776//1649
f 1766//1650 1774//1650 1776//1650
f 1756//1651 1774//1651 1766//1651
f 1748//1652 1756//1652 1766//1652
f 1722//1653 1756//1653 1748//1653
f 1706//1654 1722//1654 1748//1654
f 1682//1655 1722//1655 1706//1655
f 1664//1656 1682//1656 1706//1656
f 1635//1657 1682//1657 1664//1657
f 1611//1658 1635//1658 1664//1658
f 1584//1659 1635//1659 1611//1659
f 1566//1660 1584//1660 1611//1660
f 1532//1661 1584//1661 1566//1661
f 1516//1662 1532//1662 1566//1662
f 1486//1663 1532//1663 1516//1663
f 1478//1664 1486//1664 1516//1664
f 1440//1665 1486//1665 1478//1665
f 1424//1666 1440//1666 1478//1666
f 1394//1667 1440//1667 1424//1667
f 1380//1668 1394//1668 1424//1668
f 1352//1669 1394//1669 1380//1669
f 1334//1670 1352//1670 1380//1670
f 1282//1671 1352//1671 1334//1671
f 1272//1672 1282//1672 1334//1672
f 1236//1673 1282//1673 1272//1673
f 1228//1674 1236//1674 1272//1674
f 1176//1675 1236//1675 1228//1675
f 1166//1676 1176//1676 1228//1676
f 1124//1677 1176//1677 1166//1677
f 1102//1678 1124//1678 1166//1678
f 1018//1679 1124//1679 1102//1679
f 994//1680 1018//1680 1102//1680
f 900//1681 1018//1681 994//1681
f 867//1682 900//1682 994//1682
f 868//1683 900//1683 867//1683
f 706//1684 900//1684 868//1684
f 704//1685 706//1685 868//1685
f 654//1686 706//1686 704//1686
f 644//1687 654//1687 704//1687
f 554//1688 654//1688 644//1688
f 552//1689 554//1689 644//1689
f 522//1690 554//1690 552//1690
f 512//1691 522//1691 552//1691
f 494//1692 522//1692 512//1692
f 490//1693 494//1693 512//1693
f 474//1694 494//1694 490//1694
f 470//1695 474//1695 490//1695
f 396//1696 474//1696 470//1696
f 392//1697 396//1697 470//1697
f 376//1698 396//1698 392//1698
f 370//1699 376//1699 392//1699
f 352//1700 376//1700 370//1700
f 346//1701 352//1701 370//1701
f 332//1702 352//1702 346//1702
f 324//1703 332//1703 346//1703
f 304//1704 332//1704 324//1704
f 296//1705 304//1705 324//1705
f 274//1706 304//1706 296//1706
f 272//1707 274//1707 296//1707
f 193//1708 274//1708 272//1708
f 189//1709 193//1709 272//1709
f 170//1710 193//1710 189//1710
f 166//1711 170//1711 189//1711
f 146//1712 170//1712 166//1712
f 144//1713 146//1713 166//1713
f 135//1714 146//1714 144//1714
f 133//1715 135//1715 144//1715
f 128//1716 135//1716 133//1716
f 126//1717 128//1717 133//1717
f 125//1718 128//1718 126//1718
f 127//1719 128//1719 125//1719
f 132//1720 127//1720 125//1720
f 134//1721 127//1721 132//1721
f 143//1722 134//1722 132//1722
f 145//1723 134//1723 143//1723
f 165//1724 145//1724 143//1724
f 169//1725 145//1725 165//1725
f 188//1726 169//1726 165//1726
f 192//1727 169//1727 188//1727
f 271//1728 192//1728 188//1728
f 273//1729 192//1729 271//1729
f 295//1730 273//1730 271//1730
f 303//1731 273//1731 295//1731
f 323//1732 303//1732 295//1732
f 331//1733 303//1733 323//1733
f 345//1734 331//1734 323//1734
f 351//1735 331//1735 345//1735
f 369//1736 351//1736 345//1736
f 375//1737 351//1737 369//1737
f 391//1738 375//1738 369//1738
f 395//1739 375//1739 391//1739
f 469//1740 395//1740 391//1740
f 473//1741 395//1741 469//1741
f 489//1742 473//1742 469//1742
f 493//1743 473//1743 489//1743
f 511//1744 493//1744 489//1744
f 521//1745 493//1745 511//1745
f 551//1746 521//1746 511//1746
f 553//1747 521//1747 551//1747
f 643//1748 553//1748 551//1748
f 653//1749 553//1749 643//1749
f 703//1750 653//1750 643//1750
f 705//1751 653//1751 703//1751
f 812//1752 705//1752 703//1752
f 899//1753 705//1753 812//1753
f 835//1754 1797//1754 1796//1754
f 402//1755 835//1755 1796//1755
f 403//1756 835//1756 402//1756
f 29//1757 403//1757 402//1757
f 30//1758 403//1758 29//1758
f 29//1759 402//1759 401//1759
f 403//1760 30//1760 404//1760
f 835//1761 403//1761 561//1761
f 836//1762 835//1762 561//1762
f 562//1763 836//1763 561//1763
f 454//1764 402//1764 1796//1764
f 1815//1765 454//1765 1796//1765
f 587//1766 561//1766 403//1766
f 455//1767 587//1767 403//1767
f 561//1768 587//1768 574//1768
f 572//1769 561//1769 574//1769
f 570//1770 561//1770 572//1770
f 587//1771 588//1771 581//1771
f 583//1772 587//1772 581//1772
f 585//1773 587//1773 583//1773
f 588//1774 562//1774 575//1774
f 577//1775 588//1775 575//1775
f 579//1776 588//1776 577//1776
f 562//1777 561//1777 569//1777
f 571//1778 562//1778 569//1778
f 573//1779 562//1779 571//1779
f 587//1780 585//1780 586//1780
f 584//1781 587//1781 586//1781
f 582//1782 587//1782 584//1782
f 587//1783 582//1783 580//1783
f 578//1784 587//1784 580//1784
f 576//1785 587//1785 578//1785
f 587//1786 576//1786 574//1786
f 561//1787 570//1787 568//1787
f 566//1788 561//1788 568//1788
f 564//1789 561//1789 566//1789
f 561//1790 564//1790 563//1790
f 565//1791 561//1791 563//1791
f 567//1792 561//1792 565//1792
f 561//1793 567//1793 569//1793
f 562//1794 573//1794 575//1794
f 588//1795 579//1795 581//1795
f 847//1796 836//1796 562//1796
f 588//1797 847//1797 562//1797
f 1007//1798 807//1798 808//1798
f 1009//1799 1007//1799 808//1799
f 1119//1800 1007//1800 1009//1800
f 1121//1801 1119//1801 1009//1801
f 1177//1802 1119//1802 1121//1802
f 1181//1803 1177//1803 1121//1803
f 1239//1804 1177//1804 1181//1804
f 1243//1805 1239//1805 1181//1805
f 1315//1806 1239//1806 1243//1806
f 1321//1807 1315//1807 1243//1807
f 1367//1808 1315//1808 1321//1808
f 1373//1809 1367//1809 1321//1809
f 1421//1810 1367//1810 1373//1810
f 1435//1811 1421//1811 1373//1811
f 1465//1812 1421//1812 1435//1812
f 1487//1813 1465//1813 1435//1813
f 1507//1814 1465//1814 1487//1814
f 1561//1815 1507//1815 1487//1815
f 1557//1816 1507//1816 1561//1816
f 1612//1817 1557//1817 1561//1817
f 1642//1818 1612//1818 1561//1818
f 1648//1819 1612//1819 1642//1819
f 1677//1820 1648//1820 1642//1820
f 1743//1821 1677//1821 1642//1821
f 1707//1822 1677//1822 1743//1822
f 1745//1823 1707//1823 1743//1823
f 1767//1824 1745//1824 1743//1824
f 1782//1825 1767//1825 1743//1825
f 1778//1826 1767//1826 1782//1826
f 1780//1827 1778//1827 1782//1827
f 1790//1828 1780//1828 1782//1828
f 1853//1829 1790//1829 1782//1829
f 1825//1830 1790//1830 1853//1830
f 1782//1831 1980//1831 1897//1831
f 1874//1832 1782//1832 1897//1832
f 1853//1833 1782//1833 1874//1833
f 1980//1834 2118//1834 2040//1834
f 2037//1835 1980//1835 2040//1835
f 2029//1836 1980//1836 2037//1836
f 2137//1837 2040//1837 2118//1837
f 2183//1838 2137//1838 2118//1838
f 2191//1839 2137//1839 2183//1839
f 2217//1840 2191//1840 2183//1840
f 2221//1841 2191//1841 2217//1841
f 2246//1842 2221//1842 2217//1842
f 2249//1843 2221//1843 2246//1843
f 2260//1844 2249//1844 2246//1844
f 2263//1845 2249//1845 2260//1845
f 2267//1846 2263//1846 2260//1846
f 2269//1847 2263//1847 2267//1847
f 2268//1848 2269//1848 2267//1848
f 2270//1849 2269//1849 2268//1849
f 2264//1850 2270//1850 2268//1850
f 2261//1851 2264//1851 2268//1851
f 2250//1852 2264//1852 2261//1852
f 2247//1853 2250//1853 2261//1853
f 2222//1854 2250//1854 2247//1854
f 2218//1855 2222//1855 2247//1855
f 2192//1856 2222//1856 2218//1856
f 2184//1857 2192//1857 2218//1857
f 2138//1858 2192//1858 2184//1858
f 2119//1859 2138//1859 2184//1859
f 2041//1860 2138//1860 2119//1860
f 1981//1861 2041//1861 2119//1861
f 2038//1862 2041//1862 1981//1862
f 2030//1863 2038//1863 1981//1863
f 2019//1864 2030//1864 1981//1864
f 2009//1865 2019//1865 1981//1865
f 1994//1866 2009//1866 1981//1866
f 1971//1867 1994//1867 1981//1867
f 1943//1868 1971//1868 1981//1868
f 1924//1869 1943//1869 1981//1869
f 1783//1870 1924//1870 1981//1870
f 1898//1871 1924//1871 1783//1871
f 1875//1872 1898//1872 1783//1872
f 1854//1873 1875//1873 1783//1873
f 1822//1874 1854//1874 1783//1874
f 1826//1875 1854//1875 1822//1875
f 1783//1876 1744//1876 1779//1876
f 1781//1877 1783//1877 1779//1877
f 1822//1878 1783//1878 1781//1878
f 1744//1879 1643//1879 1678//1879
f 1708//1880 1744//1880 1678//1880
f 1746//1881 1744//1881 1708//1881
f 1643//1882 1562//1882 1613//1882
f 1649//1883 1643//1883 1613//1883
f 1678//1884 1643//1884 1649//1884
f 1562//1885 1488//1885 1508//1885
f 1558//1886 1562//1886 1508//1886
f 1613//1887 1562//1887 1558//1887
f 1466//1888 1508//1888 1488//1888
f 1436//1889 1466//1889 1488//1889
f 1422//1890 1466//1890 1436//1890
f 1374//1891 1422//1891 1436//1891
f 1368//1892 1422//1892 1374//1892
f 1322//1893 1368//1893 1374//1893
f 1316//1894 1368//1894 1322//1894
f 1244//1895 1316//1895 1322//1895
f 1240//1896 1316//1896 1244//1896
f 1182//1897 1240//1897 1244//1897
f 1178//1898 1240//1898 1182//1898
f 1122//1899 1178//1899 1182//1899
f 1120//1900 1178//1900 1122//1900
f 1010//1901 1120//1901 1122//1901
f 1008//1902 1120//1902 1010//1902
f 872//1903 1008//1903 1010//1903
f 871//1904 1008//1904 872//1904
f 1744//1905 1746//1905 1768//1905
f 1779//1906 1744//1906 1768//1906
f 2041//1907 2038//1907 2039//1907
f 1980//1908 2029//1908 2018//1908
f 2008//1909 1980//1909 2018//1909
f 1993//1910 1980//1910 2008//1910
f 1980//1911 1993//1911 1970//1911
f 1942//1912 1980//1912 1970//1912
f 1923//1913 1980//1913 1942//1913
f 1980//1914 1923//1914 1897//1914
f 318//1915 316//1915 511//1915
f 489//1916 318//1916 511//1916
f 469//1917 318//1917 489//1917
f 316//1918 806//1918 808//1918
f 551//1919 316//1919 808//1919
f 511//1920 316//1920 551//1920
f 808//1921 806//1921 1013//1921
f 1009//1922 808//1922 1013//1922
f 1131//1923 1009//1923 1013//1923
f 1121//1924 1009//1924 1131//1924
f 1193//1925 1121//1925 1131//1925
f 1181//1926 1121//1926 1193//1926
f 1263//1927 1181//1927 1193//1927
f 1243//1928 1181//1928 1263//1928
f 1341//1929 1243//1929 1263//1929
f 1321//1930 1243//1930 1341//1930
f 1399//1931 1321//1931 1341//1931
f 1373//1932 1321//1932 1399//1932
f 1459//1933 1373//1933 1399//1933
f 1435//1934 1373//1934 1459//1934
f 1527//1935 1435//1935 1459//1935
f 1487//1936 1435//1936 1527//1936
f 1620//1937 1487//1937 1527//1937
f 1561//1938 1487//1938 1620//1938
f 1727//1939 1561//1939 1620//1939
f 1642//1940 1561//1940 1727//1940
f 1786//1941 1642//1941 1727//1941
f 1743//1942 1642//1942 1786//1942
f 2063//1943 1743//1943 1786//1943
f 1782//1944 1743//1944 2063//1944
f 2174//1945 1782//1945 2063//1945
f 1980//1946 1782//1946 2174//1946
f 2237//1947 1980//1947 2174//1947
f 2118//1948 1980//1948 2237//1948
f 2273//1949 2118//1949 2237//1949
f 2183//1950 2118//1950 2273//1950
f 2279//1951 2183//1951 2273//1951
f 2217//1952 2183//1952 2279//1952
f 2285//1953 2217//1953 2279//1953
f 2246//1954 2217//1954 2285//1954
f 2291//1955 2246//1955 2285//1955
f 2260//1956 2246//1956 2291//1956
f 2297//1957 2260//1957 2291//1957
f 2267//1958 2260//1958 2297//1958
f 2303//1959 2267//1959 2297//1959
f 2306//1960 2267//1960 2303//1960
f 2268//1961 2267//1961 2306//1961
f 2300//1962 2268//1962 2306//1962
f 2261//1963 2268//1963 2300//1963
f 2294//1964 2261//1964 2300//1964
f 2247//1965 2261//1965 2294//1965
f 2288//1966 2247//1966 2294//1966
f 2218//1967 2247//1967 2288//1967
f 2282//1968 2218//1968 2288//1968
f 2184//1969 2218//1969 2282//1969
f 2276//1970 2184//1970 2282//1970
f 2119//1971 2184//1971 2276//1971
f 2240//1972 2119//1972 2276//1972
f 1981//1973 2119//1973 2240//1973
f 2177//1974 1981//1974 2240//1974
f 1783//1975 1981//1975 2177//1975
f 2066//1976 1783//1976 2177//1976
f 1744//1977 1783//1977 2066//1977
f 1789//1978 1744//1978 2066//1978
f 1643//1979 1744//1979 1789//1979
f 1730//1980 1643//1980 1789//1980
f 1562//1981 1643//1981 1730//1981
f 1623//1982 1562//1982 1730//1982
f 1488//1983 1562//1983 1623//1983
f 1530//1984 1488//1984 1623//1984
f 1436//1985 1488//1985 1530//1985
f 1462//1986 1436//1986 1530//1986
f 1374//1987 1436//1987 1462//1987
f 1402//1988 1374//1988 1462//1988
f 1322//1989 1374//1989 1402//1989
f 1344//1990 1322//1990 1402//1990
f 1244//1991 1322//1991 1344//1991
f 1266//1992 1244//1992 1344//1992
f 1182//1993 1244//1993 1266//1993
f 1196//1994 1182//1994 1266//1994
f 1122//1995 1182//1995 1196//1995
f 1134//1996 1122//1996 1196//1996
f 1010//1997 1122//1997 1134//1997
f 1016//1998 1010//1998 1134//1998
f 872//1999 1010//1999 1016//1999
f 874//2000 872//2000 1016//2000
f 322//2001 872//2001 874//2001
f 322//2002 320//2002 512//2002
f 552//2003 322//2003 512//2003
f 872//2004 322//2004 552//2004
f 644//2005 872//2005 552//2005
f 704//2006 872//2006 644//2006
f 320//2007 122//2007 370//2007
f 392//2008 320//2008 370//2008
f 470//2009 320//2009 392//2009
f 122//2010 64//2010 58//2010
f 144//2011 122//2011 58//2011
f 166//2012 122//2012 144//2012
f 58//2013 4//2013 126//2013
f 133//2014 58//2014 126//2014
f 144//2015 58//2015 133//2015
f 4//2016 62//2016 120//2016
f 143//2017 4//2017 120//2017
f 132//2018 4//2018 143//2018
f 120//2019 318//2019 369//2019
f 345//2020 120//2020 369//2020
f 323//2021 120//2021 345//2021
f 704//2022 868//2022 872//2022
f 808//2023 812//2023 703//2023
f 643//2024 808//2024 703//2024
f 551//2025 808//2025 643//2025
f 318//2026 469//2026 391//2026
f 369//2027 318//2027 391//2027
f 120//2028 323//2028 295//2028
f 271//2029 120//2029 295//2029
f 188//2030 120//2030 271//2030
f 120//2031 188//2031 165//2031
f 143//2032 120//2032 165//2032
f 4//2033 132//2033 125//2033
f 126//2034 4//2034 125//2034
f 122//2035 166//2035 189//2035
f 272//2036 122//2036 189//2036
f 296//2037 122//2037 272//2037
f 122//2038 296//2038 324//2038
f 346//2039 122//2039 324//2039
f 370//2040 122//2040 346//2040
f 320//2041 470//2041 490//2041
f 512//2042 320//2042 490//2042
f 718//2043 730//2043 731//2043
f 719//2044 718//2044 731//2044
f 727//2045 718//2045 719//2045
f 728//2046 727//2046 719//2046
f 741//2047 727//2047 728//2047
f 742//2048 741//2048 728//2048
f 757//2049 741//2049 742//2049
f 758//2050 757//2050 742//2050
f 769//2051 757//2051 758//2051
f 770//2052 769//2052 758//2052
f 799//2053 769//2053 770//2053
f 800//2054 799//2054 770//2054
f 840//2055 799//2055 800//2055
f 841//2056 840//2056 800//2056
f 881//2057 840//2057 841//2057
f 882//2058 881//2058 841//2058
f 907//2059 881//2059 882//2059
f 908//2060 907//2060 882//2060
f 919//2061 907//2061 908//2061
f 920//2062 919//2062 908//2062
f 931//2063 919//2063 920//2063
f 932//2064 931//2064 920//2064
f 945//2065 931//2065 932//2065
f 946//2066 945//2066 932//2066
f 954//2067 945//2067 946//2067
f 955//2068 954//2068 946//2068
f 948//2069 954//2069 955//2069
f 949//2070 948//2070 955//2070
f 934//2071 948//2071 949//2071
f 935//2072 934//2072 949//2072
f 922//2073 934//2073 935//2073
f 923//2074 922//2074 935//2074
f 910//2075 922//2075 923//2075
f 911//2076 910//2076 923//2076
f 884//2077 910//2077 911//2077
f 885//2078 884//2078 911//2078
f 843//2079 884//2079 885//2079
f 844//2080 843//2080 885//2080
f 802//2081 843//2081 844//2081
f 803//2082 802//2082 844//2082
f 772//2083 802//2083 803//2083
f 773//2084 772//2084 803//2084
f 760//2085 772//2085 773//2085
f 761//2086 760//2086 773//2086
f 744//2087 760//2087 761//2087
f 745//2088 744//2088 761//2088
f 730//2089 744//2089 745//2089
f 731//2090 730//2090 745//2090
f 720//2091 729//2091 728//2091
f 719//2092 720//2092 728//2092
f 732//2093 720//2093 719//2093
f 731//2094 732//2094 719//2094
f 746//2095 732//2095 731//2095
f 745//2096 746//2096 731//2096
f 762//2097 746//2097 745//2097
f 761//2098 762//2098 745//2098
f 774//2099 762//2099 761//2099
f 773//2100 774//2100 761//2100
f 804//2101 774//2101 773//2101
f 803//2102 804//2102 773//2102
f 845//2103 804//2103 803//2103
f 844//2104 845//2104 803//2104
f 886//2105 845//2105 844//2105
f 885//2106 886//2106 844//2106
f 912//2107 886//2107 885//2107
f 911//2108 912//2108 885//2108
f 924//2109 912//2109 911//2109
f 923//2110 924//2110 911//2110
f 936//2111 924//2111 923//2111
f 935//2112 936//2112 923//2112
f 950//2113 936//2113 935//2113
f 949//2114 950//2114 935//2114
f 956//2115 950//2115 949//2115
f 955//2116 956//2116 949//2116
f 947//2117 956//2117 955//2117
f 946//2118 947//2118 955//2118
f 933//2119 947//2119 946//2119
f 932//2120 933//2120 946//2120
f 921//2121 933//2121 932//2121
f 920//2122 921//2122 932//2122
f 909//2123 921//2123 920//2123
f 908//2124 909//2124 920//2124
f 883//2125 909//2125 908//2125
f 882//2126 883//2126 908//2126
f 842//2127 883//2127 882//2127
f 841//2128 842//2128 882//2128
f 801//2129 842//2129 841//2129
f 800//2130 801//2130 841//2130
f 771//2131 801//2131 800//2131
f 770//2132 771//2132 800//2132
f 759//2133 771//2133 770//2133
f 758//2134 759//2134 770//2134
f 743//2135 759//2135 758//2135
f 742//2136 743//2136 758//2136
f 729//2137 743//2137 742//2137
f 728//2138 729//2138 742//2138
f 715//2139 724//2139 725//2139
f 716//2140 715//2140 725//2140
f 721//2141 715//2141 716//2141
f 722//2142 721//2142 716//2142
f 735//2143 721//2143 722//2143
f 736//2144 735//2144 722//2144
f 751//2145 735//2145 736//2145
f 752//2146 751//2146 736//2146
f 763//2147 751//2147 752//2147
f 764//2148 763//2148 752//2148
f 793//2149 763//2149 764//2149
f 794//2150 793//2150 764//2150
f 832//2151 793//2151 794//2151
f 833//2152 832//2152 794//2152
f 875//2153 832//2153 833//2153
f 876//2154 875//2154 833//2154
f 901//2155 875//2155 876//2155
f 902//2156 901//2156 876//2156
f 913//2157 901//2157 902//2157
f 914//2158 913//2158 902//2158
f 925//2159 913//2159 914//2159
f 926//2160 925//2160 914//2160
f 939//2161 925//2161 926//2161
f 940//2162 939//2162 926//2162
f 951//2163 939//2163 940//2163
f 952//2164 951//2164 940//2164
f 942//2165 951//2165 952//2165
f 943//2166 942//2166 952//2166
f 928//2167 942//2167 943//2167
f 929//2168 928//2168 943//2168
f 916//2169 928//2169 929//2169
f 917//2170 916//2170 929//2170
f 904//2171 916//2171 917//2171
f 905//2172 904//2172 917//2172
f 878//2173 904//2173 905//2173
f 879//2174 878//2174 905//2174
f 837//2175 878//2175 879//2175
f 838//2176 837//2176 879//2176
f 796//2177 837//2177 838//2177
f 797//2178 796//2178 838//2178
f 766//2179 796//2179 797//2179
f 767//2180 766//2180 797//2180
f 754//2181 766//2181 767//2181
f 755//2182 754//2182 767//2182
f 738//2183 754//2183 755//2183
f 739//2184 738//2184 755//2184
f 724//2185 738//2185 739//2185
f 725//2186 724//2186 739//2186
f 717//2187 723//2187 722//2187
f 716//2188 717//2188 722//2188
f 726//2189 717//2189 716//2189
f 725//2190 726//2190 716//2190
f 740//2191 726//2191 725//2191
f 739//2192 740//2192 725//2192
f 756//2193 740//2193 739//2193
f 755//2194 756//2194 739//2194
f 768//2195 756//2195 755//2195
f 767//2196 768//2196 755//2196
f 798//2197 768//2197 767//2197
f 797//2198 798//2198 767//2198
f 839//2199 798//2199 797//2199
f 838//2200 839//2200 797//2200
f 880//2201 839//2201 838//2201
f 879//2202 880//2202 838//2202
f 906//2203 880//2203 879//2203
f 905//2204 906//2204 879//2204
f 918//2205 906//2205 905//2205
f 917//2206 918//2206 905//2206
f 930//2207 918//2207 917//2207
f 929//2208 930//2208 917//2208
f 944//2209 930//2209 929//2209
f 943//2210 944//2210 929//2210
f 953//2211 944//2211 943//2211
f 952//2212 953//2212 943//2212
f 941//2213 953//2213 952//2213
f 940//2214 941//2214 952//2214
f 927//2215 941//2215 940//2215
f 926//2216 927//2216 940//2216
f 915//2217 927//2217 926//2217
f 914//2218 915//2218 926//2218
f 903//2219 915//2219 914//2219
f 902//2220 903//2220 914//2220
f 877//2221 903//2221 902//2221
f 876//2222 877//2222 902//2222
f 834//2223 877//2223 876//2223
f 833//2224 834//2224 876//2224
f 795//2225 834//2225 833//2225
f 794//2226 795//2226 833//2226
f 765//2227 795//2227 794//2227
f 764//2228 765//2228 794//2228
f 753//2229 765//2229 764//2229
f 752//2230 753//2230 764//2230
f 737//2231 753//2231 752//2231
f 736//2232 737//2232 752//2232
f 723//2233 737//2233 736//2233
f 722//2234 723//2234 736//2234
f 627//2235 635//2235 636//2235
f 628//2236 627//2236 636//2236
f 631//2237 627//2237 628//2237
f 632//2238 631//2238 628//2238
f 645//2239 631//2239 632//2239
f 646//2240 645//2240 632//2240
f 655//2241 645//2241 646//2241
f 656//2242 655//2242 646//2242
f 669//2243 655//2243 656//2243
f 670//2244 669//2244 656//2244
f 687//2245 669//2245 670//2245
f 688//2246 687//2246 670//2246
f 707//2247 687//2247 688//2247
f 708//2248 707//2248 688//2248
f 785//2249 707//2249 708//2249
f 786//2250 785//2250 708//2250
f 891//2251 785//2251 786//2251
f 892//2252 891//2252 786//2252
f 957//2253 891//2253 892//2253
f 958//2254 957//2254 892//2254
f 999//2255 957//2255 958//2255
f 1000//2256 999//2256 958//2256
f 1023//2257 999//2257 1000//2257
f 1024//2258 1023//2258 1000//2258
f 1059//2259 1023//2259 1024//2259
f 1060//2260 1059//2260 1024//2260
f 1087//2261 1059//2261 1060//2261
f 1088//2262 1087//2262 1060//2262
f 1107//2263 1087//2263 1088//2263
f 1108//2264 1107//2264 1088//2264
f 1115//2265 1107//2265 1108//2265
f 1116//2266 1115//2266 1108//2266
f 1111//2267 1115//2267 1116//2267
f 1112//2268 1111//2268 1116//2268
f 1091//2269 1111//2269 1112//2269
f 1092//2270 1091//2270 1112//2270
f 1063//2271 1091//2271 1092//2271
f 1064//2272 1063//2272 1092//2272
f 1027//2273 1063//2273 1064//2273
f 1028//2274 1027//2274 1064//2274
f 1003//2275 1027//2275 1028//2275
f 1004//2276 1003//2276 1028//2276
f 961//2277 1003//2277 1004//2277
f 962//2278 961//2278 1004//2278
f 895//2279 961//2279 962//2279
f 896//2280 895//2280 962//2280
f 789//2281 895//2281 896//2281
f 790//2282 789//2282 896//2282
f 711//2283 789//2283 790//2283
f 712//2284 711//2284 790//2284
f 691//2285 711//2285 712//2285
f 692//2286 691//2286 712//2286
f 673//2287 691//2287 692//2287
f 674//2288 673//2288 692//2288
f 659//2289 673//2289 674//2289
f 660//2290 659//2290 674//2290
f 649//2291 659//2291 660//2291
f 650//2292 649//2292 660//2292
f 635//2293 649//2293 650//2293
f 636//2294 635//2294 650//2294
f 141//2295 148//2295 149//2295
f 142//2296 141//2296 149//2296
f 150//2297 141//2297 142//2297
f 151//2298 150//2298 142//2298
f 158//2299 150//2299 151//2299
f 159//2300 158//2300 151//2300
f 175//2301 158//2301 159//2301
f 176//2302 175//2302 159//2302
f 198//2303 175//2303 176//2303
f 199//2304 198//2304 176//2304
f 277//2305 198//2305 199//2305
f 278//2306 277//2306 199//2306
f 301//2307 277//2307 278//2307
f 302//2308 301//2308 278//2308
f 329//2309 301//2309 302//2309
f 330//2310 329//2310 302//2310
f 349//2311 329//2311 330//2311
f 350//2312 349//2312 330//2312
f 367//2313 349//2313 350//2313
f 368//2314 367//2314 350//2314
f 389//2315 367//2315 368//2315
f 390//2316 389//2316 368//2316
f 465//2317 389//2317 390//2317
f 466//2318 465//2318 390//2318
f 487//2319 465//2319 466//2319
f 488//2320 487//2320 466//2320
f 507//2321 487//2321 488//2321
f 508//2322 507//2322 488//2322
f 549//2323 507//2323 508//2323
f 550//2324 549//2324 508//2324
f 641//2325 549//2325 550//2325
f 642//2326 641//2326 550//2326
f 701//2327 641//2327 642//2327
f 702//2328 701//2328 642//2328
f 863//2329 701//2329 702//2329
f 864//2330 863//2330 702//2330
f 997//2331 863//2331 864//2331
f 998//2332 997//2332 864//2332
f 1105//2333 997//2333 998//2333
f 1106//2334 1105//2334 998//2334
f 1169//2335 1105//2335 1106//2335
f 1170//2336 1169//2336 1106//2336
f 1231//2337 1169//2337 1170//2337
f 1232//2338 1231//2338 1170//2338
f 1275//2339 1231//2339 1232//2339
f 1276//2340 1275//2340 1232//2340
f 1337//2341 1275//2341 1276//2341
f 1338//2342 1337//2342 1276//2342
f 1383//2343 1337//2343 1338//2343
f 1384//2344 1383//2344 1338//2344
f 1427//2345 1383//2345 1384//2345
f 1428//2346 1427//2346 1384//2346
f 1473//2347 1427//2347 1428//2347
f 1474//2348 1473//2348 1428//2348
f 1513//2349 1473//2349 1474//2349
f 1514//2350 1513//2350 1474//2350
f 1555//2351 1513//2351 1514//2351
f 1556//2352 1555//2352 1514//2352
f 1600//2353 1555//2353 1556//2353
f 1601//2354 1600//2354 1556//2354
f 1655//2355 1600//2355 1601//2355
f 1656//2356 1655//2356 1601//2356
f 1691//2357 1655//2357 1656//2357
f 1692//2358 1691//2358 1656//2358
f 1713//2359 1691//2359 1692//2359
f 1714//2360 1713//2360 1692//2360
f 1741//2361 1713//2361 1714//2361
f 1742//2362 1741//2362 1714//2362
f 1749//2363 1741//2363 1742//2363
f 1750//2364 1749//2364 1742//2364
f 1739//2365 1749//2365 1750//2365
f 1740//2366 1739//2366 1750//2366
f 1711//2367 1739//2367 1740//2367
f 1712//2368 1711//2368 1740//2368
f 1689//2369 1711//2369 1712//2369
f 1690//2370 1689//2370 1712//2370
f 1653//2371 1689//2371 1690//2371
f 1654//2372 1653//2372 1690//2372
f 1598//2373 1653//2373 1654//2373
f 1599//2374 1598//2374 1654//2374
f 1553//2375 1598//2375 1599//2375
f 1554//2376 1553//2376 1599//2376
f 1511//2377 1553//2377 1554//2377
f 1512//2378 1511//2378 1554//2378
f 1471//2379 1511//2379 1512//2379
f 1472//2380 1471//2380 1512//2380
f 1425//2381 1471//2381 1472//2381
f 1426//2382 1425//2382 1472//2382
f 1381//2383 1425//2383 1426//2383
f 1382//2384 1381//2384 1426//2384
f 1335//2385 1381//2385 1382//2385
f 1336//2386 1335//2386 1382//2386
f 1273//2387 1335//2387 1336//2387
f 1274//2388 1273//2388 1336//2388
f 1229//2389 1273//2389 1274//2389
f 1230//2390 1229//2390 1274//2390
f 1167//2391 1229//2391 1230//2391
f 1168//2392 1167//2392 1230//2392
f 1103//2393 1167//2393 1168//2393
f 1104//2394 1103//2394 1168//2394
f 995//2395 1103//2395 1104//2395
f 996//2396 995//2396 1104//2396
f 815//2397 995//2397 996//2397
f 816//2398 815//2398 996//2398
f 699//2399 815//2399 816//2399
f 700//2400 699//2400 816//2400
f 639//2401 699//2401 700//2401
f 640//2402 639//2402 700//2402
f 547//2403 639//2403 640//2403
f 548//2404 547//2404 640//2404
f 505//2405 547//2405 548//2405
f 506//2406 505//2406 548//2406
f 485//2407 505//2407 506//2407
f 486//2408 485//2408 506//2408
f 463//2409 485//2409 486//2409
f 464//2410 463//2410 486//2410
f 387//2411 463//2411 464//2411
f 388//2412 387//2412 464//2412
f 365//2413 387//2413 388//2413
f 366//2414 365//2414 388//2414
f 347//2415 365//2415 366//2415
f 348//2416 347//2416 366//2416
f 327//2417 347//2417 348//2417
f 328//2418 327//2418 348//2418
f 299//2419 327//2419 328//2419
f 300//2420 299//2420 328//2420
f 275//2421 299//2421 300//2421
f 276//2422 275//2422 300//2422
f 196//2423 275//2423 276//2423
f 197//2424 196//2424 276//2424
f 173//2425 196//2425 197//2425
f 174//2426 173//2426 197//2426
f 156//2427 173//2427 174//2427
f 157//2428 156//2428 174//2428
f 148//2429 156//2429 157//2429
f 149//2430 148//2430 157//2430
f 805//2431 315//2431 317//2431
f 548//2432 805//2432 317//2432
f 640//2433 805//2433 548//2433
f 317//2434 119//2434 366//2434
f 388//2435 317//2435 366//2435
f 464//2436 317//2436 388//2436
f 119//2437 61//2437 3//2437
f 157//2438 119//2438 3//2438
f 174//2439 119//2439 157//2439
f 3//2440 57//2440 142//2440
f 149//2441 3//2441 142//2441
f 157//2442 3//2442 149//2442
f 57//2443 63//2443 121//2443
f 159//2444 57//2444 121//2444
f 151//2445 57//2445 159//2445
f 121//2446 319//2446 368//2446
f 350//2447 121//2447 368//2447
f 330//2448 121//2448 350//2448
f 319//2449 321//2449 873//2449
f 550//2450 319//2450 873//2450
f 508//2451 319//2451 550//2451
f 873//2452 1014//2452 864//2452
f 702//2453 873//2453 864//2453
f 642//2454 873//2454 702//2454
f 998//2455 864//2455 1014//2455
f 1132//2456 998//2456 1014//2456
f 1106//2457 998//2457 1132//2457
f 1194//2458 1106//2458 1132//2458
f 1170//2459 1106//2459 1194//2459
f 1264//2460 1170//2460 1194//2460
f 1232//2461 1170//2461 1264//2461
f 1342//2462 1232//2462 1264//2462
f 1400//2463 1232//2463 1342//2463
f 1276//2464 1232//2464 1400//2464
f 1460//2465 1276//2465 1400//2465
f 1338//2466 1276//2466 1460//2466
f 1528//2467 1338//2467 1460//2467
f 1384//2468 1338//2468 1528//2468
f 1621//2469 1384//2469 1528//2469
f 1428//2470 1384//2470 1621//2470
f 1728//2471 1428//2471 1621//2471
f 1787//2472 1428//2472 1728//2472
f 1474//2473 1428//2473 1787//2473
f 2064//2474 1474//2474 1787//2474
f 1514//2475 1474//2475 2064//2475
f 2175//2476 1514//2476 2064//2476
f 1556//2477 1514//2477 2175//2477
f 2238//2478 1556//2478 2175//2478
f 1601//2479 1556//2479 2238//2479
f 2274//2480 1601//2480 2238//2480
f 1656//2481 1601//2481 2274//2481
f 2280//2482 1656//2482 2274//2482
f 1692//2483 1656//2483 2280//2483
f 2286//2484 1692//2484 2280//2484
f 2292//2485 1692//2485 2286//2485
f 1714//2486 1692//2486 2292//2486
f 2298//2487 1714//2487 2292//2487
f 1742//2488 1714//2488 2298//2488
f 2304//2489 1742//2489 2298//2489
f 1750//2490 1742//2490 2304//2490
f 2301//2491 1750//2491 2304//2491
f 1740//2492 1750//2492 2301//2492
f 2295//2493 1740//2493 2301//2493
f 1712//2494 1740//2494 2295//2494
f 2289//2495 1712//2495 2295//2495
f 1690//2496 1712//2496 2289//2496
f 2283//2497 1690//2497 2289//2497
f 2277//2498 1690//2498 2283//2498
f 1654//2499 1690//2499 2277//2499
f 2271//2500 1654//2500 2277//2500
f 1599//2501 1654//2501 2271//2501
f 2235//2502 1599//2502 2271//2502
f 1554//2503 1599//2503 2235//2503
f 2172//2504 1554//2504 2235//2504
f 1512//2505 1554//2505 2172//2505
f 2061//2506 1512//2506 2172//2506
f 1472//2507 1512//2507 2061//2507
f 1784//2508 1472//2508 2061//2508
f 1426//2509 1472//2509 1784//2509
f 1725//2510 1426//2510 1784//2510
f 1618//2511 1426//2511 1725//2511
f 1382//2512 1426//2512 1618//2512
f 1525//2513 1382//2513 1618//2513
f 1336//2514 1382//2514 1525//2514
f 1457//2515 1336//2515 1525//2515
f 1274//2516 1336//2516 1457//2516
f 1397//2517 1274//2517 1457//2517
f 1230//2518 1274//2518 1397//2518
f 1339//2519 1230//2519 1397//2519
f 1261//2520 1230//2520 1339//2520
f 1168//2521 1230//2521 1261//2521
f 1191//2522 1168//2522 1261//2522
f 1104//2523 1168//2523 1191//2523
f 1129//2524 1104//2524 1191//2524
f 996//2525 1104//2525 1129//2525
f 1011//2526 996//2526 1129//2526
f 816//2527 996//2527 1011//2527
f 805//2528 816//2528 1011//2528
f 700//2529 816//2529 805//2529
f 640//2530 700//2530 805//2530
f 119//2531 174//2531 197//2531
f 276//2532 119//2532 197//2532
f 300//2533 119//2533 276//2533
f 119//2534 300//2534 328//2534
f 348//2535 119//2535 328//2535
f 366//2536 119//2536 348//2536
f 317//2537 464//2537 486//2537
f 506//2538 317//2538 486//2538
f 548//2539 317//2539 506//2539
f 873//2540 642//2540 550//2540
f 319//2541 508//2541 488//2541
f 466//2542 319//2542 488//2542
f 390//2543 319//2543 466//2543
f 319//2544 390//2544 368//2544
f 121//2545 330//2545 302//2545
f 278//2546 121//2546 302//2546
f 199//2547 121//2547 278//2547
f 121//2548 199//2548 176//2548
f 159//2549 121//2549 176//2549
f 57//2550 151//2550 142//2550
f 1060//2551 632//2551 628//2551
f 636//2552 1060//2552 628//2552
f 650//2553 1060//2553 636//2553
f 1060//2554 650//2554 660//2554
f 674//2555 1060//2555 660//2555
f 692//2556 1060//2556 674//2556
f 1060//2557 692//2557 712//2557
f 790//2558 1060//2558 712//2558
f 896//2559 1060//2559 790//2559
f 1060//2560 896//2560 962//2560
f 1004//2561 1060//2561 962//2561
f 1028//2562 1060//2562 1004//2562
f 1060//2563 1028//2563 1064//2563
f 1088//2564 1060//2564 1064//2564
f 1092//2565 1088//2565 1064//2565
f 1108//2566 1088//2566 1092//2566
f 1112//2567 1108//2567 1092//2567
f 1116//2568 1108//2568 1112//2568
f 1060//2569 1024//2569 656//2569
f 646//2570 1060//2570 656//2570
f 632//2571 1060//2571 646//2571
f 670//2572 656//2572 1024//2572
f 1000//2573 670//2573 1024//2573
f 688//2574 670//2574 1000//2574
f 958//2575 688//2575 1000//2575
f 708//2576 688//2576 958//2576
f 892//2577 708//2577 958//2577
f 786//2578 708//2578 892//2578
f 723//2579 717//2579 726//2579
f 737//2580 723//2580 726//2580
f 740//2581 737//2581 726//2581
f 753//2582 737//2582 740//2582
f 756//2583 753//2583 740//2583
f 765//2584 753//2584 756//2584
f 768//2585 765//2585 756//2585
f 795//2586 765//2586 768//2586
f 798//2587 795//2587 768//2587
f 834//2588 795//2588 798//2588
f 839//2589 834//2589 798//2589
f 877//2590 834//2590 839//2590
f 880//2591 877//2591 839//2591
f 903//2592 877//2592 880//2592
f 906//2593 903//2593 880//2593
f 915//2594 903//2594 906//2594
f 918//2595 915//2595 906//2595
f 927//2596 915//2596 918//2596
f 930//2597 927//2597 918//2597
f 941//2598 927//2598 930//2598
f 944//2599 941//2599 930//2599
f 953//2600 941//2600 944//2600
f 1118//2601 1114//2601 1113//2601
f 1117//2602 1118//2602 1113//2602
f 1110//2603 1118//2603 1117//2603
f 1109//2604 1110//2604 1117//2604
f 1090//2605 1110//2605 1109//2605
f 1089//2606 1090//2606 1109//2606
f 1062//2607 1090//2607 1089//2607
f 1061//2608 1062//2608 1089//2608
f 1026//2609 1062//2609 1061//2609
f 1025//2610 1026//2610 1061//2610
f 1002//2611 1026//2611 1025//2611
f 1001//2612 1002//2612 1025//2612
f 960//2613 1002//2613 1001//2613
f 959//2614 960//2614 1001//2614
f 894//2615 960//2615 959//2615
f 893//2616 894//2616 959//2616
f 788//2617 894//2617 893//2617
f 787//2618 788//2618 893//2618
f 710//2619 788//2619 787//2619
f 709//2620 710//2620 787//2620
f 690//2621 710//2621 709//2621
f 689//2622 690//2622 709//2622
f 672//2623 690//2623 689//2623
f 671//2624 672//2624 689//2624
f 658//2625 672//2625 671//2625
f 657//2626 658//2626 671//2626
f 648//2627 658//2627 657//2627
f 647//2628 648//2628 657//2628
f 634//2629 648//2629 647//2629
f 633//2630 634//2630 647//2630
f 630//2631 634//2631 633//2631
f 629//2632 630//2632 633//2632
f 638//2633 630//2633 629//2633
f 637//2634 638//2634 629//2634
f 652//2635 638//2635 637//2635
f 651//2636 652//2636 637//2636
f 662//2637 652//2637 651//2637
f 661//2638 662//2638 651//2638
f 676//2639 662//2639 661//2639
f 675//2640 676//2640 661//2640
f 694//2641 676//2641 675//2641
f 693//2642 694//2642 675//2642
f 714//2643 694//2643 693//2643
f 713//2644 714//2644 693//2644
f 792//2645 714//2645 713//2645
f 791//2646 792//2646 713//2646
f 898//2647 792//2647 791//2647
f 897//2648 898//2648 791//2648
f 964//2649 898//2649 897//2649
f 963//2650 964//2650 897//2650
f 1006//2651 964//2651 963//2651
f 1005//2652 1006//2652 963//2652
f 1030//2653 1006//2653 1005//2653
f 1029//2654 1030//2654 1005//2654
f 1066//2655 1030//2655 1029//2655
f 1065//2656 1066//2656 1029//2656
f 1094//2657 1066//2657 1065//2657
f 1093//2658 1094//2658 1065//2658
f 1114//2659 1094//2659 1093//2659
f 1113//2660 1114//2660 1093//2660
f 1117//2661 1113//2661 637//2661
f 629//2662 1117//2662 637//2662
f 1109//2663 1117//2663 629//2663
f 633//2664 1109//2664 629//2664
f 1089//2665 1109//2665 633//2665
f 647//2666 1089//2666 633//2666
f 1061//2667 1089//2667 647//2667
f 657//2668 1061//2668 647//2668
f 1025//2669 1061//2669 657//2669
f 671//2670 1025//2670 657//2670
f 1001//2671 1025//2671 671//2671
f 689//2672 1001//2672 671//2672
f 959//2673 1001//2673 689//2673
f 709//2674 959//2674 689//2674
f 893//2675 959//2675 709//2675
f 787//2676 893//2676 709//2676
f 651//2677 637//2677 1113//2677
f 1093//2678 651//2678 1113//2678
f 661//2679 651//2679 1093//2679
f 1065//2680 661//2680 1093//2680
f 675//2681 661//2681 1065//2681
f 1029//2682 675//2682 1065//2682
f 693//2683 675//2683 1029//2683
f 1005//2684 693//2684 1029//2684
f 713//2685 693//2685 1005//2685
f 963//2686 713//2686 1005//2686
f 791//2687 713//2687 963//2687
f 897//2688 791//2688 963//2688
f 1223//2689 1217//2689 1218//2689
f 1224//2690 1223//2690 1218//2690
f 1219//2691 1223//2691 1224//2691
f 1220//2692 1219//2692 1224//2692
f 1209//2693 1219//2693 1220//2693
f 1210//2694 1209//2694 1220//2694
f 1187//2695 1209//2695 1210//2695
f 1188//2696 1187//2696 1210//2696
f 1173//2697 1187//2697 1188//2697
f 1174//2698 1173//2698 1188//2698
f 1155//2699 1173//2699 1174//2699
f 1156//2700 1155//2700 1174//2700
f 1127//2701 1155//2701 1156//2701
f 1128//2702 1127//2702 1156//2702
f 1081//2703 1127//2703 1128//2703
f 1082//2704 1081//2704 1128//2704
f 1021//2705 1081//2705 1082//2705
f 1022//2706 1021//2706 1082//2706
f 973//2707 1021//2707 1022//2707
f 974//2708 973//2708 1022//2708
f 889//2709 973//2709 974//2709
f 890//2710 889//2710 974//2710
f 749//2711 889//2711 890//2711
f 750//2712 749//2712 890//2712
f 697//2713 749//2713 750//2713
f 698//2714 697//2714 750//2714
f 665//2715 697//2715 698//2715
f 666//2716 665//2716 698//2716
f 623//2717 665//2717 666//2717
f 624//2718 623//2718 666//2718
f 557//2719 623//2719 624//2719
f 558//2720 557//2720 624//2720
f 545//2721 557//2721 558//2721
f 546//2722 545//2722 558//2722
f 529//2723 545//2723 546//2723
f 530//2724 529//2724 546//2724
f 525//2725 529//2725 530//2725
f 526//2726 525//2726 530//2726
f 519//2727 525//2727 526//2727
f 520//2728 519//2728 526//2728
f 515//2729 519//2729 520//2729
f 516//2730 515//2730 520//2730
f 513//2731 515//2731 516//2731
f 514//2732 513//2732 516//2732
f 517//2733 513//2733 514//2733
f 518//2734 517//2734 514//2734
f 523//2735 517//2735 518//2735
f 524//2736 523//2736 518//2736
f 527//2737 523//2737 524//2737
f 528//2738 527//2738 524//2738
f 543//2739 527//2739 528//2739
f 544//2740 543//2740 528//2740
f 555//2741 543//2741 544//2741
f 556//2742 555//2742 544//2742
f 621//2743 555//2743 556//2743
f 622//2744 621//2744 556//2744
f 663//2745 621//2745 622//2745
f 664//2746 663//2746 622//2746
f 695//2747 663//2747 664//2747
f 696//2748 695//2748 664//2748
f 747//2749 695//2749 696//2749
f 748//2750 747//2750 696//2750
f 887//2751 747//2751 748//2751
f 888//2752 887//2752 748//2752
f 971//2753 887//2753 888//2753
f 972//2754 971//2754 888//2754
f 1019//2755 971//2755 972//2755
f 1020//2756 1019//2756 972//2756
f 1079//2757 1019//2757 1020//2757
f 1080//2758 1079//2758 1020//2758
f 1125//2759 1079//2759 1080//2759
f 1126//2760 1125//2760 1080//2760
f 1153//2761 1125//2761 1126//2761
f 1154//2762 1153//2762 1126//2762
f 1171//2763 1153//2763 1154//2763
f 1172//2764 1171//2764 1154//2764
f 1185//2765 1171//2765 1172//2765
f 1186//2766 1185//2766 1172//2766
f 1207//2767 1185//2767 1186//2767
f 1208//2768 1207//2768 1186//2768
f 1217//2769 1207//2769 1208//2769
f 1218//2770 1217//2770 1208//2770
f 1118//2771 1110//2771 1217//2771
f 1223//2772 1118//2772 1217//2772
f 1219//2773 1118//2773 1223//2773
f 1207//2774 1217//2774 1110//2774
f 1090//2775 1207//2775 1110//2775
f 1185//2776 1207//2776 1090//2776
f 1062//2777 1185//2777 1090//2777
f 1171//2778 1185//2778 1062//2778
f 1153//2779 1171//2779 1062//2779
f 1026//2780 1153//2780 1062//2780
f 1125//2781 1153//2781 1026//2781
f 1002//2782 1125//2782 1026//2782
f 1079//2783 1125//2783 1002//2783
f 1019//2784 1079//2784 1002//2784
f 960//2785 1019//2785 1002//2785
f 971//2786 1019//2786 960//2786
f 894//2787 971//2787 960//2787
f 887//2788 971//2788 894//2788
f 788//2789 887//2789 894//2789
f 747//2790 887//2790 788//2790
f 695//2791 747//2791 788//2791
f 710//2792 695//2792 788//2792
f 663//2793 695//2793 710//2793
f 690//2794 663//2794 710//2794
f 621//2795 663//2795 690//2795
f 672//2796 621//2796 690//2796
f 555//2797 621//2797 672//2797
f 543//2798 555//2798 672//2798
f 658//2799 543//2799 672//2799
f 527//2800 543//2800 658//2800
f 648//2801 527//2801 658//2801
f 523//2802 527//2802 648//2802
f 634//2803 523//2803 648//2803
f 517//2804 523//2804 634//2804
f 513//2805 517//2805 634//2805
f 630//2806 513//2806 634//2806
f 515//2807 513//2807 630//2807
f 638//2808 515//2808 630//2808
f 519//2809 515//2809 638//2809
f 525//2810 519//2810 638//2810
f 652//2811 525//2811 638//2811
f 529//2812 525//2812 652//2812
f 662//2813 529//2813 652//2813
f 545//2814 529//2814 662//2814
f 676//2815 545//2815 662//2815
f 557//2816 545//2816 676//2816
f 623//2817 557//2817 676//2817
f 694//2818 623//2818 676//2818
f 665//2819 623//2819 694//2819
f 714//2820 665//2820 694//2820
f 697//2821 665//2821 714//2821
f 792//2822 697//2822 714//2822
f 749//2823 697//2823 792//2823
f 889//2824 749//2824 792//2824
f 898//2825 889//2825 792//2825
f 973//2826 889//2826 898//2826
f 964//2827 973//2827 898//2827
f 1021//2828 973//2828 964//2828
f 1006//2829 1021//2829 964//2829
f 1081//2830 1021//2830 1006//2830
f 1127//2831 1081//2831 1006//2831
f 1030//2832 1127//2832 1006//2832
f 1155//2833 1127//2833 1030//2833
f 1066//2834 1155//2834 1030//2834
f 1173//2835 1155//2835 1066//2835
f 1187//2836 1173//2836 1066//2836
f 1094//2837 1187//2837 1066//2837
f 1209//2838 1187//2838 1094//2838
f 1114//2839 1209//2839 1094//2839
f 1219//2840 1209//2840 1114//2840
f 1118//2841 1219//2841 1114//2841
f 1224//2842 1638//2842 1650//2842
f 1639//2843 1224//2843 1650//2843
f 1220//2844 1224//2844 1639//2844
f 1625//2845 1220//2845 1639//2845
f 1210//2846 1220//2846 1625//2846
f 1595//2847 1210//2847 1625//2847
f 1570//2848 1210//2848 1595//2848
f 1188//2849 1210//2849 1570//2849
f 1534//2850 1188//2850 1570//2850
f 1496//2851 1188//2851 1534//2851
f 1174//2852 1188//2852 1496//2852
f 1456//2853 1174//2853 1496//2853
f 1156//2854 1174//2854 1456//2854
f 1420//2855 1156//2855 1456//2855
f 1386//2856 1156//2856 1420//2856
f 1128//2857 1156//2857 1386//2857
f 1348//2858 1128//2858 1386//2858
f 1082//2859 1128//2859 1348//2859
f 1278//2860 1082//2860 1348//2860
f 1234//2861 1082//2861 1278//2861
f 1022//2862 1082//2862 1234//2862
f 1180//2863 1022//2863 1234//2863
f 1136//2864 1022//2864 1180//2864
f 974//2865 1022//2865 1136//2865
f 1032//2866 974//2866 1136//2866
f 890//2867 974//2867 1032//2867
f 938//2868 890//2868 1032//2868
f 734//2869 890//2869 938//2869
f 750//2870 890//2870 734//2870
f 668//2871 750//2871 734//2871
f 560//2872 750//2872 668//2872
f 698//2873 750//2873 560//2873
f 532//2874 698//2874 560//2874
f 666//2875 698//2875 532//2875
f 496//2876 666//2876 532//2876
f 480//2877 666//2877 496//2877
f 624//2878 666//2878 480//2878
f 460//2879 624//2879 480//2879
f 558//2880 624//2880 460//2880
f 386//2881 558//2881 460//2881
f 372//2882 558//2882 386//2882
f 546//2883 558//2883 372//2883
f 354//2884 546//2884 372//2884
f 336//2885 546//2885 354//2885
f 530//2886 546//2886 336//2886
f 308//2887 530//2887 336//2887
f 526//2888 530//2888 308//2888
f 292//2889 526//2889 308//2889
f 282//2890 526//2890 292//2890
f 520//2891 526//2891 282//2891
f 212//2892 520//2892 282//2892
f 516//2893 520//2893 212//2893
f 204//2894 516//2894 212//2894
f 202//2895 516//2895 204//2895
f 514//2896 516//2896 202//2896
f 203//2897 514//2897 202//2897
f 211//2898 514//2898 203//2898
f 518//2899 514//2899 211//2899
f 281//2900 518//2900 211//2900
f 524//2901 518//2901 281//2901
f 291//2902 524//2902 281//2902
f 307//2903 524//2903 291//2903
f 528//2904 524//2904 307//2904
f 335//2905 528//2905 307//2905
f 544//2906 528//2906 335//2906
f 353//2907 544//2907 335//2907
f 371//2908 544//2908 353//2908
f 556//2909 544//2909 371//2909
f 385//2910 556//2910 371//2910
f 459//2911 556//2911 385//2911
f 622//2912 556//2912 459//2912
f 479//2913 622//2913 459//2913
f 664//2914 622//2914 479//2914
f 495//2915 664//2915 479//2915
f 531//2916 664//2916 495//2916
f 696//2917 664//2917 531//2917
f 559//2918 696//2918 531//2918
f 748//2919 696//2919 559//2919
f 667//2920 748//2920 559//2920
f 733//2921 748//2921 667//2921
f 888//2922 748//2922 733//2922
f 937//2923 888//2923 733//2923
f 1031//2924 888//2924 937//2924
f 972//2925 888//2925 1031//2925
f 1135//2926 972//2926 1031//2926
f 1020//2927 972//2927 1135//2927
f 1179//2928 1020//2928 1135//2928
f 1233//2929 1020//2929 1179//2929
f 1080//2930 1020//2930 1233//2930
f 1277//2931 1080//2931 1233//2931
f 1347//2932 1080//2932 1277//2932
f 1126//2933 1080//2933 1347//2933
f 1385//2934 1126//2934 1347//2934
f 1154//2935 1126//2935 1385//2935
f 1419//2936 1154//2936 1385//2936
f 1455//2937 1154//2937 1419//2937
f 1172//2938 1154//2938 1455//2938
f 1495//2939 1172//2939 1455//2939
f 1186//2940 1172//2940 1495//2940
f 1533//2941 1186//2941 1495//2941
f 1569//2942 1186//2942 1533//2942
f 1208//2943 1186//2943 1569//2943
f 1594//2944 1208//2944 1569//2944
f 1624//2945 1208//2945 1594//2945
f 1218//2946 1208//2946 1624//2946
f 1638//2947 1218//2947 1624//2947
f 1224//2948 1218//2948 1638//2948
f 1777//2949 1774//2949 1772//2949
f 1771//2950 1777//2950 1772//2950
f 1773//2951 1777//2951 1771//2951
f 1763//2952 1773//2952 1771//2952
f 1755//2953 1773//2953 1763//2953
f 1733//2954 1755//2954 1763//2954
f 1721//2955 1755//2955 1733//2955
f 1699//2956 1721//2956 1733//2956
f 1681//2957 1721//2957 1699//2957
f 1659//2958 1681//2958 1699//2958
f 1634//2959 1681//2959 1659//2959
f 1602//2960 1634//2960 1659//2960
f 1583//2961 1634//2961 1602//2961
f 1551//2962 1583//2962 1602//2962
f 1531//2963 1583//2963 1551//2963
f 1505//2964 1531//2964 1551//2964
f 1485//2965 1531//2965 1505//2965
f 1453//2966 1485//2966 1505//2966
f 1439//2967 1485//2967 1453//2967
f 1413//2968 1439//2968 1453//2968
f 1393//2969 1439//2969 1413//2969
f 1369//2970 1393//2970 1413//2970
f 1351//2971 1393//2971 1369//2971
f 1327//2972 1351//2972 1369//2972
f 1281//2973 1351//2973 1327//2973
f 1257//2974 1281//2974 1327//2974
f 1235//2975 1281//2975 1257//2975
f 1213//2976 1235//2976 1257//2976
f 1175//2977 1235//2977 1213//2977
f 1149//2978 1175//2978 1213//2978
f 1123//2979 1175//2979 1149//2979
f 1073//2980 1123//2980 1149//2980
f 1017//2981 1123//2981 1073//2981
f 977//2982 1017//2982 1073//2982
f 899//2983 1017//2983 977//2983
f 775//2984 899//2984 977//2984
f 705//2985 899//2985 775//2985
f 677//2986 705//2986 775//2986
f 653//2987 705//2987 677//2987
f 589//2988 653//2988 677//2988
f 553//2989 653//2989 589//2989
f 533//2990 553//2990 589//2990
f 521//2991 553//2991 533//2991
f 497//2992 521//2992 533//2992
f 493//2993 521//2993 497//2993
f 475//2994 493//2994 497//2994
f 473//2995 493//2995 475//2995
f 399//2996 473//2996 475//2996
f 395//2997 473//2997 399//2997
f 379//2998 395//2998 399//2998
f 375//2999 395//2999 379//2999
f 359//3000 375//3000 379//3000
f 351//3001 375//3001 359//3001
f 339//3002 351//3002 359//3002
f 331//3003 351//3003 339//3003
f 309//3004 331//3004 339//3004
f 303//3005 331//3005 309//3005
f 287//3006 303//3006 309//3006
f 273//3007 303//3007 287//3007
f 207//3008 273//3008 287//3008
f 192//3009 273//3009 207//3009
f 181//3010 192//3010 207//3010
f 169//3011 192//3011 181//3011
f 160//3012 169//3012 181//3012
f 145//3013 169//3013 160//3013
f 139//3014 145//3014 160//3014
f 134//3015 145//3015 139//3015
f 130//3016 134//3016 139//3016
f 127//3017 134//3017 130//3017
f 129//3018 127//3018 130//3018
f 128//3019 127//3019 129//3019
f 131//3020 128//3020 129//3020
f 135//3021 128//3021 131//3021
f 140//3022 135//3022 131//3022
f 146//3023 135//3023 140//3023
f 161//3024 146//3024 140//3024
f 170//3025 146//3025 161//3025
f 182//3026 170//3026 161//3026
f 193//3027 170//3027 182//3027
f 208//3028 193//3028 182//3028
f 274//3029 193//3029 208//3029
f 288//3030 274//3030 208//3030
f 304//3031 274//3031 288//3031
f 310//3032 304//3032 288//3032
f 332//3033 304//3033 310//3033
f 340//3034 332//3034 310//3034
f 352//3035 332//3035 340//3035
f 360//3036 352//3036 340//3036
f 376//3037 352//3037 360//3037
f 380//3038 376//3038 360//3038
f 396//3039 376//3039 380//3039
f 400//3040 396//3040 380//3040
f 474//3041 396//3041 400//3041
f 476//3042 474//3042 400//3042
f 494//3043 474//3043 476//3043
f 498//3044 494//3044 476//3044
f 522//3045 494//3045 498//3045
f 534//3046 522//3046 498//3046
f 554//3047 522//3047 534//3047
f 590//3048 554//3048 534//3048
f 654//3049 554//3049 590//3049
f 678//3050 654//3050 590//3050
f 706//3051 654//3051 678//3051
f 776//3052 706//3052 678//3052
f 900//3053 706//3053 776//3053
f 978//3054 900//3054 776//3054
f 1018//3055 900//3055 978//3055
f 1074//3056 1018//3056 978//3056
f 1124//3057 1018//3057 1074//3057
f 1150//3058 1124//3058 1074//3058
f 1176//3059 1124//3059 1150//3059
f 1214//3060 1176//3060 1150//3060
f 1236//3061 1176//3061 1214//3061
f 1258//3062 1236//3062 1214//3062
f 1282//3063 1236//3063 1258//3063
f 1328//3064 1282//3064 1258//3064
f 1352//3065 1282//3065 1328//3065
f 1370//3066 1352//3066 1328//3066
f 1394//3067 1352//3067 1370//3067
f 1414//3068 1394//3068 1370//3068
f 1440//3069 1394//3069 1414//3069
f 1454//3070 1440//3070 1414//3070
f 1486//3071 1440//3071 1454//3071
f 1506//3072 1486//3072 1454//3072
f 1532//3073 1486//3073 1506//3073
f 1552//3074 1532//3074 1506//3074
f 1584//3075 1532//3075 1552//3075
f 1603//3076 1584//3076 1552//3076
f 1635//3077 1584//3077 1603//3077
f 1660//3078 1635//3078 1603//3078
f 1682//3079 1635//3079 1660//3079
f 1700//3080 1682//3080 1660//3080
f 1722//3081 1682//3081 1700//3081
f 1734//3082 1722//3082 1700//3082
f 1756//3083 1722//3083 1734//3083
f 1764//3084 1756//3084 1734//3084
f 1774//3085 1756//3085 1764//3085
f 1772//3086 1774//3086 1764//3086
f 1650//3087 1638//3087 1679//3087
f 1680//3088 1650//3088 1679//3088
f 1639//3089 1650//3089 1680//3089
f 1670//3090 1639//3090 1680//3090
f 1625//3091 1639//3091 1670//3091
f 1652//3092 1625//3092 1670//3092
f 1595//3093 1625//3093 1652//3093
f 1617//3094 1595//3094 1652//3094
f 1570//3095 1595//3095 1617//3095
f 1582//3096 1570//3096 1617//3096
f 1534//3097 1570//3097 1582//3097
f 1542//3098 1534//3098 1582//3098
f 1496//3099 1534//3099 1542//3099
f 1504//3100 1496//3100 1542//3100
f 1456//3101 1496//3101 1504//3101
f 1476//3102 1456//3102 1504//3102
f 1420//3103 1456//3103 1476//3103
f 1434//3104 1420//3104 1476//3104
f 1386//3105 1420//3105 1434//3105
f 1388//3106 1386//3106 1434//3106
f 1348//3107 1386//3107 1388//3107
f 1350//3108 1348//3108 1388//3108
f 1278//3109 1348//3109 1350//3109
f 1308//3110 1278//3110 1350//3110
f 1242//3111 1278//3111 1308//3111
f 1312//3112 1242//3112 1308//3112
f 1248//3113 1242//3113 1312//3113
f 1320//3114 1248//3114 1312//3114
f 1252//3115 1248//3115 1320//3115
f 1324//3116 1252//3116 1320//3116
f 1256//3117 1252//3117 1324//3117
f 1328//3118 1256//3118 1324//3118
f 1258//3119 1256//3119 1328//3119
f 1669//3120 1679//3120 1638//3120
f 1624//3121 1669//3121 1638//3121
f 1651//3122 1669//3122 1624//3122
f 1594//3123 1651//3123 1624//3123
f 1616//3124 1651//3124 1594//3124
f 1569//3125 1616//3125 1594//3125
f 1581//3126 1616//3126 1569//3126
f 1533//3127 1581//3127 1569//3127
f 1541//3128 1581//3128 1533//3128
f 1495//3129 1541//3129 1533//3129
f 1503//3130 1541//3130 1495//3130
f 1455//3131 1503//3131 1495//3131
f 1475//3132 1503//3132 1455//3132
f 1419//3133 1475//3133 1455//3133
f 1433//3134 1475//3134 1419//3134
f 1385//3135 1433//3135 1419//3135
f 1387//3136 1433//3136 1385//3136
f 1347//3137 1387//3137 1385//3137
f 1349//3138 1387//3138 1347//3138
f 1277//3139 1349//3139 1347//3139
f 1307//3140 1349//3140 1277//3140
f 1241//3141 1307//3141 1277//3141
f 1247//3142 1307//3142 1241//3142
f 1197//3143 1247//3143 1241//3143
f 1201//3144 1247//3144 1197//3144
f 1143//3145 1201//3145 1197//3145
f 1145//3146 1201//3146 1143//3146
f 1071//3147 1145//3147 1143//3147
f 1073//3148 1145//3148 1071//3148
f 977//3149 1073//3149 1071//3149
f 1241//3150 1277//3150 1233//3150
f 1183//3151 1241//3151 1233//3151
f 1197//3152 1241//3152 1183//3152
f 1139//3153 1197//3153 1183//3153
f 1143//3154 1197//3154 1139//3154
f 1069//3155 1143//3155 1139//3155
f 1071//3156 1143//3156 1069//3156
f 975//3157 1071//3157 1069//3157
f 977//3158 1071//3158 975//3158
f 775//3159 977//3159 975//3159
f 1183//3160 1233//3160 1179//3160
f 1137//3161 1183//3161 1179//3161
f 1139//3162 1183//3162 1137//3162
f 1067//3163 1139//3163 1137//3163
f 1069//3164 1139//3164 1067//3164
f 969//3165 1069//3165 1067//3165
f 975//3166 1069//3166 969//3166
f 777//3167 975//3167 969//3167
f 775//3168 975//3168 777//3168
f 677//3169 775//3169 777//3169
f 1137//3170 1179//3170 1135//3170
f 1057//3171 1137//3171 1135//3171
f 1067//3172 1137//3172 1057//3172
f 967//3173 1067//3173 1057//3173
f 969//3174 1067//3174 967//3174
f 779//3175 969//3175 967//3175
f 777//3176 969//3176 779//3176
f 679//3177 777//3177 779//3177
f 677//3178 777//3178 679//3178
f 589//3179 677//3179 679//3179
f 1057//3180 1135//3180 1031//3180
f 965//3181 1057//3181 1031//3181
f 967//3182 1057//3182 965//3182
f 781//3183 967//3183 965//3183
f 779//3184 967//3184 781//3184
f 681//3185 779//3185 781//3185
f 679//3186 779//3186 681//3186
f 615//3187 679//3187 681//3187
f 589//3188 679//3188 615//3188
f 533//3189 589//3189 615//3189
f 965//3190 1031//3190 937//3190
f 783//3191 965//3191 937//3191
f 781//3192 965//3192 783//3192
f 683//3193 781//3193 783//3193
f 681//3194 781//3194 683//3194
f 617//3195 681//3195 683//3195
f 615//3196 681//3196 617//3196
f 535//3197 615//3197 617//3197
f 533//3198 615//3198 535//3198
f 497//3199 533//3199 535//3199
f 783//3200 937//3200 733//3200
f 685//3201 783//3201 733//3201
f 683//3202 783//3202 685//3202
f 619//3203 683//3203 685//3203
f 617//3204 683//3204 619//3204
f 537//3205 617//3205 619//3205
f 535//3206 617//3206 537//3206
f 499//3207 535//3207 537//3207
f 497//3208 535//3208 499//3208
f 475//3209 497//3209 499//3209
f 685//3210 733//3210 667//3210
f 625//3211 685//3211 667//3211
f 619//3212 685//3212 625//3212
f 539//3213 619//3213 625//3213
f 537//3214 619//3214 539//3214
f 501//3215 537//3215 539//3215
f 499//3216 537//3216 501//3216
f 477//3217 499//3217 501//3217
f 475//3218 499//3218 477//3218
f 399//3219 475//3219 477//3219
f 625//3220 667//3220 559//3220
f 541//3221 625//3221 559//3221
f 539//3222 625//3222 541//3222
f 503//3223 539//3223 541//3223
f 501//3224 539//3224 503//3224
f 481//3225 501//3225 503//3225
f 477//3226 501//3226 481//3226
f 457//3227 477//3227 481//3227
f 399//3228 477//3228 457//3228
f 379//3229 399//3229 457//3229
f 541//3230 559//3230 531//3230
f 509//3231 541//3231 531//3231
f 503//3232 541//3232 509//3232
f 483//3233 503//3233 509//3233
f 481//3234 503//3234 483//3234
f 461//3235 481//3235 483//3235
f 457//3236 481//3236 461//3236
f 381//3237 457//3237 461//3237
f 379//3238 457//3238 381//3238
f 359//3239 379//3239 381//3239
f 509//3240 531//3240 495//3240
f 491//3241 509//3241 495//3241
f 483//3242 509//3242 491//3242
f 467//3243 483//3243 491//3243
f 461//3244 483//3244 467//3244
f 383//3245 461//3245 467//3245
f 381//3246 461//3246 383//3246
f 361//3247 381//3247 383//3247
f 359//3248 381//3248 361//3248
f 339//3249 359//3249 361//3249
f 491//3250 495//3250 479//3250
f 471//3251 491//3251 479//3251
f 467//3252 491//3252 471//3252
f 393//3253 467//3253 471//3253
f 383//3254 467//3254 393//3254
f 363//3255 383//3255 393//3255
f 361//3256 383//3256 363//3256
f 341//3257 361//3257 363//3257
f 339//3258 361//3258 341//3258
f 309//3259 339//3259 341//3259
f 471//3260 479//3260 459//3260
f 397//3261 471//3261 459//3261
f 393//3262 471//3262 397//3262
f 373//3263 393//3263 397//3263
f 363//3264 393//3264 373//3264
f 343//3265 363//3265 373//3265
f 341//3266 363//3266 343//3266
f 313//3267 341//3267 343//3267
f 309//3268 341//3268 313//3268
f 287//3269 309//3269 313//3269
f 397//3270 459//3270 385//3270
f 377//3271 397//3271 385//3271
f 373//3272 397//3272 377//3272
f 355//3273 373//3273 377//3273
f 343//3274 373//3274 355//3274
f 325//3275 343//3275 355//3275
f 313//3276 343//3276 325//3276
f 289//3277 313//3277 325//3277
f 287//3278 313//3278 289//3278
f 207//3279 287//3279 289//3279
f 377//3280 385//3280 371//3280
f 357//3281 377//3281 371//3281
f 355//3282 377//3282 357//3282
f 333//3283 355//3283 357//3283
f 325//3284 355//3284 333//3284
f 297//3285 325//3285 333//3285
f 289//3286 325//3286 297//3286
f 213//3287 289//3287 297//3287
f 207//3288 289//3288 213//3288
f 181//3289 207//3289 213//3289
f 357//3290 371//3290 353//3290
f 337//3291 357//3291 353//3291
f 333//3292 357//3292 337//3292
f 305//3293 333//3293 337//3293
f 297//3294 333//3294 305//3294
f 279//3295 297//3295 305//3295
f 213//3296 297//3296 279//3296
f 186//3297 213//3297 279//3297
f 181//3298 213//3298 186//3298
f 160//3299 181//3299 186//3299
f 337//3300 353//3300 335//3300
f 311//3301 337//3301 335//3301
f 305//3302 337//3302 311//3302
f 285//3303 305//3303 311//3303
f 279//3304 305//3304 285//3304
f 200//3305 279//3305 285//3305
f 186//3306 279//3306 200//3306
f 167//3307 186//3307 200//3307
f 160//3308 186//3308 167//3308
f 139//3309 160//3309 167//3309
f 311//3310 335//3310 307//3310
f 293//3311 311//3311 307//3311
f 285//3312 311//3312 293//3312
f 209//3313 285//3313 293//3313
f 200//3314 285//3314 209//3314
f 179//3315 200//3315 209//3315
f 167//3316 200//3316 179//3316
f 152//3317 167//3317 179//3317
f 139//3318 167//3318 152//3318
f 130//3319 139//3319 152//3319
f 293//3320 307//3320 291//3320
f 283//3321 293//3321 291//3321
f 209//3322 293//3322 283//3322
f 190//3323 209//3323 283//3323
f 179//3324 209//3324 190//3324
f 162//3325 179//3325 190//3325
f 152//3326 179//3326 162//3326
f 137//3327 152//3327 162//3327
f 130//3328 152//3328 137//3328
f 129//3329 130//3329 137//3329
f 283//3330 291//3330 281//3330
f 205//3331 283//3331 281//3331
f 190//3332 283//3332 205//3332
f 177//3333 190//3333 205//3333
f 162//3334 190//3334 177//3334
f 154//3335 162//3335 177//3335
f 137//3336 162//3336 154//3336
f 136//3337 137//3337 154//3337
f 129//3338 137//3338 136//3338
f 131//3339 129//3339 136//3339
f 205//3340 281//3340 211//3340
f 194//3341 205//3341 211//3341
f 177//3342 205//3342 194//3342
f 171//3343 177//3343 194//3343
f 154//3344 177//3344 171//3344
f 147//3345 154//3345 171//3345
f 136//3346 154//3346 147//3346
f 138//3347 136//3347 147//3347
f 131//3348 136//3348 138//3348
f 140//3349 131//3349 138//3349
f 194//3350 211//3350 203//3350
f 184//3351 194//3351 203//3351
f 171//3352 194//3352 184//3352
f 164//3353 171//3353 184//3353
f 147//3354 171//3354 164//3354
f 155//3355 147//3355 164//3355
f 138//3356 147//3356 155//3356
f 153//3357 138//3357 155//3357
f 140//3358 138//3358 153//3358
f 161//3359 140//3359 153//3359
f 184//3360 203//3360 202//3360
f 183//3361 184//3361 202//3361
f 164//3362 184//3362 183//3362
f 172//3363 164//3363 183//3363
f 155//3364 164//3364 172//3364
f 163//3365 155//3365 172//3365
f 153//3366 155//3366 163//3366
f 168//3367 153//3367 163//3367
f 161//3368 153//3368 168//3368
f 182//3369 161//3369 168//3369
f 185//3370 183//3370 202//3370
f 204//3371 185//3371 202//3371
f 195//3372 185//3372 204//3372
f 212//3373 195//3373 204//3373
f 206//3374 195//3374 212//3374
f 282//3375 206//3375 212//3375
f 284//3376 206//3376 282//3376
f 292//3377 284//3377 282//3377
f 294//3378 284//3378 292//3378
f 308//3379 294//3379 292//3379
f 312//3380 294//3380 308//3380
f 336//3381 312//3381 308//3381
f 338//3382 312//3382 336//3382
f 354//3383 338//3383 336//3383
f 358//3384 338//3384 354//3384
f 372//3385 358//3385 354//3385
f 378//3386 358//3386 372//3386
f 386//3387 378//3387 372//3387
f 398//3388 378//3388 386//3388
f 460//3389 398//3389 386//3389
f 472//3390 398//3390 460//3390
f 480//3391 472//3391 460//3391
f 492//3392 472//3392 480//3392
f 496//3393 492//3393 480//3393
f 510//3394 492//3394 496//3394
f 532//3395 510//3395 496//3395
f 542//3396 510//3396 532//3396
f 560//3397 542//3397 532//3397
f 626//3398 542//3398 560//3398
f 668//3399 626//3399 560//3399
f 686//3400 626//3400 668//3400
f 734//3401 686//3401 668//3401
f 784//3402 686//3402 734//3402
f 938//3403 784//3403 734//3403
f 966//3404 784//3404 938//3404
f 1032//3405 966//3405 938//3405
f 1058//3406 966//3406 1032//3406
f 1136//3407 1058//3407 1032//3407
f 1138//3408 1058//3408 1136//3408
f 1180//3409 1138//3409 1136//3409
f 1184//3410 1138//3410 1180//3410
f 1234//3411 1184//3411 1180//3411
f 1242//3412 1184//3412 1234//3412
f 1278//3413 1242//3413 1234//3413
f 185//3414 172//3414 183//3414
f 1771//3415 1772//3415 1760//3415
f 1759//3416 1771//3416 1760//3416
f 1763//3417 1771//3417 1759//3417
f 1753//3418 1763//3418 1759//3418
f 1733//3419 1763//3419 1753//3419
f 1719//3420 1733//3420 1753//3420
f 1699//3421 1733//3421 1719//3421
f 1683//3422 1699//3422 1719//3422
f 1659//3423 1699//3423 1683//3423
f 1644//3424 1659//3424 1683//3424
f 1602//3425 1659//3425 1644//3425
f 1588//3426 1602//3426 1644//3426
f 1551//3427 1602//3427 1588//3427
f 1543//3428 1551//3428 1588//3428
f 1505//3429 1551//3429 1543//3429
f 1497//3430 1505//3430 1543//3430
f 1453//3431 1505//3431 1497//3431
f 1449//3432 1453//3432 1497//3432
f 1413//3433 1453//3433 1449//3433
f 1409//3434 1413//3434 1449//3434
f 1369//3435 1413//3435 1409//3435
f 1363//3436 1369//3436 1409//3436
f 1327//3437 1369//3437 1363//3437
f 1323//3438 1327//3438 1363//3438
f 1257//3439 1327//3439 1323//3439
f 1255//3440 1257//3440 1323//3440
f 1213//3441 1257//3441 1255//3441
f 1205//3442 1213//3442 1255//3442
f 1149//3443 1213//3443 1205//3443
f 1145//3444 1149//3444 1205//3444
f 1073//3445 1149//3445 1145//3445
f 1759//3446 1760//3446 1738//3446
f 1737//3447 1759//3447 1738//3447
f 1753//3448 1759//3448 1737//3448
f 1723//3449 1753//3449 1737//3449
f 1719//3450 1753//3450 1723//3450
f 1701//3451 1719//3451 1723//3451
f 1683//3452 1719//3452 1701//3452
f 1673//3453 1683//3453 1701//3453
f 1644//3454 1683//3454 1673//3454
f 1630//3455 1644//3455 1673//3455
f 1588//3456 1644//3456 1630//3456
f 1577//3457 1588//3457 1630//3457
f 1543//3458 1588//3458 1577//3458
f 1535//3459 1543//3459 1577//3459
f 1497//3460 1543//3460 1535//3460
f 1489//3461 1497//3461 1535//3461
f 1449//3462 1497//3462 1489//3462
f 1443//3463 1449//3463 1489//3463
f 1409//3464 1449//3464 1443//3464
f 1405//3465 1409//3465 1443//3465
f 1363//3466 1409//3466 1405//3466
f 1361//3467 1363//3467 1405//3467
f 1323//3468 1363//3468 1361//3468
f 1319//3469 1323//3469 1361//3469
f 1255//3470 1323//3470 1319//3470
f 1251//3471 1255//3471 1319//3471
f 1205//3472 1255//3472 1251//3472
f 1201//3473 1205//3473 1251//3473
f 1145//3474 1205//3474 1201//3474
f 1754//3475 1760//3475 1772//3475
f 1764//3476 1754//3476 1772//3476
f 1720//3477 1754//3477 1764//3477
f 1734//3478 1720//3478 1764//3478
f 1684//3479 1720//3479 1734//3479
f 1700//3480 1684//3480 1734//3480
f 1645//3481 1684//3481 1700//3481
f 1660//3482 1645//3482 1700//3482
f 1589//3483 1645//3483 1660//3483
f 1603//3484 1589//3484 1660//3484
f 1544//3485 1589//3485 1603//3485
f 1552//3486 1544//3486 1603//3486
f 1498//3487 1544//3487 1552//3487
f 1506//3488 1498//3488 1552//3488
f 1450//3489 1498//3489 1506//3489
f 1454//3490 1450//3490 1506//3490
f 1410//3491 1450//3491 1454//3491
f 1414//3492 1410//3492 1454//3492
f 1364//3493 1410//3493 1414//3493
f 1370//3494 1364//3494 1414//3494
f 1324//3495 1364//3495 1370//3495
f 1328//3496 1324//3496 1370//3496
f 1737//3497 1738//3497 1710//3497
f 1709//3498 1737//3498 1710//3498
f 1723//3499 1737//3499 1709//3499
f 1693//3500 1723//3500 1709//3500
f 1701//3501 1723//3501 1693//3501
f 1675//3502 1701//3502 1693//3502
f 1673//3503 1701//3503 1675//3503
f 1640//3504 1673//3504 1675//3504
f 1630//3505 1673//3505 1640//3505
f 1604//3506 1630//3506 1640//3506
f 1577//3507 1630//3507 1604//3507
f 1567//3508 1577//3508 1604//3508
f 1535//3509 1577//3509 1567//3509
f 1521//3510 1535//3510 1567//3510
f 1489//3511 1535//3511 1521//3511
f 1479//3512 1489//3512 1521//3512
f 1443//3513 1489//3513 1479//3513
f 1437//3514 1443//3514 1479//3514
f 1405//3515 1443//3515 1437//3515
f 1395//3516 1405//3516 1437//3516
f 1361//3517 1405//3517 1395//3517
f 1357//3518 1361//3518 1395//3518
f 1319//3519 1361//3519 1357//3519
f 1311//3520 1319//3520 1357//3520
f 1251//3521 1319//3521 1311//3521
f 1247//3522 1251//3522 1311//3522
f 1201//3523 1251//3523 1247//3523
f 1724//3524 1738//3524 1760//3524
f 1754//3525 1724//3525 1760//3525
f 1702//3526 1724//3526 1754//3526
f 1720//3527 1702//3527 1754//3527
f 1674//3528 1702//3528 1720//3528
f 1684//3529 1674//3529 1720//3529
f 1631//3530 1674//3530 1684//3530
f 1645//3531 1631//3531 1684//3531
f 1578//3532 1631//3532 1645//3532
f 1589//3533 1578//3533 1645//3533
f 1536//3534 1578//3534 1589//3534
f 1544//3535 1536//3535 1589//3535
f 1490//3536 1536//3536 1544//3536
f 1498//3537 1490//3537 1544//3537
f 1444//3538 1490//3538 1498//3538
f 1450//3539 1444//3539 1498//3539
f 1406//3540 1444//3540 1450//3540
f 1410//3541 1406//3541 1450//3541
f 1362//3542 1406//3542 1410//3542
f 1364//3543 1362//3543 1410//3543
f 1320//3544 1362//3544 1364//3544
f 1324//3545 1320//3545 1364//3545
f 1709//3546 1710//3546 1680//3546
f 1679//3547 1709//3547 1680//3547
f 1693//3548 1709//3548 1679//3548
f 1669//3549 1693//3549 1679//3549
f 1675//3550 1693//3550 1669//3550
f 1651//3551 1675//3551 1669//3551
f 1640//3552 1675//3552 1651//3552
f 1616//3553 1640//3553 1651//3553
f 1604//3554 1640//3554 1616//3554
f 1581//3555 1604//3555 1616//3555
f 1567//3556 1604//3556 1581//3556
f 1541//3557 1567//3557 1581//3557
f 1521//3558 1567//3558 1541//3558
f 1503//3559 1521//3559 1541//3559
f 1479//3560 1521//3560 1503//3560
f 1475//3561 1479//3561 1503//3561
f 1437//3562 1479//3562 1475//3562
f 1433//3563 1437//3563 1475//3563
f 1395//3564 1437//3564 1433//3564
f 1387//3565 1395//3565 1433//3565
f 1357//3566 1395//3566 1387//3566
f 1349//3567 1357//3567 1387//3567
f 1311//3568 1357//3568 1349//3568
f 1307//3569 1311//3569 1349//3569
f 1247//3570 1311//3570 1307//3570
f 1694//3571 1710//3571 1738//3571
f 1724//3572 1694//3572 1738//3572
f 1676//3573 1694//3573 1724//3573
f 1702//3574 1676//3574 1724//3574
f 1641//3575 1676//3575 1702//3575
f 1674//3576 1641//3576 1702//3576
f 1605//3577 1641//3577 1674//3577
f 1631//3578 1605//3578 1674//3578
f 1568//3579 1605//3579 1631//3579
f 1578//3580 1568//3580 1631//3580
f 1522//3581 1568//3581 1578//3581
f 1536//3582 1522//3582 1578//3582
f 1480//3583 1522//3583 1536//3583
f 1490//3584 1480//3584 1536//3584
f 1438//3585 1480//3585 1490//3585
f 1444//3586 1438//3586 1490//3586
f 1396//3587 1438//3587 1444//3587
f 1406//3588 1396//3588 1444//3588
f 1358//3589 1396//3589 1406//3589
f 1362//3590 1358//3590 1406//3590
f 1312//3591 1358//3591 1362//3591
f 1320//3592 1312//3592 1362//3592
f 1670//3593 1680//3593 1710//3593
f 1694//3594 1670//3594 1710//3594
f 1652//3595 1670//3595 1694//3595
f 1676//3596 1652//3596 1694//3596
f 1617//3597 1652//3597 1676//3597
f 1641//3598 1617//3598 1676//3598
f 1582//3599 1617//3599 1641//3599
f 1605//3600 1582//3600 1641//3600
f 1542//3601 1582//3601 1605//3601
f 1568//3602 1542//3602 1605//3602
f 1504//3603 1542//3603 1568//3603
f 1522//3604 1504//3604 1568//3604
f 1476//3605 1504//3605 1522//3605
f 1480//3606 1476//3606 1522//3606
f 1434//3607 1476//3607 1480//3607
f 1438//3608 1434//3608 1480//3608
f 1388//3609 1434//3609 1438//3609
f 1396//3610 1388//3610 1438//3610
f 1350//3611 1388//3611 1396//3611
f 1358//3612 1350//3612 1396//3612
f 1308//3613 1350//3613 1358//3613
f 1312//3614 1308//3614 1358//3614
f 1206//3615 1256//3615 1258//3615
f 1214//3616 1206//3616 1258//3616
f 1146//3617 1206//3617 1214//3617
f 1150//3618 1146//3618 1214//3618
f 1072//3619 1146//3619 1150//3619
f 1074//3620 1072//3620 1150//3620
f 976//3621 1072//3621 1074//3621
f 978//3622 976//3622 1074//3622
f 778//3623 976//3623 978//3623
f 776//3624 778//3624 978//3624
f 680//3625 778//3625 776//3625
f 678//3626 680//3626 776//3626
f 616//3627 680//3627 678//3627
f 590//3628 616//3628 678//3628
f 536//3629 616//3629 590//3629
f 534//3630 536//3630 590//3630
f 500//3631 536//3631 534//3631
f 498//3632 500//3632 534//3632
f 478//3633 500//3633 498//3633
f 476//3634 478//3634 498//3634
f 458//3635 478//3635 476//3635
f 400//3636 458//3636 476//3636
f 382//3637 458//3637 400//3637
f 380//3638 382//3638 400//3638
f 362//3639 382//3639 380//3639
f 360//3640 362//3640 380//3640
f 342//3641 362//3641 360//3641
f 340//3642 342//3642 360//3642
f 314//3643 342//3643 340//3643
f 310//3644 314//3644 340//3644
f 290//3645 314//3645 310//3645
f 288//3646 290//3646 310//3646
f 214//3647 290//3647 288//3647
f 208//3648 214//3648 288//3648
f 187//3649 214//3649 208//3649
f 182//3650 187//3650 208//3650
f 168//3651 187//3651 182//3651
f 1202//3652 1252//3652 1256//3652
f 1206//3653 1202//3653 1256//3653
f 1144//3654 1202//3654 1206//3654
f 1146//3655 1144//3655 1206//3655
f 1070//3656 1144//3656 1146//3656
f 1072//3657 1070//3657 1146//3657
f 970//3658 1070//3658 1072//3658
f 976//3659 970//3659 1072//3659
f 780//3660 970//3660 976//3660
f 778//3661 780//3661 976//3661
f 682//3662 780//3662 778//3662
f 680//3663 682//3663 778//3663
f 618//3664 682//3664 680//3664
f 616//3665 618//3665 680//3665
f 538//3666 618//3666 616//3666
f 536//3667 538//3667 616//3667
f 502//3668 538//3668 536//3668
f 500//3669 502//3669 536//3669
f 482//3670 502//3670 500//3670
f 478//3671 482//3671 500//3671
f 462//3672 482//3672 478//3672
f 458//3673 462//3673 478//3673
f 384//3674 462//3674 458//3674
f 382//3675 384//3675 458//3675
f 364//3676 384//3676 382//3676
f 362//3677 364//3677 382//3677
f 344//3678 364//3678 362//3678
f 342//3679 344//3679 362//3679
f 326//3680 344//3680 342//3680
f 314//3681 326//3681 342//3681
f 298//3682 326//3682 314//3682
f 290//3683 298//3683 314//3683
f 280//3684 298//3684 290//3684
f 214//3685 280//3685 290//3685
f 201//3686 280//3686 214//3686
f 187//3687 201//3687 214//3687
f 180//3688 201//3688 187//3688
f 168//3689 180//3689 187//3689
f 163//3690 180//3690 168//3690
f 1248//3691 1184//3691 1242//3691
f 1198//3692 1248//3692 1252//3692
f 1202//3693 1198//3693 1252//3693
f 1140//3694 1198//3694 1202//3694
f 1144//3695 1140//3695 1202//3695
f 1068//3696 1140//3696 1144//3696
f 1070//3697 1068//3697 1144//3697
f 968//3698 1068//3698 1070//3698
f 970//3699 968//3699 1070//3699
f 782//3700 968//3700 970//3700
f 780//3701 782//3701 970//3701
f 684//3702 782//3702 780//3702
f 682//3703 684//3703 780//3703
f 620//3704 684//3704 682//3704
f 618//3705 620//3705 682//3705
f 540//3706 620//3706 618//3706
f 538//3707 540//3707 618//3707
f 504//3708 540//3708 538//3708
f 502//3709 504//3709 538//3709
f 484//3710 504//3710 502//3710
f 482//3711 484//3711 502//3711
f 468//3712 484//3712 482//3712
f 462//3713 468//3713 482//3713
f 394//3714 468//3714 462//3714
f 384//3715 394//3715 462//3715
f 374//3716 394//3716 384//3716
f 364//3717 374//3717 384//3717
f 356//3718 374//3718 364//3718
f 344//3719 356//3719 364//3719
f 334//3720 356//3720 344//3720
f 326//3721 334//3721 344//3721
f 306//3722 334//3722 326//3722
f 298//3723 306//3723 326//3723
f 286//3724 306//3724 298//3724
f 280//3725 286//3725 298//3725
f 210//3726 286//3726 280//3726
f 201//3727 210//3727 280//3727
f 191//3728 210//3728 201//3728
f 180//3729 191//3729 201//3729
f 178//3730 191//3730 180//3730
f 163//3731 178//3731 180//3731
f 172//3732 178//3732 163//3732
f 1198//3733 1138//3733 1184//3733
f 1248//3734 1198//3734 1184//3734
f 1140//3735 1138//3735 1198//3735
f 1140//3736 1058//3736 1138//3736
f 1068//3737 1058//3737 1140//3737
f 1068//3738 966//3738 1058//3738
f 968//3739 966//3739 1068//3739
f 968//3740 784//3740 966//3740
f 782//3741 784//3741 968//3741
f 782//3742 686//3742 784//3742
f 684//3743 686//3743 782//3743
f 684//3744 626//3744 686//3744
f 620//3745 626//3745 684//3745
f 620//3746 542//3746 626//3746
f 540//3747 542//3747 620//3747
f 540//3748 510//3748 542//3748
f 504//3749 510//3749 540//3749
f 504//3750 492//3750 510//3750
f 484//3751 492//3751 504//3751
f 484//3752 472//3752 492//3752
f 468//3753 472//3753 484//3753
f 468//3754 398//3754 472//3754
f 394//3755 398//3755 468//3755
f 394//3756 378//3756 398//3756
f 374//3757 378//3757 394//3757
f 374//3758 358//3758 378//3758
f 356//3759 358//3759 374//3759
f 356//3760 338//3760 358//3760
f 334//3761 338//3761 356//3761
f 334//3762 312//3762 338//3762
f 306//3763 312//3763 334//3763
f 306//3764 294//3764 312//3764
f 286//3765 294//3765 306//3765
f 286//3766 284//3766 294//3766
f 210//3767 284//3767 286//3767
f 210//3768 206//3768 284//3768
f 191//3769 206//3769 210//3769
f 191//3770 195//3770 206//3770
f 178//3771 195//3771 191//3771
f 178//3772 185//3772 195//3772
f 172//3773 185//3773 178//3773
f 218//3774 216//3774 316//3774
f 318//3775 218//3775 316//3775
f 218//3776 318//3776 120//3776
f 118//3777 218//3777 120//3777
f 118//3778 120//3778 62//3778
f 66//3779 118//3779 62//3779
f 62//3780 4//3780 2//3780
f 66//3781 62//3781 2//3781
f 216//3782 218//3782 217//3782
f 215//3783 216//3783 217//3783
f 218//3784 118//3784 117//3784
f 217//3785 218//3785 117//3785
f 118//3786 66//3786 65//3786
f 117//3787 118//3787 65//3787
f 66//3788 2//3788 1//3788
f 65//3789 66//3789 1//3789
f 2//3790 4//3790 30//3790
f 11//3791 2//3791 30//3791
f 9//3792 2//3792 11//3792
f 32//3793 30//3793 4//3793
f 58//3794 32//3794 4//3794
f 60//3795 32//3795 58//3795
f 60//3796 59//3796 56//3796
f 55//3797 60//3797 56//3797
f 53//3798 60//3798 55//3798
f 59//3799 57//3799 31//3799
f 46//3800 59//3800 31//3800
f 48//3801 59//3801 46//3801
f 31//3802 57//3802 3//3802
f 29//3803 31//3803 3//3803
f 1//3804 29//3804 3//3804
f 14//3805 29//3805 1//3805
f 12//3806 14//3806 1//3806
f 10//3807 12//3807 1//3807
f 8//3808 10//3808 1//3808
f 6//3809 8//3809 1//3809
f 5//3810 6//3810 1//3810
f 2//3811 5//3811 1//3811
f 7//3812 5//3812 2//3812
f 9//3813 7//3813 2//3813
f 60//3814 53//3814 51//3814
f 32//3815 60//3815 51//3815
f 32//3816 51//3816 49//3816
f 47//3817 32//3817 49//3817
f 45//3818 32//3818 47//3818
f 32//3819 45//3819 43//3819
f 41//3820 32//3820 43//3820
f 39//3821 32//3821 41//3821
f 32//3822 39//3822 37//3822
f 35//3823 32//3823 37//3823
f 33//3824 32//3824 35//3824
f 31//3825 32//3825 33//3825
f 34//3826 31//3826 33//3826
f 36//3827 31//3827 34//3827
f 31//3828 36//3828 38//3828
f 40//3829 31//3829 38//3829
f 42//3830 31//3830 40//3830
f 31//3831 42//3831 44//3831
f 46//3832 31//3832 44//3832
f 59//3833 48//3833 50//3833
f 52//3834 59//3834 50//3834
f 54//3835 59//3835 52//3835
f 59//3836 54//3836 56//3836
f 28//3837 27//3837 30//3837
f 29//3838 28//3838 30//3838
f 26//3839 28//3839 29//3839
f 24//3840 26//3840 29//3840
f 22//3841 24//3841 29//3841
f 20//3842 22//3842 29//3842
f 18//3843 20//3843 29//3843
f 16//3844 18//3844 29//3844
f 14//3845 16//3845 29//3845
f 30//3846 27//3846 25//3846
f 23//3847 30//3847 25//3847
f 21//3848 30//3848 23//3848
f 30//3849 21//3849 19//3849
f 17//3850 30//3850 19//3850
f 15//3851 30//3851 17//3851
f 30//3852 15//3852 13//3852
f 11//3853 30//3853 13//3853
f 61//3854 65//3854 1//3854
f 3//3855 61//3855 1//3855
f 61//3856 119//3856 117//3856
f 65//3857 61//3857 117//3857
f 217//3858 117//3858 119//3858
f 317//3859 217//3859 119//3859
f 217//3860 317//3860 315//3860
f 215//3861 217//3861 315//3861
f 729//3862 720//3862 732//3862
f 743//3863 729//3863 732//3863
f 746//3864 743//3864 732//3864
f 759//3865 743//3865 746//3865
f 762//3866 759//3866 746//3866
f 771//3867 759//3867 762//3867
f 774//3868 771//3868 762//3868
f 801//3869 771//3869 774//3869
f 804//3870 801//3870 774//3870
f 842//3871 801//3871 804//3871
f 845//3872 842//3872 804//3872
f 883//3873 842//3873 845//3873
f 886//3874 883//3874 845//3874
f 909//3875 883//3875 886//3875
f 912//3876 909//3876 886//3876
f 921//3877 909//3877 912//3877
f 924//3878 921//3878 912//3878
f 933//3879 921//3879 924//3879
f 936//3880 933//3880 924//3880
f 947//3881 933//3881 936//3881
f 950//3882 947//3882 936//3882
f 956//3883 947//3883 950//3883
f 267//3884 269//3884 321//3884
f 319//3885 267//3885 321//3885
f 267//3886 319//3886 121//3886
f 123//3887 267//3887 121//3887
f 123//3888 121//3888 63//3888
f 67//3889 123//3889 63//3889
f 63//3890 57//3890 59//3890
f 67//3891 63//3891 59//3891
f 269//3892 267//3892 268//3892
f 270//3893 269//3893 268//3893
f 267//3894 123//3894 124//3894
f 268//3895 267//3895 124//3895
f 123//3896 67//3896 68//3896
f 124//3897 123//3897 68//3897
f 67//3898 59//3898 60//3898
f 68//3899 67//3899 60//3899
f 64//3900 68//3900 60//3900
f 58//3901 64//3901 60//3901
f 64//3902 122//3902 124//3902
f 68//3903 64//3903 124//3903
f 268//3904 124//3904 122//3904
f 320//3905 268//3905 122//3905
f 268//3906 320//3906 322//3906
f 270//3907 268//3907 322//3907
f 56//3908 54//3908 114//3908
f 116//3909 56//3909 114//3909
f 55//3910 56//3910 116//3910
f 115//3911 55//3911 116//3911
f 53//3912 55//3912 115//3912
f 113//3913 53//3913 115//3913
f 51//3914 53//3914 113//3914
f 111//3915 51//3915 113//3915
f 49//3916 51//3916 111//3916
f 109//3917 49//3917 111//3917
f 47//3918 49//3918 109//3918
f 107//3919 47//3919 109//3919
f 45//3920 47//3920 107//3920
f 105//3921 45//3921 107//3921
f 43//3922 45//3922 105//3922
f 103//3923 43//3923 105//3923
f 41//3924 43//3924 103//3924
f 101//3925 41//3925 103//3925
f 39//3926 41//3926 101//3926
f 99//3927 39//3927 101//3927
f 37//3928 39//3928 99//3928
f 97//3929 37//3929 99//3929
f 35//3930 37//3930 97//3930
f 95//3931 35//3931 97//3931
f 33//3932 35//3932 95//3932
f 93//3933 33//3933 95//3933
f 34//3934 33//3934 93//3934
f 94//3935 34//3935 93//3935
f 36//3936 34//3936 94//3936
f 96//3937 36//3937 94//3937
f 38//3938 36//3938 96//3938
f 98//3939 38//3939 96//3939
f 40//3940 38//3940 98//3940
f 100//3941 40//3941 98//3941
f 42//3942 40//3942 100//3942
f 102//3943 42//3943 100//3943
f 44//3944 42//3944 102//3944
f 104//3945 44//3945 102//3945
f 46//3946 44//3946 104//3946
f 106//3947 46//3947 104//3947
f 48//3948 46//3948 106//3948
f 108//3949 48//3949 106//3949
f 50//3950 48//3950 108//3950
f 110//3951 50//3951 108//3951
f 52//3952 50//3952 110//3952
f 112//3953 52//3953 110//3953
f 54//3954 52//3954 112//3954
f 114//3955 54//3955 112//3955
f 266//3956 265//3956 115//3956
f 116//3957 266//3957 115//3957
f 264//3958 266//3958 116//3958
f 114//3959 264//3959 116//3959
f 262//3960 264//3960 114//3960
f 112//3961 262//3961 114//3961
f 260//3962 262//3962 112//3962
f 110//3963 260//3963 112//3963
f 258//3964 260//3964 110//3964
f 108//3965 258//3965 110//3965
f 256//3966 258//3966 108//3966
f 106//3967 256//3967 108//3967
f 254//3968 256//3968 106//3968
f 104//3969 254//3969 106//3969
f 252//3970 254//3970 104//3970
f 102//3971 252//3971 104//3971
f 250//3972 252//3972 102//3972
f 100//3973 250//3973 102//3973
f 248//3974 250//3974 100//3974
f 98//3975 248//3975 100//3975
f 246//3976 248//3976 98//3976
f 96//3977 246//3977 98//3977
f 244//3978 246//3978 96//3978
f 94//3979 244//3979 96//3979
f 243//3980 244//3980 94//3980
f 93//3981 243//3981 94//3981
f 245//3982 243//3982 93//3982
f 95//3983 245//3983 93//3983
f 247//3984 245//3984 95//3984
f 97//3985 247//3985 95//3985
f 249//3986 247//3986 97//3986
f 99//3987 249//3987 97//3987
f 251//3988 249//3988 99//3988
f 101//3989 251//3989 99//3989
f 253//3990 251//3990 101//3990
f 103//3991 253//3991 101//3991
f 255//3992 253//3992 103//3992
f 105//3993 255//3993 103//3993
f 257//3994 255//3994 105//3994
f 107//3995 257//3995 105//3995
f 259//3996 257//3996 107//3996
f 109//3997 259//3997 107//3997
f 261//3998 259//3998 109//3998
f 111//3999 261//3999 109//3999
f 263//4000 261//4000 111//4000
f 113//4001 263//4001 111//4001
f 265//4002 263//4002 113//4002
f 115//4003 265//4003 113//4003
f 266//4004 264//4004 244//4004
f 243//4005 266//4005 244//4005
f 265//4006 266//4006 243//4006
f 245//4007 265//4007 243//4007
f 263//4008 265//4008 245//4008
f 247//4009 263//4009 245//4009
f 261//4010 263//4010 247//4010
f 249//4011 261//4011 247//4011
f 259//4012 261//4012 249//4012
f 251//4013 259//4013 249//4013
f 257//4014 259//4014 251//4014
f 253//4015 257//4015 251//4015
f 255//4016 257//4016 253//4016
f 246//4017 244//4017 264//4017
f 262//4018 246//4018 264//4018
f 248//4019 246//4019 262//4019
f 260//4020 248//4020 262//4020
f 250//4021 248//4021 260//4021
f 258//4022 250//4022 260//4022
f 252//4023 250//4023 258//4023
f 256//4024 252//4024 258//4024
f 254//4025 252//4025 256//4025
f 28//4026 26//4026 90//4026
f 92//4027 28//4027 90//4027
f 27//4028 28//4028 92//4028
f 91//4029 27//4029 92//4029
f 25//4030 27//4030 91//4030
f 89//4031 25//4031 91//4031
f 23//4032 25//4032 89//4032
f 87//4033 23//4033 89//4033
f 21//4034 23//4034 87//4034
f 85//4035 21//4035 87//4035
f 19//4036 21//4036 85//4036
f 83//4037 19//4037 85//4037
f 17//4038 19//4038 83//4038
f 81//4039 17//4039 83//4039
f 15//4040 17//4040 81//4040
f 79//4041 15//4041 81//4041
f 13//4042 15//4042 79//4042
f 77//4043 13//4043 79//4043
f 11//4044 13//4044 77//4044
f 75//4045 11//4045 77//4045
f 9//4046 11//4046 75//4046
f 73//4047 9//4047 75//4047
f 7//4048 9//4048 73//4048
f 71//4049 7//4049 73//4049
f 5//4050 7//4050 71//4050
f 69//4051 5//4051 71//4051
f 6//4052 5//4052 69//4052
f 70//4053 6//4053 69//4053
f 8//4054 6//4054 70//4054
f 72//4055 8//4055 70//4055
f 10//4056 8//4056 72//4056
f 74//4057 10//4057 72//4057
f 12//4058 10//4058 74//4058
f 76//4059 12//4059 74//4059
f 14//4060 12//4060 76//4060
f 78//4061 14//4061 76//4061
f 16//4062 14//4062 78//4062
f 80//4063 16//4063 78//4063
f 18//4064 16//4064 80//4064
f 82//4065 18//4065 80//4065
f 20//4066 18//4066 82//4066
f 84//4067 20//4067 82//4067
f 22//4068 20//4068 84//4068
f 86//4069 22//4069 84//4069
f 24//4070 22//4070 86//4070
f 88//4071 24//4071 86//4071
f 26//4072 24//4072 88//4072
f 90//4073 26//4073 88//4073
f 242//4074 241//4074 91//4074
f 92//4075 242//4075 91//4075
f 240//4076 242//4076 92//4076
f 90//4077 240//4077 92//4077
f 238//4078 240//4078 90//4078
f 88//4079 238//4079 90//4079
f 236//4080 238//4080 88//4080
f 86//4081 236//4081 88//4081
f 234//4082 236//4082 86//4082
f 84//4083 234//4083 86//4083
f 232//4084 234//4084 84//4084
f 82//4085 232//4085 84//4085
f 230//4086 232//4086 82//4086
f 80//4087 230//4087 82//4087
f 228//4088 230//4088 80//4088
f 78//4089 228//4089 80//4089
f 226//4090 228//4090 78//4090
f 76//4091 226//4091 78//4091
f 224//4092 226//4092 76//4092
f 74//4093 224//4093 76//4093
f 222//4094 224//4094 74//4094
f 72//4095 222//4095 74//4095
f 220//4096 222//4096 72//4096
f 70//4097 220//4097 72//4097
f 219//4098 220//4098 70//4098
f 69//4099 219//4099 70//4099
f 221//4100 219//4100 69//4100
f 71//4101 221//4101 69//4101
f 223//4102 221//4102 71//4102
f 73//4103 223//4103 71//4103
f 225//4104 223//4104 73//4104
f 75//4105 225//4105 73//4105
f 227//4106 225//4106 75//4106
f 77//4107 227//4107 75//4107
f 229//4108 227//4108 77//4108
f 79//4109 229//4109 77//4109
f 231//4110 229//4110 79//4110
f 81//4111 231//4111 79//4111
f 233//4112 231//4112 81//4112
f 83//4113 233//4113 81//4113
f 235//4114 233//4114 83//4114
f 85//4115 235//4115 83//4115
f 237//4116 235//4116 85//4116
f 87//4117 237//4117 85//4117
f 239//4118 237//4118 87//4118
f 89//4119 239//4119 87//4119
f 241//4120 239//4120 89//4120
f 91//4121 241//4121 89//4121
f 242//4122 240//4122 220//4122
f 219//4123 242//4123 220//4123
f 241//4124 242//4124 219//4124
f 221//4125 241//4125 219//4125
f 239//4126 241//4126 221//4126
f 223//4127 239//4127 221//4127
f 237//4128 239//4128 223//4128
f 225//4129 237//4129 223//4129
f 235//4130 237//4130 225//4130
f 227//4131 235//4131 225//4131
f 233//4132 235//4132 227//4132
f 229//4133 233//4133 227//4133
f 231//4134 233//4134 229//4134
f 222//4135 220//4135 240//4135
f 238//4136 222//4136 240//4136
f 224//4137 222//4137 238//4137
f 236//4138 224//4138 238//4138
f 226//4139 224//4139 236//4139
f 234//4140 226//4140 236//4140
f 228//4141 226//4141 234//4141
f 232//4142 228//4142 234//4142
f 230//4143 228//4143 232//4143
f 316//4144 216//4144 215//4144
f 315//4145 316//4145 215//4145
f 806//4146 316//4146 315//4146
f 805//4147 806//4147 315//4147
f 321//4148 269//4148 270//4148
f 322//4149 321//4149 270//4149
f 873//4150 321//4150 322//4150
f 874//4151 873//4151 322//4151
f 451//4152 447//4152 612//4152
f 614//4153 451//4153 612//4153
f 448//4154 451//4154 614//4154
f 613//4155 448//4155 614//4155
f 444//4156 448//4156 613//4156
f 611//4157 444//4157 613//4157
f 440//4158 444//4158 611//4158
f 609//4159 440//4159 611//4159
f 436//4160 440//4160 609//4160
f 607//4161 436//4161 609//4161
f 432//4162 436//4162 607//4162
f 605//4163 432//4163 607//4163
f 428//4164 432//4164 605//4164
f 603//4165 428//4165 605//4165
f 424//4166 428//4166 603//4166
f 601//4167 424//4167 603//4167
f 420//4168 424//4168 601//4168
f 599//4169 420//4169 601//4169
f 416//4170 420//4170 599//4170
f 597//4171 416//4171 599//4171
f 412//4172 416//4172 597//4172
f 595//4173 412//4173 597//4173
f 408//4174 412//4174 595//4174
f 593//4175 408//4175 595//4175
f 405//4176 408//4176 593//4176
f 591//4177 405//4177 593//4177
f 407//4178 405//4178 591//4178
f 592//4179 407//4179 591//4179
f 411//4180 407//4180 592//4180
f 594//4181 411//4181 592//4181
f 415//4182 411//4182 594//4182
f 596//4183 415//4183 594//4183
f 419//4184 415//4184 596//4184
f 598//4185 419//4185 596//4185
f 423//4186 419//4186 598//4186
f 600//4187 423//4187 598//4187
f 427//4188 423//4188 600//4188
f 602//4189 427//4189 600//4189
f 431//4190 427//4190 602//4190
f 604//4191 431//4191 602//4191
f 435//4192 431//4192 604//4192
f 606//4193 435//4193 604//4193
f 439//4194 435//4194 606//4194
f 608//4195 439//4195 606//4195
f 443//4196 439//4196 608//4196
f 610//4197 443//4197 608//4197
f 447//4198 443//4198 610//4198
f 612//4199 447//4199 610//4199
f 1306//4200 1305//4200 1055//4200
f 1056//4201 1306//4201 1055//4201
f 1304//4202 1306//4202 1056//4202
f 1054//4203 1304//4203 1056//4203
f 1302//4204 1304//4204 1054//4204
f 1052//4205 1302//4205 1054//4205
f 1300//4206 1302//4206 1052//4206
f 1050//4207 1300//4207 1052//4207
f 1298//4208 1300//4208 1050//4208
f 1048//4209 1298//4209 1050//4209
f 1296//4210 1298//4210 1048//4210
f 1046//4211 1296//4211 1048//4211
f 1294//4212 1296//4212 1046//4212
f 1044//4213 1294//4213 1046//4213
f 1292//4214 1294//4214 1044//4214
f 1042//4215 1292//4215 1044//4215
f 1290//4216 1292//4216 1042//4216
f 1040//4217 1290//4217 1042//4217
f 1288//4218 1290//4218 1040//4218
f 1038//4219 1288//4219 1040//4219
f 1286//4220 1288//4220 1038//4220
f 1036//4221 1286//4221 1038//4221
f 1284//4222 1286//4222 1036//4222
f 1034//4223 1284//4223 1036//4223
f 1283//4224 1284//4224 1034//4224
f 1033//4225 1283//4225 1034//4225
f 1285//4226 1283//4226 1033//4226
f 1035//4227 1285//4227 1033//4227
f 1287//4228 1285//4228 1035//4228
f 1037//4229 1287//4229 1035//4229
f 1289//4230 1287//4230 1037//4230
f 1039//4231 1289//4231 1037//4231
f 1291//4232 1289//4232 1039//4232
f 1041//4233 1291//4233 1039//4233
f 1293//4234 1291//4234 1041//4234
f 1043//4235 1293//4235 1041//4235
f 1295//4236 1293//4236 1043//4236
f 1045//4237 1295//4237 1043//4237
f 1297//4238 1295//4238 1045//4238
f 1047//4239 1297//4239 1045//4239
f 1299//4240 1297//4240 1047//4240
f 1049//4241 1299//4241 1047//4241
f 1301//4242 1299//4242 1049//4242
f 1051//4243 1301//4243 1049//4243
f 1303//4244 1301//4244 1051//4244
f 1053//4245 1303//4245 1051//4245
f 1305//4246 1303//4246 1053//4246
f 1055//4247 1305//4247 1053//4247
f 613//4248 614//4248 1056//4248
f 1055//4249 613//4249 1056//4249
f 611//4250 613//4250 1055//4250
f 1053//4251 611//4251 1055//4251
f 609//4252 611//4252 1053//4252
f 1051//4253 609//4253 1053//4253
f 607//4254 609//4254 1051//4254
f 1049//4255 607//4255 1051//4255
f 605//4256 607//4256 1049//4256
f 1047//4257 605//4257 1049//4257
f 603//4258 605//4258 1047//4258
f 1045//4259 603//4259 1047//4259
f 601//4260 603//4260 1045//4260
f 1043//4261 601//4261 1045//4261
f 599//4262 601//4262 1043//4262
f 1041//4263 599//4263 1043//4263
f 597//4264 599//4264 1041//4264
f 1039//4265 597//4265 1041//4265
f 595//4266 597//4266 1039//4266
f 1037//4267 595//4267 1039//4267
f 593//4268 595//4268 1037//4268
f 1035//4269 593//4269 1037//4269
f 591//4270 593//4270 1035//4270
f 1033//4271 591//4271 1035//4271
f 592//4272 591//4272 1033//4272
f 1034//4273 592//4273 1033//4273
f 594//4274 592//4274 1034//4274
f 1036//4275 594//4275 1034//4275
f 596//4276 594//4276 1036//4276
f 1038//4277 596//4277 1036//4277
f 598//4278 596//4278 1038//4278
f 1040//4279 598//4279 1038//4279
f 600//4280 598//4280 1040//4280
f 1042//4281 600//4281 1040//4281
f 602//4282 600//4282 1042//4282
f 1044//4283 602//4283 1042//4283
f 604//4284 602//4284 1044//4284
f 1046//4285 604//4285 1044//4285
f 606//4286 604//4286 1046//4286
f 1048//4287 606//4287 1046//4287
f 608//4288 606//4288 1048//4288
f 1050//4289 608//4289 1048//4289
f 610//4290 608//4290 1050//4290
f 1052//4291 610//4291 1050//4291
f 612//4292 610//4292 1052//4292
f 1054//4293 612//4293 1052//4293
f 614//4294 612//4294 1054//4294
f 1056//4295 614//4295 1054//4295
f 1305//4296 1306//4296 1304//4296
f 1303//4297 1305//4297 1304//4297
f 1302//4298 1303//4298 1304//4298
f 1301//4299 1303//4299 1302//4299
f 1300//4300 1301//4300 1302//4300
f 1299//4301 1301//4301 1300//4301
f 1298//4302 1299//4302 1300//4302
f 1297//4303 1299//4303 1298//4303
f 1296//4304 1297//4304 1298//4304
f 1295//4305 1297//4305 1296//4305
f 1294//4306 1295//4306 1296//4306
f 1293//4307 1295//4307 1294//4307
f 1292//4308 1293//4308 1294//4308
f 1291//4309 1293//4309 1292//4309
f 1290//4310 1291//4310 1292//4310
f 1289//4311 1291//4311 1290//4311
f 1288//4312 1289//4312 1290//4312
f 1287//4313 1289//4313 1288//4313
f 1286//4314 1287//4314 1288//4314
f 1285//4315 1287//4315 1286//4315
f 1284//4316 1285//4316 1286//4316
f 1283//4317 1285//4317 1284//4317
f 586//4318 585//4318 450//4318
f 452//4319 586//4319 450//4319
f 584//4320 586//4320 452//4320
f 449//4321 584//4321 452//4321
f 582//4322 584//4322 449//4322
f 445//4323 582//4323 449//4323
f 580//4324 582//4324 445//4324
f 441//4325 580//4325 445//4325
f 578//4326 580//4326 441//4326
f 437//4327 578//4327 441//4327
f 576//4328 578//4328 437//4328
f 433//4329 576//4329 437//4329
f 574//4330 576//4330 433//4330
f 429//4331 574//4331 433//4331
f 572//4332 574//4332 429//4332
f 425//4333 572//4333 429//4333
f 570//4334 572//4334 425//4334
f 421//4335 570//4335 425//4335
f 568//4336 570//4336 421//4336
f 417//4337 568//4337 421//4337
f 566//4338 568//4338 417//4338
f 413//4339 566//4339 417//4339
f 564//4340 566//4340 413//4340
f 409//4341 564//4341 413//4341
f 563//4342 564//4342 409//4342
f 406//4343 563//4343 409//4343
f 565//4344 563//4344 406//4344
f 410//4345 565//4345 406//4345
f 567//4346 565//4346 410//4346
f 414//4347 567//4347 410//4347
f 569//4348 567//4348 414//4348
f 418//4349 569//4349 414//4349
f 571//4350 569//4350 418//4350
f 422//4351 571//4351 418//4351
f 573//4352 571//4352 422//4352
f 426//4353 573//4353 422//4353
f 575//4354 573//4354 426//4354
f 430//4355 575//4355 426//4355
f 577//4356 575//4356 430//4356
f 434//4357 577//4357 430//4357
f 579//4358 577//4358 434//4358
f 438//4359 579//4359 434//4359
f 581//4360 579//4360 438//4360
f 442//4361 581//4361 438//4361
f 583//4362 581//4362 442//4362
f 446//4363 583//4363 442//4363
f 585//4364 583//4364 446//4364
f 450//4365 585//4365 446//4365
f 1792//4366 1791//4366 1793//4366
f 1798//4367 1792//4367 1793//4367
f 1794//4368 1792//4368 1798//4368
f 1799//4369 1794//4369 1798//4369
f 1795//4370 1794//4370 1799//4370
f 1800//4371 1795//4371 1799//4371
f 1797//4372 1795//4372 1800//4372
f 1801//4373 1797//4373 1800//4373
f 1802//4374 1797//4374 1801//4374
f 1797//4375 1802//4375 1803//4375
f 1796//4376 1797//4376 1803//4376
f 1804//4377 1796//4377 1803//4377
f 1805//4378 1796//4378 1804//4378
f 1796//4379 1805//4379 1806//4379
f 1815//4380 1796//4380 1806//4380
f 1807//4381 1815//4381 1806//4381
f 1808//4382 1815//4382 1807//4382
f 1815//4383 1808//4383 1809//4383
f 1816//4384 1815//4384 1809//4384
f 1810//4385 1816//4385 1809//4385
f 1811//4386 1816//4386 1810//4386
f 1816//4387 1811//4387 1812//4387
f 1817//4388 1816//4388 1812//4388
f 1813//4389 1817//4389 1812//4389
f 1818//4390 1817//4390 1813//4390
f 1814//4391 1818//4391 1813//4391
f 1820//4392 1818//4392 1814//4392
f 1819//4393 1820//4393 1814//4393
f 1821//4394 1820//4394 1819//4394
f 455//4395 403//4395 429//4395
f 433//4396 455//4396 429//4396
f 437//4397 455//4397 433//4397
f 403//4398 404//4398 414//4398
f 410//4399 403//4399 414//4399
f 406//4400 403//4400 410//4400
f 404//4401 456//4401 430//4401
f 426//4402 404//4402 430//4402
f 422//4403 404//4403 426//4403
f 456//4404 455//4404 446//4404
f 442//4405 456//4405 446//4405
f 438//4406 456//4406 442//4406
f 455//4407 449//4407 452//4407
f 450//4408 455//4408 452//4408
f 446//4409 455//4409 450//4409
f 456//4410 438//4410 434//4410
f 430//4411 456//4411 434//4411
f 404//4412 422//4412 418//4412
f 414//4413 404//4413 418//4413
f 403//4414 406//4414 409//4414
f 413//4415 403//4415 409//4415
f 417//4416 403//4416 413//4416
f 403//4417 417//4417 421//4417
f 425//4418 403//4418 421//4418
f 429//4419 403//4419 425//4419
f 455//4420 437//4420 441//4420
f 445//4421 455//4421 441//4421
f 449//4422 455//4422 445//4422
f 402//4423 454//4423 428//4423
f 424//4424 402//4424 428//4424
f 420//4425 402//4425 424//4425
f 454//4426 453//4426 448//4426
f 444//4427 454//4427 448//4427
f 440//4428 454//4428 444//4428
f 453//4429 401//4429 427//4429
f 431//4430 453//4430 427//4430
f 435//4431 453//4431 431//4431
f 401//4432 402//4432 408//4432
f 405//4433 401//4433 408//4433
f 407//4434 401//4434 405//4434
f 453//4435 447//4435 451//4435
f 448//4436 453//4436 451//4436
f 454//4437 440//4437 436//4437
f 432//4438 454//4438 436//4438
f 428//4439 454//4439 432//4439
f 402//4440 420//4440 416//4440
f 412//4441 402//4441 416//4441
f 408//4442 402//4442 412//4442
f 401//4443 407//4443 411//4443
f 415//4444 401//4444 411//4444
f 419//4445 401//4445 415//4445
f 401//4446 419//4446 423//4446
f 427//4447 401//4447 423//4447
f 453//4448 435//4448 439//4448
f 443//4449 453//4449 439//4449
f 447//4450 453//4450 443//4450
f 29//4451 401//4451 453//4451
f 31//4452 29//4452 453//4452
f 32//4453 456//4453 404//4453
f 30//4454 32//4454 404//4454
f 1012//4455 806//4455 805//4455
f 1011//4456 1012//4456 805//4456
f 1130//4457 1012//4457 1011//4457
f 1129//4458 1130//4458 1011//4458
f 1192//4459 1130//4459 1129//4459
f 1191//4460 1192//4460 1129//4460
f 1262//4461 1192//4461 1191//4461
f 1261//4462 1262//4462 1191//4462
f 1340//4463 1262//4463 1261//4463
f 1339//4464 1340//4464 1261//4464
f 1398//4465 1340//4465 1339//4465
f 1397//4466 1398//4466 1339//4466
f 1458//4467 1398//4467 1397//4467
f 1457//4468 1458//4468 1397//4468
f 1526//4469 1458//4469 1457//4469
f 1525//4470 1526//4470 1457//4470
f 1619//4471 1526//4471 1525//4471
f 1618//4472 1619//4472 1525//4472
f 1726//4473 1619//4473 1618//4473
f 1725//4474 1726//4474 1618//4474
f 1785//4475 1726//4475 1725//4475
f 1784//4476 1785//4476 1725//4476
f 2062//4477 1785//4477 1784//4477
f 2061//4478 2062//4478 1784//4478
f 2173//4479 2062//4479 2061//4479
f 2172//4480 2173//4480 2061//4480
f 2236//4481 2173//4481 2172//4481
f 2235//4482 2236//4482 2172//4482
f 2272//4483 2236//4483 2235//4483
f 2271//4484 2272//4484 2235//4484
f 2278//4485 2272//4485 2271//4485
f 2277//4486 2278//4486 2271//4486
f 2284//4487 2278//4487 2277//4487
f 2283//4488 2284//4488 2277//4488
f 2290//4489 2284//4489 2283//4489
f 2289//4490 2290//4490 2283//4490
f 2296//4491 2290//4491 2289//4491
f 2295//4492 2296//4492 2289//4492
f 2302//4493 2296//4493 2295//4493
f 2301//4494 2302//4494 2295//4494
f 2305//4495 2302//4495 2301//4495
f 2304//4496 2305//4496 2301//4496
f 2299//4497 2305//4497 2304//4497
f 2298//4498 2299//4498 2304//4498
f 2293//4499 2299//4499 2298//4499
f 2292//4500 2293//4500 2298//4500
f 2287//4501 2293//4501 2292//4501
f 2286//4502 2287//4502 2292//4502
f 2281//4503 2287//4503 2286//4503
f 2280//4504 2281//4504 2286//4504
f 2275//4505 2281//4505 2280//4505
f 2274//4506 2275//4506 2280//4506
f 2239//4507 2275//4507 2274//4507
f 2238//4508 2239//4508 2274//4508
f 2176//4509 2239//4509 2238//4509
f 2175//4510 2176//4510 2238//4510
f 2065//4511 2176//4511 2175//4511
f 2064//4512 2065//4512 2175//4512
f 1788//4513 2065//4513 2064//4513
f 1787//4514 1788//4514 2064//4514
f 1729//4515 1788//4515 1787//4515
f 1728//4516 1729//4516 1787//4516
f 1622//4517 1729//4517 1728//4517
f 1621//4518 1622//4518 1728//4518
f 1529//4519 1622//4519 1621//4519
f 1528//4520 1529//4520 1621//4520
f 1461//4521 1529//4521 1528//4521
f 1460//4522 1461//4522 1528//4522
f 1401//4523 1461//4523 1460//4523
f 1400//4524 1401//4524 1460//4524
f 1343//4525 1401//4525 1400//4525
f 1342//4526 1343//4526 1400//4526
f 1265//4527 1343//4527 1342//4527
f 1264//4528 1265//4528 1342//4528
f 1195//4529 1265//4529 1264//4529
f 1194//4530 1195//4530 1264//4530
f 1133//4531 1195//4531 1194//4531
f 1132//4532 1133//4532 1194//4532
f 1015//4533 1133//4533 1132//4533
f 1014//4534 1015//4534 1132//4534
f 873//4535 1015//4535 1014//4535
f 1015//4536 873//4536 874//4536
f 1016//4537 1015//4537 874//4537
f 1133//4538 1015//4538 1016//4538
f 1134//4539 1133//4539 1016//4539
f 1195//4540 1133//4540 1134//4540
f 1196//4541 1195//4541 1134//4541
f 1265//4542 1195//4542 1196//4542
f 1266//4543 1265//4543 1196//4543
f 1343//4544 1265//4544 1266//4544
f 1344//4545 1343//4545 1266//4545
f 1401//4546 1343//4546 1344//4546
f 1402//4547 1401//4547 1344//4547
f 1461//4548 1401//4548 1402//4548
f 1462//4549 1461//4549 1402//4549
f 1529//4550 1461//4550 1462//4550
f 1530//4551 1529//4551 1462//4551
f 1622//4552 1529//4552 1530//4552
f 1623//4553 1622//4553 1530//4553
f 1729//4554 1622//4554 1623//4554
f 1730//4555 1729//4555 1623//4555
f 1788//4556 1729//4556 1730//4556
f 1789//4557 1788//4557 1730//4557
f 2065//4558 1788//4558 1789//4558
f 2066//4559 2065//4559 1789//4559
f 2176//4560 2065//4560 2066//4560
f 2177//4561 2176//4561 2066//4561
f 2239//4562 2176//4562 2177//4562
f 2240//4563 2239//4563 2177//4563
f 2275//4564 2239//4564 2240//4564
f 2276//4565 2275//4565 2240//4565
f 2281//4566 2275//4566 2276//4566
f 2282//4567 2281//4567 2276//4567
f 2287//4568 2281//4568 2282//4568
f 2288//4569 2287//4569 2282//4569
f 2293//4570 2287//4570 2288//4570
f 2294//4571 2293//4571 2288//4571
f 2299//4572 2293//4572 2294//4572
f 2300//4573 2299//4573 2294//4573
f 2305//4574 2299//4574 2300//4574
f 2306//4575 2305//4575 2300//4575
f 2302//4576 2305//4576 2306//4576
f 2303//4577 2302//4577 2306//4577
f 2296//4578 2302//4578 2303//4578
f 2297//4579 2296//4579 2303//4579
f 2290//4580 2296//4580 2297//4580
f 2291//4581 2290//4581 2297//4581
f 2284//4582 2290//4582 2291//4582
f 2285//4583 2284//4583 2291//4583
f 2278//4584 2284//4584 2285//4584
f 2279//4585 2278//4585 2285//4585
f 2272//4586 2278//4586 2279//4586
f 2273//4587 2272//4587 2279//4587
f 2236//4588 2272//4588 2273//4588
f 2237//4589 2236//4589 2273//4589
f 2173//4590 2236//4590 2237//4590
f 2174//4591 2173//4591 2237//4591
f 2062//4592 2173//4592 2174//4592
f 2063//4593 2062//4593 2174//4593
f 1785//4594 2062//4594 2063//4594
f 1786//4595 1785//4595 2063//4595
f 1726//4596 1785//4596 1786//4596
f 1727//4597 1726//4597 1786//4597
f 1619//4598 1726//4598 1727//4598
f 1620//4599 1619//4599 1727//4599
f 1526//4600 1619//4600 1620//4600
f 1527//4601 1526//4601 1620//4601
f 1458//4602 1526//4602 1527//4602
f 1459//4603 1458//4603 1527//4603
f 1398//4604 1458//4604 1459//4604
f 1399//4605 1398//4605 1459//4605
f 1340//4606 1398//4606 1399//4606
f 1341//4607 1340//4607 1399//4607
f 1262//4608 1340//4608 1341//4608
f 1263//4609 1262//4609 1341//4609
f 1192//4610 1262//4610 1263//4610
f 1193//4611 1192//4611 1263//4611
f 1130//4612 1192//4612 1193//4612
f 1131//4613 1130//4613 1193//4613
f 1012//4614 1130//4614 1131//4614
f 1013//4615 1012//4615 1131//4615
f 806//4616 1012//4616 1013//4616
