# Created by FreeCAD <https://www.freecad.org>
v -209.999878 -0.071587 -182.500000
v -209.999878 -0.071587 -161.000000
v -209.920792 1.778265 -182.500000
v -209.920792 1.778265 -161.000000
v -209.907547 -1.920826 -182.500000
v -209.907547 -1.920826 -161.000000
v -209.670975 3.612877 -182.500000
v -209.670975 3.612877 -161.000000
v -209.644608 -3.753603 -182.500000
v -209.644608 -3.753603 -161.000000
v -209.252563 5.416524 -182.500000
v -209.252563 5.416524 -161.000000
v -209.213303 -5.554209 -182.500000
v -209.213303 -5.554209 -161.000000
v -208.981750 0.832624 -160.000000
v -208.974716 -0.979937 -160.000000
v -208.816025 2.637606 -160.000000
v -208.794998 -2.783579 -160.000000
v -208.669159 7.173749 -182.500000
v -208.669159 7.173749 -161.000000
v -208.617325 -7.307212 -182.500000
v -208.617325 -7.307212 -161.000000
v -208.479065 4.418584 -160.000000
v -208.444214 -4.561888 -160.000000
v -207.999847 -0.075230 -182.500000
v -207.999847 -0.075230 -160.750000
v -207.973938 6.159349 -160.000000
v -207.925735 8.869492 -182.500000
v -207.925735 8.869492 -161.000000
v -207.925583 -6.298679 -160.000000
v -207.920105 1.694104 -182.500000
v -207.920105 1.694104 -160.750000
v -207.905319 -1.843836 -182.500000
v -207.905319 -1.843836 -160.750000
v -207.861786 -8.997589 -182.500000
v -207.861786 -8.997589 -161.000000
v -207.666855 3.447035 -182.500000
v -207.666855 3.447035 -160.750000
v -207.637436 -3.594589 -182.500000
v -207.637436 -3.594589 -160.750000
v -207.305222 7.844059 -160.000000
v -207.243820 -7.978148 -160.000000
v -207.242569 5.166594 -182.500000
v -207.242569 5.166594 -160.750000
v -207.198776 -5.310541 -182.500000
v -207.198776 -5.310541 -160.750000
v -207.028687 10.489218 -182.500000
v -207.028687 10.489218 -161.000000
v -206.978180 -0.861036 -160.750000
v -206.978180 -0.861036 -160.000000
v -206.978180 0.861036 -160.750000
v -206.978180 0.861036 -160.000000
v -206.953171 -10.610852 -182.500000
v -206.953171 -10.610852 -161.000000
v -206.803955 -2.574272 -160.750000
v -206.803955 -2.574272 -160.000000
v -206.803955 2.574272 -160.750000
v -206.803955 2.574272 -160.000000
v -206.651352 6.836130 -182.500000
v -206.651352 6.836130 -160.750000
v -206.593628 -6.975077 -182.500000
v -206.593628 -6.975077 -160.750000
v -206.479019 9.457380 -160.000000
v -206.457306 -4.261093 -160.750000
v -206.457306 -4.261093 -160.000000
v -206.457306 4.261093 -160.750000
v -206.457306 4.261093 -160.000000
v -206.405106 -9.585007 -160.000000
v -205.985703 12.019046 -182.500000
v -205.985703 12.019046 -161.000000
v -205.941788 -5.904189 -160.750000
v -205.941788 -5.904189 -160.000000
v -205.941788 5.904189 -160.750000
v -205.941788 5.904189 -160.000000
v -205.899246 -12.133174 -182.500000
v -205.899246 -12.133174 -161.000000
v -205.898911 8.439481 -182.500000
v -205.898911 8.439481 -160.750000
v -205.827805 -8.572083 -182.500000
v -205.827805 -8.572083 -160.750000
v -205.502838 10.984631 -160.000000
v -205.417099 -11.104634 -160.000000
v -205.262680 -7.486701 -160.750000
v -205.262680 -7.486701 -160.000000
v -205.262680 7.486701 -160.750000
v -205.262680 7.486701 -160.000000
v -204.992538 9.961122 -182.500000
v -204.992538 9.961122 -160.750000
v -204.908752 -10.086094 -182.500000
v -204.908752 -10.086094 -160.750000
v -204.805695 13.445864 -182.500000
v -204.805695 13.445864 -161.000000
v -204.709061 -13.551509 -182.500000
v -204.709061 -13.551509 -161.000000
v -204.426956 -8.992388 -160.750000
v -204.426956 -8.992388 -160.000000
v -204.426956 8.992388 -160.750000
v -204.426956 8.992388 -160.000000
v -204.385559 12.411912 -160.000000
v -204.288788 -12.523200 -160.000000
v -203.941010 11.386321 -182.500000
v -203.941010 11.386321 -160.750000
v -203.845337 -11.502455 -182.500000
v -203.845337 -11.502455 -160.750000
v -203.498810 14.757444 -182.500000
v -203.498810 14.757444 -161.000000
v -203.443192 -10.405802 -160.750000
v -203.443192 -10.405802 -160.000000
v -203.443192 10.405802 -160.750000
v -203.443192 10.405802 -160.000000
v -203.392822 -14.853701 -182.500000
v -203.392822 -14.853701 -161.000000
v -203.137375 13.726233 -160.000000
v -203.030426 -13.827793 -160.000000
v -202.754501 12.701282 -182.500000
v -202.754501 12.701282 -160.750000
v -202.647888 -12.807450 -182.500000
v -202.647888 -12.807450 -160.750000
v -202.321472 -11.712438 -160.750000
v -202.321472 -11.712438 -160.000000
v -202.321472 11.712438 -160.750000
v -202.321472 11.712438 -160.000000
v -202.076233 15.942546 -182.500000
v -202.076233 15.942546 -161.000000
v -202.000000 -0.000000 -160.750000
v -202.000000 0.000000 -154.000000
v -201.965927 0.000000 -153.741180
v -201.961792 -16.028587 -182.500000
v -201.961792 -16.028587 -161.000000
v -201.912506 -1.446440 -160.750000
v -201.912506 -1.446440 -154.000000
v -201.912506 1.446440 -160.750000
v -201.912506 1.446440 -154.000000
v -201.878677 -1.442333 -153.741180
v -201.878677 1.442333 -153.741180
v -201.866028 0.000000 -153.500000
v -201.779510 -1.430291 -153.500000
v -201.779510 1.430291 -153.500000
v -201.769623 14.915633 -160.000000
v -201.707108 0.000000 -153.292892
v -201.653488 -15.006540 -160.000000
v -201.651306 -2.871788 -160.750000
v -201.651306 -2.871788 -154.000000
v -201.651306 2.871788 -160.750000
v -201.651306 2.871788 -154.000000
v -201.621750 -1.411136 -153.292892
v -201.621750 1.411136 -153.292892
v -201.618225 -2.863633 -153.741180
v -201.618225 2.863633 -153.741180
v -201.521225 -2.839726 -153.500000
v -201.521225 2.839726 -153.500000
v -201.500000 0.000000 -153.133972
v -201.444519 13.893270 -182.500000
v -201.444519 13.893270 -160.750000
v -201.416153 -1.386172 -153.133972
v -201.416153 1.386172 -153.133972
v -201.366913 -2.801694 -153.292892
v -201.366913 2.801694 -153.292892
v -201.327988 -13.988447 -182.500000
v -201.327988 -13.988447 -160.750000
v -201.258820 0.000000 -153.034073
v -201.220200 -4.255259 -160.750000
v -201.220200 -4.255259 -154.000000
v -201.220200 4.255259 -160.750000
v -201.220200 4.255259 -154.000000
v -201.188339 -4.243176 -153.741180
v -201.188339 4.243176 -153.741180
v -201.176727 -1.357101 -153.034073
v -201.176727 1.357101 -153.034073
v -201.165833 -2.752130 -153.133972
v -201.165833 2.752130 -153.133972
v -201.094925 -4.207751 -153.500000
v -201.094925 4.207751 -153.500000
v -201.073334 -12.898888 -160.750000
v -201.073334 -12.898888 -160.000000
v -201.073334 12.898888 -160.750000
v -201.073334 12.898888 -160.000000
v -201.000000 0.000000 -153.000000
v -200.946335 -4.151397 -153.292892
v -200.946335 4.151397 -153.292892
v -200.931656 -2.694412 -153.034073
v -200.931656 2.694412 -153.034073
v -200.913269 -1.378666 -153.000000
v -200.913269 1.378666 -153.000000
v -200.752686 -4.077956 -153.133972
v -200.752686 4.077956 -153.133972
v -200.654419 -2.735589 -153.000000
v -200.654419 2.735589 -153.000000
v -200.625473 -5.576678 -160.750000
v -200.625473 -5.576678 -154.000000
v -200.625473 5.576678 -160.750000
v -200.625473 5.576678 -154.000000
v -200.595306 -5.560843 -153.741180
v -200.595306 5.560843 -153.741180
v -200.550140 16.991013 -182.500000
v -200.550140 16.991013 -161.000000
v -200.527176 -3.992432 -153.034073
v -200.527176 3.992432 -153.034073
v -200.506851 -5.514417 -153.500000
v -200.506851 5.514417 -153.500000
v -200.428238 -17.066101 -182.500000
v -200.428238 -17.066101 -161.000000
v -200.366135 -5.440564 -153.292892
v -200.366135 5.440564 -153.292892
v -200.294754 15.969288 -160.000000
v -200.227539 -4.049370 -153.000000
v -200.227539 4.049370 -153.000000
v -200.182739 -5.344316 -153.133972
v -200.182739 5.344316 -153.133972
v -200.170486 -16.048716 -160.000000
v -200.023727 14.950747 -182.500000
v -200.023727 14.950747 -160.750000
v -199.969193 -5.232234 -153.034073
v -199.969193 5.232234 -153.034073
v -199.898407 -15.034011 -182.500000
v -199.898407 -15.034011 -160.750000
v -199.875809 -6.816777 -160.750000
v -199.875809 -6.816777 -154.000000
v -199.875809 6.816777 -160.750000
v -199.875809 6.816777 -154.000000
v -199.847763 -6.797421 -153.741180
v -199.847763 6.797421 -153.741180
v -199.765549 -6.740671 -153.500000
v -199.765549 6.740671 -153.500000
v -199.711563 -13.952978 -160.750000
v -199.711563 -13.952978 -160.000000
v -199.711563 13.952978 -160.750000
v -199.711563 13.952978 -160.000000
v -199.639374 -5.299290 -153.000000
v -199.639374 5.299290 -153.000000
v -199.634766 -6.650394 -153.292892
v -199.634766 6.650394 -153.292892
v -199.464310 -6.532744 -153.133972
v -199.464310 6.532744 -153.133972
v -199.265823 -6.395738 -153.034073
v -199.265823 6.395738 -153.034073
v -198.982132 -7.957472 -160.750000
v -198.982132 -7.957472 -154.000000
v -198.982132 7.957472 -160.750000
v -198.982132 7.957472 -154.000000
v -198.956619 -7.934876 -153.741180
v -198.956619 7.934876 -153.741180
v -198.933640 17.893856 -182.500000
v -198.933640 17.893856 -161.000000
v -198.899185 -6.465638 -153.000000
v -198.899185 6.465638 -153.000000
v -198.881851 -7.868630 -153.500000
v -198.881851 7.868630 -153.500000
v -198.805313 -17.957350 -182.500000
v -198.805313 -17.957350 -161.000000
v -198.762894 -7.763248 -153.292892
v -198.762894 7.763248 -153.292892
v -198.726196 16.877607 -160.000000
v -198.607880 -7.625911 -153.133972
v -198.607880 7.625911 -153.133972
v -198.594925 -16.944832 -160.000000
v -198.505890 15.863473 -182.500000
v -198.505890 15.863473 -160.750000
v -198.427353 -7.465978 -153.034073
v -198.427353 7.465978 -153.034073
v -198.373001 -15.934018 -182.500000
v -198.373001 -15.934018 -160.750000
v -198.250137 -14.863893 -160.750000
v -198.250137 -14.863893 -160.000000
v -198.250137 14.863893 -160.750000
v -198.250137 14.863893 -160.000000
v -198.018661 -7.530018 -153.000000
v -198.018661 7.530018 -153.000000
v -197.957474 -8.982129 -160.750000
v -197.957474 -8.982129 -154.000000
v -197.957474 8.982129 -160.750000
v -197.957474 8.982129 -154.000000
v -197.934875 -8.956624 -153.741180
v -197.934875 8.956624 -153.741180
v -197.868637 -8.881847 -153.500000
v -197.868637 8.881847 -153.500000
v -197.763245 -8.762896 -153.292892
v -197.763245 8.762896 -153.292892
v -197.625916 -8.607874 -153.133972
v -197.625916 8.607874 -153.133972
v -197.465973 -8.427347 -153.034073
v -197.465973 8.427347 -153.034073
v -197.240570 18.643339 -182.500000
v -197.240570 18.643339 -161.000000
v -197.106918 -18.694695 -182.500000
v -197.106918 -18.694695 -161.000000
v -197.078217 17.632326 -160.000000
v -197.011658 -8.475646 -153.000000
v -197.011658 8.475646 -153.000000
v -196.941132 -17.686735 -160.000000
v -196.905701 16.622612 -182.500000
v -196.905701 16.622612 -160.750000
v -196.816772 -9.875807 -160.750000
v -196.816772 -9.875807 -154.000000
v -196.816772 9.875807 -160.750000
v -196.816772 9.875807 -154.000000
v -196.797424 -9.847764 -153.741180
v -196.797424 9.847764 -153.741180
v -196.766510 -16.679756 -182.500000
v -196.766510 -16.679756 -160.750000
v -196.740677 -9.765548 -153.500000
v -196.740677 9.765548 -153.500000
v -196.704056 -15.622283 -160.750000
v -196.704056 -15.622283 -160.000000
v -196.704056 15.622283 -160.750000
v -196.704056 15.622283 -160.000000
v -196.650391 -9.634760 -153.292892
v -196.650391 9.634760 -153.292892
v -196.532745 -9.464314 -153.133972
v -196.532745 9.464314 -153.133972
v -196.395737 -9.265826 -153.034073
v -196.395737 9.265826 -153.034073
v -195.894089 -9.287607 -153.000000
v -195.894089 9.287607 -153.000000
v -195.576675 -10.625472 -160.750000
v -195.576675 -10.625472 -154.000000
v -195.576675 10.625472 -160.750000
v -195.576675 10.625472 -154.000000
v -195.560837 -10.595301 -153.741180
v -195.560837 10.595301 -153.741180
v -195.514420 -10.506844 -153.500000
v -195.514420 10.506844 -153.500000
v -195.485443 19.233042 -182.500000
v -195.485443 19.233042 -161.000000
v -195.440567 -10.366128 -153.292892
v -195.440567 10.366128 -153.292892
v -195.365814 18.226574 -160.000000
v -195.347626 -19.271816 -182.500000
v -195.347626 -19.271816 -161.000000
v -195.344315 -10.182744 -153.133972
v -195.344315 10.182744 -153.133972
v -195.238647 17.220816 -182.500000
v -195.238647 17.220816 -160.750000
v -195.232239 -9.969189 -153.034073
v -195.232239 9.969189 -153.034073
v -195.224182 -18.267675 -160.000000
v -195.094528 -17.264004 -182.500000
v -195.094528 -17.264004 -160.750000
v -195.089172 -16.220367 -160.750000
v -195.089172 -16.220367 -160.000000
v -195.089172 16.220367 -160.750000
v -195.089172 16.220367 -160.000000
v -194.683578 -9.953097 -153.000000
v -194.683578 9.953097 -153.000000
v -194.255264 -11.220195 -160.750000
v -194.255264 -11.220195 -154.000000
v -194.255264 11.220195 -160.750000
v -194.255264 11.220195 -154.000000
v -194.243179 -11.188335 -153.741180
v -194.243179 11.188335 -153.741180
v -194.207748 -11.094927 -153.500000
v -194.207748 11.094927 -153.500000
v -194.151398 -10.946335 -153.292892
v -194.151398 10.946335 -153.292892
v -194.077957 -10.752687 -153.133972
v -194.077957 10.752687 -153.133972
v -193.992432 -10.527179 -153.034073
v -193.992432 10.527179 -153.034073
v -193.728012 -0.405446 -154.500000
v -193.728012 -0.405446 -153.000000
v -193.728012 0.405446 -154.500000
v -193.728012 0.405446 -153.000000
v -193.683304 19.657906 -182.500000
v -193.683304 19.657906 -161.000000
v -193.604584 18.654943 -160.000000
v -193.553696 -1.197381 -154.500000
v -193.553696 -1.197381 -153.000000
v -193.553696 1.197381 -154.500000
v -193.553696 1.197381 -153.000000
v -193.542496 -19.683769 -182.500000
v -193.542496 -19.683769 -161.000000
v -193.520889 17.652290 -182.500000
v -193.520889 17.652290 -160.750000
v -193.459686 -18.682362 -160.000000
v -193.422073 -16.652008 -160.750000
v -193.422073 -16.652008 -160.000000
v -193.422073 16.652008 -160.750000
v -193.422073 16.652008 -160.000000
v -193.399185 -10.461621 -153.000000
v -193.399185 10.461621 -153.000000
v -193.373215 -17.681105 -182.500000
v -193.373215 -17.681105 -160.750000
v -193.213211 -1.933327 -154.500000
v -193.213211 -1.933327 -153.000000
v -193.213211 1.933327 -154.500000
v -193.213211 1.933327 -153.000000
v -192.871780 -11.651301 -160.750000
v -192.871780 -11.651301 -154.000000
v -192.871780 11.651301 -160.750000
v -192.871780 11.651301 -154.000000
v -192.863632 -11.618217 -153.741180
v -192.863632 11.618217 -153.741180
v -192.839722 -11.521220 -153.500000
v -192.839722 11.521220 -153.500000
v -192.801697 -11.366920 -153.292892
v -192.801697 11.366920 -153.292892
v -192.752136 -11.165831 -153.133972
v -192.752136 11.165831 -153.133972
v -192.722488 -2.578873 -154.500000
v -192.722488 -2.578873 -153.000000
v -192.722488 2.578873 -154.500000
v -192.722488 2.578873 -153.000000
v -192.694412 -10.931658 -153.034073
v -192.694412 10.931658 -153.034073
v -192.104446 -3.103834 -154.500000
v -192.104446 -3.103834 -153.000000
v -192.104446 3.103834 -154.500000
v -192.104446 3.103834 -153.000000
v -192.061188 -10.805160 -153.000000
v -192.061188 10.805160 -153.000000
v -192.000000 0.000000 -160.000000
v -192.000000 0.000000 -154.500000
v -191.931854 -0.517638 -160.000000
v -191.931854 -0.517638 -154.500000
v -191.931854 0.517638 -160.000000
v -191.931854 0.517638 -154.500000
v -191.849609 19.914289 -182.500000
v -191.849609 19.914289 -161.000000
v -191.810562 18.913536 -160.000000
v -191.769028 17.912859 -182.500000
v -191.769028 17.912859 -160.750000
v -191.732056 -1.000000 -160.000000
v -191.732056 -1.000000 -154.500000
v -191.732056 1.000000 -160.000000
v -191.732056 1.000000 -154.500000
v -191.719864 -16.912779 -160.750000
v -191.719864 -16.912779 -160.000000
v -191.719864 16.912779 -160.750000
v -191.719864 16.912779 -160.000000
v -191.707001 -19.927021 -182.500000
v -191.707001 -19.927021 -161.000000
v -191.663696 -18.927021 -160.000000
v -191.619232 -17.927021 -182.500000
v -191.619232 -17.927021 -160.750000
v -191.446442 -11.912506 -160.750000
v -191.446442 -11.912506 -154.000000
v -191.446442 11.912506 -160.750000
v -191.446442 11.912506 -154.000000
v -191.442337 -11.878681 -153.741180
v -191.442337 11.878681 -153.741180
v -191.430298 -11.779509 -153.500000
v -191.430298 11.779509 -153.500000
v -191.414215 -1.414214 -160.000000
v -191.414215 -1.414214 -154.500000
v -191.414215 1.414214 -160.000000
v -191.414215 1.414214 -154.500000
v -191.411133 -11.621749 -153.292892
v -191.411133 11.621749 -153.292892
v -191.388016 -3.483663 -154.500000
v -191.388016 -3.483663 -153.000000
v -191.388016 3.483663 -154.500000
v -191.388016 3.483663 -153.000000
v -191.386169 -11.416152 -153.133972
v -191.386169 11.416152 -153.133972
v -191.357101 -11.176729 -153.034073
v -191.357101 11.176729 -153.034073
v -191.000000 -1.732051 -160.000000
v -191.000000 -1.732051 -154.500000
v -191.000000 1.732051 -160.000000
v -191.000000 1.732051 -154.500000
v -190.690689 -10.978294 -153.000000
v -190.690689 10.978294 -153.000000
v -190.606689 -3.700599 -154.500000
v -190.606689 -3.700599 -153.000000
v -190.606689 3.700599 -154.500000
v -190.606689 3.700599 -153.000000
v -190.517639 -1.931852 -160.000000
v -190.517639 -1.931852 -154.500000
v -190.517639 1.931852 -160.000000
v -190.517639 1.931852 -154.500000
v -190.000046 18.000000 -182.500000
v -190.000046 18.000000 -160.750000
v -190.000046 19.000000 -160.000000
v -190.000046 20.000000 -182.500000
v -190.000046 20.000000 -161.000000
v -190.000000 -17.000000 -160.750000
v -190.000000 -17.000000 -160.000000
v -190.000000 -12.000000 -160.750000
v -190.000000 -12.000000 -160.000000
v -190.000000 -12.000000 -154.000000
v -190.000000 -11.965926 -153.741180
v -190.000000 -11.866025 -153.500000
v -190.000000 -11.707107 -153.292892
v -190.000000 -11.500000 -153.133972
v -190.000000 -11.258819 -153.034073
v -190.000000 -2.000000 -160.000000
v -190.000000 -2.000000 -154.500000
v -190.000000 2.000000 -160.000000
v -190.000000 2.000000 -154.500000
v -190.000000 11.258819 -153.034073
v -190.000000 11.500000 -153.133972
v -190.000000 11.707107 -153.292892
v -190.000000 11.866025 -153.500000
v -190.000000 11.965926 -153.741180
v -190.000000 12.000000 -160.750000
v -190.000000 12.000000 -160.000000
v -190.000000 12.000000 -154.000000
v -190.000000 17.000000 -160.750000
v -190.000000 17.000000 -160.000000
v -189.796982 -3.744500 -154.500000
v -189.796982 -3.744500 -153.000000
v -189.796982 3.744500 -154.500000
v -189.796982 3.744500 -153.000000
v -189.482361 -1.931852 -160.000000
v -189.482361 -1.931852 -154.500000
v -189.482361 1.931852 -160.000000
v -189.482361 1.931852 -154.500000
v -189.309311 -10.978294 -153.000000
v -189.309311 10.978294 -153.000000
v -189.000000 -1.732051 -160.000000
v -189.000000 -1.732051 -154.500000
v -189.000000 1.732051 -160.000000
v -189.000000 1.732051 -154.500000
v -188.996765 -3.613312 -154.500000
v -188.996765 -3.613312 -153.000000
v -188.996765 3.613312 -154.500000
v -188.996765 3.613312 -153.000000
v -188.642899 -11.176729 -153.034073
v -188.642899 11.176729 -153.034073
v -188.613831 -11.416152 -153.133972
v -188.613831 11.416152 -153.133972
v -188.588867 -11.621749 -153.292892
v -188.588867 11.621749 -153.292892
v -188.585785 -1.414214 -160.000000
v -188.585785 -1.414214 -154.500000
v -188.585785 1.414214 -160.000000
v -188.585785 1.414214 -154.500000
v -188.569702 -11.779509 -153.500000
v -188.569702 11.779509 -153.500000
v -188.557663 -11.878681 -153.741180
v -188.557663 11.878681 -153.741180
v -188.553558 -11.912506 -160.000000
v -188.553558 -11.912506 -154.000000
v -188.553558 11.912506 -160.000000
v -188.553558 11.912506 -154.000000
v -188.267944 -1.000000 -160.000000
v -188.267944 -1.000000 -154.500000
v -188.267944 1.000000 -160.000000
v -188.267944 1.000000 -154.500000
v -188.243469 -3.313170 -154.500000
v -188.243469 -3.313170 -153.000000
v -188.243469 3.313170 -154.500000
v -188.243469 3.313170 -153.000000
v -188.068146 -0.517638 -160.000000
v -188.068146 -0.517638 -154.500000
v -188.068146 0.517638 -160.000000
v -188.068146 0.517638 -154.500000
v -188.000000 0.000000 -160.000000
v -188.000000 0.000000 -154.500000
v -187.938812 -10.805160 -153.000000
v -187.938812 10.805160 -153.000000
v -187.572296 -2.858108 -154.500000
v -187.572296 -2.858108 -153.000000
v -187.572296 2.858108 -154.500000
v -187.572296 2.858108 -153.000000
v -187.500031 12.000000 -160.750000
v -187.500031 12.000000 -160.000000
v -187.500031 17.000000 -160.750000
v -187.500031 17.000000 -160.000000
v -187.500000 -17.000000 -160.750000
v -187.500000 -17.000000 -160.000000
v -187.500000 -12.000000 -160.750000
v -187.500000 -12.000000 -160.000000
v -187.305588 -10.931658 -153.034073
v -187.305588 10.931658 -153.034073
v -187.247864 -11.165831 -153.133972
v -187.247864 11.165831 -153.133972
v -187.198303 -11.366920 -153.292892
v -187.198303 11.366920 -153.292892
v -187.160278 -11.521220 -153.500000
v -187.160278 11.521220 -153.500000
v -187.136368 -11.618217 -153.741180
v -187.136368 11.618217 -153.741180
v -187.128220 -11.651301 -160.000000
v -187.128220 -11.651301 -154.000000
v -187.128220 11.651301 -160.000000
v -187.128220 11.651301 -154.000000
v -187.014648 -2.269403 -154.500000
v -187.014648 -2.269403 -153.000000
v -187.014648 2.269403 -154.500000
v -187.014648 2.269403 -153.000000
v -186.600815 -10.461621 -153.000000
v -186.600815 10.461621 -153.000000
v -186.596588 -1.574584 -154.500000
v -186.596588 -1.574584 -153.000000
v -186.596588 1.574584 -154.500000
v -186.596588 1.574584 -153.000000
v -186.337677 -0.806139 -154.500000
v -186.337677 -0.806139 -153.000000
v -186.337677 0.806139 -154.500000
v -186.337677 0.806139 -153.000000
v -186.250000 -0.000000 -153.000000
v -186.250000 0.000000 -154.500000
v -186.007568 -10.527179 -153.034073
v -186.007568 10.527179 -153.034073
v -185.922043 -10.752687 -153.133972
v -185.922043 10.752687 -153.133972
v -185.848602 -10.946335 -153.292892
v -185.848602 10.946335 -153.292892
v -185.792252 -11.094927 -153.500000
v -185.792252 11.094927 -153.500000
v -185.756821 -11.188335 -153.741180
v -185.756821 11.188335 -153.741180
v -185.744736 -11.220195 -160.000000
v -185.744736 -11.220195 -154.000000
v -185.744736 11.220195 -160.000000
v -185.744736 11.220195 -154.000000
v -185.316422 -9.953097 -153.000000
v -185.316422 9.953097 -153.000000
v -184.767761 -9.969189 -153.034073
v -184.767761 9.969189 -153.034073
v -184.655685 -10.182744 -153.133972
v -184.655685 10.182744 -153.133972
v -184.559433 -10.366128 -153.292892
v -184.559433 10.366128 -153.292892
v -184.485580 -10.506844 -153.500000
v -184.485580 10.506844 -153.500000
v -184.439163 -10.595301 -153.741180
v -184.439163 10.595301 -153.741180
v -184.423325 -10.625472 -160.000000
v -184.423325 -10.625472 -154.000000
v -184.423325 10.625472 -160.000000
v -184.423325 10.625472 -154.000000
v -184.105911 -9.287607 -153.000000
v -184.105911 9.287607 -153.000000
v -183.604263 -9.265826 -153.034073
v -183.604263 9.265826 -153.034073
v -183.467255 -9.464314 -153.133972
v -183.467255 9.464314 -153.133972
v -183.349609 -9.634760 -153.292892
v -183.349609 9.634760 -153.292892
v -183.259323 -9.765548 -153.500000
v -183.259323 9.765548 -153.500000
v -183.202576 -9.847764 -153.741180
v -183.202576 9.847764 -153.741180
v -183.183228 -9.875807 -160.000000
v -183.183228 -9.875807 -154.000000
v -183.183228 9.875807 -160.000000
v -183.183228 9.875807 -154.000000
v -182.988342 -8.475646 -153.000000
v -182.988342 8.475646 -153.000000
v -182.534027 -8.427347 -153.034073
v -182.534027 8.427347 -153.034073
v -182.374084 -8.607874 -153.133972
v -182.374084 8.607874 -153.133972
v -182.236755 -8.762896 -153.292892
v -182.236755 8.762896 -153.292892
v -182.131363 -8.881847 -153.500000
v -182.131363 8.881847 -153.500000
v -182.065125 -8.956624 -153.741180
v -182.065125 8.956624 -153.741180
v -182.042526 -8.982129 -160.000000
v -182.042526 -8.982129 -154.000000
v -182.042526 8.982129 -160.000000
v -182.042526 8.982129 -154.000000
v -181.981339 -7.530018 -153.000000
v -181.981339 7.530018 -153.000000
v -181.572647 -7.465978 -153.034073
v -181.572647 7.465978 -153.034073
v -181.392120 -7.625911 -153.133972
v -181.392120 7.625911 -153.133972
v -181.237106 -7.763248 -153.292892
v -181.237106 7.763248 -153.292892
v -181.118149 -7.868630 -153.500000
v -181.118149 7.868630 -153.500000
v -181.100815 -6.465638 -153.000000
v -181.100815 6.465638 -153.000000
v -181.043381 -7.934876 -153.741180
v -181.043381 7.934876 -153.741180
v -181.017868 -7.957472 -160.000000
v -181.017868 -7.957472 -154.000000
v -181.017868 7.957472 -160.000000
v -181.017868 7.957472 -154.000000
v -180.734177 -6.395738 -153.034073
v -180.734177 6.395738 -153.034073
v -180.535690 -6.532744 -153.133972
v -180.535690 6.532744 -153.133972
v -180.365234 -6.650394 -153.292892
v -180.365234 6.650394 -153.292892
v -180.360626 -5.299290 -153.000000
v -180.360626 5.299290 -153.000000
v -180.234451 -6.740671 -153.500000
v -180.234451 6.740671 -153.500000
v -180.152237 -6.797421 -153.741180
v -180.152237 6.797421 -153.741180
v -180.124191 -6.816777 -160.000000
v -180.124191 -6.816777 -154.000000
v -180.124191 6.816777 -160.000000
v -180.124191 6.816777 -154.000000
v -180.030807 -5.232234 -153.034073
v -180.030807 5.232234 -153.034073
v -179.817261 -5.344316 -153.133972
v -179.817261 5.344316 -153.133972
v -179.772461 -4.049370 -153.000000
v -179.772461 4.049370 -153.000000
v -179.633865 -5.440564 -153.292892
v -179.633865 5.440564 -153.292892
v -179.493149 -5.514417 -153.500000
v -179.493149 5.514417 -153.500000
v -179.472824 -3.992432 -153.034073
v -179.472824 3.992432 -153.034073
v -179.404694 -5.560843 -153.741180
v -179.404694 5.560843 -153.741180
v -179.374527 -5.576678 -160.000000
v -179.374527 -5.576678 -154.000000
v -179.374527 5.576678 -160.000000
v -179.374527 5.576678 -154.000000
v -179.345581 -2.735589 -153.000000
v -179.345581 2.735589 -153.000000
v -179.247314 -4.077956 -153.133972
v -179.247314 4.077956 -153.133972
v -179.086731 -1.378666 -153.000000
v -179.086731 1.378666 -153.000000
v -179.068344 -2.694412 -153.034073
v -179.068344 2.694412 -153.034073
v -179.053665 -4.151397 -153.292892
v -179.053665 4.151397 -153.292892
v -179.000000 -0.000000 -153.000000
v -178.905075 -4.207751 -153.500000
v -178.905075 4.207751 -153.500000
v -178.834167 -2.752130 -153.133972
v -178.834167 2.752130 -153.133972
v -178.823273 -1.357101 -153.034073
v -178.823273 1.357101 -153.034073
v -178.811661 -4.243176 -153.741180
v -178.811661 4.243176 -153.741180
v -178.779800 -4.255259 -160.000000
v -178.779800 -4.255259 -154.000000
v -178.779800 4.255259 -160.000000
v -178.779800 4.255259 -154.000000
v -178.741180 -0.000000 -153.034073
v -178.633087 -2.801694 -153.292892
v -178.633087 2.801694 -153.292892
v -178.583847 -1.386172 -153.133972
v -178.583847 1.386172 -153.133972
v -178.500000 -0.000000 -153.133972
v -178.478775 -2.839726 -153.500000
v -178.478775 2.839726 -153.500000
v -178.381775 -2.863633 -153.741180
v -178.381775 2.863633 -153.741180
v -178.378250 -1.411136 -153.292892
v -178.378250 1.411136 -153.292892
v -178.348694 -2.871788 -160.000000
v -178.348694 -2.871788 -154.000000
v -178.348694 2.871788 -160.000000
v -178.348694 2.871788 -154.000000
v -178.292892 -0.000000 -153.292892
v -178.220490 -1.430291 -153.500000
v -178.220490 1.430291 -153.500000
v -178.133972 0.000000 -153.500000
v -178.121323 -1.442333 -153.741180
v -178.121323 1.442333 -153.741180
v -178.087494 -1.446440 -160.000000
v -178.087494 -1.446440 -154.000000
v -178.087494 1.446440 -160.000000
v -178.087494 1.446440 -154.000000
v -178.034073 0.000000 -153.741180
v -178.000000 0.000000 -160.000000
v -178.000000 0.000000 -154.000000
v -176.952957 -17.927021 -182.500000
v -176.952957 -17.927021 -170.500000
v -176.952942 18.000000 -182.500000
v -176.952942 18.000000 -170.500000
v -176.473083 -17.868597 -182.500000
v -176.473083 -17.868597 -176.500000
v -176.473083 -17.868597 -170.500000
v -176.473068 17.941576 -182.500000
v -176.473068 17.941576 -176.500000
v -176.473068 17.941576 -170.500000
v -176.021240 -17.696743 -182.500000
v -176.021240 -17.696743 -176.500000
v -176.021240 -17.696743 -170.500000
v -176.021225 17.769716 -182.500000
v -176.021225 17.769716 -176.500000
v -176.021225 17.769716 -170.500000
v -175.623840 -17.421494 -182.500000
v -175.623840 -17.421494 -176.500000
v -175.623840 -17.421494 -170.500000
v -175.623810 17.494463 -182.500000
v -175.623810 17.494463 -176.500000
v -175.623810 17.494463 -170.500000
v -175.304092 -17.058935 -182.500000
v -175.304092 -17.058935 -176.500000
v -175.304092 -17.058935 -170.500000
v -175.304062 17.131895 -182.500000
v -175.304062 17.131895 -176.500000
v -175.304062 17.131895 -170.500000
v -175.080658 -16.630245 -182.500000
v -175.080658 -16.630245 -176.500000
v -175.080658 -16.630245 -170.500000
v -175.080643 16.703199 -182.500000
v -175.080643 16.703199 -176.500000
v -175.080643 16.703199 -170.500000
v -174.988983 -14.880476 -182.500000
v -174.988983 -14.880476 -170.500000
v -174.988983 14.953408 -182.500000
v -174.988983 14.953408 -170.500000
v -174.968643 -15.677059 -182.500000
v -174.968643 -15.677059 -170.500000
v -174.968628 15.750000 -182.500000
v -174.968628 15.750000 -170.500000
v -174.966629 -16.160473 -182.500000
v -174.966629 -16.160473 -176.500000
v -174.966629 -16.160473 -170.500000
v -174.966614 16.233418 -182.500000
v -174.966614 16.233418 -176.500000
v -174.966614 16.233418 -170.500000
v -174.851044 14.168586 -182.500000
v -174.851044 14.168586 -170.500000
v -174.851028 -14.095665 -182.500000
v -174.851028 -14.095665 -170.500000
v -174.560272 13.426682 -182.500000
v -174.560272 13.426682 -170.500000
v -174.560242 -13.353773 -182.500000
v -174.560242 -13.353773 -170.500000
v -174.128204 12.757136 -182.500000
v -174.128204 12.757136 -170.500000
v -174.128174 -12.684240 -182.500000
v -174.128174 -12.684240 -170.500000
v -173.571991 12.186522 -182.500000
v -173.571991 12.186522 -170.500000
v -173.571960 -12.113639 -182.500000
v -173.571960 -12.113639 -170.500000
v -172.913696 11.737486 -182.500000
v -172.913696 11.737486 -170.500000
v -172.913681 -11.664612 -182.500000
v -172.913681 -11.664612 -170.500000
v -172.449997 -15.177136 -182.500000
v -172.449997 -15.177136 -176.500000
v -172.449997 -15.177136 -170.500000
v -172.449997 15.250000 -182.500000
v -172.449997 15.250000 -176.500000
v -172.449997 15.250000 -170.500000
v -172.400589 -15.552424 -182.500000
v -172.400589 -15.552424 -176.500000
v -172.400589 -15.552424 -170.500000
v -172.400589 -14.801849 -182.500000
v -172.400589 -14.801849 -176.500000
v -172.400589 -14.801849 -170.500000
v -172.400589 14.874713 -182.500000
v -172.400589 14.874713 -176.500000
v -172.400589 14.874713 -170.500000
v -172.400589 15.625288 -182.500000
v -172.400589 15.625288 -176.500000
v -172.400589 15.625288 -170.500000
v -172.255737 -15.902137 -182.500000
v -172.255737 -15.902137 -176.500000
v -172.255737 -15.902137 -170.500000
v -172.255737 -14.452137 -182.500000
v -172.255737 -14.452137 -176.500000
v -172.255737 -14.452137 -170.500000
v -172.255737 14.525001 -182.500000
v -172.255737 14.525001 -176.500000
v -172.255737 14.525001 -170.500000
v -172.255737 15.975000 -182.500000
v -172.255737 15.975000 -176.500000
v -172.255737 15.975000 -170.500000
v -172.179474 11.427847 -182.500000
v -172.179474 11.427847 -170.500000
v -172.179459 -11.354979 -182.500000
v -172.179459 -11.354979 -170.500000
v -172.025299 -16.202442 -182.500000
v -172.025299 -16.202442 -176.500000
v -172.025299 -16.202442 -170.500000
v -172.025299 -14.151832 -182.500000
v -172.025299 -14.151832 -176.500000
v -172.025299 -14.151832 -170.500000
v -172.025299 14.224695 -182.500000
v -172.025299 14.224695 -176.500000
v -172.025299 14.224695 -170.500000
v -172.025299 16.275305 -182.500000
v -172.025299 16.275305 -176.500000
v -172.025299 16.275305 -170.500000
v -171.725006 -16.432873 -182.500000
v -171.725006 -16.432873 -176.500000
v -171.725006 -16.432873 -170.500000
v -171.725006 -13.921400 -182.500000
v -171.725006 -13.921400 -176.500000
v -171.725006 -13.921400 -170.500000
v -171.725006 13.994264 -182.500000
v -171.725006 13.994264 -176.500000
v -171.725006 13.994264 -170.500000
v -171.725006 16.505737 -182.500000
v -171.725006 16.505737 -176.500000
v -171.725006 16.505737 -170.500000
v -171.398422 -11.197028 -182.500000
v -171.398422 -11.197028 -170.500000
v -171.398422 11.269893 -182.500000
v -171.398422 11.269893 -170.500000
v -171.375290 -16.577728 -182.500000
v -171.375290 -16.577728 -176.500000
v -171.375290 -16.577728 -170.500000
v -171.375290 -13.776545 -182.500000
v -171.375290 -13.776545 -176.500000
v -171.375290 -13.776545 -170.500000
v -171.375290 13.849408 -182.500000
v -171.375290 13.849408 -176.500000
v -171.375290 13.849408 -170.500000
v -171.375290 16.650593 -182.500000
v -171.375290 16.650593 -176.500000
v -171.375290 16.650593 -170.500000
v -171.000000 -16.627136 -182.500000
v -171.000000 -16.627136 -176.500000
v -171.000000 -16.627136 -170.500000
v -171.000000 -13.727137 -182.500000
v -171.000000 -13.727137 -176.500000
v -171.000000 -13.727137 -170.500000
v -171.000000 13.800000 -182.500000
v -171.000000 13.800000 -176.500000
v -171.000000 13.800000 -170.500000
v -171.000000 16.700001 -182.500000
v -171.000000 16.700001 -176.500000
v -171.000000 16.700001 -170.500000
v -170.624710 -16.577728 -182.500000
v -170.624710 -16.577728 -176.500000
v -170.624710 -16.577728 -170.500000
v -170.624710 -13.776545 -182.500000
v -170.624710 -13.776545 -176.500000
v -170.624710 -13.776545 -170.500000
v -170.624710 13.849408 -182.500000
v -170.624710 13.849408 -176.500000
v -170.624710 13.849408 -170.500000
v -170.624710 16.650593 -182.500000
v -170.624710 16.650593 -176.500000
v -170.624710 16.650593 -170.500000
v -170.601578 -11.197028 -182.500000
v -170.601578 -11.197028 -170.500000
v -170.601578 11.269893 -182.500000
v -170.601578 11.269893 -170.500000
v -170.274994 -16.432873 -182.500000
v -170.274994 -16.432873 -176.500000
v -170.274994 -16.432873 -170.500000
v -170.274994 -13.921400 -182.500000
v -170.274994 -13.921400 -176.500000
v -170.274994 -13.921400 -170.500000
v -170.274994 13.994264 -182.500000
v -170.274994 13.994264 -176.500000
v -170.274994 13.994264 -170.500000
v -170.274994 16.505737 -182.500000
v -170.274994 16.505737 -176.500000
v -170.274994 16.505737 -170.500000
v -169.974701 -16.202442 -182.500000
v -169.974701 -16.202442 -176.500000
v -169.974701 -16.202442 -170.500000
v -169.974701 -14.151832 -182.500000
v -169.974701 -14.151832 -176.500000
v -169.974701 -14.151832 -170.500000
v -169.974701 14.224695 -182.500000
v -169.974701 14.224695 -176.500000
v -169.974701 14.224695 -170.500000
v -169.974701 16.275305 -182.500000
v -169.974701 16.275305 -176.500000
v -169.974701 16.275305 -170.500000
v -169.820541 -11.354979 -182.500000
v -169.820541 -11.354979 -170.500000
v -169.820526 11.427847 -182.500000
v -169.820526 11.427847 -170.500000
v -169.744263 -15.902137 -182.500000
v -169.744263 -15.902137 -176.500000
v -169.744263 -15.902137 -170.500000
v -169.744263 -14.452137 -182.500000
v -169.744263 -14.452137 -176.500000
v -169.744263 -14.452137 -170.500000
v -169.744263 14.525001 -182.500000
v -169.744263 14.525001 -176.500000
v -169.744263 14.525001 -170.500000
v -169.744263 15.975000 -182.500000
v -169.744263 15.975000 -176.500000
v -169.744263 15.975000 -170.500000
v -169.599411 -15.552424 -182.500000
v -169.599411 -15.552424 -176.500000
v -169.599411 -15.552424 -170.500000
v -169.599411 -14.801849 -182.500000
v -169.599411 -14.801849 -176.500000
v -169.599411 -14.801849 -170.500000
v -169.599411 14.874713 -182.500000
v -169.599411 14.874713 -176.500000
v -169.599411 14.874713 -170.500000
v -169.599411 15.625288 -182.500000
v -169.599411 15.625288 -176.500000
v -169.599411 15.625288 -170.500000
v -169.550003 -15.177136 -182.500000
v -169.550003 -15.177136 -176.500000
v -169.550003 -15.177136 -170.500000
v -169.550003 15.250000 -182.500000
v -169.550003 15.250000 -176.500000
v -169.550003 15.250000 -170.500000
v -169.086319 -11.664612 -182.500000
v -169.086319 -11.664612 -170.500000
v -169.086304 11.737486 -182.500000
v -169.086304 11.737486 -170.500000
v -168.428040 -12.113639 -182.500000
v -168.428040 -12.113639 -170.500000
v -168.428009 12.186522 -182.500000
v -168.428009 12.186522 -170.500000
v -167.871826 -12.684240 -182.500000
v -167.871826 -12.684240 -170.500000
v -167.871796 12.757136 -182.500000
v -167.871796 12.757136 -170.500000
v -167.578430 -8.678266 -160.750000
v -167.578430 8.678266 -160.750000
v -167.439758 -13.353773 -182.500000
v -167.439758 -13.353773 -170.500000
v -167.439728 13.426682 -182.500000
v -167.439728 13.426682 -170.500000
v -167.148972 -14.095665 -182.500000
v -167.148972 -14.095665 -170.500000
v -167.148956 14.168586 -182.500000
v -167.148956 14.168586 -170.500000
v -167.060791 -8.742726 -160.681854
v -167.060791 0.000000 -160.681854
v -167.060791 8.742726 -160.681854
v -167.033386 16.233418 -182.500000
v -167.033386 16.233418 -176.500000
v -167.033386 16.233418 -170.500000
v -167.033371 -16.160473 -182.500000
v -167.033371 -16.160473 -176.500000
v -167.033371 -16.160473 -170.500000
v -167.031372 15.750000 -182.500000
v -167.031372 15.750000 -170.500000
v -167.031357 -15.677059 -182.500000
v -167.031357 -15.677059 -170.500000
v -167.011017 -14.880476 -182.500000
v -167.011017 -14.880476 -170.500000
v -167.011017 14.953408 -182.500000
v -167.011017 14.953408 -170.500000
v -167.000000 -12.927021 -160.000000
v -167.000000 -12.927021 -155.000000
v -167.000000 13.000000 -160.000000
v -167.000000 13.000000 -155.000000
v -166.940109 -13.840704 -154.940109
v -166.940109 13.913683 -154.940109
v -166.924408 -13.953009 -160.000000
v -166.924408 14.025988 -160.000000
v -166.919357 16.703199 -182.500000
v -166.919357 16.703199 -176.500000
v -166.919357 16.703199 -170.500000
v -166.919342 -16.630245 -182.500000
v -166.919342 -16.630245 -176.500000
v -166.919342 -16.630245 -170.500000
v -166.761475 -14.738754 -154.761475
v -166.761475 14.811733 -154.761475
v -166.699249 -14.956835 -160.000000
v -166.699249 15.029814 -160.000000
v -166.695938 17.131895 -182.500000
v -166.695938 17.131895 -176.500000
v -166.695938 17.131895 -170.500000
v -166.695908 -17.058935 -182.500000
v -166.695908 -17.058935 -176.500000
v -166.695908 -17.058935 -170.500000
v -166.578430 -8.802794 -160.482056
v -166.578430 0.000000 -160.482056
v -166.578430 8.802794 -160.482056
v -166.467163 -15.605804 -154.551849
v -166.467163 15.678784 -154.551849
v -166.376190 17.494463 -182.500000
v -166.376190 17.494463 -176.500000
v -166.376190 17.494463 -170.500000
v -166.376160 -17.421494 -182.500000
v -166.376160 -17.421494 -176.500000
v -166.376160 -17.421494 -170.500000
v -166.329391 -15.916820 -160.000000
v -166.329391 15.989799 -160.000000
v -166.164215 -8.854375 -160.164215
v -166.164215 8.854375 -160.164215
v -166.062180 -16.427021 -154.399490
v -166.062180 16.500000 -154.399490
v -165.978775 17.769716 -182.500000
v -165.978775 17.769716 -176.500000
v -165.978775 17.769716 -170.500000
v -165.978760 -17.696743 -182.500000
v -165.978760 -17.696743 -176.500000
v -165.978760 -17.696743 -170.500000
v -165.822815 -16.812225 -160.000000
v -165.822815 16.885204 -160.000000
v -165.553467 -17.188351 -154.307022
v -165.553467 17.261330 -154.307022
v -165.526932 17.941576 -182.500000
v -165.526932 17.941576 -176.500000
v -165.526932 17.941576 -170.500000
v -165.526917 -17.868597 -182.500000
v -165.526917 -17.868597 -176.500000
v -165.526917 -17.868597 -170.500000
v -165.190475 -17.623714 -160.000000
v -165.190475 17.696693 -160.000000
v -165.047058 18.000000 -182.500000
v -165.047058 18.000000 -170.500000
v -165.047043 -17.927021 -182.500000
v -165.047043 -17.927021 -170.500000
v -164.949753 -17.876768 -154.276031
v -164.949753 17.949747 -154.276031
v -164.446030 -18.333759 -160.000000
v -164.446030 18.406738 -160.000000
v -164.261337 -18.480494 -154.307022
v -164.261337 18.553473 -154.307022
v -163.605545 -18.927021 -160.000000
v -163.605545 19.000000 -160.000000
v -163.500000 -18.989199 -154.399490
v -163.500000 19.062178 -154.399490
v -162.763443 -19.358461 -160.431442
v -162.763443 19.431440 -160.431442
v -162.678787 -19.394178 -154.551849
v -162.678787 19.467157 -154.551849
v -162.000000 -9.977273 -150.000000
v -162.000000 10.050253 -150.000000
v -161.978806 -10.527390 -150.000000
v -161.978806 10.600369 -150.000000
v -161.915314 -11.053957 -150.000000
v -161.915314 11.126936 -150.000000
v -161.870834 -19.672390 -160.745361
v -161.870834 19.745369 -160.745361
v -161.811737 -19.688501 -154.761475
v -161.811737 19.761480 -154.761475
v -161.809784 -11.554716 -150.000000
v -161.809784 11.627696 -150.000000
v -161.662689 -12.027526 -150.000000
v -161.662689 12.100505 -150.000000
v -161.474640 -12.470361 -150.000000
v -161.474640 12.543340 -150.000000
v -161.410660 -19.783407 -160.856384
v -161.410660 19.856386 -160.856384
v -161.246445 -12.881323 -150.000000
v -161.246445 12.954303 -150.000000
v -160.979095 -13.258656 -150.000000
v -160.979095 13.331635 -150.000000
v -160.944046 -19.863071 -160.936050
v -160.944046 19.936050 -160.936050
v -160.913681 -19.867134 -154.940109
v -160.913681 19.940115 -154.940109
v -160.673721 -13.600740 -150.000000
v -160.673721 13.673719 -150.000000
v -160.473099 -19.911015 -160.983994
v -160.473099 19.983994 -160.983994
v -160.331635 -13.906113 -150.000000
v -160.331635 13.979093 -150.000000
v -160.000000 -19.927021 -161.000000
v -160.000000 -19.927021 -155.000000
v -160.000000 20.000000 -161.000000
v -160.000000 20.000000 -155.000000
v -159.954300 -14.173467 -150.000000
v -159.954300 14.246446 -150.000000
v -159.543335 -14.401656 -150.000000
v -159.543335 14.474635 -150.000000
v -159.100510 -14.589704 -150.000000
v -159.100510 14.662683 -150.000000
v -158.732239 -9.779863 -152.732239
v -158.732239 9.779863 -152.732239
v -158.627701 -14.736805 -150.000000
v -158.627701 14.809784 -150.000000
v -158.214462 -9.844340 -152.334930
v -158.214462 0.000000 -152.334930
v -158.214462 9.844340 -152.334930
v -158.126938 -14.842329 -150.000000
v -158.126938 14.915308 -150.000000
v -157.611511 -9.919424 -152.085190
v -157.611511 0.000000 -152.085190
v -157.611511 9.919424 -152.085190
v -157.600372 -14.905826 -150.000000
v -157.600372 14.978805 -150.000000
v -157.050247 -14.927021 -150.000000
v -157.050247 15.000000 -150.000000
v -156.964462 -10.000000 -152.000000
v -156.964462 10.000000 -152.000000
v -142.432907 18.000000 -182.500000
v -142.432907 18.000000 -160.750000
v -141.901779 20.000000 -182.500000
v -141.901779 20.000000 -158.500000
v -140.151779 19.000000 -159.500000
v -137.324448 15.080873 -182.500000
v -137.324448 15.080873 -160.750000
v -135.877747 12.625884 -160.750000
v -135.877747 12.625884 -159.500000
v -135.871017 16.553846 -182.500000
v -135.871017 16.553846 -159.500000
v -133.715027 12.895204 -159.500000
v -127.328430 -17.927021 -182.500000
v -127.328430 -17.927021 -160.750000
v -126.500000 -19.927021 -182.500000
v -126.500000 -19.927021 -158.500000
v -125.500000 -18.927021 -159.500000
v -124.500000 -15.098594 -182.500000
v -124.500000 -15.098594 -160.750000
v -124.500000 -14.042731 -160.750000
v -124.500000 -14.042731 -159.500000
v -124.500000 -6.681818 -182.500000
v -124.500000 -6.681818 -159.500000
v -122.500000 -15.927021 -182.500000
v -122.500000 -15.927021 -159.500000
v -122.500000 -14.291787 -159.500000
v -122.500000 -6.136364 -182.500000
v -122.500000 -6.136364 -159.500000
v -106.199883 -16.321608 -152.000000
v -106.199883 16.321608 -152.000000
v -106.138275 -16.079466 -152.000000
v -106.138275 16.079466 -152.000000
v -106.018562 -15.860154 -152.000000
v -106.018562 15.860154 -152.000000
v -105.943047 -16.353590 -152.034073
v -105.943047 16.353590 -152.034073
v -105.897385 -16.174120 -152.034073
v -105.897385 16.174120 -152.034073
v -105.848221 -15.677365 -152.000000
v -105.848221 15.677365 -152.000000
v -105.808655 -16.011570 -152.034073
v -105.808655 16.011570 -152.034073
v -105.703712 -16.383394 -152.133972
v -105.703712 16.383394 -152.133972
v -105.682404 -15.876091 -152.034073
v -105.682404 15.876091 -152.034073
v -105.672913 -16.262323 -152.133972
v -105.672913 16.262323 -152.133972
v -105.637878 -15.542510 -152.000000
v -105.637878 15.542510 -152.000000
v -105.613052 -16.152668 -152.133972
v -105.613052 16.152668 -152.133972
v -105.527885 -16.061274 -152.133972
v -105.527885 16.061274 -152.133972
v -105.526505 -15.776138 -152.034073
v -105.526505 15.776138 -152.034073
v -105.498192 -16.408987 -152.292892
v -105.498192 16.408987 -152.292892
v -105.480148 -16.338064 -152.292892
v -105.480148 16.338064 -152.292892
v -105.445091 -16.273830 -152.292892
v -105.445091 16.273830 -152.292892
v -105.422714 -15.993845 -152.133972
v -105.422714 15.993845 -152.133972
v -105.400681 -15.464007 -152.000000
v -105.400681 15.464007 -152.000000
v -105.395195 -16.220293 -152.292892
v -105.395195 16.220293 -152.292892
v -105.350693 -15.717954 -152.034073
v -105.350693 15.717954 -152.034073
v -105.340492 -16.428625 -152.500000
v -105.340492 16.428625 -152.500000
v -105.333588 -16.180794 -152.292892
v -105.333588 16.180794 -152.292892
v -105.332237 -16.396183 -152.500000
v -105.332237 16.396183 -152.500000
v -105.316200 -16.366802 -152.500000
v -105.316200 16.366802 -152.500000
v -105.304115 -15.954594 -152.133972
v -105.304115 15.954594 -152.133972
v -105.293381 -16.342312 -152.500000
v -105.293381 16.342312 -152.500000
v -105.265198 -16.324245 -152.500000
v -105.265198 16.324245 -152.500000
v -105.264114 -16.157801 -152.292892
v -105.264114 16.157801 -152.292892
v -105.241364 -16.440969 -152.741180
v -105.241364 16.440969 -152.741180
v -105.239258 -16.432718 -152.741180
v -105.239258 16.432718 -152.741180
v -105.235184 -16.425245 -152.741180
v -105.235184 16.425245 -152.741180
v -105.233421 -16.313728 -152.500000
v -105.233421 16.313728 -152.500000
v -105.229378 -16.419018 -152.741180
v -105.229378 16.419018 -152.741180
v -105.222214 -16.414423 -152.741180
v -105.222214 16.414423 -152.741180
v -105.214127 -16.411747 -152.741180
v -105.214127 16.411747 -152.741180
v -105.207550 -16.445181 -159.500000
v -105.207550 -16.445181 -153.000000
v -105.207550 16.445181 -159.500000
v -105.207550 16.445181 -153.000000
v -105.205635 -16.411160 -152.741180
v -105.205635 16.411160 -152.741180
v -105.200027 -16.311417 -152.500000
v -105.200027 16.311417 -152.500000
v -105.197258 -16.412695 -152.741180
v -105.197258 16.412695 -152.741180
v -105.191109 -16.152748 -152.292892
v -105.191109 16.152748 -152.292892
v -105.179482 -15.945969 -152.133972
v -105.179482 15.945969 -152.133972
v -105.167099 -16.317457 -152.500000
v -105.167099 16.317457 -152.500000
v -105.165947 -15.705168 -152.034073
v -105.165947 15.705168 -152.034073
v -105.151413 -15.446756 -152.000000
v -105.151413 15.446756 -152.000000
v -105.119125 -16.165953 -152.292892
v -105.119125 16.165953 -152.292892
v -105.056602 -15.968509 -152.133972
v -105.056602 15.968509 -152.133972
v -104.983795 -15.738580 -152.034073
v -104.983795 15.738580 -152.034073
v -104.905663 -15.491837 -152.000000
v -104.905663 15.491837 -152.000000
v -104.413803 -16.610344 -159.500000
v -104.413803 -16.610344 -153.000000
v -104.413803 16.610344 -159.500000
v -104.413803 16.610344 -153.000000
v -104.410278 -16.576452 -152.741180
v -104.410278 16.576452 -152.741180
v -104.399940 -16.477087 -152.500000
v -104.399940 16.477087 -152.500000
v -104.383499 -16.319021 -152.292892
v -104.383499 16.319021 -152.292892
v -104.362076 -16.113026 -152.133972
v -104.362076 16.113026 -152.133972
v -104.337128 -15.873139 -152.034073
v -104.337128 15.873139 -152.034073
v -104.223686 -15.623454 -152.000000
v -104.223686 15.623454 -152.000000
v -103.676613 -15.874538 -152.034073
v -103.676613 15.874538 -152.034073
v -103.652679 -16.114529 -152.133972
v -103.652679 16.114529 -152.133972
v -103.632126 -16.320614 -152.292892
v -103.632126 16.320614 -152.292892
v -103.616356 -16.478748 -152.500000
v -103.616356 16.478748 -152.500000
v -103.606438 -16.578156 -152.741180
v -103.606438 16.578156 -152.741180
v -103.603058 -16.612061 -159.500000
v -103.603058 -16.612061 -153.000000
v -103.603058 16.612061 -159.500000
v -103.603058 16.612061 -153.000000
v -103.529724 -15.594715 -152.000000
v -103.529724 15.594715 -152.000000
v -103.500000 -0.000000 -152.000000
v -103.500000 -0.000000 -150.000000
v -103.412247 -0.778823 -152.000000
v -103.412247 -0.778823 -150.000000
v -103.412247 0.778823 -152.000000
v -103.412247 0.778823 -150.000000
v -103.153389 -1.518593 -152.000000
v -103.153389 -1.518593 -150.000000
v -103.153389 1.518593 -152.000000
v -103.153389 1.518593 -150.000000
v -103.029381 -15.742721 -152.034073
v -103.029381 15.742721 -152.034073
v -102.957542 -15.972955 -152.133972
v -102.957542 15.972955 -152.133972
v -102.895859 -16.170662 -152.292892
v -102.895859 16.170662 -152.292892
v -102.860962 -15.407160 -152.000000
v -102.860962 15.407160 -152.000000
v -102.848526 -16.322369 -152.500000
v -102.848526 16.322369 -152.500000
v -102.818771 -16.417734 -152.741180
v -102.818771 16.417734 -152.741180
v -102.808624 -16.450262 -159.500000
v -102.808624 -16.450262 -153.000000
v -102.808624 16.450262 -159.500000
v -102.808624 16.450262 -153.000000
v -102.736412 -2.182214 -152.000000
v -102.736412 -2.182214 -150.000000
v -102.736412 2.182214 -152.000000
v -102.736412 2.182214 -150.000000
v -102.422020 -15.483100 -152.034073
v -102.422020 15.483100 -152.034073
v -102.305237 -15.694120 -152.133972
v -102.305237 15.694120 -152.133972
v -102.253258 -15.070842 -152.000000
v -102.253258 15.070842 -152.000000
v -102.204948 -15.875328 -152.292892
v -102.204948 15.875328 -152.292892
v -102.182213 -2.736410 -152.000000
v -102.182213 -2.736410 -150.000000
v -102.182213 2.736410 -152.000000
v -102.182213 2.736410 -150.000000
v -102.127998 -16.014374 -152.500000
v -102.127998 16.014374 -152.500000
v -102.079628 -16.101782 -152.741180
v -102.079628 16.101782 -152.741180
v -102.063126 -16.131594 -159.500000
v -102.063126 -16.131594 -153.000000
v -102.063126 16.131594 -159.500000
v -102.063126 16.131594 -153.000000
v -101.879494 -15.106343 -152.034073
v -101.879494 15.106343 -152.034073
v -101.739182 -14.603787 -152.000000
v -101.739182 14.603787 -152.000000
v -101.722557 -15.289481 -152.133972
v -101.722557 15.289481 -152.133972
v -101.587791 -15.446744 -152.292892
v -101.587791 15.446744 -152.292892
v -101.518593 -3.153391 -152.000000
v -101.518593 -3.153391 -150.000000
v -101.518593 3.153391 -152.000000
v -101.518593 3.153391 -150.000000
v -101.484383 -15.567417 -152.500000
v -101.484383 15.567417 -152.500000
v -101.424072 -14.627928 -152.034073
v -101.424072 14.627928 -152.034073
v -101.419380 -15.643275 -152.741180
v -101.419380 15.643275 -152.741180
v -101.397202 -15.669148 -159.500000
v -101.397202 -15.669148 -153.000000
v -101.397202 15.669148 -159.500000
v -101.397202 15.669148 -153.000000
v -101.346291 -14.031032 -152.000000
v -101.346291 14.031032 -152.000000
v -101.233437 -14.775659 -152.133972
v -101.233437 14.775659 -152.133972
v -101.095642 -13.383276 -152.000000
v -101.095642 13.383276 -152.000000
v -101.074478 -14.067509 -152.034073
v -101.074478 14.067509 -152.034073
v -101.069725 -14.902517 -152.292892
v -101.069725 14.902517 -152.292892
v -100.944107 -14.999860 -152.500000
v -100.944107 14.999860 -152.500000
v -100.865143 -15.061052 -152.741180
v -100.865143 15.061052 -152.741180
v -100.857971 -14.173763 -152.133972
v -100.857971 14.173763 -152.133972
v -100.845078 -13.448108 -152.034073
v -100.845078 13.448108 -152.034073
v -100.838211 -15.081923 -159.500000
v -100.838211 -15.081923 -153.000000
v -100.838211 15.081923 -159.500000
v -100.838211 15.081923 -153.000000
v -100.836510 -12.719549 -152.000000
v -100.836510 12.719549 -152.000000
v -100.778824 -3.412248 -152.000000
v -100.778824 -3.412248 -150.000000
v -100.778824 3.412248 -152.000000
v -100.778824 3.412248 -150.000000
v -100.672043 -14.265006 -152.292892
v -100.672043 14.265006 -152.292892
v -100.657692 -12.938538 -152.034073
v -100.657692 12.938538 -152.034073
v -100.611580 -13.508521 -152.133972
v -100.611580 13.508521 -152.133972
v -100.529381 -14.335019 -152.500000
v -100.529381 14.335019 -152.500000
v -100.440689 -13.043785 -152.133972
v -100.440689 13.043785 -152.133972
v -100.439697 -14.379031 -152.741180
v -100.439697 14.379031 -152.741180
v -100.428162 -12.135653 -152.000000
v -100.428162 12.135653 -152.000000
v -100.411079 -13.560399 -152.292892
v -100.411079 13.560399 -152.292892
v -100.409103 -14.394043 -159.500000
v -100.409103 -14.394043 -153.000000
v -100.409103 14.394043 -159.500000
v -100.409103 14.394043 -153.000000
v -100.373550 -12.475894 -152.034073
v -100.373550 12.475894 -152.034073
v -100.257225 -13.600206 -152.500000
v -100.257225 13.600206 -152.500000
v -100.254341 -13.134163 -152.292892
v -100.254341 13.134163 -152.292892
v -100.181549 -12.621847 -152.133972
v -100.181549 12.621847 -152.133972
v -100.160515 -13.625231 -152.741180
v -100.160515 13.625231 -152.741180
v -100.127525 -13.633766 -159.500000
v -100.127525 -13.633766 -153.000000
v -100.127525 13.633766 -159.500000
v -100.127525 13.633766 -153.000000
v -100.111351 -13.203513 -152.500000
v -100.111351 13.203513 -152.500000
v -100.021461 -13.247108 -152.741180
v -100.021461 13.247108 -152.741180
v -100.016670 -12.747180 -152.292892
v -100.016670 12.747180 -152.292892
v -100.003799 -12.078327 -152.034073
v -100.003799 12.078327 -152.034073
v -100.000000 -3.500000 -152.000000
v -100.000000 -3.500000 -150.000000
v -100.000000 3.500000 -152.000000
v -100.000000 3.500000 -150.000000
v -100.000000 15.000000 -150.000000
v -100.000000 19.000000 -159.500000
v -100.000000 20.000000 -158.500000
v -100.000000 20.000000 -155.000000
v -99.954765 -13.191281 -159.500000
v -99.954765 -13.191281 -153.000000
v -99.954765 13.191281 -159.500000
v -99.954765 13.191281 -153.000000
v -99.893639 -11.664524 -152.000000
v -99.893639 11.664524 -152.000000
v -99.890152 -12.843351 -152.500000
v -99.890152 12.843351 -152.500000
v -99.844330 -12.259260 -152.133972
v -99.844330 12.259260 -152.133972
v -99.810623 -12.903807 -152.741180
v -99.810623 12.903807 -152.741180
v -99.707382 -12.414631 -152.292892
v -99.707382 12.414631 -152.292892
v -99.682541 -12.802017 -159.500000
v -99.682541 -12.802017 -153.000000
v -99.682541 12.802017 -159.500000
v -99.682541 12.802017 -153.000000
v -99.602303 -12.533851 -152.500000
v -99.602303 12.533851 -152.500000
v -99.562950 -11.761433 -152.034073
v -99.562950 11.761433 -152.034073
v -99.536247 -12.608795 -152.741180
v -99.536247 12.608795 -152.741180
v -99.442261 -11.970247 -152.133972
v -99.442261 11.970247 -152.133972
v -99.338631 -12.149560 -152.292892
v -99.338631 12.149560 -152.292892
v -99.326187 -12.487931 -159.500000
v -99.326187 -12.487931 -153.000000
v -99.326187 12.487931 -159.500000
v -99.326187 12.487931 -153.000000
v -99.263084 -11.332738 -152.000000
v -99.263084 11.332738 -152.000000
v -99.259109 -12.287152 -152.500000
v -99.259109 12.287152 -152.500000
v -99.221176 -3.412248 -152.000000
v -99.221176 -3.412248 -150.000000
v -99.221176 3.412248 -152.000000
v -99.221176 3.412248 -150.000000
v -99.209114 -12.373646 -152.741180
v -99.209114 12.373646 -152.741180
v -99.068283 -11.537642 -152.034073
v -99.068283 11.537642 -152.034073
v -98.991119 -11.766148 -152.133972
v -98.991119 11.766148 -152.133972
v -98.924858 -11.962368 -152.292892
v -98.924858 11.962368 -152.292892
v -98.905815 -12.266741 -159.500000
v -98.905815 -12.266741 -153.000000
v -98.905815 12.266741 -159.500000
v -98.905815 12.266741 -153.000000
v -98.874016 -12.112934 -152.500000
v -98.874016 12.112934 -152.500000
v -98.842056 -12.207583 -152.741180
v -98.842056 12.207583 -152.741180
v -98.572067 -11.159010 -152.000000
v -98.572067 11.159010 -152.000000
v -98.539215 -11.415736 -152.034073
v -98.539215 11.415736 -152.034073
v -98.522148 -14.927021 -150.000000
v -98.508606 -11.654966 -152.133972
v -98.508606 11.654966 -152.133972
v -98.482315 -11.860398 -152.292892
v -98.482315 11.860398 -152.292892
v -98.481407 -3.153391 -152.000000
v -98.481407 -3.153391 -150.000000
v -98.481407 3.153391 -152.000000
v -98.481407 3.153391 -150.000000
v -98.462143 -12.018031 -152.500000
v -98.462143 12.018031 -152.500000
v -98.449463 -12.117124 -152.741180
v -98.449463 12.117124 -152.741180
v -98.445137 -12.150922 -159.500000
v -98.445137 -12.150922 -153.000000
v -98.445137 12.150922 -159.500000
v -98.445137 12.150922 -153.000000
v -98.373077 14.911510 -150.000000
v -98.336304 -18.927021 -159.500000
v -98.292999 -19.927021 -158.500000
v -98.292999 -19.927021 -155.000000
v -98.189491 18.913542 -159.500000
v -98.150444 19.914295 -158.500000
v -98.150444 19.914295 -155.000000
v -97.817787 -2.736410 -152.000000
v -97.817787 -2.736410 -150.000000
v -97.817787 2.736410 -152.000000
v -97.817787 2.736410 -150.000000
v -97.263588 -2.182214 -152.000000
v -97.263588 -2.182214 -150.000000
v -97.263588 2.182214 -152.000000
v -97.263588 2.182214 -150.000000
v -97.186256 -10.892444 -152.000000
v -97.186256 10.892444 -152.000000
v -97.179840 -11.157939 -152.034073
v -97.179840 11.157939 -152.034073
v -97.120743 -11.391768 -152.133972
v -97.120743 11.391768 -152.133972
v -97.069992 -11.592560 -152.292892
v -97.069992 11.592560 -152.292892
v -97.031044 -11.746634 -152.500000
v -97.031044 11.746634 -152.500000
v -97.006569 -11.843488 -152.741180
v -97.006569 11.843488 -152.741180
v -96.998215 -11.876523 -159.500000
v -96.998215 -11.876523 -153.000000
v -96.998215 11.876523 -159.500000
v -96.998215 11.876523 -153.000000
v -96.911858 -14.678671 -150.000000
v -96.846611 -1.518593 -152.000000
v -96.846611 -1.518593 -150.000000
v -96.846611 1.518593 -152.000000
v -96.846611 1.518593 -150.000000
v -96.765350 14.647083 -150.000000
v -96.587753 -0.778823 -152.000000
v -96.587753 -0.778823 -150.000000
v -96.587753 0.778823 -152.000000
v -96.587753 0.778823 -150.000000
v -96.540321 -18.682360 -159.500000
v -96.500000 -0.000000 -152.000000
v -96.500000 -0.000000 -150.000000
v -96.457504 -19.683769 -158.500000
v -96.457504 -19.683769 -155.000000
v -96.395454 18.654953 -159.500000
v -96.316734 19.657913 -158.500000
v -96.316734 19.657913 -155.000000
v -95.861221 -10.738875 -152.034073
v -95.861221 10.738875 -152.034073
v -95.844719 -10.454478 -152.000000
v -95.844719 10.454478 -152.000000
v -95.774490 -10.963922 -152.133972
v -95.774490 10.963922 -152.133972
v -95.700012 -11.157172 -152.292892
v -95.700012 11.157172 -152.292892
v -95.642860 -11.305460 -152.500000
v -95.642860 11.305460 -152.500000
v -95.606934 -11.398677 -152.741180
v -95.606934 11.398677 -152.741180
v -95.594681 -11.430471 -159.500000
v -95.594681 -11.430471 -153.000000
v -95.594681 11.430471 -159.500000
v -95.594681 11.430471 -153.000000
v -95.338005 -14.257132 -150.000000
v -95.195786 14.209840 -150.000000
v -94.775818 -18.267673 -159.500000
v -94.652374 -19.271816 -158.500000
v -94.652374 -19.271816 -155.000000
v -94.634224 18.226585 -159.500000
v -94.602425 -10.164600 -152.034073
v -94.602425 10.164600 -152.034073
v -94.568565 -9.852006 -152.000000
v -94.568565 9.852006 -152.000000
v -94.514595 19.233053 -158.500000
v -94.514595 19.233053 -155.000000
v -94.489311 -10.377612 -152.133972
v -94.489311 10.377612 -152.133972
v -94.392181 -10.560529 -152.292892
v -94.392181 10.560529 -152.292892
v -94.317650 -10.700886 -152.500000
v -94.317650 10.700886 -152.500000
v -94.270798 -10.789118 -152.741180
v -94.270798 10.789118 -152.741180
v -94.254814 -10.819213 -159.500000
v -94.254814 -10.819213 -153.000000
v -94.254814 10.819213 -159.500000
v -94.254814 10.819213 -153.000000
v -93.819160 -13.667377 -150.000000
v -93.682907 13.604939 -150.000000
v -93.421638 -9.443416 -152.034073
v -93.421638 9.443416 -152.034073
v -93.377884 -9.094506 -152.000000
v -93.377884 9.094506 -152.000000
v -93.283783 -9.641314 -152.133972
v -93.283783 9.641314 -152.133972
v -93.165405 -9.811253 -152.292892
v -93.165405 9.811253 -152.292892
v -93.074562 -9.941651 -152.500000
v -93.074562 9.941651 -152.500000
v -93.058861 -17.686735 -159.500000
v -93.017464 -10.023623 -152.741180
v -93.017464 10.023623 -152.741180
v -92.997986 -10.051582 -159.500000
v -92.997986 -10.051582 -153.000000
v -92.997986 10.051582 -159.500000
v -92.997986 10.051582 -153.000000
v -92.921829 17.632341 -159.500000
v -92.893074 -18.694695 -158.500000
v -92.893074 -18.694695 -155.000000
v -92.759468 18.643354 -158.500000
v -92.759468 18.643354 -155.000000
v -92.373238 -12.916365 -150.000000
v -92.335930 -8.585743 -152.034073
v -92.335930 8.585743 -152.034073
v -92.291397 -8.193899 -152.000000
v -92.291397 8.193899 -152.000000
v -92.244560 12.839517 -150.000000
v -92.175323 -8.765668 -152.133972
v -92.175323 8.765668 -152.133972
v -92.037407 -8.920173 -152.292892
v -92.037407 8.920173 -152.292892
v -91.931572 -9.038728 -152.500000
v -91.931572 9.038728 -152.500000
v -91.865051 -9.113256 -152.741180
v -91.865051 9.113256 -152.741180
v -91.842361 -9.138675 -159.500000
v -91.842361 -9.138675 -153.000000
v -91.842361 9.138675 -159.500000
v -91.842361 9.138675 -153.000000
v -91.405075 -16.944830 -159.500000
v -91.360992 -7.603980 -152.034073
v -91.360992 7.603980 -152.034073
v -91.326218 -7.164356 -152.000000
v -91.326218 7.164356 -152.000000
v -91.273849 16.877626 -159.500000
v -91.194679 -17.957348 -158.500000
v -91.194679 -17.957348 -155.000000
v -91.179955 -7.763330 -152.133972
v -91.179955 7.763330 -152.133972
v -91.066399 17.893873 -158.500000
v -91.066399 17.893873 -155.000000
v -91.024490 -7.900167 -152.292892
v -91.024490 7.900167 -152.292892
v -91.017303 -12.012956 -150.000000
v -90.905197 -8.005166 -152.500000
v -90.905197 8.005166 -152.500000
v -90.897720 11.922605 -150.000000
v -90.830208 -8.071172 -152.741180
v -90.830208 8.071172 -152.741180
v -90.804634 -8.093685 -159.500000
v -90.804634 -8.093685 -153.000000
v -90.804634 8.093685 -159.500000
v -90.804634 8.093685 -153.000000
v -90.510918 -6.512315 -152.034073
v -90.510918 6.512315 -152.034073
v -90.497520 -6.022078 -152.000000
v -90.497520 6.022078 -152.000000
v -90.312065 -6.648788 -152.133972
v -90.312065 6.648788 -152.133972
v -90.141304 -6.765980 -152.292892
v -90.141304 6.765980 -152.292892
v -90.010277 -6.855905 -152.500000
v -90.010277 6.855905 -152.500000
v -89.927902 -6.912434 -152.741180
v -89.927902 6.912434 -152.741180
v -89.899811 -6.931715 -159.500000
v -89.899811 -6.931715 -153.000000
v -89.899811 6.931715 -159.500000
v -89.899811 6.931715 -153.000000
v -89.829514 -16.048712 -159.500000
v -89.818352 -4.785038 -152.000000
v -89.818352 4.785038 -152.000000
v -89.797989 -5.326526 -152.034073
v -89.797989 5.326526 -152.034073
v -89.767349 -10.967810 -150.000000
v -89.705284 15.969309 -159.500000
v -89.658272 10.865022 -150.000000
v -89.584190 -5.438150 -152.133972
v -89.584190 5.438150 -152.133972
v -89.571754 -17.066097 -158.500000
v -89.571754 -17.066097 -155.000000
v -89.449890 16.991032 -158.500000
v -89.449890 16.991032 -155.000000
v -89.400604 -5.534003 -152.292892
v -89.400604 5.534003 -152.292892
v -89.299400 -3.472703 -152.000000
v -89.299400 3.472703 -152.000000
v -89.259727 -5.607554 -152.500000
v -89.259727 5.607554 -152.500000
v -89.232513 -4.063753 -152.034073
v -89.232513 4.063753 -152.034073
v -89.171173 -5.653790 -152.741180
v -89.171173 5.653790 -152.741180
v -89.140968 -5.669560 -159.500000
v -89.140968 -5.669560 -153.000000
v -89.140968 5.669560 -159.500000
v -89.140968 5.669560 -153.000000
v -89.006866 -4.148913 -152.133972
v -89.006866 4.148913 -152.133972
v -88.948830 -2.105723 -152.000000
v -88.948830 2.105723 -152.000000
v -88.822655 -2.742245 -152.034073
v -88.822655 2.742245 -152.034073
v -88.813095 -4.222043 -152.292892
v -88.813095 4.222043 -152.292892
v -88.772148 -0.705609 -152.000000
v -88.772148 0.705609 -152.000000
v -88.664413 -4.278157 -152.500000
v -88.664413 4.278157 -152.500000
v -88.638130 -9.793258 -150.000000
v -88.588425 -2.799712 -152.133972
v -88.588425 2.799712 -152.133972
v -88.574348 -1.381103 -152.034073
v -88.574348 1.381103 -152.034073
v -88.570953 -4.313431 -152.741180
v -88.570953 4.313431 -152.741180
v -88.540848 9.679246 -150.000000
v -88.539070 -4.325463 -159.500000
v -88.539070 -4.325463 -153.000000
v -88.539070 4.325463 -159.500000
v -88.539070 4.325463 -153.000000
v -88.491180 -0.000000 -152.034073
v -88.387283 -2.849060 -152.292892
v -88.387283 2.849060 -152.292892
v -88.346504 -15.006536 -159.500000
v -88.334915 -1.410046 -152.133972
v -88.334915 1.410046 -152.133972
v -88.250000 -0.000000 -152.133972
v -88.232941 -2.886926 -152.500000
v -88.232941 2.886926 -152.500000
v -88.230415 14.915656 -159.500000
v -88.135918 -2.910730 -152.741180
v -88.135918 2.910730 -152.741180
v -88.129303 -1.434899 -152.292892
v -88.129303 1.434899 -152.292892
v -88.102821 -2.918849 -159.500000
v -88.102821 -2.918849 -153.000000
v -88.102821 2.918849 -159.500000
v -88.102821 2.918849 -153.000000
v -88.042892 -0.000000 -152.292892
v -88.038208 -16.028584 -158.500000
v -88.038208 -16.028584 -155.000000
v -87.971535 -1.453970 -152.500000
v -87.971535 1.453970 -152.500000
v -87.923805 15.942569 -158.500000
v -87.923805 15.942569 -155.000000
v -87.883972 -0.000000 -152.500000
v -87.872353 -1.465959 -152.741180
v -87.872353 1.465959 -152.741180
v -87.838524 -1.470048 -159.500000
v -87.838524 -1.470048 -153.000000
v -87.838524 1.470048 -159.500000
v -87.838524 1.470048 -153.000000
v -87.784073 -0.000000 -152.741180
v -87.750000 -0.000000 -159.500000
v -87.750000 -0.000000 -153.000000
v -87.642967 -8.503158 -150.000000
v -87.558624 8.379267 -150.000000
v -86.969559 -13.827785 -159.500000
v -86.862656 13.726257 -159.500000
v -86.793602 -7.112731 -150.000000
v -86.723190 6.980424 -150.000000
v -86.607178 -14.853694 -158.500000
v -86.607178 -14.853694 -155.000000
v -86.501221 14.757469 -158.500000
v -86.501221 14.757469 -155.000000
v -86.100052 -5.638384 -150.000000
v -86.044411 5.499221 -150.000000
v -85.711205 -12.523191 -159.500000
v -85.614456 12.411938 -159.500000
v -85.570503 -4.097512 -150.000000
v -85.530281 3.953134 -150.000000
v -85.290924 -13.551500 -158.500000
v -85.290924 -13.551500 -155.000000
v -85.211205 -2.508294 -150.000000
v -85.194321 13.445889 -158.500000
v -85.194321 13.445889 -155.000000
v -85.186882 2.360405 -150.000000
v -85.026398 -0.889481 -150.000000
v -85.018257 0.739827 -150.000000
v -84.582886 -11.104624 -159.500000
v -84.497185 10.984657 -159.500000
v -84.100746 -12.133164 -158.500000
v -84.100746 -12.133164 -155.000000
v -84.014320 12.019073 -158.500000
v -84.014320 12.019073 -155.000000
v -83.594879 -9.584994 -159.500000
v -83.520996 9.457407 -159.500000
v -83.046829 -10.610840 -158.500000
v -83.046829 -10.610840 -155.000000
v -82.971329 10.489244 -158.500000
v -82.971329 10.489244 -155.000000
v -82.756180 -7.978133 -159.500000
v -82.694786 7.844086 -159.500000
v -82.138206 -8.997575 -158.500000
v -82.138206 -8.997575 -155.000000
v -82.074409 -6.298663 -159.500000
v -82.074272 8.869518 -158.500000
v -82.074272 8.869518 -155.000000
v -82.026070 6.159376 -159.500000
v -81.555779 -4.561869 -159.500000
v -81.520935 4.418611 -159.500000
v -81.382675 -7.307196 -158.500000
v -81.382675 -7.307196 -155.000000
v -81.330856 7.173776 -158.500000
v -81.330856 7.173776 -155.000000
v -81.205009 -2.783558 -159.500000
v -81.183975 2.637631 -159.500000
v -81.025284 -0.979914 -159.500000
v -81.018257 0.832647 -159.500000
v -80.786697 -5.554191 -158.500000
v -80.786697 -5.554191 -155.000000
v -80.747444 5.416551 -158.500000
v -80.747444 5.416551 -155.000000
v -80.355392 -3.753583 -158.500000
v -80.355392 -3.753583 -155.000000
v -80.329033 3.612902 -158.500000
v -80.329033 3.612902 -155.000000
v -80.092453 -1.920805 -158.500000
v -80.092453 -1.920805 -155.000000
v -80.079216 1.778289 -158.500000
v -80.079216 1.778289 -155.000000
v -80.000130 -0.071564 -158.500000
v -80.000130 -0.071564 -155.000000
vn 0.991445 0.130527 0.000000
vn 0.991445 0.130527 -0.000000
vn 0.991445 -0.130527 0.000000
vn 0.991445 -0.130527 0.000000
vn 0.923883 -0.382675 0.000000
vn 0.923883 -0.382675 0.000000
vn 0.793345 -0.608772 0.000000
vn 0.793345 -0.608772 0.000000
vn 0.608777 -0.793341 0.000000
vn 0.608777 -0.793341 0.000000
vn 0.382680 -0.923881 0.000000
vn 0.382680 -0.923881 0.000000
vn 0.130526 -0.991445 0.000000
vn 0.130526 -0.991445 0.000000
vn -0.130526 -0.991445 0.000000
vn -0.130526 -0.991445 0.000000
vn -0.382680 -0.923881 0.000000
vn -0.382680 -0.923881 0.000000
vn -0.608777 -0.793341 0.000000
vn -0.608777 -0.793341 0.000000
vn -0.793345 -0.608772 0.000000
vn -0.793345 -0.608772 0.000000
vn -0.923883 -0.382675 0.000000
vn -0.923883 -0.382675 0.000000
vn -0.991445 -0.130527 0.000000
vn -0.991445 -0.130527 0.000000
vn -0.991445 0.130527 0.000000
vn -0.991445 0.130527 0.000000
vn -0.923883 0.382675 0.000000
vn -0.923883 0.382675 0.000000
vn -0.793346 0.608771 0.000000
vn -0.793346 0.608771 0.000000
vn -0.608776 0.793342 0.000000
vn -0.608776 0.793342 0.000000
vn -0.382680 0.923881 0.000000
vn -0.382680 0.923881 0.000000
vn -0.130526 0.991445 0.000000
vn -0.130526 0.991445 0.000000
vn 0.130526 0.991445 0.000000
vn 0.130526 0.991445 -0.000000
vn 0.382680 0.923881 0.000000
vn 0.382680 0.923881 -0.000000
vn 0.608776 0.793342 0.000000
vn 0.608776 0.793342 -0.000000
vn 0.793346 0.608771 0.000000
vn 0.793346 0.608771 -0.000000
vn 0.923883 0.382675 0.000000
vn 0.923883 0.382675 -0.000000
vn 0.991445 -0.130527 0.000000
vn 0.991445 -0.130527 0.000000
vn 0.991445 0.130527 0.000000
vn 0.991445 0.130527 0.000000
vn 0.923883 0.382675 0.000000
vn 0.923883 0.382675 0.000000
vn 0.793346 0.608771 0.000000
vn 0.793346 0.608771 0.000000
vn 0.608776 0.793342 0.000000
vn 0.608776 0.793342 0.000000
vn 0.382680 0.923881 0.000000
vn 0.382680 0.923881 0.000000
vn 0.130526 0.991445 0.000000
vn 0.130526 0.991445 0.000000
vn -0.130526 0.991445 0.000000
vn -0.130526 0.991445 0.000000
vn -0.382680 0.923881 0.000000
vn -0.382680 0.923881 0.000000
vn -0.608776 0.793342 0.000000
vn -0.608776 0.793342 0.000000
vn -0.793346 0.608771 0.000000
vn -0.793346 0.608771 0.000000
vn -0.923883 0.382675 0.000000
vn -0.923883 0.382675 0.000000
vn -0.991445 0.130527 0.000000
vn -0.991445 0.130527 0.000000
vn -0.991445 -0.130527 0.000000
vn -0.991445 -0.130527 -0.000000
vn -0.923883 -0.382675 0.000000
vn -0.923883 -0.382675 -0.000000
vn -0.793345 -0.608772 0.000000
vn -0.793345 -0.608772 -0.000000
vn -0.608777 -0.793341 0.000000
vn -0.608777 -0.793341 -0.000000
vn -0.382680 -0.923881 0.000000
vn -0.382680 -0.923881 -0.000000
vn -0.130526 -0.991445 0.000000
vn -0.130526 -0.991445 -0.000000
vn 0.130526 -0.991445 0.000000
vn 0.130526 -0.991445 0.000000
vn 0.382680 -0.923881 0.000000
vn 0.382680 -0.923881 0.000000
vn 0.608777 -0.793341 0.000000
vn 0.608777 -0.793341 0.000000
vn 0.793345 -0.608772 0.000000
vn 0.793345 -0.608772 0.000000
vn 0.923883 -0.382675 0.000000
vn 0.923883 -0.382675 0.000000
vn 0.991445 0.130527 0.000000
vn 0.991445 0.130527 -0.000000
vn 0.991445 -0.130527 0.000000
vn 0.991445 -0.130527 0.000000
vn 0.923883 -0.382675 0.000000
vn 0.923883 -0.382675 0.000000
vn 0.793346 -0.608771 0.000000
vn 0.793346 -0.608771 0.000000
vn 0.608776 -0.793342 0.000000
vn 0.608776 -0.793342 0.000000
vn 0.382680 -0.923881 0.000000
vn 0.382680 -0.923881 0.000000
vn 0.130526 -0.991445 0.000000
vn 0.130526 -0.991445 0.000000
vn -0.130526 -0.991445 0.000000
vn -0.130526 -0.991445 0.000000
vn -0.382680 -0.923881 0.000000
vn -0.382680 -0.923881 0.000000
vn -0.608776 -0.793342 0.000000
vn -0.608776 -0.793342 0.000000
vn -0.793346 -0.608771 0.000000
vn -0.793346 -0.608771 0.000000
vn -0.923883 -0.382675 0.000000
vn -0.923883 -0.382675 0.000000
vn -0.991445 -0.130527 0.000000
vn -0.991445 -0.130527 0.000000
vn -0.991445 0.130527 0.000000
vn -0.991445 0.130527 0.000000
vn -0.923883 0.382675 0.000000
vn -0.923883 0.382675 0.000000
vn -0.793346 0.608771 0.000000
vn -0.793346 0.608771 0.000000
vn -0.608774 0.793344 0.000000
vn -0.608774 0.793344 0.000000
vn -0.382680 0.923881 0.000000
vn -0.382680 0.923881 0.000000
vn -0.130526 0.991445 0.000000
vn -0.130526 0.991445 0.000000
vn 0.130526 0.991445 0.000000
vn 0.130526 0.991445 -0.000000
vn 0.382680 0.923881 0.000000
vn 0.382680 0.923881 -0.000000
vn 0.608774 0.793344 0.000000
vn 0.608774 0.793344 -0.000000
vn 0.793346 0.608771 0.000000
vn 0.793346 0.608771 -0.000000
vn 0.923883 0.382675 0.000000
vn 0.923883 0.382675 -0.000000
vn 0.991445 -0.130527 0.000000
vn 0.991445 -0.130527 0.000000
vn 0.991445 0.130527 0.000000
vn 0.991445 0.130527 0.000000
vn 0.923883 0.382675 0.000000
vn 0.923883 0.382675 0.000000
vn 0.793346 0.608771 0.000000
vn 0.793346 0.608771 0.000000
vn 0.608774 0.793344 0.000000
vn 0.608774 0.793344 0.000000
vn 0.382680 0.923881 0.000000
vn 0.382680 0.923881 0.000000
vn 0.130526 0.991445 0.000000
vn 0.130526 0.991445 0.000000
vn -0.130526 0.991445 0.000000
vn -0.130526 0.991445 0.000000
vn -0.382680 0.923881 0.000000
vn -0.382680 0.923881 0.000000
vn -0.608774 0.793344 0.000000
vn -0.608774 0.793344 0.000000
vn -0.793346 0.608771 0.000000
vn -0.793346 0.608771 0.000000
vn -0.923883 0.382675 0.000000
vn -0.923883 0.382675 0.000000
vn -0.991445 0.130527 0.000000
vn -0.991445 0.130527 0.000000
vn -0.991445 -0.130527 0.000000
vn -0.991445 -0.130527 -0.000000
vn -0.923883 -0.382675 0.000000
vn -0.923883 -0.382675 -0.000000
vn -0.793346 -0.608771 0.000000
vn -0.793346 -0.608771 -0.000000
vn -0.608776 -0.793342 0.000000
vn -0.608776 -0.793342 -0.000000
vn -0.382680 -0.923881 0.000000
vn -0.382680 -0.923881 -0.000000
vn -0.130526 -0.991445 0.000000
vn -0.130526 -0.991445 -0.000000
vn 0.130526 -0.991445 0.000000
vn 0.130526 -0.991445 0.000000
vn 0.382680 -0.923881 0.000000
vn 0.382680 -0.923881 0.000000
vn 0.608776 -0.793342 0.000000
vn 0.608776 -0.793342 0.000000
vn 0.793346 -0.608771 0.000000
vn 0.793346 -0.608771 0.000000
vn 0.923883 -0.382675 0.000000
vn 0.923883 -0.382675 0.000000
vn 0.000000 -0.000000 1.000000
vn 0.000000 0.000000 1.000000
vn 0.000000 0.000000 1.000000
vn 0.000000 -0.000000 1.000000
vn 0.000000 0.000000 1.000000
vn 0.000000 0.000000 1.000000
vn 0.000000 -0.000000 1.000000
vn 0.000000 0.000000 1.000000
vn 0.000000 -0.000000 1.000000
vn 0.000000 0.000000 1.000000
vn 0.000000 -0.000000 1.000000
vn 0.000000 -0.000000 1.000000
vn -0.000000 0.000000 1.000000
vn 0.000000 0.000000 1.000000
vn 0.000000 0.000000 1.000000
vn 0.000000 0.000000 1.000000
vn 0.000000 0.000000 1.000000
vn 0.000000 0.000000 1.000000
vn 0.000000 0.000000 1.000000
vn 0.000000 0.000000 1.000000
vn 0.000000 0.000000 1.000000
vn 0.000000 0.000000 1.000000
vn 0.000000 0.000000 1.000000
vn 0.000000 0.000000 1.000000
vn 0.000000 0.000000 1.000000
vn 0.000000 0.000000 1.000000
vn 0.000000 0.000000 1.000000
vn 0.000000 -0.000000 1.000000
vn 0.000000 -0.000000 1.000000
vn 0.000000 -0.000000 1.000000
vn 0.000000 -0.000000 1.000000
vn 0.000000 -0.000000 1.000000
vn 0.000000 -0.000000 1.000000
vn 0.000000 -0.000000 1.000000
vn 0.000000 -0.000000 1.000000
vn 0.000000 0.000000 1.000000
vn 0.000000 -0.000000 1.000000
vn 0.000000 -0.000000 1.000000
vn 0.000000 0.000000 1.000000
vn 0.000000 0.000000 1.000000
vn 0.000000 -0.000000 1.000000
vn -0.000000 0.000000 1.000000
vn -0.000000 0.000000 1.000000
vn 0.000000 -0.000000 1.000000
vn -0.000000 0.000000 1.000000
vn 0.000000 -0.000000 1.000000
vn -0.000000 0.000000 1.000000
vn 0.000000 -0.000000 1.000000
vn 0.000000 -0.000000 1.000000
vn -0.000000 0.000000 1.000000
vn 0.000000 -0.000000 1.000000
vn 0.000000 -0.000000 1.000000
vn 0.000000 0.000000 1.000000
vn -0.000000 0.000000 1.000000
vn -0.000000 0.000000 1.000000
vn 0.000000 0.000000 1.000000
vn 0.000000 -0.000000 1.000000
vn 0.000000 -0.000000 1.000000
vn 0.000000 0.000000 1.000000
vn 0.000000 0.000000 1.000000
vn 0.000000 -0.000000 1.000000
vn 0.000000 0.000000 1.000000
vn 0.000000 0.000000 1.000000
vn 0.000000 0.000000 1.000000
vn 0.000000 0.000000 1.000000
vn 0.000000 0.000000 1.000000
vn 0.000000 0.000000 1.000000
vn 0.000000 0.000000 1.000000
vn 0.000000 0.000000 1.000000
vn 0.000000 0.000000 1.000000
vn 0.000000 0.000000 1.000000
vn 0.000000 0.000000 1.000000
vn 0.000000 0.000000 1.000000
vn 0.000000 0.000000 1.000000
vn 0.000000 0.000000 1.000000
vn 0.000000 0.000000 1.000000
vn 0.000000 0.000000 1.000000
vn 0.000000 0.000000 1.000000
vn 0.000000 0.000000 1.000000
vn 0.000000 0.000000 1.000000
vn 0.000000 0.000000 1.000000
vn 0.000000 0.000000 1.000000
vn 0.000000 0.000000 1.000000
vn 0.000000 0.000000 1.000000
vn 0.000000 0.000000 1.000000
vn 0.000000 0.000000 1.000000
vn 0.000000 0.000000 1.000000
vn 0.000000 0.000000 1.000000
vn 0.000000 0.000000 1.000000
vn 0.000000 -0.000000 1.000000
vn 0.000000 0.000000 1.000000
vn 0.000000 0.000000 1.000000
vn 0.000000 -0.000000 1.000000
vn 0.000000 0.000000 1.000000
vn 0.000000 -0.000000 1.000000
vn 0.000000 0.000000 1.000000
vn 0.000000 -0.000000 1.000000
vn 0.000000 -0.000000 1.000000
vn 0.000000 0.000000 1.000000
vn 0.000000 -0.000000 1.000000
vn 0.000000 -0.000000 1.000000
vn -0.000000 0.000000 1.000000
vn 0.000000 0.000000 1.000000
vn 0.000000 -0.000000 1.000000
vn 0.000000 0.000000 1.000000
vn 0.000000 0.000000 1.000000
vn -0.000000 0.000000 1.000000
vn 0.000000 0.000000 1.000000
vn -0.000000 0.000000 1.000000
vn 0.000000 0.000000 1.000000
vn -0.000000 0.000000 1.000000
vn 0.000000 0.000000 1.000000
vn 0.120856 -0.992670 0.000000
vn 0.120856 -0.992670 0.000000
vn 0.355506 -0.934674 0.000000
vn 0.355506 -0.934674 0.000000
vn 0.569377 -0.822076 0.000000
vn 0.569377 -0.822076 0.000000
vn 0.750007 -0.661430 0.000000
vn 0.750007 -0.661430 0.000000
vn 0.886795 -0.462163 0.000000
vn 0.886795 -0.462163 0.000000
vn 0.971783 -0.235878 0.000000
vn 0.971783 -0.235878 0.000000
vn 0.999991 0.004166 0.000000
vn 0.999991 0.004166 0.000000
vn 0.999991 0.004166 -0.000000
vn 0.971783 -0.235878 0.000000
vn 0.971783 -0.235878 0.000000
vn 0.886795 -0.462163 0.000000
vn 0.886795 -0.462163 0.000000
vn 0.750007 -0.661430 0.000000
vn 0.750007 -0.661430 0.000000
vn 0.569377 -0.822076 0.000000
vn 0.569377 -0.822076 0.000000
vn 0.355506 -0.934674 0.000000
vn 0.355506 -0.934674 0.000000
vn 0.120856 -0.992670 0.000000
vn 0.999674 0.025545 0.000000
vn 0.999674 0.025545 0.000000
vn 0.984903 -0.173105 0.000000
vn 0.984903 -0.173105 0.000000
vn 0.931046 -0.364901 0.000000
vn 0.931046 -0.364901 0.000000
vn 0.840238 -0.542218 0.000000
vn 0.840238 -0.542218 0.000000
vn 0.716085 -0.698013 0.000000
vn 0.716085 -0.698013 0.000000
vn 0.563508 -0.826111 0.000000
vn 0.563508 -0.826111 0.000000
vn 0.388582 -0.921414 0.000000
vn 0.388582 -0.921414 0.000000
vn 0.198220 -0.980157 0.000000
vn 0.198220 -0.980157 0.000000
vn 0.000000 -1.000000 0.000000
vn 0.000000 -1.000000 0.000000
vn -0.198220 -0.980157 0.000000
vn -0.198220 -0.980157 -0.000000
vn -0.388582 -0.921414 0.000000
vn -0.388582 -0.921414 -0.000000
vn -0.563508 -0.826111 0.000000
vn -0.563508 -0.826111 -0.000000
vn -0.716085 -0.698013 0.000000
vn -0.716085 -0.698013 -0.000000
vn -0.840238 -0.542218 0.000000
vn -0.840238 -0.542218 -0.000000
vn -0.931046 -0.364901 0.000000
vn -0.931046 -0.364901 -0.000000
vn -0.984903 -0.173105 0.000000
vn -0.984903 -0.173105 -0.000000
vn -0.999674 0.025545 0.000000
vn -0.999674 0.025545 0.000000
vn -0.120856 0.992670 0.000000
vn -0.120856 0.992670 0.000000
vn -0.355495 0.934678 0.000000
vn -0.355495 0.934678 0.000000
vn -0.569387 0.822070 0.000000
vn -0.569387 0.822070 0.000000
vn -0.749998 0.661440 0.000000
vn -0.749998 0.661440 0.000000
vn -0.886780 0.462192 0.000000
vn -0.886780 0.462192 0.000000
vn -0.971781 0.235883 0.000000
vn -0.971781 0.235883 0.000000
vn -0.999991 -0.004166 0.000000
vn -0.999991 -0.004166 0.000000
vn -0.999991 -0.004166 0.000000
vn -0.971781 0.235883 0.000000
vn -0.971781 0.235883 0.000000
vn -0.886780 0.462192 0.000000
vn -0.886780 0.462192 0.000000
vn -0.749998 0.661440 0.000000
vn -0.749998 0.661440 0.000000
vn -0.569387 0.822070 0.000000
vn -0.569387 0.822070 0.000000
vn -0.355495 0.934678 0.000000
vn -0.355495 0.934678 0.000000
vn -0.120856 0.992670 0.000000
vn -0.999674 -0.025526 0.000000
vn -0.999674 -0.025526 -0.000000
vn -0.984900 0.173126 0.000000
vn -0.984900 0.173126 0.000000
vn -0.931038 0.364923 0.000000
vn -0.931038 0.364923 0.000000
vn -0.840233 0.542225 0.000000
vn -0.840233 0.542225 0.000000
vn -0.716077 0.698021 0.000000
vn -0.716077 0.698021 0.000000
vn -0.563508 0.826110 0.000000
vn -0.563508 0.826110 0.000000
vn -0.388576 0.921417 0.000000
vn -0.388576 0.921417 0.000000
vn -0.198219 0.980158 0.000000
vn -0.198219 0.980158 0.000000
vn 0.000000 1.000000 0.000000
vn 0.000000 1.000000 0.000000
vn 0.198219 0.980158 0.000000
vn 0.198219 0.980158 0.000000
vn 0.388576 0.921417 0.000000
vn 0.388576 0.921417 0.000000
vn 0.563508 0.826110 0.000000
vn 0.563508 0.826110 0.000000
vn 0.716077 0.698021 0.000000
vn 0.716077 0.698021 0.000000
vn 0.840233 0.542225 0.000000
vn 0.840233 0.542225 0.000000
vn 0.931038 0.364923 0.000000
vn 0.931038 0.364923 0.000000
vn 0.984900 0.173126 0.000000
vn 0.984900 0.173126 0.000000
vn 0.999674 -0.025526 0.000000
vn 0.999674 -0.025526 0.000000
vn 0.608764 0.000000 -0.793351
vn 0.608764 0.000000 -0.793351
vn 0.382680 0.000000 -0.923881
vn 0.382680 0.000000 -0.923881
vn 0.130521 0.000000 -0.991446
vn 0.130521 0.000000 -0.991445
vn 0.130521 0.000000 -0.991446
vn 0.382680 0.000000 -0.923881
vn 0.382680 0.000000 -0.923881
vn 0.608764 0.000000 -0.793351
vn -0.000000 0.000000 -1.000000
vn 0.000000 -0.000000 -1.000000
vn 0.000000 0.000000 -1.000000
vn -0.000000 0.000000 -1.000000
vn 0.000000 0.000000 -1.000000
vn -0.000000 0.000000 -1.000000
vn -0.000000 0.000000 -1.000000
vn 0.000000 0.000000 -1.000000
vn 0.000000 0.000000 -1.000000
vn 0.000000 0.000000 -1.000000
vn 0.000000 0.000000 -1.000000
vn 0.000000 0.000000 -1.000000
vn 0.000000 0.000000 -1.000000
vn 0.000000 0.000000 -1.000000
vn 0.000000 0.000000 -1.000000
vn 0.000000 0.000000 -1.000000
vn 0.000000 0.000000 -1.000000
vn 0.000000 0.000000 -1.000000
vn 0.000000 0.000000 -1.000000
vn 0.000000 0.000000 -1.000000
vn 0.000000 0.000000 -1.000000
vn 0.000000 0.000000 -1.000000
vn 0.000000 0.000000 -1.000000
vn 0.000000 0.000000 -1.000000
vn 0.000000 0.000000 -1.000000
vn 0.000000 0.000000 -1.000000
vn 0.000000 0.000000 -1.000000
vn 0.000000 0.000000 -1.000000
vn 0.000000 0.000000 -1.000000
vn 0.000000 0.000000 -1.000000
vn 0.000000 0.000000 -1.000000
vn 0.000000 0.000000 -1.000000
vn 0.000000 0.000000 -1.000000
vn 0.000000 0.000000 -1.000000
vn 0.000000 0.000000 -1.000000
vn 0.000000 0.000000 -1.000000
vn 0.000000 0.000000 -1.000000
vn 0.000000 0.000000 -1.000000
vn 0.000000 0.000000 -1.000000
vn 0.000000 0.000000 -1.000000
vn 0.000000 0.000000 -1.000000
vn 0.000000 0.000000 -1.000000
vn 0.000000 0.000000 -1.000000
vn 0.000000 0.000000 -1.000000
vn 0.000000 0.000000 -1.000000
vn 0.000000 0.000000 -1.000000
vn 0.000000 0.000000 -1.000000
vn 0.000000 0.000000 -1.000000
vn 0.000000 0.000000 -1.000000
vn 0.000000 0.000000 -1.000000
vn 0.000000 0.000000 -1.000000
vn 0.000000 0.000000 -1.000000
vn 0.000000 0.000000 -1.000000
vn 0.000000 0.000000 -1.000000
vn -0.000000 0.000000 -1.000000
vn 0.000000 0.000000 -1.000000
vn -0.000000 0.000000 -1.000000
vn 0.000000 0.000000 -1.000000
vn -0.000000 0.000000 -1.000000
vn 0.000000 0.000000 -1.000000
vn -0.000000 0.000000 -1.000000
vn 0.000000 0.000000 -1.000000
vn -0.000000 0.000000 -1.000000
vn 0.000000 0.000000 -1.000000
vn -0.000000 0.000000 -1.000000
vn 0.000000 0.000000 -1.000000
vn -0.000000 0.000000 -1.000000
vn -0.000000 0.000000 -1.000000
vn 0.000000 0.000000 -1.000000
vn 0.000000 0.000000 -1.000000
vn 0.000000 0.000000 -1.000000
vn 0.000000 0.000000 -1.000000
vn 0.000000 0.000000 -1.000000
vn 0.000000 0.000000 -1.000000
vn 0.000000 0.000000 -1.000000
vn 0.000000 0.000000 -1.000000
vn 0.000000 0.000000 -1.000000
vn 0.000000 0.000000 -1.000000
vn 0.000000 0.000000 -1.000000
vn -0.000000 0.000000 -1.000000
vn 0.000000 0.000000 -1.000000
vn 0.000000 0.000000 -1.000000
vn 0.000000 0.000000 -1.000000
vn 0.000000 0.000000 -1.000000
vn 0.000000 0.000000 -1.000000
vn 0.000000 -0.000000 -1.000000
vn 0.000000 -0.000000 -1.000000
vn 0.000000 -0.000000 -1.000000
vn 0.000000 0.000000 -1.000000
vn 0.000000 -0.000000 -1.000000
vn 0.000000 -0.000000 -1.000000
vn 0.000000 -0.000000 -1.000000
vn 0.000000 -0.000000 -1.000000
vn 0.000000 -0.000000 -1.000000
vn 0.000000 0.000000 -1.000000
vn 0.000000 -0.000000 -1.000000
vn 0.000000 -0.000000 -1.000000
vn 0.000000 -0.000000 -1.000000
vn 0.000000 -0.000000 -1.000000
vn 0.000000 -0.000000 -1.000000
vn 0.000000 0.000000 -1.000000
vn 0.000000 0.000000 -1.000000
vn -0.000000 0.000000 -1.000000
vn 0.707107 0.000000 -0.707107
vn 0.707107 0.000000 -0.707107
vn 0.000000 1.000000 0.000000
vn -0.000000 1.000000 0.000000
vn 0.998175 -0.060379 0.000000
vn 0.998175 -0.060379 0.000000
vn 0.998175 0.060379 0.000000
vn 0.998175 0.060379 -0.000000
vn 0.983620 0.180252 0.000000
vn 0.983620 0.180252 -0.000000
vn 0.954721 0.297503 0.000000
vn 0.954721 0.297503 -0.000000
vn 0.911899 0.410415 0.000000
vn 0.911899 0.410415 -0.000000
vn 0.855782 0.517337 0.000000
vn 0.855782 0.517337 -0.000000
vn 0.787184 0.616719 0.000000
vn 0.787184 0.616719 -0.000000
vn 0.707106 0.707107 0.000000
vn 0.707106 0.707107 -0.000000
vn 0.616717 0.787185 0.000000
vn 0.616717 0.787185 -0.000000
vn 0.517338 0.855781 0.000000
vn 0.517338 0.855781 -0.000000
vn 0.410415 0.911899 0.000000
vn 0.410415 0.911899 -0.000000
vn 0.297500 0.954722 0.000000
vn 0.297500 0.954722 -0.000000
vn 0.180256 0.983620 0.000000
vn 0.180256 0.983620 -0.000000
vn 0.060379 0.998176 0.000000
vn 0.060379 0.998176 -0.000000
vn -0.060379 0.998176 0.000000
vn -0.060379 0.998176 0.000000
vn -0.180256 0.983620 0.000000
vn -0.180256 0.983620 0.000000
vn -0.297500 0.954722 0.000000
vn -0.297500 0.954722 0.000000
vn -0.410415 0.911899 0.000000
vn -0.410415 0.911899 0.000000
vn -0.517338 0.855781 0.000000
vn -0.517338 0.855781 0.000000
vn -0.616717 0.787185 0.000000
vn -0.616717 0.787185 0.000000
vn -0.707106 0.707107 0.000000
vn -0.707106 0.707107 0.000000
vn -0.787184 0.616719 0.000000
vn -0.787184 0.616719 0.000000
vn -0.855782 0.517337 0.000000
vn -0.855782 0.517337 0.000000
vn -0.911899 0.410415 0.000000
vn -0.911899 0.410415 0.000000
vn -0.954721 0.297503 0.000000
vn -0.954721 0.297503 0.000000
vn -0.983620 0.180252 0.000000
vn -0.983620 0.180252 0.000000
vn -0.998176 0.060379 0.000000
vn -0.998176 0.060379 -0.000000
vn -0.998176 -0.060379 0.000000
vn -0.998176 -0.060379 0.000000
vn -0.983620 -0.180252 0.000000
vn -0.983620 -0.180252 0.000000
vn -0.954721 -0.297503 0.000000
vn -0.954721 -0.297503 0.000000
vn -0.911899 -0.410415 0.000000
vn -0.911899 -0.410415 0.000000
vn -0.855782 -0.517337 0.000000
vn -0.855782 -0.517337 0.000000
vn -0.787184 -0.616719 0.000000
vn -0.787184 -0.616719 0.000000
vn -0.707106 -0.707107 0.000000
vn -0.707106 -0.707107 0.000000
vn -0.616717 -0.787185 0.000000
vn -0.616717 -0.787185 0.000000
vn -0.517338 -0.855781 0.000000
vn -0.517338 -0.855781 0.000000
vn -0.410415 -0.911899 0.000000
vn -0.410415 -0.911899 0.000000
vn -0.297500 -0.954722 0.000000
vn -0.297500 -0.954722 0.000000
vn -0.180256 -0.983620 0.000000
vn -0.180256 -0.983620 0.000000
vn -0.060379 -0.998176 0.000000
vn -0.060379 -0.998176 0.000000
vn 0.983620 -0.180252 0.000000
vn 0.983620 -0.180252 0.000000
vn 0.954721 -0.297503 0.000000
vn 0.954721 -0.297503 0.000000
vn 0.911899 -0.410415 0.000000
vn 0.911899 -0.410415 0.000000
vn 0.855782 -0.517337 0.000000
vn 0.855782 -0.517337 0.000000
vn 0.787184 -0.616719 0.000000
vn 0.787184 -0.616719 0.000000
vn 0.707106 -0.707107 0.000000
vn 0.707106 -0.707107 0.000000
vn 0.616717 -0.787185 0.000000
vn 0.616717 -0.787185 0.000000
vn 0.517338 -0.855781 0.000000
vn 0.517338 -0.855781 0.000000
vn 0.410415 -0.911899 0.000000
vn 0.410415 -0.911899 0.000000
vn 0.297500 -0.954722 0.000000
vn 0.297500 -0.954722 0.000000
vn 0.180256 -0.983620 0.000000
vn 0.180256 -0.983620 0.000000
vn 0.060379 -0.998176 0.000000
vn 0.060379 -0.998176 0.000000
vn -0.060379 -0.998176 0.000000
vn -0.060379 0.998176 0.000000
vn 0.000000 -1.000000 0.000000
vn -0.000000 -1.000000 -0.000000
vn -1.000000 0.000000 -0.000000
vn -1.000000 0.000000 0.000000
vn 0.123573 0.992335 0.000005
vn 0.123573 0.992335 -0.000001
vn 0.123573 0.992335 0.000000
vn 0.123573 0.992335 0.000000
vn 0.123573 0.992335 0.000000
vn 0.123573 0.992335 0.000000
vn 0.123573 0.992335 -0.000001
vn 0.123573 0.992335 -0.000000
vn 0.123574 0.992335 -0.000002
vn 0.123574 0.992335 -0.000004
vn 0.123568 0.992336 -0.000018
vn 0.123573 0.992335 0.000001
vn 0.123572 0.992336 -0.000001
vn 0.123572 0.992336 -0.000001
vn 0.123571 0.992336 -0.000003
vn 0.123574 0.992335 0.000000
vn 0.123573 0.992335 0.000000
vn 0.000000 -0.000000 -1.000000
vn 0.000000 -0.000000 -1.000000
vn -0.000000 0.000000 -1.000000
vn 0.000000 0.000000 -1.000000
vn 0.000000 -0.000000 -1.000000
vn 0.000000 0.000000 -1.000000
vn 0.000000 0.000000 -1.000000
vn -0.000000 0.000000 -1.000000
vn 0.000000 0.000000 -1.000000
vn -0.000000 0.000000 -1.000000
vn 0.000000 0.000000 -1.000000
vn -0.000000 0.000000 -1.000000
vn 0.000000 0.000000 -1.000000
vn -0.000000 0.000000 -1.000000
vn 0.000000 0.000000 -1.000000
vn 0.000000 0.000000 -1.000000
vn 0.000000 0.000000 -1.000000
vn 0.000000 0.000000 -1.000000
vn 0.000000 0.000000 -1.000000
vn 0.000000 0.000000 -1.000000
vn 0.000000 0.000000 -1.000000
vn 0.000000 0.000000 -1.000000
vn 0.000000 0.000000 -1.000000
vn 0.000000 0.000000 -1.000000
vn 0.000000 0.000000 -1.000000
vn 0.000000 0.000000 -1.000000
vn 0.000000 0.000000 -1.000000
vn 0.000000 0.000000 -1.000000
vn 0.000000 0.000000 -1.000000
vn 0.000000 0.000000 -1.000000
vn 0.000000 0.000000 -1.000000
vn 0.000000 0.000000 -1.000000
vn 0.000000 0.000000 -1.000000
vn 0.000000 0.000000 -1.000000
vn 0.000000 0.000000 -1.000000
vn 0.000000 0.000000 -1.000000
vn 0.000000 0.000000 -1.000000
vn 0.000000 0.000000 -1.000000
vn 0.000000 0.000000 -1.000000
vn 0.000000 0.000000 -1.000000
vn 0.000000 0.000000 -1.000000
vn 0.000000 0.000000 -1.000000
vn 0.000000 0.000000 -1.000000
vn 0.000000 0.000000 -1.000000
vn 0.000000 0.000000 -1.000000
vn 0.000000 0.000000 -1.000000
vn 0.000000 0.000000 -1.000000
vn 0.000000 0.000000 -1.000000
vn 0.000000 0.000000 -1.000000
vn 0.000000 0.000000 -1.000000
vn 0.000000 0.000000 -1.000000
vn 0.000000 0.000000 -1.000000
vn 0.000000 0.000000 -1.000000
vn 0.000000 0.000000 -1.000000
vn 0.000000 0.000000 -1.000000
vn -0.000000 0.000000 -1.000000
vn -0.000000 0.000000 -1.000000
vn 0.000000 0.000000 -1.000000
vn -0.000000 0.000000 -1.000000
vn 0.000000 0.000000 -1.000000
vn -0.000000 0.000000 -1.000000
vn 0.000000 0.000000 -1.000000
vn -0.000000 0.000000 -1.000000
vn 0.000000 0.000000 -1.000000
vn 0.000000 0.000000 -1.000000
vn 0.000000 0.000000 -1.000000
vn 0.000000 0.000000 -1.000000
vn 0.000000 0.000000 -1.000000
vn 0.000000 0.000000 -1.000000
vn -0.000000 0.000000 -1.000000
vn 0.000000 -0.000000 -1.000000
vn -0.000000 0.000000 -1.000000
vn 0.000000 -0.000000 -1.000000
vn -0.000000 0.000000 -1.000000
vn 0.000000 -0.000000 -1.000000
vn -0.000000 0.000000 -1.000000
vn 0.000000 -0.000000 -1.000000
vn 0.000000 -0.000000 -1.000000
vn 0.000000 0.000000 -1.000000
vn 0.000000 -0.000000 -1.000000
vn 0.000000 -0.000000 -1.000000
vn 0.000000 0.000000 -1.000000
vn 0.000000 0.000000 -1.000000
vn 0.000000 -0.000000 -1.000000
vn 0.000000 0.000000 -1.000000
vn 0.000000 0.000000 -1.000000
vn 0.000000 0.000000 -1.000000
vn 0.000000 0.000000 -1.000000
vn 0.000000 0.000000 -1.000000
vn 0.000000 0.000000 -1.000000
vn 0.000000 0.000000 -1.000000
vn 0.000000 0.000000 -1.000000
vn 0.000000 -0.000000 -1.000000
vn 0.000000 0.000000 -1.000000
vn 0.000000 0.000000 -1.000000
vn 0.000000 -0.000000 -1.000000
vn -0.000000 0.000000 -1.000000
vn -0.000000 0.000000 -1.000000
vn 0.000000 -0.000000 -1.000000
vn -0.000000 0.000000 -1.000000
vn 0.000000 -0.000000 -1.000000
vn -0.000000 0.000000 -1.000000
vn 0.000000 -0.000000 -1.000000
vn -0.000000 0.000000 -1.000000
vn 0.000000 -0.000000 -1.000000
vn -0.000000 0.000000 -1.000000
vn 0.000000 -0.000000 -1.000000
vn 0.000000 -0.000000 -1.000000
vn 0.000000 -0.000000 -1.000000
vn 0.000000 -0.000000 -1.000000
vn 0.000000 0.000000 -1.000000
vn 0.000000 0.000000 -1.000000
vn 0.000000 0.000000 -1.000000
vn 0.000000 0.000000 -1.000000
vn -0.000000 0.000000 -1.000000
vn 0.000000 0.000000 -1.000000
vn -0.000000 0.000000 -1.000000
vn 0.000000 0.000000 -1.000000
vn -0.000000 0.000000 -1.000000
vn 0.000000 0.000000 -1.000000
vn 0.000000 0.000000 -1.000000
vn 0.000000 0.000000 -1.000000
vn 0.000000 0.000000 -1.000000
vn 0.000000 0.000000 -1.000000
vn 0.000000 0.000000 -1.000000
vn 0.000000 0.000000 -1.000000
vn 0.000000 0.000000 -1.000000
vn -0.000000 -0.000000 -1.000000
vn 0.000000 0.000000 -1.000000
vn 0.000000 -0.000000 -1.000000
vn 0.000000 -0.000000 -1.000000
vn 0.000000 0.000000 -1.000000
vn 0.000000 0.000000 -1.000000
vn -0.000000 -0.000000 -1.000000
vn 0.000000 -0.000000 -1.000000
vn -0.000000 -0.000000 -1.000000
vn 0.000000 -0.000000 -1.000000
vn -0.000000 -0.000000 -1.000000
vn 0.000000 -0.000000 -1.000000
vn 0.000000 -0.000000 -1.000000
vn 0.000000 -0.000000 -1.000000
vn 0.000000 0.000000 -1.000000
vn 0.000000 -0.000000 -1.000000
vn 0.000000 -0.000000 -1.000000
vn 0.000000 0.000000 -1.000000
vn 0.000000 0.000000 -1.000000
vn 0.000000 -0.000000 -1.000000
vn 0.000000 0.000000 -1.000000
vn 0.000000 0.000000 -1.000000
vn 0.000000 -0.000000 -1.000000
vn 0.000000 0.000000 -1.000000
vn 0.000000 -0.000000 -1.000000
vn 0.000000 0.000000 -1.000000
vn 0.000000 -0.000000 -1.000000
vn 0.000000 0.000000 -1.000000
vn 0.000000 -0.000000 -1.000000
vn 0.000000 0.000000 -1.000000
vn 0.000000 0.000000 -1.000000
vn 0.000000 0.000000 -1.000000
vn 0.000000 0.000000 -1.000000
vn 0.000000 0.000000 -1.000000
vn 0.000000 0.000000 -1.000000
vn 0.000000 0.000000 -1.000000
vn 0.000000 0.000000 -1.000000
vn 0.000000 0.000000 -1.000000
vn 0.000000 0.000000 -1.000000
vn 0.000000 0.000000 -1.000000
vn 0.000000 0.000000 -1.000000
vn 0.000000 0.000000 -1.000000
vn 0.000000 0.000000 -1.000000
vn 0.000000 0.000000 -1.000000
vn 0.000000 0.000000 -1.000000
vn 0.000000 0.000000 -1.000000
vn 0.000000 0.000000 -1.000000
vn 0.000000 0.000000 -1.000000
vn -0.000000 0.000000 -1.000000
vn 0.000000 0.000000 -1.000000
vn -0.000000 0.000000 -1.000000
vn 0.000000 0.000000 -1.000000
vn -0.000000 0.000000 -1.000000
vn 0.000000 0.000000 -1.000000
vn 0.000000 0.000000 -1.000000
vn -0.000000 0.000000 -1.000000
vn 0.000000 0.000000 -1.000000
vn -0.000000 0.000000 -1.000000
vn 0.000000 0.000000 -1.000000
vn -0.000000 0.000000 -1.000000
vn 0.000000 -0.000000 -1.000000
vn 0.000000 0.000000 -1.000000
vn 0.000000 -0.000000 -1.000000
vn 0.000000 0.000000 -1.000000
vn 0.000000 0.000000 -1.000000
vn 0.138847 0.990314 0.000000
vn 0.138847 0.990314 -0.000000
vn 0.235500 0.971874 0.000000
vn 0.235500 0.971874 -0.000000
vn 0.329875 0.944025 0.000000
vn 0.329875 0.944025 -0.000000
vn 0.421050 0.907038 0.000000
vn 0.421050 0.907038 -0.000000
vn 0.508156 0.861265 0.000000
vn 0.508156 0.861265 -0.000000
vn 0.590337 0.807157 0.000000
vn 0.590337 0.807157 -0.000000
vn 0.666805 0.745232 0.000000
vn 0.666805 0.745232 -0.000000
vn 0.736816 0.676094 0.000000
vn 0.736816 0.676094 -0.000000
vn 0.799690 0.600414 0.000000
vn 0.799690 0.600414 -0.000000
vn 0.854830 0.518908 0.000000
vn 0.854830 0.518908 -0.000000
vn 0.901686 0.432392 0.000000
vn 0.901686 0.432392 -0.000000
vn 0.939818 0.341674 0.000000
vn 0.939818 0.341674 -0.000000
vn 0.968844 0.247672 0.000000
vn 0.968844 0.247672 -0.000000
vn 0.988496 0.151250 0.000000
vn 0.988496 0.151250 -0.000000
vn 0.998575 0.053372 0.000000
vn 0.998575 0.053372 -0.000000
vn 0.998986 -0.045023 0.000000
vn 0.998986 -0.045023 0.000000
vn 0.989724 -0.142988 0.000000
vn 0.989724 -0.142988 0.000000
vn 0.970882 -0.239557 0.000000
vn 0.970882 -0.239557 0.000000
vn 0.942641 -0.333808 0.000000
vn 0.942641 -0.333808 0.000000
vn 0.905270 -0.424837 0.000000
vn 0.905270 -0.424837 0.000000
vn 0.859136 -0.511748 0.000000
vn 0.859136 -0.511748 0.000000
vn 0.804683 -0.593705 0.000000
vn 0.804683 -0.593705 0.000000
vn 0.742439 -0.669914 0.000000
vn 0.742439 -0.669914 0.000000
vn 0.673011 -0.739632 0.000000
vn 0.673011 -0.739632 0.000000
vn 0.597063 -0.802194 0.000000
vn 0.597063 -0.802194 0.000000
vn 0.515336 -0.856988 0.000000
vn 0.515336 -0.856988 0.000000
vn 0.428619 -0.903485 0.000000
vn 0.428619 -0.903485 0.000000
vn 0.337752 -0.941235 0.000000
vn 0.337752 -0.941235 0.000000
vn 0.243617 -0.969872 0.000000
vn 0.243617 -0.969872 0.000000
vn 0.147120 -0.989119 0.000000
vn 0.147120 -0.989119 0.000000
vn 0.049201 -0.998789 0.000000
vn 0.049201 -0.998789 0.000000
vn 0.000000 0.000000 1.000000
vn 0.000000 0.000000 1.000000
vn 0.000000 -0.000000 1.000000
vn -0.000000 0.000000 1.000000
vn 0.123573 -0.992335 0.000004
vn 0.123573 -0.992335 -0.000001
vn 0.123573 -0.992335 0.000000
vn 0.123573 -0.992335 0.000000
vn 0.123573 -0.992335 0.000000
vn 0.123574 -0.992335 0.000001
vn 0.123573 -0.992335 0.000000
vn 0.123573 -0.992335 0.000000
vn 0.123571 -0.992336 -0.000003
vn 0.123573 -0.992335 0.000000
vn 0.123573 -0.992335 -0.000001
vn 0.123574 -0.992335 -0.000002
vn 0.123574 -0.992335 -0.000004
vn 0.123572 -0.992336 -0.000001
vn 0.123572 -0.992336 -0.000001
vn 0.123573 -0.992335 0.000001
vn 0.123568 -0.992336 -0.000018
vn 0.130533 0.000000 -0.991444
vn 0.130533 0.000000 -0.991444
vn 0.382670 0.000000 -0.923885
vn 0.382670 0.000000 -0.923885
vn 0.608766 0.000000 -0.793350
vn 0.608766 0.000000 -0.793350
vn 0.608766 0.000000 -0.793350
vn 0.382670 0.000000 -0.923885
vn 0.382670 0.000000 -0.923885
vn 0.130533 0.000000 -0.991444
vn 0.000000 0.000000 -1.000000
vn 0.000000 0.000000 -1.000000
vn 0.000000 0.000000 -1.000000
vn -0.000000 -0.000000 -1.000000
vn -0.000000 -0.000000 -1.000000
vn 0.000000 0.000000 -1.000000
vn 0.000000 -0.000000 -1.000000
vn 0.000000 -0.000000 -1.000000
vn -0.000000 0.000000 -1.000000
vn 0.000000 -0.000000 -1.000000
vn -0.000000 0.000000 -1.000000
vn 0.000000 -0.000000 -1.000000
vn -0.000000 0.000000 -1.000000
vn 0.000000 -0.000000 -1.000000
vn -0.000000 0.000000 -1.000000
vn 0.000000 -0.000000 -1.000000
vn -0.000000 0.000000 -1.000000
vn -0.000000 0.000000 -1.000000
vn 0.000000 -0.000000 -1.000000
vn -0.000000 0.000000 -1.000000
vn 0.000000 -0.000000 -1.000000
vn -0.000000 0.000000 -1.000000
vn 0.000000 -0.000000 -1.000000
vn -0.000000 0.000000 -1.000000
vn 0.000000 -0.000000 -1.000000
vn -0.000000 0.000000 -1.000000
vn 0.000000 -0.000000 -1.000000
vn -0.000000 0.000000 -1.000000
vn 0.000000 -0.000000 -1.000000
vn -0.000000 0.000000 -1.000000
vn 0.000000 -0.000000 -1.000000
vn -0.000000 0.000000 -1.000000
vn 0.000000 -0.000000 -1.000000
vn 0.000000 0.000000 -1.000000
vn 0.000000 -0.000000 -1.000000
vn 0.000000 0.000000 -1.000000
vn 0.000000 -0.000000 -1.000000
vn 0.000000 0.000000 -1.000000
vn 0.000000 0.000000 -1.000000
vn 0.000000 -0.000000 -1.000000
vn 0.000000 0.000000 -1.000000
vn 0.000000 -0.000000 -1.000000
vn 0.000000 0.000000 -1.000000
vn 0.000000 -0.000000 -1.000000
vn 0.000000 0.000000 -1.000000
vn 0.000000 -0.000000 -1.000000
vn 0.000000 0.000000 -1.000000
vn 0.000000 -0.000000 -1.000000
vn 0.000000 0.000000 -1.000000
vn 0.000000 -0.000000 -1.000000
vn 0.000000 0.000000 -1.000000
vn 0.000000 -0.000000 -1.000000
vn 0.000000 0.000000 -1.000000
vn 0.000000 -0.000000 -1.000000
vn 0.000000 0.000000 -1.000000
vn 0.000000 -0.000000 -1.000000
vn 0.000000 -0.000000 -1.000000
vn 0.000000 0.000000 -1.000000
vn 0.000000 -0.000000 -1.000000
vn 0.000000 0.000000 -1.000000
vn 0.000000 -0.000000 -1.000000
vn 0.000000 0.000000 -1.000000
vn 0.000000 -0.000000 -1.000000
vn 0.000000 0.000000 -1.000000
vn 0.000000 -0.000000 -1.000000
vn 0.000000 0.000000 -1.000000
vn 0.000000 -0.000000 -1.000000
vn 0.000000 -0.000000 -1.000000
vn 0.000000 0.000000 -1.000000
vn 0.000000 0.000000 -1.000000
vn 0.000000 0.000000 -1.000000
vn 0.000000 -0.000000 -1.000000
vn 0.000000 -0.000000 -1.000000
vn 0.000000 -0.000000 -1.000000
vn 0.000000 0.000000 -1.000000
vn 0.000000 -0.000000 -1.000000
vn 0.000000 0.000000 -1.000000
vn 0.000000 0.000000 -1.000000
vn 0.000000 0.000000 -1.000000
vn 0.000000 0.000000 -1.000000
vn 0.000000 0.000000 -1.000000
vn 0.000000 0.000000 -1.000000
vn 0.000000 0.000000 -1.000000
vn 0.000000 0.000000 -1.000000
vn 0.000000 0.000000 -1.000000
vn -0.000000 0.000000 -1.000000
vn 0.000000 0.000000 -1.000000
vn -0.000000 0.000000 -1.000000
vn 0.999991 -0.004166 0.000000
vn 0.999991 -0.004166 0.000000
vn 0.971781 0.235883 0.000000
vn 0.971781 0.235883 0.000000
vn 0.886780 0.462192 0.000000
vn 0.886780 0.462192 0.000000
vn 0.749998 0.661440 0.000000
vn 0.749998 0.661440 0.000000
vn 0.569387 0.822070 0.000000
vn 0.569387 0.822070 0.000000
vn 0.355495 0.934678 0.000000
vn 0.355495 0.934678 0.000000
vn 0.120856 0.992670 0.000000
vn 0.120856 0.992670 0.000000
vn 0.120856 0.992670 -0.000000
vn 0.355495 0.934678 0.000000
vn 0.355495 0.934678 -0.000000
vn 0.569387 0.822070 0.000000
vn 0.569387 0.822070 -0.000000
vn 0.749998 0.661440 0.000000
vn 0.749998 0.661440 -0.000000
vn 0.886780 0.462192 0.000000
vn 0.886780 0.462192 -0.000000
vn 0.971781 0.235883 0.000000
vn 0.971781 0.235883 -0.000000
vn 0.999991 -0.004166 0.000000
vn -0.999991 0.004166 0.000000
vn -0.999991 0.004166 0.000000
vn -0.971783 -0.235878 0.000000
vn -0.971783 -0.235878 -0.000000
vn -0.886795 -0.462163 0.000000
vn -0.886795 -0.462163 -0.000000
vn -0.750007 -0.661430 0.000000
vn -0.750007 -0.661430 -0.000000
vn -0.569377 -0.822076 0.000000
vn -0.569377 -0.822076 -0.000000
vn -0.355506 -0.934674 0.000000
vn -0.355506 -0.934674 -0.000000
vn -0.120856 -0.992670 0.000000
vn -0.120856 -0.992670 0.000000
vn -0.120856 -0.992670 0.000000
vn -0.355506 -0.934674 0.000000
vn -0.355506 -0.934674 0.000000
vn -0.569377 -0.822076 0.000000
vn -0.569377 -0.822076 0.000000
vn -0.750007 -0.661430 0.000000
vn -0.750007 -0.661430 0.000000
vn -0.886795 -0.462163 0.000000
vn -0.886795 -0.462163 0.000000
vn -0.971783 -0.235878 0.000000
vn -0.971783 -0.235878 0.000000
vn -0.999991 0.004166 0.000000
vn 0.000000 1.000000 0.000000
vn 0.000000 1.000000 0.000000
vn 0.000000 1.000000 0.000000
vn 0.000000 1.000000 0.000000
vn 0.000000 1.000000 -0.000000
vn 0.000000 1.000000 0.000000
vn -0.861537 -0.507695 0.000000
vn -0.861538 -0.507692 0.000000
vn -0.861539 -0.507692 -0.000000
vn -0.861539 -0.507692 0.000000
vn -1.000000 0.000000 0.000000
vn -1.000000 0.000000 0.000000
vn -1.000000 0.000000 0.000000
vn -1.000000 -0.000000 0.000000
vn -0.707106 0.707107 0.000000
vn -0.707106 0.707107 0.000000
vn 0.000000 -1.000000 0.000000
vn 0.000000 -1.000000 -0.000000
vn 0.000000 -1.000000 0.000000
vn 0.000000 -1.000000 0.000000
vn 0.000000 -1.000000 0.000000
vn 0.000000 -1.000000 0.000000
vn -0.496140 -0.868243 -0.000000
vn -0.496140 -0.868243 -0.000000
vn 0.201991 0.970738 -0.129875
vn 0.201994 0.970738 -0.129866
vn 0.002099 0.991529 -0.129866
vn 0.002101 0.991530 -0.129862
vn -0.197878 0.971586 -0.129861
vn -0.197880 0.971586 -0.129865
vn -0.389725 0.911729 -0.129864
vn -0.389725 0.911729 -0.129865
vn -0.565564 0.814415 -0.129868
vn -0.565566 0.814412 -0.129878
vn -0.718170 0.683639 -0.129882
vn -0.718167 0.683647 -0.129859
vn -0.841267 0.524792 -0.129858
vn -0.841268 0.524784 -0.129880
vn -0.929808 0.344366 -0.129882
vn -0.929808 0.344370 -0.129871
vn -0.867019 0.321115 -0.381002
vn -0.867024 0.321123 -0.380984
vn -0.745391 0.276074 -0.606775
vn -0.745384 0.276066 -0.606786
vn -0.572718 0.212116 -0.791834
vn -0.572728 0.212126 -0.791824
vn -0.360448 0.133502 -0.923176
vn -0.360435 0.133490 -0.923183
vn -0.123020 0.045562 -0.991358
vn -0.118205 0.045739 -0.991935
vn -0.114611 0.071495 -0.990834
vn -0.101944 0.069930 -0.992329
vn -0.099819 0.095021 -0.990458
vn -0.081918 0.090166 -0.992552
vn -0.079412 0.114353 -0.990261
vn -0.058702 0.106070 -0.992625
vn -0.054721 0.128016 -0.990261
vn -0.032895 0.117294 -0.992552
vn -0.027503 0.135041 -0.990458
vn -0.005115 0.123517 -0.992329
vn 0.000286 0.135083 -0.990834
vn 0.024018 0.124450 -0.991935
vn 0.026725 0.128434 -0.991358
vn 0.078303 0.376309 -0.923179
vn 0.078302 0.376308 -0.923180
vn 0.124418 0.597936 -0.791829
vn 0.124418 0.597935 -0.791829
vn 0.161927 0.778200 -0.606782
vn 0.161927 0.778200 -0.606782
vn 0.188350 0.905185 -0.381005
vn 0.188354 0.905188 -0.380995
vn 0.000814 0.384368 -0.923180
vn 0.000814 0.384368 -0.923180
vn -0.076707 0.376637 -0.923180
vn -0.076707 0.376636 -0.923180
vn -0.151078 0.353431 -0.923180
vn -0.151078 0.353433 -0.923180
vn -0.219243 0.315709 -0.923179
vn -0.219242 0.315707 -0.923180
vn -0.278398 0.265014 -0.923180
vn -0.278401 0.265020 -0.923178
vn -0.326124 0.203438 -0.923177
vn -0.326125 0.203439 -0.923177
vn 0.001295 0.610741 -0.791829
vn 0.001294 0.610740 -0.791830
vn -0.121884 0.598455 -0.791830
vn -0.121884 0.598458 -0.791829
vn -0.240055 0.561589 -0.791828
vn -0.240055 0.561584 -0.791831
vn -0.348364 0.501641 -0.791832
vn -0.348365 0.501645 -0.791829
vn -0.442360 0.421097 -0.791830
vn -0.442359 0.421092 -0.791833
vn -0.518181 0.323244 -0.791834
vn -0.518182 0.323245 -0.791834
vn 0.001959 0.924572 -0.381003
vn 0.001685 0.794867 -0.606781
vn 0.001685 0.794866 -0.606782
vn -0.158630 0.778879 -0.606782
vn -0.158630 0.778878 -0.606783
vn -0.312426 0.730893 -0.606783
vn -0.312425 0.730895 -0.606781
vn -0.453391 0.652881 -0.606781
vn -0.453391 0.652878 -0.606784
vn -0.575723 0.548048 -0.606784
vn -0.575723 0.548048 -0.606784
vn -0.674410 0.420695 -0.606784
vn -0.674413 0.420702 -0.606776
vn -0.184517 0.905975 -0.381003
vn 0.001960 0.924573 -0.381000
vn -0.184515 0.905977 -0.380998
vn -0.363408 0.850162 -0.380998
vn -0.363408 0.850162 -0.380998
vn -0.527376 0.759419 -0.380996
vn -0.527376 0.759419 -0.380996
vn -0.669671 0.637482 -0.380995
vn -0.669671 0.637481 -0.380997
vn -0.784462 0.489348 -0.380996
vn -0.784461 0.489345 -0.381002
vn -0.033423 0.132942 -0.990560
vn -0.029449 0.127806 -0.991362
vn -0.086287 0.374480 -0.923211
vn -0.086287 0.374477 -0.923212
vn -0.137114 0.595059 -0.791900
vn -0.137113 0.595062 -0.791897
vn -0.178460 0.774506 -0.606871
vn -0.178460 0.774506 -0.606871
vn -0.207592 0.900936 -0.381077
vn -0.207591 0.900938 -0.381074
vn -0.222630 0.966211 -0.129895
vn -0.240699 0.957399 -0.159534
vn -0.409867 0.905953 -0.106102
vn -0.458275 0.870950 -0.177287
vn -0.581082 0.808385 -0.094110
vn -0.650028 0.737505 -0.183167
vn -0.729003 0.678010 -0.094112
vn -0.806506 0.564015 -0.177299
vn -0.847317 0.520380 -0.106105
vn -0.919589 0.359036 -0.159530
vn -0.930596 0.342223 -0.129901
vn -0.867735 0.319106 -0.381060
vn -0.867731 0.319087 -0.381085
vn -0.787826 0.483844 -0.381085
vn -0.787826 0.483856 -0.381070
vn -0.677002 0.629646 -0.381070
vn -0.677002 0.629642 -0.381075
vn -0.539631 0.750720 -0.381075
vn -0.539635 0.750710 -0.381088
vn -0.381089 0.842345 -0.381084
vn -0.381084 0.842353 -0.381073
vn -0.745960 0.274308 -0.606876
vn -0.745960 0.274309 -0.606875
vn -0.677264 0.415952 -0.606875
vn -0.677263 0.415951 -0.606877
vn -0.581994 0.541280 -0.606876
vn -0.581994 0.541285 -0.606871
vn -0.463909 0.645365 -0.606871
vn -0.463909 0.645364 -0.606872
vn -0.327605 0.724141 -0.606872
vn -0.327604 0.724143 -0.606871
vn -0.573137 0.210758 -0.791893
vn -0.573131 0.210750 -0.791900
vn -0.520349 0.319580 -0.791900
vn -0.520350 0.319581 -0.791899
vn -0.447152 0.415875 -0.791898
vn -0.447150 0.415866 -0.791904
vn -0.356423 0.495835 -0.791903
vn -0.356423 0.495849 -0.791894
vn -0.251703 0.556370 -0.791895
vn -0.251704 0.556366 -0.791898
vn -0.360673 0.132625 -0.923215
vn -0.360680 0.132634 -0.923211
vn -0.327465 0.201118 -0.923211
vn -0.327466 0.201120 -0.923210
vn -0.281403 0.261716 -0.923210
vn -0.281403 0.261715 -0.923211
vn -0.224301 0.312043 -0.923211
vn -0.224300 0.312036 -0.923213
vn -0.158399 0.350125 -0.923213
vn -0.158399 0.350126 -0.923212
vn -0.123097 0.045267 -0.991362
vn -0.127693 0.049854 -0.990560
vn -0.107875 0.066254 -0.991954
vn -0.115306 0.080640 -0.990051
vn -0.091115 0.084741 -0.992228
vn -0.093865 0.106495 -0.989873
vn -0.072627 0.101035 -0.992228
vn -0.065520 0.124520 -0.990051
vn -0.052181 0.115341 -0.991954
vn -0.024367 -0.126676 -0.991645
vn -0.024362 -0.128464 -0.991415
vn -0.071412 -0.376561 -0.923635
vn -0.071412 -0.376559 -0.923636
vn -0.113555 -0.598785 -0.792819
vn -0.113556 -0.598787 -0.792818
vn -0.147919 -0.779985 -0.608066
vn -0.147918 -0.779982 -0.608070
vn -0.172184 -0.907941 -0.382093
vn -0.172186 -0.907943 -0.382089
vn -0.184735 -0.974113 -0.130293
vn -0.184734 -0.974113 -0.130297
vn -0.300295 -0.944905 -0.130299
vn -0.300297 -0.944905 -0.130293
vn -0.411520 -0.902040 -0.130292
vn -0.411518 -0.902039 -0.130301
vn -0.516792 -0.846137 -0.130302
vn -0.516793 -0.846137 -0.130296
vn -0.614598 -0.778005 -0.130296
vn -0.614600 -0.778005 -0.130289
vn -0.703519 -0.698631 -0.130289
vn -0.703520 -0.698631 -0.130285
vn -0.782276 -0.609156 -0.130283
vn -0.782275 -0.609156 -0.130285
vn -0.849724 -0.510876 -0.130284
vn -0.849723 -0.510877 -0.130292
vn -0.904890 -0.405214 -0.130292
vn -0.904887 -0.405216 -0.130307
vn -0.946975 -0.293696 -0.130308
vn -0.946976 -0.293696 -0.130307
vn -0.975376 -0.177935 -0.130307
vn -0.975378 -0.177933 -0.130297
vn -0.989682 -0.059598 -0.130297
vn -0.989683 -0.059597 -0.130289
vn -0.989683 0.059599 -0.130289
vn -0.989682 0.059597 -0.130297
vn -0.975378 0.177935 -0.130297
vn -0.975377 0.177933 -0.130307
vn -0.946976 0.293696 -0.130307
vn -0.946975 0.293696 -0.130308
vn -0.904888 0.405213 -0.130307
vn -0.904889 0.405217 -0.130292
vn -0.849723 0.510876 -0.130292
vn -0.849724 0.510877 -0.130284
vn -0.782276 0.609156 -0.130285
vn -0.782276 0.609156 -0.130283
vn -0.703520 0.698632 -0.130285
vn -0.703520 0.698631 -0.130289
vn -0.614599 0.778006 -0.130289
vn -0.614599 0.778004 -0.130296
vn -0.516792 0.846138 -0.130296
vn -0.516793 0.846136 -0.130302
vn -0.411519 0.902039 -0.130301
vn -0.411518 0.902040 -0.130292
vn -0.300296 0.944906 -0.130293
vn -0.300296 0.944904 -0.130299
vn -0.184734 0.974113 -0.130297
vn -0.184734 0.974114 -0.130293
vn -0.172185 0.907941 -0.382093
vn -0.172185 0.907943 -0.382089
vn -0.279897 0.880720 -0.382087
vn -0.279897 0.880717 -0.382094
vn -0.383565 0.840763 -0.382094
vn -0.383565 0.840764 -0.382092
vn -0.481687 0.788659 -0.382092
vn -0.481687 0.788662 -0.382087
vn -0.572850 0.725157 -0.382085
vn -0.572851 0.725159 -0.382083
vn -0.655732 0.651176 -0.382081
vn -0.655730 0.651170 -0.382094
vn -0.729134 0.567774 -0.382094
vn -0.729131 0.567768 -0.382109
vn -0.791995 0.476168 -0.382110
vn -0.792001 0.476177 -0.382086
vn -0.843422 0.377689 -0.382086
vn -0.843425 0.377692 -0.382077
vn -0.882655 0.273748 -0.382076
vn -0.882649 0.273743 -0.382093
vn -0.909120 0.165848 -0.382093
vn -0.909116 0.165845 -0.382105
vn -0.922448 0.055550 -0.382105
vn -0.922454 0.055553 -0.382089
vn -0.922454 -0.055550 -0.382090
vn -0.922448 -0.055553 -0.382105
vn -0.909115 -0.165847 -0.382105
vn -0.909121 -0.165846 -0.382093
vn -0.882648 -0.273746 -0.382093
vn -0.882656 -0.273745 -0.382076
vn -0.843426 -0.377690 -0.382077
vn -0.843422 -0.377690 -0.382086
vn -0.792003 -0.476173 -0.382086
vn -0.791992 -0.476172 -0.382111
vn -0.729129 -0.567771 -0.382109
vn -0.729136 -0.567772 -0.382094
vn -0.655728 -0.651172 -0.382094
vn -0.655734 -0.651174 -0.382081
vn -0.572851 -0.725158 -0.382083
vn -0.572850 -0.725158 -0.382085
vn -0.481688 -0.788661 -0.382087
vn -0.481686 -0.788660 -0.382092
vn -0.383565 -0.840764 -0.382092
vn -0.383564 -0.840763 -0.382094
vn -0.279896 -0.880717 -0.382094
vn -0.279898 -0.880719 -0.382087
vn -0.147918 0.779985 -0.608066
vn -0.147919 0.779982 -0.608070
vn -0.240450 0.756593 -0.608071
vn -0.240450 0.756594 -0.608070
vn -0.329507 0.722271 -0.608070
vn -0.329508 0.722275 -0.608066
vn -0.413801 0.677513 -0.608066
vn -0.413800 0.677507 -0.608075
vn -0.492111 0.622952 -0.608076
vn -0.492112 0.622953 -0.608075
vn -0.563312 0.559395 -0.608076
vn -0.563315 0.559400 -0.608070
vn -0.626376 0.487754 -0.608070
vn -0.626379 0.487759 -0.608063
vn -0.680384 0.409069 -0.608062
vn -0.680378 0.409063 -0.608073
vn -0.724550 0.324459 -0.608074
vn -0.724555 0.324463 -0.608066
vn -0.758257 0.235164 -0.608066
vn -0.758255 0.235162 -0.608069
vn -0.780995 0.142472 -0.608069
vn -0.781000 0.142475 -0.608062
vn -0.792454 0.047724 -0.608062
vn -0.792447 0.047722 -0.608070
vn -0.792447 -0.047724 -0.608070
vn -0.792454 -0.047722 -0.608062
vn -0.781001 -0.142474 -0.608062
vn -0.780995 -0.142474 -0.608069
vn -0.758255 -0.235163 -0.608069
vn -0.758258 -0.235163 -0.608066
vn -0.724556 -0.324461 -0.608066
vn -0.724549 -0.324461 -0.608074
vn -0.680377 -0.409065 -0.608073
vn -0.680385 -0.409067 -0.608062
vn -0.626381 -0.487757 -0.608063
vn -0.626375 -0.487755 -0.608070
vn -0.563316 -0.559399 -0.608070
vn -0.563311 -0.559396 -0.608076
vn -0.492112 -0.622953 -0.608075
vn -0.492111 -0.622953 -0.608076
vn -0.413798 -0.677508 -0.608075
vn -0.413803 -0.677512 -0.608066
vn -0.329509 -0.722274 -0.608066
vn -0.329506 -0.722272 -0.608070
vn -0.240450 -0.756594 -0.608070
vn -0.240450 -0.756593 -0.608071
vn -0.113556 0.598785 -0.792819
vn -0.113556 0.598787 -0.792818
vn -0.184592 0.580832 -0.792818
vn -0.184592 0.580834 -0.792816
vn -0.252961 0.554485 -0.792816
vn -0.252961 0.554485 -0.792816
vn -0.317674 0.520122 -0.792816
vn -0.317674 0.520122 -0.792816
vn -0.377795 0.478242 -0.792815
vn -0.377794 0.478241 -0.792816
vn -0.432454 0.429449 -0.792816
vn -0.432452 0.429445 -0.792819
vn -0.480862 0.374445 -0.792819
vn -0.480863 0.374446 -0.792818
vn -0.522323 0.314035 -0.792818
vn -0.522328 0.314041 -0.792813
vn -0.556240 0.249090 -0.792813
vn -0.556227 0.249080 -0.792825
vn -0.582098 0.180530 -0.792825
vn -0.582107 0.180535 -0.792817
vn -0.599565 0.109376 -0.792817
vn -0.599560 0.109375 -0.792821
vn -0.608353 0.036635 -0.792821
vn -0.608355 0.036636 -0.792819
vn -0.608355 -0.036636 -0.792819
vn -0.608353 -0.036636 -0.792821
vn -0.599560 -0.109376 -0.792821
vn -0.599565 -0.109375 -0.792817
vn -0.582107 -0.180533 -0.792817
vn -0.582097 -0.180532 -0.792825
vn -0.556226 -0.249083 -0.792824
vn -0.556241 -0.249087 -0.792812
vn -0.522329 -0.314039 -0.792813
vn -0.522322 -0.314037 -0.792818
vn -0.480863 -0.374446 -0.792818
vn -0.480862 -0.374445 -0.792819
vn -0.432451 -0.429446 -0.792819
vn -0.432455 -0.429448 -0.792816
vn -0.377794 -0.478241 -0.792816
vn -0.377795 -0.478242 -0.792815
vn -0.317674 -0.520122 -0.792816
vn -0.317674 -0.520122 -0.792816
vn -0.252961 -0.554485 -0.792816
vn -0.252961 -0.554485 -0.792816
vn -0.184592 -0.580834 -0.792816
vn -0.184592 -0.580832 -0.792818
vn -0.071412 0.376561 -0.923635
vn -0.071412 0.376559 -0.923636
vn -0.116084 0.365269 -0.923636
vn -0.116084 0.365269 -0.923636
vn -0.159079 0.348699 -0.923636
vn -0.159079 0.348697 -0.923636
vn -0.199775 0.327087 -0.923636
vn -0.199775 0.327090 -0.923635
vn -0.237584 0.300752 -0.923635
vn -0.237584 0.300753 -0.923635
vn -0.271959 0.270068 -0.923635
vn -0.271959 0.270068 -0.923635
vn -0.302404 0.235481 -0.923635
vn -0.302404 0.235480 -0.923635
vn -0.328476 0.197490 -0.923635
vn -0.328471 0.197486 -0.923637
vn -0.349797 0.156640 -0.923637
vn -0.349798 0.156641 -0.923637
vn -0.366068 0.113532 -0.923637
vn -0.366075 0.113536 -0.923633
vn -0.377055 0.068784 -0.923633
vn -0.377055 0.068784 -0.923633
vn -0.382585 0.023040 -0.923633
vn -0.382579 0.023038 -0.923636
vn -0.382579 -0.023039 -0.923636
vn -0.382585 -0.023039 -0.923633
vn -0.377055 -0.068784 -0.923633
vn -0.377055 -0.068784 -0.923633
vn -0.366075 -0.113535 -0.923633
vn -0.366067 -0.113534 -0.923637
vn -0.349799 -0.156641 -0.923637
vn -0.349796 -0.156640 -0.923638
vn -0.328470 -0.197487 -0.923637
vn -0.328477 -0.197489 -0.923635
vn -0.302403 -0.235480 -0.923635
vn -0.302404 -0.235481 -0.923635
vn -0.271959 -0.270068 -0.923635
vn -0.271959 -0.270068 -0.923635
vn -0.237584 -0.300753 -0.923635
vn -0.237584 -0.300752 -0.923635
vn -0.199776 -0.327089 -0.923635
vn -0.199774 -0.327088 -0.923636
vn -0.159079 -0.348698 -0.923636
vn -0.159080 -0.348699 -0.923635
vn -0.116084 -0.365269 -0.923636
vn -0.116084 -0.365269 -0.923636
vn -0.024362 0.128464 -0.991415
vn -0.024367 0.126676 -0.991645
vn -0.040119 0.126237 -0.991189
vn -0.039543 0.121125 -0.991849
vn -0.055637 0.121955 -0.990975
vn -0.053800 0.113959 -0.992028
vn -0.070632 0.115646 -0.990776
vn -0.066986 0.105292 -0.992183
vn -0.084822 0.107374 -0.990594
vn -0.078964 0.095261 -0.992315
vn -0.097934 0.097253 -0.990430
vn -0.089608 0.084006 -0.992428
vn -0.109709 0.085430 -0.990286
vn -0.098808 0.071683 -0.992521
vn -0.119915 0.072096 -0.990163
vn -0.106470 0.058455 -0.992596
vn -0.128344 0.057473 -0.990063
vn -0.112512 0.044492 -0.992654
vn -0.134820 0.041814 -0.989987
vn -0.116870 0.029972 -0.992695
vn -0.139212 0.025396 -0.989937
vn -0.119505 0.015080 -0.992719
vn -0.141436 0.008517 -0.989911
vn -0.120388 -0.000000 -0.992727
vn -0.141436 -0.008517 -0.989911
vn -0.119505 -0.015080 -0.992719
vn -0.139212 -0.025396 -0.989937
vn -0.116870 -0.029972 -0.992695
vn -0.134820 -0.041814 -0.989987
vn -0.112512 -0.044492 -0.992654
vn -0.128344 -0.057473 -0.990063
vn -0.106470 -0.058455 -0.992596
vn -0.119915 -0.072096 -0.990163
vn -0.098808 -0.071683 -0.992521
vn -0.109709 -0.085430 -0.990286
vn -0.089608 -0.084006 -0.992428
vn -0.097934 -0.097253 -0.990430
vn -0.078964 -0.095261 -0.992316
vn -0.084822 -0.107374 -0.990594
vn -0.066986 -0.105292 -0.992183
vn -0.070632 -0.115646 -0.990776
vn -0.053800 -0.113959 -0.992028
vn -0.055637 -0.121955 -0.990975
vn -0.039543 -0.121125 -0.991849
vn -0.040119 -0.126237 -0.991189
vn -0.127693 -0.049854 -0.990560
vn -0.123097 -0.045267 -0.991362
vn -0.360671 -0.132631 -0.923215
vn -0.360683 -0.132629 -0.923210
vn -0.573139 -0.210752 -0.791894
vn -0.573129 -0.210755 -0.791900
vn -0.745960 -0.274309 -0.606876
vn -0.745961 -0.274308 -0.606875
vn -0.867741 -0.319090 -0.381061
vn -0.867725 -0.319103 -0.381086
vn -0.930596 -0.342223 -0.129901
vn -0.919589 -0.359036 -0.159530
vn -0.847317 -0.520380 -0.106105
vn -0.806506 -0.564015 -0.177299
vn -0.729003 -0.678010 -0.094112
vn -0.650028 -0.737505 -0.183167
vn -0.581082 -0.808385 -0.094110
vn -0.458275 -0.870950 -0.177287
vn -0.409867 -0.905953 -0.106102
vn -0.240699 -0.957399 -0.159534
vn -0.222630 -0.966211 -0.129895
vn -0.207590 -0.900937 -0.381077
vn -0.207592 -0.900937 -0.381074
vn -0.381091 -0.842350 -0.381073
vn -0.381082 -0.842349 -0.381084
vn -0.539628 -0.750715 -0.381088
vn -0.539638 -0.750715 -0.381075
vn -0.677000 -0.629645 -0.381075
vn -0.677004 -0.629644 -0.381070
vn -0.787831 -0.483847 -0.381069
vn -0.787821 -0.483853 -0.381084
vn -0.178460 -0.774506 -0.606871
vn -0.178460 -0.774506 -0.606871
vn -0.327605 -0.724142 -0.606871
vn -0.327604 -0.724142 -0.606872
vn -0.463909 -0.645364 -0.606872
vn -0.463909 -0.645364 -0.606871
vn -0.581997 -0.541283 -0.606871
vn -0.581992 -0.541283 -0.606876
vn -0.677263 -0.415952 -0.606877
vn -0.677264 -0.415951 -0.606875
vn -0.137112 -0.595059 -0.791900
vn -0.137115 -0.595061 -0.791897
vn -0.251702 -0.556367 -0.791898
vn -0.251705 -0.556369 -0.791895
vn -0.356430 -0.495844 -0.791894
vn -0.356417 -0.495840 -0.791903
vn -0.447147 -0.415870 -0.791904
vn -0.447155 -0.415871 -0.791899
vn -0.520351 -0.319581 -0.791899
vn -0.520349 -0.319581 -0.791900
vn -0.086288 -0.374480 -0.923211
vn -0.086286 -0.374478 -0.923212
vn -0.158400 -0.350126 -0.923213
vn -0.158399 -0.350125 -0.923213
vn -0.224297 -0.312038 -0.923213
vn -0.224304 -0.312041 -0.923211
vn -0.281403 -0.261715 -0.923211
vn -0.281404 -0.261715 -0.923210
vn -0.327467 -0.201119 -0.923210
vn -0.327465 -0.201119 -0.923211
vn -0.029449 -0.127806 -0.991362
vn -0.033423 -0.132942 -0.990560
vn -0.052181 -0.115341 -0.991954
vn -0.065520 -0.124520 -0.990051
vn -0.072627 -0.101035 -0.992228
vn -0.093865 -0.106495 -0.989873
vn -0.091115 -0.084741 -0.992228
vn -0.115306 -0.080640 -0.990051
vn -0.107875 -0.066254 -0.991954
vn 0.024018 -0.124450 -0.991935
vn 0.026725 -0.128434 -0.991358
vn 0.078303 -0.376308 -0.923180
vn 0.078302 -0.376309 -0.923179
vn 0.124418 -0.597935 -0.791829
vn 0.124418 -0.597936 -0.791829
vn 0.161927 -0.778200 -0.606782
vn 0.161927 -0.778200 -0.606782
vn 0.188351 -0.905189 -0.380995
vn 0.188354 -0.905184 -0.381005
vn 0.201994 -0.970737 -0.129875
vn 0.201992 -0.970739 -0.129866
vn 0.002101 -0.991529 -0.129867
vn 0.002099 -0.991530 -0.129862
vn -0.197880 -0.971586 -0.129861
vn -0.197878 -0.971586 -0.129865
vn -0.389725 -0.911729 -0.129864
vn -0.389725 -0.911729 -0.129865
vn -0.565566 -0.814413 -0.129868
vn -0.565563 -0.814414 -0.129878
vn -0.718165 -0.683645 -0.129882
vn -0.718172 -0.683641 -0.129859
vn -0.841271 -0.524786 -0.129858
vn -0.841265 -0.524790 -0.129880
vn -0.929807 -0.344369 -0.129882
vn -0.929809 -0.344366 -0.129871
vn -0.867026 -0.321117 -0.380985
vn -0.867017 -0.321121 -0.381002
vn -0.784460 -0.489347 -0.381002
vn -0.784463 -0.489346 -0.380996
vn -0.669670 -0.637481 -0.380997
vn -0.669672 -0.637482 -0.380995
vn -0.527376 -0.759419 -0.380996
vn -0.527376 -0.759419 -0.380996
vn -0.363408 -0.850162 -0.380998
vn -0.363408 -0.850162 -0.380998
vn -0.184517 -0.905977 -0.380998
vn -0.184515 -0.905975 -0.381003
vn 0.001959 -0.924573 -0.381000
vn 0.001960 -0.924572 -0.381003
vn -0.745383 -0.276071 -0.606786
vn -0.745393 -0.276069 -0.606775
vn -0.674415 -0.420699 -0.606776
vn -0.674408 -0.420698 -0.606784
vn -0.575723 -0.548048 -0.606784
vn -0.575723 -0.548048 -0.606784
vn -0.453390 -0.652879 -0.606784
vn -0.453392 -0.652880 -0.606780
vn -0.312426 -0.730894 -0.606781
vn -0.312425 -0.730893 -0.606783
vn -0.158630 -0.778878 -0.606783
vn -0.158630 -0.778879 -0.606782
vn 0.001685 -0.794866 -0.606782
vn 0.001685 -0.794867 -0.606781
vn -0.572730 -0.212120 -0.791824
vn -0.572715 -0.212121 -0.791834
vn -0.518182 -0.323244 -0.791834
vn -0.518181 -0.323244 -0.791834
vn -0.442357 -0.421094 -0.791833
vn -0.442362 -0.421095 -0.791830
vn -0.348366 -0.501644 -0.791830
vn -0.348363 -0.501642 -0.791832
vn -0.240053 -0.561585 -0.791831
vn -0.240056 -0.561588 -0.791828
vn -0.121885 -0.598458 -0.791829
vn -0.121883 -0.598455 -0.791831
vn 0.001295 -0.610740 -0.791830
vn 0.001294 -0.610741 -0.791829
vn -0.360433 -0.133497 -0.923183
vn -0.360451 -0.133496 -0.923176
vn -0.326125 -0.203439 -0.923177
vn -0.326123 -0.203438 -0.923177
vn -0.278403 -0.265018 -0.923178
vn -0.278396 -0.265016 -0.923180
vn -0.219242 -0.315708 -0.923180
vn -0.219244 -0.315709 -0.923179
vn -0.151078 -0.353433 -0.923180
vn -0.151077 -0.353431 -0.923180
vn -0.076707 -0.376636 -0.923180
vn -0.076707 -0.376637 -0.923180
vn 0.000814 -0.384368 -0.923180
vn 0.000814 -0.384368 -0.923180
vn -0.123020 -0.045562 -0.991358
vn -0.118205 -0.045739 -0.991935
vn -0.114611 -0.071495 -0.990834
vn -0.101944 -0.069930 -0.992329
vn -0.099819 -0.095021 -0.990458
vn -0.081918 -0.090166 -0.992552
vn -0.079412 -0.114353 -0.990261
vn -0.058702 -0.106070 -0.992625
vn -0.054721 -0.128016 -0.990261
vn -0.032895 -0.117294 -0.992552
vn -0.027503 -0.135041 -0.990458
vn -0.005115 -0.123517 -0.992329
vn 0.000286 -0.135083 -0.990834
vn -0.960785 0.245193 -0.129511
vn -0.896233 0.228719 -0.380072
vn -0.896374 0.228085 -0.380120
vn -0.771090 0.196207 -0.605742
vn -0.771094 0.196174 -0.605747
vn -0.592888 0.150837 -0.791032
vn -0.592888 0.150828 -0.791034
vn -0.373359 0.094981 -0.922812
vn -0.373362 0.094993 -0.922809
vn -0.127473 0.032432 -0.991312
vn -0.127473 0.032432 -0.991312
vn -0.115453 0.063022 -0.991312
vn -0.115453 0.063021 -0.991312
vn -0.096228 0.089673 -0.991312
vn -0.096227 0.089675 -0.991312
vn -0.070993 0.110730 -0.991312
vn -0.070993 0.110732 -0.991311
vn -0.041327 0.124874 -0.991312
vn -0.041328 0.124873 -0.991312
vn -0.009082 0.131220 -0.991312
vn -0.009081 0.131220 -0.991312
vn 0.023731 0.129375 -0.991312
vn 0.023733 0.129376 -0.991312
vn 0.069507 0.378932 -0.922810
vn 0.069509 0.378933 -0.922810
vn -0.026599 0.384335 -0.922811
vn -0.026597 0.384336 -0.922810
vn -0.121043 0.365746 -0.922810
vn -0.121046 0.365743 -0.922811
vn -0.207934 0.324320 -0.922811
vn -0.207933 0.324322 -0.922811
vn -0.281845 0.262648 -0.922810
vn -0.281847 0.262642 -0.922812
vn -0.338153 0.184585 -0.922811
vn -0.338153 0.184596 -0.922809
vn 0.110379 0.601738 -0.791030
vn 0.110382 0.601738 -0.791029
vn -0.042236 0.610320 -0.791029
vn -0.042239 0.610318 -0.791029
vn -0.192219 0.580796 -0.791030
vn -0.192221 0.580794 -0.791030
vn -0.330194 0.515017 -0.791031
vn -0.330198 0.515012 -0.791032
vn -0.447570 0.417073 -0.791032
vn -0.447551 0.417112 -0.791022
vn -0.536985 0.293137 -0.791024
vn -0.536997 0.293078 -0.791037
vn 0.143560 0.782600 -0.605746
vn 0.143564 0.782600 -0.605745
vn -0.054934 0.793759 -0.605746
vn -0.054948 0.793756 -0.605749
vn -0.249997 0.755362 -0.605748
vn -0.250003 0.755359 -0.605749
vn -0.429446 0.669810 -0.605749
vn -0.429399 0.669848 -0.605739
vn -0.582061 0.542475 -0.605744
vn -0.582115 0.542400 -0.605759
vn -0.698406 0.381171 -0.605754
vn -0.698392 0.381205 -0.605749
vn 0.166891 0.909758 -0.380116
vn 0.166751 0.909779 -0.380126
vn -0.063876 0.922729 -0.380120
vn -0.063837 0.922733 -0.380117
vn -0.290625 0.878093 -0.380118
vn -0.290565 0.878115 -0.380113
vn -0.499166 0.778683 -0.380113
vn -0.499347 0.778559 -0.380130
vn -0.676706 0.630538 -0.380119
vn -0.676531 0.630738 -0.380099
vn -0.811874 0.443147 -0.380106
vn -0.812086 0.442730 -0.380141
vn 0.178766 0.975328 -0.129528
vn -0.068436 0.989212 -0.129524
vn -0.311498 0.941378 -0.129521
vn -0.535326 0.834656 -0.129519
vn -0.725267 0.676175 -0.129518
vn -0.870604 0.474632 -0.129511
vn -0.127473 -0.032432 -0.991312
vn -0.127473 -0.032432 -0.991312
vn -0.115453 -0.063021 -0.991312
vn -0.115453 -0.063021 -0.991312
vn -0.096227 -0.089674 -0.991312
vn -0.096228 -0.089674 -0.991312
vn -0.070992 -0.110731 -0.991312
vn -0.070994 -0.110731 -0.991311
vn -0.041328 -0.124874 -0.991311
vn -0.041327 -0.124873 -0.991312
vn -0.009081 -0.131220 -0.991312
vn -0.009082 -0.131220 -0.991312
vn 0.023732 -0.129375 -0.991312
vn 0.023731 -0.129376 -0.991312
vn 0.069507 -0.378933 -0.922810
vn 0.069509 -0.378932 -0.922811
vn 0.110379 -0.601739 -0.791029
vn 0.110382 -0.601737 -0.791030
vn 0.143560 -0.782600 -0.605745
vn 0.143564 -0.782599 -0.605746
vn 0.166891 -0.909756 -0.380120
vn 0.166753 -0.909786 -0.380110
vn 0.178766 -0.975328 -0.129528
vn -0.373357 -0.094992 -0.922812
vn -0.373366 -0.094983 -0.922809
vn -0.338157 -0.184587 -0.922810
vn -0.338148 -0.184593 -0.922812
vn -0.281844 -0.262647 -0.922811
vn -0.281850 -0.262645 -0.922810
vn -0.207934 -0.324321 -0.922811
vn -0.207932 -0.324321 -0.922811
vn -0.121043 -0.365745 -0.922811
vn -0.121047 -0.365745 -0.922810
vn -0.026599 -0.384336 -0.922810
vn -0.026597 -0.384335 -0.922811
vn -0.592890 -0.150828 -0.791033
vn -0.592885 -0.150836 -0.791035
vn -0.536973 -0.293131 -0.791033
vn -0.537016 -0.293089 -0.791020
vn -0.447577 -0.417079 -0.791025
vn -0.447539 -0.417101 -0.791034
vn -0.330193 -0.515016 -0.791032
vn -0.330199 -0.515014 -0.791030
vn -0.192219 -0.580795 -0.791030
vn -0.192222 -0.580795 -0.791030
vn -0.042236 -0.610319 -0.791029
vn -0.042239 -0.610320 -0.791028
vn -0.771097 -0.196175 -0.605744
vn -0.771085 -0.196205 -0.605749
vn -0.698408 -0.381172 -0.605751
vn -0.698387 -0.381202 -0.605757
vn -0.582056 -0.542470 -0.605754
vn -0.582126 -0.542411 -0.605739
vn -0.429448 -0.669814 -0.605742
vn -0.429394 -0.669840 -0.605752
vn -0.249997 -0.755361 -0.605748
vn -0.250003 -0.755360 -0.605747
vn -0.054934 -0.793758 -0.605748
vn -0.054948 -0.793759 -0.605746
vn -0.896382 -0.228087 -0.380100
vn -0.896202 -0.228712 -0.380149
vn -0.811869 -0.443144 -0.380120
vn -0.812106 -0.442741 -0.380085
vn -0.676709 -0.630541 -0.380111
vn -0.676521 -0.630729 -0.380131
vn -0.499165 -0.778680 -0.380120
vn -0.499353 -0.778568 -0.380104
vn -0.290625 -0.878094 -0.380116
vn -0.290564 -0.878112 -0.380121
vn -0.063876 -0.922729 -0.380119
vn -0.063837 -0.922731 -0.380122
vn -0.960785 -0.245193 -0.129511
vn -0.870604 -0.474632 -0.129511
vn -0.725267 -0.676175 -0.129518
vn -0.535326 -0.834656 -0.129519
vn -0.311498 -0.941378 -0.129521
vn -0.068436 -0.989212 -0.129524
vn 0.000000 0.000000 -1.000000
vn -0.000000 0.000000 -1.000000
vn -0.000000 0.000000 -1.000000
vn 0.000000 0.000000 -1.000000
vn -0.000000 -0.000000 -1.000000
vn -0.000000 0.000000 -1.000000
vn -0.000000 0.000000 -1.000000
vn -0.000000 0.000000 -1.000000
vn -0.000000 0.000000 -1.000000
vn -0.000000 0.000000 -1.000000
vn 0.000000 0.000000 -1.000000
vn -0.000000 -0.000000 -1.000000
vn -0.000000 -0.000000 -1.000000
vn -0.000000 -0.000000 -1.000000
vn -0.000000 -0.000000 -1.000000
vn -0.000000 -0.000000 -1.000000
vn -0.000000 -0.000000 -1.000000
vn 0.000000 -0.000000 -1.000000
vn -0.000000 -0.000000 -1.000000
vn 0.000000 -0.000000 -1.000000
vn 0.000000 -0.000000 -1.000000
vn -0.000000 0.000000 -1.000000
vn -0.000000 0.000000 -1.000000
vn -0.000000 0.000000 -1.000000
vn -0.000000 0.000000 -1.000000
vn -0.000000 0.000000 -1.000000
vn 0.000000 0.000000 -1.000000
vn -0.000000 0.000000 -1.000000
vn -0.000000 0.000000 -1.000000
vn 0.000000 0.000000 -1.000000
vn -0.000000 0.000000 -1.000000
vn -0.000000 0.000000 -1.000000
vn 0.000000 0.000000 -1.000000
vn -0.000000 0.000000 -1.000000
vn 0.000000 0.000000 -1.000000
vn -0.000000 0.000000 -1.000000
vn 0.000000 0.000000 -1.000000
vn 0.000000 0.000000 -1.000000
vn 0.000000 0.000000 -1.000000
vn 0.000000 0.000000 -1.000000
vn 0.000000 0.000000 -1.000000
vn 0.000000 0.000000 -1.000000
vn 0.000000 0.000000 -1.000000
vn 0.000000 0.000000 -1.000000
vn 0.000000 0.000000 -1.000000
vn 0.000000 0.000000 -1.000000
vn 0.000000 0.000000 -1.000000
vn 0.000000 0.000000 -1.000000
vn 0.000000 0.000000 -1.000000
vn 0.000000 0.000000 -1.000000
vn 0.000000 0.000000 -1.000000
vn 0.000000 0.000000 -1.000000
vn 0.000000 0.000000 -1.000000
vn 0.000000 0.000000 -1.000000
vn 0.000000 0.000000 -1.000000
vn 0.000000 0.000000 -1.000000
vn 0.000000 0.000000 -1.000000
vn 0.000000 0.000000 -1.000000
vn 0.000000 0.000000 -1.000000
vn 0.000000 0.000000 -1.000000
vn 0.000000 0.000000 -1.000000
vn 0.000000 0.000000 -1.000000
vn 0.000000 0.000000 -1.000000
vn 0.000000 0.000000 -1.000000
vn 0.000000 0.000000 -1.000000
vn 0.000000 0.000000 -1.000000
vn 0.000000 0.000000 -1.000000
vn 0.000000 0.000000 -1.000000
vn 0.000000 -0.000000 -1.000000
vn 0.000000 -0.000000 -1.000000
vn 0.000000 0.000000 -1.000000
vn 0.000000 0.000000 -1.000000
vn 0.000000 0.000000 -1.000000
vn 0.000000 0.000000 -1.000000
vn 0.000000 0.000000 -1.000000
vn -0.000000 0.000000 -1.000000
vn -0.000000 0.000000 -1.000000
vn -0.000000 0.000000 -1.000000
vn 0.000000 0.000000 -1.000000
vn 0.000000 0.000000 -1.000000
vn -0.000000 0.000000 -1.000000
vn 0.000000 0.000000 -1.000000
vn 0.000000 0.000000 -1.000000
vn 0.000000 0.000000 -1.000000
vn 0.000000 0.000000 -1.000000
vn -0.000000 0.000000 -1.000000
vn -0.000000 0.000000 -1.000000
vn 0.000000 0.000000 -1.000000
vn 0.000000 0.000000 -1.000000
vn 0.000000 0.000000 -1.000000
vn 0.000000 0.000000 -1.000000
vn 0.000000 0.000000 -1.000000
vn -0.991445 0.130521 0.000000
vn -0.991445 0.130521 0.000000
vn -0.991445 -0.130521 0.000000
vn -0.991445 -0.130521 -0.000000
vn -0.923881 -0.382680 0.000000
vn -0.923881 -0.382680 -0.000000
vn -0.793350 -0.608765 0.000000
vn -0.793350 -0.608765 -0.000000
vn -0.608760 -0.793354 0.000000
vn -0.608760 -0.793354 -0.000000
vn -0.382684 -0.923879 0.000000
vn -0.382684 -0.923879 -0.000000
vn -0.130526 -0.991445 0.000000
vn -0.130526 -0.991445 -0.000000
vn 0.130526 -0.991445 0.000000
vn 0.130526 -0.991445 0.000000
vn 0.382684 -0.923879 0.000000
vn 0.382684 -0.923879 0.000000
vn 0.608760 -0.793354 0.000000
vn 0.608760 -0.793354 0.000000
vn 0.793350 -0.608765 0.000000
vn 0.793350 -0.608765 0.000000
vn 0.923881 -0.382680 0.000000
vn 0.923881 -0.382680 0.000000
vn 0.991445 -0.130521 0.000000
vn 0.991445 -0.130521 0.000000
vn 0.991445 0.130521 0.000000
vn 0.991445 0.130521 0.000000
vn 0.923881 0.382680 0.000000
vn 0.923881 0.382680 0.000000
vn 0.793350 0.608765 0.000000
vn 0.793350 0.608765 0.000000
vn 0.608760 0.793354 0.000000
vn 0.608760 0.793354 0.000000
vn 0.382684 0.923879 0.000000
vn 0.382684 0.923879 0.000000
vn 0.130526 0.991445 0.000000
vn 0.130526 0.991445 0.000000
vn -0.130526 0.991445 0.000000
vn -0.130526 0.991445 0.000000
vn -0.382684 0.923879 0.000000
vn -0.382684 0.923879 0.000000
vn -0.608760 0.793354 0.000000
vn -0.608760 0.793354 0.000000
vn -0.793350 0.608765 0.000000
vn -0.793350 0.608765 0.000000
vn -0.923881 0.382680 0.000000
vn -0.923881 0.382680 0.000000
vn 0.000000 0.000000 1.000000
vn 0.000000 0.000000 1.000000
vn 0.000000 -0.000000 1.000000
vn 0.000000 -0.000000 1.000000
vn 0.000000 -0.000000 1.000000
vn 0.000000 -0.000000 1.000000
vn 0.000000 -0.000000 1.000000
vn 0.000000 -0.000000 1.000000
vn 0.000000 -0.000000 1.000000
vn 0.000000 -0.000000 1.000000
vn 0.000000 -0.000000 1.000000
vn 0.000000 -0.000000 1.000000
vn 0.000000 -0.000000 1.000000
vn 0.000000 0.000000 1.000000
vn 0.000000 0.000000 1.000000
vn 0.000000 0.000000 1.000000
vn 0.000000 0.000000 1.000000
vn 0.000000 0.000000 1.000000
vn 0.000000 0.000000 1.000000
vn 0.000000 0.000000 1.000000
vn 0.000000 0.000000 1.000000
vn 0.000000 0.000000 1.000000
vn -0.994137 -0.108124 0.000000
vn -0.994137 -0.108124 -0.000000
vn -0.994137 0.108124 0.000000
vn -0.994137 0.108124 0.000000
vn -0.947656 0.319293 0.000000
vn -0.947656 0.319293 0.000000
vn -0.856856 0.515555 0.000000
vn -0.856856 0.515555 0.000000
vn -0.725997 0.687698 0.000000
vn -0.725997 0.687698 0.000000
vn -0.561183 0.827691 0.000000
vn -0.561183 0.827691 0.000000
vn -0.370140 0.928976 0.000000
vn -0.370140 0.928976 0.000000
vn -0.161781 0.986827 0.000000
vn -0.161781 0.986827 0.000000
vn 0.054139 0.998533 0.000000
vn 0.054139 0.998533 -0.000000
vn 0.267531 0.963549 0.000000
vn 0.267531 0.963549 -0.000000
vn 0.468410 0.883511 0.000000
vn 0.468410 0.883511 -0.000000
vn 0.647380 0.762167 0.000000
vn 0.647380 0.762167 -0.000000
vn 0.796098 0.605168 0.000000
vn 0.796098 0.605168 -0.000000
vn 0.907576 0.419889 0.000000
vn 0.907576 0.419889 -0.000000
vn 0.976621 0.214969 0.000000
vn 0.976621 0.214969 -0.000000
vn 1.000000 0.000000 0.000000
vn 1.000000 0.000000 -0.000000
vn 0.976621 -0.214969 0.000000
vn 0.976621 -0.214969 0.000000
vn 0.907576 -0.419889 0.000000
vn 0.907576 -0.419889 0.000000
vn 0.796098 -0.605168 0.000000
vn 0.796098 -0.605168 0.000000
vn 0.647380 -0.762167 0.000000
vn 0.647380 -0.762167 0.000000
vn 0.468410 -0.883511 0.000000
vn 0.468410 -0.883511 0.000000
vn 0.267531 -0.963549 0.000000
vn 0.267531 -0.963549 0.000000
vn 0.054139 -0.998533 0.000000
vn 0.054139 -0.998533 0.000000
vn -0.161781 -0.986827 0.000000
vn -0.161781 -0.986827 0.000000
vn -0.370140 -0.928976 0.000000
vn -0.370140 -0.928976 0.000000
vn -0.561183 -0.827691 0.000000
vn -0.561183 -0.827691 0.000000
vn -0.725997 -0.687698 0.000000
vn -0.725997 -0.687698 0.000000
vn -0.856856 -0.515555 0.000000
vn -0.856856 -0.515555 0.000000
vn -0.947656 -0.319293 0.000000
vn -0.947656 -0.319293 0.000000
vn 0.000000 0.000000 1.000000
vn 0.000000 0.000000 1.000000
vn 0.000000 0.000000 1.000000
vn 0.000000 -0.000000 1.000000
vn -0.000000 0.000000 1.000000
vn 0.000000 -0.000000 1.000000
vn -0.000000 0.000000 1.000000
vn 0.000000 -0.000000 1.000000
vn -0.000000 0.000000 1.000000
vn 0.000000 -0.000000 1.000000
vn -0.000000 0.000000 1.000000
vn 0.000000 -0.000000 1.000000
vn 0.000000 0.000000 1.000000
vn -0.000000 0.000000 1.000000
vn -0.000000 0.000000 1.000000
vn 0.000000 0.000000 1.000000
vn -0.000000 0.000000 1.000000
vn 0.000000 0.000000 1.000000
vn -0.000000 0.000000 1.000000
vn 0.000000 0.000000 1.000000
vn -0.000000 0.000000 1.000000
vn 0.000000 0.000000 1.000000
vn -0.000000 0.000000 1.000000
vn -0.000000 0.000000 1.000000
vn 0.000000 0.000000 1.000000
vn 0.000000 0.000000 1.000000
vn 0.000000 0.000000 1.000000
vn 0.000000 0.000000 1.000000
vn 0.000000 0.000000 1.000000
vn 0.000000 0.000000 1.000000
vn 0.000000 0.000000 1.000000
vn 0.000000 0.000000 1.000000
vn 0.000000 0.000000 1.000000
vn 0.000000 0.000000 1.000000
vn 0.000000 0.000000 1.000000
vn 0.000000 0.000000 1.000000
vn 0.000000 0.000000 1.000000
vn 0.000000 0.000000 1.000000
vn 0.000000 0.000000 1.000000
vn 0.000000 0.000000 1.000000
vn 0.000000 0.000000 1.000000
vn 0.000000 0.000000 1.000000
vn 0.000000 0.000000 1.000000
vn 0.000000 0.000000 1.000000
vn 0.000000 -0.000000 1.000000
vn 0.000000 0.000000 1.000000
vn 0.000000 -0.000000 1.000000
vn 0.000000 0.000000 1.000000
vn 0.000000 -0.000000 1.000000
vn 0.000000 0.000000 1.000000
vn 0.000000 -0.000000 1.000000
vn 0.000000 0.000000 1.000000
vn 0.000000 -0.000000 1.000000
vn -0.993712 0.111966 0.000000
vn -0.993712 0.111966 0.000000
vn -0.993712 -0.111966 0.000000
vn -0.993712 -0.111966 -0.000000
vn -0.943883 -0.330280 0.000000
vn -0.943883 -0.330280 -0.000000
vn -0.846726 -0.532028 0.000000
vn -0.846726 -0.532028 -0.000000
vn -0.707105 -0.707109 0.000000
vn -0.707105 -0.707109 -0.000000
vn -0.532033 -0.846724 0.000000
vn -0.532033 -0.846724 -0.000000
vn -0.330279 -0.943883 0.000000
vn -0.330279 -0.943883 -0.000000
vn -0.111964 -0.993712 0.000000
vn -0.111964 -0.993712 -0.000000
vn 0.111964 -0.993712 0.000000
vn 0.111964 -0.993712 0.000000
vn 0.330279 -0.943883 0.000000
vn 0.330279 -0.943883 0.000000
vn 0.532033 -0.846724 0.000000
vn 0.532033 -0.846724 0.000000
vn 0.707105 -0.707109 0.000000
vn 0.707105 -0.707109 0.000000
vn 0.846726 -0.532028 0.000000
vn 0.846726 -0.532028 0.000000
vn 0.943883 -0.330280 0.000000
vn 0.943883 -0.330280 0.000000
vn 0.993712 -0.111966 0.000000
vn 0.993712 -0.111966 0.000000
vn 0.993712 0.111966 0.000000
vn 0.993712 0.111966 0.000000
vn 0.943883 0.330280 0.000000
vn 0.943883 0.330280 0.000000
vn 0.846726 0.532028 0.000000
vn 0.846726 0.532028 0.000000
vn 0.707105 0.707109 0.000000
vn 0.707105 0.707109 0.000000
vn 0.532033 0.846724 0.000000
vn 0.532033 0.846724 0.000000
vn 0.330279 0.943883 0.000000
vn 0.330279 0.943883 0.000000
vn 0.111964 0.993712 0.000000
vn 0.111964 0.993712 0.000000
vn -0.111964 0.993712 0.000000
vn -0.111964 0.993712 0.000000
vn -0.330279 0.943883 0.000000
vn -0.330279 0.943883 0.000000
vn -0.532033 0.846724 0.000000
vn -0.532033 0.846724 0.000000
vn -0.707105 0.707109 0.000000
vn -0.707105 0.707109 0.000000
vn -0.846726 0.532028 0.000000
vn -0.846726 0.532028 0.000000
vn -0.943883 0.330280 0.000000
vn -0.943883 0.330280 0.000000
vn -0.243822 -0.969820 0.000000
vn -0.243822 -0.969820 -0.000000
vn -0.465651 -0.884969 0.000000
vn -0.465651 -0.884969 -0.000000
vn -0.661215 -0.750197 0.000000
vn -0.661215 -0.750197 -0.000000
vn -0.819489 -0.573094 0.000000
vn -0.819489 -0.573094 -0.000000
vn -0.931518 -0.363694 0.000000
vn -0.931518 -0.363694 -0.000000
vn -0.186322 0.982489 0.000000
vn -0.186322 0.982489 0.000000
vn -0.302878 0.953029 0.000000
vn -0.302878 0.953029 0.000000
vn -0.415056 0.909796 0.000000
vn -0.415056 0.909796 0.000000
vn -0.521237 0.853412 0.000000
vn -0.521237 0.853412 0.000000
vn -0.619884 0.784694 0.000000
vn -0.619884 0.784694 0.000000
vn -0.709568 0.704637 0.000000
vn -0.709568 0.704637 0.000000
vn -0.789000 0.614393 0.000000
vn -0.789000 0.614393 0.000000
vn -0.857028 0.515269 0.000000
vn -0.857028 0.515269 0.000000
vn -0.912668 0.408701 0.000000
vn -0.912668 0.408701 0.000000
vn -0.955119 0.296222 0.000000
vn -0.955119 0.296222 0.000000
vn -0.983765 0.179463 0.000000
vn -0.983765 0.179463 0.000000
vn -0.998192 0.060109 0.000000
vn -0.998192 0.060109 0.000000
vn -0.998192 -0.060109 0.000000
vn -0.998192 -0.060109 -0.000000
vn -0.983765 -0.179463 0.000000
vn -0.983765 -0.179463 -0.000000
vn -0.955119 -0.296222 0.000000
vn -0.955119 -0.296222 -0.000000
vn -0.912668 -0.408701 0.000000
vn -0.912668 -0.408701 -0.000000
vn -0.857028 -0.515269 0.000000
vn -0.857028 -0.515269 -0.000000
vn -0.789000 -0.614393 0.000000
vn -0.789000 -0.614393 -0.000000
vn -0.709568 -0.704637 0.000000
vn -0.709568 -0.704637 -0.000000
vn -0.619884 -0.784694 0.000000
vn -0.619884 -0.784694 -0.000000
vn -0.521237 -0.853412 0.000000
vn -0.521237 -0.853412 -0.000000
vn -0.415056 -0.909796 0.000000
vn -0.415056 -0.909796 -0.000000
vn -0.302878 -0.953029 0.000000
vn -0.302878 -0.953029 -0.000000
vn -0.186322 -0.982489 0.000000
vn -0.186322 -0.982489 -0.000000
vn -0.931518 0.363694 0.000000
vn -0.931518 0.363694 0.000000
vn -0.819489 0.573094 0.000000
vn -0.819489 0.573094 0.000000
vn -0.661215 0.750197 0.000000
vn -0.661215 0.750197 0.000000
vn -0.465651 0.884969 0.000000
vn -0.465651 0.884969 0.000000
vn -0.243822 0.969820 0.000000
vn -0.243822 0.969820 0.000000
vn 0.203717 0.979030 0.000000
vn 0.203717 0.979030 0.000000
vn 0.002117 0.999998 0.000000
vn 0.002117 0.999998 0.000000
vn -0.199568 0.979884 0.000000
vn -0.199568 0.979884 0.000000
vn -0.393053 0.919516 0.000000
vn -0.393053 0.919516 0.000000
vn -0.570394 0.821371 0.000000
vn -0.570394 0.821371 0.000000
vn -0.724305 0.689480 0.000000
vn -0.724305 0.689480 0.000000
vn -0.848451 0.529274 0.000000
vn -0.848451 0.529274 0.000000
vn -0.937751 0.347308 0.000000
vn -0.937751 0.347308 0.000000
vn -0.937751 -0.347308 0.000000
vn -0.937751 -0.347308 -0.000000
vn -0.848451 -0.529274 0.000000
vn -0.848451 -0.529274 -0.000000
vn -0.724305 -0.689480 0.000000
vn -0.724305 -0.689480 -0.000000
vn -0.570394 -0.821371 0.000000
vn -0.570394 -0.821371 -0.000000
vn -0.393053 -0.919516 0.000000
vn -0.393053 -0.919516 -0.000000
vn -0.199568 -0.979884 0.000000
vn -0.199568 -0.979884 -0.000000
vn 0.002117 -0.999998 0.000000
vn 0.002117 -0.999998 0.000000
vn 0.203717 -0.979030 0.000000
vn 0.203717 -0.979030 0.000000
vn 0.050649 0.998716 0.000000
vn 0.050649 0.998716 -0.000000
vn 0.151429 0.988468 0.000000
vn 0.151429 0.988468 -0.000000
vn 0.250652 0.968077 0.000000
vn 0.250652 0.968077 -0.000000
vn 0.347304 0.937753 0.000000
vn 0.347304 0.937753 -0.000000
vn 0.440395 0.897804 0.000000
vn 0.440395 0.897804 -0.000000
vn 0.528964 0.848644 0.000000
vn 0.528964 0.848644 -0.000000
vn 0.612107 0.790775 0.000000
vn 0.612107 0.790775 -0.000000
vn 0.688969 0.724791 0.000000
vn 0.688969 0.724791 -0.000000
vn 0.758755 0.651376 0.000000
vn 0.758755 0.651376 -0.000000
vn 0.820764 0.571268 0.000000
vn 0.820764 0.571268 -0.000000
vn 0.874347 0.485302 0.000000
vn 0.874347 0.485302 -0.000000
vn 0.918958 0.394355 0.000000
vn 0.918958 0.394355 -0.000000
vn 0.954140 0.299360 0.000000
vn 0.954140 0.299360 -0.000000
vn 0.979530 0.201298 0.000000
vn 0.979530 0.201298 -0.000000
vn 0.994869 0.101172 0.000000
vn 0.994869 0.101172 -0.000000
vn 1.000000 0.000000 0.000000
vn 1.000000 0.000000 -0.000000
vn 0.994869 -0.101172 0.000000
vn 0.994869 -0.101172 0.000000
vn 0.979530 -0.201298 0.000000
vn 0.979530 -0.201298 0.000000
vn 0.954140 -0.299360 0.000000
vn 0.954140 -0.299360 0.000000
vn 0.918958 -0.394355 0.000000
vn 0.918958 -0.394355 0.000000
vn 0.874347 -0.485302 0.000000
vn 0.874347 -0.485302 0.000000
vn 0.820764 -0.571268 0.000000
vn 0.820764 -0.571268 0.000000
vn 0.758755 -0.651376 0.000000
vn 0.758755 -0.651376 0.000000
vn 0.688969 -0.724791 0.000000
vn 0.688969 -0.724791 0.000000
vn 0.612107 -0.790775 0.000000
vn 0.612107 -0.790775 0.000000
vn 0.528964 -0.848644 0.000000
vn 0.528964 -0.848644 0.000000
vn 0.440395 -0.897804 0.000000
vn 0.440395 -0.897804 0.000000
vn 0.347304 -0.937753 0.000000
vn 0.347304 -0.937753 0.000000
vn 0.250652 -0.968077 0.000000
vn 0.250652 -0.968077 0.000000
vn 0.151429 -0.988468 0.000000
vn 0.151429 -0.988468 0.000000
vn 0.050649 -0.998716 0.000000
vn 0.050649 -0.998716 0.000000
vn -1.000000 0.000000 -0.000000
vn -1.000000 0.000000 0.000000
vn 0.989665 0.059864 0.130303
vn 0.989667 0.059867 0.130287
vn 0.989667 -0.059864 0.130287
vn 0.989665 -0.059867 0.130303
vn 0.975234 -0.178715 0.130303
vn 0.975238 -0.178712 0.130281
vn 0.946584 -0.294967 0.130281
vn 0.946582 -0.294969 0.130293
vn 0.904125 -0.406916 0.130293
vn 0.904129 -0.406915 0.130277
vn 0.848488 -0.512928 0.130278
vn 0.848483 -0.512930 0.130302
vn 0.780473 -0.611461 0.130301
vn 0.780470 -0.611462 0.130315
vn 0.701077 -0.701078 0.130313
vn 0.701080 -0.701077 0.130300
vn 0.611459 -0.780474 0.130299
vn 0.611465 -0.780474 0.130274
vn 0.512929 -0.848488 0.130277
vn 0.512924 -0.848487 0.130299
vn 0.406916 -0.904125 0.130298
vn 0.406917 -0.904125 0.130293
vn 0.294964 -0.946583 0.130292
vn 0.294966 -0.946584 0.130284
vn 0.178720 -0.975236 0.130287
vn 0.178720 -0.975236 0.130287
vn 0.059864 -0.989667 0.130288
vn 0.059864 -0.989667 0.130291
vn -0.059864 -0.989667 0.130291
vn -0.059864 -0.989667 0.130288
vn -0.178720 -0.975236 0.130287
vn -0.178720 -0.975236 0.130287
vn -0.294965 -0.946584 0.130284
vn -0.294966 -0.946583 0.130292
vn -0.406916 -0.904125 0.130293
vn -0.406917 -0.904124 0.130298
vn -0.512928 -0.848485 0.130300
vn -0.512926 -0.848490 0.130277
vn -0.611461 -0.780477 0.130274
vn -0.611463 -0.780471 0.130299
vn -0.701078 -0.701079 0.130300
vn -0.701079 -0.701076 0.130313
vn -0.780471 -0.611459 0.130315
vn -0.780471 -0.611463 0.130301
vn -0.848486 -0.512927 0.130302
vn -0.848486 -0.512932 0.130278
vn -0.904127 -0.406917 0.130277
vn -0.904127 -0.406914 0.130293
vn -0.946582 -0.294967 0.130293
vn -0.946583 -0.294969 0.130281
vn -0.975237 -0.178716 0.130281
vn -0.975235 -0.178711 0.130303
vn -0.989665 -0.059864 0.130303
vn -0.989667 -0.059867 0.130287
vn -0.989667 0.059864 0.130287
vn -0.989665 0.059867 0.130303
vn -0.975234 0.178715 0.130303
vn -0.975238 0.178712 0.130281
vn -0.946584 0.294967 0.130281
vn -0.946582 0.294969 0.130293
vn -0.904125 0.406916 0.130293
vn -0.904129 0.406915 0.130277
vn -0.848488 0.512928 0.130278
vn -0.848483 0.512930 0.130302
vn -0.780473 0.611461 0.130301
vn -0.780470 0.611462 0.130315
vn -0.701077 0.701078 0.130313
vn -0.701080 0.701077 0.130300
vn -0.611459 0.780474 0.130299
vn -0.611465 0.780474 0.130274
vn -0.512929 0.848488 0.130277
vn -0.512924 0.848487 0.130299
vn -0.406916 0.904125 0.130298
vn -0.406917 0.904125 0.130293
vn -0.294964 0.946583 0.130292
vn -0.294966 0.946584 0.130284
vn -0.178720 0.975236 0.130287
vn -0.178720 0.975236 0.130287
vn -0.059864 0.989667 0.130288
vn -0.059864 0.989667 0.130291
vn 0.059864 0.989667 0.130291
vn 0.059864 0.989667 0.130288
vn 0.178720 0.975236 0.130287
vn 0.178720 0.975236 0.130287
vn 0.294965 0.946584 0.130284
vn 0.294966 0.946583 0.130292
vn 0.406916 0.904125 0.130293
vn 0.406917 0.904124 0.130298
vn 0.512928 0.848485 0.130300
vn 0.512926 0.848490 0.130277
vn 0.611461 0.780477 0.130274
vn 0.611463 0.780471 0.130299
vn 0.701078 0.701079 0.130300
vn 0.701079 0.701076 0.130313
vn 0.780471 0.611459 0.130315
vn 0.780471 0.611463 0.130301
vn 0.848486 0.512927 0.130302
vn 0.848486 0.512932 0.130278
vn 0.904127 0.406917 0.130277
vn 0.904127 0.406914 0.130293
vn 0.946582 0.294967 0.130293
vn 0.946583 0.294969 0.130281
vn 0.975237 0.178716 0.130281
vn 0.975235 0.178711 0.130303
vn 0.128910 -0.008110 0.991623
vn 0.130517 -0.007895 0.991415
vn 0.130517 0.007895 0.991415
vn 0.382578 0.023142 0.923633
vn 0.382573 0.023141 0.923635
vn 0.608352 0.036798 0.792814
vn 0.608353 0.036798 0.792813
vn 0.792439 0.047934 0.608064
vn 0.792441 0.047934 0.608062
vn 0.922441 0.055798 0.382084
vn 0.922447 0.055801 0.382071
vn 0.130144 -0.023850 0.991208
vn 0.125450 -0.023931 0.991811
vn 0.127708 -0.039795 0.991013
vn 0.120225 -0.039064 0.991978
vn 0.123208 -0.055451 0.990830
vn 0.113337 -0.053332 0.992124
vn 0.116685 -0.070539 0.990661
vn 0.104906 -0.066575 0.992251
vn 0.108214 -0.084779 0.990506
vn 0.095056 -0.078636 0.992361
vn 0.097910 -0.097911 0.990367
vn 0.083935 -0.089383 0.992454
vn 0.085927 -0.109677 0.990246
vn 0.071699 -0.098686 0.992532
vn 0.072456 -0.119857 0.990144
vn 0.058520 -0.106447 0.992595
vn 0.057723 -0.128256 0.990060
vn 0.044572 -0.112576 0.992643
vn 0.041975 -0.134702 0.989997
vn 0.030041 -0.117003 0.992677
vn 0.025486 -0.139072 0.989954
vn 0.015119 -0.119679 0.992697
vn 0.008546 -0.141280 0.989933
vn 0.000000 -0.120575 0.992704
vn -0.008546 -0.141280 0.989933
vn -0.015119 -0.119679 0.992697
vn -0.025486 -0.139072 0.989954
vn -0.030041 -0.117003 0.992677
vn -0.041975 -0.134702 0.989997
vn -0.044572 -0.112576 0.992643
vn -0.057723 -0.128256 0.990060
vn -0.058520 -0.106447 0.992595
vn -0.072456 -0.119857 0.990144
vn -0.071699 -0.098686 0.992532
vn -0.085927 -0.109677 0.990246
vn -0.083935 -0.089383 0.992454
vn -0.097910 -0.097911 0.990367
vn -0.095056 -0.078636 0.992361
vn -0.108214 -0.084779 0.990506
vn -0.104906 -0.066575 0.992251
vn -0.116684 -0.070539 0.990661
vn -0.113337 -0.053332 0.992124
vn -0.123208 -0.055451 0.990830
vn -0.120225 -0.039064 0.991978
vn -0.127708 -0.039795 0.991013
vn -0.125450 -0.023931 0.991811
vn -0.130144 -0.023850 0.991208
vn -0.128910 -0.008110 0.991623
vn -0.130517 -0.007895 0.991415
vn -0.130517 0.007895 0.991415
vn -0.382573 0.023142 0.923635
vn -0.376994 0.069087 0.923635
vn -0.599497 0.109862 0.792801
vn -0.581884 0.181319 0.792802
vn -0.757948 0.236182 0.608057
vn -0.723953 0.325820 0.608057
vn -0.842715 0.379269 0.382081
vn -0.790850 0.478090 0.382081
vn -0.128910 0.008110 0.991623
vn -0.130144 0.023850 0.991208
vn -0.376993 0.069087 0.923636
vn -0.365917 0.114025 0.923636
vn -0.581867 0.181318 0.792814
vn -0.555770 0.250129 0.792814
vn -0.723948 0.325819 0.608063
vn -0.679394 0.410711 0.608063
vn -0.790850 0.478090 0.382082
vn -0.727457 0.569929 0.382082
vn -0.125450 0.023931 0.991811
vn -0.127708 0.039795 0.991013
vn -0.365920 0.114025 0.923634
vn -0.349508 0.157302 0.923634
vn -0.555753 0.250126 0.792828
vn -0.521553 0.315290 0.792827
vn -0.679402 0.410714 0.608051
vn -0.624943 0.489611 0.608052
vn -0.727465 0.569931 0.382066
vn -0.653463 0.653460 0.382068
vn -0.120225 0.039064 0.991978
vn -0.123208 0.055451 0.990830
vn -0.349520 0.157304 0.923629
vn -0.328009 0.198288 0.923630
vn -0.521555 0.315291 0.792826
vn -0.479748 0.375861 0.792825
vn -0.624930 0.489605 0.608070
vn -0.561362 0.561360 0.608069
vn -0.653462 0.653460 0.382070
vn -0.569931 0.727461 0.382073
vn -0.113337 0.053332 0.992124
vn -0.116685 0.070539 0.990661
vn -0.328002 0.198286 0.923633
vn -0.301712 0.236373 0.923633
vn -0.479772 0.375872 0.792804
vn -0.430964 0.430964 0.792805
vn -0.561356 0.561357 0.608076
vn -0.489601 0.624929 0.608074
vn -0.569927 0.727459 0.382083
vn -0.478083 0.790853 0.382083
vn -0.104906 0.066575 0.992251
vn -0.108214 0.084779 0.990506
vn -0.301710 0.236372 0.923634
vn -0.271017 0.271017 0.923634
vn -0.430964 0.430965 0.792805
vn -0.375874 0.479768 0.792806
vn -0.489600 0.624928 0.608076
vn -0.410703 0.679389 0.608074
vn -0.478087 0.790856 0.382072
vn -0.379278 0.842714 0.382075
vn -0.095056 0.078636 0.992361
vn -0.097910 0.097911 0.990367
vn -0.271009 0.271012 0.923638
vn -0.236368 0.301703 0.923637
vn -0.375871 0.479766 0.792809
vn -0.315303 0.521572 0.792809
vn -0.410712 0.679396 0.608060
vn -0.325822 0.723950 0.608060
vn -0.379271 0.842708 0.382096
vn -0.274928 0.882280 0.382094
vn -0.083935 0.089383 0.992454
vn -0.085927 0.109677 0.990246
vn -0.236373 0.301707 0.923635
vn -0.198282 0.328000 0.923634
vn -0.315296 0.521565 0.792817
vn -0.250130 0.555768 0.792816
vn -0.325823 0.723950 0.608059
vn -0.236185 0.757945 0.608060
vn -0.274929 0.882282 0.382090
vn -0.166579 0.908988 0.382089
vn -0.071699 0.098686 0.992532
vn -0.072456 0.119857 0.990144
vn -0.198286 0.328004 0.923632
vn -0.157303 0.349513 0.923632
vn -0.250133 0.555771 0.792813
vn -0.181318 0.581869 0.792813
vn -0.236187 0.757948 0.608055
vn -0.143104 0.780889 0.608057
vn -0.166580 0.908988 0.382088
vn -0.055797 0.922439 0.382089
vn -0.058520 0.106447 0.992595
vn -0.057723 0.128256 0.990060
vn -0.157301 0.349510 0.923634
vn -0.114026 0.365922 0.923634
vn -0.181319 0.581870 0.792812
vn -0.109859 0.599483 0.792812
vn -0.143102 0.780884 0.608064
vn -0.047934 0.792442 0.608061
vn -0.055797 0.922439 0.382091
vn 0.055797 0.922439 0.382090
vn -0.044572 0.112576 0.992643
vn -0.041975 0.134702 0.989997
vn -0.114025 0.365920 0.923635
vn -0.069087 0.376997 0.923634
vn -0.109859 0.599482 0.792813
vn -0.036799 0.608353 0.792813
vn -0.047934 0.792443 0.608060
vn 0.047934 0.792443 0.608060
vn 0.055797 0.922439 0.382089
vn 0.166579 0.908988 0.382088
vn -0.030041 0.117003 0.992677
vn -0.025486 0.139072 0.989954
vn -0.069088 0.376999 0.923633
vn -0.023142 0.382577 0.923634
vn -0.036799 0.608353 0.792813
vn 0.036799 0.608353 0.792813
vn 0.047934 0.792442 0.608061
vn 0.143103 0.780884 0.608064
vn 0.166579 0.908988 0.382089
vn 0.274929 0.882282 0.382090
vn -0.015119 0.119679 0.992697
vn -0.008546 0.141280 0.989933
vn -0.023142 0.382577 0.923634
vn 0.023142 0.382577 0.923634
vn 0.036799 0.608353 0.792813
vn 0.109859 0.599482 0.792813
vn 0.143103 0.780889 0.608057
vn 0.236186 0.757948 0.608055
vn 0.274929 0.882280 0.382094
vn 0.379275 0.842706 0.382096
vn 0.000000 0.120575 0.992704
vn 0.008546 0.141280 0.989933
vn 0.023142 0.382577 0.923634
vn 0.069087 0.376999 0.923634
vn 0.109859 0.599483 0.792812
vn 0.181318 0.581870 0.792812
vn 0.236186 0.757945 0.608060
vn 0.325823 0.723950 0.608059
vn 0.379274 0.842716 0.382075
vn 0.478086 0.790857 0.382072
vn 0.015119 0.119679 0.992697
vn 0.025486 0.139072 0.989954
vn 0.069087 0.376997 0.923634
vn 0.114026 0.365920 0.923635
vn 0.181318 0.581869 0.792813
vn 0.250132 0.555771 0.792813
vn 0.325823 0.723949 0.608060
vn 0.410709 0.679398 0.608060
vn 0.478085 0.790852 0.382083
vn 0.569929 0.727457 0.382083
vn 0.030041 0.117003 0.992677
vn 0.041975 0.134702 0.989997
vn 0.114026 0.365922 0.923634
vn 0.157302 0.349509 0.923634
vn 0.250131 0.555767 0.792816
vn 0.315298 0.521564 0.792817
vn 0.410706 0.679387 0.608074
vn 0.489600 0.624928 0.608076
vn 0.569930 0.727462 0.382072
vn 0.653462 0.653460 0.382070
vn 0.044572 0.112576 0.992643
vn 0.057723 0.128256 0.990060
vn 0.157303 0.349513 0.923632
vn 0.198285 0.328005 0.923632
vn 0.315301 0.521573 0.792809
vn 0.375872 0.479765 0.792809
vn 0.489601 0.624930 0.608074
vn 0.561358 0.561356 0.608076
vn 0.653463 0.653461 0.382068
vn 0.727463 0.569933 0.382066
vn 0.058520 0.106447 0.992595
vn 0.072456 0.119857 0.990144
vn 0.198283 0.327999 0.923634
vn 0.236372 0.301708 0.923635
vn 0.375873 0.479769 0.792806
vn 0.430964 0.430965 0.792805
vn 0.561360 0.561361 0.608069
vn 0.624933 0.489602 0.608070
vn 0.727459 0.569926 0.382082
vn 0.790850 0.478089 0.382082
vn 0.071699 0.098686 0.992532
vn 0.085927 0.109677 0.990246
vn 0.236369 0.301702 0.923637
vn 0.271010 0.271011 0.923638
vn 0.430964 0.430964 0.792805
vn 0.479768 0.375877 0.792805
vn 0.624941 0.489614 0.608052
vn 0.679401 0.410716 0.608052
vn 0.790850 0.478090 0.382081
vn 0.842713 0.379274 0.382081
vn 0.083935 0.089383 0.992454
vn 0.097910 0.097911 0.990367
vn 0.271016 0.271019 0.923634
vn 0.301710 0.236372 0.923634
vn 0.479751 0.375856 0.792825
vn 0.521555 0.315291 0.792826
vn 0.679395 0.410709 0.608063
vn 0.723949 0.325818 0.608063
vn 0.842706 0.379265 0.382105
vn 0.882275 0.274930 0.382106
vn 0.095056 0.078636 0.992361
vn 0.108214 0.084779 0.990506
vn 0.301712 0.236373 0.923633
vn 0.328003 0.198285 0.923633
vn 0.521553 0.315290 0.792827
vn 0.555755 0.250122 0.792828
vn 0.723952 0.325821 0.608058
vn 0.757945 0.236189 0.608057
vn 0.882278 0.274933 0.382096
vn 0.908987 0.166571 0.382096
vn 0.104906 0.066575 0.992251
vn 0.116684 0.070539 0.990661
vn 0.328008 0.198290 0.923630
vn 0.349519 0.157307 0.923629
vn 0.555769 0.250133 0.792814
vn 0.581868 0.181315 0.792814
vn 0.757926 0.236176 0.608087
vn 0.780867 0.143098 0.608087
vn 0.908996 0.166578 0.382071
vn 0.113337 0.053332 0.992124
vn 0.123208 0.055451 0.990830
vn 0.349509 0.157299 0.923634
vn 0.365920 0.114026 0.923634
vn 0.581883 0.181323 0.792802
vn 0.599496 0.109865 0.792801
vn 0.780885 0.143107 0.608062
vn 0.120225 0.039064 0.991978
vn 0.127708 0.039795 0.991013
vn 0.365917 0.114025 0.923636
vn 0.376993 0.069086 0.923636
vn 0.599482 0.109859 0.792813
vn 0.125450 0.023931 0.991811
vn 0.130144 0.023850 0.991208
vn 0.376994 0.069087 0.923635
vn 0.128910 0.008110 0.991623
vn -0.922441 0.055800 0.382084
vn -0.922447 0.055798 0.382071
vn -0.908997 0.166573 0.382072
vn -0.908986 0.166576 0.382096
vn -0.882279 0.274931 0.382096
vn -0.882274 0.274932 0.382106
vn -0.842704 0.379270 0.382105
vn -0.792439 0.047934 0.608064
vn -0.792441 0.047934 0.608062
vn -0.780886 0.143101 0.608062
vn -0.780866 0.143103 0.608087
vn -0.757924 0.236182 0.608086
vn -0.922441 -0.055798 0.382084
vn -0.922447 -0.055801 0.382071
vn -0.908996 -0.166578 0.382071
vn -0.908987 -0.166571 0.382096
vn -0.882278 -0.274933 0.382096
vn -0.882275 -0.274930 0.382106
vn -0.842706 -0.379265 0.382105
vn -0.842713 -0.379274 0.382081
vn -0.790850 -0.478090 0.382081
vn -0.790850 -0.478089 0.382082
vn -0.727459 -0.569926 0.382083
vn -0.727463 -0.569933 0.382066
vn -0.653463 -0.653461 0.382068
vn -0.653462 -0.653460 0.382070
vn -0.569930 -0.727462 0.382072
vn -0.569929 -0.727457 0.382083
vn -0.478085 -0.790852 0.382083
vn -0.478086 -0.790857 0.382072
vn -0.379274 -0.842716 0.382075
vn -0.379275 -0.842706 0.382096
vn -0.274929 -0.882280 0.382094
vn -0.274929 -0.882282 0.382090
vn -0.166579 -0.908988 0.382089
vn -0.166579 -0.908988 0.382088
vn -0.055797 -0.922439 0.382089
vn -0.055797 -0.922439 0.382091
vn 0.055797 -0.922439 0.382091
vn 0.055797 -0.922439 0.382089
vn 0.166579 -0.908988 0.382088
vn 0.166579 -0.908988 0.382089
vn 0.274929 -0.882282 0.382090
vn 0.274928 -0.882280 0.382094
vn 0.379271 -0.842708 0.382096
vn 0.379278 -0.842714 0.382075
vn 0.478088 -0.790856 0.382072
vn 0.478083 -0.790853 0.382083
vn 0.569927 -0.727458 0.382083
vn 0.569931 -0.727461 0.382073
vn 0.653462 -0.653460 0.382070
vn 0.653463 -0.653460 0.382068
vn 0.727465 -0.569931 0.382066
vn 0.727457 -0.569929 0.382082
vn 0.790850 -0.478090 0.382082
vn 0.790850 -0.478090 0.382081
vn 0.842715 -0.379269 0.382081
vn 0.842704 -0.379270 0.382105
vn 0.882274 -0.274932 0.382106
vn 0.882279 -0.274931 0.382096
vn 0.908986 -0.166576 0.382096
vn 0.908997 -0.166573 0.382072
vn 0.922447 -0.055798 0.382071
vn 0.922441 -0.055800 0.382084
vn -0.608352 0.036798 0.792814
vn -0.608353 0.036798 0.792813
vn -0.599481 0.109862 0.792813
vn -0.792439 -0.047934 0.608064
vn -0.792441 -0.047934 0.608062
vn -0.780885 -0.143107 0.608062
vn -0.780867 -0.143098 0.608087
vn -0.757926 -0.236176 0.608087
vn -0.757945 -0.236189 0.608057
vn -0.723952 -0.325821 0.608058
vn -0.723949 -0.325818 0.608063
vn -0.679395 -0.410709 0.608063
vn -0.679401 -0.410716 0.608051
vn -0.624941 -0.489614 0.608052
vn -0.624933 -0.489602 0.608070
vn -0.561361 -0.561361 0.608069
vn -0.561358 -0.561356 0.608076
vn -0.489601 -0.624930 0.608074
vn -0.489600 -0.624928 0.608076
vn -0.410706 -0.679387 0.608074
vn -0.410709 -0.679398 0.608060
vn -0.325823 -0.723949 0.608060
vn -0.325823 -0.723950 0.608059
vn -0.236186 -0.757945 0.608060
vn -0.236186 -0.757948 0.608055
vn -0.143103 -0.780889 0.608057
vn -0.143103 -0.780884 0.608064
vn -0.047934 -0.792442 0.608061
vn -0.047934 -0.792443 0.608060
vn 0.047934 -0.792443 0.608060
vn 0.047934 -0.792442 0.608061
vn 0.143102 -0.780884 0.608064
vn 0.143104 -0.780889 0.608057
vn 0.236187 -0.757948 0.608055
vn 0.236185 -0.757945 0.608060
vn 0.325823 -0.723950 0.608059
vn 0.325822 -0.723950 0.608060
vn 0.410712 -0.679396 0.608060
vn 0.410703 -0.679389 0.608074
vn 0.489600 -0.624928 0.608076
vn 0.489601 -0.624929 0.608074
vn 0.561356 -0.561357 0.608076
vn 0.561362 -0.561360 0.608069
vn 0.624930 -0.489605 0.608070
vn 0.624943 -0.489610 0.608052
vn 0.679403 -0.410714 0.608052
vn 0.679394 -0.410711 0.608063
vn 0.723948 -0.325819 0.608063
vn 0.723953 -0.325820 0.608057
vn 0.757948 -0.236182 0.608057
vn 0.757924 -0.236182 0.608086
vn 0.780866 -0.143103 0.608087
vn 0.780886 -0.143101 0.608062
vn 0.792441 -0.047934 0.608062
vn 0.792439 -0.047934 0.608064
vn -0.382578 -0.023142 0.923633
vn -0.382578 0.023141 0.923633
vn -0.608352 -0.036798 0.792814
vn -0.608353 -0.036798 0.792813
vn -0.599482 -0.109859 0.792813
vn -0.599496 -0.109865 0.792801
vn -0.581883 -0.181323 0.792802
vn -0.581868 -0.181315 0.792814
vn -0.555769 -0.250133 0.792814
vn -0.555755 -0.250122 0.792828
vn -0.521553 -0.315290 0.792827
vn -0.521555 -0.315291 0.792826
vn -0.479751 -0.375856 0.792825
vn -0.479768 -0.375877 0.792804
vn -0.430964 -0.430964 0.792805
vn -0.430964 -0.430965 0.792805
vn -0.375873 -0.479769 0.792806
vn -0.375872 -0.479765 0.792809
vn -0.315301 -0.521573 0.792809
vn -0.315298 -0.521564 0.792817
vn -0.250131 -0.555767 0.792816
vn -0.250132 -0.555771 0.792813
vn -0.181318 -0.581869 0.792813
vn -0.181318 -0.581870 0.792812
vn -0.109859 -0.599483 0.792812
vn -0.109859 -0.599482 0.792813
vn -0.036799 -0.608353 0.792813
vn -0.036799 -0.608353 0.792813
vn 0.036799 -0.608353 0.792813
vn 0.036799 -0.608353 0.792813
vn 0.109859 -0.599482 0.792813
vn 0.109859 -0.599483 0.792813
vn 0.181319 -0.581870 0.792812
vn 0.181318 -0.581869 0.792813
vn 0.250133 -0.555771 0.792813
vn 0.250130 -0.555768 0.792816
vn 0.315296 -0.521565 0.792817
vn 0.315303 -0.521572 0.792809
vn 0.375871 -0.479766 0.792809
vn 0.375874 -0.479768 0.792806
vn 0.430964 -0.430965 0.792805
vn 0.430964 -0.430964 0.792805
vn 0.479772 -0.375872 0.792804
vn 0.479748 -0.375861 0.792825
vn 0.521555 -0.315291 0.792826
vn 0.521553 -0.315290 0.792827
vn 0.555753 -0.250126 0.792828
vn 0.555770 -0.250129 0.792814
vn 0.581867 -0.181318 0.792814
vn 0.581884 -0.181319 0.792802
vn 0.599497 -0.109862 0.792801
vn 0.599481 -0.109862 0.792813
vn 0.608353 -0.036798 0.792813
vn 0.608352 -0.036798 0.792814
vn 0.382578 -0.023141 0.923633
vn 0.382573 -0.023142 0.923635
vn -0.376994 -0.069087 0.923635
vn -0.382573 -0.023141 0.923635
vn -0.376993 -0.069086 0.923636
vn -0.365917 -0.114025 0.923636
vn -0.365920 -0.114026 0.923634
vn -0.349509 -0.157299 0.923634
vn -0.349519 -0.157307 0.923629
vn -0.328008 -0.198290 0.923630
vn -0.328003 -0.198284 0.923633
vn -0.301712 -0.236373 0.923633
vn -0.301710 -0.236372 0.923634
vn -0.271016 -0.271019 0.923634
vn -0.271010 -0.271011 0.923638
vn -0.236369 -0.301702 0.923637
vn -0.236372 -0.301708 0.923635
vn -0.198283 -0.327999 0.923634
vn -0.198285 -0.328005 0.923632
vn -0.157303 -0.349513 0.923632
vn -0.157302 -0.349509 0.923634
vn -0.114026 -0.365922 0.923634
vn -0.114026 -0.365920 0.923635
vn -0.069087 -0.376997 0.923634
vn -0.069087 -0.376999 0.923634
vn -0.023142 -0.382577 0.923634
vn -0.023142 -0.382577 0.923634
vn 0.023142 -0.382577 0.923634
vn 0.023142 -0.382577 0.923634
vn 0.069088 -0.376999 0.923633
vn 0.069087 -0.376997 0.923634
vn 0.114025 -0.365920 0.923635
vn 0.114026 -0.365922 0.923634
vn 0.157301 -0.349510 0.923634
vn 0.157303 -0.349513 0.923632
vn 0.198286 -0.328004 0.923632
vn 0.198282 -0.328000 0.923634
vn 0.236373 -0.301707 0.923635
vn 0.236368 -0.301703 0.923637
vn 0.271009 -0.271012 0.923638
vn 0.271017 -0.271017 0.923634
vn 0.301710 -0.236372 0.923634
vn 0.301712 -0.236373 0.923633
vn 0.328002 -0.198286 0.923633
vn 0.328009 -0.198288 0.923630
vn 0.349520 -0.157304 0.923629
vn 0.349508 -0.157302 0.923634
vn 0.365920 -0.114025 0.923634
vn 0.365917 -0.114025 0.923636
vn 0.376993 -0.069087 0.923636
vn 0.376994 -0.069087 0.923635
vn 0.000000 0.000000 1.000000
vn 0.000000 0.000000 1.000000
vn 0.000000 0.000000 1.000000
vn 0.000000 0.000000 1.000000
vn 0.000000 0.000000 1.000000
vn 0.000000 0.000000 1.000000
vn 0.000000 -0.000000 1.000000
vn -0.000000 0.000000 1.000000
vn 0.000000 -0.000000 1.000000
vn 0.000000 -0.000000 1.000000
vn -0.000000 0.000000 1.000000
vn 0.000000 -0.000000 1.000000
vn 0.000000 -0.000000 1.000000
vn -0.000000 0.000000 1.000000
vn 0.000000 -0.000000 1.000000
vn -0.000000 0.000000 1.000000
vn 0.000000 -0.000000 1.000000
vn 0.000000 -0.000000 1.000000
vn -0.000000 0.000000 1.000000
vn 0.000000 -0.000000 1.000000
vn 0.000000 0.000000 1.000000
vn 0.000000 0.000000 1.000000
vn -0.000000 0.000000 1.000000
vn -0.000000 0.000000 1.000000
vn 0.000000 0.000000 1.000000
vn -0.000000 0.000000 1.000000
vn 0.000000 0.000000 1.000000
vn -0.000000 0.000000 1.000000
vn -0.000000 0.000000 1.000000
vn 0.000000 0.000000 1.000000
vn -0.000000 0.000000 1.000000
vn -0.000000 0.000000 1.000000
vn 0.000000 0.000000 1.000000
vn -0.000000 0.000000 1.000000
vn -0.000000 0.000000 1.000000
vn 0.000000 0.000000 1.000000
vn -0.000000 0.000000 1.000000
vn 0.000000 0.000000 1.000000
vn -0.000000 0.000000 1.000000
vn 0.000000 0.000000 1.000000
vn 0.000000 0.000000 1.000000
vn 0.000000 0.000000 1.000000
vn 0.000000 0.000000 1.000000
vn 0.000000 0.000000 1.000000
vn 0.000000 0.000000 1.000000
vn 0.000000 0.000000 1.000000
vn 0.000000 0.000000 1.000000
vn 0.000000 0.000000 1.000000
vn 0.000000 0.000000 1.000000
vn 0.000000 0.000000 1.000000
vn 0.000000 0.000000 1.000000
vn 0.000000 0.000000 1.000000
vn 0.000000 0.000000 1.000000
vn 0.000000 0.000000 1.000000
vn 0.000000 0.000000 1.000000
vn 0.000000 0.000000 1.000000
vn 0.000000 0.000000 1.000000
vn 0.000000 0.000000 1.000000
vn 0.000000 0.000000 1.000000
vn 0.000000 0.000000 1.000000
vn 0.000000 0.000000 1.000000
vn 0.000000 0.000000 1.000000
vn 0.000000 -0.000000 1.000000
vn 0.000000 0.000000 1.000000
vn 0.000000 0.000000 1.000000
vn 0.000000 -0.000000 1.000000
vn 0.000000 0.000000 1.000000
vn 0.000000 -0.000000 1.000000
vn 0.000000 0.000000 1.000000
vn 0.000000 0.000000 1.000000
vn 0.000000 -0.000000 1.000000
vn 0.000000 0.000000 1.000000
vn 0.000000 0.000000 1.000000
vn 0.000000 -0.000000 1.000000
vn 0.000000 0.000000 1.000000
vn 0.000000 -0.000000 1.000000
vn 0.000000 0.000000 1.000000
vn 0.000000 0.000000 1.000000
vn 0.000000 -0.000000 1.000000
vn 0.000000 -1.000000 0.000000
vn -0.000000 -1.000000 -0.000000
vn 0.000000 1.000000 0.000000
vn -0.000000 1.000000 0.000000
vn 0.000000 -0.707107 0.707107
vn 0.000000 -0.707107 0.707107
vn 0.000000 -0.707115 0.707098
vn 0.000000 -0.707125 0.707089
vn -0.000000 -0.707097 0.707117
vn 0.000000 -0.707107 0.707107
vn 0.000000 -0.707108 0.707105
vn -0.000000 0.707108 0.707105
vn 0.000000 0.707107 0.707107
vn -0.000000 0.707097 0.707117
vn 0.000000 0.707125 0.707089
vn 0.000000 0.707115 0.707098
vn 0.000000 0.707107 0.707107
vn 0.000000 0.707107 0.707107
vn -0.093037 -0.702023 0.706051
vn -0.095281 -0.699438 0.708313
vn -0.157741 -0.691201 0.705237
vn -0.161310 -0.686376 0.709131
vn -0.221222 -0.674372 0.704473
vn -0.225736 -0.667157 0.709891
vn -0.282918 -0.651672 0.703762
vn -0.287991 -0.641966 0.710592
vn -0.342286 -0.623287 0.703103
vn -0.347533 -0.611036 0.711236
vn -0.398794 -0.589459 0.702497
vn -0.403834 -0.574651 0.711824
vn -0.451943 -0.550473 0.701945
vn -0.456406 -0.533144 0.712356
vn -0.501259 -0.506666 0.701447
vn -0.504785 -0.486897 0.712828
vn -0.546302 -0.458426 0.700999
vn -0.548552 -0.436312 0.713247
vn -0.586668 -0.406159 0.700611
vn -0.587320 -0.381854 0.713613
vn -0.622004 -0.350322 0.700275
vn -0.620758 -0.324010 0.713917
vn -0.651990 -0.291417 0.699990
vn -0.648571 -0.263280 0.714171
vn -0.676353 -0.229943 0.699767
vn -0.670512 -0.200224 0.714370
vn -0.694882 -0.166447 0.699595
vn -0.686399 -0.135397 0.714510
vn -0.707415 -0.101489 0.699474
vn -0.696091 -0.069360 0.714595
vn -0.713827 -0.035641 0.699414
vn -0.699496 -0.002715 0.714631
vn -0.714069 0.030528 0.699409
vn -0.696593 0.063958 0.714611
vn -0.708135 0.096426 0.699462
vn -0.687404 0.130056 0.714536
vn -0.696084 0.161478 0.699565
vn -0.672014 0.195002 0.714402
vn -0.678023 0.225106 0.699723
vn -0.650549 0.258224 0.714218
vn -0.654105 0.286764 0.699938
vn -0.623204 0.319151 0.713974
vn -0.624555 0.345896 0.700205
vn -0.590210 0.377248 0.713678
vn -0.589627 0.401988 0.700532
vn -0.551854 0.431992 0.713330
vn -0.549634 0.454559 0.700913
vn -0.508482 0.482895 0.712922
vn -0.504944 0.503137 0.701345
vn -0.460460 0.529507 0.712460
vn -0.455943 0.547307 0.701834
vn -0.408213 0.571402 0.711942
vn -0.403071 0.586689 0.702374
vn -0.352199 0.608206 0.711366
vn -0.346804 0.620937 0.702968
vn -0.292906 0.639580 0.710734
vn -0.287635 0.649762 0.703616
vn -0.230855 0.665238 0.710045
vn -0.226093 0.672918 0.704318
vn -0.166592 0.684940 0.709299
vn -0.162722 0.690216 0.705070
vn -0.100682 0.698499 0.708493
vn -0.098085 0.701515 0.705873
vn -0.033706 0.705780 0.707628
vn -0.032750 0.706727 0.706727
vn 0.000000 -1.000000 -0.000000
vn 0.000000 -1.000000 -0.000000
vn 0.000000 -1.000000 0.000000
vn -0.000000 -1.000000 0.000000
vn 0.000000 -1.000000 0.000000
vn 0.000000 -1.000000 0.000000
vn -0.131378 -0.991332 0.000000
vn -0.131378 -0.991332 -0.000000
vn -0.222492 -0.974935 0.000000
vn -0.222492 -0.974935 -0.000000
vn -0.311699 -0.950181 0.000000
vn -0.311699 -0.950181 -0.000000
vn -0.398232 -0.917285 0.000000
vn -0.398232 -0.917285 -0.000000
vn -0.481355 -0.876526 0.000000
vn -0.481355 -0.876526 -0.000000
vn -0.560350 -0.828256 0.000000
vn -0.560350 -0.828256 -0.000000
vn -0.634545 -0.772886 0.000000
vn -0.634545 -0.772886 -0.000000
vn -0.703303 -0.710890 0.000000
vn -0.703303 -0.710890 -0.000000
vn -0.766028 -0.642807 0.000000
vn -0.766028 -0.642807 -0.000000
vn -0.822190 -0.569214 0.000000
vn -0.822190 -0.569214 -0.000000
vn -0.871309 -0.490735 0.000000
vn -0.871309 -0.490735 -0.000000
vn -0.912956 -0.408059 0.000000
vn -0.912956 -0.408059 -0.000000
vn -0.946780 -0.321882 0.000000
vn -0.946780 -0.321882 -0.000000
vn -0.972490 -0.232944 0.000000
vn -0.972490 -0.232944 -0.000000
vn -0.989865 -0.142011 0.000000
vn -0.989865 -0.142011 -0.000000
vn -0.998756 -0.049867 0.000000
vn -0.998756 -0.049867 -0.000000
vn -0.999087 0.042714 0.000000
vn -0.999087 0.042714 0.000000
vn -0.990856 0.134924 0.000000
vn -0.990856 0.134924 0.000000
vn -0.974132 0.225980 0.000000
vn -0.974132 0.225980 0.000000
vn -0.949061 0.315091 0.000000
vn -0.949061 0.315091 0.000000
vn -0.915852 0.401515 0.000000
vn -0.915852 0.401515 0.000000
vn -0.874798 0.484487 0.000000
vn -0.874798 0.484487 0.000000
vn -0.826248 0.563307 0.000000
vn -0.826248 0.563307 0.000000
vn -0.770608 0.637309 0.000000
vn -0.770608 0.637309 0.000000
vn -0.708374 0.705838 0.000000
vn -0.708374 0.705838 0.000000
vn -0.640064 0.768322 0.000000
vn -0.640064 0.768322 0.000000
vn -0.566264 0.824224 0.000000
vn -0.566264 0.824224 0.000000
vn -0.487617 0.873057 0.000000
vn -0.487617 0.873057 0.000000
vn -0.404789 0.914410 0.000000
vn -0.404789 0.914410 0.000000
vn -0.318492 0.947925 0.000000
vn -0.318492 0.947925 0.000000
vn -0.229465 0.973317 0.000000
vn -0.229465 0.973317 0.000000
vn -0.138471 0.990366 0.000000
vn -0.138471 0.990366 0.000000
vn -0.046291 0.998928 0.000000
vn -0.046291 0.998928 0.000000
vn 0.000000 1.000000 0.000000
vn 0.000000 1.000000 -0.000000
vn 0.000000 1.000000 0.000000
vn 0.000000 1.000000 -0.000000
vn 0.000000 1.000000 -0.000000
vn 0.000000 1.000000 0.000000
vn -0.997859 -0.065408 0.000000
vn -0.997296 -0.073478 -0.001464
vn -0.980833 -0.194846 0.001281
vn -0.975753 -0.218862 -0.002479
vn -0.947087 -0.320969 0.002112
vn -0.933135 -0.359513 -0.003074
vn -0.897055 -0.441912 0.002543
vn -0.870359 -0.492406 -0.003331
vn -0.831611 -0.555352 0.002654
vn -0.788791 -0.614653 -0.003289
vn -0.751899 -0.659273 0.002475
vn -0.690187 -0.723625 -0.002965
vn -0.659294 -0.751882 0.002009
vn -0.576668 -0.816975 -0.002349
vn -0.555463 -0.831540 0.001236
vn -0.456493 -0.889726 -0.001275
vn -0.442154 -0.896939 0.000918
vn -0.332074 -0.943253 -0.000949
vn -0.321303 -0.946976 0.000624
vn -0.234590 -0.972094 -0.000300
vn -0.194616 -0.980876 0.002467
vn -0.168263 -0.985742 0.000184
vn -0.101294 -0.994856 -0.000161
vn -0.033814 -0.999428 0.000000
vn -0.065242 -0.997866 0.002489
vn -0.026714 -0.693370 0.720086
vn -0.054133 -0.680157 0.731065
vn -0.080031 -0.663686 0.743718
vn -0.133002 -0.631161 0.764164
vn -0.160148 -0.615168 0.771959
vn -0.185407 -0.595931 0.781339
vn -0.237020 -0.558148 0.795168
vn -0.263447 -0.539628 0.799623
vn -0.287610 -0.517980 0.805591
vn -0.336972 -0.475591 0.812565
vn -0.362250 -0.454828 0.813576
vn -0.384892 -0.431167 0.816059
vn -0.431165 -0.384895 0.816059
vn -0.454833 -0.362245 0.813576
vn -0.475594 -0.336970 0.812565
vn -0.517975 -0.287616 0.805592
vn -0.539624 -0.263452 0.799624
vn -0.558150 -0.237018 0.795168
vn -0.595936 -0.185400 0.781337
vn -0.615167 -0.160149 0.771960
vn -0.631157 -0.133010 0.764166
vn -0.663689 -0.080026 0.743715
vn -0.693371 -0.026714 0.720085
vn -0.680161 -0.054126 0.731062
vn -1.000000 0.000000 0.000000
vn -1.000000 -0.000000 -0.000000
vn -0.707107 0.000000 0.707107
vn -0.707107 0.000000 0.707107
vn -0.707107 0.000000 0.707107
vn -0.707107 0.000000 0.707107
vn -0.707107 0.000000 0.707107
vn -0.707107 0.000000 0.707107
vn 0.000000 0.000000 1.000000
vn 0.000000 0.000000 1.000000
vn 0.000000 0.000000 1.000000
vn 0.000000 0.000000 1.000000
vn -0.000000 0.000000 1.000000
vn -0.000000 0.000000 1.000000
vn 0.000000 0.000000 1.000000
vn -0.000000 0.000000 1.000000
vn -0.000000 0.000000 1.000000
vn 0.000000 0.000000 1.000000
vn -0.000000 0.000000 1.000000
vn 0.000000 0.000000 1.000000
vn 0.000000 0.000000 1.000000
vn 0.000000 0.000000 1.000000
vn 0.000000 -0.000000 1.000000
vn -0.000000 0.000000 1.000000
vn 0.000000 -0.000000 1.000000
vn -0.000000 0.000000 1.000000
vn -0.000000 0.000000 1.000000
vn 0.000000 -0.000000 1.000000
vn -0.000000 0.000000 1.000000
vn 0.000000 -0.000000 1.000000
vn 0.000000 -0.000000 1.000000
vn -0.000000 0.000000 1.000000
vn 0.000000 -0.000000 1.000000
vn 0.000000 -0.000000 1.000000
vn 0.000000 -0.000000 1.000000
vn 0.000000 0.000000 1.000000
vn 0.000000 -0.000000 1.000000
vn 0.000000 -0.000000 1.000000
vn 0.000000 -0.000000 1.000000
vn 0.000000 -0.000000 1.000000
vn 0.000000 -0.000000 1.000000
vn 0.000000 0.000000 1.000000
vn 0.000000 0.000000 1.000000
vn 0.000000 0.000000 1.000000
vn -0.000000 0.000000 1.000000
vn 0.000000 0.000000 1.000000
vn 0.000000 0.000000 1.000000
vn 0.000000 0.000000 1.000000
vn 0.000000 0.000000 1.000000
vn 0.000000 0.000000 1.000000
vn 0.000000 0.000000 1.000000
vn 0.000000 0.000000 1.000000
vn 0.000000 0.000000 1.000000
vn 0.000000 0.000000 1.000000
vn 0.000000 0.000000 1.000000
vn 0.000000 0.000000 1.000000
vn 0.000000 0.000000 1.000000
vn 0.000000 -0.000000 1.000000
vn 0.000000 0.000000 1.000000
vn 0.000000 -0.000000 1.000000
vn 0.000000 0.000000 1.000000
vn 0.000000 0.000000 1.000000
vn 0.000000 0.000000 1.000000
vn 0.000000 -0.000000 1.000000
vn 0.000000 0.000000 1.000000
vn -0.000000 -0.000000 1.000000
vn -0.000000 -0.000000 1.000000
vn 0.000000 0.000000 1.000000
vn -0.000000 -0.000000 1.000000
vn -0.000000 -0.000000 1.000000
vn 0.000000 0.000000 1.000000
vn -0.000000 -0.000000 1.000000
vn -0.000000 -0.000000 1.000000
vn 0.000000 0.000000 1.000000
vn -0.000000 -0.000000 1.000000
vn -0.000000 -0.000000 1.000000
vn 0.000000 0.000000 1.000000
vn -0.000000 -0.000000 1.000000
vn -0.000000 -0.000000 1.000000
vn 0.000000 0.000000 1.000000
vn 0.000000 0.000000 1.000000
vn 0.000000 0.000000 1.000000
vn 0.000000 0.000000 1.000000
vn 0.000000 0.000000 1.000000
vn 0.000000 0.000000 1.000000
vn 0.000000 0.000000 1.000000
vn 0.000000 0.000000 1.000000
vn 0.000000 0.000000 1.000000
vn 0.000000 0.000000 1.000000
vn 0.000000 0.000000 1.000000
vn 0.000000 0.000000 1.000000
vn 0.000000 0.000000 1.000000
vn 0.000000 0.000000 1.000000
vn 0.000000 0.000000 1.000000
vn 0.000000 0.000000 1.000000
vn 0.000000 0.000000 1.000000
vn 0.000000 0.000000 1.000000
vn 0.000000 0.000000 1.000000
vn 0.000000 0.000000 1.000000
vn -0.997859 0.065408 0.000000
vn -0.997296 0.073478 -0.001464
vn -0.980833 0.194846 0.001281
vn -0.975753 0.218862 -0.002479
vn -0.947088 0.320968 0.002112
vn -0.933135 0.359513 -0.003074
vn -0.897055 0.441912 0.002543
vn -0.870359 0.492406 -0.003331
vn -0.831611 0.555352 0.002654
vn -0.788791 0.614653 -0.003289
vn -0.751899 0.659273 0.002475
vn -0.690187 0.723625 -0.002965
vn -0.659294 0.751882 0.002009
vn -0.576668 0.816975 -0.002349
vn -0.555463 0.831540 0.001236
vn -0.456493 0.889726 -0.001275
vn -0.442154 0.896939 0.000918
vn -0.332074 0.943253 -0.000949
vn -0.321303 0.946976 0.000624
vn -0.234590 0.972094 -0.000300
vn -0.194618 0.980876 0.002467
vn -0.168263 0.985742 0.000184
vn -0.101294 0.994856 -0.000161
vn -0.065240 0.997866 0.002489
vn -0.033814 0.999428 0.000000
vn -0.693371 0.026714 0.720085
vn -0.680161 0.054126 0.731062
vn -0.663689 0.080026 0.743715
vn -0.631157 0.133009 0.764166
vn -0.615167 0.160150 0.771960
vn -0.595936 0.185401 0.781337
vn -0.558150 0.237018 0.795168
vn -0.539624 0.263452 0.799624
vn -0.517976 0.287616 0.805592
vn -0.475594 0.336970 0.812565
vn -0.454833 0.362245 0.813576
vn -0.431165 0.384895 0.816059
vn -0.384893 0.431167 0.816059
vn -0.362250 0.454828 0.813576
vn -0.336971 0.475592 0.812565
vn -0.287610 0.517980 0.805591
vn -0.263447 0.539628 0.799623
vn -0.237020 0.558148 0.795168
vn -0.185407 0.595931 0.781339
vn -0.160148 0.615168 0.771959
vn -0.133002 0.631161 0.764163
vn -0.080031 0.663686 0.743718
vn -0.026714 0.693371 0.720086
vn -0.054133 0.680157 0.731065
vn 0.000007 0.707090 0.707123
vn 0.000000 0.707115 0.707098
vn 0.000000 0.707106 0.707107
vn 0.000000 0.707107 0.707107
vn 0.000004 -0.707101 0.707112
vn 0.000000 -0.707115 0.707098
vn 0.000000 -0.707106 0.707107
vn 0.000000 -0.707107 0.707107
vn 0.093021 -0.701906 0.706169
vn 0.107610 -0.697736 0.708226
vn 0.157629 -0.690712 0.705740
vn 0.182553 -0.681576 0.708610
vn 0.220877 -0.673321 0.705586
vn 0.255393 -0.657735 0.708632
vn 0.282149 -0.649898 0.705708
vn 0.325383 -0.626459 0.708290
vn 0.340852 -0.620674 0.706104
vn 0.391803 -0.588060 0.707584
vn 0.396415 -0.585940 0.706774
vn 0.448961 -0.546841 0.706682
vn 0.453207 -0.542018 0.707686
vn 0.498055 -0.503432 0.706044
vn 0.508843 -0.489204 0.708349
vn 0.542756 -0.455447 0.705680
vn 0.558664 -0.430944 0.708648
vn 0.582622 -0.403354 0.705590
vn 0.602164 -0.367842 0.708584
vn 0.617264 -0.347655 0.705777
vn 0.638895 -0.300544 0.708157
vn 0.646351 -0.288893 0.706238
vn 0.668474 -0.229733 0.707365
vn 0.669603 -0.227648 0.706972
vn 0.688237 -0.164856 0.706507
vn 0.688949 -0.155761 0.707875
vn 0.701100 -0.100583 0.705933
vn 0.701204 -0.080051 0.708452
vn 0.707695 -0.035332 0.705634
vn 0.705536 -0.003525 0.708666
vn 0.707954 0.030267 0.705609
vn 0.701905 0.073035 0.708516
vn 0.701874 0.095573 0.705860
vn 0.690346 0.148841 0.708004
vn 0.689517 0.159955 0.706386
vn 0.671066 0.222799 0.707129
vn 0.670904 0.223100 0.707187
vn 0.648301 0.284216 0.706348
vn 0.641970 0.294191 0.708044
vn 0.619682 0.343200 0.705838
vn 0.605850 0.361833 0.708535
vn 0.585484 0.399165 0.705603
vn 0.562929 0.425332 0.708663
vn 0.546029 0.451574 0.705644
vn 0.513648 0.484040 0.708429
vn 0.501704 0.499914 0.705959
vn 0.458507 0.537353 0.707830
vn 0.452948 0.543715 0.706549
vn 0.400515 0.582967 0.706921
vn 0.397751 0.584251 0.707422
vn 0.345236 0.618134 0.706203
vn 0.331672 0.623264 0.708192
vn 0.286773 0.647817 0.705758
vn 0.261965 0.655182 0.708598
vn 0.225689 0.671722 0.705588
vn 0.189345 0.679689 0.708641
vn 0.162578 0.689612 0.705693
vn 0.114560 0.696533 0.708320
vn 0.098055 0.701317 0.706074
vn 0.038375 0.705534 0.707636
vn 0.032748 0.706728 0.706728
vn 0.000000 0.000000 1.000000
vn 0.000000 0.000000 1.000000
vn 0.000000 0.000000 1.000000
vn 0.000000 0.000000 1.000000
vn 0.000000 0.000000 1.000000
vn 0.000000 0.000000 1.000000
vn -0.000000 0.000000 1.000000
vn 0.000000 0.000000 1.000000
vn 0.000000 0.000000 1.000000
vn 0.000000 0.000000 1.000000
vn 0.000000 0.000000 1.000000
vn 0.000000 -0.000000 1.000000
vn 0.000000 -0.000000 1.000000
vn 0.000000 -0.000000 1.000000
vn 0.000000 0.000000 1.000000
vn 0.000000 -0.000000 1.000000
vn 0.000000 -0.000000 1.000000
vn 0.000000 0.000000 1.000000
vn 0.000000 -0.000000 1.000000
vn 0.000000 -0.000000 1.000000
vn -0.000000 0.000000 1.000000
vn -0.000000 0.000000 1.000000
vn 0.000000 0.000000 1.000000
vn -0.000000 0.000000 1.000000
vn -0.000000 0.000000 1.000000
vn 0.000000 0.000000 1.000000
vn -0.000000 0.000000 1.000000
vn 0.000000 0.000000 1.000000
vn -0.000000 0.000000 1.000000
vn 0.000000 0.000000 1.000000
vn 0.000000 0.000000 1.000000
vn 0.000000 0.000000 1.000000
vn 0.000000 0.000000 1.000000
vn 0.000000 0.000000 1.000000
vn 0.000000 0.000000 1.000000
vn 0.000000 0.000000 1.000000
vn 0.000000 0.000000 1.000000
vn -0.000000 0.000000 1.000000
vn 0.000000 0.000000 1.000000
vn 0.000000 0.000000 1.000000
vn -0.000000 0.000000 1.000000
vn -0.000000 0.000000 1.000000
vn -0.000000 0.000000 1.000000
vn -0.000000 0.000000 1.000000
vn 0.000000 0.000000 1.000000
vn -0.000000 0.000000 1.000000
vn 0.000000 0.000000 1.000000
vn -0.000000 0.000000 1.000000
vn 0.000000 0.000000 1.000000
vn -0.000000 0.000000 1.000000
vn 0.000000 0.000000 1.000000
vn -0.000000 0.000000 1.000000
vn 0.000000 0.000000 1.000000
vn -0.000000 0.000000 1.000000
vn 0.000000 0.000000 1.000000
vn -0.000000 0.000000 1.000000
vn 0.000000 0.000000 1.000000
vn -0.000000 0.000000 1.000000
vn 0.000000 0.000000 1.000000
vn -0.000000 0.000000 1.000000
vn 0.000000 0.000000 1.000000
vn -0.000000 0.000000 1.000000
vn 0.000000 0.000000 1.000000
vn -0.000000 0.000000 1.000000
vn 0.000000 0.000000 1.000000
vn -0.000000 0.000000 1.000000
vn 0.000000 0.000000 1.000000
vn -0.000000 0.000000 1.000000
vn 0.000000 0.000000 1.000000
vn -0.000000 0.000000 1.000000
vn 0.000000 0.000000 1.000000
vn -0.000000 0.000000 1.000000
vn 0.000000 0.000000 1.000000
vn 0.000000 0.000000 1.000000
vn 0.000000 0.000000 1.000000
vn 0.000000 0.000000 1.000000
vn 0.000000 0.000000 1.000000
vn 0.000000 0.000000 1.000000
vn 0.000000 0.000000 1.000000
vn 0.000000 0.000000 1.000000
vn 0.000000 0.000000 1.000000
vn 0.000000 0.000000 1.000000
vn 0.000000 0.000000 1.000000
vn 0.000000 0.000000 1.000000
vn 0.000000 0.000000 1.000000
vn 0.000000 0.000000 1.000000
vn 0.000000 0.000000 1.000000
vn 0.000000 0.000000 1.000000
vn 0.000000 0.000000 1.000000
vn 0.000000 0.000000 1.000000
vn 0.000000 0.000000 1.000000
vn 0.000000 0.000000 1.000000
vn 0.000000 0.000000 1.000000
vn 0.000000 0.000000 1.000000
vn 0.000000 0.000000 1.000000
vn 0.000000 0.000000 1.000000
vn 0.000000 0.000000 1.000000
vn 0.000000 0.000000 1.000000
vn 0.000000 0.000000 1.000000
vn 0.000000 0.000000 1.000000
vn 0.000000 0.000000 1.000000
vn 0.000000 0.000000 1.000000
vn 0.000000 0.000000 1.000000
vn 0.000000 0.000000 1.000000
vn 0.000000 0.000000 1.000000
vn 0.000000 0.000000 1.000000
vn 0.000000 0.000000 1.000000
vn 0.000000 0.000000 1.000000
vn 0.000000 0.000000 1.000000
vn 0.000000 -0.000000 1.000000
vn 0.000000 -0.000000 1.000000
vn -0.000000 0.000000 1.000000
vn 0.496139 0.868243 -0.000000
vn 0.496139 0.868243 -0.000000
vn 0.496140 0.868243 0.000000
vn 0.707107 -0.707107 0.000000
vn 0.707107 -0.707107 0.000000
vn 0.707107 -0.707107 0.000000
vn -0.000000 -0.707107 -0.707107
vn -0.000000 -0.707107 -0.707107
vn 0.093037 -0.702023 -0.706051
vn 0.095282 -0.699437 -0.708314
vn 0.157740 -0.691200 -0.705238
vn 0.161309 -0.686376 -0.709132
vn 0.221221 -0.674372 -0.704474
vn 0.225735 -0.667157 -0.709891
vn 0.282919 -0.651671 -0.703762
vn 0.287992 -0.641965 -0.710593
vn 0.342286 -0.623286 -0.703104
vn 0.347533 -0.611034 -0.711237
vn 0.398794 -0.589457 -0.702498
vn 0.403834 -0.574653 -0.711823
vn 0.451944 -0.550474 -0.701944
vn 0.456407 -0.533147 -0.712353
vn 0.501259 -0.506671 -0.701445
vn 0.504786 -0.486894 -0.712829
vn 0.546303 -0.458423 -0.701001
vn 0.548552 -0.436315 -0.713246
vn 0.586672 -0.406158 -0.700608
vn 0.587324 -0.381856 -0.713608
vn 0.622006 -0.350326 -0.700271
vn 0.620760 -0.324005 -0.713917
vn 0.651990 -0.291413 -0.699991
vn 0.648571 -0.263283 -0.714169
vn 0.676355 -0.229944 -0.699764
vn 0.670514 -0.200225 -0.714367
vn 0.694885 -0.166448 -0.699593
vn 0.686400 -0.135391 -0.714510
vn 0.707413 -0.101489 -0.699477
vn 0.696090 -0.069362 -0.714596
vn 0.713829 -0.035638 -0.699413
vn 0.699498 -0.002712 -0.714630
vn 0.714069 0.030528 -0.699409
vn 0.696594 0.063955 -0.714609
vn 0.708138 0.096426 -0.699459
vn 0.687406 0.130057 -0.714533
vn 0.696087 0.161479 -0.699563
vn 0.672015 0.195005 -0.714401
vn 0.678024 0.225109 -0.699721
vn 0.650551 0.258225 -0.714215
vn 0.654107 0.286761 -0.699937
vn 0.623202 0.319153 -0.713975
vn 0.624553 0.345897 -0.700206
vn 0.590208 0.377250 -0.713678
vn 0.589625 0.401989 -0.700533
vn 0.551856 0.431991 -0.713330
vn 0.549636 0.454558 -0.700912
vn 0.508478 0.482898 -0.712923
vn 0.504941 0.503139 -0.701346
vn 0.460458 0.529508 -0.712460
vn 0.455941 0.547308 -0.701834
vn 0.408212 0.571402 -0.711942
vn 0.403071 0.586688 -0.702375
vn 0.352197 0.608206 -0.711367
vn 0.346802 0.620937 -0.702969
vn 0.292905 0.639580 -0.710735
vn 0.287634 0.649761 -0.703617
vn 0.230854 0.665238 -0.710046
vn 0.226091 0.672918 -0.704318
vn 0.166591 0.684940 -0.709299
vn 0.162721 0.690217 -0.705069
vn 0.100680 0.698499 -0.708493
vn 0.098083 0.701515 -0.705873
vn 0.033704 0.705781 -0.707628
vn 0.032748 0.706728 -0.706728
vn 0.000000 0.707107 -0.707107
vn 0.000000 0.707107 -0.707107
vn 0.046288 0.998928 0.000000
vn 0.046288 0.998928 0.000000
vn 0.138469 0.990367 0.000000
vn 0.138469 0.990367 0.000000
vn 0.229463 0.973317 0.000000
vn 0.229463 0.973317 0.000000
vn 0.318490 0.947926 0.000000
vn 0.318490 0.947926 0.000000
vn 0.404788 0.914411 0.000000
vn 0.404788 0.914411 0.000000
vn 0.487615 0.873059 0.000000
vn 0.487615 0.873059 0.000000
vn 0.566265 0.824224 0.000000
vn 0.566265 0.824224 0.000000
vn 0.640061 0.768324 0.000000
vn 0.640061 0.768324 0.000000
vn 0.708369 0.705842 0.000000
vn 0.708369 0.705842 0.000000
vn 0.770610 0.637307 0.000000
vn 0.770610 0.637307 0.000000
vn 0.826246 0.563310 0.000000
vn 0.826246 0.563310 0.000000
vn 0.874797 0.484490 0.000000
vn 0.874797 0.484490 0.000000
vn 0.915854 0.401512 0.000000
vn 0.915854 0.401512 0.000000
vn 0.949060 0.315095 0.000000
vn 0.949060 0.315095 0.000000
vn 0.974132 0.225980 0.000000
vn 0.974132 0.225980 0.000000
vn 0.990856 0.134924 0.000000
vn 0.990856 0.134924 0.000000
vn 0.999087 0.042714 0.000000
vn 0.999087 0.042714 0.000000
vn 0.998756 -0.049863 0.000000
vn 0.998756 -0.049863 0.000000
vn 0.989865 -0.142011 0.000000
vn 0.989865 -0.142011 0.000000
vn 0.972490 -0.232943 0.000000
vn 0.972490 -0.232943 0.000000
vn 0.946780 -0.321881 0.000000
vn 0.946780 -0.321881 0.000000
vn 0.912957 -0.408055 0.000000
vn 0.912957 -0.408055 0.000000
vn 0.871307 -0.490738 0.000000
vn 0.871307 -0.490738 0.000000
vn 0.822192 -0.569210 0.000000
vn 0.822192 -0.569210 0.000000
vn 0.766030 -0.642804 0.000000
vn 0.766030 -0.642804 0.000000
vn 0.703300 -0.710893 0.000000
vn 0.703300 -0.710893 0.000000
vn 0.634546 -0.772885 0.000000
vn 0.634546 -0.772885 0.000000
vn 0.560352 -0.828255 0.000000
vn 0.560352 -0.828255 0.000000
vn 0.481356 -0.876525 0.000000
vn 0.481356 -0.876525 0.000000
vn 0.398233 -0.917284 0.000000
vn 0.398233 -0.917284 0.000000
vn 0.311698 -0.950181 0.000000
vn 0.311698 -0.950181 0.000000
vn 0.222492 -0.974935 0.000000
vn 0.222492 -0.974935 0.000000
vn 0.131378 -0.991332 0.000000
vn 0.131378 -0.991332 0.000000
vn 0.861538 0.507693 -0.000000
vn 0.861538 0.507692 -0.000000
vn 0.861539 0.507692 0.000000
vn 1.000000 0.000000 0.000000
vn 1.000000 0.000000 0.000000
vn 1.000000 0.000000 0.000000
f 833//1 842//1 841//1
f 832//2 833//2 841//2
f 845//3 833//3 832//3
f 844//4 845//4 832//4
f 857//5 845//5 844//5
f 856//6 857//6 844//6
f 873//7 857//7 856//7
f 872//8 873//8 856//8
f 885//9 873//9 872//9
f 884//10 885//10 872//10
f 901//11 885//11 884//11
f 900//12 901//12 884//12
f 913//13 901//13 900//13
f 912//14 913//14 900//14
f 925//15 913//15 912//15
f 924//16 925//16 912//16
f 941//17 925//17 924//17
f 940//18 941//18 924//18
f 953//19 941//19 940//19
f 952//20 953//20 940//20
f 969//21 953//21 952//21
f 968//22 969//22 952//22
f 981//23 969//23 968//23
f 980//24 981//24 968//24
f 987//25 981//25 980//25
f 986//26 987//26 980//26
f 978//27 987//27 986//27
f 977//28 978//28 986//28
f 966//29 978//29 977//29
f 965//30 966//30 977//30
f 950//31 966//31 965//31
f 949//32 950//32 965//32
f 938//33 950//33 949//33
f 937//34 938//34 949//34
f 922//35 938//35 937//35
f 921//36 922//36 937//36
f 910//37 922//37 921//37
f 909//38 910//38 921//38
f 898//39 910//39 909//39
f 897//40 898//40 909//40
f 882//41 898//41 897//41
f 881//42 882//42 897//42
f 870//43 882//43 881//43
f 869//44 870//44 881//44
f 854//45 870//45 869//45
f 853//46 854//46 869//46
f 842//47 854//47 853//47
f 841//48 842//48 853//48
f 831//49 843//49 844//49
f 832//50 831//50 844//50
f 840//51 831//51 832//51
f 841//52 840//52 832//52
f 852//53 840//53 841//53
f 853//54 852//54 841//54
f 868//55 852//55 853//55
f 869//56 868//56 853//56
f 880//57 868//57 869//57
f 881//58 880//58 869//58
f 896//59 880//59 881//59
f 897//60 896//60 881//60
f 908//61 896//61 897//61
f 909//62 908//62 897//62
f 920//63 908//63 909//63
f 921//64 920//64 909//64
f 936//65 920//65 921//65
f 937//66 936//66 921//66
f 948//67 936//67 937//67
f 949//68 948//68 937//68
f 964//69 948//69 949//69
f 965//70 964//70 949//70
f 976//71 964//71 965//71
f 977//72 976//72 965//72
f 985//73 976//73 977//73
f 986//74 985//74 977//74
f 979//75 985//75 986//75
f 980//76 979//76 986//76
f 967//77 979//77 980//77
f 968//78 967//78 980//78
f 951//79 967//79 968//79
f 952//80 951//80 968//80
f 939//81 951//81 952//81
f 940//82 939//82 952//82
f 923//83 939//83 940//83
f 924//84 923//84 940//84
f 911//85 923//85 924//85
f 912//86 911//86 924//86
f 899//87 911//87 912//87
f 900//88 899//88 912//88
f 883//89 899//89 900//89
f 884//90 883//90 900//90
f 871//91 883//91 884//91
f 872//92 871//92 884//92
f 855//93 871//93 872//93
f 856//94 855//94 872//94
f 843//95 855//95 856//95
f 844//96 843//96 856//96
f 830//97 836//97 835//97
f 829//98 830//98 835//98
f 839//99 830//99 829//99
f 838//100 839//100 829//100
f 851//101 839//101 838//101
f 850//102 851//102 838//102
f 867//103 851//103 850//103
f 866//104 867//104 850//104
f 879//105 867//105 866//105
f 878//106 879//106 866//106
f 895//107 879//107 878//107
f 894//108 895//108 878//108
f 907//109 895//109 894//109
f 906//110 907//110 894//110
f 919//111 907//111 906//111
f 918//112 919//112 906//112
f 935//113 919//113 918//113
f 934//114 935//114 918//114
f 947//115 935//115 934//115
f 946//116 947//116 934//116
f 963//117 947//117 946//117
f 962//118 963//118 946//118
f 975//119 963//119 962//119
f 974//120 975//120 962//120
f 984//121 975//121 974//121
f 983//122 984//122 974//122
f 972//123 984//123 983//123
f 971//124 972//124 983//124
f 960//125 972//125 971//125
f 959//126 960//126 971//126
f 944//127 960//127 959//127
f 943//128 944//128 959//128
f 932//129 944//129 943//129
f 931//130 932//130 943//130
f 916//131 932//131 931//131
f 915//132 916//132 931//132
f 904//133 916//133 915//133
f 903//134 904//134 915//134
f 892//135 904//135 903//135
f 891//136 892//136 903//136
f 876//137 892//137 891//137
f 875//138 876//138 891//138
f 864//139 876//139 875//139
f 863//140 864//140 875//140
f 848//141 864//141 863//141
f 847//142 848//142 863//142
f 836//143 848//143 847//143
f 835//144 836//144 847//144
f 828//145 837//145 838//145
f 829//146 828//146 838//146
f 834//147 828//147 829//147
f 835//148 834//148 829//148
f 846//149 834//149 835//149
f 847//150 846//150 835//150
f 862//151 846//151 847//151
f 863//152 862//152 847//152
f 874//153 862//153 863//153
f 875//154 874//154 863//154
f 890//155 874//155 875//155
f 891//156 890//156 875//156
f 902//157 890//157 891//157
f 903//158 902//158 891//158
f 914//159 902//159 903//159
f 915//160 914//160 903//160
f 930//161 914//161 915//161
f 931//162 930//162 915//162
f 942//163 930//163 931//163
f 943//164 942//164 931//164
f 958//165 942//165 943//165
f 959//166 958//166 943//166
f 970//167 958//167 959//167
f 971//168 970//168 959//168
f 982//169 970//169 971//169
f 983//170 982//170 971//170
f 973//171 982//171 983//171
f 974//172 973//172 983//172
f 961//173 973//173 974//173
f 962//174 961//174 974//174
f 945//175 961//175 962//175
f 946//176 945//176 962//176
f 933//177 945//177 946//177
f 934//178 933//178 946//178
f 917//179 933//179 934//179
f 918//180 917//180 934//180
f 905//181 917//181 918//181
f 906//182 905//182 918//182
f 893//183 905//183 906//183
f 894//184 893//184 906//184
f 877//185 893//185 894//185
f 878//186 877//186 894//186
f 865//187 877//187 878//187
f 866//188 865//188 878//188
f 849//189 865//189 866//189
f 850//190 849//190 866//190
f 837//191 849//191 850//191
f 838//192 837//192 850//192
f 833//193 845//193 801//193
f 797//194 833//194 801//194
f 842//195 833//195 797//195
f 809//196 842//196 797//196
f 854//197 842//197 809//197
f 870//198 854//198 809//198
f 813//199 870//199 809//199
f 882//200 870//200 813//200
f 817//201 882//201 813//201
f 898//202 882//202 817//202
f 821//203 898//203 817//203
f 825//204 898//204 821//204
f 801//205 845//205 857//205
f 807//206 801//206 857//206
f 873//207 807//207 857//207
f 793//208 807//208 873//208
f 885//209 793//209 873//209
f 787//210 793//210 885//210
f 901//211 787//211 885//211
f 781//212 787//212 901//212
f 913//213 781//213 901//213
f 775//214 781//214 913//214
f 1070//215 775//215 913//215
f 769//216 775//216 1070//216
f 1080//217 769//217 1070//217
f 763//218 769//218 1080//218
f 1087//219 763//219 1080//219
f 1058//220 1070//220 913//220
f 925//221 1058//221 913//221
f 1047//222 1058//222 925//222
f 941//223 1047//223 925//223
f 1037//224 1047//224 941//224
f 953//225 1037//225 941//225
f 1015//226 1037//226 953//226
f 969//227 1015//227 953//227
f 1020//228 1015//228 969//228
f 981//229 1020//229 969//229
f 987//230 1020//230 981//230
f 1026//231 1020//231 987//231
f 978//232 1026//232 987//232
f 1009//233 1026//233 978//233
f 966//234 1009//234 978//234
f 950//235 1009//235 966//235
f 1005//236 1009//236 950//236
f 938//237 1005//237 950//237
f 999//238 1005//238 938//238
f 922//239 999//239 938//239
f 995//240 999//240 922//240
f 991//241 995//241 922//241
f 910//242 991//242 922//242
f 957//243 991//243 910//243
f 929//244 957//244 910//244
f 889//245 929//245 910//245
f 859//246 889//246 910//246
f 825//247 859//247 910//247
f 898//248 825//248 910//248
f 830//249 839//249 795//249
f 799//250 830//250 795//250
f 836//251 830//251 799//251
f 848//252 836//252 799//252
f 804//253 848//253 799//253
f 864//254 848//254 804//254
f 790//255 864//255 804//255
f 876//256 864//256 790//256
f 784//257 876//257 790//257
f 892//258 876//258 784//258
f 778//259 892//259 784//259
f 904//260 892//260 778//260
f 772//261 904//261 778//261
f 1073//262 904//262 772//262
f 1083//263 1073//263 772//263
f 766//264 1083//264 772//264
f 1089//265 1083//265 766//265
f 761//266 1089//266 766//266
f 811//267 795//267 839//267
f 851//268 811//268 839//268
f 867//269 811//269 851//269
f 815//270 811//270 867//270
f 879//271 815//271 867//271
f 819//272 815//272 879//272
f 895//273 819//273 879//273
f 823//274 819//274 895//274
f 827//275 823//275 895//275
f 907//276 827//276 895//276
f 861//277 827//277 907//277
f 887//278 861//278 907//278
f 927//279 887//279 907//279
f 955//280 927//280 907//280
f 989//281 955//281 907//281
f 919//282 989//282 907//282
f 993//283 989//283 919//283
f 997//284 993//284 919//284
f 935//285 997//285 919//285
f 1003//286 997//286 935//286
f 947//287 1003//287 935//287
f 1007//288 1003//288 947//288
f 963//289 1007//289 947//289
f 975//290 1007//290 963//290
f 1024//291 1007//291 975//291
f 984//292 1024//292 975//292
f 1022//293 1024//293 984//293
f 972//294 1022//294 984//294
f 960//295 1022//295 972//295
f 1018//296 1022//296 960//296
f 944//297 1018//297 960//297
f 1040//298 1018//298 944//298
f 932//299 1040//299 944//299
f 1050//300 1040//300 932//300
f 916//301 1050//301 932//301
f 1061//302 1050//302 916//302
f 904//303 1061//303 916//303
f 1073//304 1061//304 904//304
f 1079//305 1086//305 1087//305
f 1080//306 1079//306 1087//306
f 1069//307 1079//307 1080//307
f 1070//308 1069//308 1080//308
f 1057//309 1069//309 1070//309
f 1058//310 1057//310 1070//310
f 1046//311 1057//311 1058//311
f 1047//312 1046//312 1058//312
f 1036//313 1046//313 1047//313
f 1037//314 1036//314 1047//314
f 1014//315 1036//315 1037//315
f 1015//316 1014//316 1037//316
f 1020//317 1014//317 1015//317
f 1014//318 1020//318 1019//318
f 1013//319 1014//319 1019//319
f 1036//320 1014//320 1013//320
f 1035//321 1036//321 1013//321
f 1046//322 1036//322 1035//322
f 1045//323 1046//323 1035//323
f 1057//324 1046//324 1045//324
f 1056//325 1057//325 1045//325
f 1069//326 1057//326 1056//326
f 1068//327 1069//327 1056//327
f 1079//328 1069//328 1068//328
f 1078//329 1079//329 1068//329
f 1086//330 1079//330 1078//330
f 1025//331 1019//331 1020//331
f 1026//332 1025//332 1020//332
f 1008//333 1025//333 1026//333
f 1009//334 1008//334 1026//334
f 1004//335 1008//335 1009//335
f 1005//336 1004//336 1009//336
f 998//337 1004//337 1005//337
f 999//338 998//338 1005//338
f 994//339 998//339 999//339
f 995//340 994//340 999//340
f 990//341 994//341 995//341
f 991//342 990//342 995//342
f 956//343 990//343 991//343
f 957//344 956//344 991//344
f 928//345 956//345 957//345
f 929//346 928//346 957//346
f 888//347 928//347 929//347
f 889//348 888//348 929//348
f 858//349 888//349 889//349
f 859//350 858//350 889//350
f 824//351 858//351 859//351
f 825//352 824//352 859//352
f 820//353 824//353 825//353
f 821//354 820//354 825//354
f 816//355 820//355 821//355
f 817//356 816//356 821//356
f 812//357 816//357 817//357
f 813//358 812//358 817//358
f 808//359 812//359 813//359
f 809//360 808//360 813//360
f 796//361 808//361 809//361
f 797//362 796//362 809//362
f 800//363 796//363 797//363
f 801//364 800//364 797//364
f 765//365 760//365 761//365
f 766//366 765//366 761//366
f 771//367 765//367 766//367
f 772//368 771//368 766//368
f 777//369 771//369 772//369
f 778//370 777//370 772//370
f 783//371 777//371 778//371
f 784//372 783//372 778//372
f 789//373 783//373 784//373
f 790//374 789//374 784//374
f 803//375 789//375 790//375
f 804//376 803//376 790//376
f 799//377 803//377 804//377
f 803//378 799//378 798//378
f 802//379 803//379 798//379
f 789//380 803//380 802//380
f 788//381 789//381 802//381
f 783//382 789//382 788//382
f 782//383 783//383 788//383
f 777//384 783//384 782//384
f 776//385 777//385 782//385
f 771//386 777//386 776//386
f 770//387 771//387 776//387
f 765//388 771//388 770//388
f 764//389 765//389 770//389
f 760//390 765//390 764//390
f 794//391 798//391 799//391
f 795//392 794//392 799//392
f 810//393 794//393 795//393
f 811//394 810//394 795//394
f 814//395 810//395 811//395
f 815//396 814//396 811//396
f 818//397 814//397 815//397
f 819//398 818//398 815//398
f 822//399 818//399 819//399
f 823//400 822//400 819//400
f 826//401 822//401 823//401
f 827//402 826//402 823//402
f 860//403 826//403 827//403
f 861//404 860//404 827//404
f 886//405 860//405 861//405
f 887//406 886//406 861//406
f 926//407 886//407 887//407
f 927//408 926//408 887//408
f 954//409 926//409 927//409
f 955//410 954//410 927//410
f 988//411 954//411 955//411
f 989//412 988//412 955//412
f 992//413 988//413 989//413
f 993//414 992//414 989//414
f 996//415 992//415 993//415
f 997//416 996//416 993//416
f 1002//417 996//417 997//417
f 1003//418 1002//418 997//418
f 1006//419 1002//419 1003//419
f 1007//420 1006//420 1003//420
f 1023//421 1006//421 1007//421
f 1024//422 1023//422 1007//422
f 1021//423 1023//423 1024//423
f 1022//424 1021//424 1024//424
f 1052//425 1065//425 1064//425
f 1051//426 1052//426 1064//426
f 1010//427 1052//427 1051//427
f 1011//428 1052//428 1010//428
f 1000//429 1011//429 1010//429
f 1001//430 1011//430 1000//430
f 1011//431 1001//431 1012//431
f 1052//432 1011//432 1012//432
f 1052//433 1012//433 1053//433
f 1065//434 1052//434 1053//434
f 498//435 428//435 421//435
f 472//436 498//436 421//436
f 558//437 498//437 472//437
f 1165//438 558//438 472//438
f 1001//439 558//439 1165//439
f 1170//440 1001//440 1165//440
f 1171//441 1001//441 1170//441
f 373//442 421//442 428//442
f 377//443 373//443 428//443
f 333//444 373//444 377//444
f 341//445 333//445 377//445
f 292//446 333//446 341//446
f 305//447 292//447 341//447
f 258//448 292//448 305//448
f 265//449 258//449 305//449
f 212//450 258//450 265//450
f 227//451 212//451 265//451
f 154//452 212//452 227//452
f 176//453 154//453 227//453
f 116//454 154//454 176//454
f 121//455 116//455 176//455
f 102//456 116//456 121//456
f 109//457 102//457 121//457
f 88//458 102//458 109//458
f 97//459 88//459 109//459
f 78//460 88//460 97//460
f 85//461 78//461 97//461
f 60//462 78//462 85//462
f 73//463 60//463 85//463
f 44//464 60//464 73//464
f 66//465 44//465 73//465
f 38//466 44//466 66//466
f 57//467 38//467 66//467
f 32//468 38//468 57//468
f 51//469 32//469 57//469
f 26//470 32//470 51//470
f 49//471 26//471 51//471
f 34//472 26//472 49//472
f 55//473 34//473 49//473
f 40//474 34//474 55//474
f 64//475 40//475 55//475
f 46//476 40//476 64//476
f 71//477 46//477 64//477
f 62//478 46//478 71//478
f 83//479 62//479 71//479
f 80//480 62//480 83//480
f 95//481 80//481 83//481
f 90//482 80//482 95//482
f 107//483 90//483 95//483
f 104//484 90//484 107//484
f 119//485 104//485 107//485
f 118//486 104//486 119//486
f 174//487 118//487 119//487
f 160//488 118//488 174//488
f 225//489 160//489 174//489
f 216//490 160//490 225//490
f 263//491 216//491 225//491
f 262//492 216//492 263//492
f 303//493 262//493 263//493
f 300//494 262//494 303//494
f 339//495 300//495 303//495
f 338//496 300//496 339//496
f 375//497 338//497 339//497
f 382//498 338//498 375//498
f 426//499 382//499 375//499
f 434//500 382//500 426//500
f 476//501 434//501 426//501
f 560//502 434//502 476//502
f 560//503 562//503 1000//503
f 1177//504 560//504 1000//504
f 434//505 560//505 1177//505
f 562//506 478//506 345//506
f 315//507 562//507 345//507
f 293//508 562//508 315//508
f 478//509 435//509 387//509
f 345//510 478//510 387//510
f 562//511 293//511 269//511
f 237//512 562//512 269//512
f 217//513 562//513 237//513
f 1000//514 562//514 217//514
f 189//515 1000//515 217//515
f 162//516 1000//516 189//516
f 1000//517 162//517 142//517
f 130//518 1000//518 142//518
f 125//519 1000//519 130//519
f 1001//520 1000//520 125//520
f 132//521 1001//521 125//521
f 144//522 1001//522 132//522
f 1001//523 144//523 164//523
f 191//524 1001//524 164//524
f 219//525 1001//525 191//525
f 556//526 1001//526 219//526
f 239//527 556//527 219//527
f 271//528 556//528 239//528
f 556//529 271//529 295//529
f 317//530 556//530 295//530
f 347//531 556//531 317//531
f 495//532 556//532 347//532
f 389//533 495//533 347//533
f 437//534 495//534 389//534
f 1001//535 556//535 558//535
f 1177//536 1000//536 1183//536
f 1182//537 1177//537 1183//537
f 1146//538 1064//538 1065//538
f 1147//539 1146//539 1065//539
f 557//540 556//540 495//540
f 496//541 557//541 495//541
f 759//542 754//542 753//542
f 758//543 759//543 753//543
f 756//544 759//544 758//544
f 755//545 756//545 758//545
f 746//546 756//546 755//546
f 745//547 746//547 755//547
f 730//548 746//548 745//548
f 729//549 730//549 745//549
f 707//550 730//550 729//550
f 706//551 707//551 729//551
f 689//552 707//552 706//552
f 688//553 689//553 706//553
f 673//554 689//554 688//554
f 672//555 673//555 688//555
f 655//556 673//556 672//556
f 654//557 655//557 672//557
f 639//558 655//558 654//558
f 638//559 639//559 654//559
f 623//560 639//560 638//560
f 622//561 623//561 638//561
f 607//562 623//562 622//562
f 606//563 607//563 622//563
f 577//564 607//564 606//564
f 576//565 577//565 606//565
f 535//566 577//566 576//566
f 534//567 535//567 576//567
f 497//568 535//568 534//568
f 496//569 497//569 534//569
f 438//570 497//570 496//570
f 437//571 438//571 496//571
f 390//572 438//572 437//572
f 389//573 390//573 437//573
f 348//574 390//574 389//574
f 347//575 348//575 389//575
f 318//576 348//576 347//576
f 317//577 318//577 347//577
f 296//578 318//578 317//578
f 295//579 296//579 317//579
f 272//580 296//580 295//580
f 271//581 272//581 295//581
f 240//582 272//582 271//582
f 239//583 240//583 271//583
f 220//584 240//584 239//584
f 219//585 220//585 239//585
f 192//586 220//586 219//586
f 191//587 192//587 219//587
f 165//588 192//588 191//588
f 164//589 165//589 191//589
f 145//590 165//590 164//590
f 144//591 145//591 164//591
f 133//592 145//592 144//592
f 132//593 133//593 144//593
f 126//594 133//594 132//594
f 125//595 126//595 132//595
f 131//596 126//596 125//596
f 130//597 131//597 125//597
f 143//598 131//598 130//598
f 142//599 143//599 130//599
f 163//600 143//600 142//600
f 162//601 163//601 142//601
f 190//602 163//602 162//602
f 189//603 190//603 162//603
f 218//604 190//604 189//604
f 217//605 218//605 189//605
f 238//606 218//606 217//606
f 237//607 238//607 217//607
f 270//608 238//608 237//608
f 269//609 270//609 237//609
f 294//610 270//610 269//610
f 293//611 294//611 269//611
f 316//612 294//612 293//612
f 315//613 316//613 293//613
f 346//614 316//614 315//614
f 345//615 346//615 315//615
f 388//616 346//616 345//616
f 387//617 388//617 345//617
f 436//618 388//618 387//618
f 435//619 436//619 387//619
f 479//620 436//620 435//620
f 478//621 479//621 435//621
f 743//622 753//622 754//622
f 744//623 743//623 754//623
f 727//624 743//624 744//624
f 728//625 727//625 744//625
f 704//626 727//626 728//626
f 705//627 704//627 728//627
f 686//628 704//628 705//628
f 687//629 686//629 705//629
f 670//630 686//630 687//630
f 671//631 670//631 687//631
f 652//632 670//632 671//632
f 653//633 652//633 671//633
f 636//634 652//634 653//634
f 637//635 636//635 653//635
f 620//636 636//636 637//636
f 621//637 620//637 637//637
f 604//638 620//638 621//638
f 605//639 604//639 621//639
f 574//640 604//640 605//640
f 575//641 574//641 605//641
f 532//642 574//642 575//642
f 533//643 532//643 575//643
f 479//644 532//644 533//644
f 480//645 479//645 533//645
f 436//646 479//646 480//646
f 496//647 495//647 437//647
f 479//648 478//648 562//648
f 563//649 479//649 562//649
f 563//650 562//650 560//650
f 561//651 563//651 560//651
f 1183//652 1000//652 1010//652
f 1051//653 1183//653 1010//653
f 1064//654 1183//654 1051//654
f 1184//655 1183//655 1064//655
f 1146//656 1184//656 1064//656
f 1265//657 1184//657 1146//657
f 1162//658 1265//658 1146//658
f 1192//659 1265//659 1162//659
f 1162//660 1146//660 1150//660
f 1155//661 1162//661 1150//661
f 1192//662 1198//662 1206//662
f 1220//663 1192//663 1206//663
f 1234//664 1192//664 1220//664
f 1192//665 1234//665 1250//665
f 1265//666 1192//666 1250//666
f 1265//667 1264//667 1189//667
f 1184//668 1265//668 1189//668
f 831//669 840//669 796//669
f 800//670 831//670 796//670
f 843//671 831//671 800//671
f 855//672 843//672 800//672
f 805//673 855//673 800//673
f 871//674 855//674 805//674
f 791//675 871//675 805//675
f 883//676 871//676 791//676
f 785//677 883//677 791//677
f 899//678 883//678 785//678
f 779//679 899//679 785//679
f 911//680 899//680 779//680
f 773//681 911//681 779//681
f 1068//682 911//682 773//682
f 1078//683 1068//683 773//683
f 767//684 1078//684 773//684
f 1086//685 1078//685 767//685
f 762//686 1086//686 767//686
f 474//687 1086//687 762//687
f 471//688 474//688 762//688
f 417//689 474//689 471//689
f 420//690 417//690 471//690
f 363//691 417//691 420//691
f 372//692 363//692 420//692
f 323//693 363//693 372//693
f 283//694 323//694 372//694
f 332//695 283//695 372//695
f 243//696 283//696 332//696
f 291//697 243//697 332//697
f 195//698 243//698 291//698
f 257//699 195//699 291//699
f 123//700 195//700 257//700
f 211//701 123//701 257//701
f 105//702 123//702 211//702
f 153//703 105//703 211//703
f 91//704 105//704 153//704
f 115//705 91//705 153//705
f 69//706 91//706 115//706
f 101//707 69//707 115//707
f 47//708 69//708 101//708
f 87//709 47//709 101//709
f 28//710 47//710 87//710
f 77//711 28//711 87//711
f 19//712 28//712 77//712
f 59//713 19//713 77//713
f 11//714 19//714 59//714
f 43//715 11//715 59//715
f 7//716 11//716 43//716
f 37//717 7//717 43//717
f 3//718 7//718 37//718
f 31//719 3//719 37//719
f 1//720 3//720 31//720
f 25//721 1//721 31//721
f 33//722 1//722 25//722
f 808//723 796//723 840//723
f 852//724 808//724 840//724
f 868//725 808//725 852//725
f 812//726 808//726 868//726
f 880//727 812//727 868//727
f 816//728 812//728 880//728
f 896//729 816//729 880//729
f 820//730 816//730 896//730
f 908//731 820//731 896//731
f 824//732 820//732 908//732
f 990//733 824//733 908//733
f 858//734 824//734 990//734
f 956//735 858//735 990//735
f 888//736 858//736 956//736
f 928//737 888//737 956//737
f 994//738 990//738 908//738
f 920//739 994//739 908//739
f 998//740 994//740 920//740
f 936//741 998//741 920//741
f 1004//742 998//742 936//742
f 948//743 1004//743 936//743
f 1008//744 1004//744 948//744
f 964//745 1008//745 948//745
f 976//746 1008//746 964//746
f 1025//747 1008//747 976//747
f 985//748 1025//748 976//748
f 1019//749 1025//749 985//749
f 979//750 1019//750 985//750
f 967//751 1019//751 979//751
f 1013//752 1019//752 967//752
f 951//753 1013//753 967//753
f 1035//754 1013//754 951//754
f 939//755 1035//755 951//755
f 1045//756 1035//756 939//756
f 923//757 1045//757 939//757
f 1056//758 1045//758 923//758
f 911//759 1056//759 923//759
f 1068//760 1056//760 911//760
f 828//761 834//761 798//761
f 794//762 828//762 798//762
f 837//763 828//763 794//763
f 810//764 837//764 794//764
f 849//765 837//765 810//765
f 865//766 849//766 810//766
f 814//767 865//767 810//767
f 877//768 865//768 814//768
f 818//769 877//769 814//769
f 893//770 877//770 818//770
f 822//771 893//771 818//771
f 905//772 893//772 822//772
f 826//773 905//773 822//773
f 988//774 905//774 826//774
f 954//775 988//775 826//775
f 860//776 954//776 826//776
f 926//777 954//777 860//777
f 886//778 926//778 860//778
f 798//779 834//779 846//779
f 802//780 798//780 846//780
f 862//781 802//781 846//781
f 788//782 802//782 862//782
f 874//783 788//783 862//783
f 782//784 788//784 874//784
f 890//785 782//785 874//785
f 776//786 782//786 890//786
f 902//787 776//787 890//787
f 770//788 776//788 902//788
f 1071//789 770//789 902//789
f 764//790 770//790 1071//790
f 1081//791 764//791 1071//791
f 760//792 764//792 1081//792
f 1088//793 760//793 1081//793
f 430//794 760//794 1088//794
f 1178//795 430//795 1088//795
f 1176//796 1178//796 1088//796
f 1187//797 1178//797 1176//797
f 1181//798 1187//798 1176//798
f 1190//799 1187//799 1181//799
f 1185//800 1190//800 1181//800
f 1169//801 1190//801 1185//801
f 1059//802 1071//802 902//802
f 914//803 1059//803 902//803
f 1048//804 1059//804 914//804
f 930//805 1048//805 914//805
f 1038//806 1048//806 930//806
f 942//807 1038//807 930//807
f 1016//808 1038//808 942//808
f 958//809 1016//809 942//809
f 1021//810 1016//810 958//810
f 970//811 1021//811 958//811
f 982//812 1021//812 970//812
f 1023//813 1021//813 982//813
f 973//814 1023//814 982//814
f 1006//815 1023//815 973//815
f 961//816 1006//816 973//816
f 945//817 1006//817 961//817
f 1002//818 1006//818 945//818
f 933//819 1002//819 945//819
f 996//820 1002//820 933//820
f 917//821 996//821 933//821
f 992//822 996//822 917//822
f 905//823 992//823 917//823
f 988//824 992//824 905//824
f 5//825 1//825 33//825
f 39//826 5//826 33//826
f 9//827 5//827 39//827
f 45//828 9//828 39//828
f 13//829 9//829 45//829
f 61//830 13//830 45//830
f 21//831 13//831 61//831
f 79//832 21//832 61//832
f 35//833 21//833 79//833
f 89//834 35//834 79//834
f 53//835 35//835 89//835
f 103//836 53//836 89//836
f 75//837 53//837 103//837
f 117//838 75//838 103//838
f 93//839 75//839 117//839
f 159//840 93//840 117//840
f 111//841 93//841 159//841
f 215//842 111//842 159//842
f 128//843 111//843 215//843
f 261//844 128//844 215//844
f 201//845 128//845 261//845
f 299//846 201//846 261//846
f 249//847 201//847 299//847
f 337//848 249//848 299//848
f 285//849 249//849 337//849
f 328//850 285//850 337//850
f 381//851 328//851 337//851
f 370//852 328//852 381//852
f 433//853 370//853 381//853
f 430//854 370//854 433//854
f 760//855 430//855 433//855
f 1173//856 1190//856 1169//856
f 1164//857 1173//857 1169//857
f 1166//858 1173//858 1164//858
f 1086//859 1166//859 1164//859
f 474//860 1166//860 1086//860
f 382//861 434//861 433//861
f 381//862 382//862 433//862
f 338//863 382//863 381//863
f 337//864 338//864 381//864
f 300//865 338//865 337//865
f 299//866 300//866 337//866
f 262//867 300//867 299//867
f 261//868 262//868 299//868
f 216//869 262//869 261//869
f 215//870 216//870 261//870
f 160//871 216//871 215//871
f 159//872 160//872 215//872
f 118//873 160//873 159//873
f 117//874 118//874 159//874
f 104//875 118//875 117//875
f 103//876 104//876 117//876
f 90//877 104//877 103//877
f 89//878 90//878 103//878
f 80//879 90//879 89//879
f 79//880 80//880 89//880
f 62//881 80//881 79//881
f 61//882 62//882 79//882
f 46//883 62//883 61//883
f 45//884 46//884 61//884
f 40//885 46//885 45//885
f 39//886 40//886 45//886
f 34//887 40//887 39//887
f 33//888 34//888 39//888
f 26//889 34//889 33//889
f 25//890 26//890 33//890
f 32//891 26//891 25//891
f 31//892 32//892 25//892
f 38//893 32//893 31//893
f 37//894 38//894 31//894
f 44//895 38//895 37//895
f 43//896 44//896 37//896
f 60//897 44//897 43//897
f 59//898 60//898 43//898
f 78//899 60//899 59//899
f 77//900 78//900 59//900
f 88//901 78//901 77//901
f 87//902 88//902 77//902
f 102//903 88//903 87//903
f 101//904 102//904 87//904
f 116//905 102//905 101//905
f 115//906 116//906 101//906
f 154//907 116//907 115//907
f 153//908 154//908 115//908
f 212//909 154//909 153//909
f 211//910 212//910 153//910
f 258//911 212//911 211//911
f 257//912 258//912 211//912
f 292//913 258//913 257//913
f 291//914 292//914 257//914
f 333//915 292//915 291//915
f 332//916 333//916 291//916
f 373//917 333//917 332//917
f 372//918 373//918 332//918
f 421//919 373//919 372//919
f 420//920 421//920 372//920
f 472//921 421//921 420//921
f 471//922 472//922 420//922
f 1175//923 1172//923 1186//923
f 1191//924 1175//924 1186//924
f 1189//925 1191//925 1186//925
f 1184//926 1189//926 1186//926
f 1012//927 1001//927 1171//927
f 1053//928 1012//928 1171//928
f 1065//929 1053//929 1171//929
f 1172//930 1065//930 1171//930
f 1147//931 1065//931 1172//931
f 1175//932 1147//932 1172//932
f 1267//933 1147//933 1175//933
f 1266//934 1267//934 1175//934
f 1267//935 1251//935 1193//935
f 1163//936 1267//936 1193//936
f 1147//937 1267//937 1163//937
f 1152//938 1147//938 1163//938
f 1157//939 1152//939 1163//939
f 1193//940 1251//940 1235//940
f 1221//941 1193//941 1235//941
f 1207//942 1193//942 1221//942
f 1193//943 1207//943 1199//943
f 1156//944 1163//944 1162//944
f 1155//945 1156//945 1162//945
f 1150//946 1156//946 1155//946
f 1151//947 1156//947 1150//947
f 1146//948 1151//948 1150//948
f 1147//949 1151//949 1146//949
f 1151//950 1147//950 1152//950
f 1156//951 1151//951 1152//951
f 1156//952 1152//952 1157//952
f 1163//953 1156//953 1157//953
f 1188//954 1189//954 1264//954
f 1180//955 1188//955 1264//955
f 1552//956 1180//956 1264//956
f 1292//957 1552//957 1264//957
f 1318//958 1552//958 1292//958
f 1552//959 1318//959 1346//959
f 1370//960 1552//960 1346//960
f 1392//961 1552//961 1370//961
f 1592//962 1552//962 1392//962
f 1414//963 1592//963 1392//963
f 1618//964 1592//964 1414//964
f 1440//965 1618//965 1414//965
f 1652//966 1618//966 1440//966
f 1578//967 1652//967 1440//967
f 1682//968 1652//968 1578//968
f 1612//969 1682//969 1578//969
f 1722//970 1682//970 1612//970
f 1777//971 1722//971 1612//971
f 1636//972 1777//972 1612//972
f 1811//973 1777//973 1636//973
f 1655//974 1811//974 1636//974
f 1821//975 1811//975 1655//975
f 1678//976 1821//976 1655//976
f 1833//977 1821//977 1678//977
f 1702//978 1833//978 1678//978
f 1839//979 1833//979 1702//979
f 1718//980 1839//980 1702//980
f 1845//981 1839//981 1718//981
f 1746//982 1845//982 1718//982
f 1849//983 1845//983 1746//983
f 1770//984 1849//984 1746//984
f 1853//985 1849//985 1770//985
f 1788//986 1853//986 1770//986
f 1859//987 1853//987 1788//987
f 1802//988 1859//988 1788//988
f 1861//989 1859//989 1802//989
f 1807//990 1861//990 1802//990
f 1862//991 1861//991 1807//991
f 1804//992 1862//992 1807//992
f 1860//993 1862//993 1804//993
f 1790//994 1860//994 1804//994
f 1854//995 1860//995 1790//995
f 1772//996 1854//996 1790//996
f 1852//997 1854//997 1772//997
f 1748//998 1852//998 1772//998
f 1846//999 1852//999 1748//999
f 1720//1000 1846//1000 1748//1000
f 1840//1001 1846//1001 1720//1001
f 1704//1002 1840//1002 1720//1002
f 1834//1003 1840//1003 1704//1003
f 1680//1004 1834//1004 1704//1004
f 1822//1005 1834//1005 1680//1005
f 1657//1006 1822//1006 1680//1006
f 1812//1007 1822//1007 1657//1007
f 1638//1008 1812//1008 1657//1008
f 1783//1009 1812//1009 1638//1009
f 1728//1010 1783//1010 1638//1010
f 1614//1011 1728//1011 1638//1011
f 1687//1012 1728//1012 1614//1012
f 1580//1013 1687//1013 1614//1013
f 1659//1014 1687//1014 1580//1014
f 1442//1015 1659//1015 1580//1015
f 1621//1016 1659//1016 1442//1016
f 1416//1017 1621//1017 1442//1017
f 1597//1018 1621//1018 1416//1018
f 1394//1019 1597//1019 1416//1019
f 1555//1020 1597//1020 1394//1020
f 1471//1021 1555//1021 1394//1021
f 1372//1022 1471//1022 1394//1022
f 1348//1023 1471//1023 1372//1023
f 1578//1024 1440//1024 1454//1024
f 1547//1025 1578//1025 1454//1025
f 1474//1026 1547//1026 1454//1026
f 1488//1027 1547//1027 1474//1027
f 1547//1028 1488//1028 1502//1028
f 1522//1029 1547//1029 1502//1029
f 1456//1030 1442//1030 1580//1030
f 1549//1031 1456//1031 1580//1031
f 1476//1032 1456//1032 1549//1032
f 1490//1033 1476//1033 1549//1033
f 1504//1034 1490//1034 1549//1034
f 1524//1035 1504//1035 1549//1035
f 1471//1036 1348//1036 1320//1036
f 1294//1037 1471//1037 1320//1037
f 1266//1038 1471//1038 1294//1038
f 1266//1039 1175//1039 1174//1039
f 1168//1040 1266//1040 1174//1040
f 1471//1041 1266//1041 1168//1041
f 1017//1042 1021//1042 1022//1042
f 1018//1043 1017//1043 1022//1043
f 1039//1044 1017//1044 1018//1044
f 1040//1045 1039//1045 1018//1045
f 1049//1046 1039//1046 1040//1046
f 1050//1047 1049//1047 1040//1047
f 1060//1048 1049//1048 1050//1048
f 1061//1049 1060//1049 1050//1049
f 1072//1050 1060//1050 1061//1050
f 1073//1051 1072//1051 1061//1051
f 1082//1052 1072//1052 1073//1052
f 1083//1053 1082//1053 1073//1053
f 1089//1054 1082//1054 1083//1054
f 1082//1055 1089//1055 1088//1055
f 1081//1056 1082//1056 1088//1056
f 1072//1057 1082//1057 1081//1057
f 1071//1058 1072//1058 1081//1058
f 1060//1059 1072//1059 1071//1059
f 1059//1060 1060//1060 1071//1060
f 1049//1061 1060//1061 1059//1061
f 1048//1062 1049//1062 1059//1062
f 1039//1063 1049//1063 1048//1063
f 1038//1064 1039//1064 1048//1064
f 1017//1065 1039//1065 1038//1065
f 1016//1066 1017//1066 1038//1066
f 1021//1067 1017//1067 1016//1067
f 806//1068 800//1068 801//1068
f 807//1069 806//1069 801//1069
f 792//1070 806//1070 807//1070
f 793//1071 792//1071 807//1071
f 786//1072 792//1072 793//1072
f 787//1073 786//1073 793//1073
f 780//1074 786//1074 787//1074
f 781//1075 780//1075 787//1075
f 774//1076 780//1076 781//1076
f 775//1077 774//1077 781//1077
f 768//1078 774//1078 775//1078
f 769//1079 768//1079 775//1079
f 763//1080 768//1080 769//1080
f 768//1081 763//1081 762//1081
f 767//1082 768//1082 762//1082
f 774//1083 768//1083 767//1083
f 773//1084 774//1084 767//1084
f 780//1085 774//1085 773//1085
f 779//1086 780//1086 773//1086
f 786//1087 780//1087 779//1087
f 785//1088 786//1088 779//1088
f 792//1089 786//1089 785//1089
f 791//1090 792//1090 785//1090
f 806//1091 792//1091 791//1091
f 805//1092 806//1092 791//1092
f 800//1093 806//1093 805//1093
f 761//1094 760//1094 433//1094
f 434//1095 761//1095 433//1095
f 1089//1096 761//1096 434//1096
f 1177//1097 1089//1097 434//1097
f 1176//1098 1089//1098 1177//1098
f 1089//1099 1176//1099 1088//1099
f 1171//1100 1170//1100 1169//1100
f 1185//1101 1171//1101 1169//1101
f 1186//1102 1171//1102 1185//1102
f 1171//1103 1186//1103 1172//1103
f 1183//1104 1186//1104 1185//1104
f 1181//1105 1183//1105 1185//1105
f 1182//1106 1183//1106 1181//1106
f 1186//1107 1183//1107 1184//1107
f 1182//1108 1181//1108 1176//1108
f 1177//1109 1182//1109 1176//1109
f 1087//1110 1086//1110 1164//1110
f 1165//1111 1087//1111 1164//1111
f 472//1112 1087//1112 1165//1112
f 763//1113 1087//1113 472//1113
f 471//1114 763//1114 472//1114
f 762//1115 763//1115 471//1115
f 1165//1116 1164//1116 1169//1116
f 1170//1117 1165//1117 1169//1117
f 1293//1118 1265//1118 1272//1118
f 1296//1119 1293//1119 1272//1119
f 1319//1120 1293//1120 1296//1120
f 1316//1121 1319//1121 1296//1121
f 1347//1122 1319//1122 1316//1122
f 1344//1123 1347//1123 1316//1123
f 1371//1124 1347//1124 1344//1124
f 1368//1125 1371//1125 1344//1125
f 1393//1126 1371//1126 1368//1126
f 1390//1127 1393//1127 1368//1127
f 1415//1128 1393//1128 1390//1128
f 1408//1129 1415//1129 1390//1129
f 1441//1130 1415//1130 1408//1130
f 1434//1131 1441//1131 1408//1131
f 1455//1132 1441//1132 1434//1132
f 1452//1133 1455//1133 1434//1133
f 1430//1134 1452//1134 1434//1134
f 1446//1135 1452//1135 1430//1135
f 1424//1136 1446//1136 1430//1136
f 1438//1137 1446//1137 1424//1137
f 1410//1138 1438//1138 1424//1138
f 1428//1139 1438//1139 1410//1139
f 1402//1140 1428//1140 1410//1140
f 1412//1141 1428//1141 1402//1141
f 1400//1142 1412//1142 1402//1142
f 1396//1143 1400//1143 1402//1143
f 1388//1144 1396//1144 1402//1144
f 1376//1145 1396//1145 1388//1145
f 1374//1146 1376//1146 1388//1146
f 1358//1147 1376//1147 1374//1147
f 1354//1148 1358//1148 1374//1148
f 1340//1149 1358//1149 1354//1149
f 1334//1150 1340//1150 1354//1150
f 1322//1151 1340//1151 1334//1151
f 1308//1152 1322//1152 1334//1152
f 1306//1153 1322//1153 1308//1153
f 1304//1154 1306//1154 1308//1154
f 1290//1155 1306//1155 1304//1155
f 1288//1156 1290//1156 1304//1156
f 1302//1157 1288//1157 1304//1157
f 1286//1158 1288//1158 1302//1158
f 1300//1159 1286//1159 1302//1159
f 1284//1160 1286//1160 1300//1160
f 1298//1161 1284//1161 1300//1161
f 1278//1162 1284//1162 1298//1162
f 1296//1163 1278//1163 1298//1163
f 1272//1164 1278//1164 1296//1164
f 1310//1165 1302//1165 1304//1165
f 1308//1166 1310//1166 1304//1166
f 1336//1167 1310//1167 1308//1167
f 1334//1168 1336//1168 1308//1168
f 1356//1169 1336//1169 1334//1169
f 1354//1170 1356//1170 1334//1170
f 1378//1171 1356//1171 1354//1171
f 1374//1172 1378//1172 1354//1172
f 1398//1173 1378//1173 1374//1173
f 1388//1174 1398//1174 1374//1174
f 1410//1175 1398//1175 1388//1175
f 1402//1176 1410//1176 1388//1176
f 1312//1177 1300//1177 1302//1177
f 1310//1178 1312//1178 1302//1178
f 1338//1179 1312//1179 1310//1179
f 1336//1180 1338//1180 1310//1180
f 1360//1181 1338//1181 1336//1181
f 1356//1182 1360//1182 1336//1182
f 1380//1183 1360//1183 1356//1183
f 1378//1184 1380//1184 1356//1184
f 1404//1185 1380//1185 1378//1185
f 1398//1186 1404//1186 1378//1186
f 1424//1187 1404//1187 1398//1187
f 1410//1188 1424//1188 1398//1188
f 1298//1189 1316//1189 1296//1189
f 1314//1190 1298//1190 1300//1190
f 1312//1191 1314//1191 1300//1191
f 1342//1192 1314//1192 1312//1192
f 1338//1193 1342//1193 1312//1193
f 1366//1194 1342//1194 1338//1194
f 1360//1195 1366//1195 1338//1195
f 1386//1196 1366//1196 1360//1196
f 1380//1197 1386//1197 1360//1197
f 1406//1198 1386//1198 1380//1198
f 1404//1199 1406//1199 1380//1199
f 1430//1200 1406//1200 1404//1200
f 1424//1201 1430//1201 1404//1201
f 1314//1202 1344//1202 1316//1202
f 1298//1203 1314//1203 1316//1203
f 1342//1204 1344//1204 1314//1204
f 1342//1205 1368//1205 1344//1205
f 1366//1206 1368//1206 1342//1206
f 1366//1207 1390//1207 1368//1207
f 1386//1208 1390//1208 1366//1208
f 1386//1209 1408//1209 1390//1209
f 1406//1210 1408//1210 1386//1210
f 1406//1211 1434//1211 1408//1211
f 1430//1212 1434//1212 1406//1212
f 1516//1213 1506//1213 1530//1213
f 1532//1214 1516//1214 1530//1214
f 1535//1215 1516//1215 1532//1215
f 1518//1216 1516//1216 1535//1216
f 1537//1217 1518//1217 1535//1217
f 1520//1218 1518//1218 1537//1218
f 1543//1219 1520//1219 1537//1219
f 1526//1220 1520//1220 1543//1220
f 1545//1221 1526//1221 1543//1221
f 1528//1222 1526//1222 1545//1222
f 1548//1223 1528//1223 1545//1223
f 1523//1224 1528//1224 1548//1224
f 1514//1225 1528//1225 1523//1225
f 1503//1226 1514//1226 1523//1226
f 1496//1227 1514//1227 1503//1227
f 1489//1228 1496//1228 1503//1228
f 1484//1229 1496//1229 1489//1229
f 1475//1230 1484//1230 1489//1230
f 1460//1231 1484//1231 1475//1231
f 1455//1232 1460//1232 1475//1232
f 1452//1233 1460//1233 1455//1233
f 1460//1234 1452//1234 1446//1234
f 1458//1235 1460//1235 1446//1235
f 1484//1236 1460//1236 1458//1236
f 1480//1237 1484//1237 1458//1237
f 1496//1238 1484//1238 1480//1238
f 1492//1239 1496//1239 1480//1239
f 1514//1240 1496//1240 1492//1240
f 1508//1241 1514//1241 1492//1241
f 1528//1242 1514//1242 1508//1242
f 1526//1243 1528//1243 1508//1243
f 1458//1244 1446//1244 1438//1244
f 1448//1245 1458//1245 1438//1245
f 1480//1246 1458//1246 1448//1246
f 1462//1247 1480//1247 1448//1247
f 1492//1248 1480//1248 1462//1248
f 1486//1249 1492//1249 1462//1249
f 1508//1250 1492//1250 1486//1250
f 1500//1251 1508//1251 1486//1251
f 1526//1252 1508//1252 1500//1252
f 1520//1253 1526//1253 1500//1253
f 1448//1254 1438//1254 1428//1254
f 1432//1255 1448//1255 1428//1255
f 1462//1256 1448//1256 1432//1256
f 1450//1257 1462//1257 1432//1257
f 1486//1258 1462//1258 1450//1258
f 1482//1259 1486//1259 1450//1259
f 1500//1260 1486//1260 1482//1260
f 1498//1261 1500//1261 1482//1261
f 1520//1262 1500//1262 1498//1262
f 1518//1263 1520//1263 1498//1263
f 1432//1264 1428//1264 1412//1264
f 1426//1265 1432//1265 1412//1265
f 1450//1266 1432//1266 1426//1266
f 1444//1267 1450//1267 1426//1267
f 1482//1268 1450//1268 1444//1268
f 1464//1269 1482//1269 1444//1269
f 1498//1270 1482//1270 1464//1270
f 1494//1271 1498//1271 1464//1271
f 1518//1272 1498//1272 1494//1272
f 1516//1273 1518//1273 1494//1273
f 1426//1274 1412//1274 1400//1274
f 1418//1275 1426//1275 1400//1275
f 1444//1276 1426//1276 1418//1276
f 1436//1277 1444//1277 1418//1277
f 1464//1278 1444//1278 1436//1278
f 1478//1279 1464//1279 1436//1279
f 1494//1280 1464//1280 1478//1280
f 1506//1281 1494//1281 1478//1281
f 1516//1282 1494//1282 1506//1282
f 1569//1283 1567//1283 1531//1283
f 1533//1284 1569//1284 1531//1284
f 1536//1285 1569//1285 1533//1285
f 1571//1286 1569//1286 1536//1286
f 1538//1287 1571//1287 1536//1287
f 1573//1288 1571//1288 1538//1288
f 1544//1289 1573//1289 1538//1289
f 1575//1290 1573//1290 1544//1290
f 1546//1291 1575//1291 1544//1291
f 1577//1292 1575//1292 1546//1292
f 1550//1293 1577//1293 1546//1293
f 1581//1294 1577//1294 1550//1294
f 1611//1295 1577//1295 1581//1295
f 1615//1296 1611//1296 1581//1296
f 1635//1297 1611//1297 1615//1297
f 1639//1298 1635//1298 1615//1298
f 1654//1299 1635//1299 1639//1299
f 1658//1300 1654//1300 1639//1300
f 1677//1301 1654//1301 1658//1301
f 1681//1302 1677//1302 1658//1302
f 1701//1303 1677//1303 1681//1303
f 1705//1304 1701//1304 1681//1304
f 1717//1305 1701//1305 1705//1305
f 1721//1306 1717//1306 1705//1306
f 1745//1307 1717//1307 1721//1307
f 1749//1308 1745//1308 1721//1308
f 1768//1309 1745//1309 1749//1309
f 1773//1310 1768//1310 1749//1310
f 1785//1311 1768//1311 1773//1311
f 1791//1312 1785//1312 1773//1312
f 1801//1313 1785//1313 1791//1313
f 1805//1314 1801//1314 1791//1314
f 1806//1315 1801//1315 1805//1315
f 1808//1316 1806//1316 1805//1316
f 1800//1317 1806//1317 1808//1317
f 1803//1318 1800//1318 1808//1318
f 1784//1319 1800//1319 1803//1319
f 1789//1320 1784//1320 1803//1320
f 1767//1321 1784//1321 1789//1321
f 1771//1322 1767//1322 1789//1322
f 1744//1323 1767//1323 1771//1323
f 1747//1324 1744//1324 1771//1324
f 1716//1325 1744//1325 1747//1325
f 1719//1326 1716//1326 1747//1326
f 1700//1327 1716//1327 1719//1327
f 1703//1328 1700//1328 1719//1328
f 1676//1329 1700//1329 1703//1329
f 1679//1330 1676//1330 1703//1330
f 1653//1331 1676//1331 1679//1331
f 1656//1332 1653//1332 1679//1332
f 1634//1333 1653//1333 1656//1333
f 1637//1334 1634//1334 1656//1334
f 1610//1335 1634//1335 1637//1335
f 1613//1336 1610//1336 1637//1336
f 1576//1337 1610//1337 1613//1337
f 1579//1338 1576//1338 1613//1338
f 1545//1339 1576//1339 1579//1339
f 1548//1340 1545//1340 1579//1340
f 1576//1341 1545//1341 1543//1341
f 1574//1342 1576//1342 1543//1342
f 1610//1343 1576//1343 1574//1343
f 1608//1344 1610//1344 1574//1344
f 1634//1345 1610//1345 1608//1345
f 1632//1346 1634//1346 1608//1346
f 1653//1347 1634//1347 1632//1347
f 1650//1348 1653//1348 1632//1348
f 1676//1349 1653//1349 1650//1349
f 1674//1350 1676//1350 1650//1350
f 1700//1351 1676//1351 1674//1351
f 1697//1352 1700//1352 1674//1352
f 1716//1353 1700//1353 1697//1353
f 1714//1354 1716//1354 1697//1354
f 1744//1355 1716//1355 1714//1355
f 1740//1356 1744//1356 1714//1356
f 1767//1357 1744//1357 1740//1357
f 1760//1358 1767//1358 1740//1358
f 1784//1359 1767//1359 1760//1359
f 1781//1360 1784//1360 1760//1360
f 1800//1361 1784//1361 1781//1361
f 1795//1362 1800//1362 1781//1362
f 1806//1363 1800//1363 1795//1363
f 1799//1364 1806//1364 1795//1364
f 1801//1365 1806//1365 1799//1365
f 1796//1366 1801//1366 1799//1366
f 1785//1367 1801//1367 1796//1367
f 1782//1368 1785//1368 1796//1368
f 1768//1369 1785//1369 1782//1369
f 1761//1370 1768//1370 1782//1370
f 1745//1371 1768//1371 1761//1371
f 1741//1372 1745//1372 1761//1372
f 1717//1373 1745//1373 1741//1373
f 1715//1374 1717//1374 1741//1374
f 1701//1375 1717//1375 1715//1375
f 1698//1376 1701//1376 1715//1376
f 1677//1377 1701//1377 1698//1377
f 1675//1378 1677//1378 1698//1378
f 1654//1379 1677//1379 1675//1379
f 1651//1380 1654//1380 1675//1380
f 1635//1381 1654//1381 1651//1381
f 1633//1382 1635//1382 1651//1382
f 1611//1383 1635//1383 1633//1383
f 1609//1384 1611//1384 1633//1384
f 1577//1385 1611//1385 1609//1385
f 1575//1386 1577//1386 1609//1386
f 1574//1387 1543//1387 1537//1387
f 1572//1388 1574//1388 1537//1388
f 1608//1389 1574//1389 1572//1389
f 1606//1390 1608//1390 1572//1390
f 1632//1391 1608//1391 1606//1391
f 1630//1392 1632//1392 1606//1392
f 1650//1393 1632//1393 1630//1393
f 1648//1394 1650//1394 1630//1394
f 1674//1395 1650//1395 1648//1395
f 1672//1396 1674//1396 1648//1396
f 1697//1397 1674//1397 1672//1397
f 1694//1398 1697//1398 1672//1398
f 1714//1399 1697//1399 1694//1399
f 1712//1400 1714//1400 1694//1400
f 1740//1401 1714//1401 1712//1401
f 1736//1402 1740//1402 1712//1402
f 1760//1403 1740//1403 1736//1403
f 1756//1404 1760//1404 1736//1404
f 1781//1405 1760//1405 1756//1405
f 1775//1406 1781//1406 1756//1406
f 1795//1407 1781//1407 1775//1407
f 1786//1408 1795//1408 1775//1408
f 1799//1409 1795//1409 1786//1409
f 1792//1410 1799//1410 1786//1410
f 1796//1411 1799//1411 1792//1411
f 1787//1412 1796//1412 1792//1412
f 1782//1413 1796//1413 1787//1413
f 1776//1414 1782//1414 1787//1414
f 1761//1415 1782//1415 1776//1415
f 1757//1416 1761//1416 1776//1416
f 1741//1417 1761//1417 1757//1417
f 1737//1418 1741//1418 1757//1418
f 1715//1419 1741//1419 1737//1419
f 1713//1420 1715//1420 1737//1420
f 1698//1421 1715//1421 1713//1421
f 1695//1422 1698//1422 1713//1422
f 1675//1423 1698//1423 1695//1423
f 1673//1424 1675//1424 1695//1424
f 1651//1425 1675//1425 1673//1425
f 1649//1426 1651//1426 1673//1426
f 1633//1427 1651//1427 1649//1427
f 1631//1428 1633//1428 1649//1428
f 1609//1429 1633//1429 1631//1429
f 1607//1430 1609//1430 1631//1430
f 1575//1431 1609//1431 1607//1431
f 1573//1432 1575//1432 1607//1432
f 1572//1433 1537//1433 1535//1433
f 1570//1434 1572//1434 1535//1434
f 1606//1435 1572//1435 1570//1435
f 1604//1436 1606//1436 1570//1436
f 1630//1437 1606//1437 1604//1437
f 1628//1438 1630//1438 1604//1438
f 1648//1439 1630//1439 1628//1439
f 1646//1440 1648//1440 1628//1440
f 1672//1441 1648//1441 1646//1441
f 1670//1442 1672//1442 1646//1442
f 1694//1443 1672//1443 1670//1443
f 1690//1444 1694//1444 1670//1444
f 1712//1445 1694//1445 1690//1445
f 1710//1446 1712//1446 1690//1446
f 1736//1447 1712//1447 1710//1447
f 1730//1448 1736//1448 1710//1448
f 1756//1449 1736//1449 1730//1449
f 1750//1450 1756//1450 1730//1450
f 1775//1451 1756//1451 1750//1451
f 1763//1452 1775//1452 1750//1452
f 1786//1453 1775//1453 1763//1453
f 1778//1454 1786//1454 1763//1454
f 1792//1455 1786//1455 1778//1455
f 1780//1456 1792//1456 1778//1456
f 1787//1457 1792//1457 1780//1457
f 1779//1458 1787//1458 1780//1458
f 1776//1459 1787//1459 1779//1459
f 1764//1460 1776//1460 1779//1460
f 1757//1461 1776//1461 1764//1461
f 1751//1462 1757//1462 1764//1462
f 1737//1463 1757//1463 1751//1463
f 1731//1464 1737//1464 1751//1464
f 1713//1465 1737//1465 1731//1465
f 1711//1466 1713//1466 1731//1466
f 1695//1467 1713//1467 1711//1467
f 1691//1468 1695//1468 1711//1468
f 1673//1469 1695//1469 1691//1469
f 1671//1470 1673//1470 1691//1470
f 1649//1471 1673//1471 1671//1471
f 1647//1472 1649//1472 1671//1472
f 1631//1473 1649//1473 1647//1473
f 1629//1474 1631//1474 1647//1474
f 1607//1475 1631//1475 1629//1475
f 1605//1476 1607//1476 1629//1476
f 1573//1477 1607//1477 1605//1477
f 1571//1478 1573//1478 1605//1478
f 1570//1479 1535//1479 1532//1479
f 1568//1480 1570//1480 1532//1480
f 1604//1481 1570//1481 1568//1481
f 1600//1482 1604//1482 1568//1482
f 1628//1483 1604//1483 1600//1483
f 1622//1484 1628//1484 1600//1484
f 1646//1485 1628//1485 1622//1485
f 1642//1486 1646//1486 1622//1486
f 1670//1487 1646//1487 1642//1487
f 1665//1488 1670//1488 1642//1488
f 1690//1489 1670//1489 1665//1489
f 1683//1490 1690//1490 1665//1490
f 1710//1491 1690//1491 1683//1491
f 1706//1492 1710//1492 1683//1492
f 1730//1493 1710//1493 1706//1493
f 1725//1494 1730//1494 1706//1494
f 1750//1495 1730//1495 1725//1495
f 1742//1496 1750//1496 1725//1496
f 1763//1497 1750//1497 1742//1497
f 1754//1498 1763//1498 1742//1498
f 1778//1499 1763//1499 1754//1499
f 1765//1500 1778//1500 1754//1500
f 1780//1501 1778//1501 1765//1501
f 1774//1502 1780//1502 1765//1502
f 1779//1503 1780//1503 1774//1503
f 1766//1504 1779//1504 1774//1504
f 1764//1505 1779//1505 1766//1505
f 1755//1506 1764//1506 1766//1506
f 1751//1507 1764//1507 1755//1507
f 1743//1508 1751//1508 1755//1508
f 1731//1509 1751//1509 1743//1509
f 1726//1510 1731//1510 1743//1510
f 1711//1511 1731//1511 1726//1511
f 1707//1512 1711//1512 1726//1512
f 1691//1513 1711//1513 1707//1513
f 1684//1514 1691//1514 1707//1514
f 1671//1515 1691//1515 1684//1515
f 1666//1516 1671//1516 1684//1516
f 1647//1517 1671//1517 1666//1517
f 1643//1518 1647//1518 1666//1518
f 1629//1519 1647//1519 1643//1519
f 1623//1520 1629//1520 1643//1520
f 1605//1521 1629//1521 1623//1521
f 1601//1522 1605//1522 1623//1522
f 1571//1523 1605//1523 1601//1523
f 1569//1524 1571//1524 1601//1524
f 1568//1525 1532//1525 1530//1525
f 1566//1526 1568//1526 1530//1526
f 1600//1527 1568//1527 1566//1527
f 1602//1528 1600//1528 1566//1528
f 1622//1529 1600//1529 1602//1529
f 1624//1530 1622//1530 1602//1530
f 1642//1531 1622//1531 1624//1531
f 1644//1532 1642//1532 1624//1532
f 1665//1533 1642//1533 1644//1533
f 1667//1534 1665//1534 1644//1534
f 1683//1535 1665//1535 1667//1535
f 1685//1536 1683//1536 1667//1536
f 1706//1537 1683//1537 1685//1537
f 1708//1538 1706//1538 1685//1538
f 1725//1539 1706//1539 1708//1539
f 1723//1540 1725//1540 1708//1540
f 1742//1541 1725//1541 1723//1541
f 1738//1542 1742//1542 1723//1542
f 1754//1543 1742//1543 1738//1543
f 1752//1544 1754//1544 1738//1544
f 1765//1545 1754//1545 1752//1545
f 1758//1546 1765//1546 1752//1546
f 1774//1547 1765//1547 1758//1547
f 1759//1548 1774//1548 1758//1548
f 1766//1549 1774//1549 1759//1549
f 1753//1550 1766//1550 1759//1550
f 1755//1551 1766//1551 1753//1551
f 1739//1552 1755//1552 1753//1552
f 1743//1553 1755//1553 1739//1553
f 1724//1554 1743//1554 1739//1554
f 1726//1555 1743//1555 1724//1555
f 1709//1556 1726//1556 1724//1556
f 1707//1557 1726//1557 1709//1557
f 1686//1558 1707//1558 1709//1558
f 1684//1559 1707//1559 1686//1559
f 1668//1560 1684//1560 1686//1560
f 1666//1561 1684//1561 1668//1561
f 1645//1562 1666//1562 1668//1562
f 1643//1563 1666//1563 1645//1563
f 1625//1564 1643//1564 1645//1564
f 1623//1565 1643//1565 1625//1565
f 1603//1566 1623//1566 1625//1566
f 1601//1567 1623//1567 1603//1567
f 1567//1568 1601//1568 1603//1568
f 1569//1569 1601//1569 1567//1569
f 1427//1570 1419//1570 1401//1570
f 1413//1571 1427//1571 1401//1571
f 1429//1572 1427//1572 1413//1572
f 1433//1573 1427//1573 1429//1573
f 1439//1574 1433//1574 1429//1574
f 1449//1575 1433//1575 1439//1575
f 1447//1576 1449//1576 1439//1576
f 1459//1577 1449//1577 1447//1577
f 1453//1578 1459//1578 1447//1578
f 1461//1579 1459//1579 1453//1579
f 1457//1580 1461//1580 1453//1580
f 1477//1581 1461//1581 1457//1581
f 1485//1582 1461//1582 1477//1582
f 1491//1583 1485//1583 1477//1583
f 1497//1584 1485//1584 1491//1584
f 1505//1585 1497//1585 1491//1585
f 1515//1586 1497//1586 1505//1586
f 1525//1587 1515//1587 1505//1587
f 1529//1588 1515//1588 1525//1588
f 1550//1589 1529//1589 1525//1589
f 1546//1590 1529//1590 1550//1590
f 1529//1591 1546//1591 1544//1591
f 1527//1592 1529//1592 1544//1592
f 1515//1593 1529//1593 1527//1593
f 1509//1594 1515//1594 1527//1594
f 1497//1595 1515//1595 1509//1595
f 1493//1596 1497//1596 1509//1596
f 1485//1597 1497//1597 1493//1597
f 1481//1598 1485//1598 1493//1598
f 1461//1599 1485//1599 1481//1599
f 1459//1600 1461//1600 1481//1600
f 1527//1601 1544//1601 1538//1601
f 1521//1602 1527//1602 1538//1602
f 1509//1603 1527//1603 1521//1603
f 1501//1604 1509//1604 1521//1604
f 1493//1605 1509//1605 1501//1605
f 1487//1606 1493//1606 1501//1606
f 1481//1607 1493//1607 1487//1607
f 1463//1608 1481//1608 1487//1608
f 1459//1609 1481//1609 1463//1609
f 1449//1610 1459//1610 1463//1610
f 1521//1611 1538//1611 1536//1611
f 1519//1612 1521//1612 1536//1612
f 1501//1613 1521//1613 1519//1613
f 1499//1614 1501//1614 1519//1614
f 1487//1615 1501//1615 1499//1615
f 1483//1616 1487//1616 1499//1616
f 1463//1617 1487//1617 1483//1617
f 1451//1618 1463//1618 1483//1618
f 1449//1619 1463//1619 1451//1619
f 1433//1620 1449//1620 1451//1620
f 1519//1621 1536//1621 1533//1621
f 1517//1622 1519//1622 1533//1622
f 1499//1623 1519//1623 1517//1623
f 1495//1624 1499//1624 1517//1624
f 1483//1625 1499//1625 1495//1625
f 1465//1626 1483//1626 1495//1626
f 1451//1627 1483//1627 1465//1627
f 1445//1628 1451//1628 1465//1628
f 1433//1629 1451//1629 1445//1629
f 1427//1630 1433//1630 1445//1630
f 1517//1631 1533//1631 1531//1631
f 1507//1632 1517//1632 1531//1632
f 1495//1633 1517//1633 1507//1633
f 1479//1634 1495//1634 1507//1634
f 1465//1635 1495//1635 1479//1635
f 1437//1636 1465//1636 1479//1636
f 1445//1637 1465//1637 1437//1637
f 1419//1638 1445//1638 1437//1638
f 1427//1639 1445//1639 1419//1639
f 1305//1640 1307//1640 1291//1640
f 1289//1641 1305//1641 1291//1641
f 1287//1642 1305//1642 1289//1642
f 1303//1643 1305//1643 1287//1643
f 1285//1644 1303//1644 1287//1644
f 1301//1645 1303//1645 1285//1645
f 1279//1646 1301//1646 1285//1646
f 1299//1647 1301//1647 1279//1647
f 1273//1648 1299//1648 1279//1648
f 1297//1649 1299//1649 1273//1649
f 1267//1650 1297//1650 1273//1650
f 1295//1651 1297//1651 1267//1651
f 1317//1652 1297//1652 1295//1652
f 1321//1653 1317//1653 1295//1653
f 1345//1654 1317//1654 1321//1654
f 1349//1655 1345//1655 1321//1655
f 1369//1656 1345//1656 1349//1656
f 1373//1657 1369//1657 1349//1657
f 1391//1658 1369//1658 1373//1658
f 1395//1659 1391//1659 1373//1659
f 1409//1660 1391//1660 1395//1660
f 1417//1661 1409//1661 1395//1661
f 1435//1662 1409//1662 1417//1662
f 1443//1663 1435//1663 1417//1663
f 1453//1664 1435//1664 1443//1664
f 1457//1665 1453//1665 1443//1665
f 1435//1666 1453//1666 1447//1666
f 1431//1667 1435//1667 1447//1667
f 1409//1668 1435//1668 1431//1668
f 1407//1669 1409//1669 1431//1669
f 1391//1670 1409//1670 1407//1670
f 1387//1671 1391//1671 1407//1671
f 1369//1672 1391//1672 1387//1672
f 1367//1673 1369//1673 1387//1673
f 1345//1674 1369//1674 1367//1674
f 1343//1675 1345//1675 1367//1675
f 1317//1676 1345//1676 1343//1676
f 1315//1677 1317//1677 1343//1677
f 1297//1678 1317//1678 1315//1678
f 1299//1679 1297//1679 1315//1679
f 1431//1680 1447//1680 1439//1680
f 1425//1681 1431//1681 1439//1681
f 1407//1682 1431//1682 1425//1682
f 1405//1683 1407//1683 1425//1683
f 1387//1684 1407//1684 1405//1684
f 1381//1685 1387//1685 1405//1685
f 1367//1686 1387//1686 1381//1686
f 1361//1687 1367//1687 1381//1687
f 1343//1688 1367//1688 1361//1688
f 1339//1689 1343//1689 1361//1689
f 1315//1690 1343//1690 1339//1690
f 1313//1691 1315//1691 1339//1691
f 1299//1692 1315//1692 1313//1692
f 1301//1693 1299//1693 1313//1693
f 1425//1694 1439//1694 1429//1694
f 1411//1695 1425//1695 1429//1695
f 1405//1696 1425//1696 1411//1696
f 1399//1697 1405//1697 1411//1697
f 1381//1698 1405//1698 1399//1698
f 1379//1699 1381//1699 1399//1699
f 1361//1700 1381//1700 1379//1700
f 1357//1701 1361//1701 1379//1701
f 1339//1702 1361//1702 1357//1702
f 1337//1703 1339//1703 1357//1703
f 1313//1704 1339//1704 1337//1704
f 1311//1705 1313//1705 1337//1705
f 1301//1706 1313//1706 1311//1706
f 1303//1707 1301//1707 1311//1707
f 1411//1708 1429//1708 1413//1708
f 1403//1709 1411//1709 1413//1709
f 1399//1710 1411//1710 1403//1710
f 1389//1711 1399//1711 1403//1711
f 1379//1712 1399//1712 1389//1712
f 1375//1713 1379//1713 1389//1713
f 1357//1714 1379//1714 1375//1714
f 1355//1715 1357//1715 1375//1715
f 1337//1716 1357//1716 1355//1716
f 1335//1717 1337//1717 1355//1717
f 1311//1718 1337//1718 1335//1718
f 1309//1719 1311//1719 1335//1719
f 1303//1720 1311//1720 1309//1720
f 1305//1721 1303//1721 1309//1721
f 1403//1722 1413//1722 1401//1722
f 1397//1723 1403//1723 1401//1723
f 1389//1724 1403//1724 1397//1724
f 1377//1725 1389//1725 1397//1725
f 1375//1726 1389//1726 1377//1726
f 1359//1727 1375//1727 1377//1727
f 1355//1728 1375//1728 1359//1728
f 1341//1729 1355//1729 1359//1729
f 1335//1730 1355//1730 1341//1730
f 1323//1731 1335//1731 1341//1731
f 1309//1732 1335//1732 1323//1732
f 1307//1733 1309//1733 1323//1733
f 1305//1734 1309//1734 1307//1734
f 1252//1735 1265//1735 1250//1735
f 1234//1736 1252//1736 1250//1736
f 1238//1737 1252//1737 1234//1737
f 1220//1738 1238//1738 1234//1738
f 1222//1739 1238//1739 1220//1739
f 1206//1740 1222//1740 1220//1740
f 1210//1741 1222//1741 1206//1741
f 1198//1742 1210//1742 1206//1742
f 1200//1743 1210//1743 1198//1743
f 1192//1744 1200//1744 1198//1744
f 1194//1745 1200//1745 1192//1745
f 1204//1746 1200//1746 1194//1746
f 1196//1747 1204//1747 1194//1747
f 1208//1748 1204//1748 1196//1748
f 1202//1749 1208//1749 1196//1749
f 1218//1750 1208//1750 1202//1750
f 1212//1751 1218//1751 1202//1751
f 1232//1752 1218//1752 1212//1752
f 1228//1753 1232//1753 1212//1753
f 1280//1754 1232//1754 1228//1754
f 1282//1755 1280//1755 1228//1755
f 1288//1756 1280//1756 1282//1756
f 1290//1757 1288//1757 1282//1757
f 1280//1758 1288//1758 1286//1758
f 1276//1759 1280//1759 1286//1759
f 1232//1760 1280//1760 1276//1760
f 1242//1761 1232//1761 1276//1761
f 1218//1762 1232//1762 1242//1762
f 1226//1763 1218//1763 1242//1763
f 1208//1764 1218//1764 1226//1764
f 1216//1765 1208//1765 1226//1765
f 1204//1766 1208//1766 1216//1766
f 1214//1767 1204//1767 1216//1767
f 1200//1768 1204//1768 1214//1768
f 1210//1769 1200//1769 1214//1769
f 1276//1770 1286//1770 1284//1770
f 1274//1771 1276//1771 1284//1771
f 1242//1772 1276//1772 1274//1772
f 1248//1773 1242//1773 1274//1773
f 1226//1774 1242//1774 1248//1774
f 1236//1775 1226//1775 1248//1775
f 1216//1776 1226//1776 1236//1776
f 1230//1777 1216//1777 1236//1777
f 1214//1778 1216//1778 1230//1778
f 1224//1779 1214//1779 1230//1779
f 1210//1780 1214//1780 1224//1780
f 1222//1781 1210//1781 1224//1781
f 1274//1782 1284//1782 1278//1782
f 1270//1783 1274//1783 1278//1783
f 1248//1784 1274//1784 1270//1784
f 1256//1785 1248//1785 1270//1785
f 1236//1786 1248//1786 1256//1786
f 1246//1787 1236//1787 1256//1787
f 1230//1788 1236//1788 1246//1788
f 1244//1789 1230//1789 1246//1789
f 1224//1790 1230//1790 1244//1790
f 1240//1791 1224//1791 1244//1791
f 1222//1792 1224//1792 1240//1792
f 1238//1793 1222//1793 1240//1793
f 1270//1794 1278//1794 1272//1794
f 1268//1795 1270//1795 1272//1795
f 1256//1796 1270//1796 1268//1796
f 1262//1797 1256//1797 1268//1797
f 1246//1798 1256//1798 1262//1798
f 1260//1799 1246//1799 1262//1799
f 1244//1800 1246//1800 1260//1800
f 1258//1801 1244//1801 1260//1801
f 1240//1802 1244//1802 1258//1802
f 1254//1803 1240//1803 1258//1803
f 1238//1804 1240//1804 1254//1804
f 1252//1805 1238//1805 1254//1805
f 1268//1806 1272//1806 1265//1806
f 1262//1807 1268//1807 1265//1807
f 1260//1808 1262//1808 1265//1808
f 1258//1809 1260//1809 1265//1809
f 1254//1810 1258//1810 1265//1810
f 1252//1811 1254//1811 1265//1811
f 1195//1812 1193//1812 1199//1812
f 1201//1813 1195//1813 1199//1813
f 1197//1814 1195//1814 1201//1814
f 1205//1815 1197//1815 1201//1815
f 1203//1816 1197//1816 1205//1816
f 1209//1817 1203//1817 1205//1817
f 1213//1818 1203//1818 1209//1818
f 1219//1819 1213//1819 1209//1819
f 1229//1820 1213//1820 1219//1820
f 1233//1821 1229//1821 1219//1821
f 1283//1822 1229//1822 1233//1822
f 1281//1823 1283//1823 1233//1823
f 1291//1824 1283//1824 1281//1824
f 1289//1825 1291//1825 1281//1825
f 1277//1826 1289//1826 1281//1826
f 1287//1827 1289//1827 1277//1827
f 1275//1828 1287//1828 1277//1828
f 1285//1829 1287//1829 1275//1829
f 1271//1830 1285//1830 1275//1830
f 1279//1831 1285//1831 1271//1831
f 1269//1832 1279//1832 1271//1832
f 1273//1833 1279//1833 1269//1833
f 1267//1834 1273//1834 1269//1834
f 1201//1835 1199//1835 1207//1835
f 1211//1836 1201//1836 1207//1836
f 1205//1837 1201//1837 1211//1837
f 1215//1838 1205//1838 1211//1838
f 1209//1839 1205//1839 1215//1839
f 1217//1840 1209//1840 1215//1840
f 1219//1841 1209//1841 1217//1841
f 1227//1842 1219//1842 1217//1842
f 1233//1843 1219//1843 1227//1843
f 1243//1844 1233//1844 1227//1844
f 1281//1845 1233//1845 1243//1845
f 1277//1846 1281//1846 1243//1846
f 1211//1847 1207//1847 1221//1847
f 1223//1848 1211//1848 1221//1848
f 1215//1849 1211//1849 1223//1849
f 1225//1850 1215//1850 1223//1850
f 1217//1851 1215//1851 1225//1851
f 1231//1852 1217//1852 1225//1852
f 1227//1853 1217//1853 1231//1853
f 1237//1854 1227//1854 1231//1854
f 1243//1855 1227//1855 1237//1855
f 1249//1856 1243//1856 1237//1856
f 1277//1857 1243//1857 1249//1857
f 1275//1858 1277//1858 1249//1858
f 1223//1859 1221//1859 1235//1859
f 1239//1860 1223//1860 1235//1860
f 1225//1861 1223//1861 1239//1861
f 1241//1862 1225//1862 1239//1862
f 1231//1863 1225//1863 1241//1863
f 1245//1864 1231//1864 1241//1864
f 1237//1865 1231//1865 1245//1865
f 1247//1866 1237//1866 1245//1866
f 1249//1867 1237//1867 1247//1867
f 1257//1868 1249//1868 1247//1868
f 1275//1869 1249//1869 1257//1869
f 1271//1870 1275//1870 1257//1870
f 1239//1871 1235//1871 1251//1871
f 1253//1872 1239//1872 1251//1872
f 1241//1873 1239//1873 1253//1873
f 1255//1874 1241//1874 1253//1874
f 1245//1875 1241//1875 1255//1875
f 1259//1876 1245//1876 1255//1876
f 1247//1877 1245//1877 1259//1877
f 1261//1878 1247//1878 1259//1878
f 1257//1879 1247//1879 1261//1879
f 1263//1880 1257//1880 1261//1880
f 1271//1881 1257//1881 1263//1881
f 1269//1882 1271//1882 1263//1882
f 1253//1883 1251//1883 1267//1883
f 1255//1884 1253//1884 1267//1884
f 1259//1885 1255//1885 1267//1885
f 1261//1886 1259//1886 1267//1886
f 1263//1887 1261//1887 1267//1887
f 1269//1888 1263//1888 1267//1888
f 1163//1889 1193//1889 1195//1889
f 1197//1890 1163//1890 1195//1890
f 1203//1891 1163//1891 1197//1891
f 1352//1892 1163//1892 1203//1892
f 1213//1893 1352//1893 1203//1893
f 1364//1894 1352//1894 1213//1894
f 1437//1895 1364//1895 1213//1895
f 1384//1896 1364//1896 1437//1896
f 1479//1897 1384//1897 1437//1897
f 1507//1898 1384//1898 1479//1898
f 1437//1899 1213//1899 1229//1899
f 1419//1900 1437//1900 1229//1900
f 1401//1901 1419//1901 1229//1901
f 1283//1902 1401//1902 1229//1902
f 1397//1903 1401//1903 1283//1903
f 1377//1904 1397//1904 1283//1904
f 1359//1905 1377//1905 1283//1905
f 1291//1906 1359//1906 1283//1906
f 1341//1907 1359//1907 1291//1907
f 1323//1908 1341//1908 1291//1908
f 1307//1909 1323//1909 1291//1909
f 1422//1910 1384//1910 1507//1910
f 1531//1911 1422//1911 1507//1911
f 1468//1912 1422//1912 1531//1912
f 1567//1913 1468//1913 1531//1913
f 1603//1914 1468//1914 1567//1914
f 1468//1915 1603//1915 1625//1915
f 1645//1916 1468//1916 1625//1916
f 1668//1917 1468//1917 1645//1917
f 1512//1918 1468//1918 1668//1918
f 1686//1919 1512//1919 1668//1919
f 1709//1920 1512//1920 1686//1920
f 1541//1921 1512//1921 1709//1921
f 1724//1922 1541//1922 1709//1922
f 1560//1923 1541//1923 1724//1923
f 1739//1924 1560//1924 1724//1924
f 1564//1925 1560//1925 1739//1925
f 1753//1926 1564//1926 1739//1926
f 1585//1927 1564//1927 1753//1927
f 1590//1928 1585//1928 1753//1928
f 1759//1929 1590//1929 1753//1929
f 1593//1930 1590//1930 1759//1930
f 1758//1931 1593//1931 1759//1931
f 1588//1932 1593//1932 1758//1932
f 1752//1933 1588//1933 1758//1933
f 1583//1934 1588//1934 1752//1934
f 1562//1935 1583//1935 1752//1935
f 1738//1936 1562//1936 1752//1936
f 1558//1937 1562//1937 1738//1937
f 1723//1938 1558//1938 1738//1938
f 1539//1939 1558//1939 1723//1939
f 1708//1940 1539//1940 1723//1940
f 1510//1941 1539//1941 1708//1941
f 1685//1942 1510//1942 1708//1942
f 1667//1943 1510//1943 1685//1943
f 1466//1944 1510//1944 1667//1944
f 1644//1945 1466//1945 1667//1945
f 1624//1946 1466//1946 1644//1946
f 1466//1947 1624//1947 1602//1947
f 1566//1948 1466//1948 1602//1948
f 1530//1949 1466//1949 1566//1949
f 1420//1950 1466//1950 1530//1950
f 1506//1951 1420//1951 1530//1951
f 1382//1952 1420//1952 1506//1952
f 1478//1953 1382//1953 1506//1953
f 1436//1954 1382//1954 1478//1954
f 1436//1955 1418//1955 1228//1955
f 1212//1956 1436//1956 1228//1956
f 1362//1957 1436//1957 1212//1957
f 1350//1958 1362//1958 1212//1958
f 1202//1959 1350//1959 1212//1959
f 1162//1960 1350//1960 1202//1960
f 1196//1961 1162//1961 1202//1961
f 1194//1962 1162//1962 1196//1962
f 1228//1963 1418//1963 1400//1963
f 1282//1964 1228//1964 1400//1964
f 1396//1965 1282//1965 1400//1965
f 1376//1966 1282//1966 1396//1966
f 1282//1967 1376//1967 1358//1967
f 1290//1968 1282//1968 1358//1968
f 1340//1969 1290//1969 1358//1969
f 1322//1970 1290//1970 1340//1970
f 1290//1971 1322//1971 1306//1971
f 1162//1972 1194//1972 1192//1972
f 1162//1973 1163//1973 1324//1973
f 1326//1974 1162//1974 1324//1974
f 1330//1975 1162//1975 1326//1975
f 1163//1976 1352//1976 1332//1976
f 1328//1977 1163//1977 1332//1977
f 1324//1978 1163//1978 1328//1978
f 1162//1979 1330//1979 1350//1979
f 1436//1980 1362//1980 1382//1980
f 548//1981 544//1981 545//1981
f 549//1982 548//1982 545//1982
f 546//1983 548//1983 549//1983
f 547//1984 546//1984 549//1984
f 538//1985 546//1985 547//1985
f 539//1986 538//1986 547//1986
f 526//1987 538//1987 539//1987
f 527//1988 526//1988 539//1988
f 512//1989 526//1989 527//1989
f 513//1990 512//1990 527//1990
f 506//1991 512//1991 513//1991
f 507//1992 506//1992 513//1992
f 488//1993 506//1993 507//1993
f 489//1994 488//1994 507//1994
f 469//1995 488//1995 489//1995
f 470//1996 469//1996 489//1996
f 459//1997 469//1997 470//1997
f 460//1998 459//1998 470//1998
f 445//1999 459//1999 460//1999
f 446//2000 445//2000 460//2000
f 424//2001 445//2001 446//2001
f 425//2002 424//2002 446//2002
f 415//2003 424//2003 425//2003
f 416//2004 415//2004 425//2004
f 411//2005 415//2005 416//2005
f 412//2006 411//2006 416//2006
f 413//2007 411//2007 412//2007
f 414//2008 413//2008 412//2008
f 422//2009 413//2009 414//2009
f 423//2010 422//2010 414//2010
f 443//2011 422//2011 423//2011
f 444//2012 443//2012 423//2012
f 457//2013 443//2013 444//2013
f 458//2014 457//2014 444//2014
f 467//2015 457//2015 458//2015
f 468//2016 467//2016 458//2016
f 486//2017 467//2017 468//2017
f 487//2018 486//2018 468//2018
f 504//2019 486//2019 487//2019
f 505//2020 504//2020 487//2020
f 510//2021 504//2021 505//2021
f 511//2022 510//2022 505//2022
f 524//2023 510//2023 511//2023
f 525//2024 524//2024 511//2024
f 536//2025 524//2025 525//2025
f 537//2026 536//2026 525//2026
f 544//2027 536//2027 537//2027
f 545//2028 544//2028 537//2028
f 548//2029 546//2029 415//2029
f 411//2030 548//2030 415//2030
f 544//2031 548//2031 411//2031
f 413//2032 544//2032 411//2032
f 536//2033 544//2033 413//2033
f 422//2034 536//2034 413//2034
f 524//2035 536//2035 422//2035
f 443//2036 524//2036 422//2036
f 510//2037 524//2037 443//2037
f 457//2038 510//2038 443//2038
f 504//2039 510//2039 457//2039
f 467//2040 504//2040 457//2040
f 486//2041 504//2041 467//2041
f 424//2042 415//2042 546//2042
f 538//2043 424//2043 546//2043
f 445//2044 424//2044 538//2044
f 526//2045 445//2045 538//2045
f 459//2046 445//2046 526//2046
f 512//2047 459//2047 526//2047
f 469//2048 459//2048 512//2048
f 506//2049 469//2049 512//2049
f 488//2050 469//2050 506//2050
f 592//2051 591//2051 590//2051
f 593//2052 592//2052 590//2052
f 589//2053 592//2053 593//2053
f 588//2054 589//2054 593//2054
f 585//2055 589//2055 588//2055
f 584//2056 585//2056 588//2056
f 579//2057 585//2057 584//2057
f 578//2058 579//2058 584//2058
f 553//2059 579//2059 578//2059
f 552//2060 553//2060 578//2060
f 541//2061 553//2061 552//2061
f 540//2062 541//2062 552//2062
f 515//2063 541//2063 540//2063
f 514//2064 515//2064 540//2064
f 501//2065 515//2065 514//2065
f 500//2066 501//2066 514//2066
f 464//2067 501//2067 500//2067
f 463//2068 464//2068 500//2068
f 450//2069 464//2069 463//2069
f 449//2070 450//2070 463//2070
f 406//2071 450//2071 449//2071
f 405//2072 406//2072 449//2072
f 400//2073 406//2073 405//2073
f 399//2074 400//2074 405//2074
f 384//2075 400//2075 399//2075
f 383//2076 384//2076 399//2076
f 367//2077 384//2077 383//2077
f 366//2078 367//2078 383//2078
f 360//2079 367//2079 366//2079
f 359//2080 360//2080 366//2080
f 362//2081 360//2081 359//2081
f 361//2082 362//2082 359//2082
f 369//2083 362//2083 361//2083
f 368//2084 369//2084 361//2084
f 386//2085 369//2085 368//2085
f 385//2086 386//2086 368//2086
f 402//2087 386//2087 385//2087
f 401//2088 402//2088 385//2088
f 408//2089 402//2089 401//2089
f 407//2090 408//2090 401//2090
f 452//2091 408//2091 407//2091
f 451//2092 452//2092 407//2092
f 466//2093 452//2093 451//2093
f 465//2094 466//2094 451//2094
f 503//2095 466//2095 465//2095
f 502//2096 503//2096 465//2096
f 517//2097 503//2097 502//2097
f 516//2098 517//2098 502//2098
f 543//2099 517//2099 516//2099
f 542//2100 543//2100 516//2100
f 555//2101 543//2101 542//2101
f 554//2102 555//2102 542//2102
f 581//2103 555//2103 554//2103
f 580//2104 581//2104 554//2104
f 587//2105 581//2105 580//2105
f 586//2106 587//2106 580//2106
f 591//2107 587//2107 586//2107
f 590//2108 591//2108 586//2108
f 549//2109 545//2109 588//2109
f 593//2110 549//2110 588//2110
f 590//2111 549//2111 593//2111
f 584//2112 588//2112 545//2112
f 537//2113 584//2113 545//2113
f 578//2114 584//2114 537//2114
f 525//2115 578//2115 537//2115
f 552//2116 578//2116 525//2116
f 511//2117 552//2117 525//2117
f 540//2118 552//2118 511//2118
f 505//2119 540//2119 511//2119
f 514//2120 540//2120 505//2120
f 500//2121 514//2121 505//2121
f 487//2122 500//2122 505//2122
f 463//2123 500//2123 487//2123
f 468//2124 463//2124 487//2124
f 449//2125 463//2125 468//2125
f 458//2126 449//2126 468//2126
f 405//2127 449//2127 458//2127
f 444//2128 405//2128 458//2128
f 399//2129 405//2129 444//2129
f 423//2130 399//2130 444//2130
f 383//2131 399//2131 423//2131
f 366//2132 383//2132 423//2132
f 414//2133 366//2133 423//2133
f 359//2134 366//2134 414//2134
f 412//2135 359//2135 414//2135
f 361//2136 359//2136 412//2136
f 416//2137 361//2137 412//2137
f 368//2138 361//2138 416//2138
f 425//2139 368//2139 416//2139
f 385//2140 368//2140 425//2140
f 401//2141 385//2141 425//2141
f 446//2142 401//2142 425//2142
f 407//2143 401//2143 446//2143
f 460//2144 407//2144 446//2144
f 451//2145 407//2145 460//2145
f 470//2146 451//2146 460//2146
f 465//2147 451//2147 470//2147
f 489//2148 465//2148 470//2148
f 502//2149 465//2149 489//2149
f 507//2150 502//2150 489//2150
f 516//2151 502//2151 507//2151
f 542//2152 516//2152 507//2152
f 513//2153 542//2153 507//2153
f 554//2154 542//2154 513//2154
f 527//2155 554//2155 513//2155
f 580//2156 554//2156 527//2156
f 539//2157 580//2157 527//2157
f 586//2158 580//2158 539//2158
f 547//2159 586//2159 539//2159
f 590//2160 586//2160 547//2160
f 549//2161 590//2161 547//2161
f 1593//2162 1588//2162 1589//2162
f 1594//2163 1593//2163 1589//2163
f 1590//2164 1593//2164 1594//2164
f 1591//2165 1590//2165 1594//2165
f 1585//2166 1590//2166 1591//2166
f 1586//2167 1585//2167 1591//2167
f 1564//2168 1585//2168 1586//2168
f 1565//2169 1564//2169 1586//2169
f 1560//2170 1564//2170 1565//2170
f 1561//2171 1560//2171 1565//2171
f 1541//2172 1560//2172 1561//2172
f 1542//2173 1541//2173 1561//2173
f 1512//2174 1541//2174 1542//2174
f 1513//2175 1512//2175 1542//2175
f 1468//2176 1512//2176 1513//2176
f 1469//2177 1468//2177 1513//2177
f 1422//2178 1468//2178 1469//2178
f 1423//2179 1422//2179 1469//2179
f 1384//2180 1422//2180 1423//2180
f 1385//2181 1384//2181 1423//2181
f 1364//2182 1384//2182 1385//2182
f 1365//2183 1364//2183 1385//2183
f 1352//2184 1364//2184 1365//2184
f 1353//2185 1352//2185 1365//2185
f 1332//2186 1352//2186 1353//2186
f 1333//2187 1332//2187 1353//2187
f 1328//2188 1332//2188 1333//2188
f 1329//2189 1328//2189 1333//2189
f 1324//2190 1328//2190 1329//2190
f 1325//2191 1324//2191 1329//2191
f 1326//2192 1324//2192 1325//2192
f 1327//2193 1326//2193 1325//2193
f 1330//2194 1326//2194 1327//2194
f 1331//2195 1330//2195 1327//2195
f 1350//2196 1330//2196 1331//2196
f 1351//2197 1350//2197 1331//2197
f 1362//2198 1350//2198 1351//2198
f 1363//2199 1362//2199 1351//2199
f 1382//2200 1362//2200 1363//2200
f 1383//2201 1382//2201 1363//2201
f 1420//2202 1382//2202 1383//2202
f 1421//2203 1420//2203 1383//2203
f 1466//2204 1420//2204 1421//2204
f 1467//2205 1466//2205 1421//2205
f 1510//2206 1466//2206 1467//2206
f 1511//2207 1510//2207 1467//2207
f 1539//2208 1510//2208 1511//2208
f 1540//2209 1539//2209 1511//2209
f 1558//2210 1539//2210 1540//2210
f 1559//2211 1558//2211 1540//2211
f 1562//2212 1558//2212 1559//2212
f 1563//2213 1562//2213 1559//2213
f 1583//2214 1562//2214 1563//2214
f 1584//2215 1583//2215 1563//2215
f 1588//2216 1583//2216 1584//2216
f 1589//2217 1588//2217 1584//2217
f 1524//2218 1549//2218 1550//2218
f 1525//2219 1524//2219 1550//2219
f 1504//2220 1524//2220 1525//2220
f 1505//2221 1504//2221 1525//2221
f 1490//2222 1504//2222 1505//2222
f 1491//2223 1490//2223 1505//2223
f 1476//2224 1490//2224 1491//2224
f 1477//2225 1476//2225 1491//2225
f 1456//2226 1476//2226 1477//2226
f 1457//2227 1456//2227 1477//2227
f 1578//2228 1547//2228 1548//2228
f 1579//2229 1578//2229 1548//2229
f 1612//2230 1578//2230 1579//2230
f 1613//2231 1612//2231 1579//2231
f 1636//2232 1612//2232 1613//2232
f 1637//2233 1636//2233 1613//2233
f 1655//2234 1636//2234 1637//2234
f 1656//2235 1655//2235 1637//2235
f 1678//2236 1655//2236 1656//2236
f 1679//2237 1678//2237 1656//2237
f 1702//2238 1678//2238 1679//2238
f 1703//2239 1702//2239 1679//2239
f 1718//2240 1702//2240 1703//2240
f 1719//2241 1718//2241 1703//2241
f 1746//2242 1718//2242 1719//2242
f 1747//2243 1746//2243 1719//2243
f 1770//2244 1746//2244 1747//2244
f 1771//2245 1770//2245 1747//2245
f 1788//2246 1770//2246 1771//2246
f 1789//2247 1788//2247 1771//2247
f 1802//2248 1788//2248 1789//2248
f 1803//2249 1802//2249 1789//2249
f 1807//2250 1802//2250 1803//2250
f 1808//2251 1807//2251 1803//2251
f 1804//2252 1807//2252 1808//2252
f 1805//2253 1804//2253 1808//2253
f 1790//2254 1804//2254 1805//2254
f 1791//2255 1790//2255 1805//2255
f 1772//2256 1790//2256 1791//2256
f 1773//2257 1772//2257 1791//2257
f 1748//2258 1772//2258 1773//2258
f 1749//2259 1748//2259 1773//2259
f 1720//2260 1748//2260 1749//2260
f 1721//2261 1720//2261 1749//2261
f 1704//2262 1720//2262 1721//2262
f 1705//2263 1704//2263 1721//2263
f 1680//2264 1704//2264 1705//2264
f 1681//2265 1680//2265 1705//2265
f 1657//2266 1680//2266 1681//2266
f 1658//2267 1657//2267 1681//2267
f 1638//2268 1657//2268 1658//2268
f 1639//2269 1638//2269 1658//2269
f 1614//2270 1638//2270 1639//2270
f 1615//2271 1614//2271 1639//2271
f 1580//2272 1614//2272 1615//2272
f 1581//2273 1580//2273 1615//2273
f 1549//2274 1580//2274 1581//2274
f 1550//2275 1549//2275 1581//2275
f 1474//2276 1454//2276 1455//2276
f 1475//2277 1474//2277 1455//2277
f 1488//2278 1474//2278 1475//2278
f 1489//2279 1488//2279 1475//2279
f 1502//2280 1488//2280 1489//2280
f 1503//2281 1502//2281 1489//2281
f 1522//2282 1502//2282 1503//2282
f 1523//2283 1522//2283 1503//2283
f 1547//2284 1522//2284 1523//2284
f 1548//2285 1547//2285 1523//2285
f 1292//2286 1264//2286 1265//2286
f 1293//2287 1292//2287 1265//2287
f 1318//2288 1292//2288 1293//2288
f 1319//2289 1318//2289 1293//2289
f 1346//2290 1318//2290 1319//2290
f 1347//2291 1346//2291 1319//2291
f 1370//2292 1346//2292 1347//2292
f 1371//2293 1370//2293 1347//2293
f 1392//2294 1370//2294 1371//2294
f 1393//2295 1392//2295 1371//2295
f 1414//2296 1392//2296 1393//2296
f 1415//2297 1414//2297 1393//2297
f 1440//2298 1414//2298 1415//2298
f 1441//2299 1440//2299 1415//2299
f 1454//2300 1440//2300 1441//2300
f 1455//2301 1454//2301 1441//2301
f 1442//2302 1456//2302 1457//2302
f 1443//2303 1442//2303 1457//2303
f 1416//2304 1442//2304 1443//2304
f 1417//2305 1416//2305 1443//2305
f 1394//2306 1416//2306 1417//2306
f 1395//2307 1394//2307 1417//2307
f 1372//2308 1394//2308 1395//2308
f 1373//2309 1372//2309 1395//2309
f 1348//2310 1372//2310 1373//2310
f 1349//2311 1348//2311 1373//2311
f 1320//2312 1348//2312 1349//2312
f 1321//2313 1320//2313 1349//2313
f 1294//2314 1320//2314 1321//2314
f 1295//2315 1294//2315 1321//2315
f 1266//2316 1294//2316 1295//2316
f 1267//2317 1266//2317 1295//2317
f 427//2318 477//2318 476//2318
f 426//2319 427//2319 476//2319
f 376//2320 427//2320 426//2320
f 375//2321 376//2321 426//2321
f 340//2322 376//2322 375//2322
f 339//2323 340//2323 375//2323
f 304//2324 340//2324 339//2324
f 303//2325 304//2325 339//2325
f 264//2326 304//2326 303//2326
f 263//2327 264//2327 303//2327
f 226//2328 264//2328 263//2328
f 225//2329 226//2329 263//2329
f 175//2330 226//2330 225//2330
f 174//2331 175//2331 225//2331
f 120//2332 175//2332 174//2332
f 119//2333 120//2333 174//2333
f 108//2334 120//2334 119//2334
f 107//2335 108//2335 119//2335
f 96//2336 108//2336 107//2336
f 95//2337 96//2337 107//2337
f 84//2338 96//2338 95//2338
f 83//2339 84//2339 95//2339
f 72//2340 84//2340 83//2340
f 71//2341 72//2341 83//2341
f 65//2342 72//2342 71//2342
f 64//2343 65//2343 71//2343
f 56//2344 65//2344 64//2344
f 55//2345 56//2345 64//2345
f 50//2346 56//2346 55//2346
f 49//2347 50//2347 55//2347
f 52//2348 50//2348 49//2348
f 51//2349 52//2349 49//2349
f 58//2350 52//2350 51//2350
f 57//2351 58//2351 51//2351
f 67//2352 58//2352 57//2352
f 66//2353 67//2353 57//2353
f 74//2354 67//2354 66//2354
f 73//2355 74//2355 66//2355
f 86//2356 74//2356 73//2356
f 85//2357 86//2357 73//2357
f 98//2358 86//2358 85//2358
f 97//2359 98//2359 85//2359
f 110//2360 98//2360 97//2360
f 109//2361 110//2361 97//2361
f 122//2362 110//2362 109//2362
f 121//2363 122//2363 109//2363
f 177//2364 122//2364 121//2364
f 176//2365 177//2365 121//2365
f 228//2366 177//2366 176//2366
f 227//2367 228//2367 176//2367
f 266//2368 228//2368 227//2368
f 265//2369 266//2369 227//2369
f 306//2370 266//2370 265//2370
f 305//2371 306//2371 265//2371
f 342//2372 306//2372 305//2372
f 341//2373 342//2373 305//2373
f 378//2374 342//2374 341//2374
f 377//2375 378//2375 341//2375
f 429//2376 378//2376 377//2376
f 428//2377 429//2377 377//2377
f 499//2378 429//2378 428//2378
f 498//2379 499//2379 428//2379
f 559//2380 558//2380 556//2380
f 557//2381 559//2381 556//2381
f 759//2382 756//2382 752//2382
f 757//2383 759//2383 752//2383
f 754//2384 759//2384 757//2384
f 751//2385 754//2385 757//2385
f 744//2386 754//2386 751//2386
f 739//2387 744//2387 751//2387
f 728//2388 744//2388 739//2388
f 725//2389 728//2389 739//2389
f 705//2390 728//2390 725//2390
f 702//2391 705//2391 725//2391
f 687//2392 705//2392 702//2392
f 684//2393 687//2393 702//2393
f 671//2394 687//2394 684//2394
f 668//2395 671//2395 684//2395
f 653//2396 671//2396 668//2396
f 650//2397 653//2397 668//2397
f 637//2398 653//2398 650//2398
f 634//2399 637//2399 650//2399
f 621//2400 637//2400 634//2400
f 618//2401 621//2401 634//2401
f 605//2402 621//2402 618//2402
f 602//2403 605//2403 618//2403
f 575//2404 605//2404 602//2404
f 572//2405 575//2405 602//2405
f 533//2406 575//2406 572//2406
f 530//2407 533//2407 572//2407
f 480//2408 533//2408 530//2408
f 481//2409 480//2409 530//2409
f 436//2410 480//2410 481//2410
f 439//2411 436//2411 481//2411
f 388//2412 436//2412 439//2412
f 391//2413 388//2413 439//2413
f 346//2414 388//2414 391//2414
f 349//2415 346//2415 391//2415
f 316//2416 346//2416 349//2416
f 319//2417 316//2417 349//2417
f 294//2418 316//2418 319//2418
f 297//2419 294//2419 319//2419
f 270//2420 294//2420 297//2420
f 273//2421 270//2421 297//2421
f 238//2422 270//2422 273//2422
f 241//2423 238//2423 273//2423
f 218//2424 238//2424 241//2424
f 221//2425 218//2425 241//2425
f 190//2426 218//2426 221//2426
f 193//2427 190//2427 221//2427
f 163//2428 190//2428 193//2428
f 166//2429 163//2429 193//2429
f 143//2430 163//2430 166//2430
f 148//2431 143//2431 166//2431
f 131//2432 143//2432 148//2432
f 134//2433 131//2433 148//2433
f 126//2434 131//2434 134//2434
f 127//2435 126//2435 134//2435
f 133//2436 126//2436 127//2436
f 135//2437 133//2437 127//2437
f 145//2438 133//2438 135//2438
f 149//2439 145//2439 135//2439
f 165//2440 145//2440 149//2440
f 167//2441 165//2441 149//2441
f 192//2442 165//2442 167//2442
f 194//2443 192//2443 167//2443
f 220//2444 192//2444 194//2444
f 222//2445 220//2445 194//2445
f 240//2446 220//2446 222//2446
f 242//2447 240//2447 222//2447
f 272//2448 240//2448 242//2448
f 274//2449 272//2449 242//2449
f 296//2450 272//2450 274//2450
f 298//2451 296//2451 274//2451
f 318//2452 296//2452 298//2452
f 320//2453 318//2453 298//2453
f 348//2454 318//2454 320//2454
f 350//2455 348//2455 320//2455
f 390//2456 348//2456 350//2456
f 392//2457 390//2457 350//2457
f 438//2458 390//2458 392//2458
f 440//2459 438//2459 392//2459
f 497//2460 438//2460 440//2460
f 494//2461 497//2461 440//2461
f 535//2462 497//2462 494//2462
f 531//2463 535//2463 494//2463
f 577//2464 535//2464 531//2464
f 573//2465 577//2465 531//2465
f 607//2466 577//2466 573//2466
f 603//2467 607//2467 573//2467
f 623//2468 607//2468 603//2468
f 619//2469 623//2469 603//2469
f 639//2470 623//2470 619//2470
f 635//2471 639//2471 619//2471
f 655//2472 639//2472 635//2472
f 651//2473 655//2473 635//2473
f 673//2474 655//2474 651//2474
f 669//2475 673//2475 651//2475
f 689//2476 673//2476 669//2476
f 685//2477 689//2477 669//2477
f 707//2478 689//2478 685//2478
f 703//2479 707//2479 685//2479
f 730//2480 707//2480 703//2480
f 726//2481 730//2481 703//2481
f 746//2482 730//2482 726//2482
f 740//2483 746//2483 726//2483
f 756//2484 746//2484 740//2484
f 752//2485 756//2485 740//2485
f 718//2486 712//2486 723//2486
f 731//2487 718//2487 723//2487
f 724//2488 718//2488 731//2488
f 736//2489 724//2489 731//2489
f 735//2490 724//2490 736//2490
f 747//2491 735//2491 736//2491
f 742//2492 735//2492 747//2492
f 750//2493 742//2493 747//2493
f 749//2494 742//2494 750//2494
f 757//2495 749//2495 750//2495
f 752//2496 749//2496 757//2496
f 714//2497 723//2497 712//2497
f 708//2498 714//2498 712//2498
f 700//2499 714//2499 708//2499
f 694//2500 700//2500 708//2500
f 690//2501 700//2501 694//2501
f 680//2502 690//2502 694//2502
f 674//2503 690//2503 680//2503
f 666//2504 674//2504 680//2504
f 658//2505 674//2505 666//2505
f 656//2506 658//2506 666//2506
f 642//2507 658//2507 656//2507
f 640//2508 642//2508 656//2508
f 626//2509 642//2509 640//2509
f 624//2510 626//2510 640//2510
f 610//2511 626//2511 624//2511
f 608//2512 610//2512 624//2512
f 594//2513 610//2513 608//2513
f 582//2514 594//2514 608//2514
f 564//2515 594//2515 582//2515
f 550//2516 564//2516 582//2516
f 518//2517 564//2517 550//2517
f 508//2518 518//2518 550//2518
f 485//2519 518//2519 508//2519
f 461//2520 485//2520 508//2520
f 455//2521 485//2521 461//2521
f 409//2522 455//2522 461//2522
f 403//2523 455//2523 409//2523
f 379//2524 403//2524 409//2524
f 357//2525 403//2525 379//2525
f 343//2526 357//2526 379//2526
f 334//2527 357//2527 343//2527
f 313//2528 334//2528 343//2528
f 311//2529 334//2529 313//2529
f 288//2530 311//2530 313//2530
f 281//2531 311//2531 288//2531
f 267//2532 281//2532 288//2532
f 259//2533 281//2533 267//2533
f 245//2534 259//2534 267//2534
f 235//2535 259//2535 245//2535
f 229//2536 235//2536 245//2536
f 213//2537 235//2537 229//2537
f 206//2538 213//2538 229//2538
f 197//2539 213//2539 206//2539
f 187//2540 197//2540 206//2540
f 181//2541 197//2541 187//2541
f 183//2542 181//2542 187//2542
f 168//2543 181//2543 183//2543
f 178//2544 168//2544 183//2544
f 161//2545 168//2545 178//2545
f 169//2546 161//2546 178//2546
f 156//2547 161//2547 169//2547
f 171//2548 156//2548 169//2548
f 158//2549 156//2549 171//2549
f 180//2550 158//2550 171//2550
f 173//2551 158//2551 180//2551
f 200//2552 173//2552 180//2552
f 194//2553 173//2553 200//2553
f 222//2554 194//2554 200//2554
f 169//2555 178//2555 184//2555
f 182//2556 169//2556 184//2556
f 171//2557 169//2557 182//2557
f 186//2558 171//2558 182//2558
f 180//2559 171//2559 186//2559
f 204//2560 180//2560 186//2560
f 200//2561 180//2561 204//2561
f 224//2562 200//2562 204//2562
f 222//2563 200//2563 224//2563
f 242//2564 222//2564 224//2564
f 182//2565 184//2565 188//2565
f 198//2566 182//2566 188//2566
f 186//2567 182//2567 198//2567
f 209//2568 186//2568 198//2568
f 204//2569 186//2569 209//2569
f 232//2570 204//2570 209//2570
f 224//2571 204//2571 232//2571
f 248//2572 224//2572 232//2572
f 242//2573 224//2573 248//2573
f 274//2574 242//2574 248//2574
f 198//2575 188//2575 207//2575
f 214//2576 198//2576 207//2576
f 209//2577 198//2577 214//2577
f 234//2578 209//2578 214//2578
f 232//2579 209//2579 234//2579
f 252//2580 232//2580 234//2580
f 248//2581 232//2581 252//2581
f 276//2582 248//2582 252//2582
f 274//2583 248//2583 276//2583
f 298//2584 274//2584 276//2584
f 214//2585 207//2585 230//2585
f 236//2586 214//2586 230//2586
f 234//2587 214//2587 236//2587
f 255//2588 234//2588 236//2588
f 252//2589 234//2589 255//2589
f 278//2590 252//2590 255//2590
f 276//2591 252//2591 278//2591
f 302//2592 276//2592 278//2592
f 298//2593 276//2593 302//2593
f 320//2594 298//2594 302//2594
f 236//2595 230//2595 246//2595
f 260//2596 236//2596 246//2596
f 255//2597 236//2597 260//2597
f 280//2598 255//2598 260//2598
f 278//2599 255//2599 280//2599
f 308//2600 278//2600 280//2600
f 302//2601 278//2601 308//2601
f 322//2602 302//2602 308//2602
f 320//2603 302//2603 322//2603
f 350//2604 320//2604 322//2604
f 260//2605 246//2605 268//2605
f 282//2606 260//2606 268//2606
f 280//2607 260//2607 282//2607
f 310//2608 280//2608 282//2608
f 308//2609 280//2609 310//2609
f 326//2610 308//2610 310//2610
f 322//2611 308//2611 326//2611
f 352//2612 322//2612 326//2612
f 350//2613 322//2613 352//2613
f 392//2614 350//2614 352//2614
f 282//2615 268//2615 289//2615
f 312//2616 282//2616 289//2616
f 310//2617 282//2617 312//2617
f 331//2618 310//2618 312//2618
f 326//2619 310//2619 331//2619
f 354//2620 326//2620 331//2620
f 352//2621 326//2621 354//2621
f 394//2622 352//2622 354//2622
f 392//2623 352//2623 394//2623
f 440//2624 392//2624 394//2624
f 312//2625 289//2625 314//2625
f 335//2626 312//2626 314//2626
f 331//2627 312//2627 335//2627
f 356//2628 331//2628 335//2628
f 354//2629 331//2629 356//2629
f 396//2630 354//2630 356//2630
f 394//2631 354//2631 396//2631
f 442//2632 394//2632 396//2632
f 440//2633 394//2633 442//2633
f 494//2634 440//2634 442//2634
f 335//2635 314//2635 344//2635
f 358//2636 335//2636 344//2636
f 356//2637 335//2637 358//2637
f 398//2638 356//2638 358//2638
f 396//2639 356//2639 398//2639
f 448//2640 396//2640 398//2640
f 442//2641 396//2641 448//2641
f 493//2642 442//2642 448//2642
f 494//2643 442//2643 493//2643
f 531//2644 494//2644 493//2644
f 358//2645 344//2645 380//2645
f 404//2646 358//2646 380//2646
f 398//2647 358//2647 404//2647
f 454//2648 398//2648 404//2648
f 448//2649 398//2649 454//2649
f 492//2650 448//2650 454//2650
f 493//2651 448//2651 492//2651
f 529//2652 493//2652 492//2652
f 531//2653 493//2653 529//2653
f 573//2654 531//2654 529//2654
f 404//2655 380//2655 410//2655
f 456//2656 404//2656 410//2656
f 454//2657 404//2657 456//2657
f 491//2658 454//2658 456//2658
f 492//2659 454//2659 491//2659
f 523//2660 492//2660 491//2660
f 529//2661 492//2661 523//2661
f 571//2662 529//2662 523//2662
f 573//2663 529//2663 571//2663
f 603//2664 573//2664 571//2664
f 456//2665 410//2665 462//2665
f 490//2666 456//2666 462//2666
f 491//2667 456//2667 490//2667
f 521//2668 491//2668 490//2668
f 523//2669 491//2669 521//2669
f 569//2670 523//2670 521//2670
f 571//2671 523//2671 569//2671
f 601//2672 571//2672 569//2672
f 603//2673 571//2673 601//2673
f 619//2674 603//2674 601//2674
f 490//2675 462//2675 509//2675
f 519//2676 490//2676 509//2676
f 521//2677 490//2677 519//2677
f 567//2678 521//2678 519//2678
f 569//2679 521//2679 567//2679
f 599//2680 569//2680 567//2680
f 601//2681 569//2681 599//2681
f 617//2682 601//2682 599//2682
f 619//2683 601//2683 617//2683
f 635//2684 619//2684 617//2684
f 519//2685 509//2685 551//2685
f 565//2686 519//2686 551//2686
f 567//2687 519//2687 565//2687
f 597//2688 567//2688 565//2688
f 599//2689 567//2689 597//2689
f 615//2690 599//2690 597//2690
f 617//2691 599//2691 615//2691
f 633//2692 617//2692 615//2692
f 635//2693 617//2693 633//2693
f 651//2694 635//2694 633//2694
f 565//2695 551//2695 583//2695
f 595//2696 565//2696 583//2696
f 597//2697 565//2697 595//2697
f 613//2698 597//2698 595//2698
f 615//2699 597//2699 613//2699
f 631//2700 615//2700 613//2700
f 633//2701 615//2701 631//2701
f 649//2702 633//2702 631//2702
f 651//2703 633//2703 649//2703
f 669//2704 651//2704 649//2704
f 595//2705 583//2705 609//2705
f 611//2706 595//2706 609//2706
f 613//2707 595//2707 611//2707
f 629//2708 613//2708 611//2708
f 631//2709 613//2709 629//2709
f 647//2710 631//2710 629//2710
f 649//2711 631//2711 647//2711
f 665//2712 649//2712 647//2712
f 669//2713 649//2713 665//2713
f 685//2714 669//2714 665//2714
f 611//2715 609//2715 625//2715
f 627//2716 611//2716 625//2716
f 629//2717 611//2717 627//2717
f 645//2718 629//2718 627//2718
f 647//2719 629//2719 645//2719
f 663//2720 647//2720 645//2720
f 665//2721 647//2721 663//2721
f 683//2722 665//2722 663//2722
f 685//2723 665//2723 683//2723
f 703//2724 685//2724 683//2724
f 627//2725 625//2725 641//2725
f 643//2726 627//2726 641//2726
f 645//2727 627//2727 643//2727
f 661//2728 645//2728 643//2728
f 663//2729 645//2729 661//2729
f 679//2730 663//2730 661//2730
f 683//2731 663//2731 679//2731
f 699//2732 683//2732 679//2732
f 703//2733 683//2733 699//2733
f 726//2734 703//2734 699//2734
f 643//2735 641//2735 657//2735
f 659//2736 643//2736 657//2736
f 661//2737 643//2737 659//2737
f 677//2738 661//2738 659//2738
f 679//2739 661//2739 677//2739
f 697//2740 679//2740 677//2740
f 699//2741 679//2741 697//2741
f 720//2742 699//2742 697//2742
f 726//2743 699//2743 720//2743
f 740//2744 726//2744 720//2744
f 659//2745 657//2745 667//2745
f 675//2746 659//2746 667//2746
f 677//2747 659//2747 675//2747
f 693//2748 677//2748 675//2748
f 697//2749 677//2749 693//2749
f 717//2750 697//2750 693//2750
f 720//2751 697//2751 717//2751
f 738//2752 720//2752 717//2752
f 740//2753 720//2753 738//2753
f 752//2754 740//2754 738//2754
f 675//2755 667//2755 681//2755
f 691//2756 675//2756 681//2756
f 693//2757 675//2757 691//2757
f 711//2758 693//2758 691//2758
f 717//2759 693//2759 711//2759
f 733//2760 717//2760 711//2760
f 738//2761 717//2761 733//2761
f 749//2762 738//2762 733//2762
f 752//2763 738//2763 749//2763
f 691//2764 681//2764 695//2764
f 701//2765 691//2765 695//2765
f 711//2766 691//2766 701//2766
f 722//2767 711//2767 701//2767
f 733//2768 711//2768 722//2768
f 742//2769 733//2769 722//2769
f 749//2770 733//2770 742//2770
f 701//2771 695//2771 709//2771
f 715//2772 701//2772 709//2772
f 722//2773 701//2773 715//2773
f 735//2774 722//2774 715//2774
f 742//2775 722//2775 735//2775
f 715//2776 709//2776 713//2776
f 724//2777 715//2777 713//2777
f 735//2778 715//2778 724//2778
f 724//2779 713//2779 718//2779
f 135//2780 127//2780 136//2780
f 138//2781 135//2781 136//2781
f 149//2782 135//2782 138//2782
f 151//2783 149//2783 138//2783
f 167//2784 149//2784 151//2784
f 173//2785 167//2785 151//2785
f 194//2786 167//2786 173//2786
f 138//2787 136//2787 140//2787
f 147//2788 138//2788 140//2788
f 151//2789 138//2789 147//2789
f 158//2790 151//2790 147//2790
f 173//2791 151//2791 158//2791
f 137//2792 136//2792 127//2792
f 134//2793 137//2793 127//2793
f 150//2794 137//2794 134//2794
f 148//2795 150//2795 134//2795
f 172//2796 150//2796 148//2796
f 166//2797 172//2797 148//2797
f 199//2798 172//2798 166//2798
f 193//2799 199//2799 166//2799
f 223//2800 199//2800 193//2800
f 221//2801 223//2801 193//2801
f 247//2802 223//2802 221//2802
f 241//2803 247//2803 221//2803
f 275//2804 247//2804 241//2804
f 273//2805 275//2805 241//2805
f 301//2806 275//2806 273//2806
f 297//2807 301//2807 273//2807
f 321//2808 301//2808 297//2808
f 319//2809 321//2809 297//2809
f 351//2810 321//2810 319//2810
f 349//2811 351//2811 319//2811
f 393//2812 351//2812 349//2812
f 391//2813 393//2813 349//2813
f 441//2814 393//2814 391//2814
f 439//2815 441//2815 391//2815
f 482//2816 441//2816 439//2816
f 481//2817 482//2817 439//2817
f 528//2818 482//2818 481//2818
f 530//2819 528//2819 481//2819
f 570//2820 528//2820 530//2820
f 572//2821 570//2821 530//2821
f 600//2822 570//2822 572//2822
f 602//2823 600//2823 572//2823
f 616//2824 600//2824 602//2824
f 618//2825 616//2825 602//2825
f 632//2826 616//2826 618//2826
f 634//2827 632//2827 618//2827
f 648//2828 632//2828 634//2828
f 650//2829 648//2829 634//2829
f 664//2830 648//2830 650//2830
f 668//2831 664//2831 650//2831
f 682//2832 664//2832 668//2832
f 684//2833 682//2833 668//2833
f 698//2834 682//2834 684//2834
f 702//2835 698//2835 684//2835
f 719//2836 698//2836 702//2836
f 725//2837 719//2837 702//2837
f 737//2838 719//2838 725//2838
f 739//2839 737//2839 725//2839
f 748//2840 737//2840 739//2840
f 751//2841 748//2841 739//2841
f 750//2842 748//2842 751//2842
f 757//2843 750//2843 751//2843
f 147//2844 140//2844 152//2844
f 156//2845 147//2845 152//2845
f 158//2846 147//2846 156//2846
f 146//2847 140//2847 136//2847
f 137//2848 146//2848 136//2848
f 157//2849 146//2849 137//2849
f 150//2850 157//2850 137//2850
f 179//2851 157//2851 150//2851
f 172//2852 179//2852 150//2852
f 203//2853 179//2853 172//2853
f 199//2854 203//2854 172//2854
f 231//2855 203//2855 199//2855
f 223//2856 231//2856 199//2856
f 251//2857 231//2857 223//2857
f 247//2858 251//2858 223//2858
f 277//2859 251//2859 247//2859
f 275//2860 277//2860 247//2860
f 307//2861 277//2861 275//2861
f 301//2862 307//2862 275//2862
f 325//2863 307//2863 301//2863
f 321//2864 325//2864 301//2864
f 353//2865 325//2865 321//2865
f 351//2866 353//2866 321//2866
f 395//2867 353//2867 351//2867
f 393//2868 395//2868 351//2868
f 447//2869 395//2869 393//2869
f 441//2870 447//2870 393//2870
f 483//2871 447//2871 441//2871
f 482//2872 483//2872 441//2872
f 522//2873 483//2873 482//2873
f 528//2874 522//2874 482//2874
f 568//2875 522//2875 528//2875
f 570//2876 568//2876 528//2876
f 598//2877 568//2877 570//2877
f 600//2878 598//2878 570//2878
f 614//2879 598//2879 600//2879
f 616//2880 614//2880 600//2880
f 630//2881 614//2881 616//2881
f 632//2882 630//2882 616//2882
f 646//2883 630//2883 632//2883
f 648//2884 646//2884 632//2884
f 662//2885 646//2885 648//2885
f 664//2886 662//2886 648//2886
f 678//2887 662//2887 664//2887
f 682//2888 678//2888 664//2888
f 696//2889 678//2889 682//2889
f 698//2890 696//2890 682//2890
f 716//2891 696//2891 698//2891
f 719//2892 716//2892 698//2892
f 732//2893 716//2893 719//2893
f 737//2894 732//2894 719//2894
f 741//2895 732//2895 737//2895
f 748//2896 741//2896 737//2896
f 747//2897 741//2897 748//2897
f 750//2898 747//2898 748//2898
f 152//2899 168//2899 161//2899
f 156//2900 152//2900 161//2900
f 155//2901 152//2901 140//2901
f 146//2902 155//2902 140//2902
f 170//2903 155//2903 146//2903
f 157//2904 170//2904 146//2904
f 185//2905 170//2905 157//2905
f 179//2906 185//2906 157//2906
f 208//2907 185//2907 179//2907
f 203//2908 208//2908 179//2908
f 233//2909 208//2909 203//2909
f 231//2910 233//2910 203//2910
f 254//2911 233//2911 231//2911
f 251//2912 254//2912 231//2912
f 279//2913 254//2913 251//2913
f 277//2914 279//2914 251//2914
f 309//2915 279//2915 277//2915
f 307//2916 309//2916 277//2916
f 330//2917 309//2917 307//2917
f 325//2918 330//2918 307//2918
f 355//2919 330//2919 325//2919
f 353//2920 355//2920 325//2920
f 397//2921 355//2921 353//2921
f 395//2922 397//2922 353//2922
f 453//2923 397//2923 395//2923
f 447//2924 453//2924 395//2924
f 484//2925 453//2925 447//2925
f 483//2926 484//2926 447//2926
f 520//2927 484//2927 483//2927
f 522//2928 520//2928 483//2928
f 566//2929 520//2929 522//2929
f 568//2930 566//2930 522//2930
f 596//2931 566//2931 568//2931
f 598//2932 596//2932 568//2932
f 612//2933 596//2933 598//2933
f 614//2934 612//2934 598//2934
f 628//2935 612//2935 614//2935
f 630//2936 628//2936 614//2936
f 644//2937 628//2937 630//2937
f 646//2938 644//2938 630//2938
f 660//2939 644//2939 646//2939
f 662//2940 660//2940 646//2940
f 676//2941 660//2941 662//2941
f 678//2942 676//2942 662//2942
f 692//2943 676//2943 678//2943
f 696//2944 692//2944 678//2944
f 710//2945 692//2945 696//2945
f 716//2946 710//2946 696//2946
f 721//2947 710//2947 716//2947
f 732//2948 721//2948 716//2948
f 734//2949 721//2949 732//2949
f 741//2950 734//2950 732//2950
f 736//2951 734//2951 741//2951
f 747//2952 736//2952 741//2952
f 731//2953 734//2953 736//2953
f 723//2954 734//2954 731//2954
f 155//2955 181//2955 168//2955
f 152//2956 155//2956 168//2956
f 170//2957 181//2957 155//2957
f 170//2958 197//2958 181//2958
f 185//2959 197//2959 170//2959
f 185//2960 213//2960 197//2960
f 208//2961 213//2961 185//2961
f 208//2962 235//2962 213//2962
f 233//2963 235//2963 208//2963
f 233//2964 259//2964 235//2964
f 254//2965 259//2965 233//2965
f 254//2966 281//2966 259//2966
f 279//2967 281//2967 254//2967
f 279//2968 311//2968 281//2968
f 309//2969 311//2969 279//2969
f 309//2970 334//2970 311//2970
f 330//2971 334//2971 309//2971
f 330//2972 357//2972 334//2972
f 355//2973 357//2973 330//2973
f 355//2974 403//2974 357//2974
f 397//2975 403//2975 355//2975
f 397//2976 455//2976 403//2976
f 453//2977 455//2977 397//2977
f 453//2978 485//2978 455//2978
f 484//2979 485//2979 453//2979
f 484//2980 518//2980 485//2980
f 520//2981 518//2981 484//2981
f 520//2982 564//2982 518//2982
f 566//2983 564//2983 520//2983
f 566//2984 594//2984 564//2984
f 596//2985 594//2985 566//2985
f 596//2986 610//2986 594//2986
f 612//2987 610//2987 596//2987
f 612//2988 626//2988 610//2988
f 628//2989 626//2989 612//2989
f 628//2990 642//2990 626//2990
f 644//2991 642//2991 628//2991
f 644//2992 658//2992 642//2992
f 660//2993 658//2993 644//2993
f 660//2994 674//2994 658//2994
f 676//2995 674//2995 660//2995
f 676//2996 690//2996 674//2996
f 692//2997 690//2997 676//2997
f 692//2998 700//2998 690//2998
f 710//2999 700//2999 692//2999
f 710//3000 714//3000 700//3000
f 721//3001 714//3001 710//3001
f 721//3002 723//3002 714//3002
f 734//3003 723//3003 721//3003
f 592//3004 589//3004 712//3004
f 718//3005 592//3005 712//3005
f 713//3006 592//3006 718//3006
f 589//3007 585//3007 694//3007
f 708//3008 589//3008 694//3008
f 712//3009 589//3009 708//3009
f 680//3010 694//3010 585//3010
f 579//3011 680//3011 585//3011
f 666//3012 680//3012 579//3012
f 656//3013 666//3013 579//3013
f 553//3014 656//3014 579//3014
f 640//3015 656//3015 553//3015
f 624//3016 640//3016 553//3016
f 541//3017 624//3017 553//3017
f 608//3018 624//3018 541//3018
f 515//3019 608//3019 541//3019
f 582//3020 608//3020 515//3020
f 550//3021 582//3021 515//3021
f 501//3022 550//3022 515//3022
f 508//3023 550//3023 501//3023
f 461//3024 508//3024 501//3024
f 464//3025 461//3025 501//3025
f 409//3026 461//3026 464//3026
f 379//3027 409//3027 464//3027
f 450//3028 379//3028 464//3028
f 343//3029 379//3029 450//3029
f 406//3030 343//3030 450//3030
f 313//3031 343//3031 406//3031
f 288//3032 313//3032 406//3032
f 400//3033 288//3033 406//3033
f 267//3034 288//3034 400//3034
f 245//3035 267//3035 400//3035
f 384//3036 245//3036 400//3036
f 229//3037 245//3037 384//3037
f 206//3038 229//3038 384//3038
f 367//3039 206//3039 384//3039
f 187//3040 206//3040 367//3040
f 360//3041 187//3041 367//3041
f 183//3042 187//3042 360//3042
f 178//3043 183//3043 360//3043
f 362//3044 178//3044 360//3044
f 184//3045 178//3045 362//3045
f 188//3046 184//3046 362//3046
f 369//3047 188//3047 362//3047
f 207//3048 188//3048 369//3048
f 386//3049 207//3049 369//3049
f 230//3050 207//3050 386//3050
f 246//3051 230//3051 386//3051
f 402//3052 246//3052 386//3052
f 268//3053 246//3053 402//3053
f 289//3054 268//3054 402//3054
f 408//3055 289//3055 402//3055
f 314//3056 289//3056 408//3056
f 344//3057 314//3057 408//3057
f 452//3058 344//3058 408//3058
f 380//3059 344//3059 452//3059
f 466//3060 380//3060 452//3060
f 410//3061 380//3061 466//3061
f 462//3062 410//3062 466//3062
f 503//3063 462//3063 466//3063
f 509//3064 462//3064 503//3064
f 551//3065 509//3065 503//3065
f 517//3066 551//3066 503//3066
f 583//3067 551//3067 517//3067
f 609//3068 583//3068 517//3068
f 543//3069 609//3069 517//3069
f 625//3070 609//3070 543//3070
f 555//3071 625//3071 543//3071
f 641//3072 625//3072 555//3072
f 657//3073 641//3073 555//3073
f 581//3074 657//3074 555//3074
f 667//3075 657//3075 581//3075
f 681//3076 667//3076 581//3076
f 587//3077 681//3077 581//3077
f 695//3078 681//3078 587//3078
f 591//3079 695//3079 587//3079
f 709//3080 695//3080 591//3080
f 713//3081 709//3081 591//3081
f 592//3082 713//3082 591//3082
f 499//3083 498//3083 558//3083
f 559//3084 499//3084 558//3084
f 561//3085 560//3085 476//3085
f 477//3086 561//3086 476//3086
f 431//3087 1136//3087 1132//3087
f 1126//3088 431//3088 1132//3088
f 1120//3089 431//3089 1126//3089
f 431//3090 1120//3090 1110//3090
f 1100//3091 431//3091 1110//3091
f 432//3092 431//3092 1100//3092
f 1096//3093 432//3093 1100//3093
f 473//3094 1097//3094 1101//3094
f 475//3095 473//3095 1101//3095
f 1111//3096 475//3096 1101//3096
f 1121//3097 475//3097 1111//3097
f 475//3098 1121//3098 1127//3098
f 1133//3099 475//3099 1127//3099
f 1138//3100 475//3100 1133//3100
f 371//3101 431//3101 432//3101
f 374//3102 371//3102 432//3102
f 329//3103 371//3103 374//3103
f 336//3104 329//3104 374//3104
f 286//3105 329//3105 336//3105
f 290//3106 286//3106 336//3106
f 250//3107 286//3107 290//3107
f 256//3108 250//3108 290//3108
f 202//3109 250//3109 256//3109
f 210//3110 202//3110 256//3110
f 129//3111 202//3111 210//3111
f 141//3112 129//3112 210//3112
f 112//3113 129//3113 141//3113
f 114//3114 112//3114 141//3114
f 94//3115 112//3115 114//3115
f 100//3116 94//3116 114//3116
f 76//3117 94//3117 100//3117
f 82//3118 76//3118 100//3118
f 54//3119 76//3119 82//3119
f 68//3120 54//3120 82//3120
f 36//3121 54//3121 68//3121
f 42//3122 36//3122 68//3122
f 22//3123 36//3123 42//3123
f 30//3124 22//3124 42//3124
f 14//3125 22//3125 30//3125
f 24//3126 14//3126 30//3126
f 10//3127 14//3127 24//3127
f 18//3128 10//3128 24//3128
f 6//3129 10//3129 18//3129
f 16//3130 6//3130 18//3130
f 2//3131 6//3131 16//3131
f 15//3132 2//3132 16//3132
f 4//3133 2//3133 15//3133
f 17//3134 4//3134 15//3134
f 8//3135 4//3135 17//3135
f 23//3136 8//3136 17//3136
f 12//3137 8//3137 23//3137
f 27//3138 12//3138 23//3138
f 20//3139 12//3139 27//3139
f 41//3140 20//3140 27//3140
f 29//3141 20//3141 41//3141
f 63//3142 29//3142 41//3142
f 48//3143 29//3143 63//3143
f 81//3144 48//3144 63//3144
f 70//3145 48//3145 81//3145
f 99//3146 70//3146 81//3146
f 92//3147 70//3147 99//3147
f 113//3148 92//3148 99//3148
f 106//3149 92//3149 113//3149
f 139//3150 106//3150 113//3150
f 124//3151 106//3151 139//3151
f 205//3152 124//3152 139//3152
f 196//3153 124//3153 205//3153
f 253//3154 196//3154 205//3154
f 244//3155 196//3155 253//3155
f 287//3156 244//3156 253//3156
f 284//3157 244//3157 287//3157
f 327//3158 284//3158 287//3158
f 324//3159 284//3159 327//3159
f 365//3160 324//3160 327//3160
f 364//3161 324//3161 365//3161
f 419//3162 364//3162 365//3162
f 418//3163 364//3163 419//3163
f 473//3164 418//3164 419//3164
f 475//3165 418//3165 473//3165
f 1136//3166 430//3166 1178//3166
f 1179//3167 1136//3167 1178//3167
f 1137//3168 1136//3168 1179//3168
f 1554//3169 1137//3169 1179//3169
f 1553//3170 1554//3170 1179//3170
f 430//3171 1136//3171 431//3171
f 370//3172 430//3172 431//3172
f 371//3173 370//3173 431//3173
f 328//3174 370//3174 371//3174
f 329//3175 328//3175 371//3175
f 285//3176 328//3176 329//3176
f 286//3177 285//3177 329//3177
f 249//3178 285//3178 286//3178
f 250//3179 249//3179 286//3179
f 201//3180 249//3180 250//3180
f 202//3181 201//3181 250//3181
f 128//3182 201//3182 202//3182
f 129//3183 128//3183 202//3183
f 111//3184 128//3184 129//3184
f 112//3185 111//3185 129//3185
f 93//3186 111//3186 112//3186
f 94//3187 93//3187 112//3187
f 75//3188 93//3188 94//3188
f 76//3189 75//3189 94//3189
f 53//3190 75//3190 76//3190
f 54//3191 53//3191 76//3191
f 35//3192 53//3192 54//3192
f 36//3193 35//3193 54//3193
f 21//3194 35//3194 36//3194
f 22//3195 21//3195 36//3195
f 13//3196 21//3196 22//3196
f 14//3197 13//3197 22//3197
f 9//3198 13//3198 14//3198
f 10//3199 9//3199 14//3199
f 5//3200 9//3200 10//3200
f 6//3201 5//3201 10//3201
f 1//3202 5//3202 6//3202
f 2//3203 1//3203 6//3203
f 3//3204 1//3204 2//3204
f 4//3205 3//3205 2//3205
f 7//3206 3//3206 4//3206
f 8//3207 7//3207 4//3207
f 11//3208 7//3208 8//3208
f 12//3209 11//3209 8//3209
f 19//3210 11//3210 12//3210
f 20//3211 19//3211 12//3211
f 28//3212 19//3212 20//3212
f 29//3213 28//3213 20//3213
f 47//3214 28//3214 29//3214
f 48//3215 47//3215 29//3215
f 69//3216 47//3216 48//3216
f 70//3217 69//3217 48//3217
f 91//3218 69//3218 70//3218
f 92//3219 91//3219 70//3219
f 105//3220 91//3220 92//3220
f 106//3221 105//3221 92//3221
f 123//3222 105//3222 106//3222
f 124//3223 123//3223 106//3223
f 195//3224 123//3224 124//3224
f 196//3225 195//3225 124//3225
f 243//3226 195//3226 196//3226
f 244//3227 243//3227 196//3227
f 283//3228 243//3228 244//3228
f 284//3229 283//3229 244//3229
f 323//3230 283//3230 284//3230
f 324//3231 323//3231 284//3231
f 363//3232 323//3232 324//3232
f 364//3233 363//3233 324//3233
f 417//3234 363//3234 364//3234
f 418//3235 417//3235 364//3235
f 474//3236 417//3236 418//3236
f 475//3237 474//3237 418//3237
f 1138//3238 1139//3238 1167//3238
f 1166//3239 1138//3239 1167//3239
f 474//3240 1138//3240 1166//3240
f 1167//3241 1139//3241 1473//3241
f 1472//3242 1167//3242 1473//3242
f 1138//3243 474//3243 475//3243
f 1031//3244 1028//3244 1027//3244
f 1033//3245 1031//3245 1027//3245
f 1041//3246 1031//3246 1033//3246
f 1043//3247 1041//3247 1033//3247
f 1054//3248 1041//3248 1043//3248
f 1062//3249 1054//3249 1043//3249
f 1066//3250 1054//3250 1062//3250
f 1074//3251 1066//3251 1062//3251
f 1076//3252 1066//3252 1074//3252
f 1084//3253 1076//3253 1074//3253
f 1090//3254 1076//3254 1084//3254
f 1092//3255 1090//3255 1084//3255
f 1094//3256 1090//3256 1092//3256
f 1096//3257 1094//3257 1092//3257
f 1098//3258 1094//3258 1096//3258
f 1100//3259 1098//3259 1096//3259
f 1102//3260 1098//3260 1100//3260
f 1110//3261 1102//3261 1100//3261
f 1112//3262 1102//3262 1110//3262
f 1120//3263 1112//3263 1110//3263
f 1128//3264 1112//3264 1120//3264
f 1126//3265 1128//3265 1120//3265
f 1132//3266 1128//3266 1126//3266
f 1132//3267 1136//3267 1137//3267
f 1128//3268 1132//3268 1137//3268
f 1112//3269 1160//3269 1158//3269
f 1102//3270 1112//3270 1158//3270
f 1153//3271 1102//3271 1158//3271
f 1148//3272 1102//3272 1153//3272
f 1098//3273 1102//3273 1148//3273
f 1144//3274 1098//3274 1148//3274
f 1142//3275 1098//3275 1144//3275
f 1094//3276 1098//3276 1142//3276
f 1140//3277 1094//3277 1142//3277
f 1134//3278 1094//3278 1140//3278
f 1090//3279 1094//3279 1134//3279
f 1130//3280 1090//3280 1134//3280
f 1124//3281 1090//3281 1130//3281
f 1076//3282 1090//3282 1124//3282
f 1122//3283 1076//3283 1124//3283
f 1118//3284 1076//3284 1122//3284
f 1066//3285 1076//3285 1118//3285
f 1116//3286 1066//3286 1118//3286
f 1114//3287 1066//3287 1116//3287
f 1054//3288 1066//3288 1114//3288
f 1108//3289 1054//3289 1114//3289
f 1106//3290 1054//3290 1108//3290
f 1106//3291 1104//3291 1041//3291
f 1054//3292 1106//3292 1041//3292
f 1029//3293 1027//3293 1028//3293
f 1030//3294 1029//3294 1028//3294
f 1028//3295 1031//3295 1041//3295
f 1104//3296 1028//3296 1041//3296
f 1105//3297 1028//3297 1104//3297
f 1030//3298 1028//3298 1105//3298
f 1042//3299 1030//3299 1105//3299
f 1032//3300 1030//3300 1042//3300
f 1594//3301 1589//3301 1831//3301
f 1832//3302 1594//3302 1831//3302
f 1591//3303 1594//3303 1832//3303
f 1830//3304 1591//3304 1832//3304
f 1586//3305 1591//3305 1830//3305
f 1565//3306 1586//3306 1830//3306
f 1824//3307 1565//3307 1830//3307
f 1561//3308 1565//3308 1824//3308
f 1542//3309 1561//3309 1824//3309
f 1820//3310 1542//3310 1824//3310
f 1513//3311 1542//3311 1820//3311
f 1814//3312 1513//3312 1820//3312
f 1810//3313 1513//3313 1814//3313
f 1831//3314 1589//3314 1584//3314
f 1827//3315 1831//3315 1584//3315
f 1563//3316 1827//3316 1584//3316
f 1823//3317 1827//3317 1563//3317
f 1559//3318 1823//3318 1563//3318
f 1540//3319 1823//3319 1559//3319
f 1819//3320 1823//3320 1540//3320
f 1511//3321 1819//3321 1540//3321
f 1813//3322 1819//3322 1511//3322
f 1809//3323 1813//3323 1511//3323
f 1467//3324 1809//3324 1511//3324
f 1762//3325 1809//3325 1467//3325
f 1727//3326 1762//3326 1467//3326
f 1696//3327 1727//3327 1467//3327
f 1421//3328 1696//3328 1467//3328
f 1664//3329 1696//3329 1421//3329
f 1534//3330 1664//3330 1421//3330
f 1640//3331 1664//3331 1534//3331
f 1616//3332 1640//3332 1534//3332
f 1582//3333 1616//3333 1534//3333
f 1534//3334 1421//3334 1383//3334
f 1160//3335 1534//3335 1383//3335
f 1363//3336 1160//3336 1383//3336
f 1104//3337 1160//3337 1363//3337
f 1351//3338 1104//3338 1363//3338
f 1331//3339 1104//3339 1351//3339
f 1104//3340 1331//3340 1327//3340
f 1325//3341 1104//3341 1327//3341
f 1105//3342 1104//3342 1325//3342
f 1329//3343 1105//3343 1325//3343
f 1333//3344 1105//3344 1329//3344
f 1105//3345 1333//3345 1353//3345
f 1365//3346 1105//3346 1353//3346
f 1161//3347 1105//3347 1365//3347
f 1385//3348 1161//3348 1365//3348
f 1470//3349 1161//3349 1385//3349
f 1423//3350 1470//3350 1385//3350
f 1699//3351 1470//3351 1423//3351
f 1469//3352 1699//3352 1423//3352
f 1729//3353 1699//3353 1469//3353
f 1769//3354 1729//3354 1469//3354
f 1810//3355 1769//3355 1469//3355
f 1513//3356 1810//3356 1469//3356
f 1160//3357 1104//3357 1106//3357
f 1108//3358 1160//3358 1106//3358
f 1114//3359 1160//3359 1108//3359
f 1160//3360 1114//3360 1116//3360
f 1118//3361 1160//3361 1116//3361
f 1122//3362 1160//3362 1118//3362
f 1160//3363 1122//3363 1124//3363
f 1130//3364 1160//3364 1124//3364
f 1134//3365 1160//3365 1130//3365
f 1160//3366 1134//3366 1140//3366
f 1142//3367 1160//3367 1140//3367
f 1144//3368 1160//3368 1142//3368
f 1160//3369 1144//3369 1148//3369
f 1153//3370 1160//3370 1148//3370
f 1158//3371 1160//3371 1153//3371
f 1470//3372 1699//3372 1669//3372
f 1641//3373 1470//3373 1669//3373
f 1617//3374 1470//3374 1641//3374
f 1470//3375 1617//3375 1587//3375
f 1551//3376 1470//3376 1587//3376
f 1161//3377 1159//3377 1154//3377
f 1149//3378 1161//3378 1154//3378
f 1145//3379 1161//3379 1149//3379
f 1161//3380 1145//3380 1143//3380
f 1141//3381 1161//3381 1143//3381
f 1135//3382 1161//3382 1141//3382
f 1161//3383 1135//3383 1131//3383
f 1125//3384 1161//3384 1131//3384
f 1123//3385 1161//3385 1125//3385
f 1161//3386 1123//3386 1119//3386
f 1117//3387 1161//3387 1119//3387
f 1115//3388 1161//3388 1117//3388
f 1161//3389 1115//3389 1109//3389
f 1107//3390 1161//3390 1109//3390
f 1105//3391 1161//3391 1107//3391
f 1029//3392 1030//3392 1032//3392
f 1034//3393 1029//3393 1032//3393
f 1042//3394 1034//3394 1032//3394
f 1044//3395 1034//3395 1042//3395
f 1055//3396 1044//3396 1042//3396
f 1063//3397 1044//3397 1055//3397
f 1067//3398 1063//3398 1055//3398
f 1075//3399 1063//3399 1067//3399
f 1077//3400 1075//3400 1067//3400
f 1085//3401 1075//3401 1077//3401
f 1091//3402 1085//3402 1077//3402
f 1093//3403 1085//3403 1091//3403
f 1095//3404 1093//3404 1091//3404
f 1097//3405 1093//3405 1095//3405
f 1099//3406 1097//3406 1095//3406
f 1101//3407 1097//3407 1099//3407
f 1103//3408 1101//3408 1099//3408
f 1111//3409 1101//3409 1103//3409
f 1113//3410 1111//3410 1103//3410
f 1121//3411 1111//3411 1113//3411
f 1129//3412 1121//3412 1113//3412
f 1127//3413 1121//3413 1129//3413
f 1133//3414 1127//3414 1129//3414
f 1139//3415 1133//3415 1129//3415
f 1138//3416 1133//3416 1139//3416
f 1042//3417 1105//3417 1107//3417
f 1055//3418 1042//3418 1107//3418
f 1109//3419 1055//3419 1107//3419
f 1115//3420 1055//3420 1109//3420
f 1067//3421 1055//3421 1115//3421
f 1117//3422 1067//3422 1115//3422
f 1119//3423 1067//3423 1117//3423
f 1077//3424 1067//3424 1119//3424
f 1123//3425 1077//3425 1119//3425
f 1125//3426 1077//3426 1123//3426
f 1091//3427 1077//3427 1125//3427
f 1131//3428 1091//3428 1125//3428
f 1135//3429 1091//3429 1131//3429
f 1095//3430 1091//3430 1135//3430
f 1141//3431 1095//3431 1135//3431
f 1143//3432 1095//3432 1141//3432
f 1099//3433 1095//3433 1143//3433
f 1145//3434 1099//3434 1143//3434
f 1149//3435 1099//3435 1145//3435
f 1103//3436 1099//3436 1149//3436
f 1154//3437 1103//3437 1149//3437
f 1159//3438 1103//3438 1154//3438
f 1159//3439 1161//3439 1113//3439
f 1103//3440 1159//3440 1113//3440
f 1139//3441 1129//3441 1113//3441
f 1473//3442 1139//3442 1113//3442
f 1161//3443 1473//3443 1113//3443
f 1470//3444 1473//3444 1161//3444
f 1112//3445 1128//3445 1137//3445
f 1554//3446 1112//3446 1137//3446
f 1160//3447 1112//3447 1554//3447
f 1534//3448 1160//3448 1554//3448
f 1534//3449 1554//3449 1596//3449
f 1582//3450 1534//3450 1596//3450
f 1620//3451 1582//3451 1596//3451
f 1616//3452 1582//3452 1620//3452
f 1661//3453 1616//3453 1620//3453
f 1640//3454 1616//3454 1661//3454
f 1689//3455 1640//3455 1661//3455
f 1664//3456 1640//3456 1689//3456
f 1733//3457 1664//3457 1689//3457
f 1696//3458 1664//3458 1733//3458
f 1794//3459 1696//3459 1733//3459
f 1816//3460 1696//3460 1794//3460
f 1727//3461 1696//3461 1816//3461
f 1826//3462 1727//3462 1816//3462
f 1762//3463 1727//3463 1826//3463
f 1836//3464 1762//3464 1826//3464
f 1809//3465 1762//3465 1836//3465
f 1842//3466 1809//3466 1836//3466
f 1813//3467 1809//3467 1842//3467
f 1848//3468 1813//3468 1842//3468
f 1819//3469 1813//3469 1848//3469
f 1856//3470 1819//3470 1848//3470
f 1823//3471 1819//3471 1856//3471
f 1864//3472 1823//3472 1856//3472
f 1868//3473 1823//3473 1864//3473
f 1827//3474 1823//3474 1868//3474
f 1872//3475 1827//3475 1868//3475
f 1831//3476 1827//3476 1872//3476
f 1876//3477 1831//3477 1872//3477
f 1832//3478 1831//3478 1876//3478
f 1874//3479 1832//3479 1876//3479
f 1830//3480 1832//3480 1874//3480
f 1870//3481 1830//3481 1874//3481
f 1824//3482 1830//3482 1870//3482
f 1866//3483 1824//3483 1870//3483
f 1858//3484 1824//3484 1866//3484
f 1820//3485 1824//3485 1858//3485
f 1851//3486 1820//3486 1858//3486
f 1814//3487 1820//3487 1851//3487
f 1844//3488 1814//3488 1851//3488
f 1810//3489 1814//3489 1844//3489
f 1838//3490 1810//3490 1844//3490
f 1769//3491 1810//3491 1838//3491
f 1829//3492 1769//3492 1838//3492
f 1729//3493 1769//3493 1829//3493
f 1818//3494 1729//3494 1829//3494
f 1699//3495 1729//3495 1818//3495
f 1798//3496 1699//3496 1818//3496
f 1735//3497 1699//3497 1798//3497
f 1669//3498 1699//3498 1735//3498
f 1693//3499 1669//3499 1735//3499
f 1641//3500 1669//3500 1693//3500
f 1663//3501 1641//3501 1693//3501
f 1617//3502 1641//3502 1663//3502
f 1627//3503 1617//3503 1663//3503
f 1587//3504 1617//3504 1627//3504
f 1599//3505 1587//3505 1627//3505
f 1551//3506 1587//3506 1599//3506
f 1557//3507 1551//3507 1599//3507
f 1470//3508 1551//3508 1557//3508
f 1473//3509 1470//3509 1557//3509
f 557//3510 496//3510 534//3510
f 576//3511 557//3511 534//3511
f 606//3512 557//3512 576//3512
f 559//3513 557//3513 606//3513
f 622//3514 559//3514 606//3514
f 638//3515 559//3515 622//3515
f 638//3516 654//3516 1034//3516
f 1044//3517 638//3517 1034//3517
f 559//3518 638//3518 1044//3518
f 1063//3519 559//3519 1044//3519
f 1075//3520 559//3520 1063//3520
f 1029//3521 1034//3521 654//3521
f 672//3522 1029//3522 654//3522
f 688//3523 1029//3523 672//3523
f 1029//3524 688//3524 706//3524
f 729//3525 1029//3525 706//3525
f 745//3526 1029//3526 729//3526
f 1029//3527 745//3527 755//3527
f 758//3528 1029//3528 755//3528
f 1027//3529 1029//3529 758//3529
f 753//3530 1027//3530 758//3530
f 743//3531 1027//3531 753//3531
f 1027//3532 743//3532 727//3532
f 704//3533 1027//3533 727//3533
f 686//3534 1027//3534 704//3534
f 1027//3535 686//3535 670//3535
f 652//3536 1027//3536 670//3536
f 1033//3537 1027//3537 652//3537
f 636//3538 1033//3538 652//3538
f 1043//3539 1033//3539 636//3539
f 561//3540 1043//3540 636//3540
f 1062//3541 1043//3541 561//3541
f 1074//3542 1062//3542 561//3542
f 1084//3543 1074//3543 561//3543
f 1092//3544 1084//3544 561//3544
f 1096//3545 1092//3545 561//3545
f 432//3546 1096//3546 561//3546
f 477//3547 432//3547 561//3547
f 427//3548 432//3548 477//3548
f 561//3549 636//3549 620//3549
f 604//3550 561//3550 620//3550
f 563//3551 561//3551 604//3551
f 574//3552 563//3552 604//3552
f 532//3553 563//3553 574//3553
f 563//3554 532//3554 479//3554
f 374//3555 432//3555 427//3555
f 376//3556 374//3556 427//3556
f 336//3557 374//3557 376//3557
f 340//3558 336//3558 376//3558
f 290//3559 336//3559 340//3559
f 304//3560 290//3560 340//3560
f 256//3561 290//3561 304//3561
f 264//3562 256//3562 304//3562
f 210//3563 256//3563 264//3563
f 226//3564 210//3564 264//3564
f 141//3565 210//3565 226//3565
f 175//3566 141//3566 226//3566
f 114//3567 141//3567 175//3567
f 120//3568 114//3568 175//3568
f 100//3569 114//3569 120//3569
f 108//3570 100//3570 120//3570
f 82//3571 100//3571 108//3571
f 96//3572 82//3572 108//3572
f 68//3573 82//3573 96//3573
f 84//3574 68//3574 96//3574
f 42//3575 68//3575 84//3575
f 72//3576 42//3576 84//3576
f 30//3577 42//3577 72//3577
f 65//3578 30//3578 72//3578
f 24//3579 30//3579 65//3579
f 56//3580 24//3580 65//3580
f 18//3581 24//3581 56//3581
f 16//3582 18//3582 56//3582
f 50//3583 16//3583 56//3583
f 15//3584 16//3584 50//3584
f 52//3585 15//3585 50//3585
f 17//3586 15//3586 52//3586
f 58//3587 17//3587 52//3587
f 23//3588 17//3588 58//3588
f 67//3589 23//3589 58//3589
f 27//3590 23//3590 67//3590
f 74//3591 27//3591 67//3591
f 41//3592 27//3592 74//3592
f 86//3593 41//3593 74//3593
f 63//3594 41//3594 86//3594
f 98//3595 63//3595 86//3595
f 81//3596 63//3596 98//3596
f 110//3597 81//3597 98//3597
f 99//3598 81//3598 110//3598
f 122//3599 99//3599 110//3599
f 113//3600 99//3600 122//3600
f 177//3601 113//3601 122//3601
f 139//3602 113//3602 177//3602
f 228//3603 139//3603 177//3603
f 205//3604 139//3604 228//3604
f 266//3605 205//3605 228//3605
f 253//3606 205//3606 266//3606
f 306//3607 253//3607 266//3607
f 287//3608 253//3608 306//3608
f 342//3609 287//3609 306//3609
f 327//3610 287//3610 342//3610
f 378//3611 327//3611 342//3611
f 365//3612 327//3612 378//3612
f 429//3613 365//3613 378//3613
f 419//3614 365//3614 429//3614
f 499//3615 419//3615 429//3615
f 473//3616 419//3616 499//3616
f 559//3617 473//3617 499//3617
f 1093//3618 473//3618 559//3618
f 1085//3619 1093//3619 559//3619
f 1075//3620 1085//3620 559//3620
f 473//3621 1093//3621 1097//3621
f 1166//3622 1167//3622 1168//3622
f 1173//3623 1166//3623 1168//3623
f 1174//3624 1173//3624 1168//3624
f 1180//3625 1179//3625 1178//3625
f 1187//3626 1180//3626 1178//3626
f 1188//3627 1180//3627 1187//3627
f 1553//3628 1179//3628 1180//3628
f 1552//3629 1553//3629 1180//3629
f 1595//3630 1553//3630 1552//3630
f 1592//3631 1595//3631 1552//3631
f 1619//3632 1595//3632 1592//3632
f 1618//3633 1619//3633 1592//3633
f 1660//3634 1619//3634 1618//3634
f 1652//3635 1660//3635 1618//3635
f 1688//3636 1660//3636 1652//3636
f 1682//3637 1688//3637 1652//3637
f 1732//3638 1688//3638 1682//3638
f 1722//3639 1732//3639 1682//3639
f 1793//3640 1732//3640 1722//3640
f 1777//3641 1793//3641 1722//3641
f 1815//3642 1793//3642 1777//3642
f 1811//3643 1815//3643 1777//3643
f 1825//3644 1815//3644 1811//3644
f 1821//3645 1825//3645 1811//3645
f 1835//3646 1825//3646 1821//3646
f 1833//3647 1835//3647 1821//3647
f 1841//3648 1835//3648 1833//3648
f 1839//3649 1841//3649 1833//3649
f 1847//3650 1841//3650 1839//3650
f 1845//3651 1847//3651 1839//3651
f 1855//3652 1847//3652 1845//3652
f 1849//3653 1855//3653 1845//3653
f 1863//3654 1855//3654 1849//3654
f 1853//3655 1863//3655 1849//3655
f 1867//3656 1863//3656 1853//3656
f 1859//3657 1867//3657 1853//3657
f 1871//3658 1867//3658 1859//3658
f 1861//3659 1871//3659 1859//3659
f 1875//3660 1871//3660 1861//3660
f 1862//3661 1875//3661 1861//3661
f 1873//3662 1875//3662 1862//3662
f 1860//3663 1873//3663 1862//3663
f 1869//3664 1873//3664 1860//3664
f 1854//3665 1869//3665 1860//3665
f 1865//3666 1869//3666 1854//3666
f 1852//3667 1865//3667 1854//3667
f 1857//3668 1865//3668 1852//3668
f 1846//3669 1857//3669 1852//3669
f 1850//3670 1857//3670 1846//3670
f 1840//3671 1850//3671 1846//3671
f 1843//3672 1850//3672 1840//3672
f 1834//3673 1843//3673 1840//3673
f 1837//3674 1843//3674 1834//3674
f 1822//3675 1837//3675 1834//3675
f 1828//3676 1837//3676 1822//3676
f 1812//3677 1828//3677 1822//3677
f 1817//3678 1828//3678 1812//3678
f 1783//3679 1817//3679 1812//3679
f 1797//3680 1817//3680 1783//3680
f 1728//3681 1797//3681 1783//3681
f 1734//3682 1797//3682 1728//3682
f 1687//3683 1734//3683 1728//3683
f 1692//3684 1734//3684 1687//3684
f 1659//3685 1692//3685 1687//3685
f 1662//3686 1692//3686 1659//3686
f 1621//3687 1662//3687 1659//3687
f 1626//3688 1662//3688 1621//3688
f 1597//3689 1626//3689 1621//3689
f 1598//3690 1626//3690 1597//3690
f 1555//3691 1598//3691 1597//3691
f 1556//3692 1598//3692 1555//3692
f 1471//3693 1556//3693 1555//3693
f 1472//3694 1556//3694 1471//3694
f 1168//3695 1167//3695 1472//3695
f 1471//3696 1168//3696 1472//3696
f 1556//3697 1472//3697 1473//3697
f 1557//3698 1556//3698 1473//3698
f 1598//3699 1556//3699 1557//3699
f 1599//3700 1598//3700 1557//3700
f 1626//3701 1598//3701 1599//3701
f 1627//3702 1626//3702 1599//3702
f 1662//3703 1626//3703 1627//3703
f 1663//3704 1662//3704 1627//3704
f 1692//3705 1662//3705 1663//3705
f 1693//3706 1692//3706 1663//3706
f 1734//3707 1692//3707 1693//3707
f 1735//3708 1734//3708 1693//3708
f 1797//3709 1734//3709 1735//3709
f 1798//3710 1797//3710 1735//3710
f 1817//3711 1797//3711 1798//3711
f 1818//3712 1817//3712 1798//3712
f 1828//3713 1817//3713 1818//3713
f 1829//3714 1828//3714 1818//3714
f 1837//3715 1828//3715 1829//3715
f 1838//3716 1837//3716 1829//3716
f 1843//3717 1837//3717 1838//3717
f 1844//3718 1843//3718 1838//3718
f 1850//3719 1843//3719 1844//3719
f 1851//3720 1850//3720 1844//3720
f 1857//3721 1850//3721 1851//3721
f 1858//3722 1857//3722 1851//3722
f 1865//3723 1857//3723 1858//3723
f 1866//3724 1865//3724 1858//3724
f 1869//3725 1865//3725 1866//3725
f 1870//3726 1869//3726 1866//3726
f 1873//3727 1869//3727 1870//3727
f 1874//3728 1873//3728 1870//3728
f 1875//3729 1873//3729 1874//3729
f 1876//3730 1875//3730 1874//3730
f 1871//3731 1875//3731 1876//3731
f 1872//3732 1871//3732 1876//3732
f 1867//3733 1871//3733 1872//3733
f 1868//3734 1867//3734 1872//3734
f 1863//3735 1867//3735 1868//3735
f 1864//3736 1863//3736 1868//3736
f 1855//3737 1863//3737 1864//3737
f 1856//3738 1855//3738 1864//3738
f 1847//3739 1855//3739 1856//3739
f 1848//3740 1847//3740 1856//3740
f 1841//3741 1847//3741 1848//3741
f 1842//3742 1841//3742 1848//3742
f 1835//3743 1841//3743 1842//3743
f 1836//3744 1835//3744 1842//3744
f 1825//3745 1835//3745 1836//3745
f 1826//3746 1825//3746 1836//3746
f 1815//3747 1825//3747 1826//3747
f 1816//3748 1815//3748 1826//3748
f 1793//3749 1815//3749 1816//3749
f 1794//3750 1793//3750 1816//3750
f 1732//3751 1793//3751 1794//3751
f 1733//3752 1732//3752 1794//3752
f 1688//3753 1732//3753 1733//3753
f 1689//3754 1688//3754 1733//3754
f 1660//3755 1688//3755 1689//3755
f 1661//3756 1660//3756 1689//3756
f 1619//3757 1660//3757 1661//3757
f 1620//3758 1619//3758 1661//3758
f 1595//3759 1619//3759 1620//3759
f 1596//3760 1595//3760 1620//3760
f 1553//3761 1595//3761 1596//3761
f 1554//3762 1553//3762 1596//3762
f 1173//3763 1174//3763 1175//3763
f 1190//3764 1173//3764 1175//3764
f 1191//3765 1190//3765 1175//3765
f 1189//3766 1188//3766 1187//3766
f 1190//3767 1189//3767 1187//3767
f 1191//3768 1189//3768 1190//3768
