# Created by FreeCAD <https://www.freecad.org>
v -209.999878 -0.071587 -204.000000
v -209.999878 -0.071587 -182.500000
v -209.920792 1.778265 -204.000000
v -209.920792 1.778265 -182.500000
v -209.907547 -1.920826 -204.000000
v -209.907547 -1.920826 -182.500000
v -209.670975 3.612877 -204.000000
v -209.670975 3.612877 -182.500000
v -209.644608 -3.753603 -204.000000
v -209.644608 -3.753603 -182.500000
v -209.252563 5.416524 -204.000000
v -209.252563 5.416524 -182.500000
v -209.213303 -5.554209 -204.000000
v -209.213303 -5.554209 -182.500000
v -208.981750 0.832625 -205.000000
v -208.974716 -0.979936 -205.000000
v -208.816025 2.637608 -205.000000
v -208.794998 -2.783578 -205.000000
v -208.669159 7.173749 -204.000000
v -208.669159 7.173749 -182.500000
v -208.617325 -7.307212 -204.000000
v -208.617325 -7.307212 -182.500000
v -208.479065 4.418586 -205.000000
v -208.444214 -4.561887 -205.000000
v -207.996918 -0.333486 -196.750000
v -207.996918 0.333486 -196.750000
v -207.982269 -0.798716 -182.500000
v -207.982269 0.798716 -182.500000
v -207.973938 6.159351 -205.000000
v -207.972198 -1.000000 -196.750000
v -207.972198 -1.000000 -193.550003
v -207.972198 1.000000 -196.750000
v -207.972198 1.000000 -193.550003
v -207.925735 8.869492 -204.000000
v -207.925735 8.869492 -182.500000
v -207.925583 -6.298678 -205.000000
v -207.889160 -1.994537 -193.550003
v -207.889160 1.994537 -193.550003
v -207.861786 -8.997589 -204.000000
v -207.861786 -8.997589 -182.500000
v -207.840637 -2.389859 -182.500000
v -207.840637 2.389859 -182.500000
v -207.751114 -2.982943 -193.550003
v -207.751114 2.982943 -193.550003
v -207.558502 -3.962179 -193.550003
v -207.558502 -3.962179 -182.500000
v -207.558502 3.962179 -193.550003
v -207.558502 3.962179 -182.500000
v -207.305222 7.844060 -205.000000
v -207.270477 -5.471904 -193.550003
v -207.270477 -5.471904 -182.500000
v -207.270477 5.471904 -193.550003
v -207.270477 5.471904 -182.500000
v -207.243820 -7.978147 -205.000000
v -207.083908 -6.997496 -193.550003
v -207.083908 -6.997496 -182.500000
v -207.083908 6.997496 -193.550003
v -207.083908 6.997496 -182.500000
v -207.028687 10.489218 -204.000000
v -207.028687 10.489218 -182.500000
v -206.999649 -8.532141 -193.550003
v -206.999649 -8.532141 -182.500000
v -206.999649 8.532141 -193.550003
v -206.999649 8.532141 -182.500000
v -206.953171 -10.610852 -204.000000
v -206.953171 -10.610852 -182.500000
v -206.949005 -8.887818 -193.550003
v -206.949005 -8.887818 -188.024994
v -206.949005 -8.887818 -182.500000
v -206.949005 8.887818 -193.550003
v -206.949005 8.887818 -188.024994
v -206.949005 8.887818 -182.500000
v -206.815216 -9.221249 -193.550003
v -206.815216 -9.221249 -188.024994
v -206.815216 -9.221249 -182.500000
v -206.815216 9.221249 -193.550003
v -206.815216 9.221249 -188.024994
v -206.815216 9.221249 -182.500000
v -206.605988 -9.513305 -193.550003
v -206.605988 -9.513305 -188.024994
v -206.605988 -9.513305 -182.500000
v -206.605988 9.513305 -193.550003
v -206.605988 9.513305 -188.024994
v -206.605988 9.513305 -182.500000
v -206.479019 9.457381 -205.000000
v -206.405106 -9.585007 -205.000000
v -206.333313 -9.747231 -193.550003
v -206.333313 -9.747231 -182.500000
v -206.333313 9.747231 -193.550003
v -206.333313 9.747231 -182.500000
v -205.985703 12.019046 -204.000000
v -205.985703 12.019046 -182.500000
v -205.899246 -12.133174 -204.000000
v -205.899246 -12.133174 -182.500000
v -205.502838 10.984632 -205.000000
v -205.417099 -11.104634 -205.000000
v -205.199997 -5.000000 -202.750000
v -205.199997 -5.000000 -198.149994
v -205.199997 -5.000000 -193.550003
v -205.199997 5.000000 -202.750000
v -205.199997 5.000000 -198.149994
v -205.199997 5.000000 -193.550003
v -205.167633 -5.245878 -202.750000
v -205.167633 -5.245878 -198.149994
v -205.167633 -5.245878 -193.550003
v -205.167633 -4.754122 -202.750000
v -205.167633 -4.754122 -198.149994
v -205.167633 -4.754122 -193.550003
v -205.167633 4.754122 -202.750000
v -205.167633 4.754122 -198.149994
v -205.167633 4.754122 -193.550003
v -205.167633 5.245878 -202.750000
v -205.167633 5.245878 -198.149994
v -205.167633 5.245878 -193.550003
v -205.084595 -10.643300 -193.550003
v -205.084595 -10.643300 -182.500000
v -205.084595 10.643300 -193.550003
v -205.084595 10.643300 -182.500000
v -205.072723 -5.475000 -202.750000
v -205.072723 -5.475000 -198.149994
v -205.072723 -5.475000 -193.550003
v -205.072723 -4.525000 -202.750000
v -205.072723 -4.525000 -198.149994
v -205.072723 -4.525000 -193.550003
v -205.072723 4.525000 -202.750000
v -205.072723 4.525000 -198.149994
v -205.072723 4.525000 -193.550003
v -205.072723 5.475000 -202.750000
v -205.072723 5.475000 -198.149994
v -205.072723 5.475000 -193.550003
v -204.921753 -5.671751 -202.750000
v -204.921753 -5.671751 -198.149994
v -204.921753 -5.671751 -193.550003
v -204.921753 -4.328249 -202.750000
v -204.921753 -4.328249 -198.149994
v -204.921753 -4.328249 -193.550003
v -204.921753 4.328249 -202.750000
v -204.921753 4.328249 -198.149994
v -204.921753 4.328249 -193.550003
v -204.921753 5.671751 -202.750000
v -204.921753 5.671751 -198.149994
v -204.921753 5.671751 -193.550003
v -204.805695 13.445864 -204.000000
v -204.805695 13.445864 -182.500000
v -204.725006 -5.822724 -202.750000
v -204.725006 -5.822724 -198.149994
v -204.725006 -5.822724 -193.550003
v -204.725006 -4.177276 -202.750000
v -204.725006 -4.177276 -198.149994
v -204.725006 -4.177276 -193.550003
v -204.725006 4.177276 -202.750000
v -204.725006 4.177276 -198.149994
v -204.725006 4.177276 -193.550003
v -204.725006 5.822724 -202.750000
v -204.725006 5.822724 -198.149994
v -204.725006 5.822724 -193.550003
v -204.709061 -13.551509 -204.000000
v -204.709061 -13.551509 -182.500000
v -204.495880 -5.917629 -202.750000
v -204.495880 -5.917629 -198.149994
v -204.495880 -5.917629 -193.550003
v -204.495880 -4.082370 -202.750000
v -204.495880 -4.082370 -198.149994
v -204.495880 -4.082370 -193.550003
v -204.495880 4.082371 -202.750000
v -204.495880 4.082371 -198.149994
v -204.495880 4.082371 -193.550003
v -204.495880 5.917630 -202.750000
v -204.495880 5.917630 -198.149994
v -204.495880 5.917630 -193.550003
v -204.385559 12.411913 -205.000000
v -204.288788 -12.523200 -205.000000
v -204.250000 -5.950000 -202.750000
v -204.250000 -5.950000 -198.149994
v -204.250000 -5.950000 -193.550003
v -204.250000 -4.050000 -202.750000
v -204.250000 -4.050000 -198.149994
v -204.250000 -4.050000 -193.550003
v -204.250000 4.050000 -202.750000
v -204.250000 4.050000 -198.149994
v -204.250000 4.050000 -193.550003
v -204.250000 5.950000 -202.750000
v -204.250000 5.950000 -198.149994
v -204.250000 5.950000 -193.550003
v -204.004120 -5.917629 -202.750000
v -204.004120 -5.917629 -198.149994
v -204.004120 -5.917629 -193.550003
v -204.004120 -4.082370 -202.750000
v -204.004120 -4.082370 -198.149994
v -204.004120 -4.082370 -193.550003
v -204.004120 4.082371 -202.750000
v -204.004120 4.082371 -198.149994
v -204.004120 4.082371 -193.550003
v -204.004120 5.917630 -202.750000
v -204.004120 5.917630 -198.149994
v -204.004120 5.917630 -193.550003
v -203.898514 -11.620767 -193.550003
v -203.898514 -11.620767 -182.500000
v -203.898514 11.620767 -193.550003
v -203.898514 11.620767 -182.500000
v -203.774994 -5.822724 -202.750000
v -203.774994 -5.822724 -198.149994
v -203.774994 -5.822724 -193.550003
v -203.774994 -4.177276 -202.750000
v -203.774994 -4.177276 -198.149994
v -203.774994 -4.177276 -193.550003
v -203.774994 4.177276 -202.750000
v -203.774994 4.177276 -198.149994
v -203.774994 4.177276 -193.550003
v -203.774994 5.822724 -202.750000
v -203.774994 5.822724 -198.149994
v -203.774994 5.822724 -193.550003
v -203.578247 -5.671751 -202.750000
v -203.578247 -5.671751 -198.149994
v -203.578247 -5.671751 -193.550003
v -203.578247 -4.328249 -202.750000
v -203.578247 -4.328249 -198.149994
v -203.578247 -4.328249 -193.550003
v -203.578247 4.328249 -202.750000
v -203.578247 4.328249 -198.149994
v -203.578247 4.328249 -193.550003
v -203.578247 5.671751 -202.750000
v -203.578247 5.671751 -198.149994
v -203.578247 5.671751 -193.550003
v -203.498810 14.757444 -204.000000
v -203.498810 14.757444 -182.500000
v -203.427277 -5.475000 -202.750000
v -203.427277 -5.475000 -198.149994
v -203.427277 -5.475000 -193.550003
v -203.427277 -4.525000 -202.750000
v -203.427277 -4.525000 -198.149994
v -203.427277 -4.525000 -193.550003
v -203.427277 4.525000 -202.750000
v -203.427277 4.525000 -198.149994
v -203.427277 4.525000 -193.550003
v -203.427277 5.475000 -202.750000
v -203.427277 5.475000 -198.149994
v -203.427277 5.475000 -193.550003
v -203.392822 -14.853701 -204.000000
v -203.392822 -14.853701 -182.500000
v -203.332367 -5.245878 -202.750000
v -203.332367 -5.245878 -198.149994
v -203.332367 -5.245878 -193.550003
v -203.332367 -4.754122 -202.750000
v -203.332367 -4.754122 -198.149994
v -203.332367 -4.754122 -193.550003
v -203.332367 4.754122 -202.750000
v -203.332367 4.754122 -198.149994
v -203.332367 4.754122 -193.550003
v -203.332367 5.245878 -202.750000
v -203.332367 5.245878 -198.149994
v -203.332367 5.245878 -193.550003
v -203.300003 -5.000000 -202.750000
v -203.300003 -5.000000 -198.149994
v -203.300003 -5.000000 -193.550003
v -203.300003 5.000000 -202.750000
v -203.300003 5.000000 -198.149994
v -203.300003 5.000000 -193.550003
v -203.137375 13.726234 -205.000000
v -203.030426 -13.827793 -205.000000
v -202.780365 -12.675265 -193.550003
v -202.780365 -12.675265 -182.500000
v -202.780365 12.675265 -193.550003
v -202.780365 12.675265 -182.500000
v -202.076233 15.942546 -204.000000
v -202.076233 15.942546 -182.500000
v -201.965637 -13.447063 -193.550003
v -201.965637 13.447063 -193.550003
v -201.961792 -16.028587 -204.000000
v -201.961792 -16.028587 -182.500000
v -201.769623 14.915634 -205.000000
v -201.653488 -15.006540 -205.000000
v -201.624741 -13.742826 -182.500000
v -201.500000 -12.359207 -203.750000
v -201.500000 -12.359207 -193.550003
v -201.500000 -1.000000 -196.750000
v -201.500000 -1.000000 -193.550003
v -201.500000 1.000000 -196.750000
v -201.500000 1.000000 -193.550003
v -201.500000 12.359207 -203.750000
v -201.500000 12.359207 -193.550003
v -201.469269 13.872842 -182.500000
v -201.412521 -13.078390 -203.750000
v -201.412521 -13.078390 -193.550003
v -201.412521 13.078390 -203.750000
v -201.412521 13.078390 -193.550003
v -201.155182 -13.755631 -203.750000
v -201.155182 -13.755631 -193.550003
v -201.155182 13.755631 -203.750000
v -201.155182 13.755631 -193.550003
v -201.104401 -14.166590 -193.550003
v -201.104401 14.166590 -193.550003
v -200.742996 -14.351433 -203.750000
v -200.742996 -14.351433 -193.550003
v -200.742996 14.351433 -203.750000
v -200.742996 14.351433 -193.550003
v -200.550140 16.991013 -204.000000
v -200.550140 16.991013 -182.500000
v -200.428238 -17.066101 -204.000000
v -200.428238 -17.066101 -182.500000
v -200.380325 -14.705401 -182.500000
v -200.294754 15.969289 -205.000000
v -200.199997 -14.831049 -203.750000
v -200.199997 -14.831049 -193.550003
v -200.199997 14.831049 -203.750000
v -200.199997 14.831049 -193.550003
v -200.170486 -16.048716 -205.000000
v -200.046570 14.935410 -182.500000
v -199.056610 -15.555637 -182.500000
v -198.933640 17.893856 -204.000000
v -198.933640 17.893856 -182.500000
v -198.897858 -15.646984 -203.750000
v -198.887390 15.652930 -203.750000
v -198.805313 -17.957350 -204.000000
v -198.805313 -17.957350 -182.500000
v -198.726181 16.877607 -205.000000
v -198.594925 -16.944832 -205.000000
v -198.526093 15.852627 -182.500000
v -197.663696 -16.287041 -182.500000
v -197.530869 -16.348883 -203.750000
v -197.509003 16.358940 -203.750000
v -197.477997 -0.574119 -205.000000
v -197.477997 -0.574119 -203.750000
v -197.477997 0.574119 -205.000000
v -197.477997 0.574119 -203.750000
v -197.302719 -1.708901 -205.000000
v -197.302719 -1.708901 -203.750000
v -197.302719 1.708901 -205.000000
v -197.302719 1.708901 -203.750000
v -197.240570 18.643339 -204.000000
v -197.240570 18.643339 -182.500000
v -197.106918 -18.694695 -204.000000
v -197.106918 -18.694695 -182.500000
v -197.078217 17.632326 -205.000000
v -196.956268 -2.803628 -205.000000
v -196.956268 -2.803628 -203.750000
v -196.956268 2.803628 -205.000000
v -196.956268 2.803628 -203.750000
v -196.941132 -17.686735 -205.000000
v -196.922638 16.615568 -182.500000
v -196.446777 -3.832640 -205.000000
v -196.446777 -3.832640 -203.750000
v -196.446777 3.832640 -205.000000
v -196.446777 3.832640 -203.750000
v -196.212250 -16.894020 -182.500000
v -196.108994 -16.931631 -203.750000
v -196.075012 16.943853 -203.750000
v -195.786163 -4.771818 -205.000000
v -195.786163 -4.771818 -203.750000
v -195.786163 4.771818 -205.000000
v -195.786163 4.771818 -203.750000
v -195.485443 19.233042 -204.000000
v -195.485443 19.233042 -182.500000
v -195.365814 18.226574 -205.000000
v -195.347626 -19.271816 -204.000000
v -195.347626 -19.271816 -182.500000
v -195.251816 17.216806 -182.500000
v -195.224182 -18.267675 -205.000000
v -194.989944 -5.599149 -205.000000
v -194.989944 -5.599149 -203.750000
v -194.989944 5.599149 -205.000000
v -194.989944 5.599149 -203.750000
v -194.713348 -17.371943 -182.500000
v -194.642593 -17.390982 -203.750000
v -194.596069 17.403337 -203.750000
v -194.076752 -6.295241 -205.000000
v -194.076752 -6.295241 -203.750000
v -194.076752 6.295241 -205.000000
v -194.076752 6.295241 -203.750000
v -193.683304 19.657906 -204.000000
v -193.683304 19.657906 -182.500000
v -193.604584 18.654943 -205.000000
v -193.542496 -19.683769 -204.000000
v -193.542496 -19.683769 -182.500000
v -193.529877 17.650494 -182.500000
v -193.459686 -18.682362 -205.000000
v -193.178436 -17.717155 -182.500000
v -193.142365 -17.723587 -203.750000
v -193.083099 17.733994 -203.750000
v -193.068008 -6.843777 -205.000000
v -193.068008 -6.843777 -203.750000
v -193.068008 6.843777 -205.000000
v -193.068008 6.843777 -203.750000
v -191.987366 -7.231901 -205.000000
v -191.987366 -7.231901 -203.750000
v -191.987366 7.231901 -205.000000
v -191.987366 7.231901 -203.750000
v -191.849609 19.914289 -204.000000
v -191.849609 19.914289 -182.500000
v -191.810562 18.913538 -205.000000
v -191.773590 17.912409 -182.500000
v -191.707001 -19.927021 -204.000000
v -191.707001 -19.927021 -182.500000
v -191.663696 -18.927021 -205.000000
v -191.619232 -17.927021 -203.750000
v -191.619232 -17.927021 -182.500000
v -191.547302 17.933372 -203.750000
v -190.860123 -7.450516 -205.000000
v -190.860123 -7.450516 -203.750000
v -190.860123 7.450516 -205.000000
v -190.860123 7.450516 -203.750000
v -190.000046 18.000000 -203.750000
v -190.000046 18.000000 -182.500000
v -190.000046 19.000000 -205.000000
v -190.000046 20.000000 -204.000000
v -190.000046 20.000000 -182.500000
v -189.712723 -7.494496 -205.000000
v -189.712723 -7.494496 -203.750000
v -189.712723 7.494496 -205.000000
v -189.712723 7.494496 -203.750000
v -188.572067 -7.362813 -205.000000
v -188.572067 -7.362813 -203.750000
v -188.572067 7.362813 -205.000000
v -188.572067 7.362813 -203.750000
v -187.464874 -7.058550 -205.000000
v -187.464874 -7.058550 -203.750000
v -187.464874 7.058550 -205.000000
v -187.464874 7.058550 -203.750000
v -186.417099 -6.588842 -205.000000
v -186.417099 -6.588842 -203.750000
v -186.417099 6.588842 -205.000000
v -186.417099 6.588842 -203.750000
v -185.453308 -5.964696 -205.000000
v -185.453308 -5.964696 -203.750000
v -185.453308 5.964696 -205.000000
v -185.453308 5.964696 -203.750000
v -184.596085 -5.200744 -205.000000
v -184.596085 -5.200744 -203.750000
v -184.596085 5.200744 -205.000000
v -184.596085 5.200744 -203.750000
v -183.865524 -4.314890 -205.000000
v -183.865524 -4.314890 -203.750000
v -183.865524 4.314890 -205.000000
v -183.865524 4.314890 -203.750000
v -183.278763 -3.327899 -205.000000
v -183.278763 -3.327899 -203.750000
v -183.278763 3.327899 -205.000000
v -183.278763 3.327899 -203.750000
v -182.849533 -2.262904 -205.000000
v -182.849533 -2.262904 -203.750000
v -182.849533 2.262904 -205.000000
v -182.849533 2.262904 -203.750000
v -182.587891 -1.144870 -205.000000
v -182.587891 -1.144870 -203.750000
v -182.587891 1.144870 -205.000000
v -182.587891 1.144870 -203.750000
v -182.500000 -0.000000 -203.750000
v -182.500000 -0.000000 -205.000000
v -178.648529 18.000000 -203.750000
v -178.648529 18.000000 -182.500000
v -178.648514 -17.927021 -203.750000
v -178.648514 -17.927021 -182.500000
v -177.879318 -17.852367 -182.500000
v -177.870972 17.923698 -182.500000
v -177.848923 17.919264 -203.750000
v -177.848923 17.919264 -193.125000
v -177.848907 -17.846287 -203.750000
v -177.848907 -17.846287 -193.125000
v -177.138840 -17.631195 -182.500000
v -177.123093 17.697704 -182.500000
v -177.081604 17.680317 -203.750000
v -177.081604 17.680317 -193.125000
v -177.081589 -17.607344 -203.750000
v -177.081589 -17.607344 -193.125000
v -176.454712 -17.271757 -182.500000
v -176.433395 17.330641 -182.500000
v -176.377533 -17.219839 -203.750000
v -176.377533 -17.219839 -193.125000
v -176.377533 17.292803 -203.750000
v -176.377533 17.292803 -193.125000
v -175.852478 -16.787474 -182.500000
v -175.828201 16.836510 -182.500000
v -175.765137 -16.699411 -203.750000
v -175.765137 -16.699411 -193.125000
v -175.765137 16.772366 -203.750000
v -175.765137 16.772366 -193.125000
v -175.354599 -16.196417 -182.500000
v -175.330627 16.234165 -182.500000
v -175.269135 -16.067072 -203.750000
v -175.269135 -16.067072 -193.125000
v -175.269135 16.140015 -203.750000
v -175.269135 16.140015 -193.125000
v -174.979675 -15.520654 -182.500000
v -174.959610 15.546584 -182.500000
v -174.909546 -15.348344 -203.750000
v -174.909546 -15.348344 -193.125000
v -174.909546 15.421274 -203.750000
v -174.909546 15.421274 -193.125000
v -174.741699 -14.785404 -199.215378
v -174.741699 -14.785404 -182.500000
v -174.729538 -14.736106 -198.692657
v -174.729340 14.800000 -199.362198
v -174.729340 14.800000 -182.500000
v -174.723801 14.774525 -199.078506
v -174.719833 14.753326 -199.387115
v -174.717255 14.747937 -198.841370
v -174.714569 -14.675453 -198.951187
v -174.714249 -14.685520 -198.256058
v -174.713730 -14.648301 -199.463928
v -174.710739 14.717269 -199.155655
v -174.707397 14.688681 -199.496002
v -174.701736 14.694499 -198.406403
v -174.700897 -14.572242 -203.750000
v -174.700897 -14.572242 -199.662918
v -174.700897 14.645162 -203.750000
v -174.700897 14.645162 -199.686829
v -174.697998 -14.563518 -199.585999
v -174.697983 14.627549 -199.722275
v -174.696838 -14.547921 -199.711853
v -174.696030 14.616034 -199.738556
v -174.695923 14.616965 -199.708298
v -174.695801 14.623866 -199.604858
v -174.695572 -14.541765 -199.702332
v -174.694839 14.609156 -199.745483
v -174.694336 14.637695 -199.334000
v -174.694153 14.605257 -199.748291
v -174.694107 -14.532091 -199.734238
v -174.693787 14.603143 -199.749374
v -174.693588 14.602034 -199.749771
v -174.693497 14.601465 -199.749924
v -174.693451 14.601178 -199.749969
v -174.693420 14.601034 -199.749985
v -174.693390 14.600890 -199.750000
v -174.692444 -14.522608 -199.743774
v -174.691483 -14.517240 -199.747635
v -174.691422 14.653240 -198.821442
v -174.690964 -14.514330 -199.749130
v -174.690735 -14.567590 -199.190948
v -174.690689 -14.512804 -199.749680
v -174.690552 -14.512022 -199.749893
v -174.690399 -14.511229 -199.750000
v -174.688522 14.580564 -199.677429
v -174.688141 -14.506790 -199.667831
v -174.679916 14.557673 -199.512314
v -174.674942 -14.585294 -197.455368
v -174.672684 -14.580362 -195.036545
v -174.672684 -14.580362 -190.857697
v -174.672684 -14.580362 -186.678848
v -174.672684 -14.580362 -182.500000
v -174.671387 14.504079 -199.631180
v -174.670456 -14.458836 -199.430618
v -174.666595 14.547208 -199.100174
v -174.661331 14.589487 -197.592880
v -174.659378 14.585008 -195.146652
v -174.659378 14.585008 -190.931107
v -174.659378 14.585008 -186.715546
v -174.659378 14.585008 -182.500000
v -174.658905 -14.385849 -199.590347
v -174.650330 -14.512833 -198.108856
v -174.646317 14.439914 -199.378799
v -174.635315 14.367698 -199.564453
v -174.633499 14.512692 -198.141693
v -174.598251 -14.338119 -198.602127
v -174.583328 14.348894 -198.625046
v -174.563934 -14.398578 -195.955872
v -174.561188 -14.394961 -195.036545
v -174.561188 -14.394961 -190.857697
v -174.561188 -14.394961 -186.678848
v -174.561188 -14.394961 -182.500000
v -174.560364 -14.360218 -197.342377
v -174.559738 -14.158187 -199.094772
v -174.545990 14.180011 -199.107819
v -174.545303 14.394379 -196.055847
v -174.542892 14.391229 -195.146652
v -174.542892 14.391229 -190.931107
v -174.542892 14.391229 -186.715546
v -174.542892 14.391229 -182.500000
v -174.541626 -14.035401 -199.422668
v -174.528259 14.064658 -199.429169
v -174.502914 14.306924 -197.124619
v -174.486191 -13.795468 -199.750000
v -174.484253 13.863451 -203.750000
v -174.484222 -13.790543 -203.750000
v -174.482300 13.858567 -199.750000
v -174.468781 -14.123572 -198.067581
v -174.448242 -14.224384 -196.608749
v -174.414688 -14.239807 -194.537033
v -174.412430 -14.237880 -190.857697
v -174.412430 -14.237880 -186.678848
v -174.412430 -14.237880 -182.500000
v -174.404572 -13.872322 -198.790817
v -174.395660 14.059815 -197.916000
v -174.387955 14.230301 -194.586105
v -174.385864 14.228568 -190.931107
v -174.385864 14.228568 -186.715546
v -174.385864 14.228568 -182.500000
v -174.376999 -13.696911 -199.271286
v -174.333328 14.136287 -196.146591
v -174.319748 13.793652 -198.704834
v -174.317749 -14.109037 -195.900238
v -174.307709 -13.933717 -197.557617
v -174.286636 13.605876 -199.228546
v -174.233368 -14.116468 -193.188263
v -174.233368 -14.116468 -182.500000
v -174.210251 -13.612650 -198.502090
v -174.196304 14.105342 -193.186081
v -174.196304 14.105342 -182.500000
v -174.169327 -13.382154 -199.127991
v -174.152496 13.822274 -197.237442
v -174.144623 -13.134141 -199.750000
v -174.143631 -14.001512 -195.085724
v -174.134003 14.007498 -195.204453
v -174.123718 13.175178 -199.750000
v -174.120743 -13.773870 -197.067200
v -174.104553 13.146620 -203.750000
v -174.104538 -13.073723 -203.750000
v -174.023849 13.462738 -198.321625
v -174.000000 -15.177136 -205.000000
v -174.000000 15.250000 -205.000000
v -173.995697 15.410563 -201.500000
v -173.990387 -14.937077 -201.500000
v -173.982285 -13.385315 -198.226013
v -173.967331 13.198401 -199.038757
v -173.960938 -15.659698 -201.500000
v -173.947083 14.688979 -201.500000
v -173.922806 -13.097416 -198.991608
v -173.912827 -15.895083 -205.000000
v -173.912827 -14.459189 -205.000000
v -173.912827 14.532053 -205.000000
v -173.912827 15.967947 -205.000000
v -173.872192 -13.627021 -196.506622
v -173.870224 16.122814 -201.500000
v -173.867889 13.645833 -196.588074
v -173.846039 -14.228408 -201.500000
v -173.845398 13.889447 -194.289780
v -173.831131 -13.812014 -194.864059
v -173.789001 13.811884 -194.862427
v -173.759415 -16.354273 -201.500000
v -173.727173 14.000000 -201.500000
v -173.681030 -13.779858 -194.251938
v -173.679184 -12.553302 -199.750000
v -173.674271 -13.162017 -197.912857
v -173.671402 13.198300 -197.958145
v -173.656372 -16.571306 -205.000000
v -173.656372 -13.782967 -205.000000
v -173.656372 13.855831 -205.000000
v -173.656372 16.644171 -205.000000
v -173.632828 12.579665 -199.750000
v -173.583786 -12.803126 -198.837891
v -173.579681 12.853515 -198.860046
v -173.579605 12.528209 -203.750000
v -173.579575 -12.455324 -203.750000
v -173.577942 16.784342 -201.500000
v -173.570786 -13.759398 -182.500000
v -173.536285 -13.574875 -201.500000
v -173.528580 13.766212 -182.500000
v -173.507812 -13.367717 -196.525650
v -173.506989 13.510074 -195.962692
v -173.457153 13.376727 -196.524551
v -173.404358 -13.418849 -195.936279
v -173.397522 -16.980438 -201.500000
v -173.348785 13.383666 -201.500000
v -173.266144 -12.787349 -198.158905
v -173.252365 -13.583607 -193.026825
v -173.245834 12.991562 -197.611923
v -173.245529 -17.166504 -205.000000
v -173.245529 -13.187769 -205.000000
v -173.245529 13.260633 -205.000000
v -173.245529 17.239368 -205.000000
v -173.207932 -12.921220 -197.596909
v -173.207352 13.598961 -193.026260
v -173.203583 12.803563 -198.158371
v -173.135834 17.356699 -201.500000
v -173.122406 -12.515594 -198.683868
v -173.115768 12.570708 -198.691360
v -173.108185 -12.075832 -199.750000
v -173.079147 -13.014461 -201.500000
v -173.039505 13.470846 -194.167786
v -173.036804 -12.028495 -199.750000
v -173.030441 12.097252 -199.750000
v -172.982239 -13.392061 -194.158173
v -172.964355 -11.982800 -199.750000
v -172.958267 12.051925 -199.750000
v -172.933945 12.037156 -203.750000
v -172.933929 -11.964281 -203.750000
v -172.914429 13.196252 -195.877563
v -172.913223 -12.391387 -198.665314
v -172.913162 -13.393295 -182.500000
v -172.896301 -17.501801 -201.500000
v -172.890900 -11.938771 -199.750000
v -172.890350 -13.128868 -195.870850
v -172.885086 12.008250 -199.750000
v -172.877640 -12.730486 -197.559662
v -172.874969 12.435276 -198.667221
v -172.865524 13.418020 -182.500000
v -172.865295 12.784422 -197.563492
v -172.833893 12.875797 -201.500000
v -172.810928 11.966249 -199.750000
v -172.704193 -17.646088 -205.000000
v -172.704193 -12.708185 -205.000000
v -172.704193 12.781049 -205.000000
v -172.704193 17.718952 -205.000000
v -172.625000 -15.177136 -192.000000
v -172.625000 15.250000 -192.000000
v -172.621292 -15.067481 -201.500000
v -172.621292 -15.067481 -182.500000
v -172.617615 15.404762 -201.500000
v -172.617615 15.404762 -182.500000
v -172.616867 -12.408075 -198.105469
v -172.602554 14.980820 -201.500000
v -172.602554 14.980820 -182.500000
v -172.594437 -15.490839 -201.500000
v -172.594437 -15.490839 -182.500000
v -172.569626 -15.597717 -192.000000
v -172.569626 -14.756556 -192.000000
v -172.569626 14.829419 -192.000000
v -172.569626 15.670581 -192.000000
v -172.569611 17.806623 -201.500000
v -172.548492 12.442131 -198.105469
v -172.537674 -14.651595 -201.500000
v -172.537674 -14.651595 -182.500000
v -172.522446 15.818158 -201.500000
v -172.522446 15.818158 -182.500000
v -172.501160 -12.579733 -201.500000
v -172.478271 14.575221 -201.500000
v -172.478271 14.575221 -182.500000
v -172.458908 -15.892819 -201.500000
v -172.458908 -15.892819 -182.500000
v -172.430542 -12.307379 -198.105469
v -172.419495 -12.746106 -196.418289
v -172.407288 -15.989636 -192.000000
v -172.407288 -14.364636 -192.000000
v -172.407288 14.437500 -192.000000
v -172.407288 16.062500 -192.000000
v -172.368652 12.350214 -198.105469
v -172.359467 12.784899 -196.418289
v -172.349258 -14.271523 -201.500000
v -172.349258 -14.271523 -182.500000
v -172.323517 16.192835 -201.500000
v -172.323517 16.192835 -182.500000
v -172.300400 -12.950055 -194.702469
v -172.284866 -17.888063 -201.500000
v -172.260605 -13.018227 -192.972275
v -172.260605 -13.018227 -182.500000
v -172.255905 -12.657702 -196.418289
v -172.253265 14.215608 -201.500000
v -172.253265 14.215608 -182.500000
v -172.245407 12.991706 -194.702469
v -172.237976 -12.219202 -198.105469
v -172.223969 -16.246027 -201.500000
v -172.223969 -16.246027 -182.500000
v -172.212418 12.505908 -201.500000
v -172.207291 13.060833 -192.972275
v -172.207291 13.060833 -182.500000
v -172.201569 12.704203 -196.418289
v -172.197784 11.696439 -203.750000
v -172.197769 -11.623570 -203.750000
v -172.183380 12.269801 -198.105469
v -172.169296 -11.614099 -199.750000
v -172.150543 -12.869067 -194.702469
v -172.149048 -16.326185 -192.000000
v -172.149048 -14.028088 -192.000000
v -172.149048 14.100952 -192.000000
v -172.149048 16.399050 -192.000000
v -172.116760 11.670146 -199.750000
v -172.100769 12.917780 -194.702469
v -172.086853 -12.580290 -196.418289
v -172.068893 -13.953169 -201.500000
v -172.068893 -13.953169 -182.500000
v -172.063812 -17.982185 -205.000000
v -172.063812 -12.372087 -205.000000
v -172.063812 12.444952 -205.000000
v -172.063812 18.055050 -205.000000
v -172.040009 -12.143929 -198.105469
v -172.038910 12.633607 -196.418289
v -172.034393 16.503260 -201.500000
v -172.034393 16.503260 -182.500000
v -171.995667 -12.798149 -194.702469
v -171.993408 12.201213 -198.105469
v -171.951752 12.853106 -194.702469
v -171.942841 13.926487 -201.500000
v -171.942841 13.926487 -182.500000
v -171.913055 -12.514206 -196.418289
v -171.912155 18.107965 -201.500000
v -171.905609 -16.526392 -201.500000
v -171.905609 -16.526392 -182.500000
v -171.872131 12.573391 -196.418289
v -171.837509 -12.081891 -198.105469
v -171.836456 -12.737610 -194.702469
v -171.835938 -12.295957 -201.500000
v -171.812500 -16.584429 -192.000000
v -171.812500 -13.769845 -192.000000
v -171.812500 13.842709 -192.000000
v -171.812500 16.657291 -192.000000
v -171.799500 12.144719 -198.105469
v -171.798965 12.797942 -194.702469
v -171.779526 -12.801778 -192.972275
v -171.779526 -12.801778 -182.500000
v -171.735260 -12.459740 -196.418289
v -171.715683 -13.718225 -201.500000
v -171.715683 -13.718225 -182.500000
v -171.701904 12.523794 -196.418289
v -171.674774 16.728275 -201.500000
v -171.674774 16.728275 -182.500000
v -171.673584 -12.687713 -194.702469
v -171.643021 12.752506 -194.702469
v -171.631348 -12.033355 -198.105469
v -171.623337 12.828956 -192.972275
v -171.623337 12.828956 -182.500000
v -171.602417 12.100547 -198.105469
v -171.598755 -18.116777 -201.500000
v -171.568161 13.727561 -201.500000
v -171.568161 13.727561 -182.500000
v -171.554276 -12.417130 -196.418289
v -171.528870 12.485013 -196.418289
v -171.525543 -16.714808 -201.500000
v -171.525543 -16.714808 -182.500000
v -171.520477 12.295496 -201.500000
v -171.507782 -12.648677 -194.702469
v -171.484512 12.716979 -194.702469
v -171.422440 -11.998534 -198.105469
v -171.420578 -16.746765 -192.000000
v -171.420578 -13.607507 -192.000000
v -171.420578 13.680371 -192.000000
v -171.420578 16.819630 -192.000000
v -171.405594 11.521998 -203.750000
v -171.405579 -11.449134 -203.750000
v -171.402939 12.068869 -198.105469
v -171.395645 -11.448066 -199.750000
v -171.377350 11.519033 -199.750000
v -171.370865 -12.386559 -196.418289
v -171.361603 -18.155264 -205.000000
v -171.361603 -12.199010 -205.000000
v -171.361603 12.271873 -205.000000
v -171.361603 18.228127 -205.000000
v -171.353760 12.457202 -196.418289
v -171.339752 -12.620672 -194.702469
v -171.324081 12.691501 -194.702469
v -171.313705 -13.582704 -201.500000
v -171.313705 -13.582704 -182.500000
v -171.269180 16.852551 -201.500000
v -171.269180 16.852551 -182.500000
v -171.263763 -12.691090 -192.972275
v -171.263763 -12.691090 -182.500000
v -171.211685 -11.977581 -198.105469
v -171.201874 12.049811 -198.105469
v -171.201706 18.243212 -201.500000
v -171.185837 -12.368164 -196.418289
v -171.177231 12.440472 -196.418289
v -171.170242 -12.603820 -194.702469
v -171.162354 12.676174 -194.702469
v -171.154755 13.632387 -201.500000
v -171.154755 13.632387 -182.500000
v -171.122147 -12.179624 -201.500000
v -171.109650 -16.798433 -201.500000
v -171.109650 -16.798433 -182.500000
v -171.000000 -16.802137 -192.000000
v -171.000000 -13.552136 -192.000000
v -171.000000 -12.598194 -194.702469
v -171.000000 -12.362023 -196.418289
v -171.000000 -11.970587 -198.105469
v -171.000000 12.043450 -198.105469
v -171.000000 12.434887 -196.418289
v -171.000000 12.671058 -194.702469
v -171.000000 12.750000 -192.972275
v -171.000000 12.750000 -182.500000
v -171.000000 13.625000 -192.000000
v -171.000000 16.875000 -192.000000
v -170.890350 -13.555840 -201.500000
v -170.890350 -13.555840 -182.500000
v -170.877853 -18.174648 -201.500000
v -170.845245 16.867615 -201.500000
v -170.845245 16.867615 -182.500000
v -170.837646 12.676174 -194.702469
v -170.829758 -12.603820 -194.702469
v -170.822769 12.440472 -196.418289
v -170.814163 -12.368164 -196.418289
v -170.798294 12.256788 -201.500000
v -170.798126 12.049811 -198.105469
v -170.788315 -11.977581 -198.105469
v -170.736237 -12.691090 -192.972275
v -170.736237 -12.691090 -182.500000
v -170.730820 13.647450 -201.500000
v -170.730820 13.647450 -182.500000
v -170.686295 -16.771568 -201.500000
v -170.686295 -16.771568 -182.500000
v -170.675919 12.691501 -194.702469
v -170.660248 -12.620672 -194.702469
v -170.646240 12.457202 -196.418289
v -170.638397 -18.155264 -205.000000
v -170.638397 -12.199010 -205.000000
v -170.638397 12.271873 -205.000000
v -170.638397 18.228127 -205.000000
v -170.629135 -12.386559 -196.418289
v -170.622650 11.519033 -199.750000
v -170.604355 -11.448066 -199.750000
v -170.597061 12.068869 -198.105469
v -170.594421 -11.449134 -203.750000
v -170.594406 11.521998 -203.750000
v -170.579422 -16.746765 -192.000000
v -170.579422 -13.607507 -192.000000
v -170.579422 13.680371 -192.000000
v -170.579422 16.819630 -192.000000
v -170.577560 -11.998534 -198.105469
v -170.515488 12.716979 -194.702469
v -170.492218 -12.648677 -194.702469
v -170.479523 18.204504 -201.500000
v -170.474457 -13.639466 -201.500000
v -170.474457 -13.639466 -182.500000
v -170.471130 12.485013 -196.418289
v -170.445724 -12.417130 -196.418289
v -170.431839 16.772440 -201.500000
v -170.431839 16.772440 -182.500000
v -170.401245 -12.237496 -201.500000
v -170.397583 12.100547 -198.105469
v -170.376663 12.828956 -192.972275
v -170.376663 12.828956 -182.500000
v -170.368652 -12.033355 -198.105469
v -170.356979 12.752506 -194.702469
v -170.326416 -12.687713 -194.702469
v -170.325226 13.771725 -201.500000
v -170.325226 13.771725 -182.500000
v -170.298096 12.523794 -196.418289
v -170.284317 -16.636047 -201.500000
v -170.284317 -16.636047 -182.500000
v -170.264740 -12.459740 -196.418289
v -170.220474 -12.801778 -192.972275
v -170.220474 -12.801778 -182.500000
v -170.201035 12.797942 -194.702469
v -170.200500 12.144719 -198.105469
v -170.187500 -16.584429 -192.000000
v -170.187500 -13.769845 -192.000000
v -170.187500 13.842709 -192.000000
v -170.187500 16.657291 -192.000000
v -170.164062 -18.058317 -201.500000
v -170.163544 -12.737610 -194.702469
v -170.162491 -12.081891 -198.105469
v -170.127869 12.573391 -196.418289
v -170.094391 -13.827881 -201.500000
v -170.094391 -13.827881 -182.500000
v -170.087845 12.392035 -201.500000
v -170.086945 -12.514206 -196.418289
v -170.057159 16.573513 -201.500000
v -170.057159 16.573513 -182.500000
v -170.048248 12.853106 -194.702469
v -170.006592 12.201213 -198.105469
v -170.004333 -12.798149 -194.702469
v -169.965607 13.996741 -201.500000
v -169.965607 13.996741 -182.500000
v -169.961090 12.633607 -196.418289
v -169.959991 -12.143929 -198.105469
v -169.936188 -17.982185 -205.000000
v -169.936188 -12.372087 -205.000000
v -169.936188 12.444952 -205.000000
v -169.936188 18.055050 -205.000000
v -169.931107 -16.401104 -201.500000
v -169.931107 -16.401104 -182.500000
v -169.913147 -12.580290 -196.418289
v -169.899231 12.917780 -194.702469
v -169.883240 11.670146 -199.750000
v -169.850952 -16.326185 -192.000000
v -169.850952 -14.028088 -192.000000
v -169.850952 14.100952 -192.000000
v -169.850952 16.399050 -192.000000
v -169.849457 -12.869067 -194.702469
v -169.830704 -11.614099 -199.750000
v -169.816620 12.269801 -198.105469
v -169.802216 -11.623570 -203.750000
v -169.802216 11.696439 -203.750000
v -169.798431 12.704203 -196.418289
v -169.792709 13.060833 -192.972275
v -169.792709 13.060833 -182.500000
v -169.787582 17.994093 -201.500000
v -169.776031 -14.108246 -201.500000
v -169.776031 -14.108246 -182.500000
v -169.762024 -12.219202 -198.105469
v -169.754593 12.991706 -194.702469
v -169.746735 16.284393 -201.500000
v -169.746735 16.284393 -182.500000
v -169.744095 -12.657702 -196.418289
v -169.739395 -13.018227 -192.972275
v -169.739395 -13.018227 -182.500000
v -169.715134 -12.466209 -201.500000
v -169.699600 -12.950055 -194.702469
v -169.676483 14.307165 -201.500000
v -169.676483 14.307165 -182.500000
v -169.650742 -16.082748 -201.500000
v -169.650742 -16.082748 -182.500000
v -169.640533 12.784899 -196.418289
v -169.631348 12.350214 -198.105469
v -169.592712 -15.989636 -192.000000
v -169.592712 -14.364636 -192.000000
v -169.592712 14.437500 -192.000000
v -169.592712 16.062500 -192.000000
v -169.580505 -12.746106 -196.418289
v -169.569458 -12.307379 -198.105469
v -169.541092 -14.461453 -201.500000
v -169.541092 -14.461453 -182.500000
v -169.521729 15.924779 -201.500000
v -169.521729 15.924779 -182.500000
v -169.498840 -17.774540 -201.500000
v -169.477554 14.681843 -201.500000
v -169.477554 14.681843 -182.500000
v -169.462326 -15.702679 -201.500000
v -169.462326 -15.702679 -182.500000
v -169.451508 12.442131 -198.105469
v -169.430389 12.693377 -201.500000
v -169.430374 -15.597717 -192.000000
v -169.430374 -14.756556 -192.000000
v -169.430374 14.829419 -192.000000
v -169.430374 15.670581 -192.000000
v -169.405563 -14.863434 -201.500000
v -169.405563 -14.863434 -182.500000
v -169.397446 15.519181 -201.500000
v -169.397446 15.519181 -182.500000
v -169.383133 -12.408075 -198.105469
v -169.382385 15.095238 -201.500000
v -169.382385 15.095238 -182.500000
v -169.378708 -15.286793 -201.500000
v -169.378708 -15.286793 -182.500000
v -169.375000 -15.177136 -192.000000
v -169.375000 15.250000 -192.000000
v -169.295807 -17.646088 -205.000000
v -169.295807 -12.708185 -205.000000
v -169.295807 12.781049 -205.000000
v -169.295807 17.718952 -205.000000
v -169.189072 11.966249 -199.750000
v -169.184647 12.757100 -197.559540
v -169.166107 17.624203 -201.500000
v -169.163132 13.154549 -195.870621
v -169.156754 12.417565 -198.665253
v -169.134476 13.418020 -182.500000
v -169.114914 12.008250 -199.750000
v -169.109100 -11.938771 -199.750000
v -169.103699 -12.852471 -201.500000
v -169.086838 -13.393295 -182.500000
v -169.073441 -12.758822 -197.563599
v -169.066071 -11.964281 -203.750000
v -169.066055 12.037156 -203.750000
v -169.065796 13.414912 -194.157852
v -169.055725 -12.409740 -198.667282
v -169.041733 12.051925 -199.750000
v -169.035645 -11.982800 -199.750000
v -169.033676 -13.172150 -195.877762
v -168.969559 12.097252 -199.750000
v -168.963196 -12.028495 -199.750000
v -168.945633 12.536011 -198.683624
v -168.920853 -17.339813 -201.500000
v -168.914612 -13.450140 -194.168091
v -168.891815 -12.075832 -199.750000
v -168.864166 13.143301 -201.500000
v -168.851440 12.938785 -197.596390
v -168.817505 -12.551525 -198.691589
v -168.796417 12.803563 -198.158371
v -168.792526 13.599023 -193.026260
v -168.754471 -17.166504 -205.000000
v -168.754471 -13.187769 -205.000000
v -168.754471 13.260633 -205.000000
v -168.754471 17.239368 -205.000000
v -168.747742 -13.583541 -193.026810
v -168.733856 -12.787349 -198.158905
v -168.696808 -12.975964 -197.612381
v -168.651215 17.116335 -201.500000
v -168.644760 13.430506 -195.935394
v -168.602478 -13.373836 -201.500000
v -168.542847 13.376727 -196.524551
v -168.492188 -13.367717 -196.525650
v -168.476730 12.812754 -198.837051
v -168.471420 13.766212 -182.500000
v -168.463715 -16.779398 -201.500000
v -168.446945 -13.501496 -195.963501
v -168.429214 -13.759398 -182.500000
v -168.422058 13.715658 -201.500000
v -168.420425 -12.455324 -203.750000
v -168.420395 12.528209 -203.750000
v -168.379181 13.168519 -197.911148
v -168.367172 12.579665 -199.750000
v -168.361252 13.783702 -194.250671
v -168.343628 -16.571306 -205.000000
v -168.343628 -13.782967 -205.000000
v -168.343628 13.855831 -205.000000
v -168.343628 16.644171 -205.000000
v -168.320816 -12.553302 -199.750000
v -168.294800 -12.898164 -198.889542
v -168.272827 16.500000 -201.500000
v -168.240585 -14.000000 -201.500000
v -168.216187 -13.232432 -198.018341
v -168.210999 13.811884 -194.862427
v -168.172440 13.627299 -196.503586
v -168.168869 -13.812014 -194.864059
v -168.153961 -16.125866 -201.500000
v -168.129807 13.099835 -198.989975
v -168.129776 14.377186 -201.500000
v -168.116440 -13.889810 -194.290955
v -168.087173 -15.895083 -205.000000
v -168.087173 -14.459189 -205.000000
v -168.087173 14.532053 -205.000000
v -168.087173 15.967947 -205.000000
v -168.065216 13.385289 -198.222702
v -168.052917 15.811022 -201.500000
v -168.039993 -13.671771 -196.696030
v -168.039062 -14.694576 -201.500000
v -168.009613 -15.417196 -201.500000
v -168.004303 15.089437 -201.500000
v -168.000000 -15.177136 -205.000000
v -168.000000 15.250000 -205.000000
v -167.919998 13.768896 -197.061340
v -167.895462 -13.073723 -203.750000
v -167.895447 13.146620 -203.750000
v -167.894333 13.993757 -195.081329
v -167.876282 13.175178 -199.750000
v -167.873917 -13.326514 -199.101974
v -167.855377 -13.134141 -199.750000
v -167.832581 13.435658 -199.151169
v -167.829971 -13.567573 -198.449539
v -167.803696 14.105342 -193.186081
v -167.803696 14.105342 -182.500000
v -167.794754 -14.034530 -195.361572
v -167.791245 13.653618 -198.548859
v -167.766632 -14.116468 -193.188263
v -167.766632 -14.116468 -182.500000
v -167.725433 -13.901452 -197.464493
v -167.717346 14.097599 -195.891769
v -167.695938 13.957758 -197.640442
v -167.614136 14.228568 -190.931107
v -167.614136 14.228568 -186.715546
v -167.614136 14.228568 -182.500000
v -167.612045 14.230301 -194.586105
v -167.590424 13.814541 -199.320404
v -167.587570 -14.237880 -190.857697
v -167.587570 -14.237880 -186.678848
v -167.587570 -14.237880 -182.500000
v -167.585312 -14.239807 -194.537033
v -167.574875 -14.201191 -196.474457
v -167.565308 13.968040 -198.889542
v -167.560898 14.233854 -196.728104
v -167.550613 -13.832202 -199.331680
v -167.527298 -13.985909 -198.912186
v -167.517700 13.858567 -199.750000
v -167.515778 -13.790543 -203.750000
v -167.515747 13.863451 -203.750000
v -167.513809 -13.795468 -199.750000
v -167.509125 14.189198 -198.241470
v -167.474442 -14.208275 -198.281265
v -167.457108 14.391229 -195.146652
v -167.457108 14.391229 -190.931107
v -167.457108 14.391229 -186.715546
v -167.457108 14.391229 -182.500000
v -167.454697 14.394379 -196.055847
v -167.453613 14.109107 -199.448639
v -167.438812 -14.394961 -195.036545
v -167.438812 -14.394961 -190.857697
v -167.438812 -14.394961 -186.678848
v -167.438812 -14.394961 -182.500000
v -167.436996 14.217947 -199.146851
v -167.436066 -14.398578 -195.955872
v -167.430801 14.399192 -197.591965
v -167.430588 -14.106199 -199.454697
v -167.414017 -14.218611 -199.158966
v -167.402542 14.377692 -198.693542
v -167.400177 -14.420556 -197.649048
v -167.379822 -14.383986 -198.714798
v -167.356674 14.533126 -198.239746
v -167.351822 14.413304 -199.585907
v -167.341690 14.479250 -199.421738
v -167.341095 -14.385849 -199.590347
v -167.340622 14.585008 -195.146652
v -167.340622 14.585008 -190.931107
v -167.340622 14.585008 -186.715546
v -167.340622 14.585008 -182.500000
v -167.338669 14.589487 -197.592880
v -167.334442 -14.545377 -198.270157
v -167.329544 -14.458836 -199.430618
v -167.328613 14.504079 -199.631180
v -167.327316 -14.580362 -195.036545
v -167.327316 -14.580362 -190.857697
v -167.327316 -14.580362 -186.678848
v -167.327316 -14.580362 -182.500000
v -167.325058 -14.585294 -197.455368
v -167.323471 14.577399 -199.175385
v -167.320084 14.557673 -199.512314
v -167.311905 -14.506569 -199.667648
v -167.311478 14.580564 -199.677429
v -167.309601 -14.511229 -199.750000
v -167.309555 -14.511426 -199.749985
v -167.309525 -14.511624 -199.749954
v -167.309448 -14.512020 -199.749893
v -167.309311 -14.512801 -199.749680
v -167.309250 -14.567590 -199.190948
v -167.309036 -14.514327 -199.749130
v -167.308517 -14.517238 -199.747635
v -167.307556 -14.522606 -199.743774
v -167.306610 14.600890 -199.750000
v -167.306503 14.601468 -199.749924
v -167.306412 14.602036 -199.749771
v -167.306213 14.603145 -199.749374
v -167.305893 -14.532089 -199.734238
v -167.305847 14.605260 -199.748276
v -167.305649 14.637695 -199.334000
v -167.305161 14.609158 -199.745483
v -167.304428 -14.541765 -199.702332
v -167.304306 14.615831 -199.707092
v -167.304199 14.623866 -199.604858
v -167.303970 14.616035 -199.738556
v -167.303162 -14.547920 -199.711853
v -167.302094 -14.563135 -199.585281
v -167.302017 14.627550 -199.722275
v -167.301682 14.674609 -198.928940
v -167.299103 -14.572242 -203.750000
v -167.299103 -14.572242 -199.662918
v -167.299103 14.645162 -203.750000
v -167.299103 14.645162 -199.686829
v -167.298264 14.694499 -198.406403
v -167.297592 14.654418 -199.664169
v -167.292603 14.688681 -199.496002
v -167.289261 14.717269 -199.155655
v -167.286407 -14.647785 -199.461716
v -167.285751 -14.685520 -198.256058
v -167.285431 -14.675453 -198.951187
v -167.284317 -14.656848 -199.478836
v -167.282745 14.747937 -198.841370
v -167.280167 14.753326 -199.387115
v -167.276199 14.774525 -199.078506
v -167.270660 14.800000 -199.362198
v -167.270660 14.800000 -182.500000
v -167.270462 -14.736106 -198.692657
v -167.258636 -14.783862 -199.218521
v -167.258301 -14.785404 -199.215378
v -167.258301 -14.785404 -182.500000
v -167.090454 -15.348344 -203.750000
v -167.090454 -15.348344 -193.125000
v -167.090454 15.421274 -203.750000
v -167.090454 15.421274 -193.125000
v -167.040390 15.546584 -182.500000
v -167.020325 -15.520654 -182.500000
v -167.000000 -12.927021 -210.000000
v -167.000000 -12.927021 -205.000000
v -167.000000 13.000000 -210.000000
v -167.000000 13.000000 -205.000000
v -166.940109 -13.840704 -210.059891
v -166.940109 13.913683 -210.059891
v -166.924408 -13.953009 -205.000000
v -166.924408 14.025988 -205.000000
v -166.761475 -14.738754 -210.238525
v -166.761475 14.811733 -210.238525
v -166.730865 -16.067072 -203.750000
v -166.730865 -16.067072 -193.125000
v -166.730865 16.140015 -203.750000
v -166.730865 16.140015 -193.125000
v -166.699249 -14.956835 -205.000000
v -166.699249 15.029814 -205.000000
v -166.669373 16.234165 -182.500000
v -166.645401 -16.196417 -182.500000
v -166.467163 -15.605804 -210.448151
v -166.467163 15.678784 -210.448151
v -166.329391 -15.916820 -205.000000
v -166.329391 15.989799 -205.000000
v -166.234863 -16.699411 -203.750000
v -166.234863 -16.699411 -193.125000
v -166.234863 16.772366 -203.750000
v -166.234863 16.772366 -193.125000
v -166.171799 16.836510 -182.500000
v -166.147522 -16.787474 -182.500000
v -166.062180 -16.427021 -210.600510
v -166.062180 16.500000 -210.600510
v -165.822815 -16.812225 -205.000000
v -165.822815 16.885204 -205.000000
v -165.622467 -17.219839 -203.750000
v -165.622467 -17.219839 -193.125000
v -165.622467 17.292803 -203.750000
v -165.622467 17.292803 -193.125000
v -165.566605 17.330641 -182.500000
v -165.553467 -17.188351 -210.692978
v -165.553467 17.261330 -210.692978
v -165.545288 -17.271757 -182.500000
v -165.190475 -17.623714 -205.000000
v -165.190475 17.696693 -205.000000
v -164.949753 -17.876768 -210.723969
v -164.949753 17.949747 -210.723969
v -164.918396 -17.607344 -203.750000
v -164.918396 -17.607344 -193.125000
v -164.918396 17.680317 -203.750000
v -164.918396 17.680317 -193.125000
v -164.876907 17.697704 -182.500000
v -164.861160 -17.631195 -182.500000
v -164.446030 -18.333759 -205.000000
v -164.446030 18.406738 -205.000000
v -164.261337 -18.480494 -210.692978
v -164.261337 18.553473 -210.692978
v -164.151093 -17.846287 -203.750000
v -164.151093 -17.846287 -193.125000
v -164.151077 17.919264 -203.750000
v -164.151077 17.919264 -193.125000
v -164.129028 17.923698 -182.500000
v -164.120682 -17.852367 -182.500000
v -163.605545 -18.927021 -205.000000
v -163.605545 19.000000 -205.000000
v -163.500000 -18.989199 -210.600510
v -163.500000 19.062178 -210.600510
v -163.351486 -17.927021 -203.750000
v -163.351486 -17.927021 -182.500000
v -163.351471 18.000000 -203.750000
v -163.351471 18.000000 -182.500000
v -163.000000 -17.927021 -203.750000
v -163.000000 -17.927021 -190.550003
v -163.000000 18.000000 -203.750000
v -163.000000 18.000000 -190.550003
v -162.763443 -19.358461 -204.568558
v -162.763443 19.431440 -204.568558
v -162.678787 -19.394178 -210.448151
v -162.678787 19.467157 -210.448151
v -162.324890 -17.884762 -191.047897
v -162.324890 17.957741 -191.047897
v -162.044937 -17.843464 -203.750000
v -162.044937 17.916443 -203.750000
v -162.000000 -9.977273 -215.000000
v -162.000000 10.050253 -215.000000
v -161.978806 -10.527390 -215.000000
v -161.978806 10.600369 -215.000000
v -161.915314 -11.053957 -215.000000
v -161.915314 11.126936 -215.000000
v -161.870834 -19.672390 -204.254639
v -161.870834 19.745369 -204.254639
v -161.811737 -19.688501 -210.238525
v -161.811737 19.761480 -210.238525
v -161.809784 -11.554716 -215.000000
v -161.809784 11.627696 -215.000000
v -161.662689 -12.027526 -215.000000
v -161.662689 12.100505 -215.000000
v -161.628403 -17.753044 -191.556213
v -161.628403 17.826023 -191.556213
v -161.474640 -12.470361 -215.000000
v -161.474640 12.543340 -215.000000
v -161.410660 -19.783407 -204.143616
v -161.410660 19.856386 -204.143616
v -161.246445 -12.881323 -215.000000
v -161.246445 12.954303 -215.000000
v -161.118896 -17.595331 -203.750000
v -161.118896 17.668310 -203.750000
v -160.979095 -13.258656 -215.000000
v -160.979095 13.331635 -215.000000
v -160.944046 -19.863071 -204.063950
v -160.944046 19.936050 -204.063950
v -160.937393 -17.525152 -192.049057
v -160.937393 17.598131 -192.049057
v -160.913681 -19.867134 -210.059891
v -160.913681 19.940115 -210.059891
v -160.673721 -13.600740 -215.000000
v -160.673721 13.673719 -215.000000
v -160.473099 -19.911015 -204.016006
v -160.473099 19.983994 -204.016006
v -160.331635 -13.906113 -215.000000
v -160.331635 13.979093 -215.000000
v -160.276367 -17.204655 -192.501709
v -160.276367 17.277634 -192.501709
v -160.250000 -17.190161 -203.750000
v -160.250000 17.263140 -203.750000
v -160.000000 -19.927021 -210.000000
v -160.000000 -19.927021 -204.000000
v -160.000000 20.000000 -210.000000
v -160.000000 20.000000 -204.000000
v -159.954300 -14.173467 -215.000000
v -159.954300 14.246446 -215.000000
v -159.665665 -16.800900 -192.892639
v -159.665665 16.873878 -192.892639
v -159.543335 -14.401656 -215.000000
v -159.543335 14.474635 -215.000000
v -159.464661 -16.640265 -203.750000
v -159.464661 16.713243 -203.750000
v -159.100510 -14.589704 -215.000000
v -159.100510 14.662683 -215.000000
v -159.073792 -16.278246 -193.228226
v -159.073792 16.351225 -193.228226
v -158.794098 -15.971017 -193.362427
v -158.794098 16.043995 -193.362427
v -158.786758 -15.962353 -203.750000
v -158.786758 16.035332 -203.750000
v -158.627701 -14.736805 -215.000000
v -158.627701 14.809784 -215.000000
v -158.535538 -15.638295 -193.463852
v -158.535538 15.711274 -193.463852
v -158.302994 -15.287616 -193.527771
v -158.302994 15.360595 -193.527771
v -158.236862 -15.177021 -203.750000
v -158.236862 15.250000 -203.750000
v -158.126938 -14.842329 -215.000000
v -158.126938 14.915308 -215.000000
v -158.101013 -14.927021 -193.550003
v -158.101013 15.000000 -193.550003
v -157.831696 -14.308131 -203.750000
v -157.831696 14.381111 -203.750000
v -157.769897 -14.128786 -193.550003
v -157.769897 14.201766 -193.550003
v -157.600372 -14.905826 -215.000000
v -157.600372 14.978805 -215.000000
v -157.583557 -13.382086 -203.750000
v -157.583557 13.455065 -203.750000
v -157.567886 -13.288538 -193.550003
v -157.567886 13.361518 -193.550003
v -157.500000 -12.427021 -203.750000
v -157.500000 -12.427021 -193.550003
v -157.500000 -1.000000 -196.750000
v -157.500000 -1.000000 -193.550003
v -157.500000 1.000000 -196.750000
v -157.500000 1.000000 -193.550003
v -157.500000 12.500000 -203.750000
v -157.500000 12.500000 -193.550003
v -157.050247 -14.927021 -215.000000
v -157.050247 15.000000 -215.000000
v -155.939041 5.000000 -202.750000
v -155.939041 5.000000 -198.149994
v -155.939041 5.000000 -193.550003
v -155.906662 4.754122 -202.750000
v -155.906662 4.754122 -198.149994
v -155.906662 4.754122 -193.550003
v -155.906662 5.245878 -202.750000
v -155.906662 5.245878 -198.149994
v -155.906662 5.245878 -193.550003
v -155.811752 4.525000 -202.750000
v -155.811752 4.525000 -198.149994
v -155.811752 4.525000 -193.550003
v -155.811752 5.475000 -202.750000
v -155.811752 5.475000 -198.149994
v -155.811752 5.475000 -193.550003
v -155.699997 -5.000000 -202.750000
v -155.699997 -5.000000 -198.149994
v -155.699997 -5.000000 -193.550003
v -155.667633 -5.245878 -202.750000
v -155.667633 -5.245878 -198.149994
v -155.667633 -5.245878 -193.550003
v -155.667633 -4.754122 -202.750000
v -155.667633 -4.754122 -198.149994
v -155.667633 -4.754122 -193.550003
v -155.660782 4.328249 -202.750000
v -155.660782 4.328249 -198.149994
v -155.660782 4.328249 -193.550003
v -155.660782 5.671751 -202.750000
v -155.660782 5.671751 -198.149994
v -155.660782 5.671751 -193.550003
v -155.572723 -5.475000 -202.750000
v -155.572723 -5.475000 -198.149994
v -155.572723 -5.475000 -193.550003
v -155.572723 -4.525000 -202.750000
v -155.572723 -4.525000 -198.149994
v -155.572723 -4.525000 -193.550003
v -155.464035 4.177276 -202.750000
v -155.464035 4.177276 -198.149994
v -155.464035 4.177276 -193.550003
v -155.464035 5.822724 -202.750000
v -155.464035 5.822724 -198.149994
v -155.464035 5.822724 -193.550003
v -155.421753 -5.671751 -202.750000
v -155.421753 -5.671751 -198.149994
v -155.421753 -5.671751 -193.550003
v -155.421753 -4.328249 -202.750000
v -155.421753 -4.328249 -198.149994
v -155.421753 -4.328249 -193.550003
v -155.234909 4.082371 -202.750000
v -155.234909 4.082371 -198.149994
v -155.234909 4.082371 -193.550003
v -155.234909 5.917630 -202.750000
v -155.234909 5.917630 -198.149994
v -155.234909 5.917630 -193.550003
v -155.225006 -5.822724 -202.750000
v -155.225006 -5.822724 -198.149994
v -155.225006 -5.822724 -193.550003
v -155.225006 -4.177276 -202.750000
v -155.225006 -4.177276 -198.149994
v -155.225006 -4.177276 -193.550003
v -154.995880 -5.917629 -202.750000
v -154.995880 -5.917629 -198.149994
v -154.995880 -5.917629 -193.550003
v -154.995880 -4.082370 -202.750000
v -154.995880 -4.082370 -198.149994
v -154.995880 -4.082370 -193.550003
v -154.989029 4.050000 -202.750000
v -154.989029 4.050000 -198.149994
v -154.989029 4.050000 -193.550003
v -154.989029 5.950000 -202.750000
v -154.989029 5.950000 -198.149994
v -154.989029 5.950000 -193.550003
v -154.750000 -17.851805 -191.217560
v -154.750000 -17.629927 -191.851654
v -154.750000 -17.272516 -192.420471
v -154.750000 -16.800966 -192.892715
v -154.750000 -16.228672 -193.252899
v -154.750000 -15.594584 -193.474777
v -154.750000 -5.950000 -202.750000
v -154.750000 -5.950000 -198.149994
v -154.750000 -5.950000 -193.550003
v -154.750000 -4.050000 -202.750000
v -154.750000 -4.050000 -198.149994
v -154.750000 -4.050000 -193.550003
v -154.750000 15.667562 -193.474777
v -154.750000 16.301651 -193.252899
v -154.750000 16.873947 -192.892715
v -154.750000 17.345495 -192.420471
v -154.750000 17.702906 -191.851654
v -154.750000 17.924784 -191.217560
v -154.743164 4.082371 -202.750000
v -154.743164 4.082371 -198.149994
v -154.743164 4.082371 -193.550003
v -154.743164 5.917630 -202.750000
v -154.743164 5.917630 -198.149994
v -154.743164 5.917630 -193.550003
v -154.514038 4.177276 -202.750000
v -154.514038 4.177276 -198.149994
v -154.514038 4.177276 -193.550003
v -154.514038 5.822724 -202.750000
v -154.514038 5.822724 -198.149994
v -154.514038 5.822724 -193.550003
v -154.504120 -5.917629 -202.750000
v -154.504120 -5.917629 -198.149994
v -154.504120 -5.917629 -193.550003
v -154.504120 -4.082370 -202.750000
v -154.504120 -4.082370 -198.149994
v -154.504120 -4.082370 -193.550003
v -154.317276 4.328249 -202.750000
v -154.317276 4.328249 -198.149994
v -154.317276 4.328249 -193.550003
v -154.317276 5.671751 -202.750000
v -154.317276 5.671751 -198.149994
v -154.317276 5.671751 -193.550003
v -154.274994 -5.822724 -202.750000
v -154.274994 -5.822724 -198.149994
v -154.274994 -5.822724 -193.550003
v -154.274994 -4.177276 -202.750000
v -154.274994 -4.177276 -198.149994
v -154.274994 -4.177276 -193.550003
v -154.166306 4.525000 -202.750000
v -154.166306 4.525000 -198.149994
v -154.166306 4.525000 -193.550003
v -154.166306 5.475000 -202.750000
v -154.166306 5.475000 -198.149994
v -154.166306 5.475000 -193.550003
v -154.078247 -5.671751 -202.750000
v -154.078247 -5.671751 -198.149994
v -154.078247 -5.671751 -193.550003
v -154.078247 -4.328249 -202.750000
v -154.078247 -4.328249 -198.149994
v -154.078247 -4.328249 -193.550003
v -154.071411 4.754122 -202.750000
v -154.071411 4.754122 -198.149994
v -154.071411 4.754122 -193.550003
v -154.071411 5.245878 -202.750000
v -154.071411 5.245878 -198.149994
v -154.071411 5.245878 -193.550003
v -154.039032 5.000000 -202.750000
v -154.039032 5.000000 -198.149994
v -154.039032 5.000000 -193.550003
v -153.927277 -5.475000 -202.750000
v -153.927277 -5.475000 -198.149994
v -153.927277 -5.475000 -193.550003
v -153.927277 -4.525000 -202.750000
v -153.927277 -4.525000 -198.149994
v -153.927277 -4.525000 -193.550003
v -153.832367 -5.245878 -202.750000
v -153.832367 -5.245878 -198.149994
v -153.832367 -5.245878 -193.550003
v -153.832367 -4.754122 -202.750000
v -153.832367 -4.754122 -198.149994
v -153.832367 -4.754122 -193.550003
v -153.800003 -5.000000 -202.750000
v -153.800003 -5.000000 -198.149994
v -153.800003 -5.000000 -193.550003
v -152.000000 -12.427021 -202.750000
v -152.000000 -12.427021 -193.550003
v -152.000000 -1.000000 -196.750000
v -152.000000 -1.000000 -193.550003
v -152.000000 1.000000 -196.750000
v -152.000000 1.000000 -193.550003
v -152.000000 12.500000 -202.750000
v -152.000000 12.500000 -193.550003
v -151.932114 -13.288538 -193.550003
v -151.932114 13.361518 -193.550003
v -151.916443 -13.382086 -202.750000
v -151.916443 13.455065 -202.750000
v -151.730103 -14.128786 -193.550003
v -151.730103 14.201766 -193.550003
v -151.668304 -14.308131 -202.750000
v -151.668304 14.381111 -202.750000
v -151.398987 -14.927021 -193.550003
v -151.398987 15.000000 -193.550003
v -151.263138 -15.177021 -202.750000
v -151.263138 15.250000 -202.750000
v -151.197006 -15.287616 -193.527771
v -151.197006 15.360595 -193.527771
v -150.964462 -15.638295 -193.463852
v -150.964462 15.711274 -193.463852
v -150.713242 -15.962353 -202.750000
v -150.713242 16.035332 -202.750000
v -150.705902 -15.971017 -193.362427
v -150.705902 16.043995 -193.362427
v -150.426208 -16.278246 -193.228226
v -150.426208 16.351225 -193.228226
v -150.035339 -16.640265 -202.750000
v -150.035339 16.713243 -202.750000
v -149.834335 -16.800900 -192.892639
v -149.834335 16.873878 -192.892639
v -149.250000 -17.190161 -202.750000
v -149.250000 17.263140 -202.750000
v -149.223633 -17.204655 -192.501709
v -149.223633 17.277634 -192.501709
v -148.562607 -17.525152 -192.049057
v -148.562607 17.598131 -192.049057
v -148.381104 -17.595331 -202.750000
v -148.381104 17.668310 -202.750000
v -147.871597 -17.753044 -191.556213
v -147.871597 17.826023 -191.556213
v -147.455063 -17.843464 -202.750000
v -147.455063 17.916443 -202.750000
v -147.175110 -17.884762 -191.047897
v -147.175110 17.957741 -191.047897
v -146.500000 -17.927021 -202.750000
v -146.500000 -17.927021 -190.550003
v -146.500000 18.000000 -202.750000
v -146.500000 18.000000 -190.550003
v -142.432907 18.000000 -202.750000
v -142.432907 18.000000 -182.500000
v -141.901779 20.000000 -206.500000
v -141.901779 20.000000 -182.500000
v -140.151779 19.000000 -205.500000
v -137.324448 15.080873 -202.750000
v -137.324448 15.080873 -182.500000
v -135.871017 16.553846 -205.500000
v -135.871017 16.553846 -182.500000
v -127.328430 -17.927021 -202.750000
v -127.328430 -17.927021 -182.500000
v -126.500000 -19.927021 -206.500000
v -126.500000 -19.927021 -182.500000
v -125.500000 -18.927021 -205.500000
v -124.500000 -15.098594 -202.750000
v -124.500000 -15.098594 -182.500000
v -124.500000 -6.681818 -202.750000
v -124.500000 -6.681818 -182.500000
v -122.500000 -15.927021 -205.500000
v -122.500000 -15.927021 -182.500000
v -122.500000 -6.136364 -205.500000
v -122.500000 -6.136364 -182.500000
v -111.000000 0.000000 -210.750000
v -111.000000 0.000000 -205.500000
v -110.913261 -1.378666 -210.750000
v -110.913261 -1.378666 -205.500000
v -110.913261 1.378666 -210.750000
v -110.913261 1.378666 -205.500000
v -110.654411 -2.735589 -210.750000
v -110.654411 -2.735589 -205.500000
v -110.654411 2.735589 -210.750000
v -110.654411 2.735589 -205.500000
v -110.227539 -4.049370 -210.750000
v -110.227539 -4.049370 -205.500000
v -110.227539 4.049370 -210.750000
v -110.227539 4.049370 -205.500000
v -109.639374 -5.299290 -210.750000
v -109.639374 -5.299290 -205.500000
v -109.639374 5.299290 -210.750000
v -109.639374 5.299290 -205.500000
v -108.899185 -6.465638 -210.750000
v -108.899185 -6.465638 -205.500000
v -108.899185 6.465638 -210.750000
v -108.899185 6.465638 -205.500000
v -108.018654 -7.530018 -210.750000
v -108.018654 -7.530018 -205.500000
v -108.018654 7.530018 -210.750000
v -108.018654 7.530018 -205.500000
v -108.000000 -0.000000 -214.000000
v -108.000000 -0.000000 -210.750000
v -107.974442 -0.194114 -214.000000
v -107.974442 -0.194114 -210.750000
v -107.974442 0.194114 -214.000000
v -107.974442 0.194114 -210.750000
v -107.899521 -0.375000 -214.000000
v -107.899521 -0.375000 -210.750000
v -107.899521 0.375000 -214.000000
v -107.899521 0.375000 -210.750000
v -107.780327 -0.530330 -214.000000
v -107.780327 -0.530330 -210.750000
v -107.780327 0.530330 -214.000000
v -107.780327 0.530330 -210.750000
v -107.625000 -0.649519 -214.000000
v -107.625000 -0.649519 -210.750000
v -107.625000 0.649519 -214.000000
v -107.625000 0.649519 -210.750000
v -107.444115 -0.724444 -214.000000
v -107.444115 -0.724444 -210.750000
v -107.444115 0.724444 -214.000000
v -107.444115 0.724444 -210.750000
v -107.250000 -0.750000 -214.000000
v -107.250000 -0.750000 -210.750000
v -107.250000 0.750000 -214.000000
v -107.250000 0.750000 -210.750000
v -107.055885 -0.724444 -214.000000
v -107.055885 -0.724444 -210.750000
v -107.055885 0.724444 -214.000000
v -107.055885 0.724444 -210.750000
v -107.011665 -8.475646 -210.750000
v -107.011665 -8.475646 -205.500000
v -107.011665 8.475646 -210.750000
v -107.011665 8.475646 -205.500000
v -106.875000 -0.649519 -214.000000
v -106.875000 -0.649519 -210.750000
v -106.875000 0.649519 -214.000000
v -106.875000 0.649519 -210.750000
v -106.719673 -0.530330 -214.000000
v -106.719673 -0.530330 -210.750000
v -106.719673 0.530330 -214.000000
v -106.719673 0.530330 -210.750000
v -106.600479 -0.375000 -214.000000
v -106.600479 -0.375000 -210.750000
v -106.600479 0.375000 -214.000000
v -106.600479 0.375000 -210.750000
v -106.525558 -0.194114 -214.000000
v -106.525558 -0.194114 -210.750000
v -106.525558 0.194114 -214.000000
v -106.525558 0.194114 -210.750000
v -106.500000 -0.000000 -214.000000
v -106.500000 -0.000000 -210.750000
v -105.894096 -9.287607 -210.750000
v -105.894096 -9.287607 -205.500000
v -105.894096 9.287607 -210.750000
v -105.894096 9.287607 -205.500000
v -105.000000 -0.000000 -212.250000
v -105.000000 -0.000000 -210.750000
v -104.914864 -0.918748 -212.250000
v -104.914864 -0.918748 -210.750000
v -104.914864 0.918748 -212.250000
v -104.914864 0.918748 -210.750000
v -104.683571 -9.953097 -210.750000
v -104.683571 -9.953097 -205.500000
v -104.683571 9.953097 -210.750000
v -104.683571 9.953097 -205.500000
v -104.662361 -1.806208 -212.250000
v -104.662361 -1.806208 -210.750000
v -104.662361 1.806208 -212.250000
v -104.662361 1.806208 -210.750000
v -104.251083 -2.632161 -212.250000
v -104.251083 -2.632161 -210.750000
v -104.251083 2.632161 -212.250000
v -104.251083 2.632161 -210.750000
v -103.695045 -3.368478 -212.250000
v -103.695045 -3.368478 -210.750000
v -103.695045 3.368478 -212.250000
v -103.695045 3.368478 -210.750000
v -103.399185 -10.461621 -210.750000
v -103.399185 -10.461621 -205.500000
v -103.399185 10.461621 -210.750000
v -103.399185 10.461621 -205.500000
v -103.013176 -3.990086 -212.250000
v -103.013176 -3.990086 -210.750000
v -103.013176 3.990086 -212.250000
v -103.013176 3.990086 -210.750000
v -102.228691 -4.475816 -212.250000
v -102.228691 -4.475816 -210.750000
v -102.228691 4.475816 -212.250000
v -102.228691 4.475816 -210.750000
v -102.061195 -10.805160 -210.750000
v -102.061195 -10.805160 -205.500000
v -102.061195 10.805160 -210.750000
v -102.061195 10.805160 -205.500000
v -101.368317 -4.809128 -212.250000
v -101.368317 -4.809128 -210.750000
v -101.368317 4.809128 -212.250000
v -101.368317 4.809128 -210.750000
v -100.750000 -7.250000 -214.000000
v -100.750000 -7.250000 -210.750000
v -100.750000 7.250000 -214.000000
v -100.750000 7.250000 -210.750000
v -100.724442 -7.444114 -214.000000
v -100.724442 -7.444114 -210.750000
v -100.724442 -7.055886 -214.000000
v -100.724442 -7.055886 -210.750000
v -100.724442 7.055886 -214.000000
v -100.724442 7.055886 -210.750000
v -100.724442 7.444114 -214.000000
v -100.724442 7.444114 -210.750000
v -100.690697 -10.978294 -210.750000
v -100.690697 -10.978294 -205.500000
v -100.690697 10.978294 -210.750000
v -100.690697 10.978294 -205.500000
v -100.649521 -7.625000 -214.000000
v -100.649521 -7.625000 -210.750000
v -100.649521 -6.875000 -214.000000
v -100.649521 -6.875000 -210.750000
v -100.649521 6.875000 -214.000000
v -100.649521 6.875000 -210.750000
v -100.649521 7.625000 -214.000000
v -100.649521 7.625000 -210.750000
v -100.530327 -7.780330 -214.000000
v -100.530327 -7.780330 -210.750000
v -100.530327 -6.719670 -214.000000
v -100.530327 -6.719670 -210.750000
v -100.530327 6.719670 -214.000000
v -100.530327 6.719670 -210.750000
v -100.530327 7.780330 -214.000000
v -100.530327 7.780330 -210.750000
v -100.461342 -4.978671 -212.250000
v -100.461342 -4.978671 -210.750000
v -100.461342 4.978671 -212.250000
v -100.461342 4.978671 -210.750000
v -100.375000 -7.899519 -214.000000
v -100.375000 -7.899519 -210.750000
v -100.375000 -6.600481 -214.000000
v -100.375000 -6.600481 -210.750000
v -100.375000 6.600481 -214.000000
v -100.375000 6.600481 -210.750000
v -100.375000 7.899519 -214.000000
v -100.375000 7.899519 -210.750000
v -100.194115 -7.974444 -214.000000
v -100.194115 -7.974444 -210.750000
v -100.194115 -6.525556 -214.000000
v -100.194115 -6.525556 -210.750000
v -100.194115 6.525556 -214.000000
v -100.194115 6.525556 -210.750000
v -100.194115 7.974444 -214.000000
v -100.194115 7.974444 -210.750000
v -100.000000 -8.000000 -214.000000
v -100.000000 -8.000000 -210.750000
v -100.000000 -6.500000 -214.000000
v -100.000000 -6.500000 -210.750000
v -100.000000 6.500000 -214.000000
v -100.000000 6.500000 -210.750000
v -100.000000 8.000000 -214.000000
v -100.000000 8.000000 -210.750000
v -100.000000 15.000000 -215.000000
v -100.000000 19.000000 -205.500000
v -100.000000 20.000000 -210.000000
v -100.000000 20.000000 -206.500000
v -99.805885 -7.974444 -214.000000
v -99.805885 -7.974444 -210.750000
v -99.805885 -6.525556 -214.000000
v -99.805885 -6.525556 -210.750000
v -99.805885 6.525556 -214.000000
v -99.805885 6.525556 -210.750000
v -99.805885 7.974444 -214.000000
v -99.805885 7.974444 -210.750000
v -99.625000 -7.899519 -214.000000
v -99.625000 -7.899519 -210.750000
v -99.625000 -6.600481 -214.000000
v -99.625000 -6.600481 -210.750000
v -99.625000 6.600481 -214.000000
v -99.625000 6.600481 -210.750000
v -99.625000 7.899519 -214.000000
v -99.625000 7.899519 -210.750000
v -99.538658 -4.978671 -212.250000
v -99.538658 -4.978671 -210.750000
v -99.538658 4.978671 -212.250000
v -99.538658 4.978671 -210.750000
v -99.469673 -7.780330 -214.000000
v -99.469673 -7.780330 -210.750000
v -99.469673 -6.719670 -214.000000
v -99.469673 -6.719670 -210.750000
v -99.469673 6.719670 -214.000000
v -99.469673 6.719670 -210.750000
v -99.469673 7.780330 -214.000000
v -99.469673 7.780330 -210.750000
v -99.350479 -7.625000 -214.000000
v -99.350479 -7.625000 -210.750000
v -99.350479 -6.875000 -214.000000
v -99.350479 -6.875000 -210.750000
v -99.350479 6.875000 -214.000000
v -99.350479 6.875000 -210.750000
v -99.350479 7.625000 -214.000000
v -99.350479 7.625000 -210.750000
v -99.309303 -10.978294 -210.750000
v -99.309303 -10.978294 -205.500000
v -99.309303 10.978294 -210.750000
v -99.309303 10.978294 -205.500000
v -99.275558 -7.444114 -214.000000
v -99.275558 -7.444114 -210.750000
v -99.275558 -7.055886 -214.000000
v -99.275558 -7.055886 -210.750000
v -99.275558 7.055886 -214.000000
v -99.275558 7.055886 -210.750000
v -99.275558 7.444114 -214.000000
v -99.275558 7.444114 -210.750000
v -99.250000 -7.250000 -214.000000
v -99.250000 -7.250000 -210.750000
v -99.250000 7.250000 -214.000000
v -99.250000 7.250000 -210.750000
v -98.631683 -4.809128 -212.250000
v -98.631683 -4.809128 -210.750000
v -98.631683 4.809128 -212.250000
v -98.631683 4.809128 -210.750000
v -98.522148 -14.927021 -215.000000
v -98.373077 14.911510 -215.000000
v -98.336304 -18.927021 -205.500000
v -98.292999 -19.927021 -210.000000
v -98.292999 -19.927021 -206.500000
v -98.189491 18.913542 -205.500000
v -98.150444 19.914295 -210.000000
v -98.150444 19.914295 -206.500000
v -97.938805 -10.805160 -210.750000
v -97.938805 -10.805160 -205.500000
v -97.938805 10.805160 -210.750000
v -97.938805 10.805160 -205.500000
v -97.771309 -4.475816 -212.250000
v -97.771309 -4.475816 -210.750000
v -97.771309 4.475816 -212.250000
v -97.771309 4.475816 -210.750000
v -96.986824 -3.990086 -212.250000
v -96.986824 -3.990086 -210.750000
v -96.986824 3.990086 -212.250000
v -96.986824 3.990086 -210.750000
v -96.911858 -14.678671 -215.000000
v -96.765350 14.647083 -215.000000
v -96.600815 -10.461621 -210.750000
v -96.600815 -10.461621 -205.500000
v -96.600815 10.461621 -210.750000
v -96.600815 10.461621 -205.500000
v -96.540321 -18.682360 -205.500000
v -96.457504 -19.683769 -210.000000
v -96.457504 -19.683769 -206.500000
v -96.395454 18.654953 -205.500000
v -96.316734 19.657913 -210.000000
v -96.316734 19.657913 -206.500000
v -96.304955 -3.368478 -212.250000
v -96.304955 -3.368478 -210.750000
v -96.304955 3.368478 -212.250000
v -96.304955 3.368478 -210.750000
v -95.748917 -2.632161 -212.250000
v -95.748917 -2.632161 -210.750000
v -95.748917 2.632161 -212.250000
v -95.748917 2.632161 -210.750000
v -95.338005 -14.257132 -215.000000
v -95.337639 -1.806208 -212.250000
v -95.337639 -1.806208 -210.750000
v -95.337639 1.806208 -212.250000
v -95.337639 1.806208 -210.750000
v -95.316429 -9.953097 -210.750000
v -95.316429 -9.953097 -205.500000
v -95.316429 9.953097 -210.750000
v -95.316429 9.953097 -205.500000
v -95.195786 14.209840 -215.000000
v -95.085136 -0.918748 -212.250000
v -95.085136 -0.918748 -210.750000
v -95.085136 0.918748 -212.250000
v -95.085136 0.918748 -210.750000
v -95.000000 -0.000000 -212.250000
v -95.000000 -0.000000 -210.750000
v -94.775818 -18.267673 -205.500000
v -94.652374 -19.271816 -210.000000
v -94.652374 -19.271816 -206.500000
v -94.634224 18.226585 -205.500000
v -94.514595 19.233053 -210.000000
v -94.514595 19.233053 -206.500000
v -94.105904 -9.287607 -210.750000
v -94.105904 -9.287607 -205.500000
v -94.105904 9.287607 -210.750000
v -94.105904 9.287607 -205.500000
v -93.819160 -13.667377 -215.000000
v -93.682907 13.604939 -215.000000
v -93.500000 -0.000000 -214.000000
v -93.500000 -0.000000 -210.750000
v -93.474442 -0.194114 -214.000000
v -93.474442 -0.194114 -210.750000
v -93.474442 0.194114 -214.000000
v -93.474442 0.194114 -210.750000
v -93.399521 -0.375000 -214.000000
v -93.399521 -0.375000 -210.750000
v -93.399521 0.375000 -214.000000
v -93.399521 0.375000 -210.750000
v -93.280327 -0.530330 -214.000000
v -93.280327 -0.530330 -210.750000
v -93.280327 0.530330 -214.000000
v -93.280327 0.530330 -210.750000
v -93.125000 -0.649519 -214.000000
v -93.125000 -0.649519 -210.750000
v -93.125000 0.649519 -214.000000
v -93.125000 0.649519 -210.750000
v -93.058861 -17.686735 -205.500000
v -92.988335 -8.475646 -210.750000
v -92.988335 -8.475646 -205.500000
v -92.988335 8.475646 -210.750000
v -92.988335 8.475646 -205.500000
v -92.944115 -0.724444 -214.000000
v -92.944115 -0.724444 -210.750000
v -92.944115 0.724444 -214.000000
v -92.944115 0.724444 -210.750000
v -92.921829 17.632341 -205.500000
v -92.893074 -18.694695 -210.000000
v -92.893074 -18.694695 -206.500000
v -92.759468 18.643354 -210.000000
v -92.759468 18.643354 -206.500000
v -92.750000 -0.750000 -214.000000
v -92.750000 -0.750000 -210.750000
v -92.750000 0.750000 -214.000000
v -92.750000 0.750000 -210.750000
v -92.555885 -0.724444 -214.000000
v -92.555885 -0.724444 -210.750000
v -92.555885 0.724444 -214.000000
v -92.555885 0.724444 -210.750000
v -92.375000 -0.649519 -214.000000
v -92.375000 -0.649519 -210.750000
v -92.375000 0.649519 -214.000000
v -92.375000 0.649519 -210.750000
v -92.373238 -12.916365 -215.000000
v -92.244560 12.839517 -215.000000
v -92.219673 -0.530330 -214.000000
v -92.219673 -0.530330 -210.750000
v -92.219673 0.530330 -214.000000
v -92.219673 0.530330 -210.750000
v -92.100479 -0.375000 -214.000000
v -92.100479 -0.375000 -210.750000
v -92.100479 0.375000 -214.000000
v -92.100479 0.375000 -210.750000
v -92.025558 -0.194114 -214.000000
v -92.025558 -0.194114 -210.750000
v -92.025558 0.194114 -214.000000
v -92.025558 0.194114 -210.750000
v -92.000000 -0.000000 -214.000000
v -92.000000 -0.000000 -210.750000
v -91.981346 -7.530018 -210.750000
v -91.981346 -7.530018 -205.500000
v -91.981346 7.530018 -210.750000
v -91.981346 7.530018 -205.500000
v -91.405075 -16.944830 -205.500000
v -91.273849 16.877626 -205.500000
v -91.194679 -17.957348 -210.000000
v -91.194679 -17.957348 -206.500000
v -91.100815 -6.465638 -210.750000
v -91.100815 -6.465638 -205.500000
v -91.100815 6.465638 -210.750000
v -91.100815 6.465638 -205.500000
v -91.066399 17.893873 -210.000000
v -91.066399 17.893873 -206.500000
v -91.017303 -12.012956 -215.000000
v -90.897720 11.922605 -215.000000
v -90.360626 -5.299290 -210.750000
v -90.360626 -5.299290 -205.500000
v -90.360626 5.299290 -210.750000
v -90.360626 5.299290 -205.500000
v -89.829514 -16.048712 -205.500000
v -89.772461 -4.049370 -210.750000
v -89.772461 -4.049370 -205.500000
v -89.772461 4.049370 -210.750000
v -89.772461 4.049370 -205.500000
v -89.767349 -10.967810 -215.000000
v -89.705284 15.969309 -205.500000
v -89.658272 10.865022 -215.000000
v -89.571754 -17.066097 -210.000000
v -89.571754 -17.066097 -206.500000
v -89.449890 16.991032 -210.000000
v -89.449890 16.991032 -206.500000
v -89.345589 -2.735589 -210.750000
v -89.345589 -2.735589 -205.500000
v -89.345589 2.735589 -210.750000
v -89.345589 2.735589 -205.500000
v -89.086739 -1.378666 -210.750000
v -89.086739 -1.378666 -205.500000
v -89.086739 1.378666 -210.750000
v -89.086739 1.378666 -205.500000
v -89.000000 -0.000000 -210.750000
v -89.000000 -0.000000 -205.500000
v -88.638130 -9.793258 -215.000000
v -88.540848 9.679246 -215.000000
v -88.346504 -15.006536 -205.500000
v -88.230415 14.915656 -205.500000
v -88.038208 -16.028584 -210.000000
v -88.038208 -16.028584 -206.500000
v -87.923805 15.942569 -210.000000
v -87.923805 15.942569 -206.500000
v -87.642967 -8.503158 -215.000000
v -87.558624 8.379267 -215.000000
v -86.969559 -13.827785 -205.500000
v -86.862656 13.726257 -205.500000
v -86.793602 -7.112731 -215.000000
v -86.723190 6.980424 -215.000000
v -86.607178 -14.853694 -210.000000
v -86.607178 -14.853694 -206.500000
v -86.501221 14.757469 -210.000000
v -86.501221 14.757469 -206.500000
v -86.100052 -5.638384 -215.000000
v -86.044411 5.499221 -215.000000
v -85.711205 -12.523191 -205.500000
v -85.614456 12.411938 -205.500000
v -85.570503 -4.097512 -215.000000
v -85.530281 3.953134 -215.000000
v -85.290924 -13.551500 -210.000000
v -85.290924 -13.551500 -206.500000
v -85.211205 -2.508294 -215.000000
v -85.194321 13.445889 -210.000000
v -85.194321 13.445889 -206.500000
v -85.186882 2.360405 -215.000000
v -85.026398 -0.889481 -215.000000
v -85.018257 0.739827 -215.000000
v -84.582886 -11.104624 -205.500000
v -84.497185 10.984657 -205.500000
v -84.100746 -12.133164 -210.000000
v -84.100746 -12.133164 -206.500000
v -84.014320 12.019073 -210.000000
v -84.014320 12.019073 -206.500000
v -83.594879 -9.584994 -205.500000
v -83.520996 9.457407 -205.500000
v -83.046829 -10.610840 -210.000000
v -83.046829 -10.610840 -206.500000
v -82.971329 10.489244 -210.000000
v -82.971329 10.489244 -206.500000
v -82.756180 -7.978133 -205.500000
v -82.694786 7.844086 -205.500000
v -82.138206 -8.997575 -210.000000
v -82.138206 -8.997575 -206.500000
v -82.074409 -6.298663 -205.500000
v -82.074272 8.869518 -210.000000
v -82.074272 8.869518 -206.500000
v -82.026070 6.159376 -205.500000
v -81.555779 -4.561869 -205.500000
v -81.520935 4.418611 -205.500000
v -81.382675 -7.307196 -210.000000
v -81.382675 -7.307196 -206.500000
v -81.330856 7.173776 -210.000000
v -81.330856 7.173776 -206.500000
v -81.205009 -2.783558 -205.500000
v -81.183975 2.637631 -205.500000
v -81.025284 -0.979914 -205.500000
v -81.018257 0.832647 -205.500000
v -80.786697 -5.554191 -210.000000
v -80.786697 -5.554191 -206.500000
v -80.747444 5.416551 -210.000000
v -80.747444 5.416551 -206.500000
v -80.355392 -3.753583 -210.000000
v -80.355392 -3.753583 -206.500000
v -80.329033 3.612902 -210.000000
v -80.329033 3.612902 -206.500000
v -80.092453 -1.920805 -210.000000
v -80.092453 -1.920805 -206.500000
v -80.079216 1.778289 -210.000000
v -80.079216 1.778289 -206.500000
v -80.000130 -0.071564 -210.000000
v -80.000130 -0.071564 -206.500000
vn -0.451459 0.835362 0.313617
vn -0.396486 0.865871 0.305067
vn -0.340368 0.895171 0.287783
vn -0.346217 0.910554 0.225887
vn -0.346224 0.910552 0.225886
vn -0.352093 0.925989 0.136286
vn -0.352104 0.925986 0.136284
vn -0.355038 0.933704 0.046311
vn -0.292623 0.955166 0.045053
vn -0.209554 0.976438 0.051542
vn -0.228810 0.971854 0.056094
vn -0.164213 0.985290 0.047313
vn -0.162863 0.977191 0.136285
vn -0.098009 0.985810 0.136285
vn -0.096375 0.969374 0.225887
vn -0.032169 0.973622 0.225887
vn -0.031401 0.950374 0.309519
vn 0.031545 0.954740 0.295763
vn 0.000000 0.951874 0.306490
vn 0.093908 0.944555 0.314638
vn 0.156245 0.937403 0.311228
vn 0.160161 0.960897 0.225887
vn 0.160158 0.960898 0.225887
vn 0.162873 0.977189 0.136285
vn 0.162863 0.977191 0.136284
vn 0.164088 0.984536 0.061348
vn 0.228883 0.972165 0.050076
vn 0.292623 0.955166 0.045053
vn 0.290187 0.947216 0.136285
vn 0.352093 0.925990 0.136285
vn 0.346224 0.910552 0.225887
vn 0.405571 0.885713 0.225887
vn 0.396851 0.866668 0.302316
vn 0.390876 0.868743 0.304140
vn 0.451459 0.835362 0.313617
vn 0.463156 0.857007 0.225888
vn 0.463133 0.857020 0.225885
vn 0.470985 0.871550 0.136284
vn 0.471010 0.871536 0.136287
vn 0.474953 0.878832 0.045551
vn 0.415770 0.907992 0.051830
vn 0.354683 0.932770 0.064335
vn 0.352104 0.925986 0.136286
vn -0.463157 0.857007 0.225885
vn -0.463133 0.857019 0.225888
vn -0.405571 0.885712 0.225888
vn -0.405584 0.885707 0.225887
vn -0.470985 0.871550 0.136287
vn -0.471010 0.871537 0.136284
vn -0.412461 0.900724 0.136284
vn -0.412445 0.900730 0.136286
vn -0.474953 0.878832 0.045551
vn -0.409742 0.910693 0.052446
vn -0.415725 0.907895 0.053838
vn -0.098831 0.994095 0.044799
vn 0.000000 0.998730 0.050375
vn -0.032971 0.997737 0.058596
vn 0.032988 0.998275 0.048569
vn 0.032719 0.990129 0.136285
vn 0.098009 0.985810 0.136285
vn 0.096375 0.969374 0.225887
vn 0.098831 0.994095 0.044799
vn 0.209582 0.976565 0.048950
vn 0.409848 0.910928 0.047269
vn 0.199822 0.931098 0.305168
vn 0.278081 0.907683 0.314297
vn 0.337593 0.887872 0.312593
vn 0.346217 0.910554 0.225886
vn -0.093908 0.944555 0.314638
vn -0.199624 0.930174 0.308102
vn -0.157248 0.943418 0.291952
vn -0.218062 0.926236 0.307466
vn -0.223240 0.948229 0.225888
vn -0.285336 0.931428 0.225888
vn -0.290174 0.947220 0.136285
vn -0.278081 0.907683 0.314297
vn -0.390100 0.867018 0.310002
vn 0.218664 0.928792 0.299217
vn -0.290187 0.947216 0.136283
vn -0.227032 0.964305 0.136283
vn -0.223246 0.948228 0.225887
vn -0.160161 0.960897 0.225887
vn -0.285354 0.931423 0.225886
vn -0.098007 0.985810 0.136285
vn -0.032717 0.990129 0.136285
vn -0.032172 0.973622 0.225887
vn 0.032169 0.973622 0.225887
vn -0.096375 0.969374 0.225887
vn -0.160158 0.960898 0.225887
vn -0.162873 0.977189 0.136284
vn -0.227032 0.964305 0.136283
vn 0.098008 0.985810 0.136285
vn 0.096375 0.969374 0.225887
vn 0.032172 0.973622 0.225887
vn 0.032717 0.990129 0.136284
vn -0.032719 0.990129 0.136284
vn 0.285336 0.931428 0.225886
vn 0.285354 0.931422 0.225888
vn 0.223246 0.948228 0.225888
vn 0.223240 0.948229 0.225887
vn 0.227032 0.964305 0.136283
vn 0.290174 0.947220 0.136283
vn 0.227032 0.964305 0.136283
vn 0.412445 0.900731 0.136284
vn 0.412461 0.900723 0.136286
vn 0.405584 0.885707 0.225888
vn -0.523838 0.789899 0.318832
vn -0.350316 0.867501 0.353157
vn -0.576920 0.779084 0.245341
vn -0.408591 0.877431 0.251332
vn -0.578152 0.797872 0.170706
vn -0.433427 0.888084 0.153129
vn -0.543810 0.834420 0.089516
vn -0.433920 0.899006 0.059177
vn -0.480653 0.876471 0.027778
vn -0.488193 0.872181 0.031103
vn -0.496233 0.867724 0.028429
vn -0.517527 0.854453 0.045570
vn -0.478485 0.871399 0.108239
vn -0.524646 0.840338 0.136301
vn -0.467854 0.860977 0.199579
vn -0.534538 0.814447 0.225709
vn -0.468097 0.840501 0.272843
vn -0.547077 0.776466 0.312743
vn -0.485656 0.810240 0.328100
vn -0.504494 0.799879 0.325085
vn -0.503969 0.800191 0.325130
vn -0.509542 0.818507 0.265354
vn -0.493353 0.863322 0.106200
vn -0.498638 0.860720 0.102573
vn -0.500636 0.843368 0.195178
vn -0.506924 0.840367 0.191866
vn -0.504272 0.820906 0.267998
vn 0.480648 0.876477 0.027684
vn 0.293874 0.950373 0.102124
vn 0.489808 0.868759 0.073121
vn 0.510569 0.853616 0.103240
vn 0.480815 0.870145 0.108000
vn 0.521499 0.842292 0.136315
vn 0.471962 0.858769 0.199418
vn 0.530423 0.817119 0.225763
vn 0.472210 0.838242 0.272705
vn 0.546221 0.775740 0.316022
vn 0.504546 0.799961 0.324800
vn 0.508015 0.797933 0.324382
vn 0.523937 0.790049 0.318295
vn -0.070409 0.907991 0.413031
vn 0.538547 0.798522 0.268943
vn 0.507705 0.824428 0.250108
vn 0.508649 0.836061 0.205616
vn 0.120022 0.940936 0.316597
vn 0.499031 0.858742 0.116319
vn 0.244276 0.947605 0.205850
vn 0.500913 0.850198 0.162015
vn 0.527145 0.828124 0.190602
vn 0.488156 0.814410 0.313753
vn 0.514484 0.856288 0.045572
vn 0.496242 0.867704 0.028866
vn 0.485917 0.873453 0.031048
vn 0.512897 0.816084 0.266350
vn -0.961196 0.272617 0.042215
vn -0.979308 0.201889 0.014013
vn -0.981418 0.191270 0.015297
vn -0.981069 0.193025 0.015632
vn -0.980783 0.194599 0.013974
vn -0.971573 0.236724 -0.002903
vn -0.978461 0.203914 0.032129
vn -0.979036 0.200623 0.035188
vn -0.979947 0.195225 0.039886
vn -0.980491 0.191865 0.042714
vn -0.961348 0.274049 -0.026589
vn -0.897125 0.255914 0.360103
vn -0.800992 0.228525 0.553342
vn -0.976106 0.217070 0.009897
vn -0.970877 0.239579 -0.000007
vn -0.966596 0.256271 0.004157
vn -0.939295 0.343069 0.005401
vn -0.938616 0.344952 0.002898
vn -0.894266 0.447252 0.015912
vn -0.893175 0.449595 0.010139
vn -0.807518 0.589672 0.014235
vn -0.764758 0.643304 0.036121
vn -0.786039 0.616581 0.044392
vn -0.664364 0.740614 0.100557
vn -0.706084 0.695952 0.130754
vn -0.563086 0.804978 0.186933
vn -0.600621 0.777279 0.187329
vn -0.762559 0.646871 0.007827
vn -0.624465 0.780458 0.030461
vn -0.697851 0.714136 0.054904
vn -0.569501 0.815122 0.106039
vn -0.572872 0.812780 0.105860
vn -0.641571 0.766894 0.016120
vn -0.531820 0.846454 0.026131
vn -0.569612 0.783520 0.248269
vn -0.614683 0.741000 0.270341
vn -0.618169 0.739260 0.267136
vn -0.697289 0.669409 0.256279
vn -0.765510 0.613419 0.194194
vn -0.786226 0.584103 0.201673
vn -0.855954 0.491080 0.161813
vn -0.854144 0.502371 0.134391
vn -0.913068 0.397155 0.092596
vn -0.908815 0.409729 0.078600
vn -0.954172 0.297320 0.033998
vn -0.955742 0.291955 0.036336
vn -0.970917 0.239159 0.011075
vn -0.883336 0.456233 0.107555
vn -0.913226 0.386590 0.128710
vn -0.911566 0.399038 0.099073
vn -0.955506 0.289667 0.055690
vn -0.954629 0.293176 0.052260
vn -0.973873 0.226191 0.020237
vn -0.977417 0.210358 0.020139
vn -0.982653 0.185125 0.011016
vn -0.982575 0.185559 0.010725
vn -0.975656 0.217408 0.028787
vn -0.976660 0.212713 0.029811
vn -0.954386 0.293714 0.053662
vn -0.955119 0.289409 0.063173
vn -0.948920 0.315306 0.011495
vn -0.907151 0.417564 0.052124
vn -0.913022 0.403599 0.059151
vn -0.848616 0.518526 0.104794
vn -0.857001 0.499213 0.127807
vn -0.783752 0.597679 0.168857
vn -0.906964 0.420595 0.022710
vn -0.843057 0.533554 0.067641
vn -0.858909 0.505331 0.083155
vn -0.774787 0.618638 0.130353
vn -0.788230 0.593672 0.162011
vn -0.693063 0.690834 0.205942
vn -0.764124 0.639733 0.082798
vn -0.792682 0.600251 0.106554
vn -0.699305 0.686834 0.198070
vn -0.680175 0.715666 0.158696
vn -0.852346 0.521895 0.033635
vn 0.982572 0.185572 0.010735
vn 0.981175 0.192437 0.016232
vn 0.981204 0.192371 0.015233
vn 0.976636 0.212820 0.029821
vn 0.973846 0.226308 0.020230
vn 0.962838 0.267147 0.039693
vn 0.948240 0.317028 0.018295
vn 0.937858 0.345740 0.029776
vn 0.905152 0.424962 0.010394
vn 0.903655 0.428046 0.013598
vn 0.806154 0.591631 0.009408
vn 0.797195 0.603501 0.016323
vn 0.661748 0.749498 0.018504
vn 0.658941 0.751933 0.019823
vn 0.535293 0.844299 0.024906
vn 0.606093 0.788695 0.103014
vn 0.581394 0.807116 0.102687
vn 0.594823 0.783222 0.180968
vn 0.611926 0.769480 0.182885
vn 0.594348 0.767318 0.240779
vn 0.626652 0.732700 0.265441
vn 0.616415 0.737163 0.276809
vn 0.748592 0.622948 0.227036
vn 0.764020 0.612225 0.203603
vn 0.863338 0.476489 0.166150
vn 0.882321 0.455709 0.117644
vn 0.927748 0.355732 0.112862
vn 0.956618 0.289262 0.034783
vn 0.958264 0.280912 0.053083
vn 0.960008 0.274331 0.055929
vn 0.954875 0.294787 0.036244
vn 0.982652 0.185132 0.011029
vn 0.980788 0.194575 0.013979
vn 0.981908 0.188651 0.016350
vn 0.972974 0.230809 0.006959
vn 0.975644 0.217461 0.028812
vn 0.979036 0.200625 0.035189
vn 0.979954 0.195183 0.039925
vn 0.961387 0.273826 -0.027458
vn 0.925783 0.264045 0.270565
vn 0.897493 0.256019 0.359110
vn 0.832966 0.237637 0.499696
vn 0.742975 0.211975 0.634865
vn 0.800892 0.228497 0.553500
vn 0.944435 0.328656 0.005224
vn 0.944436 0.328653 0.005195
vn 0.965884 0.258187 0.020198
vn 0.971290 0.237671 0.010431
vn 0.986516 0.159675 0.035932
vn 0.979526 0.200878 0.013268
vn 0.977392 0.210478 0.020115
vn 0.966596 0.256271 0.004157
vn 0.970818 0.239818 0.000053
vn 0.976063 0.217271 0.009722
vn 0.976155 0.217061 0.002239
vn 0.979337 0.201744 0.014062
vn 0.928473 0.361456 0.085368
vn 0.926004 0.368179 0.083438
vn 0.865716 0.483605 0.129082
vn 0.860668 0.493724 0.124448
vn 0.752853 0.632267 0.182898
vn 0.744743 0.642779 0.179424
vn 0.933198 0.354306 0.060073
vn 0.920702 0.385805 0.058842
vn 0.877183 0.471149 0.092567
vn 0.849929 0.519831 0.085997
vn 0.771229 0.623266 0.129408
vn 0.727269 0.674465 0.127185
vn 0.890024 0.453412 0.047695
vn 0.910436 0.412445 0.031542
vn 0.827236 0.560146 0.043787
vn 0.789646 0.610149 0.064641
vn 0.691758 0.718893 0.068296
vn -0.498320 0.866993 0.000000
vn -0.495264 0.868742 0.000253
vn -0.486411 0.873730 -0.000122
vn -0.477341 0.878718 0.000235
vn -0.474403 0.880307 0.000000
vn -0.561988 0.827145 -0.000088
vn -0.561201 0.827680 0.000000
vn -0.561201 0.827680 0.000000
vn -0.561201 0.827680 0.000000
vn -0.726082 0.687608 0.000000
vn -0.726082 0.687608 0.000000
vn -0.856972 0.515364 0.000000
vn -0.856972 0.515364 0.000000
vn -0.947753 0.319006 0.000000
vn -0.947753 0.319006 0.000000
vn -0.944055 0.329787 0.000295
vn -0.939366 0.342916 0.000000
vn -0.966452 0.256814 0.004089
vn -0.931311 0.364226 0.000127
vn -0.858703 0.512474 -0.000243
vn -0.856972 0.515363 0.000533
vn -0.726235 0.687446 -0.000534
vn -0.727095 0.686537 0.000000
vn -0.726082 0.687608 0.000085
vn -0.726082 0.687608 0.000000
vn -0.726082 0.687608 0.000000
vn -0.970895 0.239507 0.000000
vn -0.856972 0.515364 0.000000
vn -0.856972 0.515364 0.000000
vn -0.856972 0.515364 0.000000
vn -0.856972 0.515364 0.000000
vn 0.432144 -0.845511 0.313629
vn 0.379062 -0.873363 0.305857
vn 0.324979 -0.900110 0.290156
vn 0.330811 -0.916261 0.225900
vn 0.330818 -0.916258 0.225899
vn 0.336428 -0.931795 0.136291
vn 0.336429 -0.931794 0.136291
vn 0.339152 -0.939334 0.051264
vn 0.279437 -0.959083 0.045557
vn 0.218482 -0.974777 0.045557
vn 0.216668 -0.966685 0.136290
vn 0.155391 -0.978406 0.136290
vn 0.152800 -0.962093 0.225896
vn 0.091920 -0.969805 0.225897
vn 0.089569 -0.945002 0.314560
vn 0.029944 -0.950296 0.309906
vn -0.030069 -0.954278 0.297406
vn -0.030680 -0.973668 0.225897
vn -0.030681 -0.973668 0.225897
vn -0.031201 -0.990177 0.136291
vn -0.031205 -0.990177 0.136291
vn -0.031466 -0.998466 0.045556
vn -0.125478 -0.990623 0.054043
vn 0.443342 -0.867421 0.225896
vn 0.443315 -0.867434 0.225899
vn 0.387850 -0.893612 0.225899
vn 0.387840 -0.893616 0.225900
vn 0.450832 -0.882142 0.136293
vn 0.450864 -0.882126 0.136290
vn 0.394416 -0.908769 0.136290
vn 0.394407 -0.908773 0.136291
vn 0.454638 -0.889511 0.045555
vn 0.368512 -0.928051 0.054044
vn 0.397340 -0.915531 0.062641
vn 0.125478 -0.990623 0.054044
vn 0.156538 -0.985683 0.062648
vn 0.155383 -0.978407 0.136291
vn 0.093471 -0.986250 0.136291
vn 0.091912 -0.969805 0.225897
vn 0.030680 -0.973668 0.225897
vn -0.368512 -0.928051 0.054042
vn -0.279437 -0.959083 0.045557
vn -0.218482 -0.974777 0.045557
vn -0.216668 -0.966685 0.136291
vn -0.216658 -0.966688 0.136290
vn -0.213045 -0.950569 0.225897
vn -0.213052 -0.950568 0.225898
vn -0.208594 -0.930678 0.300544
vn -0.149039 -0.938499 0.311460
vn -0.089569 -0.945002 0.314560
vn -0.091920 -0.969805 0.225897
vn -0.454638 -0.889511 0.045555
vn -0.397598 -0.916126 0.051267
vn -0.338931 -0.938723 0.062645
vn -0.336429 -0.931794 0.136291
vn -0.336428 -0.931795 0.136291
vn -0.330818 -0.916258 0.225900
vn -0.330811 -0.916261 0.225899
vn -0.322559 -0.893406 0.312701
vn -0.265543 -0.911446 0.314250
vn -0.190629 -0.932767 0.305951
vn -0.450863 -0.882126 0.136294
vn -0.450832 -0.882143 0.136290
vn -0.394407 -0.908773 0.136290
vn -0.394416 -0.908769 0.136291
vn -0.443315 -0.867435 0.225896
vn -0.443342 -0.867420 0.225899
vn -0.387840 -0.893616 0.225899
vn -0.387850 -0.893611 0.225900
vn -0.432144 -0.845511 0.313629
vn -0.373658 -0.875983 0.305015
vn -0.379380 -0.874096 0.303358
vn 0.000000 -0.951661 0.307152
vn 0.190456 -0.931924 0.308617
vn 0.149911 -0.943993 0.293945
vn 0.152786 -0.962095 0.225898
vn 0.213045 -0.950569 0.225898
vn 0.216657 -0.966687 0.136291
vn 0.277117 -0.951121 0.136291
vn 0.372982 -0.874397 0.310345
vn 0.265543 -0.911446 0.314250
vn 0.208070 -0.928342 0.308038
vn 0.213052 -0.950568 0.225897
vn 0.094220 -0.994231 0.051264
vn 0.031466 -0.998466 0.045556
vn 0.031205 -0.990177 0.136291
vn -0.156640 -0.986324 0.051266
vn -0.155383 -0.978407 0.136290
vn -0.155391 -0.978406 0.136291
vn -0.152800 -0.962093 0.225898
vn -0.152786 -0.962095 0.225896
vn 0.272482 -0.935266 0.225899
vn 0.272495 -0.935263 0.225897
vn 0.277116 -0.951121 0.136291
vn -0.093464 -0.986250 0.136291
vn -0.093471 -0.986249 0.136292
vn -0.091912 -0.969806 0.225897
vn 0.031201 -0.990177 0.136291
vn 0.030681 -0.973668 0.225897
vn -0.277116 -0.951121 0.136291
vn -0.277117 -0.951121 0.136291
vn -0.272483 -0.935267 0.225897
vn -0.272495 -0.935263 0.225899
vn -0.094159 -0.993584 0.062649
vn 0.093464 -0.986250 0.136292
vn 0.504067 -0.802622 0.318928
vn 0.327946 -0.876204 0.353155
vn 0.557832 -0.792848 0.245389
vn 0.386363 -0.887436 0.251359
vn 0.558744 -0.811576 0.170734
vn 0.411213 -0.898581 0.153155
vn 0.523493 -0.847312 0.089542
vn 0.411601 -0.909439 0.059198
vn 0.459145 -0.887926 0.027798
vn 0.466741 -0.883848 0.031089
vn 0.474845 -0.879609 0.028442
vn 0.496549 -0.866812 0.045571
vn 0.456884 -0.882915 0.108250
vn 0.504013 -0.852873 0.136301
vn 0.446439 -0.872273 0.199582
vn 0.514585 -0.827199 0.225706
vn 0.447189 -0.851807 0.272848
vn 0.528131 -0.789478 0.312733
vn 0.465535 -0.821961 0.328112
vn 0.484634 -0.812055 0.325111
vn 0.484064 -0.812376 0.325159
vn 0.489205 -0.830809 0.265397
vn 0.472077 -0.875136 0.106204
vn 0.477395 -0.872676 0.102617
vn 0.479770 -0.855408 0.195189
vn 0.486098 -0.852572 0.191909
vn 0.483886 -0.833078 0.268022
vn -0.459135 -0.887934 0.027713
vn -0.262961 -0.959183 0.104021
vn -0.468412 -0.880478 0.073127
vn -0.489632 -0.865797 0.103231
vn -0.459276 -0.881703 0.108006
vn -0.500768 -0.854780 0.136315
vn -0.450665 -0.870134 0.199418
vn -0.510344 -0.829808 0.225761
vn -0.451414 -0.849618 0.272719
vn -0.527186 -0.788803 0.316013
vn -0.484685 -0.812141 0.324820
vn -0.488200 -0.810199 0.324403
vn -0.504163 -0.802775 0.318390
vn 0.111121 -0.903843 0.413183
vn -0.518927 -0.811394 0.268988
vn -0.487259 -0.836657 0.250167
vn -0.487936 -0.848306 0.205659
vn -0.082142 -0.944344 0.318539
vn -0.477845 -0.870703 0.116362
vn -0.210707 -0.955164 0.208001
vn -0.479915 -0.862216 0.162064
vn -0.506791 -0.840734 0.190601
vn -0.467933 -0.826195 0.313751
vn -0.493409 -0.868603 0.045573
vn -0.474861 -0.879586 0.028895
vn -0.464426 -0.885068 0.031044
vn -0.492650 -0.828453 0.266385
vn 0.954760 -0.292117 0.055679
vn 0.983636 -0.179993 0.007952
vn 0.983516 -0.180604 0.008868
vn 0.983617 -0.180029 0.009327
vn 0.981389 -0.191808 0.009227
vn 0.974342 -0.224815 -0.010792
vn 0.978528 -0.204711 0.024006
vn 0.978670 -0.204271 0.021872
vn 0.978027 -0.207573 0.019400
vn 0.978265 -0.206908 0.013663
vn 0.977705 -0.209594 0.012772
vn 0.977056 -0.212921 0.005220
vn 0.974058 -0.226279 0.003021
vn 0.974447 -0.224609 0.001716
vn 0.979761 -0.200168 0.001154
vn 0.978821 -0.204494 0.009617
vn 0.977808 -0.209061 0.013582
vn 0.981234 -0.192556 0.010118
vn 0.982267 -0.187029 0.013080
vn 0.966796 -0.255504 0.004889
vn 0.967260 -0.253764 0.003332
vn 0.942428 -0.334345 0.006562
vn 0.941346 -0.337427 0.003198
vn 0.900008 -0.435682 0.012909
vn 0.900011 -0.435685 0.012635
vn 0.812518 -0.582836 0.010813
vn 0.758097 -0.651163 0.035726
vn 0.775742 -0.629614 0.042537
vn 0.646414 -0.756331 0.100559
vn 0.689220 -0.712605 0.131034
vn 0.543143 -0.818547 0.187021
vn 0.581406 -0.791712 0.187507
vn 0.750648 -0.660669 0.006608
vn 0.608977 -0.792565 0.031439
vn 0.680775 -0.730419 0.055081
vn 0.549378 -0.828807 0.106125
vn 0.553040 -0.826392 0.105940
vn 0.625540 -0.780028 0.016009
vn 0.511384 -0.858955 0.026116
vn 0.550189 -0.797249 0.248366
vn 0.596169 -0.755888 0.270585
vn 0.602826 -0.752745 0.264528
vn 0.680829 -0.685937 0.256832
vn 0.757461 -0.624387 0.190773
vn 0.779443 -0.593289 0.201189
vn 0.861997 -0.484831 0.147987
vn 0.860450 -0.493773 0.125754
vn 0.918886 -0.385524 0.083782
vn 0.914999 -0.397258 0.070447
vn 0.953804 -0.298640 0.032745
vn 0.954046 -0.297823 0.033123
vn 0.971063 -0.238678 0.008289
vn 0.880907 -0.462221 0.101753
vn 0.919211 -0.375957 0.117078
vn 0.917606 -0.387358 0.089176
vn 0.954783 -0.292553 0.052938
vn 0.953562 -0.297356 0.047949
vn 0.972329 -0.232690 0.020797
vn 0.970628 -0.239921 0.017858
vn 0.778620 -0.221412 0.587136
vn 0.960784 -0.273133 -0.047876
vn 0.953327 -0.298504 0.045432
vn 0.954354 -0.292845 0.058735
vn 0.981883 -0.176597 0.068701
vn 0.979955 -0.193039 0.049232
vn 0.979771 -0.194368 0.047636
vn 0.962271 -0.268377 -0.044814
vn 0.981221 -0.191182 0.025574
vn 0.980843 -0.193377 0.023478
vn 0.982189 -0.187316 0.014761
vn 0.972257 -0.231352 0.034543
vn 0.972555 -0.230388 0.032523
vn 0.971351 -0.236075 0.027312
vn 0.949519 -0.313502 0.011407
vn 0.913140 -0.404994 0.046421
vn 0.918908 -0.390799 0.053700
vn 0.855841 -0.507667 0.099049
vn 0.862790 -0.491447 0.118628
vn 0.776681 -0.607482 0.166528
vn 0.913976 -0.405235 0.020803
vn 0.852272 -0.519039 0.065038
vn 0.863436 -0.498646 0.076361
vn 0.768148 -0.627070 0.129354
vn 0.780910 -0.604069 0.158997
vn 0.676182 -0.707286 0.206214
vn 0.759017 -0.645749 0.083074
vn 0.784270 -0.611647 0.103966
vn 0.682520 -0.703430 0.198376
vn 0.662818 -0.731743 0.158821
vn 0.855423 -0.517069 0.029862
vn -0.983615 -0.180079 0.008603
vn -0.982907 -0.183613 0.013409
vn -0.981036 -0.193528 0.010717
vn -0.979386 -0.201398 0.015579
vn -0.975185 -0.221208 0.009006
vn -0.973439 -0.228608 0.012468
vn -0.965028 -0.262086 0.005568
vn -0.964859 -0.262761 0.002141
vn -0.940993 -0.338271 0.010241
vn -0.936899 -0.349599 0.001406
vn -0.885830 -0.463581 0.019945
vn -0.875624 -0.482970 0.004792
vn -0.768812 -0.639104 0.021804
vn -0.770749 -0.637037 0.011398
vn -0.623891 -0.781104 0.025219
vn -0.634447 -0.772760 0.017877
vn -0.512298 -0.858420 0.025800
vn -0.566934 -0.817102 0.104543
vn -0.556300 -0.824352 0.104755
vn -0.558426 -0.808862 0.184128
vn -0.586013 -0.788725 0.185745
vn -0.561876 -0.790134 0.244917
vn -0.601115 -0.752666 0.268617
vn -0.602329 -0.752125 0.267408
vn -0.705152 -0.664768 0.246667
vn -0.758010 -0.624840 0.187073
vn -0.814137 -0.546288 0.196849
vn -0.880467 -0.461990 0.106499
vn -0.899896 -0.414015 0.137038
vn -0.949431 -0.307845 0.061742
vn -0.949201 -0.309164 0.058605
vn -0.951009 -0.302983 0.061500
vn -0.945456 -0.323288 0.039970
vn -0.954473 -0.295015 0.044137
vn -0.937986 -0.346100 0.019925
vn -0.958414 -0.284467 0.022850
vn -0.983704 -0.179570 0.009002
vn -0.981430 -0.191590 0.009364
vn -0.982066 -0.188039 0.013704
vn -0.978930 -0.202909 0.022891
vn -0.977144 -0.211965 0.016107
vn -0.972354 -0.232109 0.025534
vn -0.965181 -0.261238 0.013411
vn -0.982815 -0.184069 0.013898
vn -0.975590 -0.219595 -0.001698
vn -0.978379 -0.205594 0.022490
vn -0.971151 -0.235647 0.036559
vn -0.968444 -0.247973 0.025005
vn -0.981216 -0.191214 0.025546
vn -0.982130 -0.185724 0.030468
vn -0.982029 -0.186340 0.029932
vn -0.959172 -0.278310 -0.050313
vn -0.980379 -0.179679 0.081076
vn -0.980942 -0.171109 0.092054
vn -0.960995 -0.273244 -0.042739
vn -0.803662 -0.228533 0.549454
vn -0.803662 -0.228533 0.549454
vn -0.974447 -0.224609 0.001716
vn -0.974058 -0.226279 0.003021
vn -0.979639 -0.200639 0.007235
vn -0.976692 -0.214084 0.015553
vn -0.979761 -0.200168 0.001154
vn -0.978478 -0.205970 0.012512
vn -0.970309 -0.239240 0.035561
vn -0.918321 -0.393990 0.038196
vn -0.873555 -0.485590 0.033234
vn -0.843116 -0.535130 0.052829
vn -0.771507 -0.633875 0.054574
vn -0.745762 -0.662817 0.067173
vn -0.643764 -0.761517 0.075237
vn -0.908961 -0.410393 0.073263
vn -0.889792 -0.451466 0.066703
vn -0.829503 -0.548497 0.105245
vn -0.797560 -0.594468 0.102500
vn -0.727918 -0.671948 0.136458
vn -0.681130 -0.719185 0.137238
vn -0.901055 -0.421629 0.101633
vn -0.897519 -0.430072 0.097456
vn -0.816401 -0.558072 0.148478
vn -0.810491 -0.567447 0.145286
vn -0.708903 -0.678080 0.194072
vn -0.700220 -0.687711 0.191693
vn 0.476948 -0.878932 0.000000
vn 0.473858 -0.880601 0.000251
vn 0.464925 -0.885350 -0.000121
vn 0.455795 -0.890085 0.000233
vn 0.452832 -0.891596 0.000000
vn 0.545738 -0.837956 -0.000085
vn 0.545026 -0.838419 0.000000
vn 0.545026 -0.838419 0.000000
vn 0.545026 -0.838419 0.000000
vn 0.719453 -0.694541 0.000000
vn 0.719453 -0.694541 0.000000
vn 0.857067 -0.515205 0.000000
vn 0.857067 -0.515205 0.000000
vn 0.950918 -0.309442 0.000000
vn 0.950918 -0.309442 0.000000
vn 0.948966 -0.315378 0.000168
vn 0.976297 -0.216418 0.002686
vn 0.942313 -0.334733 0.000000
vn 0.969192 -0.246268 0.004322
vn 0.933528 -0.358504 0.000089
vn 0.858625 -0.512604 -0.000253
vn 0.857067 -0.515205 0.000488
vn 0.719519 -0.694472 -0.000498
vn 0.720387 -0.693573 0.000000
vn 0.719453 -0.694541 0.000082
vn 0.719453 -0.694541 0.000000
vn 0.719453 -0.694541 0.000000
vn 0.977170 -0.212459 0.000000
vn 0.857067 -0.515205 0.000000
vn 0.857067 -0.515205 0.000000
vn 0.857067 -0.515205 0.000000
vn 0.857067 -0.515205 0.000000
vn -0.452832 -0.891596 0.000000
vn -0.455795 -0.890085 0.000233
vn -0.464925 -0.885350 -0.000121
vn -0.473860 -0.880600 0.000251
vn -0.476948 -0.878932 -0.000000
vn -0.369051 -0.929409 0.000000
vn -0.369051 -0.929409 0.000000
vn -0.125662 -0.992073 0.000000
vn -0.125662 -0.992073 0.000000
vn 0.125662 -0.992073 0.000000
vn 0.125662 -0.992073 0.000000
vn 0.369051 -0.929409 0.000000
vn 0.369051 -0.929409 0.000000
vn -0.950918 -0.309442 0.000000
vn -0.985091 -0.171992 0.003789
vn -0.976297 -0.216418 0.002686
vn -0.942313 -0.334733 0.000000
vn -0.969192 -0.246268 0.004322
vn -0.933528 -0.358504 0.000089
vn -0.858625 -0.512604 -0.000253
vn -0.857067 -0.515205 0.000488
vn -0.857067 -0.515205 -0.000000
vn -0.720387 -0.693573 0.000000
vn -0.719453 -0.694541 0.000082
vn -0.545738 -0.837956 -0.000085
vn -0.545026 -0.838419 -0.000000
vn -0.545026 -0.838419 -0.000000
vn -0.545026 -0.838419 -0.000000
vn -0.719519 -0.694472 -0.000498
vn -0.719453 -0.694541 0.000000
vn -0.719453 -0.694541 -0.000000
vn -0.857067 -0.515205 0.000000
vn -0.857067 -0.515205 -0.000000
vn -0.950918 -0.309442 0.000000
vn -0.950918 -0.309442 0.000000
vn -0.857067 -0.515205 0.000000
vn -0.857067 -0.515205 0.000000
vn -0.857067 -0.515205 0.000000
vn -0.719453 -0.694541 0.000000
vn -0.719453 -0.694541 0.000000
vn 0.474403 0.880307 0.000000
vn 0.477347 0.878715 0.000236
vn 0.486411 0.873730 -0.000122
vn 0.495261 0.868744 0.000253
vn 0.498320 0.866993 0.000000
vn 0.410307 0.911948 0.000000
vn 0.410307 0.911948 -0.000000
vn 0.209833 0.977737 0.000000
vn 0.209833 0.977737 0.000000
vn 0.000000 1.000000 0.000000
vn -0.000000 1.000000 0.000000
vn -0.209833 0.977737 0.000000
vn -0.209833 0.977737 0.000000
vn -0.410307 0.911948 0.000000
vn -0.410307 0.911948 0.000000
vn 0.947753 0.319006 0.000000
vn 0.977639 0.210268 0.002915
vn 0.939366 0.342916 -0.000000
vn 0.966452 0.256814 0.004089
vn 0.931311 0.364226 0.000127
vn 0.858703 0.512474 -0.000243
vn 0.856972 0.515363 0.000533
vn 0.856972 0.515364 0.000000
vn 0.727095 0.686537 0.000000
vn 0.726082 0.687608 0.000085
vn 0.561988 0.827145 -0.000088
vn 0.561201 0.827680 0.000000
vn 0.561201 0.827680 0.000000
vn 0.561201 0.827680 0.000000
vn 0.726235 0.687446 -0.000534
vn 0.726082 0.687608 0.000000
vn 0.726082 0.687608 0.000000
vn 0.856972 0.515364 0.000000
vn 0.856972 0.515364 0.000000
vn 0.947753 0.319006 0.000000
vn 0.947753 0.319006 -0.000000
vn 0.856972 0.515364 -0.000000
vn 0.856972 0.515364 -0.000000
vn 0.856972 0.515364 -0.000000
vn 0.726082 0.687608 -0.000000
vn 0.726082 0.687608 0.000000
vn 0.980380 -0.197115 0.001120
vn 0.991443 -0.130534 -0.001120
vn 0.997993 0.063307 0.001120
vn 0.991443 0.130534 -0.001121
vn 0.947591 0.319483 0.001120
vn 0.923879 0.382683 -0.001120
vn 0.832628 0.553831 0.001120
vn 0.793356 0.608756 -0.001120
vn 0.660905 0.750469 0.001120
vn 0.608763 0.793351 -0.001120
vn 0.444160 0.895947 0.001120
vn 0.382677 0.923882 -0.001120
vn 0.197129 0.980377 0.001120
vn 0.130531 0.991444 -0.001120
vn -0.063330 0.997992 0.001120
vn -0.130531 0.991444 -0.001120
vn -0.319468 0.947596 0.001120
vn -0.382677 0.923882 -0.001120
vn -0.553834 0.832626 0.001120
vn -0.608763 0.793351 -0.001120
vn -0.750465 0.660909 0.001120
vn -0.793356 0.608756 -0.001120
vn -0.895948 0.444157 0.001119
vn -0.923879 0.382683 -0.001121
vn -0.980380 0.197115 0.001120
vn -0.991443 0.130534 -0.001120
vn -0.997993 -0.063307 0.001120
vn -0.991443 -0.130534 -0.001121
vn -0.947591 -0.319483 0.001120
vn -0.923879 -0.382683 -0.001120
vn -0.832628 -0.553831 0.001120
vn -0.793356 -0.608756 -0.001120
vn -0.660905 -0.750469 0.001120
vn -0.608762 -0.793352 -0.001120
vn -0.444159 -0.895947 0.001120
vn -0.382681 -0.923880 -0.001120
vn -0.197129 -0.980377 0.001120
vn -0.130527 -0.991444 -0.001120
vn 0.063325 -0.997992 0.001120
vn 0.130527 -0.991444 -0.001120
vn 0.319470 -0.947596 0.001120
vn 0.382681 -0.923880 -0.001120
vn 0.553834 -0.832626 0.001120
vn 0.608762 -0.793352 -0.001120
vn 0.750464 -0.660910 0.001120
vn 0.793356 -0.608756 -0.001121
vn 0.895949 -0.444155 0.001119
vn 0.923879 -0.382683 -0.001121
vn 0.997993 0.063307 -0.001120
vn 0.991443 -0.130534 0.001120
vn 0.980380 -0.197115 -0.001120
vn 0.923879 -0.382683 0.001121
vn 0.895949 -0.444155 -0.001119
vn 0.793356 -0.608756 0.001121
vn 0.750464 -0.660910 -0.001120
vn 0.608762 -0.793352 0.001120
vn 0.553834 -0.832626 -0.001120
vn 0.382681 -0.923880 0.001120
vn 0.319470 -0.947596 -0.001120
vn 0.130527 -0.991444 0.001120
vn 0.063325 -0.997992 -0.001120
vn -0.130527 -0.991444 0.001120
vn -0.197129 -0.980377 -0.001120
vn -0.382681 -0.923880 0.001120
vn -0.444159 -0.895947 -0.001120
vn -0.608762 -0.793352 0.001120
vn -0.660905 -0.750469 -0.001120
vn -0.793356 -0.608756 0.001120
vn -0.832628 -0.553831 -0.001120
vn -0.923879 -0.382683 0.001120
vn -0.947591 -0.319483 -0.001120
vn -0.991443 -0.130534 0.001121
vn -0.997993 -0.063307 -0.001120
vn -0.991443 0.130534 0.001120
vn -0.980380 0.197115 -0.001120
vn -0.923879 0.382683 0.001121
vn -0.895948 0.444157 -0.001119
vn -0.793356 0.608756 0.001120
vn -0.750465 0.660909 -0.001120
vn -0.608763 0.793351 0.001120
vn -0.553834 0.832626 -0.001120
vn -0.382677 0.923882 0.001120
vn -0.319468 0.947596 -0.001120
vn -0.130531 0.991444 0.001120
vn -0.063330 0.997992 -0.001120
vn 0.130531 0.991444 0.001120
vn 0.197129 0.980377 -0.001120
vn 0.382677 0.923882 0.001120
vn 0.444160 0.895947 -0.001120
vn 0.608763 0.793351 0.001120
vn 0.660905 0.750469 -0.001120
vn 0.793356 0.608756 0.001120
vn 0.832628 0.553831 -0.001120
vn 0.923879 0.382683 0.001120
vn 0.947591 0.319483 -0.001120
vn 0.991443 0.130534 0.001121
vn -0.974509 0.224345 0.001355
vn -0.991443 0.130534 -0.001356
vn -0.999369 -0.035502 0.001355
vn -0.991443 -0.130534 -0.001356
vn -0.956120 -0.292973 0.001355
vn -0.923879 -0.382683 -0.001355
vn -0.847736 -0.530417 0.001355
vn -0.793357 -0.608755 -0.001356
vn -0.681549 -0.731772 0.001355
vn -0.608760 -0.793353 -0.001356
vn -0.468931 -0.883234 0.001355
vn -0.382681 -0.923880 -0.001356
vn -0.224352 -0.974507 0.001355
vn -0.130526 -0.991444 -0.001356
vn 0.035512 -0.999368 0.001355
vn 0.130526 -0.991444 -0.001356
vn 0.292959 -0.956124 0.001355
vn 0.382681 -0.923880 -0.001355
vn 0.530428 -0.847729 0.001356
vn 0.608760 -0.793353 -0.001356
vn 0.731767 -0.681553 0.001355
vn 0.793357 -0.608755 -0.001356
vn 0.883230 -0.468938 0.001355
vn 0.923879 -0.382683 -0.001356
vn 0.974509 -0.224345 0.001355
vn 0.991443 -0.130534 -0.001356
vn 0.999369 0.035502 0.001355
vn 0.991443 0.130534 -0.001356
vn 0.956120 0.292973 0.001355
vn 0.923879 0.382683 -0.001355
vn 0.847735 0.530418 0.001355
vn 0.793355 0.608757 -0.001356
vn 0.681550 0.731770 0.001355
vn 0.608763 0.793351 -0.001356
vn 0.468929 0.883235 0.001355
vn 0.382679 0.923880 -0.001356
vn 0.224350 0.974508 0.001355
vn 0.130529 0.991444 -0.001355
vn -0.035510 0.999368 0.001356
vn -0.130529 0.991444 -0.001356
vn -0.292957 0.956125 0.001355
vn -0.382679 0.923880 -0.001355
vn -0.530430 0.847728 0.001356
vn -0.608763 0.793351 -0.001356
vn -0.731766 0.681554 0.001355
vn -0.793355 0.608757 -0.001356
vn -0.883231 0.468937 0.001355
vn -0.923879 0.382683 -0.001356
vn -0.999369 -0.035502 -0.001355
vn -0.991443 0.130534 0.001356
vn -0.974509 0.224345 -0.001355
vn -0.923879 0.382683 0.001356
vn -0.883231 0.468937 -0.001355
vn -0.793355 0.608757 0.001356
vn -0.731766 0.681554 -0.001355
vn -0.608763 0.793351 0.001356
vn -0.530430 0.847728 -0.001356
vn -0.382679 0.923880 0.001355
vn -0.292957 0.956125 -0.001355
vn -0.130529 0.991444 0.001356
vn -0.035510 0.999368 -0.001356
vn 0.130529 0.991444 0.001355
vn 0.224350 0.974508 -0.001355
vn 0.382679 0.923880 0.001356
vn 0.468929 0.883235 -0.001355
vn 0.608763 0.793351 0.001356
vn 0.681550 0.731770 -0.001355
vn 0.793355 0.608757 0.001356
vn 0.847735 0.530418 -0.001355
vn 0.923879 0.382683 0.001355
vn 0.956120 0.292973 -0.001355
vn 0.991443 0.130534 0.001356
vn 0.999369 0.035502 -0.001355
vn 0.991443 -0.130534 0.001356
vn 0.974509 -0.224345 -0.001355
vn 0.923879 -0.382683 0.001356
vn 0.883230 -0.468938 -0.001355
vn 0.793357 -0.608755 0.001356
vn 0.731767 -0.681553 -0.001355
vn 0.608760 -0.793353 0.001356
vn 0.530428 -0.847729 -0.001356
vn 0.382681 -0.923880 0.001355
vn 0.292959 -0.956124 -0.001355
vn 0.130526 -0.991444 0.001356
vn 0.035512 -0.999368 -0.001355
vn -0.130526 -0.991444 0.001356
vn -0.224352 -0.974507 -0.001355
vn -0.382681 -0.923880 0.001356
vn -0.468931 -0.883234 -0.001355
vn -0.608760 -0.793353 0.001356
vn -0.681549 -0.731772 -0.001355
vn -0.793357 -0.608755 0.001356
vn -0.847736 -0.530417 -0.001355
vn -0.923879 -0.382683 0.001355
vn -0.956120 -0.292973 -0.001355
vn -0.991443 -0.130534 0.001356
vn -0.991448 -0.130500 0.000000
vn -0.991448 -0.130500 0.000000
vn -0.991448 0.130500 0.000000
vn -0.991448 0.130500 0.000000
vn -0.923873 0.382698 0.000000
vn -0.923873 0.382698 0.000000
vn -0.793358 0.608755 0.000000
vn -0.793358 0.608755 0.000000
vn -0.608770 0.793347 0.000000
vn -0.608770 0.793347 0.000000
vn -0.382678 0.923882 0.000000
vn -0.382678 0.923882 0.000000
vn -0.130526 0.991445 0.000000
vn -0.130526 0.991445 0.000000
vn 0.130526 0.991445 0.000000
vn 0.130526 0.991445 -0.000000
vn 0.382678 0.923882 0.000000
vn 0.382678 0.923882 -0.000000
vn 0.608770 0.793347 0.000000
vn 0.608770 0.793347 -0.000000
vn 0.793358 0.608755 0.000000
vn 0.793358 0.608755 -0.000000
vn 0.923873 0.382698 0.000000
vn 0.923873 0.382698 -0.000000
vn 0.991448 0.130500 0.000000
vn 0.991448 0.130500 -0.000000
vn 0.991448 -0.130500 0.000000
vn 0.991448 -0.130500 0.000000
vn 0.923873 -0.382698 0.000000
vn 0.923873 -0.382698 0.000000
vn 0.793358 -0.608755 0.000000
vn 0.793358 -0.608755 0.000000
vn 0.608771 -0.793346 0.000000
vn 0.608771 -0.793346 0.000000
vn 0.382678 -0.923882 0.000000
vn 0.382678 -0.923882 0.000000
vn 0.130526 -0.991445 0.000000
vn 0.130526 -0.991445 0.000000
vn -0.130526 -0.991445 0.000000
vn -0.130526 -0.991445 0.000000
vn -0.382678 -0.923882 0.000000
vn -0.382678 -0.923882 0.000000
vn -0.608771 -0.793346 0.000000
vn -0.608771 -0.793346 0.000000
vn -0.793358 -0.608755 0.000000
vn -0.793358 -0.608755 0.000000
vn -0.923873 -0.382698 0.000000
vn -0.923873 -0.382698 0.000000
vn -0.991448 0.130500 0.000000
vn -0.991448 0.130500 0.000000
vn -0.991448 -0.130500 0.000000
vn -0.991448 -0.130500 -0.000000
vn -0.923873 -0.382698 0.000000
vn -0.923873 -0.382698 -0.000000
vn -0.793358 -0.608755 0.000000
vn -0.793358 -0.608755 -0.000000
vn -0.608771 -0.793346 0.000000
vn -0.608771 -0.793346 -0.000000
vn -0.382678 -0.923882 0.000000
vn -0.382678 -0.923882 -0.000000
vn -0.130526 -0.991445 0.000000
vn -0.130526 -0.991445 -0.000000
vn 0.130526 -0.991445 0.000000
vn 0.130526 -0.991445 0.000000
vn 0.382678 -0.923882 0.000000
vn 0.382678 -0.923882 0.000000
vn 0.608771 -0.793346 0.000000
vn 0.608771 -0.793346 0.000000
vn 0.793358 -0.608755 0.000000
vn 0.793358 -0.608755 0.000000
vn 0.923873 -0.382698 0.000000
vn 0.923873 -0.382698 0.000000
vn 0.991448 -0.130500 0.000000
vn 0.991448 -0.130500 0.000000
vn 0.991448 0.130500 0.000000
vn 0.991448 0.130500 0.000000
vn 0.923873 0.382698 0.000000
vn 0.923873 0.382698 0.000000
vn 0.793358 0.608755 0.000000
vn 0.793358 0.608755 0.000000
vn 0.608770 0.793347 0.000000
vn 0.608770 0.793347 0.000000
vn 0.382678 0.923882 0.000000
vn 0.382678 0.923882 0.000000
vn 0.130526 0.991445 0.000000
vn 0.130526 0.991445 0.000000
vn -0.130526 0.991445 0.000000
vn -0.130526 0.991445 0.000000
vn -0.382678 0.923882 0.000000
vn -0.382678 0.923882 0.000000
vn -0.608770 0.793347 0.000000
vn -0.608770 0.793347 0.000000
vn -0.793358 0.608755 0.000000
vn -0.793358 0.608755 0.000000
vn -0.923873 0.382698 0.000000
vn -0.923873 0.382698 0.000000
vn -0.991448 -0.130500 0.000000
vn -0.991448 -0.130500 0.000000
vn -0.991448 0.130500 0.000000
vn -0.991448 0.130500 0.000000
vn -0.923873 0.382698 0.000000
vn -0.923873 0.382698 0.000000
vn -0.793358 0.608755 0.000000
vn -0.793358 0.608755 0.000000
vn -0.608770 0.793347 0.000000
vn -0.608770 0.793347 0.000000
vn -0.382678 0.923882 0.000000
vn -0.382678 0.923882 0.000000
vn -0.130526 0.991445 0.000000
vn -0.130526 0.991445 0.000000
vn 0.130526 0.991445 0.000000
vn 0.130526 0.991445 -0.000000
vn 0.382678 0.923882 0.000000
vn 0.382678 0.923882 -0.000000
vn 0.608770 0.793347 0.000000
vn 0.608770 0.793347 -0.000000
vn 0.793358 0.608755 0.000000
vn 0.793358 0.608755 -0.000000
vn 0.923873 0.382698 0.000000
vn 0.923873 0.382698 -0.000000
vn 0.991448 0.130500 0.000000
vn 0.991448 0.130500 -0.000000
vn 0.991448 -0.130500 0.000000
vn 0.991448 -0.130500 0.000000
vn 0.923873 -0.382698 0.000000
vn 0.923873 -0.382698 0.000000
vn 0.793358 -0.608755 0.000000
vn 0.793358 -0.608755 0.000000
vn 0.608771 -0.793346 0.000000
vn 0.608771 -0.793346 0.000000
vn 0.382678 -0.923882 0.000000
vn 0.382678 -0.923882 0.000000
vn 0.130526 -0.991445 0.000000
vn 0.130526 -0.991445 0.000000
vn -0.130526 -0.991445 0.000000
vn -0.130526 -0.991445 0.000000
vn -0.382678 -0.923882 0.000000
vn -0.382678 -0.923882 0.000000
vn -0.608771 -0.793346 0.000000
vn -0.608771 -0.793346 0.000000
vn -0.793358 -0.608755 0.000000
vn -0.793358 -0.608755 0.000000
vn -0.923873 -0.382698 0.000000
vn -0.923873 -0.382698 0.000000
vn -0.991448 0.130500 0.000000
vn -0.991448 0.130500 0.000000
vn -0.991448 -0.130500 0.000000
vn -0.991448 -0.130500 -0.000000
vn -0.923873 -0.382698 0.000000
vn -0.923873 -0.382698 -0.000000
vn -0.793358 -0.608755 0.000000
vn -0.793358 -0.608755 -0.000000
vn -0.608771 -0.793346 0.000000
vn -0.608771 -0.793346 -0.000000
vn -0.382678 -0.923882 0.000000
vn -0.382678 -0.923882 -0.000000
vn -0.130526 -0.991445 0.000000
vn -0.130526 -0.991445 -0.000000
vn 0.130526 -0.991445 0.000000
vn 0.130526 -0.991445 0.000000
vn 0.382678 -0.923882 0.000000
vn 0.382678 -0.923882 0.000000
vn 0.608771 -0.793346 0.000000
vn 0.608771 -0.793346 0.000000
vn 0.793358 -0.608755 0.000000
vn 0.793358 -0.608755 0.000000
vn 0.923873 -0.382698 0.000000
vn 0.923873 -0.382698 0.000000
vn 0.991448 -0.130500 0.000000
vn 0.991448 -0.130500 0.000000
vn 0.991448 0.130500 0.000000
vn 0.991448 0.130500 0.000000
vn 0.923873 0.382698 0.000000
vn 0.923873 0.382698 0.000000
vn 0.793358 0.608755 0.000000
vn 0.793358 0.608755 0.000000
vn 0.608770 0.793347 0.000000
vn 0.608770 0.793347 0.000000
vn 0.382678 0.923882 0.000000
vn 0.382678 0.923882 0.000000
vn 0.130526 0.991445 0.000000
vn 0.130526 0.991445 0.000000
vn -0.130526 0.991445 0.000000
vn -0.130526 0.991445 0.000000
vn -0.382678 0.923882 0.000000
vn -0.382678 0.923882 0.000000
vn -0.608770 0.793347 0.000000
vn -0.608770 0.793347 0.000000
vn -0.793358 0.608755 0.000000
vn -0.793358 0.608755 0.000000
vn -0.923873 0.382698 0.000000
vn -0.923873 0.382698 0.000000
vn -0.991440 -0.130561 0.000000
vn -0.991440 -0.130561 0.000000
vn -0.991440 0.130561 0.000000
vn -0.991440 0.130561 0.000000
vn -0.923895 0.382646 0.000000
vn -0.923895 0.382646 0.000000
vn -0.793358 0.608755 0.000000
vn -0.793358 0.608755 0.000000
vn -0.608740 0.793370 0.000000
vn -0.608740 0.793370 0.000000
vn -0.382678 0.923882 0.000000
vn -0.382678 0.923882 0.000000
vn -0.130533 0.991444 0.000000
vn -0.130533 0.991444 0.000000
vn 0.130526 0.991445 0.000000
vn 0.130526 0.991445 -0.000000
vn 0.382678 0.923882 0.000000
vn 0.382678 0.923882 -0.000000
vn 0.608770 0.793347 0.000000
vn 0.608770 0.793347 -0.000000
vn 0.793358 0.608755 0.000000
vn 0.793358 0.608755 -0.000000
vn 0.923873 0.382698 0.000000
vn 0.923873 0.382698 -0.000000
vn 0.991440 0.130561 0.000000
vn 0.991440 0.130561 -0.000000
vn 0.991440 -0.130561 0.000000
vn 0.991440 -0.130561 0.000000
vn 0.923873 -0.382698 0.000000
vn 0.923873 -0.382698 0.000000
vn 0.793358 -0.608755 0.000000
vn 0.793358 -0.608755 0.000000
vn 0.608771 -0.793346 0.000000
vn 0.608771 -0.793346 0.000000
vn 0.382678 -0.923882 0.000000
vn 0.382678 -0.923882 0.000000
vn 0.130526 -0.991445 0.000000
vn 0.130526 -0.991445 0.000000
vn -0.130533 -0.991444 0.000000
vn -0.130533 -0.991444 0.000000
vn -0.382678 -0.923882 0.000000
vn -0.382678 -0.923882 0.000000
vn -0.608741 -0.793369 0.000000
vn -0.608741 -0.793369 0.000000
vn -0.793358 -0.608755 0.000000
vn -0.793358 -0.608755 0.000000
vn -0.923895 -0.382646 0.000000
vn -0.923895 -0.382646 0.000000
vn -0.991440 0.130561 0.000000
vn -0.991440 0.130561 0.000000
vn -0.991440 -0.130561 0.000000
vn -0.991440 -0.130561 -0.000000
vn -0.923895 -0.382646 0.000000
vn -0.923895 -0.382646 -0.000000
vn -0.793358 -0.608755 0.000000
vn -0.793358 -0.608755 -0.000000
vn -0.608741 -0.793369 0.000000
vn -0.608741 -0.793369 -0.000000
vn -0.382678 -0.923882 0.000000
vn -0.382678 -0.923882 -0.000000
vn -0.130533 -0.991444 0.000000
vn -0.130533 -0.991444 -0.000000
vn 0.130526 -0.991445 0.000000
vn 0.130526 -0.991445 0.000000
vn 0.382678 -0.923882 0.000000
vn 0.382678 -0.923882 0.000000
vn 0.608771 -0.793346 0.000000
vn 0.608771 -0.793346 0.000000
vn 0.793358 -0.608755 0.000000
vn 0.793358 -0.608755 0.000000
vn 0.923873 -0.382698 0.000000
vn 0.923873 -0.382698 0.000000
vn 0.991440 -0.130561 0.000000
vn 0.991440 -0.130561 0.000000
vn 0.991440 0.130561 0.000000
vn 0.991440 0.130561 0.000000
vn 0.923873 0.382698 0.000000
vn 0.923873 0.382698 0.000000
vn 0.793358 0.608755 0.000000
vn 0.793358 0.608755 0.000000
vn 0.608770 0.793347 0.000000
vn 0.608770 0.793347 0.000000
vn 0.382678 0.923882 0.000000
vn 0.382678 0.923882 0.000000
vn 0.130526 0.991445 0.000000
vn 0.130526 0.991445 0.000000
vn -0.130533 0.991444 0.000000
vn -0.130533 0.991444 0.000000
vn -0.382678 0.923882 0.000000
vn -0.382678 0.923882 0.000000
vn -0.608740 0.793370 0.000000
vn -0.608740 0.793370 0.000000
vn -0.793358 0.608755 0.000000
vn -0.793358 0.608755 0.000000
vn -0.923895 0.382646 0.000000
vn -0.923895 0.382646 0.000000
vn -0.991448 -0.130500 0.000000
vn -0.991448 -0.130500 0.000000
vn -0.991448 0.130500 0.000000
vn -0.991448 0.130500 0.000000
vn -0.923873 0.382698 0.000000
vn -0.923873 0.382698 0.000000
vn -0.793358 0.608755 0.000000
vn -0.793358 0.608755 0.000000
vn -0.608770 0.793347 0.000000
vn -0.608770 0.793347 0.000000
vn -0.382678 0.923882 0.000000
vn -0.382678 0.923882 0.000000
vn -0.130526 0.991445 0.000000
vn -0.130526 0.991445 0.000000
vn 0.130526 0.991445 0.000000
vn 0.130526 0.991445 -0.000000
vn 0.382678 0.923882 0.000000
vn 0.382678 0.923882 -0.000000
vn 0.608770 0.793347 0.000000
vn 0.608770 0.793347 -0.000000
vn 0.793358 0.608755 0.000000
vn 0.793358 0.608755 -0.000000
vn 0.923873 0.382698 0.000000
vn 0.923873 0.382698 -0.000000
vn 0.991448 0.130500 0.000000
vn 0.991448 0.130500 -0.000000
vn 0.991448 -0.130500 0.000000
vn 0.991448 -0.130500 0.000000
vn 0.923873 -0.382698 0.000000
vn 0.923873 -0.382698 0.000000
vn 0.793358 -0.608755 0.000000
vn 0.793358 -0.608755 0.000000
vn 0.608771 -0.793346 0.000000
vn 0.608771 -0.793346 0.000000
vn 0.382678 -0.923882 0.000000
vn 0.382678 -0.923882 0.000000
vn 0.130526 -0.991445 0.000000
vn 0.130526 -0.991445 0.000000
vn -0.130526 -0.991445 0.000000
vn -0.130526 -0.991445 0.000000
vn -0.382678 -0.923882 0.000000
vn -0.382678 -0.923882 0.000000
vn -0.608771 -0.793346 0.000000
vn -0.608771 -0.793346 0.000000
vn -0.793358 -0.608755 0.000000
vn -0.793358 -0.608755 0.000000
vn -0.923873 -0.382698 0.000000
vn -0.923873 -0.382698 0.000000
vn -0.991448 0.130500 0.000000
vn -0.991448 0.130500 0.000000
vn -0.991448 -0.130500 0.000000
vn -0.991448 -0.130500 -0.000000
vn -0.923873 -0.382698 0.000000
vn -0.923873 -0.382698 -0.000000
vn -0.793358 -0.608755 0.000000
vn -0.793358 -0.608755 -0.000000
vn -0.608771 -0.793346 0.000000
vn -0.608771 -0.793346 -0.000000
vn -0.382678 -0.923882 0.000000
vn -0.382678 -0.923882 -0.000000
vn -0.130526 -0.991445 0.000000
vn -0.130526 -0.991445 -0.000000
vn 0.130526 -0.991445 0.000000
vn 0.130526 -0.991445 0.000000
vn 0.382678 -0.923882 0.000000
vn 0.382678 -0.923882 0.000000
vn 0.608771 -0.793346 0.000000
vn 0.608771 -0.793346 0.000000
vn 0.793358 -0.608755 0.000000
vn 0.793358 -0.608755 0.000000
vn 0.923873 -0.382698 0.000000
vn 0.923873 -0.382698 0.000000
vn 0.991448 -0.130500 0.000000
vn 0.991448 -0.130500 0.000000
vn 0.991448 0.130500 0.000000
vn 0.991448 0.130500 0.000000
vn 0.923873 0.382698 0.000000
vn 0.923873 0.382698 0.000000
vn 0.793358 0.608755 0.000000
vn 0.793358 0.608755 0.000000
vn 0.608770 0.793347 0.000000
vn 0.608770 0.793347 0.000000
vn 0.382678 0.923882 0.000000
vn 0.382678 0.923882 0.000000
vn 0.130526 0.991445 0.000000
vn 0.130526 0.991445 0.000000
vn -0.130526 0.991445 0.000000
vn -0.130526 0.991445 0.000000
vn -0.382678 0.923882 0.000000
vn -0.382678 0.923882 0.000000
vn -0.608770 0.793347 0.000000
vn -0.608770 0.793347 0.000000
vn -0.793358 0.608755 0.000000
vn -0.793358 0.608755 0.000000
vn -0.923873 0.382698 0.000000
vn -0.923873 0.382698 0.000000
vn 0.000000 -0.061537 0.998105
vn 0.000000 -0.061537 0.998105
vn 0.000000 -0.170120 0.985423
vn -0.000775 -0.178820 0.983881
vn 0.000612 -0.292024 0.956411
vn 0.004521 -0.330277 0.943873
vn -0.000647 -0.399793 0.916605
vn 0.001278 -0.532653 0.846333
vn -0.000021 -0.540280 0.841486
vn -0.000021 -0.695588 0.718441
vn 0.001697 -0.707627 0.706584
vn -0.001493 -0.815105 0.579311
vn 0.002636 -0.846722 0.532029
vn -0.001893 -0.906646 0.421889
vn 0.002709 -0.943880 0.330276
vn -0.001450 -0.967543 0.252702
vn 0.001419 -0.991609 0.129266
vn 0.000000 -0.996417 0.084572
vn -0.002518 -0.996696 0.081181
vn 0.001450 -0.967543 0.252702
vn -0.002709 -0.943880 0.330276
vn 0.001893 -0.906646 0.421889
vn -0.002636 -0.846722 0.532029
vn 0.001493 -0.815105 0.579311
vn -0.001697 -0.707627 0.706584
vn 0.000021 -0.695588 0.718441
vn 0.000021 -0.540280 0.841486
vn -0.001278 -0.532653 0.846333
vn 0.000647 -0.399793 0.916605
vn -0.004521 -0.330277 0.943873
vn -0.000612 -0.292024 0.956411
vn 0.000775 -0.178820 0.983881
vn 0.000000 -1.000000 0.000000
vn 0.000000 -1.000000 0.000000
vn 0.000000 -1.000000 0.000000
vn -0.000000 -1.000000 0.000000
vn 0.000000 -1.000000 0.000000
vn 0.000000 -1.000000 0.000000
vn 0.000000 0.061537 0.998105
vn -0.000000 0.061537 0.998105
vn 0.000000 0.170120 0.985423
vn 0.000775 0.178820 0.983881
vn -0.000612 0.292023 0.956411
vn -0.004521 0.330277 0.943873
vn 0.000647 0.399794 0.916605
vn -0.001278 0.532654 0.846332
vn 0.000020 0.540280 0.841486
vn 0.000021 0.695589 0.718440
vn -0.001697 0.707626 0.706585
vn 0.001493 0.815105 0.579311
vn -0.002636 0.846722 0.532029
vn 0.001893 0.906646 0.421889
vn -0.002709 0.943880 0.330276
vn 0.001450 0.967543 0.252702
vn -0.001419 0.991609 0.129266
vn -0.000000 0.996417 0.084572
vn 0.002518 0.996696 0.081181
vn -0.001450 0.967543 0.252702
vn 0.002709 0.943880 0.330276
vn -0.001893 0.906646 0.421889
vn 0.002636 0.846722 0.532029
vn -0.001493 0.815105 0.579311
vn 0.001697 0.707626 0.706585
vn -0.000021 0.695588 0.718440
vn -0.000020 0.540280 0.841485
vn 0.001278 0.532654 0.846332
vn -0.000647 0.399794 0.916605
vn 0.004521 0.330277 0.943873
vn 0.000612 0.292023 0.956411
vn -0.000775 0.178820 0.983881
vn 0.000000 1.000000 0.000000
vn 0.000000 1.000000 0.000000
vn -0.000000 1.000000 0.000000
vn 0.000000 1.000000 -0.000000
vn 0.000000 1.000000 0.000000
vn 0.000000 1.000000 -0.000000
vn 0.000000 0.000000 1.000000
vn 0.000000 0.000000 1.000000
vn -0.000000 0.000000 1.000000
vn -0.000000 0.000000 1.000000
vn -0.000000 0.000000 1.000000
vn -0.000000 0.000000 1.000000
vn -0.000000 0.000000 1.000000
vn -0.000000 0.000000 1.000000
vn -0.000000 0.000000 1.000000
vn 0.000000 -0.000000 1.000000
vn 0.000000 -0.000000 1.000000
vn 0.000000 -0.000000 1.000000
vn 0.000000 -0.000000 1.000000
vn 0.000000 -0.000000 1.000000
vn 0.000000 -0.000000 1.000000
vn 0.000000 0.000000 1.000000
vn 0.000000 0.000000 1.000000
vn 0.000000 0.000000 1.000000
vn 0.000000 0.000000 1.000000
vn 0.000000 0.000000 1.000000
vn 0.000000 0.000000 1.000000
vn 0.000000 0.000000 1.000000
vn 0.000000 0.000000 1.000000
vn 0.000000 0.000000 1.000000
vn 0.000000 0.000000 1.000000
vn 0.000000 0.000000 1.000000
vn 0.000000 0.000000 1.000000
vn 0.000000 0.000000 1.000000
vn 0.000000 0.000000 1.000000
vn 0.000000 0.000000 1.000000
vn 0.000000 0.000000 1.000000
vn 0.000000 0.000000 1.000000
vn 0.000000 0.000000 1.000000
vn 0.000000 0.000000 1.000000
vn -0.923684 0.383153 -0.001141
vn -0.906308 0.422615 0.001712
vn -0.872466 0.488674 -0.000357
vn -0.833361 0.552729 0.000589
vn -0.819150 0.573576 0.001936
vn -0.789616 0.613602 -0.000046
vn -0.739459 0.673202 0.000039
vn -0.707110 0.707101 0.001939
vn -0.662289 0.749247 -0.001176
vn -0.573573 0.819153 0.001501
vn -0.551597 0.834111 -0.000218
vn -0.436198 0.899851 0.000137
vn -0.422616 0.906308 0.001120
vn -0.313735 0.949510 -0.000828
vn -0.258820 0.965924 0.001679
vn -0.186468 0.982461 -0.000915
vn -0.087156 0.996194 0.001318
vn -0.062474 0.998047 0.000000
vn -0.965924 0.258824 0.001301
vn -0.972295 0.233758 -0.000650
vn -0.996194 0.087155 0.000731
vn -0.996910 0.078555 0.000000
vn 0.062474 0.998047 0.000000
vn 0.087156 0.996194 0.001431
vn 0.186524 0.982450 -0.000995
vn 0.258819 0.965924 0.001829
vn 0.313784 0.949494 -0.000905
vn 0.422616 0.906308 0.001224
vn 0.436190 0.899855 0.000150
vn 0.551607 0.834104 -0.000240
vn 0.573573 0.819153 0.001653
vn 0.662328 0.749213 -0.001297
vn 0.707110 0.707100 0.002143
vn 0.739458 0.673203 0.000043
vn 0.789617 0.613601 -0.000051
vn 0.819150 0.573576 0.002145
vn 0.833355 0.552737 0.000653
vn 0.872467 0.488672 -0.000396
vn 0.906307 0.422615 0.001899
vn 0.923684 0.383153 -0.001265
vn 0.965923 0.258824 0.001443
vn 0.972295 0.233758 -0.000721
vn 0.996194 0.087155 0.000811
vn 0.996910 0.078555 0.000000
vn 0.000000 0.000000 1.000000
vn -0.000000 0.000000 1.000000
vn -0.000000 0.000000 1.000000
vn 0.000000 0.000000 1.000000
vn -0.000000 0.000000 1.000000
vn -0.000000 0.000000 1.000000
vn 0.000000 0.000000 1.000000
vn 0.000000 0.000000 1.000000
vn 0.000000 0.000000 1.000000
vn 0.000000 0.000000 1.000000
vn 0.000000 0.000000 1.000000
vn 0.000000 0.000000 1.000000
vn 0.000000 0.000000 1.000000
vn 0.000000 0.000000 1.000000
vn 0.000000 0.000000 1.000000
vn 0.000000 0.000000 1.000000
vn 0.000000 0.000000 1.000000
vn 0.000000 0.000000 1.000000
vn 0.000000 0.000000 1.000000
vn 0.000000 0.000000 1.000000
vn 0.000000 0.000000 1.000000
vn 0.000000 0.000000 1.000000
vn 0.000000 0.000000 1.000000
vn 0.000000 0.000000 1.000000
vn 0.000000 0.000000 1.000000
vn 0.000000 0.000000 1.000000
vn 0.000000 0.000000 1.000000
vn 0.000000 0.000000 1.000000
vn 0.000000 0.000000 1.000000
vn 0.000000 -0.000000 1.000000
vn 0.000000 -0.000000 1.000000
vn 0.000000 0.000000 1.000000
vn 0.000000 -0.000000 1.000000
vn 0.000000 -0.000000 1.000000
vn 0.923684 -0.383154 -0.001265
vn 0.906307 -0.422615 0.001899
vn 0.872467 -0.488672 -0.000396
vn 0.833355 -0.552737 0.000653
vn 0.819150 -0.573576 0.002145
vn 0.789616 -0.613602 -0.000051
vn 0.739459 -0.673202 0.000043
vn 0.707110 -0.707100 0.002143
vn 0.662328 -0.749213 -0.001297
vn 0.573573 -0.819153 0.001653
vn 0.551607 -0.834104 -0.000240
vn 0.436190 -0.899855 0.000150
vn 0.422616 -0.906308 0.001224
vn 0.313784 -0.949494 -0.000905
vn 0.258819 -0.965924 0.001829
vn 0.186524 -0.982450 -0.000995
vn 0.087156 -0.996194 0.001431
vn 0.062474 -0.998047 0.000000
vn 0.965923 -0.258824 0.001443
vn 0.972295 -0.233758 -0.000721
vn 0.996194 -0.087155 0.000811
vn 0.996910 -0.078555 0.000000
vn -0.062474 -0.998047 0.000000
vn -0.087156 -0.996194 0.001318
vn -0.186468 -0.982461 -0.000916
vn -0.258820 -0.965924 0.001679
vn -0.313735 -0.949510 -0.000828
vn -0.422616 -0.906308 0.001120
vn -0.436198 -0.899851 0.000137
vn -0.551597 -0.834111 -0.000218
vn -0.573573 -0.819153 0.001501
vn -0.662289 -0.749247 -0.001176
vn -0.707110 -0.707101 0.001939
vn -0.739460 -0.673201 0.000039
vn -0.789615 -0.613603 -0.000046
vn -0.819150 -0.573576 0.001936
vn -0.833361 -0.552729 0.000589
vn -0.872466 -0.488674 -0.000357
vn -0.906308 -0.422615 0.001712
vn -0.923684 -0.383154 -0.001141
vn -0.965924 -0.258824 0.001301
vn -0.972295 -0.233758 -0.000650
vn -0.996194 -0.087155 0.000731
vn -0.996910 -0.078555 -0.000000
vn 0.000000 0.000000 1.000000
vn 0.000000 0.000000 1.000000
vn 0.000000 -0.000000 1.000000
vn -0.000000 0.000000 1.000000
vn -0.000000 0.000000 1.000000
vn 0.000000 0.000000 1.000000
vn 0.000000 0.000000 1.000000
vn 0.000000 0.000000 1.000000
vn 0.000000 -0.000000 1.000000
vn 0.000000 0.000000 1.000000
vn 0.000000 0.000000 1.000000
vn 0.000000 0.000000 1.000000
vn 0.000000 0.000000 1.000000
vn 0.000000 0.000000 1.000000
vn 0.000000 -0.000000 1.000000
vn -0.000000 0.000000 1.000000
vn -0.000000 0.000000 1.000000
vn 0.000000 0.000000 1.000000
vn 0.000000 0.000000 1.000000
vn -0.000000 0.000000 1.000000
vn 0.000000 0.000000 1.000000
vn -0.000000 0.000000 1.000000
vn -0.000000 0.000000 1.000000
vn 0.000000 0.000000 1.000000
vn 0.000000 0.000000 1.000000
vn -0.000000 0.000000 1.000000
vn 0.000000 0.000000 1.000000
vn 0.000000 0.000000 1.000000
vn 0.000000 0.000000 1.000000
vn 0.000000 0.000000 1.000000
vn 0.000000 0.000000 1.000000
vn 0.000000 0.000000 1.000000
vn 0.000000 0.000000 1.000000
vn 0.000000 0.000000 1.000000
vn 0.000000 0.000000 1.000000
vn 0.000000 0.000000 1.000000
vn 0.000000 0.000000 1.000000
vn 0.000000 -0.000000 1.000000
vn 0.000000 -0.000000 1.000000
vn 0.000000 0.000000 1.000000
vn 0.000000 -0.000000 1.000000
vn 0.000000 -0.000000 1.000000
vn 0.000000 0.000000 1.000000
vn 0.000000 0.000000 1.000000
vn 0.000000 0.000000 1.000000
vn 0.000000 0.000000 1.000000
vn 0.530980 0.847384 0.000324
vn 0.535286 0.844671 0.000000
vn 0.540432 0.841387 -0.000748
vn 0.592076 0.805882 0.000499
vn 0.611838 0.790982 -0.001523
vn 0.641146 0.767419 0.000761
vn 0.678564 0.734540 -0.001273
vn 0.687722 0.725975 -0.000000
vn 0.464895 0.885366 -0.000333
vn 0.456769 0.889585 0.000266
vn 0.385812 0.922577 -0.000273
vn 0.379231 0.925302 0.000205
vn 0.303780 0.952742 -0.000210
vn 0.298927 0.954276 0.000140
vn 0.219426 0.975629 -0.000144
vn 0.216447 0.976294 0.000072
vn 0.133395 0.991063 -0.000074
vn 0.132387 0.991198 -0.000000
vn 0.686097 0.727510 0.000000
vn 0.686097 0.727510 -0.000000
vn 0.635976 0.771709 0.000000
vn 0.635976 0.771709 -0.000000
vn 0.583015 0.812461 0.000000
vn 0.583015 0.812461 -0.000000
vn 0.651120 0.758975 0.000000
vn 0.651120 0.758975 -0.000000
vn 0.812920 0.582375 0.000000
vn 0.812920 0.582375 -0.000000
vn 0.928076 0.372391 0.000000
vn 0.928076 0.372391 -0.000000
vn 0.990015 0.140965 0.000000
vn 0.990015 0.140965 0.000000
vn 0.990014 0.140965 0.000000
vn 0.928076 0.372391 0.000000
vn 0.928076 0.372391 0.000000
vn 0.812920 0.582375 0.000000
vn 0.812920 0.582375 0.000000
vn 0.651120 0.758975 0.000000
vn 0.998496 0.054822 0.000000
vn 0.998496 0.054822 -0.000000
vn 0.992605 0.121389 0.000000
vn 0.992605 0.121389 -0.000000
vn 0.982284 0.187400 0.000000
vn 0.982284 0.187400 -0.000000
vn 0.000000 0.000000 1.000000
vn -0.000000 0.000000 1.000000
vn -0.000000 0.000000 1.000000
vn 0.000000 0.000000 1.000000
vn -0.000000 0.000000 1.000000
vn -0.000000 0.000000 1.000000
vn 0.000000 0.000000 1.000000
vn 0.000000 0.000000 1.000000
vn 0.000000 0.000000 1.000000
vn 0.000000 0.000000 1.000000
vn 0.000000 0.000000 1.000000
vn 0.000000 0.000000 1.000000
vn 0.000000 0.000000 1.000000
vn 0.000000 0.000000 1.000000
vn -0.000000 0.000000 1.000000
vn 0.000000 0.000000 1.000000
vn 0.000000 0.000000 1.000000
vn 0.000000 0.000000 1.000000
vn 0.000000 0.000000 1.000000
vn 0.000000 0.000000 1.000000
vn 0.000000 0.000000 1.000000
vn 0.000000 0.000000 1.000000
vn 0.000000 -0.000000 1.000000
vn -0.000000 0.000000 1.000000
vn -0.000000 0.000000 1.000000
vn 0.000000 0.000000 1.000000
vn 0.000000 0.000000 1.000000
vn 0.000000 0.000000 1.000000
vn 0.000000 0.000000 1.000000
vn 0.000000 0.000000 1.000000
vn 0.000000 0.000000 1.000000
vn 0.000000 0.000000 1.000000
vn -0.000000 0.000000 1.000000
vn 0.000000 0.000000 1.000000
vn -0.000000 0.000000 1.000000
vn 0.000000 0.000000 1.000000
vn 0.000000 -0.000000 1.000000
vn 0.000000 0.000000 1.000000
vn 0.000000 0.000000 1.000000
vn 0.000000 0.000000 1.000000
vn 0.000000 0.000000 1.000000
vn 0.000000 0.000000 1.000000
vn 0.000000 0.000000 1.000000
vn 0.000000 0.000000 1.000000
vn -0.000000 0.000000 1.000000
vn -0.000000 0.000000 1.000000
vn 0.687722 -0.725975 0.000000
vn 0.674418 -0.738347 -0.001845
vn 0.641146 -0.767419 0.000770
vn 0.598392 -0.801202 -0.001540
vn 0.592076 -0.805882 -0.000610
vn 0.562421 -0.826851 0.000000
vn 0.530696 -0.847562 0.000331
vn 0.516536 -0.856265 -0.000736
vn 0.455879 -0.890042 0.000613
vn 0.429654 -0.902993 -0.000951
vn 0.377682 -0.925935 0.000761
vn 0.338591 -0.940933 -0.001030
vn 0.296695 -0.954972 0.000773
vn 0.244233 -0.969716 -0.000975
vn 0.213508 -0.976941 0.000650
vn 0.147499 -0.989062 -0.000785
vn 0.128741 -0.991678 0.000393
vn 0.049328 -0.998783 -0.000460
vn 0.043022 -0.999074 0.000000
vn 0.996532 0.083205 -0.000607
vn 0.998751 0.049970 -0.000000
vn 0.999313 0.037062 0.000183
vn 1.000000 0.000000 -0.001028
vn 1.000000 0.000000 -0.001028
vn 0.999313 -0.037062 0.000183
vn 0.998751 -0.049970 0.000000
vn 0.996532 -0.083205 -0.000607
vn 0.996061 -0.088662 -0.001202
vn 0.990387 -0.138323 0.000600
vn 0.984278 -0.176618 -0.001505
vn 0.981199 -0.192998 0.000000
vn 0.996061 0.088662 -0.001202
vn 0.990387 0.138323 0.000600
vn 0.984278 0.176618 -0.001505
vn 0.981199 0.192998 -0.000000
vn 0.000000 0.000000 1.000000
vn 0.000000 0.000000 1.000000
vn 0.000000 0.000000 1.000000
vn 0.000000 0.000000 1.000000
vn 0.000000 -0.000000 1.000000
vn 0.000000 -0.000000 1.000000
vn 0.000000 0.000000 1.000000
vn -0.000000 -0.000000 1.000000
vn 0.000000 0.000000 1.000000
vn 0.000000 0.000000 1.000000
vn 0.000000 -0.000000 1.000000
vn 0.000000 -0.000000 1.000000
vn 0.000000 0.000000 1.000000
vn -0.000000 0.000000 1.000000
vn -0.000000 0.000000 1.000000
vn 0.000000 0.000000 1.000000
vn 0.000000 0.000000 1.000000
vn 0.000000 0.000000 1.000000
vn 0.000000 0.000000 1.000000
vn 0.000000 0.000000 1.000000
vn 0.000000 0.000000 1.000000
vn 0.000000 0.000000 1.000000
vn 0.000000 0.000000 1.000000
vn -0.000000 0.000000 1.000000
vn 0.000000 0.000000 1.000000
vn 0.000000 0.000000 1.000000
vn 0.000000 0.000000 1.000000
vn 0.000000 0.000000 1.000000
vn 0.000000 0.000000 1.000000
vn 0.000000 0.000000 1.000000
vn 0.000000 0.000000 1.000000
vn 0.000000 0.000000 1.000000
vn 0.000000 0.000000 1.000000
vn 0.000000 0.000000 1.000000
vn 0.000000 0.000000 1.000000
vn 0.000000 0.000000 1.000000
vn 0.000000 0.000000 1.000000
vn 0.000000 0.000000 1.000000
vn -0.000000 0.000000 1.000000
vn -0.000000 0.000000 1.000000
vn -0.000000 0.000000 1.000000
vn 0.000000 0.000000 1.000000
vn -0.000000 0.000000 1.000000
vn 0.000000 0.000000 1.000000
vn -0.000000 0.000000 1.000000
vn 0.000000 0.000000 1.000000
vn -0.000000 0.000000 1.000000
vn 0.000000 0.000000 1.000000
vn -0.000000 0.000000 1.000000
vn 0.000000 0.000000 1.000000
vn -0.000000 0.000000 1.000000
vn 0.000000 0.000000 1.000000
vn -0.000000 0.000000 1.000000
vn -0.000000 0.000000 1.000000
vn -0.000000 -0.000000 1.000000
vn -0.000000 -0.000000 1.000000
vn -0.000000 0.000000 1.000000
vn 0.000000 -0.000000 1.000000
vn -0.000000 0.000000 1.000000
vn -0.000000 0.000000 1.000000
vn 0.000000 0.000000 1.000000
vn 0.000000 -0.000000 1.000000
vn 0.000000 0.000000 1.000000
vn -0.000000 -0.000000 1.000000
vn 0.000000 -0.000000 1.000000
vn 0.000000 0.000000 1.000000
vn 0.000000 -0.000000 1.000000
vn 0.000000 -0.000000 1.000000
vn 0.000000 -0.000000 1.000000
vn 0.000000 -0.000000 1.000000
vn 0.000000 -0.000000 1.000000
vn 0.000000 -0.000000 1.000000
vn 0.000000 -0.000000 1.000000
vn 0.000000 -0.000000 1.000000
vn -0.000000 -0.000000 1.000000
vn 0.000000 -0.000000 1.000000
vn -0.000000 -0.000000 1.000000
vn 0.000000 -0.000000 1.000000
vn 0.000000 -0.000000 1.000000
vn -0.000000 -0.000000 1.000000
vn 0.000000 -0.000000 1.000000
vn -0.000000 -0.000000 1.000000
vn -0.000000 -0.000000 1.000000
vn 0.000000 0.000000 1.000000
vn -0.000000 0.000000 1.000000
vn -0.000000 0.000000 1.000000
vn 0.000000 0.000000 1.000000
vn 0.000000 0.000000 1.000000
vn 0.000000 0.000000 1.000000
vn 0.000000 0.000000 1.000000
vn 0.000000 0.000000 1.000000
vn 0.000000 0.000000 1.000000
vn 0.000000 0.000000 1.000000
vn 0.000000 0.000000 1.000000
vn 0.000000 0.000000 1.000000
vn 0.000000 0.000000 1.000000
vn -0.000000 0.000000 1.000000
vn 0.000000 0.000000 1.000000
vn -0.000000 0.000000 1.000000
vn 0.000000 0.000000 1.000000
vn 0.000000 0.000000 1.000000
vn -0.000000 0.000000 1.000000
vn -0.000000 0.000000 1.000000
vn -0.000000 0.000000 1.000000
vn -0.000000 0.000000 1.000000
vn -0.000000 0.000000 1.000000
vn 0.000000 0.000000 1.000000
vn 0.000000 0.000000 1.000000
vn 0.000000 0.000000 1.000000
vn 0.000000 0.000000 1.000000
vn 0.000000 0.000000 1.000000
vn 0.000000 0.000000 1.000000
vn 0.000000 0.000000 1.000000
vn 0.000000 -0.000000 1.000000
vn -0.000000 0.000000 1.000000
vn -0.000000 0.000000 1.000000
vn 0.000000 0.000000 1.000000
vn 0.000000 -0.000000 1.000000
vn -0.000000 0.000000 1.000000
vn 0.000000 -0.000000 1.000000
vn 0.000000 -0.000000 1.000000
vn 0.000000 -0.000000 1.000000
vn 0.000000 -0.000000 1.000000
vn 0.000000 -0.000000 1.000000
vn 0.000000 -0.000000 1.000000
vn 0.000000 -0.000000 1.000000
vn 0.000000 -0.000000 1.000000
vn 0.000000 0.000000 1.000000
vn 0.000000 0.000000 1.000000
vn 0.000000 0.000000 1.000000
vn 0.000000 0.000000 1.000000
vn 0.000000 0.000000 1.000000
vn 0.000000 0.000000 1.000000
vn 0.000000 0.000000 1.000000
vn 0.000000 0.000000 1.000000
vn 0.000000 0.000000 1.000000
vn -0.000000 0.000000 1.000000
vn -0.000000 0.000000 1.000000
vn -0.000000 0.000000 1.000000
vn 0.000000 0.000000 1.000000
vn 0.662009 0.749496 0.000000
vn 0.662009 0.749496 -0.000000
vn 0.822381 0.568937 0.000000
vn 0.822381 0.568937 -0.000000
vn 0.934789 0.355203 0.000000
vn 0.934789 0.355203 -0.000000
vn 0.992683 0.120746 0.000000
vn 0.992683 0.120746 -0.000000
vn 1.000000 0.000000 0.000000
vn 1.000000 0.000000 -0.000000
vn 1.000000 -0.000000 0.000000
vn 1.000000 0.000000 0.000000
vn 1.000000 0.000000 0.000000
vn 1.000000 0.000000 0.000000
vn 0.992683 -0.120746 0.000000
vn 0.992683 -0.120746 0.000000
vn 0.934789 -0.355203 0.000000
vn 0.934789 -0.355203 0.000000
vn 0.822381 -0.568937 0.000000
vn 0.822381 -0.568937 0.000000
vn 0.662009 -0.749496 0.000000
vn 0.662009 -0.749496 0.000000
vn -1.000000 0.000000 0.000000
vn -1.000000 0.000000 0.000000
vn -1.000000 0.000000 0.000000
vn -1.000000 0.000000 -0.000000
vn -1.000000 0.000000 0.000000
vn -1.000000 -0.000000 -0.000000
vn 1.000000 0.000000 0.000000
vn 1.000000 0.000000 -0.000000
vn 1.000000 0.000000 0.000000
vn 1.000000 -0.000000 0.000000
vn 1.000000 0.000000 0.000000
vn 1.000000 0.000000 0.000000
vn 0.982284 -0.187400 0.000000
vn 0.982284 -0.187400 0.000000
vn 0.992605 -0.121389 0.000000
vn 0.992605 -0.121389 0.000000
vn 0.998496 -0.054822 0.000000
vn 0.998496 -0.054822 0.000000
vn 0.000000 0.000000 1.000000
vn 0.000000 0.000000 1.000000
vn 0.000000 0.000000 1.000000
vn 0.000000 0.000000 1.000000
vn 0.000000 0.000000 1.000000
vn 0.000000 0.000000 1.000000
vn 0.000000 0.000000 1.000000
vn 0.000000 0.000000 1.000000
vn 0.000000 -0.000000 1.000000
vn 0.000000 0.000000 1.000000
vn 0.000000 -0.000000 1.000000
vn 0.000000 0.000000 1.000000
vn 0.000000 -0.000000 1.000000
vn 0.000000 0.000000 1.000000
vn 0.000000 -0.000000 1.000000
vn 0.000000 0.000000 1.000000
vn 0.000000 0.000000 1.000000
vn 0.000000 -0.000000 1.000000
vn 0.000000 0.000000 1.000000
vn 0.000000 0.000000 1.000000
vn 0.000000 -0.000000 1.000000
vn 0.000000 0.000000 1.000000
vn 0.000000 0.000000 1.000000
vn 0.000000 0.000000 1.000000
vn -0.000000 0.000000 1.000000
vn 0.000000 0.000000 1.000000
vn 0.000000 -0.000000 1.000000
vn -0.000000 0.000000 1.000000
vn 0.000000 -0.000000 1.000000
vn -0.000000 0.000000 1.000000
vn 0.000000 -0.000000 1.000000
vn -0.000000 0.000000 1.000000
vn -0.000000 0.000000 1.000000
vn 0.000000 0.000000 1.000000
vn 0.000000 0.000000 1.000000
vn 0.000000 -0.000000 1.000000
vn 0.000000 0.000000 1.000000
vn 0.000000 0.000000 1.000000
vn 0.000000 0.000000 1.000000
vn 0.000000 0.000000 1.000000
vn 0.000000 0.000000 1.000000
vn 0.000000 0.000000 1.000000
vn 0.000000 0.000000 1.000000
vn 0.000000 0.000000 1.000000
vn 0.000000 0.000000 1.000000
vn 0.000000 0.000000 1.000000
vn 0.000000 0.000000 1.000000
vn 0.000000 0.000000 1.000000
vn 0.000000 0.000000 1.000000
vn 0.000000 0.000000 1.000000
vn 0.000000 0.000000 1.000000
vn 0.000000 0.000000 1.000000
vn 0.000000 0.000000 1.000000
vn -0.000000 0.000000 1.000000
vn -0.000000 0.000000 1.000000
vn 0.000000 0.000000 1.000000
vn -0.000000 0.000000 1.000000
vn 0.000000 0.000000 1.000000
vn -0.000000 0.000000 1.000000
vn 0.000000 0.000000 1.000000
vn -0.000000 0.000000 1.000000
vn 0.000000 0.000000 1.000000
vn -0.000000 0.000000 1.000000
vn 0.000000 0.000000 1.000000
vn -0.000000 0.000000 1.000000
vn 0.000000 0.000000 1.000000
vn -0.000000 0.000000 1.000000
vn 0.000000 0.000000 1.000000
vn 0.000000 0.000000 1.000000
vn 0.000000 0.000000 1.000000
vn 0.000000 0.000000 1.000000
vn 0.000000 0.000000 1.000000
vn 0.000000 0.000000 1.000000
vn 0.000000 0.000000 1.000000
vn 0.000000 0.000000 1.000000
vn 0.000000 0.000000 1.000000
vn 0.000000 0.000000 1.000000
vn 0.000000 0.000000 1.000000
vn 0.000000 0.000000 1.000000
vn 0.000000 0.000000 1.000000
vn 0.000000 0.000000 1.000000
vn 0.000000 0.000000 1.000000
vn 0.000000 0.000000 1.000000
vn 0.000000 0.000000 1.000000
vn 0.000000 0.000000 1.000000
vn 0.000000 0.000000 1.000000
vn 0.000000 0.000000 1.000000
vn 0.000000 0.000000 1.000000
vn 0.000000 0.000000 1.000000
vn 0.000000 0.000000 1.000000
vn 0.000000 0.000000 1.000000
vn 0.000000 0.000000 1.000000
vn 0.000000 0.000000 1.000000
vn 0.000000 0.000000 1.000000
vn 0.000000 0.000000 1.000000
vn 0.000000 0.000000 1.000000
vn 0.000000 0.000000 1.000000
vn 0.000000 0.000000 1.000000
vn 0.000000 0.000000 1.000000
vn 0.000000 0.000000 1.000000
vn 0.000000 0.000000 1.000000
vn 0.000000 0.000000 1.000000
vn 0.000000 0.000000 1.000000
vn 0.000000 0.000000 1.000000
vn 0.000000 0.000000 1.000000
vn 0.000000 0.000000 1.000000
vn 0.000000 0.000000 1.000000
vn 0.000000 0.000000 1.000000
vn 0.000000 0.000000 1.000000
vn 0.000000 0.000000 1.000000
vn 0.000000 0.000000 1.000000
vn 0.000000 0.000000 1.000000
vn 0.000000 0.000000 1.000000
vn 0.000000 0.000000 1.000000
vn 0.000000 0.000000 1.000000
vn 0.000000 0.000000 1.000000
vn 0.000000 0.000000 1.000000
vn 0.000000 0.000000 1.000000
vn 0.000000 0.000000 1.000000
vn 0.000000 0.000000 1.000000
vn 0.000000 0.000000 1.000000
vn 0.000000 0.000000 1.000000
vn 0.000000 0.000000 1.000000
vn 0.000000 0.000000 1.000000
vn 0.000000 0.000000 1.000000
vn 0.000000 0.000000 1.000000
vn 0.000000 0.000000 1.000000
vn 0.000000 0.000000 1.000000
vn 0.000000 0.000000 1.000000
vn 0.000000 0.000000 1.000000
vn 0.000000 -0.000000 1.000000
vn 0.000000 -0.000000 1.000000
vn 0.000000 -0.000000 1.000000
vn 0.000000 -0.000000 1.000000
vn 0.000000 -0.000000 1.000000
vn 0.000000 -0.000000 1.000000
vn -0.000000 -0.000000 1.000000
vn 0.000000 -0.000000 1.000000
vn -0.000000 -0.000000 1.000000
vn 0.000000 -0.000000 1.000000
vn 0.000000 -0.000000 1.000000
vn 0.000000 -0.000000 1.000000
vn 0.000000 -0.000000 1.000000
vn 0.000000 -0.000000 1.000000
vn 0.000000 -0.000000 1.000000
vn 0.000000 -0.000000 1.000000
vn 0.000000 0.000000 1.000000
vn 0.000000 -0.000000 1.000000
vn 0.000000 0.000000 1.000000
vn 0.000000 -0.000000 1.000000
vn 0.000000 -0.000000 1.000000
vn 0.000000 0.000000 1.000000
vn 0.000000 0.000000 1.000000
vn 0.000000 -0.000000 1.000000
vn 0.000000 0.000000 1.000000
vn 0.000000 -0.000000 1.000000
vn 0.000000 0.000000 1.000000
vn 0.000000 -0.000000 1.000000
vn 0.000000 0.000000 1.000000
vn 0.000000 -0.000000 1.000000
vn 0.000000 0.000000 1.000000
vn 0.000000 0.000000 1.000000
vn 0.000000 0.000000 1.000000
vn 0.000000 0.000000 1.000000
vn 0.000000 0.000000 1.000000
vn 0.000000 0.000000 1.000000
vn 0.000000 0.000000 1.000000
vn 0.000000 0.000000 1.000000
vn 0.000000 0.000000 1.000000
vn 0.000000 0.000000 1.000000
vn 0.000000 0.000000 1.000000
vn 0.000000 0.000000 1.000000
vn 0.000000 0.000000 1.000000
vn 0.000000 0.000000 1.000000
vn 0.000000 0.000000 1.000000
vn 0.000000 0.000000 1.000000
vn 0.000000 0.000000 1.000000
vn -0.000000 0.000000 1.000000
vn 0.000000 0.000000 1.000000
vn 0.000000 0.000000 1.000000
vn 0.000000 0.000000 1.000000
vn 0.000000 0.000000 1.000000
vn -0.000000 0.000000 1.000000
vn -0.000000 0.000000 1.000000
vn 0.000000 0.000000 1.000000
vn -0.000000 0.000000 1.000000
vn 0.000000 0.000000 1.000000
vn 0.000000 0.000000 1.000000
vn 0.000000 -0.000000 1.000000
vn 0.000000 0.000000 1.000000
vn 0.000000 -0.000000 1.000000
vn 0.000000 0.000000 1.000000
vn 0.000000 -0.000000 1.000000
vn 0.000000 0.000000 1.000000
vn 0.000000 -0.000000 1.000000
vn 0.000000 0.000000 1.000000
vn 0.000000 -0.000000 1.000000
vn -0.000000 0.000000 1.000000
vn 0.000000 0.000000 1.000000
vn 0.000000 0.000000 1.000000
vn 0.000000 0.000000 1.000000
vn 0.000000 0.000000 1.000000
vn 0.000000 0.000000 1.000000
vn 0.000000 0.000000 1.000000
vn 0.000000 0.000000 1.000000
vn 0.583015 -0.812461 0.000000
vn 0.583015 -0.812461 0.000000
vn 0.635976 -0.771709 0.000000
vn 0.635976 -0.771709 0.000000
vn 0.686097 -0.727510 0.000000
vn 0.686097 -0.727510 0.000000
vn 0.990015 -0.140965 0.000000
vn 0.990015 -0.140965 0.000000
vn 0.928076 -0.372391 0.000000
vn 0.928076 -0.372391 0.000000
vn 0.812920 -0.582375 0.000000
vn 0.812920 -0.582375 0.000000
vn 0.651120 -0.758975 0.000000
vn 0.651120 -0.758975 0.000000
vn 0.651120 -0.758975 0.000000
vn 0.812920 -0.582375 0.000000
vn 0.812920 -0.582375 0.000000
vn 0.928076 -0.372391 0.000000
vn 0.928076 -0.372391 0.000000
vn 0.990014 -0.140965 0.000000
vn 0.958310 0.285731 -0.000000
vn 0.958310 0.285731 -0.000000
vn 0.965704 0.259622 0.003515
vn 0.951405 0.307939 -0.001286
vn 0.894315 0.447437 0.001353
vn 0.894315 0.447437 -0.000000
vn 0.786823 0.617178 0.000000
vn 0.786823 0.617178 0.000000
vn 0.647570 0.762006 0.000000
vn 0.647570 0.762006 0.000000
vn 0.482172 0.876076 0.000000
vn 0.482172 0.876076 0.000000
vn 0.297323 0.954777 0.000000
vn 0.297323 0.954777 0.000000
vn 0.100457 0.994941 0.000000
vn 0.104027 0.994574 0.000271
vn 0.096600 0.995323 0.000000
vn 0.874431 0.485148 -0.001128
vn 0.786823 0.617178 0.001184
vn 0.764817 0.644247 -0.000947
vn 0.647569 0.762006 0.000992
vn 0.626663 0.779290 -0.000744
vn 0.482172 0.876076 0.000778
vn 0.465109 0.885254 -0.000518
vn 0.297323 0.954777 0.000542
vn 0.286195 0.958171 -0.000271
vn 0.894315 0.447437 0.000000
vn 0.985071 0.172151 -0.000000
vn 0.979945 0.199269 0.000555
vn 0.976547 0.215301 0.001334
vn -0.982169 0.188000 0.000000
vn -0.965704 0.259622 0.003515
vn -0.958310 0.285731 0.000000
vn -0.894315 0.447437 0.000000
vn -0.894315 0.447437 0.001353
vn -0.874431 0.485148 -0.001128
vn -0.786823 0.617178 0.001184
vn -0.764817 0.644247 -0.000947
vn -0.647569 0.762006 0.000992
vn -0.626663 0.779290 -0.000744
vn -0.482180 0.876072 0.000778
vn -0.465109 0.885254 -0.000519
vn -0.297318 0.954778 0.000541
vn -0.286195 0.958171 -0.000271
vn -0.096600 0.995323 0.000293
vn -0.100457 0.994941 0.000000
vn -0.100457 0.994941 0.000000
vn -0.297318 0.954778 0.000000
vn -0.297318 0.954778 0.000000
vn -0.482180 0.876072 0.000000
vn -0.482180 0.876072 0.000000
vn -0.647570 0.762006 0.000000
vn -0.647570 0.762006 0.000000
vn -0.786823 0.617178 0.000000
vn -0.786823 0.617178 0.000000
vn -0.894315 0.447437 0.000000
vn -0.951405 0.307939 -0.001286
vn -0.958310 0.285731 0.000000
vn -0.986584 -0.163255 0.000000
vn -0.985924 -0.167194 -0.000018
vn -0.985363 -0.170470 -0.000042
vn -0.984850 -0.173407 -0.000069
vn -0.985332 -0.170646 -0.000041
vn -0.984387 -0.176020 -0.000099
vn -0.987271 -0.159047 0.000089
vn -0.987520 -0.157495 0.000107
vn -0.978284 -0.207270 -0.000458
vn -0.978284 -0.207270 -0.000458
vn -0.963675 -0.267074 -0.001147
vn -0.961866 -0.273520 0.000136
vn -0.885503 -0.464633 -0.000135
vn -0.883685 -0.468081 -0.000892
vn -0.771632 -0.636069 0.000844
vn -0.762365 -0.647145 -0.001819
vn -0.625092 -0.780549 0.001724
vn -0.605355 -0.795951 -0.002645
vn -0.531840 -0.846845 -0.000107
vn -0.512473 -0.858703 0.000054
vn -0.492818 -0.870133 -0.000268
vn -0.420022 -0.907508 -0.003170
vn -0.392354 -0.919812 0.001901
vn -0.215048 -0.976601 -0.002063
vn -0.200230 -0.979749 0.000688
vn -0.000000 -1.000000 -0.000741
vn -0.000000 -1.000000 -0.000741
vn 0.200230 -0.979749 0.000688
vn 0.215048 -0.976601 -0.002063
vn 0.392354 -0.919812 0.001901
vn 0.420022 -0.907508 -0.003170
vn 0.492818 -0.870133 -0.000268
vn 0.512473 -0.858703 0.000054
vn 0.531840 -0.846845 -0.000107
vn 0.605355 -0.795951 -0.002645
vn 0.625092 -0.780549 0.001724
vn 0.762365 -0.647145 -0.001819
vn 0.771632 -0.636069 0.000844
vn 0.883685 -0.468081 -0.000892
vn 0.885503 -0.464633 -0.000135
vn 0.961866 -0.273520 0.000136
vn 0.963675 -0.267074 -0.001147
vn 0.983350 -0.181719 -0.000166
vn 0.987271 -0.159047 0.000089
vn 0.984360 -0.176166 -0.000101
vn 0.985345 -0.170571 -0.000040
vn 0.984843 -0.173448 -0.000070
vn 0.985363 -0.170470 -0.000042
vn 0.985922 -0.167208 -0.000018
vn 0.986582 -0.163264 0.000000
vn 0.983544 -0.180668 0.000000
vn 0.965707 -0.259619 0.002902
vn 0.960414 -0.278577 0.000000
vn 0.894319 -0.447431 0.000000
vn 0.894318 -0.447431 0.001063
vn 0.880053 -0.474875 -0.000885
vn 0.786829 -0.617171 0.000915
vn 0.770971 -0.636870 -0.000731
vn 0.647576 -0.762000 0.000757
vn 0.632449 -0.774601 -0.000567
vn 0.482181 -0.876071 0.000585
vn 0.469816 -0.882764 -0.000390
vn 0.297322 -0.954777 0.000401
vn 0.289262 -0.957250 -0.000201
vn 0.097661 -0.995220 0.000213
vn 0.100459 -0.994941 0.000000
vn 0.100459 -0.994941 0.000000
vn 0.297322 -0.954777 0.000000
vn 0.297322 -0.954777 0.000000
vn 0.482181 -0.876071 0.000000
vn 0.482181 -0.876071 0.000000
vn 0.647577 -0.762000 0.000000
vn 0.647577 -0.762000 0.000000
vn 0.786829 -0.617171 0.000000
vn 0.786829 -0.617171 0.000000
vn 0.894319 -0.447431 0.000000
vn 0.955580 -0.294731 -0.001027
vn 0.960414 -0.278577 0.000000
vn 0.986359 0.164606 0.000000
vn 0.985449 0.169973 -0.000033
vn 0.984977 0.172686 -0.000061
vn 0.984355 0.176195 -0.000106
vn 0.984492 0.175431 -0.000095
vn 0.984191 0.177111 -0.000120
vn 0.984895 0.173152 -0.000060
vn 0.981931 0.189240 -0.000309
vn 0.988365 0.152098 0.000270
vn 0.974167 0.225825 -0.000888
vn 0.963664 0.267113 -0.001545
vn 0.961628 0.274355 -0.000135
vn 0.888490 0.458895 0.000128
vn 0.883689 0.468071 -0.001786
vn 0.780365 0.625323 0.001625
vn 0.762346 0.647162 -0.003132
vn 0.641479 0.767136 0.002816
vn 0.605354 0.795946 -0.004174
vn 0.552681 0.833392 -0.000835
vn 0.533469 0.845819 -0.000142
vn 0.514116 0.857721 0.000060
vn 0.420025 0.907512 -0.001269
vn 0.410313 0.911944 0.000763
vn 0.215040 0.976605 -0.000781
vn 0.209832 0.977737 0.000260
vn 0.000000 1.000000 -0.000267
vn 0.000000 1.000000 -0.000267
vn -0.209832 0.977737 0.000260
vn -0.215044 0.976604 -0.000782
vn -0.410313 0.911944 0.000761
vn -0.420017 0.907515 -0.001269
vn -0.514116 0.857721 0.000060
vn -0.533469 0.845819 -0.000142
vn -0.552681 0.833392 -0.000835
vn -0.605354 0.795946 -0.004174
vn -0.641479 0.767136 0.002816
vn -0.762346 0.647162 -0.003132
vn -0.780365 0.625323 0.001625
vn -0.883689 0.468071 -0.001786
vn -0.888490 0.458895 0.000128
vn -0.961628 0.274355 -0.000135
vn -0.963664 0.267113 -0.001545
vn -0.982014 0.188808 -0.000303
vn -0.984931 0.172948 -0.000056
vn -0.984191 0.177111 -0.000120
vn -0.984482 0.175486 -0.000096
vn -0.984355 0.176195 -0.000106
vn -0.984977 0.172686 -0.000061
vn -0.985447 0.169983 -0.000033
vn -0.986358 0.164612 0.000000
vn -0.960414 -0.278577 0.000000
vn -0.960414 -0.278577 0.000000
vn -0.965707 -0.259619 0.002902
vn -0.955580 -0.294731 -0.001027
vn -0.894318 -0.447431 0.001063
vn -0.894319 -0.447431 0.000000
vn -0.786829 -0.617171 0.000000
vn -0.786829 -0.617171 -0.000000
vn -0.647577 -0.762000 0.000000
vn -0.647577 -0.762000 -0.000000
vn -0.482181 -0.876071 0.000000
vn -0.482181 -0.876071 -0.000000
vn -0.297322 -0.954777 0.000000
vn -0.297322 -0.954777 -0.000000
vn -0.100459 -0.994941 0.000000
vn -0.103105 -0.994670 0.000201
vn -0.097661 -0.995220 -0.000000
vn -0.880053 -0.474875 -0.000885
vn -0.786829 -0.617171 0.000915
vn -0.770971 -0.636870 -0.000731
vn -0.647576 -0.762000 0.000757
vn -0.632449 -0.774601 -0.000567
vn -0.482181 -0.876071 0.000585
vn -0.469816 -0.882764 -0.000390
vn -0.297322 -0.954777 0.000401
vn -0.289262 -0.957250 -0.000201
vn -0.894319 -0.447431 -0.000000
vn -0.983544 -0.180668 0.000000
vn 0.000000 0.000000 1.000000
vn 0.000000 -0.000000 1.000000
vn -0.000000 0.000000 1.000000
vn 0.000000 -0.000000 1.000000
vn 0.000000 1.000000 0.000000
vn -0.000000 1.000000 0.000000
vn 0.000000 0.000000 1.000000
vn 0.000000 0.000000 1.000000
vn 0.000000 0.000000 1.000000
vn 0.000000 0.000000 1.000000
vn 0.000000 0.000000 1.000000
vn 0.000000 0.000000 1.000000
vn 0.000000 0.000000 1.000000
vn 0.000000 0.000000 1.000000
vn 0.000000 0.000000 1.000000
vn 0.000000 0.000000 1.000000
vn 0.000000 -0.000000 1.000000
vn 0.000000 -0.000000 1.000000
vn -0.000000 0.000000 1.000000
vn 0.000000 0.000000 1.000000
vn -0.000000 0.000000 1.000000
vn 0.000000 0.000000 1.000000
vn -0.000000 0.000000 1.000000
vn -0.000000 0.000000 1.000000
vn 0.000000 0.000000 1.000000
vn -0.000000 0.000000 1.000000
vn -0.000000 0.000000 1.000000
vn 0.000000 0.000000 1.000000
vn -0.000000 0.000000 1.000000
vn -0.707106 0.707107 0.000000
vn -0.707106 0.707107 0.000000
vn -1.000000 0.000000 0.000000
vn -1.000000 0.000000 0.000000
vn -0.861538 -0.507692 0.000000
vn -0.861538 -0.507692 0.000000
vn -0.496140 -0.868243 0.000000
vn -0.496140 -0.868243 0.000000
vn 0.000000 1.000000 0.000000
vn -0.000000 1.000000 0.000000
vn 0.000000 -1.000000 0.000000
vn 0.000000 -1.000000 0.000000
vn 0.000000 0.000000 1.000000
vn 0.000000 0.000000 1.000000
vn 0.000000 -0.000000 1.000000
vn -0.000000 0.000000 1.000000
vn -0.000000 0.000000 1.000000
vn 0.000000 -0.000000 1.000000
vn -0.000000 0.000000 1.000000
vn 0.000000 -0.000000 1.000000
vn -0.000000 0.000000 1.000000
vn -0.000000 0.000000 1.000000
vn 0.000000 0.000000 1.000000
vn 0.000000 0.000000 1.000000
vn 0.000000 0.000000 1.000000
vn 0.000000 -0.000000 1.000000
vn -0.000000 0.000000 1.000000
vn 0.000000 -0.000000 1.000000
vn 0.000000 -0.000000 1.000000
vn -0.000000 0.000000 1.000000
vn 0.000000 -0.000000 1.000000
vn -0.000000 0.000000 1.000000
vn 0.000000 -0.000000 1.000000
vn -0.000000 0.000000 1.000000
vn -0.000000 0.000000 1.000000
vn 0.000000 0.000000 1.000000
vn -0.000000 0.000000 1.000000
vn 0.000000 0.000000 1.000000
vn 0.000000 0.000000 1.000000
vn 0.000000 0.000000 1.000000
vn 0.000000 0.000000 1.000000
vn 0.000000 0.000000 1.000000
vn 0.000000 0.000000 1.000000
vn 0.000000 0.000000 1.000000
vn 0.000000 0.000000 1.000000
vn 0.000000 0.000000 1.000000
vn 0.000000 0.000000 1.000000
vn 0.000000 0.000000 1.000000
vn 0.000000 0.000000 1.000000
vn 0.000000 0.000000 1.000000
vn -0.000000 0.000000 1.000000
vn 0.000000 0.000000 1.000000
vn -0.000000 0.000000 1.000000
vn 0.000000 0.000000 1.000000
vn -0.000000 0.000000 1.000000
vn 0.000000 0.000000 1.000000
vn 0.000000 0.000000 1.000000
vn 0.000000 0.000000 1.000000
vn 0.000000 0.000000 1.000000
vn 0.000000 -0.000000 1.000000
vn 0.000000 0.000000 1.000000
vn 0.000000 -0.000000 1.000000
vn 0.000000 -0.000000 1.000000
vn 0.000000 0.000000 1.000000
vn 0.000000 -0.000000 1.000000
vn -0.000000 0.000000 1.000000
vn 0.000000 -0.000000 1.000000
vn -0.000000 0.000000 1.000000
vn -0.000000 0.000000 1.000000
vn 0.000000 -0.000000 1.000000
vn -0.000000 0.000000 1.000000
vn -0.000000 0.000000 1.000000
vn 0.000000 0.000000 1.000000
vn 0.000000 0.000000 1.000000
vn 0.000000 0.000000 1.000000
vn -0.000000 0.000000 1.000000
vn 0.000000 0.000000 1.000000
vn 0.000000 0.000000 1.000000
vn -0.000000 0.000000 1.000000
vn 0.000000 0.000000 1.000000
vn -0.000000 0.000000 1.000000
vn 0.000000 0.000000 1.000000
vn 0.000000 0.000000 1.000000
vn 0.000000 0.000000 1.000000
vn 0.000000 0.000000 1.000000
vn 0.000000 0.000000 1.000000
vn 0.000000 0.000000 1.000000
vn 0.000000 0.000000 1.000000
vn 0.000000 0.000000 1.000000
vn 0.000000 0.000000 1.000000
vn 0.000000 0.000000 1.000000
vn 0.000000 0.000000 1.000000
vn 0.000000 -0.000000 1.000000
vn 0.000000 -0.000000 1.000000
vn 0.000000 0.000000 1.000000
vn 0.000000 -0.000000 1.000000
vn 0.000000 -0.000000 1.000000
vn 0.000000 0.000000 1.000000
vn 0.000000 0.000000 1.000000
vn 0.000000 -0.000000 1.000000
vn 0.000000 0.000000 1.000000
vn 0.000000 0.000000 1.000000
vn -0.000000 0.000000 1.000000
vn 0.000000 0.000000 1.000000
vn -0.000000 0.000000 1.000000
vn 0.000000 0.000000 1.000000
vn -0.000000 0.000000 1.000000
vn -0.000000 0.000000 1.000000
vn 0.000000 0.000000 1.000000
vn -0.000000 0.000000 1.000000
vn -0.000000 0.000000 1.000000
vn -0.000000 0.000000 1.000000
vn 0.000000 -0.000000 1.000000
vn 0.000000 -0.000000 1.000000
vn -0.000000 0.000000 1.000000
vn 0.000000 -0.000000 1.000000
vn 0.000000 -0.000000 1.000000
vn -0.000000 0.000000 1.000000
vn 0.000000 -0.000000 1.000000
vn -0.000000 0.000000 1.000000
vn 0.000000 -0.000000 1.000000
vn 0.000000 -0.000000 1.000000
vn 0.000000 0.000000 1.000000
vn 0.000000 -0.000000 1.000000
vn 0.000000 0.000000 1.000000
vn 0.000000 0.000000 1.000000
vn 0.000000 0.000000 1.000000
vn 0.000000 -0.000000 1.000000
vn 0.000000 0.000000 1.000000
vn 0.000000 0.000000 1.000000
vn 0.000000 0.000000 1.000000
vn 0.000000 0.000000 1.000000
vn 0.000000 0.000000 1.000000
vn 0.000000 0.000000 1.000000
vn 0.000000 0.000000 1.000000
vn 0.000000 0.000000 1.000000
vn 0.000000 0.000000 1.000000
vn 0.000000 0.000000 1.000000
vn 0.000000 0.000000 1.000000
vn 0.000000 0.000000 1.000000
vn 0.000000 0.000000 1.000000
vn -0.000000 0.000000 1.000000
vn -0.000000 0.000000 1.000000
vn 0.000000 0.000000 1.000000
vn 0.000000 0.000000 1.000000
vn -0.000000 0.000000 1.000000
vn -0.000000 0.000000 1.000000
vn 0.000000 0.000000 1.000000
vn 0.000000 -0.000000 1.000000
vn 0.000000 0.000000 1.000000
vn 0.000000 -0.000000 1.000000
vn 0.000000 0.000000 1.000000
vn 0.000000 -0.000000 1.000000
vn 0.000000 -0.000000 1.000000
vn 0.000000 0.000000 1.000000
vn -0.000000 0.000000 1.000000
vn 0.000000 0.000000 1.000000
vn -0.000000 0.000000 1.000000
vn 0.000000 0.000000 1.000000
vn 0.000000 0.000000 1.000000
vn 0.000000 0.000000 1.000000
vn 0.000000 0.000000 1.000000
vn 0.000000 0.000000 1.000000
vn 0.000000 0.000000 1.000000
vn 0.000000 0.000000 1.000000
vn 0.000000 0.000000 1.000000
vn 0.000000 0.000000 1.000000
vn 0.000000 0.000000 1.000000
vn 0.000000 0.000000 1.000000
vn 0.000000 0.000000 1.000000
vn 0.000000 0.000000 1.000000
vn -0.000000 0.000000 1.000000
vn 0.000000 0.000000 1.000000
vn 0.000000 0.000000 1.000000
vn 0.000000 0.000000 1.000000
vn 0.000000 0.000000 1.000000
vn 0.000000 0.000000 1.000000
vn 0.000000 0.000000 1.000000
vn 0.000000 0.000000 1.000000
vn 0.000000 0.000000 1.000000
vn 0.000000 0.000000 1.000000
vn 0.000000 0.000000 1.000000
vn 0.000000 0.000000 1.000000
vn 0.000000 -0.000000 1.000000
vn 0.000000 -0.000000 1.000000
vn 0.000000 -0.000000 1.000000
vn 0.000000 0.000000 1.000000
vn 0.000000 -0.000000 1.000000
vn -0.000000 0.000000 1.000000
vn 0.000000 0.000000 1.000000
vn -0.000000 0.000000 1.000000
vn 0.000000 0.000000 1.000000
vn 0.000000 0.000000 1.000000
vn 0.000000 0.000000 1.000000
vn 0.000000 -0.000000 1.000000
vn 0.000000 0.000000 1.000000
vn 0.000000 -0.000000 1.000000
vn 0.000000 0.000000 1.000000
vn 0.000000 0.000000 1.000000
vn 0.000000 0.000000 1.000000
vn 0.000000 0.000000 -1.000000
vn 0.000000 0.000000 -1.000000
vn 0.000000 0.000000 -1.000000
vn 0.000000 0.000000 -1.000000
vn 0.000000 0.000000 -1.000000
vn 0.000000 0.000000 -1.000000
vn 0.000000 0.000000 -1.000000
vn 0.000000 0.000000 -1.000000
vn 0.000000 0.000000 -1.000000
vn 0.000000 0.000000 -1.000000
vn 0.000000 0.000000 -1.000000
vn 0.000000 0.000000 -1.000000
vn 0.000000 0.000000 -1.000000
vn 0.000000 0.000000 -1.000000
vn 0.000000 0.000000 -1.000000
vn 0.000000 0.000000 -1.000000
vn 0.000000 -0.000000 -1.000000
vn 0.000000 0.000000 -1.000000
vn 0.000000 -0.000000 -1.000000
vn 0.000000 0.000000 -1.000000
vn 0.000000 -0.000000 -1.000000
vn 0.000000 0.000000 -1.000000
vn 0.000000 0.000000 -1.000000
vn 0.000000 -0.000000 -1.000000
vn 0.000000 0.000000 -1.000000
vn 0.000000 -0.000000 -1.000000
vn 0.000000 -0.000000 -1.000000
vn 0.000000 0.000000 -1.000000
vn 0.000000 -0.000000 -1.000000
vn 0.000000 0.000000 -1.000000
vn 0.000000 -0.000000 -1.000000
vn 0.000000 0.000000 -1.000000
vn 0.000000 0.000000 -1.000000
vn 0.000000 0.000000 -1.000000
vn 0.000000 0.000000 -1.000000
vn 0.000000 0.000000 -1.000000
vn 0.000000 0.000000 -1.000000
vn 0.000000 0.000000 -1.000000
vn 0.000000 0.000000 -1.000000
vn 0.000000 0.000000 -1.000000
vn 0.000000 0.000000 -1.000000
vn 0.000000 0.000000 -1.000000
vn 0.000000 0.000000 -1.000000
vn 0.000000 0.000000 -1.000000
vn 0.000000 0.000000 -1.000000
vn 0.000000 0.000000 -1.000000
vn 0.000000 0.000000 -1.000000
vn 0.000000 0.000000 -1.000000
vn 0.000000 0.000000 -1.000000
vn 0.000000 0.000000 -1.000000
vn 0.000000 -0.000000 -1.000000
vn 0.000000 0.000000 -1.000000
vn 0.000000 0.000000 -1.000000
vn 0.000000 -0.000000 -1.000000
vn 0.000000 -0.000000 -1.000000
vn 0.000000 0.000000 -1.000000
vn -0.000000 0.000000 -1.000000
vn 0.000000 0.000000 -1.000000
vn -0.000000 0.000000 -1.000000
vn 0.000000 0.000000 -1.000000
vn -0.000000 0.000000 -1.000000
vn 0.000000 0.000000 -1.000000
vn -0.000000 0.000000 -1.000000
vn 0.000000 0.000000 -1.000000
vn -0.000000 0.000000 -1.000000
vn 0.000000 0.000000 -1.000000
vn 0.000000 0.000000 -1.000000
vn -0.000000 0.000000 -1.000000
vn 0.000000 -0.000000 -1.000000
vn -0.000000 0.000000 -1.000000
vn 0.000000 -0.000000 -1.000000
vn -0.000000 0.000000 -1.000000
vn 0.000000 -0.000000 -1.000000
vn -0.000000 0.000000 -1.000000
vn 0.000000 -0.000000 -1.000000
vn -0.000000 0.000000 -1.000000
vn 0.000000 0.000000 -1.000000
vn 0.000000 -0.000000 -1.000000
vn 0.000000 -0.000000 -1.000000
vn 0.000000 0.000000 -1.000000
vn 0.000000 -0.000000 -1.000000
vn 0.000000 0.000000 -1.000000
vn 0.000000 -0.000000 -1.000000
vn 0.000000 0.000000 -1.000000
vn 0.000000 -0.000000 -1.000000
vn 0.000000 0.000000 -1.000000
vn 0.000000 -0.000000 -1.000000
vn 0.000000 0.000000 -1.000000
vn 0.000000 -0.000000 -1.000000
vn 0.000000 0.000000 -1.000000
vn 0.000000 0.000000 -1.000000
vn 0.000000 0.000000 -1.000000
vn 0.000000 0.000000 -1.000000
vn 0.000000 0.000000 -1.000000
vn 0.000000 0.000000 -1.000000
vn 0.000000 0.000000 -1.000000
vn 0.000000 0.000000 -1.000000
vn 0.000000 0.000000 -1.000000
vn 0.000000 0.000000 -1.000000
vn 0.000000 0.000000 -1.000000
vn -0.865787 -0.500383 -0.005539
vn -0.935003 -0.354596 0.005539
vn -0.960379 -0.278642 -0.005538
vn -0.992694 -0.120533 0.005539
vn -0.999155 -0.040719 -0.005537
vn -0.992694 0.120533 0.005541
vn -0.979864 0.199587 -0.005538
vn -0.935003 0.354596 0.005539
vn -0.903625 0.428289 -0.005540
vn -0.822966 0.568063 0.005538
vn -0.774882 0.632081 -0.005537
vn -0.663114 0.748498 0.005540
vn -0.601084 0.799167 -0.005539
vn -0.464716 0.885442 0.005538
vn -0.392373 0.919789 -0.005539
vn -0.239311 0.970927 0.005539
vn -0.160852 0.986963 -0.005539
vn -0.000000 0.999985 0.005538
vn 0.080017 0.996778 -0.005539
vn 0.239311 0.970927 0.005539
vn 0.316236 0.948665 -0.005539
vn 0.464716 0.885442 0.005539
vn 0.534077 0.845418 -0.005538
vn 0.663114 0.748498 0.005540
vn 0.720884 0.693034 -0.005537
vn 0.822966 0.568063 0.005539
vn 0.865787 0.500382 -0.005539
vn 0.935003 0.354596 0.005539
vn 0.960379 0.278643 -0.005538
vn 0.992694 0.120533 0.005539
vn 0.999155 0.040719 -0.005537
vn 0.992694 -0.120533 0.005541
vn 0.979864 -0.199588 -0.005538
vn 0.935003 -0.354596 0.005539
vn 0.903625 -0.428289 -0.005540
vn 0.822966 -0.568063 0.005538
vn 0.774882 -0.632082 -0.005537
vn 0.663114 -0.748498 0.005540
vn 0.601085 -0.799166 -0.005539
vn 0.464716 -0.885442 0.005538
vn 0.392372 -0.919790 -0.005539
vn 0.239310 -0.970927 0.005539
vn 0.160854 -0.986963 -0.005538
vn 0.000000 -0.999985 0.005539
vn -0.080020 -0.996778 -0.005539
vn -0.239310 -0.970927 0.005539
vn -0.316234 -0.948665 -0.005539
vn -0.464716 -0.885442 0.005539
vn -0.534076 -0.845418 -0.005538
vn -0.663114 -0.748498 0.005540
vn -0.720885 -0.693033 -0.005537
vn -0.822966 -0.568063 0.005539
vn 0.852202 0.523195 -0.004312
vn 0.935009 0.354598 0.004308
vn 0.952641 0.304066 -0.004309
vn 0.992700 0.120534 0.004312
vn 0.997729 0.067219 -0.004310
vn 0.992700 -0.120534 0.004309
vn 0.984826 -0.173491 -0.004311
vn 0.935009 -0.354598 0.004309
vn 0.914689 -0.404136 -0.004312
vn 0.822971 -0.568067 0.004309
vn 0.791390 -0.611297 -0.004311
vn 0.663118 -0.748503 0.004309
vn 0.622111 -0.782917 -0.004310
vn 0.464719 -0.885448 0.004310
vn 0.416660 -0.909052 -0.004310
vn 0.239310 -0.970934 0.004310
vn 0.187007 -0.982349 -0.004309
vn 0.000000 -0.999991 0.004310
vn -0.053521 -0.998557 -0.004310
vn -0.239310 -0.970934 0.004310
vn -0.290932 -0.956734 -0.004310
vn -0.464719 -0.885448 0.004310
vn -0.511443 -0.859307 -0.004310
vn -0.663118 -0.748502 0.004310
vn -0.702227 -0.711940 -0.004309
vn -0.822971 -0.568067 0.004310
vn -0.852203 -0.523194 -0.004312
vn -0.935009 -0.354598 0.004308
vn -0.952641 -0.304066 -0.004309
vn -0.992700 -0.120534 0.004312
vn -0.997729 -0.067219 -0.004310
vn -0.992700 0.120534 0.004309
vn -0.984826 0.173491 -0.004311
vn -0.935009 0.354598 0.004309
vn -0.914689 0.404136 -0.004312
vn -0.822972 0.568066 0.004309
vn -0.791390 0.611297 -0.004311
vn -0.663118 0.748502 0.004309
vn -0.622110 0.782918 -0.004310
vn -0.464718 0.885448 0.004310
vn -0.416660 0.909052 -0.004310
vn -0.239313 0.970933 0.004310
vn -0.187008 0.982349 -0.004309
vn -0.000000 0.999991 0.004310
vn 0.053521 0.998557 -0.004310
vn 0.239313 0.970933 0.004310
vn 0.290933 0.956734 -0.004310
vn 0.464718 0.885448 0.004310
vn 0.511442 0.859307 -0.004310
vn 0.663118 0.748502 0.004310
vn 0.702228 0.711939 -0.004309
vn 0.822972 0.568066 0.004310
vn -0.093037 -0.702023 -0.706051
vn -0.095281 -0.699438 -0.708313
vn -0.157741 -0.691201 -0.705237
vn -0.161310 -0.686376 -0.709131
vn -0.221222 -0.674372 -0.704473
vn -0.225736 -0.667157 -0.709891
vn -0.282918 -0.651672 -0.703762
vn -0.287991 -0.641966 -0.710592
vn -0.342286 -0.623287 -0.703103
vn -0.347533 -0.611036 -0.711236
vn -0.398794 -0.589459 -0.702497
vn -0.403834 -0.574651 -0.711824
vn -0.451943 -0.550473 -0.701945
vn -0.456406 -0.533144 -0.712356
vn -0.501259 -0.506666 -0.701447
vn -0.504785 -0.486897 -0.712828
vn -0.546302 -0.458426 -0.700999
vn -0.548552 -0.436312 -0.713247
vn -0.586668 -0.406159 -0.700611
vn -0.587320 -0.381854 -0.713613
vn -0.622004 -0.350322 -0.700275
vn -0.620758 -0.324010 -0.713917
vn -0.651990 -0.291417 -0.699990
vn -0.648570 -0.263280 -0.714171
vn -0.676352 -0.229943 -0.699767
vn -0.670512 -0.200224 -0.714370
vn -0.694882 -0.166447 -0.699596
vn -0.686399 -0.135397 -0.714510
vn -0.707415 -0.101489 -0.699474
vn -0.696091 -0.069360 -0.714595
vn -0.713827 -0.035641 -0.699414
vn -0.699496 -0.002715 -0.714631
vn -0.714069 0.030528 -0.699409
vn -0.696593 0.063958 -0.714610
vn -0.708135 0.096426 -0.699462
vn -0.687404 0.130056 -0.714536
vn -0.696084 0.161478 -0.699565
vn -0.672015 0.195002 -0.714402
vn -0.678023 0.225106 -0.699723
vn -0.650549 0.258224 -0.714217
vn -0.654105 0.286764 -0.699938
vn -0.623204 0.319151 -0.713974
vn -0.624555 0.345896 -0.700205
vn -0.590210 0.377248 -0.713678
vn -0.589628 0.401988 -0.700532
vn -0.551854 0.431993 -0.713330
vn -0.549634 0.454559 -0.700912
vn -0.508483 0.482895 -0.712922
vn -0.504945 0.503137 -0.701344
vn -0.460460 0.529507 -0.712459
vn -0.455944 0.547307 -0.701833
vn -0.408213 0.571402 -0.711942
vn -0.403072 0.586690 -0.702374
vn -0.352197 0.608207 -0.711366
vn -0.346803 0.620934 -0.702971
vn -0.292908 0.639578 -0.710736
vn -0.287635 0.649762 -0.703616
vn -0.230855 0.665238 -0.710045
vn -0.226093 0.672918 -0.704318
vn -0.166592 0.684940 -0.709299
vn -0.162722 0.690216 -0.705070
vn -0.100683 0.698498 -0.708493
vn -0.098085 0.701515 -0.705872
vn -0.033705 0.705781 -0.707628
vn -0.032750 0.706727 -0.706727
vn 0.000000 0.707107 -0.707107
vn 0.000000 0.707107 -0.707107
vn 0.000000 0.707115 -0.707098
vn 0.000000 0.707125 -0.707089
vn -0.000000 0.707097 -0.707117
vn 0.000000 0.707107 -0.707107
vn 0.000000 0.707108 -0.707105
vn 0.000000 -0.707108 -0.707105
vn 0.000000 -0.707107 -0.707107
vn -0.000000 -0.707097 -0.707117
vn 0.000000 -0.707125 -0.707089
vn 0.000000 -0.707115 -0.707098
vn 0.000000 -0.707107 -0.707107
vn -0.000000 -0.707107 -0.707107
vn 0.000000 1.000000 0.000000
vn 0.000000 1.000000 0.000000
vn 0.000000 1.000000 0.000000
vn -0.000000 1.000000 0.000000
vn 0.000000 1.000000 0.000000
vn 0.000000 1.000000 -0.000000
vn -0.046291 0.998928 0.000000
vn -0.046291 0.998928 0.000000
vn -0.138471 0.990366 0.000000
vn -0.138471 0.990366 0.000000
vn -0.229465 0.973317 0.000000
vn -0.229465 0.973317 0.000000
vn -0.318492 0.947925 0.000000
vn -0.318492 0.947925 0.000000
vn -0.404789 0.914410 0.000000
vn -0.404789 0.914410 0.000000
vn -0.487617 0.873057 0.000000
vn -0.487617 0.873057 0.000000
vn -0.566264 0.824224 0.000000
vn -0.566264 0.824224 0.000000
vn -0.640064 0.768322 0.000000
vn -0.640064 0.768322 0.000000
vn -0.708374 0.705838 0.000000
vn -0.708374 0.705838 0.000000
vn -0.770608 0.637309 0.000000
vn -0.770608 0.637309 0.000000
vn -0.826248 0.563307 0.000000
vn -0.826248 0.563307 0.000000
vn -0.874798 0.484487 0.000000
vn -0.874798 0.484487 0.000000
vn -0.915852 0.401515 0.000000
vn -0.915852 0.401515 0.000000
vn -0.949061 0.315091 0.000000
vn -0.949061 0.315091 0.000000
vn -0.974132 0.225980 0.000000
vn -0.974132 0.225980 0.000000
vn -0.990856 0.134924 0.000000
vn -0.990856 0.134924 0.000000
vn -0.999087 0.042714 0.000000
vn -0.999087 0.042714 0.000000
vn -0.998756 -0.049867 0.000000
vn -0.998756 -0.049867 0.000000
vn -0.989865 -0.142011 0.000000
vn -0.989865 -0.142011 0.000000
vn -0.972490 -0.232944 0.000000
vn -0.972490 -0.232944 0.000000
vn -0.946780 -0.321882 0.000000
vn -0.946780 -0.321882 0.000000
vn -0.912956 -0.408059 0.000000
vn -0.912956 -0.408059 0.000000
vn -0.871309 -0.490735 0.000000
vn -0.871309 -0.490735 0.000000
vn -0.822190 -0.569214 0.000000
vn -0.822190 -0.569214 0.000000
vn -0.766028 -0.642807 0.000000
vn -0.766028 -0.642807 0.000000
vn -0.703303 -0.710890 0.000000
vn -0.703303 -0.710890 0.000000
vn -0.634545 -0.772886 0.000000
vn -0.634545 -0.772886 0.000000
vn -0.560350 -0.828256 0.000000
vn -0.560350 -0.828256 0.000000
vn -0.481355 -0.876526 0.000000
vn -0.481355 -0.876526 0.000000
vn -0.398232 -0.917285 0.000000
vn -0.398232 -0.917285 0.000000
vn -0.311699 -0.950181 0.000000
vn -0.311699 -0.950181 0.000000
vn -0.222492 -0.974935 0.000000
vn -0.222492 -0.974935 0.000000
vn -0.131378 -0.991332 0.000000
vn -0.131378 -0.991332 0.000000
vn 0.000000 -1.000000 0.000000
vn -0.000000 -1.000000 0.000000
vn 0.000000 -1.000000 0.000000
vn 0.000000 -1.000000 0.000000
vn 0.000000 -1.000000 0.000000
vn 0.000000 -1.000000 0.000000
vn -0.576668 -0.816975 0.002349
vn -0.555463 -0.831540 -0.001236
vn -0.456493 -0.889726 0.001275
vn -0.442154 -0.896939 -0.000918
vn -0.332074 -0.943253 0.000949
vn -0.321303 -0.946976 -0.000624
vn -0.234590 -0.972094 0.000300
vn -0.194616 -0.980876 -0.002467
vn -0.168263 -0.985742 -0.000184
vn -0.101294 -0.994856 0.000161
vn -0.065242 -0.997866 -0.002489
vn -0.033814 -0.999428 -0.000000
vn -0.659294 -0.751882 -0.002009
vn -0.690187 -0.723625 0.002965
vn -0.751899 -0.659273 -0.002475
vn -0.788791 -0.614653 0.003289
vn -0.831611 -0.555352 -0.002654
vn -0.870359 -0.492406 0.003331
vn -0.897055 -0.441912 -0.002543
vn -0.933135 -0.359513 0.003074
vn -0.947087 -0.320969 -0.002112
vn -0.975753 -0.218862 0.002479
vn -0.980833 -0.194846 -0.001281
vn -0.997296 -0.073478 0.001464
vn -0.997859 -0.065408 0.000000
vn -0.693372 -0.026714 -0.720085
vn -0.680161 -0.054126 -0.731062
vn -0.663689 -0.080026 -0.743715
vn -0.631157 -0.133010 -0.764166
vn -0.615167 -0.160149 -0.771960
vn -0.595936 -0.185400 -0.781337
vn -0.558150 -0.237018 -0.795168
vn -0.539624 -0.263452 -0.799624
vn -0.517975 -0.287616 -0.805592
vn -0.475594 -0.336970 -0.812565
vn -0.454833 -0.362245 -0.813576
vn -0.431165 -0.384895 -0.816059
vn -0.384892 -0.431167 -0.816059
vn -0.362250 -0.454828 -0.813576
vn -0.336972 -0.475591 -0.812565
vn -0.287610 -0.517980 -0.805591
vn -0.263447 -0.539628 -0.799623
vn -0.237020 -0.558148 -0.795168
vn -0.185407 -0.595931 -0.781339
vn -0.160148 -0.615168 -0.771959
vn -0.133002 -0.631161 -0.764163
vn -0.080031 -0.663686 -0.743718
vn -0.026714 -0.693371 -0.720086
vn -0.054133 -0.680157 -0.731065
vn -1.000000 0.000000 0.000000
vn -1.000000 -0.000000 -0.000000
vn -0.997859 0.065408 0.000000
vn -0.997296 0.073478 0.001464
vn -0.980833 0.194846 -0.001281
vn -0.975753 0.218862 0.002479
vn -0.947088 0.320968 -0.002112
vn -0.933135 0.359513 0.003074
vn -0.897055 0.441912 -0.002543
vn -0.870359 0.492406 0.003331
vn -0.831611 0.555352 -0.002654
vn -0.788791 0.614653 0.003289
vn -0.751899 0.659273 -0.002475
vn -0.690187 0.723625 0.002965
vn -0.659294 0.751882 -0.002009
vn -0.576668 0.816975 0.002349
vn -0.555463 0.831540 -0.001236
vn -0.456493 0.889726 0.001275
vn -0.442154 0.896939 -0.000918
vn -0.332074 0.943253 0.000949
vn -0.321303 0.946976 -0.000624
vn -0.234590 0.972094 0.000300
vn -0.194618 0.980876 -0.002467
vn -0.168263 0.985742 -0.000184
vn -0.101294 0.994856 0.000161
vn -0.033814 0.999428 0.000000
vn -0.065240 0.997866 -0.002489
vn -0.026714 0.693370 -0.720086
vn -0.054133 0.680157 -0.731065
vn -0.080031 0.663686 -0.743718
vn -0.133002 0.631161 -0.764164
vn -0.160148 0.615168 -0.771959
vn -0.185407 0.595931 -0.781339
vn -0.237020 0.558148 -0.795168
vn -0.263447 0.539628 -0.799623
vn -0.287610 0.517980 -0.805591
vn -0.336971 0.475592 -0.812565
vn -0.362250 0.454828 -0.813576
vn -0.384893 0.431167 -0.816059
vn -0.431165 0.384895 -0.816059
vn -0.454833 0.362245 -0.813576
vn -0.475594 0.336970 -0.812565
vn -0.517976 0.287616 -0.805592
vn -0.539624 0.263452 -0.799624
vn -0.558150 0.237018 -0.795168
vn -0.595936 0.185401 -0.781337
vn -0.615167 0.160150 -0.771960
vn -0.631157 0.133009 -0.764166
vn -0.663689 0.080026 -0.743715
vn -0.693371 0.026714 -0.720085
vn -0.680161 0.054126 -0.731062
vn 0.000000 -0.707106 -0.707107
vn 0.000000 -0.707115 -0.707098
vn 0.000004 -0.707101 -0.707112
vn 0.000000 -0.707107 -0.707107
vn 0.093021 -0.701906 -0.706169
vn 0.107610 -0.697736 -0.708226
vn 0.157629 -0.690712 -0.705740
vn 0.182553 -0.681576 -0.708610
vn 0.220877 -0.673321 -0.705586
vn 0.255393 -0.657735 -0.708632
vn 0.282149 -0.649898 -0.705708
vn 0.325383 -0.626459 -0.708290
vn 0.340852 -0.620674 -0.706104
vn 0.391803 -0.588060 -0.707584
vn 0.396415 -0.585940 -0.706774
vn 0.448961 -0.546841 -0.706682
vn 0.453207 -0.542018 -0.707686
vn 0.498055 -0.503432 -0.706044
vn 0.508843 -0.489204 -0.708349
vn 0.542756 -0.455447 -0.705680
vn 0.558664 -0.430944 -0.708648
vn 0.582622 -0.403354 -0.705590
vn 0.602164 -0.367842 -0.708584
vn 0.617264 -0.347655 -0.705777
vn 0.638895 -0.300544 -0.708157
vn 0.646351 -0.288893 -0.706238
vn 0.668474 -0.229733 -0.707365
vn 0.669603 -0.227648 -0.706972
vn 0.688237 -0.164856 -0.706507
vn 0.688949 -0.155761 -0.707875
vn 0.701100 -0.100583 -0.705933
vn 0.701204 -0.080051 -0.708452
vn 0.707695 -0.035332 -0.705634
vn 0.705536 -0.003525 -0.708666
vn 0.707954 0.030267 -0.705609
vn 0.701905 0.073035 -0.708516
vn 0.701874 0.095573 -0.705860
vn 0.690346 0.148841 -0.708004
vn 0.689517 0.159955 -0.706386
vn 0.671066 0.222799 -0.707129
vn 0.670904 0.223100 -0.707187
vn 0.648301 0.284216 -0.706348
vn 0.641970 0.294191 -0.708044
vn 0.619682 0.343200 -0.705838
vn 0.605850 0.361833 -0.708535
vn 0.585484 0.399165 -0.705603
vn 0.562929 0.425332 -0.708663
vn 0.546029 0.451574 -0.705644
vn 0.513648 0.484040 -0.708429
vn 0.501704 0.499914 -0.705959
vn 0.458507 0.537353 -0.707830
vn 0.452948 0.543715 -0.706549
vn 0.400515 0.582967 -0.706921
vn 0.397751 0.584251 -0.707422
vn 0.345236 0.618134 -0.706203
vn 0.331672 0.623264 -0.708192
vn 0.286773 0.647817 -0.705758
vn 0.261965 0.655182 -0.708598
vn 0.225689 0.671722 -0.705588
vn 0.189345 0.679689 -0.708641
vn 0.162578 0.689612 -0.705693
vn 0.114560 0.696533 -0.708320
vn 0.098055 0.701317 -0.706074
vn 0.038375 0.705534 -0.707636
vn 0.032748 0.706728 -0.706728
vn 0.000007 0.707090 -0.707123
vn 0.000000 0.707115 -0.707098
vn 0.000000 0.707106 -0.707107
vn 0.000000 0.707107 -0.707107
vn -0.707107 0.000000 -0.707107
vn -0.707107 0.000000 -0.707107
vn -0.707107 -0.000000 -0.707107
vn -0.707107 -0.000000 -0.707107
vn -0.707107 0.000000 -0.707107
vn -0.707107 0.000000 -0.707107
vn 0.000000 0.000000 -1.000000
vn 0.000000 0.000000 -1.000000
vn 0.000000 0.000000 -1.000000
vn 0.000000 0.000000 -1.000000
vn 0.000000 0.000000 -1.000000
vn 0.000000 0.000000 -1.000000
vn 0.000000 0.000000 -1.000000
vn 0.000000 0.000000 -1.000000
vn 0.000000 0.000000 -1.000000
vn 0.000000 0.000000 -1.000000
vn 0.000000 0.000000 -1.000000
vn 0.000000 0.000000 -1.000000
vn 0.000000 0.000000 -1.000000
vn 0.000000 0.000000 -1.000000
vn 0.000000 0.000000 -1.000000
vn 0.000000 0.000000 -1.000000
vn -0.000000 0.000000 -1.000000
vn -0.000000 0.000000 -1.000000
vn 0.000000 0.000000 -1.000000
vn -0.000000 0.000000 -1.000000
vn 0.000000 0.000000 -1.000000
vn -0.000000 -0.000000 -1.000000
vn -0.000000 -0.000000 -1.000000
vn -0.000000 -0.000000 -1.000000
vn -0.000000 -0.000000 -1.000000
vn -0.000000 -0.000000 -1.000000
vn -0.000000 -0.000000 -1.000000
vn -0.000000 -0.000000 -1.000000
vn -0.000000 -0.000000 -1.000000
vn -0.000000 -0.000000 -1.000000
vn -0.000000 -0.000000 -1.000000
vn 0.000000 0.000000 -1.000000
vn 0.000000 -0.000000 -1.000000
vn 0.000000 -0.000000 -1.000000
vn 0.000000 0.000000 -1.000000
vn 0.000000 -0.000000 -1.000000
vn 0.000000 -0.000000 -1.000000
vn 0.000000 0.000000 -1.000000
vn 0.000000 -0.000000 -1.000000
vn 0.000000 -0.000000 -1.000000
vn 0.000000 0.000000 -1.000000
vn 0.000000 -0.000000 -1.000000
vn 0.000000 -0.000000 -1.000000
vn 0.000000 0.000000 -1.000000
vn 0.000000 -0.000000 -1.000000
vn 0.000000 0.000000 -1.000000
vn 0.000000 0.000000 -1.000000
vn 0.000000 0.000000 -1.000000
vn 0.000000 0.000000 -1.000000
vn -0.000000 0.000000 -1.000000
vn -0.000000 0.000000 -1.000000
vn 0.000000 0.000000 -1.000000
vn -0.000000 0.000000 -1.000000
vn -0.000000 0.000000 -1.000000
vn 0.000000 0.000000 -1.000000
vn -0.000000 0.000000 -1.000000
vn -0.000000 0.000000 -1.000000
vn 0.000000 0.000000 -1.000000
vn -0.000000 0.000000 -1.000000
vn -0.000000 0.000000 -1.000000
vn 0.000000 0.000000 -1.000000
vn 0.000000 0.000000 -1.000000
vn 0.000000 0.000000 -1.000000
vn 0.000000 0.000000 -1.000000
vn 0.000000 0.000000 -1.000000
vn -0.000000 0.000000 -1.000000
vn 0.000000 0.000000 -1.000000
vn -0.000000 0.000000 -1.000000
vn 0.000000 0.000000 -1.000000
vn -0.000000 0.000000 -1.000000
vn 0.000000 0.000000 -1.000000
vn -0.000000 0.000000 -1.000000
vn 0.000000 0.000000 -1.000000
vn 0.000000 0.000000 -1.000000
vn -0.000000 0.000000 -1.000000
vn 0.000000 0.000000 -1.000000
vn -0.000000 0.000000 -1.000000
vn 0.000000 0.000000 -1.000000
vn 0.000000 0.000000 -1.000000
vn 0.000000 0.000000 -1.000000
vn 0.000000 0.000000 -1.000000
vn 0.000000 0.000000 -1.000000
vn 0.000000 0.000000 -1.000000
vn 0.000000 0.000000 -1.000000
vn 0.000000 0.000000 -1.000000
vn 0.000000 0.000000 -1.000000
vn 0.000000 0.000000 -1.000000
vn 0.000000 0.000000 -1.000000
vn 0.000000 0.000000 -1.000000
vn 0.000000 0.000000 -1.000000
vn 0.000000 0.000000 -1.000000
vn 0.000000 0.000000 -1.000000
vn 0.000000 0.000000 -1.000000
vn 0.000000 0.000000 -1.000000
vn 0.000000 0.000000 -1.000000
vn -0.000000 0.000000 -1.000000
vn -0.000000 0.000000 -1.000000
vn 0.000000 0.000000 -1.000000
vn 0.000000 0.000000 -1.000000
vn 0.000000 0.000000 -1.000000
vn 0.000000 0.000000 -1.000000
vn 0.000000 0.000000 -1.000000
vn 0.000000 0.000000 -1.000000
vn 0.000000 0.000000 -1.000000
vn 0.000000 0.000000 -1.000000
vn 0.000000 0.000000 -1.000000
vn 0.000000 0.000000 -1.000000
vn 0.000000 0.000000 -1.000000
vn 0.000000 0.000000 -1.000000
vn 0.000000 0.000000 -1.000000
vn 0.000000 0.000000 -1.000000
vn 0.000000 0.000000 -1.000000
vn 0.000000 0.000000 -1.000000
vn 0.000000 0.000000 -1.000000
vn 0.000000 0.000000 -1.000000
vn 0.000000 0.000000 -1.000000
vn 0.000000 0.000000 -1.000000
vn 0.000000 0.000000 -1.000000
vn 0.000000 0.000000 -1.000000
vn 0.000000 0.000000 -1.000000
vn 0.000000 -0.000000 -1.000000
vn 0.000000 -0.000000 -1.000000
vn 0.000000 -0.000000 -1.000000
vn 0.000000 -0.000000 -1.000000
vn 0.000000 -0.000000 -1.000000
vn 0.000000 -0.000000 -1.000000
vn 0.000000 -0.000000 -1.000000
vn 0.000000 0.000000 -1.000000
vn 0.000000 0.000000 -1.000000
vn 0.000000 -0.000000 -1.000000
vn 0.000000 0.000000 -1.000000
vn 0.000000 -0.000000 -1.000000
vn 0.000000 0.000000 -1.000000
vn 0.000000 0.000000 -1.000000
vn 0.000000 0.000000 -1.000000
vn 0.000000 0.000000 -1.000000
vn 0.000000 0.000000 -1.000000
vn 0.000000 0.000000 -1.000000
vn 0.000000 0.000000 -1.000000
vn 0.000000 0.000000 -1.000000
vn 0.000000 0.000000 -1.000000
vn 0.000000 0.000000 -1.000000
vn 0.000000 0.000000 -1.000000
vn 0.000000 0.000000 -1.000000
vn 0.000000 0.000000 -1.000000
vn 0.000000 0.000000 -1.000000
vn 0.000000 0.000000 -1.000000
vn 0.000000 0.000000 -1.000000
vn 0.000000 0.000000 -1.000000
vn 0.000000 0.000000 -1.000000
vn 0.000000 0.000000 -1.000000
vn -0.000000 0.000000 -1.000000
vn 0.000000 0.000000 -1.000000
vn 0.000000 0.000000 -1.000000
vn 0.000000 -0.000000 -1.000000
vn 0.000000 0.000000 -1.000000
vn 0.000000 0.000000 -1.000000
vn 0.000000 -0.000000 -1.000000
vn 0.000000 0.000000 -1.000000
vn 0.000000 0.000000 -1.000000
vn 0.000000 -0.000000 -1.000000
vn 0.000000 0.000000 -1.000000
vn 0.000000 0.000000 -1.000000
vn 0.000000 -0.000000 -1.000000
vn 0.000000 0.000000 -1.000000
vn 0.000000 -0.000000 -1.000000
vn 0.000000 0.000000 -1.000000
vn 0.000000 -0.000000 -1.000000
vn 0.000000 0.000000 -1.000000
vn 0.000000 0.000000 -1.000000
vn 0.000000 -0.000000 -1.000000
vn 0.000000 0.000000 -1.000000
vn 0.000000 -0.000000 -1.000000
vn 0.000000 0.000000 -1.000000
vn 0.000000 -0.000000 -1.000000
vn 0.000000 0.000000 -1.000000
vn 0.000000 0.000000 -1.000000
vn -0.000000 -0.000000 -1.000000
vn 0.000000 -0.000000 -1.000000
vn -0.000000 0.000000 -1.000000
vn 0.000000 -0.000000 -1.000000
vn -0.000000 0.000000 -1.000000
vn 0.000000 -0.000000 -1.000000
vn -0.000000 0.000000 -1.000000
vn 0.000000 -0.000000 -1.000000
vn 0.000000 -0.000000 -1.000000
vn -0.000000 0.000000 -1.000000
vn 0.000000 -0.000000 -1.000000
vn -0.000000 0.000000 -1.000000
vn 0.000000 -0.000000 -1.000000
vn 0.000000 -0.000000 -1.000000
vn -0.000000 0.000000 -1.000000
vn 0.000000 -0.000000 -1.000000
vn -0.000000 0.000000 -1.000000
vn 0.000000 -0.000000 -1.000000
vn 0.000000 -0.000000 -1.000000
vn -0.000000 0.000000 -1.000000
vn 0.000000 -0.000000 -1.000000
vn 0.000000 -0.000000 -1.000000
vn -0.000000 0.000000 -1.000000
vn 0.000000 -0.000000 -1.000000
vn 0.000000 -0.000000 -1.000000
vn -0.000000 0.000000 -1.000000
vn 0.000000 -0.000000 -1.000000
vn 0.000000 0.000000 -1.000000
vn 0.000000 0.000000 -1.000000
vn 0.000000 0.000000 -1.000000
vn 0.000000 0.000000 1.000000
vn 0.000000 0.000000 1.000000
vn 0.000000 -0.000000 1.000000
vn 0.000000 -0.000000 1.000000
vn 0.000000 -0.000000 1.000000
vn 0.000000 -0.000000 1.000000
vn 0.000000 -0.000000 1.000000
vn 0.000000 -0.000000 1.000000
vn 0.000000 -0.000000 1.000000
vn 0.000000 -0.000000 1.000000
vn 0.000000 -0.000000 1.000000
vn 0.000000 -0.000000 1.000000
vn 0.000000 -0.000000 1.000000
vn 0.000000 -0.000000 1.000000
vn 0.000000 -0.000000 1.000000
vn 0.000000 -0.000000 1.000000
vn 0.000000 -0.000000 1.000000
vn 0.000000 -0.000000 1.000000
vn 0.000000 0.000000 1.000000
vn 0.000000 0.000000 1.000000
vn 0.000000 0.000000 1.000000
vn 0.000000 0.000000 1.000000
vn 0.000000 0.000000 1.000000
vn 0.000000 0.000000 1.000000
vn 0.000000 0.000000 1.000000
vn 0.000000 0.000000 1.000000
vn 0.000000 0.000000 1.000000
vn 0.000000 0.000000 1.000000
vn 0.000000 0.000000 1.000000
vn 0.000000 0.000000 1.000000
vn 0.000000 0.000000 1.000000
vn 0.000000 0.000000 1.000000
vn 0.000000 0.000000 1.000000
vn 0.000000 0.000000 1.000000
vn 0.000000 -1.000000 0.000000
vn -0.000000 -1.000000 -0.000000
vn 0.000000 1.000000 0.000000
vn -0.000000 1.000000 0.000000
vn 0.000000 -1.000000 0.000000
vn -0.000000 -1.000000 -0.000000
vn 0.000000 0.000000 1.000000
vn 0.000000 0.000000 1.000000
vn 0.000000 -0.000000 1.000000
vn 0.000000 -0.000000 1.000000
vn 0.000000 -0.000000 1.000000
vn 0.000000 -0.000000 1.000000
vn 0.000000 -0.000000 1.000000
vn 0.000000 -0.000000 1.000000
vn 0.000000 -0.000000 1.000000
vn 0.000000 -0.000000 1.000000
vn 0.000000 -0.000000 1.000000
vn 0.000000 -0.000000 1.000000
vn 0.000000 -0.000000 1.000000
vn 0.000000 0.000000 1.000000
vn 0.000000 0.000000 1.000000
vn 0.000000 0.000000 1.000000
vn 0.000000 0.000000 1.000000
vn 0.000000 0.000000 1.000000
vn 0.000000 0.000000 1.000000
vn 0.000000 0.000000 1.000000
vn 0.000000 0.000000 1.000000
vn 0.000000 0.000000 1.000000
vn 0.000000 0.000000 1.000000
vn 0.000000 0.000000 1.000000
vn 0.000000 -0.000000 1.000000
vn 0.000000 -0.000000 1.000000
vn 0.000000 -0.000000 1.000000
vn 0.000000 -0.000000 1.000000
vn 0.000000 -0.000000 1.000000
vn 0.000000 -0.000000 1.000000
vn 0.000000 -0.000000 1.000000
vn 0.000000 -0.000000 1.000000
vn 0.000000 -0.000000 1.000000
vn 0.000000 -0.000000 1.000000
vn 0.000000 -0.000000 1.000000
vn 0.000000 0.000000 1.000000
vn 0.000000 0.000000 1.000000
vn 0.000000 0.000000 1.000000
vn 0.000000 0.000000 1.000000
vn 0.000000 0.000000 1.000000
vn 0.000000 0.000000 1.000000
vn 0.000000 0.000000 1.000000
vn 0.000000 0.000000 1.000000
vn 0.000000 0.000000 1.000000
vn 0.000000 0.000000 1.000000
vn 0.000000 0.000000 1.000000
vn 0.000000 -0.000000 1.000000
vn 0.000000 -0.000000 1.000000
vn 0.000000 -0.000000 1.000000
vn 0.000000 -0.000000 1.000000
vn 0.000000 -0.000000 1.000000
vn 0.000000 -0.000000 1.000000
vn 0.000000 -0.000000 1.000000
vn 0.000000 -0.000000 1.000000
vn 0.000000 -0.000000 1.000000
vn 0.000000 -0.000000 1.000000
vn 0.000000 -0.000000 1.000000
vn 0.000000 0.000000 1.000000
vn 0.000000 0.000000 1.000000
vn 0.000000 0.000000 1.000000
vn 0.000000 0.000000 1.000000
vn 0.000000 0.000000 1.000000
vn 0.000000 0.000000 1.000000
vn 0.000000 0.000000 1.000000
vn 0.000000 0.000000 1.000000
vn 0.000000 0.000000 1.000000
vn -0.991443 -0.130540 0.000000
vn -0.991443 -0.130540 0.000000
vn -0.991443 0.130540 0.000000
vn -0.991443 0.130540 0.000000
vn -0.923888 0.382663 0.000000
vn -0.923888 0.382663 0.000000
vn -0.793341 0.608778 0.000000
vn -0.793341 0.608778 0.000000
vn -0.608769 0.793347 0.000000
vn -0.608769 0.793347 0.000000
vn -0.382684 0.923879 0.000000
vn -0.382684 0.923879 0.000000
vn -0.130526 0.991445 0.000000
vn -0.130526 0.991445 0.000000
vn 0.130526 0.991445 0.000000
vn 0.130526 0.991445 -0.000000
vn 0.382684 0.923879 0.000000
vn 0.382684 0.923879 -0.000000
vn 0.608769 0.793347 0.000000
vn 0.608769 0.793347 -0.000000
vn 0.793341 0.608778 0.000000
vn 0.793341 0.608778 -0.000000
vn 0.923888 0.382663 0.000000
vn 0.923888 0.382663 -0.000000
vn 0.991443 0.130540 0.000000
vn 0.991443 0.130540 -0.000000
vn 0.991443 -0.130540 0.000000
vn 0.991443 -0.130540 0.000000
vn 0.923888 -0.382663 0.000000
vn 0.923888 -0.382663 0.000000
vn 0.793341 -0.608778 0.000000
vn 0.793341 -0.608778 0.000000
vn 0.608769 -0.793347 0.000000
vn 0.608769 -0.793347 0.000000
vn 0.382684 -0.923879 0.000000
vn 0.382684 -0.923879 0.000000
vn 0.130526 -0.991445 0.000000
vn 0.130526 -0.991445 0.000000
vn -0.130526 -0.991445 0.000000
vn -0.130526 -0.991445 0.000000
vn -0.382684 -0.923879 0.000000
vn -0.382684 -0.923879 0.000000
vn -0.608769 -0.793347 0.000000
vn -0.608769 -0.793347 0.000000
vn -0.793341 -0.608778 0.000000
vn -0.793341 -0.608778 0.000000
vn -0.923888 -0.382663 0.000000
vn -0.923888 -0.382663 0.000000
vn 0.000000 0.000000 1.000000
vn 0.000000 0.000000 1.000000
vn 0.000000 -0.000000 1.000000
vn 0.000000 -0.000000 1.000000
vn 0.000000 -0.000000 1.000000
vn 0.000000 -0.000000 1.000000
vn 0.000000 -0.000000 1.000000
vn 0.000000 -0.000000 1.000000
vn 0.000000 -0.000000 1.000000
vn 0.000000 -0.000000 1.000000
vn 0.000000 -0.000000 1.000000
vn 0.000000 -0.000000 1.000000
vn 0.000000 -0.000000 1.000000
vn 0.000000 0.000000 1.000000
vn 0.000000 0.000000 1.000000
vn 0.000000 0.000000 1.000000
vn 0.000000 0.000000 1.000000
vn 0.000000 0.000000 1.000000
vn 0.000000 0.000000 1.000000
vn 0.000000 0.000000 1.000000
vn 0.000000 0.000000 1.000000
vn 0.000000 0.000000 1.000000
vn -0.991443 -0.130541 0.000000
vn -0.991443 -0.130541 0.000000
vn -0.991443 0.130541 0.000000
vn -0.991443 0.130541 0.000000
vn -0.923888 0.382663 0.000000
vn -0.923888 0.382663 0.000000
vn -0.793341 0.608777 0.000000
vn -0.793341 0.608777 0.000000
vn -0.608769 0.793348 0.000000
vn -0.608769 0.793348 0.000000
vn -0.382685 0.923879 0.000000
vn -0.382685 0.923879 0.000000
vn -0.130526 0.991445 0.000000
vn -0.130526 0.991445 0.000000
vn 0.130526 0.991445 0.000000
vn 0.130526 0.991445 -0.000000
vn 0.382685 0.923879 0.000000
vn 0.382685 0.923879 -0.000000
vn 0.608769 0.793348 0.000000
vn 0.608769 0.793348 -0.000000
vn 0.793341 0.608777 0.000000
vn 0.793341 0.608777 -0.000000
vn 0.923888 0.382663 0.000000
vn 0.923888 0.382663 -0.000000
vn 0.991443 0.130541 0.000000
vn 0.991443 0.130541 -0.000000
vn 0.991443 -0.130541 0.000000
vn 0.991443 -0.130541 0.000000
vn 0.923888 -0.382663 0.000000
vn 0.923888 -0.382663 0.000000
vn 0.793341 -0.608777 0.000000
vn 0.793341 -0.608777 0.000000
vn 0.608769 -0.793348 0.000000
vn 0.608769 -0.793348 0.000000
vn 0.382685 -0.923879 0.000000
vn 0.382685 -0.923879 0.000000
vn 0.130526 -0.991445 0.000000
vn 0.130526 -0.991445 0.000000
vn -0.130526 -0.991445 0.000000
vn -0.130526 -0.991445 0.000000
vn -0.382685 -0.923879 0.000000
vn -0.382685 -0.923879 0.000000
vn -0.608769 -0.793348 0.000000
vn -0.608769 -0.793348 0.000000
vn -0.793341 -0.608777 0.000000
vn -0.793341 -0.608777 0.000000
vn -0.923888 -0.382663 0.000000
vn -0.923888 -0.382663 0.000000
vn 0.000000 0.000000 1.000000
vn 0.000000 0.000000 1.000000
vn 0.000000 -0.000000 1.000000
vn 0.000000 -0.000000 1.000000
vn 0.000000 -0.000000 1.000000
vn 0.000000 -0.000000 1.000000
vn 0.000000 -0.000000 1.000000
vn 0.000000 -0.000000 1.000000
vn 0.000000 -0.000000 1.000000
vn 0.000000 -0.000000 1.000000
vn 0.000000 -0.000000 1.000000
vn 0.000000 -0.000000 1.000000
vn 0.000000 -0.000000 1.000000
vn 0.000000 0.000000 1.000000
vn 0.000000 0.000000 1.000000
vn 0.000000 0.000000 1.000000
vn 0.000000 0.000000 1.000000
vn 0.000000 0.000000 1.000000
vn 0.000000 0.000000 1.000000
vn 0.000000 0.000000 1.000000
vn 0.000000 0.000000 1.000000
vn 0.000000 0.000000 1.000000
vn -0.991443 -0.130541 0.000000
vn -0.991443 -0.130541 0.000000
vn -0.991443 0.130541 0.000000
vn -0.991443 0.130541 0.000000
vn -0.923888 0.382663 0.000000
vn -0.923888 0.382663 0.000000
vn -0.793341 0.608777 0.000000
vn -0.793341 0.608777 0.000000
vn -0.608769 0.793348 0.000000
vn -0.608769 0.793348 0.000000
vn -0.382685 0.923879 0.000000
vn -0.382685 0.923879 0.000000
vn -0.130526 0.991445 0.000000
vn -0.130526 0.991445 0.000000
vn 0.130526 0.991445 0.000000
vn 0.130526 0.991445 -0.000000
vn 0.382685 0.923879 0.000000
vn 0.382685 0.923879 -0.000000
vn 0.608769 0.793348 0.000000
vn 0.608769 0.793348 -0.000000
vn 0.793341 0.608777 0.000000
vn 0.793341 0.608777 -0.000000
vn 0.923888 0.382663 0.000000
vn 0.923888 0.382663 -0.000000
vn 0.991443 0.130541 0.000000
vn 0.991443 0.130541 -0.000000
vn 0.991443 -0.130541 0.000000
vn 0.991443 -0.130541 0.000000
vn 0.923888 -0.382663 0.000000
vn 0.923888 -0.382663 0.000000
vn 0.793341 -0.608777 0.000000
vn 0.793341 -0.608777 0.000000
vn 0.608769 -0.793348 0.000000
vn 0.608769 -0.793348 0.000000
vn 0.382685 -0.923879 0.000000
vn 0.382685 -0.923879 0.000000
vn 0.130526 -0.991445 0.000000
vn 0.130526 -0.991445 0.000000
vn -0.130526 -0.991445 0.000000
vn -0.130526 -0.991445 0.000000
vn -0.382685 -0.923879 0.000000
vn -0.382685 -0.923879 0.000000
vn -0.608769 -0.793348 0.000000
vn -0.608769 -0.793348 0.000000
vn -0.793341 -0.608777 0.000000
vn -0.793341 -0.608777 0.000000
vn -0.923888 -0.382663 0.000000
vn -0.923888 -0.382663 0.000000
vn 0.000000 0.000000 1.000000
vn 0.000000 0.000000 1.000000
vn 0.000000 -0.000000 1.000000
vn 0.000000 -0.000000 1.000000
vn 0.000000 -0.000000 1.000000
vn 0.000000 -0.000000 1.000000
vn 0.000000 -0.000000 1.000000
vn 0.000000 -0.000000 1.000000
vn 0.000000 -0.000000 1.000000
vn 0.000000 -0.000000 1.000000
vn 0.000000 -0.000000 1.000000
vn 0.000000 -0.000000 1.000000
vn 0.000000 -0.000000 1.000000
vn 0.000000 0.000000 1.000000
vn 0.000000 0.000000 1.000000
vn 0.000000 0.000000 1.000000
vn 0.000000 0.000000 1.000000
vn 0.000000 0.000000 1.000000
vn 0.000000 0.000000 1.000000
vn 0.000000 0.000000 1.000000
vn 0.000000 0.000000 1.000000
vn 0.000000 0.000000 1.000000
vn -0.991443 -0.130540 0.000000
vn -0.991443 -0.130540 0.000000
vn -0.991443 0.130540 0.000000
vn -0.991443 0.130540 0.000000
vn -0.923888 0.382663 0.000000
vn -0.923888 0.382663 0.000000
vn -0.793341 0.608778 0.000000
vn -0.793341 0.608778 0.000000
vn -0.608769 0.793347 0.000000
vn -0.608769 0.793347 0.000000
vn -0.382684 0.923879 0.000000
vn -0.382684 0.923879 0.000000
vn -0.130526 0.991445 0.000000
vn -0.130526 0.991445 0.000000
vn 0.130526 0.991445 0.000000
vn 0.130526 0.991445 -0.000000
vn 0.382684 0.923879 0.000000
vn 0.382684 0.923879 -0.000000
vn 0.608769 0.793347 0.000000
vn 0.608769 0.793347 -0.000000
vn 0.793341 0.608778 0.000000
vn 0.793341 0.608778 -0.000000
vn 0.923888 0.382663 0.000000
vn 0.923888 0.382663 -0.000000
vn 0.991443 0.130540 0.000000
vn 0.991443 0.130540 -0.000000
vn 0.991443 -0.130540 0.000000
vn 0.991443 -0.130540 0.000000
vn 0.923888 -0.382663 0.000000
vn 0.923888 -0.382663 0.000000
vn 0.793341 -0.608778 0.000000
vn 0.793341 -0.608778 0.000000
vn 0.608769 -0.793347 0.000000
vn 0.608769 -0.793347 0.000000
vn 0.382684 -0.923879 0.000000
vn 0.382684 -0.923879 0.000000
vn 0.130526 -0.991445 0.000000
vn 0.130526 -0.991445 0.000000
vn -0.130526 -0.991445 0.000000
vn -0.130526 -0.991445 0.000000
vn -0.382684 -0.923879 0.000000
vn -0.382684 -0.923879 0.000000
vn -0.608769 -0.793347 0.000000
vn -0.608769 -0.793347 0.000000
vn -0.793341 -0.608778 0.000000
vn -0.793341 -0.608778 0.000000
vn -0.923888 -0.382663 0.000000
vn -0.923888 -0.382663 0.000000
vn 0.000000 0.000000 1.000000
vn 0.000000 0.000000 1.000000
vn 0.000000 -0.000000 1.000000
vn 0.000000 -0.000000 1.000000
vn 0.000000 -0.000000 1.000000
vn 0.000000 -0.000000 1.000000
vn 0.000000 -0.000000 1.000000
vn 0.000000 -0.000000 1.000000
vn 0.000000 -0.000000 1.000000
vn 0.000000 -0.000000 1.000000
vn 0.000000 -0.000000 1.000000
vn 0.000000 -0.000000 1.000000
vn 0.000000 -0.000000 1.000000
vn 0.000000 0.000000 1.000000
vn 0.000000 0.000000 1.000000
vn 0.000000 0.000000 1.000000
vn 0.000000 0.000000 1.000000
vn 0.000000 0.000000 1.000000
vn 0.000000 0.000000 1.000000
vn 0.000000 0.000000 1.000000
vn 0.000000 0.000000 1.000000
vn 0.000000 0.000000 1.000000
vn -0.995734 -0.092270 0.000000
vn -0.995734 -0.092270 0.000000
vn -0.995734 0.092270 0.000000
vn -0.995734 0.092270 0.000000
vn -0.961826 0.273661 0.000000
vn -0.961826 0.273661 0.000000
vn -0.895162 0.445740 0.000000
vn -0.895162 0.445740 0.000000
vn -0.798019 0.602632 0.000000
vn -0.798019 0.602632 0.000000
vn -0.673697 0.739008 0.000000
vn -0.673697 0.739008 0.000000
vn -0.526430 0.850218 0.000000
vn -0.526430 0.850218 0.000000
vn -0.361243 0.932472 0.000000
vn -0.361243 0.932472 0.000000
vn -0.183749 0.982973 0.000000
vn -0.183749 0.982973 0.000000
vn -0.000000 1.000000 0.000000
vn 0.000000 1.000000 0.000000
vn 0.183749 0.982973 0.000000
vn 0.183749 0.982973 -0.000000
vn 0.361243 0.932472 0.000000
vn 0.361243 0.932472 -0.000000
vn 0.526430 0.850218 0.000000
vn 0.526430 0.850218 -0.000000
vn 0.673697 0.739008 0.000000
vn 0.673697 0.739008 -0.000000
vn 0.798019 0.602632 0.000000
vn 0.798019 0.602632 -0.000000
vn 0.895162 0.445740 0.000000
vn 0.895162 0.445740 -0.000000
vn 0.961826 0.273661 0.000000
vn 0.961826 0.273661 -0.000000
vn 0.995734 0.092270 0.000000
vn 0.995734 0.092270 -0.000000
vn 0.995734 -0.092270 0.000000
vn 0.995734 -0.092270 0.000000
vn 0.961826 -0.273661 0.000000
vn 0.961826 -0.273661 0.000000
vn 0.895162 -0.445740 0.000000
vn 0.895162 -0.445740 0.000000
vn 0.798019 -0.602632 0.000000
vn 0.798019 -0.602632 0.000000
vn 0.673697 -0.739008 0.000000
vn 0.673697 -0.739008 0.000000
vn 0.526430 -0.850218 0.000000
vn 0.526430 -0.850218 0.000000
vn 0.361243 -0.932472 0.000000
vn 0.361243 -0.932472 0.000000
vn 0.183749 -0.982973 0.000000
vn 0.183749 -0.982973 0.000000
vn -0.000000 -1.000000 0.000000
vn 0.000000 -1.000000 0.000000
vn -0.183749 -0.982973 0.000000
vn -0.183749 -0.982973 0.000000
vn -0.361243 -0.932472 0.000000
vn -0.361243 -0.932472 0.000000
vn -0.526430 -0.850218 0.000000
vn -0.526430 -0.850218 0.000000
vn -0.673697 -0.739008 0.000000
vn -0.673697 -0.739008 0.000000
vn -0.798019 -0.602632 0.000000
vn -0.798019 -0.602632 0.000000
vn -0.895162 -0.445740 0.000000
vn -0.895162 -0.445740 0.000000
vn -0.961826 -0.273661 0.000000
vn -0.961826 -0.273661 0.000000
vn -0.998027 0.062791 0.000000
vn -0.998027 0.062791 0.000000
vn -0.998027 -0.062791 0.000000
vn -0.998027 -0.062791 -0.000000
vn -0.982287 -0.187384 0.000000
vn -0.982287 -0.187384 -0.000000
vn -0.951057 -0.309016 0.000000
vn -0.951057 -0.309016 -0.000000
vn -0.904828 -0.425778 0.000000
vn -0.904828 -0.425778 -0.000000
vn -0.844327 -0.535828 0.000000
vn -0.844327 -0.535828 -0.000000
vn -0.770514 -0.637424 0.000000
vn -0.770514 -0.637424 -0.000000
vn -0.684548 -0.728968 0.000000
vn -0.684548 -0.728968 -0.000000
vn -0.587785 -0.809017 0.000000
vn -0.587785 -0.809017 -0.000000
vn -0.481753 -0.876307 0.000000
vn -0.481753 -0.876307 -0.000000
vn -0.368124 -0.929777 0.000000
vn -0.368124 -0.929777 -0.000000
vn -0.248690 -0.968583 0.000000
vn -0.248690 -0.968583 -0.000000
vn -0.125334 -0.992115 0.000000
vn -0.125334 -0.992115 -0.000000
vn 0.000000 -1.000000 0.000000
vn 0.000000 -1.000000 0.000000
vn 0.125334 -0.992115 0.000000
vn 0.125334 -0.992115 0.000000
vn 0.248690 -0.968583 0.000000
vn 0.248690 -0.968583 0.000000
vn 0.368124 -0.929777 0.000000
vn 0.368124 -0.929777 0.000000
vn 0.481753 -0.876307 0.000000
vn 0.481753 -0.876307 0.000000
vn 0.587785 -0.809017 0.000000
vn 0.587785 -0.809017 0.000000
vn 0.684548 -0.728968 0.000000
vn 0.684548 -0.728968 0.000000
vn 0.770514 -0.637424 0.000000
vn 0.770514 -0.637424 0.000000
vn 0.844327 -0.535828 0.000000
vn 0.844327 -0.535828 0.000000
vn 0.904828 -0.425778 0.000000
vn 0.904828 -0.425778 0.000000
vn 0.951057 -0.309016 0.000000
vn 0.951057 -0.309016 0.000000
vn 0.982287 -0.187384 0.000000
vn 0.982287 -0.187384 0.000000
vn 0.998027 -0.062791 0.000000
vn 0.998027 -0.062791 0.000000
vn 0.998027 0.062791 0.000000
vn 0.998027 0.062791 0.000000
vn 0.982287 0.187384 0.000000
vn 0.982287 0.187384 0.000000
vn 0.951057 0.309016 0.000000
vn 0.951057 0.309016 0.000000
vn 0.904828 0.425778 0.000000
vn 0.904828 0.425778 0.000000
vn 0.844327 0.535828 0.000000
vn 0.844327 0.535828 0.000000
vn 0.770514 0.637424 0.000000
vn 0.770514 0.637424 0.000000
vn 0.684548 0.728968 0.000000
vn 0.684548 0.728968 0.000000
vn 0.587785 0.809017 0.000000
vn 0.587785 0.809017 0.000000
vn 0.481753 0.876307 0.000000
vn 0.481753 0.876307 0.000000
vn 0.368124 0.929777 0.000000
vn 0.368124 0.929777 0.000000
vn 0.248690 0.968583 0.000000
vn 0.248690 0.968583 0.000000
vn 0.125334 0.992115 0.000000
vn 0.125334 0.992115 0.000000
vn 0.000000 1.000000 0.000000
vn 0.000000 1.000000 0.000000
vn -0.125334 0.992115 0.000000
vn -0.125334 0.992115 0.000000
vn -0.248690 0.968583 0.000000
vn -0.248690 0.968583 0.000000
vn -0.368124 0.929777 0.000000
vn -0.368124 0.929777 0.000000
vn -0.481753 0.876307 0.000000
vn -0.481753 0.876307 0.000000
vn -0.587785 0.809017 0.000000
vn -0.587785 0.809017 0.000000
vn -0.684548 0.728968 0.000000
vn -0.684548 0.728968 0.000000
vn -0.770514 0.637424 0.000000
vn -0.770514 0.637424 0.000000
vn -0.844327 0.535828 0.000000
vn -0.844327 0.535828 0.000000
vn -0.904828 0.425778 0.000000
vn -0.904828 0.425778 0.000000
vn -0.951057 0.309016 0.000000
vn -0.951057 0.309016 0.000000
vn -0.982287 0.187384 0.000000
vn -0.982287 0.187384 0.000000
vn 0.000000 0.000000 1.000000
vn 0.000000 -0.000000 1.000000
vn 0.000000 -0.000000 1.000000
vn 0.000000 0.000000 1.000000
vn 0.000000 0.000000 1.000000
vn 0.000000 0.000000 1.000000
vn 0.000000 0.000000 1.000000
vn 0.000000 0.000000 1.000000
vn 0.000000 0.000000 1.000000
vn 0.000000 0.000000 1.000000
vn 0.000000 0.000000 1.000000
vn 0.000000 0.000000 1.000000
vn 0.000000 -0.000000 1.000000
vn -0.000000 0.000000 1.000000
vn 0.000000 0.000000 1.000000
vn 0.000000 0.000000 1.000000
vn 0.000000 0.000000 1.000000
vn 0.000000 0.000000 1.000000
vn 0.000000 0.000000 1.000000
vn 0.000000 0.000000 1.000000
vn 0.000000 0.000000 1.000000
vn 0.000000 0.000000 1.000000
vn 0.000000 0.000000 1.000000
vn 0.000000 0.000000 1.000000
vn 0.000000 0.000000 1.000000
vn 0.000000 0.000000 1.000000
vn 0.000000 0.000000 1.000000
vn 0.000000 0.000000 1.000000
vn 0.000000 0.000000 1.000000
vn 0.000000 0.000000 1.000000
vn 0.000000 0.000000 1.000000
vn 0.000000 0.000000 1.000000
vn 0.000000 0.000000 1.000000
vn 0.000000 0.000000 1.000000
vn 0.000000 0.000000 1.000000
vn 0.000000 0.000000 1.000000
vn 0.000000 0.000000 1.000000
vn 0.000000 0.000000 1.000000
vn 0.000000 0.000000 1.000000
vn 0.000000 0.000000 1.000000
vn 0.000000 0.000000 1.000000
vn 0.000000 0.000000 1.000000
vn 0.000000 0.000000 1.000000
vn 0.000000 0.000000 1.000000
vn 0.000000 0.000000 1.000000
vn 0.000000 0.000000 1.000000
vn -0.000000 0.000000 1.000000
vn 0.000000 0.000000 1.000000
vn -0.000000 0.000000 1.000000
vn 0.000000 0.000000 1.000000
vn -0.000000 0.000000 1.000000
vn 0.000000 0.000000 1.000000
vn -0.000000 0.000000 1.000000
vn 0.000000 0.000000 1.000000
vn -0.000000 0.000000 1.000000
vn 0.000000 0.000000 1.000000
vn -0.000000 0.000000 1.000000
vn 0.000000 0.000000 1.000000
vn -0.000000 0.000000 1.000000
vn 0.000000 0.000000 1.000000
vn 0.000000 0.000000 1.000000
vn -0.000000 0.000000 1.000000
vn 0.000000 0.000000 1.000000
vn -0.000000 0.000000 1.000000
vn 0.000000 0.000000 1.000000
vn 0.000000 0.000000 1.000000
vn -0.000000 0.000000 1.000000
vn 0.000000 0.000000 1.000000
vn 0.000000 0.000000 1.000000
vn 0.000000 -0.000000 1.000000
vn 0.000000 0.000000 1.000000
vn 0.000000 0.000000 1.000000
vn 0.000000 0.000000 1.000000
vn 0.000000 0.000000 1.000000
vn 0.000000 0.000000 1.000000
vn 0.000000 0.000000 1.000000
vn 0.000000 0.000000 1.000000
vn 0.000000 0.000000 1.000000
vn 0.000000 0.000000 1.000000
vn 0.000000 0.000000 1.000000
vn 0.000000 0.000000 1.000000
vn 0.000000 0.000000 1.000000
vn 0.000000 0.000000 1.000000
vn 0.000000 0.000000 1.000000
vn 0.000000 0.000000 1.000000
vn 0.000000 0.000000 1.000000
vn 0.000000 0.000000 1.000000
vn 0.000000 0.000000 1.000000
vn 0.496139 0.868243 0.000000
vn 0.496139 0.868243 0.000000
vn 0.496140 0.868243 -0.000000
vn 0.707107 -0.707107 0.000000
vn 0.707107 -0.707107 0.000000
vn 0.707107 -0.707107 0.000000
vn -0.000000 0.707107 0.707107
vn -0.000000 0.707107 0.707107
vn 0.093037 -0.702023 0.706051
vn 0.095282 -0.699437 0.708314
vn 0.157740 -0.691200 0.705238
vn 0.161309 -0.686376 0.709132
vn 0.221221 -0.674372 0.704474
vn 0.225735 -0.667157 0.709891
vn 0.282919 -0.651671 0.703762
vn 0.287992 -0.641965 0.710593
vn 0.342286 -0.623286 0.703104
vn 0.347533 -0.611034 0.711237
vn 0.398794 -0.589457 0.702498
vn 0.403834 -0.574653 0.711823
vn 0.451944 -0.550474 0.701944
vn 0.456407 -0.533147 0.712353
vn 0.501259 -0.506671 0.701445
vn 0.504786 -0.486894 0.712829
vn 0.546303 -0.458423 0.701001
vn 0.548552 -0.436315 0.713246
vn 0.586672 -0.406158 0.700608
vn 0.587324 -0.381856 0.713608
vn 0.622006 -0.350326 0.700271
vn 0.620760 -0.324005 0.713917
vn 0.651990 -0.291413 0.699991
vn 0.648571 -0.263283 0.714169
vn 0.676355 -0.229944 0.699764
vn 0.670514 -0.200225 0.714367
vn 0.694885 -0.166448 0.699593
vn 0.686400 -0.135391 0.714510
vn 0.707413 -0.101489 0.699477
vn 0.696090 -0.069362 0.714596
vn 0.713829 -0.035638 0.699413
vn 0.699498 -0.002712 0.714630
vn 0.714069 0.030528 0.699409
vn 0.696594 0.063955 0.714609
vn 0.708138 0.096426 0.699459
vn 0.687406 0.130057 0.714533
vn 0.696087 0.161479 0.699563
vn 0.672015 0.195005 0.714401
vn 0.678024 0.225109 0.699721
vn 0.650551 0.258225 0.714215
vn 0.654107 0.286761 0.699937
vn 0.623202 0.319153 0.713975
vn 0.624553 0.345897 0.700206
vn 0.590208 0.377250 0.713678
vn 0.589625 0.401989 0.700533
vn 0.551856 0.431991 0.713330
vn 0.549636 0.454558 0.700912
vn 0.508478 0.482898 0.712923
vn 0.504941 0.503139 0.701346
vn 0.460458 0.529508 0.712460
vn 0.455941 0.547308 0.701834
vn 0.408212 0.571402 0.711942
vn 0.403071 0.586688 0.702375
vn 0.352197 0.608206 0.711367
vn 0.346802 0.620937 0.702969
vn 0.292905 0.639580 0.710735
vn 0.287634 0.649761 0.703617
vn 0.230854 0.665238 0.710046
vn 0.226091 0.672918 0.704318
vn 0.166591 0.684940 0.709299
vn 0.162721 0.690217 0.705069
vn 0.100680 0.698499 0.708493
vn 0.098083 0.701515 0.705873
vn 0.033704 0.705781 0.707628
vn 0.032748 0.706728 0.706728
vn 0.000000 -0.707107 0.707107
vn 0.000000 -0.707107 0.707107
vn 0.131378 -0.991332 0.000000
vn 0.131378 -0.991332 0.000000
vn 0.222492 -0.974935 0.000000
vn 0.222492 -0.974935 0.000000
vn 0.311698 -0.950181 0.000000
vn 0.311698 -0.950181 0.000000
vn 0.398233 -0.917284 0.000000
vn 0.398233 -0.917284 0.000000
vn 0.481356 -0.876525 0.000000
vn 0.481356 -0.876525 0.000000
vn 0.560352 -0.828255 0.000000
vn 0.560352 -0.828255 0.000000
vn 0.634546 -0.772885 0.000000
vn 0.634546 -0.772885 0.000000
vn 0.703300 -0.710893 0.000000
vn 0.703300 -0.710893 0.000000
vn 0.766030 -0.642804 0.000000
vn 0.766030 -0.642804 0.000000
vn 0.822192 -0.569210 0.000000
vn 0.822192 -0.569210 0.000000
vn 0.871307 -0.490738 0.000000
vn 0.871307 -0.490738 0.000000
vn 0.912957 -0.408055 0.000000
vn 0.912957 -0.408055 0.000000
vn 0.946780 -0.321881 0.000000
vn 0.946780 -0.321881 0.000000
vn 0.972490 -0.232943 0.000000
vn 0.972490 -0.232943 0.000000
vn 0.989865 -0.142011 0.000000
vn 0.989865 -0.142011 0.000000
vn 0.998756 -0.049863 0.000000
vn 0.998756 -0.049863 0.000000
vn 0.999087 0.042714 0.000000
vn 0.999087 0.042714 -0.000000
vn 0.990856 0.134924 0.000000
vn 0.990856 0.134924 -0.000000
vn 0.974132 0.225980 0.000000
vn 0.974132 0.225980 -0.000000
vn 0.949060 0.315095 0.000000
vn 0.949060 0.315095 -0.000000
vn 0.915854 0.401512 0.000000
vn 0.915854 0.401512 -0.000000
vn 0.874797 0.484490 0.000000
vn 0.874797 0.484490 -0.000000
vn 0.826246 0.563310 0.000000
vn 0.826246 0.563310 -0.000000
vn 0.770610 0.637307 0.000000
vn 0.770610 0.637307 -0.000000
vn 0.708369 0.705842 0.000000
vn 0.708369 0.705842 -0.000000
vn 0.640061 0.768324 0.000000
vn 0.640061 0.768324 -0.000000
vn 0.566265 0.824224 0.000000
vn 0.566265 0.824224 -0.000000
vn 0.487615 0.873059 0.000000
vn 0.487615 0.873059 -0.000000
vn 0.404788 0.914411 0.000000
vn 0.404788 0.914411 -0.000000
vn 0.318490 0.947926 0.000000
vn 0.318490 0.947926 -0.000000
vn 0.229463 0.973317 0.000000
vn 0.229463 0.973317 -0.000000
vn 0.138469 0.990367 0.000000
vn 0.138469 0.990367 -0.000000
vn 0.046288 0.998928 0.000000
vn 0.046288 0.998928 -0.000000
vn 0.000000 0.000000 1.000000
vn 0.000000 0.000000 1.000000
vn 0.000000 -0.000000 1.000000
vn 0.000000 -0.000000 1.000000
vn 0.000000 -0.000000 1.000000
vn 0.000000 -0.000000 1.000000
vn 0.000000 -0.000000 1.000000
vn 0.000000 -0.000000 1.000000
vn 0.000000 -0.000000 1.000000
vn 0.000000 -0.000000 1.000000
vn 0.000000 -0.000000 1.000000
vn 0.000000 -0.000000 1.000000
vn 0.000000 -0.000000 1.000000
vn 0.000000 0.000000 1.000000
vn 0.000000 0.000000 1.000000
vn 0.000000 0.000000 1.000000
vn 0.000000 0.000000 1.000000
vn 0.000000 0.000000 1.000000
vn 0.000000 0.000000 1.000000
vn 0.000000 0.000000 1.000000
vn 0.000000 0.000000 1.000000
vn 0.000000 0.000000 1.000000
vn -0.997066 -0.076544 0.000000
vn -0.997066 -0.076544 -0.000000
vn -0.997066 0.076544 0.000000
vn -0.997066 0.076544 0.000000
vn -0.973693 0.227864 0.000000
vn -0.973693 0.227864 0.000000
vn -0.927503 0.373816 0.000000
vn -0.927503 0.373816 0.000000
vn -0.859573 0.511012 0.000000
vn -0.859573 0.511012 0.000000
vn -0.771488 0.636244 0.000000
vn -0.771488 0.636244 0.000000
vn -0.665325 0.746554 0.000000
vn -0.665325 0.746554 0.000000
vn -0.543568 0.839365 0.000000
vn -0.543568 0.839365 0.000000
vn -0.409068 0.912504 0.000000
vn -0.409068 0.912504 0.000000
vn -0.264982 0.964253 0.000000
vn -0.264982 0.964253 0.000000
vn -0.114684 0.993402 0.000000
vn -0.114684 0.993402 0.000000
vn 0.038303 0.999266 0.000000
vn 0.038303 0.999266 -0.000000
vn 0.190390 0.981708 0.000000
vn 0.190390 0.981708 -0.000000
vn 0.338020 0.941139 0.000000
vn 0.338020 0.941139 -0.000000
vn 0.477719 0.878513 0.000000
vn 0.477719 0.878513 -0.000000
vn 0.606223 0.795295 0.000000
vn 0.606223 0.795295 -0.000000
vn 0.720525 0.693429 0.000000
vn 0.720525 0.693429 -0.000000
vn 0.817925 0.575325 0.000000
vn 0.817925 0.575325 -0.000000
vn 0.896167 0.443716 0.000000
vn 0.896167 0.443716 -0.000000
vn 0.953395 0.301723 0.000000
vn 0.953395 0.301723 -0.000000
vn 0.988280 0.152649 0.000000
vn 0.988280 0.152649 -0.000000
vn 1.000000 0.000000 0.000000
vn 1.000000 0.000000 -0.000000
vn 0.988280 -0.152649 0.000000
vn 0.988280 -0.152649 0.000000
vn 0.953395 -0.301723 0.000000
vn 0.953395 -0.301723 0.000000
vn 0.896167 -0.443716 0.000000
vn 0.896167 -0.443716 0.000000
vn 0.817925 -0.575325 0.000000
vn 0.817925 -0.575325 0.000000
vn 0.720525 -0.693429 0.000000
vn 0.720525 -0.693429 0.000000
vn 0.606223 -0.795295 0.000000
vn 0.606223 -0.795295 0.000000
vn 0.477719 -0.878513 0.000000
vn 0.477719 -0.878513 0.000000
vn 0.338020 -0.941139 0.000000
vn 0.338020 -0.941139 0.000000
vn 0.190390 -0.981708 0.000000
vn 0.190390 -0.981708 0.000000
vn 0.038303 -0.999266 0.000000
vn 0.038303 -0.999266 0.000000
vn -0.114684 -0.993402 0.000000
vn -0.114684 -0.993402 0.000000
vn -0.264982 -0.964253 0.000000
vn -0.264982 -0.964253 0.000000
vn -0.409068 -0.912504 0.000000
vn -0.409068 -0.912504 0.000000
vn -0.543568 -0.839365 0.000000
vn -0.543568 -0.839365 0.000000
vn -0.665325 -0.746554 0.000000
vn -0.665325 -0.746554 0.000000
vn -0.771488 -0.636244 0.000000
vn -0.771488 -0.636244 0.000000
vn -0.859573 -0.511012 0.000000
vn -0.859573 -0.511012 0.000000
vn -0.927503 -0.373816 0.000000
vn -0.927503 -0.373816 0.000000
vn -0.973693 -0.227864 0.000000
vn -0.973693 -0.227864 0.000000
vn 0.861538 0.507692 -0.000000
vn 0.861538 0.507692 -0.000000
vn 1.000000 0.000000 0.000000
vn 1.000000 0.000000 0.000000
f 680//1 699//1 719//1
f 739//2 680//2 719//2
f 764//3 680//3 739//3
f 757//4 764//4 739//4
f 773//5 764//5 757//5
f 768//6 773//6 757//6
f 779//7 773//7 768//7
f 787//8 779//8 768//8
f 795//9 779//9 787//9
f 833//10 795//10 787//10
f 809//11 795//11 833//11
f 827//12 809//12 833//12
f 821//13 809//13 827//13
f 838//14 821//14 827//14
f 835//15 821//15 838//15
f 851//16 835//16 838//16
f 819//17 835//17 851//17
f 870//18 819//18 851//18
f 886//19 819//19 870//19
f 894//20 886//20 870//20
f 908//21 886//21 894//21
f 884//22 908//22 894//22
f 901//23 908//23 884//23
f 878//24 901//24 884//24
f 896//25 901//25 878//25
f 917//26 896//26 878//26
f 910//27 896//27 917//27
f 926//28 910//28 917//28
f 932//29 910//29 926//29
f 948//30 932//30 926//30
f 966//31 932//31 948//31
f 986//32 966//32 948//32
f 956//33 966//33 986//33
f 1024//34 956//34 986//34
f 1006//35 1024//35 986//35
f 970//36 1006//36 986//36
f 985//37 1006//37 970//37
f 955//38 985//38 970//38
f 974//39 985//39 955//39
f 971//40 974//40 955//40
f 937//41 971//41 955//41
f 926//42 971//42 937//42
f 948//43 926//43 937//43
f 719//44 699//44 720//44
f 735//45 719//45 720//45
f 739//46 719//46 735//46
f 757//47 739//47 735//47
f 735//48 720//48 731//48
f 750//49 735//49 731//49
f 757//50 735//50 750//50
f 768//51 757//51 750//51
f 750//52 731//52 733//52
f 787//53 750//53 733//53
f 768//54 750//54 787//54
f 840//55 827//55 833//55
f 871//56 840//56 833//56
f 849//57 840//57 871//57
f 865//58 849//58 871//58
f 867//59 849//59 865//59
f 884//60 867//60 865//60
f 894//61 867//61 884//61
f 878//62 865//62 871//62
f 917//63 878//63 871//63
f 926//64 917//64 971//64
f 956//65 886//65 927//65
f 941//66 956//66 927//66
f 966//67 956//67 941//67
f 932//68 966//68 941//68
f 811//69 835//69 819//69
f 749//70 811//70 819//70
f 797//71 811//71 749//71
f 778//72 797//72 749//72
f 789//73 797//73 778//73
f 773//74 789//74 778//74
f 779//75 789//75 773//75
f 764//76 778//76 749//76
f 680//77 764//77 749//77
f 908//78 927//78 886//78
f 789//79 779//79 795//79
f 804//80 789//80 795//80
f 797//81 789//81 804//81
f 811//82 797//82 804//82
f 778//83 764//83 773//83
f 838//84 827//84 840//84
f 850//85 838//85 840//85
f 851//86 838//86 850//86
f 870//87 851//87 850//87
f 821//88 835//88 811//88
f 804//89 821//89 811//89
f 809//90 821//90 804//90
f 795//91 809//91 804//91
f 865//92 878//92 884//92
f 867//93 894//93 870//93
f 850//94 867//94 870//94
f 849//95 867//95 850//95
f 840//96 849//96 850//96
f 916//97 932//97 941//97
f 927//98 916//98 941//98
f 901//99 916//99 927//99
f 908//100 901//100 927//100
f 916//101 896//101 910//101
f 932//102 916//102 910//102
f 901//103 896//103 916//103
f 970//104 937//104 955//104
f 948//105 937//105 970//105
f 986//106 948//106 970//106
f 664//107 669//107 666//107
f 653//108 664//108 666//108
f 660//109 664//109 653//109
f 647//110 660//110 653//110
f 650//111 660//111 647//111
f 626//112 650//112 647//112
f 630//113 650//113 626//113
f 593//114 630//114 626//114
f 654//115 630//115 593//115
f 671//116 630//116 654//116
f 733//117 671//117 654//117
f 731//118 671//118 733//118
f 681//119 671//119 731//119
f 720//120 681//120 731//120
f 683//121 681//121 720//121
f 699//122 683//122 720//122
f 677//123 683//123 699//123
f 680//124 677//124 699//124
f 672//125 677//125 680//125
f 677//126 672//126 669//126
f 664//127 677//127 669//127
f 660//128 677//128 664//128
f 630//129 671//129 681//129
f 650//130 630//130 681//130
f 650//131 681//131 683//131
f 660//132 650//132 683//132
f 660//133 683//133 677//133
f 1084//134 1050//134 1110//134
f 1080//135 1084//135 1110//135
f 1039//136 1084//136 1080//136
f 1034//137 1039//137 1080//137
f 974//138 1039//138 1034//138
f 985//139 974//139 1034//139
f 1027//140 985//140 1034//140
f 1006//141 985//141 1027//141
f 1031//142 1006//142 1027//142
f 1033//143 1006//143 1031//143
f 1036//144 1033//144 1031//144
f 1043//145 1036//145 1031//145
f 1040//146 1036//146 1043//146
f 1051//147 1040//147 1043//147
f 1027//148 1051//148 1043//148
f 1052//149 1051//149 1027//149
f 1057//150 1052//150 1027//150
f 1051//151 1052//151 1057//151
f 1061//152 1034//152 1080//152
f 1057//153 1061//153 1080//153
f 1034//154 1061//154 1057//154
f 1027//155 1034//155 1057//155
f 1006//156 1033//156 1024//156
f 1039//157 974//157 971//157
f 1050//158 1039//158 971//158
f 1084//159 1039//159 1050//159
f 1043//160 1031//160 1027//160
f 504//161 489//161 499//161
f 507//162 504//162 499//162
f 513//163 504//163 507//163
f 533//164 513//164 507//164
f 517//165 513//165 533//165
f 548//166 517//166 533//166
f 524//167 517//167 548//167
f 525//168 524//168 548//168
f 527//169 525//169 548//169
f 529//170 527//170 548//170
f 571//171 529//171 548//171
f 530//172 529//172 571//172
f 531//173 530//173 571//173
f 497//174 499//174 489//174
f 491//175 497//175 489//175
f 498//176 497//176 491//176
f 549//177 497//177 498//177
f 535//178 549//178 498//178
f 560//179 549//179 535//179
f 555//180 560//180 535//180
f 576//181 560//181 555//181
f 590//182 576//182 555//182
f 604//183 576//183 590//183
f 621//184 604//184 590//184
f 632//185 604//185 621//185
f 647//186 632//186 621//186
f 653//187 632//187 647//187
f 590//188 555//188 577//188
f 601//189 590//189 577//189
f 621//190 590//190 601//190
f 626//191 621//191 601//191
f 647//192 621//192 626//192
f 601//193 577//193 593//193
f 626//194 601//194 593//194
f 639//195 632//195 653//195
f 666//196 639//196 653//196
f 631//197 639//197 666//197
f 616//198 639//198 631//198
f 600//199 616//199 631//199
f 598//200 616//200 600//200
f 587//201 598//201 600//201
f 581//202 598//202 587//202
f 561//203 581//203 587//203
f 553//204 581//204 561//204
f 528//205 553//205 561//205
f 497//206 553//206 528//206
f 499//207 497//207 528//207
f 587//208 600//208 571//208
f 568//209 587//209 571//209
f 561//210 587//210 568//210
f 541//211 561//211 568//211
f 528//212 561//212 541//212
f 507//213 528//213 541//213
f 499//214 528//214 507//214
f 513//215 517//215 509//215
f 504//216 513//216 509//216
f 541//217 548//217 533//217
f 507//218 541//218 533//218
f 568//219 571//219 548//219
f 541//220 568//220 548//220
f 553//221 497//221 549//221
f 575//222 553//222 549//222
f 581//223 553//223 575//223
f 595//224 581//224 575//224
f 598//225 581//225 595//225
f 616//226 598//226 595//226
f 575//227 549//227 560//227
f 591//228 575//228 560//228
f 595//229 575//229 591//229
f 612//230 595//230 591//230
f 616//231 595//231 612//231
f 639//232 616//232 612//232
f 591//233 576//233 604//233
f 612//234 591//234 604//234
f 632//235 639//235 612//235
f 604//236 632//236 612//236
f 591//237 560//237 576//237
f 1200//238 1195//238 1191//238
f 1172//239 1200//239 1191//239
f 1196//240 1200//240 1172//240
f 1163//241 1196//241 1172//241
f 1179//242 1196//242 1163//242
f 1152//243 1179//243 1163//243
f 1162//244 1179//244 1152//244
f 1151//245 1162//245 1152//245
f 1169//246 1162//246 1151//246
f 1146//247 1169//247 1151//247
f 1124//248 1146//248 1151//248
f 1123//249 1146//249 1124//249
f 1108//250 1123//250 1124//250
f 1110//251 1123//251 1108//251
f 1080//252 1110//252 1108//252
f 1091//253 1080//253 1108//253
f 1057//254 1080//254 1091//254
f 1077//255 1057//255 1091//255
f 1051//256 1057//256 1077//256
f 1074//257 1051//257 1077//257
f 1040//258 1051//258 1074//258
f 1073//259 1040//259 1074//259
f 1102//260 1073//260 1074//260
f 1103//261 1073//261 1102//261
f 1127//262 1103//262 1102//262
f 1132//263 1103//263 1127//263
f 1148//264 1132//264 1127//264
f 1156//265 1132//265 1148//265
f 1149//266 1156//266 1148//266
f 1163//267 1156//267 1149//267
f 1152//268 1163//268 1149//268
f 1191//269 1195//269 1187//269
f 1172//270 1191//270 1187//270
f 1172//271 1187//271 1182//271
f 1156//272 1172//272 1182//272
f 1163//273 1172//273 1156//273
f 1156//274 1182//274 1181//274
f 1180//275 1156//275 1181//275
f 1132//276 1156//276 1180//276
f 1178//277 1132//277 1180//277
f 1177//278 1132//278 1178//278
f 1132//279 1177//279 1176//279
f 1175//280 1132//280 1176//280
f 1174//281 1132//281 1175//281
f 1162//282 1169//282 1208//282
f 1209//283 1162//283 1208//283
f 1179//284 1162//284 1209//284
f 1210//285 1179//285 1209//285
f 1207//286 1179//286 1210//286
f 1196//287 1207//287 1210//287
f 1179//288 1207//288 1196//288
f 1209//289 1208//289 1216//289
f 1217//290 1209//290 1216//290
f 1210//291 1209//291 1217//291
f 1217//292 1216//292 1218//292
f 1196//293 1210//293 1200//293
f 1128//294 1149//294 1148//294
f 1127//295 1128//295 1148//295
f 1105//296 1128//296 1127//296
f 1102//297 1105//297 1127//297
f 1077//298 1105//298 1102//298
f 1074//299 1077//299 1102//299
f 1134//300 1152//300 1149//300
f 1128//301 1134//301 1149//301
f 1112//302 1134//302 1128//302
f 1105//303 1112//303 1128//303
f 1091//304 1112//304 1105//304
f 1077//305 1091//305 1105//305
f 1134//306 1124//306 1151//306
f 1152//307 1134//307 1151//307
f 1112//308 1124//308 1134//308
f 1112//309 1108//309 1124//309
f 1091//310 1108//310 1112//310
f 678//311 734//311 733//311
f 654//312 678//312 733//312
f 644//313 678//313 654//313
f 593//314 644//314 654//314
f 594//315 644//315 593//315
f 593//316 577//316 578//316
f 579//317 593//317 578//317
f 594//318 593//318 579//318
f 580//319 594//319 579//319
f 559//320 580//320 579//320
f 558//321 559//321 579//321
f 539//322 559//322 558//322
f 538//323 539//323 558//323
f 490//324 539//324 538//324
f 537//325 490//325 538//325
f 491//326 490//326 537//326
f 536//327 491//327 537//327
f 498//328 491//328 536//328
f 535//329 498//329 536//329
f 555//330 535//330 536//330
f 556//331 555//331 536//331
f 577//332 555//332 556//332
f 557//333 577//333 556//333
f 578//334 577//334 557//334
f 558//335 578//335 557//335
f 579//336 578//336 558//336
f 490//337 491//337 489//337
f 557//338 538//338 558//338
f 556//339 536//339 537//339
f 557//340 556//340 537//340
f 557//341 537//341 538//341
f 1017//342 996//342 980//342
f 957//343 1017//343 980//343
f 936//344 1017//344 957//344
f 940//345 936//345 957//345
f 928//346 936//346 940//346
f 935//347 928//347 940//347
f 919//348 928//348 935//348
f 906//349 919//349 935//349
f 909//350 919//350 906//350
f 895//351 909//351 906//351
f 900//352 909//352 895//352
f 879//353 900//353 895//353
f 887//354 900//354 879//354
f 869//355 887//355 879//355
f 885//356 887//356 869//356
f 852//357 885//357 869//357
f 836//358 885//358 852//358
f 853//359 836//359 852//359
f 839//360 836//360 853//360
f 854//361 839//361 853//361
f 841//362 839//362 854//362
f 855//363 841//363 854//363
f 798//364 841//364 855//364
f 980//365 996//365 979//365
f 960//366 980//366 979//366
f 957//367 980//367 960//367
f 940//368 957//368 960//368
f 960//369 979//369 967//369
f 949//370 960//370 967//370
f 940//371 960//371 949//371
f 935//372 940//372 949//372
f 949//373 967//373 961//373
f 906//374 949//374 961//374
f 935//375 949//375 906//375
f 895//376 906//376 855//376
f 877//377 895//377 855//377
f 879//378 895//378 877//378
f 866//379 879//379 877//379
f 869//380 879//380 866//380
f 852//381 869//381 866//381
f 798//382 743//382 786//382
f 796//383 798//383 786//383
f 810//384 798//384 796//384
f 792//385 810//385 796//385
f 805//386 810//386 792//386
f 785//387 805//387 792//387
f 800//388 805//388 785//388
f 820//389 800//389 785//389
f 818//390 800//390 820//390
f 836//391 818//391 820//391
f 839//392 818//392 836//392
f 743//393 738//393 756//393
f 770//394 743//394 756//394
f 786//395 743//395 770//395
f 765//396 786//396 770//396
f 777//397 786//397 765//397
f 748//398 777//398 765//398
f 769//399 777//399 748//399
f 755//400 769//400 748//400
f 785//401 769//401 755//401
f 820//402 785//402 755//402
f 756//403 738//403 726//403
f 745//404 756//404 726//404
f 770//405 756//405 745//405
f 765//406 770//406 745//406
f 745//407 726//407 709//407
f 725//408 745//408 709//408
f 765//409 745//409 725//409
f 748//410 765//410 725//410
f 725//411 709//411 688//411
f 755//412 725//412 688//412
f 748//413 725//413 755//413
f 836//414 820//414 885//414
f 887//415 885//415 950//415
f 905//416 887//416 950//416
f 900//417 887//417 905//417
f 913//418 900//418 905//418
f 909//419 900//419 913//419
f 919//420 909//420 913//420
f 950//421 1017//421 936//421
f 920//422 950//422 936//422
f 905//423 950//423 920//423
f 913//424 905//424 920//424
f 864//425 877//425 855//425
f 854//426 864//426 855//426
f 853//427 864//427 854//427
f 828//428 798//428 810//428
f 805//429 828//429 810//429
f 826//430 828//430 805//430
f 800//431 826//431 805//431
f 818//432 826//432 800//432
f 920//433 936//433 928//433
f 913//434 920//434 928//434
f 913//435 928//435 919//435
f 841//436 828//436 826//436
f 839//437 841//437 826//437
f 839//438 826//438 818//438
f 866//439 864//439 853//439
f 852//440 866//440 853//440
f 777//441 792//441 796//441
f 786//442 777//442 796//442
f 769//443 785//443 792//443
f 777//444 769//444 792//444
f 841//445 798//445 828//445
f 877//446 864//446 866//446
f 1037//447 1032//447 1035//447
f 1044//448 1037//448 1035//448
f 1042//449 1037//449 1044//449
f 1056//450 1042//450 1044//450
f 1054//451 1042//451 1056//451
f 1078//452 1054//452 1056//452
f 1068//453 1054//453 1078//453
f 1106//454 1068//454 1078//454
f 1045//455 1068//455 1106//455
f 1030//456 1068//456 1045//456
f 961//457 1030//457 1045//457
f 967//458 1030//458 961//458
f 1020//459 1030//459 967//459
f 979//460 1020//460 967//460
f 1018//461 1020//461 979//461
f 996//462 1018//462 979//462
f 1021//463 1018//463 996//463
f 1017//464 1021//464 996//464
f 1023//465 1021//465 1017//465
f 1021//466 1023//466 1032//466
f 1037//467 1021//467 1032//467
f 1042//468 1021//468 1037//468
f 1068//469 1030//469 1020//469
f 1054//470 1068//470 1020//470
f 1054//471 1020//471 1018//471
f 1042//472 1054//472 1018//472
f 1042//473 1018//473 1021//473
f 625//474 661//474 596//474
f 627//475 625//475 596//475
f 668//476 625//476 627//476
f 676//477 668//477 627//477
f 738//478 668//478 676//478
f 726//479 738//479 676//479
f 686//480 726//480 676//480
f 709//481 726//481 686//481
f 684//482 709//482 686//482
f 682//483 709//483 684//483
f 673//484 682//484 684//484
f 665//485 673//485 684//485
f 670//486 673//486 665//486
f 662//487 670//487 665//487
f 686//488 662//488 665//488
f 655//489 662//489 686//489
f 649//490 655//490 686//490
f 662//491 655//491 649//491
f 648//492 676//492 627//492
f 649//493 648//493 627//493
f 676//494 648//494 649//494
f 686//495 676//495 649//495
f 709//496 682//496 688//496
f 668//497 738//497 743//497
f 661//498 668//498 743//498
f 625//499 668//499 661//499
f 665//500 684//500 686//500
f 1202//501 1214//501 1204//501
f 1192//502 1202//502 1204//502
f 1197//503 1202//503 1192//503
f 1194//504 1197//504 1192//504
f 1173//505 1194//505 1192//505
f 1164//506 1194//506 1173//506
f 1193//507 1164//507 1173//507
f 1171//508 1164//508 1193//508
f 1205//509 1171//509 1193//509
f 1189//510 1171//510 1205//510
f 1212//511 1189//511 1205//511
f 1206//512 1189//512 1212//512
f 1213//513 1206//513 1212//513
f 1211//514 1206//514 1213//514
f 1214//515 1213//515 1212//515
f 1205//516 1214//516 1212//516
f 1204//517 1214//517 1205//517
f 1193//518 1204//518 1205//518
f 1173//519 1204//519 1193//519
f 1198//520 1206//520 1211//520
f 1203//521 1198//521 1211//521
f 1153//522 1198//522 1203//522
f 1161//523 1153//523 1203//523
f 1147//524 1153//524 1161//524
f 1139//525 1147//525 1161//525
f 1126//526 1147//526 1139//526
f 1113//527 1126//527 1139//527
f 1097//528 1126//528 1113//528
f 1079//529 1097//529 1113//529
f 1066//530 1097//530 1079//530
f 1056//531 1066//531 1079//531
f 1044//532 1066//532 1056//532
f 1113//533 1139//533 1118//533
f 1100//534 1113//534 1118//534
f 1079//535 1113//535 1100//535
f 1078//536 1079//536 1100//536
f 1056//537 1079//537 1078//537
f 1100//538 1118//538 1106//538
f 1078//539 1100//539 1106//539
f 1058//540 1066//540 1044//540
f 1035//541 1058//541 1044//541
f 1067//542 1058//542 1035//542
f 1082//543 1058//543 1067//543
f 1101//544 1082//544 1067//544
f 1104//545 1082//545 1101//545
f 1119//546 1104//546 1101//546
f 1125//547 1104//547 1119//547
f 1145//548 1125//548 1119//548
f 1150//549 1125//549 1145//549
f 1170//550 1150//550 1145//550
f 1198//551 1150//551 1170//551
f 1206//552 1198//552 1170//552
f 1119//553 1101//553 1129//553
f 1140//554 1119//554 1129//554
f 1145//555 1119//555 1140//555
f 1155//556 1145//556 1140//556
f 1170//557 1145//557 1155//557
f 1189//558 1170//558 1155//558
f 1206//559 1170//559 1189//559
f 1129//560 1183//560 1184//560
f 1154//561 1129//561 1184//561
f 1140//562 1129//562 1154//562
f 1155//563 1140//563 1154//563
f 1154//564 1184//564 1185//564
f 1186//565 1154//565 1185//565
f 1188//566 1154//566 1186//566
f 1164//567 1154//567 1188//567
f 1190//568 1164//568 1188//568
f 1194//569 1164//569 1190//569
f 1192//570 1204//570 1173//570
f 1171//571 1154//571 1164//571
f 1155//572 1154//572 1171//572
f 1189//573 1155//573 1171//573
f 1150//574 1198//574 1153//574
f 1133//575 1150//575 1153//575
f 1125//576 1150//576 1133//576
f 1109//577 1125//577 1133//577
f 1104//578 1125//578 1109//578
f 1082//579 1104//579 1109//579
f 1133//580 1153//580 1147//580
f 1114//581 1133//581 1147//581
f 1109//582 1133//582 1114//582
f 1089//583 1109//583 1114//583
f 1082//584 1109//584 1089//584
f 1058//585 1082//585 1089//585
f 1114//586 1126//586 1097//586
f 1089//587 1114//587 1097//587
f 1066//588 1058//588 1089//588
f 1097//589 1066//589 1089//589
f 1114//590 1147//590 1126//590
f 506//591 508//591 511//591
f 512//592 506//592 511//592
f 501//593 506//593 512//593
f 515//594 501//594 512//594
f 500//595 501//595 515//595
f 526//596 500//596 515//596
f 496//597 500//597 526//597
f 502//598 496//598 526//598
f 552//599 502//599 526//599
f 543//600 502//600 552//600
f 570//601 543//601 552//601
f 563//602 543//602 570//602
f 588//603 563//603 570//603
f 583//604 563//604 588//604
f 602//605 583//605 588//605
f 596//606 583//606 602//606
f 627//607 596//607 602//607
f 623//608 627//608 602//608
f 649//609 627//609 623//609
f 633//610 649//610 623//610
f 662//611 649//611 633//611
f 640//612 662//612 633//612
f 670//613 662//613 640//613
f 638//614 670//614 640//614
f 613//615 638//615 640//615
f 603//616 638//616 613//616
f 592//617 603//617 613//617
f 574//618 603//618 592//618
f 569//619 574//619 592//619
f 551//620 574//620 569//620
f 562//621 551//621 569//621
f 550//622 551//622 562//622
f 554//623 550//623 562//623
f 542//624 550//624 554//624
f 552//625 542//625 554//625
f 526//626 542//626 552//626
f 511//627 508//627 510//627
f 532//628 511//628 510//628
f 512//629 511//629 532//629
f 534//630 512//630 532//630
f 515//631 512//631 534//631
f 542//632 515//632 534//632
f 526//633 515//633 542//633
f 532//634 510//634 514//634
f 540//635 532//635 514//635
f 534//636 532//636 540//636
f 550//637 534//637 540//637
f 542//638 534//638 550//638
f 540//639 514//639 516//639
f 518//640 540//640 516//640
f 519//641 540//641 518//641
f 551//642 540//642 519//642
f 520//643 551//643 519//643
f 521//644 551//644 520//644
f 574//645 551//645 521//645
f 522//646 574//646 521//646
f 523//647 574//647 522//647
f 500//648 496//648 494//648
f 495//649 500//649 494//649
f 501//650 500//650 495//650
f 506//651 501//651 495//651
f 495//652 494//652 492//652
f 506//653 495//653 492//653
f 551//654 550//654 540//654
f 570//655 552//655 554//655
f 582//656 570//656 554//656
f 588//657 570//657 582//657
f 599//658 588//658 582//658
f 602//659 588//659 599//659
f 623//660 602//660 599//660
f 582//661 554//661 562//661
f 589//662 582//662 562//662
f 599//663 582//663 589//663
f 607//664 599//664 589//664
f 623//665 599//665 607//665
f 633//666 623//666 607//666
f 589//667 562//667 569//667
f 592//668 589//668 569//668
f 607//669 589//669 592//669
f 613//670 607//670 592//670
f 633//671 607//671 613//671
f 640//672 633//672 613//672
f 1022//673 962//673 961//673
f 1045//674 1022//674 961//674
f 1059//675 1022//675 1045//675
f 1106//676 1059//676 1045//676
f 1107//677 1059//677 1106//677
f 1106//678 1118//678 1115//678
f 1116//679 1106//679 1115//679
f 1107//680 1106//680 1116//680
f 1117//681 1107//681 1116//681
f 1138//682 1117//682 1116//682
f 1137//683 1138//683 1116//683
f 1160//684 1138//684 1137//684
f 1159//685 1160//685 1137//685
f 1215//686 1160//686 1159//686
f 1158//687 1215//687 1159//687
f 1213//688 1215//688 1158//688
f 1211//689 1213//689 1158//689
f 1157//690 1211//690 1158//690
f 1203//691 1211//691 1157//691
f 1161//692 1203//692 1157//692
f 1139//693 1161//693 1157//693
f 1135//694 1139//694 1157//694
f 1118//695 1139//695 1135//695
f 1136//696 1118//696 1135//696
f 1115//697 1118//697 1136//697
f 1137//698 1115//698 1136//698
f 1116//699 1115//699 1137//699
f 1215//700 1213//700 1214//700
f 1136//701 1159//701 1137//701
f 1135//702 1157//702 1158//702
f 1136//703 1135//703 1158//703
f 1136//704 1158//704 1159//704
f 646//705 597//705 596//705
f 661//706 646//706 596//706
f 685//707 646//707 661//707
f 743//708 685//708 661//708
f 744//709 685//709 743//709
f 799//710 744//710 743//710
f 798//711 799//711 743//711
f 856//712 799//712 798//712
f 855//713 856//713 798//713
f 907//714 856//714 855//714
f 906//715 907//715 855//715
f 962//716 907//716 906//716
f 961//717 962//717 906//717
f 545//718 493//718 492//718
f 494//719 545//719 492//719
f 496//720 545//720 494//720
f 544//721 545//721 496//721
f 502//722 544//722 496//722
f 543//723 544//723 502//723
f 544//724 543//724 563//724
f 564//725 544//725 563//725
f 565//726 544//726 564//726
f 583//727 565//727 564//727
f 584//728 565//728 583//728
f 596//729 584//729 583//729
f 585//730 584//730 596//730
f 597//731 585//731 596//731
f 586//732 585//732 597//732
f 564//733 563//733 583//733
f 566//734 585//734 586//734
f 567//735 566//735 586//735
f 546//736 566//736 567//736
f 547//737 546//737 567//737
f 493//738 546//738 547//738
f 545//739 546//739 493//739
f 545//740 566//740 546//740
f 565//741 566//741 545//741
f 544//742 565//742 545//742
f 565//743 585//743 566//743
f 565//744 584//744 585//744
f 1062//745 1111//745 1110//745
f 1050//746 1062//746 1110//746
f 1026//747 1062//747 1050//747
f 971//748 1026//748 1050//748
f 972//749 1026//749 971//749
f 918//750 972//750 971//750
f 917//751 918//751 971//751
f 871//752 918//752 917//752
f 872//753 918//753 871//753
f 833//754 872//754 871//754
f 834//755 872//755 833//755
f 787//756 834//756 833//756
f 788//757 834//757 787//757
f 734//758 788//758 787//758
f 733//759 734//759 787//759
f 1166//760 1219//760 1218//760
f 1216//761 1166//761 1218//761
f 1165//762 1166//762 1216//762
f 1208//763 1165//763 1216//763
f 1169//764 1165//764 1208//764
f 1165//765 1169//765 1146//765
f 1141//766 1165//766 1146//766
f 1142//767 1165//767 1141//767
f 1123//768 1142//768 1141//768
f 1120//769 1142//769 1123//769
f 1110//770 1120//770 1123//770
f 1121//771 1120//771 1110//771
f 1111//772 1121//772 1110//772
f 1122//773 1121//773 1111//773
f 1141//774 1146//774 1123//774
f 1143//775 1121//775 1122//775
f 1144//776 1143//776 1122//776
f 1167//777 1143//777 1144//777
f 1168//778 1167//778 1144//778
f 1219//779 1167//779 1168//779
f 1166//780 1167//780 1219//780
f 1166//781 1143//781 1167//781
f 1142//782 1143//782 1166//782
f 1165//783 1142//783 1166//783
f 1142//784 1121//784 1143//784
f 1142//785 1120//785 1121//785
f 695//786 710//786 705//786
f 693//787 695//787 705//787
f 702//788 695//788 693//788
f 704//789 702//789 693//789
f 717//790 702//790 704//790
f 721//791 717//791 704//791
f 740//792 717//792 721//792
f 751//793 740//793 721//793
f 775//794 740//794 751//794
f 781//795 775//795 751//795
f 806//796 775//796 781//796
f 812//797 806//797 781//797
f 845//798 806//798 812//798
f 847//799 845//799 812//799
f 875//800 845//800 847//800
f 890//801 875//801 847//801
f 914//802 875//802 890//802
f 921//803 914//803 890//803
f 946//804 914//804 921//804
f 951//805 946//805 921//805
f 977//806 946//806 951//806
f 981//807 977//807 951//807
f 994//808 977//808 981//808
f 998//809 994//809 981//809
f 1009//810 994//810 998//810
f 1011//811 1009//811 998//811
f 1002//812 1009//812 1011//812
f 999//813 1002//813 1011//813
f 987//814 1002//814 999//814
f 982//815 987//815 999//815
f 964//816 987//816 982//816
f 952//817 964//817 982//817
f 929//818 964//818 952//818
f 922//819 929//819 952//819
f 898//820 929//820 922//820
f 891//821 898//821 922//821
f 859//822 898//822 891//822
f 848//823 859//823 891//823
f 829//824 859//824 848//824
f 813//825 829//825 848//825
f 790//826 829//826 813//826
f 782//827 790//827 813//827
f 758//828 790//828 782//828
f 752//829 758//829 782//829
f 727//830 758//830 752//830
f 722//831 727//831 752//831
f 710//832 727//832 722//832
f 705//833 710//833 722//833
f 696//834 703//834 693//834
f 705//835 696//835 693//835
f 711//836 696//836 705//836
f 722//837 711//837 705//837
f 728//838 711//838 722//838
f 752//839 728//839 722//839
f 759//840 728//840 752//840
f 782//841 759//841 752//841
f 791//842 759//842 782//842
f 813//843 791//843 782//843
f 830//844 791//844 813//844
f 848//845 830//845 813//845
f 860//846 830//846 848//846
f 891//847 860//847 848//847
f 899//848 860//848 891//848
f 922//849 899//849 891//849
f 930//850 899//850 922//850
f 952//851 930//851 922//851
f 965//852 930//852 952//852
f 982//853 965//853 952//853
f 988//854 965//854 982//854
f 999//855 988//855 982//855
f 1003//856 988//856 999//856
f 1011//857 1003//857 999//857
f 1010//858 1003//858 1011//858
f 998//859 1010//859 1011//859
f 995//860 1010//860 998//860
f 981//861 995//861 998//861
f 978//862 995//862 981//862
f 951//863 978//863 981//863
f 947//864 978//864 951//864
f 921//865 947//865 951//865
f 915//866 947//866 921//866
f 890//867 915//867 921//867
f 876//868 915//868 890//868
f 847//869 876//869 890//869
f 846//870 876//870 847//870
f 812//871 846//871 847//871
f 807//872 846//872 812//872
f 781//873 807//873 812//873
f 776//874 807//874 781//874
f 751//875 776//875 781//875
f 741//876 776//876 751//876
f 721//877 741//877 751//877
f 718//878 741//878 721//878
f 704//879 718//879 721//879
f 703//880 718//880 704//880
f 693//881 703//881 704//881
f 1007//882 992//882 1000//882
f 1012//883 1007//883 1000//883
f 1004//884 1007//884 1012//884
f 1001//885 1004//885 1012//885
f 989//886 1004//886 1001//886
f 984//887 989//887 1001//887
f 968//888 989//888 984//888
f 954//889 968//889 984//889
f 933//890 968//890 954//890
f 924//891 933//891 954//891
f 902//892 933//892 924//892
f 893//893 902//893 924//893
f 862//894 902//894 893//894
f 858//895 862//895 893//895
f 831//896 862//896 858//896
f 815//897 831//897 858//897
f 793//898 831//898 815//898
f 784//899 793//899 815//899
f 766//900 793//900 784//900
f 754//901 766//901 784//901
f 729//902 766//902 754//902
f 724//903 729//903 754//903
f 712//904 729//904 724//904
f 707//905 712//905 724//905
f 697//906 712//906 707//906
f 694//907 697//907 707//907
f 700//908 697//908 694//908
f 706//909 700//909 694//909
f 715//910 700//910 706//910
f 723//911 715//911 706//911
f 736//912 715//912 723//912
f 753//913 736//913 723//913
f 771//914 736//914 753//914
f 783//915 771//915 753//915
f 802//916 771//916 783//916
f 814//917 802//917 783//917
f 842//918 802//918 814//918
f 857//919 842//919 814//919
f 873//920 842//920 857//920
f 892//921 873//921 857//921
f 911//922 873//922 892//922
f 923//923 911//923 892//923
f 938//924 911//924 923//924
f 953//925 938//925 923//925
f 975//926 938//926 953//926
f 983//927 975//927 953//927
f 992//928 975//928 983//928
f 1000//929 992//929 983//929
f 1008//930 1005//930 1012//930
f 1000//931 1008//931 1012//931
f 993//932 1008//932 1000//932
f 983//933 993//933 1000//933
f 976//934 993//934 983//934
f 953//935 976//935 983//935
f 939//936 976//936 953//936
f 923//937 939//937 953//937
f 912//938 939//938 923//938
f 892//939 912//939 923//939
f 874//940 912//940 892//940
f 857//941 874//941 892//941
f 843//942 874//942 857//942
f 814//943 843//943 857//943
f 803//944 843//944 814//944
f 783//945 803//945 814//945
f 772//946 803//946 783//946
f 753//947 772//947 783//947
f 737//948 772//948 753//948
f 723//949 737//949 753//949
f 716//950 737//950 723//950
f 706//951 716//951 723//951
f 701//952 716//952 706//952
f 694//953 701//953 706//953
f 698//954 701//954 694//954
f 707//955 698//955 694//955
f 713//956 698//956 707//956
f 724//957 713//957 707//957
f 730//958 713//958 724//958
f 754//959 730//959 724//959
f 767//960 730//960 754//960
f 784//961 767//961 754//961
f 794//962 767//962 784//962
f 815//963 794//963 784//963
f 832//964 794//964 815//964
f 858//965 832//965 815//965
f 863//966 832//966 858//966
f 893//967 863//967 858//967
f 903//968 863//968 893//968
f 924//969 903//969 893//969
f 934//970 903//970 924//970
f 954//971 934//971 924//971
f 969//972 934//972 954//972
f 984//973 969//973 954//973
f 990//974 969//974 984//974
f 1001//975 990//975 984//975
f 1005//976 990//976 1001//976
f 1012//977 1005//977 1001//977
f 1555//978 1552//978 1551//978
f 1554//979 1555//979 1551//979
f 1549//980 1555//980 1554//980
f 1548//981 1549//981 1554//981
f 1543//982 1549//982 1548//982
f 1542//983 1543//983 1548//983
f 1528//984 1543//984 1542//984
f 1527//985 1528//985 1542//985
f 1516//986 1528//986 1527//986
f 1515//987 1516//987 1527//987
f 1504//988 1516//988 1515//988
f 1503//989 1504//989 1515//989
f 1480//990 1504//990 1503//990
f 1479//991 1480//991 1503//991
f 1462//992 1480//992 1479//992
f 1461//993 1462//993 1479//993
f 1456//994 1462//994 1461//994
f 1455//995 1456//995 1461//995
f 1444//996 1456//996 1455//996
f 1443//997 1444//997 1455//997
f 1432//998 1444//998 1443//998
f 1431//999 1432//999 1443//999
f 1420//1000 1432//1000 1431//1000
f 1419//1001 1420//1001 1431//1001
f 1417//1002 1420//1002 1419//1002
f 1416//1003 1417//1003 1419//1003
f 1423//1004 1417//1004 1416//1004
f 1422//1005 1423//1005 1416//1005
f 1435//1006 1423//1006 1422//1006
f 1434//1007 1435//1007 1422//1007
f 1447//1008 1435//1008 1434//1008
f 1446//1009 1447//1009 1434//1009
f 1459//1010 1447//1010 1446//1010
f 1458//1011 1459//1011 1446//1011
f 1465//1012 1459//1012 1458//1012
f 1464//1013 1465//1013 1458//1013
f 1483//1014 1465//1014 1464//1014
f 1482//1015 1483//1015 1464//1015
f 1507//1016 1483//1016 1482//1016
f 1506//1017 1507//1017 1482//1017
f 1519//1018 1507//1018 1506//1018
f 1518//1019 1519//1019 1506//1019
f 1531//1020 1519//1020 1518//1020
f 1530//1021 1531//1021 1518//1021
f 1546//1022 1531//1022 1530//1022
f 1545//1023 1546//1023 1530//1023
f 1552//1024 1546//1024 1545//1024
f 1551//1025 1552//1025 1545//1025
f 1553//1026 1547//1026 1548//1026
f 1554//1027 1553//1027 1548//1027
f 1550//1028 1553//1028 1554//1028
f 1551//1029 1550//1029 1554//1029
f 1544//1030 1550//1030 1551//1030
f 1545//1031 1544//1031 1551//1031
f 1529//1032 1544//1032 1545//1032
f 1530//1033 1529//1033 1545//1033
f 1517//1034 1529//1034 1530//1034
f 1518//1035 1517//1035 1530//1035
f 1505//1036 1517//1036 1518//1036
f 1506//1037 1505//1037 1518//1037
f 1481//1038 1505//1038 1506//1038
f 1482//1039 1481//1039 1506//1039
f 1463//1040 1481//1040 1482//1040
f 1464//1041 1463//1041 1482//1041
f 1457//1042 1463//1042 1464//1042
f 1458//1043 1457//1043 1464//1043
f 1445//1044 1457//1044 1458//1044
f 1446//1045 1445//1045 1458//1045
f 1433//1046 1445//1046 1446//1046
f 1434//1047 1433//1047 1446//1047
f 1421//1048 1433//1048 1434//1048
f 1422//1049 1421//1049 1434//1049
f 1415//1050 1421//1050 1422//1050
f 1416//1051 1415//1051 1422//1051
f 1418//1052 1415//1052 1416//1052
f 1419//1053 1418//1053 1416//1053
f 1430//1054 1418//1054 1419//1054
f 1431//1055 1430//1055 1419//1055
f 1442//1056 1430//1056 1431//1056
f 1443//1057 1442//1057 1431//1057
f 1454//1058 1442//1058 1443//1058
f 1455//1059 1454//1059 1443//1059
f 1460//1060 1454//1060 1455//1060
f 1461//1061 1460//1061 1455//1061
f 1478//1062 1460//1062 1461//1062
f 1479//1063 1478//1063 1461//1063
f 1502//1064 1478//1064 1479//1064
f 1503//1065 1502//1065 1479//1065
f 1514//1066 1502//1066 1503//1066
f 1515//1067 1514//1067 1503//1067
f 1526//1068 1514//1068 1515//1068
f 1527//1069 1526//1069 1515//1069
f 1541//1070 1526//1070 1527//1070
f 1542//1071 1541//1071 1527//1071
f 1547//1072 1541//1072 1542//1072
f 1548//1073 1547//1073 1542//1073
f 255//1074 246//1074 245//1074
f 254//1075 255//1075 245//1075
f 243//1076 255//1076 254//1076
f 242//1077 243//1077 254//1077
f 229//1078 243//1078 242//1078
f 228//1079 229//1079 242//1079
f 215//1080 229//1080 228//1080
f 214//1081 215//1081 228//1081
f 203//1082 215//1082 214//1082
f 202//1083 203//1083 214//1083
f 187//1084 203//1084 202//1084
f 186//1085 187//1085 202//1085
f 175//1086 187//1086 186//1086
f 174//1087 175//1087 186//1087
f 161//1088 175//1088 174//1088
f 160//1089 161//1089 174//1089
f 147//1090 161//1090 160//1090
f 146//1091 147//1091 160//1091
f 133//1092 147//1092 146//1092
f 132//1093 133//1093 146//1093
f 121//1094 133//1094 132//1094
f 120//1095 121//1095 132//1095
f 105//1096 121//1096 120//1096
f 104//1097 105//1097 120//1097
f 99//1098 105//1098 104//1098
f 98//1099 99//1099 104//1099
f 108//1100 99//1100 98//1100
f 107//1101 108//1101 98//1101
f 124//1102 108//1102 107//1102
f 123//1103 124//1103 107//1103
f 136//1104 124//1104 123//1104
f 135//1105 136//1105 123//1105
f 150//1106 136//1106 135//1106
f 149//1107 150//1107 135//1107
f 164//1108 150//1108 149//1108
f 163//1109 164//1109 149//1109
f 178//1110 164//1110 163//1110
f 177//1111 178//1111 163//1111
f 190//1112 178//1112 177//1112
f 189//1113 190//1113 177//1113
f 206//1114 190//1114 189//1114
f 205//1115 206//1115 189//1115
f 218//1116 206//1116 205//1116
f 217//1117 218//1117 205//1117
f 232//1118 218//1118 217//1118
f 231//1119 232//1119 217//1119
f 246//1120 232//1120 231//1120
f 245//1121 246//1121 231//1121
f 253//1122 241//1122 242//1122
f 254//1123 253//1123 242//1123
f 244//1124 253//1124 254//1124
f 245//1125 244//1125 254//1125
f 230//1126 244//1126 245//1126
f 231//1127 230//1127 245//1127
f 216//1128 230//1128 231//1128
f 217//1129 216//1129 231//1129
f 204//1130 216//1130 217//1130
f 205//1131 204//1131 217//1131
f 188//1132 204//1132 205//1132
f 189//1133 188//1133 205//1133
f 176//1134 188//1134 189//1134
f 177//1135 176//1135 189//1135
f 162//1136 176//1136 177//1136
f 163//1137 162//1137 177//1137
f 148//1138 162//1138 163//1138
f 149//1139 148//1139 163//1139
f 134//1140 148//1140 149//1140
f 135//1141 134//1141 149//1141
f 122//1142 134//1142 135//1142
f 123//1143 122//1143 135//1143
f 106//1144 122//1144 123//1144
f 107//1145 106//1145 123//1145
f 97//1146 106//1146 107//1146
f 98//1147 97//1147 107//1147
f 103//1148 97//1148 98//1148
f 104//1149 103//1149 98//1149
f 119//1150 103//1150 104//1150
f 120//1151 119//1151 104//1151
f 131//1152 119//1152 120//1152
f 132//1153 131//1153 120//1153
f 145//1154 131//1154 132//1154
f 146//1155 145//1155 132//1155
f 159//1156 145//1156 146//1156
f 160//1157 159//1157 146//1157
f 173//1158 159//1158 160//1158
f 174//1159 173//1159 160//1159
f 185//1160 173//1160 174//1160
f 186//1161 185//1161 174//1161
f 201//1162 185//1162 186//1162
f 202//1163 201//1163 186//1163
f 213//1164 201//1164 202//1164
f 214//1165 213//1165 202//1165
f 227//1166 213//1166 214//1166
f 228//1167 227//1167 214//1167
f 241//1168 227//1168 228//1168
f 242//1169 241//1169 228//1169
f 1540//1170 1537//1170 1536//1170
f 1539//1171 1540//1171 1536//1171
f 1534//1172 1540//1172 1539//1172
f 1533//1173 1534//1173 1539//1173
f 1522//1174 1534//1174 1533//1174
f 1521//1175 1522//1175 1533//1175
f 1510//1176 1522//1176 1521//1176
f 1509//1177 1510//1177 1521//1177
f 1498//1178 1510//1178 1509//1178
f 1497//1179 1498//1179 1509//1179
f 1492//1180 1498//1180 1497//1180
f 1491//1181 1492//1181 1497//1181
f 1468//1182 1492//1182 1491//1182
f 1467//1183 1468//1183 1491//1183
f 1450//1184 1468//1184 1467//1184
f 1449//1185 1450//1185 1467//1185
f 1438//1186 1450//1186 1449//1186
f 1437//1187 1438//1187 1449//1187
f 1426//1188 1438//1188 1437//1188
f 1425//1189 1426//1189 1437//1189
f 1411//1190 1426//1190 1425//1190
f 1410//1191 1411//1191 1425//1191
f 1405//1192 1411//1192 1410//1192
f 1404//1193 1405//1193 1410//1193
f 1402//1194 1405//1194 1404//1194
f 1401//1195 1402//1195 1404//1195
f 1408//1196 1402//1196 1401//1196
f 1407//1197 1408//1197 1401//1197
f 1414//1198 1408//1198 1407//1198
f 1413//1199 1414//1199 1407//1199
f 1429//1200 1414//1200 1413//1200
f 1428//1201 1429//1201 1413//1201
f 1441//1202 1429//1202 1428//1202
f 1440//1203 1441//1203 1428//1203
f 1453//1204 1441//1204 1440//1204
f 1452//1205 1453//1205 1440//1205
f 1471//1206 1453//1206 1452//1206
f 1470//1207 1471//1207 1452//1207
f 1495//1208 1471//1208 1470//1208
f 1494//1209 1495//1209 1470//1209
f 1501//1210 1495//1210 1494//1210
f 1500//1211 1501//1211 1494//1211
f 1513//1212 1501//1212 1500//1212
f 1512//1213 1513//1213 1500//1213
f 1525//1214 1513//1214 1512//1214
f 1524//1215 1525//1215 1512//1215
f 1537//1216 1525//1216 1524//1216
f 1536//1217 1537//1217 1524//1217
f 1538//1218 1532//1218 1533//1218
f 1539//1219 1538//1219 1533//1219
f 1535//1220 1538//1220 1539//1220
f 1536//1221 1535//1221 1539//1221
f 1523//1222 1535//1222 1536//1222
f 1524//1223 1523//1223 1536//1223
f 1511//1224 1523//1224 1524//1224
f 1512//1225 1511//1225 1524//1225
f 1499//1226 1511//1226 1512//1226
f 1500//1227 1499//1227 1512//1227
f 1493//1228 1499//1228 1500//1228
f 1494//1229 1493//1229 1500//1229
f 1469//1230 1493//1230 1494//1230
f 1470//1231 1469//1231 1494//1231
f 1451//1232 1469//1232 1470//1232
f 1452//1233 1451//1233 1470//1233
f 1439//1234 1451//1234 1452//1234
f 1440//1235 1439//1235 1452//1235
f 1427//1236 1439//1236 1440//1236
f 1428//1237 1427//1237 1440//1237
f 1412//1238 1427//1238 1428//1238
f 1413//1239 1412//1239 1428//1239
f 1406//1240 1412//1240 1413//1240
f 1407//1241 1406//1241 1413//1241
f 1400//1242 1406//1242 1407//1242
f 1401//1243 1400//1243 1407//1243
f 1403//1244 1400//1244 1401//1244
f 1404//1245 1403//1245 1401//1245
f 1409//1246 1403//1246 1404//1246
f 1410//1247 1409//1247 1404//1247
f 1424//1248 1409//1248 1410//1248
f 1425//1249 1424//1249 1410//1249
f 1436//1250 1424//1250 1425//1250
f 1437//1251 1436//1251 1425//1251
f 1448//1252 1436//1252 1437//1252
f 1449//1253 1448//1253 1437//1253
f 1466//1254 1448//1254 1449//1254
f 1467//1255 1466//1255 1449//1255
f 1490//1256 1466//1256 1467//1256
f 1491//1257 1490//1257 1467//1257
f 1496//1258 1490//1258 1491//1258
f 1497//1259 1496//1259 1491//1259
f 1508//1260 1496//1260 1497//1260
f 1509//1261 1508//1261 1497//1261
f 1520//1262 1508//1262 1509//1262
f 1521//1263 1520//1263 1509//1263
f 1532//1264 1520//1264 1521//1264
f 1533//1265 1532//1265 1521//1265
f 258//1266 252//1266 251//1266
f 257//1267 258//1267 251//1267
f 249//1268 258//1268 257//1268
f 248//1269 249//1269 257//1269
f 235//1270 249//1270 248//1270
f 234//1271 235//1271 248//1271
f 221//1272 235//1272 234//1272
f 220//1273 221//1273 234//1273
f 209//1274 221//1274 220//1274
f 208//1275 209//1275 220//1275
f 193//1276 209//1276 208//1276
f 192//1277 193//1277 208//1277
f 181//1278 193//1278 192//1278
f 180//1279 181//1279 192//1279
f 167//1280 181//1280 180//1280
f 166//1281 167//1281 180//1281
f 153//1282 167//1282 166//1282
f 152//1283 153//1283 166//1283
f 139//1284 153//1284 152//1284
f 138//1285 139//1285 152//1285
f 127//1286 139//1286 138//1286
f 126//1287 127//1287 138//1287
f 111//1288 127//1288 126//1288
f 110//1289 111//1289 126//1289
f 102//1290 111//1290 110//1290
f 101//1291 102//1291 110//1291
f 114//1292 102//1292 101//1292
f 113//1293 114//1293 101//1293
f 130//1294 114//1294 113//1294
f 129//1295 130//1295 113//1295
f 142//1296 130//1296 129//1296
f 141//1297 142//1297 129//1297
f 156//1298 142//1298 141//1298
f 155//1299 156//1299 141//1299
f 170//1300 156//1300 155//1300
f 169//1301 170//1301 155//1301
f 184//1302 170//1302 169//1302
f 183//1303 184//1303 169//1303
f 196//1304 184//1304 183//1304
f 195//1305 196//1305 183//1305
f 212//1306 196//1306 195//1306
f 211//1307 212//1307 195//1307
f 224//1308 212//1308 211//1308
f 223//1309 224//1309 211//1309
f 238//1310 224//1310 223//1310
f 237//1311 238//1311 223//1311
f 252//1312 238//1312 237//1312
f 251//1313 252//1313 237//1313
f 256//1314 247//1314 248//1314
f 257//1315 256//1315 248//1315
f 250//1316 256//1316 257//1316
f 251//1317 250//1317 257//1317
f 236//1318 250//1318 251//1318
f 237//1319 236//1319 251//1319
f 222//1320 236//1320 237//1320
f 223//1321 222//1321 237//1321
f 210//1322 222//1322 223//1322
f 211//1323 210//1323 223//1323
f 194//1324 210//1324 211//1324
f 195//1325 194//1325 211//1325
f 182//1326 194//1326 195//1326
f 183//1327 182//1327 195//1327
f 168//1328 182//1328 183//1328
f 169//1329 168//1329 183//1329
f 154//1330 168//1330 169//1330
f 155//1331 154//1331 169//1331
f 140//1332 154//1332 155//1332
f 141//1333 140//1333 155//1333
f 128//1334 140//1334 141//1334
f 129//1335 128//1335 141//1335
f 112//1336 128//1336 129//1336
f 113//1337 112//1337 129//1337
f 100//1338 112//1338 113//1338
f 101//1339 100//1339 113//1339
f 109//1340 100//1340 101//1340
f 110//1341 109//1341 101//1341
f 125//1342 109//1342 110//1342
f 126//1343 125//1343 110//1343
f 137//1344 125//1344 126//1344
f 138//1345 137//1345 126//1345
f 151//1346 137//1346 138//1346
f 152//1347 151//1347 138//1347
f 165//1348 151//1348 152//1348
f 166//1349 165//1349 152//1349
f 179//1350 165//1350 166//1350
f 180//1351 179//1351 166//1351
f 191//1352 179//1352 180//1352
f 192//1353 191//1353 180//1353
f 207//1354 191//1354 192//1354
f 208//1355 207//1355 192//1355
f 219//1356 207//1356 208//1356
f 220//1357 219//1357 208//1357
f 233//1358 219//1358 220//1358
f 234//1359 233//1359 220//1359
f 247//1360 233//1360 234//1360
f 248//1361 247//1361 234//1361
f 1373//1362 1379//1362 1573//1362
f 1577//1363 1373//1363 1573//1363
f 1484//1364 1373//1364 1577//1364
f 1579//1365 1484//1365 1577//1365
f 1583//1366 1484//1366 1579//1366
f 1485//1367 1484//1367 1583//1367
f 1585//1368 1485//1368 1583//1368
f 1486//1369 1485//1369 1585//1369
f 1589//1370 1486//1370 1585//1370
f 1593//1371 1486//1371 1589//1371
f 1487//1372 1486//1372 1593//1372
f 1595//1373 1487//1373 1593//1373
f 1488//1374 1487//1374 1595//1374
f 1599//1375 1488//1375 1595//1375
f 1489//1376 1488//1376 1599//1376
f 1603//1377 1489//1377 1599//1377
f 1297//1378 1489//1378 1603//1378
f 1607//1379 1297//1379 1603//1379
f 1489//1380 1297//1380 1303//1380
f 1321//1381 1489//1381 1303//1381
f 1488//1382 1489//1382 1321//1382
f 1335//1383 1488//1383 1321//1383
f 1487//1384 1488//1384 1335//1384
f 1345//1385 1487//1385 1335//1385
f 1486//1386 1487//1386 1345//1386
f 1355//1387 1486//1387 1345//1387
f 1363//1388 1486//1388 1355//1388
f 1485//1389 1486//1389 1363//1389
f 1365//1390 1485//1390 1363//1390
f 1484//1391 1485//1391 1365//1391
f 1371//1392 1484//1392 1365//1392
f 1373//1393 1484//1393 1371//1393
f 1292//1394 1296//1394 1297//1394
f 1293//1395 1292//1395 1297//1395
f 1607//1396 1293//1396 1297//1396
f 1609//1397 1293//1397 1607//1397
f 1608//1398 1609//1398 1607//1398
f 1606//1399 1608//1399 1607//1399
f 1576//1400 1572//1400 1378//1400
f 1372//1401 1576//1401 1378//1401
f 1477//1402 1576//1402 1372//1402
f 1370//1403 1477//1403 1372//1403
f 1364//1404 1477//1404 1370//1404
f 1476//1405 1477//1405 1364//1405
f 1362//1406 1476//1406 1364//1406
f 1475//1407 1476//1407 1362//1407
f 1354//1408 1475//1408 1362//1408
f 1344//1409 1475//1409 1354//1409
f 1474//1410 1475//1410 1344//1410
f 1334//1411 1474//1411 1344//1411
f 1473//1412 1474//1412 1334//1412
f 1320//1413 1473//1413 1334//1413
f 1472//1414 1473//1414 1320//1414
f 1302//1415 1472//1415 1320//1415
f 1605//1416 1472//1416 1302//1416
f 1295//1417 1605//1417 1302//1417
f 1472//1418 1605//1418 1602//1418
f 1598//1419 1472//1419 1602//1419
f 1473//1420 1472//1420 1598//1420
f 1594//1421 1473//1421 1598//1421
f 1474//1422 1473//1422 1594//1422
f 1592//1423 1474//1423 1594//1423
f 1475//1424 1474//1424 1592//1424
f 1588//1425 1475//1425 1592//1425
f 1584//1426 1475//1426 1588//1426
f 1476//1427 1475//1427 1584//1427
f 1582//1428 1476//1428 1584//1428
f 1477//1429 1476//1429 1582//1429
f 1578//1430 1477//1430 1582//1430
f 1576//1431 1477//1431 1578//1431
f 1617//1432 1604//1432 1605//1432
f 1618//1433 1617//1433 1605//1433
f 1291//1434 1618//1434 1605//1434
f 1295//1435 1291//1435 1605//1435
f 1290//1436 1291//1436 1295//1436
f 1294//1437 1290//1437 1295//1437
f 1555//1438 1549//1438 1557//1438
f 1559//1439 1555//1439 1557//1439
f 1552//1440 1555//1440 1559//1440
f 1546//1441 1552//1441 1559//1441
f 1531//1442 1546//1442 1559//1442
f 1519//1443 1531//1443 1559//1443
f 1507//1444 1519//1444 1559//1444
f 1483//1445 1507//1445 1559//1445
f 1393//1446 1483//1446 1559//1446
f 1465//1447 1483//1447 1393//1447
f 1459//1448 1465//1448 1393//1448
f 1447//1449 1459//1449 1393//1449
f 1435//1450 1447//1450 1393//1450
f 1423//1451 1435//1451 1393//1451
f 1417//1452 1423//1452 1393//1452
f 1391//1453 1417//1453 1393//1453
f 1420//1454 1417//1454 1391//1454
f 1432//1455 1420//1455 1391//1455
f 1444//1456 1432//1456 1391//1456
f 1456//1457 1444//1457 1391//1457
f 1462//1458 1456//1458 1391//1458
f 1480//1459 1462//1459 1391//1459
f 1557//1460 1480//1460 1391//1460
f 1504//1461 1480//1461 1557//1461
f 1516//1462 1504//1462 1557//1462
f 1528//1463 1516//1463 1557//1463
f 1543//1464 1528//1464 1557//1464
f 1549//1465 1543//1465 1557//1465
f 1382//1466 1378//1466 1572//1466
f 1568//1467 1382//1467 1572//1467
f 1388//1468 1382//1468 1568//1468
f 1564//1469 1388//1469 1568//1469
f 1391//1470 1388//1470 1564//1470
f 1557//1471 1391//1471 1564//1471
f 1378//1472 1382//1472 1380//1472
f 1374//1473 1378//1473 1380//1473
f 1372//1474 1378//1474 1374//1474
f 1370//1475 1372//1475 1374//1475
f 1366//1476 1370//1476 1374//1476
f 1364//1477 1370//1477 1366//1477
f 1362//1478 1364//1478 1366//1478
f 1358//1479 1362//1479 1366//1479
f 1354//1480 1362//1480 1358//1480
f 1346//1481 1354//1481 1358//1481
f 1344//1482 1354//1482 1346//1482
f 1334//1483 1344//1483 1346//1483
f 1328//1484 1334//1484 1346//1484
f 1320//1485 1334//1485 1328//1485
f 1304//1486 1320//1486 1328//1486
f 1302//1487 1320//1487 1304//1487
f 1294//1488 1302//1488 1304//1488
f 1295//1489 1302//1489 1294//1489
f 1386//1490 1380//1490 1382//1490
f 1388//1491 1386//1491 1382//1491
f 1390//1492 1386//1492 1388//1492
f 1391//1493 1390//1493 1388//1493
f 1602//1494 1605//1494 1604//1494
f 1600//1495 1602//1495 1604//1495
f 1598//1496 1602//1496 1600//1496
f 1596//1497 1598//1497 1600//1497
f 1594//1498 1598//1498 1596//1498
f 1590//1499 1594//1499 1596//1499
f 1592//1500 1594//1500 1590//1500
f 1588//1501 1592//1501 1590//1501
f 1586//1502 1588//1502 1590//1502
f 1584//1503 1588//1503 1586//1503
f 1580//1504 1584//1504 1586//1504
f 1582//1505 1584//1505 1580//1505
f 1578//1506 1582//1506 1580//1506
f 1574//1507 1578//1507 1580//1507
f 1576//1508 1578//1508 1574//1508
f 1572//1509 1576//1509 1574//1509
f 1570//1510 1572//1510 1574//1510
f 1568//1511 1572//1511 1570//1511
f 1566//1512 1568//1512 1570//1512
f 1564//1513 1568//1513 1566//1513
f 1556//1514 1564//1514 1566//1514
f 1557//1515 1564//1515 1556//1515
f 1561//1516 1537//1516 1540//1516
f 1534//1517 1561//1517 1540//1517
f 1522//1518 1561//1518 1534//1518
f 1561//1519 1522//1519 1510//1519
f 1498//1520 1561//1520 1510//1520
f 1492//1521 1561//1521 1498//1521
f 1561//1522 1492//1522 1468//1522
f 1395//1523 1561//1523 1468//1523
f 1450//1524 1395//1524 1468//1524
f 1438//1525 1395//1525 1450//1525
f 1395//1526 1438//1526 1426//1526
f 1411//1527 1395//1527 1426//1527
f 1405//1528 1395//1528 1411//1528
f 1395//1529 1405//1529 1402//1529
f 1397//1530 1395//1530 1402//1530
f 1408//1531 1397//1531 1402//1531
f 1414//1532 1397//1532 1408//1532
f 1397//1533 1414//1533 1429//1533
f 1441//1534 1397//1534 1429//1534
f 1453//1535 1397//1535 1441//1535
f 1397//1536 1453//1536 1471//1536
f 1563//1537 1397//1537 1471//1537
f 1389//1538 1397//1538 1563//1538
f 1565//1539 1389//1539 1563//1539
f 1383//1540 1389//1540 1565//1540
f 1569//1541 1383//1541 1565//1541
f 1379//1542 1383//1542 1569//1542
f 1573//1543 1379//1543 1569//1543
f 1563//1544 1471//1544 1495//1544
f 1501//1545 1563//1545 1495//1545
f 1513//1546 1563//1546 1501//1546
f 1563//1547 1513//1547 1525//1547
f 1537//1548 1563//1548 1525//1548
f 1561//1549 1563//1549 1537//1549
f 1573//1550 1569//1550 1571//1550
f 1575//1551 1573//1551 1571//1551
f 1577//1552 1573//1552 1575//1552
f 1579//1553 1577//1553 1575//1553
f 1581//1554 1579//1554 1575//1554
f 1583//1555 1579//1555 1581//1555
f 1585//1556 1583//1556 1581//1556
f 1587//1557 1585//1557 1581//1557
f 1589//1558 1585//1558 1587//1558
f 1591//1559 1589//1559 1587//1559
f 1593//1560 1589//1560 1591//1560
f 1595//1561 1593//1561 1591//1561
f 1597//1562 1595//1562 1591//1562
f 1599//1563 1595//1563 1597//1563
f 1601//1564 1599//1564 1597//1564
f 1603//1565 1599//1565 1601//1565
f 1606//1566 1603//1566 1601//1566
f 1607//1567 1603//1567 1606//1567
f 1567//1568 1571//1568 1569//1568
f 1565//1569 1567//1569 1569//1569
f 1562//1570 1567//1570 1565//1570
f 1563//1571 1562//1571 1565//1571
f 1303//1572 1297//1572 1296//1572
f 1305//1573 1303//1573 1296//1573
f 1321//1574 1303//1574 1305//1574
f 1329//1575 1321//1575 1305//1575
f 1335//1576 1321//1576 1329//1576
f 1347//1577 1335//1577 1329//1577
f 1345//1578 1335//1578 1347//1578
f 1355//1579 1345//1579 1347//1579
f 1359//1580 1355//1580 1347//1580
f 1363//1581 1355//1581 1359//1581
f 1367//1582 1363//1582 1359//1582
f 1365//1583 1363//1583 1367//1583
f 1371//1584 1365//1584 1367//1584
f 1375//1585 1371//1585 1367//1585
f 1373//1586 1371//1586 1375//1586
f 1379//1587 1373//1587 1375//1587
f 1381//1588 1379//1588 1375//1588
f 1383//1589 1379//1589 1381//1589
f 1387//1590 1383//1590 1381//1590
f 1389//1591 1383//1591 1387//1591
f 1396//1592 1389//1592 1387//1592
f 1397//1593 1389//1593 1396//1593
f 277//1594 246//1594 255//1594
f 243//1595 277//1595 255//1595
f 275//1596 277//1596 243//1596
f 229//1597 275//1597 243//1597
f 215//1598 275//1598 229//1598
f 215//1599 203//1599 197//1599
f 261//1600 215//1600 197//1600
f 275//1601 215//1601 261//1601
f 267//1602 275//1602 261//1602
f 284//1603 275//1603 267//1603
f 288//1604 284//1604 267//1604
f 291//1605 288//1605 267//1605
f 294//1606 288//1606 291//1606
f 304//1607 294//1607 291//1607
f 197//1608 203//1608 187//1608
f 115//1609 197//1609 187//1609
f 175//1610 115//1610 187//1610
f 161//1611 115//1611 175//1611
f 115//1612 161//1612 147//1612
f 87//1613 115//1613 147//1613
f 133//1614 87//1614 147//1614
f 61//1615 87//1615 133//1615
f 55//1616 61//1616 133//1616
f 121//1617 55//1617 133//1617
f 105//1618 55//1618 121//1618
f 50//1619 55//1619 105//1619
f 99//1620 50//1620 105//1620
f 108//1621 50//1621 99//1621
f 45//1622 50//1622 108//1622
f 124//1623 45//1623 108//1623
f 43//1624 45//1624 124//1624
f 136//1625 43//1625 124//1625
f 37//1626 43//1626 136//1626
f 31//1627 37//1627 136//1627
f 150//1628 31//1628 136//1628
f 164//1629 31//1629 150//1629
f 277//1630 31//1630 164//1630
f 178//1631 277//1631 164//1631
f 190//1632 277//1632 178//1632
f 277//1633 190//1633 206//1633
f 218//1634 277//1634 206//1634
f 232//1635 277//1635 218//1635
f 277//1636 232//1636 246//1636
f 61//1637 67//1637 73//1637
f 79//1638 61//1638 73//1638
f 87//1639 61//1639 79//1639
f 309//1640 312//1640 303//1640
f 304//1641 309//1641 303//1641
f 301//1642 309//1642 304//1642
f 291//1643 301//1643 304//1643
f 273//1644 301//1644 291//1644
f 267//1645 273//1645 291//1645
f 262//1646 273//1646 267//1646
f 261//1647 262//1647 267//1647
f 312//1648 309//1648 319//1648
f 320//1649 312//1649 319//1649
f 345//1650 320//1650 319//1650
f 346//1651 320//1651 345//1651
f 363//1652 346//1652 345//1652
f 364//1653 346//1653 363//1653
f 377//1654 364//1654 363//1654
f 378//1655 364//1655 377//1655
f 396//1656 378//1656 377//1656
f 395//1657 378//1657 396//1657
f 198//1658 262//1658 261//1658
f 197//1659 198//1659 261//1659
f 116//1660 198//1660 197//1660
f 115//1661 116//1661 197//1661
f 88//1662 116//1662 115//1662
f 87//1663 88//1663 115//1663
f 80//1664 88//1664 87//1664
f 79//1665 80//1665 87//1665
f 74//1666 80//1666 79//1666
f 73//1667 74//1667 79//1667
f 68//1668 74//1668 73//1668
f 67//1669 68//1669 73//1669
f 61//1670 68//1670 67//1670
f 68//1671 61//1671 62//1671
f 69//1672 68//1672 62//1672
f 74//1673 68//1673 69//1673
f 75//1674 74//1674 69//1674
f 80//1675 74//1675 75//1675
f 81//1676 80//1676 75//1676
f 88//1677 80//1677 81//1677
f 56//1678 62//1678 61//1678
f 55//1679 56//1679 61//1679
f 51//1680 56//1680 55//1680
f 50//1681 51//1681 55//1681
f 46//1682 51//1682 50//1682
f 45//1683 46//1683 50//1683
f 279//1684 252//1684 258//1684
f 249//1685 279//1685 258//1685
f 235//1686 279//1686 249//1686
f 279//1687 235//1687 221//1687
f 209//1688 279//1688 221//1688
f 193//1689 279//1689 209//1689
f 279//1690 193//1690 181//1690
f 167//1691 279//1691 181//1691
f 33//1692 279//1692 167//1692
f 153//1693 33//1693 167//1693
f 139//1694 33//1694 153//1694
f 139//1695 127//1695 44//1695
f 38//1696 139//1696 44//1696
f 33//1697 139//1697 38//1697
f 47//1698 44//1698 127//1698
f 111//1699 47//1699 127//1699
f 52//1700 47//1700 111//1700
f 102//1701 52//1701 111//1701
f 114//1702 52//1702 102//1702
f 57//1703 52//1703 114//1703
f 130//1704 57//1704 114//1704
f 142//1705 57//1705 130//1705
f 142//1706 156//1706 89//1706
f 63//1707 142//1707 89//1707
f 57//1708 142//1708 63//1708
f 117//1709 89//1709 156//1709
f 170//1710 117//1710 156//1710
f 184//1711 117//1711 170//1711
f 117//1712 184//1712 196//1712
f 199//1713 117//1713 196//1713
f 212//1714 199//1714 196//1714
f 224//1715 199//1715 212//1715
f 224//1716 238//1716 281//1716
f 263//1717 224//1717 281//1717
f 199//1718 224//1718 263//1718
f 281//1719 238//1719 252//1719
f 279//1720 281//1720 252//1720
f 268//1721 263//1721 281//1721
f 286//1722 268//1722 281//1722
f 290//1723 268//1723 286//1723
f 292//1724 268//1724 290//1724
f 296//1725 292//1725 290//1725
f 306//1726 292//1726 296//1726
f 63//1727 89//1727 82//1727
f 76//1728 63//1728 82//1728
f 70//1729 63//1729 76//1729
f 264//1730 263//1730 268//1730
f 282//1731 264//1731 268//1731
f 292//1732 282//1732 268//1732
f 308//1733 282//1733 292//1733
f 306//1734 308//1734 292//1734
f 305//1735 308//1735 306//1735
f 308//1736 305//1736 313//1736
f 318//1737 308//1737 313//1737
f 321//1738 318//1738 313//1738
f 340//1739 318//1739 321//1739
f 347//1740 340//1740 321//1740
f 357//1741 340//1741 347//1741
f 365//1742 357//1742 347//1742
f 375//1743 357//1743 365//1743
f 379//1744 375//1744 365//1744
f 391//1745 375//1745 379//1745
f 397//1746 391//1746 379//1746
f 403//1747 391//1747 397//1747
f 402//1748 403//1748 397//1748
f 27//1749 37//1749 31//1749
f 30//1750 27//1750 31//1750
f 25//1751 27//1751 30//1751
f 27//1752 25//1752 26//1752
f 28//1753 27//1753 26//1753
f 32//1754 28//1754 26//1754
f 33//1755 28//1755 32//1755
f 28//1756 33//1756 38//1756
f 42//1757 28//1757 38//1757
f 44//1758 42//1758 38//1758
f 48//1759 42//1759 44//1759
f 47//1760 48//1760 44//1760
f 37//1761 27//1761 41//1761
f 43//1762 37//1762 41//1762
f 46//1763 43//1763 41//1763
f 45//1764 43//1764 46//1764
f 274//1765 283//1765 303//1765
f 312//1766 274//1766 303//1766
f 381//1767 274//1767 312//1767
f 385//1768 381//1768 312//1768
f 320//1769 385//1769 312//1769
f 346//1770 385//1770 320//1770
f 303//1771 283//1771 287//1771
f 293//1772 303//1772 287//1772
f 385//1773 346//1773 364//1773
f 399//1774 385//1774 364//1774
f 378//1775 399//1775 364//1775
f 395//1776 399//1776 378//1776
f 395//1777 451//1777 416//1777
f 412//1778 395//1778 416//1778
f 408//1779 395//1779 412//1779
f 451//1780 457//1780 463//1780
f 467//1781 451//1781 463//1781
f 473//1782 451//1782 467//1782
f 451//1783 473//1783 479//1783
f 485//1784 451//1784 479//1784
f 503//1785 451//1785 485//1785
f 451//1786 503//1786 573//1786
f 420//1787 451//1787 573//1787
f 416//1788 451//1788 420//1788
f 424//1789 420//1789 573//1789
f 606//1790 424//1790 573//1790
f 428//1791 424//1791 606//1791
f 642//1792 428//1792 606//1792
f 432//1793 428//1793 642//1793
f 675//1794 432//1794 642//1794
f 436//1795 432//1795 675//1795
f 747//1796 436//1796 675//1796
f 440//1797 436//1797 747//1797
f 817//1798 440//1798 747//1798
f 444//1799 440//1799 817//1799
f 888//1800 444//1800 817//1800
f 447//1801 444//1801 888//1801
f 889//1802 447//1802 888//1802
f 446//1803 447//1803 889//1803
f 816//1804 446//1804 889//1804
f 442//1805 446//1805 816//1805
f 746//1806 442//1806 816//1806
f 438//1807 442//1807 746//1807
f 674//1808 438//1808 746//1808
f 434//1809 438//1809 674//1809
f 641//1810 434//1810 674//1810
f 430//1811 434//1811 641//1811
f 605//1812 430//1812 641//1812
f 426//1813 430//1813 605//1813
f 572//1814 426//1814 605//1814
f 422//1815 426//1815 572//1815
f 449//1816 422//1816 572//1816
f 418//1817 422//1817 449//1817
f 402//1818 418//1818 449//1818
f 414//1819 418//1819 402//1819
f 410//1820 414//1820 402//1820
f 397//1821 410//1821 402//1821
f 401//1822 410//1822 397//1822
f 379//1823 401//1823 397//1823
f 365//1824 401//1824 379//1824
f 959//1825 889//1825 888//1825
f 958//1826 959//1826 888//1826
f 1390//1827 959//1827 958//1827
f 1028//1828 1390//1828 958//1828
f 1064//1829 1390//1829 1028//1829
f 1390//1830 1064//1830 1098//1830
f 1130//1831 1390//1831 1098//1831
f 1386//1832 1390//1832 1130//1832
f 1380//1833 1386//1833 1130//1833
f 1199//1834 1380//1834 1130//1834
f 1374//1835 1380//1835 1199//1835
f 1366//1836 1374//1836 1199//1836
f 1358//1837 1366//1837 1199//1837
f 1346//1838 1358//1838 1199//1838
f 1220//1839 1346//1839 1199//1839
f 1328//1840 1346//1840 1220//1840
f 1236//1841 1328//1841 1220//1841
f 1304//1842 1328//1842 1236//1842
f 1294//1843 1304//1843 1236//1843
f 1248//1844 1294//1844 1236//1844
f 1290//1845 1294//1845 1248//1845
f 1258//1846 1290//1846 1248//1846
f 1270//1847 1290//1847 1258//1847
f 1290//1848 1270//1848 1280//1848
f 959//1849 1390//1849 1396//1849
f 1029//1850 959//1850 1396//1850
f 1065//1851 1029//1851 1396//1851
f 1099//1852 1065//1852 1396//1852
f 1131//1853 1099//1853 1396//1853
f 1387//1854 1131//1854 1396//1854
f 1381//1855 1131//1855 1387//1855
f 1201//1856 1131//1856 1381//1856
f 1375//1857 1201//1857 1381//1857
f 1367//1858 1201//1858 1375//1858
f 1201//1859 1367//1859 1359//1859
f 1347//1860 1201//1860 1359//1860
f 1222//1861 1201//1861 1347//1861
f 1329//1862 1222//1862 1347//1862
f 1238//1863 1222//1863 1329//1863
f 1305//1864 1238//1864 1329//1864
f 1296//1865 1238//1865 1305//1865
f 1250//1866 1238//1866 1296//1866
f 1292//1867 1250//1867 1296//1867
f 1260//1868 1250//1868 1292//1868
f 1272//1869 1260//1869 1292//1869
f 1282//1870 1272//1870 1292//1870
f 449//1871 572//1871 505//1871
f 487//1872 449//1872 505//1872
f 481//1873 449//1873 487//1873
f 449//1874 481//1874 475//1874
f 469//1875 449//1875 475//1875
f 461//1876 449//1876 469//1876
f 449//1877 461//1877 455//1877
f 387//1878 401//1878 365//1878
f 347//1879 387//1879 365//1879
f 321//1880 387//1880 347//1880
f 387//1881 321//1881 313//1881
f 383//1882 387//1882 313//1882
f 280//1883 383//1883 313//1883
f 369//1884 383//1884 280//1884
f 362//1885 369//1885 280//1885
f 351//1886 362//1886 280//1886
f 344//1887 351//1887 280//1887
f 338//1888 344//1888 280//1888
f 329//1889 338//1889 280//1889
f 325//1890 329//1890 280//1890
f 323//1891 325//1891 280//1891
f 274//1892 323//1892 280//1892
f 327//1893 323//1893 274//1893
f 336//1894 327//1894 274//1894
f 342//1895 336//1895 274//1895
f 349//1896 342//1896 274//1896
f 360//1897 349//1897 274//1897
f 367//1898 360//1898 274//1898
f 381//1899 367//1899 274//1899
f 280//1900 313//1900 305//1900
f 285//1901 280//1901 305//1901
f 289//1902 285//1902 305//1902
f 295//1903 289//1903 305//1903
f 395//1904 408//1904 399//1904
f 294//1905 304//1905 303//1905
f 293//1906 294//1906 303//1906
f 288//1907 294//1907 293//1907
f 287//1908 288//1908 293//1908
f 284//1909 288//1909 287//1909
f 283//1910 284//1910 287//1910
f 275//1911 284//1911 283//1911
f 274//1912 275//1912 283//1912
f 281//1913 279//1913 278//1913
f 280//1914 281//1914 278//1914
f 276//1915 280//1915 278//1915
f 274//1916 280//1916 276//1916
f 275//1917 274//1917 276//1917
f 277//1918 275//1918 276//1918
f 286//1919 281//1919 280//1919
f 285//1920 286//1920 280//1920
f 290//1921 286//1921 285//1921
f 289//1922 290//1922 285//1922
f 296//1923 290//1923 289//1923
f 295//1924 296//1924 289//1924
f 306//1925 296//1925 295//1925
f 305//1926 306//1926 295//1926
f 1394//1927 1395//1927 1397//1927
f 1396//1928 1394//1928 1397//1928
f 1390//1929 1394//1929 1396//1929
f 1392//1930 1394//1930 1390//1930
f 1391//1931 1392//1931 1390//1931
f 1393//1932 1392//1932 1391//1932
f 1563//1933 1561//1933 1560//1933
f 1562//1934 1563//1934 1560//1934
f 1556//1935 1562//1935 1560//1935
f 1558//1936 1556//1936 1560//1936
f 1557//1937 1556//1937 1558//1937
f 1559//1938 1557//1938 1558//1938
f 53//1939 48//1939 47//1939
f 52//1940 53//1940 47//1940
f 58//1941 53//1941 52//1941
f 57//1942 58//1942 52//1942
f 64//1943 58//1943 57//1943
f 63//1944 64//1944 57//1944
f 734//1945 678//1945 791//1945
f 830//1946 734//1946 791//1946
f 788//1947 734//1947 830//1947
f 860//1948 788//1948 830//1948
f 834//1949 788//1949 860//1949
f 872//1950 834//1950 860//1950
f 918//1951 872//1951 860//1951
f 972//1952 918//1952 860//1952
f 899//1953 972//1953 860//1953
f 1026//1954 972//1954 899//1954
f 930//1955 1026//1955 899//1955
f 1062//1956 1026//1956 930//1956
f 965//1957 1062//1957 930//1957
f 1111//1958 1062//1958 965//1958
f 988//1959 1111//1959 965//1959
f 1122//1960 1111//1960 988//1960
f 1144//1961 1122//1961 988//1961
f 1003//1962 1144//1962 988//1962
f 1168//1963 1144//1963 1003//1963
f 1219//1964 1168//1964 1003//1964
f 1010//1965 1219//1965 1003//1965
f 1225//1966 1219//1966 1010//1966
f 995//1967 1225//1967 1010//1967
f 1243//1968 1225//1968 995//1968
f 978//1969 1243//1969 995//1969
f 947//1970 1243//1970 978//1970
f 759//1971 791//1971 678//1971
f 644//1972 759//1972 678//1972
f 728//1973 759//1973 644//1973
f 594//1974 728//1974 644//1974
f 711//1975 728//1975 594//1975
f 580//1976 711//1976 594//1976
f 559//1977 711//1977 580//1977
f 711//1978 559//1978 539//1978
f 490//1979 711//1979 539//1979
f 696//1980 711//1980 490//1980
f 483//1981 696//1981 490//1981
f 703//1982 696//1982 483//1982
f 718//1983 703//1983 483//1983
f 477//1984 718//1984 483//1984
f 741//1985 718//1985 477//1985
f 471//1986 741//1986 477//1986
f 776//1987 741//1987 471//1987
f 807//1988 776//1988 471//1988
f 465//1989 807//1989 471//1989
f 846//1990 807//1990 465//1990
f 459//1991 846//1991 465//1991
f 1275//1992 846//1992 459//1992
f 1285//1993 1275//1993 459//1993
f 453//1994 1285//1994 459//1994
f 1291//1995 1285//1995 453//1995
f 452//1996 1291//1996 453//1996
f 393//1997 1291//1997 452//1997
f 396//1998 393//1998 452//1998
f 374//1999 393//1999 396//1999
f 377//2000 374//2000 396//2000
f 356//2001 374//2001 377//2001
f 363//2002 356//2002 377//2002
f 333//2003 356//2003 363//2003
f 345//2004 333//2004 363//2004
f 315//2005 333//2005 345//2005
f 319//2006 315//2006 345//2006
f 300//2007 315//2007 319//2007
f 309//2008 300//2008 319//2008
f 270//2009 300//2009 309//2009
f 301//2010 270//2010 309//2010
f 240//2011 270//2011 301//2011
f 273//2012 240//2012 301//2012
f 158//2013 240//2013 273//2013
f 262//2014 158//2014 273//2014
f 94//2015 158//2015 262//2015
f 198//2016 94//2016 262//2016
f 116//2017 94//2017 198//2017
f 66//2018 94//2018 116//2018
f 88//2019 66//2019 116//2019
f 81//2020 66//2020 88//2020
f 40//2021 66//2021 81//2021
f 75//2022 40//2022 81//2022
f 69//2023 40//2023 75//2023
f 40//2024 69//2024 62//2024
f 22//2025 40//2025 62//2025
f 56//2026 22//2026 62//2026
f 14//2027 22//2027 56//2027
f 51//2028 14//2028 56//2028
f 46//2029 14//2029 51//2029
f 10//2030 14//2030 46//2030
f 41//2031 10//2031 46//2031
f 6//2032 10//2032 41//2032
f 27//2033 6//2033 41//2033
f 2//2034 6//2034 27//2034
f 28//2035 2//2035 27//2035
f 4//2036 2//2036 28//2036
f 42//2037 4//2037 28//2037
f 8//2038 4//2038 42//2038
f 48//2039 8//2039 42//2039
f 12//2040 8//2040 48//2040
f 53//2041 12//2041 48//2041
f 58//2042 12//2042 53//2042
f 20//2043 12//2043 58//2043
f 64//2044 20//2044 58//2044
f 35//2045 20//2045 64//2045
f 72//2046 35//2046 64//2046
f 78//2047 35//2047 72//2047
f 35//2048 78//2048 84//2048
f 60//2049 35//2049 84//2049
f 90//2050 60//2050 84//2050
f 118//2051 60//2051 90//2051
f 92//2052 60//2052 118//2052
f 200//2053 92//2053 118//2053
f 264//2054 92//2054 200//2054
f 144//2055 92//2055 264//2055
f 282//2056 144//2056 264//2056
f 226//2057 144//2057 282//2057
f 308//2058 226//2058 282//2058
f 266//2059 226//2059 308//2059
f 318//2060 266//2060 308//2060
f 298//2061 266//2061 318//2061
f 340//2062 298//2062 318//2062
f 311//2063 298//2063 340//2063
f 357//2064 311//2064 340//2064
f 331//2065 311//2065 357//2065
f 375//2066 331//2066 357//2066
f 353//2067 331//2067 375//2067
f 371//2068 353//2068 375//2068
f 391//2069 371//2069 375//2069
f 389//2070 371//2070 391//2070
f 403//2071 389//2071 391//2071
f 406//2072 389//2072 403//2072
f 450//2073 406//2073 403//2073
f 1293//2074 406//2074 450//2074
f 1284//2075 1293//2075 450//2075
f 454//2076 1284//2076 450//2076
f 1274//2077 1284//2077 454//2077
f 460//2078 1274//2078 454//2078
f 863//2079 1274//2079 460//2079
f 832//2080 863//2080 460//2080
f 466//2081 832//2081 460//2081
f 794//2082 832//2082 466//2082
f 472//2083 794//2083 466//2083
f 767//2084 794//2084 472//2084
f 478//2085 767//2085 472//2085
f 730//2086 767//2086 478//2086
f 713//2087 730//2087 478//2087
f 484//2088 713//2088 478//2088
f 698//2089 713//2089 484//2089
f 493//2090 698//2090 484//2090
f 701//2091 698//2091 493//2091
f 547//2092 701//2092 493//2092
f 716//2093 701//2093 547//2093
f 567//2094 716//2094 547//2094
f 586//2095 716//2095 567//2095
f 716//2096 586//2096 597//2096
f 737//2097 716//2097 597//2097
f 646//2098 737//2098 597//2098
f 772//2099 737//2099 646//2099
f 685//2100 772//2100 646//2100
f 803//2101 772//2101 685//2101
f 744//2102 803//2102 685//2102
f 843//2103 803//2103 744//2103
f 799//2104 843//2104 744//2104
f 856//2105 843//2105 799//2105
f 843//2106 856//2106 907//2106
f 874//2107 843//2107 907//2107
f 962//2108 874//2108 907//2108
f 912//2109 874//2109 962//2109
f 1022//2110 912//2110 962//2110
f 939//2111 912//2111 1022//2111
f 1059//2112 939//2112 1022//2112
f 976//2113 939//2113 1059//2113
f 1107//2114 976//2114 1059//2114
f 993//2115 976//2115 1107//2115
f 1117//2116 993//2116 1107//2116
f 1138//2117 993//2117 1117//2117
f 993//2118 1138//2118 1160//2118
f 1215//2119 993//2119 1160//2119
f 1008//2120 993//2120 1215//2120
f 1224//2121 1008//2121 1215//2121
f 1005//2122 1008//2122 1224//2122
f 990//2123 1005//2123 1224//2123
f 1242//2124 990//2124 1224//2124
f 969//2125 990//2125 1242//2125
f 1252//2126 969//2126 1242//2126
f 934//2127 969//2127 1252//2127
f 903//2128 934//2128 1252//2128
f 1262//2129 903//2129 1252//2129
f 863//2130 903//2130 1262//2130
f 1274//2131 863//2131 1262//2131
f 1611//2132 406//2132 1293//2132
f 1609//2133 1611//2133 1293//2133
f 1616//2134 1611//2134 1609//2134
f 1614//2135 1616//2135 1609//2135
f 1629//2136 1616//2136 1614//2136
f 1625//2137 1629//2137 1614//2137
f 1623//2138 1629//2138 1625//2138
f 1627//2139 1629//2139 1623//2139
f 1618//2140 1627//2140 1623//2140
f 1620//2141 1627//2141 1618//2141
f 1291//2142 1620//2142 1618//2142
f 393//2143 1620//2143 1291//2143
f 876//2144 846//2144 1275//2144
f 1265//2145 876//2145 1275//2145
f 915//2146 876//2146 1265//2146
f 1253//2147 915//2147 1265//2147
f 947//2148 915//2148 1253//2148
f 1243//2149 947//2149 1253//2149
f 118//2150 90//2150 89//2150
f 117//2151 118//2151 89//2151
f 200//2152 118//2152 117//2152
f 199//2153 200//2153 117//2153
f 264//2154 200//2154 199//2154
f 263//2155 264//2155 199//2155
f 71//2156 64//2156 63//2156
f 70//2157 71//2157 63//2157
f 77//2158 71//2158 70//2158
f 76//2159 77//2159 70//2159
f 83//2160 77//2160 76//2160
f 82//2161 83//2161 76//2161
f 89//2162 83//2162 82//2162
f 83//2163 89//2163 90//2163
f 84//2164 83//2164 90//2164
f 77//2165 83//2165 84//2165
f 78//2166 77//2166 84//2166
f 71//2167 77//2167 78//2167
f 72//2168 71//2168 78//2168
f 64//2169 71//2169 72//2169
f 1218//2170 1219//2170 1221//2170
f 1220//2171 1218//2171 1221//2171
f 1199//2172 1218//2172 1220//2172
f 1221//2173 1219//2173 1225//2173
f 1237//2174 1221//2174 1225//2174
f 1236//2175 1221//2175 1237//2175
f 1248//2176 1236//2176 1237//2176
f 1249//2177 1248//2177 1237//2177
f 1258//2178 1248//2178 1249//2178
f 1259//2179 1258//2179 1249//2179
f 1270//2180 1258//2180 1259//2180
f 1271//2181 1270//2181 1259//2181
f 1280//2182 1270//2182 1271//2182
f 1281//2183 1280//2183 1271//2183
f 1290//2184 1280//2184 1281//2184
f 1285//2185 1290//2185 1281//2185
f 1291//2186 1290//2186 1285//2186
f 1237//2187 1225//2187 1243//2187
f 1249//2188 1237//2188 1243//2188
f 1249//2189 1243//2189 1253//2189
f 1259//2190 1249//2190 1253//2190
f 1259//2191 1253//2191 1265//2191
f 1271//2192 1259//2192 1265//2192
f 1271//2193 1265//2193 1275//2193
f 1281//2194 1271//2194 1275//2194
f 1281//2195 1275//2195 1285//2195
f 1221//2196 1236//2196 1220//2196
f 1199//2197 1200//2197 1210//2197
f 1217//2198 1199//2198 1210//2198
f 1218//2199 1199//2199 1217//2199
f 489//2200 504//2200 503//2200
f 485//2201 489//2201 503//2201
f 486//2202 489//2202 485//2202
f 480//2203 486//2203 485//2203
f 483//2204 486//2204 480//2204
f 477//2205 483//2205 480//2205
f 474//2206 477//2206 480//2206
f 471//2207 477//2207 474//2207
f 468//2208 471//2208 474//2208
f 465//2209 471//2209 468//2209
f 464//2210 465//2210 468//2210
f 459//2211 465//2211 464//2211
f 458//2212 459//2212 464//2212
f 453//2213 459//2213 458//2213
f 452//2214 453//2214 458//2214
f 451//2215 452//2215 458//2215
f 457//2216 451//2216 458//2216
f 463//2217 457//2217 458//2217
f 464//2218 463//2218 458//2218
f 467//2219 463//2219 464//2219
f 468//2220 467//2220 464//2220
f 473//2221 467//2221 468//2221
f 474//2222 473//2222 468//2222
f 479//2223 473//2223 474//2223
f 480//2224 479//2224 474//2224
f 485//2225 479//2225 480//2225
f 486//2226 483//2226 490//2226
f 489//2227 486//2227 490//2227
f 508//2228 506//2228 505//2228
f 510//2229 508//2229 505//2229
f 514//2230 510//2230 505//2230
f 516//2231 514//2231 505//2231
f 518//2232 516//2232 505//2232
f 519//2233 518//2233 505//2233
f 520//2234 519//2234 505//2234
f 521//2235 520//2235 505//2235
f 522//2236 521//2236 505//2236
f 523//2237 522//2237 505//2237
f 572//2238 523//2238 505//2238
f 574//2239 523//2239 572//2239
f 603//2240 574//2240 572//2240
f 605//2241 603//2241 572//2241
f 638//2242 603//2242 605//2242
f 641//2243 638//2243 605//2243
f 670//2244 638//2244 641//2244
f 674//2245 670//2245 641//2245
f 673//2246 670//2246 674//2246
f 682//2247 673//2247 674//2247
f 688//2248 682//2248 674//2248
f 746//2249 688//2249 674//2249
f 755//2250 688//2250 746//2250
f 816//2251 755//2251 746//2251
f 820//2252 755//2252 816//2252
f 885//2253 820//2253 816//2253
f 889//2254 885//2254 816//2254
f 950//2255 885//2255 889//2255
f 959//2256 950//2256 889//2256
f 1017//2257 950//2257 959//2257
f 1029//2258 1017//2258 959//2258
f 1023//2259 1017//2259 1029//2259
f 1032//2260 1023//2260 1029//2260
f 1035//2261 1032//2261 1029//2261
f 1065//2262 1035//2262 1029//2262
f 1067//2263 1035//2263 1065//2263
f 1099//2264 1067//2264 1065//2264
f 1101//2265 1067//2265 1099//2265
f 1131//2266 1101//2266 1099//2266
f 1129//2267 1101//2267 1131//2267
f 1183//2268 1129//2268 1131//2268
f 1201//2269 1183//2269 1131//2269
f 1184//2270 1183//2270 1201//2270
f 1185//2271 1184//2271 1201//2271
f 1186//2272 1185//2272 1201//2272
f 1188//2273 1186//2273 1201//2273
f 1190//2274 1188//2274 1201//2274
f 1194//2275 1190//2275 1201//2275
f 1197//2276 1194//2276 1201//2276
f 1202//2277 1197//2277 1201//2277
f 1214//2278 1202//2278 1201//2278
f 1222//2279 1214//2279 1201//2279
f 1223//2280 1214//2280 1222//2280
f 1239//2281 1223//2281 1222//2281
f 1224//2282 1223//2282 1239//2282
f 1242//2283 1224//2283 1239//2283
f 1251//2284 1242//2284 1239//2284
f 1252//2285 1242//2285 1251//2285
f 1261//2286 1252//2286 1251//2286
f 1262//2287 1252//2287 1261//2287
f 1273//2288 1262//2288 1261//2288
f 1274//2289 1262//2289 1273//2289
f 1283//2290 1274//2290 1273//2290
f 1284//2291 1274//2291 1283//2291
f 1293//2292 1284//2292 1283//2292
f 1292//2293 1293//2293 1283//2293
f 1282//2294 1292//2294 1283//2294
f 1272//2295 1282//2295 1283//2295
f 1273//2296 1272//2296 1283//2296
f 1260//2297 1272//2297 1273//2297
f 1261//2298 1260//2298 1273//2298
f 1250//2299 1260//2299 1261//2299
f 1251//2300 1250//2300 1261//2300
f 1238//2301 1250//2301 1251//2301
f 1239//2302 1238//2302 1251//2302
f 1222//2303 1238//2303 1239//2303
f 1223//2304 1224//2304 1215//2304
f 1214//2305 1223//2305 1215//2305
f 1195//2306 1200//2306 1199//2306
f 1187//2307 1195//2307 1199//2307
f 1182//2308 1187//2308 1199//2308
f 1181//2309 1182//2309 1199//2309
f 1180//2310 1181//2310 1199//2310
f 1178//2311 1180//2311 1199//2311
f 1177//2312 1178//2312 1199//2312
f 1176//2313 1177//2313 1199//2313
f 1175//2314 1176//2314 1199//2314
f 1174//2315 1175//2315 1199//2315
f 1130//2316 1174//2316 1199//2316
f 1132//2317 1174//2317 1130//2317
f 1103//2318 1132//2318 1130//2318
f 1098//2319 1103//2319 1130//2319
f 1073//2320 1103//2320 1098//2320
f 1064//2321 1073//2321 1098//2321
f 1040//2322 1073//2322 1064//2322
f 1028//2323 1040//2323 1064//2323
f 1036//2324 1040//2324 1028//2324
f 1033//2325 1036//2325 1028//2325
f 1024//2326 1033//2326 1028//2326
f 958//2327 1024//2327 1028//2327
f 956//2328 1024//2328 958//2328
f 888//2329 956//2329 958//2329
f 886//2330 956//2330 888//2330
f 819//2331 886//2331 888//2331
f 817//2332 819//2332 888//2332
f 749//2333 819//2333 817//2333
f 747//2334 749//2334 817//2334
f 680//2335 749//2335 747//2335
f 675//2336 680//2336 747//2336
f 672//2337 680//2337 675//2337
f 669//2338 672//2338 675//2338
f 666//2339 669//2339 675//2339
f 642//2340 666//2340 675//2340
f 631//2341 666//2341 642//2341
f 606//2342 631//2342 642//2342
f 600//2343 631//2343 606//2343
f 573//2344 600//2344 606//2344
f 571//2345 600//2345 573//2345
f 531//2346 571//2346 573//2346
f 503//2347 531//2347 573//2347
f 530//2348 531//2348 503//2348
f 529//2349 530//2349 503//2349
f 527//2350 529//2350 503//2350
f 525//2351 527//2351 503//2351
f 524//2352 525//2352 503//2352
f 517//2353 524//2353 503//2353
f 509//2354 517//2354 503//2354
f 504//2355 509//2355 503//2355
f 492//2356 493//2356 488//2356
f 487//2357 492//2357 488//2357
f 505//2358 492//2358 487//2358
f 488//2359 493//2359 484//2359
f 482//2360 488//2360 484//2360
f 481//2361 488//2361 482//2361
f 475//2362 481//2362 482//2362
f 476//2363 475//2363 482//2363
f 469//2364 475//2364 476//2364
f 470//2365 469//2365 476//2365
f 461//2366 469//2366 470//2366
f 462//2367 461//2367 470//2367
f 455//2368 461//2368 462//2368
f 456//2369 455//2369 462//2369
f 449//2370 455//2370 456//2370
f 454//2371 449//2371 456//2371
f 450//2372 449//2372 454//2372
f 482//2373 484//2373 478//2373
f 476//2374 482//2374 478//2374
f 476//2375 478//2375 472//2375
f 470//2376 476//2376 472//2376
f 470//2377 472//2377 466//2377
f 462//2378 470//2378 466//2378
f 462//2379 466//2379 460//2379
f 456//2380 462//2380 460//2380
f 456//2381 460//2381 454//2381
f 488//2382 481//2382 487//2382
f 492//2383 505//2383 506//2383
f 278//2384 32//2384 26//2384
f 276//2385 278//2385 26//2385
f 25//2386 276//2386 26//2386
f 30//2387 276//2387 25//2387
f 277//2388 276//2388 30//2388
f 31//2389 277//2389 30//2389
f 1556//2390 1566//2390 1570//2390
f 1574//2391 1556//2391 1570//2391
f 1580//2392 1556//2392 1574//2392
f 1556//2393 1580//2393 1586//2393
f 1590//2394 1556//2394 1586//2394
f 1596//2395 1556//2395 1590//2395
f 1556//2396 1596//2396 1600//2396
f 1604//2397 1556//2397 1600//2397
f 1613//2398 1556//2398 1604//2398
f 1624//2399 1613//2399 1604//2399
f 1617//2400 1624//2400 1604//2400
f 1622//2401 1624//2401 1617//2401
f 1562//2402 1556//2402 1613//2402
f 1608//2403 1562//2403 1613//2403
f 1606//2404 1562//2404 1608//2404
f 1562//2405 1606//2405 1601//2405
f 1597//2406 1562//2406 1601//2406
f 1591//2407 1562//2407 1597//2407
f 1562//2408 1591//2408 1587//2408
f 1581//2409 1562//2409 1587//2409
f 1575//2410 1562//2410 1581//2410
f 1562//2411 1575//2411 1571//2411
f 1567//2412 1562//2412 1571//2412
f 1617//2413 1618//2413 1623//2413
f 1622//2414 1617//2414 1623//2414
f 1622//2415 1623//2415 1625//2415
f 1624//2416 1622//2416 1625//2416
f 1624//2417 1625//2417 1614//2417
f 1613//2418 1624//2418 1614//2418
f 1613//2419 1614//2419 1609//2419
f 1608//2420 1613//2420 1609//2420
f 452//2421 451//2421 395//2421
f 396//2422 452//2422 395//2422
f 449//2423 450//2423 403//2423
f 402//2424 449//2424 403//2424
f 2042//2425 1999//2425 2001//2425
f 1997//2426 2042//2426 2001//2426
f 2038//2427 2042//2427 1997//2427
f 1993//2428 2038//2428 1997//2428
f 1989//2429 2038//2429 1993//2429
f 2034//2430 2038//2430 1989//2430
f 1983//2431 2034//2431 1989//2431
f 2023//2432 2034//2432 1983//2432
f 1979//2433 2023//2433 1983//2433
f 1975//2434 2023//2434 1979//2434
f 1975//2435 1966//2435 1916//2435
f 1911//2436 1975//2436 1916//2436
f 2018//2437 1975//2437 1911//2437
f 2010//2438 2018//2438 1911//2438
f 1907//2439 2010//2439 1911//2439
f 2002//2440 2010//2440 1907//2440
f 1961//2441 2002//2441 1907//2441
f 1891//2442 1961//2442 1907//2442
f 1936//2443 1961//2443 1891//2443
f 1887//2444 1936//2444 1891//2444
f 1919//2445 1936//2445 1887//2445
f 1867//2446 1919//2446 1887//2446
f 1859//2447 1919//2447 1867//2447
f 1916//2448 1966//2448 1957//2448
f 1925//2449 1916//2449 1957//2449
f 1953//2450 1925//2450 1957//2450
f 1949//2451 1925//2451 1953//2451
f 1925//2452 1949//2452 1945//2452
f 1929//2453 1925//2453 1945//2453
f 1943//2454 1929//2454 1945//2454
f 1947//2455 1929//2455 1943//2455
f 1927//2456 1929//2456 1947//2456
f 1951//2457 1927//2457 1947//2457
f 1955//2458 1927//2458 1951//2458
f 1927//2459 1955//2459 1959//2459
f 1918//2460 1927//2460 1959//2460
f 1968//2461 1918//2461 1959//2461
f 1977//2462 1918//2462 1968//2462
f 1977//2463 1981//2463 2025//2463
f 2020//2464 1977//2464 2025//2464
f 1913//2465 1977//2465 2020//2465
f 2012//2466 1913//2466 2020//2466
f 1909//2467 1913//2467 2012//2467
f 2004//2468 1909//2468 2012//2468
f 1963//2469 1909//2469 2004//2469
f 2025//2470 1981//2470 1985//2470
f 2036//2471 2025//2471 1985//2471
f 1991//2472 2036//2472 1985//2472
f 2040//2473 2036//2473 1991//2473
f 1995//2474 2040//2474 1991//2474
f 1999//2475 2040//2475 1995//2475
f 2042//2476 2040//2476 1999//2476
f 1896//2477 1919//2477 1859//2477
f 1847//2478 1896//2478 1859//2478
f 1882//2479 1896//2479 1847//2479
f 1839//2480 1882//2480 1847//2480
f 1827//2481 1882//2481 1839//2481
f 1854//2482 1882//2482 1827//2482
f 1819//2483 1854//2483 1827//2483
f 1807//2484 1854//2484 1819//2484
f 1766//2485 1854//2485 1807//2485
f 1799//2486 1766//2486 1807//2486
f 1791//2487 1766//2487 1799//2487
f 1746//2488 1766//2488 1791//2488
f 1779//2489 1746//2489 1791//2489
f 1771//2490 1746//2490 1779//2490
f 1734//2491 1746//2491 1771//2491
f 1759//2492 1734//2492 1771//2492
f 1718//2493 1734//2493 1759//2493
f 1755//2494 1718//2494 1759//2494
f 1743//2495 1718//2495 1755//2495
f 1761//2496 1743//2496 1755//2496
f 1751//2497 1743//2497 1761//2497
f 1773//2498 1751//2498 1761//2498
f 1781//2499 1751//2499 1773//2499
f 1751//2500 1781//2500 1793//2500
f 1787//2501 1751//2501 1793//2501
f 1801//2502 1787//2502 1793//2502
f 1809//2503 1787//2503 1801//2503
f 1835//2504 1787//2504 1809//2504
f 1821//2505 1835//2505 1809//2505
f 1829//2506 1835//2506 1821//2506
f 1871//2507 1835//2507 1829//2507
f 1841//2508 1871//2508 1829//2508
f 1849//2509 1871//2509 1841//2509
f 1871//2510 1849//2510 1861//2510
f 1887//2511 1871//2511 1861//2511
f 1867//2512 1887//2512 1861//2512
f 1869//2513 1863//2513 1889//2513
f 1921//2514 1869//2514 1889//2514
f 1865//2515 1869//2515 1921//2515
f 1898//2516 1865//2516 1921//2516
f 1853//2517 1865//2517 1898//2517
f 1884//2518 1853//2518 1898//2518
f 1845//2519 1853//2519 1884//2519
f 1833//2520 1845//2520 1884//2520
f 1856//2521 1833//2521 1884//2521
f 1825//2522 1833//2522 1856//2522
f 1813//2523 1825//2523 1856//2523
f 1768//2524 1813//2524 1856//2524
f 1805//2525 1813//2525 1768//2525
f 1797//2526 1805//2526 1768//2526
f 1748//2527 1797//2527 1768//2527
f 1785//2528 1797//2528 1748//2528
f 1777//2529 1785//2529 1748//2529
f 1736//2530 1777//2530 1748//2530
f 1765//2531 1777//2531 1736//2531
f 1720//2532 1765//2532 1736//2532
f 1757//2533 1765//2533 1720//2533
f 1745//2534 1757//2534 1720//2534
f 1763//2535 1757//2535 1745//2535
f 1753//2536 1763//2536 1745//2536
f 1775//2537 1763//2537 1753//2537
f 1783//2538 1775//2538 1753//2538
f 1795//2539 1783//2539 1753//2539
f 1789//2540 1795//2540 1753//2540
f 1803//2541 1795//2541 1789//2541
f 1811//2542 1803//2542 1789//2542
f 1837//2543 1811//2543 1789//2543
f 1823//2544 1811//2544 1837//2544
f 1831//2545 1823//2545 1837//2545
f 1873//2546 1831//2546 1837//2546
f 1843//2547 1831//2547 1873//2547
f 1851//2548 1843//2548 1873//2548
f 1863//2549 1851//2549 1873//2549
f 1889//2550 1863//2550 1873//2550
f 1713//2551 1705//2551 1707//2551
f 1703//2552 1713//2552 1707//2552
f 1715//2553 1713//2553 1703//2553
f 1699//2554 1715//2554 1703//2554
f 1695//2555 1715//2555 1699//2555
f 1715//2556 1695//2556 1691//2556
f 1723//2557 1715//2557 1691//2557
f 1683//2558 1723//2558 1691//2558
f 1679//2559 1723//2559 1683//2559
f 1679//2560 1675//2560 1640//2560
f 1644//2561 1679//2561 1640//2561
f 1727//2562 1679//2562 1644//2562
f 1648//2563 1727//2563 1644//2563
f 1731//2564 1727//2564 1648//2564
f 1652//2565 1731//2565 1648//2565
f 1686//2566 1731//2566 1652//2566
f 1640//2567 1675//2567 1671//2567
f 1636//2568 1640//2568 1671//2568
f 1667//2569 1636//2569 1671//2569
f 1632//2570 1636//2570 1667//2570
f 1663//2571 1632//2571 1667//2571
f 1659//2572 1632//2572 1663//2572
f 1630//2573 1632//2573 1659//2573
f 1657//2574 1630//2574 1659//2574
f 1661//2575 1630//2575 1657//2575
f 1634//2576 1630//2576 1661//2576
f 1665//2577 1634//2577 1661//2577
f 1669//2578 1634//2578 1665//2578
f 1638//2579 1634//2579 1669//2579
f 1673//2580 1638//2580 1669//2580
f 1642//2581 1638//2581 1673//2581
f 1677//2582 1642//2582 1673//2582
f 1681//2583 1642//2583 1677//2583
f 1681//2584 1685//2584 1725//2584
f 1729//2585 1681//2585 1725//2585
f 1646//2586 1681//2586 1729//2586
f 1650//2587 1646//2587 1729//2587
f 1733//2588 1650//2588 1729//2588
f 1654//2589 1650//2589 1733//2589
f 1688//2590 1654//2590 1733//2590
f 1741//2591 1688//2591 1733//2591
f 1710//2592 1688//2592 1741//2592
f 1745//2593 1710//2593 1741//2593
f 1720//2594 1710//2594 1745//2594
f 1725//2595 1685//2595 1693//2595
f 1717//2596 1725//2596 1693//2596
f 1697//2597 1717//2597 1693//2597
f 1701//2598 1717//2598 1697//2598
f 1717//2599 1701//2599 1705//2599
f 1713//2600 1717//2600 1705//2600
f 1708//2601 1718//2601 1743//2601
f 1739//2602 1708//2602 1743//2602
f 1686//2603 1708//2603 1739//2603
f 1731//2604 1686//2604 1739//2604
f 1679//2605 1727//2605 1723//2605
f 1938//2606 1921//2606 1889//2606
f 1893//2607 1938//2607 1889//2607
f 1963//2608 1938//2608 1893//2608
f 1909//2609 1963//2609 1893//2609
f 1977//2610 1913//2610 1918//2610
f 1681//2611 1646//2611 1642//2611
f 1975//2612 2018//2612 2023//2612
f 1007//2613 1004//2613 1094//2613
f 1083//2614 1007//2614 1094//2614
f 992//2615 1007//2615 1083//2615
f 1063//2616 992//2616 1083//2616
f 975//2617 992//2617 1063//2617
f 1041//2618 975//2618 1063//2618
f 938//2619 975//2619 1041//2619
f 997//2620 938//2620 1041//2620
f 911//2621 938//2621 997//2621
f 931//2622 911//2622 997//2622
f 873//2623 911//2623 931//2623
f 868//2624 873//2624 931//2624
f 842//2625 873//2625 868//2625
f 808//2626 842//2626 868//2626
f 802//2627 842//2627 808//2627
f 742//2628 802//2628 808//2628
f 771//2629 802//2629 742//2629
f 687//2630 771//2630 742//2630
f 736//2631 771//2631 687//2631
f 652//2632 736//2632 687//2632
f 715//2633 736//2633 652//2633
f 629//2634 715//2634 652//2634
f 615//2635 715//2635 629//2635
f 1090//2636 1094//2636 1004//2636
f 989//2637 1090//2637 1004//2637
f 1075//2638 1090//2638 989//2638
f 1053//2639 1075//2639 989//2639
f 968//2640 1053//2640 989//2640
f 1019//2641 1053//2641 968//2641
f 933//2642 1019//2642 968//2642
f 963//2643 1019//2643 933//2643
f 902//2644 963//2644 933//2644
f 897//2645 963//2645 902//2645
f 862//2646 897//2646 902//2646
f 837//2647 897//2647 862//2647
f 831//2648 837//2648 862//2648
f 774//2649 837//2649 831//2649
f 793//2650 774//2650 831//2650
f 708//2651 774//2651 793//2651
f 766//2652 708//2652 793//2652
f 663//2653 708//2653 766//2653
f 729//2654 663//2654 766//2654
f 643//2655 663//2655 729//2655
f 712//2656 643//2656 729//2656
f 622//2657 643//2657 712//2657
f 697//2658 622//2658 712//2658
f 610//2659 622//2659 697//2659
f 700//2660 610//2660 697//2660
f 615//2661 610//2661 700//2661
f 715//2662 615//2662 700//2662
f 695//2663 702//2663 614//2663
f 611//2664 695//2664 614//2664
f 710//2665 695//2665 611//2665
f 624//2666 710//2666 611//2666
f 645//2667 710//2667 624//2667
f 628//2668 614//2668 702//2668
f 717//2669 628//2669 702//2669
f 651//2670 628//2670 717//2670
f 740//2671 651//2671 717//2671
f 679//2672 651//2672 740//2672
f 775//2673 679//2673 740//2673
f 732//2674 679//2674 775//2674
f 806//2675 732//2675 775//2675
f 801//2676 732//2676 806//2676
f 845//2677 801//2677 806//2677
f 861//2678 801//2678 845//2678
f 875//2679 861//2679 845//2679
f 925//2680 861//2680 875//2680
f 914//2681 925//2681 875//2681
f 991//2682 925//2682 914//2682
f 946//2683 991//2683 914//2683
f 1038//2684 991//2684 946//2684
f 977//2685 1038//2685 946//2685
f 1060//2686 1038//2686 977//2686
f 994//2687 1060//2687 977//2687
f 1081//2688 1060//2688 994//2688
f 1093//2689 1081//2689 994//2689
f 1009//2690 1093//2690 994//2690
f 1092//2691 1093//2691 1009//2691
f 1002//2692 1092//2692 1009//2692
f 1076//2693 1092//2693 1002//2693
f 987//2694 1076//2694 1002//2694
f 1055//2695 1076//2695 987//2695
f 964//2696 1055//2696 987//2696
f 1025//2697 1055//2697 964//2697
f 929//2698 1025//2698 964//2698
f 973//2699 1025//2699 929//2699
f 898//2700 973//2700 929//2700
f 904//2701 973//2701 898//2701
f 859//2702 904//2702 898//2702
f 844//2703 904//2703 859//2703
f 829//2704 844//2704 859//2704
f 780//2705 844//2705 829//2705
f 790//2706 780//2706 829//2706
f 714//2707 780//2707 790//2707
f 758//2708 714//2708 790//2708
f 667//2709 714//2709 758//2709
f 727//2710 667//2710 758//2710
f 645//2711 667//2711 727//2711
f 710//2712 645//2712 727//2712
f 1076//2713 1055//2713 1070//2713
f 1086//2714 1076//2714 1070//2714
f 1092//2715 1076//2715 1086//2715
f 1095//2716 1092//2716 1086//2716
f 1093//2717 1092//2717 1095//2717
f 1085//2718 1093//2718 1095//2718
f 1081//2719 1093//2719 1085//2719
f 1069//2720 1081//2720 1085//2720
f 1060//2721 1081//2721 1069//2721
f 1046//2722 1060//2722 1069//2722
f 1038//2723 1060//2723 1046//2723
f 1013//2724 1038//2724 1046//2724
f 991//2725 1038//2725 1013//2725
f 942//2726 991//2726 1013//2726
f 925//2727 991//2727 942//2727
f 880//2728 925//2728 942//2728
f 861//2729 925//2729 880//2729
f 822//2730 861//2730 880//2730
f 801//2731 861//2731 822//2731
f 760//2732 801//2732 822//2732
f 732//2733 801//2733 760//2733
f 689//2734 732//2734 760//2734
f 679//2735 732//2735 689//2735
f 656//2736 679//2736 689//2736
f 651//2737 679//2737 656//2737
f 634//2738 651//2738 656//2738
f 628//2739 651//2739 634//2739
f 617//2740 628//2740 634//2740
f 614//2741 628//2741 617//2741
f 608//2742 614//2742 617//2742
f 611//2743 614//2743 608//2743
f 618//2744 611//2744 608//2744
f 624//2745 611//2745 618//2745
f 635//2746 624//2746 618//2746
f 645//2747 624//2747 635//2747
f 657//2748 645//2748 635//2748
f 667//2749 645//2749 657//2749
f 690//2750 667//2750 657//2750
f 714//2751 667//2751 690//2751
f 761//2752 714//2752 690//2752
f 780//2753 714//2753 761//2753
f 823//2754 780//2754 761//2754
f 844//2755 780//2755 823//2755
f 881//2756 844//2756 823//2756
f 904//2757 844//2757 881//2757
f 943//2758 904//2758 881//2758
f 973//2759 904//2759 943//2759
f 1014//2760 973//2760 943//2760
f 1025//2761 973//2761 1014//2761
f 1047//2762 1025//2762 1014//2762
f 1055//2763 1025//2763 1047//2763
f 1070//2764 1055//2764 1047//2764
f 629//2765 652//2765 636//2765
f 619//2766 629//2766 636//2766
f 615//2767 629//2767 619//2767
f 609//2768 615//2768 619//2768
f 610//2769 615//2769 609//2769
f 620//2770 610//2770 609//2770
f 622//2771 610//2771 620//2771
f 637//2772 622//2772 620//2772
f 643//2773 622//2773 637//2773
f 659//2774 643//2774 637//2774
f 663//2775 643//2775 659//2775
f 692//2776 663//2776 659//2776
f 708//2777 663//2777 692//2777
f 763//2778 708//2778 692//2778
f 774//2779 708//2779 763//2779
f 825//2780 774//2780 763//2780
f 837//2781 774//2781 825//2781
f 883//2782 837//2782 825//2782
f 897//2783 837//2783 883//2783
f 945//2784 897//2784 883//2784
f 963//2785 897//2785 945//2785
f 1016//2786 963//2786 945//2786
f 1019//2787 963//2787 1016//2787
f 1049//2788 1019//2788 1016//2788
f 1053//2789 1019//2789 1049//2789
f 1072//2790 1053//2790 1049//2790
f 1075//2791 1053//2791 1072//2791
f 1088//2792 1075//2792 1072//2792
f 1090//2793 1075//2793 1088//2793
f 1096//2794 1090//2794 1088//2794
f 1094//2795 1090//2795 1096//2795
f 1087//2796 1094//2796 1096//2796
f 1083//2797 1094//2797 1087//2797
f 1071//2798 1083//2798 1087//2798
f 1063//2799 1083//2799 1071//2799
f 1048//2800 1063//2800 1071//2800
f 1041//2801 1063//2801 1048//2801
f 1015//2802 1041//2802 1048//2802
f 997//2803 1041//2803 1015//2803
f 944//2804 997//2804 1015//2804
f 931//2805 997//2805 944//2805
f 882//2806 931//2806 944//2806
f 868//2807 931//2807 882//2807
f 824//2808 868//2808 882//2808
f 808//2809 868//2809 824//2809
f 762//2810 808//2810 824//2810
f 742//2811 808//2811 762//2811
f 691//2812 742//2812 762//2812
f 687//2813 742//2813 691//2813
f 658//2814 687//2814 691//2814
f 652//2815 687//2815 658//2815
f 636//2816 652//2816 658//2816
f 394//2817 392//2817 373//2817
f 376//2818 394//2818 373//2818
f 355//2819 376//2819 373//2819
f 358//2820 376//2820 355//2820
f 332//2821 358//2821 355//2821
f 339//2822 358//2822 332//2822
f 314//2823 339//2823 332//2823
f 317//2824 339//2824 314//2824
f 299//2825 317//2825 314//2825
f 307//2826 317//2826 299//2826
f 269//2827 307//2827 299//2827
f 272//2828 307//2828 269//2828
f 239//2829 272//2829 269//2829
f 260//2830 272//2830 239//2830
f 157//2831 260//2831 239//2831
f 172//2832 260//2832 157//2832
f 93//2833 172//2833 157//2833
f 96//2834 172//2834 93//2834
f 65//2835 96//2835 93//2835
f 86//2836 96//2836 65//2836
f 39//2837 86//2837 65//2837
f 54//2838 86//2838 39//2838
f 21//2839 54//2839 39//2839
f 36//2840 54//2840 21//2840
f 13//2841 36//2841 21//2841
f 24//2842 36//2842 13//2842
f 9//2843 24//2843 13//2843
f 18//2844 24//2844 9//2844
f 5//2845 18//2845 9//2845
f 16//2846 18//2846 5//2846
f 1//2847 16//2847 5//2847
f 15//2848 16//2848 1//2848
f 3//2849 15//2849 1//2849
f 17//2850 15//2850 3//2850
f 7//2851 17//2851 3//2851
f 23//2852 17//2852 7//2852
f 11//2853 23//2853 7//2853
f 29//2854 23//2854 11//2854
f 19//2855 29//2855 11//2855
f 49//2856 29//2856 19//2856
f 34//2857 49//2857 19//2857
f 85//2858 49//2858 34//2858
f 59//2859 85//2859 34//2859
f 95//2860 85//2860 59//2860
f 91//2861 95//2861 59//2861
f 171//2862 95//2862 91//2862
f 143//2863 171//2863 91//2863
f 259//2864 171//2864 143//2864
f 225//2865 259//2865 143//2865
f 271//2866 259//2866 225//2866
f 265//2867 271//2867 225//2867
f 302//2868 271//2868 265//2868
f 297//2869 302//2869 265//2869
f 316//2870 302//2870 297//2870
f 310//2871 316//2871 297//2871
f 334//2872 316//2872 310//2872
f 330//2873 334//2873 310//2873
f 354//2874 334//2874 330//2874
f 352//2875 354//2875 330//2875
f 372//2876 354//2876 352//2876
f 370//2877 372//2877 352//2877
f 390//2878 372//2878 370//2878
f 388//2879 390//2879 370//2879
f 404//2880 390//2880 388//2880
f 405//2881 404//2881 388//2881
f 405//2882 1351//2882 1341//2882
f 1333//2883 405//2883 1341//2883
f 1325//2884 405//2884 1333//2884
f 405//2885 1325//2885 1313//2885
f 1299//2886 405//2886 1313//2886
f 404//2887 405//2887 1299//2887
f 1287//2888 404//2888 1299//2888
f 394//2889 1286//2889 1298//2889
f 392//2890 394//2890 1298//2890
f 1312//2891 392//2891 1298//2891
f 1324//2892 392//2892 1312//2892
f 392//2893 1324//2893 1332//2893
f 1340//2894 392//2894 1332//2894
f 1349//2895 392//2895 1340//2895
f 1610//2896 1816//2896 1350//2896
f 1351//2897 1610//2897 1350//2897
f 1611//2898 1610//2898 1351//2898
f 406//2899 1611//2899 1351//2899
f 405//2900 406//2900 1351//2900
f 1816//2901 1610//2901 1817//2901
f 389//2902 406//2902 405//2902
f 388//2903 389//2903 405//2903
f 371//2904 389//2904 388//2904
f 370//2905 371//2905 388//2905
f 353//2906 371//2906 370//2906
f 352//2907 353//2907 370//2907
f 331//2908 353//2908 352//2908
f 330//2909 331//2909 352//2909
f 311//2910 331//2910 330//2910
f 310//2911 311//2911 330//2911
f 298//2912 311//2912 310//2912
f 297//2913 298//2913 310//2913
f 266//2914 298//2914 297//2914
f 265//2915 266//2915 297//2915
f 226//2916 266//2916 265//2916
f 225//2917 226//2917 265//2917
f 144//2918 226//2918 225//2918
f 143//2919 144//2919 225//2919
f 92//2920 144//2920 143//2920
f 91//2921 92//2921 143//2921
f 60//2922 92//2922 91//2922
f 59//2923 60//2923 91//2923
f 35//2924 60//2924 59//2924
f 34//2925 35//2925 59//2925
f 20//2926 35//2926 34//2926
f 19//2927 20//2927 34//2927
f 12//2928 20//2928 19//2928
f 11//2929 12//2929 19//2929
f 8//2930 12//2930 11//2930
f 7//2931 8//2931 11//2931
f 4//2932 8//2932 7//2932
f 3//2933 4//2933 7//2933
f 2//2934 4//2934 3//2934
f 1//2935 2//2935 3//2935
f 6//2936 2//2936 1//2936
f 5//2937 6//2937 1//2937
f 10//2938 6//2938 5//2938
f 9//2939 10//2939 5//2939
f 14//2940 10//2940 9//2940
f 13//2941 14//2941 9//2941
f 22//2942 14//2942 13//2942
f 21//2943 22//2943 13//2943
f 40//2944 22//2944 21//2944
f 39//2945 40//2945 21//2945
f 66//2946 40//2946 39//2946
f 65//2947 66//2947 39//2947
f 94//2948 66//2948 65//2948
f 93//2949 94//2949 65//2949
f 158//2950 94//2950 93//2950
f 157//2951 158//2951 93//2951
f 240//2952 158//2952 157//2952
f 239//2953 240//2953 157//2953
f 270//2954 240//2954 239//2954
f 269//2955 270//2955 239//2955
f 300//2956 270//2956 269//2956
f 299//2957 300//2957 269//2957
f 315//2958 300//2958 299//2958
f 314//2959 315//2959 299//2959
f 333//2960 315//2960 314//2960
f 332//2961 333//2961 314//2961
f 356//2962 333//2962 332//2962
f 355//2963 356//2963 332//2963
f 374//2964 356//2964 355//2964
f 373//2965 374//2965 355//2965
f 393//2966 374//2966 373//2966
f 392//2967 393//2967 373//2967
f 393//2968 392//2968 1349//2968
f 1620//2969 393//2969 1349//2969
f 1619//2970 1620//2970 1349//2970
f 1348//2971 1619//2971 1349//2971
f 1877//2972 1619//2972 1348//2972
f 1619//2973 1877//2973 1878//2973
f 1286//2974 1276//2974 1278//2974
f 1288//2975 1286//2975 1278//2975
f 1298//2976 1286//2976 1288//2976
f 1300//2977 1298//2977 1288//2977
f 1312//2978 1298//2978 1300//2978
f 1314//2979 1312//2979 1300//2979
f 1324//2980 1312//2980 1314//2980
f 1336//2981 1324//2981 1314//2981
f 1332//2982 1324//2982 1336//2982
f 1340//2983 1332//2983 1336//2983
f 1348//2984 1340//2984 1336//2984
f 1349//2985 1340//2985 1348//2985
f 1268//2986 1278//2986 1276//2986
f 1266//2987 1268//2987 1276//2987
f 1263//2988 1268//2988 1266//2988
f 1256//2989 1263//2989 1266//2989
f 1254//2990 1263//2990 1256//2990
f 1246//2991 1254//2991 1256//2991
f 1244//2992 1254//2992 1246//2992
f 1240//2993 1244//2993 1246//2993
f 1234//2994 1244//2994 1240//2994
f 1232//2995 1234//2995 1240//2995
f 1230//2996 1234//2996 1232//2996
f 1227//2997 1230//2997 1232//2997
f 1226//2998 1230//2998 1227//2998
f 1234//2999 1306//2999 1308//2999
f 1244//3000 1234//3000 1308//3000
f 1310//3001 1244//3001 1308//3001
f 1316//3002 1244//3002 1310//3002
f 1254//3003 1244//3003 1316//3003
f 1318//3004 1254//3004 1316//3004
f 1322//3005 1254//3005 1318//3005
f 1263//3006 1254//3006 1322//3006
f 1326//3007 1263//3007 1322//3007
f 1330//3008 1263//3008 1326//3008
f 1268//3009 1263//3009 1330//3009
f 1338//3010 1268//3010 1330//3010
f 1342//3011 1268//3011 1338//3011
f 1278//3012 1268//3012 1342//3012
f 1352//3013 1278//3013 1342//3013
f 1356//3014 1278//3014 1352//3014
f 1288//3015 1278//3015 1356//3015
f 1360//3016 1288//3016 1356//3016
f 1368//3017 1288//3017 1360//3017
f 1300//3018 1288//3018 1368//3018
f 1376//3019 1300//3019 1368//3019
f 1384//3020 1300//3020 1376//3020
f 1384//3021 1398//3021 1314//3021
f 1300//3022 1384//3022 1314//3022
f 1228//3023 1226//3023 1227//3023
f 1229//3024 1228//3024 1227//3024
f 1231//3025 1228//3025 1229//3025
f 1233//3026 1231//3026 1229//3026
f 1235//3027 1231//3027 1233//3027
f 1241//3028 1235//3028 1233//3028
f 1245//3029 1235//3029 1241//3029
f 1247//3030 1245//3030 1241//3030
f 1255//3031 1245//3031 1247//3031
f 1257//3032 1255//3032 1247//3032
f 1264//3033 1255//3033 1257//3033
f 1267//3034 1264//3034 1257//3034
f 1269//3035 1264//3035 1267//3035
f 1277//3036 1269//3036 1267//3036
f 1279//3037 1269//3037 1277//3037
f 1287//3038 1279//3038 1277//3038
f 1289//3039 1279//3039 1287//3039
f 1299//3040 1289//3040 1287//3040
f 1301//3041 1289//3041 1299//3041
f 1313//3042 1301//3042 1299//3042
f 1315//3043 1301//3043 1313//3043
f 1325//3044 1315//3044 1313//3044
f 1337//3045 1315//3045 1325//3045
f 1333//3046 1337//3046 1325//3046
f 1341//3047 1337//3047 1333//3047
f 1341//3048 1351//3048 1350//3048
f 1337//3049 1341//3049 1350//3049
f 1315//3050 1399//3050 1385//3050
f 1301//3051 1315//3051 1385//3051
f 1377//3052 1301//3052 1385//3052
f 1369//3053 1301//3053 1377//3053
f 1289//3054 1301//3054 1369//3054
f 1361//3055 1289//3055 1369//3055
f 1357//3056 1289//3056 1361//3056
f 1279//3057 1289//3057 1357//3057
f 1353//3058 1279//3058 1357//3058
f 1343//3059 1279//3059 1353//3059
f 1269//3060 1279//3060 1343//3060
f 1339//3061 1269//3061 1343//3061
f 1331//3062 1269//3062 1339//3062
f 1264//3063 1269//3063 1331//3063
f 1327//3064 1264//3064 1331//3064
f 1323//3065 1264//3065 1327//3065
f 1255//3066 1264//3066 1323//3066
f 1319//3067 1255//3067 1323//3067
f 1317//3068 1255//3068 1319//3068
f 1245//3069 1255//3069 1317//3069
f 1311//3070 1245//3070 1317//3070
f 1309//3071 1245//3071 1311//3071
f 1309//3072 1307//3072 1235//3072
f 1245//3073 1309//3073 1235//3073
f 1314//3074 1398//3074 1877//3074
f 1348//3075 1314//3075 1877//3075
f 1336//3076 1314//3076 1348//3076
f 1877//3077 1398//3077 1874//3077
f 1901//3078 1877//3078 1874//3078
f 1894//3079 1901//3079 1874//3079
f 1931//3080 1901//3080 1894//3080
f 1914//3081 1931//3081 1894//3081
f 1970//3082 1931//3082 1914//3082
f 1940//3083 1970//3083 1914//3083
f 2008//3084 1970//3084 1940//3084
f 1986//3085 2008//3085 1940//3085
f 2030//3086 2008//3086 1986//3086
f 2016//3087 2030//3087 1986//3087
f 2048//3088 2030//3088 2016//3088
f 2058//3089 2048//3089 2016//3089
f 2027//3090 2058//3090 2016//3090
f 2068//3091 2058//3091 2027//3091
f 2044//3092 2068//3092 2027//3092
f 2078//3093 2068//3093 2044//3093
f 2052//3094 2078//3094 2044//3094
f 2084//3095 2078//3095 2052//3095
f 2056//3096 2084//3096 2052//3096
f 2090//3097 2084//3097 2056//3097
f 2062//3098 2090//3098 2056//3098
f 2098//3099 2090//3099 2062//3099
f 2066//3100 2098//3100 2062//3100
f 2106//3101 2098//3101 2066//3101
f 2110//3102 2106//3102 2066//3102
f 2070//3103 2110//3103 2066//3103
f 2114//3104 2110//3104 2070//3104
f 2074//3105 2114//3105 2070//3105
f 2118//3106 2114//3106 2074//3106
f 2075//3107 2118//3107 2074//3107
f 2116//3108 2118//3108 2075//3108
f 2073//3109 2116//3109 2075//3109
f 2112//3110 2116//3110 2073//3110
f 2067//3111 2112//3111 2073//3111
f 2108//3112 2112//3112 2067//3112
f 2100//3113 2108//3113 2067//3113
f 2063//3114 2100//3114 2067//3114
f 2093//3115 2100//3115 2063//3115
f 2057//3116 2093//3116 2063//3116
f 2086//3117 2093//3117 2057//3117
f 2053//3118 2086//3118 2057//3118
f 2080//3119 2086//3119 2053//3119
f 2045//3120 2080//3120 2053//3120
f 2071//3121 2080//3121 2045//3121
f 2029//3122 2071//3122 2045//3122
f 2060//3123 2071//3123 2029//3123
f 2017//3124 2060//3124 2029//3124
f 2050//3125 2060//3125 2017//3125
f 2032//3126 2050//3126 2017//3126
f 1987//3127 2032//3127 2017//3127
f 2014//3128 2032//3128 1987//3128
f 1941//3129 2014//3129 1987//3129
f 1972//3130 2014//3130 1941//3130
f 1923//3131 1972//3131 1941//3131
f 1934//3132 1972//3132 1923//3132
f 1895//3133 1934//3133 1923//3133
f 1904//3134 1934//3134 1895//3134
f 1875//3135 1904//3135 1895//3135
f 1880//3136 1904//3136 1875//3136
f 1814//3137 1880//3137 1875//3137
f 1816//3138 1880//3138 1814//3138
f 1315//3139 1337//3139 1350//3139
f 1816//3140 1315//3140 1350//3140
f 1399//3141 1315//3141 1816//3141
f 1814//3142 1399//3142 1816//3142
f 1234//3143 1230//3143 1226//3143
f 1306//3144 1234//3144 1226//3144
f 1307//3145 1306//3145 1226//3145
f 1228//3146 1307//3146 1226//3146
f 1235//3147 1307//3147 1228//3147
f 1231//3148 1235//3148 1228//3148
f 1398//3149 1384//3149 1376//3149
f 1368//3150 1398//3150 1376//3150
f 1360//3151 1398//3151 1368//3151
f 1398//3152 1360//3152 1356//3152
f 1352//3153 1398//3153 1356//3153
f 1342//3154 1398//3154 1352//3154
f 1398//3155 1342//3155 1338//3155
f 1330//3156 1398//3156 1338//3156
f 1326//3157 1398//3157 1330//3157
f 1398//3158 1326//3158 1322//3158
f 1318//3159 1398//3159 1322//3159
f 1316//3160 1398//3160 1318//3160
f 1398//3161 1316//3161 1310//3161
f 1308//3162 1398//3162 1310//3162
f 1306//3163 1398//3163 1308//3163
f 1306//3164 1307//3164 2075//3164
f 2074//3165 1306//3165 2075//3165
f 2070//3166 1306//3166 2074//3166
f 1307//3167 1309//3167 1399//3167
f 1814//3168 1307//3168 1399//3168
f 2063//3169 1307//3169 1814//3169
f 2057//3170 2063//3170 1814//3170
f 2053//3171 2057//3171 1814//3171
f 2045//3172 2053//3172 1814//3172
f 2029//3173 2045//3173 1814//3173
f 2017//3174 2029//3174 1814//3174
f 1987//3175 2017//3175 1814//3175
f 1941//3176 1987//3176 1814//3176
f 1923//3177 1941//3177 1814//3177
f 1895//3178 1923//3178 1814//3178
f 1875//3179 1895//3179 1814//3179
f 1399//3180 1309//3180 1311//3180
f 1317//3181 1399//3181 1311//3181
f 1319//3182 1399//3182 1317//3182
f 1399//3183 1319//3183 1323//3183
f 1327//3184 1399//3184 1323//3184
f 1331//3185 1399//3185 1327//3185
f 1399//3186 1331//3186 1339//3186
f 1343//3187 1399//3187 1339//3187
f 1353//3188 1399//3188 1343//3188
f 1399//3189 1353//3189 1357//3189
f 1361//3190 1399//3190 1357//3190
f 1369//3191 1399//3191 1361//3191
f 1399//3192 1369//3192 1377//3192
f 1385//3193 1399//3193 1377//3193
f 1307//3194 2063//3194 2067//3194
f 2073//3195 1307//3195 2067//3195
f 2075//3196 1307//3196 2073//3196
f 1306//3197 2070//3197 2066//3197
f 2062//3198 1306//3198 2066//3198
f 2056//3199 1306//3199 2062//3199
f 1874//3200 1306//3200 2056//3200
f 2052//3201 1874//3201 2056//3201
f 2044//3202 1874//3202 2052//3202
f 1874//3203 2044//3203 2027//3203
f 2016//3204 1874//3204 2027//3204
f 1986//3205 1874//3205 2016//3205
f 1874//3206 1986//3206 1940//3206
f 1914//3207 1874//3207 1940//3207
f 1894//3208 1874//3208 1914//3208
f 1306//3209 1874//3209 1398//3209
f 404//3210 620//3210 609//3210
f 619//3211 404//3211 609//3211
f 417//3212 404//3212 619//3212
f 421//3213 417//3213 619//3213
f 636//3214 421//3214 619//3214
f 425//3215 421//3215 636//3215
f 658//3216 425//3216 636//3216
f 429//3217 425//3217 658//3217
f 691//3218 429//3218 658//3218
f 433//3219 429//3219 691//3219
f 762//3220 433//3220 691//3220
f 437//3221 433//3221 762//3221
f 441//3222 437//3222 762//3222
f 824//3223 441//3223 762//3223
f 445//3224 441//3224 824//3224
f 882//3225 445//3225 824//3225
f 448//3226 445//3226 882//3226
f 881//3227 448//3227 882//3227
f 443//3228 448//3228 881//3228
f 823//3229 443//3229 881//3229
f 439//3230 443//3230 823//3230
f 761//3231 439//3231 823//3231
f 435//3232 439//3232 761//3232
f 431//3233 435//3233 761//3233
f 690//3234 431//3234 761//3234
f 427//3235 431//3235 690//3235
f 657//3236 427//3236 690//3236
f 423//3237 427//3237 657//3237
f 635//3238 423//3238 657//3238
f 419//3239 423//3239 635//3239
f 618//3240 419//3240 635//3240
f 415//3241 419//3241 618//3241
f 608//3242 415//3242 618//3242
f 394//3243 415//3243 608//3243
f 617//3244 394//3244 608//3244
f 634//3245 394//3245 617//3245
f 881//3246 882//3246 944//3246
f 943//3247 881//3247 944//3247
f 1227//3248 943//3248 944//3248
f 1014//3249 943//3249 1227//3249
f 1047//3250 1014//3250 1227//3250
f 1070//3251 1047//3251 1227//3251
f 1232//3252 1070//3252 1227//3252
f 1086//3253 1070//3253 1232//3253
f 1240//3254 1086//3254 1232//3254
f 1095//3255 1086//3255 1240//3255
f 1246//3256 1095//3256 1240//3256
f 1085//3257 1095//3257 1246//3257
f 1069//3258 1085//3258 1246//3258
f 1256//3259 1069//3259 1246//3259
f 1046//3260 1069//3260 1256//3260
f 1266//3261 1046//3261 1256//3261
f 1013//3262 1046//3262 1266//3262
f 1276//3263 1013//3263 1266//3263
f 942//3264 1013//3264 1276//3264
f 1286//3265 942//3265 1276//3265
f 880//3266 942//3266 1286//3266
f 822//3267 880//3267 1286//3267
f 394//3268 822//3268 1286//3268
f 760//3269 822//3269 394//3269
f 689//3270 760//3270 394//3270
f 656//3271 689//3271 394//3271
f 634//3272 656//3272 394//3272
f 1229//3273 1227//3273 944//3273
f 1015//3274 1229//3274 944//3274
f 1048//3275 1229//3275 1015//3275
f 1229//3276 1048//3276 1071//3276
f 1233//3277 1229//3277 1071//3277
f 1087//3278 1233//3278 1071//3278
f 1241//3279 1233//3279 1087//3279
f 1096//3280 1241//3280 1087//3280
f 1247//3281 1241//3281 1096//3281
f 1088//3282 1247//3282 1096//3282
f 1072//3283 1247//3283 1088//3283
f 1257//3284 1247//3284 1072//3284
f 1049//3285 1257//3285 1072//3285
f 1267//3286 1257//3286 1049//3286
f 1016//3287 1267//3287 1049//3287
f 1277//3288 1267//3288 1016//3288
f 945//3289 1277//3289 1016//3289
f 1287//3290 1277//3290 945//3290
f 883//3291 1287//3291 945//3291
f 825//3292 1287//3292 883//3292
f 404//3293 1287//3293 825//3293
f 763//3294 404//3294 825//3294
f 692//3295 404//3295 763//3295
f 404//3296 692//3296 659//3296
f 637//3297 404//3297 659//3297
f 620//3298 404//3298 637//3298
f 394//3299 376//3299 398//3299
f 407//3300 394//3300 398//3300
f 411//3301 394//3301 407//3301
f 398//3302 376//3302 358//3302
f 384//3303 398//3303 358//3303
f 339//3304 384//3304 358//3304
f 317//3305 384//3305 339//3305
f 380//3306 384//3306 317//3306
f 307//3307 380//3307 317//3307
f 272//3308 380//3308 307//3308
f 366//3309 380//3309 272//3309
f 260//3310 366//3310 272//3310
f 172//3311 366//3311 260//3311
f 359//3312 366//3312 172//3312
f 96//3313 359//3313 172//3313
f 348//3314 359//3314 96//3314
f 86//3315 348//3315 96//3315
f 341//3316 348//3316 86//3316
f 54//3317 341//3317 86//3317
f 36//3318 341//3318 54//3318
f 335//3319 341//3319 36//3319
f 24//3320 335//3320 36//3320
f 326//3321 335//3321 24//3321
f 18//3322 326//3322 24//3322
f 322//3323 326//3323 18//3323
f 16//3324 322//3324 18//3324
f 15//3325 322//3325 16//3325
f 324//3326 322//3326 15//3326
f 17//3327 324//3327 15//3327
f 328//3328 324//3328 17//3328
f 23//3329 328//3329 17//3329
f 337//3330 328//3330 23//3330
f 29//3331 337//3331 23//3331
f 343//3332 337//3332 29//3332
f 49//3333 343//3333 29//3333
f 85//3334 343//3334 49//3334
f 350//3335 343//3335 85//3335
f 95//3336 350//3336 85//3336
f 361//3337 350//3337 95//3337
f 171//3338 361//3338 95//3338
f 259//3339 361//3339 171//3339
f 368//3340 361//3340 259//3340
f 271//3341 368//3341 259//3341
f 382//3342 368//3342 271//3342
f 302//3343 382//3343 271//3343
f 316//3344 382//3344 302//3344
f 386//3345 382//3345 316//3345
f 334//3346 386//3346 316//3346
f 354//3347 386//3347 334//3347
f 400//3348 386//3348 354//3348
f 372//3349 400//3349 354//3349
f 390//3350 400//3350 372//3350
f 409//3351 400//3351 390//3351
f 404//3352 409//3352 390//3352
f 413//3353 409//3353 404//3353
f 417//3354 413//3354 404//3354
f 394//3355 411//3355 415//3355
f 1928//3356 1926//3356 1716//3356
f 1712//3357 1928//3357 1716//3357
f 1924//3358 1928//3358 1712//3358
f 1714//3359 1924//3359 1712//3359
f 1915//3360 1924//3360 1714//3360
f 1722//3361 1915//3361 1714//3361
f 1910//3362 1915//3362 1722//3362
f 1726//3363 1910//3363 1722//3363
f 1906//3364 1910//3364 1726//3364
f 1730//3365 1906//3365 1726//3365
f 1890//3366 1906//3366 1730//3366
f 1738//3367 1890//3367 1730//3367
f 1886//3368 1890//3368 1738//3368
f 1742//3369 1886//3369 1738//3369
f 1870//3370 1886//3370 1742//3370
f 1750//3371 1870//3371 1742//3371
f 1834//3372 1870//3372 1750//3372
f 1786//3373 1834//3373 1750//3373
f 1724//3374 1716//3374 1926//3374
f 1917//3375 1724//3375 1926//3375
f 1728//3376 1724//3376 1917//3376
f 1912//3377 1728//3377 1917//3377
f 1732//3378 1728//3378 1912//3378
f 1908//3379 1732//3379 1912//3379
f 1740//3380 1732//3380 1908//3380
f 1892//3381 1740//3381 1908//3381
f 1744//3382 1740//3382 1892//3382
f 1888//3383 1744//3383 1892//3383
f 1752//3384 1744//3384 1888//3384
f 1872//3385 1752//3385 1888//3385
f 1788//3386 1752//3386 1872//3386
f 1836//3387 1788//3387 1872//3387
f 1394//3388 1392//3388 1558//3388
f 1560//3389 1394//3389 1558//3389
f 33//3390 32//3390 278//3390
f 279//3391 33//3391 278//3391
f 1559//3392 1558//3392 1392//3392
f 1393//3393 1559//3393 1392//3393
f 1395//3394 1394//3394 1560//3394
f 1561//3395 1395//3395 1560//3395
f 1553//3396 1550//3396 1421//3396
f 1415//3397 1553//3397 1421//3397
f 1547//3398 1553//3398 1415//3398
f 1418//3399 1547//3399 1415//3399
f 1541//3400 1547//3400 1418//3400
f 1430//3401 1541//3401 1418//3401
f 1526//3402 1541//3402 1430//3402
f 1442//3403 1526//3403 1430//3403
f 1514//3404 1526//3404 1442//3404
f 1454//3405 1514//3405 1442//3405
f 1502//3406 1514//3406 1454//3406
f 1460//3407 1502//3407 1454//3407
f 1478//3408 1502//3408 1460//3408
f 1433//3409 1421//3409 1550//3409
f 1544//3410 1433//3410 1550//3410
f 1445//3411 1433//3411 1544//3411
f 1529//3412 1445//3412 1544//3412
f 1457//3413 1445//3413 1529//3413
f 1517//3414 1457//3414 1529//3414
f 1463//3415 1457//3415 1517//3415
f 1505//3416 1463//3416 1517//3416
f 1481//3417 1463//3417 1505//3417
f 1538//3418 1535//3418 1406//3418
f 1400//3419 1538//3419 1406//3419
f 1532//3420 1538//3420 1400//3420
f 1403//3421 1532//3421 1400//3421
f 1520//3422 1532//3422 1403//3422
f 1409//3423 1520//3423 1403//3423
f 1508//3424 1520//3424 1409//3424
f 1424//3425 1508//3425 1409//3425
f 1496//3426 1508//3426 1424//3426
f 1436//3427 1496//3427 1424//3427
f 1490//3428 1496//3428 1436//3428
f 1448//3429 1490//3429 1436//3429
f 1466//3430 1490//3430 1448//3430
f 1412//3431 1406//3431 1535//3431
f 1523//3432 1412//3432 1535//3432
f 1427//3433 1412//3433 1523//3433
f 1511//3434 1427//3434 1523//3434
f 1439//3435 1427//3435 1511//3435
f 1499//3436 1439//3436 1511//3436
f 1451//3437 1439//3437 1499//3437
f 1493//3438 1451//3438 1499//3438
f 1469//3439 1451//3439 1493//3439
f 256//3440 250//3440 112//3440
f 100//3441 256//3441 112//3441
f 247//3442 256//3442 100//3442
f 109//3443 247//3443 100//3443
f 233//3444 247//3444 109//3444
f 125//3445 233//3445 109//3445
f 219//3446 233//3446 125//3446
f 137//3447 219//3447 125//3447
f 207//3448 219//3448 137//3448
f 151//3449 207//3449 137//3449
f 191//3450 207//3450 151//3450
f 165//3451 191//3451 151//3451
f 179//3452 191//3452 165//3452
f 128//3453 112//3453 250//3453
f 236//3454 128//3454 250//3454
f 140//3455 128//3455 236//3455
f 222//3456 140//3456 236//3456
f 154//3457 140//3457 222//3457
f 210//3458 154//3458 222//3458
f 168//3459 154//3459 210//3459
f 194//3460 168//3460 210//3460
f 182//3461 168//3461 194//3461
f 2001//3462 1999//3462 1998//3462
f 2000//3463 2001//3463 1998//3463
f 1997//3464 2001//3464 2000//3464
f 1996//3465 1997//3465 2000//3465
f 1993//3466 1997//3466 1996//3466
f 1992//3467 1993//3467 1996//3467
f 1989//3468 1993//3468 1992//3468
f 1988//3469 1989//3469 1992//3469
f 1983//3470 1989//3470 1988//3470
f 1982//3471 1983//3471 1988//3471
f 1979//3472 1983//3472 1982//3472
f 1978//3473 1979//3473 1982//3473
f 1975//3474 1979//3474 1978//3474
f 1974//3475 1975//3475 1978//3475
f 1966//3476 1975//3476 1974//3476
f 1965//3477 1966//3477 1974//3477
f 1957//3478 1966//3478 1965//3478
f 1956//3479 1957//3479 1965//3479
f 1953//3480 1957//3480 1956//3480
f 1952//3481 1953//3481 1956//3481
f 1949//3482 1953//3482 1952//3482
f 1948//3483 1949//3483 1952//3483
f 1945//3484 1949//3484 1948//3484
f 1944//3485 1945//3485 1948//3485
f 1943//3486 1945//3486 1944//3486
f 1942//3487 1943//3487 1944//3487
f 1947//3488 1943//3488 1942//3488
f 1946//3489 1947//3489 1942//3489
f 1951//3490 1947//3490 1946//3490
f 1950//3491 1951//3491 1946//3491
f 1955//3492 1951//3492 1950//3492
f 1954//3493 1955//3493 1950//3493
f 1959//3494 1955//3494 1954//3494
f 1958//3495 1959//3495 1954//3495
f 1968//3496 1959//3496 1958//3496
f 1967//3497 1968//3497 1958//3497
f 1977//3498 1968//3498 1967//3498
f 1976//3499 1977//3499 1967//3499
f 1981//3500 1977//3500 1976//3500
f 1980//3501 1981//3501 1976//3501
f 1985//3502 1981//3502 1980//3502
f 1984//3503 1985//3503 1980//3503
f 1991//3504 1985//3504 1984//3504
f 1990//3505 1991//3505 1984//3505
f 1995//3506 1991//3506 1990//3506
f 1994//3507 1995//3507 1990//3507
f 1999//3508 1995//3508 1994//3508
f 1998//3509 1999//3509 1994//3509
f 2000//3510 1998//3510 1946//3510
f 1942//3511 2000//3511 1946//3511
f 1996//3512 2000//3512 1942//3512
f 1944//3513 1996//3513 1942//3513
f 1992//3514 1996//3514 1944//3514
f 1948//3515 1992//3515 1944//3515
f 1988//3516 1992//3516 1948//3516
f 1952//3517 1988//3517 1948//3517
f 1982//3518 1988//3518 1952//3518
f 1956//3519 1982//3519 1952//3519
f 1978//3520 1982//3520 1956//3520
f 1965//3521 1978//3521 1956//3521
f 1974//3522 1978//3522 1965//3522
f 1950//3523 1946//3523 1998//3523
f 1994//3524 1950//3524 1998//3524
f 1954//3525 1950//3525 1994//3525
f 1990//3526 1954//3526 1994//3526
f 1958//3527 1954//3527 1990//3527
f 1984//3528 1958//3528 1990//3528
f 1967//3529 1958//3529 1984//3529
f 1980//3530 1967//3530 1984//3530
f 1976//3531 1967//3531 1980//3531
f 1867//3532 1861//3532 1860//3532
f 1866//3533 1867//3533 1860//3533
f 1859//3534 1867//3534 1866//3534
f 1858//3535 1859//3535 1866//3535
f 1847//3536 1859//3536 1858//3536
f 1846//3537 1847//3537 1858//3537
f 1839//3538 1847//3538 1846//3538
f 1838//3539 1839//3539 1846//3539
f 1827//3540 1839//3540 1838//3540
f 1826//3541 1827//3541 1838//3541
f 1819//3542 1827//3542 1826//3542
f 1818//3543 1819//3543 1826//3543
f 1807//3544 1819//3544 1818//3544
f 1806//3545 1807//3545 1818//3545
f 1799//3546 1807//3546 1806//3546
f 1798//3547 1799//3547 1806//3547
f 1791//3548 1799//3548 1798//3548
f 1790//3549 1791//3549 1798//3549
f 1779//3550 1791//3550 1790//3550
f 1778//3551 1779//3551 1790//3551
f 1771//3552 1779//3552 1778//3552
f 1770//3553 1771//3553 1778//3553
f 1759//3554 1771//3554 1770//3554
f 1758//3555 1759//3555 1770//3555
f 1755//3556 1759//3556 1758//3556
f 1754//3557 1755//3557 1758//3557
f 1761//3558 1755//3558 1754//3558
f 1760//3559 1761//3559 1754//3559
f 1773//3560 1761//3560 1760//3560
f 1772//3561 1773//3561 1760//3561
f 1781//3562 1773//3562 1772//3562
f 1780//3563 1781//3563 1772//3563
f 1793//3564 1781//3564 1780//3564
f 1792//3565 1793//3565 1780//3565
f 1801//3566 1793//3566 1792//3566
f 1800//3567 1801//3567 1792//3567
f 1809//3568 1801//3568 1800//3568
f 1808//3569 1809//3569 1800//3569
f 1821//3570 1809//3570 1808//3570
f 1820//3571 1821//3571 1808//3571
f 1829//3572 1821//3572 1820//3572
f 1828//3573 1829//3573 1820//3573
f 1841//3574 1829//3574 1828//3574
f 1840//3575 1841//3575 1828//3575
f 1849//3576 1841//3576 1840//3576
f 1848//3577 1849//3577 1840//3577
f 1861//3578 1849//3578 1848//3578
f 1860//3579 1861//3579 1848//3579
f 1866//3580 1860//3580 1760//3580
f 1754//3581 1866//3581 1760//3581
f 1858//3582 1866//3582 1754//3582
f 1758//3583 1858//3583 1754//3583
f 1846//3584 1858//3584 1758//3584
f 1770//3585 1846//3585 1758//3585
f 1838//3586 1846//3586 1770//3586
f 1778//3587 1838//3587 1770//3587
f 1826//3588 1838//3588 1778//3588
f 1790//3589 1826//3589 1778//3589
f 1818//3590 1826//3590 1790//3590
f 1798//3591 1818//3591 1790//3591
f 1806//3592 1818//3592 1798//3592
f 1772//3593 1760//3593 1860//3593
f 1848//3594 1772//3594 1860//3594
f 1780//3595 1772//3595 1848//3595
f 1840//3596 1780//3596 1848//3596
f 1792//3597 1780//3597 1840//3597
f 1828//3598 1792//3598 1840//3598
f 1800//3599 1792//3599 1828//3599
f 1820//3600 1800//3600 1828//3600
f 1808//3601 1800//3601 1820//3601
f 1869//3602 1865//3602 1864//3602
f 1868//3603 1869//3603 1864//3603
f 1863//3604 1869//3604 1868//3604
f 1862//3605 1863//3605 1868//3605
f 1851//3606 1863//3606 1862//3606
f 1850//3607 1851//3607 1862//3607
f 1843//3608 1851//3608 1850//3608
f 1842//3609 1843//3609 1850//3609
f 1831//3610 1843//3610 1842//3610
f 1830//3611 1831//3611 1842//3611
f 1823//3612 1831//3612 1830//3612
f 1822//3613 1823//3613 1830//3613
f 1811//3614 1823//3614 1822//3614
f 1810//3615 1811//3615 1822//3615
f 1803//3616 1811//3616 1810//3616
f 1802//3617 1803//3617 1810//3617
f 1795//3618 1803//3618 1802//3618
f 1794//3619 1795//3619 1802//3619
f 1783//3620 1795//3620 1794//3620
f 1782//3621 1783//3621 1794//3621
f 1775//3622 1783//3622 1782//3622
f 1774//3623 1775//3623 1782//3623
f 1763//3624 1775//3624 1774//3624
f 1762//3625 1763//3625 1774//3625
f 1757//3626 1763//3626 1762//3626
f 1756//3627 1757//3627 1762//3627
f 1765//3628 1757//3628 1756//3628
f 1764//3629 1765//3629 1756//3629
f 1777//3630 1765//3630 1764//3630
f 1776//3631 1777//3631 1764//3631
f 1785//3632 1777//3632 1776//3632
f 1784//3633 1785//3633 1776//3633
f 1797//3634 1785//3634 1784//3634
f 1796//3635 1797//3635 1784//3635
f 1805//3636 1797//3636 1796//3636
f 1804//3637 1805//3637 1796//3637
f 1813//3638 1805//3638 1804//3638
f 1812//3639 1813//3639 1804//3639
f 1825//3640 1813//3640 1812//3640
f 1824//3641 1825//3641 1812//3641
f 1833//3642 1825//3642 1824//3642
f 1832//3643 1833//3643 1824//3643
f 1845//3644 1833//3644 1832//3644
f 1844//3645 1845//3645 1832//3645
f 1853//3646 1845//3646 1844//3646
f 1852//3647 1853//3647 1844//3647
f 1865//3648 1853//3648 1852//3648
f 1864//3649 1865//3649 1852//3649
f 1868//3650 1864//3650 1764//3650
f 1756//3651 1868//3651 1764//3651
f 1862//3652 1868//3652 1756//3652
f 1762//3653 1862//3653 1756//3653
f 1850//3654 1862//3654 1762//3654
f 1774//3655 1850//3655 1762//3655
f 1842//3656 1850//3656 1774//3656
f 1782//3657 1842//3657 1774//3657
f 1830//3658 1842//3658 1782//3658
f 1794//3659 1830//3659 1782//3659
f 1822//3660 1830//3660 1794//3660
f 1802//3661 1822//3661 1794//3661
f 1810//3662 1822//3662 1802//3662
f 1776//3663 1764//3663 1864//3663
f 1852//3664 1776//3664 1864//3664
f 1784//3665 1776//3665 1852//3665
f 1844//3666 1784//3666 1852//3666
f 1796//3667 1784//3667 1844//3667
f 1832//3668 1796//3668 1844//3668
f 1804//3669 1796//3669 1832//3669
f 1824//3670 1804//3670 1832//3670
f 1812//3671 1804//3671 1824//3671
f 1707//3672 1705//3672 1704//3672
f 1706//3673 1707//3673 1704//3673
f 1703//3674 1707//3674 1706//3674
f 1702//3675 1703//3675 1706//3675
f 1699//3676 1703//3676 1702//3676
f 1698//3677 1699//3677 1702//3677
f 1695//3678 1699//3678 1698//3678
f 1694//3679 1695//3679 1698//3679
f 1691//3680 1695//3680 1694//3680
f 1690//3681 1691//3681 1694//3681
f 1683//3682 1691//3682 1690//3682
f 1682//3683 1683//3683 1690//3683
f 1679//3684 1683//3684 1682//3684
f 1678//3685 1679//3685 1682//3685
f 1675//3686 1679//3686 1678//3686
f 1674//3687 1675//3687 1678//3687
f 1671//3688 1675//3688 1674//3688
f 1670//3689 1671//3689 1674//3689
f 1667//3690 1671//3690 1670//3690
f 1666//3691 1667//3691 1670//3691
f 1663//3692 1667//3692 1666//3692
f 1662//3693 1663//3693 1666//3693
f 1659//3694 1663//3694 1662//3694
f 1658//3695 1659//3695 1662//3695
f 1657//3696 1659//3696 1658//3696
f 1656//3697 1657//3697 1658//3697
f 1661//3698 1657//3698 1656//3698
f 1660//3699 1661//3699 1656//3699
f 1665//3700 1661//3700 1660//3700
f 1664//3701 1665//3701 1660//3701
f 1669//3702 1665//3702 1664//3702
f 1668//3703 1669//3703 1664//3703
f 1673//3704 1669//3704 1668//3704
f 1672//3705 1673//3705 1668//3705
f 1677//3706 1673//3706 1672//3706
f 1676//3707 1677//3707 1672//3707
f 1681//3708 1677//3708 1676//3708
f 1680//3709 1681//3709 1676//3709
f 1685//3710 1681//3710 1680//3710
f 1684//3711 1685//3711 1680//3711
f 1693//3712 1685//3712 1684//3712
f 1692//3713 1693//3713 1684//3713
f 1697//3714 1693//3714 1692//3714
f 1696//3715 1697//3715 1692//3715
f 1701//3716 1697//3716 1696//3716
f 1700//3717 1701//3717 1696//3717
f 1705//3718 1701//3718 1700//3718
f 1704//3719 1705//3719 1700//3719
f 1706//3720 1704//3720 1660//3720
f 1656//3721 1706//3721 1660//3721
f 1702//3722 1706//3722 1656//3722
f 1658//3723 1702//3723 1656//3723
f 1698//3724 1702//3724 1658//3724
f 1662//3725 1698//3725 1658//3725
f 1694//3726 1698//3726 1662//3726
f 1666//3727 1694//3727 1662//3727
f 1690//3728 1694//3728 1666//3728
f 1670//3729 1690//3729 1666//3729
f 1682//3730 1690//3730 1670//3730
f 1674//3731 1682//3731 1670//3731
f 1678//3732 1682//3732 1674//3732
f 1664//3733 1660//3733 1704//3733
f 1700//3734 1664//3734 1704//3734
f 1668//3735 1664//3735 1700//3735
f 1696//3736 1668//3736 1700//3736
f 1672//3737 1668//3737 1696//3737
f 1692//3738 1672//3738 1696//3738
f 1676//3739 1672//3739 1692//3739
f 1684//3740 1676//3740 1692//3740
f 1680//3741 1676//3741 1684//3741
f 1929//3742 1927//3742 1926//3742
f 1928//3743 1929//3743 1926//3743
f 1925//3744 1929//3744 1928//3744
f 1924//3745 1925//3745 1928//3745
f 1916//3746 1925//3746 1924//3746
f 1915//3747 1916//3747 1924//3747
f 1911//3748 1916//3748 1915//3748
f 1910//3749 1911//3749 1915//3749
f 1907//3750 1911//3750 1910//3750
f 1906//3751 1907//3751 1910//3751
f 1891//3752 1907//3752 1906//3752
f 1890//3753 1891//3753 1906//3753
f 1887//3754 1891//3754 1890//3754
f 1886//3755 1887//3755 1890//3755
f 1871//3756 1887//3756 1886//3756
f 1870//3757 1871//3757 1886//3757
f 1835//3758 1871//3758 1870//3758
f 1834//3759 1835//3759 1870//3759
f 1787//3760 1835//3760 1834//3760
f 1786//3761 1787//3761 1834//3761
f 1751//3762 1787//3762 1786//3762
f 1750//3763 1751//3763 1786//3763
f 1743//3764 1751//3764 1750//3764
f 1742//3765 1743//3765 1750//3765
f 1739//3766 1743//3766 1742//3766
f 1738//3767 1739//3767 1742//3767
f 1731//3768 1739//3768 1738//3768
f 1730//3769 1731//3769 1738//3769
f 1727//3770 1731//3770 1730//3770
f 1726//3771 1727//3771 1730//3771
f 1723//3772 1727//3772 1726//3772
f 1722//3773 1723//3773 1726//3773
f 1715//3774 1723//3774 1722//3774
f 1714//3775 1715//3775 1722//3775
f 1713//3776 1715//3776 1714//3776
f 1712//3777 1713//3777 1714//3777
f 1717//3778 1713//3778 1712//3778
f 1716//3779 1717//3779 1712//3779
f 1725//3780 1717//3780 1716//3780
f 1724//3781 1725//3781 1716//3781
f 1729//3782 1725//3782 1724//3782
f 1728//3783 1729//3783 1724//3783
f 1733//3784 1729//3784 1728//3784
f 1732//3785 1733//3785 1728//3785
f 1741//3786 1733//3786 1732//3786
f 1740//3787 1741//3787 1732//3787
f 1745//3788 1741//3788 1740//3788
f 1744//3789 1745//3789 1740//3789
f 1753//3790 1745//3790 1744//3790
f 1752//3791 1753//3791 1744//3791
f 1789//3792 1753//3792 1752//3792
f 1788//3793 1789//3793 1752//3793
f 1837//3794 1789//3794 1788//3794
f 1836//3795 1837//3795 1788//3795
f 1873//3796 1837//3796 1836//3796
f 1872//3797 1873//3797 1836//3797
f 1889//3798 1873//3798 1872//3798
f 1888//3799 1889//3799 1872//3799
f 1893//3800 1889//3800 1888//3800
f 1892//3801 1893//3801 1888//3801
f 1909//3802 1893//3802 1892//3802
f 1908//3803 1909//3803 1892//3803
f 1913//3804 1909//3804 1908//3804
f 1912//3805 1913//3805 1908//3805
f 1918//3806 1913//3806 1912//3806
f 1917//3807 1918//3807 1912//3807
f 1927//3808 1918//3808 1917//3808
f 1926//3809 1927//3809 1917//3809
f 2042//3810 2038//3810 2039//3810
f 2043//3811 2042//3811 2039//3811
f 2040//3812 2042//3812 2043//3812
f 2041//3813 2040//3813 2043//3813
f 2036//3814 2040//3814 2041//3814
f 2037//3815 2036//3815 2041//3815
f 2025//3816 2036//3816 2037//3816
f 2026//3817 2025//3817 2037//3817
f 2020//3818 2025//3818 2026//3818
f 2021//3819 2020//3819 2026//3819
f 2012//3820 2020//3820 2021//3820
f 2013//3821 2012//3821 2021//3821
f 2004//3822 2012//3822 2013//3822
f 2005//3823 2004//3823 2013//3823
f 1963//3824 2004//3824 2005//3824
f 1964//3825 1963//3825 2005//3825
f 1938//3826 1963//3826 1964//3826
f 1939//3827 1938//3827 1964//3827
f 1921//3828 1938//3828 1939//3828
f 1922//3829 1921//3829 1939//3829
f 1898//3830 1921//3830 1922//3830
f 1899//3831 1898//3831 1922//3831
f 1884//3832 1898//3832 1899//3832
f 1885//3833 1884//3833 1899//3833
f 1856//3834 1884//3834 1885//3834
f 1857//3835 1856//3835 1885//3835
f 1768//3836 1856//3836 1857//3836
f 1769//3837 1768//3837 1857//3837
f 1748//3838 1768//3838 1769//3838
f 1749//3839 1748//3839 1769//3839
f 1736//3840 1748//3840 1749//3840
f 1737//3841 1736//3841 1749//3841
f 1720//3842 1736//3842 1737//3842
f 1721//3843 1720//3843 1737//3843
f 1710//3844 1720//3844 1721//3844
f 1711//3845 1710//3845 1721//3845
f 1688//3846 1710//3846 1711//3846
f 1689//3847 1688//3847 1711//3847
f 1654//3848 1688//3848 1689//3848
f 1655//3849 1654//3849 1689//3849
f 1650//3850 1654//3850 1655//3850
f 1651//3851 1650//3851 1655//3851
f 1646//3852 1650//3852 1651//3852
f 1647//3853 1646//3853 1651//3853
f 1642//3854 1646//3854 1647//3854
f 1643//3855 1642//3855 1647//3855
f 1638//3856 1642//3856 1643//3856
f 1639//3857 1638//3857 1643//3857
f 1634//3858 1638//3858 1639//3858
f 1635//3859 1634//3859 1639//3859
f 1630//3860 1634//3860 1635//3860
f 1631//3861 1630//3861 1635//3861
f 1632//3862 1630//3862 1631//3862
f 1633//3863 1632//3863 1631//3863
f 1636//3864 1632//3864 1633//3864
f 1637//3865 1636//3865 1633//3865
f 1640//3866 1636//3866 1637//3866
f 1641//3867 1640//3867 1637//3867
f 1644//3868 1640//3868 1641//3868
f 1645//3869 1644//3869 1641//3869
f 1648//3870 1644//3870 1645//3870
f 1649//3871 1648//3871 1645//3871
f 1652//3872 1648//3872 1649//3872
f 1653//3873 1652//3873 1649//3873
f 1686//3874 1652//3874 1653//3874
f 1687//3875 1686//3875 1653//3875
f 1708//3876 1686//3876 1687//3876
f 1709//3877 1708//3877 1687//3877
f 1718//3878 1708//3878 1709//3878
f 1719//3879 1718//3879 1709//3879
f 1734//3880 1718//3880 1719//3880
f 1735//3881 1734//3881 1719//3881
f 1746//3882 1734//3882 1735//3882
f 1747//3883 1746//3883 1735//3883
f 1766//3884 1746//3884 1747//3884
f 1767//3885 1766//3885 1747//3885
f 1854//3886 1766//3886 1767//3886
f 1855//3887 1854//3887 1767//3887
f 1882//3888 1854//3888 1855//3888
f 1883//3889 1882//3889 1855//3889
f 1896//3890 1882//3890 1883//3890
f 1897//3891 1896//3891 1883//3891
f 1919//3892 1896//3892 1897//3892
f 1920//3893 1919//3893 1897//3893
f 1936//3894 1919//3894 1920//3894
f 1937//3895 1936//3895 1920//3895
f 1961//3896 1936//3896 1937//3896
f 1962//3897 1961//3897 1937//3897
f 2002//3898 1961//3898 1962//3898
f 2003//3899 2002//3899 1962//3899
f 2010//3900 2002//3900 2003//3900
f 2011//3901 2010//3901 2003//3901
f 2018//3902 2010//3902 2011//3902
f 2019//3903 2018//3903 2011//3903
f 2023//3904 2018//3904 2019//3904
f 2024//3905 2023//3905 2019//3905
f 2034//3906 2023//3906 2024//3906
f 2035//3907 2034//3907 2024//3907
f 2038//3908 2034//3908 2035//3908
f 2039//3909 2038//3909 2035//3909
f 1815//3910 1612//3910 1615//3910
f 1711//3911 1815//3911 1615//3911
f 1721//3912 1815//3912 1711//3912
f 1615//3913 1628//3913 1639//3913
f 1643//3914 1615//3914 1639//3914
f 1647//3915 1615//3915 1643//3915
f 1628//3916 1626//3916 1653//3916
f 1649//3917 1628//3917 1653//3917
f 1645//3918 1628//3918 1649//3918
f 1626//3919 1621//3919 1876//3919
f 1735//3920 1626//3920 1876//3920
f 1719//3921 1626//3921 1735//3921
f 1876//3922 1900//3922 1855//3922
f 1767//3923 1876//3923 1855//3923
f 1747//3924 1876//3924 1767//3924
f 1855//3925 1900//3925 1930//3925
f 1883//3926 1855//3926 1930//3926
f 1960//3927 1883//3927 1930//3927
f 2006//3928 1883//3928 1960//3928
f 1897//3929 1883//3929 2006//3929
f 2022//3930 1897//3930 2006//3930
f 1920//3931 1897//3931 2022//3931
f 2046//3932 1920//3932 2022//3932
f 2054//3933 1920//3933 2046//3933
f 1937//3934 1920//3934 2054//3934
f 2064//3935 1937//3935 2054//3935
f 1962//3936 1937//3936 2064//3936
f 2076//3937 1962//3937 2064//3937
f 2003//3938 1962//3938 2076//3938
f 2082//3939 2003//3939 2076//3939
f 2011//3940 2003//3940 2082//3940
f 2088//3941 2011//3941 2082//3941
f 2019//3942 2011//3942 2088//3942
f 2092//3943 2019//3943 2088//3943
f 2024//3944 2019//3944 2092//3944
f 2096//3945 2024//3945 2092//3945
f 2035//3946 2024//3946 2096//3946
f 2102//3947 2035//3947 2096//3947
f 2039//3948 2035//3948 2102//3948
f 2104//3949 2039//3949 2102//3949
f 2043//3950 2039//3950 2104//3950
f 2105//3951 2043//3951 2104//3951
f 2041//3952 2043//3952 2105//3952
f 2103//3953 2041//3953 2105//3953
f 2037//3954 2041//3954 2103//3954
f 2097//3955 2037//3955 2103//3955
f 2026//3956 2037//3956 2097//3956
f 2095//3957 2026//3957 2097//3957
f 2021//3958 2026//3958 2095//3958
f 2089//3959 2021//3959 2095//3959
f 2013//3960 2021//3960 2089//3960
f 2083//3961 2013//3961 2089//3961
f 2005//3962 2013//3962 2083//3962
f 2077//3963 2005//3963 2083//3963
f 1964//3964 2005//3964 2077//3964
f 2065//3965 1964//3965 2077//3965
f 1939//3966 1964//3966 2065//3966
f 2055//3967 1939//3967 2065//3967
f 1922//3968 1939//3968 2055//3968
f 2047//3969 1922//3969 2055//3969
f 2028//3970 1922//3970 2047//3970
f 1899//3971 1922//3971 2028//3971
f 2007//3972 1899//3972 2028//3972
f 1885//3973 1899//3973 2007//3973
f 1969//3974 1885//3974 2007//3974
f 1933//3975 1885//3975 1969//3975
f 1857//3976 1885//3976 1933//3976
f 1903//3977 1857//3977 1933//3977
f 1879//3978 1857//3978 1903//3978
f 1857//3979 1879//3979 1815//3979
f 1769//3980 1857//3980 1815//3980
f 1749//3981 1769//3981 1815//3981
f 1737//3982 1749//3982 1815//3982
f 1721//3983 1737//3983 1815//3983
f 1876//3984 1747//3984 1735//3984
f 1626//3985 1719//3985 1709//3985
f 1687//3986 1626//3986 1709//3986
f 1653//3987 1626//3987 1687//3987
f 1628//3988 1645//3988 1641//3988
f 1637//3989 1628//3989 1641//3989
f 1633//3990 1628//3990 1637//3990
f 1628//3991 1633//3991 1631//3991
f 1635//3992 1628//3992 1631//3992
f 1639//3993 1628//3993 1635//3993
f 1615//3994 1647//3994 1651//3994
f 1655//3995 1615//3995 1651//3995
f 1689//3996 1615//3996 1655//3996
f 1615//3997 1689//3997 1711//3997
f 1612//3998 1610//3998 1611//3998
f 1616//3999 1612//3999 1611//3999
f 1615//4000 1612//4000 1616//4000
f 1621//4001 1626//4001 1627//4001
f 1620//4002 1621//4002 1627//4002
f 1619//4003 1621//4003 1620//4003
f 1612//4004 1815//4004 1817//4004
f 1610//4005 1612//4005 1817//4005
f 1876//4006 1878//4006 1902//4006
f 1900//4007 1876//4007 1902//4007
f 1932//4008 1900//4008 1902//4008
f 1930//4009 1900//4009 1932//4009
f 1971//4010 1930//4010 1932//4010
f 1960//4011 1930//4011 1971//4011
f 2009//4012 1960//4012 1971//4012
f 2006//4013 1960//4013 2009//4013
f 2031//4014 2006//4014 2009//4014
f 2022//4015 2006//4015 2031//4015
f 2049//4016 2022//4016 2031//4016
f 2046//4017 2022//4017 2049//4017
f 2059//4018 2046//4018 2049//4018
f 2054//4019 2046//4019 2059//4019
f 2069//4020 2054//4020 2059//4020
f 2064//4021 2054//4021 2069//4021
f 2079//4022 2064//4022 2069//4022
f 2076//4023 2064//4023 2079//4023
f 2085//4024 2076//4024 2079//4024
f 2082//4025 2076//4025 2085//4025
f 2091//4026 2082//4026 2085//4026
f 2088//4027 2082//4027 2091//4027
f 2099//4028 2088//4028 2091//4028
f 2092//4029 2088//4029 2099//4029
f 2107//4030 2092//4030 2099//4030
f 2096//4031 2092//4031 2107//4031
f 2111//4032 2096//4032 2107//4032
f 2102//4033 2096//4033 2111//4033
f 2115//4034 2102//4034 2111//4034
f 2104//4035 2102//4035 2115//4035
f 2119//4036 2104//4036 2115//4036
f 2105//4037 2104//4037 2119//4037
f 2117//4038 2105//4038 2119//4038
f 2103//4039 2105//4039 2117//4039
f 2113//4040 2103//4040 2117//4040
f 2097//4041 2103//4041 2113//4041
f 2109//4042 2097//4042 2113//4042
f 2095//4043 2097//4043 2109//4043
f 2101//4044 2095//4044 2109//4044
f 2089//4045 2095//4045 2101//4045
f 2094//4046 2089//4046 2101//4046
f 2083//4047 2089//4047 2094//4047
f 2087//4048 2083//4048 2094//4048
f 2077//4049 2083//4049 2087//4049
f 2081//4050 2077//4050 2087//4050
f 2065//4051 2077//4051 2081//4051
f 2072//4052 2065//4052 2081//4052
f 2055//4053 2065//4053 2072//4053
f 2061//4054 2055//4054 2072//4054
f 2047//4055 2055//4055 2061//4055
f 2051//4056 2047//4056 2061//4056
f 2028//4057 2047//4057 2051//4057
f 2033//4058 2028//4058 2051//4058
f 2007//4059 2028//4059 2033//4059
f 2015//4060 2007//4060 2033//4060
f 1969//4061 2007//4061 2015//4061
f 1973//4062 1969//4062 2015//4062
f 1933//4063 1969//4063 1973//4063
f 1935//4064 1933//4064 1973//4064
f 1903//4065 1933//4065 1935//4065
f 1905//4066 1903//4066 1935//4066
f 1879//4067 1903//4067 1905//4067
f 1881//4068 1879//4068 1905//4068
f 1815//4069 1879//4069 1881//4069
f 1817//4070 1815//4070 1881//4070
f 1878//4071 1876//4071 1621//4071
f 1619//4072 1878//4072 1621//4072
f 1902//4073 1878//4073 1877//4073
f 1901//4074 1902//4074 1877//4074
f 1932//4075 1902//4075 1901//4075
f 1931//4076 1932//4076 1901//4076
f 1971//4077 1932//4077 1931//4077
f 1970//4078 1971//4078 1931//4078
f 2009//4079 1971//4079 1970//4079
f 2008//4080 2009//4080 1970//4080
f 2031//4081 2009//4081 2008//4081
f 2030//4082 2031//4082 2008//4082
f 2049//4083 2031//4083 2030//4083
f 2048//4084 2049//4084 2030//4084
f 2059//4085 2049//4085 2048//4085
f 2058//4086 2059//4086 2048//4086
f 2069//4087 2059//4087 2058//4087
f 2068//4088 2069//4088 2058//4088
f 2079//4089 2069//4089 2068//4089
f 2078//4090 2079//4090 2068//4090
f 2085//4091 2079//4091 2078//4091
f 2084//4092 2085//4092 2078//4092
f 2091//4093 2085//4093 2084//4093
f 2090//4094 2091//4094 2084//4094
f 2099//4095 2091//4095 2090//4095
f 2098//4096 2099//4096 2090//4096
f 2107//4097 2099//4097 2098//4097
f 2106//4098 2107//4098 2098//4098
f 2111//4099 2107//4099 2106//4099
f 2110//4100 2111//4100 2106//4100
f 2115//4101 2111//4101 2110//4101
f 2114//4102 2115//4102 2110//4102
f 2119//4103 2115//4103 2114//4103
f 2118//4104 2119//4104 2114//4104
f 2117//4105 2119//4105 2118//4105
f 2116//4106 2117//4106 2118//4106
f 2113//4107 2117//4107 2116//4107
f 2112//4108 2113//4108 2116//4108
f 2109//4109 2113//4109 2112//4109
f 2108//4110 2109//4110 2112//4110
f 2101//4111 2109//4111 2108//4111
f 2100//4112 2101//4112 2108//4112
f 2094//4113 2101//4113 2100//4113
f 2093//4114 2094//4114 2100//4114
f 2087//4115 2094//4115 2093//4115
f 2086//4116 2087//4116 2093//4116
f 2081//4117 2087//4117 2086//4117
f 2080//4118 2081//4118 2086//4118
f 2072//4119 2081//4119 2080//4119
f 2071//4120 2072//4120 2080//4120
f 2061//4121 2072//4121 2071//4121
f 2060//4122 2061//4122 2071//4122
f 2051//4123 2061//4123 2060//4123
f 2050//4124 2051//4124 2060//4124
f 2033//4125 2051//4125 2050//4125
f 2032//4126 2033//4126 2050//4126
f 2015//4127 2033//4127 2032//4127
f 2014//4128 2015//4128 2032//4128
f 1973//4129 2015//4129 2014//4129
f 1972//4130 1973//4130 2014//4130
f 1935//4131 1973//4131 1972//4131
f 1934//4132 1935//4132 1972//4132
f 1905//4133 1935//4133 1934//4133
f 1904//4134 1905//4134 1934//4134
f 1881//4135 1905//4135 1904//4135
f 1880//4136 1881//4136 1904//4136
f 1817//4137 1881//4137 1880//4137
f 1816//4138 1817//4138 1880//4138
f 253//4139 244//4139 106//4139
f 97//4140 253//4140 106//4140
f 241//4141 253//4141 97//4141
f 103//4142 241//4142 97//4142
f 227//4143 241//4143 103//4143
f 119//4144 227//4144 103//4144
f 213//4145 227//4145 119//4145
f 131//4146 213//4146 119//4146
f 201//4147 213//4147 131//4147
f 145//4148 201//4148 131//4148
f 185//4149 201//4149 145//4149
f 159//4150 185//4150 145//4150
f 173//4151 185//4151 159//4151
f 122//4152 106//4152 244//4152
f 230//4153 122//4153 244//4153
f 134//4154 122//4154 230//4154
f 216//4155 134//4155 230//4155
f 148//4156 134//4156 216//4156
f 204//4157 148//4157 216//4157
f 162//4158 148//4158 204//4158
f 188//4159 162//4159 204//4159
f 176//4160 162//4160 188//4160
f 447//4161 446//4161 445//4161
f 448//4162 447//4162 445//4162
f 444//4163 447//4163 448//4163
f 443//4164 444//4164 448//4164
f 440//4165 444//4165 443//4165
f 439//4166 440//4166 443//4166
f 436//4167 440//4167 439//4167
f 435//4168 436//4168 439//4168
f 432//4169 436//4169 435//4169
f 431//4170 432//4170 435//4170
f 428//4171 432//4171 431//4171
f 427//4172 428//4172 431//4172
f 424//4173 428//4173 427//4173
f 423//4174 424//4174 427//4174
f 420//4175 424//4175 423//4175
f 419//4176 420//4176 423//4176
f 416//4177 420//4177 419//4177
f 415//4178 416//4178 419//4178
f 412//4179 416//4179 415//4179
f 411//4180 412//4180 415//4180
f 408//4181 412//4181 411//4181
f 407//4182 408//4182 411//4182
f 399//4183 408//4183 407//4183
f 398//4184 399//4184 407//4184
f 385//4185 399//4185 398//4185
f 384//4186 385//4186 398//4186
f 381//4187 385//4187 384//4187
f 380//4188 381//4188 384//4188
f 367//4189 381//4189 380//4189
f 366//4190 367//4190 380//4190
f 360//4191 367//4191 366//4191
f 359//4192 360//4192 366//4192
f 349//4193 360//4193 359//4193
f 348//4194 349//4194 359//4194
f 342//4195 349//4195 348//4195
f 341//4196 342//4196 348//4196
f 336//4197 342//4197 341//4197
f 335//4198 336//4198 341//4198
f 327//4199 336//4199 335//4199
f 326//4200 327//4200 335//4200
f 323//4201 327//4201 326//4201
f 322//4202 323//4202 326//4202
f 325//4203 323//4203 322//4203
f 324//4204 325//4204 322//4204
f 329//4205 325//4205 324//4205
f 328//4206 329//4206 324//4206
f 338//4207 329//4207 328//4207
f 337//4208 338//4208 328//4208
f 344//4209 338//4209 337//4209
f 343//4210 344//4210 337//4210
f 351//4211 344//4211 343//4211
f 350//4212 351//4212 343//4212
f 362//4213 351//4213 350//4213
f 361//4214 362//4214 350//4214
f 369//4215 362//4215 361//4215
f 368//4216 369//4216 361//4216
f 383//4217 369//4217 368//4217
f 382//4218 383//4218 368//4218
f 387//4219 383//4219 382//4219
f 386//4220 387//4220 382//4220
f 401//4221 387//4221 386//4221
f 400//4222 401//4222 386//4222
f 410//4223 401//4223 400//4223
f 409//4224 410//4224 400//4224
f 414//4225 410//4225 409//4225
f 413//4226 414//4226 409//4226
f 418//4227 414//4227 413//4227
f 417//4228 418//4228 413//4228
f 422//4229 418//4229 417//4229
f 421//4230 422//4230 417//4230
f 426//4231 422//4231 421//4231
f 425//4232 426//4232 421//4232
f 430//4233 426//4233 425//4233
f 429//4234 430//4234 425//4234
f 434//4235 430//4235 429//4235
f 433//4236 434//4236 429//4236
f 438//4237 434//4237 433//4237
f 437//4238 438//4238 433//4238
f 442//4239 438//4239 437//4239
f 441//4240 442//4240 437//4240
f 446//4241 442//4241 441//4241
f 445//4242 446//4242 441//4242
f 1615//4243 1616//4243 1629//4243
f 1628//4244 1615//4244 1629//4244
f 1627//4245 1626//4245 1628//4245
f 1629//4246 1627//4246 1628//4246
