# Created by FreeCAD <https://www.freecad.org>
v -179.621307 -76.000000 -219.032013
v -179.621307 -76.000000 -213.532013
v -179.621307 -72.000000 -219.032013
v -179.621307 -72.000000 -213.532013
v -178.621307 -76.000000 -220.032013
v -178.621307 -76.000000 -220.031982
v -178.621307 -76.000000 -212.532013
v -178.621307 -72.000000 -220.032013
v -178.621307 -72.000000 -220.031982
v -178.621307 -72.000000 -212.532013
v -177.621307 -76.000000 -216.282013
v -177.621307 -73.000000 -216.282013
v -177.553162 -76.000000 -216.799652
v -177.553162 -76.000000 -215.764374
v -177.553162 -73.000000 -216.799652
v -177.553162 -73.000000 -215.764374
v -177.353363 -76.000000 -217.282013
v -177.353363 -76.000000 -215.282013
v -177.353363 -73.000000 -217.282013
v -177.353363 -73.000000 -215.282013
v -177.035522 -76.000000 -217.696228
v -177.035522 -76.000000 -214.867798
v -177.035522 -73.000000 -217.696228
v -177.035522 -73.000000 -214.867798
v -176.746307 -73.000000 -216.282013
v -176.746307 -72.000000 -216.282013
v -176.707977 -73.000000 -216.573196
v -176.707977 -73.000000 -215.990845
v -176.707977 -72.000000 -216.573196
v -176.707977 -72.000000 -215.990845
v -176.621307 -76.000000 -218.014069
v -176.621307 -76.000000 -214.549973
v -176.621307 -73.000000 -218.014069
v -176.621307 -73.000000 -214.549973
v -176.595581 -73.000000 -216.844513
v -176.595581 -73.000000 -215.719513
v -176.595581 -72.000000 -216.844513
v -176.595581 -72.000000 -215.719513
v -176.416809 -73.000000 -217.077515
v -176.416809 -73.000000 -215.486526
v -176.416809 -72.000000 -217.077515
v -176.416809 -72.000000 -215.486526
v -176.183807 -73.000000 -217.256302
v -176.183807 -73.000000 -215.307739
v -176.183807 -72.000000 -217.256302
v -176.183807 -72.000000 -215.307739
v -176.138947 -76.000000 -218.213867
v -176.138947 -76.000000 -214.350174
v -176.138947 -73.000000 -218.213867
v -176.138947 -73.000000 -214.350174
v -175.912476 -73.000000 -217.368683
v -175.912476 -73.000000 -215.195358
v -175.912476 -72.000000 -217.368683
v -175.912476 -72.000000 -215.195358
v -175.621307 -76.000000 -218.282013
v -175.621307 -76.000000 -214.282013
v -175.621307 -73.000000 -218.282013
v -175.621307 -73.000000 -217.407013
v -175.621307 -73.000000 -215.157013
v -175.621307 -73.000000 -214.282013
v -175.621307 -72.000000 -217.407013
v -175.621307 -72.000000 -215.157013
v -175.330139 -73.000000 -217.368683
v -175.330139 -73.000000 -215.195358
v -175.330139 -72.000000 -217.368683
v -175.330139 -72.000000 -215.195358
v -175.103668 -76.000000 -218.213867
v -175.103668 -76.000000 -214.350174
v -175.103668 -73.000000 -218.213867
v -175.103668 -73.000000 -214.350174
v -175.058807 -73.000000 -217.256302
v -175.058807 -73.000000 -215.307739
v -175.058807 -72.000000 -217.256302
v -175.058807 -72.000000 -215.307739
v -174.825806 -73.000000 -217.077515
v -174.825806 -73.000000 -215.486526
v -174.825806 -72.000000 -217.077515
v -174.825806 -72.000000 -215.486526
v -174.647034 -73.000000 -216.844513
v -174.647034 -73.000000 -215.719513
v -174.647034 -72.000000 -216.844513
v -174.647034 -72.000000 -215.719513
v -174.621307 -76.000000 -218.014069
v -174.621307 -76.000000 -214.549973
v -174.621307 -73.000000 -218.014069
v -174.621307 -73.000000 -214.549973
v -174.534637 -73.000000 -216.573196
v -174.534637 -73.000000 -215.990845
v -174.534637 -72.000000 -216.573196
v -174.534637 -72.000000 -215.990845
v -174.496307 -73.000000 -216.282013
v -174.496307 -72.000000 -216.282013
v -174.207092 -76.000000 -217.696228
v -174.207092 -76.000000 -214.867798
v -174.207092 -73.000000 -217.696228
v -174.207092 -73.000000 -214.867798
v -173.889252 -76.000000 -217.282013
v -173.889252 -76.000000 -215.282013
v -173.889252 -73.000000 -217.282013
v -173.889252 -73.000000 -215.282013
v -173.689453 -76.000000 -216.799652
v -173.689453 -76.000000 -215.764374
v -173.689453 -73.000000 -216.799652
v -173.689453 -73.000000 -215.764374
v -173.621307 -76.000000 -216.282013
v -173.621307 -73.000000 -216.282013
v -172.621307 -76.000000 -212.532013
v -172.621307 -72.000000 -212.532013
v -171.621307 -76.000000 -211.532013
v -171.621307 -76.000000 -140.566727
v -171.621307 -74.000000 -220.031982
v -171.621307 -74.000000 -211.532013
v -171.621307 -74.000000 -144.967987
v -171.621307 -72.000000 -220.031982
v -171.621307 -72.000000 -211.532013
v -171.621307 -72.000000 -144.967987
v -171.621307 -72.000000 -140.566727
v -169.871307 -76.000000 -142.615173
v -169.871307 -73.000000 -142.615173
v -169.803162 -76.000000 -143.132812
v -169.803162 -76.000000 -142.097534
v -169.803162 -73.000000 -143.132812
v -169.803162 -73.000000 -142.097534
v -169.764465 -76.000000 -139.309784
v -169.764465 -72.000000 -139.309784
v -169.603363 -76.000000 -143.615173
v -169.603363 -76.000000 -141.615173
v -169.603363 -73.000000 -143.615173
v -169.603363 -73.000000 -141.615173
v -169.285522 -76.000000 -144.029388
v -169.285522 -76.000000 -141.200958
v -169.285522 -73.000000 -144.029388
v -169.285522 -73.000000 -141.200958
v -168.996307 -73.000000 -142.615173
v -168.996307 -72.000000 -142.615173
v -168.957977 -73.000000 -142.906342
v -168.957977 -73.000000 -142.323990
v -168.957977 -72.000000 -142.906342
v -168.957977 -72.000000 -142.323990
v -168.871307 -76.000000 -144.347214
v -168.871307 -76.000000 -140.883118
v -168.871307 -73.000000 -144.347214
v -168.871307 -73.000000 -140.883118
v -168.845581 -73.000000 -143.177673
v -168.845581 -73.000000 -142.052673
v -168.845581 -72.000000 -143.177673
v -168.845581 -72.000000 -142.052673
v -168.666809 -73.000000 -143.410660
v -168.666809 -73.000000 -141.819672
v -168.666809 -72.000000 -143.410660
v -168.666809 -72.000000 -141.819672
v -168.433807 -73.000000 -143.589447
v -168.433807 -73.000000 -141.640884
v -168.433807 -72.000000 -143.589447
v -168.433807 -72.000000 -141.640884
v -168.388947 -76.000000 -144.547012
v -168.388947 -76.000000 -140.683319
v -168.388947 -73.000000 -144.547012
v -168.388947 -73.000000 -140.683319
v -168.162476 -73.000000 -143.701828
v -168.162476 -73.000000 -141.528503
v -168.162476 -72.000000 -143.701828
v -168.162476 -72.000000 -141.528503
v -167.871307 -76.000000 -144.615173
v -167.871307 -76.000000 -140.615173
v -167.871307 -73.000000 -144.615173
v -167.871307 -73.000000 -143.740173
v -167.871307 -73.000000 -141.490173
v -167.871307 -73.000000 -140.615173
v -167.871307 -72.000000 -143.740173
v -167.871307 -72.000000 -141.490173
v -167.580139 -73.000000 -143.701828
v -167.580139 -73.000000 -141.528503
v -167.580139 -72.000000 -143.701828
v -167.580139 -72.000000 -141.528503
v -167.353668 -76.000000 -144.547012
v -167.353668 -76.000000 -140.683319
v -167.353668 -73.000000 -144.547012
v -167.353668 -73.000000 -140.683319
v -167.308807 -73.000000 -143.589447
v -167.308807 -73.000000 -141.640884
v -167.308807 -72.000000 -143.589447
v -167.308807 -72.000000 -141.640884
v -167.075806 -73.000000 -143.410660
v -167.075806 -73.000000 -141.819672
v -167.075806 -72.000000 -143.410660
v -167.075806 -72.000000 -141.819672
v -166.897034 -73.000000 -143.177673
v -166.897034 -73.000000 -142.052673
v -166.897034 -72.000000 -143.177673
v -166.897034 -72.000000 -142.052673
v -166.871307 -76.000000 -144.347214
v -166.871307 -76.000000 -140.883118
v -166.871307 -73.000000 -144.347214
v -166.871307 -73.000000 -140.883118
v -166.784637 -73.000000 -142.906342
v -166.784637 -73.000000 -142.323990
v -166.784637 -72.000000 -142.906342
v -166.784637 -72.000000 -142.323990
v -166.746307 -73.000000 -142.615173
v -166.746307 -72.000000 -142.615173
v -166.457092 -76.000000 -144.029388
v -166.457092 -76.000000 -141.200958
v -166.457092 -73.000000 -144.029388
v -166.457092 -73.000000 -141.200958
v -166.139252 -76.000000 -143.615173
v -166.139252 -76.000000 -141.615173
v -166.139252 -73.000000 -143.615173
v -166.139252 -73.000000 -141.615173
v -165.939453 -76.000000 -143.132812
v -165.939453 -76.000000 -142.097534
v -165.939453 -73.000000 -143.132812
v -165.939453 -73.000000 -142.097534
v -165.871307 -76.000000 -142.615173
v -165.871307 -73.000000 -142.615173
v -165.172379 -76.000000 -193.162033
v -165.172379 -76.000000 -171.190109
v -165.172379 -74.000000 -193.162033
v -165.172379 -74.000000 -171.190109
v -165.049728 -76.000000 -141.196457
v -165.049728 -72.000000 -141.196457
v -164.769287 -74.000000 -210.439987
v -164.769287 -74.000000 -154.559982
v -164.681534 -74.000000 -211.218811
v -164.681534 -74.000000 -209.661163
v -164.681534 -74.000000 -155.338806
v -164.681534 -74.000000 -153.781158
v -164.510468 -73.965927 -210.439987
v -164.510468 -73.965927 -154.559982
v -164.448196 -73.965927 -211.072311
v -164.448196 -73.965927 -209.807663
v -164.448196 -73.965927 -155.192307
v -164.448196 -73.965927 -153.927658
v -164.422684 -74.000000 -211.958572
v -164.422684 -74.000000 -208.921387
v -164.422684 -74.000000 -156.078568
v -164.422684 -74.000000 -153.041382
v -164.269287 -73.866028 -210.439987
v -164.269287 -73.866028 -154.559982
v -164.263748 -73.965927 -211.680328
v -164.263748 -73.965927 -209.199631
v -164.263748 -73.965927 -155.800323
v -164.263748 -73.965927 -153.319641
v -164.211655 -73.866028 -211.025253
v -164.211655 -73.866028 -209.854706
v -164.211655 -73.866028 -155.145248
v -164.211655 -73.866028 -153.974716
v -164.121307 -76.000000 -143.967987
v -164.121307 -76.000000 -142.567978
v -164.121307 -72.000000 -143.967987
v -164.121307 -72.000000 -142.567978
v -164.062180 -73.707108 -210.439987
v -164.062180 -73.707108 -154.559982
v -164.040924 -73.866028 -211.588028
v -164.040924 -73.866028 -209.291931
v -164.040924 -73.866028 -155.708038
v -164.040924 -73.866028 -153.411926
v -164.008514 -73.707108 -210.984848
v -164.008514 -73.707108 -209.895111
v -164.008514 -73.707108 -155.104843
v -164.008514 -73.707108 -154.015121
v -164.005707 -74.000000 -212.622192
v -164.005707 -74.000000 -208.257767
v -164.005707 -74.000000 -156.742203
v -164.005707 -74.000000 -152.377762
v -163.964233 -73.965927 -212.240692
v -163.964233 -73.965927 -208.639282
v -163.964233 -73.965927 -156.360687
v -163.964233 -73.965927 -152.759277
v -163.903259 -73.500000 -210.439987
v -163.903259 -73.500000 -154.559982
v -163.852661 -73.500000 -210.953842
v -163.852661 -73.500000 -209.926117
v -163.852661 -73.500000 -155.073837
v -163.852661 -73.500000 -154.046112
v -163.849594 -73.707108 -211.508774
v -163.849594 -73.707108 -209.371185
v -163.849594 -73.707108 -155.628769
v -163.849594 -73.707108 -153.491180
v -163.803360 -73.258820 -210.439987
v -163.803360 -73.258820 -154.559982
v -163.769287 -73.000000 -210.439987
v -163.769287 -73.000000 -154.559982
v -163.769287 -72.000000 -210.439987
v -163.769287 -72.000000 -154.559982
v -163.763702 -73.866028 -212.106689
v -163.763702 -73.866028 -208.773270
v -163.763702 -73.866028 -156.226700
v -163.763702 -73.866028 -152.893265
v -163.754669 -73.258820 -210.934357
v -163.754669 -73.258820 -209.945602
v -163.754669 -73.258820 -155.054352
v -163.754669 -73.258820 -154.065613
v -163.702774 -73.500000 -211.447968
v -163.702774 -73.500000 -209.432007
v -163.702774 -73.500000 -155.567963
v -163.702774 -73.500000 -153.552002
v -163.684113 -73.000000 -211.087036
v -163.684113 -73.000000 -209.792938
v -163.684113 -73.000000 -155.207031
v -163.684113 -73.000000 -153.912933
v -163.684113 -72.000000 -211.087036
v -163.684113 -72.000000 -209.792938
v -163.684113 -72.000000 -155.207031
v -163.684113 -72.000000 -153.912933
v -163.610474 -73.258820 -211.409729
v -163.610474 -73.258820 -209.470230
v -163.610474 -73.258820 -155.529724
v -163.610474 -73.258820 -153.590240
v -163.591492 -73.707108 -211.991623
v -163.591492 -73.707108 -208.888336
v -163.591492 -73.707108 -156.111633
v -163.591492 -73.707108 -153.008331
v -163.561157 -73.965927 -212.731842
v -163.561157 -73.965927 -208.148117
v -163.561157 -73.965927 -156.851837
v -163.561157 -73.965927 -152.268127
v -163.459366 -73.500000 -211.903336
v -163.459366 -73.500000 -208.976624
v -163.459366 -73.500000 -156.023346
v -163.459366 -73.500000 -153.096619
v -163.451508 -74.000000 -213.176392
v -163.451508 -74.000000 -207.703568
v -163.451508 -74.000000 -157.296387
v -163.451508 -74.000000 -151.823578
v -163.434357 -73.000000 -211.689987
v -163.434357 -73.000000 -209.189987
v -163.434357 -73.000000 -155.809982
v -163.434357 -73.000000 -153.309982
v -163.434357 -72.000000 -211.689987
v -163.434357 -72.000000 -209.189987
v -163.434357 -72.000000 -155.809982
v -163.434357 -72.000000 -153.309982
v -163.390610 -73.866028 -212.561295
v -163.390610 -73.866028 -208.318665
v -163.390610 -73.866028 -156.681305
v -163.390610 -73.866028 -152.438660
v -163.376297 -73.258820 -211.847839
v -163.376297 -73.258820 -209.032120
v -163.376297 -73.258820 -155.967834
v -163.376297 -73.258820 -153.152130
v -163.244171 -73.707108 -212.414856
v -163.244171 -73.707108 -208.465103
v -163.244171 -73.707108 -156.534851
v -163.244171 -73.707108 -152.585114
v -163.131790 -73.500000 -212.302490
v -163.131790 -73.500000 -208.577484
v -163.131790 -73.500000 -156.422485
v -163.131790 -73.500000 -152.697479
v -163.121307 -76.000000 -144.967987
v -163.121307 -74.000000 -144.967987
v -163.121307 -72.000000 -144.967987
v -163.069992 -73.965927 -213.134918
v -163.069992 -73.965927 -207.745041
v -163.069992 -73.965927 -157.254929
v -163.069992 -73.965927 -151.865036
v -163.061157 -73.258820 -212.231842
v -163.061157 -73.258820 -208.648117
v -163.061157 -73.258820 -156.351837
v -163.061157 -73.258820 -152.768127
v -163.037064 -73.000000 -212.207748
v -163.037064 -73.000000 -208.672211
v -163.037064 -73.000000 -156.327744
v -163.037064 -73.000000 -152.792221
v -163.037064 -72.000000 -212.207748
v -163.037064 -72.000000 -208.672211
v -163.037064 -72.000000 -156.327744
v -163.037064 -72.000000 -152.792221
v -162.936005 -73.866028 -212.934387
v -162.936005 -73.866028 -207.945572
v -162.936005 -73.866028 -157.054398
v -162.936005 -73.866028 -152.065567
v -162.820938 -73.707108 -212.762192
v -162.820938 -73.707108 -208.117783
v -162.820938 -73.707108 -156.882187
v -162.820938 -73.707108 -152.237778
v -162.787888 -74.000000 -213.593369
v -162.787888 -74.000000 -207.286591
v -162.787888 -74.000000 -157.713379
v -162.787888 -74.000000 -151.406586
v -162.732651 -73.500000 -212.630051
v -162.732651 -73.500000 -208.249908
v -162.732651 -73.500000 -156.750046
v -162.732651 -73.500000 -152.369919
v -162.677155 -73.258820 -212.546982
v -162.677155 -73.258820 -208.332977
v -162.677155 -73.258820 -156.666992
v -162.677155 -73.258820 -152.452972
v -162.519287 -73.000000 -212.605042
v -162.519287 -73.000000 -208.274918
v -162.519287 -73.000000 -156.725052
v -162.519287 -73.000000 -152.394913
v -162.519287 -72.000000 -212.605042
v -162.519287 -72.000000 -208.274918
v -162.519287 -72.000000 -156.725052
v -162.519287 -72.000000 -152.394913
v -162.509644 -73.965927 -213.434448
v -162.509644 -73.965927 -207.445526
v -162.509644 -73.965927 -157.554443
v -162.509644 -73.965927 -151.565521
v -162.417343 -73.866028 -213.211624
v -162.417343 -73.866028 -207.668350
v -162.417343 -73.866028 -157.331619
v -162.417343 -73.866028 -151.788345
v -162.338089 -73.707108 -213.020279
v -162.338089 -73.707108 -207.859680
v -162.338089 -73.707108 -157.140274
v -162.338089 -73.707108 -151.979691
v -162.277267 -73.500000 -212.873459
v -162.277267 -73.500000 -208.006500
v -162.277267 -73.500000 -156.993454
v -162.277267 -73.500000 -152.126511
v -162.269287 -74.500000 -210.439987
v -162.269287 -74.500000 -154.559982
v -162.269287 -72.000000 -210.439987
v -162.269287 -72.000000 -154.559982
v -162.239044 -73.258820 -212.781158
v -162.239044 -73.258820 -208.098801
v -162.239044 -73.258820 -156.901154
v -162.239044 -73.258820 -152.218796
v -162.235214 -74.500000 -210.698807
v -162.235214 -74.500000 -210.181168
v -162.235214 -74.500000 -154.818802
v -162.235214 -74.500000 -154.301163
v -162.235214 -72.000000 -210.698807
v -162.235214 -72.000000 -210.181168
v -162.235214 -72.000000 -154.818802
v -162.235214 -72.000000 -154.301163
v -162.210037 -76.000000 -179.936768
v -162.210037 -74.000000 -179.936768
v -162.138077 -76.000000 -180.531662
v -162.138077 -74.000000 -180.531662
v -162.135315 -74.500000 -210.939987
v -162.135315 -74.500000 -209.939987
v -162.135315 -74.500000 -155.059982
v -162.135315 -74.500000 -154.059982
v -162.135315 -72.000000 -210.939987
v -162.135315 -72.000000 -209.939987
v -162.135315 -72.000000 -155.059982
v -162.135315 -72.000000 -154.059982
v -162.077393 -76.000000 -181.127457
v -162.077393 -74.000000 -181.127457
v -162.069641 -76.000000 -171.190109
v -162.069641 -74.000000 -171.190109
v -162.048111 -74.000000 -213.852234
v -162.048111 -74.000000 -207.027740
v -162.048111 -74.000000 -157.972229
v -162.048111 -74.000000 -151.147736
v -162.037796 -76.000000 -181.724869
v -162.037796 -74.000000 -181.724869
v -162.013474 -76.000000 -193.162033
v -162.013474 -76.000000 -182.323486
v -162.013474 -74.000000 -193.162033
v -162.013474 -74.000000 -182.323486
v -161.976395 -74.500000 -211.147095
v -161.976395 -74.500000 -209.732880
v -161.976395 -74.500000 -155.267090
v -161.976395 -74.500000 -153.852875
v -161.976395 -72.000000 -211.147095
v -161.976395 -72.000000 -209.732880
v -161.976395 -72.000000 -155.267090
v -161.976395 -72.000000 -153.852875
v -161.916336 -73.000000 -212.854797
v -161.916336 -73.000000 -208.025162
v -161.916336 -73.000000 -156.974792
v -161.916336 -73.000000 -152.145172
v -161.916336 -72.000000 -212.854797
v -161.916336 -72.000000 -208.025162
v -161.916336 -72.000000 -156.974792
v -161.916336 -72.000000 -152.145172
v -161.901611 -73.965927 -213.618881
v -161.901611 -73.965927 -207.261078
v -161.901611 -73.965927 -157.738892
v -161.901611 -73.965927 -151.381073
v -161.854568 -73.866028 -213.382339
v -161.854568 -73.866028 -207.497620
v -161.854568 -73.866028 -157.502335
v -161.854568 -73.866028 -151.617630
v -161.814163 -73.707108 -213.179214
v -161.814163 -73.707108 -207.700760
v -161.814163 -73.707108 -157.299210
v -161.814163 -73.707108 -151.820755
v -161.783157 -73.500000 -213.023346
v -161.783157 -73.500000 -207.856613
v -161.783157 -73.500000 -157.143341
v -161.783157 -73.500000 -151.976624
v -161.769287 -74.500000 -211.306000
v -161.769287 -74.500000 -209.573959
v -161.769287 -74.500000 -155.426010
v -161.769287 -74.500000 -153.693954
v -161.769287 -72.000000 -211.306000
v -161.769287 -72.000000 -209.573959
v -161.769287 -72.000000 -155.426010
v -161.769287 -72.000000 -153.693954
v -161.763672 -73.258820 -212.925369
v -161.763672 -73.258820 -207.954605
v -161.763672 -73.258820 -157.045364
v -161.763672 -73.258820 -152.074600
v -161.528107 -74.500000 -211.405914
v -161.528107 -74.500000 -209.474060
v -161.528107 -74.500000 -155.525909
v -161.528107 -74.500000 -153.594055
v -161.528107 -72.000000 -211.405914
v -161.528107 -72.000000 -209.474060
v -161.528107 -72.000000 -155.525909
v -161.528107 -72.000000 -153.594055
v -161.269287 -74.500000 -211.439987
v -161.269287 -74.500000 -209.439987
v -161.269287 -74.500000 -155.559982
v -161.269287 -74.500000 -153.559982
v -161.269287 -74.000000 -213.939987
v -161.269287 -74.000000 -206.939987
v -161.269287 -74.000000 -158.059982
v -161.269287 -74.000000 -151.059982
v -161.269287 -73.965927 -213.681168
v -161.269287 -73.965927 -207.198807
v -161.269287 -73.965927 -157.801163
v -161.269287 -73.965927 -151.318802
v -161.269287 -73.866028 -213.439987
v -161.269287 -73.866028 -207.439987
v -161.269287 -73.866028 -157.559982
v -161.269287 -73.866028 -151.559982
v -161.269287 -73.707108 -213.232880
v -161.269287 -73.707108 -207.647095
v -161.269287 -73.707108 -157.352875
v -161.269287 -73.707108 -151.767090
v -161.269287 -73.500000 -213.073959
v -161.269287 -73.500000 -207.806000
v -161.269287 -73.500000 -157.193954
v -161.269287 -73.500000 -151.926010
v -161.269287 -73.258820 -212.974060
v -161.269287 -73.258820 -207.905914
v -161.269287 -73.258820 -157.094055
v -161.269287 -73.258820 -152.025909
v -161.269287 -73.000000 -212.939987
v -161.269287 -73.000000 -207.939987
v -161.269287 -73.000000 -157.059982
v -161.269287 -73.000000 -152.059982
v -161.269287 -72.000000 -212.939987
v -161.269287 -72.000000 -211.439987
v -161.269287 -72.000000 -209.439987
v -161.269287 -72.000000 -207.939987
v -161.269287 -72.000000 -157.059982
v -161.269287 -72.000000 -155.559982
v -161.269287 -72.000000 -153.559982
v -161.269287 -72.000000 -152.059982
v -161.010468 -74.500000 -211.405914
v -161.010468 -74.500000 -209.474060
v -161.010468 -74.500000 -155.525909
v -161.010468 -74.500000 -153.594055
v -161.010468 -72.000000 -211.405914
v -161.010468 -72.000000 -209.474060
v -161.010468 -72.000000 -155.525909
v -161.010468 -72.000000 -153.594055
v -160.774918 -73.258820 -212.925369
v -160.774918 -73.258820 -207.954605
v -160.774918 -73.258820 -157.045364
v -160.774918 -73.258820 -152.074600
v -160.769287 -74.500000 -211.306000
v -160.769287 -74.500000 -209.573959
v -160.769287 -74.500000 -155.426010
v -160.769287 -74.500000 -153.693954
v -160.769287 -72.000000 -211.306000
v -160.769287 -72.000000 -209.573959
v -160.769287 -72.000000 -155.426010
v -160.769287 -72.000000 -153.693954
v -160.755432 -73.500000 -213.023346
v -160.755432 -73.500000 -207.856613
v -160.755432 -73.500000 -157.143341
v -160.755432 -73.500000 -151.976624
v -160.724426 -73.707108 -213.179214
v -160.724426 -73.707108 -207.700760
v -160.724426 -73.707108 -157.299210
v -160.724426 -73.707108 -151.820755
v -160.684021 -73.866028 -213.382339
v -160.684021 -73.866028 -207.497620
v -160.684021 -73.866028 -157.502335
v -160.684021 -73.866028 -151.617630
v -160.636963 -73.965927 -213.618881
v -160.636963 -73.965927 -207.261078
v -160.636963 -73.965927 -157.738892
v -160.636963 -73.965927 -151.381073
v -160.622238 -73.000000 -212.854797
v -160.622238 -73.000000 -208.025162
v -160.622238 -73.000000 -156.974792
v -160.622238 -73.000000 -152.145172
v -160.622238 -72.000000 -212.854797
v -160.622238 -72.000000 -208.025162
v -160.622238 -72.000000 -156.974792
v -160.622238 -72.000000 -152.145172
v -160.562180 -74.500000 -211.147095
v -160.562180 -74.500000 -209.732880
v -160.562180 -74.500000 -155.267090
v -160.562180 -74.500000 -153.852875
v -160.562180 -72.000000 -211.147095
v -160.562180 -72.000000 -209.732880
v -160.562180 -72.000000 -155.267090
v -160.562180 -72.000000 -153.852875
v -160.490463 -74.000000 -213.852234
v -160.490463 -74.000000 -207.027740
v -160.490463 -74.000000 -157.972229
v -160.490463 -74.000000 -151.147736
v -160.403259 -74.500000 -210.939987
v -160.403259 -74.500000 -209.939987
v -160.403259 -74.500000 -155.059982
v -160.403259 -74.500000 -154.059982
v -160.403259 -72.000000 -210.939987
v -160.403259 -72.000000 -209.939987
v -160.403259 -72.000000 -155.059982
v -160.403259 -72.000000 -154.059982
v -160.303360 -74.500000 -210.698807
v -160.303360 -74.500000 -210.181168
v -160.303360 -74.500000 -154.818802
v -160.303360 -74.500000 -154.301163
v -160.303360 -72.000000 -210.698807
v -160.303360 -72.000000 -210.181168
v -160.303360 -72.000000 -154.818802
v -160.303360 -72.000000 -154.301163
v -160.299545 -73.258820 -212.781158
v -160.299545 -73.258820 -208.098801
v -160.299545 -73.258820 -156.901154
v -160.299545 -73.258820 -152.218796
v -160.269287 -74.500000 -210.439987
v -160.269287 -74.500000 -154.559982
v -160.269287 -72.000000 -210.439987
v -160.269287 -72.000000 -154.559982
v -160.261307 -73.500000 -212.873459
v -160.261307 -73.500000 -208.006500
v -160.261307 -73.500000 -156.993454
v -160.261307 -73.500000 -152.126511
v -160.200500 -73.707108 -213.020279
v -160.200500 -73.707108 -207.859680
v -160.200500 -73.707108 -157.140274
v -160.200500 -73.707108 -151.979691
v -160.121246 -73.866028 -213.211624
v -160.121246 -73.866028 -207.668350
v -160.121246 -73.866028 -157.331619
v -160.121246 -73.866028 -151.788345
v -160.028946 -73.965927 -213.434448
v -160.028946 -73.965927 -207.445526
v -160.028946 -73.965927 -157.554443
v -160.028946 -73.965927 -151.565521
v -160.019287 -73.000000 -212.605042
v -160.019287 -73.000000 -208.274918
v -160.019287 -73.000000 -156.725052
v -160.019287 -73.000000 -152.394913
v -160.019287 -72.000000 -212.605042
v -160.019287 -72.000000 -208.274918
v -160.019287 -72.000000 -156.725052
v -160.019287 -72.000000 -152.394913
v -159.861435 -73.258820 -212.546982
v -159.861435 -73.258820 -208.332977
v -159.861435 -73.258820 -156.666992
v -159.861435 -73.258820 -152.452972
v -159.805939 -73.500000 -212.630051
v -159.805939 -73.500000 -208.249908
v -159.805939 -73.500000 -156.750046
v -159.805939 -73.500000 -152.369919
v -159.750702 -74.000000 -213.593369
v -159.750702 -74.000000 -207.286591
v -159.750702 -74.000000 -157.713379
v -159.750702 -74.000000 -151.406586
v -159.717636 -73.707108 -212.762192
v -159.717636 -73.707108 -208.117783
v -159.717636 -73.707108 -156.882187
v -159.717636 -73.707108 -152.237778
v -159.602585 -73.866028 -212.934387
v -159.602585 -73.866028 -207.945572
v -159.602585 -73.866028 -157.054398
v -159.602585 -73.866028 -152.065567
v -159.501526 -73.000000 -212.207748
v -159.501526 -73.000000 -208.672211
v -159.501526 -73.000000 -156.327744
v -159.501526 -73.000000 -152.792221
v -159.501526 -72.000000 -212.207748
v -159.501526 -72.000000 -208.672211
v -159.501526 -72.000000 -156.327744
v -159.501526 -72.000000 -152.792221
v -159.477432 -73.258820 -212.231842
v -159.477432 -73.258820 -208.648117
v -159.477432 -73.258820 -156.351837
v -159.477432 -73.258820 -152.768127
v -159.468582 -73.965927 -213.134918
v -159.468582 -73.965927 -207.745041
v -159.468582 -73.965927 -157.254929
v -159.468582 -73.965927 -151.865036
v -159.406784 -73.500000 -212.302490
v -159.406784 -73.500000 -208.577484
v -159.406784 -73.500000 -156.422485
v -159.406784 -73.500000 -152.697479
v -159.360001 -76.000000 -191.154373
v -159.360001 -74.000000 -191.154373
v -159.294418 -73.707108 -212.414856
v -159.294418 -73.707108 -208.465103
v -159.294418 -73.707108 -156.534851
v -159.294418 -73.707108 -152.585114
v -159.162292 -73.258820 -211.847839
v -159.162292 -73.258820 -209.032120
v -159.162292 -73.258820 -155.967834
v -159.162292 -73.258820 -153.152130
v -159.147964 -73.866028 -212.561295
v -159.147964 -73.866028 -208.318665
v -159.147964 -73.866028 -156.681305
v -159.147964 -73.866028 -152.438660
v -159.104233 -73.000000 -211.689987
v -159.104233 -73.000000 -209.189987
v -159.104233 -73.000000 -155.809982
v -159.104233 -73.000000 -153.309982
v -159.104233 -72.000000 -211.689987
v -159.104233 -72.000000 -209.189987
v -159.104233 -72.000000 -155.809982
v -159.104233 -72.000000 -153.309982
v -159.087082 -74.000000 -213.176392
v -159.087082 -74.000000 -207.703568
v -159.087082 -74.000000 -157.296387
v -159.087082 -74.000000 -151.823578
v -159.079224 -73.500000 -211.903336
v -159.079224 -73.500000 -208.976624
v -159.079224 -73.500000 -156.023346
v -159.079224 -73.500000 -153.096619
v -158.977432 -73.965927 -212.731842
v -158.977432 -73.965927 -208.148117
v -158.977432 -73.965927 -156.851837
v -158.977432 -73.965927 -152.268127
v -158.947083 -73.707108 -211.991623
v -158.947083 -73.707108 -208.888336
v -158.947083 -73.707108 -156.111633
v -158.947083 -73.707108 -153.008331
v -158.928116 -73.258820 -211.409729
v -158.928116 -73.258820 -209.470230
v -158.928116 -73.258820 -155.529724
v -158.928116 -73.258820 -153.590240
v -158.854477 -73.000000 -211.087036
v -158.854477 -73.000000 -209.792938
v -158.854477 -73.000000 -155.207031
v -158.854477 -73.000000 -153.912933
v -158.854477 -72.000000 -211.087036
v -158.854477 -72.000000 -209.792938
v -158.854477 -72.000000 -155.207031
v -158.854477 -72.000000 -153.912933
v -158.835815 -73.500000 -211.447968
v -158.835815 -73.500000 -209.432007
v -158.835815 -73.500000 -155.567963
v -158.835815 -73.500000 -153.552002
v -158.783905 -73.258820 -210.934357
v -158.783905 -73.258820 -209.945602
v -158.783905 -73.258820 -155.054352
v -158.783905 -73.258820 -154.065613
v -158.774887 -73.866028 -212.106689
v -158.774887 -73.866028 -208.773270
v -158.774887 -73.866028 -156.226700
v -158.774887 -73.866028 -152.893265
v -158.769287 -73.000000 -210.439987
v -158.769287 -73.000000 -154.559982
v -158.769287 -72.000000 -210.439987
v -158.769287 -72.000000 -154.559982
v -158.735214 -73.258820 -210.439987
v -158.735214 -73.258820 -154.559982
v -158.688995 -73.707108 -211.508774
v -158.688995 -73.707108 -209.371185
v -158.688995 -73.707108 -155.628769
v -158.688995 -73.707108 -153.491180
v -158.685928 -73.500000 -210.953842
v -158.685928 -73.500000 -209.926117
v -158.685928 -73.500000 -155.073837
v -158.685928 -73.500000 -154.046112
v -158.635315 -73.500000 -210.439987
v -158.635315 -73.500000 -154.559982
v -158.615906 -76.000000 -183.334335
v -158.615906 -74.000000 -183.334335
v -158.578995 -76.000000 -183.582001
v -158.578995 -74.000000 -183.582001
v -158.574341 -73.965927 -212.240692
v -158.574341 -73.965927 -208.639282
v -158.574341 -73.965927 -156.360687
v -158.574341 -73.965927 -152.759277
v -158.552994 -76.000000 -183.830719
v -158.552994 -74.000000 -183.830719
v -158.539215 -76.000000 -184.080627
v -158.539215 -74.000000 -184.080627
v -158.532883 -74.000000 -212.622192
v -158.532883 -74.000000 -208.257767
v -158.532883 -74.000000 -156.742203
v -158.532883 -74.000000 -152.377762
v -158.531662 -76.000000 -184.331146
v -158.531662 -74.000000 -184.331146
v -158.530060 -73.707108 -210.984848
v -158.530060 -73.707108 -209.895111
v -158.530060 -73.707108 -155.104843
v -158.530060 -73.707108 -154.015121
v -158.521362 -76.000000 -184.081085
v -158.521362 -74.000000 -184.081085
v -158.504471 -76.000000 -183.831543
v -158.504471 -74.000000 -183.831543
v -158.497650 -73.866028 -211.588028
v -158.497650 -73.866028 -209.291931
v -158.497650 -73.866028 -155.708038
v -158.497650 -73.866028 -153.411926
v -158.478409 -76.000000 -183.582748
v -158.478409 -74.000000 -183.582748
v -158.476395 -73.707108 -210.439987
v -158.476395 -73.707108 -154.559982
v -158.447433 -76.000000 -183.334335
v -158.447433 -74.000000 -183.334335
v -158.326935 -73.866028 -211.025253
v -158.326935 -73.866028 -209.854706
v -158.326935 -73.866028 -155.145248
v -158.326935 -73.866028 -153.974716
v -158.274826 -73.965927 -211.680328
v -158.274826 -73.965927 -209.199631
v -158.274826 -73.965927 -155.800323
v -158.274826 -73.965927 -153.319641
v -158.269287 -73.866028 -210.439987
v -158.269287 -73.866028 -154.559982
v -158.115906 -74.000000 -211.958572
v -158.115906 -74.000000 -208.921387
v -158.115906 -74.000000 -156.078568
v -158.115906 -74.000000 -153.041382
v -158.090393 -73.965927 -211.072311
v -158.090393 -73.965927 -209.807663
v -158.090393 -73.965927 -155.192307
v -158.090393 -73.965927 -153.927658
v -158.028107 -73.965927 -210.439987
v -158.028107 -73.965927 -154.559982
v -157.857040 -74.000000 -211.218811
v -157.857040 -74.000000 -209.661163
v -157.857040 -74.000000 -155.338806
v -157.857040 -74.000000 -153.781158
v -157.769287 -74.000000 -210.439987
v -157.769287 -74.000000 -154.559982
v -157.689285 -76.000000 -191.154373
v -157.689285 -74.000000 -191.154373
v -155.049850 -76.000000 -193.162033
v -155.049850 -76.000000 -182.323486
v -155.049850 -74.000000 -193.162033
v -155.049850 -74.000000 -182.323486
v -155.026215 -76.000000 -181.724823
v -155.026215 -74.000000 -181.724823
v -154.993698 -76.000000 -171.190109
v -154.993698 -74.000000 -171.190109
v -154.987030 -76.000000 -181.127365
v -154.987030 -74.000000 -181.127365
v -154.926025 -76.000000 -180.531601
v -154.926025 -74.000000 -180.531601
v -154.853302 -76.000000 -179.936768
v -154.853302 -74.000000 -179.936768
v -151.890945 -76.000000 -193.162033
v -151.890945 -76.000000 -171.190109
v -151.890945 -74.000000 -193.162033
v -151.890945 -74.000000 -171.190109
v -149.518265 -76.000000 -193.162033
v -149.518265 -76.000000 -189.764465
v -149.518265 -74.000000 -193.162033
v -149.518265 -74.000000 -189.764465
v -146.359360 -76.000000 -193.162033
v -146.359360 -76.000000 -189.764465
v -146.359360 -74.000000 -193.162033
v -146.359360 -74.000000 -189.764465
v -145.769287 -74.000000 -210.439987
v -145.769287 -74.000000 -154.559982
v -145.681534 -74.000000 -211.218811
v -145.681534 -74.000000 -209.661163
v -145.681534 -74.000000 -155.338806
v -145.681534 -74.000000 -153.781158
v -145.510468 -73.965927 -210.439987
v -145.510468 -73.965927 -154.559982
v -145.448196 -73.965927 -211.072311
v -145.448196 -73.965927 -209.807663
v -145.448196 -73.965927 -155.192307
v -145.448196 -73.965927 -153.927658
v -145.422684 -74.000000 -211.958572
v -145.422684 -74.000000 -208.921387
v -145.422684 -74.000000 -156.078568
v -145.422684 -74.000000 -153.041382
v -145.269287 -73.866028 -210.439987
v -145.269287 -73.866028 -154.559982
v -145.263748 -73.965927 -211.680328
v -145.263748 -73.965927 -209.199631
v -145.263748 -73.965927 -155.800323
v -145.263748 -73.965927 -153.319641
v -145.211655 -73.866028 -211.025253
v -145.211655 -73.866028 -209.854706
v -145.211655 -73.866028 -155.145248
v -145.211655 -73.866028 -153.974716
v -145.062180 -73.707108 -210.439987
v -145.062180 -73.707108 -154.559982
v -145.040924 -73.866028 -211.588028
v -145.040924 -73.866028 -209.291931
v -145.040924 -73.866028 -155.708038
v -145.040924 -73.866028 -153.411926
v -145.008514 -73.707108 -210.984848
v -145.008514 -73.707108 -209.895111
v -145.008514 -73.707108 -155.104843
v -145.008514 -73.707108 -154.015121
v -145.005707 -74.000000 -212.622192
v -145.005707 -74.000000 -208.257767
v -145.005707 -74.000000 -156.742203
v -145.005707 -74.000000 -152.377762
v -144.964233 -73.965927 -212.240692
v -144.964233 -73.965927 -208.639282
v -144.964233 -73.965927 -156.360687
v -144.964233 -73.965927 -152.759277
v -144.903259 -73.500000 -210.439987
v -144.903259 -73.500000 -154.559982
v -144.852661 -73.500000 -210.953842
v -144.852661 -73.500000 -209.926117
v -144.852661 -73.500000 -155.073837
v -144.852661 -73.500000 -154.046112
v -144.849594 -73.707108 -211.508774
v -144.849594 -73.707108 -209.371185
v -144.849594 -73.707108 -155.628769
v -144.849594 -73.707108 -153.491180
v -144.803360 -73.258820 -210.439987
v -144.803360 -73.258820 -154.559982
v -144.769287 -73.000000 -210.439987
v -144.769287 -73.000000 -154.559982
v -144.769287 -72.000000 -210.439987
v -144.769287 -72.000000 -154.559982
v -144.763702 -73.866028 -212.106689
v -144.763702 -73.866028 -208.773270
v -144.763702 -73.866028 -156.226700
v -144.763702 -73.866028 -152.893265
v -144.754669 -73.258820 -210.934357
v -144.754669 -73.258820 -209.945602
v -144.754669 -73.258820 -155.054352
v -144.754669 -73.258820 -154.065613
v -144.702774 -73.500000 -211.447968
v -144.702774 -73.500000 -209.432007
v -144.702774 -73.500000 -155.567963
v -144.702774 -73.500000 -153.552002
v -144.684113 -73.000000 -211.087036
v -144.684113 -73.000000 -209.792938
v -144.684113 -73.000000 -155.207031
v -144.684113 -73.000000 -153.912933
v -144.684113 -72.000000 -211.087036
v -144.684113 -72.000000 -209.792938
v -144.684113 -72.000000 -155.207031
v -144.684113 -72.000000 -153.912933
v -144.610474 -73.258820 -211.409729
v -144.610474 -73.258820 -209.470230
v -144.610474 -73.258820 -155.529724
v -144.610474 -73.258820 -153.590240
v -144.591492 -73.707108 -211.991623
v -144.591492 -73.707108 -208.888336
v -144.591492 -73.707108 -156.111633
v -144.591492 -73.707108 -153.008331
v -144.561157 -73.965927 -212.731842
v -144.561157 -73.965927 -208.148117
v -144.561157 -73.965927 -156.851837
v -144.561157 -73.965927 -152.268127
v -144.459366 -73.500000 -211.903336
v -144.459366 -73.500000 -208.976624
v -144.459366 -73.500000 -156.023346
v -144.459366 -73.500000 -153.096619
v -144.451508 -74.000000 -213.176392
v -144.451508 -74.000000 -207.703568
v -144.451508 -74.000000 -157.296387
v -144.451508 -74.000000 -151.823578
v -144.434357 -73.000000 -211.689987
v -144.434357 -73.000000 -209.189987
v -144.434357 -73.000000 -155.809982
v -144.434357 -73.000000 -153.309982
v -144.434357 -72.000000 -211.689987
v -144.434357 -72.000000 -209.189987
v -144.434357 -72.000000 -155.809982
v -144.434357 -72.000000 -153.309982
v -144.390610 -73.866028 -212.561295
v -144.390610 -73.866028 -208.318665
v -144.390610 -73.866028 -156.681305
v -144.390610 -73.866028 -152.438660
v -144.376297 -73.258820 -211.847839
v -144.376297 -73.258820 -209.032120
v -144.376297 -73.258820 -155.967834
v -144.376297 -73.258820 -153.152130
v -144.244171 -73.707108 -212.414856
v -144.244171 -73.707108 -208.465103
v -144.244171 -73.707108 -156.534851
v -144.244171 -73.707108 -152.585114
v -144.131790 -73.500000 -212.302490
v -144.131790 -73.500000 -208.577484
v -144.131790 -73.500000 -156.422485
v -144.131790 -73.500000 -152.697479
v -144.069992 -73.965927 -213.134918
v -144.069992 -73.965927 -207.745041
v -144.069992 -73.965927 -157.254929
v -144.069992 -73.965927 -151.865036
v -144.061157 -73.258820 -212.231842
v -144.061157 -73.258820 -208.648117
v -144.061157 -73.258820 -156.351837
v -144.061157 -73.258820 -152.768127
v -144.037064 -73.000000 -212.207748
v -144.037064 -73.000000 -208.672211
v -144.037064 -73.000000 -156.327744
v -144.037064 -73.000000 -152.792221
v -144.037064 -72.000000 -212.207748
v -144.037064 -72.000000 -208.672211
v -144.037064 -72.000000 -156.327744
v -144.037064 -72.000000 -152.792221
v -143.972641 -76.000000 -191.154373
v -143.972641 -76.000000 -186.086090
v -143.972641 -76.000000 -178.013336
v -143.972641 -76.000000 -173.211807
v -143.972641 -74.000000 -191.154373
v -143.972641 -74.000000 -186.086090
v -143.972641 -74.000000 -178.013336
v -143.972641 -74.000000 -173.211807
v -143.936005 -73.866028 -212.934387
v -143.936005 -73.866028 -207.945572
v -143.936005 -73.866028 -157.054398
v -143.936005 -73.866028 -152.065567
v -143.826767 -76.000000 -191.992523
v -143.826767 -74.000000 -191.992523
v -143.820938 -73.707108 -212.762192
v -143.820938 -73.707108 -208.117783
v -143.820938 -73.707108 -156.882187
v -143.820938 -73.707108 -152.237778
v -143.820206 -76.000000 -172.363312
v -143.820206 -74.000000 -172.363312
v -143.787888 -74.000000 -213.593369
v -143.787888 -74.000000 -207.286591
v -143.787888 -74.000000 -157.713379
v -143.787888 -74.000000 -151.406586
v -143.732651 -73.500000 -212.630051
v -143.732651 -73.500000 -208.249908
v -143.732651 -73.500000 -156.750046
v -143.732651 -73.500000 -152.369919
v -143.696014 -76.000000 -192.354752
v -143.696014 -74.000000 -192.354752
v -143.685257 -76.000000 -171.997299
v -143.685257 -74.000000 -171.997299
v -143.677155 -73.258820 -212.546982
v -143.677155 -73.258820 -208.332977
v -143.677155 -73.258820 -156.666992
v -143.677155 -73.258820 -152.452972
v -143.606064 -76.000000 -192.511703
v -143.606064 -74.000000 -192.511703
v -143.592819 -76.000000 -171.839050
v -143.592819 -74.000000 -171.839050
v -143.519287 -73.000000 -212.605042
v -143.519287 -73.000000 -208.274918
v -143.519287 -73.000000 -156.725052
v -143.519287 -73.000000 -152.394913
v -143.519287 -72.000000 -212.605042
v -143.519287 -72.000000 -208.274918
v -143.519287 -72.000000 -156.725052
v -143.519287 -72.000000 -152.394913
v -143.509644 -73.965927 -213.434448
v -143.509644 -73.965927 -207.445526
v -143.509644 -73.965927 -157.554443
v -143.509644 -73.965927 -151.565521
v -143.495865 -76.000000 -192.648758
v -143.495865 -74.000000 -192.648758
v -143.479813 -76.000000 -171.701187
v -143.479813 -74.000000 -171.701187
v -143.417343 -73.866028 -213.211624
v -143.417343 -73.866028 -207.668350
v -143.417343 -73.866028 -157.331619
v -143.417343 -73.866028 -151.788345
v -143.363281 -76.000000 -192.763794
v -143.363281 -74.000000 -192.763794
v -143.344193 -76.000000 -171.585770
v -143.344193 -74.000000 -171.585770
v -143.338089 -73.707108 -213.020279
v -143.338089 -73.707108 -207.859680
v -143.338089 -73.707108 -157.140274
v -143.338089 -73.707108 -151.979691
v -143.277267 -73.500000 -212.873459
v -143.277267 -73.500000 -208.006500
v -143.277267 -73.500000 -156.993454
v -143.277267 -73.500000 -152.126511
v -143.269287 -74.500000 -210.439987
v -143.269287 -74.500000 -154.559982
v -143.269287 -72.000000 -210.439987
v -143.269287 -72.000000 -154.559982
v -143.239044 -73.258820 -212.781158
v -143.239044 -73.258820 -208.098801
v -143.239044 -73.258820 -156.901154
v -143.239044 -73.258820 -152.218796
v -143.235214 -74.500000 -210.698807
v -143.235214 -74.500000 -210.181168
v -143.235214 -74.500000 -154.818802
v -143.235214 -74.500000 -154.301163
v -143.235214 -72.000000 -210.698807
v -143.235214 -72.000000 -210.181168
v -143.235214 -72.000000 -154.818802
v -143.235214 -72.000000 -154.301163
v -143.209991 -76.000000 -192.858490
v -143.209991 -74.000000 -192.858490
v -143.187775 -76.000000 -171.490952
v -143.187775 -74.000000 -171.490952
v -143.135315 -74.500000 -210.939987
v -143.135315 -74.500000 -209.939987
v -143.135315 -74.500000 -155.059982
v -143.135315 -74.500000 -154.059982
v -143.135315 -72.000000 -210.939987
v -143.135315 -72.000000 -209.939987
v -143.135315 -72.000000 -155.059982
v -143.135315 -72.000000 -154.059982
v -143.048111 -74.000000 -213.852234
v -143.048111 -74.000000 -207.027740
v -143.048111 -74.000000 -157.972229
v -143.048111 -74.000000 -151.147736
v -142.976395 -74.500000 -211.147095
v -142.976395 -74.500000 -209.732880
v -142.976395 -74.500000 -155.267090
v -142.976395 -74.500000 -153.852875
v -142.976395 -72.000000 -211.147095
v -142.976395 -72.000000 -209.732880
v -142.976395 -72.000000 -155.267090
v -142.976395 -72.000000 -153.852875
v -142.916336 -73.000000 -212.854797
v -142.916336 -73.000000 -208.025162
v -142.916336 -73.000000 -156.974792
v -142.916336 -73.000000 -152.145172
v -142.916336 -72.000000 -212.854797
v -142.916336 -72.000000 -208.025162
v -142.916336 -72.000000 -156.974792
v -142.916336 -72.000000 -152.145172
v -142.901611 -73.965927 -213.618881
v -142.901611 -73.965927 -207.261078
v -142.901611 -73.965927 -157.738892
v -142.901611 -73.965927 -151.381073
v -142.854568 -73.866028 -213.382339
v -142.854568 -73.866028 -207.497620
v -142.854568 -73.866028 -157.502335
v -142.854568 -73.866028 -151.617630
v -142.853134 -76.000000 -192.998444
v -142.853134 -74.000000 -192.998444
v -142.824448 -76.000000 -171.351410
v -142.824448 -74.000000 -171.351410
v -142.814163 -73.707108 -213.179214
v -142.814163 -73.707108 -207.700760
v -142.814163 -73.707108 -157.299210
v -142.814163 -73.707108 -151.820755
v -142.783157 -73.500000 -213.023346
v -142.783157 -73.500000 -207.856613
v -142.783157 -73.500000 -157.143341
v -142.783157 -73.500000 -151.976624
v -142.769287 -74.500000 -211.306000
v -142.769287 -74.500000 -209.573959
v -142.769287 -74.500000 -155.426010
v -142.769287 -74.500000 -153.693954
v -142.769287 -72.000000 -211.306000
v -142.769287 -72.000000 -209.573959
v -142.769287 -72.000000 -155.426010
v -142.769287 -72.000000 -153.693954
v -142.763672 -73.258820 -212.925369
v -142.763672 -73.258820 -207.954605
v -142.763672 -73.258820 -157.045364
v -142.763672 -73.258820 -152.074600
v -142.528107 -74.500000 -211.405914
v -142.528107 -74.500000 -209.474060
v -142.528107 -74.500000 -155.525909
v -142.528107 -74.500000 -153.594055
v -142.528107 -72.000000 -211.405914
v -142.528107 -72.000000 -209.474060
v -142.528107 -72.000000 -155.525909
v -142.528107 -72.000000 -153.594055
v -142.269287 -74.500000 -211.439987
v -142.269287 -74.500000 -209.439987
v -142.269287 -74.500000 -155.559982
v -142.269287 -74.500000 -153.559982
v -142.269287 -74.000000 -213.939987
v -142.269287 -74.000000 -206.939987
v -142.269287 -74.000000 -158.059982
v -142.269287 -74.000000 -151.059982
v -142.269287 -73.965927 -213.681168
v -142.269287 -73.965927 -207.198807
v -142.269287 -73.965927 -157.801163
v -142.269287 -73.965927 -151.318802
v -142.269287 -73.866028 -213.439987
v -142.269287 -73.866028 -207.439987
v -142.269287 -73.866028 -157.559982
v -142.269287 -73.866028 -151.559982
v -142.269287 -73.707108 -213.232880
v -142.269287 -73.707108 -207.647095
v -142.269287 -73.707108 -157.352875
v -142.269287 -73.707108 -151.767090
v -142.269287 -73.500000 -213.073959
v -142.269287 -73.500000 -207.806000
v -142.269287 -73.500000 -157.193954
v -142.269287 -73.500000 -151.926010
v -142.269287 -73.258820 -212.974060
v -142.269287 -73.258820 -207.905914
v -142.269287 -73.258820 -157.094055
v -142.269287 -73.258820 -152.025909
v -142.269287 -73.000000 -212.939987
v -142.269287 -73.000000 -207.939987
v -142.269287 -73.000000 -157.059982
v -142.269287 -73.000000 -152.059982
v -142.269287 -72.000000 -212.939987
v -142.269287 -72.000000 -211.439987
v -142.269287 -72.000000 -209.439987
v -142.269287 -72.000000 -207.939987
v -142.269287 -72.000000 -157.059982
v -142.269287 -72.000000 -155.559982
v -142.269287 -72.000000 -153.559982
v -142.269287 -72.000000 -152.059982
v -142.021133 -76.000000 -193.162033
v -142.021133 -74.000000 -193.162033
v -142.010468 -74.500000 -211.405914
v -142.010468 -74.500000 -209.474060
v -142.010468 -74.500000 -155.525909
v -142.010468 -74.500000 -153.594055
v -142.010468 -72.000000 -211.405914
v -142.010468 -72.000000 -209.474060
v -142.010468 -72.000000 -155.525909
v -142.010468 -72.000000 -153.594055
v -141.979019 -76.000000 -171.190109
v -141.979019 -74.000000 -171.190109
v -141.774918 -73.258820 -212.925369
v -141.774918 -73.258820 -207.954605
v -141.774918 -73.258820 -157.045364
v -141.774918 -73.258820 -152.074600
v -141.769287 -74.500000 -211.306000
v -141.769287 -74.500000 -209.573959
v -141.769287 -74.500000 -155.426010
v -141.769287 -74.500000 -153.693954
v -141.769287 -72.000000 -211.306000
v -141.769287 -72.000000 -209.573959
v -141.769287 -72.000000 -155.426010
v -141.769287 -72.000000 -153.693954
v -141.755432 -73.500000 -213.023346
v -141.755432 -73.500000 -207.856613
v -141.755432 -73.500000 -157.143341
v -141.755432 -73.500000 -151.976624
v -141.724426 -73.707108 -213.179214
v -141.724426 -73.707108 -207.700760
v -141.724426 -73.707108 -157.299210
v -141.724426 -73.707108 -151.820755
v -141.684021 -73.866028 -213.382339
v -141.684021 -73.866028 -207.497620
v -141.684021 -73.866028 -157.502335
v -141.684021 -73.866028 -151.617630
v -141.636963 -73.965927 -213.618881
v -141.636963 -73.965927 -207.261078
v -141.636963 -73.965927 -157.738892
v -141.636963 -73.965927 -151.381073
v -141.622238 -73.000000 -212.854797
v -141.622238 -73.000000 -208.025162
v -141.622238 -73.000000 -156.974792
v -141.622238 -73.000000 -152.145172
v -141.622238 -72.000000 -212.854797
v -141.622238 -72.000000 -208.025162
v -141.622238 -72.000000 -156.974792
v -141.622238 -72.000000 -152.145172
v -141.562180 -74.500000 -211.147095
v -141.562180 -74.500000 -209.732880
v -141.562180 -74.500000 -155.267090
v -141.562180 -74.500000 -153.852875
v -141.562180 -72.000000 -211.147095
v -141.562180 -72.000000 -209.732880
v -141.562180 -72.000000 -155.267090
v -141.562180 -72.000000 -153.852875
v -141.490463 -74.000000 -213.852234
v -141.490463 -74.000000 -207.027740
v -141.490463 -74.000000 -157.972229
v -141.490463 -74.000000 -151.147736
v -141.403259 -74.500000 -210.939987
v -141.403259 -74.500000 -209.939987
v -141.403259 -74.500000 -155.059982
v -141.403259 -74.500000 -154.059982
v -141.403259 -72.000000 -210.939987
v -141.403259 -72.000000 -209.939987
v -141.403259 -72.000000 -155.059982
v -141.403259 -72.000000 -154.059982
v -141.303360 -74.500000 -210.698807
v -141.303360 -74.500000 -210.181168
v -141.303360 -74.500000 -154.818802
v -141.303360 -74.500000 -154.301163
v -141.303360 -72.000000 -210.698807
v -141.303360 -72.000000 -210.181168
v -141.303360 -72.000000 -154.818802
v -141.303360 -72.000000 -154.301163
v -141.299545 -73.258820 -212.781158
v -141.299545 -73.258820 -208.098801
v -141.299545 -73.258820 -156.901154
v -141.299545 -73.258820 -152.218796
v -141.269287 -74.500000 -210.439987
v -141.269287 -74.500000 -154.559982
v -141.269287 -72.000000 -210.439987
v -141.269287 -72.000000 -154.559982
v -141.261307 -73.500000 -212.873459
v -141.261307 -73.500000 -208.006500
v -141.261307 -73.500000 -156.993454
v -141.261307 -73.500000 -152.126511
v -141.200500 -73.707108 -213.020279
v -141.200500 -73.707108 -207.859680
v -141.200500 -73.707108 -157.140274
v -141.200500 -73.707108 -151.979691
v -141.121246 -73.866028 -213.211624
v -141.121246 -73.866028 -207.668350
v -141.121246 -73.866028 -157.331619
v -141.121246 -73.866028 -151.788345
v -141.028946 -73.965927 -213.434448
v -141.028946 -73.965927 -207.445526
v -141.028946 -73.965927 -157.554443
v -141.028946 -73.965927 -151.565521
v -141.019287 -73.000000 -212.605042
v -141.019287 -73.000000 -208.274918
v -141.019287 -73.000000 -156.725052
v -141.019287 -73.000000 -152.394913
v -141.019287 -72.000000 -212.605042
v -141.019287 -72.000000 -208.274918
v -141.019287 -72.000000 -156.725052
v -141.019287 -72.000000 -152.394913
v -140.861435 -73.258820 -212.546982
v -140.861435 -73.258820 -208.332977
v -140.861435 -73.258820 -156.666992
v -140.861435 -73.258820 -152.452972
v -140.805939 -73.500000 -212.630051
v -140.805939 -73.500000 -208.249908
v -140.805939 -73.500000 -156.750046
v -140.805939 -73.500000 -152.369919
v -140.750702 -74.000000 -213.593369
v -140.750702 -74.000000 -207.286591
v -140.750702 -74.000000 -157.713379
v -140.750702 -74.000000 -151.406586
v -140.743530 -76.000000 -190.340088
v -140.743530 -76.000000 -186.086090
v -140.743530 -76.000000 -178.013336
v -140.743530 -76.000000 -174.012070
v -140.743530 -74.000000 -190.340088
v -140.743530 -74.000000 -186.086090
v -140.743530 -74.000000 -178.013336
v -140.743530 -74.000000 -174.012070
v -140.717636 -73.707108 -212.762192
v -140.717636 -73.707108 -208.117783
v -140.717636 -73.707108 -156.882187
v -140.717636 -73.707108 -152.237778
v -140.602585 -73.866028 -212.934387
v -140.602585 -73.866028 -207.945572
v -140.602585 -73.866028 -157.054398
v -140.602585 -73.866028 -152.065567
v -140.546982 -76.000000 -182.056732
v -140.546982 -76.000000 -181.368790
v -140.546982 -74.000000 -182.056732
v -140.546982 -74.000000 -181.368790
v -140.501526 -73.000000 -212.207748
v -140.501526 -73.000000 -208.672211
v -140.501526 -73.000000 -156.327744
v -140.501526 -73.000000 -152.792221
v -140.501526 -72.000000 -212.207748
v -140.501526 -72.000000 -208.672211
v -140.501526 -72.000000 -156.327744
v -140.501526 -72.000000 -152.792221
v -140.477432 -73.258820 -212.231842
v -140.477432 -73.258820 -208.648117
v -140.477432 -73.258820 -156.351837
v -140.477432 -73.258820 -152.768127
v -140.468582 -73.965927 -213.134918
v -140.468582 -73.965927 -207.745041
v -140.468582 -73.965927 -157.254929
v -140.468582 -73.965927 -151.865036
v -140.406784 -73.500000 -212.302490
v -140.406784 -73.500000 -208.577484
v -140.406784 -73.500000 -156.422485
v -140.406784 -73.500000 -152.697479
v -140.294418 -73.707108 -212.414856
v -140.294418 -73.707108 -208.465103
v -140.294418 -73.707108 -156.534851
v -140.294418 -73.707108 -152.585114
v -140.162292 -73.258820 -211.847839
v -140.162292 -73.258820 -209.032120
v -140.162292 -73.258820 -155.967834
v -140.162292 -73.258820 -153.152130
v -140.147964 -73.866028 -212.561295
v -140.147964 -73.866028 -208.318665
v -140.147964 -73.866028 -156.681305
v -140.147964 -73.866028 -152.438660
v -140.104233 -73.000000 -211.689987
v -140.104233 -73.000000 -209.189987
v -140.104233 -73.000000 -155.809982
v -140.104233 -73.000000 -153.309982
v -140.104233 -72.000000 -211.689987
v -140.104233 -72.000000 -209.189987
v -140.104233 -72.000000 -155.809982
v -140.104233 -72.000000 -153.309982
v -140.087082 -74.000000 -213.176392
v -140.087082 -74.000000 -207.703568
v -140.087082 -74.000000 -157.296387
v -140.087082 -74.000000 -151.823578
v -140.079224 -73.500000 -211.903336
v -140.079224 -73.500000 -208.976624
v -140.079224 -73.500000 -156.023346
v -140.079224 -73.500000 -153.096619
v -139.977432 -73.965927 -212.731842
v -139.977432 -73.965927 -208.148117
v -139.977432 -73.965927 -156.851837
v -139.977432 -73.965927 -152.268127
v -139.947083 -73.707108 -211.991623
v -139.947083 -73.707108 -208.888336
v -139.947083 -73.707108 -156.111633
v -139.947083 -73.707108 -153.008331
v -139.928116 -73.258820 -211.409729
v -139.928116 -73.258820 -209.470230
v -139.928116 -73.258820 -155.529724
v -139.928116 -73.258820 -153.590240
v -139.854477 -73.000000 -211.087036
v -139.854477 -73.000000 -209.792938
v -139.854477 -73.000000 -155.207031
v -139.854477 -73.000000 -153.912933
v -139.854477 -72.000000 -211.087036
v -139.854477 -72.000000 -209.792938
v -139.854477 -72.000000 -155.207031
v -139.854477 -72.000000 -153.912933
v -139.835815 -73.500000 -211.447968
v -139.835815 -73.500000 -209.432007
v -139.835815 -73.500000 -155.567963
v -139.835815 -73.500000 -153.552002
v -139.783905 -73.258820 -210.934357
v -139.783905 -73.258820 -209.945602
v -139.783905 -73.258820 -155.054352
v -139.783905 -73.258820 -154.065613
v -139.774887 -73.866028 -212.106689
v -139.774887 -73.866028 -208.773270
v -139.774887 -73.866028 -156.226700
v -139.774887 -73.866028 -152.893265
v -139.769287 -73.000000 -210.439987
v -139.769287 -73.000000 -154.559982
v -139.769287 -72.000000 -210.439987
v -139.769287 -72.000000 -154.559982
v -139.735214 -73.258820 -210.439987
v -139.735214 -73.258820 -154.559982
v -139.688995 -73.707108 -211.508774
v -139.688995 -73.707108 -209.371185
v -139.688995 -73.707108 -155.628769
v -139.688995 -73.707108 -153.491180
v -139.685928 -73.500000 -210.953842
v -139.685928 -73.500000 -209.926117
v -139.685928 -73.500000 -155.073837
v -139.685928 -73.500000 -154.046112
v -139.635315 -73.500000 -210.439987
v -139.635315 -73.500000 -154.559982
v -139.574341 -73.965927 -212.240692
v -139.574341 -73.965927 -208.639282
v -139.574341 -73.965927 -156.360687
v -139.574341 -73.965927 -152.759277
v -139.532883 -74.000000 -212.622192
v -139.532883 -74.000000 -208.257767
v -139.532883 -74.000000 -156.742203
v -139.532883 -74.000000 -152.377762
v -139.530060 -73.707108 -210.984848
v -139.530060 -73.707108 -209.895111
v -139.530060 -73.707108 -155.104843
v -139.530060 -73.707108 -154.015121
v -139.497650 -73.866028 -211.588028
v -139.497650 -73.866028 -209.291931
v -139.497650 -73.866028 -155.708038
v -139.497650 -73.866028 -153.411926
v -139.476395 -73.707108 -210.439987
v -139.476395 -73.707108 -154.559982
v -139.326935 -73.866028 -211.025253
v -139.326935 -73.866028 -209.854706
v -139.326935 -73.866028 -155.145248
v -139.326935 -73.866028 -153.974716
v -139.274826 -73.965927 -211.680328
v -139.274826 -73.965927 -209.199631
v -139.274826 -73.965927 -155.800323
v -139.274826 -73.965927 -153.319641
v -139.269287 -73.866028 -210.439987
v -139.269287 -73.866028 -154.559982
v -139.115906 -74.000000 -211.958572
v -139.115906 -74.000000 -208.921387
v -139.115906 -74.000000 -156.078568
v -139.115906 -74.000000 -153.041382
v -139.090393 -73.965927 -211.072311
v -139.090393 -73.965927 -209.807663
v -139.090393 -73.965927 -155.192307
v -139.090393 -73.965927 -153.927658
v -139.028107 -73.965927 -210.439987
v -139.028107 -73.965927 -154.559982
v -138.857040 -74.000000 -211.218811
v -138.857040 -74.000000 -209.661163
v -138.857040 -74.000000 -155.338806
v -138.857040 -74.000000 -153.781158
v -138.769287 -74.000000 -210.439987
v -138.769287 -74.000000 -154.559982
v -136.517624 -76.000000 -190.340088
v -136.517624 -76.000000 -184.822525
v -136.517624 -76.000000 -178.645126
v -136.517624 -76.000000 -174.012070
v -136.517624 -74.000000 -190.340088
v -136.517624 -74.000000 -184.822525
v -136.517624 -74.000000 -178.645126
v -136.517624 -74.000000 -174.012070
v -136.433395 -76.000000 -181.719788
v -136.433395 -74.000000 -181.719788
v -135.282150 -76.000000 -193.162033
v -135.282150 -76.000000 -171.190109
v -135.282150 -74.000000 -193.162033
v -135.282150 -74.000000 -171.190109
v -134.442642 -76.000000 -193.001831
v -134.442642 -74.000000 -193.001831
v -134.440460 -76.000000 -171.353104
v -134.440460 -74.000000 -171.353104
v -134.397659 -76.000000 -180.400070
v -134.397659 -74.000000 -180.400070
v -134.369568 -76.000000 -183.011429
v -134.369568 -74.000000 -183.011429
v -134.095795 -74.000000 -199.958115
v -134.081863 -76.000000 -192.863235
v -134.081863 -74.000000 -192.863235
v -134.079102 -76.000000 -171.493332
v -134.079102 -74.000000 -171.493332
v -134.008041 -74.000000 -200.736938
v -134.008041 -74.000000 -199.179291
v -133.935928 -76.000000 -179.996414
v -133.935928 -74.000000 -179.996414
v -133.926559 -76.000000 -192.769089
v -133.926559 -74.000000 -192.769089
v -133.923706 -76.000000 -171.588409
v -133.923706 -74.000000 -171.588409
v -133.912949 -76.000000 -183.402924
v -133.912949 -74.000000 -183.402924
v -133.836975 -73.965927 -199.958115
v -133.791885 -76.000000 -192.654465
v -133.791885 -74.000000 -192.654465
v -133.789108 -76.000000 -171.704025
v -133.789108 -74.000000 -171.704025
v -133.774689 -73.965927 -200.590439
v -133.774689 -73.965927 -199.325790
v -133.749176 -74.000000 -201.476715
v -133.749176 -74.000000 -198.439529
v -133.737091 -76.000000 -179.777237
v -133.737091 -74.000000 -179.777237
v -133.717377 -76.000000 -183.616501
v -133.717377 -74.000000 -183.616501
v -133.679688 -76.000000 -192.517563
v -133.679688 -74.000000 -192.517563
v -133.677124 -76.000000 -171.841980
v -133.677124 -74.000000 -171.841980
v -133.595795 -73.866028 -199.958115
v -133.590256 -73.965927 -201.198471
v -133.590256 -73.965927 -198.717773
v -133.587906 -76.000000 -192.360413
v -133.587906 -74.000000 -192.360413
v -133.585602 -76.000000 -172.000122
v -133.585602 -74.000000 -172.000122
v -133.576675 -76.000000 -179.537262
v -133.576675 -74.000000 -179.537262
v -133.561081 -76.000000 -183.851471
v -133.561081 -74.000000 -183.851471
v -133.538147 -73.866028 -200.543396
v -133.538147 -73.866028 -199.372849
v -133.463272 -76.000000 -179.271851
v -133.463272 -74.000000 -179.271851
v -133.453903 -76.000000 -191.996948
v -133.453903 -74.000000 -191.996948
v -133.452271 -76.000000 -172.365524
v -133.452271 -74.000000 -172.365524
v -133.452011 -76.000000 -184.112152
v -133.452011 -74.000000 -184.112152
v -133.388687 -73.707108 -199.958115
v -133.388321 -76.000000 -178.985596
v -133.388321 -74.000000 -178.985596
v -133.381042 -76.000000 -184.393585
v -133.381042 -74.000000 -184.393585
v -133.367432 -73.866028 -201.106171
v -133.367432 -73.866028 -198.810074
v -133.335022 -73.707108 -200.502991
v -133.335022 -73.707108 -199.413254
v -133.332199 -74.000000 -202.140335
v -133.332199 -74.000000 -197.775909
v -133.302567 -76.000000 -191.154373
v -133.302567 -76.000000 -184.991013
v -133.302567 -76.000000 -178.378372
v -133.302567 -76.000000 -173.211807
v -133.302567 -74.000000 -191.154373
v -133.302567 -74.000000 -184.991013
v -133.302567 -74.000000 -178.378372
v -133.302567 -74.000000 -173.211807
v -133.290741 -73.965927 -201.758820
v -133.290741 -73.965927 -198.157410
v -133.229767 -73.500000 -199.958115
v -133.179153 -73.500000 -200.471985
v -133.179153 -73.500000 -199.444260
v -133.176086 -73.707108 -201.026917
v -133.176086 -73.707108 -198.889328
v -133.129868 -73.258820 -199.958115
v -133.095795 -73.000000 -199.958115
v -133.095795 -72.000000 -199.958115
v -133.090195 -73.866028 -201.624832
v -133.090195 -73.866028 -198.291412
v -133.081177 -73.258820 -200.452499
v -133.081177 -73.258820 -199.463745
v -133.029266 -73.500000 -200.966095
v -133.029266 -73.500000 -198.950134
v -133.010605 -73.000000 -200.605164
v -133.010605 -73.000000 -199.311066
v -133.010605 -72.000000 -200.605164
v -133.010605 -72.000000 -199.311066
v -132.936966 -73.258820 -200.927872
v -132.936966 -73.258820 -198.988373
v -132.917999 -73.707108 -201.509766
v -132.917999 -73.707108 -198.406464
v -132.887650 -73.965927 -202.249985
v -132.887650 -73.965927 -197.666260
v -132.785858 -73.500000 -201.421478
v -132.785858 -73.500000 -198.494766
v -132.778000 -74.000000 -202.694534
v -132.778000 -74.000000 -197.221710
v -132.760849 -73.000000 -201.208115
v -132.760849 -73.000000 -198.708115
v -132.760849 -72.000000 -201.208115
v -132.760849 -72.000000 -198.708115
v -132.717117 -73.866028 -202.079437
v -132.717117 -73.866028 -197.836792
v -132.702789 -73.258820 -201.365982
v -132.702789 -73.258820 -198.550262
v -132.570663 -73.707108 -201.932999
v -132.570663 -73.707108 -197.983246
v -132.458298 -73.500000 -201.820618
v -132.458298 -73.500000 -198.095612
v -132.396500 -73.965927 -202.653061
v -132.396500 -73.965927 -197.263168
v -132.387650 -73.258820 -201.749985
v -132.387650 -73.258820 -198.166260
v -132.363556 -73.000000 -201.725891
v -132.363556 -73.000000 -198.190353
v -132.363556 -72.000000 -201.725891
v -132.363556 -72.000000 -198.190353
v -132.262497 -73.866028 -202.452530
v -132.262497 -73.866028 -197.463715
v -132.147446 -73.707108 -202.280319
v -132.147446 -73.707108 -197.635910
v -132.114380 -74.000000 -203.111511
v -132.114380 -74.000000 -196.804733
v -132.059143 -73.500000 -202.148193
v -132.059143 -73.500000 -197.768051
v -132.003647 -73.258820 -202.065125
v -132.003647 -73.258820 -197.851120
v -131.845795 -73.000000 -202.123184
v -131.845795 -73.000000 -197.793060
v -131.845795 -72.000000 -202.123184
v -131.845795 -72.000000 -197.793060
v -131.836136 -73.965927 -202.952576
v -131.836136 -73.965927 -196.963654
v -131.743835 -73.866028 -202.729752
v -131.743835 -73.866028 -197.186478
v -131.664581 -73.707108 -202.538422
v -131.664581 -73.707108 -197.377823
v -131.603775 -73.500000 -202.391602
v -131.603775 -73.500000 -197.524643
v -131.595795 -74.500000 -199.958115
v -131.595795 -72.000000 -199.958115
v -131.565536 -73.258820 -202.299301
v -131.565536 -73.258820 -197.616943
v -131.561722 -74.500000 -200.216934
v -131.561722 -74.500000 -199.699295
v -131.561722 -72.000000 -200.216934
v -131.561722 -72.000000 -199.699295
v -131.461823 -74.500000 -200.458115
v -131.461823 -74.500000 -199.458115
v -131.461823 -72.000000 -200.458115
v -131.461823 -72.000000 -199.458115
v -131.374619 -74.000000 -203.370361
v -131.374619 -74.000000 -196.545868
v -131.302902 -74.500000 -200.665222
v -131.302902 -74.500000 -199.251007
v -131.302902 -72.000000 -200.665222
v -131.302902 -72.000000 -199.251007
v -131.242844 -73.000000 -202.372940
v -131.242844 -73.000000 -197.543304
v -131.242844 -72.000000 -202.372940
v -131.242844 -72.000000 -197.543304
v -131.228119 -73.965927 -203.137024
v -131.228119 -73.965927 -196.779221
v -131.181061 -73.866028 -202.900482
v -131.181061 -73.866028 -197.015762
v -131.140656 -73.707108 -202.697342
v -131.140656 -73.707108 -197.218887
v -131.109650 -73.500000 -202.541489
v -131.109650 -73.500000 -197.374756
v -131.095795 -74.500000 -200.824142
v -131.095795 -74.500000 -199.092087
v -131.095795 -72.000000 -200.824142
v -131.095795 -72.000000 -199.092087
v -131.090164 -73.258820 -202.443497
v -131.090164 -73.258820 -197.472733
v -130.854614 -74.500000 -200.924042
v -130.854614 -74.500000 -198.992188
v -130.854614 -72.000000 -200.924042
v -130.854614 -72.000000 -198.992188
v -130.595795 -74.500000 -200.958115
v -130.595795 -74.500000 -198.958115
v -130.595795 -74.000000 -203.458115
v -130.595795 -74.000000 -196.458115
v -130.595795 -73.965927 -203.199295
v -130.595795 -73.965927 -196.716934
v -130.595795 -73.866028 -202.958115
v -130.595795 -73.866028 -196.958115
v -130.595795 -73.707108 -202.751007
v -130.595795 -73.707108 -197.165222
v -130.595795 -73.500000 -202.592087
v -130.595795 -73.500000 -197.324142
v -130.595795 -73.258820 -202.492188
v -130.595795 -73.258820 -197.424042
v -130.595795 -73.000000 -202.458115
v -130.595795 -73.000000 -197.458115
v -130.595795 -72.000000 -202.458115
v -130.595795 -72.000000 -200.958115
v -130.595795 -72.000000 -198.958115
v -130.595795 -72.000000 -197.458115
v -130.336975 -74.500000 -200.924042
v -130.336975 -74.500000 -198.992188
v -130.336975 -72.000000 -200.924042
v -130.336975 -72.000000 -198.992188
v -130.101410 -73.258820 -202.443497
v -130.101410 -73.258820 -197.472733
v -130.095795 -74.500000 -200.824142
v -130.095795 -74.500000 -199.092087
v -130.095795 -72.000000 -200.824142
v -130.095795 -72.000000 -199.092087
v -130.081924 -73.500000 -202.541489
v -130.081924 -73.500000 -197.374756
v -130.050919 -73.707108 -202.697342
v -130.050919 -73.707108 -197.218887
v -130.010513 -73.866028 -202.900482
v -130.010513 -73.866028 -197.015762
v -129.963470 -73.965927 -203.137024
v -129.963470 -73.965927 -196.779221
v -129.948746 -73.000000 -202.372940
v -129.948746 -73.000000 -197.543304
v -129.948746 -72.000000 -202.372940
v -129.948746 -72.000000 -197.543304
v -129.888687 -74.500000 -200.665222
v -129.888687 -74.500000 -199.251007
v -129.888687 -72.000000 -200.665222
v -129.888687 -72.000000 -199.251007
v -129.816971 -74.000000 -203.370361
v -129.816971 -74.000000 -196.545868
v -129.729767 -74.500000 -200.458115
v -129.729767 -74.500000 -199.458115
v -129.729767 -72.000000 -200.458115
v -129.729767 -72.000000 -199.458115
v -129.629868 -74.500000 -200.216934
v -129.629868 -74.500000 -199.699295
v -129.629868 -72.000000 -200.216934
v -129.629868 -72.000000 -199.699295
v -129.626038 -73.258820 -202.299301
v -129.626038 -73.258820 -197.616943
v -129.595795 -74.500000 -199.958115
v -129.595795 -72.000000 -199.958115
v -129.587814 -73.500000 -202.391602
v -129.587814 -73.500000 -197.524643
v -129.526993 -73.707108 -202.538422
v -129.526993 -73.707108 -197.377823
v -129.447739 -73.866028 -202.729752
v -129.447739 -73.866028 -197.186478
v -129.355438 -73.965927 -202.952576
v -129.355438 -73.965927 -196.963654
v -129.345795 -73.000000 -202.123184
v -129.345795 -73.000000 -197.793060
v -129.345795 -72.000000 -202.123184
v -129.345795 -72.000000 -197.793060
v -129.187927 -73.258820 -202.065125
v -129.187927 -73.258820 -197.851120
v -129.132431 -73.500000 -202.148193
v -129.132431 -73.500000 -197.768051
v -129.077194 -74.000000 -203.111511
v -129.077194 -74.000000 -196.804733
v -129.044144 -73.707108 -202.280319
v -129.044144 -73.707108 -197.635910
v -129.031799 -74.000000 -147.545883
v -129.024063 -74.000000 -148.324677
v -128.929077 -73.866028 -202.452530
v -128.929077 -73.866028 -197.463715
v -128.867111 -74.000000 -146.784683
v -128.844315 -74.000000 -149.082474
v -128.828018 -73.000000 -201.725891
v -128.828018 -73.000000 -198.190353
v -128.828018 -72.000000 -201.725891
v -128.828018 -72.000000 -198.190353
v -128.803925 -73.258820 -201.749985
v -128.803925 -73.258820 -198.166260
v -128.795090 -73.965927 -202.653061
v -128.795090 -73.965927 -197.263168
v -128.791016 -73.965927 -147.900772
v -128.733292 -73.500000 -201.820618
v -128.733292 -73.500000 -198.095612
v -128.728729 -73.965927 -148.533096
v -128.728729 -73.965927 -147.268448
v -128.620911 -73.707108 -201.932999
v -128.620911 -73.707108 -197.983246
v -128.549835 -73.866028 -147.900772
v -128.544296 -73.965927 -149.141129
v -128.544296 -73.965927 -146.660431
v -128.538162 -74.000000 -146.078735
v -128.501434 -74.000000 -149.781754
v -128.492188 -73.866028 -148.486053
v -128.492188 -73.866028 -147.315506
v -128.488785 -73.258820 -201.365982
v -128.488785 -73.258820 -198.550262
v -128.474472 -73.866028 -202.079437
v -128.474472 -73.866028 -197.836792
v -128.430725 -73.000000 -201.208115
v -128.430725 -73.000000 -198.708115
v -128.430725 -72.000000 -201.208115
v -128.430725 -72.000000 -198.708115
v -128.413574 -74.000000 -202.694534
v -128.413574 -74.000000 -197.221710
v -128.405716 -73.500000 -201.421478
v -128.405716 -73.500000 -198.494766
v -128.342728 -73.707108 -147.900772
v -128.321472 -73.866028 -149.048828
v -128.321472 -73.866028 -146.752731
v -128.303925 -73.965927 -202.249985
v -128.303925 -73.965927 -197.666260
v -128.289062 -73.707108 -148.445648
v -128.289062 -73.707108 -147.355911
v -128.273590 -73.707108 -201.509766
v -128.273590 -73.707108 -198.406464
v -128.254608 -73.258820 -200.927872
v -128.254608 -73.258820 -198.988373
v -128.244781 -73.965927 -149.701477
v -128.244781 -73.965927 -146.100067
v -128.183807 -73.500000 -147.900772
v -128.180969 -73.000000 -200.605164
v -128.180969 -73.000000 -199.311066
v -128.180969 -72.000000 -200.605164
v -128.180969 -72.000000 -199.311066
v -128.162308 -73.500000 -200.966095
v -128.162308 -73.500000 -198.950134
v -128.133194 -73.500000 -148.414642
v -128.133194 -73.500000 -147.386917
v -128.130127 -73.707108 -148.969574
v -128.130127 -73.707108 -146.831985
v -128.110413 -73.258820 -200.452499
v -128.110413 -73.258820 -199.463745
v -128.101379 -73.866028 -201.624832
v -128.101379 -73.866028 -198.291412
v -128.095795 -73.000000 -199.958115
v -128.095795 -72.000000 -199.958115
v -128.083908 -73.258820 -147.900772
v -128.061722 -73.258820 -199.958115
v -128.061264 -74.000000 -145.462997
v -128.049835 -73.000000 -147.900772
v -128.049835 -72.000000 -147.900772
v -128.044235 -73.866028 -149.567490
v -128.044235 -73.866028 -146.234070
v -128.035217 -73.258820 -148.395142
v -128.035217 -73.258820 -147.406403
v -128.015488 -73.707108 -201.026917
v -128.015488 -73.707108 -198.889328
v -128.012421 -73.500000 -200.471985
v -128.012421 -73.500000 -199.444260
v -128.012405 -74.000000 -150.387894
v -127.983307 -73.500000 -148.908752
v -127.983307 -73.500000 -146.892792
v -127.964645 -73.000000 -148.547821
v -127.964645 -73.000000 -147.253723
v -127.964645 -72.000000 -148.547821
v -127.964645 -72.000000 -147.253723
v -127.961815 -73.500000 -199.958115
v -127.900848 -73.965927 -201.758820
v -127.900848 -73.965927 -198.157410
v -127.891014 -73.258820 -148.870529
v -127.891014 -73.258820 -146.931030
v -127.872040 -73.707108 -149.452423
v -127.872040 -73.707108 -146.349121
v -127.859383 -74.000000 -202.140335
v -127.859383 -74.000000 -197.775909
v -127.856560 -73.707108 -200.502991
v -127.856560 -73.707108 -199.413254
v -127.841690 -73.965927 -150.192642
v -127.841690 -73.965927 -145.608917
v -127.824150 -73.866028 -201.106171
v -127.824150 -73.866028 -198.810074
v -127.802895 -73.707108 -199.958115
v -127.739899 -73.500000 -149.364136
v -127.739899 -73.500000 -146.437424
v -127.714897 -73.000000 -149.150772
v -127.714897 -73.000000 -146.650772
v -127.714897 -72.000000 -149.150772
v -127.714897 -72.000000 -146.650772
v -127.671150 -73.866028 -150.022095
v -127.671150 -73.866028 -145.779449
v -127.656837 -73.258820 -149.308624
v -127.656837 -73.258820 -146.492920
v -127.653435 -73.866028 -200.543396
v -127.653435 -73.866028 -199.372849
v -127.601326 -73.965927 -201.198471
v -127.601326 -73.965927 -198.717773
v -127.595787 -73.866028 -199.958115
v -127.524704 -73.707108 -149.875656
v -127.524704 -73.707108 -145.925903
v -127.459991 -74.000000 -144.967987
v -127.442398 -74.000000 -201.476715
v -127.442398 -74.000000 -198.439529
v -127.416885 -73.965927 -200.590439
v -127.416885 -73.965927 -199.325790
v -127.412331 -73.500000 -149.763275
v -127.412331 -73.500000 -146.038269
v -127.401436 -74.000000 -150.870895
v -127.354607 -73.965927 -199.958115
v -127.350533 -73.965927 -150.595718
v -127.350533 -73.965927 -145.205826
v -127.341690 -73.258820 -149.692642
v -127.341690 -73.258820 -146.108917
v -127.317596 -73.000000 -149.668549
v -127.317596 -73.000000 -146.133011
v -127.317596 -72.000000 -149.668549
v -127.317596 -72.000000 -146.133011
v -127.216545 -73.866028 -150.395187
v -127.216545 -73.866028 -145.406372
v -127.183540 -74.000000 -200.736938
v -127.183540 -74.000000 -199.179291
v -127.101479 -73.707108 -150.222977
v -127.101479 -73.707108 -145.578568
v -127.095787 -74.000000 -199.958115
v -127.013191 -73.500000 -150.090851
v -127.013191 -73.500000 -145.710709
v -126.957687 -73.258820 -150.007782
v -126.957687 -73.258820 -145.793777
v -126.799835 -73.000000 -150.065842
v -126.799835 -73.000000 -145.735718
v -126.799835 -72.000000 -150.065842
v -126.799835 -72.000000 -145.735718
v -126.790176 -73.965927 -150.895233
v -126.790176 -73.965927 -144.906311
v -126.698784 -74.000000 -151.206818
v -126.697884 -73.866028 -150.672409
v -126.697884 -73.866028 -145.129135
v -126.618629 -73.707108 -150.481079
v -126.618629 -73.707108 -145.320480
v -126.557808 -73.500000 -150.334244
v -126.557808 -73.500000 -145.467300
v -126.549835 -74.500000 -147.900772
v -126.549835 -72.000000 -147.900772
v -126.519577 -73.258820 -150.241959
v -126.519577 -73.258820 -145.559601
v -126.515755 -74.500000 -148.159592
v -126.515755 -74.500000 -147.641953
v -126.515755 -72.000000 -148.159592
v -126.515755 -72.000000 -147.641953
v -126.415855 -74.500000 -148.400772
v -126.415855 -74.500000 -147.400772
v -126.415855 -72.000000 -148.400772
v -126.415855 -72.000000 -147.400772
v -126.256935 -74.500000 -148.607880
v -126.256935 -74.500000 -147.193665
v -126.256935 -72.000000 -148.607880
v -126.256935 -72.000000 -147.193665
v -126.196877 -73.000000 -150.315598
v -126.196877 -73.000000 -145.485962
v -126.196877 -72.000000 -150.315598
v -126.196877 -72.000000 -145.485962
v -126.182152 -73.965927 -151.079681
v -126.135101 -73.866028 -150.843124
v -126.135101 -73.866028 -144.958420
v -126.094696 -73.707108 -150.639999
v -126.094696 -73.707108 -145.161545
v -126.063698 -73.500000 -150.484146
v -126.063698 -73.500000 -145.317413
v -126.049835 -74.500000 -148.766800
v -126.049835 -74.500000 -147.034744
v -126.049835 -72.000000 -148.766800
v -126.049835 -72.000000 -147.034744
v -126.044205 -73.258820 -150.386154
v -126.044205 -73.258820 -145.415390
v -125.939240 -74.000000 -151.379044
v -125.808647 -74.500000 -148.866699
v -125.808647 -74.500000 -146.934845
v -125.808647 -72.000000 -148.866699
v -125.808647 -72.000000 -146.934845
v -125.549835 -74.500000 -148.900772
v -125.549835 -74.500000 -146.900772
v -125.549835 -73.965927 -151.141953
v -125.549835 -73.866028 -150.900772
v -125.549835 -73.823578 -144.967987
v -125.549835 -73.707108 -150.693665
v -125.549835 -73.707108 -145.107880
v -125.549835 -73.500000 -150.534744
v -125.549835 -73.500000 -145.266800
v -125.549835 -73.258820 -150.434845
v -125.549835 -73.258820 -145.366699
v -125.549835 -73.000000 -150.400772
v -125.549835 -73.000000 -145.400772
v -125.549835 -72.000000 -150.400772
v -125.549835 -72.000000 -148.900772
v -125.549835 -72.000000 -146.900772
v -125.549835 -72.000000 -145.400772
v -125.291016 -74.500000 -148.866699
v -125.291016 -74.500000 -146.934845
v -125.291016 -72.000000 -148.866699
v -125.291016 -72.000000 -146.934845
v -125.160423 -74.000000 -151.379044
v -125.055458 -73.258820 -150.386154
v -125.055458 -73.258820 -145.415390
v -125.049835 -74.500000 -148.766800
v -125.049835 -74.500000 -147.034744
v -125.049835 -72.000000 -148.766800
v -125.049835 -72.000000 -147.034744
v -125.035973 -73.500000 -150.484146
v -125.035973 -73.500000 -145.317413
v -125.004967 -73.707108 -150.639999
v -125.004967 -73.707108 -145.161545
v -124.964561 -73.866028 -150.843124
v -124.964561 -73.866028 -144.958420
v -124.917511 -73.965927 -151.079681
v -124.902786 -73.000000 -150.315598
v -124.902786 -73.000000 -145.485962
v -124.902786 -72.000000 -150.315598
v -124.902786 -72.000000 -145.485962
v -124.842728 -74.500000 -148.607880
v -124.842728 -74.500000 -147.193665
v -124.842728 -72.000000 -148.607880
v -124.842728 -72.000000 -147.193665
v -124.822670 -76.000000 -191.154373
v -124.822670 -76.000000 -173.211807
v -124.822670 -74.000000 -191.154373
v -124.822670 -74.000000 -173.211807
v -124.683807 -74.500000 -148.400772
v -124.683807 -74.500000 -147.400772
v -124.683807 -72.000000 -148.400772
v -124.683807 -72.000000 -147.400772
v -124.678421 -76.000000 -172.369965
v -124.678421 -74.000000 -172.369965
v -124.676796 -76.000000 -191.992523
v -124.676796 -74.000000 -191.992523
v -124.583908 -74.500000 -148.159592
v -124.583908 -74.500000 -147.641953
v -124.583908 -72.000000 -148.159592
v -124.583908 -72.000000 -147.641953
v -124.580086 -73.258820 -150.241959
v -124.580086 -73.258820 -145.559601
v -124.549835 -74.500000 -147.900772
v -124.549835 -72.000000 -147.900772
v -124.548317 -76.000000 -172.005814
v -124.548317 -74.000000 -172.005814
v -124.546043 -76.000000 -192.354752
v -124.546043 -74.000000 -192.354752
v -124.541855 -73.500000 -150.334244
v -124.541855 -73.500000 -145.467300
v -124.481041 -73.707108 -150.481079
v -124.481041 -73.707108 -145.320480
v -124.458626 -76.000000 -171.847855
v -124.458626 -74.000000 -171.847855
v -124.456085 -76.000000 -192.511703
v -124.456085 -74.000000 -192.511703
v -124.401779 -73.866028 -150.672409
v -124.401779 -73.866028 -145.129135
v -124.400879 -74.000000 -151.206818
v -124.348633 -76.000000 -171.709778
v -124.348633 -74.000000 -171.709778
v -124.345894 -76.000000 -192.648758
v -124.345894 -74.000000 -192.648758
v -124.309486 -73.965927 -150.895233
v -124.299835 -73.000000 -150.065842
v -124.299835 -73.000000 -145.735718
v -124.299835 -72.000000 -150.065842
v -124.299835 -72.000000 -145.735718
v -124.216141 -76.000000 -171.593719
v -124.216141 -74.000000 -171.593719
v -124.213310 -76.000000 -192.763794
v -124.213310 -74.000000 -192.763794
v -124.141975 -73.258820 -150.007782
v -124.141975 -73.258820 -145.793777
v -124.086472 -73.500000 -150.090851
v -124.086472 -73.500000 -145.710709
v -124.062767 -76.000000 -171.498108
v -124.062767 -74.000000 -171.498108
v -124.060020 -76.000000 -192.858490
v -124.060020 -74.000000 -192.858490
v -123.998184 -73.707108 -150.222977
v -123.998184 -73.707108 -145.578568
v -123.883118 -73.866028 -150.395187
v -123.883118 -73.866028 -145.406372
v -123.782066 -73.000000 -149.668549
v -123.782066 -73.000000 -146.133011
v -123.782066 -72.000000 -149.668549
v -123.782066 -72.000000 -146.133011
v -123.757973 -73.258820 -149.692642
v -123.757973 -73.258820 -146.108917
v -123.749130 -73.965927 -150.595718
v -123.749130 -73.965927 -145.205826
v -123.705330 -76.000000 -171.356522
v -123.705330 -74.000000 -171.356522
v -123.703171 -76.000000 -192.998444
v -123.703171 -74.000000 -192.998444
v -123.698235 -74.000000 -150.870895
v -123.687332 -73.500000 -149.763275
v -123.687332 -73.500000 -146.038269
v -123.639671 -74.000000 -144.967987
v -123.574959 -73.707108 -149.875656
v -123.574959 -73.707108 -145.925903
v -123.442825 -73.258820 -149.308624
v -123.442825 -73.258820 -146.492920
v -123.428513 -73.866028 -150.022095
v -123.428513 -73.866028 -145.779449
v -123.384766 -73.000000 -149.150772
v -123.384766 -73.000000 -146.650772
v -123.384766 -72.000000 -149.150772
v -123.384766 -72.000000 -146.650772
v -123.359764 -73.500000 -149.364136
v -123.359764 -73.500000 -146.437424
v -123.257973 -73.965927 -150.192642
v -123.257973 -73.965927 -145.608917
v -123.227623 -73.707108 -149.452423
v -123.227623 -73.707108 -146.349121
v -123.208656 -73.258820 -148.870529
v -123.208656 -73.258820 -146.931030
v -123.135017 -73.000000 -148.547821
v -123.135017 -73.000000 -147.253723
v -123.135017 -72.000000 -148.547821
v -123.135017 -72.000000 -147.253723
v -123.116356 -73.500000 -148.908752
v -123.116356 -73.500000 -146.892792
v -123.087265 -74.000000 -150.387894
v -123.064445 -73.258820 -148.395142
v -123.064445 -73.258820 -147.406403
v -123.055420 -73.866028 -149.567490
v -123.055420 -73.866028 -146.234070
v -123.049835 -73.000000 -147.900772
v -123.049835 -72.000000 -147.900772
v -123.038406 -74.000000 -145.462997
v -123.015755 -73.258820 -147.900772
v -122.969536 -73.707108 -148.969574
v -122.969536 -73.707108 -146.831985
v -122.966469 -73.500000 -148.414642
v -122.966469 -73.500000 -147.386917
v -122.915855 -73.500000 -147.900772
v -122.871170 -76.000000 -193.162033
v -122.871170 -76.000000 -171.190109
v -122.871170 -74.000000 -193.162033
v -122.871170 -74.000000 -171.190109
v -122.854889 -73.965927 -149.701477
v -122.854889 -73.965927 -146.100067
v -122.810600 -73.707108 -148.445648
v -122.810600 -73.707108 -147.355911
v -122.778191 -73.866028 -149.048828
v -122.778191 -73.866028 -146.752731
v -122.756935 -73.707108 -147.900772
v -122.607475 -73.866028 -148.486053
v -122.607475 -73.866028 -147.315506
v -122.598236 -74.000000 -149.781754
v -122.561493 -74.000000 -146.078735
v -122.555374 -73.965927 -149.141129
v -122.555374 -73.965927 -146.660431
v -122.549835 -73.866028 -147.900772
v -122.370926 -73.965927 -148.533096
v -122.370926 -73.965927 -147.268448
v -122.308647 -73.965927 -147.900772
v -122.255348 -74.000000 -149.082474
v -122.232552 -74.000000 -146.784683
v -122.075600 -74.000000 -148.324677
v -122.067871 -74.000000 -147.545883
v -121.537407 -76.000000 -190.340088
v -121.537407 -76.000000 -174.012070
v -121.537407 -74.000000 -190.340088
v -121.537407 -74.000000 -174.012070
v -117.283424 -76.000000 -190.340088
v -117.283424 -76.000000 -185.721069
v -117.283424 -76.000000 -178.350296
v -117.283424 -76.000000 -174.012070
v -117.283424 -74.000000 -190.340088
v -117.283424 -74.000000 -185.721069
v -117.283424 -74.000000 -178.350296
v -117.283424 -74.000000 -174.012070
v -116.019859 -76.000000 -193.162033
v -116.019859 -76.000000 -171.190109
v -116.019859 -74.000000 -193.162033
v -116.019859 -74.000000 -171.190109
v -115.172882 -76.000000 -193.005188
v -115.172882 -74.000000 -193.005188
v -115.170692 -76.000000 -171.349731
v -115.170692 -74.000000 -171.349731
v -114.808205 -76.000000 -192.867935
v -114.808205 -74.000000 -192.867935
v -114.805420 -76.000000 -171.488602
v -114.805420 -74.000000 -171.488602
v -114.650871 -76.000000 -192.774323
v -114.650871 -74.000000 -192.774323
v -114.647987 -76.000000 -171.583145
v -114.647987 -74.000000 -171.583145
v -114.514114 -76.000000 -192.660126
v -114.514114 -74.000000 -192.660126
v -114.511314 -76.000000 -171.698349
v -114.511314 -74.000000 -171.698349
v -114.399910 -76.000000 -192.523361
v -114.399910 -74.000000 -192.523361
v -114.397316 -76.000000 -171.836136
v -114.397316 -74.000000 -171.836136
v -114.306297 -76.000000 -192.366028
v -114.306297 -74.000000 -192.366028
v -114.303963 -76.000000 -171.994492
v -114.303963 -74.000000 -171.994492
v -114.169052 -76.000000 -192.001358
v -114.169052 -74.000000 -192.001358
v -114.167389 -76.000000 -172.361099
v -114.167389 -74.000000 -172.361099
v -114.012207 -76.000000 -191.154373
v -114.012207 -76.000000 -185.721069
v -114.012207 -76.000000 -178.350296
v -114.012207 -76.000000 -173.211807
v -114.012207 -74.000000 -191.154373
v -114.012207 -74.000000 -185.721069
v -114.012207 -74.000000 -178.350296
v -114.012207 -74.000000 -173.211807
v -111.681633 -76.000000 -193.162033
v -111.681633 -76.000000 -189.764465
v -111.681633 -74.000000 -193.162033
v -111.681633 -74.000000 -189.764465
v -108.522728 -76.000000 -193.162033
v -108.522728 -76.000000 -189.764465
v -108.522728 -74.000000 -193.162033
v -108.522728 -74.000000 -189.764465
v -106.136009 -76.000000 -193.162033
v -106.136009 -76.000000 -171.190109
v -106.136009 -74.000000 -193.162033
v -106.136009 -74.000000 -171.190109
v -102.850746 -76.000000 -193.162033
v -102.850746 -76.000000 -183.362411
v -102.850746 -76.000000 -180.484299
v -102.850746 -76.000000 -171.190109
v -102.850746 -74.000000 -193.162033
v -102.850746 -74.000000 -183.362411
v -102.850746 -74.000000 -180.484299
v -102.850746 -74.000000 -171.190109
v -101.073135 -74.000000 -147.545883
v -101.065407 -74.000000 -148.324677
v -100.908447 -74.000000 -146.784683
v -100.885651 -74.000000 -149.082474
v -100.832352 -73.965927 -147.900772
v -100.770073 -73.965927 -148.533096
v -100.770073 -73.965927 -147.268448
v -100.591171 -73.866028 -147.900772
v -100.585632 -73.965927 -149.141129
v -100.585632 -73.965927 -146.660431
v -100.579506 -74.000000 -146.078735
v -100.542770 -74.000000 -149.781754
v -100.533524 -73.866028 -148.486053
v -100.533524 -73.866028 -147.315506
v -100.384064 -73.707108 -147.900772
v -100.362808 -73.866028 -149.048828
v -100.362808 -73.866028 -146.752731
v -100.330399 -73.707108 -148.445648
v -100.330399 -73.707108 -147.355911
v -100.286118 -73.965927 -149.701477
v -100.286118 -73.965927 -146.100067
v -100.225143 -73.500000 -147.900772
v -100.174530 -73.500000 -148.414642
v -100.174530 -73.500000 -147.386917
v -100.171471 -73.707108 -148.969574
v -100.171471 -73.707108 -146.831985
v -100.125244 -73.258820 -147.900772
v -100.102600 -74.000000 -145.462997
v -100.091171 -73.000000 -147.900772
v -100.091171 -72.000000 -147.900772
v -100.085579 -73.866028 -149.567490
v -100.085579 -73.866028 -146.234070
v -100.076553 -73.258820 -148.395142
v -100.076553 -73.258820 -147.406403
v -100.070915 -76.000000 -181.775940
v -100.070915 -74.000000 -181.775940
v -100.053741 -74.000000 -150.387894
v -100.024643 -73.500000 -148.908752
v -100.024643 -73.500000 -146.892792
v -100.005981 -73.000000 -148.547821
v -100.005981 -73.000000 -147.253723
v -100.005981 -72.000000 -148.547821
v -100.005981 -72.000000 -147.253723
v -99.932350 -73.258820 -148.870529
v -99.932350 -73.258820 -146.931030
v -99.913376 -73.707108 -149.452423
v -99.913376 -73.707108 -146.349121
v -99.883034 -73.965927 -150.192642
v -99.883034 -73.965927 -145.608917
v -99.781242 -73.500000 -149.364136
v -99.781242 -73.500000 -146.437424
v -99.756233 -73.000000 -149.150772
v -99.756233 -73.000000 -146.650772
v -99.756233 -72.000000 -149.150772
v -99.756233 -72.000000 -146.650772
v -99.712494 -73.866028 -150.022095
v -99.712494 -73.866028 -145.779449
v -99.698174 -73.258820 -149.308624
v -99.698174 -73.258820 -146.492920
v -99.566048 -73.707108 -149.875656
v -99.566048 -73.707108 -145.925903
v -99.501335 -74.000000 -144.967987
v -99.453674 -73.500000 -149.763275
v -99.453674 -73.500000 -146.038269
v -99.442772 -74.000000 -150.870895
v -99.391876 -73.965927 -150.595718
v -99.391876 -73.965927 -145.205826
v -99.383034 -73.258820 -149.692642
v -99.383034 -73.258820 -146.108917
v -99.358940 -73.000000 -149.668549
v -99.358940 -73.000000 -146.133011
v -99.358940 -72.000000 -149.668549
v -99.358940 -72.000000 -146.133011
v -99.257881 -73.866028 -150.395187
v -99.257881 -73.866028 -145.406372
v -99.200462 -76.000000 -171.190109
v -99.200462 -74.000000 -171.190109
v -99.142822 -73.707108 -150.222977
v -99.142822 -73.707108 -145.578568
v -99.054527 -73.500000 -150.090851
v -99.054527 -73.500000 -145.710709
v -98.999023 -73.258820 -150.007782
v -98.999023 -73.258820 -145.793777
v -98.841171 -73.000000 -150.065842
v -98.841171 -73.000000 -145.735718
v -98.841171 -72.000000 -150.065842
v -98.841171 -72.000000 -145.735718
v -98.831520 -73.965927 -150.895233
v -98.831520 -73.965927 -144.906311
v -98.740120 -74.000000 -151.206818
v -98.739220 -73.866028 -150.672409
v -98.739220 -73.866028 -145.129135
v -98.681000 -76.000000 -193.162033
v -98.681000 -74.000000 -193.162033
v -98.659966 -73.707108 -150.481079
v -98.659966 -73.707108 -145.320480
v -98.599152 -73.500000 -150.334244
v -98.599152 -73.500000 -145.467300
v -98.591171 -74.500000 -147.900772
v -98.591171 -72.000000 -147.900772
v -98.560921 -73.258820 -150.241959
v -98.560921 -73.258820 -145.559601
v -98.557098 -74.500000 -148.159592
v -98.557098 -74.500000 -147.641953
v -98.557098 -72.000000 -148.159592
v -98.557098 -72.000000 -147.641953
v -98.457199 -74.500000 -148.400772
v -98.457199 -74.500000 -147.400772
v -98.457199 -72.000000 -148.400772
v -98.457199 -72.000000 -147.400772
v -98.298279 -74.500000 -148.607880
v -98.298279 -74.500000 -147.193665
v -98.298279 -72.000000 -148.607880
v -98.298279 -72.000000 -147.193665
v -98.238220 -73.000000 -150.315598
v -98.238220 -73.000000 -145.485962
v -98.238220 -72.000000 -150.315598
v -98.238220 -72.000000 -145.485962
v -98.223495 -73.965927 -151.079681
v -98.176445 -73.866028 -150.843124
v -98.176445 -73.866028 -144.958420
v -98.136040 -73.707108 -150.639999
v -98.136040 -73.707108 -145.161545
v -98.105034 -73.500000 -150.484146
v -98.105034 -73.500000 -145.317413
v -98.091171 -74.500000 -148.766800
v -98.091171 -74.500000 -147.034744
v -98.091171 -72.000000 -148.766800
v -98.091171 -72.000000 -147.034744
v -98.085541 -73.258820 -150.386154
v -98.085541 -73.258820 -145.415390
v -97.980583 -74.000000 -151.379044
v -97.849991 -74.500000 -148.866699
v -97.849991 -74.500000 -146.934845
v -97.849991 -72.000000 -148.866699
v -97.849991 -72.000000 -146.934845
v -97.591171 -74.500000 -148.900772
v -97.591171 -74.500000 -146.900772
v -97.591171 -73.965927 -151.141953
v -97.591171 -73.866028 -150.900772
v -97.591171 -73.823578 -144.967987
v -97.591171 -73.707108 -150.693665
v -97.591171 -73.707108 -145.107880
v -97.591171 -73.500000 -150.534744
v -97.591171 -73.500000 -145.266800
v -97.591171 -73.258820 -150.434845
v -97.591171 -73.258820 -145.366699
v -97.591171 -73.000000 -150.400772
v -97.591171 -73.000000 -145.400772
v -97.591171 -72.000000 -150.400772
v -97.591171 -72.000000 -148.900772
v -97.591171 -72.000000 -146.900772
v -97.591171 -72.000000 -145.400772
v -97.332352 -74.500000 -148.866699
v -97.332352 -74.500000 -146.934845
v -97.332352 -72.000000 -148.866699
v -97.332352 -72.000000 -146.934845
v -97.201759 -74.000000 -151.379044
v -97.096794 -73.258820 -150.386154
v -97.096794 -73.258820 -145.415390
v -97.091171 -74.500000 -148.766800
v -97.091171 -74.500000 -147.034744
v -97.091171 -72.000000 -148.766800
v -97.091171 -72.000000 -147.034744
v -97.077309 -73.500000 -150.484146
v -97.077309 -73.500000 -145.317413
v -97.046303 -73.707108 -150.639999
v -97.046303 -73.707108 -145.161545
v -97.005898 -73.866028 -150.843124
v -97.005898 -73.866028 -144.958420
v -96.958847 -73.965927 -151.079681
v -96.944122 -73.000000 -150.315598
v -96.944122 -73.000000 -145.485962
v -96.944122 -72.000000 -150.315598
v -96.944122 -72.000000 -145.485962
v -96.884064 -74.500000 -148.607880
v -96.884064 -74.500000 -147.193665
v -96.884064 -72.000000 -148.607880
v -96.884064 -72.000000 -147.193665
v -96.725143 -74.500000 -148.400772
v -96.725143 -74.500000 -147.400772
v -96.725143 -72.000000 -148.400772
v -96.725143 -72.000000 -147.400772
v -96.625244 -74.500000 -148.159592
v -96.625244 -74.500000 -147.641953
v -96.625244 -72.000000 -148.159592
v -96.625244 -72.000000 -147.641953
v -96.621422 -73.258820 -150.241959
v -96.621422 -73.258820 -145.559601
v -96.591171 -74.500000 -147.900772
v -96.591171 -72.000000 -147.900772
v -96.583191 -73.500000 -150.334244
v -96.583191 -73.500000 -145.467300
v -96.522377 -73.707108 -150.481079
v -96.522377 -73.707108 -145.320480
v -96.443123 -73.866028 -150.672409
v -96.443123 -73.866028 -145.129135
v -96.442223 -74.000000 -151.206818
v -96.350822 -73.965927 -150.895233
v -96.341171 -73.000000 -150.065842
v -96.341171 -73.000000 -145.735718
v -96.341171 -72.000000 -150.065842
v -96.341171 -72.000000 -145.735718
v -96.183311 -73.258820 -150.007782
v -96.183311 -73.258820 -145.793777
v -96.127815 -73.500000 -150.090851
v -96.127815 -73.500000 -145.710709
v -96.039520 -73.707108 -150.222977
v -96.039520 -73.707108 -145.578568
v -95.924461 -73.866028 -150.395187
v -95.924461 -73.866028 -145.406372
v -95.823402 -73.000000 -149.668549
v -95.823402 -73.000000 -146.133011
v -95.823402 -72.000000 -149.668549
v -95.823402 -72.000000 -146.133011
v -95.799309 -73.258820 -149.692642
v -95.799309 -73.258820 -146.108917
v -95.790466 -73.965927 -150.595718
v -95.790466 -73.965927 -145.205826
v -95.739571 -74.000000 -150.870895
v -95.728668 -73.500000 -149.763275
v -95.728668 -73.500000 -146.038269
v -95.681007 -74.000000 -144.967987
v -95.616295 -73.707108 -149.875656
v -95.616295 -73.707108 -145.925903
v -95.606331 -76.000000 -171.344543
v -95.606331 -76.000000 -171.190109
v -95.606331 -74.000000 -171.344543
v -95.606331 -74.000000 -171.190109
v -95.484161 -73.258820 -149.308624
v -95.484161 -73.258820 -146.492920
v -95.469849 -73.866028 -150.022095
v -95.469849 -73.866028 -145.779449
v -95.426109 -73.000000 -149.150772
v -95.426109 -73.000000 -146.650772
v -95.426109 -72.000000 -149.150772
v -95.426109 -72.000000 -146.650772
v -95.401100 -73.500000 -149.364136
v -95.401100 -73.500000 -146.437424
v -95.299309 -73.965927 -150.192642
v -95.299309 -73.965927 -145.608917
v -95.268967 -73.707108 -149.452423
v -95.268967 -73.707108 -146.349121
v -95.249992 -73.258820 -148.870529
v -95.249992 -73.258820 -146.931030
v -95.176353 -73.000000 -148.547821
v -95.176353 -73.000000 -147.253723
v -95.176353 -72.000000 -148.547821
v -95.176353 -72.000000 -147.253723
v -95.157692 -73.500000 -148.908752
v -95.157692 -73.500000 -146.892792
v -95.128601 -74.000000 -150.387894
v -95.105789 -73.258820 -148.395142
v -95.105789 -73.258820 -147.406403
v -95.096764 -73.866028 -149.567490
v -95.096764 -73.866028 -146.234070
v -95.091171 -73.000000 -147.900772
v -95.091171 -72.000000 -147.900772
v -95.079742 -74.000000 -145.462997
v -95.058792 -76.000000 -193.162033
v -95.058792 -74.000000 -193.162033
v -95.057098 -73.258820 -147.900772
v -95.010872 -73.707108 -148.969574
v -95.010872 -73.707108 -146.831985
v -95.007805 -73.500000 -148.414642
v -95.007805 -73.500000 -147.386917
v -94.957199 -73.500000 -147.900772
v -94.896225 -73.965927 -149.701477
v -94.896225 -73.965927 -146.100067
v -94.851944 -73.707108 -148.445648
v -94.851944 -73.707108 -147.355911
v -94.819534 -73.866028 -149.048828
v -94.819534 -73.866028 -146.752731
v -94.798279 -73.707108 -147.900772
v -94.648811 -73.866028 -148.486053
v -94.648811 -73.866028 -147.315506
v -94.639572 -74.000000 -149.781754
v -94.602837 -74.000000 -146.078735
v -94.596710 -73.965927 -149.141129
v -94.596710 -73.965927 -146.660431
v -94.591171 -73.866028 -147.900772
v -94.412270 -73.965927 -148.533096
v -94.412270 -73.965927 -147.268448
v -94.349991 -73.965927 -147.900772
v -94.296692 -74.000000 -149.082474
v -94.273895 -74.000000 -146.784683
v -94.116936 -74.000000 -148.324677
v -94.109207 -74.000000 -147.545883
v -93.991783 -76.000000 -193.162033
v -93.991783 -76.000000 -189.764465
v -93.991783 -74.000000 -193.162033
v -93.991783 -74.000000 -189.764465
v -90.832878 -76.000000 -193.162033
v -90.832878 -76.000000 -189.764465
v -90.832878 -74.000000 -193.162033
v -90.832878 -74.000000 -189.764465
v -89.246414 -76.000000 -193.162033
v -89.246414 -76.000000 -193.105881
v -89.246414 -74.000000 -193.162033
v -89.246414 -74.000000 -193.105881
v -86.003281 -76.000000 -193.162033
v -86.003281 -74.000000 -193.162033
v -85.841270 -74.000000 -198.681320
v -85.753517 -74.000000 -199.460144
v -85.753517 -74.000000 -197.902496
v -85.582451 -73.965927 -198.681320
v -85.520172 -73.965927 -199.313644
v -85.520172 -73.965927 -198.048996
v -85.494667 -74.000000 -200.199921
v -85.494667 -74.000000 -197.162735
v -85.343414 -76.000000 -188.992279
v -85.343414 -74.000000 -188.992279
v -85.341270 -73.866028 -198.681320
v -85.335732 -73.965927 -199.921677
v -85.335732 -73.965927 -197.440979
v -85.283630 -73.866028 -199.266602
v -85.283630 -73.866028 -198.096054
v -85.134163 -73.707108 -198.681320
v -85.112915 -73.866028 -199.829376
v -85.112915 -73.866028 -197.533279
v -85.080498 -73.707108 -199.226196
v -85.080498 -73.707108 -198.136459
v -85.077682 -74.000000 -200.863541
v -85.077682 -74.000000 -196.499115
v -85.036217 -73.965927 -200.482025
v -85.036217 -73.965927 -196.880615
v -84.992424 -76.000000 -171.162033
v -84.992424 -74.000000 -171.162033
v -84.975250 -73.500000 -198.681320
v -84.924637 -73.500000 -199.195190
v -84.924637 -73.500000 -198.167465
v -84.921570 -73.707108 -199.750122
v -84.921570 -73.707108 -197.612534
v -84.908195 -76.000000 -186.170334
v -84.908195 -74.000000 -186.170334
v -84.875343 -73.258820 -198.681320
v -84.841270 -73.000000 -198.681320
v -84.841270 -72.000000 -198.681320
v -84.835678 -73.866028 -200.348038
v -84.835678 -73.866028 -197.014618
v -84.826653 -73.258820 -199.175705
v -84.826653 -73.258820 -198.186951
v -84.774750 -73.500000 -199.689301
v -84.774750 -73.500000 -197.673340
v -84.756088 -73.000000 -199.328369
v -84.756088 -73.000000 -198.034271
v -84.756088 -72.000000 -199.328369
v -84.756088 -72.000000 -198.034271
v -84.682449 -73.258820 -199.651077
v -84.682449 -73.258820 -197.711578
v -84.663475 -73.707108 -200.232971
v -84.663475 -73.707108 -197.129669
v -84.633133 -73.965927 -200.973190
v -84.633133 -73.965927 -196.389465
v -84.531342 -73.500000 -200.144684
v -84.531342 -73.500000 -197.217972
v -84.523491 -74.000000 -201.417740
v -84.523491 -74.000000 -195.944916
v -84.506340 -73.000000 -199.931320
v -84.506340 -73.000000 -197.431320
v -84.506340 -72.000000 -199.931320
v -84.506340 -72.000000 -197.431320
v -84.462593 -73.866028 -200.802643
v -84.462593 -73.866028 -196.559998
v -84.448280 -73.258820 -200.089188
v -84.448280 -73.258820 -197.273468
v -84.316147 -73.707108 -200.656204
v -84.316147 -73.707108 -196.706451
v -84.286613 -74.750000 -188.992279
v -84.286613 -74.750000 -186.170334
v -84.286613 -74.000000 -188.992279
v -84.286613 -74.000000 -186.170334
v -84.203773 -73.500000 -200.543823
v -84.203773 -73.500000 -196.818817
v -84.141975 -73.965927 -201.376266
v -84.141975 -73.965927 -195.986374
v -84.133133 -73.258820 -200.473190
v -84.133133 -73.258820 -196.889465
v -84.109039 -73.000000 -200.449097
v -84.109039 -73.000000 -196.913559
v -84.109039 -72.000000 -200.449097
v -84.109039 -72.000000 -196.913559
v -84.007980 -73.866028 -201.175735
v -84.007980 -73.866028 -196.186920
v -83.892921 -73.707108 -201.003525
v -83.892921 -73.707108 -196.359116
v -83.859863 -74.000000 -201.834717
v -83.859863 -74.000000 -195.527939
v -83.804634 -73.500000 -200.871399
v -83.804634 -73.500000 -196.491257
v -83.749130 -73.258820 -200.788330
v -83.749130 -73.258820 -196.574326
v -83.591270 -73.000000 -200.846390
v -83.591270 -73.000000 -196.516266
v -83.591270 -72.000000 -200.846390
v -83.591270 -72.000000 -196.516266
v -83.581619 -73.965927 -201.675781
v -83.581619 -73.965927 -195.686859
v -83.489326 -73.866028 -201.452957
v -83.489326 -73.866028 -195.909683
v -83.410065 -73.707108 -201.261627
v -83.410065 -73.707108 -196.101028
v -83.349251 -73.500000 -201.114807
v -83.349251 -73.500000 -196.247849
v -83.341270 -74.500000 -198.681320
v -83.341270 -72.000000 -198.681320
v -83.311020 -73.258820 -201.022507
v -83.311020 -73.258820 -196.340149
v -83.307198 -74.500000 -198.940140
v -83.307198 -74.500000 -198.422501
v -83.307198 -72.000000 -198.940140
v -83.307198 -72.000000 -198.422501
v -83.293640 -76.000000 -176.258392
v -83.293640 -74.000000 -176.258392
v -83.207298 -74.500000 -199.181320
v -83.207298 -74.500000 -198.181320
v -83.207298 -72.000000 -199.181320
v -83.207298 -72.000000 -198.181320
v -83.120094 -74.000000 -202.093567
v -83.120094 -74.000000 -195.269073
v -83.048378 -74.500000 -199.388428
v -83.048378 -74.500000 -197.974213
v -83.048378 -72.000000 -199.388428
v -83.048378 -72.000000 -197.974213
v -82.988319 -73.000000 -201.096146
v -82.988319 -73.000000 -196.266510
v -82.988319 -72.000000 -201.096146
v -82.988319 -72.000000 -196.266510
v -82.973595 -73.965927 -201.860229
v -82.973595 -73.965927 -195.502426
v -82.926544 -73.866028 -201.623688
v -82.926544 -73.866028 -195.738968
v -82.886139 -73.707108 -201.420547
v -82.886139 -73.707108 -195.942093
v -82.855133 -73.500000 -201.264694
v -82.855133 -73.500000 -196.097961
v -82.841270 -74.500000 -199.547348
v -82.841270 -74.500000 -197.815292
v -82.841270 -72.000000 -199.547348
v -82.841270 -72.000000 -197.815292
v -82.835648 -73.258820 -201.166702
v -82.835648 -73.258820 -196.195938
v -82.600090 -74.500000 -199.647247
v -82.600090 -74.500000 -197.715393
v -82.600090 -72.000000 -199.647247
v -82.600090 -72.000000 -197.715393
v -82.341270 -74.500000 -199.681320
v -82.341270 -74.500000 -197.681320
v -82.341270 -74.000000 -202.181320
v -82.341270 -74.000000 -195.181320
v -82.341270 -73.965927 -201.922501
v -82.341270 -73.965927 -195.440140
v -82.341270 -73.866028 -201.681320
v -82.341270 -73.866028 -195.681320
v -82.341270 -73.707108 -201.474213
v -82.341270 -73.707108 -195.888428
v -82.341270 -73.500000 -201.315292
v -82.341270 -73.500000 -196.047348
v -82.341270 -73.258820 -201.215393
v -82.341270 -73.258820 -196.147247
v -82.341270 -73.000000 -201.181320
v -82.341270 -73.000000 -196.181320
v -82.341270 -72.000000 -201.181320
v -82.341270 -72.000000 -199.681320
v -82.341270 -72.000000 -197.681320
v -82.341270 -72.000000 -196.181320
v -82.286613 -74.750000 -188.992279
v -82.286613 -74.750000 -186.170334
v -82.286613 -74.000000 -188.992279
v -82.286613 -74.000000 -186.170334
v -82.082451 -74.500000 -199.647247
v -82.082451 -74.500000 -197.715393
v -82.082451 -72.000000 -199.647247
v -82.082451 -72.000000 -197.715393
v -81.846901 -73.258820 -201.166702
v -81.846901 -73.258820 -196.195938
v -81.841270 -74.500000 -199.547348
v -81.841270 -74.500000 -197.815292
v -81.841270 -72.000000 -199.547348
v -81.841270 -72.000000 -197.815292
v -81.827408 -73.500000 -201.264694
v -81.827408 -73.500000 -196.097961
v -81.796410 -73.707108 -201.420547
v -81.796410 -73.707108 -195.942093
v -81.756004 -73.866028 -201.623688
v -81.756004 -73.866028 -195.738968
v -81.708946 -73.965927 -201.860229
v -81.708946 -73.965927 -195.502426
v -81.694229 -73.000000 -201.096146
v -81.694229 -73.000000 -196.266510
v -81.694229 -72.000000 -201.096146
v -81.694229 -72.000000 -196.266510
v -81.693130 -76.000000 -186.170334
v -81.693130 -74.000000 -186.170334
v -81.634163 -74.500000 -199.388428
v -81.634163 -74.500000 -197.974213
v -81.634163 -72.000000 -199.388428
v -81.634163 -72.000000 -197.974213
v -81.562447 -74.000000 -202.093567
v -81.562447 -74.000000 -195.269073
v -81.538689 -76.000000 -171.162033
v -81.538689 -74.000000 -171.162033
v -81.475250 -74.500000 -199.181320
v -81.475250 -74.500000 -198.181320
v -81.475250 -72.000000 -199.181320
v -81.475250 -72.000000 -198.181320
v -81.375343 -74.500000 -198.940140
v -81.375343 -74.500000 -198.422501
v -81.375343 -72.000000 -198.940140
v -81.375343 -72.000000 -198.422501
v -81.371521 -73.258820 -201.022507
v -81.371521 -73.258820 -196.340149
v -81.341270 -74.500000 -198.681320
v -81.341270 -72.000000 -198.681320
v -81.333298 -73.500000 -201.114807
v -81.333298 -73.500000 -196.247849
v -81.272476 -73.707108 -201.261627
v -81.272476 -73.707108 -196.101028
v -81.229813 -76.000000 -188.992279
v -81.229813 -74.000000 -188.992279
v -81.193222 -73.866028 -201.452957
v -81.193222 -73.866028 -195.909683
v -81.100929 -73.965927 -201.675781
v -81.100929 -73.965927 -195.686859
v -81.091270 -73.000000 -200.846390
v -81.091270 -73.000000 -196.516266
v -81.091270 -72.000000 -200.846390
v -81.091270 -72.000000 -196.516266
v -80.933418 -73.258820 -200.788330
v -80.933418 -73.258820 -196.574326
v -80.877914 -73.500000 -200.871399
v -80.877914 -73.500000 -196.491257
v -80.822678 -74.000000 -201.834717
v -80.822678 -74.000000 -195.527939
v -80.789627 -73.707108 -201.003525
v -80.789627 -73.707108 -196.359116
v -80.674561 -73.866028 -201.175735
v -80.674561 -73.866028 -196.186920
v -80.573509 -73.000000 -200.449097
v -80.573509 -73.000000 -196.913559
v -80.573509 -72.000000 -200.449097
v -80.573509 -72.000000 -196.913559
v -80.569969 -76.000000 -193.162033
v -80.569969 -74.000000 -193.162033
v -80.549416 -73.258820 -200.473190
v -80.549416 -73.258820 -196.889465
v -80.540565 -73.965927 -201.376266
v -80.540565 -73.965927 -195.986374
v -80.478775 -73.500000 -200.543823
v -80.478775 -73.500000 -196.818817
v -80.366402 -73.707108 -200.656204
v -80.366402 -73.707108 -196.706451
v -80.234268 -73.258820 -200.089188
v -80.234268 -73.258820 -197.273468
v -80.219955 -73.866028 -200.802643
v -80.219955 -73.866028 -196.559998
v -80.176208 -73.000000 -199.931320
v -80.176208 -73.000000 -197.431320
v -80.176208 -72.000000 -199.931320
v -80.176208 -72.000000 -197.431320
v -80.159058 -74.000000 -201.417740
v -80.159058 -74.000000 -195.944916
v -80.151199 -73.500000 -200.144684
v -80.151199 -73.500000 -197.217972
v -80.049416 -73.965927 -200.973190
v -80.049416 -73.965927 -196.389465
v -80.019066 -73.707108 -200.232971
v -80.019066 -73.707108 -197.129669
v -80.000092 -73.258820 -199.651077
v -80.000092 -73.258820 -197.711578
v -79.926460 -73.000000 -199.328369
v -79.926460 -73.000000 -198.034271
v -79.926460 -72.000000 -199.328369
v -79.926460 -72.000000 -198.034271
v -79.907799 -73.500000 -199.689301
v -79.907799 -73.500000 -197.673340
v -79.855888 -73.258820 -199.175705
v -79.855888 -73.258820 -198.186951
v -79.846863 -73.866028 -200.348038
v -79.846863 -73.866028 -197.014618
v -79.841270 -73.000000 -198.681320
v -79.841270 -72.000000 -198.681320
v -79.807198 -73.258820 -198.681320
v -79.760979 -73.707108 -199.750122
v -79.760979 -73.707108 -197.612534
v -79.757912 -73.500000 -199.195190
v -79.757912 -73.500000 -198.167465
v -79.707298 -73.500000 -198.681320
v -79.646332 -73.965927 -200.482025
v -79.646332 -73.965927 -196.880615
v -79.604866 -74.000000 -200.863541
v -79.604866 -74.000000 -196.499115
v -79.602043 -73.707108 -199.226196
v -79.602043 -73.707108 -198.136459
v -79.569633 -73.866028 -199.829376
v -79.569633 -73.866028 -197.533279
v -79.548378 -73.707108 -198.681320
v -79.398918 -73.866028 -199.266602
v -79.398918 -73.866028 -198.096054
v -79.346809 -73.965927 -199.921677
v -79.346809 -73.965927 -197.440979
v -79.341270 -73.866028 -198.681320
v -79.187881 -74.000000 -200.199921
v -79.187881 -74.000000 -197.162735
v -79.162369 -73.965927 -199.313644
v -79.162369 -73.965927 -198.048996
v -79.100090 -73.965927 -198.681320
v -78.929024 -74.000000 -199.460144
v -78.929024 -74.000000 -197.902496
v -78.841270 -74.000000 -198.681320
v -77.312790 -76.000000 -193.162033
v -77.312790 -74.000000 -193.162033
v -75.726311 -76.000000 -193.162033
v -75.726311 -76.000000 -189.764465
v -75.726311 -74.000000 -193.162033
v -75.726311 -74.000000 -189.764465
v -73.621307 -74.000000 -220.031982
v -73.621307 -74.000000 -212.531982
v -73.621307 -74.000000 -152.467987
v -73.621307 -74.000000 -144.967987
v -73.621307 -72.000000 -220.031982
v -73.621307 -72.000000 -212.531982
v -73.621307 -72.000000 -152.467987
v -73.621307 -72.000000 -144.967987
v -72.567398 -76.000000 -193.162033
v -72.567398 -76.000000 -189.764465
v -72.567398 -74.000000 -193.162033
v -72.567398 -74.000000 -189.764465
v -71.621307 -76.000000 -216.532013
v -71.621307 -76.000000 -148.467987
v -71.621307 -73.000000 -216.532013
v -71.621307 -73.000000 -148.467987
v -71.553162 -76.000000 -217.049652
v -71.553162 -76.000000 -216.014374
v -71.553162 -76.000000 -148.985626
v -71.553162 -76.000000 -147.950348
v -71.553162 -73.000000 -217.049652
v -71.553162 -73.000000 -216.014374
v -71.553162 -73.000000 -148.985626
v -71.553162 -73.000000 -147.950348
v -71.353355 -76.000000 -217.532013
v -71.353355 -76.000000 -215.532013
v -71.353355 -76.000000 -149.467987
v -71.353355 -76.000000 -147.467987
v -71.353355 -73.000000 -217.532013
v -71.353355 -73.000000 -215.532013
v -71.353355 -73.000000 -149.467987
v -71.353355 -73.000000 -147.467987
v -71.035522 -76.000000 -217.946228
v -71.035522 -76.000000 -215.117798
v -71.035522 -76.000000 -149.882202
v -71.035522 -76.000000 -147.053772
v -71.035522 -73.000000 -217.946228
v -71.035522 -73.000000 -215.117798
v -71.035522 -73.000000 -149.882202
v -71.035522 -73.000000 -147.053772
v -70.746307 -73.000000 -216.532013
v -70.746307 -73.000000 -148.467987
v -70.746307 -72.000000 -216.532013
v -70.746307 -72.000000 -148.467987
v -70.707977 -73.000000 -216.823196
v -70.707977 -73.000000 -216.240845
v -70.707977 -73.000000 -148.759155
v -70.707977 -73.000000 -148.176804
v -70.707977 -72.000000 -216.823196
v -70.707977 -72.000000 -216.240845
v -70.707977 -72.000000 -148.759155
v -70.707977 -72.000000 -148.176804
v -70.621307 -76.000000 -218.264069
v -70.621307 -76.000000 -214.799973
v -70.621307 -76.000000 -150.200027
v -70.621307 -76.000000 -146.735931
v -70.621307 -73.000000 -218.264069
v -70.621307 -73.000000 -214.799973
v -70.621307 -73.000000 -150.200027
v -70.621307 -73.000000 -146.735931
v -70.595589 -73.000000 -217.094513
v -70.595589 -73.000000 -215.969513
v -70.595589 -73.000000 -149.030487
v -70.595589 -73.000000 -147.905487
v -70.595589 -72.000000 -217.094513
v -70.595589 -72.000000 -215.969513
v -70.595589 -72.000000 -149.030487
v -70.595589 -72.000000 -147.905487
v -70.416801 -73.000000 -217.327515
v -70.416801 -73.000000 -215.736526
v -70.416801 -73.000000 -149.263474
v -70.416801 -73.000000 -147.672485
v -70.416801 -72.000000 -217.327515
v -70.416801 -72.000000 -215.736526
v -70.416801 -72.000000 -149.263474
v -70.416801 -72.000000 -147.672485
v -70.183807 -73.000000 -217.506302
v -70.183807 -73.000000 -215.557739
v -70.183807 -73.000000 -149.442261
v -70.183807 -73.000000 -147.493698
v -70.183807 -72.000000 -217.506302
v -70.183807 -72.000000 -215.557739
v -70.183807 -72.000000 -149.442261
v -70.183807 -72.000000 -147.493698
v -70.138947 -76.000000 -218.463867
v -70.138947 -76.000000 -214.600174
v -70.138947 -76.000000 -150.399826
v -70.138947 -76.000000 -146.536133
v -70.138947 -73.000000 -218.463867
v -70.138947 -73.000000 -214.600174
v -70.138947 -73.000000 -150.399826
v -70.138947 -73.000000 -146.536133
v -69.912476 -73.000000 -217.618683
v -69.912476 -73.000000 -215.445358
v -69.912476 -73.000000 -149.554642
v -69.912476 -73.000000 -147.381317
v -69.912476 -72.000000 -217.618683
v -69.912476 -72.000000 -215.445358
v -69.912476 -72.000000 -149.554642
v -69.912476 -72.000000 -147.381317
v -69.621307 -76.000000 -218.532013
v -69.621307 -76.000000 -214.532013
v -69.621307 -76.000000 -150.467987
v -69.621307 -76.000000 -146.467987
v -69.621307 -73.000000 -218.532013
v -69.621307 -73.000000 -217.657013
v -69.621307 -73.000000 -215.407013
v -69.621307 -73.000000 -214.532013
v -69.621307 -73.000000 -150.467987
v -69.621307 -73.000000 -149.592987
v -69.621307 -73.000000 -147.342987
v -69.621307 -73.000000 -146.467987
v -69.621307 -72.000000 -217.657013
v -69.621307 -72.000000 -215.407013
v -69.621307 -72.000000 -149.592987
v -69.621307 -72.000000 -147.342987
v -69.330139 -73.000000 -217.618683
v -69.330139 -73.000000 -215.445358
v -69.330139 -73.000000 -149.554642
v -69.330139 -73.000000 -147.381317
v -69.330139 -72.000000 -217.618683
v -69.330139 -72.000000 -215.445358
v -69.330139 -72.000000 -149.554642
v -69.330139 -72.000000 -147.381317
v -69.103668 -76.000000 -218.463867
v -69.103668 -76.000000 -214.600174
v -69.103668 -76.000000 -150.399826
v -69.103668 -76.000000 -146.536133
v -69.103668 -73.000000 -218.463867
v -69.103668 -73.000000 -214.600174
v -69.103668 -73.000000 -150.399826
v -69.103668 -73.000000 -146.536133
v -69.058807 -73.000000 -217.506302
v -69.058807 -73.000000 -215.557739
v -69.058807 -73.000000 -149.442261
v -69.058807 -73.000000 -147.493698
v -69.058807 -72.000000 -217.506302
v -69.058807 -72.000000 -215.557739
v -69.058807 -72.000000 -149.442261
v -69.058807 -72.000000 -147.493698
v -68.825813 -73.000000 -217.327515
v -68.825813 -73.000000 -215.736526
v -68.825813 -73.000000 -149.263474
v -68.825813 -73.000000 -147.672485
v -68.825813 -72.000000 -217.327515
v -68.825813 -72.000000 -215.736526
v -68.825813 -72.000000 -149.263474
v -68.825813 -72.000000 -147.672485
v -68.647026 -73.000000 -217.094513
v -68.647026 -73.000000 -215.969513
v -68.647026 -73.000000 -149.030487
v -68.647026 -73.000000 -147.905487
v -68.647026 -72.000000 -217.094513
v -68.647026 -72.000000 -215.969513
v -68.647026 -72.000000 -149.030487
v -68.647026 -72.000000 -147.905487
v -68.621307 -76.000000 -218.264069
v -68.621307 -76.000000 -214.799973
v -68.621307 -76.000000 -150.200027
v -68.621307 -76.000000 -146.735931
v -68.621307 -73.000000 -218.264069
v -68.621307 -73.000000 -214.799973
v -68.621307 -73.000000 -150.200027
v -68.621307 -73.000000 -146.735931
v -68.534637 -73.000000 -216.823196
v -68.534637 -73.000000 -216.240845
v -68.534637 -73.000000 -148.759155
v -68.534637 -73.000000 -148.176804
v -68.534637 -72.000000 -216.823196
v -68.534637 -72.000000 -216.240845
v -68.534637 -72.000000 -148.759155
v -68.534637 -72.000000 -148.176804
v -68.496307 -73.000000 -216.532013
v -68.496307 -73.000000 -148.467987
v -68.496307 -72.000000 -216.532013
v -68.496307 -72.000000 -148.467987
v -68.207092 -76.000000 -217.946228
v -68.207092 -76.000000 -215.117798
v -68.207092 -76.000000 -149.882202
v -68.207092 -76.000000 -147.053772
v -68.207092 -73.000000 -217.946228
v -68.207092 -73.000000 -215.117798
v -68.207092 -73.000000 -149.882202
v -68.207092 -73.000000 -147.053772
v -67.889259 -76.000000 -217.532013
v -67.889259 -76.000000 -215.532013
v -67.889259 -76.000000 -149.467987
v -67.889259 -76.000000 -147.467987
v -67.889259 -73.000000 -217.532013
v -67.889259 -73.000000 -215.532013
v -67.889259 -73.000000 -149.467987
v -67.889259 -73.000000 -147.467987
v -67.689453 -76.000000 -217.049652
v -67.689453 -76.000000 -216.014374
v -67.689453 -76.000000 -148.985626
v -67.689453 -76.000000 -147.950348
v -67.689453 -73.000000 -217.049652
v -67.689453 -73.000000 -216.014374
v -67.689453 -73.000000 -148.985626
v -67.689453 -73.000000 -147.950348
v -67.621307 -76.000000 -216.532013
v -67.621307 -76.000000 -148.467987
v -67.621307 -73.000000 -216.532013
v -67.621307 -73.000000 -148.467987
v -66.871307 -76.000000 -220.031982
v -66.871307 -76.000000 -144.967987
v -66.871307 -72.000000 -220.031982
v -66.871307 -72.000000 -144.967987
v -66.121307 -76.000000 -219.281982
v -66.121307 -76.000000 -145.717987
v -66.121307 -74.000000 -212.531982
v -66.121307 -74.000000 -152.467987
v -66.121307 -72.000000 -219.281982
v -66.121307 -72.000000 -212.531982
v -66.121307 -72.000000 -152.467987
v -66.121307 -72.000000 -145.717987
vn 0.973417 0.189826 0.128159
vn 0.986753 0.129903 0.097183
vn 0.986752 0.129903 -0.097186
vn 0.920080 0.381106 -0.090619
vn 0.920084 0.381095 -0.090626
vn 0.790940 0.606914 -0.077906
vn 0.790936 0.606919 -0.077902
vn 0.607673 0.791929 -0.059852
vn 0.607678 0.791925 -0.059855
vn 0.382409 0.923225 -0.037667
vn 0.382413 0.923223 -0.037669
vn 0.130510 0.991364 -0.012856
vn 0.135102 0.990715 -0.015222
vn 0.953110 0.089335 0.289139
vn 0.903367 0.209539 0.374195
vn 0.878393 0.089336 0.469515
vn 0.778937 0.189823 0.597683
vn 0.766463 0.129906 0.629014
vn 0.629014 0.129906 0.766463
vn 0.586512 0.381110 0.714674
vn 0.435832 0.381115 0.815354
vn 0.374668 0.606896 0.700929
vn 0.230698 0.606899 0.760560
vn 0.177234 0.791947 0.584302
vn 0.059837 0.791946 0.607652
vn 0.037657 0.923225 0.382409
vn -0.037660 0.923225 0.382409
vn -0.012853 0.991364 0.130510
vn -0.015223 0.990714 0.135110
vn -0.036908 0.991885 0.121667
vn -0.046063 0.990226 0.131645
vn -0.058735 0.992207 0.109885
vn -0.075369 0.989915 0.119950
vn -0.078260 0.992361 0.095364
vn -0.100703 0.989807 0.100703
vn -0.095364 0.992361 0.078260
vn -0.119950 0.989915 0.075369
vn -0.109885 0.992207 0.058735
vn -0.131645 0.990226 0.046063
vn -0.121667 0.991885 0.036908
vn -0.135110 0.990714 0.015223
vn -0.130510 0.991364 0.012853
vn -0.130510 0.991364 -0.012853
vn -0.382409 0.923225 -0.037660
vn -0.382416 0.923223 -0.037657
vn -0.607673 0.791930 -0.059839
vn -0.607650 0.791947 -0.059849
vn -0.790940 0.606914 -0.077902
vn -0.790967 0.606881 -0.077885
vn -0.920081 0.381107 -0.090598
vn -0.920064 0.381144 -0.090618
vn -0.986752 0.129903 -0.097186
vn -0.973430 0.189777 -0.128138
vn 0.597697 0.189797 0.778932
vn 0.469516 0.089308 0.878396
vn 0.435818 0.381135 0.815352
vn 0.268367 0.381131 0.884714
vn 0.230709 0.606885 0.760568
vn 0.077905 0.606882 0.790964
vn 0.059852 0.791929 0.607673
vn -0.059837 0.791930 0.607673
vn -0.037657 0.923222 0.382418
vn -0.111549 0.923221 0.367722
vn 0.374197 0.209518 0.903371
vn 0.289112 0.089281 0.953123
vn 0.268361 0.381141 0.884711
vn 0.090624 0.381145 0.920063
vn 0.077908 0.606877 0.790968
vn -0.077903 0.606877 0.790968
vn -0.059848 0.791947 0.607650
vn -0.177259 0.791946 0.584296
vn -0.111552 0.923228 0.367705
vn -0.181137 0.923228 0.338881
vn 0.128138 0.189777 0.973430
vn 0.097186 0.129903 0.986752
vn 0.090617 0.381156 0.920059
vn -0.090621 0.381156 0.920059
vn -0.077906 0.606882 0.790964
vn -0.230701 0.606885 0.760571
vn -0.177248 0.791910 0.584347
vn -0.287844 0.791912 0.538536
vn -0.181138 0.923222 0.338895
vn -0.243772 0.923222 0.297046
vn -0.097183 0.129903 0.986753
vn -0.128138 0.189784 0.973428
vn -0.289112 0.089298 0.953121
vn -0.374195 0.209539 0.903367
vn -0.469515 0.089336 0.878393
vn -0.597683 0.189823 0.778937
vn -0.629014 0.129906 0.766463
vn -0.766463 0.129906 0.629014
vn -0.714674 0.381110 0.586512
vn -0.815360 0.381115 0.435820
vn -0.700922 0.606913 0.374652
vn -0.760553 0.606910 0.230695
vn -0.584302 0.791947 0.177234
vn -0.607652 0.791946 0.059835
vn -0.382409 0.923226 0.037656
vn -0.778937 0.189823 0.597683
vn -0.878393 0.089336 0.469515
vn -0.815360 0.381112 0.435823
vn -0.884717 0.381117 0.268377
vn -0.760567 0.606884 0.230716
vn -0.790965 0.606882 0.077903
vn -0.607673 0.791929 0.059850
vn -0.903367 0.209539 0.374195
vn -0.953121 0.089298 0.289112
vn -0.884711 0.381141 0.268361
vn -0.920066 0.381144 0.090594
vn -0.790942 0.606915 0.077880
vn -0.973428 0.189784 0.128138
vn -0.986753 0.129903 0.097183
vn -0.920080 0.381106 0.090617
vn -0.953123 0.089281 -0.289112
vn -0.903371 0.209518 -0.374197
vn -0.878396 0.089308 -0.469516
vn -0.778932 0.189797 -0.597697
vn -0.766463 0.129906 -0.629014
vn -0.629014 0.129906 -0.766463
vn -0.586512 0.381110 -0.714674
vn -0.435820 0.381115 -0.815360
vn -0.374652 0.606913 -0.700922
vn -0.230715 0.606911 -0.760546
vn -0.177258 0.791925 -0.584324
vn -0.059854 0.791925 -0.607678
vn -0.037666 0.923225 -0.382409
vn 0.037669 0.923225 -0.382409
vn 0.012856 0.991364 -0.130510
vn 0.015222 0.990715 -0.135102
vn 0.036904 0.991885 -0.121661
vn 0.046068 0.990225 -0.131649
vn 0.058739 0.992207 -0.109889
vn 0.075372 0.989914 -0.119954
vn 0.078263 0.992361 -0.095364
vn 0.100703 0.989807 -0.100703
vn 0.095365 0.992361 -0.078267
vn 0.119961 0.989913 -0.075376
vn 0.109892 0.992207 -0.058737
vn 0.131649 0.990225 -0.046068
vn 0.121661 0.991885 -0.036904
vn -0.597683 0.189823 -0.778937
vn -0.469515 0.089336 -0.878393
vn -0.435823 0.381112 -0.815360
vn -0.268377 0.381117 -0.884717
vn -0.230708 0.606920 -0.760541
vn -0.077900 0.606919 -0.790937
vn -0.059850 0.791929 -0.607673
vn 0.059855 0.791929 -0.607673
vn 0.037667 0.923223 -0.382414
vn 0.111542 0.923224 -0.367717
vn -0.374195 0.209539 -0.903367
vn -0.289139 0.089335 -0.953110
vn -0.268393 0.381092 -0.884723
vn -0.090623 0.381095 -0.920084
vn -0.077903 0.606914 -0.790940
vn 0.077902 0.606914 -0.790940
vn 0.059852 0.791925 -0.607678
vn 0.177253 0.791925 -0.584325
vn 0.111543 0.923227 -0.367708
vn 0.181140 0.923228 -0.338879
vn -0.128159 0.189826 -0.973417
vn -0.097183 0.129903 -0.986753
vn -0.090617 0.381106 -0.920080
vn 0.090625 0.381106 -0.920079
vn 0.077905 0.606919 -0.790936
vn 0.230713 0.606920 -0.760539
vn 0.177255 0.791932 -0.584315
vn 0.287845 0.791931 -0.538508
vn 0.181141 0.923226 -0.338882
vn 0.243768 0.923227 -0.297032
vn 0.097186 0.129903 -0.986752
vn 0.128159 0.189818 -0.973419
vn 0.289140 0.089318 -0.953111
vn 0.374197 0.209518 -0.903371
vn 0.469516 0.089308 -0.878396
vn 0.597697 0.189797 -0.778932
vn 0.629014 0.129906 -0.766463
vn 0.766463 0.129906 -0.629014
vn 0.714674 0.381110 -0.586512
vn 0.815354 0.381115 -0.435832
vn 0.700929 0.606896 -0.374668
vn 0.760553 0.606900 -0.230718
vn 0.584324 0.791925 -0.177258
vn 0.778932 0.189797 -0.597697
vn 0.878396 0.089308 -0.469516
vn 0.815352 0.381135 -0.435818
vn 0.884714 0.381131 -0.268367
vn 0.760542 0.606920 -0.230702
vn 0.903371 0.209518 -0.374197
vn 0.953111 0.089318 -0.289140
vn 0.884723 0.381092 -0.268393
vn 0.973419 0.189818 -0.128159
vn -0.012856 0.991364 -0.130510
vn -0.015222 0.990715 -0.135102
vn -0.036903 0.991885 -0.121662
vn -0.046067 0.990225 -0.131650
vn -0.058740 0.992207 -0.109888
vn -0.075369 0.989915 -0.119950
vn -0.078260 0.992361 -0.095364
vn -0.100703 0.989807 -0.100703
vn -0.095364 0.992361 -0.078263
vn -0.119954 0.989914 -0.075372
vn -0.109886 0.992207 -0.058734
vn -0.131644 0.990226 -0.046064
vn -0.121666 0.991885 -0.036909
vn -0.135110 0.990714 -0.015223
vn 0.012853 0.991364 0.130510
vn 0.015223 0.990714 0.135110
vn 0.036909 0.991885 0.121666
vn 0.046064 0.990226 0.131644
vn 0.058734 0.992207 0.109886
vn 0.075372 0.989914 0.119954
vn 0.078263 0.992361 0.095364
vn 0.100703 0.989807 0.100703
vn 0.095364 0.992361 0.078264
vn 0.119957 0.989914 0.075373
vn 0.109890 0.992207 0.058738
vn 0.131650 0.990225 0.046067
vn 0.121662 0.991885 0.036903
vn 0.135102 0.990715 0.015222
vn 0.130510 0.991364 0.012856
vn -0.090615 0.381144 0.920064
vn 0.037660 0.923223 0.382415
vn 0.920079 0.381106 0.090623
vn 0.920085 0.381095 0.090617
vn 0.884727 0.381093 0.268380
vn 0.884713 0.381117 0.268390
vn 0.815361 0.381112 0.435821
vn 0.815359 0.381115 0.435822
vn 0.714675 0.381110 0.586510
vn 0.714673 0.381114 0.586511
vn 0.586514 0.381107 0.714674
vn 0.790941 0.606914 0.077900
vn 0.790936 0.606919 0.077903
vn 0.760539 0.606920 0.230713
vn 0.760547 0.606911 0.230710
vn 0.700923 0.606914 0.374650
vn 0.700920 0.606918 0.374650
vn 0.614365 0.606915 0.504193
vn 0.614369 0.606910 0.504193
vn 0.504190 0.606915 0.614366
vn 0.504195 0.606910 0.614368
vn 0.374662 0.606903 0.700926
vn 0.607673 0.791929 0.059853
vn 0.607678 0.791925 0.059851
vn 0.584325 0.791925 0.177253
vn 0.584315 0.791932 0.177255
vn 0.538508 0.791931 0.287845
vn 0.538522 0.791921 0.287845
vn 0.472019 0.791924 0.387369
vn 0.472012 0.791929 0.387367
vn 0.387369 0.791926 0.472016
vn 0.387367 0.791927 0.472016
vn 0.287833 0.791930 0.538515
vn 0.287857 0.791911 0.538530
vn 0.177272 0.791912 0.584338
vn 0.382409 0.923225 0.037669
vn 0.382416 0.923222 0.037666
vn 0.367724 0.923222 0.111541
vn 0.367708 0.923227 0.111543
vn 0.338881 0.923228 0.181137
vn 0.338874 0.923230 0.181136
vn 0.297029 0.923229 0.243767
vn 0.297041 0.923224 0.243770
vn 0.243771 0.923226 0.297036
vn 0.243766 0.923227 0.297034
vn 0.181135 0.923226 0.338886
vn 0.181131 0.923228 0.338883
vn 0.111548 0.923227 0.367707
vn 0.111555 0.923223 0.367714
vn -0.268374 0.381140 0.884708
vn -0.268364 0.381117 0.884721
vn -0.435821 0.381112 0.815361
vn -0.435822 0.381115 0.815359
vn -0.586527 0.381110 0.714662
vn -0.586521 0.381076 0.714685
vn -0.714673 0.381076 0.586535
vn -0.230710 0.606911 0.760547
vn -0.374667 0.606913 0.700915
vn -0.287846 0.791941 0.538492
vn -0.387365 0.791940 0.471995
vn -0.243766 0.923231 0.297023
vn -0.297030 0.923231 0.243758
vn -0.374662 0.606885 0.700942
vn -0.504193 0.606887 0.614392
vn -0.504192 0.606940 0.614340
vn -0.614362 0.606938 0.504168
vn -0.614372 0.606886 0.504219
vn -0.700933 0.606886 0.374677
vn -0.472008 0.791941 0.387347
vn -0.472023 0.791912 0.387388
vn -0.387372 0.791911 0.472038
vn -0.338892 0.923222 0.181143
vn -0.297040 0.923222 0.243780
vn -0.538504 0.791940 0.287827
vn -0.538527 0.791911 0.287864
vn -0.584338 0.791912 0.177272
vn -0.367708 0.923227 0.111545
vn -0.338883 0.923228 0.181131
vn -0.367720 0.923221 0.111556
vn -0.382417 0.923222 0.037660
vn -0.884710 0.381141 -0.268366
vn -0.884715 0.381131 -0.268362
vn -0.815347 0.381135 -0.435828
vn -0.815359 0.381115 -0.435822
vn -0.714673 0.381110 -0.586513
vn -0.714675 0.381107 -0.586513
vn -0.586509 0.381114 -0.714674
vn -0.760571 0.606885 -0.230701
vn -0.760557 0.606900 -0.230706
vn -0.700926 0.606895 -0.374674
vn -0.700936 0.606885 -0.374672
vn -0.614392 0.606887 -0.504193
vn -0.614364 0.606916 -0.504192
vn -0.504195 0.606910 -0.614367
vn -0.504190 0.606915 -0.614367
vn -0.374648 0.606917 -0.700921
vn -0.367715 0.923224 -0.111550
vn -0.584296 0.791946 -0.177259
vn -0.584347 0.791910 -0.177248
vn -0.538536 0.791912 -0.287844
vn -0.538492 0.791941 -0.287846
vn -0.471995 0.791940 -0.387365
vn -0.472038 0.791911 -0.387372
vn -0.387388 0.791912 -0.472023
vn -0.387372 0.791924 -0.472017
vn -0.287851 0.791922 -0.538518
vn -0.287839 0.791931 -0.538511
vn -0.177250 0.791932 -0.584317
vn -0.338882 0.923228 -0.181133
vn -0.367705 0.923228 -0.111552
vn -0.338887 0.923226 -0.181133
vn -0.297032 0.923227 -0.243768
vn -0.297023 0.923231 -0.243766
vn -0.243758 0.923231 -0.297030
vn -0.243780 0.923222 -0.297040
vn -0.181150 0.923223 -0.338888
vn -0.181139 0.923228 -0.338880
vn -0.111537 0.923227 -0.367711
vn -0.111547 0.923221 -0.367722
vn -0.037669 0.923222 -0.382415
vn 0.090620 0.381095 -0.920084
vn 0.268372 0.381093 -0.884729
vn 0.230706 0.606900 -0.760557
vn 0.374647 0.606897 -0.700940
vn 0.287844 0.791911 -0.538538
vn 0.387382 0.791910 -0.472032
vn 0.243769 0.923225 -0.297038
vn 0.297033 0.923225 -0.243778
vn 0.268388 0.381132 -0.884707
vn 0.435828 0.381135 -0.815347
vn 0.374654 0.606935 -0.700902
vn 0.504192 0.606938 -0.614342
vn 0.387378 0.791926 -0.472008
vn 0.472015 0.791929 -0.387365
vn 0.297022 0.923234 -0.243755
vn 0.338870 0.923234 -0.181126
vn 0.435822 0.381115 -0.815359
vn 0.586497 0.381111 -0.714686
vn 0.504193 0.606886 -0.614393
vn 0.614381 0.606887 -0.504206
vn 0.472017 0.791924 -0.387372
vn 0.538518 0.791922 -0.287851
vn 0.338880 0.923228 -0.181139
vn 0.367710 0.923227 -0.111539
vn 0.714675 0.381145 -0.586488
vn 0.614376 0.606916 -0.504178
vn 0.538511 0.791931 -0.287839
vn 0.700921 0.606917 -0.374648
vn 0.586503 0.381146 -0.714662
vn 0.367716 0.923224 -0.111545
vn 0.584317 0.791932 -0.177250
vn 0.000000 1.000000 -0.000000
vn 0.000000 1.000000 0.000000
vn 0.000000 1.000000 0.000000
vn 0.000000 1.000000 0.000000
vn 0.000000 1.000000 0.000000
vn 0.000000 1.000000 0.000000
vn 0.000000 1.000000 0.000000
vn -0.000000 1.000000 0.000000
vn -0.000000 1.000000 0.000000
vn -0.000000 1.000000 0.000000
vn -0.000000 1.000000 0.000000
vn 0.000000 1.000000 0.000000
vn 0.000000 1.000000 0.000000
vn -0.000000 1.000000 0.000000
vn 0.000000 1.000000 0.000000
vn -0.000000 1.000000 0.000000
vn 0.000000 1.000000 0.000000
vn -0.000000 1.000000 0.000000
vn 0.000000 1.000000 0.000000
vn -0.000000 1.000000 0.000000
vn 0.000000 1.000000 0.000000
vn -0.000000 1.000000 0.000000
vn 0.000000 1.000000 0.000000
vn -0.000000 1.000000 0.000000
vn 0.000000 1.000000 0.000000
vn -0.000000 1.000000 0.000000
vn 0.000000 1.000000 0.000000
vn -0.000000 1.000000 0.000000
vn 0.000000 1.000000 0.000000
vn -0.000000 1.000000 0.000000
vn 0.000000 1.000000 0.000000
vn -0.000000 1.000000 0.000000
vn 0.000000 1.000000 0.000000
vn -0.000000 1.000000 0.000000
vn 0.000000 1.000000 0.000000
vn -0.000000 1.000000 0.000000
vn -0.000000 1.000000 0.000000
vn -0.000000 1.000000 0.000000
vn -0.000000 1.000000 0.000000
vn -0.000000 1.000000 -0.000000
vn 0.000000 1.000000 0.000000
vn 0.000000 1.000000 0.000000
vn -0.000000 1.000000 0.000000
vn -0.000000 1.000000 0.000000
vn 0.000000 1.000000 0.000000
vn -0.000000 1.000000 0.000000
vn 0.000000 1.000000 0.000000
vn -0.000000 1.000000 0.000000
vn 0.000000 1.000000 0.000000
vn -0.000000 1.000000 0.000000
vn 0.000000 1.000000 0.000000
vn 0.000000 1.000000 0.000000
vn -0.000000 1.000000 0.000000
vn 0.000000 1.000000 0.000000
vn 0.000000 1.000000 0.000000
vn 0.000000 1.000000 0.000000
vn 0.000000 1.000000 0.000000
vn 0.000000 1.000000 0.000000
vn 0.000000 1.000000 0.000000
vn 0.000000 1.000000 0.000000
vn 0.000000 1.000000 0.000000
vn 0.000000 1.000000 0.000000
vn 0.000000 1.000000 0.000000
vn 0.000000 1.000000 0.000000
vn 0.000000 1.000000 0.000000
vn -0.000000 1.000000 0.000000
vn 0.000000 1.000000 -0.000000
vn -0.000000 1.000000 0.000000
vn 0.000000 1.000000 -0.000000
vn -0.000000 1.000000 0.000000
vn 0.000000 1.000000 -0.000000
vn 0.000000 1.000000 -0.000000
vn 0.000000 1.000000 -0.000000
vn 0.000000 1.000000 0.000000
vn 0.000000 1.000000 0.000000
vn 0.000000 1.000000 0.000000
vn 0.000000 1.000000 0.000000
vn 0.000000 1.000000 0.000000
vn 0.000000 1.000000 0.000000
vn 0.000000 1.000000 0.000000
vn 0.000000 1.000000 0.000000
vn 0.000000 1.000000 -0.000000
vn 0.000000 1.000000 0.000000
vn 0.000000 1.000000 0.000000
vn 0.000000 1.000000 0.000000
vn -0.000000 1.000000 0.000000
vn 0.000000 1.000000 0.000000
vn -0.000000 1.000000 0.000000
vn 0.000000 1.000000 0.000000
vn -0.000000 1.000000 0.000000
vn 0.000000 1.000000 0.000000
vn -0.000000 1.000000 -0.000000
vn -0.000000 1.000000 -0.000000
vn 0.000000 1.000000 0.000000
vn 0.000000 1.000000 -0.000000
vn 0.000000 1.000000 -0.000000
vn 0.000000 1.000000 0.000000
vn -0.000000 1.000000 0.000000
vn 0.000000 1.000000 -0.000000
vn 0.000000 1.000000 -0.000000
vn 0.000000 1.000000 0.000000
vn 0.000000 1.000000 -0.000000
vn 0.000000 1.000000 0.000000
vn 0.000000 1.000000 -0.000000
vn 0.000000 1.000000 0.000000
vn 0.000000 1.000000 0.000000
vn 0.000000 1.000000 0.000000
vn 0.000000 1.000000 0.000000
vn 0.000000 1.000000 0.000000
vn 0.000000 1.000000 -0.000000
vn 0.000000 1.000000 0.000000
vn 0.000000 1.000000 0.000000
vn 0.000000 1.000000 0.000000
vn 0.000000 1.000000 0.000000
vn 0.000000 1.000000 0.000000
vn 0.000000 1.000000 0.000000
vn 0.000000 1.000000 -0.000000
vn 0.000000 1.000000 -0.000000
vn 0.000000 1.000000 0.000000
vn 0.000000 1.000000 0.000000
vn 0.000000 1.000000 0.000000
vn 0.000000 1.000000 0.000000
vn 0.000000 1.000000 0.000000
vn 0.000000 1.000000 0.000000
vn 0.000000 1.000000 0.000000
vn 0.000000 1.000000 0.000000
vn 0.000000 1.000000 0.000000
vn 0.000000 1.000000 0.000000
vn 0.000000 1.000000 0.000000
vn 0.000000 1.000000 0.000000
vn 0.000000 1.000000 0.000000
vn 0.000000 1.000000 0.000000
vn 0.000000 1.000000 0.000000
vn 0.000000 1.000000 0.000000
vn 0.000000 1.000000 0.000000
vn 0.000000 1.000000 0.000000
vn 0.000000 1.000000 -0.000000
vn 0.000000 1.000000 0.000000
vn 0.000000 1.000000 -0.000000
vn 0.000000 1.000000 0.000000
vn 0.000000 1.000000 0.000000
vn 0.000000 1.000000 0.000000
vn 0.000000 1.000000 0.000000
vn 0.000000 1.000000 0.000000
vn 0.000000 1.000000 0.000000
vn -0.000000 1.000000 0.000000
vn -0.000000 1.000000 0.000000
vn 0.000000 1.000000 0.000000
vn -0.000000 1.000000 0.000000
vn -0.000000 1.000000 0.000000
vn 0.000000 1.000000 0.000000
vn -0.000000 1.000000 0.000000
vn -0.000000 1.000000 0.000000
vn 0.000000 1.000000 0.000000
vn -0.000000 1.000000 0.000000
vn -0.000000 1.000000 0.000000
vn -0.000000 1.000000 0.000000
vn 0.000000 1.000000 -0.000000
vn -0.000000 1.000000 0.000000
vn -0.000000 1.000000 0.000000
vn -0.000000 1.000000 0.000000
vn -0.000000 1.000000 0.000000
vn 0.000000 1.000000 0.000000
vn -0.000000 1.000000 0.000000
vn -0.000000 1.000000 -0.000000
vn -0.000000 1.000000 -0.000000
vn 0.000000 1.000000 -0.000000
vn 0.000000 1.000000 -0.000000
vn 0.000000 1.000000 -0.000000
vn 0.000000 1.000000 -0.000000
vn 0.000000 1.000000 -0.000000
vn 0.000000 1.000000 -0.000000
vn 0.000000 1.000000 -0.000000
vn 0.000000 1.000000 -0.000000
vn 0.000000 1.000000 -0.000000
vn 0.000000 1.000000 -0.000000
vn 0.000000 1.000000 -0.000000
vn 0.000000 1.000000 -0.000000
vn 0.000000 1.000000 -0.000000
vn 0.000000 1.000000 0.000000
vn -0.000000 1.000000 0.000000
vn -0.000000 1.000000 0.000000
vn 0.000000 1.000000 0.000000
vn -0.000000 1.000000 0.000000
vn 0.000000 1.000000 0.000000
vn -0.000000 1.000000 0.000000
vn 0.000000 1.000000 0.000000
vn 0.000000 1.000000 -0.000000
vn -0.000000 1.000000 -0.000000
vn 0.000000 1.000000 0.000000
vn 0.000000 1.000000 0.000000
vn 0.000000 1.000000 -0.000000
vn 0.000000 1.000000 0.000000
vn 0.000000 1.000000 0.000000
vn 0.000000 1.000000 -0.000000
vn 0.000000 1.000000 0.000000
vn 0.000000 1.000000 -0.000000
vn 0.000000 1.000000 0.000000
vn 0.000000 1.000000 -0.000000
vn 0.000000 1.000000 -0.000000
vn 0.000000 1.000000 0.000000
vn 0.000000 1.000000 -0.000000
vn 0.000000 1.000000 0.000000
vn 0.000000 1.000000 0.000000
vn 0.000000 1.000000 0.000000
vn 0.000000 1.000000 0.000000
vn 0.000000 1.000000 0.000000
vn 0.000000 1.000000 0.000000
vn 0.000000 1.000000 0.000000
vn 0.000000 1.000000 0.000000
vn 0.000000 1.000000 0.000000
vn 0.000000 1.000000 0.000000
vn 0.000000 1.000000 0.000000
vn 0.000000 1.000000 0.000000
vn 0.000000 1.000000 0.000000
vn 0.000000 1.000000 0.000000
vn 0.000000 1.000000 0.000000
vn 0.000000 1.000000 0.000000
vn 0.000000 1.000000 0.000000
vn 0.000000 1.000000 0.000000
vn 0.000000 1.000000 0.000000
vn 0.000000 1.000000 0.000000
vn 0.000000 1.000000 0.000000
vn 0.000000 1.000000 0.000000
vn 0.000000 1.000000 0.000000
vn 0.000000 1.000000 0.000000
vn 0.000000 1.000000 -0.000000
vn 0.000000 1.000000 -0.000000
vn 0.000000 1.000000 -0.000000
vn 0.000000 1.000000 0.000000
vn 0.000000 1.000000 -0.000000
vn 0.000000 1.000000 -0.000000
vn 0.000000 1.000000 0.000000
vn 0.000000 1.000000 -0.000000
vn 0.000000 1.000000 0.000000
vn 0.000000 1.000000 -0.000000
vn 0.000000 1.000000 -0.000000
vn 0.000000 1.000000 0.000000
vn 0.000000 1.000000 0.000000
vn -0.000000 1.000000 0.000000
vn -0.000000 1.000000 0.000000
vn 0.000000 1.000000 -0.000000
vn -0.000000 1.000000 0.000000
vn -0.000000 1.000000 0.000000
vn -0.000000 1.000000 0.000000
vn -0.000000 1.000000 0.000000
vn 0.000000 1.000000 0.000000
vn 0.000000 1.000000 0.000000
vn 0.000000 1.000000 -0.000000
vn 0.000000 1.000000 0.000000
vn -0.000000 1.000000 0.000000
vn -0.000000 1.000000 0.000000
vn 0.000000 1.000000 0.000000
vn 0.000000 1.000000 0.000000
vn 0.000000 1.000000 0.000000
vn 0.000000 1.000000 0.000000
vn 0.000000 1.000000 0.000000
vn 0.000000 1.000000 0.000000
vn 0.000000 1.000000 0.000000
vn 0.000000 1.000000 0.000000
vn 0.000000 1.000000 0.000000
vn 0.000000 1.000000 0.000000
vn 0.000000 1.000000 0.000000
vn 0.000000 1.000000 0.000000
vn 0.000000 1.000000 0.000000
vn 0.000000 1.000000 0.000000
vn 0.000000 1.000000 -0.000000
vn 0.000000 1.000000 -0.000000
vn 0.000000 1.000000 -0.000000
vn 0.000000 1.000000 0.000000
vn 0.000000 1.000000 0.000000
vn 0.000000 1.000000 0.000000
vn -0.000000 1.000000 0.000000
vn 0.000000 1.000000 0.000000
vn -0.000000 1.000000 0.000000
vn 0.000000 1.000000 0.000000
vn -0.000000 1.000000 0.000000
vn 0.000000 1.000000 0.000000
vn 0.000000 1.000000 0.000000
vn 0.000000 1.000000 0.000000
vn 0.000000 1.000000 0.000000
vn -0.000000 1.000000 0.000000
vn 0.000000 1.000000 0.000000
vn 0.000000 1.000000 0.000000
vn 0.000000 1.000000 0.000000
vn 0.000000 1.000000 -0.000000
vn 0.000000 1.000000 -0.000000
vn 0.000000 1.000000 -0.000000
vn 0.000000 1.000000 0.000000
vn 0.000000 1.000000 0.000000
vn 0.000000 1.000000 0.000000
vn 0.000000 1.000000 0.000000
vn -0.000000 1.000000 0.000000
vn -0.000000 1.000000 0.000000
vn -0.000000 1.000000 0.000000
vn -0.000000 1.000000 0.000000
vn -0.000000 1.000000 0.000000
vn -0.000000 1.000000 0.000000
vn -0.000000 1.000000 0.000000
vn -0.000000 1.000000 0.000000
vn 0.000000 1.000000 0.000000
vn -0.000000 1.000000 0.000000
vn 0.000000 1.000000 0.000000
vn 0.000000 1.000000 0.000000
vn 0.000000 1.000000 0.000000
vn 0.000000 1.000000 0.000000
vn -0.000000 1.000000 0.000000
vn 0.000000 1.000000 -0.000000
vn 0.000000 1.000000 0.000000
vn 0.000000 1.000000 -0.000000
vn 0.000000 1.000000 0.000000
vn 0.000000 1.000000 -0.000000
vn 0.000000 1.000000 0.000000
vn 0.000000 1.000000 -0.000000
vn 0.000000 1.000000 -0.000000
vn 0.000000 1.000000 0.000000
vn 0.000000 1.000000 0.000000
vn 0.000000 1.000000 0.000000
vn 0.000000 1.000000 0.000000
vn 0.000000 1.000000 0.000000
vn 0.000000 1.000000 0.000000
vn 0.000000 1.000000 0.000000
vn 0.000000 1.000000 0.000000
vn 0.000000 1.000000 0.000000
vn 0.000000 1.000000 0.000000
vn 0.000000 1.000000 0.000000
vn -0.000000 1.000000 0.000000
vn 0.000000 1.000000 -0.000000
vn 0.000000 1.000000 -0.000000
vn 0.000000 1.000000 -0.000000
vn 0.000000 1.000000 -0.000000
vn 0.000000 1.000000 -0.000000
vn 0.000000 1.000000 -0.000000
vn 0.000000 1.000000 -0.000000
vn 0.000000 1.000000 -0.000000
vn 0.000000 1.000000 0.000000
vn 0.000000 1.000000 -0.000000
vn 0.000000 1.000000 0.000000
vn 0.000000 1.000000 0.000000
vn 0.000000 1.000000 0.000000
vn 0.000000 1.000000 0.000000
vn 0.000000 1.000000 0.000000
vn 0.000000 1.000000 0.000000
vn 0.000000 1.000000 0.000000
vn 0.000000 1.000000 0.000000
vn 0.000000 1.000000 0.000000
vn 0.000000 1.000000 0.000000
vn 0.000000 1.000000 0.000000
vn 0.000000 1.000000 0.000000
vn 0.000000 1.000000 0.000000
vn 0.000000 1.000000 0.000000
vn 0.000000 1.000000 0.000000
vn 0.000000 1.000000 0.000000
vn 0.000000 1.000000 0.000000
vn -0.000000 1.000000 0.000000
vn 0.000000 1.000000 -0.000000
vn 0.000000 1.000000 -0.000000
vn 0.000000 1.000000 0.000000
vn 0.000000 1.000000 -0.000000
vn 0.000000 1.000000 -0.000000
vn 0.000000 1.000000 -0.000000
vn 0.000000 1.000000 -0.000000
vn 0.000000 1.000000 -0.000000
vn 0.000000 1.000000 0.000000
vn 0.000000 1.000000 0.000000
vn 0.000000 1.000000 -0.000000
vn 0.000000 1.000000 0.000000
vn 0.000000 1.000000 -0.000000
vn 0.000000 1.000000 0.000000
vn 0.000000 1.000000 -0.000000
vn 0.000000 1.000000 0.000000
vn 0.000000 1.000000 -0.000000
vn 0.000000 1.000000 0.000000
vn 0.000000 1.000000 0.000000
vn 0.000000 1.000000 0.000000
vn 0.000000 1.000000 0.000000
vn 0.000000 1.000000 0.000000
vn -0.000000 1.000000 0.000000
vn 0.000000 1.000000 0.000000
vn -0.000000 1.000000 0.000000
vn 0.000000 1.000000 0.000000
vn -0.000000 1.000000 0.000000
vn 0.000000 1.000000 0.000000
vn -0.000000 1.000000 0.000000
vn 0.000000 1.000000 0.000000
vn -0.000000 1.000000 0.000000
vn 0.000000 1.000000 0.000000
vn -0.000000 1.000000 0.000000
vn 0.000000 1.000000 0.000000
vn -0.000000 1.000000 0.000000
vn 0.000000 1.000000 0.000000
vn -0.000000 1.000000 0.000000
vn 0.000000 1.000000 0.000000
vn -0.000000 1.000000 0.000000
vn 0.000000 1.000000 0.000000
vn 0.000000 1.000000 0.000000
vn 0.000000 1.000000 -0.000000
vn 0.000000 1.000000 0.000000
vn 0.000000 1.000000 0.000000
vn 0.000000 1.000000 0.000000
vn 0.000000 1.000000 0.000000
vn 0.000000 1.000000 0.000000
vn 0.000000 1.000000 0.000000
vn -0.000000 1.000000 0.000000
vn -0.000000 1.000000 0.000000
vn 0.000000 1.000000 0.000000
vn -0.000000 1.000000 0.000000
vn -0.000000 1.000000 0.000000
vn 0.000000 1.000000 0.000000
vn 0.000000 1.000000 0.000000
vn 0.000000 1.000000 0.000000
vn 0.000000 1.000000 0.000000
vn 0.000000 1.000000 -0.000000
vn 0.000000 1.000000 0.000000
vn 0.000000 1.000000 0.000000
vn 0.000000 1.000000 -0.000000
vn 0.000000 1.000000 0.000000
vn 0.000000 1.000000 0.000000
vn 0.000000 1.000000 -0.000000
vn 0.000000 1.000000 0.000000
vn 0.000000 1.000000 0.000000
vn 0.000000 1.000000 0.000000
vn 0.000000 1.000000 -0.000000
vn 0.000000 1.000000 0.000000
vn 0.000000 1.000000 -0.000000
vn 0.000000 1.000000 -0.000000
vn 0.000000 1.000000 0.000000
vn 0.000000 1.000000 0.000000
vn 0.000000 1.000000 0.000000
vn 0.000000 1.000000 0.000000
vn 0.000000 1.000000 0.000000
vn 0.000000 1.000000 0.000000
vn 0.000000 1.000000 0.000000
vn 0.000000 1.000000 0.000000
vn 0.991444 0.000000 0.130533
vn 0.991444 -0.000000 0.130533
vn 0.991444 0.000000 -0.130533
vn 0.991444 0.000000 -0.130533
vn 0.923877 0.000000 -0.382690
vn 0.923877 0.000000 -0.382690
vn 0.793353 0.000000 -0.608762
vn 0.793353 0.000000 -0.608762
vn 0.608762 0.000000 -0.793353
vn 0.608762 0.000000 -0.793353
vn 0.382690 0.000000 -0.923877
vn 0.382690 0.000000 -0.923877
vn 0.130533 0.000000 -0.991444
vn 0.130533 0.000000 -0.991444
vn -0.130533 0.000000 -0.991444
vn -0.130533 0.000000 -0.991444
vn -0.382690 0.000000 -0.923877
vn -0.382690 0.000000 -0.923877
vn -0.608751 0.000000 -0.793361
vn -0.608751 0.000000 -0.793361
vn -0.793353 0.000000 -0.608762
vn -0.793353 0.000000 -0.608762
vn -0.923877 0.000000 -0.382690
vn -0.923877 0.000000 -0.382690
vn -0.991447 0.000000 -0.130510
vn -0.991447 0.000000 -0.130510
vn -0.991447 0.000000 0.130510
vn -0.991447 0.000000 0.130510
vn -0.923877 0.000000 0.382690
vn -0.923877 0.000000 0.382690
vn -0.793361 0.000000 0.608751
vn -0.793361 0.000000 0.608751
vn -0.608751 0.000000 0.793361
vn -0.608751 0.000000 0.793361
vn -0.382690 0.000000 0.923877
vn -0.382690 0.000000 0.923877
vn -0.130510 0.000000 0.991447
vn -0.130510 0.000000 0.991447
vn 0.130510 0.000000 0.991447
vn 0.130510 -0.000000 0.991447
vn 0.382690 0.000000 0.923877
vn 0.382690 -0.000000 0.923877
vn 0.608762 0.000000 0.793353
vn 0.608762 -0.000000 0.793353
vn 0.793361 0.000000 0.608751
vn 0.793361 -0.000000 0.608751
vn 0.923877 0.000000 0.382690
vn 0.923877 -0.000000 0.382690
vn 0.973417 0.189826 0.128159
vn 0.986753 0.129903 0.097183
vn 0.986752 0.129903 -0.097186
vn 0.920080 0.381106 -0.090619
vn 0.920084 0.381095 -0.090626
vn 0.790940 0.606914 -0.077906
vn 0.790936 0.606919 -0.077902
vn 0.607673 0.791929 -0.059852
vn 0.607678 0.791925 -0.059855
vn 0.382409 0.923225 -0.037667
vn 0.382413 0.923223 -0.037669
vn 0.130510 0.991364 -0.012856
vn 0.135102 0.990715 -0.015222
vn 0.953110 0.089335 0.289139
vn 0.903367 0.209539 0.374195
vn 0.878393 0.089336 0.469515
vn 0.778937 0.189823 0.597683
vn 0.766463 0.129906 0.629014
vn 0.629014 0.129906 0.766463
vn 0.586512 0.381110 0.714674
vn 0.435832 0.381115 0.815354
vn 0.374668 0.606896 0.700929
vn 0.230698 0.606899 0.760560
vn 0.177234 0.791947 0.584302
vn 0.059837 0.791946 0.607652
vn 0.037657 0.923225 0.382409
vn -0.037660 0.923225 0.382409
vn -0.012853 0.991364 0.130510
vn -0.015223 0.990714 0.135110
vn -0.036908 0.991885 0.121667
vn -0.046063 0.990226 0.131645
vn -0.058735 0.992207 0.109885
vn -0.075369 0.989915 0.119950
vn -0.078260 0.992361 0.095364
vn -0.100703 0.989807 0.100703
vn -0.095364 0.992361 0.078260
vn -0.119950 0.989915 0.075369
vn -0.109885 0.992207 0.058735
vn -0.131645 0.990226 0.046063
vn -0.121667 0.991885 0.036908
vn -0.135110 0.990714 0.015223
vn -0.130510 0.991364 0.012853
vn -0.130510 0.991364 -0.012853
vn -0.382409 0.923225 -0.037660
vn -0.382416 0.923223 -0.037657
vn -0.607673 0.791930 -0.059839
vn -0.607650 0.791947 -0.059849
vn -0.790940 0.606914 -0.077902
vn -0.790967 0.606881 -0.077885
vn -0.920081 0.381107 -0.090598
vn -0.920064 0.381144 -0.090618
vn -0.986752 0.129903 -0.097186
vn -0.973430 0.189777 -0.128138
vn 0.597697 0.189797 0.778932
vn 0.469516 0.089308 0.878396
vn 0.435818 0.381135 0.815352
vn 0.268367 0.381131 0.884714
vn 0.230709 0.606885 0.760568
vn 0.077905 0.606882 0.790964
vn 0.059852 0.791929 0.607673
vn -0.059837 0.791930 0.607673
vn -0.037657 0.923222 0.382418
vn -0.111549 0.923221 0.367722
vn 0.374197 0.209518 0.903371
vn 0.289112 0.089281 0.953123
vn 0.268361 0.381141 0.884711
vn 0.090624 0.381145 0.920063
vn 0.077908 0.606877 0.790968
vn -0.077903 0.606877 0.790968
vn -0.059848 0.791947 0.607650
vn -0.177259 0.791946 0.584296
vn -0.111552 0.923228 0.367705
vn -0.181137 0.923228 0.338881
vn 0.128138 0.189777 0.973430
vn 0.097186 0.129903 0.986752
vn 0.090617 0.381156 0.920059
vn -0.090621 0.381156 0.920059
vn -0.077906 0.606882 0.790964
vn -0.230701 0.606885 0.760571
vn -0.177248 0.791910 0.584347
vn -0.287844 0.791912 0.538536
vn -0.181138 0.923222 0.338895
vn -0.243772 0.923222 0.297046
vn -0.097183 0.129903 0.986753
vn -0.128138 0.189784 0.973428
vn -0.289112 0.089298 0.953121
vn -0.374195 0.209539 0.903367
vn -0.469515 0.089336 0.878393
vn -0.597683 0.189823 0.778937
vn -0.629014 0.129906 0.766463
vn -0.766463 0.129906 0.629014
vn -0.714674 0.381110 0.586512
vn -0.815360 0.381115 0.435820
vn -0.700922 0.606913 0.374652
vn -0.760553 0.606910 0.230695
vn -0.584302 0.791947 0.177234
vn -0.607652 0.791946 0.059835
vn -0.382409 0.923226 0.037656
vn -0.778937 0.189823 0.597683
vn -0.878393 0.089336 0.469515
vn -0.815360 0.381112 0.435823
vn -0.884717 0.381117 0.268377
vn -0.760567 0.606884 0.230716
vn -0.790965 0.606882 0.077903
vn -0.607673 0.791929 0.059850
vn -0.903367 0.209539 0.374195
vn -0.953121 0.089298 0.289112
vn -0.884711 0.381141 0.268361
vn -0.920066 0.381144 0.090594
vn -0.790942 0.606915 0.077880
vn -0.973428 0.189784 0.128138
vn -0.986753 0.129903 0.097183
vn -0.920080 0.381106 0.090617
vn -0.953123 0.089281 -0.289112
vn -0.903371 0.209518 -0.374197
vn -0.878396 0.089308 -0.469516
vn -0.778932 0.189797 -0.597697
vn -0.766463 0.129906 -0.629014
vn -0.629014 0.129906 -0.766463
vn -0.586512 0.381110 -0.714674
vn -0.435820 0.381115 -0.815360
vn -0.374652 0.606913 -0.700922
vn -0.230715 0.606911 -0.760546
vn -0.177258 0.791925 -0.584324
vn -0.059854 0.791925 -0.607678
vn -0.037666 0.923225 -0.382409
vn 0.037669 0.923225 -0.382409
vn 0.012856 0.991364 -0.130510
vn 0.015222 0.990715 -0.135102
vn 0.036904 0.991885 -0.121661
vn 0.046068 0.990225 -0.131649
vn 0.058739 0.992207 -0.109889
vn 0.075372 0.989914 -0.119954
vn 0.078263 0.992361 -0.095364
vn 0.100703 0.989807 -0.100703
vn 0.095365 0.992361 -0.078267
vn 0.119961 0.989913 -0.075376
vn 0.109892 0.992207 -0.058737
vn 0.131649 0.990225 -0.046068
vn 0.121661 0.991885 -0.036904
vn -0.597683 0.189823 -0.778937
vn -0.469515 0.089336 -0.878393
vn -0.435823 0.381112 -0.815360
vn -0.268377 0.381117 -0.884717
vn -0.230708 0.606920 -0.760541
vn -0.077900 0.606919 -0.790937
vn -0.059850 0.791929 -0.607673
vn 0.059855 0.791929 -0.607673
vn 0.037667 0.923223 -0.382414
vn 0.111542 0.923224 -0.367717
vn -0.374195 0.209539 -0.903367
vn -0.289139 0.089335 -0.953110
vn -0.268393 0.381092 -0.884723
vn -0.090623 0.381095 -0.920084
vn -0.077903 0.606914 -0.790940
vn 0.077902 0.606914 -0.790940
vn 0.059852 0.791925 -0.607678
vn 0.177253 0.791925 -0.584325
vn 0.111543 0.923227 -0.367708
vn 0.181140 0.923228 -0.338879
vn -0.128159 0.189826 -0.973417
vn -0.097183 0.129903 -0.986753
vn -0.090617 0.381106 -0.920080
vn 0.090625 0.381106 -0.920079
vn 0.077905 0.606919 -0.790936
vn 0.230713 0.606920 -0.760539
vn 0.177255 0.791932 -0.584315
vn 0.287845 0.791931 -0.538508
vn 0.181141 0.923226 -0.338882
vn 0.243768 0.923227 -0.297032
vn 0.097186 0.129903 -0.986752
vn 0.128159 0.189818 -0.973419
vn 0.289140 0.089318 -0.953111
vn 0.374197 0.209518 -0.903371
vn 0.469516 0.089308 -0.878396
vn 0.597697 0.189797 -0.778932
vn 0.629014 0.129906 -0.766463
vn 0.766463 0.129906 -0.629014
vn 0.714674 0.381110 -0.586512
vn 0.815354 0.381115 -0.435832
vn 0.700929 0.606896 -0.374668
vn 0.760553 0.606900 -0.230718
vn 0.584324 0.791925 -0.177258
vn 0.778932 0.189797 -0.597697
vn 0.878396 0.089308 -0.469516
vn 0.815352 0.381135 -0.435818
vn 0.884714 0.381131 -0.268367
vn 0.760542 0.606920 -0.230702
vn 0.903371 0.209518 -0.374197
vn 0.953111 0.089318 -0.289140
vn 0.884723 0.381092 -0.268393
vn 0.973419 0.189818 -0.128159
vn -0.012856 0.991364 -0.130510
vn -0.015222 0.990715 -0.135102
vn -0.036903 0.991885 -0.121662
vn -0.046067 0.990225 -0.131650
vn -0.058740 0.992207 -0.109888
vn -0.075369 0.989915 -0.119950
vn -0.078260 0.992361 -0.095364
vn -0.100703 0.989807 -0.100703
vn -0.095364 0.992361 -0.078263
vn -0.119954 0.989914 -0.075372
vn -0.109886 0.992207 -0.058734
vn -0.131644 0.990226 -0.046064
vn -0.121666 0.991885 -0.036909
vn -0.135110 0.990714 -0.015223
vn 0.012853 0.991364 0.130510
vn 0.015223 0.990714 0.135110
vn 0.036909 0.991885 0.121666
vn 0.046064 0.990226 0.131644
vn 0.058734 0.992207 0.109886
vn 0.075372 0.989914 0.119954
vn 0.078263 0.992361 0.095364
vn 0.100703 0.989807 0.100703
vn 0.095364 0.992361 0.078264
vn 0.119957 0.989914 0.075373
vn 0.109890 0.992207 0.058738
vn 0.131650 0.990225 0.046067
vn 0.121662 0.991885 0.036903
vn 0.135102 0.990715 0.015222
vn 0.130510 0.991364 0.012856
vn -0.090615 0.381144 0.920064
vn 0.037660 0.923223 0.382415
vn 0.920079 0.381106 0.090623
vn 0.920085 0.381095 0.090617
vn 0.884727 0.381093 0.268380
vn 0.884713 0.381117 0.268390
vn 0.815361 0.381112 0.435821
vn 0.815359 0.381115 0.435822
vn 0.714675 0.381110 0.586510
vn 0.714673 0.381114 0.586511
vn 0.586514 0.381107 0.714674
vn 0.790941 0.606914 0.077900
vn 0.790936 0.606919 0.077903
vn 0.760539 0.606920 0.230713
vn 0.760547 0.606911 0.230710
vn 0.700923 0.606914 0.374650
vn 0.700920 0.606918 0.374650
vn 0.614365 0.606915 0.504193
vn 0.614369 0.606910 0.504193
vn 0.504190 0.606915 0.614366
vn 0.504195 0.606910 0.614368
vn 0.374662 0.606903 0.700926
vn 0.607673 0.791929 0.059853
vn 0.607678 0.791925 0.059851
vn 0.584325 0.791925 0.177253
vn 0.584315 0.791932 0.177255
vn 0.538508 0.791931 0.287845
vn 0.538522 0.791921 0.287845
vn 0.472019 0.791924 0.387369
vn 0.472012 0.791929 0.387367
vn 0.387369 0.791926 0.472016
vn 0.387367 0.791927 0.472016
vn 0.287833 0.791930 0.538515
vn 0.287857 0.791911 0.538530
vn 0.177272 0.791912 0.584338
vn 0.382409 0.923225 0.037669
vn 0.382416 0.923222 0.037666
vn 0.367724 0.923222 0.111541
vn 0.367708 0.923227 0.111543
vn 0.338881 0.923228 0.181137
vn 0.338874 0.923230 0.181136
vn 0.297029 0.923229 0.243767
vn 0.297041 0.923224 0.243770
vn 0.243771 0.923226 0.297036
vn 0.243766 0.923227 0.297034
vn 0.181135 0.923226 0.338886
vn 0.181131 0.923228 0.338883
vn 0.111548 0.923227 0.367707
vn 0.111555 0.923223 0.367714
vn -0.268374 0.381140 0.884708
vn -0.268364 0.381117 0.884721
vn -0.435821 0.381112 0.815361
vn -0.435822 0.381115 0.815359
vn -0.586527 0.381110 0.714662
vn -0.586521 0.381076 0.714685
vn -0.714673 0.381076 0.586535
vn -0.230710 0.606911 0.760547
vn -0.374667 0.606913 0.700915
vn -0.287846 0.791941 0.538492
vn -0.387365 0.791940 0.471995
vn -0.243766 0.923231 0.297023
vn -0.297030 0.923231 0.243758
vn -0.374662 0.606885 0.700942
vn -0.504193 0.606887 0.614392
vn -0.504192 0.606940 0.614340
vn -0.614362 0.606938 0.504168
vn -0.614372 0.606886 0.504219
vn -0.700933 0.606886 0.374677
vn -0.472008 0.791941 0.387347
vn -0.472023 0.791912 0.387388
vn -0.387372 0.791911 0.472038
vn -0.338892 0.923222 0.181143
vn -0.297040 0.923222 0.243780
vn -0.538504 0.791940 0.287827
vn -0.538527 0.791911 0.287864
vn -0.584338 0.791912 0.177272
vn -0.367708 0.923227 0.111545
vn -0.338883 0.923228 0.181131
vn -0.367720 0.923221 0.111556
vn -0.382417 0.923222 0.037660
vn -0.884710 0.381141 -0.268366
vn -0.884715 0.381131 -0.268362
vn -0.815347 0.381135 -0.435828
vn -0.815359 0.381115 -0.435822
vn -0.714673 0.381110 -0.586513
vn -0.714675 0.381107 -0.586513
vn -0.586509 0.381114 -0.714674
vn -0.760571 0.606885 -0.230701
vn -0.760557 0.606900 -0.230706
vn -0.700926 0.606895 -0.374674
vn -0.700936 0.606885 -0.374672
vn -0.614392 0.606887 -0.504193
vn -0.614364 0.606916 -0.504192
vn -0.504195 0.606910 -0.614367
vn -0.504190 0.606915 -0.614367
vn -0.374648 0.606917 -0.700921
vn -0.367715 0.923224 -0.111550
vn -0.584296 0.791946 -0.177259
vn -0.584347 0.791910 -0.177248
vn -0.538536 0.791912 -0.287844
vn -0.538492 0.791941 -0.287846
vn -0.471995 0.791940 -0.387365
vn -0.472038 0.791911 -0.387372
vn -0.387388 0.791912 -0.472023
vn -0.387372 0.791924 -0.472017
vn -0.287851 0.791922 -0.538518
vn -0.287839 0.791931 -0.538511
vn -0.177250 0.791932 -0.584317
vn -0.338882 0.923228 -0.181133
vn -0.367705 0.923228 -0.111552
vn -0.338887 0.923226 -0.181133
vn -0.297032 0.923227 -0.243768
vn -0.297023 0.923231 -0.243766
vn -0.243758 0.923231 -0.297030
vn -0.243780 0.923222 -0.297040
vn -0.181150 0.923223 -0.338888
vn -0.181139 0.923228 -0.338880
vn -0.111537 0.923227 -0.367711
vn -0.111547 0.923221 -0.367722
vn -0.037669 0.923222 -0.382415
vn 0.090620 0.381095 -0.920084
vn 0.268372 0.381093 -0.884729
vn 0.230706 0.606900 -0.760557
vn 0.374647 0.606897 -0.700940
vn 0.287844 0.791911 -0.538538
vn 0.387382 0.791910 -0.472032
vn 0.243769 0.923225 -0.297038
vn 0.297033 0.923225 -0.243778
vn 0.268388 0.381132 -0.884707
vn 0.435828 0.381135 -0.815347
vn 0.374654 0.606935 -0.700902
vn 0.504192 0.606938 -0.614342
vn 0.387378 0.791926 -0.472008
vn 0.472015 0.791929 -0.387365
vn 0.297022 0.923234 -0.243755
vn 0.338870 0.923234 -0.181126
vn 0.435822 0.381115 -0.815359
vn 0.586497 0.381111 -0.714686
vn 0.504193 0.606886 -0.614393
vn 0.614381 0.606887 -0.504206
vn 0.472017 0.791924 -0.387372
vn 0.538518 0.791922 -0.287851
vn 0.338880 0.923228 -0.181139
vn 0.367710 0.923227 -0.111539
vn 0.714675 0.381145 -0.586488
vn 0.614376 0.606916 -0.504178
vn 0.538511 0.791931 -0.287839
vn 0.700921 0.606917 -0.374648
vn 0.586503 0.381146 -0.714662
vn 0.367716 0.923224 -0.111545
vn 0.584317 0.791932 -0.177250
vn 0.991444 0.000000 0.130533
vn 0.991444 -0.000000 0.130533
vn 0.991444 0.000000 -0.130533
vn 0.991444 0.000000 -0.130533
vn 0.923877 0.000000 -0.382690
vn 0.923877 0.000000 -0.382690
vn 0.793353 0.000000 -0.608762
vn 0.793353 0.000000 -0.608762
vn 0.608762 0.000000 -0.793353
vn 0.608762 0.000000 -0.793353
vn 0.382690 0.000000 -0.923877
vn 0.382690 0.000000 -0.923877
vn 0.130533 0.000000 -0.991444
vn 0.130533 0.000000 -0.991444
vn -0.130533 0.000000 -0.991444
vn -0.130533 0.000000 -0.991444
vn -0.382690 0.000000 -0.923877
vn -0.382690 0.000000 -0.923877
vn -0.608751 0.000000 -0.793361
vn -0.608751 0.000000 -0.793361
vn -0.793353 0.000000 -0.608762
vn -0.793353 0.000000 -0.608762
vn -0.923877 0.000000 -0.382690
vn -0.923877 0.000000 -0.382690
vn -0.991447 0.000000 -0.130510
vn -0.991447 0.000000 -0.130510
vn -0.991447 0.000000 0.130510
vn -0.991447 0.000000 0.130510
vn -0.923877 0.000000 0.382690
vn -0.923877 0.000000 0.382690
vn -0.793361 0.000000 0.608751
vn -0.793361 0.000000 0.608751
vn -0.608751 0.000000 0.793361
vn -0.608751 0.000000 0.793361
vn -0.382690 0.000000 0.923877
vn -0.382690 0.000000 0.923877
vn -0.130510 0.000000 0.991447
vn -0.130510 0.000000 0.991447
vn 0.130510 0.000000 0.991447
vn 0.130510 -0.000000 0.991447
vn 0.382690 0.000000 0.923877
vn 0.382690 -0.000000 0.923877
vn 0.608762 0.000000 0.793353
vn 0.608762 -0.000000 0.793353
vn 0.793361 0.000000 0.608751
vn 0.793361 -0.000000 0.608751
vn 0.923877 0.000000 0.382690
vn 0.923877 -0.000000 0.382690
vn 0.973419 0.189818 0.128159
vn 0.986752 0.129903 0.097186
vn 0.986752 0.129903 -0.097186
vn 0.920080 0.381106 -0.090619
vn 0.920084 0.381095 -0.090626
vn 0.790940 0.606914 -0.077906
vn 0.790936 0.606919 -0.077902
vn 0.607673 0.791929 -0.059852
vn 0.607678 0.791925 -0.059855
vn 0.382409 0.923225 -0.037667
vn 0.382413 0.923223 -0.037669
vn 0.130510 0.991364 -0.012856
vn 0.135102 0.990715 -0.015222
vn 0.953111 0.089318 0.289140
vn 0.903371 0.209518 0.374197
vn 0.878396 0.089308 0.469516
vn 0.778932 0.189797 0.597697
vn 0.766463 0.129906 0.629014
vn 0.629032 0.129906 0.766448
vn 0.586539 0.381071 0.714673
vn 0.435840 0.381071 0.815370
vn 0.374668 0.606896 0.700929
vn 0.230718 0.606900 0.760553
vn 0.177258 0.791925 0.584324
vn 0.059855 0.791925 0.607678
vn 0.037667 0.923225 0.382409
vn -0.037660 0.923225 0.382409
vn -0.012853 0.991364 0.130510
vn -0.015223 0.990714 0.135110
vn -0.036908 0.991885 0.121667
vn -0.046063 0.990226 0.131645
vn -0.058735 0.992207 0.109885
vn -0.075374 0.989914 0.119953
vn -0.078264 0.992361 0.095364
vn -0.100700 0.989807 0.100703
vn -0.095361 0.992362 0.078261
vn -0.119950 0.989915 0.075369
vn -0.109884 0.992208 0.058733
vn -0.131642 0.990226 0.046062
vn -0.121666 0.991885 0.036909
vn -0.135110 0.990714 0.015223
vn -0.130510 0.991364 0.012853
vn -0.130510 0.991364 -0.012853
vn -0.382409 0.923225 -0.037660
vn -0.382416 0.923223 -0.037657
vn -0.607673 0.791930 -0.059839
vn -0.607650 0.791947 -0.059849
vn -0.790940 0.606914 -0.077902
vn -0.790967 0.606881 -0.077885
vn -0.920081 0.381107 -0.090598
vn -0.920064 0.381144 -0.090618
vn -0.986752 0.129903 -0.097186
vn -0.973430 0.189777 -0.128138
vn 0.597710 0.189808 0.778919
vn 0.469516 0.089308 0.878396
vn 0.435827 0.381091 0.815368
vn 0.268373 0.381083 0.884732
vn 0.230702 0.606920 0.760542
vn 0.077902 0.606919 0.790936
vn 0.059852 0.791929 0.607673
vn -0.059853 0.791929 0.607673
vn -0.037664 0.923231 0.382395
vn -0.111544 0.923230 0.367703
vn 0.374175 0.209543 0.903374
vn 0.289111 0.089336 0.953118
vn 0.268367 0.381093 0.884730
vn 0.090626 0.381095 0.920083
vn 0.077906 0.606914 0.790940
vn -0.077900 0.606914 0.790941
vn -0.059851 0.791925 0.607678
vn -0.177253 0.791925 0.584325
vn -0.111543 0.923227 0.367708
vn -0.181137 0.923228 0.338881
vn 0.128159 0.189818 0.973419
vn 0.097186 0.129903 0.986752
vn 0.090619 0.381106 0.920080
vn -0.090623 0.381106 0.920079
vn -0.077903 0.606919 0.790936
vn -0.230713 0.606920 0.760539
vn -0.177255 0.791932 0.584315
vn -0.287833 0.791931 0.538514
vn -0.181138 0.923222 0.338895
vn -0.243777 0.923222 0.297042
vn -0.097183 0.129903 0.986753
vn -0.128159 0.189826 0.973417
vn -0.289111 0.089353 0.953117
vn -0.374173 0.209564 0.903370
vn -0.469515 0.089336 0.878393
vn -0.597696 0.189834 0.778924
vn -0.629032 0.129906 0.766448
vn -0.766463 0.129906 0.629014
vn -0.714664 0.381142 0.586504
vn -0.815352 0.381138 0.435816
vn -0.700922 0.606913 0.374652
vn -0.760555 0.606910 0.230689
vn -0.584303 0.791947 0.177229
vn -0.607652 0.791946 0.059837
vn -0.382409 0.923225 0.037657
vn -0.778932 0.189797 0.597697
vn -0.878396 0.089308 0.469516
vn -0.815352 0.381135 0.435818
vn -0.884711 0.381132 0.268375
vn -0.760574 0.606874 0.230718
vn -0.790967 0.606879 0.077905
vn -0.607673 0.791929 0.059852
vn -0.903371 0.209518 0.374197
vn -0.953123 0.089281 0.289112
vn -0.884706 0.381155 0.268359
vn -0.920064 0.381148 0.090594
vn -0.790942 0.606915 0.077880
vn -0.973430 0.189777 0.128138
vn -0.986752 0.129903 0.097186
vn -0.920080 0.381106 0.090619
vn -0.953123 0.089281 -0.289112
vn -0.903371 0.209518 -0.374197
vn -0.878396 0.089308 -0.469516
vn -0.778932 0.189797 -0.597697
vn -0.766463 0.129906 -0.629014
vn -0.629032 0.129906 -0.766448
vn -0.586539 0.381071 -0.714673
vn -0.435829 0.381071 -0.815376
vn -0.374652 0.606913 -0.700922
vn -0.230715 0.606911 -0.760546
vn -0.177258 0.791925 -0.584324
vn -0.059854 0.791925 -0.607678
vn -0.037666 0.923225 -0.382409
vn 0.037660 0.923225 -0.382409
vn 0.012853 0.991364 -0.130510
vn 0.015223 0.990714 -0.135110
vn 0.036909 0.991885 -0.121666
vn 0.046064 0.990226 -0.131644
vn 0.058734 0.992207 -0.109886
vn 0.075376 0.989914 -0.119957
vn 0.078267 0.992361 -0.095365
vn 0.100700 0.989807 -0.100703
vn 0.095362 0.992361 -0.078264
vn 0.119959 0.989914 -0.075373
vn 0.109892 0.992207 -0.058737
vn 0.131649 0.990225 -0.046068
vn 0.121661 0.991885 -0.036904
vn -0.597696 0.189834 -0.778924
vn -0.469492 0.089318 -0.878408
vn -0.435800 0.381113 -0.815372
vn -0.268377 0.381117 -0.884717
vn -0.230708 0.606920 -0.760541
vn -0.077900 0.606919 -0.790937
vn -0.059850 0.791929 -0.607673
vn 0.059855 0.791929 -0.607673
vn 0.037665 0.923232 -0.382393
vn 0.111544 0.923232 -0.367696
vn -0.374177 0.209513 -0.903380
vn -0.289139 0.089335 -0.953110
vn -0.268393 0.381092 -0.884723
vn -0.090623 0.381095 -0.920084
vn -0.077903 0.606914 -0.790940
vn 0.077902 0.606914 -0.790940
vn 0.059852 0.791925 -0.607678
vn 0.177253 0.791925 -0.584325
vn 0.111543 0.923227 -0.367708
vn 0.181133 0.923228 -0.338882
vn -0.128159 0.189826 -0.973417
vn -0.097183 0.129903 -0.986753
vn -0.090617 0.381106 -0.920080
vn 0.090625 0.381106 -0.920079
vn 0.077905 0.606919 -0.790936
vn 0.230713 0.606920 -0.760539
vn 0.177255 0.791932 -0.584315
vn 0.287833 0.791931 -0.538514
vn 0.181133 0.923226 -0.338887
vn 0.243774 0.923227 -0.297028
vn 0.097186 0.129903 -0.986752
vn 0.128159 0.189818 -0.973419
vn 0.289140 0.089318 -0.953111
vn 0.374179 0.209492 -0.903384
vn 0.469493 0.089291 -0.878410
vn 0.597710 0.189808 -0.778919
vn 0.629032 0.129906 -0.766448
vn 0.766463 0.129906 -0.629014
vn 0.714664 0.381142 -0.586504
vn 0.815352 0.381138 -0.435816
vn 0.700934 0.606896 -0.374658
vn 0.760553 0.606900 -0.230718
vn 0.584324 0.791925 -0.177258
vn 0.778932 0.189797 -0.597697
vn 0.878396 0.089308 -0.469516
vn 0.815352 0.381135 -0.435818
vn 0.884714 0.381131 -0.268367
vn 0.760542 0.606920 -0.230702
vn 0.903371 0.209518 -0.374197
vn 0.953111 0.089318 -0.289140
vn 0.884723 0.381092 -0.268393
vn 0.973419 0.189818 -0.128159
vn -0.012853 0.991364 -0.130510
vn -0.015223 0.990714 -0.135110
vn -0.036908 0.991885 -0.121667
vn -0.046063 0.990226 -0.131645
vn -0.058735 0.992207 -0.109885
vn -0.075374 0.989914 -0.119953
vn -0.078264 0.992361 -0.095364
vn -0.100700 0.989807 -0.100703
vn -0.095361 0.992362 -0.078261
vn -0.119953 0.989915 -0.075369
vn -0.109886 0.992207 -0.058734
vn -0.131644 0.990226 -0.046064
vn -0.121666 0.991885 -0.036909
vn -0.135110 0.990714 -0.015223
vn 0.012853 0.991364 0.130510
vn 0.015223 0.990714 0.135110
vn 0.036909 0.991885 0.121666
vn 0.046064 0.990226 0.131644
vn 0.058734 0.992207 0.109886
vn 0.075376 0.989914 0.119957
vn 0.078267 0.992361 0.095365
vn 0.100700 0.989807 0.100703
vn 0.095362 0.992361 0.078264
vn 0.119957 0.989914 0.075373
vn 0.109889 0.992207 0.058736
vn 0.131647 0.990226 0.046066
vn 0.121661 0.991885 0.036904
vn 0.135102 0.990715 0.015222
vn 0.130510 0.991364 0.012856
vn -0.090617 0.381095 0.920085
vn 0.037658 0.923232 0.382394
vn 0.920079 0.381106 0.090623
vn 0.920082 0.381100 0.090620
vn 0.884721 0.381107 0.268378
vn 0.884707 0.381132 0.268388
vn 0.815353 0.381135 0.435816
vn 0.815351 0.381138 0.435817
vn 0.714665 0.381142 0.586502
vn 0.714662 0.381146 0.586503
vn 0.586488 0.381145 0.714675
vn 0.790940 0.606914 0.077902
vn 0.790939 0.606915 0.077903
vn 0.760549 0.606909 0.230710
vn 0.760547 0.606911 0.230710
vn 0.700923 0.606914 0.374650
vn 0.700920 0.606918 0.374650
vn 0.614356 0.606914 0.504204
vn 0.614383 0.606887 0.504204
vn 0.504217 0.606888 0.614372
vn 0.504167 0.606939 0.614362
vn 0.374633 0.606934 0.700914
vn 0.607673 0.791929 0.059855
vn 0.607678 0.791925 0.059852
vn 0.584326 0.791925 0.177248
vn 0.584317 0.791932 0.177250
vn 0.538508 0.791931 0.287845
vn 0.538522 0.791921 0.287845
vn 0.472019 0.791924 0.387369
vn 0.471991 0.791943 0.387364
vn 0.387355 0.791943 0.471999
vn 0.387378 0.791926 0.472008
vn 0.287833 0.791930 0.538515
vn 0.287832 0.791931 0.538514
vn 0.177250 0.791932 0.584317
vn 0.382409 0.923225 0.037669
vn 0.382414 0.923223 0.037667
vn 0.367717 0.923224 0.111542
vn 0.367715 0.923225 0.111542
vn 0.338891 0.923224 0.181137
vn 0.338874 0.923230 0.181136
vn 0.297026 0.923228 0.243772
vn 0.297051 0.923219 0.243779
vn 0.243786 0.923219 0.297043
vn 0.243766 0.923227 0.297034
vn 0.181135 0.923226 0.338886
vn 0.181131 0.923228 0.338883
vn 0.111548 0.923227 0.367707
vn 0.111539 0.923232 0.367697
vn -0.268380 0.381093 0.884726
vn -0.268370 0.381069 0.884740
vn -0.435830 0.381068 0.815377
vn -0.435831 0.381071 0.815375
vn -0.586520 0.381072 0.714688
vn -0.586528 0.381115 0.714658
vn -0.714663 0.381108 0.586527
vn -0.230710 0.606911 0.760547
vn -0.374650 0.606914 0.700923
vn -0.287833 0.791941 0.538500
vn -0.387365 0.791940 0.471995
vn -0.243776 0.923224 0.297035
vn -0.297036 0.923226 0.243771
vn -0.374650 0.606918 0.700920
vn -0.504193 0.606915 0.614365
vn -0.504193 0.606910 0.614369
vn -0.614366 0.606915 0.504190
vn -0.614372 0.606886 0.504219
vn -0.700933 0.606886 0.374677
vn -0.472002 0.791941 0.387356
vn -0.472009 0.791926 0.387376
vn -0.387367 0.791929 0.472012
vn -0.338894 0.923222 0.181139
vn -0.297040 0.923222 0.243780
vn -0.538504 0.791940 0.287827
vn -0.538527 0.791911 0.287864
vn -0.584339 0.791912 0.177268
vn -0.367712 0.923225 0.111549
vn -0.338892 0.923224 0.181136
vn -0.367715 0.923224 0.111552
vn -0.382415 0.923223 0.037660
vn -0.884710 0.381141 -0.268366
vn -0.884715 0.381131 -0.268362
vn -0.815353 0.381135 -0.435816
vn -0.815351 0.381138 -0.435817
vn -0.714652 0.381141 -0.586518
vn -0.714675 0.381107 -0.586513
vn -0.586509 0.381114 -0.714674
vn -0.760571 0.606885 -0.230701
vn -0.760557 0.606900 -0.230706
vn -0.700931 0.606896 -0.374664
vn -0.700942 0.606885 -0.374662
vn -0.614384 0.606887 -0.504204
vn -0.614354 0.606916 -0.504204
vn -0.504195 0.606910 -0.614367
vn -0.504190 0.606915 -0.614367
vn -0.374648 0.606917 -0.700921
vn -0.367715 0.923224 -0.111550
vn -0.584297 0.791946 -0.177255
vn -0.584339 0.791917 -0.177245
vn -0.538524 0.791922 -0.287838
vn -0.538496 0.791941 -0.287839
vn -0.471995 0.791940 -0.387365
vn -0.472017 0.791926 -0.387368
vn -0.387374 0.791929 -0.472006
vn -0.387358 0.791941 -0.472000
vn -0.287827 0.791940 -0.538504
vn -0.287839 0.791931 -0.538511
vn -0.177250 0.791932 -0.584317
vn -0.338891 0.923224 -0.181137
vn -0.367712 0.923225 -0.111551
vn -0.338895 0.923222 -0.181138
vn -0.297043 0.923222 -0.243776
vn -0.297033 0.923226 -0.243774
vn -0.243774 0.923224 -0.297037
vn -0.243780 0.923222 -0.297040
vn -0.181143 0.923222 -0.338892
vn -0.181131 0.923228 -0.338883
vn -0.111545 0.923227 -0.367708
vn -0.111541 0.923230 -0.367703
vn -0.037658 0.923231 -0.382396
vn 0.090620 0.381095 -0.920084
vn 0.268372 0.381093 -0.884729
vn 0.230706 0.606900 -0.760557
vn 0.374647 0.606897 -0.700940
vn 0.287833 0.791930 -0.538516
vn 0.387368 0.791927 -0.472015
vn 0.243780 0.923219 -0.297050
vn 0.297043 0.923219 -0.243786
vn 0.268388 0.381132 -0.884707
vn 0.435828 0.381135 -0.815347
vn 0.374654 0.606935 -0.700902
vn 0.504192 0.606938 -0.614342
vn 0.387364 0.791943 -0.471991
vn 0.472001 0.791942 -0.387353
vn 0.297032 0.923229 -0.243763
vn 0.338878 0.923230 -0.181131
vn 0.435809 0.381070 -0.815387
vn 0.586507 0.381072 -0.714698
vn 0.504193 0.606886 -0.614393
vn 0.614372 0.606888 -0.504217
vn 0.472011 0.791923 -0.387380
vn 0.538518 0.791922 -0.287851
vn 0.338888 0.923223 -0.181144
vn 0.367716 0.923225 -0.111541
vn 0.714664 0.381146 -0.586501
vn 0.614367 0.606915 -0.504190
vn 0.538503 0.791942 -0.287825
vn 0.700926 0.606917 -0.374639
vn 0.586519 0.381147 -0.714648
vn 0.367717 0.923224 -0.111542
vn 0.584311 0.791938 -0.177243
vn 0.991444 0.000000 0.130533
vn 0.991444 -0.000000 0.130533
vn 0.991444 0.000000 -0.130533
vn 0.991444 0.000000 -0.130533
vn 0.923877 0.000000 -0.382690
vn 0.923877 0.000000 -0.382690
vn 0.793353 0.000000 -0.608762
vn 0.793353 0.000000 -0.608762
vn 0.608777 0.000000 -0.793341
vn 0.608777 0.000000 -0.793341
vn 0.382670 0.000000 -0.923885
vn 0.382670 0.000000 -0.923885
vn 0.130533 0.000000 -0.991444
vn 0.130533 0.000000 -0.991444
vn -0.130533 0.000000 -0.991444
vn -0.130533 0.000000 -0.991444
vn -0.382670 0.000000 -0.923885
vn -0.382670 0.000000 -0.923885
vn -0.608766 0.000000 -0.793350
vn -0.608766 0.000000 -0.793350
vn -0.793353 0.000000 -0.608762
vn -0.793353 0.000000 -0.608762
vn -0.923877 0.000000 -0.382690
vn -0.923877 0.000000 -0.382690
vn -0.991447 0.000000 -0.130510
vn -0.991447 0.000000 -0.130510
vn -0.991447 0.000000 0.130510
vn -0.991447 0.000000 0.130510
vn -0.923877 0.000000 0.382690
vn -0.923877 0.000000 0.382690
vn -0.793353 0.000000 0.608762
vn -0.793353 0.000000 0.608762
vn -0.608766 0.000000 0.793350
vn -0.608766 0.000000 0.793350
vn -0.382670 0.000000 0.923885
vn -0.382670 0.000000 0.923885
vn -0.130533 0.000000 0.991444
vn -0.130533 0.000000 0.991444
vn 0.130533 0.000000 0.991444
vn 0.130533 -0.000000 0.991444
vn 0.382670 0.000000 0.923885
vn 0.382670 -0.000000 0.923885
vn 0.608777 0.000000 0.793341
vn 0.608777 -0.000000 0.793341
vn 0.793353 0.000000 0.608762
vn 0.793353 -0.000000 0.608762
vn 0.923877 0.000000 0.382690
vn 0.923877 -0.000000 0.382690
vn 0.973419 0.189818 0.128159
vn 0.986752 0.129903 0.097186
vn 0.986752 0.129903 -0.097186
vn 0.920080 0.381106 -0.090619
vn 0.920084 0.381095 -0.090626
vn 0.790940 0.606914 -0.077906
vn 0.790936 0.606919 -0.077902
vn 0.607673 0.791929 -0.059852
vn 0.607678 0.791925 -0.059855
vn 0.382409 0.923225 -0.037667
vn 0.382413 0.923223 -0.037669
vn 0.130510 0.991364 -0.012856
vn 0.135102 0.990715 -0.015222
vn 0.953111 0.089318 0.289140
vn 0.903371 0.209518 0.374197
vn 0.878396 0.089308 0.469516
vn 0.778932 0.189797 0.597697
vn 0.766463 0.129906 0.629014
vn 0.629032 0.129906 0.766448
vn 0.586539 0.381071 0.714673
vn 0.435840 0.381071 0.815370
vn 0.374668 0.606896 0.700929
vn 0.230718 0.606900 0.760553
vn 0.177258 0.791925 0.584324
vn 0.059855 0.791925 0.607678
vn 0.037667 0.923225 0.382409
vn -0.037660 0.923225 0.382409
vn -0.012853 0.991364 0.130510
vn -0.015223 0.990714 0.135110
vn -0.036908 0.991885 0.121667
vn -0.046063 0.990226 0.131645
vn -0.058735 0.992207 0.109885
vn -0.075374 0.989914 0.119953
vn -0.078264 0.992361 0.095364
vn -0.100700 0.989807 0.100703
vn -0.095361 0.992362 0.078261
vn -0.119950 0.989915 0.075369
vn -0.109884 0.992208 0.058733
vn -0.131642 0.990226 0.046062
vn -0.121666 0.991885 0.036909
vn -0.135110 0.990714 0.015223
vn -0.130510 0.991364 0.012853
vn -0.130510 0.991364 -0.012853
vn -0.382409 0.923225 -0.037660
vn -0.382416 0.923223 -0.037657
vn -0.607673 0.791930 -0.059839
vn -0.607650 0.791947 -0.059849
vn -0.790940 0.606914 -0.077902
vn -0.790967 0.606881 -0.077885
vn -0.920081 0.381107 -0.090598
vn -0.920064 0.381144 -0.090618
vn -0.986752 0.129903 -0.097186
vn -0.973430 0.189777 -0.128138
vn 0.597710 0.189808 0.778919
vn 0.469516 0.089308 0.878396
vn 0.435827 0.381091 0.815368
vn 0.268373 0.381083 0.884732
vn 0.230702 0.606920 0.760542
vn 0.077902 0.606919 0.790936
vn 0.059852 0.791929 0.607673
vn -0.059853 0.791929 0.607673
vn -0.037664 0.923231 0.382395
vn -0.111544 0.923230 0.367703
vn 0.374175 0.209543 0.903374
vn 0.289111 0.089336 0.953118
vn 0.268367 0.381093 0.884730
vn 0.090626 0.381095 0.920083
vn 0.077906 0.606914 0.790940
vn -0.077900 0.606914 0.790941
vn -0.059851 0.791925 0.607678
vn -0.177253 0.791925 0.584325
vn -0.111543 0.923227 0.367708
vn -0.181137 0.923228 0.338881
vn 0.128159 0.189818 0.973419
vn 0.097186 0.129903 0.986752
vn 0.090619 0.381106 0.920080
vn -0.090623 0.381106 0.920079
vn -0.077903 0.606919 0.790936
vn -0.230713 0.606920 0.760539
vn -0.177255 0.791932 0.584315
vn -0.287833 0.791931 0.538514
vn -0.181138 0.923222 0.338895
vn -0.243777 0.923222 0.297042
vn -0.097183 0.129903 0.986753
vn -0.128159 0.189826 0.973417
vn -0.289111 0.089353 0.953117
vn -0.374173 0.209564 0.903370
vn -0.469515 0.089336 0.878393
vn -0.597696 0.189834 0.778924
vn -0.629032 0.129906 0.766448
vn -0.766463 0.129906 0.629014
vn -0.714664 0.381142 0.586504
vn -0.815352 0.381138 0.435816
vn -0.700922 0.606913 0.374652
vn -0.760555 0.606910 0.230689
vn -0.584303 0.791947 0.177229
vn -0.607652 0.791946 0.059837
vn -0.382409 0.923225 0.037657
vn -0.778932 0.189797 0.597697
vn -0.878396 0.089308 0.469516
vn -0.815352 0.381135 0.435818
vn -0.884711 0.381132 0.268375
vn -0.760574 0.606874 0.230718
vn -0.790967 0.606879 0.077905
vn -0.607673 0.791929 0.059852
vn -0.903371 0.209518 0.374197
vn -0.953123 0.089281 0.289112
vn -0.884706 0.381155 0.268359
vn -0.920064 0.381148 0.090594
vn -0.790942 0.606915 0.077880
vn -0.973430 0.189777 0.128138
vn -0.986752 0.129903 0.097186
vn -0.920080 0.381106 0.090619
vn -0.953123 0.089281 -0.289112
vn -0.903371 0.209518 -0.374197
vn -0.878396 0.089308 -0.469516
vn -0.778932 0.189797 -0.597697
vn -0.766463 0.129906 -0.629014
vn -0.629032 0.129906 -0.766448
vn -0.586539 0.381071 -0.714673
vn -0.435829 0.381071 -0.815376
vn -0.374652 0.606913 -0.700922
vn -0.230715 0.606911 -0.760546
vn -0.177258 0.791925 -0.584324
vn -0.059854 0.791925 -0.607678
vn -0.037666 0.923225 -0.382409
vn 0.037660 0.923225 -0.382409
vn 0.012853 0.991364 -0.130510
vn 0.015223 0.990714 -0.135110
vn 0.036909 0.991885 -0.121666
vn 0.046064 0.990226 -0.131644
vn 0.058734 0.992207 -0.109886
vn 0.075376 0.989914 -0.119957
vn 0.078267 0.992361 -0.095365
vn 0.100700 0.989807 -0.100703
vn 0.095362 0.992361 -0.078264
vn 0.119959 0.989914 -0.075373
vn 0.109892 0.992207 -0.058737
vn 0.131649 0.990225 -0.046068
vn 0.121661 0.991885 -0.036904
vn -0.597696 0.189834 -0.778924
vn -0.469492 0.089318 -0.878408
vn -0.435800 0.381113 -0.815372
vn -0.268377 0.381117 -0.884717
vn -0.230708 0.606920 -0.760541
vn -0.077900 0.606919 -0.790937
vn -0.059850 0.791929 -0.607673
vn 0.059855 0.791929 -0.607673
vn 0.037665 0.923232 -0.382393
vn 0.111544 0.923232 -0.367696
vn -0.374177 0.209513 -0.903380
vn -0.289139 0.089335 -0.953110
vn -0.268393 0.381092 -0.884723
vn -0.090623 0.381095 -0.920084
vn -0.077903 0.606914 -0.790940
vn 0.077902 0.606914 -0.790940
vn 0.059852 0.791925 -0.607678
vn 0.177253 0.791925 -0.584325
vn 0.111543 0.923227 -0.367708
vn 0.181133 0.923228 -0.338882
vn -0.128159 0.189826 -0.973417
vn -0.097183 0.129903 -0.986753
vn -0.090617 0.381106 -0.920080
vn 0.090625 0.381106 -0.920079
vn 0.077905 0.606919 -0.790936
vn 0.230713 0.606920 -0.760539
vn 0.177255 0.791932 -0.584315
vn 0.287833 0.791931 -0.538514
vn 0.181133 0.923226 -0.338887
vn 0.243774 0.923227 -0.297028
vn 0.097186 0.129903 -0.986752
vn 0.128159 0.189818 -0.973419
vn 0.289140 0.089318 -0.953111
vn 0.374179 0.209492 -0.903384
vn 0.469493 0.089291 -0.878410
vn 0.597710 0.189808 -0.778919
vn 0.629032 0.129906 -0.766448
vn 0.766463 0.129906 -0.629014
vn 0.714664 0.381142 -0.586504
vn 0.815352 0.381138 -0.435816
vn 0.700934 0.606896 -0.374658
vn 0.760553 0.606900 -0.230718
vn 0.584324 0.791925 -0.177258
vn 0.778932 0.189797 -0.597697
vn 0.878396 0.089308 -0.469516
vn 0.815352 0.381135 -0.435818
vn 0.884714 0.381131 -0.268367
vn 0.760542 0.606920 -0.230702
vn 0.903371 0.209518 -0.374197
vn 0.953111 0.089318 -0.289140
vn 0.884723 0.381092 -0.268393
vn 0.973419 0.189818 -0.128159
vn -0.012853 0.991364 -0.130510
vn -0.015223 0.990714 -0.135110
vn -0.036908 0.991885 -0.121667
vn -0.046063 0.990226 -0.131645
vn -0.058735 0.992207 -0.109885
vn -0.075374 0.989914 -0.119953
vn -0.078264 0.992361 -0.095364
vn -0.100700 0.989807 -0.100703
vn -0.095361 0.992362 -0.078261
vn -0.119953 0.989915 -0.075369
vn -0.109886 0.992207 -0.058734
vn -0.131644 0.990226 -0.046064
vn -0.121666 0.991885 -0.036909
vn -0.135110 0.990714 -0.015223
vn 0.012853 0.991364 0.130510
vn 0.015223 0.990714 0.135110
vn 0.036909 0.991885 0.121666
vn 0.046064 0.990226 0.131644
vn 0.058734 0.992207 0.109886
vn 0.075376 0.989914 0.119957
vn 0.078267 0.992361 0.095365
vn 0.100700 0.989807 0.100703
vn 0.095362 0.992361 0.078264
vn 0.119957 0.989914 0.075373
vn 0.109889 0.992207 0.058736
vn 0.131647 0.990226 0.046066
vn 0.121661 0.991885 0.036904
vn 0.135102 0.990715 0.015222
vn 0.130510 0.991364 0.012856
vn -0.090617 0.381095 0.920085
vn 0.037658 0.923232 0.382394
vn 0.920079 0.381106 0.090623
vn 0.920082 0.381100 0.090620
vn 0.884721 0.381107 0.268378
vn 0.884707 0.381132 0.268388
vn 0.815353 0.381135 0.435816
vn 0.815351 0.381138 0.435817
vn 0.714665 0.381142 0.586502
vn 0.714662 0.381146 0.586503
vn 0.586488 0.381145 0.714675
vn 0.790940 0.606914 0.077902
vn 0.790939 0.606915 0.077903
vn 0.760549 0.606909 0.230710
vn 0.760547 0.606911 0.230710
vn 0.700923 0.606914 0.374650
vn 0.700920 0.606918 0.374650
vn 0.614356 0.606914 0.504204
vn 0.614383 0.606887 0.504204
vn 0.504217 0.606888 0.614372
vn 0.504167 0.606939 0.614362
vn 0.374633 0.606934 0.700914
vn 0.607673 0.791929 0.059855
vn 0.607678 0.791925 0.059852
vn 0.584326 0.791925 0.177248
vn 0.584317 0.791932 0.177250
vn 0.538508 0.791931 0.287845
vn 0.538522 0.791921 0.287845
vn 0.472019 0.791924 0.387369
vn 0.471991 0.791943 0.387364
vn 0.387355 0.791943 0.471999
vn 0.387378 0.791926 0.472008
vn 0.287833 0.791930 0.538515
vn 0.287832 0.791931 0.538514
vn 0.177250 0.791932 0.584317
vn 0.382409 0.923225 0.037669
vn 0.382414 0.923223 0.037667
vn 0.367717 0.923224 0.111542
vn 0.367715 0.923225 0.111542
vn 0.338891 0.923224 0.181137
vn 0.338874 0.923230 0.181136
vn 0.297026 0.923228 0.243772
vn 0.297051 0.923219 0.243779
vn 0.243786 0.923219 0.297043
vn 0.243766 0.923227 0.297034
vn 0.181135 0.923226 0.338886
vn 0.181131 0.923228 0.338883
vn 0.111548 0.923227 0.367707
vn 0.111539 0.923232 0.367697
vn -0.268380 0.381093 0.884726
vn -0.268370 0.381069 0.884740
vn -0.435830 0.381068 0.815377
vn -0.435831 0.381071 0.815375
vn -0.586520 0.381072 0.714688
vn -0.586528 0.381115 0.714658
vn -0.714663 0.381108 0.586527
vn -0.230710 0.606911 0.760547
vn -0.374650 0.606914 0.700923
vn -0.287833 0.791941 0.538500
vn -0.387365 0.791940 0.471995
vn -0.243776 0.923224 0.297035
vn -0.297036 0.923226 0.243771
vn -0.374650 0.606918 0.700920
vn -0.504193 0.606915 0.614365
vn -0.504193 0.606910 0.614369
vn -0.614366 0.606915 0.504190
vn -0.614372 0.606886 0.504219
vn -0.700933 0.606886 0.374677
vn -0.472002 0.791941 0.387356
vn -0.472009 0.791926 0.387376
vn -0.387367 0.791929 0.472012
vn -0.338894 0.923222 0.181139
vn -0.297040 0.923222 0.243780
vn -0.538504 0.791940 0.287827
vn -0.538527 0.791911 0.287864
vn -0.584339 0.791912 0.177268
vn -0.367712 0.923225 0.111549
vn -0.338892 0.923224 0.181136
vn -0.367715 0.923224 0.111552
vn -0.382415 0.923223 0.037660
vn -0.884710 0.381141 -0.268366
vn -0.884715 0.381131 -0.268362
vn -0.815353 0.381135 -0.435816
vn -0.815351 0.381138 -0.435817
vn -0.714652 0.381141 -0.586518
vn -0.714675 0.381107 -0.586513
vn -0.586509 0.381114 -0.714674
vn -0.760571 0.606885 -0.230701
vn -0.760557 0.606900 -0.230706
vn -0.700931 0.606896 -0.374664
vn -0.700942 0.606885 -0.374662
vn -0.614384 0.606887 -0.504204
vn -0.614354 0.606916 -0.504204
vn -0.504195 0.606910 -0.614367
vn -0.504190 0.606915 -0.614367
vn -0.374648 0.606917 -0.700921
vn -0.367715 0.923224 -0.111550
vn -0.584297 0.791946 -0.177255
vn -0.584339 0.791917 -0.177245
vn -0.538524 0.791922 -0.287838
vn -0.538496 0.791941 -0.287839
vn -0.471995 0.791940 -0.387365
vn -0.472017 0.791926 -0.387368
vn -0.387374 0.791929 -0.472006
vn -0.387358 0.791941 -0.472000
vn -0.287827 0.791940 -0.538504
vn -0.287839 0.791931 -0.538511
vn -0.177250 0.791932 -0.584317
vn -0.338891 0.923224 -0.181137
vn -0.367712 0.923225 -0.111551
vn -0.338895 0.923222 -0.181138
vn -0.297043 0.923222 -0.243776
vn -0.297033 0.923226 -0.243774
vn -0.243774 0.923224 -0.297037
vn -0.243780 0.923222 -0.297040
vn -0.181143 0.923222 -0.338892
vn -0.181131 0.923228 -0.338883
vn -0.111545 0.923227 -0.367708
vn -0.111541 0.923230 -0.367703
vn -0.037658 0.923231 -0.382396
vn 0.090620 0.381095 -0.920084
vn 0.268372 0.381093 -0.884729
vn 0.230706 0.606900 -0.760557
vn 0.374647 0.606897 -0.700940
vn 0.287833 0.791930 -0.538516
vn 0.387368 0.791927 -0.472015
vn 0.243780 0.923219 -0.297050
vn 0.297043 0.923219 -0.243786
vn 0.268388 0.381132 -0.884707
vn 0.435828 0.381135 -0.815347
vn 0.374654 0.606935 -0.700902
vn 0.504192 0.606938 -0.614342
vn 0.387364 0.791943 -0.471991
vn 0.472001 0.791942 -0.387353
vn 0.297032 0.923229 -0.243763
vn 0.338878 0.923230 -0.181131
vn 0.435809 0.381070 -0.815387
vn 0.586507 0.381072 -0.714698
vn 0.504193 0.606886 -0.614393
vn 0.614372 0.606888 -0.504217
vn 0.472011 0.791923 -0.387380
vn 0.538518 0.791922 -0.287851
vn 0.338888 0.923223 -0.181144
vn 0.367716 0.923225 -0.111541
vn 0.714664 0.381146 -0.586501
vn 0.614367 0.606915 -0.504190
vn 0.538503 0.791942 -0.287825
vn 0.700926 0.606917 -0.374639
vn 0.586519 0.381147 -0.714648
vn 0.367717 0.923224 -0.111542
vn 0.584311 0.791938 -0.177243
vn 0.991444 0.000000 0.130533
vn 0.991444 -0.000000 0.130533
vn 0.991444 0.000000 -0.130533
vn 0.991444 0.000000 -0.130533
vn 0.923877 0.000000 -0.382690
vn 0.923877 0.000000 -0.382690
vn 0.793353 0.000000 -0.608762
vn 0.793353 0.000000 -0.608762
vn 0.608777 0.000000 -0.793341
vn 0.608777 0.000000 -0.793341
vn 0.382670 0.000000 -0.923885
vn 0.382670 0.000000 -0.923885
vn 0.130533 0.000000 -0.991444
vn 0.130533 0.000000 -0.991444
vn -0.130533 0.000000 -0.991444
vn -0.130533 0.000000 -0.991444
vn -0.382670 0.000000 -0.923885
vn -0.382670 0.000000 -0.923885
vn -0.608766 0.000000 -0.793350
vn -0.608766 0.000000 -0.793350
vn -0.793353 0.000000 -0.608762
vn -0.793353 0.000000 -0.608762
vn -0.923877 0.000000 -0.382690
vn -0.923877 0.000000 -0.382690
vn -0.991447 0.000000 -0.130510
vn -0.991447 0.000000 -0.130510
vn -0.991447 0.000000 0.130510
vn -0.991447 0.000000 0.130510
vn -0.923877 0.000000 0.382690
vn -0.923877 0.000000 0.382690
vn -0.793353 0.000000 0.608762
vn -0.793353 0.000000 0.608762
vn -0.608766 0.000000 0.793350
vn -0.608766 0.000000 0.793350
vn -0.382670 0.000000 0.923885
vn -0.382670 0.000000 0.923885
vn -0.130533 0.000000 0.991444
vn -0.130533 0.000000 0.991444
vn 0.130533 0.000000 0.991444
vn 0.130533 -0.000000 0.991444
vn 0.382670 0.000000 0.923885
vn 0.382670 -0.000000 0.923885
vn 0.608777 0.000000 0.793341
vn 0.608777 -0.000000 0.793341
vn 0.793353 0.000000 0.608762
vn 0.793353 -0.000000 0.608762
vn 0.923877 0.000000 0.382690
vn 0.923877 -0.000000 0.382690
vn 0.000000 1.000000 0.000000
vn 0.000000 1.000000 0.000000
vn 0.000000 1.000000 0.000000
vn -0.000000 1.000000 0.000000
vn 0.000000 1.000000 0.000000
vn -0.000000 1.000000 0.000000
vn 0.000000 1.000000 0.000000
vn -0.000000 1.000000 0.000000
vn 0.000000 1.000000 0.000000
vn -0.000000 1.000000 0.000000
vn 0.000000 1.000000 0.000000
vn -0.000000 1.000000 0.000000
vn 0.000000 1.000000 0.000000
vn -0.000000 1.000000 0.000000
vn 0.000000 1.000000 -0.000000
vn -0.000000 1.000000 0.000000
vn 0.000000 1.000000 -0.000000
vn -0.000000 1.000000 0.000000
vn 0.000000 1.000000 -0.000000
vn -0.000000 1.000000 0.000000
vn 0.000000 1.000000 -0.000000
vn -0.000000 1.000000 0.000000
vn 0.000000 1.000000 -0.000000
vn 0.000000 1.000000 0.000000
vn 0.000000 1.000000 -0.000000
vn 0.000000 1.000000 -0.000000
vn 0.000000 1.000000 0.000000
vn 0.000000 1.000000 0.000000
vn 0.000000 1.000000 -0.000000
vn 0.000000 1.000000 0.000000
vn 0.000000 1.000000 -0.000000
vn 0.000000 1.000000 0.000000
vn 0.000000 1.000000 -0.000000
vn 0.000000 1.000000 0.000000
vn 0.000000 1.000000 -0.000000
vn 0.000000 1.000000 0.000000
vn 0.000000 1.000000 -0.000000
vn 0.000000 1.000000 0.000000
vn 0.000000 1.000000 0.000000
vn 0.000000 1.000000 0.000000
vn 0.000000 1.000000 0.000000
vn 0.000000 1.000000 0.000000
vn 0.000000 1.000000 0.000000
vn 0.000000 1.000000 0.000000
vn 0.000000 1.000000 0.000000
vn 0.000000 1.000000 0.000000
vn 0.000000 1.000000 0.000000
vn 0.000000 1.000000 0.000000
vn 0.000000 1.000000 0.000000
vn 0.000000 1.000000 0.000000
vn 0.000000 1.000000 0.000000
vn -0.000000 1.000000 0.000000
vn 0.000000 1.000000 0.000000
vn -0.000000 1.000000 0.000000
vn 0.000000 1.000000 0.000000
vn -0.000000 1.000000 0.000000
vn 0.000000 1.000000 0.000000
vn -0.000000 1.000000 0.000000
vn 0.000000 1.000000 0.000000
vn -0.000000 1.000000 0.000000
vn 0.000000 1.000000 0.000000
vn -0.000000 1.000000 0.000000
vn 0.000000 1.000000 -0.000000
vn -0.000000 1.000000 0.000000
vn 0.000000 1.000000 -0.000000
vn -0.000000 1.000000 0.000000
vn 0.000000 1.000000 -0.000000
vn -0.000000 1.000000 0.000000
vn 0.000000 1.000000 -0.000000
vn -0.000000 1.000000 0.000000
vn 0.000000 1.000000 -0.000000
vn 0.000000 1.000000 0.000000
vn 0.000000 1.000000 -0.000000
vn 0.000000 1.000000 -0.000000
vn 0.000000 1.000000 0.000000
vn 0.000000 1.000000 0.000000
vn 0.000000 1.000000 -0.000000
vn 0.000000 1.000000 0.000000
vn 0.000000 1.000000 -0.000000
vn 0.000000 1.000000 0.000000
vn 0.000000 1.000000 -0.000000
vn 0.000000 1.000000 0.000000
vn 0.000000 1.000000 -0.000000
vn 0.000000 1.000000 0.000000
vn 0.000000 1.000000 -0.000000
vn 0.000000 1.000000 0.000000
vn 0.000000 1.000000 0.000000
vn 0.000000 1.000000 0.000000
vn 0.000000 1.000000 0.000000
vn 0.000000 1.000000 0.000000
vn 0.000000 1.000000 0.000000
vn 0.000000 1.000000 0.000000
vn 0.000000 1.000000 0.000000
vn 0.000000 1.000000 0.000000
vn 0.000000 1.000000 0.000000
vn 0.000000 1.000000 0.000000
vn 0.000000 1.000000 0.000000
vn 0.000000 1.000000 0.000000
vn 0.000000 1.000000 0.000000
vn -0.000000 1.000000 0.000000
vn 0.000000 1.000000 0.000000
vn -0.000000 1.000000 0.000000
vn 0.000000 1.000000 0.000000
vn -0.000000 1.000000 0.000000
vn 0.000000 1.000000 0.000000
vn -0.000000 1.000000 0.000000
vn 0.000000 1.000000 0.000000
vn -0.000000 1.000000 0.000000
vn 0.000000 1.000000 0.000000
vn -0.000000 1.000000 0.000000
vn 0.000000 1.000000 -0.000000
vn -0.000000 1.000000 0.000000
vn 0.000000 1.000000 -0.000000
vn -0.000000 1.000000 0.000000
vn 0.000000 1.000000 -0.000000
vn -0.000000 1.000000 0.000000
vn 0.000000 1.000000 -0.000000
vn -0.000000 1.000000 0.000000
vn 0.000000 1.000000 -0.000000
vn 0.000000 1.000000 0.000000
vn 0.000000 1.000000 -0.000000
vn 0.000000 1.000000 -0.000000
vn 0.000000 1.000000 0.000000
vn 0.000000 1.000000 0.000000
vn 0.000000 1.000000 -0.000000
vn 0.000000 1.000000 0.000000
vn 0.000000 1.000000 -0.000000
vn 0.000000 1.000000 0.000000
vn 0.000000 1.000000 -0.000000
vn 0.000000 1.000000 0.000000
vn 0.000000 1.000000 -0.000000
vn 0.000000 1.000000 0.000000
vn 0.000000 1.000000 -0.000000
vn 0.000000 1.000000 0.000000
vn 0.000000 1.000000 0.000000
vn 0.000000 1.000000 0.000000
vn 0.000000 1.000000 0.000000
vn 0.000000 1.000000 0.000000
vn 0.000000 1.000000 0.000000
vn 0.000000 1.000000 0.000000
vn 0.000000 1.000000 0.000000
vn 0.000000 1.000000 0.000000
vn 0.000000 1.000000 0.000000
vn 0.000000 1.000000 0.000000
vn 0.000000 1.000000 0.000000
vn 0.000000 1.000000 0.000000
vn 0.000000 1.000000 0.000000
vn -0.000000 1.000000 0.000000
vn 0.000000 1.000000 0.000000
vn -0.000000 1.000000 0.000000
vn 0.000000 1.000000 0.000000
vn -0.000000 1.000000 0.000000
vn 0.000000 1.000000 0.000000
vn -0.000000 1.000000 0.000000
vn 0.000000 1.000000 0.000000
vn -0.000000 1.000000 0.000000
vn 0.000000 1.000000 0.000000
vn -0.000000 1.000000 0.000000
vn 0.000000 1.000000 -0.000000
vn -0.000000 1.000000 0.000000
vn 0.000000 1.000000 -0.000000
vn -0.000000 1.000000 0.000000
vn 0.000000 1.000000 -0.000000
vn -0.000000 1.000000 0.000000
vn 0.000000 1.000000 -0.000000
vn -0.000000 1.000000 0.000000
vn 0.000000 1.000000 -0.000000
vn 0.000000 1.000000 0.000000
vn 0.000000 1.000000 -0.000000
vn 0.000000 1.000000 -0.000000
vn 0.000000 1.000000 0.000000
vn 0.000000 1.000000 0.000000
vn 0.000000 1.000000 -0.000000
vn 0.000000 1.000000 0.000000
vn 0.000000 1.000000 -0.000000
vn 0.000000 1.000000 0.000000
vn 0.000000 1.000000 -0.000000
vn 0.000000 1.000000 0.000000
vn 0.000000 1.000000 -0.000000
vn 0.000000 1.000000 0.000000
vn 0.000000 1.000000 -0.000000
vn 0.000000 1.000000 0.000000
vn 0.000000 1.000000 0.000000
vn 0.000000 1.000000 0.000000
vn 0.000000 1.000000 0.000000
vn 0.000000 1.000000 0.000000
vn 0.000000 1.000000 0.000000
vn 0.000000 1.000000 0.000000
vn 0.000000 1.000000 0.000000
vn 0.000000 1.000000 0.000000
vn 0.000000 1.000000 0.000000
vn 0.000000 1.000000 0.000000
vn -0.991446 0.000000 0.130521
vn -0.991446 0.000000 0.130521
vn -0.991446 0.000000 -0.130521
vn -0.991446 0.000000 -0.130521
vn -0.923881 0.000000 -0.382680
vn -0.923881 0.000000 -0.382680
vn -0.793351 0.000000 -0.608764
vn -0.793351 0.000000 -0.608764
vn -0.608764 0.000000 -0.793351
vn -0.608764 0.000000 -0.793351
vn -0.382680 0.000000 -0.923881
vn -0.382680 0.000000 -0.923881
vn -0.130521 0.000000 -0.991446
vn -0.130521 0.000000 -0.991446
vn 0.130521 0.000000 -0.991446
vn 0.130521 0.000000 -0.991446
vn 0.382680 0.000000 -0.923881
vn 0.382680 0.000000 -0.923881
vn 0.608764 0.000000 -0.793351
vn 0.608764 0.000000 -0.793351
vn 0.793351 0.000000 -0.608764
vn 0.793351 0.000000 -0.608764
vn 0.923881 0.000000 -0.382680
vn 0.923881 0.000000 -0.382680
vn 0.991446 0.000000 -0.130521
vn 0.991446 0.000000 -0.130521
vn 0.991446 0.000000 0.130521
vn 0.991446 -0.000000 0.130521
vn 0.923881 0.000000 0.382680
vn 0.923881 -0.000000 0.382680
vn 0.793351 0.000000 0.608764
vn 0.793351 -0.000000 0.608764
vn 0.608727 0.000000 0.793380
vn 0.608727 -0.000000 0.793380
vn 0.382730 0.000000 0.923860
vn 0.382730 -0.000000 0.923860
vn 0.130521 0.000000 0.991446
vn 0.130521 -0.000000 0.991446
vn -0.130521 0.000000 0.991446
vn -0.130521 0.000000 0.991446
vn -0.382730 0.000000 0.923860
vn -0.382730 0.000000 0.923860
vn -0.608727 0.000000 0.793380
vn -0.608727 0.000000 0.793380
vn -0.793351 0.000000 0.608764
vn -0.793351 0.000000 0.608764
vn -0.923881 0.000000 0.382680
vn -0.923881 0.000000 0.382680
vn 0.000000 1.000000 0.000000
vn -0.000000 1.000000 0.000000
vn 0.000000 1.000000 0.000000
vn -0.000000 1.000000 0.000000
vn 0.000000 1.000000 0.000000
vn -0.000000 1.000000 0.000000
vn 0.000000 1.000000 0.000000
vn -0.000000 1.000000 0.000000
vn 0.000000 1.000000 0.000000
vn -0.000000 1.000000 0.000000
vn 0.000000 1.000000 0.000000
vn -0.000000 1.000000 0.000000
vn 0.000000 1.000000 0.000000
vn 0.000000 1.000000 -0.000000
vn 0.000000 1.000000 -0.000000
vn 0.000000 1.000000 -0.000000
vn 0.000000 1.000000 -0.000000
vn 0.000000 1.000000 -0.000000
vn 0.000000 1.000000 -0.000000
vn 0.000000 1.000000 -0.000000
vn 0.000000 1.000000 -0.000000
vn 0.000000 1.000000 -0.000000
vn -0.991446 0.000000 0.130521
vn -0.991446 0.000000 0.130521
vn -0.991446 0.000000 -0.130521
vn -0.991446 0.000000 -0.130521
vn -0.923881 0.000000 -0.382680
vn -0.923881 0.000000 -0.382680
vn -0.793351 0.000000 -0.608764
vn -0.793351 0.000000 -0.608764
vn -0.608764 0.000000 -0.793351
vn -0.608764 0.000000 -0.793351
vn -0.382680 0.000000 -0.923881
vn -0.382680 0.000000 -0.923881
vn -0.130521 0.000000 -0.991446
vn -0.130521 0.000000 -0.991446
vn 0.130521 0.000000 -0.991446
vn 0.130521 0.000000 -0.991446
vn 0.382680 0.000000 -0.923881
vn 0.382680 0.000000 -0.923881
vn 0.608764 0.000000 -0.793351
vn 0.608764 0.000000 -0.793351
vn 0.793351 0.000000 -0.608764
vn 0.793351 0.000000 -0.608764
vn 0.923881 0.000000 -0.382680
vn 0.923881 0.000000 -0.382680
vn 0.991446 0.000000 -0.130521
vn 0.991446 0.000000 -0.130521
vn 0.991446 0.000000 0.130521
vn 0.991446 -0.000000 0.130521
vn 0.923881 0.000000 0.382680
vn 0.923881 -0.000000 0.382680
vn 0.793351 0.000000 0.608764
vn 0.793351 -0.000000 0.608764
vn 0.608764 0.000000 0.793351
vn 0.608764 -0.000000 0.793351
vn 0.382680 0.000000 0.923881
vn 0.382680 -0.000000 0.923881
vn 0.130521 0.000000 0.991446
vn 0.130521 -0.000000 0.991446
vn -0.130521 0.000000 0.991446
vn -0.130521 0.000000 0.991446
vn -0.382680 0.000000 0.923881
vn -0.382680 0.000000 0.923881
vn -0.608764 0.000000 0.793351
vn -0.608764 0.000000 0.793351
vn -0.793351 0.000000 0.608764
vn -0.793351 0.000000 0.608764
vn -0.923881 0.000000 0.382680
vn -0.923881 0.000000 0.382680
vn 0.000000 1.000000 0.000000
vn -0.000000 1.000000 0.000000
vn 0.000000 1.000000 0.000000
vn -0.000000 1.000000 0.000000
vn 0.000000 1.000000 0.000000
vn -0.000000 1.000000 0.000000
vn 0.000000 1.000000 0.000000
vn -0.000000 1.000000 0.000000
vn 0.000000 1.000000 0.000000
vn -0.000000 1.000000 0.000000
vn 0.000000 1.000000 0.000000
vn -0.000000 1.000000 0.000000
vn 0.000000 1.000000 0.000000
vn 0.000000 1.000000 -0.000000
vn 0.000000 1.000000 -0.000000
vn 0.000000 1.000000 -0.000000
vn 0.000000 1.000000 -0.000000
vn 0.000000 1.000000 -0.000000
vn 0.000000 1.000000 -0.000000
vn 0.000000 1.000000 -0.000000
vn 0.000000 1.000000 -0.000000
vn 0.000000 1.000000 -0.000000
vn -0.991446 0.000000 0.130521
vn -0.991446 0.000000 0.130521
vn -0.991446 0.000000 -0.130521
vn -0.991446 0.000000 -0.130521
vn -0.923881 0.000000 -0.382680
vn -0.923881 0.000000 -0.382680
vn -0.793351 0.000000 -0.608764
vn -0.793351 0.000000 -0.608764
vn -0.608764 0.000000 -0.793351
vn -0.608764 0.000000 -0.793351
vn -0.382680 0.000000 -0.923881
vn -0.382680 0.000000 -0.923881
vn -0.130521 0.000000 -0.991446
vn -0.130521 0.000000 -0.991446
vn 0.130521 0.000000 -0.991446
vn 0.130521 0.000000 -0.991446
vn 0.382680 0.000000 -0.923881
vn 0.382680 0.000000 -0.923881
vn 0.608764 0.000000 -0.793351
vn 0.608764 0.000000 -0.793351
vn 0.793351 0.000000 -0.608764
vn 0.793351 0.000000 -0.608764
vn 0.923881 0.000000 -0.382680
vn 0.923881 0.000000 -0.382680
vn 0.991446 0.000000 -0.130521
vn 0.991446 0.000000 -0.130521
vn 0.991446 0.000000 0.130521
vn 0.991446 -0.000000 0.130521
vn 0.923881 0.000000 0.382680
vn 0.923881 -0.000000 0.382680
vn 0.793351 0.000000 0.608764
vn 0.793351 -0.000000 0.608764
vn 0.608727 0.000000 0.793380
vn 0.608727 -0.000000 0.793380
vn 0.382730 0.000000 0.923860
vn 0.382730 -0.000000 0.923860
vn 0.130521 0.000000 0.991446
vn 0.130521 -0.000000 0.991446
vn -0.130521 0.000000 0.991446
vn -0.130521 0.000000 0.991446
vn -0.382730 0.000000 0.923860
vn -0.382730 0.000000 0.923860
vn -0.608727 0.000000 0.793380
vn -0.608727 0.000000 0.793380
vn -0.793351 0.000000 0.608764
vn -0.793351 0.000000 0.608764
vn -0.923881 0.000000 0.382680
vn -0.923881 0.000000 0.382680
vn 0.000000 1.000000 0.000000
vn -0.000000 1.000000 0.000000
vn 0.000000 1.000000 0.000000
vn -0.000000 1.000000 0.000000
vn 0.000000 1.000000 0.000000
vn -0.000000 1.000000 0.000000
vn 0.000000 1.000000 0.000000
vn -0.000000 1.000000 0.000000
vn 0.000000 1.000000 0.000000
vn -0.000000 1.000000 0.000000
vn 0.000000 1.000000 0.000000
vn -0.000000 1.000000 0.000000
vn 0.000000 1.000000 0.000000
vn 0.000000 1.000000 -0.000000
vn 0.000000 1.000000 -0.000000
vn 0.000000 1.000000 -0.000000
vn 0.000000 1.000000 -0.000000
vn 0.000000 1.000000 -0.000000
vn 0.000000 1.000000 -0.000000
vn 0.000000 1.000000 -0.000000
vn 0.000000 1.000000 -0.000000
vn 0.000000 1.000000 -0.000000
vn -0.991446 0.000000 0.130521
vn -0.991446 0.000000 0.130521
vn -0.991446 0.000000 -0.130521
vn -0.991446 0.000000 -0.130521
vn -0.923881 0.000000 -0.382680
vn -0.923881 0.000000 -0.382680
vn -0.793351 0.000000 -0.608764
vn -0.793351 0.000000 -0.608764
vn -0.608764 0.000000 -0.793351
vn -0.608764 0.000000 -0.793351
vn -0.382680 0.000000 -0.923881
vn -0.382680 0.000000 -0.923881
vn -0.130521 0.000000 -0.991446
vn -0.130521 0.000000 -0.991446
vn 0.130521 0.000000 -0.991446
vn 0.130521 0.000000 -0.991446
vn 0.382680 0.000000 -0.923881
vn 0.382680 0.000000 -0.923881
vn 0.608764 0.000000 -0.793351
vn 0.608764 0.000000 -0.793351
vn 0.793351 0.000000 -0.608764
vn 0.793351 0.000000 -0.608764
vn 0.923881 0.000000 -0.382680
vn 0.923881 0.000000 -0.382680
vn 0.991446 0.000000 -0.130521
vn 0.991446 0.000000 -0.130521
vn 0.991446 0.000000 0.130521
vn 0.991446 -0.000000 0.130521
vn 0.923881 0.000000 0.382680
vn 0.923881 -0.000000 0.382680
vn 0.793351 0.000000 0.608764
vn 0.793351 -0.000000 0.608764
vn 0.608764 0.000000 0.793351
vn 0.608764 -0.000000 0.793351
vn 0.382680 0.000000 0.923881
vn 0.382680 -0.000000 0.923881
vn 0.130521 0.000000 0.991446
vn 0.130521 -0.000000 0.991446
vn -0.130521 0.000000 0.991446
vn -0.130521 0.000000 0.991446
vn -0.382680 0.000000 0.923881
vn -0.382680 0.000000 0.923881
vn -0.608764 0.000000 0.793351
vn -0.608764 0.000000 0.793351
vn -0.793351 0.000000 0.608764
vn -0.793351 0.000000 0.608764
vn -0.923881 0.000000 0.382680
vn -0.923881 0.000000 0.382680
vn 0.000000 1.000000 0.000000
vn -0.000000 1.000000 0.000000
vn 0.000000 1.000000 0.000000
vn -0.000000 1.000000 0.000000
vn 0.000000 1.000000 0.000000
vn -0.000000 1.000000 0.000000
vn 0.000000 1.000000 0.000000
vn -0.000000 1.000000 0.000000
vn 0.000000 1.000000 0.000000
vn -0.000000 1.000000 0.000000
vn 0.000000 1.000000 0.000000
vn -0.000000 1.000000 0.000000
vn 0.000000 1.000000 0.000000
vn 0.000000 1.000000 -0.000000
vn 0.000000 1.000000 -0.000000
vn 0.000000 1.000000 -0.000000
vn 0.000000 1.000000 -0.000000
vn 0.000000 1.000000 -0.000000
vn 0.000000 1.000000 -0.000000
vn 0.000000 1.000000 -0.000000
vn 0.000000 1.000000 -0.000000
vn 0.000000 1.000000 -0.000000
vn -1.000000 0.000000 0.000000
vn -1.000000 0.000000 0.000000
vn -0.000000 -1.000000 0.000000
vn 0.000000 -1.000000 0.000000
vn 1.000000 0.000000 0.000000
vn 1.000000 0.000000 -0.000000
vn 0.000000 -0.000000 -1.000000
vn 0.000000 0.000000 -1.000000
vn 1.000000 0.000000 0.000000
vn 1.000000 0.000000 -0.000000
vn 0.000000 0.000000 1.000000
vn 0.000000 0.000000 1.000000
vn -1.000000 0.000000 0.000000
vn -1.000000 -0.000000 -0.000000
vn 0.000000 -0.000000 -1.000000
vn 0.000000 0.000000 -1.000000
vn 1.000000 0.000000 0.000000
vn 1.000000 0.000000 -0.000000
vn 0.000000 -0.000000 -1.000000
vn 0.000000 0.000000 -1.000000
vn -1.000000 0.000000 0.000000
vn -1.000000 -0.000000 -0.000000
vn 0.000000 0.000000 1.000000
vn 0.000000 0.000000 1.000000
vn 1.000000 0.000000 0.000000
vn 1.000000 0.000000 -0.000000
vn 0.000000 0.000000 1.000000
vn 0.000000 0.000000 1.000000
vn -1.000000 0.000000 0.000000
vn -1.000000 -0.000000 -0.000000
vn -0.983766 -0.000000 -0.179454
vn -0.983766 -0.000000 -0.179454
vn -0.937087 0.000000 -0.349097
vn -0.937087 -0.000000 -0.349097
vn -0.861452 0.000000 -0.507840
vn -0.861452 -0.000000 -0.507840
vn -0.770482 0.000000 -0.637461
vn -0.770482 -0.000000 -0.637461
vn -0.644498 0.000000 -0.764606
vn -0.644498 -0.000000 -0.764606
vn -0.514832 0.000000 -0.857291
vn -0.514832 -0.000000 -0.857291
vn -0.355367 0.000000 -0.934727
vn -0.355367 -0.000000 -0.934727
vn -0.184740 0.000000 -0.982788
vn -0.184740 -0.000000 -0.982788
vn 0.000000 -0.000000 -1.000000
vn 0.000000 0.000000 -1.000000
vn 0.195642 0.000000 -0.980675
vn 0.195642 0.000000 -0.980675
vn 0.368275 0.000000 -0.929717
vn 0.368275 0.000000 -0.929717
vn 0.529016 0.000000 -0.848612
vn 0.529016 0.000000 -0.848612
vn 0.658915 0.000000 -0.752217
vn 0.658915 0.000000 -0.752217
vn 0.782162 0.000000 -0.623076
vn 0.782162 0.000000 -0.623076
vn 0.869594 0.000000 -0.493767
vn 0.869594 0.000000 -0.493767
vn 0.941701 0.000000 -0.336451
vn 0.941701 0.000000 -0.336451
vn 0.985635 0.000000 -0.168888
vn 0.985635 0.000000 -0.168888
vn 1.000000 0.000000 0.000000
vn 1.000000 0.000000 -0.000000
vn 0.985190 0.000000 0.171465
vn 0.985190 0.000000 0.171465
vn 0.940597 0.000000 0.339525
vn 0.940597 0.000000 0.339525
vn 0.867596 0.000000 0.497269
vn 0.867596 0.000000 0.497269
vn 0.779347 0.000000 0.626593
vn 0.779347 0.000000 0.626593
vn 0.655354 0.000000 0.755322
vn 0.655354 0.000000 0.755322
vn 0.525561 0.000000 0.850756
vn 0.525561 0.000000 0.850756
vn 0.365116 0.000000 0.930962
vn 0.365116 0.000000 0.930962
vn 0.192928 0.000000 0.981213
vn 0.192928 0.000000 0.981213
vn 0.000000 0.000000 1.000000
vn 0.000000 0.000000 1.000000
vn -0.182086 0.000000 0.983283
vn -0.182086 0.000000 0.983283
vn -0.352245 0.000000 0.935908
vn -0.352245 0.000000 0.935908
vn -0.511330 0.000000 0.859384
vn -0.511330 0.000000 0.859384
vn -0.640955 0.000000 0.767579
vn -0.640955 0.000000 0.767579
vn -0.767575 0.000000 0.640959
vn -0.767575 0.000000 0.640959
vn -0.859384 0.000000 0.511330
vn -0.859384 0.000000 0.511330
vn -0.935912 0.000000 0.352235
vn -0.935912 0.000000 0.352235
vn -0.983283 0.000000 0.182085
vn -0.983283 0.000000 0.182085
vn -1.000000 0.000000 0.000000
vn -1.000000 -0.000000 -0.000000
vn 0.000000 -0.000000 -1.000000
vn 0.000000 0.000000 -1.000000
vn 1.000000 0.000000 0.000000
vn 1.000000 0.000000 -0.000000
vn 0.000000 0.000000 1.000000
vn 0.000000 0.000000 1.000000
vn -1.000000 0.000000 0.000000
vn -1.000000 -0.000000 -0.000000
vn 0.000000 -0.000000 -1.000000
vn 0.000000 0.000000 -1.000000
vn 1.000000 0.000000 0.000000
vn 1.000000 0.000000 -0.000000
vn 0.000000 0.000000 1.000000
vn 0.000000 0.000000 1.000000
vn -1.000000 0.000000 0.000000
vn -1.000000 -0.000000 -0.000000
vn 0.000000 -0.000000 -1.000000
vn 0.000000 0.000000 -1.000000
vn 0.981723 0.000000 -0.190315
vn 0.981723 0.000000 -0.190315
vn 1.000000 0.000000 0.000000
vn 1.000000 0.000000 -0.000000
vn 0.000000 0.000000 1.000000
vn 0.000000 0.000000 1.000000
vn -0.987709 0.000000 0.156306
vn -0.987709 0.000000 0.156306
vn 0.000000 -0.000000 1.000000
vn 0.000000 0.000000 1.000000
vn 0.000000 0.000000 1.000000
vn 0.000000 0.000000 1.000000
vn 0.000000 0.000000 1.000000
vn -0.000000 0.000000 1.000000
vn 0.987710 0.000000 0.156300
vn 0.987710 0.000000 0.156300
vn 0.000000 0.000000 1.000000
vn 0.000000 0.000000 1.000000
vn -0.982047 -0.000000 -0.188638
vn -0.982047 -0.000000 -0.188638
vn -0.919337 0.000000 0.393471
vn -0.919337 0.000000 0.393471
vn -1.000000 0.000000 0.000000
vn -1.000000 -0.000000 -0.000000
vn 0.000000 -0.000000 -1.000000
vn 0.000000 0.000000 -1.000000
vn 0.930786 0.000000 -0.365565
vn 0.930786 0.000000 -0.365565
vn -1.000000 0.000000 0.000000
vn -1.000000 -0.000000 -0.000000
vn 0.000000 -0.000000 -1.000000
vn 0.000000 0.000000 -1.000000
vn 1.000000 0.000000 0.000000
vn 1.000000 0.000000 -0.000000
vn 0.000000 0.000000 1.000000
vn 0.000000 0.000000 1.000000
vn -1.000000 0.000000 0.000000
vn -1.000000 -0.000000 -0.000000
vn 0.920165 0.000000 0.391531
vn 0.920165 0.000000 0.391531
vn 0.000000 0.000000 1.000000
vn 0.000000 0.000000 1.000000
vn -0.915249 -0.000000 -0.402890
vn -0.915249 -0.000000 -0.402890
vn 0.000000 -0.000000 -1.000000
vn 0.000000 0.000000 -1.000000
vn 1.000000 0.000000 0.000000
vn 1.000000 0.000000 -0.000000
vn 0.000000 0.000000 1.000000
vn 0.000000 0.000000 1.000000
vn -1.000000 0.000000 0.000000
vn -1.000000 -0.000000 -0.000000
vn -0.991483 -0.000000 -0.130238
vn -0.991483 -0.000000 -0.130238
vn -0.969646 0.000000 -0.244514
vn -0.969646 -0.000000 -0.244514
vn -0.922507 0.000000 -0.385980
vn -0.922507 -0.000000 -0.385980
vn -0.832624 0.000000 -0.553839
vn -0.832624 -0.000000 -0.553839
vn -0.737511 0.000000 -0.675336
vn -0.737511 -0.000000 -0.675336
vn -0.650894 0.000000 -0.759169
vn -0.650894 -0.000000 -0.759169
vn -0.530515 -0.000000 -0.847675
vn -0.530515 -0.000000 -0.847675
vn -0.543971 0.000000 0.839104
vn -0.543971 0.000000 0.839104
vn -0.658173 0.000000 0.752866
vn -0.658173 0.000000 0.752866
vn -0.740637 0.000000 0.671905
vn -0.740637 0.000000 0.671905
vn -0.831358 0.000000 0.555737
vn -0.831358 0.000000 0.555737
vn -0.919577 0.000000 0.392911
vn -0.919577 0.000000 0.392911
vn -0.967389 0.000000 0.253295
vn -0.967389 0.000000 0.253295
vn -0.990175 0.000000 0.139836
vn -0.990175 0.000000 0.139836
vn -1.000000 0.000000 0.000000
vn -1.000000 -0.000000 -0.000000
vn -0.984712 -0.000000 -0.174191
vn -0.984712 -0.000000 -0.174191
vn -0.939415 0.000000 -0.342782
vn -0.939415 -0.000000 -0.342782
vn -0.865506 0.000000 -0.500898
vn -0.865506 -0.000000 -0.500898
vn -0.776400 0.000000 -0.630240
vn -0.776400 -0.000000 -0.630240
vn -0.651591 0.000000 -0.758570
vn -0.651591 -0.000000 -0.758570
vn -0.521904 0.000000 -0.853004
vn -0.521904 -0.000000 -0.853004
vn -0.361774 0.000000 -0.932266
vn -0.361774 -0.000000 -0.932266
vn -0.190119 0.000000 -0.981761
vn -0.190119 -0.000000 -0.981761
vn 0.000000 -0.000000 -1.000000
vn 0.000000 0.000000 -1.000000
vn 0.187411 0.000000 -0.982282
vn 0.187411 0.000000 -0.982282
vn 0.358532 0.000000 -0.933517
vn 0.358532 0.000000 -0.933517
vn 0.518379 0.000000 -0.855151
vn 0.518379 0.000000 -0.855151
vn 0.648106 0.000000 -0.761550
vn 0.648106 0.000000 -0.761550
vn 0.773381 0.000000 -0.633941
vn 0.773381 0.000000 -0.633941
vn 0.863480 0.000000 -0.504383
vn 0.863480 0.000000 -0.504383
vn 0.938258 0.000000 -0.345936
vn 0.938258 0.000000 -0.345936
vn 0.984243 0.000000 -0.176823
vn 0.984243 0.000000 -0.176823
vn 1.000000 0.000000 0.000000
vn 1.000000 0.000000 -0.000000
vn 0.000000 0.000000 1.000000
vn 0.000000 0.000000 1.000000
vn -1.000000 0.000000 0.000000
vn -1.000000 -0.000000 -0.000000
vn 0.000000 0.000000 1.000000
vn 0.000000 0.000000 1.000000
vn 1.000000 0.000000 0.000000
vn 1.000000 0.000000 -0.000000
vn 0.560016 0.000000 -0.828482
vn 0.560016 0.000000 -0.828482
vn 1.000000 0.000000 0.000000
vn 1.000000 0.000000 -0.000000
vn 0.565919 0.000000 0.824461
vn 0.565919 0.000000 0.824461
vn 1.000000 0.000000 0.000000
vn 1.000000 0.000000 -0.000000
vn 0.000000 -0.000000 -1.000000
vn 0.000000 0.000000 -1.000000
vn -1.000000 0.000000 0.000000
vn -1.000000 -0.000000 -0.000000
vn 0.000000 -0.000000 -1.000000
vn 0.000000 0.000000 -1.000000
vn 1.000000 0.000000 0.000000
vn 1.000000 0.000000 -0.000000
vn 0.985190 0.000000 0.171465
vn 0.985190 0.000000 0.171465
vn 0.940597 0.000000 0.339525
vn 0.940597 0.000000 0.339525
vn 0.867614 0.000000 0.497238
vn 0.867614 0.000000 0.497238
vn 0.779326 0.000000 0.626619
vn 0.779326 0.000000 0.626619
vn 0.655354 0.000000 0.755322
vn 0.655354 0.000000 0.755322
vn 0.525561 0.000000 0.850756
vn 0.525561 0.000000 0.850756
vn 0.365109 0.000000 0.930965
vn 0.365109 0.000000 0.930965
vn 0.192928 0.000000 0.981213
vn 0.192928 0.000000 0.981213
vn 0.000000 0.000000 1.000000
vn 0.000000 0.000000 1.000000
vn -0.187446 0.000000 0.982275
vn -0.187446 0.000000 0.982275
vn -0.358606 0.000000 0.933489
vn -0.358606 0.000000 0.933489
vn -0.518395 0.000000 0.855141
vn -0.518395 0.000000 0.855141
vn -0.648144 0.000000 0.761518
vn -0.648144 0.000000 0.761518
vn -0.773439 0.000000 0.633871
vn -0.773439 0.000000 0.633871
vn -0.863514 0.000000 0.504324
vn -0.863514 0.000000 0.504324
vn -0.938264 0.000000 0.345921
vn -0.938264 0.000000 0.345921
vn -0.984250 0.000000 0.176783
vn -0.984250 0.000000 0.176783
vn -1.000000 0.000000 0.000000
vn -1.000000 -0.000000 -0.000000
vn 0.000000 -0.000000 -1.000000
vn 0.000000 0.000000 -1.000000
vn 0.961859 0.000000 -0.273546
vn 0.961859 0.000000 -0.273546
vn 0.992315 0.000000 -0.123735
vn 0.992315 0.000000 -0.123735
vn 0.994558 0.000000 -0.104183
vn 0.994558 0.000000 -0.104183
vn 0.997717 0.000000 -0.067535
vn 0.997717 0.000000 -0.067535
vn 0.999153 0.000000 -0.041154
vn 0.999153 0.000000 -0.041154
vn -0.999546 -0.000000 -0.030136
vn -0.999546 -0.000000 -0.030136
vn -0.998483 0.000000 -0.055051
vn -0.998483 -0.000000 -0.055051
vn -0.994580 0.000000 -0.103973
vn -0.994580 -0.000000 -0.103973
vn -0.989076 0.000000 -0.147408
vn -0.989076 -0.000000 -0.147408
vn -0.961859 -0.000000 -0.273546
vn -0.961859 -0.000000 -0.273546
vn 0.000000 -0.000000 -1.000000
vn 0.000000 0.000000 -1.000000
vn 1.000000 0.000000 0.000000
vn 1.000000 0.000000 -0.000000
vn 0.000000 0.000000 1.000000
vn 0.000000 0.000000 1.000000
vn -1.000000 0.000000 0.000000
vn -1.000000 -0.000000 -0.000000
vn -0.999176 -0.000000 -0.040598
vn -0.999176 -0.000000 -0.040598
vn -0.997811 0.000000 -0.066135
vn -0.997811 -0.000000 -0.066135
vn -0.994853 0.000000 -0.101330
vn -0.994853 -0.000000 -0.101330
vn -0.992763 0.000000 -0.120088
vn -0.992763 -0.000000 -0.120088
vn 0.969208 0.000000 0.246245
vn 0.969208 0.000000 0.246245
vn 0.000000 0.000000 1.000000
vn 0.000000 0.000000 1.000000
vn -0.969497 0.000000 0.245104
vn -0.969497 0.000000 0.245104
vn 0.992609 0.000000 -0.121355
vn 0.992609 0.000000 -0.121355
vn 0.994798 0.000000 -0.101865
vn 0.994798 0.000000 -0.101865
vn 0.997856 0.000000 -0.065445
vn 0.997856 0.000000 -0.065445
vn 0.999222 0.000000 -0.039450
vn 0.999222 0.000000 -0.039450
vn 1.000000 0.000000 0.000000
vn 1.000000 0.000000 -0.000000
vn 0.000000 0.000000 1.000000
vn 0.000000 0.000000 1.000000
vn -1.000000 0.000000 0.000000
vn -1.000000 -0.000000 -0.000000
vn -0.000000 -1.000000 0.000000
vn 0.000000 -1.000000 0.000000
vn 0.000000 -1.000000 0.000000
vn -0.000000 -1.000000 0.000000
vn -0.000000 -1.000000 0.000000
vn -0.000000 -1.000000 0.000000
vn 0.000000 -1.000000 0.000000
vn 0.000000 -1.000000 0.000000
vn 0.000000 -1.000000 0.000000
vn 0.000000 -1.000000 0.000000
vn 0.000000 -1.000000 0.000000
vn 0.000000 -1.000000 0.000000
vn 0.000000 -1.000000 0.000000
vn 0.000000 -1.000000 0.000000
vn 0.000000 -1.000000 0.000000
vn 0.000000 -1.000000 0.000000
vn 0.000000 -1.000000 0.000000
vn 0.000000 -1.000000 0.000000
vn 0.000000 -1.000000 -0.000000
vn -0.000000 -1.000000 0.000000
vn -0.000000 -1.000000 0.000000
vn 0.000000 -1.000000 0.000000
vn -0.000000 -1.000000 -0.000000
vn -0.000000 -1.000000 -0.000000
vn 0.000000 -1.000000 0.000000
vn 0.000000 -1.000000 0.000000
vn 0.000000 -1.000000 0.000000
vn -0.000000 -1.000000 0.000000
vn 0.000000 -1.000000 0.000000
vn 0.000000 -1.000000 0.000000
vn 0.000000 -1.000000 -0.000000
vn -0.000000 -1.000000 0.000000
vn -0.000000 -1.000000 0.000000
vn 0.000000 -1.000000 0.000000
vn -0.000000 -1.000000 0.000000
vn -0.000000 -1.000000 0.000000
vn 0.000000 -1.000000 0.000000
vn 0.000000 -1.000000 0.000000
vn 0.000000 -1.000000 -0.000000
vn 0.000000 -1.000000 0.000000
vn 0.000000 -1.000000 -0.000000
vn 0.000000 -1.000000 -0.000000
vn 0.000000 -1.000000 0.000000
vn 0.000000 -1.000000 0.000000
vn 0.000000 -1.000000 0.000000
vn 0.000000 -1.000000 0.000000
vn 0.000000 -1.000000 0.000000
vn 0.000000 -1.000000 0.000000
vn 0.000000 -1.000000 0.000000
vn 0.000000 -1.000000 0.000000
vn 0.000000 -1.000000 0.000000
vn 0.000000 -1.000000 0.000000
vn 0.000000 -1.000000 0.000000
vn 0.000000 -1.000000 0.000000
vn 0.000000 -1.000000 0.000000
vn 0.000000 -1.000000 -0.000000
vn 0.000000 -1.000000 0.000000
vn 0.000000 -1.000000 0.000000
vn 0.000000 -1.000000 0.000000
vn 0.000000 -1.000000 0.000000
vn 0.000000 -1.000000 0.000000
vn 0.000000 -1.000000 0.000000
vn 0.000000 -1.000000 -0.000000
vn 0.000000 -1.000000 -0.000000
vn 0.000000 -1.000000 0.000000
vn 0.000000 -1.000000 0.000000
vn 0.000000 -1.000000 0.000000
vn -0.000000 -1.000000 0.000000
vn -0.000000 -1.000000 0.000000
vn 0.000000 -1.000000 0.000000
vn 0.000000 -1.000000 0.000000
vn 0.000000 -1.000000 0.000000
vn 0.000000 -1.000000 0.000000
vn 0.000000 -1.000000 0.000000
vn 0.000000 -1.000000 0.000000
vn 0.000000 -1.000000 0.000000
vn 0.000000 -1.000000 0.000000
vn 0.000000 -1.000000 0.000000
vn 0.000000 -1.000000 0.000000
vn 0.000000 -1.000000 0.000000
vn 0.000000 -1.000000 0.000000
vn -0.000000 -1.000000 0.000000
vn 0.000000 -1.000000 0.000000
vn 0.000000 -1.000000 0.000000
vn 0.000000 -1.000000 0.000000
vn 0.000000 -1.000000 -0.000000
vn 0.000000 -1.000000 -0.000000
vn 0.000000 -1.000000 -0.000000
vn 0.000000 -1.000000 -0.000000
vn 0.000000 -1.000000 -0.000000
vn 0.000000 -1.000000 -0.000000
vn 0.000000 -1.000000 -0.000000
vn 0.000000 -1.000000 0.000000
vn 0.000000 -1.000000 0.000000
vn 0.000000 -1.000000 0.000000
vn 0.000000 -1.000000 0.000000
vn 0.000000 -1.000000 0.000000
vn 0.000000 -1.000000 0.000000
vn 0.000000 -1.000000 -0.000000
vn 0.000000 -1.000000 -0.000000
vn 0.000000 -1.000000 0.000000
vn 0.000000 -1.000000 -0.000000
vn 0.000000 -1.000000 -0.000000
vn -0.000000 -1.000000 0.000000
vn 0.000000 -1.000000 0.000000
vn 0.000000 -1.000000 0.000000
vn 0.000000 -1.000000 0.000000
vn 0.000000 -1.000000 0.000000
vn 0.000000 -1.000000 0.000000
vn 0.000000 -1.000000 0.000000
vn -0.000000 -1.000000 0.000000
vn -0.000000 -1.000000 0.000000
vn 0.000000 -1.000000 0.000000
vn 0.000000 -1.000000 0.000000
vn 0.000000 -1.000000 0.000000
vn 0.000000 -1.000000 -0.000000
vn 0.000000 -1.000000 -0.000000
vn 0.000000 -1.000000 0.000000
vn 0.000000 -1.000000 0.000000
vn 0.000000 -1.000000 -0.000000
vn 0.000000 -1.000000 -0.000000
vn 0.000000 -1.000000 0.000000
vn 0.000000 -1.000000 -0.000000
vn 0.000000 -1.000000 0.000000
vn 0.000000 -1.000000 -0.000000
vn 0.000000 -1.000000 0.000000
vn 0.000000 -1.000000 0.000000
vn 0.000000 -1.000000 0.000000
vn 0.000000 -1.000000 0.000000
vn 0.000000 -1.000000 -0.000000
vn 0.000000 -1.000000 0.000000
vn 0.000000 -1.000000 0.000000
vn 0.000000 -1.000000 0.000000
vn 0.000000 -1.000000 0.000000
vn 0.000000 -1.000000 0.000000
vn 0.000000 -1.000000 0.000000
vn 0.000000 -1.000000 0.000000
vn 0.000000 -1.000000 0.000000
vn 0.000000 -1.000000 0.000000
vn 0.000000 -1.000000 0.000000
vn 0.000000 -1.000000 0.000000
vn 0.000000 -1.000000 0.000000
vn 0.000000 -1.000000 0.000000
vn 0.000000 -1.000000 0.000000
vn 0.000000 -1.000000 0.000000
vn 0.000000 -1.000000 0.000000
vn 0.000000 -1.000000 0.000000
vn -0.000000 -1.000000 -0.000000
vn -0.000000 -1.000000 0.000000
vn -0.000000 -1.000000 -0.000000
vn -0.000000 -1.000000 -0.000000
vn -0.000000 -1.000000 0.000000
vn 0.000000 -1.000000 0.000000
vn 0.000000 -1.000000 0.000000
vn 0.000000 -1.000000 0.000000
vn 0.000000 -1.000000 0.000000
vn 0.000000 -1.000000 0.000000
vn 0.000000 -1.000000 0.000000
vn 0.000000 -1.000000 0.000000
vn 0.000000 -1.000000 0.000000
vn -0.000000 -1.000000 -0.000000
vn -0.000000 -1.000000 -0.000000
vn -0.000000 -1.000000 -0.000000
vn -0.000000 -1.000000 -0.000000
vn -0.000000 -1.000000 -0.000000
vn 0.000000 -1.000000 0.000000
vn 0.000000 -1.000000 0.000000
vn 0.000000 -1.000000 0.000000
vn 0.000000 -1.000000 0.000000
vn 0.000000 -1.000000 0.000000
vn 0.000000 -1.000000 0.000000
vn -0.000000 -1.000000 0.000000
vn -0.000000 -1.000000 -0.000000
vn -0.000000 -1.000000 0.000000
vn -0.000000 -1.000000 0.000000
vn 0.000000 -1.000000 -0.000000
vn 0.000000 -1.000000 0.000000
vn 0.000000 -1.000000 0.000000
vn 0.000000 -1.000000 0.000000
vn 0.000000 -1.000000 0.000000
vn 0.000000 -1.000000 0.000000
vn 0.000000 -1.000000 0.000000
vn 0.000000 -1.000000 0.000000
vn 0.000000 -1.000000 0.000000
vn 0.000000 -1.000000 0.000000
vn 0.000000 -1.000000 0.000000
vn 0.000000 -1.000000 0.000000
vn 0.000000 -1.000000 0.000000
vn 0.000000 -1.000000 0.000000
vn 0.000000 -1.000000 -0.000000
vn 0.000000 -1.000000 -0.000000
vn 0.000000 -1.000000 -0.000000
vn 0.000000 -1.000000 0.000000
vn 0.000000 -1.000000 0.000000
vn 0.000000 -1.000000 0.000000
vn 0.000000 -1.000000 0.000000
vn 0.000000 -1.000000 0.000000
vn 0.000000 -1.000000 0.000000
vn 0.000000 -1.000000 0.000000
vn 0.000000 -1.000000 0.000000
vn 0.000000 -1.000000 0.000000
vn 0.000000 -1.000000 0.000000
vn 0.000000 -1.000000 0.000000
vn 0.000000 -1.000000 0.000000
vn 0.000000 -1.000000 0.000000
vn 0.000000 -1.000000 0.000000
vn 0.000000 -1.000000 0.000000
vn 0.000000 -1.000000 0.000000
vn 0.000000 -1.000000 0.000000
vn 0.000000 -1.000000 0.000000
vn 0.000000 -1.000000 0.000000
vn 0.000000 -1.000000 0.000000
vn 0.000000 -1.000000 0.000000
vn -0.000000 -1.000000 0.000000
vn 0.000000 -1.000000 0.000000
vn 0.000000 -1.000000 0.000000
vn 0.000000 -1.000000 0.000000
vn 0.000000 -1.000000 0.000000
vn 0.000000 -1.000000 0.000000
vn 0.000000 -1.000000 0.000000
vn 0.000000 -1.000000 0.000000
vn 0.000000 -1.000000 0.000000
vn 0.000000 -1.000000 0.000000
vn 0.000000 -1.000000 0.000000
vn 0.000000 -1.000000 0.000000
vn 0.000000 -1.000000 0.000000
vn 0.000000 -1.000000 0.000000
vn 0.000000 -1.000000 0.000000
vn 0.000000 -1.000000 0.000000
vn 0.000000 -1.000000 -0.000000
vn 0.000000 -1.000000 -0.000000
vn 0.000000 -1.000000 0.000000
vn 0.000000 -1.000000 -0.000000
vn 0.000000 -1.000000 -0.000000
vn 0.000000 -1.000000 0.000000
vn 0.000000 -1.000000 -0.000000
vn 0.000000 -1.000000 0.000000
vn 0.000000 -1.000000 -0.000000
vn -0.000000 -1.000000 0.000000
vn 0.000000 -1.000000 0.000000
vn -0.000000 -1.000000 0.000000
vn 0.000000 -1.000000 0.000000
vn 0.000000 -1.000000 0.000000
vn 0.000000 -1.000000 0.000000
vn -0.000000 -1.000000 -0.000000
vn -0.000000 -1.000000 0.000000
vn 0.000000 -1.000000 -0.000000
vn 0.000000 -1.000000 0.000000
vn 0.000000 -1.000000 0.000000
vn -0.000000 -1.000000 0.000000
vn -0.000000 -1.000000 0.000000
vn 0.000000 -1.000000 0.000000
vn -0.000000 -1.000000 0.000000
vn -0.000000 -1.000000 0.000000
vn 0.000000 -1.000000 0.000000
vn -0.000000 -1.000000 0.000000
vn 0.000000 -1.000000 0.000000
vn 0.000000 -1.000000 0.000000
vn 0.000000 -1.000000 0.000000
vn 0.000000 -1.000000 0.000000
vn 0.000000 -1.000000 0.000000
vn 0.000000 -1.000000 0.000000
vn 0.000000 -1.000000 0.000000
vn 0.000000 -1.000000 0.000000
vn 0.000000 -1.000000 0.000000
vn 0.000000 -1.000000 0.000000
vn 0.000000 -1.000000 0.000000
vn 0.000000 -1.000000 0.000000
vn 0.000000 -1.000000 0.000000
vn 0.000000 -1.000000 0.000000
vn 0.000000 -1.000000 0.000000
vn 0.000000 -1.000000 0.000000
vn 0.000000 -1.000000 0.000000
vn 0.000000 -1.000000 0.000000
vn 0.000000 -1.000000 0.000000
vn 0.000000 -1.000000 0.000000
vn 0.000000 -1.000000 0.000000
vn 0.000000 -1.000000 0.000000
vn 0.000000 -1.000000 0.000000
vn 0.000000 -1.000000 0.000000
vn 0.000000 -1.000000 0.000000
vn 0.000000 -1.000000 0.000000
vn 0.000000 -1.000000 0.000000
vn 0.000000 -1.000000 0.000000
vn 0.000000 -1.000000 0.000000
vn 0.000000 -1.000000 0.000000
vn 0.000000 -1.000000 0.000000
vn 0.000000 -1.000000 0.000000
vn 0.000000 -1.000000 0.000000
vn 0.000000 -1.000000 0.000000
vn 0.000000 -1.000000 0.000000
vn 0.000000 -1.000000 0.000000
vn 0.000000 -1.000000 0.000000
vn 0.000000 -1.000000 0.000000
vn 0.000000 -1.000000 0.000000
vn 0.000000 -1.000000 0.000000
vn 0.000000 -1.000000 0.000000
vn 0.000000 -1.000000 0.000000
vn 0.000000 -1.000000 0.000000
vn 0.000000 -1.000000 0.000000
vn 0.000000 -1.000000 0.000000
vn 0.000000 -1.000000 0.000000
vn 0.000000 -1.000000 0.000000
vn 0.000000 -1.000000 0.000000
vn 0.000000 -1.000000 0.000000
vn 0.000000 -1.000000 0.000000
vn 0.000000 -1.000000 0.000000
vn 0.000000 -1.000000 0.000000
vn 0.000000 -1.000000 -0.000000
vn 0.000000 -1.000000 0.000000
vn 0.973430 0.189777 0.128138
vn 0.986752 0.129903 0.097186
vn 0.986753 0.129903 -0.097183
vn 0.920070 0.381131 -0.090615
vn 0.920065 0.381144 -0.090608
vn 0.790941 0.606914 -0.077892
vn 0.790951 0.606901 -0.077901
vn 0.607673 0.791929 -0.059850
vn 0.607678 0.791925 -0.059854
vn 0.382409 0.923225 -0.037666
vn 0.382406 0.923227 -0.037664
vn 0.130510 0.991364 -0.012854
vn 0.135106 0.990714 -0.015223
vn 0.953123 0.089281 0.289112
vn 0.903371 0.209518 0.374197
vn 0.878396 0.089308 0.469516
vn 0.778932 0.189797 0.597697
vn 0.766463 0.129906 0.629014
vn 0.629014 0.129906 0.766463
vn 0.586512 0.381110 0.714674
vn 0.435820 0.381115 0.815360
vn 0.374652 0.606913 0.700922
vn 0.230715 0.606911 0.760546
vn 0.177258 0.791925 0.584324
vn 0.059854 0.791925 0.607678
vn 0.037666 0.923225 0.382409
vn -0.037669 0.923225 0.382409
vn -0.012856 0.991364 0.130510
vn -0.015222 0.990715 0.135102
vn -0.036904 0.991885 0.121661
vn -0.046068 0.990225 0.131649
vn -0.058737 0.992207 0.109892
vn -0.075376 0.989913 0.119961
vn -0.078267 0.992361 0.095365
vn -0.100703 0.989807 0.100703
vn -0.095365 0.992361 0.078267
vn -0.119961 0.989913 0.075376
vn -0.109892 0.992207 0.058737
vn -0.131649 0.990225 0.046068
vn -0.121661 0.991885 0.036904
vn -0.135102 0.990715 0.015222
vn -0.130510 0.991364 0.012856
vn -0.130510 0.991364 -0.012856
vn -0.382409 0.923225 -0.037669
vn -0.382416 0.923222 -0.037666
vn -0.607673 0.791929 -0.059853
vn -0.607678 0.791925 -0.059851
vn -0.790941 0.606914 -0.077900
vn -0.790936 0.606919 -0.077903
vn -0.920079 0.381106 -0.090623
vn -0.920085 0.381095 -0.090617
vn -0.986753 0.129903 -0.097183
vn -0.973417 0.189826 -0.128159
vn 0.597683 0.189823 0.778937
vn 0.469515 0.089336 0.878393
vn 0.435823 0.381112 0.815360
vn 0.268377 0.381117 0.884717
vn 0.230708 0.606920 0.760541
vn 0.077900 0.606919 0.790937
vn 0.059850 0.791929 0.607673
vn -0.059855 0.791929 0.607673
vn -0.037667 0.923223 0.382414
vn -0.111542 0.923224 0.367717
vn 0.374195 0.209539 0.903367
vn 0.289139 0.089335 0.953110
vn 0.268393 0.381092 0.884723
vn 0.090623 0.381095 0.920084
vn 0.077903 0.606914 0.790940
vn -0.077902 0.606914 0.790940
vn -0.059852 0.791925 0.607678
vn -0.177253 0.791925 0.584325
vn -0.111543 0.923227 0.367708
vn -0.181133 0.923228 0.338882
vn 0.128159 0.189826 0.973417
vn 0.097183 0.129903 0.986753
vn 0.090617 0.381106 0.920080
vn -0.090625 0.381106 0.920079
vn -0.077905 0.606919 0.790936
vn -0.230713 0.606920 0.760539
vn -0.177255 0.791932 0.584315
vn -0.287845 0.791931 0.538508
vn -0.181132 0.923234 0.338866
vn -0.243764 0.923234 0.297016
vn -0.097186 0.129903 0.986752
vn -0.128159 0.189818 0.973419
vn -0.289140 0.089318 0.953111
vn -0.374197 0.209518 0.903371
vn -0.469516 0.089308 0.878396
vn -0.597697 0.189797 0.778932
vn -0.629014 0.129906 0.766463
vn -0.766463 0.129906 0.629014
vn -0.714674 0.381110 0.586512
vn -0.815354 0.381115 0.435832
vn -0.700929 0.606896 0.374668
vn -0.760553 0.606900 0.230718
vn -0.584324 0.791925 0.177258
vn -0.607678 0.791925 0.059855
vn -0.382409 0.923225 0.037667
vn -0.778932 0.189797 0.597697
vn -0.878396 0.089308 0.469516
vn -0.815352 0.381135 0.435818
vn -0.884714 0.381131 0.268367
vn -0.760542 0.606920 0.230702
vn -0.790936 0.606919 0.077902
vn -0.607673 0.791929 0.059852
vn -0.903371 0.209518 0.374197
vn -0.953111 0.089318 0.289140
vn -0.884723 0.381092 0.268393
vn -0.920084 0.381095 0.090626
vn -0.790940 0.606914 0.077906
vn -0.973419 0.189818 0.128159
vn -0.986752 0.129903 0.097186
vn -0.920080 0.381106 0.090619
vn -0.953110 0.089335 -0.289139
vn -0.903367 0.209539 -0.374195
vn -0.878393 0.089336 -0.469515
vn -0.778937 0.189823 -0.597683
vn -0.766463 0.129906 -0.629014
vn -0.629014 0.129906 -0.766463
vn -0.586512 0.381110 -0.714674
vn -0.435832 0.381115 -0.815354
vn -0.374668 0.606896 -0.700929
vn -0.230698 0.606899 -0.760560
vn -0.177234 0.791947 -0.584302
vn -0.059837 0.791946 -0.607652
vn -0.037657 0.923225 -0.382409
vn 0.037660 0.923225 -0.382409
vn 0.012853 0.991364 -0.130510
vn 0.015223 0.990714 -0.135110
vn 0.036908 0.991885 -0.121667
vn 0.046063 0.990226 -0.131645
vn 0.058735 0.992207 -0.109885
vn 0.075369 0.989915 -0.119950
vn 0.078260 0.992361 -0.095364
vn 0.100705 0.989807 -0.100704
vn 0.095366 0.992361 -0.078262
vn 0.119952 0.989914 -0.075371
vn 0.109886 0.992207 -0.058737
vn 0.131648 0.990226 -0.046065
vn 0.121664 0.991885 -0.036906
vn -0.597697 0.189797 -0.778932
vn -0.469516 0.089308 -0.878396
vn -0.435818 0.381135 -0.815352
vn -0.268367 0.381131 -0.884714
vn -0.230709 0.606885 -0.760568
vn -0.077905 0.606882 -0.790964
vn -0.059852 0.791929 -0.607673
vn 0.059837 0.791930 -0.607673
vn 0.037657 0.923222 -0.382418
vn 0.111549 0.923221 -0.367722
vn -0.374197 0.209518 -0.903371
vn -0.289112 0.089281 -0.953123
vn -0.268361 0.381141 -0.884711
vn -0.090597 0.381144 -0.920066
vn -0.077882 0.606915 -0.790942
vn 0.077900 0.606914 -0.790941
vn 0.059848 0.791947 -0.607650
vn 0.177259 0.791946 -0.584296
vn 0.111552 0.923228 -0.367705
vn 0.181137 0.923228 -0.338881
vn -0.128138 0.189777 -0.973430
vn -0.097186 0.129903 -0.986752
vn -0.090619 0.381106 -0.920080
vn 0.090596 0.381107 -0.920082
vn 0.077882 0.606881 -0.790967
vn 0.230701 0.606885 -0.760571
vn 0.177248 0.791910 -0.584347
vn 0.287844 0.791912 -0.538536
vn 0.181138 0.923222 -0.338895
vn 0.243772 0.923222 -0.297046
vn 0.097183 0.129903 -0.986753
vn 0.128138 0.189784 -0.973428
vn 0.289112 0.089298 -0.953121
vn 0.374195 0.209539 -0.903367
vn 0.469515 0.089336 -0.878393
vn 0.597683 0.189823 -0.778937
vn 0.629014 0.129906 -0.766463
vn 0.766463 0.129906 -0.629014
vn 0.714674 0.381110 -0.586512
vn 0.815360 0.381115 -0.435820
vn 0.700922 0.606913 -0.374652
vn 0.760549 0.606910 -0.230705
vn 0.584326 0.791925 -0.177250
vn 0.778937 0.189823 -0.597683
vn 0.878393 0.089336 -0.469515
vn 0.815360 0.381112 -0.435823
vn 0.884717 0.381117 -0.268377
vn 0.760554 0.606902 -0.230712
vn 0.903367 0.209539 -0.374195
vn 0.953121 0.089298 -0.289112
vn 0.884711 0.381141 -0.268361
vn 0.973428 0.189784 -0.128138
vn -0.012853 0.991364 -0.130510
vn -0.015223 0.990714 -0.135110
vn -0.036909 0.991885 -0.121666
vn -0.046064 0.990226 -0.131644
vn -0.058734 0.992207 -0.109886
vn -0.075372 0.989914 -0.119954
vn -0.078263 0.992361 -0.095364
vn -0.100703 0.989807 -0.100703
vn -0.095364 0.992361 -0.078264
vn -0.119957 0.989914 -0.075373
vn -0.109890 0.992207 -0.058738
vn -0.131650 0.990225 -0.046067
vn -0.121662 0.991885 -0.036903
vn -0.135102 0.990715 -0.015222
vn 0.012856 0.991364 0.130510
vn 0.015222 0.990715 0.135102
vn 0.036903 0.991885 0.121662
vn 0.046067 0.990225 0.131650
vn 0.058738 0.992207 0.109890
vn 0.075373 0.989914 0.119957
vn 0.078264 0.992361 0.095364
vn 0.100705 0.989807 0.100704
vn 0.095366 0.992361 0.078265
vn 0.119956 0.989914 0.075374
vn 0.109888 0.992207 0.058737
vn 0.131646 0.990226 0.046066
vn 0.121664 0.991885 0.036906
vn 0.135106 0.990714 0.015223
vn 0.130510 0.991364 0.012854
vn -0.090620 0.381095 0.920084
vn 0.037669 0.923222 0.382415
vn 0.920070 0.381131 0.090611
vn 0.920064 0.381144 0.090618
vn 0.884710 0.381141 0.268366
vn 0.884715 0.381131 0.268362
vn 0.815347 0.381135 0.435828
vn 0.815359 0.381115 0.435822
vn 0.714673 0.381110 0.586513
vn 0.714675 0.381107 0.586513
vn 0.586509 0.381114 0.714674
vn 0.790940 0.606914 0.077902
vn 0.790952 0.606900 0.077895
vn 0.760555 0.606902 0.230707
vn 0.760557 0.606900 0.230706
vn 0.700931 0.606896 0.374664
vn 0.700924 0.606903 0.374665
vn 0.614370 0.606910 0.504193
vn 0.614364 0.606916 0.504192
vn 0.504195 0.606910 0.614367
vn 0.504190 0.606915 0.614367
vn 0.374648 0.606917 0.700921
vn 0.607673 0.791929 0.059855
vn 0.607678 0.791925 0.059852
vn 0.584325 0.791925 0.177253
vn 0.584331 0.791921 0.177251
vn 0.538522 0.791921 0.287845
vn 0.538508 0.791931 0.287845
vn 0.472015 0.791927 0.387368
vn 0.472017 0.791926 0.387368
vn 0.387365 0.791929 0.472015
vn 0.387372 0.791924 0.472017
vn 0.287851 0.791922 0.538518
vn 0.287839 0.791931 0.538511
vn 0.177250 0.791932 0.584317
vn 0.382409 0.923225 0.037664
vn 0.382403 0.923227 0.037666
vn 0.367707 0.923228 0.111543
vn 0.367708 0.923227 0.111543
vn 0.338881 0.923228 0.181137
vn 0.338884 0.923226 0.181137
vn 0.297032 0.923227 0.243768
vn 0.297038 0.923225 0.243769
vn 0.243774 0.923224 0.297037
vn 0.243763 0.923229 0.297032
vn 0.181134 0.923230 0.338876
vn 0.181139 0.923228 0.338880
vn 0.111537 0.923227 0.367711
vn 0.111547 0.923221 0.367722
vn -0.268372 0.381093 0.884729
vn -0.268388 0.381132 0.884707
vn -0.435828 0.381135 0.815347
vn -0.435822 0.381115 0.815359
vn -0.586497 0.381111 0.714686
vn -0.586503 0.381146 0.714662
vn -0.714675 0.381145 0.586488
vn -0.230706 0.606900 0.760557
vn -0.374647 0.606897 0.700940
vn -0.287844 0.791911 0.538538
vn -0.387372 0.791910 0.472039
vn -0.243774 0.923218 0.297055
vn -0.297043 0.923219 0.243786
vn -0.374654 0.606935 0.700902
vn -0.504192 0.606938 0.614342
vn -0.504193 0.606886 0.614393
vn -0.614372 0.606888 0.504217
vn -0.614362 0.606939 0.504167
vn -0.700914 0.606934 0.374633
vn -0.472025 0.791909 0.387392
vn -0.472008 0.791942 0.387346
vn -0.387364 0.791943 0.471991
vn -0.338870 0.923234 0.181126
vn -0.297026 0.923234 0.243750
vn -0.538530 0.791911 0.287857
vn -0.538514 0.791931 0.287832
vn -0.584317 0.791932 0.177250
vn -0.367710 0.923227 0.111539
vn -0.338880 0.923228 0.181139
vn -0.367716 0.923224 0.111545
vn -0.382413 0.923223 0.037669
vn -0.884727 0.381093 -0.268380
vn -0.884713 0.381117 -0.268390
vn -0.815361 0.381112 -0.435821
vn -0.815359 0.381115 -0.435822
vn -0.714675 0.381110 -0.586510
vn -0.714673 0.381114 -0.586511
vn -0.586514 0.381107 -0.714674
vn -0.760539 0.606920 -0.230713
vn -0.760547 0.606911 -0.230710
vn -0.700923 0.606914 -0.374650
vn -0.700920 0.606918 -0.374650
vn -0.614365 0.606915 -0.504193
vn -0.614369 0.606910 -0.504193
vn -0.504190 0.606915 -0.614366
vn -0.504195 0.606910 -0.614368
vn -0.374662 0.606903 -0.700926
vn -0.367724 0.923222 -0.111541
vn -0.584325 0.791925 -0.177253
vn -0.584315 0.791932 -0.177255
vn -0.538508 0.791931 -0.287845
vn -0.538522 0.791921 -0.287845
vn -0.472019 0.791924 -0.387369
vn -0.472012 0.791929 -0.387367
vn -0.387369 0.791926 -0.472016
vn -0.387367 0.791927 -0.472016
vn -0.287833 0.791930 -0.538515
vn -0.287857 0.791911 -0.538530
vn -0.177272 0.791912 -0.584338
vn -0.338881 0.923228 -0.181137
vn -0.367708 0.923227 -0.111543
vn -0.338874 0.923230 -0.181136
vn -0.297029 0.923229 -0.243767
vn -0.297041 0.923224 -0.243770
vn -0.243771 0.923226 -0.297036
vn -0.243766 0.923227 -0.297034
vn -0.181135 0.923226 -0.338886
vn -0.181131 0.923228 -0.338883
vn -0.111548 0.923227 -0.367707
vn -0.111555 0.923223 -0.367714
vn -0.037660 0.923223 -0.382415
vn 0.090615 0.381144 -0.920064
vn 0.268374 0.381140 -0.884708
vn 0.230710 0.606911 -0.760547
vn 0.374667 0.606913 -0.700915
vn 0.287846 0.791941 -0.538492
vn 0.387365 0.791940 -0.471995
vn 0.243766 0.923231 -0.297023
vn 0.297030 0.923231 -0.243758
vn 0.268364 0.381117 -0.884721
vn 0.435821 0.381112 -0.815361
vn 0.374662 0.606885 -0.700942
vn 0.504193 0.606887 -0.614392
vn 0.387372 0.791911 -0.472038
vn 0.472023 0.791912 -0.387388
vn 0.297040 0.923222 -0.243780
vn 0.338890 0.923222 -0.181146
vn 0.435822 0.381115 -0.815359
vn 0.586527 0.381110 -0.714662
vn 0.504192 0.606940 -0.614340
vn 0.614362 0.606938 -0.504168
vn 0.472008 0.791941 -0.387347
vn 0.538500 0.791941 -0.287833
vn 0.338881 0.923228 -0.181135
vn 0.367709 0.923227 -0.111541
vn 0.714673 0.381076 -0.586535
vn 0.614372 0.606886 -0.504219
vn 0.538516 0.791921 -0.287858
vn 0.700933 0.606886 -0.374677
vn 0.586521 0.381076 -0.714685
vn 0.367713 0.923226 -0.111544
vn 0.584330 0.791921 -0.177254
vn 0.991447 0.000000 0.130510
vn 0.991447 -0.000000 0.130510
vn 0.991447 0.000000 -0.130510
vn 0.991447 0.000000 -0.130510
vn 0.923877 0.000000 -0.382690
vn 0.923877 0.000000 -0.382690
vn 0.793361 0.000000 -0.608751
vn 0.793361 0.000000 -0.608751
vn 0.608751 0.000000 -0.793361
vn 0.608751 0.000000 -0.793361
vn 0.382690 0.000000 -0.923877
vn 0.382690 0.000000 -0.923877
vn 0.130510 0.000000 -0.991447
vn 0.130510 0.000000 -0.991447
vn -0.130510 0.000000 -0.991447
vn -0.130510 0.000000 -0.991447
vn -0.382690 0.000000 -0.923877
vn -0.382690 0.000000 -0.923877
vn -0.608762 0.000000 -0.793353
vn -0.608762 0.000000 -0.793353
vn -0.793361 0.000000 -0.608751
vn -0.793361 0.000000 -0.608751
vn -0.923877 0.000000 -0.382690
vn -0.923877 0.000000 -0.382690
vn -0.991444 0.000000 -0.130533
vn -0.991444 0.000000 -0.130533
vn -0.991444 0.000000 0.130533
vn -0.991444 0.000000 0.130533
vn -0.923877 0.000000 0.382690
vn -0.923877 0.000000 0.382690
vn -0.793353 0.000000 0.608762
vn -0.793353 0.000000 0.608762
vn -0.608762 0.000000 0.793353
vn -0.608762 0.000000 0.793353
vn -0.382690 0.000000 0.923877
vn -0.382690 0.000000 0.923877
vn -0.130533 0.000000 0.991444
vn -0.130533 0.000000 0.991444
vn 0.130533 0.000000 0.991444
vn 0.130533 -0.000000 0.991444
vn 0.382690 0.000000 0.923877
vn 0.382690 -0.000000 0.923877
vn 0.608751 0.000000 0.793361
vn 0.608751 -0.000000 0.793361
vn 0.793353 0.000000 0.608762
vn 0.793353 -0.000000 0.608762
vn 0.923877 0.000000 0.382690
vn 0.923877 -0.000000 0.382690
vn 0.973419 0.189825 0.128148
vn 0.986749 0.129932 0.097186
vn 0.986749 0.129932 -0.097186
vn 0.920080 0.381106 -0.090619
vn 0.920082 0.381100 -0.090623
vn 0.790940 0.606914 -0.077903
vn 0.790937 0.606919 -0.077900
vn 0.607687 0.791918 -0.059851
vn 0.607679 0.791925 -0.059846
vn 0.382399 0.923230 -0.037660
vn 0.382406 0.923227 -0.037664
vn 0.123041 0.992328 -0.012119
vn 0.137186 0.990011 -0.032540
vn 0.953111 0.089318 0.289140
vn 0.903378 0.209505 0.374188
vn 0.878403 0.089300 0.469504
vn 0.778926 0.189803 0.597704
vn 0.766456 0.129906 0.629023
vn 0.629014 0.129906 0.766463
vn 0.586508 0.381126 0.714669
vn 0.435818 0.381126 0.815356
vn 0.374655 0.606905 0.700928
vn 0.230717 0.606906 0.760550
vn 0.177258 0.791925 0.584324
vn 0.047425 0.791264 0.609633
vn -0.058648 -0.634992 0.770289
vn 0.597690 0.189810 0.778934
vn 0.469515 0.089322 0.878395
vn 0.435820 0.381123 0.815356
vn 0.268372 0.381124 0.884715
vn 0.230705 0.606920 0.760541
vn 0.077901 0.606919 0.790937
vn 0.062894 0.766988 0.638571
vn -0.045235 0.767723 0.639183
vn -0.032130 0.619720 0.784165
vn -0.111542 0.923226 0.367712
vn -0.181137 0.923226 0.338886
vn -0.181136 0.923230 0.338874
vn -0.243770 0.923229 0.297028
vn -0.243774 0.923221 0.297046
vn -0.297037 0.923222 0.243781
vn -0.297023 0.923234 0.243753
vn -0.338870 0.923234 0.181126
vn -0.338880 0.923228 0.181139
vn -0.367710 0.923227 0.111539
vn -0.367716 0.923224 0.111545
vn -0.382413 0.923223 0.037669
vn -0.382409 0.923225 0.037667
vn -0.382409 0.923225 -0.037669
vn -0.382416 0.923222 -0.037666
vn -0.367724 0.923222 -0.111541
vn -0.367708 0.923227 -0.111543
vn -0.338881 0.923228 -0.181137
vn -0.338874 0.923230 -0.181136
vn -0.297029 0.923229 -0.243767
vn -0.297032 0.923228 -0.243768
vn -0.243765 0.923228 -0.297033
vn -0.243780 0.923222 -0.297040
vn -0.181141 0.923222 -0.338893
vn -0.181133 0.923226 -0.338887
vn -0.111547 0.923226 -0.367710
vn -0.111539 0.923231 -0.367701
vn -0.037659 0.923231 -0.382395
vn -0.037667 0.923225 -0.382409
vn 0.037660 0.923225 -0.382409
vn 0.037665 0.923231 -0.382394
vn 0.111544 0.923231 -0.367700
vn 0.111542 0.923226 -0.367712
vn 0.181137 0.923226 -0.338886
vn 0.181138 0.923222 -0.338895
vn 0.243774 0.923222 -0.297044
vn 0.243770 0.923228 -0.297028
vn 0.297034 0.923228 -0.243766
vn 0.297040 0.923222 -0.243780
vn 0.338892 0.923222 -0.181143
vn 0.338889 0.923224 -0.181140
vn 0.367717 0.923223 -0.111548
vn 0.367713 0.923226 -0.111544
vn 0.374196 0.209528 0.903369
vn 0.289139 0.089326 0.953110
vn 0.268393 0.381092 0.884723
vn 0.090625 0.381095 0.920084
vn 0.077904 0.606914 0.790940
vn -0.077902 0.606914 0.790940
vn -0.059852 0.791925 0.607678
vn -0.177250 0.791925 0.584326
vn 0.128159 0.189822 0.973418
vn 0.097184 0.129903 0.986753
vn 0.090618 0.381106 0.920080
vn -0.090624 0.381106 0.920079
vn -0.077904 0.606917 0.790938
vn -0.230712 0.606914 0.760544
vn -0.177253 0.791932 0.584316
vn -0.287845 0.791931 0.538508
vn -0.097186 0.129903 0.986752
vn -0.128161 0.189821 0.973418
vn -0.289139 0.089326 0.953110
vn -0.374192 0.209523 0.903372
vn -0.469516 0.089308 0.878396
vn -0.597697 0.189797 0.778932
vn -0.629014 0.129906 0.766463
vn -0.766456 0.129906 0.629023
vn -0.714673 0.381091 0.586526
vn -0.815362 0.381093 0.435836
vn -0.700929 0.606896 0.374668
vn -0.760553 0.606900 0.230718
vn -0.584324 0.791925 0.177258
vn -0.607678 0.791925 0.059855
vn -0.778926 0.189803 0.597704
vn -0.878396 0.089308 0.469516
vn -0.815360 0.381113 0.435822
vn -0.884723 0.381107 0.268370
vn -0.760542 0.606920 0.230702
vn -0.790936 0.606919 0.077902
vn -0.607673 0.791929 0.059852
vn -0.607673 0.791929 -0.059853
vn -0.903373 0.209531 0.374186
vn -0.953115 0.089327 0.289125
vn -0.884726 0.381093 0.268380
vn -0.920084 0.381095 0.090626
vn -0.790940 0.606914 0.077906
vn -0.790941 0.606914 -0.077900
vn -0.607678 0.791925 -0.059851
vn -0.584325 0.791925 -0.177253
vn -0.973419 0.189818 0.128159
vn -0.986752 0.129903 0.097186
vn -0.920080 0.381106 0.090619
vn -0.920079 0.381106 -0.090623
vn -0.790936 0.606919 -0.077903
vn -0.760539 0.606920 -0.230713
vn -0.584315 0.791932 -0.177255
vn -0.538508 0.791931 -0.287845
vn -0.986752 0.129903 -0.097186
vn -0.973419 0.189818 -0.128159
vn -0.953117 0.089333 -0.289117
vn -0.903368 0.209552 -0.374184
vn -0.878388 0.089317 -0.469528
vn -0.778936 0.189794 -0.597694
vn -0.766468 0.129905 -0.629008
vn -0.629014 0.129906 -0.766463
vn -0.586508 0.381126 -0.714669
vn -0.435797 0.381126 -0.815367
vn -0.374622 0.606947 -0.700909
vn -0.230684 0.606945 -0.760528
vn -0.177239 0.791926 -0.584328
vn -0.059855 0.791925 -0.607678
vn -0.597697 0.189797 -0.778932
vn -0.469516 0.089308 -0.878396
vn -0.435829 0.381079 -0.815372
vn -0.268406 0.381077 -0.884725
vn -0.230739 0.606878 -0.760565
vn -0.077905 0.606880 -0.790966
vn -0.059852 0.791929 -0.607673
vn 0.059854 0.791929 -0.607673
vn -0.374192 0.209523 -0.903372
vn -0.289112 0.089289 -0.953122
vn -0.268360 0.381148 -0.884708
vn -0.090595 0.381146 -0.920065
vn -0.077881 0.606915 -0.790942
vn 0.077901 0.606914 -0.790940
vn 0.059851 0.791925 -0.607678
vn 0.177250 0.791925 -0.584326
vn -0.128139 0.189779 -0.973429
vn -0.097186 0.129903 -0.986752
vn -0.090619 0.381106 -0.920080
vn 0.090597 0.381107 -0.920081
vn 0.077884 0.606881 -0.790967
vn 0.230701 0.606885 -0.760571
vn 0.177246 0.791914 -0.584343
vn 0.287841 0.791917 -0.538530
vn 0.097184 0.129903 -0.986753
vn 0.128138 0.189780 -0.973429
vn 0.289112 0.089289 -0.953122
vn 0.374196 0.209528 -0.903369
vn 0.469515 0.089322 -0.878395
vn 0.597690 0.189810 -0.778934
vn 0.629014 0.129906 -0.766463
vn 0.766468 0.129905 -0.629008
vn 0.714674 0.381123 -0.586503
vn 0.815360 0.381116 -0.435820
vn 0.700922 0.606913 -0.374652
vn 0.760546 0.606911 -0.230715
vn 0.584324 0.791925 -0.177258
vn 0.778936 0.189794 -0.597694
vn 0.878395 0.089309 -0.469517
vn 0.815360 0.381112 -0.435823
vn 0.884717 0.381117 -0.268377
vn 0.760541 0.606920 -0.230708
vn 0.903373 0.209526 -0.374186
vn 0.953113 0.089323 -0.289131
vn 0.884719 0.381107 -0.268383
vn 0.973419 0.189825 -0.128148
vn 0.083909 -0.908501 -0.409371
vn -0.060940 0.991609 0.114012
vn -0.084578 0.991073 0.103057
vn 0.085094 0.990997 0.103360
vn 0.084578 0.991073 0.103057
vn 0.158762 0.984970 0.068041
vn 0.181136 0.923230 0.338874
vn 0.287851 0.791922 0.538518
vn 0.387376 0.791923 0.472014
vn 0.504206 0.606899 0.614370
vn 0.614379 0.606901 0.504193
vn 0.714686 0.381091 0.586510
vn 0.815373 0.381092 0.435815
vn 0.099578 0.991668 0.081723
vn 0.108894 0.990469 0.084342
vn 0.110901 0.992062 0.059277
vn 0.127337 0.990083 0.059334
vn 0.118579 0.992293 0.035972
vn 0.138778 0.989868 0.030024
vn 0.122632 0.992379 0.012078
vn 0.142155 0.989843 -0.001411
vn 0.119777 0.992136 -0.036335
vn 0.124396 0.990356 -0.060997
vn 0.112808 0.991786 -0.060298
vn 0.105038 0.990851 -0.084744
vn 0.102055 0.991247 -0.083754
vn 0.082673 0.991472 -0.100739
vn 0.084602 0.990651 -0.107016
vn 0.059744 0.991936 -0.111773
vn 0.060212 0.990208 -0.125944
vn 0.036130 0.992225 -0.119101
vn 0.031309 0.989927 -0.138077
vn 0.012089 0.992363 -0.122759
vn 0.000000 0.989831 -0.142251
vn -0.012089 0.992363 -0.122759
vn -0.031309 0.989927 -0.138077
vn -0.036130 0.992225 -0.119101
vn -0.060211 0.990209 -0.125944
vn -0.059743 0.991936 -0.111772
vn -0.084600 0.990652 -0.107014
vn -0.082671 0.991472 -0.100737
vn -0.102052 0.991247 -0.083752
vn -0.105038 0.990851 -0.084744
vn -0.112808 0.991786 -0.060298
vn -0.124399 0.990356 -0.060997
vn -0.119779 0.992136 -0.036332
vn -0.137182 0.990011 -0.032539
vn -0.123039 0.992328 -0.012120
vn -0.142152 0.989844 -0.001412
vn -0.122626 0.992379 0.012079
vn -0.138771 0.989869 0.030024
vn -0.118581 0.992293 0.035970
vn -0.127341 0.990083 0.059337
vn -0.110907 0.992061 0.059280
vn -0.108899 0.990468 0.084344
vn -0.099575 0.991669 0.081722
vn -0.085092 0.990998 0.103359
vn -0.090620 0.381097 0.920083
vn 0.714662 0.381127 0.586516
vn 0.920079 0.381106 0.090625
vn 0.920084 0.381095 0.090620
vn 0.884729 0.381093 0.268372
vn 0.884707 0.381132 0.268388
vn 0.815347 0.381135 0.435828
vn 0.790940 0.606914 0.077902
vn 0.790936 0.606919 0.077905
vn 0.760539 0.606920 0.230713
vn 0.760557 0.606900 0.230706
vn 0.700940 0.606897 0.374647
vn 0.700902 0.606935 0.374654
vn 0.614342 0.606938 0.504192
vn 0.607687 0.791918 0.059848
vn 0.607678 0.791925 0.059852
vn 0.584325 0.791925 0.177253
vn 0.584315 0.791932 0.177255
vn 0.538511 0.791931 0.287839
vn 0.538527 0.791920 0.287838
vn 0.472024 0.791918 0.387375
vn 0.471999 0.791935 0.387371
vn 0.387359 0.791936 0.472008
vn 0.382399 0.923230 0.037663
vn 0.382404 0.923227 0.037661
vn 0.367706 0.923228 0.111547
vn 0.367718 0.923223 0.111546
vn 0.338891 0.923224 0.181137
vn 0.338884 0.923226 0.181137
vn 0.297030 0.923227 0.243771
vn 0.297044 0.923222 0.243775
vn 0.243780 0.923222 0.297040
vn 0.243763 0.923229 0.297032
vn 0.586505 0.381130 0.714669
vn 0.504190 0.606915 0.614367
vn 0.374644 0.606917 0.700923
vn 0.287832 0.791936 0.538507
vn 0.177247 0.791935 0.584314
vn 0.097560 0.941831 0.321617
vn -0.268379 0.381100 0.884724
vn -0.268389 0.381125 0.884710
vn -0.435819 0.381124 0.815357
vn -0.435820 0.381127 0.815355
vn -0.586506 0.381126 0.714670
vn -0.586507 0.381130 0.714667
vn -0.714674 0.381126 0.586501
vn -0.230710 0.606911 0.760547
vn -0.374650 0.606914 0.700923
vn -0.287845 0.791921 0.538522
vn -0.387369 0.791924 0.472019
vn -0.374650 0.606918 0.700920
vn -0.504198 0.606915 0.614361
vn -0.504198 0.606899 0.614376
vn -0.614364 0.606902 0.504210
vn -0.614356 0.606939 0.504174
vn -0.700914 0.606934 0.374633
vn -0.472025 0.791909 0.387392
vn -0.472012 0.791934 0.387357
vn -0.387366 0.791936 0.472001
vn -0.538530 0.791911 0.287857
vn -0.538514 0.791931 0.287832
vn -0.584317 0.791932 0.177250
vn -0.920082 0.381100 -0.090620
vn -0.884721 0.381107 -0.268378
vn -0.760547 0.606911 -0.230710
vn -0.700923 0.606914 -0.374650
vn -0.538522 0.791921 -0.287845
vn -0.472016 0.791924 -0.387374
vn -0.884729 0.381093 -0.268372
vn -0.815369 0.381090 -0.435825
vn -0.700920 0.606918 -0.374650
vn -0.614365 0.606915 -0.504193
vn -0.472021 0.791920 -0.387374
vn -0.387382 0.791919 -0.472016
vn -0.815352 0.381117 -0.435833
vn -0.714665 0.381122 -0.586515
vn -0.614355 0.606925 -0.504192
vn -0.504179 0.606927 -0.614364
vn -0.387351 0.791941 -0.472005
vn -0.287827 0.791940 -0.538504
vn -0.586531 0.381092 -0.714668
vn -0.504219 0.606886 -0.614372
vn -0.287864 0.791911 -0.538527
vn -0.374677 0.606886 -0.700933
vn -0.714683 0.381095 -0.586511
vn -0.177256 0.791911 -0.584344
vn 0.090616 0.381144 -0.920064
vn 0.268395 0.381140 -0.884701
vn 0.230722 0.606942 -0.760519
vn 0.374654 0.606937 -0.700901
vn 0.287842 0.791941 -0.538494
vn 0.387365 0.791940 -0.471995
vn 0.268369 0.381076 -0.884737
vn 0.435806 0.381080 -0.815384
vn 0.374644 0.606884 -0.700952
vn 0.504198 0.606887 -0.614388
vn 0.387370 0.791918 -0.472027
vn 0.472015 0.791921 -0.387381
vn 0.435820 0.381127 -0.815355
vn 0.586523 0.381125 -0.714657
vn 0.504198 0.606928 -0.614347
vn 0.614359 0.606925 -0.504188
vn 0.472009 0.791932 -0.387365
vn 0.538511 0.791931 -0.287839
vn 0.714673 0.381095 -0.586522
vn 0.614361 0.606915 -0.504197
vn 0.538511 0.791931 -0.287839
vn 0.700921 0.606917 -0.374648
vn 0.586517 0.381092 -0.714680
vn 0.584317 0.791932 -0.177250
vn 0.991446 0.000000 0.130521
vn 0.991446 -0.000000 0.130521
vn 0.991446 0.000000 -0.130521
vn 0.991446 0.000000 -0.130521
vn 0.923881 0.000000 -0.382680
vn 0.923881 0.000000 -0.382680
vn 0.793356 0.000000 -0.608758
vn 0.793356 0.000000 -0.608758
vn 0.608757 0.000000 -0.793357
vn 0.608757 0.000000 -0.793357
vn 0.382690 0.000000 -0.923877
vn 0.382690 0.000000 -0.923877
vn 0.130510 0.000000 -0.991447
vn 0.130510 0.000000 -0.991447
vn -0.130511 0.000000 -0.991447
vn -0.130511 0.000000 -0.991447
vn -0.382686 0.000000 -0.923878
vn -0.382686 0.000000 -0.923878
vn -0.608762 0.000000 -0.793353
vn -0.608762 0.000000 -0.793353
vn -0.793356 0.000000 -0.608758
vn -0.793356 0.000000 -0.608758
vn -0.923881 0.000000 -0.382680
vn -0.923881 0.000000 -0.382680
vn -0.991444 0.000000 -0.130533
vn -0.991444 0.000000 -0.130533
vn -0.991444 0.000000 0.130533
vn -0.991444 0.000000 0.130533
vn -0.923881 0.000000 0.382680
vn -0.923881 0.000000 0.382680
vn -0.793347 0.000000 0.608770
vn -0.793347 0.000000 0.608770
vn -0.608762 0.000000 0.793353
vn -0.608762 0.000000 0.793353
vn -0.382686 0.000000 0.923878
vn -0.382686 0.000000 0.923878
vn -0.130534 0.000000 0.991444
vn -0.130534 0.000000 0.991444
vn 0.130533 0.000000 0.991444
vn 0.130533 -0.000000 0.991444
vn 0.382690 0.000000 0.923877
vn 0.382690 -0.000000 0.923877
vn 0.608757 0.000000 0.793357
vn 0.608757 -0.000000 0.793357
vn 0.793347 0.000000 0.608770
vn 0.793347 -0.000000 0.608770
vn 0.923881 0.000000 0.382680
vn 0.923881 -0.000000 0.382680
vn 0.973424 0.189798 0.128149
vn 0.986752 0.129903 0.097186
vn 0.986752 0.129903 -0.097186
vn 0.920080 0.381106 -0.090619
vn 0.920073 0.381124 -0.090608
vn 0.790941 0.606914 -0.077892
vn 0.790951 0.606901 -0.077901
vn 0.607673 0.791929 -0.059850
vn 0.607665 0.791936 -0.059844
vn 0.382409 0.923225 -0.037661
vn 0.382416 0.923222 -0.037665
vn 0.123037 0.992328 -0.012118
vn 0.137183 0.990011 -0.032541
vn 0.953117 0.089299 0.289126
vn 0.903371 0.209518 0.374197
vn 0.878401 0.089325 0.469503
vn 0.778929 0.189819 0.597694
vn 0.766456 0.129906 0.629023
vn 0.629014 0.129906 0.766463
vn 0.586512 0.381110 0.714674
vn 0.435826 0.381115 0.815357
vn 0.374660 0.606904 0.700926
vn 0.230717 0.606906 0.760550
vn 0.177258 0.791925 0.584324
vn 0.047425 0.791264 0.609633
vn -0.058648 -0.634992 0.770289
vn 0.597690 0.189810 0.778934
vn 0.469515 0.089322 0.878395
vn 0.435820 0.381123 0.815356
vn 0.268372 0.381124 0.884715
vn 0.230705 0.606920 0.760541
vn 0.077901 0.606919 0.790937
vn 0.062894 0.766988 0.638571
vn -0.045235 0.767723 0.639183
vn -0.032130 0.619717 0.784167
vn -0.111543 0.923227 0.367708
vn -0.181135 0.923228 0.338882
vn -0.181134 0.923232 0.338870
vn -0.243766 0.923231 0.297023
vn -0.243772 0.923221 0.297048
vn -0.297040 0.923222 0.243779
vn -0.297030 0.923231 0.243758
vn -0.338878 0.923230 0.181130
vn -0.338881 0.923228 0.181135
vn -0.367708 0.923227 0.111543
vn -0.367707 0.923228 0.111542
vn -0.382404 0.923227 0.037664
vn -0.382409 0.923225 0.037667
vn -0.382409 0.923225 -0.037664
vn -0.382406 0.923227 -0.037665
vn -0.367713 0.923226 -0.111542
vn -0.367708 0.923227 -0.111543
vn -0.338881 0.923228 -0.181137
vn -0.338885 0.923226 -0.181137
vn -0.297038 0.923225 -0.243769
vn -0.297032 0.923228 -0.243768
vn -0.243765 0.923228 -0.297033
vn -0.243773 0.923225 -0.297037
vn -0.181139 0.923224 -0.338889
vn -0.181131 0.923228 -0.338883
vn -0.111546 0.923227 -0.367707
vn -0.111540 0.923231 -0.367700
vn -0.037658 0.923231 -0.382395
vn -0.037666 0.923225 -0.382409
vn 0.037660 0.923225 -0.382409
vn 0.037665 0.923231 -0.382394
vn 0.111544 0.923231 -0.367700
vn 0.111543 0.923227 -0.367708
vn 0.181135 0.923228 -0.338882
vn 0.181135 0.923224 -0.338891
vn 0.243770 0.923225 -0.297039
vn 0.243768 0.923228 -0.297030
vn 0.297034 0.923228 -0.243766
vn 0.297036 0.923225 -0.243771
vn 0.338884 0.923226 -0.181139
vn 0.338881 0.923228 -0.181135
vn 0.367709 0.923227 -0.111541
vn 0.367721 0.923221 -0.111552
vn 0.374196 0.209528 0.903369
vn 0.289139 0.089326 0.953110
vn 0.268393 0.381092 0.884723
vn 0.090625 0.381095 0.920084
vn 0.077904 0.606914 0.790940
vn -0.077901 0.606914 0.790940
vn -0.059851 0.791925 0.607678
vn -0.177253 0.791925 0.584325
vn 0.128159 0.189822 0.973418
vn 0.097184 0.129903 0.986753
vn 0.090618 0.381106 0.920080
vn -0.090624 0.381106 0.920079
vn -0.077904 0.606919 0.790936
vn -0.230713 0.606920 0.760539
vn -0.177255 0.791932 0.584315
vn -0.287845 0.791931 0.538508
vn -0.097186 0.129903 0.986752
vn -0.128159 0.189818 0.973419
vn -0.289135 0.089321 0.953112
vn -0.374196 0.209528 0.903369
vn -0.469522 0.089313 0.878392
vn -0.597692 0.189793 0.778937
vn -0.629007 0.129905 0.766469
vn -0.766463 0.129906 0.629014
vn -0.714674 0.381110 0.586512
vn -0.815360 0.381115 0.435821
vn -0.700923 0.606912 0.374653
vn -0.760544 0.606917 0.230704
vn -0.584326 0.791925 0.177250
vn -0.607678 0.791925 0.059855
vn -0.778932 0.189797 0.597697
vn -0.878396 0.089308 0.469516
vn -0.815360 0.381113 0.435822
vn -0.884723 0.381107 0.268370
vn -0.760542 0.606920 0.230702
vn -0.790936 0.606919 0.077902
vn -0.607673 0.791929 0.059852
vn -0.607673 0.791929 -0.059853
vn -0.903373 0.209531 0.374186
vn -0.953115 0.089327 0.289125
vn -0.884726 0.381093 0.268380
vn -0.920084 0.381095 0.090626
vn -0.790940 0.606914 0.077906
vn -0.790941 0.606914 -0.077900
vn -0.607678 0.791925 -0.059851
vn -0.584325 0.791925 -0.177253
vn -0.973419 0.189818 0.128159
vn -0.986752 0.129903 0.097186
vn -0.920080 0.381106 0.090619
vn -0.920079 0.381106 -0.090623
vn -0.790936 0.606919 -0.077903
vn -0.760542 0.606920 -0.230703
vn -0.584331 0.791921 -0.177251
vn -0.538522 0.791921 -0.287845
vn -0.986752 0.129903 -0.097186
vn -0.973419 0.189818 -0.128159
vn -0.953117 0.089333 -0.289117
vn -0.903368 0.209552 -0.374184
vn -0.878388 0.089317 -0.469528
vn -0.778942 0.189789 -0.597687
vn -0.766476 0.129905 -0.628999
vn -0.629007 0.129905 -0.766469
vn -0.586501 0.381126 -0.714674
vn -0.435803 0.381126 -0.815364
vn -0.374630 0.606938 -0.700913
vn -0.230689 0.606940 -0.760530
vn -0.177242 0.791926 -0.584328
vn -0.059854 0.791925 -0.607678
vn -0.597692 0.189793 -0.778937
vn -0.469522 0.089313 -0.878392
vn -0.435835 0.381079 -0.815369
vn -0.268403 0.381077 -0.884726
vn -0.230734 0.606883 -0.760562
vn -0.077904 0.606882 -0.790965
vn -0.059851 0.791929 -0.607673
vn 0.059854 0.791929 -0.607673
vn -0.374196 0.209528 -0.903369
vn -0.289108 0.089284 -0.953124
vn -0.268356 0.381148 -0.884710
vn -0.090595 0.381146 -0.920065
vn -0.077881 0.606915 -0.790942
vn 0.077901 0.606914 -0.790940
vn 0.059851 0.791925 -0.607678
vn 0.177253 0.791925 -0.584325
vn -0.128138 0.189777 -0.973430
vn -0.097186 0.129903 -0.986752
vn -0.090619 0.381106 -0.920080
vn 0.090597 0.381107 -0.920081
vn 0.077884 0.606881 -0.790967
vn 0.230701 0.606885 -0.760571
vn 0.177248 0.791910 -0.584347
vn 0.287844 0.791912 -0.538536
vn 0.097184 0.129903 -0.986753
vn 0.128138 0.189780 -0.973429
vn 0.289112 0.089289 -0.953122
vn 0.374196 0.209528 -0.903369
vn 0.469515 0.089322 -0.878395
vn 0.597690 0.189810 -0.778934
vn 0.629014 0.129906 -0.766463
vn 0.766468 0.129905 -0.629008
vn 0.714674 0.381123 -0.586503
vn 0.815360 0.381116 -0.435820
vn 0.700922 0.606913 -0.374652
vn 0.760549 0.606910 -0.230705
vn 0.584313 0.791936 -0.177246
vn 0.778939 0.189811 -0.597684
vn 0.878393 0.089334 -0.469516
vn 0.815360 0.381112 -0.435823
vn 0.884717 0.381117 -0.268377
vn 0.760554 0.606902 -0.230712
vn 0.903367 0.209539 -0.374195
vn 0.953119 0.089305 -0.289117
vn 0.884713 0.381131 -0.268367
vn 0.973424 0.189798 -0.128149
vn 0.083909 -0.908502 -0.409368
vn -0.060940 0.991609 0.114012
vn -0.084578 0.991073 0.103057
vn 0.085094 0.990997 0.103360
vn 0.084578 0.991073 0.103057
vn 0.158760 0.984970 0.068042
vn 0.181134 0.923232 0.338870
vn 0.287854 0.791916 0.538524
vn 0.387382 0.791916 0.472021
vn 0.504206 0.606899 0.614370
vn 0.614379 0.606901 0.504193
vn 0.714686 0.381091 0.586510
vn 0.815373 0.381092 0.435815
vn 0.099578 0.991668 0.081723
vn 0.108896 0.990468 0.084343
vn 0.110904 0.992062 0.059278
vn 0.127341 0.990083 0.059335
vn 0.118581 0.992293 0.035971
vn 0.138775 0.989869 0.030024
vn 0.122628 0.992379 0.012078
vn 0.142150 0.989844 -0.001411
vn 0.119780 0.992135 -0.036334
vn 0.124399 0.990356 -0.060997
vn 0.112808 0.991786 -0.060298
vn 0.105038 0.990851 -0.084744
vn 0.102055 0.991247 -0.083754
vn 0.082673 0.991472 -0.100739
vn 0.084602 0.990651 -0.107016
vn 0.059744 0.991936 -0.111773
vn 0.060212 0.990208 -0.125945
vn 0.036130 0.992224 -0.119102
vn 0.031309 0.989927 -0.138077
vn 0.012089 0.992363 -0.122759
vn 0.000000 0.989831 -0.142251
vn -0.012089 0.992363 -0.122759
vn -0.031309 0.989927 -0.138077
vn -0.036130 0.992224 -0.119102
vn -0.060212 0.990208 -0.125945
vn -0.059744 0.991936 -0.111773
vn -0.084602 0.990651 -0.107016
vn -0.082673 0.991472 -0.100739
vn -0.102055 0.991247 -0.083754
vn -0.105038 0.990851 -0.084744
vn -0.112808 0.991786 -0.060298
vn -0.124399 0.990356 -0.060997
vn -0.119780 0.992135 -0.036334
vn -0.137183 0.990011 -0.032541
vn -0.123037 0.992328 -0.012118
vn -0.142150 0.989844 -0.001411
vn -0.122628 0.992379 0.012078
vn -0.138775 0.989869 0.030024
vn -0.118581 0.992293 0.035971
vn -0.127341 0.990083 0.059335
vn -0.110904 0.992062 0.059278
vn -0.108896 0.990468 0.084343
vn -0.099578 0.991668 0.081723
vn -0.085094 0.990997 0.103360
vn -0.090620 0.381097 0.920083
vn 0.714662 0.381127 0.586516
vn 0.920080 0.381106 0.090612
vn 0.920074 0.381120 0.090619
vn 0.884719 0.381117 0.268369
vn 0.884711 0.381132 0.268375
vn 0.815347 0.381135 0.435828
vn 0.790940 0.606914 0.077902
vn 0.790952 0.606900 0.077895
vn 0.760555 0.606902 0.230707
vn 0.760557 0.606900 0.230706
vn 0.700935 0.606896 0.374655
vn 0.700913 0.606919 0.374660
vn 0.614356 0.606924 0.504192
vn 0.607673 0.791929 0.059847
vn 0.607664 0.791936 0.059851
vn 0.584310 0.791935 0.177256
vn 0.584331 0.791921 0.177251
vn 0.538522 0.791921 0.287845
vn 0.538523 0.791921 0.287845
vn 0.472027 0.791919 0.387370
vn 0.472004 0.791934 0.387366
vn 0.387355 0.791935 0.472011
vn 0.382409 0.923225 0.037664
vn 0.382415 0.923223 0.037662
vn 0.367716 0.923224 0.111546
vn 0.367707 0.923228 0.111547
vn 0.338882 0.923228 0.181133
vn 0.338876 0.923230 0.181132
vn 0.297024 0.923231 0.243766
vn 0.297047 0.923222 0.243772
vn 0.243780 0.923222 0.297040
vn 0.243756 0.923232 0.297029
vn 0.586498 0.381130 0.714675
vn 0.504179 0.606927 0.614364
vn 0.374641 0.606926 0.700918
vn 0.287835 0.791931 0.538513
vn 0.177250 0.791932 0.584317
vn 0.097560 0.941832 0.321613
vn -0.268375 0.381100 0.884725
vn -0.268385 0.381125 0.884711
vn -0.435824 0.381123 0.815354
vn -0.435826 0.381127 0.815352
vn -0.586499 0.381126 0.714676
vn -0.586500 0.381130 0.714673
vn -0.714674 0.381126 0.586501
vn -0.230708 0.606905 0.760552
vn -0.374648 0.606905 0.700931
vn -0.287845 0.791916 0.538530
vn -0.387370 0.791917 0.472029
vn -0.374652 0.606926 0.700911
vn -0.504192 0.606926 0.614354
vn -0.504193 0.606898 0.614381
vn -0.614369 0.606902 0.504203
vn -0.614365 0.606925 0.504181
vn -0.700920 0.606918 0.374647
vn -0.472020 0.791918 0.387380
vn -0.472012 0.791934 0.387357
vn -0.387366 0.791936 0.472001
vn -0.538523 0.791921 0.287845
vn -0.538522 0.791921 0.287844
vn -0.584330 0.791921 0.177254
vn -0.920082 0.381100 -0.090620
vn -0.884721 0.381107 -0.268378
vn -0.760534 0.606928 -0.230706
vn -0.700908 0.606929 -0.374653
vn -0.538507 0.791931 -0.287845
vn -0.472007 0.791932 -0.387367
vn -0.884729 0.381093 -0.268372
vn -0.815375 0.381090 -0.435815
vn -0.700936 0.606901 -0.374647
vn -0.614378 0.606901 -0.504193
vn -0.472025 0.791920 -0.387370
vn -0.387378 0.791919 -0.472020
vn -0.815344 0.381139 -0.435829
vn -0.714659 0.381142 -0.586510
vn -0.614355 0.606925 -0.504192
vn -0.504179 0.606927 -0.614364
vn -0.387357 0.791934 -0.472012
vn -0.287830 0.791935 -0.538509
vn -0.586525 0.381092 -0.714673
vn -0.504207 0.606898 -0.614370
vn -0.287861 0.791911 -0.538528
vn -0.374669 0.606894 -0.700930
vn -0.714690 0.381094 -0.586502
vn -0.177258 0.791911 -0.584343
vn 0.090616 0.381144 -0.920064
vn 0.268395 0.381140 -0.884701
vn 0.230722 0.606942 -0.760519
vn 0.374654 0.606937 -0.700901
vn 0.287846 0.791936 -0.538500
vn 0.387366 0.791933 -0.472005
vn 0.268369 0.381076 -0.884737
vn 0.435812 0.381080 -0.815381
vn 0.374646 0.606893 -0.700943
vn 0.504193 0.606899 -0.614381
vn 0.387370 0.791918 -0.472027
vn 0.472019 0.791920 -0.387376
vn 0.435822 0.381115 -0.815359
vn 0.586520 0.381110 -0.714667
vn 0.504192 0.606928 -0.614352
vn 0.614365 0.606924 -0.504181
vn 0.472013 0.791932 -0.387359
vn 0.538511 0.791931 -0.287839
vn 0.714673 0.381095 -0.586522
vn 0.614369 0.606900 -0.504204
vn 0.538519 0.791921 -0.287852
vn 0.700927 0.606902 -0.374663
vn 0.586517 0.381092 -0.714680
vn 0.584327 0.791922 -0.177261
vn 0.991446 0.000000 0.130521
vn 0.991446 -0.000000 0.130521
vn 0.991446 0.000000 -0.130521
vn 0.991446 0.000000 -0.130521
vn 0.923877 0.000000 -0.382690
vn 0.923877 0.000000 -0.382690
vn 0.793361 0.000000 -0.608751
vn 0.793361 0.000000 -0.608751
vn 0.608757 0.000000 -0.793357
vn 0.608757 0.000000 -0.793357
vn 0.382690 0.000000 -0.923877
vn 0.382690 0.000000 -0.923877
vn 0.130510 0.000000 -0.991447
vn 0.130510 0.000000 -0.991447
vn -0.130510 0.000000 -0.991447
vn -0.130510 0.000000 -0.991447
vn -0.382690 0.000000 -0.923877
vn -0.382690 0.000000 -0.923877
vn -0.608757 0.000000 -0.793357
vn -0.608757 0.000000 -0.793357
vn -0.793361 0.000000 -0.608751
vn -0.793361 0.000000 -0.608751
vn -0.923881 0.000000 -0.382680
vn -0.923881 0.000000 -0.382680
vn -0.991444 0.000000 -0.130533
vn -0.991444 0.000000 -0.130533
vn -0.991444 0.000000 0.130533
vn -0.991444 0.000000 0.130533
vn -0.923881 0.000000 0.382680
vn -0.923881 0.000000 0.382680
vn -0.793353 0.000000 0.608762
vn -0.793353 0.000000 0.608762
vn -0.608757 0.000000 0.793357
vn -0.608757 0.000000 0.793357
vn -0.382690 0.000000 0.923877
vn -0.382690 0.000000 0.923877
vn -0.130533 0.000000 0.991444
vn -0.130533 0.000000 0.991444
vn 0.130533 0.000000 0.991444
vn 0.130533 -0.000000 0.991444
vn 0.382690 0.000000 0.923877
vn 0.382690 -0.000000 0.923877
vn 0.608757 0.000000 0.793357
vn 0.608757 -0.000000 0.793357
vn 0.793353 0.000000 0.608762
vn 0.793353 -0.000000 0.608762
vn 0.923877 0.000000 0.382690
vn 0.923877 -0.000000 0.382690
vn 0.973419 0.189818 0.128159
vn 0.986752 0.129903 0.097186
vn 0.986753 0.129903 -0.097183
vn 0.920080 0.381106 -0.090617
vn 0.920084 0.381095 -0.090623
vn 0.790940 0.606914 -0.077903
vn 0.790937 0.606919 -0.077900
vn 0.607673 0.791929 -0.059850
vn 0.607678 0.791925 -0.059854
vn 0.382409 0.923225 -0.037666
vn 0.382406 0.923227 -0.037664
vn 0.130510 0.991364 -0.012854
vn 0.135106 0.990714 -0.015223
vn 0.953115 0.089327 0.289125
vn 0.903373 0.209531 0.374186
vn 0.878396 0.089308 0.469516
vn 0.778926 0.189803 0.597704
vn 0.766456 0.129906 0.629023
vn 0.629014 0.129906 0.766463
vn 0.586508 0.381126 0.714669
vn 0.435818 0.381126 0.815356
vn 0.374652 0.606913 0.700922
vn 0.230712 0.606911 0.760547
vn 0.177255 0.791925 0.584325
vn 0.059855 0.791925 0.607678
vn 0.037667 0.923225 0.382409
vn -0.037669 0.923225 0.382409
vn -0.012856 0.991364 0.130510
vn -0.015222 0.990715 0.135102
vn -0.036904 0.991885 0.121661
vn -0.046068 0.990225 0.131649
vn -0.058738 0.992207 0.109891
vn -0.075373 0.989914 0.119958
vn -0.078264 0.992361 0.095363
vn -0.100703 0.989807 0.100702
vn -0.095365 0.992361 0.078265
vn -0.119956 0.989914 0.075374
vn -0.109886 0.992207 0.058734
vn -0.131644 0.990226 0.046064
vn -0.121664 0.991885 0.036906
vn -0.135106 0.990714 0.015223
vn -0.130510 0.991364 0.012854
vn -0.130510 0.991364 -0.012854
vn -0.382409 0.923225 -0.037664
vn -0.382417 0.923222 -0.037661
vn -0.607673 0.791929 -0.059845
vn -0.607664 0.791936 -0.059849
vn -0.790954 0.606896 -0.077902
vn -0.790950 0.606901 -0.077904
vn -0.920069 0.381131 -0.090622
vn -0.920074 0.381119 -0.090616
vn -0.986753 0.129903 -0.097183
vn -0.973423 0.189805 -0.128148
vn 0.597697 0.189797 0.778932
vn 0.469522 0.089313 0.878392
vn 0.435828 0.381111 0.815357
vn 0.268377 0.381117 0.884717
vn 0.230709 0.606914 0.760545
vn 0.077902 0.606917 0.790938
vn 0.059852 0.791929 0.607673
vn -0.059854 0.791929 0.607673
vn -0.037667 0.923223 0.382415
vn -0.111541 0.923223 0.367720
vn 0.374191 0.209534 0.903370
vn 0.289135 0.089329 0.953111
vn 0.268388 0.381099 0.884721
vn 0.090624 0.381097 0.920083
vn 0.077904 0.606914 0.790940
vn -0.077901 0.606914 0.790940
vn -0.059851 0.791925 0.607678
vn -0.177250 0.791925 0.584326
vn -0.111542 0.923226 0.367712
vn -0.181137 0.923226 0.338886
vn 0.128161 0.189821 0.973418
vn 0.097186 0.129903 0.986752
vn 0.090619 0.381106 0.920080
vn -0.090624 0.381106 0.920079
vn -0.077904 0.606919 0.790936
vn -0.230713 0.606920 0.760539
vn -0.177254 0.791935 0.584311
vn -0.287846 0.791936 0.538501
vn -0.181136 0.923232 0.338869
vn -0.243766 0.923231 0.297023
vn -0.097184 0.129903 0.986753
vn -0.128159 0.189822 0.973418
vn -0.289139 0.089326 0.953110
vn -0.374196 0.209528 0.903369
vn -0.469515 0.089322 0.878395
vn -0.597690 0.189810 0.778934
vn -0.629014 0.129906 0.766463
vn -0.766456 0.129906 0.629023
vn -0.714673 0.381091 0.586526
vn -0.815362 0.381093 0.435836
vn -0.700929 0.606896 0.374668
vn -0.760557 0.606900 0.230708
vn -0.584313 0.791936 0.177246
vn -0.607665 0.791936 0.059846
vn -0.382409 0.923225 0.037662
vn -0.778926 0.189803 0.597704
vn -0.878403 0.089300 0.469504
vn -0.815358 0.381136 0.435807
vn -0.884714 0.381131 0.268367
vn -0.760555 0.606902 0.230705
vn -0.790950 0.606901 0.077903
vn -0.607673 0.791929 0.059852
vn -0.903378 0.209505 0.374188
vn -0.953117 0.089299 0.289126
vn -0.884717 0.381116 0.268377
vn -0.920073 0.381120 0.090625
vn -0.790954 0.606895 0.077907
vn -0.973424 0.189798 0.128149
vn -0.986752 0.129903 0.097186
vn -0.920069 0.381131 0.090618
vn -0.953115 0.089316 -0.289126
vn -0.903373 0.209526 -0.374186
vn -0.878400 0.089327 -0.469503
vn -0.778930 0.189828 -0.597690
vn -0.766456 0.129906 -0.629023
vn -0.629014 0.129906 -0.766463
vn -0.586508 0.381126 -0.714669
vn -0.435818 0.381126 -0.815356
vn -0.374655 0.606905 -0.700928
vn -0.230696 0.606904 -0.760556
vn -0.177234 0.791947 -0.584302
vn -0.059836 0.791946 -0.607652
vn -0.037656 0.923226 -0.382409
vn 0.037660 0.923225 -0.382409
vn 0.012853 0.991364 -0.130510
vn 0.015223 0.990714 -0.135110
vn 0.036909 0.991885 -0.121666
vn 0.046063 0.990226 -0.131643
vn 0.058734 0.992208 -0.109885
vn 0.075370 0.989915 -0.119952
vn 0.078262 0.992361 -0.095363
vn 0.100703 0.989807 -0.100702
vn 0.095364 0.992361 -0.078262
vn 0.119952 0.989914 -0.075371
vn 0.109886 0.992207 -0.058737
vn 0.131648 0.990226 -0.046065
vn 0.121664 0.991885 -0.036906
vn -0.597690 0.189810 -0.778934
vn -0.469515 0.089322 -0.878395
vn -0.435820 0.381123 -0.815356
vn -0.268372 0.381124 -0.884715
vn -0.230713 0.606885 -0.760567
vn -0.077904 0.606882 -0.790965
vn -0.059851 0.791929 -0.607673
vn 0.059839 0.791930 -0.607673
vn 0.037657 0.923223 -0.382415
vn 0.111550 0.923224 -0.367715
vn -0.374196 0.209528 -0.903369
vn -0.289112 0.089289 -0.953122
vn -0.268361 0.381141 -0.884711
vn -0.090596 0.381144 -0.920066
vn -0.077881 0.606915 -0.790942
vn 0.077902 0.606914 -0.790940
vn 0.059849 0.791947 -0.607650
vn 0.177257 0.791946 -0.584296
vn 0.111551 0.923226 -0.367708
vn 0.181135 0.923226 -0.338887
vn -0.128138 0.189780 -0.973429
vn -0.097184 0.129903 -0.986753
vn -0.090618 0.381106 -0.920080
vn 0.090597 0.381107 -0.920081
vn 0.077884 0.606879 -0.790969
vn 0.230699 0.606880 -0.760575
vn 0.177245 0.791910 -0.584348
vn 0.287844 0.791912 -0.538536
vn 0.181135 0.923224 -0.338891
vn 0.243772 0.923225 -0.297037
vn 0.097186 0.129903 -0.986752
vn 0.128139 0.189779 -0.973429
vn 0.289108 0.089292 -0.953123
vn 0.374191 0.209534 -0.903370
vn 0.469522 0.089313 -0.878392
vn 0.597697 0.189797 -0.778932
vn 0.629014 0.129906 -0.766463
vn 0.766456 0.129906 -0.629023
vn 0.714667 0.381110 -0.586521
vn 0.815366 0.381114 -0.435810
vn 0.700927 0.606914 -0.374643
vn 0.760546 0.606911 -0.230715
vn 0.584324 0.791925 -0.177258
vn 0.778930 0.189828 -0.597690
vn 0.878393 0.089336 -0.469515
vn 0.815368 0.381090 -0.435827
vn 0.884726 0.381093 -0.268380
vn 0.760541 0.606920 -0.230708
vn 0.903368 0.209552 -0.374184
vn 0.953113 0.089344 -0.289125
vn 0.884726 0.381093 -0.268380
vn 0.973417 0.189826 -0.128159
vn -0.012853 0.991364 -0.130510
vn -0.015223 0.990714 -0.135110
vn -0.036908 0.991885 -0.121666
vn -0.046063 0.990226 -0.131645
vn -0.058735 0.992207 -0.109886
vn -0.075369 0.989915 -0.119951
vn -0.078261 0.992361 -0.095362
vn -0.100703 0.989807 -0.100702
vn -0.095364 0.992361 -0.078262
vn -0.119952 0.989914 -0.075371
vn -0.109885 0.992207 -0.058735
vn -0.131645 0.990226 -0.046063
vn -0.121664 0.991885 -0.036906
vn -0.135106 0.990714 -0.015223
vn 0.012856 0.991364 0.130510
vn 0.015222 0.990715 0.135102
vn 0.036904 0.991885 0.121661
vn 0.046067 0.990225 0.131648
vn 0.058736 0.992207 0.109890
vn 0.075374 0.989913 0.119959
vn 0.078266 0.992361 0.095364
vn 0.100703 0.989807 0.100702
vn 0.095365 0.992361 0.078265
vn 0.119956 0.989914 0.075374
vn 0.109888 0.992207 0.058737
vn 0.131646 0.990226 0.046066
vn 0.121664 0.991885 0.036906
vn 0.135106 0.990714 0.015223
vn 0.130510 0.991364 0.012854
vn -0.090618 0.381095 0.920084
vn 0.037669 0.923223 0.382413
vn 0.920079 0.381106 0.090625
vn 0.920084 0.381095 0.090620
vn 0.884729 0.381093 0.268372
vn 0.884720 0.381108 0.268378
vn 0.815360 0.381113 0.435821
vn 0.815359 0.381115 0.435822
vn 0.714673 0.381110 0.586513
vn 0.714662 0.381127 0.586516
vn 0.586505 0.381130 0.714669
vn 0.790940 0.606914 0.077902
vn 0.790936 0.606919 0.077905
vn 0.760539 0.606920 0.230713
vn 0.760557 0.606900 0.230706
vn 0.700940 0.606897 0.374647
vn 0.700918 0.606919 0.374651
vn 0.614351 0.606923 0.504199
vn 0.614373 0.606901 0.504199
vn 0.504206 0.606899 0.614370
vn 0.504190 0.606915 0.614367
vn 0.374648 0.606917 0.700921
vn 0.607673 0.791929 0.059855
vn 0.607678 0.791925 0.059852
vn 0.584325 0.791925 0.177253
vn 0.584315 0.791932 0.177255
vn 0.538511 0.791931 0.287839
vn 0.538527 0.791920 0.287838
vn 0.472024 0.791918 0.387375
vn 0.471999 0.791935 0.387371
vn 0.387359 0.791936 0.472008
vn 0.387376 0.791923 0.472014
vn 0.287851 0.791922 0.538518
vn 0.287839 0.791931 0.538511
vn 0.177248 0.791932 0.584318
vn 0.382409 0.923225 0.037664
vn 0.382403 0.923227 0.037666
vn 0.367707 0.923228 0.111543
vn 0.367708 0.923227 0.111543
vn 0.338881 0.923228 0.181137
vn 0.338884 0.923226 0.181137
vn 0.297030 0.923227 0.243771
vn 0.297044 0.923222 0.243775
vn 0.243782 0.923222 0.297038
vn 0.243759 0.923231 0.297027
vn 0.181128 0.923232 0.338874
vn 0.181142 0.923226 0.338884
vn 0.111540 0.923226 0.367713
vn 0.111544 0.923224 0.367717
vn -0.268376 0.381093 0.884728
vn -0.268389 0.381125 0.884710
vn -0.435819 0.381124 0.815357
vn -0.435820 0.381127 0.815355
vn -0.586506 0.381126 0.714670
vn -0.586507 0.381130 0.714667
vn -0.714674 0.381126 0.586501
vn -0.230708 0.606905 0.760552
vn -0.374648 0.606905 0.700931
vn -0.287845 0.791916 0.538530
vn -0.387370 0.791917 0.472029
vn -0.243772 0.923221 0.297048
vn -0.297040 0.923222 0.243779
vn -0.374650 0.606918 0.700920
vn -0.504198 0.606915 0.614361
vn -0.504198 0.606899 0.614376
vn -0.614369 0.606902 0.504203
vn -0.614365 0.606925 0.504181
vn -0.700920 0.606918 0.374647
vn -0.472020 0.791918 0.387380
vn -0.472012 0.791934 0.387357
vn -0.387366 0.791936 0.472001
vn -0.338878 0.923230 0.181130
vn -0.297030 0.923231 0.243758
vn -0.538519 0.791921 0.287851
vn -0.538511 0.791931 0.287838
vn -0.584317 0.791932 0.177250
vn -0.367718 0.923223 0.111546
vn -0.338888 0.923224 0.181144
vn -0.367716 0.923224 0.111545
vn -0.382414 0.923223 0.037665
vn -0.884717 0.381116 -0.268377
vn -0.884717 0.381117 -0.268377
vn -0.815361 0.381112 -0.435821
vn -0.815373 0.381092 -0.435815
vn -0.714675 0.381091 -0.586523
vn -0.714672 0.381095 -0.586524
vn -0.586531 0.381092 -0.714668
vn -0.760555 0.606902 -0.230707
vn -0.760547 0.606911 -0.230710
vn -0.700919 0.606913 -0.374659
vn -0.700931 0.606901 -0.374656
vn -0.614378 0.606901 -0.504193
vn -0.614355 0.606925 -0.504192
vn -0.504179 0.606927 -0.614364
vn -0.504219 0.606886 -0.614372
vn -0.374673 0.606885 -0.700935
vn -0.367723 0.923221 -0.111545
vn -0.584312 0.791936 -0.177249
vn -0.584318 0.791932 -0.177247
vn -0.538508 0.791931 -0.287845
vn -0.538507 0.791931 -0.287845
vn -0.472007 0.791932 -0.387367
vn -0.472025 0.791920 -0.387370
vn -0.387378 0.791919 -0.472020
vn -0.387357 0.791934 -0.472012
vn -0.287834 0.791935 -0.538508
vn -0.287858 0.791916 -0.538522
vn -0.177269 0.791915 -0.584334
vn -0.338889 0.923224 -0.181141
vn -0.367718 0.923223 -0.111546
vn -0.338883 0.923226 -0.181141
vn -0.297038 0.923225 -0.243769
vn -0.297032 0.923228 -0.243768
vn -0.243765 0.923228 -0.297033
vn -0.243773 0.923225 -0.297037
vn -0.181139 0.923224 -0.338889
vn -0.181136 0.923226 -0.338887
vn -0.111547 0.923226 -0.367710
vn -0.111554 0.923222 -0.367718
vn -0.037660 0.923222 -0.382416
vn 0.090618 0.381147 -0.920063
vn 0.268373 0.381148 -0.884705
vn 0.230710 0.606911 -0.760547
vn 0.374667 0.606913 -0.700915
vn 0.287846 0.791941 -0.538492
vn 0.387365 0.791940 -0.471995
vn 0.243770 0.923228 -0.297028
vn 0.297034 0.923228 -0.243766
vn 0.268360 0.381116 -0.884722
vn 0.435821 0.381112 -0.815361
vn 0.374662 0.606885 -0.700942
vn 0.504198 0.606887 -0.614388
vn 0.387370 0.791918 -0.472027
vn 0.472015 0.791921 -0.387381
vn 0.297040 0.923222 -0.243780
vn 0.338890 0.923222 -0.181146
vn 0.435826 0.381127 -0.815352
vn 0.586523 0.381125 -0.714657
vn 0.504198 0.606928 -0.614347
vn 0.614359 0.606925 -0.504188
vn 0.472009 0.791932 -0.387365
vn 0.538511 0.791931 -0.287839
vn 0.338881 0.923228 -0.181135
vn 0.367709 0.923227 -0.111541
vn 0.714666 0.381096 -0.586530
vn 0.614364 0.606900 -0.504212
vn 0.538511 0.791931 -0.287839
vn 0.700932 0.606901 -0.374654
vn 0.586517 0.381092 -0.714680
vn 0.367713 0.923226 -0.111544
vn 0.584317 0.791932 -0.177250
vn 0.991444 0.000000 0.130533
vn 0.991444 -0.000000 0.130533
vn 0.991444 0.000000 -0.130533
vn 0.991444 0.000000 -0.130533
vn 0.923881 0.000000 -0.382680
vn 0.923881 0.000000 -0.382680
vn 0.793356 0.000000 -0.608758
vn 0.793356 0.000000 -0.608758
vn 0.608762 0.000000 -0.793353
vn 0.608762 0.000000 -0.793353
vn 0.382686 0.000000 -0.923878
vn 0.382686 0.000000 -0.923878
vn 0.130511 0.000000 -0.991447
vn 0.130511 0.000000 -0.991447
vn -0.130510 0.000000 -0.991447
vn -0.130510 0.000000 -0.991447
vn -0.382690 0.000000 -0.923877
vn -0.382690 0.000000 -0.923877
vn -0.608757 0.000000 -0.793357
vn -0.608757 0.000000 -0.793357
vn -0.793356 0.000000 -0.608758
vn -0.793356 0.000000 -0.608758
vn -0.923881 0.000000 -0.382680
vn -0.923881 0.000000 -0.382680
vn -0.991446 0.000000 -0.130521
vn -0.991446 0.000000 -0.130521
vn -0.991446 0.000000 0.130521
vn -0.991446 0.000000 0.130521
vn -0.923881 0.000000 0.382680
vn -0.923881 0.000000 0.382680
vn -0.793347 0.000000 0.608770
vn -0.793347 0.000000 0.608770
vn -0.608757 0.000000 0.793357
vn -0.608757 0.000000 0.793357
vn -0.382690 0.000000 0.923877
vn -0.382690 0.000000 0.923877
vn -0.130533 0.000000 0.991444
vn -0.130533 0.000000 0.991444
vn 0.130534 0.000000 0.991444
vn 0.130534 -0.000000 0.991444
vn 0.382686 0.000000 0.923878
vn 0.382686 -0.000000 0.923878
vn 0.608762 0.000000 0.793353
vn 0.608762 -0.000000 0.793353
vn 0.793347 0.000000 0.608770
vn 0.793347 -0.000000 0.608770
vn 0.923881 0.000000 0.382680
vn 0.923881 -0.000000 0.382680
vn 0.000000 1.000000 0.000000
vn 0.000000 1.000000 0.000000
vn 0.000000 1.000000 0.000000
vn -0.000000 1.000000 0.000000
vn 0.000000 1.000000 0.000000
vn -0.000000 1.000000 0.000000
vn 0.000000 1.000000 0.000000
vn -0.000000 1.000000 0.000000
vn 0.000000 1.000000 0.000000
vn -0.000000 1.000000 0.000000
vn 0.000000 1.000000 0.000000
vn -0.000000 1.000000 0.000000
vn 0.000000 1.000000 0.000000
vn -0.000000 1.000000 0.000000
vn 0.000000 1.000000 -0.000000
vn -0.000000 1.000000 0.000000
vn 0.000000 1.000000 -0.000000
vn -0.000000 1.000000 0.000000
vn 0.000000 1.000000 -0.000000
vn -0.000000 1.000000 0.000000
vn 0.000000 1.000000 -0.000000
vn -0.000000 1.000000 0.000000
vn 0.000000 1.000000 -0.000000
vn 0.000000 1.000000 0.000000
vn 0.000000 1.000000 -0.000000
vn 0.000000 1.000000 -0.000000
vn 0.000000 1.000000 0.000000
vn 0.000000 1.000000 0.000000
vn 0.000000 1.000000 -0.000000
vn 0.000000 1.000000 0.000000
vn 0.000000 1.000000 -0.000000
vn 0.000000 1.000000 0.000000
vn 0.000000 1.000000 -0.000000
vn 0.000000 1.000000 0.000000
vn 0.000000 1.000000 -0.000000
vn 0.000000 1.000000 0.000000
vn 0.000000 1.000000 -0.000000
vn 0.000000 1.000000 0.000000
vn 0.000000 1.000000 0.000000
vn 0.000000 1.000000 0.000000
vn 0.000000 1.000000 0.000000
vn 0.000000 1.000000 0.000000
vn 0.000000 1.000000 0.000000
vn 0.000000 1.000000 0.000000
vn 0.000000 1.000000 0.000000
vn 0.000000 1.000000 0.000000
vn 0.000000 1.000000 0.000000
vn 0.000000 1.000000 0.000000
vn 0.000000 1.000000 0.000000
vn 0.000000 1.000000 0.000000
vn 0.000000 1.000000 0.000000
vn -0.000000 1.000000 0.000000
vn 0.000000 1.000000 0.000000
vn -0.000000 1.000000 0.000000
vn 0.000000 1.000000 0.000000
vn -0.000000 1.000000 0.000000
vn 0.000000 1.000000 0.000000
vn -0.000000 1.000000 0.000000
vn 0.000000 1.000000 0.000000
vn -0.000000 1.000000 0.000000
vn 0.000000 1.000000 0.000000
vn -0.000000 1.000000 0.000000
vn 0.000000 1.000000 -0.000000
vn -0.000000 1.000000 0.000000
vn 0.000000 1.000000 -0.000000
vn -0.000000 1.000000 0.000000
vn 0.000000 1.000000 -0.000000
vn -0.000000 1.000000 0.000000
vn 0.000000 1.000000 -0.000000
vn -0.000000 1.000000 0.000000
vn 0.000000 1.000000 -0.000000
vn 0.000000 1.000000 0.000000
vn 0.000000 1.000000 -0.000000
vn 0.000000 1.000000 -0.000000
vn 0.000000 1.000000 0.000000
vn 0.000000 1.000000 0.000000
vn 0.000000 1.000000 -0.000000
vn 0.000000 1.000000 0.000000
vn 0.000000 1.000000 -0.000000
vn 0.000000 1.000000 0.000000
vn 0.000000 1.000000 -0.000000
vn 0.000000 1.000000 0.000000
vn 0.000000 1.000000 -0.000000
vn 0.000000 1.000000 0.000000
vn 0.000000 1.000000 -0.000000
vn 0.000000 1.000000 0.000000
vn 0.000000 1.000000 0.000000
vn 0.000000 1.000000 0.000000
vn 0.000000 1.000000 0.000000
vn 0.000000 1.000000 0.000000
vn 0.000000 1.000000 0.000000
vn 0.000000 1.000000 0.000000
vn 0.000000 1.000000 0.000000
vn 0.000000 1.000000 0.000000
vn 0.000000 1.000000 0.000000
vn 0.000000 1.000000 0.000000
vn 0.000000 1.000000 0.000000
vn 0.000000 1.000000 0.000000
vn 0.000000 1.000000 0.000000
vn -0.000000 1.000000 0.000000
vn 0.000000 1.000000 0.000000
vn -0.000000 1.000000 0.000000
vn 0.000000 1.000000 0.000000
vn -0.000000 1.000000 0.000000
vn 0.000000 1.000000 0.000000
vn -0.000000 1.000000 0.000000
vn 0.000000 1.000000 0.000000
vn -0.000000 1.000000 0.000000
vn 0.000000 1.000000 0.000000
vn -0.000000 1.000000 0.000000
vn 0.000000 1.000000 -0.000000
vn -0.000000 1.000000 0.000000
vn 0.000000 1.000000 -0.000000
vn -0.000000 1.000000 0.000000
vn 0.000000 1.000000 -0.000000
vn -0.000000 1.000000 0.000000
vn 0.000000 1.000000 -0.000000
vn -0.000000 1.000000 0.000000
vn 0.000000 1.000000 -0.000000
vn 0.000000 1.000000 0.000000
vn 0.000000 1.000000 -0.000000
vn 0.000000 1.000000 -0.000000
vn 0.000000 1.000000 0.000000
vn 0.000000 1.000000 0.000000
vn 0.000000 1.000000 -0.000000
vn 0.000000 1.000000 0.000000
vn 0.000000 1.000000 -0.000000
vn 0.000000 1.000000 0.000000
vn 0.000000 1.000000 -0.000000
vn 0.000000 1.000000 0.000000
vn 0.000000 1.000000 -0.000000
vn 0.000000 1.000000 0.000000
vn 0.000000 1.000000 -0.000000
vn 0.000000 1.000000 0.000000
vn 0.000000 1.000000 0.000000
vn 0.000000 1.000000 0.000000
vn 0.000000 1.000000 0.000000
vn 0.000000 1.000000 0.000000
vn 0.000000 1.000000 0.000000
vn 0.000000 1.000000 0.000000
vn 0.000000 1.000000 0.000000
vn 0.000000 1.000000 0.000000
vn 0.000000 1.000000 0.000000
vn 0.000000 1.000000 0.000000
vn 0.000000 1.000000 0.000000
vn 0.000000 1.000000 0.000000
vn 0.000000 1.000000 0.000000
vn -0.000000 1.000000 0.000000
vn 0.000000 1.000000 0.000000
vn -0.000000 1.000000 0.000000
vn 0.000000 1.000000 0.000000
vn -0.000000 1.000000 0.000000
vn 0.000000 1.000000 0.000000
vn -0.000000 1.000000 0.000000
vn 0.000000 1.000000 0.000000
vn -0.000000 1.000000 0.000000
vn 0.000000 1.000000 0.000000
vn -0.000000 1.000000 0.000000
vn 0.000000 1.000000 -0.000000
vn -0.000000 1.000000 0.000000
vn 0.000000 1.000000 -0.000000
vn -0.000000 1.000000 0.000000
vn 0.000000 1.000000 -0.000000
vn -0.000000 1.000000 0.000000
vn 0.000000 1.000000 -0.000000
vn -0.000000 1.000000 0.000000
vn 0.000000 1.000000 -0.000000
vn 0.000000 1.000000 0.000000
vn 0.000000 1.000000 -0.000000
vn 0.000000 1.000000 -0.000000
vn 0.000000 1.000000 0.000000
vn 0.000000 1.000000 0.000000
vn 0.000000 1.000000 -0.000000
vn 0.000000 1.000000 0.000000
vn 0.000000 1.000000 -0.000000
vn 0.000000 1.000000 0.000000
vn 0.000000 1.000000 -0.000000
vn 0.000000 1.000000 0.000000
vn 0.000000 1.000000 -0.000000
vn 0.000000 1.000000 0.000000
vn 0.000000 1.000000 -0.000000
vn 0.000000 1.000000 0.000000
vn 0.000000 1.000000 0.000000
vn 0.000000 1.000000 0.000000
vn 0.000000 1.000000 0.000000
vn 0.000000 1.000000 0.000000
vn 0.000000 1.000000 0.000000
vn 0.000000 1.000000 0.000000
vn 0.000000 1.000000 0.000000
vn 0.000000 1.000000 0.000000
vn 0.000000 1.000000 0.000000
vn 0.000000 1.000000 0.000000
vn -0.991446 0.000000 0.130521
vn -0.991446 0.000000 0.130521
vn -0.991446 0.000000 -0.130521
vn -0.991446 0.000000 -0.130521
vn -0.923881 0.000000 -0.382680
vn -0.923881 0.000000 -0.382680
vn -0.793351 0.000000 -0.608764
vn -0.793351 0.000000 -0.608764
vn -0.608764 0.000000 -0.793351
vn -0.608764 0.000000 -0.793351
vn -0.382680 0.000000 -0.923881
vn -0.382680 0.000000 -0.923881
vn -0.130521 0.000000 -0.991446
vn -0.130521 0.000000 -0.991446
vn 0.130521 0.000000 -0.991446
vn 0.130521 0.000000 -0.991446
vn 0.382680 0.000000 -0.923881
vn 0.382680 0.000000 -0.923881
vn 0.608764 0.000000 -0.793351
vn 0.608764 0.000000 -0.793351
vn 0.793351 0.000000 -0.608764
vn 0.793351 0.000000 -0.608764
vn 0.923881 0.000000 -0.382680
vn 0.923881 0.000000 -0.382680
vn 0.991446 0.000000 -0.130521
vn 0.991446 0.000000 -0.130521
vn 0.991446 0.000000 0.130521
vn 0.991446 -0.000000 0.130521
vn 0.923881 0.000000 0.382680
vn 0.923881 -0.000000 0.382680
vn 0.793351 0.000000 0.608764
vn 0.793351 -0.000000 0.608764
vn 0.608764 0.000000 0.793351
vn 0.608764 -0.000000 0.793351
vn 0.382680 0.000000 0.923881
vn 0.382680 -0.000000 0.923881
vn 0.130521 0.000000 0.991446
vn 0.130521 -0.000000 0.991446
vn -0.130521 0.000000 0.991446
vn -0.130521 0.000000 0.991446
vn -0.382680 0.000000 0.923881
vn -0.382680 0.000000 0.923881
vn -0.608764 0.000000 0.793351
vn -0.608764 0.000000 0.793351
vn -0.793351 0.000000 0.608764
vn -0.793351 0.000000 0.608764
vn -0.923881 0.000000 0.382680
vn -0.923881 0.000000 0.382680
vn 0.000000 1.000000 0.000000
vn -0.000000 1.000000 0.000000
vn 0.000000 1.000000 0.000000
vn -0.000000 1.000000 0.000000
vn 0.000000 1.000000 0.000000
vn -0.000000 1.000000 0.000000
vn 0.000000 1.000000 0.000000
vn -0.000000 1.000000 0.000000
vn 0.000000 1.000000 0.000000
vn -0.000000 1.000000 0.000000
vn 0.000000 1.000000 0.000000
vn -0.000000 1.000000 0.000000
vn 0.000000 1.000000 0.000000
vn 0.000000 1.000000 -0.000000
vn 0.000000 1.000000 -0.000000
vn 0.000000 1.000000 -0.000000
vn 0.000000 1.000000 -0.000000
vn 0.000000 1.000000 -0.000000
vn 0.000000 1.000000 -0.000000
vn 0.000000 1.000000 -0.000000
vn 0.000000 1.000000 -0.000000
vn 0.000000 1.000000 -0.000000
vn -0.991446 0.000000 0.130521
vn -0.991446 0.000000 0.130521
vn -0.991446 0.000000 -0.130521
vn -0.991446 0.000000 -0.130521
vn -0.923870 0.000000 -0.382705
vn -0.923870 0.000000 -0.382705
vn -0.793365 0.000000 -0.608746
vn -0.793365 0.000000 -0.608746
vn -0.608764 0.000000 -0.793351
vn -0.608764 0.000000 -0.793351
vn -0.382680 0.000000 -0.923881
vn -0.382680 0.000000 -0.923881
vn -0.130521 0.000000 -0.991446
vn -0.130521 0.000000 -0.991446
vn 0.130521 0.000000 -0.991446
vn 0.130521 0.000000 -0.991446
vn 0.382680 0.000000 -0.923881
vn 0.382680 0.000000 -0.923881
vn 0.608764 0.000000 -0.793351
vn 0.608764 0.000000 -0.793351
vn 0.793351 0.000000 -0.608764
vn 0.793351 0.000000 -0.608764
vn 0.923881 0.000000 -0.382680
vn 0.923881 0.000000 -0.382680
vn 0.991446 0.000000 -0.130521
vn 0.991446 0.000000 -0.130521
vn 0.991446 0.000000 0.130521
vn 0.991446 -0.000000 0.130521
vn 0.923881 0.000000 0.382680
vn 0.923881 -0.000000 0.382680
vn 0.793351 0.000000 0.608764
vn 0.793351 -0.000000 0.608764
vn 0.608764 0.000000 0.793351
vn 0.608764 -0.000000 0.793351
vn 0.382680 0.000000 0.923881
vn 0.382680 -0.000000 0.923881
vn 0.130521 0.000000 0.991446
vn 0.130521 -0.000000 0.991446
vn -0.130521 0.000000 0.991446
vn -0.130521 0.000000 0.991446
vn -0.382680 0.000000 0.923881
vn -0.382680 0.000000 0.923881
vn -0.608764 0.000000 0.793351
vn -0.608764 0.000000 0.793351
vn -0.793365 0.000000 0.608746
vn -0.793365 0.000000 0.608746
vn -0.923870 0.000000 0.382705
vn -0.923870 0.000000 0.382705
vn 0.000000 1.000000 0.000000
vn -0.000000 1.000000 0.000000
vn 0.000000 1.000000 0.000000
vn -0.000000 1.000000 0.000000
vn 0.000000 1.000000 0.000000
vn -0.000000 1.000000 0.000000
vn 0.000000 1.000000 0.000000
vn -0.000000 1.000000 0.000000
vn 0.000000 1.000000 0.000000
vn -0.000000 1.000000 0.000000
vn 0.000000 1.000000 0.000000
vn -0.000000 1.000000 0.000000
vn 0.000000 1.000000 0.000000
vn 0.000000 1.000000 -0.000000
vn 0.000000 1.000000 -0.000000
vn 0.000000 1.000000 -0.000000
vn 0.000000 1.000000 -0.000000
vn 0.000000 1.000000 -0.000000
vn 0.000000 1.000000 -0.000000
vn 0.000000 1.000000 -0.000000
vn 0.000000 1.000000 -0.000000
vn 0.000000 1.000000 -0.000000
vn -0.991446 0.000000 0.130521
vn -0.991446 0.000000 0.130521
vn -0.991446 0.000000 -0.130521
vn -0.991446 0.000000 -0.130521
vn -0.923881 0.000000 -0.382680
vn -0.923881 0.000000 -0.382680
vn -0.793351 0.000000 -0.608764
vn -0.793351 0.000000 -0.608764
vn -0.608764 0.000000 -0.793351
vn -0.608764 0.000000 -0.793351
vn -0.382680 0.000000 -0.923881
vn -0.382680 0.000000 -0.923881
vn -0.130521 0.000000 -0.991446
vn -0.130521 0.000000 -0.991446
vn 0.130525 0.000000 -0.991445
vn 0.130525 0.000000 -0.991445
vn 0.382670 0.000000 -0.923885
vn 0.382670 0.000000 -0.923885
vn 0.608778 0.000000 -0.793341
vn 0.608778 0.000000 -0.793341
vn 0.793351 0.000000 -0.608764
vn 0.793351 0.000000 -0.608764
vn 0.923881 0.000000 -0.382680
vn 0.923881 0.000000 -0.382680
vn 0.991442 0.000000 -0.130550
vn 0.991442 0.000000 -0.130550
vn 0.991442 0.000000 0.130550
vn 0.991442 -0.000000 0.130550
vn 0.923881 0.000000 0.382680
vn 0.923881 -0.000000 0.382680
vn 0.793351 0.000000 0.608764
vn 0.793351 -0.000000 0.608764
vn 0.608778 0.000000 0.793341
vn 0.608778 -0.000000 0.793341
vn 0.382670 0.000000 0.923885
vn 0.382670 -0.000000 0.923885
vn 0.130525 0.000000 0.991445
vn 0.130525 -0.000000 0.991445
vn -0.130521 0.000000 0.991446
vn -0.130521 0.000000 0.991446
vn -0.382680 0.000000 0.923881
vn -0.382680 0.000000 0.923881
vn -0.608764 0.000000 0.793351
vn -0.608764 0.000000 0.793351
vn -0.793351 0.000000 0.608764
vn -0.793351 0.000000 0.608764
vn -0.923881 0.000000 0.382680
vn -0.923881 0.000000 0.382680
vn 0.000000 1.000000 0.000000
vn -0.000000 1.000000 0.000000
vn 0.000000 1.000000 0.000000
vn -0.000000 1.000000 0.000000
vn 0.000000 1.000000 0.000000
vn -0.000000 1.000000 0.000000
vn 0.000000 1.000000 0.000000
vn -0.000000 1.000000 0.000000
vn 0.000000 1.000000 0.000000
vn -0.000000 1.000000 0.000000
vn 0.000000 1.000000 0.000000
vn -0.000000 1.000000 0.000000
vn 0.000000 1.000000 0.000000
vn 0.000000 1.000000 -0.000000
vn 0.000000 1.000000 -0.000000
vn 0.000000 1.000000 -0.000000
vn 0.000000 1.000000 -0.000000
vn 0.000000 1.000000 -0.000000
vn 0.000000 1.000000 -0.000000
vn 0.000000 1.000000 -0.000000
vn 0.000000 1.000000 -0.000000
vn 0.000000 1.000000 -0.000000
vn -0.991446 0.000000 0.130521
vn -0.991446 0.000000 0.130521
vn -0.991446 0.000000 -0.130521
vn -0.991446 0.000000 -0.130521
vn -0.923881 0.000000 -0.382680
vn -0.923881 0.000000 -0.382680
vn -0.793351 0.000000 -0.608764
vn -0.793351 0.000000 -0.608764
vn -0.608764 0.000000 -0.793351
vn -0.608764 0.000000 -0.793351
vn -0.382680 0.000000 -0.923881
vn -0.382680 0.000000 -0.923881
vn -0.130521 0.000000 -0.991446
vn -0.130521 0.000000 -0.991446
vn 0.130521 0.000000 -0.991446
vn 0.130521 0.000000 -0.991446
vn 0.382680 0.000000 -0.923881
vn 0.382680 0.000000 -0.923881
vn 0.608764 0.000000 -0.793351
vn 0.608764 0.000000 -0.793351
vn 0.793351 0.000000 -0.608764
vn 0.793351 0.000000 -0.608764
vn 0.923881 0.000000 -0.382680
vn 0.923881 0.000000 -0.382680
vn 0.991446 0.000000 -0.130521
vn 0.991446 0.000000 -0.130521
vn 0.991446 0.000000 0.130521
vn 0.991446 -0.000000 0.130521
vn 0.923881 0.000000 0.382680
vn 0.923881 -0.000000 0.382680
vn 0.793351 0.000000 0.608764
vn 0.793351 -0.000000 0.608764
vn 0.608764 0.000000 0.793351
vn 0.608764 -0.000000 0.793351
vn 0.382680 0.000000 0.923881
vn 0.382680 -0.000000 0.923881
vn 0.130521 0.000000 0.991446
vn 0.130521 -0.000000 0.991446
vn -0.130521 0.000000 0.991446
vn -0.130521 0.000000 0.991446
vn -0.382680 0.000000 0.923881
vn -0.382680 0.000000 0.923881
vn -0.608764 0.000000 0.793351
vn -0.608764 0.000000 0.793351
vn -0.793351 0.000000 0.608764
vn -0.793351 0.000000 0.608764
vn -0.923881 0.000000 0.382680
vn -0.923881 0.000000 0.382680
vn 0.000000 1.000000 0.000000
vn -0.000000 1.000000 0.000000
vn 0.000000 1.000000 0.000000
vn -0.000000 1.000000 0.000000
vn 0.000000 1.000000 0.000000
vn -0.000000 1.000000 0.000000
vn 0.000000 1.000000 0.000000
vn -0.000000 1.000000 0.000000
vn 0.000000 1.000000 0.000000
vn -0.000000 1.000000 0.000000
vn 0.000000 1.000000 0.000000
vn -0.000000 1.000000 0.000000
vn 0.000000 1.000000 0.000000
vn 0.000000 1.000000 -0.000000
vn 0.000000 1.000000 -0.000000
vn 0.000000 1.000000 -0.000000
vn 0.000000 1.000000 -0.000000
vn 0.000000 1.000000 -0.000000
vn 0.000000 1.000000 -0.000000
vn 0.000000 1.000000 -0.000000
vn 0.000000 1.000000 -0.000000
vn 0.000000 1.000000 -0.000000
vn 0.991446 0.000000 -0.130521
vn 0.991446 0.000000 -0.130521
vn 0.991446 0.000000 0.130521
vn 0.991446 -0.000000 0.130521
vn 0.923876 0.000000 0.382693
vn 0.923876 -0.000000 0.382693
vn 0.793358 0.000000 0.608755
vn 0.793358 -0.000000 0.608755
vn 0.608764 0.000000 0.793351
vn 0.608764 -0.000000 0.793351
vn 0.382680 0.000000 0.923881
vn 0.382680 -0.000000 0.923881
vn 0.130521 0.000000 0.991446
vn 0.130521 -0.000000 0.991446
vn -0.130521 0.000000 0.991446
vn -0.130521 0.000000 0.991446
vn -0.382680 0.000000 0.923881
vn -0.382680 0.000000 0.923881
vn -0.608764 0.000000 0.793351
vn -0.608764 0.000000 0.793351
vn -0.793358 0.000000 0.608755
vn -0.793358 0.000000 0.608755
vn -0.923876 0.000000 0.382693
vn -0.923876 0.000000 0.382693
vn -0.991446 0.000000 0.130521
vn -0.991446 0.000000 0.130521
vn -0.991446 0.000000 -0.130521
vn -0.991446 0.000000 -0.130521
vn -0.923876 0.000000 -0.382693
vn -0.923876 0.000000 -0.382693
vn -0.793358 0.000000 -0.608755
vn -0.793358 0.000000 -0.608755
vn -0.608746 0.000000 -0.793365
vn -0.608746 0.000000 -0.793365
vn -0.382680 0.000000 -0.923881
vn -0.382680 0.000000 -0.923881
vn -0.130550 0.000000 -0.991442
vn -0.130550 0.000000 -0.991442
vn 0.130550 0.000000 -0.991442
vn 0.130550 0.000000 -0.991442
vn 0.382680 0.000000 -0.923881
vn 0.382680 0.000000 -0.923881
vn 0.608746 0.000000 -0.793365
vn 0.608746 0.000000 -0.793365
vn 0.793358 0.000000 -0.608755
vn 0.793358 0.000000 -0.608755
vn 0.923876 0.000000 -0.382693
vn 0.923876 0.000000 -0.382693
vn 0.000000 -1.000000 0.000000
vn 0.000000 -1.000000 0.000000
vn 0.000000 -1.000000 -0.000000
vn 0.000000 -1.000000 0.000000
vn 0.000000 -1.000000 -0.000000
vn -0.000000 -1.000000 0.000000
vn 0.000000 -1.000000 -0.000000
vn -0.000000 -1.000000 0.000000
vn 0.000000 -1.000000 -0.000000
vn -0.000000 -1.000000 0.000000
vn 0.000000 -1.000000 -0.000000
vn -0.000000 -1.000000 0.000000
vn 0.000000 -1.000000 -0.000000
vn -0.000000 -1.000000 0.000000
vn 0.000000 -1.000000 0.000000
vn -0.000000 -1.000000 0.000000
vn 0.000000 -1.000000 0.000000
vn -0.000000 -1.000000 0.000000
vn 0.000000 -1.000000 0.000000
vn -0.000000 -1.000000 0.000000
vn 0.000000 -1.000000 0.000000
vn 0.000000 -1.000000 0.000000
vn 0.000000 -1.000000 0.000000
vn 0.000000 -1.000000 0.000000
vn 0.000000 -1.000000 0.000000
vn 0.000000 -1.000000 0.000000
vn 0.000000 -1.000000 0.000000
vn 0.000000 -1.000000 0.000000
vn 0.000000 -1.000000 0.000000
vn 0.000000 -1.000000 0.000000
vn 0.000000 -1.000000 0.000000
vn 0.000000 -1.000000 0.000000
vn 0.000000 -1.000000 0.000000
vn 0.000000 -1.000000 0.000000
vn 0.000000 -1.000000 0.000000
vn 0.000000 -1.000000 0.000000
vn 0.000000 -1.000000 0.000000
vn 0.000000 -1.000000 0.000000
vn 0.000000 -1.000000 -0.000000
vn 0.000000 -1.000000 0.000000
vn 0.000000 -1.000000 -0.000000
vn 0.000000 -1.000000 0.000000
vn 0.000000 -1.000000 -0.000000
vn 0.000000 -1.000000 0.000000
vn 0.000000 -1.000000 -0.000000
vn 0.000000 -1.000000 0.000000
vn 0.000000 -1.000000 -0.000000
vn 0.000000 -1.000000 0.000000
vn 0.991446 0.000000 -0.130521
vn 0.991446 0.000000 -0.130521
vn 0.991446 0.000000 0.130521
vn 0.991446 -0.000000 0.130521
vn 0.923876 0.000000 0.382693
vn 0.923876 -0.000000 0.382693
vn 0.793358 0.000000 0.608755
vn 0.793358 -0.000000 0.608755
vn 0.608746 0.000000 0.793365
vn 0.608746 -0.000000 0.793365
vn 0.382680 0.000000 0.923881
vn 0.382680 -0.000000 0.923881
vn 0.130550 0.000000 0.991442
vn 0.130550 -0.000000 0.991442
vn -0.130550 0.000000 0.991442
vn -0.130550 0.000000 0.991442
vn -0.382680 0.000000 0.923881
vn -0.382680 0.000000 0.923881
vn -0.608746 0.000000 0.793365
vn -0.608746 0.000000 0.793365
vn -0.793358 0.000000 0.608755
vn -0.793358 0.000000 0.608755
vn -0.923876 0.000000 0.382693
vn -0.923876 0.000000 0.382693
vn -0.991446 0.000000 0.130521
vn -0.991446 0.000000 0.130521
vn -0.991446 0.000000 -0.130521
vn -0.991446 0.000000 -0.130521
vn -0.923876 0.000000 -0.382693
vn -0.923876 0.000000 -0.382693
vn -0.793358 0.000000 -0.608755
vn -0.793358 0.000000 -0.608755
vn -0.608764 0.000000 -0.793351
vn -0.608764 0.000000 -0.793351
vn -0.382680 0.000000 -0.923881
vn -0.382680 0.000000 -0.923881
vn -0.130521 0.000000 -0.991446
vn -0.130521 0.000000 -0.991446
vn 0.130521 0.000000 -0.991446
vn 0.130521 0.000000 -0.991446
vn 0.382680 0.000000 -0.923881
vn 0.382680 0.000000 -0.923881
vn 0.608764 0.000000 -0.793351
vn 0.608764 0.000000 -0.793351
vn 0.793358 0.000000 -0.608755
vn 0.793358 0.000000 -0.608755
vn 0.923876 0.000000 -0.382693
vn 0.923876 0.000000 -0.382693
vn 0.000000 -1.000000 0.000000
vn 0.000000 -1.000000 0.000000
vn 0.000000 -1.000000 -0.000000
vn 0.000000 -1.000000 0.000000
vn 0.000000 -1.000000 -0.000000
vn -0.000000 -1.000000 0.000000
vn 0.000000 -1.000000 -0.000000
vn -0.000000 -1.000000 0.000000
vn 0.000000 -1.000000 -0.000000
vn -0.000000 -1.000000 0.000000
vn 0.000000 -1.000000 -0.000000
vn -0.000000 -1.000000 0.000000
vn 0.000000 -1.000000 -0.000000
vn -0.000000 -1.000000 0.000000
vn 0.000000 -1.000000 0.000000
vn -0.000000 -1.000000 0.000000
vn 0.000000 -1.000000 0.000000
vn -0.000000 -1.000000 0.000000
vn 0.000000 -1.000000 0.000000
vn -0.000000 -1.000000 0.000000
vn 0.000000 -1.000000 0.000000
vn 0.000000 -1.000000 0.000000
vn 0.000000 -1.000000 0.000000
vn 0.000000 -1.000000 0.000000
vn 0.000000 -1.000000 0.000000
vn 0.000000 -1.000000 0.000000
vn 0.000000 -1.000000 0.000000
vn 0.000000 -1.000000 0.000000
vn 0.000000 -1.000000 0.000000
vn 0.000000 -1.000000 0.000000
vn 0.000000 -1.000000 0.000000
vn 0.000000 -1.000000 0.000000
vn 0.000000 -1.000000 0.000000
vn 0.000000 -1.000000 0.000000
vn 0.000000 -1.000000 0.000000
vn 0.000000 -1.000000 0.000000
vn 0.000000 -1.000000 0.000000
vn 0.000000 -1.000000 0.000000
vn 0.000000 -1.000000 -0.000000
vn 0.000000 -1.000000 0.000000
vn 0.000000 -1.000000 -0.000000
vn 0.000000 -1.000000 0.000000
vn 0.000000 -1.000000 -0.000000
vn 0.000000 -1.000000 0.000000
vn 0.000000 -1.000000 -0.000000
vn 0.000000 -1.000000 0.000000
vn 0.000000 -1.000000 -0.000000
vn 0.000000 -1.000000 0.000000
vn 0.991447 0.000000 0.130510
vn 0.991447 0.000000 0.130510
vn 0.991446 0.000000 -0.130516
vn 0.991446 0.000000 -0.130516
vn 0.923880 0.000000 -0.382681
vn 0.923880 0.000000 -0.382681
vn 0.793336 0.000000 -0.608784
vn 0.793336 0.000000 -0.608784
vn 0.608771 0.000000 -0.793346
vn 0.608771 0.000000 -0.793346
vn 0.382659 0.000000 -0.923890
vn 0.382659 0.000000 -0.923890
vn 0.130567 0.000000 -0.991439
vn 0.130567 0.000000 -0.991439
vn -0.130567 0.000000 -0.991439
vn -0.130567 -0.000000 -0.991439
vn -0.382659 0.000000 -0.923890
vn -0.382659 -0.000000 -0.923890
vn -0.608771 0.000000 -0.793346
vn -0.608771 -0.000000 -0.793346
vn -0.793336 0.000000 -0.608784
vn -0.793336 -0.000000 -0.608784
vn -0.923880 0.000000 -0.382681
vn -0.923880 -0.000000 -0.382681
vn -0.991446 0.000000 -0.130516
vn -0.991446 -0.000000 -0.130516
vn -0.991447 0.000000 0.130510
vn -0.991447 0.000000 0.130510
vn -0.923873 0.000000 0.382700
vn -0.923873 0.000000 0.382700
vn -0.793355 0.000000 0.608759
vn -0.793355 0.000000 0.608759
vn -0.608771 0.000000 0.793346
vn -0.608771 0.000000 0.793346
vn -0.382659 0.000000 0.923890
vn -0.382659 0.000000 0.923890
vn -0.130516 0.000000 0.991446
vn -0.130516 0.000000 0.991446
vn 0.130516 0.000000 0.991446
vn 0.130516 0.000000 0.991446
vn 0.382659 0.000000 0.923890
vn 0.382659 0.000000 0.923890
vn 0.608771 0.000000 0.793346
vn 0.608771 0.000000 0.793346
vn 0.793355 0.000000 0.608759
vn 0.793355 0.000000 0.608759
vn 0.923873 0.000000 0.382700
vn 0.923873 0.000000 0.382700
vn 0.991446 0.000000 0.130516
vn 0.991446 0.000000 0.130516
vn 0.991447 0.000000 -0.130510
vn 0.991447 0.000000 -0.130510
vn 0.923873 0.000000 -0.382700
vn 0.923873 0.000000 -0.382700
vn 0.793355 0.000000 -0.608759
vn 0.793355 0.000000 -0.608759
vn 0.608771 0.000000 -0.793346
vn 0.608771 0.000000 -0.793346
vn 0.382659 0.000000 -0.923890
vn 0.382659 0.000000 -0.923890
vn 0.130516 0.000000 -0.991446
vn 0.130516 0.000000 -0.991446
vn -0.130516 0.000000 -0.991446
vn -0.130516 -0.000000 -0.991446
vn -0.382659 0.000000 -0.923890
vn -0.382659 -0.000000 -0.923890
vn -0.608771 0.000000 -0.793346
vn -0.608771 -0.000000 -0.793346
vn -0.793355 0.000000 -0.608759
vn -0.793355 -0.000000 -0.608759
vn -0.923873 0.000000 -0.382700
vn -0.923873 -0.000000 -0.382700
vn -0.991447 0.000000 -0.130510
vn -0.991447 -0.000000 -0.130510
vn -0.991446 0.000000 0.130516
vn -0.991446 0.000000 0.130516
vn -0.923880 0.000000 0.382681
vn -0.923880 0.000000 0.382681
vn -0.793336 0.000000 0.608784
vn -0.793336 0.000000 0.608784
vn -0.608771 0.000000 0.793346
vn -0.608771 0.000000 0.793346
vn -0.382659 0.000000 0.923890
vn -0.382659 0.000000 0.923890
vn -0.130567 0.000000 0.991439
vn -0.130567 0.000000 0.991439
vn 0.130567 0.000000 0.991439
vn 0.130567 0.000000 0.991439
vn 0.382659 0.000000 0.923890
vn 0.382659 0.000000 0.923890
vn 0.608771 0.000000 0.793346
vn 0.608771 0.000000 0.793346
vn 0.793336 0.000000 0.608784
vn 0.793336 0.000000 0.608784
vn 0.923880 0.000000 0.382681
vn 0.923880 0.000000 0.382681
vn 0.000000 0.000000 1.000000
vn 0.000000 0.000000 1.000000
vn -1.000000 0.000000 0.000000
vn -1.000000 -0.000000 -0.000000
vn 0.000000 1.000000 0.000000
vn 0.000000 1.000000 0.000000
vn 0.000000 1.000000 0.000000
vn 0.000000 1.000000 0.000000
vn 0.000000 1.000000 0.000000
vn 0.000000 1.000000 0.000000
vn 0.000000 1.000000 0.000000
vn 0.000000 1.000000 0.000000
vn 0.000000 1.000000 0.000000
vn 0.000000 1.000000 -0.000000
vn 0.000000 1.000000 -0.000000
vn 0.000000 1.000000 -0.000000
vn 0.000000 1.000000 -0.000000
vn 0.000000 1.000000 -0.000000
vn 0.000000 1.000000 -0.000000
vn -0.000000 1.000000 -0.000000
vn -0.000000 1.000000 0.000000
vn -0.000000 1.000000 0.000000
vn -0.000000 1.000000 0.000000
vn 0.000000 1.000000 -0.000000
vn -0.000000 1.000000 0.000000
vn -0.000000 1.000000 0.000000
vn -0.000000 1.000000 0.000000
vn 0.000000 1.000000 0.000000
vn 0.000000 1.000000 0.000000
vn 0.000000 1.000000 0.000000
vn 0.000000 1.000000 0.000000
vn 0.000000 1.000000 0.000000
vn 0.000000 1.000000 0.000000
vn -1.000000 0.000000 0.000000
vn -1.000000 -0.000000 -0.000000
vn 0.000000 -0.000000 -1.000000
vn 0.000000 0.000000 -1.000000
vn 0.000000 1.000000 0.000000
vn 0.000000 1.000000 0.000000
vn 0.000000 1.000000 0.000000
vn 0.000000 1.000000 0.000000
vn 0.000000 1.000000 0.000000
vn 0.000000 1.000000 0.000000
vn 0.000000 1.000000 0.000000
vn 0.000000 1.000000 0.000000
vn 0.000000 1.000000 -0.000000
vn 0.000000 1.000000 -0.000000
vn 0.000000 1.000000 -0.000000
vn 0.000000 1.000000 -0.000000
vn 0.000000 1.000000 0.000000
vn 0.000000 1.000000 -0.000000
vn 0.000000 1.000000 -0.000000
vn 0.000000 1.000000 -0.000000
vn 0.000000 1.000000 0.000000
vn 0.000000 1.000000 -0.000000
vn -0.000000 1.000000 0.000000
vn -0.000000 1.000000 0.000000
vn -0.000000 1.000000 0.000000
vn -0.000000 1.000000 0.000000
vn -0.000000 1.000000 0.000000
vn 0.000000 1.000000 0.000000
vn 0.000000 1.000000 0.000000
vn 0.000000 1.000000 0.000000
vn 0.000000 1.000000 0.000000
vn 0.000000 1.000000 0.000000
vn 0.000000 1.000000 0.000000
vn 0.707107 0.000000 0.707107
vn 0.707107 0.000000 0.707107
vn 1.000000 0.000000 0.000000
vn 1.000000 -0.000000 0.000000
vn 1.000000 0.000000 0.000000
vn 1.000000 0.000000 -0.000000
vn 1.000000 0.000000 0.000000
vn 1.000000 0.000000 0.000000
vn 0.707107 0.000000 -0.707107
vn 0.707107 0.000000 -0.707107
vn 0.000000 -0.000000 1.000000
vn -0.000000 0.000000 1.000000
vn -0.000000 0.000000 1.000000
vn 0.000000 0.000000 1.000000
vn 0.000000 0.000000 1.000000
vn 0.000000 0.000000 1.000000
vn 0.000000 0.000000 1.000000
vn -0.000000 0.000000 1.000000
vn -0.000000 0.000000 1.000000
vn 0.000000 0.000000 1.000000
vn 0.000000 0.000000 -1.000000
vn 0.000000 0.000000 -1.000000
vn 0.000000 0.000000 -1.000000
vn 0.000000 0.000000 -1.000000
vn 0.000000 0.000000 -1.000000
vn 0.000000 0.000000 -1.000000
vn 0.000000 -1.000000 0.000000
vn 0.000000 -1.000000 0.000000
vn 0.000000 -1.000000 -0.000000
vn 0.000000 -1.000000 0.000000
vn 0.000000 -1.000000 -0.000000
vn -0.000000 -1.000000 0.000000
vn 0.000000 -1.000000 -0.000000
vn -0.000000 -1.000000 0.000000
vn 0.000000 -1.000000 -0.000000
vn -0.000000 -1.000000 0.000000
vn 0.000000 -1.000000 -0.000000
vn -0.000000 -1.000000 0.000000
vn 0.000000 -1.000000 -0.000000
vn -0.000000 -1.000000 0.000000
vn 0.000000 -1.000000 0.000000
vn -0.000000 -1.000000 0.000000
vn 0.000000 -1.000000 0.000000
vn -0.000000 -1.000000 0.000000
vn 0.000000 -1.000000 0.000000
vn -0.000000 -1.000000 0.000000
vn 0.000000 -1.000000 0.000000
vn 0.000000 -1.000000 0.000000
vn 0.000000 -1.000000 0.000000
vn 0.000000 -1.000000 0.000000
vn 0.000000 -1.000000 0.000000
vn 0.000000 -1.000000 0.000000
vn 0.000000 -1.000000 0.000000
vn 0.000000 -1.000000 0.000000
vn 0.000000 -1.000000 0.000000
vn 0.000000 -1.000000 0.000000
vn 0.000000 -1.000000 0.000000
vn 0.000000 -1.000000 0.000000
vn 0.000000 -1.000000 0.000000
vn 0.000000 -1.000000 0.000000
vn 0.000000 -1.000000 0.000000
vn 0.000000 -1.000000 0.000000
vn 0.000000 -1.000000 0.000000
vn 0.000000 -1.000000 0.000000
vn 0.000000 -1.000000 -0.000000
vn 0.000000 -1.000000 0.000000
vn 0.000000 -1.000000 -0.000000
vn 0.000000 -1.000000 0.000000
vn 0.000000 -1.000000 -0.000000
vn 0.000000 -1.000000 0.000000
vn 0.000000 -1.000000 -0.000000
vn 0.000000 -1.000000 0.000000
vn 0.000000 -1.000000 -0.000000
vn 0.000000 -1.000000 0.000000
vn 0.991446 0.000000 0.130521
vn 0.991446 0.000000 0.130521
vn 0.991446 0.000000 -0.130521
vn 0.991446 0.000000 -0.130521
vn 0.923881 0.000000 -0.382680
vn 0.923881 0.000000 -0.382680
vn 0.793351 0.000000 -0.608764
vn 0.793351 0.000000 -0.608764
vn 0.608746 0.000000 -0.793365
vn 0.608746 0.000000 -0.793365
vn 0.382680 0.000000 -0.923881
vn 0.382680 0.000000 -0.923881
vn 0.130550 0.000000 -0.991442
vn 0.130550 0.000000 -0.991442
vn -0.130550 0.000000 -0.991442
vn -0.130550 -0.000000 -0.991442
vn -0.382680 0.000000 -0.923881
vn -0.382680 -0.000000 -0.923881
vn -0.608746 0.000000 -0.793365
vn -0.608746 -0.000000 -0.793365
vn -0.793351 0.000000 -0.608764
vn -0.793351 -0.000000 -0.608764
vn -0.923881 0.000000 -0.382680
vn -0.923881 -0.000000 -0.382680
vn -0.991446 0.000000 -0.130521
vn -0.991446 -0.000000 -0.130521
vn -0.991446 0.000000 0.130521
vn -0.991446 0.000000 0.130521
vn -0.923881 0.000000 0.382680
vn -0.923881 0.000000 0.382680
vn -0.793351 0.000000 0.608764
vn -0.793351 0.000000 0.608764
vn -0.608764 0.000000 0.793351
vn -0.608764 0.000000 0.793351
vn -0.382680 0.000000 0.923881
vn -0.382680 0.000000 0.923881
vn -0.130521 0.000000 0.991446
vn -0.130521 0.000000 0.991446
vn 0.130521 0.000000 0.991446
vn 0.130521 0.000000 0.991446
vn 0.382680 0.000000 0.923881
vn 0.382680 0.000000 0.923881
vn 0.608764 0.000000 0.793351
vn 0.608764 0.000000 0.793351
vn 0.793351 0.000000 0.608764
vn 0.793351 0.000000 0.608764
vn 0.923881 0.000000 0.382680
vn 0.923881 0.000000 0.382680
vn 0.000000 -1.000000 0.000000
vn 0.000000 -1.000000 0.000000
vn 0.000000 -1.000000 -0.000000
vn 0.000000 -1.000000 0.000000
vn 0.000000 -1.000000 -0.000000
vn -0.000000 -1.000000 0.000000
vn 0.000000 -1.000000 -0.000000
vn -0.000000 -1.000000 0.000000
vn 0.000000 -1.000000 -0.000000
vn -0.000000 -1.000000 0.000000
vn 0.000000 -1.000000 -0.000000
vn -0.000000 -1.000000 0.000000
vn 0.000000 -1.000000 -0.000000
vn -0.000000 -1.000000 0.000000
vn 0.000000 -1.000000 0.000000
vn -0.000000 -1.000000 0.000000
vn 0.000000 -1.000000 0.000000
vn -0.000000 -1.000000 0.000000
vn 0.000000 -1.000000 0.000000
vn -0.000000 -1.000000 0.000000
vn 0.000000 -1.000000 0.000000
vn 0.000000 -1.000000 0.000000
vn 0.000000 -1.000000 0.000000
vn 0.000000 -1.000000 0.000000
vn 0.000000 -1.000000 0.000000
vn 0.000000 -1.000000 0.000000
vn 0.000000 -1.000000 0.000000
vn 0.000000 -1.000000 0.000000
vn 0.000000 -1.000000 0.000000
vn 0.000000 -1.000000 0.000000
vn 0.000000 -1.000000 0.000000
vn 0.000000 -1.000000 0.000000
vn 0.000000 -1.000000 0.000000
vn 0.000000 -1.000000 0.000000
vn 0.000000 -1.000000 0.000000
vn 0.000000 -1.000000 0.000000
vn 0.000000 -1.000000 0.000000
vn 0.000000 -1.000000 0.000000
vn 0.000000 -1.000000 -0.000000
vn 0.000000 -1.000000 0.000000
vn 0.000000 -1.000000 -0.000000
vn 0.000000 -1.000000 0.000000
vn 0.000000 -1.000000 -0.000000
vn 0.000000 -1.000000 0.000000
vn 0.000000 -1.000000 -0.000000
vn 0.000000 -1.000000 0.000000
vn 0.000000 -1.000000 -0.000000
vn 0.000000 -1.000000 0.000000
vn 0.991446 0.000000 -0.130521
vn 0.991446 0.000000 -0.130521
vn 0.991446 0.000000 0.130521
vn 0.991446 -0.000000 0.130521
vn 0.923881 0.000000 0.382680
vn 0.923881 -0.000000 0.382680
vn 0.793351 0.000000 0.608764
vn 0.793351 -0.000000 0.608764
vn 0.608746 0.000000 0.793365
vn 0.608746 -0.000000 0.793365
vn 0.382680 0.000000 0.923881
vn 0.382680 -0.000000 0.923881
vn 0.130550 0.000000 0.991442
vn 0.130550 -0.000000 0.991442
vn -0.130550 0.000000 0.991442
vn -0.130550 0.000000 0.991442
vn -0.382680 0.000000 0.923881
vn -0.382680 0.000000 0.923881
vn -0.608746 0.000000 0.793365
vn -0.608746 0.000000 0.793365
vn -0.793351 0.000000 0.608764
vn -0.793351 0.000000 0.608764
vn -0.923881 0.000000 0.382680
vn -0.923881 0.000000 0.382680
vn -0.991446 0.000000 0.130521
vn -0.991446 0.000000 0.130521
vn -0.991446 0.000000 -0.130521
vn -0.991446 0.000000 -0.130521
vn -0.923881 0.000000 -0.382680
vn -0.923881 0.000000 -0.382680
vn -0.793351 0.000000 -0.608764
vn -0.793351 0.000000 -0.608764
vn -0.608764 0.000000 -0.793351
vn -0.608764 0.000000 -0.793351
vn -0.382680 0.000000 -0.923881
vn -0.382680 0.000000 -0.923881
vn -0.130521 0.000000 -0.991446
vn -0.130521 0.000000 -0.991446
vn 0.130521 0.000000 -0.991446
vn 0.130521 0.000000 -0.991446
vn 0.382680 0.000000 -0.923881
vn 0.382680 0.000000 -0.923881
vn 0.608764 0.000000 -0.793351
vn 0.608764 0.000000 -0.793351
vn 0.793351 0.000000 -0.608764
vn 0.793351 0.000000 -0.608764
vn 0.923881 0.000000 -0.382680
vn 0.923881 0.000000 -0.382680
vn 0.991446 0.000000 0.130516
vn 0.991446 0.000000 0.130516
vn 0.991447 0.000000 -0.130510
vn 0.991447 0.000000 -0.130510
vn 0.923864 0.000000 -0.382722
vn 0.923864 0.000000 -0.382722
vn 0.793381 0.000000 -0.608726
vn 0.793381 0.000000 -0.608726
vn 0.608759 0.000000 -0.793355
vn 0.608759 0.000000 -0.793355
vn 0.382659 0.000000 -0.923890
vn 0.382659 0.000000 -0.923890
vn 0.130516 0.000000 -0.991446
vn 0.130516 0.000000 -0.991446
vn -0.130516 0.000000 -0.991446
vn -0.130516 -0.000000 -0.991446
vn -0.382659 0.000000 -0.923890
vn -0.382659 -0.000000 -0.923890
vn -0.608759 0.000000 -0.793355
vn -0.608759 -0.000000 -0.793355
vn -0.793381 0.000000 -0.608726
vn -0.793381 -0.000000 -0.608726
vn -0.923864 0.000000 -0.382722
vn -0.923864 -0.000000 -0.382722
vn -0.991447 0.000000 -0.130510
vn -0.991447 -0.000000 -0.130510
vn -0.991446 0.000000 0.130516
vn -0.991446 0.000000 0.130516
vn -0.923871 0.000000 0.382704
vn -0.923871 0.000000 0.382704
vn -0.793361 0.000000 0.608751
vn -0.793361 0.000000 0.608751
vn -0.608759 0.000000 0.793355
vn -0.608759 0.000000 0.793355
vn -0.382659 0.000000 0.923890
vn -0.382659 0.000000 0.923890
vn -0.130567 0.000000 0.991439
vn -0.130567 0.000000 0.991439
vn 0.130567 0.000000 0.991439
vn 0.130567 0.000000 0.991439
vn 0.382659 0.000000 0.923890
vn 0.382659 0.000000 0.923890
vn 0.608759 0.000000 0.793355
vn 0.608759 0.000000 0.793355
vn 0.793361 0.000000 0.608751
vn 0.793361 0.000000 0.608751
vn 0.923871 0.000000 0.382704
vn 0.923871 0.000000 0.382704
vn 0.991447 0.000000 0.130510
vn 0.991447 0.000000 0.130510
vn 0.991446 0.000000 -0.130516
vn 0.991446 0.000000 -0.130516
vn 0.923871 0.000000 -0.382704
vn 0.923871 0.000000 -0.382704
vn 0.793361 0.000000 -0.608751
vn 0.793361 0.000000 -0.608751
vn 0.608759 0.000000 -0.793355
vn 0.608759 0.000000 -0.793355
vn 0.382659 0.000000 -0.923890
vn 0.382659 0.000000 -0.923890
vn 0.130567 0.000000 -0.991439
vn 0.130567 0.000000 -0.991439
vn -0.130567 0.000000 -0.991439
vn -0.130567 -0.000000 -0.991439
vn -0.382659 0.000000 -0.923890
vn -0.382659 -0.000000 -0.923890
vn -0.608759 0.000000 -0.793355
vn -0.608759 -0.000000 -0.793355
vn -0.793361 0.000000 -0.608751
vn -0.793361 -0.000000 -0.608751
vn -0.923871 0.000000 -0.382704
vn -0.923871 -0.000000 -0.382704
vn -0.991446 0.000000 -0.130516
vn -0.991446 -0.000000 -0.130516
vn -0.991447 0.000000 0.130510
vn -0.991447 0.000000 0.130510
vn -0.923864 0.000000 0.382722
vn -0.923864 0.000000 0.382722
vn -0.793381 0.000000 0.608726
vn -0.793381 0.000000 0.608726
vn -0.608759 0.000000 0.793355
vn -0.608759 0.000000 0.793355
vn -0.382659 0.000000 0.923890
vn -0.382659 0.000000 0.923890
vn -0.130516 0.000000 0.991446
vn -0.130516 0.000000 0.991446
vn 0.130516 0.000000 0.991446
vn 0.130516 0.000000 0.991446
vn 0.382659 0.000000 0.923890
vn 0.382659 0.000000 0.923890
vn 0.608759 0.000000 0.793355
vn 0.608759 0.000000 0.793355
vn 0.793381 0.000000 0.608726
vn 0.793381 0.000000 0.608726
vn 0.923864 0.000000 0.382722
vn 0.923864 0.000000 0.382722
vn 0.371523 0.000000 0.928424
vn 0.371523 0.000000 0.928424
vn 0.828108 -0.000000 0.560569
vn 0.828108 -0.000000 0.560569
vn 1.000000 0.000000 0.000000
vn 1.000000 -0.000000 0.000000
vn 0.707107 -0.000000 0.707107
vn 0.707107 -0.000000 0.707107
vn 0.707107 -0.000000 0.707107
vn -0.707107 0.000000 0.707107
vn -0.707107 0.000000 0.707107
vn -0.707107 0.000000 0.707107
vn 0.000000 -0.000000 1.000000
vn 0.000000 0.000000 1.000000
vn -0.707107 0.000000 0.707107
vn -0.707107 0.000000 0.707107
vn -1.000000 0.000000 0.000000
vn -1.000000 0.000000 0.000000
vn -0.707107 0.000000 -0.707107
vn -0.707107 0.000000 -0.707107
vn -1.000000 0.000000 -0.000000
vn -1.000000 0.000000 0.000000
vn -1.000000 -0.000000 0.000000
vn -1.000000 0.000000 0.000000
vn -0.560567 0.000000 0.828109
vn -0.560567 0.000000 0.828109
vn 0.000000 1.000000 0.000000
vn 0.000000 1.000000 0.000000
vn 0.000000 1.000000 0.000000
vn 0.000000 1.000000 0.000000
vn 0.000000 1.000000 0.000000
vn 0.000000 1.000000 0.000000
vn 0.000000 1.000000 0.000000
vn 0.000000 1.000000 0.000000
vn -0.000000 1.000000 0.000000
vn 0.000000 1.000000 -0.000000
vn 0.000000 1.000000 -0.000000
vn 0.000000 1.000000 0.000000
vn -0.000000 1.000000 -0.000000
vn 0.000000 1.000000 -0.000000
vn 0.000000 1.000000 0.000000
vn -0.000000 1.000000 0.000000
vn -0.000000 1.000000 0.000000
vn 0.000000 1.000000 0.000000
vn -0.000000 1.000000 0.000000
vn 0.000000 1.000000 0.000000
vn 0.000000 1.000000 0.000000
vn 0.000000 1.000000 0.000000
vn 0.000000 1.000000 0.000000
vn 0.000000 1.000000 0.000000
vn 0.000000 1.000000 0.000000
vn 0.000000 1.000000 0.000000
vn 0.000000 1.000000 0.000000
vn -0.000000 1.000000 0.000000
vn 0.000000 1.000000 0.000000
vn 0.000000 1.000000 0.000000
vn 0.000000 1.000000 -0.000000
vn 0.000000 -0.000000 -1.000000
vn 0.000000 0.000000 -1.000000
vn 0.000000 1.000000 0.000000
vn 0.000000 1.000000 0.000000
vn 0.000000 1.000000 0.000000
vn 0.000000 1.000000 0.000000
vn 0.000000 1.000000 0.000000
vn 0.000000 1.000000 0.000000
vn -0.000000 1.000000 0.000000
vn 0.000000 1.000000 -0.000000
vn 0.000000 1.000000 -0.000000
vn -0.000000 1.000000 0.000000
vn 0.000000 1.000000 -0.000000
vn 0.000000 1.000000 -0.000000
vn -0.000000 1.000000 0.000000
vn -0.000000 1.000000 0.000000
vn -0.000000 1.000000 0.000000
vn 0.000000 1.000000 0.000000
vn 0.000000 1.000000 0.000000
vn 0.000000 1.000000 0.000000
vn 0.000000 1.000000 0.000000
vn 0.000000 1.000000 0.000000
vn 0.000000 1.000000 0.000000
vn 0.000000 1.000000 0.000000
vn 0.000000 1.000000 0.000000
vn 0.000000 1.000000 0.000000
vn 0.000000 1.000000 0.000000
vn 0.000000 1.000000 0.000000
vn -0.000000 1.000000 0.000000
vn -0.000000 1.000000 0.000000
vn 0.000000 1.000000 0.000000
vn -0.000000 1.000000 0.000000
vn 0.000000 1.000000 0.000000
vn 0.000000 1.000000 -0.000000
vn 1.000000 0.000000 0.000000
vn 1.000000 -0.000000 0.000000
vn 1.000000 0.000000 0.000000
vn 1.000000 0.000000 0.000000
vn 0.000000 0.000000 -1.000000
vn 0.000000 0.000000 -1.000000
vn 0.000000 0.000000 -1.000000
vn -0.000000 -0.000000 -1.000000
vn 0.000000 -0.000000 -1.000000
vn 0.000000 0.000000 -1.000000
vn 0.000000 -1.000000 0.000000
vn 0.987213 0.000000 0.159408
vn 0.987213 0.000000 0.159408
vn -0.986992 0.000000 0.160771
vn -0.986992 0.000000 0.160771
f 753//1 734//1 746//1
f 757//2 753//2 746//2
f 745//3 753//3 757//3
f 767//4 745//4 757//4
f 763//5 745//5 767//5
f 801//6 763//6 767//6
f 787//7 763//7 801//7
f 813//8 787//8 801//8
f 805//9 787//9 813//9
f 823//10 805//10 813//10
f 819//11 805//11 823//11
f 829//12 819//12 823//12
f 825//13 819//13 829//13
f 730//14 746//14 734//14
f 706//15 730//15 734//15
f 698//16 730//16 706//16
f 672//17 698//17 706//17
f 680//18 698//18 672//18
f 652//19 680//19 672//19
f 656//20 680//20 652//20
f 628//21 656//21 652//21
f 632//22 656//22 628//22
f 572//23 632//23 628//23
f 576//24 632//24 572//24
f 520//25 576//25 572//25
f 516//26 576//26 520//26
f 472//27 516//27 520//27
f 512//28 516//28 472//28
f 446//29 512//29 472//29
f 398//30 446//30 472//30
f 378//31 446//31 398//31
f 354//32 378//32 398//32
f 323//33 378//33 354//33
f 315//34 323//34 354//34
f 263//35 323//35 315//35
f 267//36 263//36 315//36
f 235//37 263//37 267//37
f 241//38 235//38 267//38
f 225//39 235//39 241//39
f 231//40 225//40 241//40
f 222//41 225//41 231//41
f 228//42 222//42 231//42
f 230//43 222//43 228//43
f 238//44 230//44 228//44
f 244//45 230//45 238//45
f 252//46 244//46 238//46
f 258//47 244//47 252//47
f 270//48 258//48 252//48
f 272//49 258//49 270//49
f 280//50 272//50 270//50
f 290//51 272//51 280//51
f 282//52 290//52 280//52
f 298//53 290//53 282//53
f 652//54 672//54 644//54
f 620//55 652//55 644//55
f 628//56 652//56 620//56
f 568//57 628//57 620//57
f 572//58 628//58 568//58
f 524//59 572//59 568//59
f 520//60 572//60 524//60
f 476//61 520//61 524//61
f 472//62 520//62 476//62
f 398//63 472//63 476//63
f 620//64 644//64 584//64
f 556//65 620//65 584//65
f 568//66 620//66 556//66
f 528//67 568//67 556//67
f 524//68 568//68 528//68
f 480//69 524//69 528//69
f 476//70 524//70 480//70
f 402//71 476//71 480//71
f 398//72 476//72 402//72
f 354//73 398//73 402//73
f 556//74 584//74 536//74
f 532//75 556//75 536//75
f 528//76 556//76 532//76
f 484//77 528//77 532//77
f 480//78 528//78 484//78
f 406//79 480//79 484//79
f 402//80 480//80 406//80
f 370//81 402//81 406//81
f 354//82 402//82 370//82
f 315//83 354//83 370//83
f 496//84 532//84 536//84
f 464//85 496//85 536//85
f 418//86 496//86 464//86
f 390//87 418//87 464//87
f 386//88 418//88 390//88
f 362//89 386//89 390//89
f 358//90 386//90 362//90
f 339//91 358//91 362//91
f 319//92 358//92 339//92
f 295//93 319//93 339//93
f 277//94 319//94 295//94
f 259//95 277//95 295//95
f 245//96 277//96 259//96
f 238//97 245//97 259//97
f 228//98 245//98 238//98
f 339//99 362//99 327//99
f 307//100 339//100 327//100
f 295//101 339//101 307//101
f 273//102 295//102 307//102
f 259//103 295//103 273//103
f 252//104 259//104 273//104
f 238//105 259//105 252//105
f 307//106 327//106 299//106
f 291//107 307//107 299//107
f 273//108 307//108 291//108
f 270//109 273//109 291//109
f 252//110 273//110 270//110
f 291//111 299//111 282//111
f 280//112 291//112 282//112
f 270//113 291//113 280//113
f 306//114 290//114 298//114
f 326//115 306//115 298//115
f 338//116 306//116 326//116
f 361//117 338//117 326//117
f 357//118 338//118 361//118
f 385//119 357//119 361//119
f 381//120 357//120 385//120
f 409//121 381//121 385//121
f 405//122 381//122 409//122
f 479//123 405//123 409//123
f 475//124 405//124 479//124
f 519//125 475//125 479//125
f 515//126 475//126 519//126
f 579//127 515//127 519//127
f 511//128 515//128 579//128
f 599//129 511//129 579//129
f 639//130 599//130 579//130
f 659//131 599//131 639//131
f 683//132 659//132 639//132
f 713//133 659//133 683//133
f 721//134 713//134 683//134
f 781//135 713//135 721//135
f 773//136 781//136 721//136
f 815//137 781//137 773//137
f 809//138 815//138 773//138
f 825//139 815//139 809//139
f 819//140 825//140 809//140
f 385//141 361//141 389//141
f 417//142 385//142 389//142
f 409//143 385//143 417//143
f 483//144 409//144 417//144
f 479//145 409//145 483//145
f 523//146 479//146 483//146
f 519//147 479//147 523//147
f 575//148 519//148 523//148
f 579//149 519//149 575//149
f 639//150 579//150 575//150
f 417//151 389//151 463//151
f 495//152 417//152 463//152
f 483//153 417//153 495//153
f 527//154 483//154 495//154
f 523//155 483//155 527//155
f 571//156 523//156 527//156
f 575//157 523//157 571//157
f 635//158 575//158 571//158
f 639//159 575//159 635//159
f 683//160 639//160 635//160
f 495//161 463//161 535//161
f 531//162 495//162 535//162
f 527//163 495//163 531//163
f 567//164 527//164 531//164
f 571//165 527//165 567//165
f 631//166 571//166 567//166
f 635//167 571//167 631//167
f 667//168 635//168 631//168
f 683//169 635//169 667//169
f 721//170 683//170 667//170
f 555//171 531//171 535//171
f 583//172 555//172 535//172
f 619//173 555//173 583//173
f 643//174 619//174 583//174
f 651//175 619//175 643//175
f 671//176 651//176 643//176
f 679//177 651//177 671//177
f 697//178 679//178 671//178
f 717//179 679//179 697//179
f 741//180 717//180 697//180
f 759//181 717//181 741//181
f 787//182 759//182 741//182
f 805//183 759//183 787//183
f 697//184 671//184 705//184
f 729//185 697//185 705//185
f 741//186 697//186 729//186
f 763//187 741//187 729//187
f 787//188 741//188 763//188
f 729//189 705//189 733//189
f 745//190 729//190 733//190
f 763//191 729//191 745//191
f 745//192 733//192 753//192
f 471//193 515//193 511//193
f 445//194 471//194 511//194
f 397//195 471//195 445//195
f 377//196 397//196 445//196
f 353//197 397//197 377//197
f 322//198 353//198 377//198
f 314//199 353//199 322//199
f 262//200 314//200 322//200
f 266//201 314//201 262//201
f 234//202 266//202 262//202
f 240//203 266//203 234//203
f 224//204 240//204 234//204
f 230//205 240//205 224//205
f 222//206 230//206 224//206
f 580//207 516//207 512//207
f 600//208 580//208 512//208
f 640//209 580//209 600//209
f 660//210 640//210 600//210
f 684//211 640//211 660//211
f 714//212 684//212 660//212
f 722//213 684//213 714//213
f 782//214 722//214 714//214
f 774//215 722//215 782//215
f 816//216 774//216 782//216
f 810//217 774//217 816//217
f 826//218 810//218 816//218
f 820//219 810//219 826//219
f 829//220 820//220 826//220
f 823//221 820//221 829//221
f 496//222 484//222 532//222
f 580//223 576//223 516//223
f 764//224 767//224 757//224
f 746//225 764//225 757//225
f 742//226 764//226 746//226
f 730//227 742//227 746//227
f 718//228 742//228 730//228
f 698//229 718//229 730//229
f 688//230 718//230 698//230
f 680//231 688//231 698//231
f 656//232 688//232 680//232
f 788//233 801//233 767//233
f 764//234 788//234 767//234
f 760//235 788//235 764//235
f 742//236 760//236 764//236
f 726//237 760//237 742//237
f 718//238 726//238 742//238
f 694//239 726//239 718//239
f 688//240 694//240 718//240
f 664//241 694//241 688//241
f 656//242 664//242 688//242
f 632//243 664//243 656//243
f 806//244 813//244 801//244
f 788//245 806//245 801//245
f 796//246 806//246 788//246
f 760//247 796//247 788//247
f 750//248 796//248 760//248
f 726//249 750//249 760//249
f 702//250 750//250 726//250
f 694//251 702//251 726//251
f 668//252 702//252 694//252
f 664//253 668//253 694//253
f 636//254 668//254 664//254
f 632//255 636//255 664//255
f 576//256 636//256 632//256
f 820//257 823//257 813//257
f 806//258 820//258 813//258
f 810//259 820//259 806//259
f 796//260 810//260 806//260
f 774//261 810//261 796//261
f 750//262 774//262 796//262
f 722//263 774//263 750//263
f 702//264 722//264 750//264
f 684//265 722//265 702//265
f 668//266 684//266 702//266
f 640//267 684//267 668//267
f 636//268 640//268 668//268
f 580//269 640//269 636//269
f 576//270 580//270 636//270
f 410//271 484//271 496//271
f 418//272 410//272 496//272
f 382//273 410//273 418//273
f 386//274 382//274 418//274
f 347//275 382//275 386//275
f 358//276 347//276 386//276
f 319//277 347//277 358//277
f 406//278 484//278 410//278
f 374//279 406//279 410//279
f 370//280 406//280 374//280
f 335//281 370//281 374//281
f 315//282 370//282 335//282
f 267//283 315//283 335//283
f 382//284 374//284 410//284
f 343//285 374//285 382//285
f 347//286 343//286 382//286
f 311//287 343//287 347//287
f 319//288 311//288 347//288
f 277//289 311//289 319//289
f 343//290 311//290 287//290
f 335//291 343//291 287//291
f 374//292 343//292 335//292
f 287//293 241//293 267//293
f 335//294 287//294 267//294
f 255//295 287//295 311//295
f 277//296 255//296 311//296
f 245//297 255//297 277//297
f 255//298 231//298 241//298
f 287//299 255//299 241//299
f 245//300 231//300 255//300
f 245//301 228//301 231//301
f 294//302 272//302 290//302
f 306//303 294//303 290//303
f 318//304 294//304 306//304
f 338//305 318//305 306//305
f 346//306 318//306 338//306
f 357//307 346//307 338//307
f 381//308 346//308 357//308
f 276//309 258//309 272//309
f 294//310 276//310 272//310
f 310//311 276//311 294//311
f 318//312 310//312 294//312
f 342//313 310//313 318//313
f 346//314 342//314 318//314
f 373//315 342//315 346//315
f 381//316 373//316 346//316
f 405//317 373//317 381//317
f 244//318 240//318 230//318
f 254//319 244//319 258//319
f 276//320 254//320 258//320
f 286//321 254//321 276//321
f 310//322 286//322 276//322
f 334//323 286//323 310//323
f 342//324 334//324 310//324
f 369//325 334//325 342//325
f 373//326 369//326 342//326
f 401//327 369//327 373//327
f 405//328 401//328 373//328
f 475//329 401//329 405//329
f 254//330 266//330 240//330
f 244//331 254//331 240//331
f 286//332 266//332 254//332
f 286//333 314//333 266//333
f 334//334 314//334 286//334
f 353//335 314//335 334//335
f 369//336 353//336 334//336
f 397//337 353//337 369//337
f 401//338 397//338 369//338
f 471//339 397//339 401//339
f 475//340 471//340 401//340
f 515//341 471//341 475//341
f 567//342 531//342 555//342
f 627//343 567//343 555//343
f 631//344 567//344 627//344
f 663//345 631//345 627//345
f 667//346 631//346 663//346
f 701//347 667//347 663//347
f 721//348 667//348 701//348
f 773//349 721//349 701//349
f 627//350 555//350 619//350
f 655//351 627//351 619//351
f 663//352 627//352 655//352
f 693//353 663//353 655//353
f 701//354 663//354 693//354
f 749//355 701//355 693//355
f 773//356 701//356 749//356
f 809//357 773//357 749//357
f 655//358 619//358 651//358
f 687//359 655//359 651//359
f 693//360 655//360 687//360
f 725//361 693//361 687//361
f 749//362 693//362 725//362
f 795//363 749//363 725//363
f 809//364 749//364 795//364
f 819//365 809//365 795//365
f 687//366 679//366 717//366
f 725//367 687//367 717//367
f 759//368 795//368 725//368
f 717//369 759//369 725//369
f 687//370 651//370 679//370
f 805//371 819//371 795//371
f 759//372 805//372 795//372
f 1477//373 1474//373 1687//373
f 1731//374 1477//374 1687//374
f 1473//375 1477//375 1731//375
f 1463//376 1473//376 1731//376
f 1761//377 1463//377 1731//377
f 1439//378 1463//378 1761//378
f 2837//379 1439//379 1761//379
f 1379//380 1439//380 2837//380
f 1315//381 1379//381 2837//381
f 1255//382 1315//382 2837//382
f 1163//383 1255//383 2837//383
f 111//384 1163//384 2837//384
f 1099//385 1163//385 111//385
f 599//386 1099//386 111//386
f 1019//387 1099//387 599//387
f 659//388 1019//388 599//388
f 955//389 1019//389 659//389
f 713//390 955//390 659//390
f 895//391 955//391 713//391
f 781//392 895//392 713//392
f 871//393 895//393 781//393
f 815//394 871//394 781//394
f 861//395 871//395 815//395
f 825//396 861//396 815//396
f 859//397 861//397 825//397
f 829//398 859//398 825//398
f 862//399 859//399 829//399
f 826//400 862//400 829//400
f 872//401 862//401 826//401
f 816//402 872//402 826//402
f 896//403 872//403 816//403
f 782//404 896//404 816//404
f 956//405 896//405 782//405
f 714//406 956//406 782//406
f 849//407 956//407 714//407
f 660//408 849//408 714//408
f 835//409 849//409 660//409
f 600//410 835//410 660//410
f 453//411 835//411 600//411
f 512//412 453//412 600//412
f 446//413 453//413 512//413
f 1657//414 1687//414 1474//414
f 1464//415 1657//415 1474//415
f 1440//416 1657//416 1464//416
f 1627//417 1657//417 1440//417
f 1380//418 1627//418 1440//418
f 1601//419 1627//419 1380//419
f 1316//420 1601//420 1380//420
f 1563//421 1601//421 1316//421
f 1256//422 1563//422 1316//422
f 1523//423 1563//423 1256//423
f 1506//424 1523//424 1256//424
f 1164//425 1506//425 1256//425
f 1501//426 1506//426 1164//426
f 1200//427 1501//427 1164//427
f 1507//428 1501//428 1200//428
f 1524//429 1507//429 1200//429
f 1564//430 1524//430 1200//430
f 1491//431 1564//431 1200//431
f 1602//432 1564//432 1491//432
f 1628//433 1602//433 1491//433
f 1494//434 1628//434 1491//434
f 1658//435 1628//435 1494//435
f 1503//436 1658//436 1494//436
f 1511//437 1658//437 1503//437
f 857//438 1200//438 1164//438
f 1100//439 857//439 1164//439
f 853//440 857//440 1100//440
f 1020//441 853//441 1100//441
f 849//442 853//442 1020//442
f 956//443 849//443 1020//443
f 830//444 828//444 864//444
f 860//445 830//445 864//445
f 827//446 830//446 860//446
f 863//447 827//447 860//447
f 817//448 827//448 863//448
f 873//449 817//449 863//449
f 783//450 817//450 873//450
f 897//451 783//451 873//451
f 715//452 783//452 897//452
f 957//453 715//453 897//453
f 850//454 715//454 957//454
f 1021//455 850//455 957//455
f 1101//456 850//456 1021//456
f 874//457 864//457 828//457
f 818//458 874//458 828//458
f 898//459 874//459 818//459
f 784//460 898//460 818//460
f 958//461 898//461 784//461
f 716//462 958//462 784//462
f 351//463 958//463 716//463
f 662//464 351//464 716//464
f 602//465 351//465 662//465
f 351//466 602//466 514//466
f 448//467 351//467 514//467
f 380//468 351//468 448//468
f 351//469 380//469 325//469
f 113//470 351//470 325//470
f 265//471 113//471 325//471
f 237//472 113//472 265//472
f 113//473 237//473 227//473
f 223//474 113//474 227//474
f 226//475 113//475 223//475
f 219//476 113//476 226//476
f 236//477 219//477 226//477
f 264//478 219//478 236//478
f 219//479 264//479 324//479
f 379//480 219//480 324//480
f 447//481 219//481 379//481
f 444//482 219//482 447//482
f 513//483 444//483 447//483
f 601//484 444//484 513//484
f 840//485 444//485 601//485
f 661//486 840//486 601//486
f 850//487 840//487 661//487
f 715//488 850//488 661//488
f 858//489 854//489 1004//489
f 1003//490 858//490 1004//490
f 857//491 858//491 1003//491
f 1012//492 857//492 1003//492
f 1028//493 857//493 1012//493
f 854//494 853//494 849//494
f 850//495 854//495 849//495
f 1005//496 854//496 850//496
f 1006//497 1005//497 850//497
f 1018//498 1006//498 850//498
f 1030//499 1018//499 850//499
f 1038//500 1030//500 850//500
f 1054//501 1038//501 850//501
f 1062//502 1054//502 850//502
f 1090//503 1062//503 850//503
f 1130//504 1090//504 850//504
f 1101//505 1130//505 850//505
f 1210//506 1130//506 1101//506
f 1165//507 1210//507 1101//507
f 1257//508 1210//508 1165//508
f 2198//509 2158//509 2199//509
f 2208//510 2198//510 2199//510
f 2204//511 2198//511 2208//511
f 2158//512 2157//512 2151//512
f 2152//513 2158//513 2151//513
f 2159//514 2158//514 2152//514
f 2160//515 2159//515 2152//515
f 2158//516 2159//516 2199//516
f 2212//517 2208//517 2199//517
f 2200//518 2212//518 2199//518
f 2192//519 2212//519 2200//519
f 2212//520 2192//520 2188//520
f 2184//521 2212//521 2188//521
f 2180//522 2212//522 2184//522
f 2212//523 2180//523 2176//523
f 2172//524 2212//524 2176//524
f 2168//525 2212//525 2172//525
f 2285//526 2212//526 2168//526
f 2164//527 2285//527 2168//527
f 2082//528 2285//528 2164//528
f 2044//529 2082//529 2164//529
f 2127//530 2044//530 2164//530
f 1988//531 2044//531 2127//531
f 1962//532 1988//532 2127//532
f 1441//533 1962//533 2127//533
f 1465//534 1962//534 1441//534
f 1441//535 2127//535 2079//535
f 1381//536 1441//536 2079//536
f 1496//537 1381//537 2079//537
f 1492//538 1381//538 1496//538
f 1505//539 1496//539 2079//539
f 2063//540 1505//540 2079//540
f 1513//541 1505//541 2063//541
f 2055//542 1513//542 2063//542
f 1520//543 1513//543 2055//543
f 2046//544 1520//544 2055//544
f 1532//545 1520//545 2046//545
f 2039//546 1532//546 2046//546
f 1539//547 1532//547 2039//547
f 2031//548 1539//548 2039//548
f 1551//549 1539//549 2031//549
f 2019//550 1551//550 2031//550
f 2013//551 1551//551 2019//551
f 2013//552 2012//552 1553//552
f 1547//553 2013//553 1553//553
f 1556//554 2013//554 1547//554
f 2012//555 2021//555 1549//555
f 1569//556 2012//556 1549//556
f 1570//557 2012//557 1569//557
f 1549//558 2021//558 2033//558
f 1537//559 1549//559 2033//559
f 1732//560 1537//560 2033//560
f 1688//561 1537//561 1732//561
f 1732//562 2033//562 2041//562
f 2048//563 1732//563 2041//563
f 1762//564 1732//564 2048//564
f 2057//565 1762//565 2048//565
f 2065//566 1762//566 2057//566
f 1802//567 1762//567 2065//567
f 2081//568 1802//568 2065//568
f 1863//569 1802//569 2081//569
f 2126//570 1863//570 2081//570
f 1890//571 1863//571 2126//571
f 1908//572 1890//572 2126//572
f 2163//573 1908//573 2126//573
f 1911//574 1908//574 2163//574
f 1907//575 1911//575 2163//575
f 2203//576 1907//576 2163//576
f 1889//577 1907//577 2203//577
f 2207//578 1889//578 2203//578
f 1862//579 1889//579 2207//579
f 2211//580 1862//580 2207//580
f 2543//581 1862//581 2211//581
f 2217//582 2543//582 2211//582
f 2529//583 2543//583 2217//583
f 2314//584 2529//584 2217//584
f 2524//585 2529//585 2314//585
f 2481//586 2524//586 2314//586
f 2523//587 2524//587 2481//587
f 2511//588 2523//588 2481//588
f 2525//589 2523//589 2511//589
f 2515//590 2525//590 2511//590
f 2530//591 2525//591 2515//591
f 2519//592 2530//592 2515//592
f 2544//593 2530//593 2519//593
f 2522//594 2544//594 2519//594
f 2578//595 2544//595 2522//595
f 2608//596 2578//596 2522//596
f 2640//597 2608//597 2522//597
f 2764//598 2640//598 2522//598
f 2670//599 2640//599 2764//599
f 2720//600 2670//600 2764//600
f 2754//601 2720//601 2764//601
f 2832//602 2754//602 2764//602
f 2782//603 2754//603 2832//603
f 2812//604 2782//604 2832//604
f 2835//605 2812//605 2832//605
f 2824//606 2812//606 2835//606
f 2847//607 2824//607 2835//607
f 2829//608 2824//608 2847//608
f 2830//609 2829//609 2847//609
f 2828//610 2830//610 2847//610
f 3047//611 2828//611 2847//611
f 2823//612 2828//612 3047//612
f 2811//613 2823//613 3047//613
f 2838//614 2811//614 3047//614
f 2781//615 2811//615 2838//615
f 2753//616 2781//616 2838//616
f 2719//617 2753//617 2838//617
f 2669//618 2719//618 2838//618
f 2639//619 2669//619 2838//619
f 2607//620 2639//620 2838//620
f 2837//621 2607//621 2838//621
f 2577//622 2607//622 2837//622
f 1801//623 2577//623 2837//623
f 1862//624 2577//624 1801//624
f 2203//625 2163//625 2166//625
f 2170//626 2203//626 2166//626
f 2174//627 2203//627 2170//627
f 2203//628 2174//628 2178//628
f 2182//629 2203//629 2178//629
f 2186//630 2203//630 2182//630
f 2203//631 2186//631 2190//631
f 2197//632 2203//632 2190//632
f 2204//633 2203//633 2197//633
f 2198//634 2204//634 2197//634
f 2211//635 2207//635 2208//635
f 2212//636 2211//636 2208//636
f 2516//637 2512//637 2256//637
f 2548//638 2516//638 2256//638
f 2520//639 2516//639 2548//639
f 2481//640 2256//640 2512//640
f 2511//641 2481//641 2512//641
f 2520//642 2519//642 2515//642
f 2516//643 2520//643 2515//643
f 2548//644 2256//644 2448//644
f 2449//645 2548//645 2448//645
f 2418//646 2548//646 2449//646
f 2378//647 2418//647 2449//647
f 2297//648 2378//648 2449//648
f 2352//649 2378//649 2297//649
f 2220//650 2352//650 2297//650
f 2310//651 2352//651 2220//651
f 2212//652 2310//652 2220//652
f 2285//653 2310//653 2212//653
f 2220//654 2297//654 2219//654
f 2314//655 2217//655 2218//655
f 2848//656 2836//656 2722//656
f 3048//657 2848//657 2722//657
f 3047//658 2848//658 3048//658
f 2832//659 2722//659 2836//659
f 2835//660 2832//660 2836//660
f 3047//661 2847//661 2848//661
f 2012//662 1570//662 1558//662
f 1553//663 2012//663 1558//663
f 1547//664 1553//664 1543//664
f 1541//665 1547//665 1543//665
f 1528//666 1541//666 1543//666
f 1526//667 1541//667 1528//667
f 1515//668 1526//668 1528//668
f 1509//669 1526//669 1515//669
f 1500//670 1509//670 1515//670
f 1498//671 1509//671 1500//671
f 1488//672 1498//672 1500//672
f 2013//673 1556//673 1571//673
f 1572//674 2013//674 1571//674
f 1551//675 2013//675 1572//675
f 1492//676 1210//676 1257//676
f 1317//677 1492//677 1257//677
f 1381//678 1492//678 1317//678
f 1005//679 1325//679 1338//679
f 1337//680 1005//680 1338//680
f 1004//681 1005//681 1337//681
f 1324//682 1004//682 1337//682
f 1484//683 1324//683 1337//683
f 1483//684 1324//684 1484//684
f 1325//685 1326//685 1486//685
f 1485//686 1325//686 1486//686
f 1338//687 1325//687 1485//687
f 1324//688 1483//688 1323//688
f 857//689 1028//689 1036//689
f 1052//690 857//690 1036//690
f 1060//691 857//691 1052//691
f 857//692 1060//692 1088//692
f 1128//693 857//693 1088//693
f 1200//694 857//694 1128//694
f 1688//695 1658//695 1511//695
f 1518//696 1688//696 1511//696
f 1530//697 1688//697 1518//697
f 1688//698 1530//698 1537//698
f 444//699 840//699 804//699
f 770//700 444//700 804//700
f 772//701 770//701 804//701
f 800//702 772//702 804//702
f 778//703 772//703 800//703
f 794//704 778//704 800//704
f 780//705 778//705 794//705
f 792//706 780//706 794//706
f 786//707 780//707 792//707
f 112//708 113//708 219//708
f 218//709 112//709 219//709
f 323//710 112//710 218//710
f 378//711 323//711 218//711
f 446//712 378//712 218//712
f 453//713 446//713 218//713
f 692//714 835//714 453//714
f 454//715 692//715 453//715
f 450//716 692//716 454//716
f 692//717 450//717 442//717
f 432//718 692//718 442//718
f 430//719 692//719 432//719
f 835//720 692//720 832//720
f 836//721 835//721 832//721
f 838//722 836//722 832//722
f 842//723 838//723 832//723
f 844//724 842//724 832//724
f 846//725 844//725 832//725
f 1862//726 2543//726 2577//726
f 351//727 1888//727 1837//727
f 1166//728 351//728 1837//728
f 1102//729 351//729 1166//729
f 1166//730 1837//730 1789//730
f 1258//731 1166//731 1789//731
f 1769//732 1258//732 1789//732
f 1318//733 1258//733 1769//733
f 1765//734 1318//734 1769//734
f 1382//735 1318//735 1765//735
f 1766//736 1382//736 1765//736
f 1770//737 1382//737 1766//737
f 1442//738 1382//738 1770//738
f 1790//739 1442//739 1770//739
f 1466//740 1442//740 1790//740
f 1848//741 1466//741 1790//741
f 1476//742 1466//742 1848//742
f 1895//743 1476//743 1848//743
f 1478//744 1476//744 1895//744
f 1475//745 1478//745 1895//745
f 1922//746 1475//746 1895//746
f 1465//747 1475//747 1922//747
f 1962//748 1465//748 1922//748
f 2257//749 2285//749 2082//749
f 2110//750 2257//750 2082//750
f 2232//751 2257//751 2110//751
f 2137//752 2232//752 2110//752
f 2224//753 2232//753 2137//753
f 2145//754 2224//754 2137//754
f 2222//755 2224//755 2145//755
f 2147//756 2222//756 2145//756
f 2221//757 2222//757 2147//757
f 2148//758 2221//758 2147//758
f 2223//759 2221//759 2148//759
f 2146//760 2223//760 2148//760
f 2231//761 2223//761 2146//761
f 2138//762 2231//762 2146//762
f 2248//763 2231//763 2138//763
f 2117//764 2248//764 2138//764
f 2282//765 2248//765 2117//765
f 2085//766 2282//766 2117//766
f 2548//767 2418//767 2440//767
f 2839//768 2548//768 2440//768
f 2722//769 2548//769 2839//769
f 3048//770 2722//770 2839//770
f 2839//771 2440//771 2472//771
f 2497//772 2839//772 2472//772
f 2505//773 2839//773 2497//773
f 2839//774 2505//774 2507//774
f 2840//775 2839//775 2507//775
f 2508//776 2840//776 2507//776
f 2506//777 2840//777 2508//777
f 2840//778 2506//778 2498//778
f 2479//779 2840//779 2498//779
f 2443//780 2840//780 2479//780
f 111//781 112//781 322//781
f 377//782 111//782 322//782
f 445//783 111//783 377//783
f 2837//784 1761//784 1801//784
f 2592//785 2555//785 2634//785
f 2690//786 2592//786 2634//786
f 2591//787 2592//787 2690//787
f 2689//788 2591//788 2690//788
f 2764//789 2591//789 2689//789
f 2740//790 2764//790 2689//790
f 2690//791 2634//791 2714//791
f 2522//792 2532//792 2591//792
f 2764//793 2522//793 2591//793
f 351//794 1102//794 1022//794
f 958//795 351//795 1022//795
f 112//796 323//796 263//796
f 235//797 112//797 263//797
f 225//798 112//798 235//798
f 112//799 225//799 222//799
f 224//800 112//800 222//800
f 234//801 112//801 224//801
f 112//802 234//802 262//802
f 322//803 112//803 262//803
f 111//804 445//804 511//804
f 599//805 111//805 511//805
f 1005//806 1004//806 854//806
f 755//807 738//807 734//807
f 753//808 755//808 734//808
f 737//809 755//809 753//809
f 733//810 737//810 753//810
f 709//811 737//811 733//811
f 705//812 709//812 733//812
f 675//813 709//813 705//813
f 671//814 675//814 705//814
f 647//815 675//815 671//815
f 643//816 647//816 671//816
f 587//817 647//817 643//817
f 583//818 587//818 643//818
f 539//819 587//819 583//819
f 535//820 539//820 583//820
f 467//821 539//821 535//821
f 463//822 467//822 535//822
f 393//823 467//823 463//823
f 389//824 393//824 463//824
f 365//825 393//825 389//825
f 361//826 365//826 389//826
f 330//827 365//827 361//827
f 326//828 330//828 361//828
f 302//829 330//829 326//829
f 298//830 302//830 326//830
f 284//831 302//831 298//831
f 282//832 284//832 298//832
f 303//833 284//833 282//833
f 299//834 303//834 282//834
f 331//835 303//835 299//835
f 327//836 331//836 299//836
f 366//837 331//837 327//837
f 362//838 366//838 327//838
f 394//839 366//839 362//839
f 390//840 394//840 362//840
f 468//841 394//841 390//841
f 464//842 468//842 390//842
f 542//843 468//843 464//843
f 536//844 542//844 464//844
f 588//845 542//845 536//845
f 584//846 588//846 536//846
f 648//847 588//847 584//847
f 644//848 648//848 584//848
f 676//849 648//849 644//849
f 672//850 676//850 644//850
f 710//851 676//851 672//851
f 706//852 710//852 672//852
f 738//853 710//853 706//853
f 734//854 738//854 706//854
f 1419//855 1400//855 1412//855
f 1423//856 1419//856 1412//856
f 1411//857 1419//857 1423//857
f 1433//858 1411//858 1423//858
f 1429//859 1411//859 1433//859
f 1451//860 1429//860 1433//860
f 1443//861 1429//861 1451//861
f 1461//862 1443//862 1451//862
f 1453//863 1443//863 1461//863
f 1471//864 1453//864 1461//864
f 1467//865 1453//865 1471//865
f 1477//866 1467//866 1471//866
f 1473//867 1467//867 1477//867
f 1396//868 1412//868 1400//868
f 1372//869 1396//869 1400//869
f 1364//870 1396//870 1372//870
f 1340//871 1364//871 1372//871
f 1348//872 1364//872 1340//872
f 1308//873 1348//873 1340//873
f 1312//874 1348//874 1308//874
f 1284//875 1312//875 1308//875
f 1288//876 1312//876 1284//876
f 1228//877 1288//877 1284//877
f 1232//878 1288//878 1228//878
f 1172//879 1232//879 1228//879
f 1168//880 1232//880 1172//880
f 1120//881 1168//881 1172//881
f 1164//882 1168//882 1120//882
f 1100//883 1164//883 1120//883
f 1048//884 1100//884 1120//884
f 1020//885 1100//885 1048//885
f 984//886 1020//886 1048//886
f 956//887 1020//887 984//887
f 948//888 956//888 984//888
f 896//889 956//889 948//889
f 900//890 896//890 948//890
f 872//891 896//891 900//891
f 878//892 872//892 900//892
f 862//893 872//893 878//893
f 868//894 862//894 878//894
f 859//895 862//895 868//895
f 865//896 859//896 868//896
f 867//897 859//897 865//897
f 875//898 867//898 865//898
f 881//899 867//899 875//899
f 885//900 881//900 875//900
f 891//901 881//901 885//901
f 903//902 891//902 885//902
f 905//903 891//903 903//903
f 913//904 905//904 903//904
f 923//905 905//905 913//905
f 915//906 923//906 913//906
f 931//907 923//907 915//907
f 1308//908 1340//908 1300//908
f 1276//909 1308//909 1300//909
f 1284//910 1308//910 1276//910
f 1224//911 1284//911 1276//911
f 1228//912 1284//912 1224//912
f 1176//913 1228//913 1224//913
f 1172//914 1228//914 1176//914
f 1124//915 1172//915 1176//915
f 1120//916 1172//916 1124//916
f 1048//917 1120//917 1124//917
f 1276//918 1300//918 1240//918
f 1212//919 1276//919 1240//919
f 1224//920 1276//920 1212//920
f 1180//921 1224//921 1212//921
f 1176//922 1224//922 1180//922
f 1132//923 1176//923 1180//923
f 1124//924 1176//924 1132//924
f 1056//925 1124//925 1132//925
f 1048//926 1124//926 1056//926
f 984//927 1048//927 1056//927
f 1212//928 1240//928 1188//928
f 1184//929 1212//929 1188//929
f 1180//930 1212//930 1184//930
f 1136//931 1180//931 1184//931
f 1132//932 1180//932 1136//932
f 1064//933 1132//933 1136//933
f 1056//934 1132//934 1064//934
f 1008//935 1056//935 1064//935
f 984//936 1056//936 1008//936
f 948//937 984//937 1008//937
f 1148//938 1184//938 1188//938
f 1112//939 1148//939 1188//939
f 1076//940 1148//940 1112//940
f 1040//941 1076//941 1112//941
f 1032//942 1076//942 1040//942
f 992//943 1032//943 1040//943
f 988//944 1032//944 992//944
f 972//945 988//945 992//945
f 952//946 988//946 972//946
f 928//947 952//947 972//947
f 910//948 952//948 928//948
f 892//949 910//949 928//949
f 882//950 910//950 892//950
f 875//951 882//951 892//951
f 865//952 882//952 875//952
f 972//953 992//953 960//953
f 940//954 972//954 960//954
f 928//955 972//955 940//955
f 906//956 928//956 940//956
f 892//957 928//957 906//957
f 885//958 892//958 906//958
f 875//959 892//959 885//959
f 940//960 960//960 932//960
f 924//961 940//961 932//961
f 906//962 940//962 924//962
f 903//963 906//963 924//963
f 885//964 906//964 903//964
f 924//965 932//965 915//965
f 913//966 924//966 915//966
f 903//967 924//967 913//967
f 939//968 923//968 931//968
f 959//969 939//969 931//969
f 971//970 939//970 959//970
f 991//971 971//971 959//971
f 987//972 971//972 991//972
f 1031//973 987//973 991//973
f 1023//974 987//974 1031//974
f 1067//975 1023//975 1031//975
f 1063//976 1023//976 1067//976
f 1131//977 1063//977 1067//977
f 1123//978 1063//978 1131//978
f 1171//979 1123//979 1131//979
f 1167//980 1123//980 1171//980
f 1235//981 1167//981 1171//981
f 1163//982 1167//982 1235//982
f 1255//983 1163//983 1235//983
f 1295//984 1255//984 1235//984
f 1315//985 1255//985 1295//985
f 1351//986 1315//986 1295//986
f 1379//987 1315//987 1351//987
f 1387//988 1379//988 1351//988
f 1439//989 1379//989 1387//989
f 1435//990 1439//990 1387//990
f 1463//991 1439//991 1435//991
f 1457//992 1463//992 1435//992
f 1473//993 1463//993 1457//993
f 1467//994 1473//994 1457//994
f 1031//995 991//995 1039//995
f 1075//996 1031//996 1039//996
f 1067//997 1031//997 1075//997
f 1135//998 1067//998 1075//998
f 1131//999 1067//999 1135//999
f 1175//1000 1131//1000 1135//1000
f 1171//1001 1131//1001 1175//1001
f 1231//1002 1171//1002 1175//1002
f 1235//1003 1171//1003 1231//1003
f 1295//1004 1235//1004 1231//1004
f 1075//1005 1039//1005 1111//1005
f 1147//1006 1075//1006 1111//1006
f 1135//1007 1075//1007 1147//1007
f 1179//1008 1135//1008 1147//1008
f 1175//1009 1135//1009 1179//1009
f 1227//1010 1175//1010 1179//1010
f 1231//1011 1175//1011 1227//1011
f 1291//1012 1231//1012 1227//1012
f 1295//1013 1231//1013 1291//1013
f 1351//1014 1295//1014 1291//1014
f 1147//1015 1111//1015 1187//1015
f 1183//1016 1147//1016 1187//1016
f 1179//1017 1147//1017 1183//1017
f 1223//1018 1179//1018 1183//1018
f 1227//1019 1179//1019 1223//1019
f 1287//1020 1227//1020 1223//1020
f 1291//1021 1227//1021 1287//1021
f 1331//1022 1291//1022 1287//1022
f 1351//1023 1291//1023 1331//1023
f 1387//1024 1351//1024 1331//1024
f 1211//1025 1183//1025 1187//1025
f 1239//1026 1211//1026 1187//1026
f 1275//1027 1211//1027 1239//1027
f 1299//1028 1275//1028 1239//1028
f 1307//1029 1275//1029 1299//1029
f 1339//1030 1307//1030 1299//1030
f 1347//1031 1307//1031 1339//1031
f 1363//1032 1347//1032 1339//1032
f 1383//1033 1347//1033 1363//1033
f 1407//1034 1383//1034 1363//1034
f 1425//1035 1383//1035 1407//1035
f 1443//1036 1425//1036 1407//1036
f 1453//1037 1425//1037 1443//1037
f 1363//1038 1339//1038 1371//1038
f 1395//1039 1363//1039 1371//1039
f 1407//1040 1363//1040 1395//1040
f 1429//1041 1407//1041 1395//1041
f 1443//1042 1407//1042 1429//1042
f 1395//1043 1371//1043 1399//1043
f 1411//1044 1395//1044 1399//1044
f 1429//1045 1395//1045 1411//1045
f 1411//1046 1399//1046 1419//1046
f 1119//1047 1167//1047 1163//1047
f 1099//1048 1119//1048 1163//1048
f 1047//1049 1119//1049 1099//1049
f 1019//1050 1047//1050 1099//1050
f 983//1051 1047//1051 1019//1051
f 955//1052 983//1052 1019//1052
f 947//1053 983//1053 955//1053
f 895//1054 947//1054 955//1054
f 899//1055 947//1055 895//1055
f 871//1056 899//1056 895//1056
f 877//1057 899//1057 871//1057
f 861//1058 877//1058 871//1058
f 867//1059 877//1059 861//1059
f 859//1060 867//1060 861//1060
f 1236//1061 1168//1061 1164//1061
f 1256//1062 1236//1062 1164//1062
f 1296//1063 1236//1063 1256//1063
f 1316//1064 1296//1064 1256//1064
f 1352//1065 1296//1065 1316//1065
f 1380//1066 1352//1066 1316//1066
f 1388//1067 1352//1067 1380//1067
f 1440//1068 1388//1068 1380//1068
f 1436//1069 1388//1069 1440//1069
f 1464//1070 1436//1070 1440//1070
f 1458//1071 1436//1071 1464//1071
f 1474//1072 1458//1072 1464//1072
f 1468//1073 1458//1073 1474//1073
f 1477//1074 1468//1074 1474//1074
f 1471//1075 1468//1075 1477//1075
f 1148//1076 1136//1076 1184//1076
f 1236//1077 1232//1077 1168//1077
f 1430//1078 1433//1078 1423//1078
f 1412//1079 1430//1079 1423//1079
f 1408//1080 1430//1080 1412//1080
f 1396//1081 1408//1081 1412//1081
f 1384//1082 1408//1082 1396//1082
f 1364//1083 1384//1083 1396//1083
f 1356//1084 1384//1084 1364//1084
f 1348//1085 1356//1085 1364//1085
f 1312//1086 1356//1086 1348//1086
f 1444//1087 1451//1087 1433//1087
f 1430//1088 1444//1088 1433//1088
f 1426//1089 1444//1089 1430//1089
f 1408//1090 1426//1090 1430//1090
f 1392//1091 1426//1091 1408//1091
f 1384//1092 1392//1092 1408//1092
f 1360//1093 1392//1093 1384//1093
f 1356//1094 1360//1094 1384//1094
f 1328//1095 1360//1095 1356//1095
f 1312//1096 1328//1096 1356//1096
f 1288//1097 1328//1097 1312//1097
f 1454//1098 1461//1098 1451//1098
f 1444//1099 1454//1099 1451//1099
f 1448//1100 1454//1100 1444//1100
f 1426//1101 1448//1101 1444//1101
f 1416//1102 1448//1102 1426//1102
f 1392//1103 1416//1103 1426//1103
f 1368//1104 1416//1104 1392//1104
f 1360//1105 1368//1105 1392//1105
f 1332//1106 1368//1106 1360//1106
f 1328//1107 1332//1107 1360//1107
f 1292//1108 1332//1108 1328//1108
f 1288//1109 1292//1109 1328//1109
f 1232//1110 1292//1110 1288//1110
f 1468//1111 1471//1111 1461//1111
f 1454//1112 1468//1112 1461//1112
f 1458//1113 1468//1113 1454//1113
f 1448//1114 1458//1114 1454//1114
f 1436//1115 1458//1115 1448//1115
f 1416//1116 1436//1116 1448//1116
f 1388//1117 1436//1117 1416//1117
f 1368//1118 1388//1118 1416//1118
f 1352//1119 1388//1119 1368//1119
f 1332//1120 1352//1120 1368//1120
f 1296//1121 1352//1121 1332//1121
f 1292//1122 1296//1122 1332//1122
f 1236//1123 1296//1123 1292//1123
f 1232//1124 1236//1124 1292//1124
f 1068//1125 1136//1125 1148//1125
f 1076//1126 1068//1126 1148//1126
f 1024//1127 1068//1127 1076//1127
f 1032//1128 1024//1128 1076//1128
f 980//1129 1024//1129 1032//1129
f 988//1130 980//1130 1032//1130
f 952//1131 980//1131 988//1131
f 1064//1132 1136//1132 1068//1132
f 1014//1133 1064//1133 1068//1133
f 1008//1134 1064//1134 1014//1134
f 968//1135 1008//1135 1014//1135
f 948//1136 1008//1136 968//1136
f 900//1137 948//1137 968//1137
f 1024//1138 1014//1138 1068//1138
f 976//1139 1014//1139 1024//1139
f 980//1140 976//1140 1024//1140
f 944//1141 976//1141 980//1141
f 952//1142 944//1142 980//1142
f 910//1143 944//1143 952//1143
f 976//1144 944//1144 920//1144
f 968//1145 976//1145 920//1145
f 1014//1146 976//1146 968//1146
f 920//1147 878//1147 900//1147
f 968//1148 920//1148 900//1148
f 888//1149 920//1149 944//1149
f 910//1150 888//1150 944//1150
f 882//1151 888//1151 910//1151
f 888//1152 868//1152 878//1152
f 920//1153 888//1153 878//1153
f 882//1154 868//1154 888//1154
f 882//1155 865//1155 868//1155
f 927//1156 905//1156 923//1156
f 939//1157 927//1157 923//1157
f 951//1158 927//1158 939//1158
f 971//1159 951//1159 939//1159
f 979//1160 951//1160 971//1160
f 987//1161 979//1161 971//1161
f 1023//1162 979//1162 987//1162
f 909//1163 891//1163 905//1163
f 927//1164 909//1164 905//1164
f 943//1165 909//1165 927//1165
f 951//1166 943//1166 927//1166
f 975//1167 943//1167 951//1167
f 979//1168 975//1168 951//1168
f 1013//1169 975//1169 979//1169
f 1023//1170 1013//1170 979//1170
f 1063//1171 1013//1171 1023//1171
f 881//1172 877//1172 867//1172
f 887//1173 881//1173 891//1173
f 909//1174 887//1174 891//1174
f 919//1175 887//1175 909//1175
f 943//1176 919//1176 909//1176
f 967//1177 919//1177 943//1177
f 975//1178 967//1178 943//1178
f 1007//1179 967//1179 975//1179
f 1013//1180 1007//1180 975//1180
f 1055//1181 1007//1181 1013//1181
f 1063//1182 1055//1182 1013//1182
f 1123//1183 1055//1183 1063//1183
f 887//1184 899//1184 877//1184
f 881//1185 887//1185 877//1185
f 919//1186 899//1186 887//1186
f 919//1187 947//1187 899//1187
f 967//1188 947//1188 919//1188
f 983//1189 947//1189 967//1189
f 1007//1190 983//1190 967//1190
f 1047//1191 983//1191 1007//1191
f 1055//1192 1047//1192 1007//1192
f 1119//1193 1047//1193 1055//1193
f 1123//1194 1119//1194 1055//1194
f 1167//1195 1119//1195 1123//1195
f 1223//1196 1183//1196 1211//1196
f 1283//1197 1223//1197 1211//1197
f 1287//1198 1223//1198 1283//1198
f 1327//1199 1287//1199 1283//1199
f 1331//1200 1287//1200 1327//1200
f 1367//1201 1331//1201 1327//1201
f 1387//1202 1331//1202 1367//1202
f 1435//1203 1387//1203 1367//1203
f 1283//1204 1211//1204 1275//1204
f 1311//1205 1283//1205 1275//1205
f 1327//1206 1283//1206 1311//1206
f 1359//1207 1327//1207 1311//1207
f 1367//1208 1327//1208 1359//1208
f 1415//1209 1367//1209 1359//1209
f 1435//1210 1367//1210 1415//1210
f 1457//1211 1435//1211 1415//1211
f 1311//1212 1275//1212 1307//1212
f 1355//1213 1311//1213 1307//1213
f 1359//1214 1311//1214 1355//1214
f 1391//1215 1359//1215 1355//1215
f 1415//1216 1359//1216 1391//1216
f 1447//1217 1415//1217 1391//1217
f 1457//1218 1415//1218 1447//1218
f 1467//1219 1457//1219 1447//1219
f 1355//1220 1347//1220 1383//1220
f 1391//1221 1355//1221 1383//1221
f 1425//1222 1447//1222 1391//1222
f 1383//1223 1425//1223 1391//1223
f 1355//1224 1307//1224 1347//1224
f 1453//1225 1467//1225 1447//1225
f 1425//1226 1453//1226 1447//1226
f 1421//1227 1404//1227 1400//1227
f 1419//1228 1421//1228 1400//1228
f 1403//1229 1421//1229 1419//1229
f 1399//1230 1403//1230 1419//1230
f 1375//1231 1403//1231 1399//1231
f 1371//1232 1375//1232 1399//1232
f 1343//1233 1375//1233 1371//1233
f 1339//1234 1343//1234 1371//1234
f 1303//1235 1343//1235 1339//1235
f 1299//1236 1303//1236 1339//1236
f 1243//1237 1303//1237 1299//1237
f 1239//1238 1243//1238 1299//1238
f 1191//1239 1243//1239 1239//1239
f 1187//1240 1191//1240 1239//1240
f 1115//1241 1191//1241 1187//1241
f 1111//1242 1115//1242 1187//1242
f 1043//1243 1115//1243 1111//1243
f 1039//1244 1043//1244 1111//1244
f 995//1245 1043//1245 1039//1245
f 991//1246 995//1246 1039//1246
f 963//1247 995//1247 991//1247
f 959//1248 963//1248 991//1248
f 935//1249 963//1249 959//1249
f 931//1250 935//1250 959//1250
f 917//1251 935//1251 931//1251
f 915//1252 917//1252 931//1252
f 936//1253 917//1253 915//1253
f 932//1254 936//1254 915//1254
f 964//1255 936//1255 932//1255
f 960//1256 964//1256 932//1256
f 996//1257 964//1257 960//1257
f 992//1258 996//1258 960//1258
f 1044//1259 996//1259 992//1259
f 1040//1260 1044//1260 992//1260
f 1116//1261 1044//1261 1040//1261
f 1112//1262 1116//1262 1040//1262
f 1194//1263 1116//1263 1112//1263
f 1188//1264 1194//1264 1112//1264
f 1244//1265 1194//1265 1188//1265
f 1240//1266 1244//1266 1188//1266
f 1304//1267 1244//1267 1240//1267
f 1300//1268 1304//1268 1240//1268
f 1344//1269 1304//1269 1300//1269
f 1340//1270 1344//1270 1300//1270
f 1376//1271 1344//1271 1340//1271
f 1372//1272 1376//1272 1340//1272
f 1404//1273 1376//1273 1372//1273
f 1400//1274 1404//1274 1372//1274
f 1420//1275 1402//1275 1414//1275
f 1424//1276 1420//1276 1414//1276
f 1413//1277 1420//1277 1424//1277
f 1434//1278 1413//1278 1424//1278
f 1431//1279 1413//1279 1434//1279
f 1452//1280 1431//1280 1434//1280
f 1445//1281 1431//1281 1452//1281
f 1462//1282 1445//1282 1452//1282
f 1455//1283 1445//1283 1462//1283
f 1472//1284 1455//1284 1462//1284
f 1469//1285 1455//1285 1472//1285
f 1478//1286 1469//1286 1472//1286
f 1475//1287 1469//1287 1478//1287
f 1398//1288 1414//1288 1402//1288
f 1374//1289 1398//1289 1402//1289
f 1366//1290 1398//1290 1374//1290
f 1342//1291 1366//1291 1374//1291
f 1350//1292 1366//1292 1342//1292
f 1310//1293 1350//1293 1342//1293
f 1314//1294 1350//1294 1310//1294
f 1286//1295 1314//1295 1310//1295
f 1290//1296 1314//1296 1286//1296
f 1230//1297 1290//1297 1286//1297
f 1234//1298 1290//1298 1230//1298
f 1174//1299 1234//1299 1230//1299
f 1170//1300 1234//1300 1174//1300
f 1122//1301 1170//1301 1174//1301
f 1166//1302 1170//1302 1122//1302
f 1102//1303 1166//1303 1122//1303
f 1050//1304 1102//1304 1122//1304
f 1022//1305 1102//1305 1050//1305
f 986//1306 1022//1306 1050//1306
f 958//1307 1022//1307 986//1307
f 950//1308 958//1308 986//1308
f 898//1309 958//1309 950//1309
f 902//1310 898//1310 950//1310
f 874//1311 898//1311 902//1311
f 880//1312 874//1312 902//1312
f 864//1313 874//1313 880//1313
f 870//1314 864//1314 880//1314
f 860//1315 864//1315 870//1315
f 866//1316 860//1316 870//1316
f 869//1317 860//1317 866//1317
f 876//1318 869//1318 866//1318
f 883//1319 869//1319 876//1319
f 886//1320 883//1320 876//1320
f 893//1321 883//1321 886//1321
f 904//1322 893//1322 886//1322
f 907//1323 893//1323 904//1323
f 914//1324 907//1324 904//1324
f 925//1325 907//1325 914//1325
f 916//1326 925//1326 914//1326
f 933//1327 925//1327 916//1327
f 1310//1328 1342//1328 1302//1328
f 1278//1329 1310//1329 1302//1329
f 1286//1330 1310//1330 1278//1330
f 1226//1331 1286//1331 1278//1331
f 1230//1332 1286//1332 1226//1332
f 1178//1333 1230//1333 1226//1333
f 1174//1334 1230//1334 1178//1334
f 1126//1335 1174//1335 1178//1335
f 1122//1336 1174//1336 1126//1336
f 1050//1337 1122//1337 1126//1337
f 1278//1338 1302//1338 1242//1338
f 1214//1339 1278//1339 1242//1339
f 1226//1340 1278//1340 1214//1340
f 1182//1341 1226//1341 1214//1341
f 1178//1342 1226//1342 1182//1342
f 1134//1343 1178//1343 1182//1343
f 1126//1344 1178//1344 1134//1344
f 1058//1345 1126//1345 1134//1345
f 1050//1346 1126//1346 1058//1346
f 986//1347 1050//1347 1058//1347
f 1214//1348 1242//1348 1190//1348
f 1186//1349 1214//1349 1190//1349
f 1182//1350 1214//1350 1186//1350
f 1138//1351 1182//1351 1186//1351
f 1134//1352 1182//1352 1138//1352
f 1066//1353 1134//1353 1138//1353
f 1058//1354 1134//1354 1066//1354
f 1010//1355 1058//1355 1066//1355
f 986//1356 1058//1356 1010//1356
f 950//1357 986//1357 1010//1357
f 1150//1358 1186//1358 1190//1358
f 1114//1359 1150//1359 1190//1359
f 1078//1360 1150//1360 1114//1360
f 1042//1361 1078//1361 1114//1361
f 1034//1362 1078//1362 1042//1362
f 994//1363 1034//1363 1042//1363
f 990//1364 1034//1364 994//1364
f 974//1365 990//1365 994//1365
f 954//1366 990//1366 974//1366
f 930//1367 954//1367 974//1367
f 912//1368 954//1368 930//1368
f 894//1369 912//1369 930//1369
f 884//1370 912//1370 894//1370
f 876//1371 884//1371 894//1371
f 866//1372 884//1372 876//1372
f 974//1373 994//1373 962//1373
f 942//1374 974//1374 962//1374
f 930//1375 974//1375 942//1375
f 908//1376 930//1376 942//1376
f 894//1377 930//1377 908//1377
f 886//1378 894//1378 908//1378
f 876//1379 894//1379 886//1379
f 942//1380 962//1380 934//1380
f 926//1381 942//1381 934//1381
f 908//1382 942//1382 926//1382
f 904//1383 908//1383 926//1383
f 886//1384 908//1384 904//1384
f 926//1385 934//1385 916//1385
f 914//1386 926//1386 916//1386
f 904//1387 926//1387 914//1387
f 941//1388 925//1388 933//1388
f 961//1389 941//1389 933//1389
f 973//1390 941//1390 961//1390
f 993//1391 973//1391 961//1391
f 989//1392 973//1392 993//1392
f 1033//1393 989//1393 993//1393
f 1025//1394 989//1394 1033//1394
f 1069//1395 1025//1395 1033//1395
f 1065//1396 1025//1396 1069//1396
f 1133//1397 1065//1397 1069//1397
f 1125//1398 1065//1398 1133//1398
f 1173//1399 1125//1399 1133//1399
f 1169//1400 1125//1400 1173//1400
f 1237//1401 1169//1401 1173//1401
f 1165//1402 1169//1402 1237//1402
f 1257//1403 1165//1403 1237//1403
f 1297//1404 1257//1404 1237//1404
f 1317//1405 1257//1405 1297//1405
f 1353//1406 1317//1406 1297//1406
f 1381//1407 1317//1407 1353//1407
f 1389//1408 1381//1408 1353//1408
f 1441//1409 1381//1409 1389//1409
f 1437//1410 1441//1410 1389//1410
f 1465//1411 1441//1411 1437//1411
f 1459//1412 1465//1412 1437//1412
f 1475//1413 1465//1413 1459//1413
f 1469//1414 1475//1414 1459//1414
f 1033//1415 993//1415 1041//1415
f 1077//1416 1033//1416 1041//1416
f 1069//1417 1033//1417 1077//1417
f 1137//1418 1069//1418 1077//1418
f 1133//1419 1069//1419 1137//1419
f 1177//1420 1133//1420 1137//1420
f 1173//1421 1133//1421 1177//1421
f 1233//1422 1173//1422 1177//1422
f 1237//1423 1173//1423 1233//1423
f 1297//1424 1237//1424 1233//1424
f 1077//1425 1041//1425 1113//1425
f 1149//1426 1077//1426 1113//1426
f 1137//1427 1077//1427 1149//1427
f 1181//1428 1137//1428 1149//1428
f 1177//1429 1137//1429 1181//1429
f 1229//1430 1177//1430 1181//1430
f 1233//1431 1177//1431 1229//1431
f 1293//1432 1233//1432 1229//1432
f 1297//1433 1233//1433 1293//1433
f 1353//1434 1297//1434 1293//1434
f 1149//1435 1113//1435 1189//1435
f 1185//1436 1149//1436 1189//1436
f 1181//1437 1149//1437 1185//1437
f 1225//1438 1181//1438 1185//1438
f 1229//1439 1181//1439 1225//1439
f 1289//1440 1229//1440 1225//1440
f 1293//1441 1229//1441 1289//1441
f 1333//1442 1293//1442 1289//1442
f 1353//1443 1293//1443 1333//1443
f 1389//1444 1353//1444 1333//1444
f 1213//1445 1185//1445 1189//1445
f 1241//1446 1213//1446 1189//1446
f 1277//1447 1213//1447 1241//1447
f 1301//1448 1277//1448 1241//1448
f 1309//1449 1277//1449 1301//1449
f 1341//1450 1309//1450 1301//1450
f 1349//1451 1309//1451 1341//1451
f 1365//1452 1349//1452 1341//1452
f 1385//1453 1349//1453 1365//1453
f 1409//1454 1385//1454 1365//1454
f 1427//1455 1385//1455 1409//1455
f 1445//1456 1427//1456 1409//1456
f 1455//1457 1427//1457 1445//1457
f 1365//1458 1341//1458 1373//1458
f 1397//1459 1365//1459 1373//1459
f 1409//1460 1365//1460 1397//1460
f 1431//1461 1409//1461 1397//1461
f 1445//1462 1409//1462 1431//1462
f 1397//1463 1373//1463 1401//1463
f 1413//1464 1397//1464 1401//1464
f 1431//1465 1397//1465 1413//1465
f 1413//1466 1401//1466 1420//1466
f 1121//1467 1169//1467 1165//1467
f 1101//1468 1121//1468 1165//1468
f 1049//1469 1121//1469 1101//1469
f 1021//1470 1049//1470 1101//1470
f 985//1471 1049//1471 1021//1471
f 957//1472 985//1472 1021//1472
f 949//1473 985//1473 957//1473
f 897//1474 949//1474 957//1474
f 901//1475 949//1475 897//1475
f 873//1476 901//1476 897//1476
f 879//1477 901//1477 873//1477
f 863//1478 879//1478 873//1478
f 869//1479 879//1479 863//1479
f 860//1480 869//1480 863//1480
f 1238//1481 1170//1481 1166//1481
f 1258//1482 1238//1482 1166//1482
f 1298//1483 1238//1483 1258//1483
f 1318//1484 1298//1484 1258//1484
f 1354//1485 1298//1485 1318//1485
f 1382//1486 1354//1486 1318//1486
f 1390//1487 1354//1487 1382//1487
f 1442//1488 1390//1488 1382//1488
f 1438//1489 1390//1489 1442//1489
f 1466//1490 1438//1490 1442//1490
f 1460//1491 1438//1491 1466//1491
f 1476//1492 1460//1492 1466//1492
f 1470//1493 1460//1493 1476//1493
f 1478//1494 1470//1494 1476//1494
f 1472//1495 1470//1495 1478//1495
f 1150//1496 1138//1496 1186//1496
f 1238//1497 1234//1497 1170//1497
f 1432//1498 1434//1498 1424//1498
f 1414//1499 1432//1499 1424//1499
f 1410//1500 1432//1500 1414//1500
f 1398//1501 1410//1501 1414//1501
f 1386//1502 1410//1502 1398//1502
f 1366//1503 1386//1503 1398//1503
f 1358//1504 1386//1504 1366//1504
f 1350//1505 1358//1505 1366//1505
f 1314//1506 1358//1506 1350//1506
f 1446//1507 1452//1507 1434//1507
f 1432//1508 1446//1508 1434//1508
f 1428//1509 1446//1509 1432//1509
f 1410//1510 1428//1510 1432//1510
f 1394//1511 1428//1511 1410//1511
f 1386//1512 1394//1512 1410//1512
f 1362//1513 1394//1513 1386//1513
f 1358//1514 1362//1514 1386//1514
f 1330//1515 1362//1515 1358//1515
f 1314//1516 1330//1516 1358//1516
f 1290//1517 1330//1517 1314//1517
f 1456//1518 1462//1518 1452//1518
f 1446//1519 1456//1519 1452//1519
f 1450//1520 1456//1520 1446//1520
f 1428//1521 1450//1521 1446//1521
f 1418//1522 1450//1522 1428//1522
f 1394//1523 1418//1523 1428//1523
f 1370//1524 1418//1524 1394//1524
f 1362//1525 1370//1525 1394//1525
f 1334//1526 1370//1526 1362//1526
f 1330//1527 1334//1527 1362//1527
f 1294//1528 1334//1528 1330//1528
f 1290//1529 1294//1529 1330//1529
f 1234//1530 1294//1530 1290//1530
f 1470//1531 1472//1531 1462//1531
f 1456//1532 1470//1532 1462//1532
f 1460//1533 1470//1533 1456//1533
f 1450//1534 1460//1534 1456//1534
f 1438//1535 1460//1535 1450//1535
f 1418//1536 1438//1536 1450//1536
f 1390//1537 1438//1537 1418//1537
f 1370//1538 1390//1538 1418//1538
f 1354//1539 1390//1539 1370//1539
f 1334//1540 1354//1540 1370//1540
f 1298//1541 1354//1541 1334//1541
f 1294//1542 1298//1542 1334//1542
f 1238//1543 1298//1543 1294//1543
f 1234//1544 1238//1544 1294//1544
f 1070//1545 1138//1545 1150//1545
f 1078//1546 1070//1546 1150//1546
f 1026//1547 1070//1547 1078//1547
f 1034//1548 1026//1548 1078//1548
f 982//1549 1026//1549 1034//1549
f 990//1550 982//1550 1034//1550
f 954//1551 982//1551 990//1551
f 1066//1552 1138//1552 1070//1552
f 1016//1553 1066//1553 1070//1553
f 1010//1554 1066//1554 1016//1554
f 970//1555 1010//1555 1016//1555
f 950//1556 1010//1556 970//1556
f 902//1557 950//1557 970//1557
f 1026//1558 1016//1558 1070//1558
f 978//1559 1016//1559 1026//1559
f 982//1560 978//1560 1026//1560
f 946//1561 978//1561 982//1561
f 954//1562 946//1562 982//1562
f 912//1563 946//1563 954//1563
f 978//1564 946//1564 922//1564
f 970//1565 978//1565 922//1565
f 1016//1566 978//1566 970//1566
f 922//1567 880//1567 902//1567
f 970//1568 922//1568 902//1568
f 890//1569 922//1569 946//1569
f 912//1570 890//1570 946//1570
f 884//1571 890//1571 912//1571
f 890//1572 870//1572 880//1572
f 922//1573 890//1573 880//1573
f 884//1574 870//1574 890//1574
f 884//1575 866//1575 870//1575
f 929//1576 907//1576 925//1576
f 941//1577 929//1577 925//1577
f 953//1578 929//1578 941//1578
f 973//1579 953//1579 941//1579
f 981//1580 953//1580 973//1580
f 989//1581 981//1581 973//1581
f 1025//1582 981//1582 989//1582
f 911//1583 893//1583 907//1583
f 929//1584 911//1584 907//1584
f 945//1585 911//1585 929//1585
f 953//1586 945//1586 929//1586
f 977//1587 945//1587 953//1587
f 981//1588 977//1588 953//1588
f 1015//1589 977//1589 981//1589
f 1025//1590 1015//1590 981//1590
f 1065//1591 1015//1591 1025//1591
f 883//1592 879//1592 869//1592
f 889//1593 883//1593 893//1593
f 911//1594 889//1594 893//1594
f 921//1595 889//1595 911//1595
f 945//1596 921//1596 911//1596
f 969//1597 921//1597 945//1597
f 977//1598 969//1598 945//1598
f 1009//1599 969//1599 977//1599
f 1015//1600 1009//1600 977//1600
f 1057//1601 1009//1601 1015//1601
f 1065//1602 1057//1602 1015//1602
f 1125//1603 1057//1603 1065//1603
f 889//1604 901//1604 879//1604
f 883//1605 889//1605 879//1605
f 921//1606 901//1606 889//1606
f 921//1607 949//1607 901//1607
f 969//1608 949//1608 921//1608
f 985//1609 949//1609 969//1609
f 1009//1610 985//1610 969//1610
f 1049//1611 985//1611 1009//1611
f 1057//1612 1049//1612 1009//1612
f 1121//1613 1049//1613 1057//1613
f 1125//1614 1121//1614 1057//1614
f 1169//1615 1121//1615 1125//1615
f 1225//1616 1185//1616 1213//1616
f 1285//1617 1225//1617 1213//1617
f 1289//1618 1225//1618 1285//1618
f 1329//1619 1289//1619 1285//1619
f 1333//1620 1289//1620 1329//1620
f 1369//1621 1333//1621 1329//1621
f 1389//1622 1333//1622 1369//1622
f 1437//1623 1389//1623 1369//1623
f 1285//1624 1213//1624 1277//1624
f 1313//1625 1285//1625 1277//1625
f 1329//1626 1285//1626 1313//1626
f 1361//1627 1329//1627 1313//1627
f 1369//1628 1329//1628 1361//1628
f 1417//1629 1369//1629 1361//1629
f 1437//1630 1369//1630 1417//1630
f 1459//1631 1437//1631 1417//1631
f 1313//1632 1277//1632 1309//1632
f 1357//1633 1313//1633 1309//1633
f 1361//1634 1313//1634 1357//1634
f 1393//1635 1361//1635 1357//1635
f 1417//1636 1361//1636 1393//1636
f 1449//1637 1417//1637 1393//1637
f 1459//1638 1417//1638 1449//1638
f 1469//1639 1459//1639 1449//1639
f 1357//1640 1349//1640 1385//1640
f 1393//1641 1357//1641 1385//1641
f 1427//1642 1449//1642 1393//1642
f 1385//1643 1427//1643 1393//1643
f 1357//1644 1309//1644 1349//1644
f 1455//1645 1469//1645 1449//1645
f 1427//1646 1455//1646 1449//1646
f 1422//1647 1406//1647 1402//1647
f 1420//1648 1422//1648 1402//1648
f 1405//1649 1422//1649 1420//1649
f 1401//1650 1405//1650 1420//1650
f 1377//1651 1405//1651 1401//1651
f 1373//1652 1377//1652 1401//1652
f 1345//1653 1377//1653 1373//1653
f 1341//1654 1345//1654 1373//1654
f 1305//1655 1345//1655 1341//1655
f 1301//1656 1305//1656 1341//1656
f 1245//1657 1305//1657 1301//1657
f 1241//1658 1245//1658 1301//1658
f 1195//1659 1245//1659 1241//1659
f 1189//1660 1195//1660 1241//1660
f 1117//1661 1195//1661 1189//1661
f 1113//1662 1117//1662 1189//1662
f 1045//1663 1117//1663 1113//1663
f 1041//1664 1045//1664 1113//1664
f 997//1665 1045//1665 1041//1665
f 993//1666 997//1666 1041//1666
f 965//1667 997//1667 993//1667
f 961//1668 965//1668 993//1668
f 937//1669 965//1669 961//1669
f 933//1670 937//1670 961//1670
f 918//1671 937//1671 933//1671
f 916//1672 918//1672 933//1672
f 938//1673 918//1673 916//1673
f 934//1674 938//1674 916//1674
f 966//1675 938//1675 934//1675
f 962//1676 966//1676 934//1676
f 998//1677 966//1677 962//1677
f 994//1678 998//1678 962//1678
f 1046//1679 998//1679 994//1679
f 1042//1680 1046//1680 994//1680
f 1118//1681 1046//1681 1042//1681
f 1114//1682 1118//1682 1042//1682
f 1198//1683 1118//1683 1114//1683
f 1190//1684 1198//1684 1114//1684
f 1246//1685 1198//1685 1190//1685
f 1242//1686 1246//1686 1190//1686
f 1306//1687 1246//1687 1242//1687
f 1302//1688 1306//1688 1242//1688
f 1346//1689 1306//1689 1302//1689
f 1342//1690 1346//1690 1302//1690
f 1378//1691 1346//1691 1342//1691
f 1374//1692 1378//1692 1342//1692
f 1406//1693 1378//1693 1374//1693
f 1402//1694 1406//1694 1374//1694
f 754//1695 736//1695 748//1695
f 758//1696 754//1696 748//1696
f 747//1697 754//1697 758//1697
f 768//1698 747//1698 758//1698
f 765//1699 747//1699 768//1699
f 802//1700 765//1700 768//1700
f 789//1701 765//1701 802//1701
f 814//1702 789//1702 802//1702
f 807//1703 789//1703 814//1703
f 824//1704 807//1704 814//1704
f 821//1705 807//1705 824//1705
f 830//1706 821//1706 824//1706
f 827//1707 821//1707 830//1707
f 732//1708 748//1708 736//1708
f 708//1709 732//1709 736//1709
f 700//1710 732//1710 708//1710
f 674//1711 700//1711 708//1711
f 682//1712 700//1712 674//1712
f 654//1713 682//1713 674//1713
f 658//1714 682//1714 654//1714
f 630//1715 658//1715 654//1715
f 634//1716 658//1716 630//1716
f 574//1717 634//1717 630//1717
f 578//1718 634//1718 574//1718
f 522//1719 578//1719 574//1719
f 518//1720 578//1720 522//1720
f 474//1721 518//1721 522//1721
f 514//1722 518//1722 474//1722
f 448//1723 514//1723 474//1723
f 400//1724 448//1724 474//1724
f 380//1725 448//1725 400//1725
f 356//1726 380//1726 400//1726
f 325//1727 380//1727 356//1727
f 317//1728 325//1728 356//1728
f 265//1729 325//1729 317//1729
f 269//1730 265//1730 317//1730
f 237//1731 265//1731 269//1731
f 243//1732 237//1732 269//1732
f 227//1733 237//1733 243//1733
f 233//1734 227//1734 243//1734
f 223//1735 227//1735 233//1735
f 229//1736 223//1736 233//1736
f 232//1737 223//1737 229//1737
f 239//1738 232//1738 229//1738
f 246//1739 232//1739 239//1739
f 253//1740 246//1740 239//1740
f 260//1741 246//1741 253//1741
f 271//1742 260//1742 253//1742
f 274//1743 260//1743 271//1743
f 281//1744 274//1744 271//1744
f 292//1745 274//1745 281//1745
f 283//1746 292//1746 281//1746
f 300//1747 292//1747 283//1747
f 654//1748 674//1748 646//1748
f 622//1749 654//1749 646//1749
f 630//1750 654//1750 622//1750
f 570//1751 630//1751 622//1751
f 574//1752 630//1752 570//1752
f 526//1753 574//1753 570//1753
f 522//1754 574//1754 526//1754
f 478//1755 522//1755 526//1755
f 474//1756 522//1756 478//1756
f 400//1757 474//1757 478//1757
f 622//1758 646//1758 586//1758
f 558//1759 622//1759 586//1759
f 570//1760 622//1760 558//1760
f 530//1761 570//1761 558//1761
f 526//1762 570//1762 530//1762
f 482//1763 526//1763 530//1763
f 478//1764 526//1764 482//1764
f 404//1765 478//1765 482//1765
f 400//1766 478//1766 404//1766
f 356//1767 400//1767 404//1767
f 558//1768 586//1768 538//1768
f 534//1769 558//1769 538//1769
f 530//1770 558//1770 534//1770
f 486//1771 530//1771 534//1771
f 482//1772 530//1772 486//1772
f 408//1773 482//1773 486//1773
f 404//1774 482//1774 408//1774
f 372//1775 404//1775 408//1775
f 356//1776 404//1776 372//1776
f 317//1777 356//1777 372//1777
f 498//1778 534//1778 538//1778
f 466//1779 498//1779 538//1779
f 420//1780 498//1780 466//1780
f 392//1781 420//1781 466//1781
f 388//1782 420//1782 392//1782
f 364//1783 388//1783 392//1783
f 360//1784 388//1784 364//1784
f 341//1785 360//1785 364//1785
f 321//1786 360//1786 341//1786
f 297//1787 321//1787 341//1787
f 279//1788 321//1788 297//1788
f 261//1789 279//1789 297//1789
f 247//1790 279//1790 261//1790
f 239//1791 247//1791 261//1791
f 229//1792 247//1792 239//1792
f 341//1793 364//1793 329//1793
f 309//1794 341//1794 329//1794
f 297//1795 341//1795 309//1795
f 275//1796 297//1796 309//1796
f 261//1797 297//1797 275//1797
f 253//1798 261//1798 275//1798
f 239//1799 261//1799 253//1799
f 309//1800 329//1800 301//1800
f 293//1801 309//1801 301//1801
f 275//1802 309//1802 293//1802
f 271//1803 275//1803 293//1803
f 253//1804 275//1804 271//1804
f 293//1805 301//1805 283//1805
f 281//1806 293//1806 283//1806
f 271//1807 293//1807 281//1807
f 308//1808 292//1808 300//1808
f 328//1809 308//1809 300//1809
f 340//1810 308//1810 328//1810
f 363//1811 340//1811 328//1811
f 359//1812 340//1812 363//1812
f 387//1813 359//1813 363//1813
f 383//1814 359//1814 387//1814
f 411//1815 383//1815 387//1815
f 407//1816 383//1816 411//1816
f 481//1817 407//1817 411//1817
f 477//1818 407//1818 481//1818
f 521//1819 477//1819 481//1819
f 517//1820 477//1820 521//1820
f 581//1821 517//1821 521//1821
f 513//1822 517//1822 581//1822
f 601//1823 513//1823 581//1823
f 641//1824 601//1824 581//1824
f 661//1825 601//1825 641//1825
f 685//1826 661//1826 641//1826
f 715//1827 661//1827 685//1827
f 723//1828 715//1828 685//1828
f 783//1829 715//1829 723//1829
f 775//1830 783//1830 723//1830
f 817//1831 783//1831 775//1831
f 811//1832 817//1832 775//1832
f 827//1833 817//1833 811//1833
f 821//1834 827//1834 811//1834
f 387//1835 363//1835 391//1835
f 419//1836 387//1836 391//1836
f 411//1837 387//1837 419//1837
f 485//1838 411//1838 419//1838
f 481//1839 411//1839 485//1839
f 525//1840 481//1840 485//1840
f 521//1841 481//1841 525//1841
f 577//1842 521//1842 525//1842
f 581//1843 521//1843 577//1843
f 641//1844 581//1844 577//1844
f 419//1845 391//1845 465//1845
f 497//1846 419//1846 465//1846
f 485//1847 419//1847 497//1847
f 529//1848 485//1848 497//1848
f 525//1849 485//1849 529//1849
f 573//1850 525//1850 529//1850
f 577//1851 525//1851 573//1851
f 637//1852 577//1852 573//1852
f 641//1853 577//1853 637//1853
f 685//1854 641//1854 637//1854
f 497//1855 465//1855 537//1855
f 533//1856 497//1856 537//1856
f 529//1857 497//1857 533//1857
f 569//1858 529//1858 533//1858
f 573//1859 529//1859 569//1859
f 633//1860 573//1860 569//1860
f 637//1861 573//1861 633//1861
f 669//1862 637//1862 633//1862
f 685//1863 637//1863 669//1863
f 723//1864 685//1864 669//1864
f 557//1865 533//1865 537//1865
f 585//1866 557//1866 537//1866
f 621//1867 557//1867 585//1867
f 645//1868 621//1868 585//1868
f 653//1869 621//1869 645//1869
f 673//1870 653//1870 645//1870
f 681//1871 653//1871 673//1871
f 699//1872 681//1872 673//1872
f 719//1873 681//1873 699//1873
f 743//1874 719//1874 699//1874
f 761//1875 719//1875 743//1875
f 789//1876 761//1876 743//1876
f 807//1877 761//1877 789//1877
f 699//1878 673//1878 707//1878
f 731//1879 699//1879 707//1879
f 743//1880 699//1880 731//1880
f 765//1881 743//1881 731//1881
f 789//1882 743//1882 765//1882
f 731//1883 707//1883 735//1883
f 747//1884 731//1884 735//1884
f 765//1885 731//1885 747//1885
f 747//1886 735//1886 754//1886
f 473//1887 517//1887 513//1887
f 447//1888 473//1888 513//1888
f 399//1889 473//1889 447//1889
f 379//1890 399//1890 447//1890
f 355//1891 399//1891 379//1891
f 324//1892 355//1892 379//1892
f 316//1893 355//1893 324//1893
f 264//1894 316//1894 324//1894
f 268//1895 316//1895 264//1895
f 236//1896 268//1896 264//1896
f 242//1897 268//1897 236//1897
f 226//1898 242//1898 236//1898
f 232//1899 242//1899 226//1899
f 223//1900 232//1900 226//1900
f 582//1901 518//1901 514//1901
f 602//1902 582//1902 514//1902
f 642//1903 582//1903 602//1903
f 662//1904 642//1904 602//1904
f 686//1905 642//1905 662//1905
f 716//1906 686//1906 662//1906
f 724//1907 686//1907 716//1907
f 784//1908 724//1908 716//1908
f 776//1909 724//1909 784//1909
f 818//1910 776//1910 784//1910
f 812//1911 776//1911 818//1911
f 828//1912 812//1912 818//1912
f 822//1913 812//1913 828//1913
f 830//1914 822//1914 828//1914
f 824//1915 822//1915 830//1915
f 498//1916 486//1916 534//1916
f 582//1917 578//1917 518//1917
f 766//1918 768//1918 758//1918
f 748//1919 766//1919 758//1919
f 744//1920 766//1920 748//1920
f 732//1921 744//1921 748//1921
f 720//1922 744//1922 732//1922
f 700//1923 720//1923 732//1923
f 690//1924 720//1924 700//1924
f 682//1925 690//1925 700//1925
f 658//1926 690//1926 682//1926
f 790//1927 802//1927 768//1927
f 766//1928 790//1928 768//1928
f 762//1929 790//1929 766//1929
f 744//1930 762//1930 766//1930
f 728//1931 762//1931 744//1931
f 720//1932 728//1932 744//1932
f 696//1933 728//1933 720//1933
f 690//1934 696//1934 720//1934
f 666//1935 696//1935 690//1935
f 658//1936 666//1936 690//1936
f 634//1937 666//1937 658//1937
f 808//1938 814//1938 802//1938
f 790//1939 808//1939 802//1939
f 798//1940 808//1940 790//1940
f 762//1941 798//1941 790//1941
f 752//1942 798//1942 762//1942
f 728//1943 752//1943 762//1943
f 704//1944 752//1944 728//1944
f 696//1945 704//1945 728//1945
f 670//1946 704//1946 696//1946
f 666//1947 670//1947 696//1947
f 638//1948 670//1948 666//1948
f 634//1949 638//1949 666//1949
f 578//1950 638//1950 634//1950
f 822//1951 824//1951 814//1951
f 808//1952 822//1952 814//1952
f 812//1953 822//1953 808//1953
f 798//1954 812//1954 808//1954
f 776//1955 812//1955 798//1955
f 752//1956 776//1956 798//1956
f 724//1957 776//1957 752//1957
f 704//1958 724//1958 752//1958
f 686//1959 724//1959 704//1959
f 670//1960 686//1960 704//1960
f 642//1961 686//1961 670//1961
f 638//1962 642//1962 670//1962
f 582//1963 642//1963 638//1963
f 578//1964 582//1964 638//1964
f 412//1965 486//1965 498//1965
f 420//1966 412//1966 498//1966
f 384//1967 412//1967 420//1967
f 388//1968 384//1968 420//1968
f 349//1969 384//1969 388//1969
f 360//1970 349//1970 388//1970
f 321//1971 349//1971 360//1971
f 408//1972 486//1972 412//1972
f 376//1973 408//1973 412//1973
f 372//1974 408//1974 376//1974
f 337//1975 372//1975 376//1975
f 317//1976 372//1976 337//1976
f 269//1977 317//1977 337//1977
f 384//1978 376//1978 412//1978
f 345//1979 376//1979 384//1979
f 349//1980 345//1980 384//1980
f 313//1981 345//1981 349//1981
f 321//1982 313//1982 349//1982
f 279//1983 313//1983 321//1983
f 345//1984 313//1984 289//1984
f 337//1985 345//1985 289//1985
f 376//1986 345//1986 337//1986
f 289//1987 243//1987 269//1987
f 337//1988 289//1988 269//1988
f 257//1989 289//1989 313//1989
f 279//1990 257//1990 313//1990
f 247//1991 257//1991 279//1991
f 257//1992 233//1992 243//1992
f 289//1993 257//1993 243//1993
f 247//1994 233//1994 257//1994
f 247//1995 229//1995 233//1995
f 296//1996 274//1996 292//1996
f 308//1997 296//1997 292//1997
f 320//1998 296//1998 308//1998
f 340//1999 320//1999 308//1999
f 348//2000 320//2000 340//2000
f 359//2001 348//2001 340//2001
f 383//2002 348//2002 359//2002
f 278//2003 260//2003 274//2003
f 296//2004 278//2004 274//2004
f 312//2005 278//2005 296//2005
f 320//2006 312//2006 296//2006
f 344//2007 312//2007 320//2007
f 348//2008 344//2008 320//2008
f 375//2009 344//2009 348//2009
f 383//2010 375//2010 348//2010
f 407//2011 375//2011 383//2011
f 246//2012 242//2012 232//2012
f 256//2013 246//2013 260//2013
f 278//2014 256//2014 260//2014
f 288//2015 256//2015 278//2015
f 312//2016 288//2016 278//2016
f 336//2017 288//2017 312//2017
f 344//2018 336//2018 312//2018
f 371//2019 336//2019 344//2019
f 375//2020 371//2020 344//2020
f 403//2021 371//2021 375//2021
f 407//2022 403//2022 375//2022
f 477//2023 403//2023 407//2023
f 256//2024 268//2024 242//2024
f 246//2025 256//2025 242//2025
f 288//2026 268//2026 256//2026
f 288//2027 316//2027 268//2027
f 336//2028 316//2028 288//2028
f 355//2029 316//2029 336//2029
f 371//2030 355//2030 336//2030
f 399//2031 355//2031 371//2031
f 403//2032 399//2032 371//2032
f 473//2033 399//2033 403//2033
f 477//2034 473//2034 403//2034
f 517//2035 473//2035 477//2035
f 569//2036 533//2036 557//2036
f 629//2037 569//2037 557//2037
f 633//2038 569//2038 629//2038
f 665//2039 633//2039 629//2039
f 669//2040 633//2040 665//2040
f 703//2041 669//2041 665//2041
f 723//2042 669//2042 703//2042
f 775//2043 723//2043 703//2043
f 629//2044 557//2044 621//2044
f 657//2045 629//2045 621//2045
f 665//2046 629//2046 657//2046
f 695//2047 665//2047 657//2047
f 703//2048 665//2048 695//2048
f 751//2049 703//2049 695//2049
f 775//2050 703//2050 751//2050
f 811//2051 775//2051 751//2051
f 657//2052 621//2052 653//2052
f 689//2053 657//2053 653//2053
f 695//2054 657//2054 689//2054
f 727//2055 695//2055 689//2055
f 751//2056 695//2056 727//2056
f 797//2057 751//2057 727//2057
f 811//2058 751//2058 797//2058
f 821//2059 811//2059 797//2059
f 689//2060 681//2060 719//2060
f 727//2061 689//2061 719//2061
f 761//2062 797//2062 727//2062
f 719//2063 761//2063 727//2063
f 689//2064 653//2064 681//2064
f 807//2065 821//2065 797//2065
f 761//2066 807//2066 797//2066
f 756//2067 740//2067 736//2067
f 754//2068 756//2068 736//2068
f 739//2069 756//2069 754//2069
f 735//2070 739//2070 754//2070
f 711//2071 739//2071 735//2071
f 707//2072 711//2072 735//2072
f 677//2073 711//2073 707//2073
f 673//2074 677//2074 707//2074
f 649//2075 677//2075 673//2075
f 645//2076 649//2076 673//2076
f 589//2077 649//2077 645//2077
f 585//2078 589//2078 645//2078
f 543//2079 589//2079 585//2079
f 537//2080 543//2080 585//2080
f 469//2081 543//2081 537//2081
f 465//2082 469//2082 537//2082
f 395//2083 469//2083 465//2083
f 391//2084 395//2084 465//2084
f 367//2085 395//2085 391//2085
f 363//2086 367//2086 391//2086
f 332//2087 367//2087 363//2087
f 328//2088 332//2088 363//2088
f 304//2089 332//2089 328//2089
f 300//2090 304//2090 328//2090
f 285//2091 304//2091 300//2091
f 283//2092 285//2092 300//2092
f 305//2093 285//2093 283//2093
f 301//2094 305//2094 283//2094
f 333//2095 305//2095 301//2095
f 329//2096 333//2096 301//2096
f 368//2097 333//2097 329//2097
f 364//2098 368//2098 329//2098
f 396//2099 368//2099 364//2099
f 392//2100 396//2100 364//2100
f 470//2101 396//2101 392//2101
f 466//2102 470//2102 392//2102
f 546//2103 470//2103 466//2103
f 538//2104 546//2104 466//2104
f 590//2105 546//2105 538//2105
f 586//2106 590//2106 538//2106
f 650//2107 590//2107 586//2107
f 646//2108 650//2108 586//2108
f 678//2109 650//2109 646//2109
f 674//2110 678//2110 646//2110
f 712//2111 678//2111 674//2111
f 708//2112 712//2112 674//2112
f 740//2113 712//2113 708//2113
f 736//2114 740//2114 708//2114
f 756//2115 617//2115 626//2115
f 618//2116 756//2116 626//2116
f 740//2117 756//2117 618//2117
f 610//2118 740//2118 618//2118
f 712//2119 740//2119 610//2119
f 598//2120 712//2120 610//2120
f 678//2121 712//2121 598//2121
f 566//2122 678//2122 598//2122
f 650//2123 678//2123 566//2123
f 554//2124 650//2124 566//2124
f 590//2125 650//2125 554//2125
f 545//2126 590//2126 554//2126
f 546//2127 590//2127 545//2127
f 470//2128 546//2128 545//2128
f 506//2129 470//2129 545//2129
f 396//2130 470//2130 506//2130
f 494//2131 396//2131 506//2131
f 368//2132 396//2132 494//2132
f 462//2133 368//2133 494//2133
f 333//2134 368//2134 462//2134
f 440//2135 333//2135 462//2135
f 305//2136 333//2136 440//2136
f 428//2137 305//2137 440//2137
f 285//2138 305//2138 428//2138
f 416//2139 285//2139 428//2139
f 304//2140 285//2140 416//2140
f 427//2141 304//2141 416//2141
f 439//2142 304//2142 427//2142
f 332//2143 304//2143 439//2143
f 461//2144 332//2144 439//2144
f 367//2145 332//2145 461//2145
f 493//2146 367//2146 461//2146
f 395//2147 367//2147 493//2147
f 505//2148 395//2148 493//2148
f 469//2149 395//2149 505//2149
f 544//2150 469//2150 505//2150
f 543//2151 469//2151 544//2151
f 589//2152 543//2152 544//2152
f 553//2153 589//2153 544//2153
f 649//2154 589//2154 553//2154
f 565//2155 649//2155 553//2155
f 677//2156 649//2156 565//2156
f 597//2157 677//2157 565//2157
f 711//2158 677//2158 597//2158
f 609//2159 711//2159 597//2159
f 739//2160 711//2160 609//2160
f 617//2161 739//2161 609//2161
f 756//2162 739//2162 617//2162
f 755//2163 615//2163 625//2163
f 616//2164 755//2164 625//2164
f 738//2165 755//2165 616//2165
f 608//2166 738//2166 616//2166
f 710//2167 738//2167 608//2167
f 596//2168 710//2168 608//2168
f 676//2169 710//2169 596//2169
f 564//2170 676//2170 596//2170
f 648//2171 676//2171 564//2171
f 552//2172 648//2172 564//2172
f 588//2173 648//2173 552//2173
f 541//2174 588//2174 552//2174
f 542//2175 588//2175 541//2175
f 468//2176 542//2176 541//2176
f 504//2177 468//2177 541//2177
f 394//2178 468//2178 504//2178
f 492//2179 394//2179 504//2179
f 366//2180 394//2180 492//2180
f 460//2181 366//2181 492//2181
f 331//2182 366//2182 460//2182
f 438//2183 331//2183 460//2183
f 303//2184 331//2184 438//2184
f 426//2185 303//2185 438//2185
f 284//2186 303//2186 426//2186
f 415//2187 284//2187 426//2187
f 302//2188 284//2188 415//2188
f 425//2189 302//2189 415//2189
f 437//2190 302//2190 425//2190
f 330//2191 302//2191 437//2191
f 459//2192 330//2192 437//2192
f 365//2193 330//2193 459//2193
f 491//2194 365//2194 459//2194
f 393//2195 365//2195 491//2195
f 503//2196 393//2196 491//2196
f 467//2197 393//2197 503//2197
f 540//2198 467//2198 503//2198
f 539//2199 467//2199 540//2199
f 587//2200 539//2200 540//2200
f 551//2201 587//2201 540//2201
f 647//2202 587//2202 551//2202
f 563//2203 647//2203 551//2203
f 675//2204 647//2204 563//2204
f 595//2205 675//2205 563//2205
f 709//2206 675//2206 595//2206
f 607//2207 709//2207 595//2207
f 737//2208 709//2208 607//2208
f 615//2209 737//2209 607//2209
f 755//2210 737//2210 615//2210
f 1422//2211 1273//2211 1282//2211
f 1274//2212 1422//2212 1282//2212
f 1406//2213 1422//2213 1274//2213
f 1266//2214 1406//2214 1274//2214
f 1378//2215 1406//2215 1266//2215
f 1254//2216 1378//2216 1266//2216
f 1346//2217 1378//2217 1254//2217
f 1222//2218 1346//2218 1254//2218
f 1306//2219 1346//2219 1222//2219
f 1208//2220 1306//2220 1222//2220
f 1246//2221 1306//2221 1208//2221
f 1197//2222 1246//2222 1208//2222
f 1198//2223 1246//2223 1197//2223
f 1118//2224 1198//2224 1197//2224
f 1158//2225 1118//2225 1197//2225
f 1046//2226 1118//2226 1158//2226
f 1146//2227 1046//2227 1158//2227
f 998//2228 1046//2228 1146//2228
f 1110//2229 998//2229 1146//2229
f 966//2230 998//2230 1110//2230
f 1098//2231 966//2231 1110//2231
f 938//2232 966//2232 1098//2232
f 1086//2233 938//2233 1098//2233
f 918//2234 938//2234 1086//2234
f 1074//2235 918//2235 1086//2235
f 937//2236 918//2236 1074//2236
f 1085//2237 937//2237 1074//2237
f 1097//2238 937//2238 1085//2238
f 965//2239 937//2239 1097//2239
f 1109//2240 965//2240 1097//2240
f 997//2241 965//2241 1109//2241
f 1145//2242 997//2242 1109//2242
f 1045//2243 997//2243 1145//2243
f 1157//2244 1045//2244 1145//2244
f 1117//2245 1045//2245 1157//2245
f 1196//2246 1117//2246 1157//2246
f 1195//2247 1117//2247 1196//2247
f 1245//2248 1195//2248 1196//2248
f 1207//2249 1245//2249 1196//2249
f 1305//2250 1245//2250 1207//2250
f 1221//2251 1305//2251 1207//2251
f 1345//2252 1305//2252 1221//2252
f 1253//2253 1345//2253 1221//2253
f 1377//2254 1345//2254 1253//2254
f 1265//2255 1377//2255 1253//2255
f 1405//2256 1377//2256 1265//2256
f 1273//2257 1405//2257 1265//2257
f 1422//2258 1405//2258 1273//2258
f 1421//2259 1271//2259 1281//2259
f 1272//2260 1421//2260 1281//2260
f 1404//2261 1421//2261 1272//2261
f 1264//2262 1404//2262 1272//2262
f 1376//2263 1404//2263 1264//2263
f 1252//2264 1376//2264 1264//2264
f 1344//2265 1376//2265 1252//2265
f 1220//2266 1344//2266 1252//2266
f 1304//2267 1344//2267 1220//2267
f 1206//2268 1304//2268 1220//2268
f 1244//2269 1304//2269 1206//2269
f 1193//2270 1244//2270 1206//2270
f 1194//2271 1244//2271 1193//2271
f 1116//2272 1194//2272 1193//2272
f 1156//2273 1116//2273 1193//2273
f 1044//2274 1116//2274 1156//2274
f 1144//2275 1044//2275 1156//2275
f 996//2276 1044//2276 1144//2276
f 1108//2277 996//2277 1144//2277
f 964//2278 996//2278 1108//2278
f 1096//2279 964//2279 1108//2279
f 936//2280 964//2280 1096//2280
f 1084//2281 936//2281 1096//2281
f 917//2282 936//2282 1084//2282
f 1073//2283 917//2283 1084//2283
f 935//2284 917//2284 1073//2284
f 1083//2285 935//2285 1073//2285
f 1095//2286 935//2286 1083//2286
f 963//2287 935//2287 1095//2287
f 1107//2288 963//2288 1095//2288
f 995//2289 963//2289 1107//2289
f 1143//2290 995//2290 1107//2290
f 1043//2291 995//2291 1143//2291
f 1155//2292 1043//2292 1143//2292
f 1115//2293 1043//2293 1155//2293
f 1192//2294 1115//2294 1155//2294
f 1191//2295 1115//2295 1192//2295
f 1243//2296 1191//2296 1192//2296
f 1205//2297 1243//2297 1192//2297
f 1303//2298 1243//2298 1205//2298
f 1219//2299 1303//2299 1205//2299
f 1343//2300 1303//2300 1219//2300
f 1251//2301 1343//2301 1219//2301
f 1375//2302 1343//2302 1251//2302
f 1263//2303 1375//2303 1251//2303
f 1403//2304 1375//2304 1263//2304
f 1271//2305 1403//2305 1263//2305
f 1421//2306 1403//2306 1271//2306
f 1281//2307 1271//2307 1267//2307
f 1279//2308 1281//2308 1267//2308
f 1272//2309 1281//2309 1279//2309
f 1268//2310 1272//2310 1279//2310
f 1264//2311 1272//2311 1268//2311
f 1260//2312 1264//2312 1268//2312
f 1252//2313 1264//2313 1260//2313
f 1248//2314 1252//2314 1260//2314
f 1220//2315 1252//2315 1248//2315
f 1216//2316 1220//2316 1248//2316
f 1206//2317 1220//2317 1216//2317
f 1202//2318 1206//2318 1216//2318
f 1193//2319 1206//2319 1202//2319
f 1160//2320 1193//2320 1202//2320
f 1156//2321 1193//2321 1160//2321
f 1152//2322 1156//2322 1160//2322
f 1144//2323 1156//2323 1152//2323
f 1140//2324 1144//2324 1152//2324
f 1108//2325 1144//2325 1140//2325
f 1104//2326 1108//2326 1140//2326
f 1096//2327 1108//2327 1104//2327
f 1092//2328 1096//2328 1104//2328
f 1084//2329 1096//2329 1092//2329
f 1080//2330 1084//2330 1092//2330
f 1073//2331 1084//2331 1080//2331
f 1071//2332 1073//2332 1080//2332
f 1083//2333 1073//2333 1071//2333
f 1079//2334 1083//2334 1071//2334
f 1095//2335 1083//2335 1079//2335
f 1091//2336 1095//2336 1079//2336
f 1107//2337 1095//2337 1091//2337
f 1103//2338 1107//2338 1091//2338
f 1143//2339 1107//2339 1103//2339
f 1139//2340 1143//2340 1103//2340
f 1155//2341 1143//2341 1139//2341
f 1151//2342 1155//2342 1139//2342
f 1192//2343 1155//2343 1151//2343
f 1159//2344 1192//2344 1151//2344
f 1205//2345 1192//2345 1159//2345
f 1201//2346 1205//2346 1159//2346
f 1219//2347 1205//2347 1201//2347
f 1215//2348 1219//2348 1201//2348
f 1251//2349 1219//2349 1215//2349
f 1247//2350 1251//2350 1215//2350
f 1263//2351 1251//2351 1247//2351
f 1259//2352 1263//2352 1247//2352
f 1271//2353 1263//2353 1259//2353
f 1267//2354 1271//2354 1259//2354
f 1279//2355 1267//2355 1079//2355
f 1071//2356 1279//2356 1079//2356
f 1268//2357 1279//2357 1071//2357
f 1080//2358 1268//2358 1071//2358
f 1260//2359 1268//2359 1080//2359
f 1092//2360 1260//2360 1080//2360
f 1248//2361 1260//2361 1092//2361
f 1104//2362 1248//2362 1092//2362
f 1216//2363 1248//2363 1104//2363
f 1140//2364 1216//2364 1104//2364
f 1202//2365 1216//2365 1140//2365
f 1152//2366 1202//2366 1140//2366
f 1160//2367 1202//2367 1152//2367
f 1091//2368 1079//2368 1267//2368
f 1259//2369 1091//2369 1267//2369
f 1103//2370 1091//2370 1259//2370
f 1247//2371 1103//2371 1259//2371
f 1139//2372 1103//2372 1247//2372
f 1215//2373 1139//2373 1247//2373
f 1151//2374 1139//2374 1215//2374
f 1201//2375 1151//2375 1215//2375
f 1159//2376 1151//2376 1201//2376
f 626//2377 617//2377 613//2377
f 624//2378 626//2378 613//2378
f 618//2379 626//2379 624//2379
f 614//2380 618//2380 624//2380
f 610//2381 618//2381 614//2381
f 606//2382 610//2382 614//2382
f 598//2383 610//2383 606//2383
f 594//2384 598//2384 606//2384
f 566//2385 598//2385 594//2385
f 562//2386 566//2386 594//2386
f 554//2387 566//2387 562//2387
f 550//2388 554//2388 562//2388
f 545//2389 554//2389 550//2389
f 510//2390 545//2390 550//2390
f 506//2391 545//2391 510//2391
f 502//2392 506//2392 510//2392
f 494//2393 506//2393 502//2393
f 490//2394 494//2394 502//2394
f 462//2395 494//2395 490//2395
f 458//2396 462//2396 490//2396
f 440//2397 462//2397 458//2397
f 436//2398 440//2398 458//2398
f 428//2399 440//2399 436//2399
f 424//2400 428//2400 436//2400
f 416//2401 428//2401 424//2401
f 414//2402 416//2402 424//2402
f 427//2403 416//2403 414//2403
f 423//2404 427//2404 414//2404
f 439//2405 427//2405 423//2405
f 435//2406 439//2406 423//2406
f 461//2407 439//2407 435//2407
f 457//2408 461//2408 435//2408
f 493//2409 461//2409 457//2409
f 489//2410 493//2410 457//2410
f 505//2411 493//2411 489//2411
f 501//2412 505//2412 489//2412
f 544//2413 505//2413 501//2413
f 509//2414 544//2414 501//2414
f 553//2415 544//2415 509//2415
f 549//2416 553//2416 509//2416
f 565//2417 553//2417 549//2417
f 561//2418 565//2418 549//2418
f 597//2419 565//2419 561//2419
f 593//2420 597//2420 561//2420
f 609//2421 597//2421 593//2421
f 605//2422 609//2422 593//2422
f 617//2423 609//2423 605//2423
f 613//2424 617//2424 605//2424
f 624//2425 613//2425 423//2425
f 414//2426 624//2426 423//2426
f 614//2427 624//2427 414//2427
f 424//2428 614//2428 414//2428
f 606//2429 614//2429 424//2429
f 436//2430 606//2430 424//2430
f 594//2431 606//2431 436//2431
f 458//2432 594//2432 436//2432
f 562//2433 594//2433 458//2433
f 490//2434 562//2434 458//2434
f 550//2435 562//2435 490//2435
f 502//2436 550//2436 490//2436
f 510//2437 550//2437 502//2437
f 435//2438 423//2438 613//2438
f 605//2439 435//2439 613//2439
f 457//2440 435//2440 605//2440
f 593//2441 457//2441 605//2441
f 489//2442 457//2442 593//2442
f 561//2443 489//2443 593//2443
f 501//2444 489//2444 561//2444
f 549//2445 501//2445 561//2445
f 509//2446 501//2446 549//2446
f 625//2447 615//2447 611//2447
f 623//2448 625//2448 611//2448
f 616//2449 625//2449 623//2449
f 612//2450 616//2450 623//2450
f 608//2451 616//2451 612//2451
f 604//2452 608//2452 612//2452
f 596//2453 608//2453 604//2453
f 592//2454 596//2454 604//2454
f 564//2455 596//2455 592//2455
f 560//2456 564//2456 592//2456
f 552//2457 564//2457 560//2457
f 548//2458 552//2458 560//2458
f 541//2459 552//2459 548//2459
f 508//2460 541//2460 548//2460
f 504//2461 541//2461 508//2461
f 500//2462 504//2462 508//2462
f 492//2463 504//2463 500//2463
f 488//2464 492//2464 500//2464
f 460//2465 492//2465 488//2465
f 456//2466 460//2466 488//2466
f 438//2467 460//2467 456//2467
f 434//2468 438//2468 456//2468
f 426//2469 438//2469 434//2469
f 422//2470 426//2470 434//2470
f 415//2471 426//2471 422//2471
f 413//2472 415//2472 422//2472
f 425//2473 415//2473 413//2473
f 421//2474 425//2474 413//2474
f 437//2475 425//2475 421//2475
f 433//2476 437//2476 421//2476
f 459//2477 437//2477 433//2477
f 455//2478 459//2478 433//2478
f 491//2479 459//2479 455//2479
f 487//2480 491//2480 455//2480
f 503//2481 491//2481 487//2481
f 499//2482 503//2482 487//2482
f 540//2483 503//2483 499//2483
f 507//2484 540//2484 499//2484
f 551//2485 540//2485 507//2485
f 547//2486 551//2486 507//2486
f 563//2487 551//2487 547//2487
f 559//2488 563//2488 547//2488
f 595//2489 563//2489 559//2489
f 591//2490 595//2490 559//2490
f 607//2491 595//2491 591//2491
f 603//2492 607//2492 591//2492
f 615//2493 607//2493 603//2493
f 611//2494 615//2494 603//2494
f 623//2495 611//2495 421//2495
f 413//2496 623//2496 421//2496
f 612//2497 623//2497 413//2497
f 422//2498 612//2498 413//2498
f 604//2499 612//2499 422//2499
f 434//2500 604//2500 422//2500
f 592//2501 604//2501 434//2501
f 456//2502 592//2502 434//2502
f 560//2503 592//2503 456//2503
f 488//2504 560//2504 456//2504
f 548//2505 560//2505 488//2505
f 500//2506 548//2506 488//2506
f 508//2507 548//2507 500//2507
f 433//2508 421//2508 611//2508
f 603//2509 433//2509 611//2509
f 455//2510 433//2510 603//2510
f 591//2511 455//2511 603//2511
f 487//2512 455//2512 591//2512
f 559//2513 487//2513 591//2513
f 499//2514 487//2514 559//2514
f 547//2515 499//2515 559//2515
f 507//2516 499//2516 547//2516
f 1282//2517 1273//2517 1269//2517
f 1280//2518 1282//2518 1269//2518
f 1274//2519 1282//2519 1280//2519
f 1270//2520 1274//2520 1280//2520
f 1266//2521 1274//2521 1270//2521
f 1262//2522 1266//2522 1270//2522
f 1254//2523 1266//2523 1262//2523
f 1250//2524 1254//2524 1262//2524
f 1222//2525 1254//2525 1250//2525
f 1218//2526 1222//2526 1250//2526
f 1208//2527 1222//2527 1218//2527
f 1204//2528 1208//2528 1218//2528
f 1197//2529 1208//2529 1204//2529
f 1162//2530 1197//2530 1204//2530
f 1158//2531 1197//2531 1162//2531
f 1154//2532 1158//2532 1162//2532
f 1146//2533 1158//2533 1154//2533
f 1142//2534 1146//2534 1154//2534
f 1110//2535 1146//2535 1142//2535
f 1106//2536 1110//2536 1142//2536
f 1098//2537 1110//2537 1106//2537
f 1094//2538 1098//2538 1106//2538
f 1086//2539 1098//2539 1094//2539
f 1082//2540 1086//2540 1094//2540
f 1074//2541 1086//2541 1082//2541
f 1072//2542 1074//2542 1082//2542
f 1085//2543 1074//2543 1072//2543
f 1081//2544 1085//2544 1072//2544
f 1097//2545 1085//2545 1081//2545
f 1093//2546 1097//2546 1081//2546
f 1109//2547 1097//2547 1093//2547
f 1105//2548 1109//2548 1093//2548
f 1145//2549 1109//2549 1105//2549
f 1141//2550 1145//2550 1105//2550
f 1157//2551 1145//2551 1141//2551
f 1153//2552 1157//2552 1141//2552
f 1196//2553 1157//2553 1153//2553
f 1161//2554 1196//2554 1153//2554
f 1207//2555 1196//2555 1161//2555
f 1203//2556 1207//2556 1161//2556
f 1221//2557 1207//2557 1203//2557
f 1217//2558 1221//2558 1203//2558
f 1253//2559 1221//2559 1217//2559
f 1249//2560 1253//2560 1217//2560
f 1265//2561 1253//2561 1249//2561
f 1261//2562 1265//2562 1249//2562
f 1273//2563 1265//2563 1261//2563
f 1269//2564 1273//2564 1261//2564
f 1280//2565 1269//2565 1081//2565
f 1072//2566 1280//2566 1081//2566
f 1270//2567 1280//2567 1072//2567
f 1082//2568 1270//2568 1072//2568
f 1262//2569 1270//2569 1082//2569
f 1094//2570 1262//2570 1082//2570
f 1250//2571 1262//2571 1094//2571
f 1106//2572 1250//2572 1094//2572
f 1218//2573 1250//2573 1106//2573
f 1142//2574 1218//2574 1106//2574
f 1204//2575 1218//2575 1142//2575
f 1154//2576 1204//2576 1142//2576
f 1162//2577 1204//2577 1154//2577
f 1093//2578 1081//2578 1269//2578
f 1261//2579 1093//2579 1269//2579
f 1105//2580 1093//2580 1261//2580
f 1249//2581 1105//2581 1261//2581
f 1141//2582 1105//2582 1249//2582
f 1217//2583 1141//2583 1249//2583
f 1153//2584 1141//2584 1217//2584
f 1203//2585 1153//2585 1217//2585
f 1161//2586 1153//2586 1203//2586
f 2590//2587 2592//2587 2591//2587
f 2589//2588 2590//2588 2591//2588
f 2688//2589 2590//2589 2589//2589
f 2687//2590 2688//2590 2589//2590
f 2690//2591 2688//2591 2687//2591
f 2689//2592 2690//2592 2687//2592
f 858//2593 856//2593 852//2593
f 854//2594 858//2594 852//2594
f 854//2595 852//2595 851//2595
f 853//2596 854//2596 851//2596
f 853//2597 851//2597 855//2597
f 857//2598 853//2598 855//2598
f 857//2599 855//2599 856//2599
f 858//2600 857//2600 856//2600
f 2198//2601 2194//2601 2154//2601
f 2158//2602 2198//2602 2154//2602
f 2158//2603 2154//2603 2153//2603
f 2157//2604 2158//2604 2153//2604
f 2157//2605 2153//2605 2149//2605
f 2151//2606 2157//2606 2149//2606
f 2151//2607 2149//2607 2150//2607
f 2152//2608 2151//2608 2150//2608
f 2152//2609 2150//2609 2156//2609
f 2160//2610 2152//2610 2156//2610
f 2160//2611 2156//2611 2155//2611
f 2159//2612 2160//2612 2155//2612
f 2159//2613 2155//2613 2195//2613
f 2199//2614 2159//2614 2195//2614
f 2199//2615 2195//2615 2196//2615
f 2200//2616 2199//2616 2196//2616
f 2200//2617 2196//2617 2191//2617
f 2192//2618 2200//2618 2191//2618
f 2187//2619 2192//2619 2191//2619
f 2188//2620 2192//2620 2187//2620
f 2183//2621 2188//2621 2187//2621
f 2184//2622 2188//2622 2183//2622
f 2179//2623 2184//2623 2183//2623
f 2180//2624 2184//2624 2179//2624
f 2175//2625 2180//2625 2179//2625
f 2176//2626 2180//2626 2175//2626
f 2171//2627 2176//2627 2175//2627
f 2172//2628 2176//2628 2171//2628
f 2167//2629 2172//2629 2171//2629
f 2168//2630 2172//2630 2167//2630
f 2162//2631 2168//2631 2167//2631
f 2164//2632 2168//2632 2162//2632
f 2164//2633 2162//2633 2125//2633
f 2127//2634 2164//2634 2125//2634
f 2127//2635 2125//2635 2078//2635
f 2079//2636 2127//2636 2078//2636
f 2062//2637 2079//2637 2078//2637
f 2063//2638 2079//2638 2062//2638
f 2054//2639 2063//2639 2062//2639
f 2055//2640 2063//2640 2054//2640
f 2045//2641 2055//2641 2054//2641
f 2046//2642 2055//2642 2045//2642
f 2038//2643 2046//2643 2045//2643
f 2039//2644 2046//2644 2038//2644
f 2030//2645 2039//2645 2038//2645
f 2031//2646 2039//2646 2030//2646
f 2018//2647 2031//2647 2030//2647
f 2019//2648 2031//2648 2018//2648
f 2011//2649 2019//2649 2018//2649
f 2013//2650 2019//2650 2011//2650
f 2013//2651 2011//2651 2010//2651
f 2012//2652 2013//2652 2010//2652
f 2012//2653 2010//2653 2020//2653
f 2021//2654 2012//2654 2020//2654
f 2032//2655 2021//2655 2020//2655
f 2033//2656 2021//2656 2032//2656
f 2040//2657 2033//2657 2032//2657
f 2041//2658 2033//2658 2040//2658
f 2047//2659 2041//2659 2040//2659
f 2048//2660 2041//2660 2047//2660
f 2056//2661 2048//2661 2047//2661
f 2057//2662 2048//2662 2056//2662
f 2064//2663 2057//2663 2056//2663
f 2065//2664 2057//2664 2064//2664
f 2080//2665 2065//2665 2064//2665
f 2081//2666 2065//2666 2080//2666
f 2124//2667 2081//2667 2080//2667
f 2126//2668 2081//2668 2124//2668
f 2126//2669 2124//2669 2161//2669
f 2163//2670 2126//2670 2161//2670
f 2163//2671 2161//2671 2165//2671
f 2166//2672 2163//2672 2165//2672
f 2169//2673 2166//2673 2165//2673
f 2170//2674 2166//2674 2169//2674
f 2173//2675 2170//2675 2169//2675
f 2174//2676 2170//2676 2173//2676
f 2177//2677 2174//2677 2173//2677
f 2178//2678 2174//2678 2177//2678
f 2181//2679 2178//2679 2177//2679
f 2182//2680 2178//2680 2181//2680
f 2185//2681 2182//2681 2181//2681
f 2186//2682 2182//2682 2185//2682
f 2189//2683 2186//2683 2185//2683
f 2190//2684 2186//2684 2189//2684
f 2193//2685 2190//2685 2189//2685
f 2197//2686 2190//2686 2193//2686
f 2197//2687 2193//2687 2194//2687
f 2198//2688 2197//2688 2194//2688
f 2208//2689 2206//2689 2202//2689
f 2204//2690 2208//2690 2202//2690
f 2204//2691 2202//2691 2201//2691
f 2203//2692 2204//2692 2201//2692
f 2203//2693 2201//2693 2205//2693
f 2207//2694 2203//2694 2205//2694
f 2207//2695 2205//2695 2206//2695
f 2208//2696 2207//2696 2206//2696
f 2516//2697 2514//2697 2510//2697
f 2512//2698 2516//2698 2510//2698
f 2512//2699 2510//2699 2509//2699
f 2511//2700 2512//2700 2509//2700
f 2511//2701 2509//2701 2513//2701
f 2515//2702 2511//2702 2513//2702
f 2515//2703 2513//2703 2514//2703
f 2516//2704 2515//2704 2514//2704
f 2722//2705 2721//2705 2547//2705
f 2548//2706 2722//2706 2547//2706
f 2548//2707 2547//2707 2518//2707
f 2520//2708 2548//2708 2518//2708
f 2520//2709 2518//2709 2517//2709
f 2519//2710 2520//2710 2517//2710
f 2519//2711 2517//2711 2521//2711
f 2522//2712 2519//2712 2521//2712
f 2522//2713 2521//2713 2531//2713
f 2532//2714 2522//2714 2531//2714
f 2589//2715 2591//2715 2532//2715
f 2531//2716 2589//2716 2532//2716
f 2739//2717 2589//2717 2531//2717
f 2687//2718 2589//2718 2739//2718
f 2740//2719 2687//2719 2739//2719
f 2689//2720 2687//2720 2740//2720
f 2740//2721 2739//2721 2763//2721
f 2764//2722 2740//2722 2763//2722
f 2764//2723 2763//2723 2831//2723
f 2832//2724 2764//2724 2831//2724
f 2832//2725 2831//2725 2721//2725
f 2722//2726 2832//2726 2721//2726
f 2256//2727 2255//2727 2446//2727
f 2448//2728 2256//2728 2446//2728
f 2448//2729 2446//2729 2447//2729
f 2449//2730 2448//2730 2447//2730
f 2449//2731 2447//2731 2296//2731
f 2297//2732 2449//2732 2296//2732
f 2297//2733 2296//2733 2215//2733
f 2219//2734 2297//2734 2215//2734
f 2219//2735 2215//2735 2216//2735
f 2220//2736 2219//2736 2216//2736
f 2220//2737 2216//2737 2210//2737
f 2212//2738 2220//2738 2210//2738
f 2212//2739 2210//2739 2209//2739
f 2211//2740 2212//2740 2209//2740
f 2211//2741 2209//2741 2213//2741
f 2217//2742 2211//2742 2213//2742
f 2217//2743 2213//2743 2214//2743
f 2218//2744 2217//2744 2214//2744
f 2218//2745 2214//2745 2313//2745
f 2314//2746 2218//2746 2313//2746
f 2314//2747 2313//2747 2480//2747
f 2481//2748 2314//2748 2480//2748
f 2481//2749 2480//2749 2255//2749
f 2256//2750 2481//2750 2255//2750
f 2848//2751 2846//2751 2834//2751
f 2836//2752 2848//2752 2834//2752
f 2836//2753 2834//2753 2833//2753
f 2835//2754 2836//2754 2833//2754
f 2835//2755 2833//2755 2845//2755
f 2847//2756 2835//2756 2845//2756
f 2847//2757 2845//2757 2846//2757
f 2848//2758 2847//2758 2846//2758
f 1570//2759 1566//2759 1557//2759
f 1558//2760 1570//2760 1557//2760
f 1552//2761 1558//2761 1557//2761
f 1553//2762 1558//2762 1552//2762
f 1542//2763 1553//2763 1552//2763
f 1543//2764 1553//2764 1542//2764
f 1527//2765 1543//2765 1542//2765
f 1528//2766 1543//2766 1527//2766
f 1514//2767 1528//2767 1527//2767
f 1515//2768 1528//2768 1514//2768
f 1499//2769 1515//2769 1514//2769
f 1500//2770 1515//2770 1499//2770
f 1500//2771 1499//2771 1487//2771
f 1488//2772 1500//2772 1487//2772
f 1488//2773 1487//2773 1497//2773
f 1498//2774 1488//2774 1497//2774
f 1498//2775 1497//2775 1508//2775
f 1509//2776 1498//2776 1508//2776
f 1525//2777 1509//2777 1508//2777
f 1526//2778 1509//2778 1525//2778
f 1540//2779 1526//2779 1525//2779
f 1541//2780 1526//2780 1540//2780
f 1546//2781 1541//2781 1540//2781
f 1547//2782 1541//2782 1546//2782
f 1555//2783 1547//2783 1546//2783
f 1556//2784 1547//2784 1555//2784
f 1567//2785 1556//2785 1555//2785
f 1571//2786 1556//2786 1567//2786
f 1571//2787 1567//2787 1568//2787
f 1572//2788 1571//2788 1568//2788
f 1572//2789 1568//2789 1550//2789
f 1551//2790 1572//2790 1550//2790
f 1538//2791 1551//2791 1550//2791
f 1539//2792 1551//2792 1538//2792
f 1531//2793 1539//2793 1538//2793
f 1532//2794 1539//2794 1531//2794
f 1519//2795 1532//2795 1531//2795
f 1520//2796 1532//2796 1519//2796
f 1512//2797 1520//2797 1519//2797
f 1513//2798 1520//2798 1512//2798
f 1504//2799 1513//2799 1512//2799
f 1505//2800 1513//2800 1504//2800
f 1495//2801 1505//2801 1504//2801
f 1496//2802 1505//2802 1495//2802
f 1490//2803 1496//2803 1495//2803
f 1492//2804 1496//2804 1490//2804
f 1492//2805 1490//2805 1209//2805
f 1210//2806 1492//2806 1209//2806
f 1210//2807 1209//2807 1129//2807
f 1130//2808 1210//2808 1129//2808
f 1089//2809 1130//2809 1129//2809
f 1090//2810 1130//2810 1089//2810
f 1061//2811 1090//2811 1089//2811
f 1062//2812 1090//2812 1061//2812
f 1053//2813 1062//2813 1061//2813
f 1054//2814 1062//2814 1053//2814
f 1037//2815 1054//2815 1053//2815
f 1038//2816 1054//2816 1037//2816
f 1029//2817 1038//2817 1037//2817
f 1030//2818 1038//2818 1029//2818
f 1017//2819 1030//2819 1029//2819
f 1018//2820 1030//2820 1017//2820
f 1002//2821 1018//2821 1017//2821
f 1006//2822 1018//2822 1002//2822
f 1006//2823 1002//2823 1001//2823
f 1005//2824 1006//2824 1001//2824
f 1005//2825 1001//2825 1321//2825
f 1325//2826 1005//2826 1321//2826
f 1325//2827 1321//2827 1322//2827
f 1326//2828 1325//2828 1322//2828
f 1326//2829 1322//2829 1482//2829
f 1486//2830 1326//2830 1482//2830
f 1486//2831 1482//2831 1481//2831
f 1485//2832 1486//2832 1481//2832
f 1485//2833 1481//2833 1336//2833
f 1338//2834 1485//2834 1336//2834
f 1338//2835 1336//2835 1335//2835
f 1337//2836 1338//2836 1335//2836
f 1337//2837 1335//2837 1480//2837
f 1484//2838 1337//2838 1480//2838
f 1484//2839 1480//2839 1479//2839
f 1483//2840 1484//2840 1479//2840
f 1483//2841 1479//2841 1319//2841
f 1323//2842 1483//2842 1319//2842
f 1323//2843 1319//2843 1320//2843
f 1324//2844 1323//2844 1320//2844
f 1324//2845 1320//2845 1000//2845
f 1004//2846 1324//2846 1000//2846
f 1004//2847 1000//2847 999//2847
f 1003//2848 1004//2848 999//2848
f 1003//2849 999//2849 1011//2849
f 1012//2850 1003//2850 1011//2850
f 1027//2851 1012//2851 1011//2851
f 1028//2852 1012//2852 1027//2852
f 1035//2853 1028//2853 1027//2853
f 1036//2854 1028//2854 1035//2854
f 1051//2855 1036//2855 1035//2855
f 1052//2856 1036//2856 1051//2856
f 1059//2857 1052//2857 1051//2857
f 1060//2858 1052//2858 1059//2858
f 1087//2859 1060//2859 1059//2859
f 1088//2860 1060//2860 1087//2860
f 1127//2861 1088//2861 1087//2861
f 1128//2862 1088//2862 1127//2862
f 1199//2863 1128//2863 1127//2863
f 1200//2864 1128//2864 1199//2864
f 1200//2865 1199//2865 1489//2865
f 1491//2866 1200//2866 1489//2866
f 1491//2867 1489//2867 1493//2867
f 1494//2868 1491//2868 1493//2868
f 1502//2869 1494//2869 1493//2869
f 1503//2870 1494//2870 1502//2870
f 1510//2871 1503//2871 1502//2871
f 1511//2872 1503//2872 1510//2872
f 1517//2873 1511//2873 1510//2873
f 1518//2874 1511//2874 1517//2874
f 1529//2875 1518//2875 1517//2875
f 1530//2876 1518//2876 1529//2876
f 1536//2877 1530//2877 1529//2877
f 1537//2878 1530//2878 1536//2878
f 1548//2879 1537//2879 1536//2879
f 1549//2880 1537//2880 1548//2880
f 1565//2881 1549//2881 1548//2881
f 1569//2882 1549//2882 1565//2882
f 1569//2883 1565//2883 1566//2883
f 1570//2884 1569//2884 1566//2884
f 850//2885 848//2885 839//2885
f 840//2886 850//2886 839//2886
f 840//2887 839//2887 803//2887
f 804//2888 840//2888 803//2888
f 804//2889 803//2889 799//2889
f 800//2890 804//2890 799//2890
f 793//2891 800//2891 799//2891
f 794//2892 800//2892 793//2892
f 791//2893 794//2893 793//2893
f 792//2894 794//2894 791//2894
f 785//2895 792//2895 791//2895
f 786//2896 792//2896 785//2896
f 786//2897 785//2897 779//2897
f 780//2898 786//2898 779//2898
f 777//2899 780//2899 779//2899
f 778//2900 780//2900 777//2900
f 771//2901 778//2901 777//2901
f 772//2902 778//2902 771//2902
f 769//2903 772//2903 771//2903
f 770//2904 772//2904 769//2904
f 770//2905 769//2905 443//2905
f 444//2906 770//2906 443//2906
f 444//2907 443//2907 217//2907
f 219//2908 444//2908 217//2908
f 219//2909 217//2909 216//2909
f 218//2910 219//2910 216//2910
f 218//2911 216//2911 451//2911
f 453//2912 218//2912 451//2912
f 453//2913 451//2913 452//2913
f 454//2914 453//2914 452//2914
f 454//2915 452//2915 449//2915
f 450//2916 454//2916 449//2916
f 441//2917 450//2917 449//2917
f 442//2918 450//2918 441//2918
f 431//2919 442//2919 441//2919
f 432//2920 442//2920 431//2920
f 429//2921 432//2921 431//2921
f 430//2922 432//2922 429//2922
f 430//2923 429//2923 691//2923
f 692//2924 430//2924 691//2924
f 692//2925 691//2925 831//2925
f 832//2926 692//2926 831//2926
f 832//2927 831//2927 845//2927
f 846//2928 832//2928 845//2928
f 846//2929 845//2929 843//2929
f 844//2930 846//2930 843//2930
f 841//2931 844//2931 843//2931
f 842//2932 844//2932 841//2932
f 837//2933 842//2933 841//2933
f 838//2934 842//2934 837//2934
f 834//2935 838//2935 837//2935
f 836//2936 838//2936 834//2936
f 836//2937 834//2937 833//2937
f 835//2938 836//2938 833//2938
f 835//2939 833//2939 847//2939
f 849//2940 835//2940 847//2940
f 849//2941 847//2941 848//2941
f 850//2942 849//2942 848//2942
f 3046//2943 3042//2943 2996//2943
f 3016//2944 3046//2944 2996//2944
f 3024//2945 3046//2945 3016//2945
f 3042//2946 350//2946 2892//2946
f 2924//2947 3042//2947 2892//2947
f 2940//2948 3042//2948 2924//2948
f 350//2949 248//2949 192//2949
f 176//2950 350//2950 192//2950
f 164//2951 350//2951 176//2951
f 248//2952 249//2952 210//2952
f 206//2953 248//2953 210//2953
f 202//2954 248//2954 206//2954
f 249//2955 220//2955 211//2955
f 214//2956 249//2956 211//2956
f 210//2957 249//2957 214//2957
f 220//2958 124//2958 177//2958
f 193//2959 220//2959 177//2959
f 203//2960 220//2960 193//2960
f 124//2961 110//2961 131//2961
f 141//2962 124//2962 131//2962
f 157//2963 124//2963 141//2963
f 110//2964 109//2964 217//2964
f 126//2965 110//2965 217//2965
f 120//2966 110//2966 126//2966
f 109//2967 107//2967 102//2967
f 105//2968 109//2968 102//2968
f 101//2969 109//2969 105//2969
f 107//2970 7//2970 56//2970
f 68//2971 107//2971 56//2971
f 84//2972 107//2972 68//2972
f 7//2973 2//2973 32//2973
f 48//2974 7//2974 32//2974
f 56//2975 7//2975 48//2975
f 2//2976 1//2976 11//2976
f 14//2977 2//2977 11//2977
f 18//2978 2//2978 14//2978
f 1//2979 5//2979 6//2979
f 31//2980 1//2980 6//2980
f 21//2981 1//2981 31//2981
f 6//2982 3041//2982 2889//2982
f 83//2983 6//2983 2889//2983
f 67//2984 6//2984 83//2984
f 3041//2985 3045//2985 2993//2985
f 2961//2986 3041//2986 2993//2986
f 2937//2987 3041//2987 2961//2987
f 3045//2988 3046//2988 2846//2988
f 2845//2989 3045//2989 2846//2989
f 3022//2990 3045//2990 2845//2990
f 3014//2991 3022//2991 2845//2991
f 2994//2992 3014//2992 2845//2992
f 2962//2993 2994//2993 2845//2993
f 2938//2994 2962//2994 2845//2994
f 2922//2995 2938//2995 2845//2995
f 2833//2996 2922//2996 2845//2996
f 2831//2997 2922//2997 2833//2997
f 2834//2998 2831//2998 2833//2998
f 2721//2999 2831//2999 2834//2999
f 2846//3000 2721//3000 2834//3000
f 2995//3001 2721//3001 2846//3001
f 3015//3002 2995//3002 2846//3002
f 3023//3003 3015//3003 2846//3003
f 3046//3004 3023//3004 2846//3004
f 3031//3005 3023//3005 3046//3005
f 3038//3006 3031//3006 3046//3006
f 3032//3007 3038//3007 3046//3007
f 3024//3008 3032//3008 3046//3008
f 110//3009 120//3009 118//3009
f 121//3010 110//3010 118//3010
f 127//3011 110//3011 121//3011
f 110//3012 127//3012 131//3012
f 124//3013 157//3013 165//3013
f 177//3014 124//3014 165//3014
f 220//3015 203//3015 207//3015
f 211//3016 220//3016 207//3016
f 248//3017 202//3017 192//3017
f 217//3018 350//3018 164//3018
f 156//3019 217//3019 164//3019
f 140//3020 217//3020 156//3020
f 217//3021 140//3021 130//3021
f 126//3022 217//3022 130//3022
f 2//3023 18//3023 22//3023
f 32//3024 2//3024 22//3024
f 107//3025 84//3025 94//3025
f 98//3026 107//3026 94//3026
f 102//3027 107//3027 98//3027
f 101//3028 97//3028 2124//3028
f 1489//3029 101//3029 2124//3029
f 109//3030 101//3030 1489//3030
f 1199//3031 109//3031 1489//3031
f 855//3032 109//3032 1199//3032
f 1127//3033 855//3033 1199//3033
f 1087//3034 855//3034 1127//3034
f 2861//3035 2124//3035 97//3035
f 93//3036 2861//3036 97//3036
f 2869//3037 2861//3037 93//3037
f 83//3038 2869//3038 93//3038
f 2889//3039 2869//3039 83//3039
f 6//3040 67//3040 55//3040
f 47//3041 6//3041 55//3041
f 31//3042 6//3042 47//3042
f 1//3043 21//3043 17//3043
f 13//3044 1//3044 17//3044
f 11//3045 1//3045 13//3045
f 2850//3046 2856//3046 2210//3046
f 2216//3047 2850//3047 2210//3047
f 2296//3048 2850//3048 2216//3048
f 2215//3049 2296//3049 2216//3049
f 2162//3050 2210//3050 2856//3050
f 2864//3051 2162//3051 2856//3051
f 350//3052 2162//3052 2864//3052
f 2872//3053 350//3053 2864//3053
f 2892//3054 350//3054 2872//3054
f 3042//3055 2940//3055 2964//3055
f 2996//3056 3042//3056 2964//3056
f 2721//3057 2995//3057 2963//3057
f 2939//3058 2721//3058 2963//3058
f 2923//3059 2721//3059 2939//3059
f 2721//3060 2923//3060 2891//3060
f 2547//3061 2721//3061 2891//3061
f 2871//3062 2547//3062 2891//3062
f 2863//3063 2547//3063 2871//3063
f 2447//3064 2547//3064 2863//3064
f 2855//3065 2447//3065 2863//3065
f 2296//3066 2447//3066 2855//3066
f 2850//3067 2296//3067 2855//3067
f 2849//3068 2854//3068 2213//3068
f 2209//3069 2849//3069 2213//3069
f 2205//3070 2849//3070 2209//3070
f 2206//3071 2205//3071 2209//3071
f 2210//3072 2206//3072 2209//3072
f 2195//3073 2206//3073 2210//3073
f 2196//3074 2195//3074 2210//3074
f 2191//3075 2196//3075 2210//3075
f 2187//3076 2191//3076 2210//3076
f 2183//3077 2187//3077 2210//3077
f 2179//3078 2183//3078 2210//3078
f 2175//3079 2179//3079 2210//3079
f 2171//3080 2175//3080 2210//3080
f 2167//3081 2171//3081 2210//3081
f 2162//3082 2167//3082 2210//3082
f 2854//3083 2862//3083 2480//3083
f 2313//3084 2854//3084 2480//3084
f 2213//3085 2854//3085 2313//3085
f 2214//3086 2213//3086 2313//3086
f 2862//3087 2870//3087 2517//3087
f 2513//3088 2862//3088 2517//3088
f 2509//3089 2862//3089 2513//3089
f 2521//3090 2517//3090 2870//3090
f 2890//3091 2521//3091 2870//3091
f 2763//3092 2521//3092 2890//3092
f 2831//3093 2763//3093 2890//3093
f 2922//3094 2831//3094 2890//3094
f 3045//3095 3022//3095 3030//3095
f 3037//3096 3045//3096 3030//3096
f 3029//3097 3045//3097 3037//3097
f 3045//3098 3029//3098 3021//3098
f 3013//3099 3045//3099 3021//3099
f 2993//3100 3045//3100 3013//3100
f 3041//3101 2937//3101 2921//3101
f 2889//3102 3041//3102 2921//3102
f 2161//3103 2124//3103 2861//3103
f 2853//3104 2161//3104 2861//3104
f 2201//3105 2161//3105 2853//3105
f 2205//3106 2201//3106 2853//3106
f 2849//3107 2205//3107 2853//3107
f 839//3108 848//3108 350//3108
f 443//3109 839//3109 350//3109
f 803//3110 839//3110 443//3110
f 769//3111 803//3111 443//3111
f 771//3112 803//3112 769//3112
f 848//3113 847//3113 852//3113
f 1001//3114 848//3114 852//3114
f 1002//3115 848//3115 1001//3115
f 847//3116 833//3116 109//3116
f 851//3117 847//3117 109//3117
f 852//3118 847//3118 851//3118
f 833//3119 834//3119 831//3119
f 691//3120 833//3120 831//3120
f 451//3121 833//3121 691//3121
f 452//3122 451//3122 691//3122
f 449//3123 452//3123 691//3123
f 441//3124 449//3124 691//3124
f 431//3125 441//3125 691//3125
f 429//3126 431//3126 691//3126
f 831//3127 834//3127 837//3127
f 841//3128 831//3128 837//3128
f 843//3129 831//3129 841//3129
f 831//3130 843//3130 845//3130
f 109//3131 833//3131 451//3131
f 216//3132 109//3132 451//3132
f 217//3133 109//3133 216//3133
f 350//3134 217//3134 443//3134
f 799//3135 803//3135 771//3135
f 777//3136 799//3136 771//3136
f 793//3137 799//3137 777//3137
f 779//3138 793//3138 777//3138
f 791//3139 793//3139 779//3139
f 785//3140 791//3140 779//3140
f 1499//3141 1514//3141 1508//3141
f 1497//3142 1499//3142 1508//3142
f 1487//3143 1499//3143 1497//3143
f 1525//3144 1508//3144 1514//3144
f 1527//3145 1525//3145 1514//3145
f 1540//3146 1525//3146 1527//3146
f 1542//3147 1540//3147 1527//3147
f 1546//3148 1540//3148 1542//3148
f 1552//3149 1546//3149 1542//3149
f 2011//3150 1546//3150 1552//3150
f 2010//3151 2011//3151 1552//3151
f 1557//3152 2010//3152 1552//3152
f 1566//3153 2010//3153 1557//3153
f 2010//3154 1566//3154 1565//3154
f 1548//3155 2010//3155 1565//3155
f 2020//3156 2010//3156 1548//3156
f 2032//3157 2020//3157 1548//3157
f 1536//3158 2032//3158 1548//3158
f 2040//3159 2032//3159 1536//3159
f 1529//3160 2040//3160 1536//3160
f 2047//3161 2040//3161 1529//3161
f 1517//3162 2047//3162 1529//3162
f 2056//3163 2047//3163 1517//3163
f 1510//3164 2056//3164 1517//3164
f 2064//3165 2056//3165 1510//3165
f 1502//3166 2064//3166 1510//3166
f 2080//3167 2064//3167 1502//3167
f 1493//3168 2080//3168 1502//3168
f 2124//3169 2080//3169 1493//3169
f 1489//3170 2124//3170 1493//3170
f 855//3171 1087//3171 1059//3171
f 1051//3172 855//3172 1059//3172
f 1035//3173 855//3173 1051//3173
f 855//3174 1035//3174 1027//3174
f 1011//3175 855//3175 1027//3175
f 999//3176 855//3176 1011//3176
f 856//3177 855//3177 999//3177
f 1000//3178 856//3178 999//3178
f 852//3179 856//3179 1000//3179
f 1001//3180 852//3180 1000//3180
f 1335//3181 1001//3181 1000//3181
f 1320//3182 1335//3182 1000//3182
f 1480//3183 1335//3183 1320//3183
f 1479//3184 1480//3184 1320//3184
f 1319//3185 1479//3185 1320//3185
f 1001//3186 1335//3186 1336//3186
f 1321//3187 1001//3187 1336//3187
f 1481//3188 1321//3188 1336//3188
f 1482//3189 1321//3189 1481//3189
f 1321//3190 1482//3190 1322//3190
f 848//3191 1002//3191 1017//3191
f 1029//3192 848//3192 1017//3192
f 1037//3193 848//3193 1029//3193
f 848//3194 1037//3194 1053//3194
f 1061//3195 848//3195 1053//3195
f 1089//3196 848//3196 1061//3196
f 848//3197 1089//3197 1129//3197
f 1209//3198 848//3198 1129//3198
f 350//3199 848//3199 1209//3199
f 1490//3200 350//3200 1209//3200
f 2125//3201 350//3201 1490//3201
f 1495//3202 2125//3202 1490//3202
f 2078//3203 2125//3203 1495//3203
f 1504//3204 2078//3204 1495//3204
f 2062//3205 2078//3205 1504//3205
f 1512//3206 2062//3206 1504//3206
f 2054//3207 2062//3207 1512//3207
f 1519//3208 2054//3208 1512//3208
f 2045//3209 2054//3209 1519//3209
f 1531//3210 2045//3210 1519//3210
f 2038//3211 2045//3211 1531//3211
f 1538//3212 2038//3212 1531//3212
f 2030//3213 2038//3213 1538//3213
f 1550//3214 2030//3214 1538//3214
f 2018//3215 2030//3215 1550//3215
f 2011//3216 2018//3216 1550//3216
f 1568//3217 2011//3217 1550//3217
f 1567//3218 2011//3218 1568//3218
f 2011//3219 1567//3219 1555//3219
f 1546//3220 2011//3220 1555//3220
f 2547//3221 2447//3221 2446//3221
f 2255//3222 2547//3222 2446//3222
f 2514//3223 2547//3223 2255//3223
f 2510//3224 2514//3224 2255//3224
f 2480//3225 2510//3225 2255//3225
f 2509//3226 2510//3226 2480//3226
f 2862//3227 2509//3227 2480//3227
f 2763//3228 2739//3228 2531//3228
f 2521//3229 2763//3229 2531//3229
f 2513//3230 2517//3230 2518//3230
f 2514//3231 2513//3231 2518//3231
f 2547//3232 2514//3232 2518//3232
f 2202//3233 2206//3233 2194//3233
f 2193//3234 2202//3234 2194//3234
f 2201//3235 2202//3235 2193//3235
f 2189//3236 2201//3236 2193//3236
f 2185//3237 2201//3237 2189//3237
f 2154//3238 2194//3238 2155//3238
f 2150//3239 2154//3239 2155//3239
f 2149//3240 2154//3240 2150//3240
f 2201//3241 2185//3241 2181//3241
f 2177//3242 2201//3242 2181//3242
f 2173//3243 2201//3243 2177//3243
f 2201//3244 2173//3244 2169//3244
f 2165//3245 2201//3245 2169//3245
f 2161//3246 2201//3246 2165//3246
f 350//3247 2125//3247 2162//3247
f 2194//3248 2206//3248 2195//3248
f 2155//3249 2194//3249 2195//3249
f 2150//3250 2155//3250 2156//3250
f 2154//3251 2149//3251 2153//3251
f 109//3252 855//3252 851//3252
f 1833//3253 1820//3253 1830//3253
f 1836//3254 1833//3254 1830//3254
f 1829//3255 1833//3255 1836//3255
f 1855//3256 1829//3256 1836//3256
f 1846//3257 1829//3257 1855//3257
f 1870//3258 1846//3258 1855//3258
f 1864//3259 1846//3259 1870//3259
f 1885//3260 1864//3260 1870//3260
f 1881//3261 1864//3261 1885//3261
f 1896//3262 1881//3262 1885//3262
f 1891//3263 1881//3263 1896//3263
f 1911//3264 1891//3264 1896//3264
f 1907//3265 1891//3265 1911//3265
f 1815//3266 1830//3266 1820//3266
f 1798//3267 1815//3267 1820//3267
f 1794//3268 1815//3268 1798//3268
f 1772//3269 1794//3269 1798//3269
f 1776//3270 1794//3270 1772//3270
f 1758//3271 1776//3271 1772//3271
f 1760//3272 1776//3272 1758//3272
f 1746//3273 1760//3273 1758//3273
f 1748//3274 1760//3274 1746//3274
f 1718//3275 1748//3275 1746//3275
f 1720//3276 1748//3276 1718//3276
f 1692//3277 1720//3277 1718//3277
f 1690//3278 1720//3278 1692//3278
f 1668//3279 1690//3279 1692//3279
f 1688//3280 1690//3280 1668//3280
f 1658//3281 1688//3281 1668//3281
f 1638//3282 1658//3282 1668//3282
f 1628//3283 1658//3283 1638//3283
f 1616//3284 1628//3284 1638//3284
f 1602//3285 1628//3285 1616//3285
f 1598//3286 1602//3286 1616//3286
f 1564//3287 1602//3287 1598//3287
f 1574//3288 1564//3288 1598//3288
f 1524//3289 1564//3289 1574//3289
f 1535//3290 1524//3290 1574//3290
f 1507//3291 1524//3291 1535//3291
f 1522//3292 1507//3292 1535//3292
f 1501//3293 1507//3293 1522//3293
f 1516//3294 1501//3294 1522//3294
f 1521//3295 1501//3295 1516//3295
f 1533//3296 1521//3296 1516//3296
f 1544//3297 1521//3297 1533//3297
f 1554//3298 1544//3298 1533//3298
f 1561//3299 1544//3299 1554//3299
f 1575//3300 1561//3300 1554//3300
f 1576//3301 1561//3301 1575//3301
f 1580//3302 1576//3302 1575//3302
f 1585//3303 1576//3303 1580//3303
f 1581//3304 1585//3304 1580//3304
f 1589//3305 1585//3305 1581//3305
f 1758//3306 1772//3306 1754//3306
f 1742//3307 1758//3307 1754//3307
f 1746//3308 1758//3308 1742//3308
f 1716//3309 1746//3309 1742//3309
f 1718//3310 1746//3310 1716//3310
f 1694//3311 1718//3311 1716//3311
f 1692//3312 1718//3312 1694//3312
f 1670//3313 1692//3313 1694//3313
f 1668//3314 1692//3314 1670//3314
f 1638//3315 1668//3315 1670//3315
f 1742//3316 1754//3316 1724//3316
f 1710//3317 1742//3317 1724//3317
f 1716//3318 1742//3318 1710//3318
f 1696//3319 1716//3319 1710//3319
f 1694//3320 1716//3320 1696//3320
f 1672//3321 1694//3321 1696//3321
f 1670//3322 1694//3322 1672//3322
f 1640//3323 1670//3323 1672//3323
f 1638//3324 1670//3324 1640//3324
f 1616//3325 1638//3325 1640//3325
f 1710//3326 1724//3326 1700//3326
f 1698//3327 1710//3327 1700//3327
f 1696//3328 1710//3328 1698//3328
f 1674//3329 1696//3329 1698//3329
f 1672//3330 1696//3330 1674//3330
f 1642//3331 1672//3331 1674//3331
f 1640//3332 1672//3332 1642//3332
f 1624//3333 1640//3333 1642//3333
f 1616//3334 1640//3334 1624//3334
f 1598//3335 1616//3335 1624//3335
f 1680//3336 1698//3336 1700//3336
f 1664//3337 1680//3337 1700//3337
f 1648//3338 1680//3338 1664//3338
f 1634//3339 1648//3339 1664//3339
f 1632//3340 1648//3340 1634//3340
f 1620//3341 1632//3341 1634//3341
f 1618//3342 1632//3342 1620//3342
f 1610//3343 1618//3343 1620//3343
f 1600//3344 1618//3344 1610//3344
f 1588//3345 1600//3345 1610//3345
f 1579//3346 1600//3346 1588//3346
f 1562//3347 1579//3347 1588//3347
f 1545//3348 1579//3348 1562//3348
f 1533//3349 1545//3349 1562//3349
f 1516//3350 1545//3350 1533//3350
f 1610//3351 1620//3351 1604//3351
f 1594//3352 1610//3352 1604//3352
f 1588//3353 1610//3353 1594//3353
f 1577//3354 1588//3354 1594//3354
f 1562//3355 1588//3355 1577//3355
f 1554//3356 1562//3356 1577//3356
f 1533//3357 1562//3357 1554//3357
f 1594//3358 1604//3358 1590//3358
f 1586//3359 1594//3359 1590//3359
f 1577//3360 1594//3360 1586//3360
f 1575//3361 1577//3361 1586//3361
f 1554//3362 1577//3362 1575//3362
f 1586//3363 1590//3363 1581//3363
f 1580//3364 1586//3364 1581//3364
f 1575//3365 1586//3365 1580//3365
f 1593//3366 1585//3366 1589//3366
f 1603//3367 1593//3367 1589//3367
f 1609//3368 1593//3368 1603//3368
f 1619//3369 1609//3369 1603//3369
f 1617//3370 1609//3370 1619//3370
f 1631//3371 1617//3371 1619//3371
f 1629//3372 1617//3372 1631//3372
f 1643//3373 1629//3373 1631//3373
f 1641//3374 1629//3374 1643//3374
f 1671//3375 1641//3375 1643//3375
f 1669//3376 1641//3376 1671//3376
f 1691//3377 1669//3377 1671//3377
f 1689//3378 1669//3378 1691//3378
f 1721//3379 1689//3379 1691//3379
f 1687//3380 1689//3380 1721//3380
f 1731//3381 1687//3381 1721//3381
f 1751//3382 1731//3382 1721//3382
f 1761//3383 1731//3383 1751//3383
f 1777//3384 1761//3384 1751//3384
f 1801//3385 1761//3385 1777//3385
f 1808//3386 1801//3386 1777//3386
f 1862//3387 1801//3387 1808//3387
f 1856//3388 1862//3388 1808//3388
f 1889//3389 1862//3389 1856//3389
f 1883//3390 1889//3390 1856//3390
f 1907//3391 1889//3391 1883//3391
f 1891//3392 1907//3392 1883//3392
f 1631//3393 1619//3393 1633//3393
f 1647//3394 1631//3394 1633//3394
f 1643//3395 1631//3395 1647//3395
f 1673//3396 1643//3396 1647//3396
f 1671//3397 1643//3397 1673//3397
f 1693//3398 1671//3398 1673//3398
f 1691//3399 1671//3399 1693//3399
f 1719//3400 1691//3400 1693//3400
f 1721//3401 1691//3401 1719//3401
f 1751//3402 1721//3402 1719//3402
f 1647//3403 1633//3403 1663//3403
f 1679//3404 1647//3404 1663//3404
f 1673//3405 1647//3405 1679//3405
f 1695//3406 1673//3406 1679//3406
f 1693//3407 1673//3407 1695//3407
f 1717//3408 1693//3408 1695//3408
f 1719//3409 1693//3409 1717//3409
f 1749//3410 1719//3410 1717//3410
f 1751//3411 1719//3411 1749//3411
f 1777//3412 1751//3412 1749//3412
f 1679//3413 1663//3413 1699//3413
f 1697//3414 1679//3414 1699//3414
f 1695//3415 1679//3415 1697//3415
f 1715//3416 1695//3416 1697//3416
f 1717//3417 1695//3417 1715//3417
f 1747//3418 1717//3418 1715//3418
f 1749//3419 1717//3419 1747//3419
f 1767//3420 1749//3420 1747//3420
f 1777//3421 1749//3421 1767//3421
f 1808//3422 1777//3422 1767//3422
f 1709//3423 1697//3423 1699//3423
f 1723//3424 1709//3424 1699//3424
f 1741//3425 1709//3425 1723//3425
f 1753//3426 1741//3426 1723//3426
f 1757//3427 1741//3427 1753//3427
f 1771//3428 1757//3428 1753//3428
f 1775//3429 1757//3429 1771//3429
f 1793//3430 1775//3430 1771//3430
f 1803//3431 1775//3431 1793//3431
f 1823//3432 1803//3432 1793//3432
f 1844//3433 1803//3433 1823//3433
f 1864//3434 1844//3434 1823//3434
f 1881//3435 1844//3435 1864//3435
f 1793//3436 1771//3436 1797//3436
f 1814//3437 1793//3437 1797//3437
f 1823//3438 1793//3438 1814//3438
f 1846//3439 1823//3439 1814//3439
f 1864//3440 1823//3440 1846//3440
f 1814//3441 1797//3441 1819//3441
f 1829//3442 1814//3442 1819//3442
f 1846//3443 1814//3443 1829//3443
f 1829//3444 1819//3444 1833//3444
f 1667//3445 1689//3445 1687//3445
f 1657//3446 1667//3446 1687//3446
f 1637//3447 1667//3447 1657//3447
f 1627//3448 1637//3448 1657//3448
f 1615//3449 1637//3449 1627//3449
f 1601//3450 1615//3450 1627//3450
f 1597//3451 1615//3451 1601//3451
f 1563//3452 1597//3452 1601//3452
f 1573//3453 1597//3453 1563//3453
f 1523//3454 1573//3454 1563//3454
f 1534//3455 1573//3455 1523//3455
f 1506//3456 1534//3456 1523//3456
f 1521//3457 1534//3457 1506//3457
f 1501//3458 1521//3458 1506//3458
f 1722//3459 1690//3459 1688//3459
f 1732//3460 1722//3460 1688//3460
f 1752//3461 1722//3461 1732//3461
f 1762//3462 1752//3462 1732//3462
f 1778//3463 1752//3463 1762//3463
f 1802//3464 1778//3464 1762//3464
f 1809//3465 1778//3465 1802//3465
f 1863//3466 1809//3466 1802//3466
f 1857//3467 1809//3467 1863//3467
f 1890//3468 1857//3468 1863//3468
f 1884//3469 1857//3469 1890//3469
f 1908//3470 1884//3470 1890//3470
f 1892//3471 1884//3471 1908//3471
f 1911//3472 1892//3472 1908//3472
f 1896//3473 1892//3473 1911//3473
f 1680//3474 1674//3474 1698//3474
f 1722//3475 1720//3475 1690//3475
f 1847//3476 1855//3476 1836//3476
f 1830//3477 1847//3477 1836//3477
f 1824//3478 1847//3478 1830//3478
f 1815//3479 1824//3479 1830//3479
f 1804//3480 1824//3480 1815//3480
f 1794//3481 1804//3481 1815//3481
f 1781//3482 1804//3482 1794//3482
f 1776//3483 1781//3483 1794//3483
f 1760//3484 1781//3484 1776//3484
f 1865//3485 1870//3485 1855//3485
f 1847//3486 1865//3486 1855//3486
f 1845//3487 1865//3487 1847//3487
f 1824//3488 1845//3488 1847//3488
f 1813//3489 1845//3489 1824//3489
f 1804//3490 1813//3490 1824//3490
f 1785//3491 1813//3491 1804//3491
f 1781//3492 1785//3492 1804//3492
f 1764//3493 1785//3493 1781//3493
f 1760//3494 1764//3494 1781//3494
f 1748//3495 1764//3495 1760//3495
f 1882//3496 1885//3496 1870//3496
f 1865//3497 1882//3497 1870//3497
f 1869//3498 1882//3498 1865//3498
f 1845//3499 1869//3499 1865//3499
f 1832//3500 1869//3500 1845//3500
f 1813//3501 1832//3501 1845//3501
f 1796//3502 1832//3502 1813//3502
f 1785//3503 1796//3503 1813//3503
f 1768//3504 1796//3504 1785//3504
f 1764//3505 1768//3505 1785//3505
f 1750//3506 1768//3506 1764//3506
f 1748//3507 1750//3507 1764//3507
f 1720//3508 1750//3508 1748//3508
f 1892//3509 1896//3509 1885//3509
f 1882//3510 1892//3510 1885//3510
f 1884//3511 1892//3511 1882//3511
f 1869//3512 1884//3512 1882//3512
f 1857//3513 1884//3513 1869//3513
f 1832//3514 1857//3514 1869//3514
f 1809//3515 1857//3515 1832//3515
f 1796//3516 1809//3516 1832//3516
f 1778//3517 1809//3517 1796//3517
f 1768//3518 1778//3518 1796//3518
f 1752//3519 1778//3519 1768//3519
f 1750//3520 1752//3520 1768//3520
f 1722//3521 1752//3521 1750//3521
f 1720//3522 1722//3522 1750//3522
f 1644//3523 1674//3523 1680//3523
f 1648//3524 1644//3524 1680//3524
f 1630//3525 1644//3525 1648//3525
f 1632//3526 1630//3526 1648//3526
f 1614//3527 1630//3527 1632//3527
f 1618//3528 1614//3528 1632//3528
f 1600//3529 1614//3529 1618//3529
f 1642//3530 1674//3530 1644//3530
f 1626//3531 1642//3531 1644//3531
f 1624//3532 1642//3532 1626//3532
f 1608//3533 1624//3533 1626//3533
f 1598//3534 1624//3534 1608//3534
f 1574//3535 1598//3535 1608//3535
f 1630//3536 1626//3536 1644//3536
f 1612//3537 1626//3537 1630//3537
f 1614//3538 1612//3538 1630//3538
f 1596//3539 1612//3539 1614//3539
f 1600//3540 1596//3540 1614//3540
f 1579//3541 1596//3541 1600//3541
f 1612//3542 1596//3542 1584//3542
f 1608//3543 1612//3543 1584//3543
f 1626//3544 1612//3544 1608//3544
f 1584//3545 1535//3545 1574//3545
f 1608//3546 1584//3546 1574//3546
f 1560//3547 1584//3547 1596//3547
f 1579//3548 1560//3548 1596//3548
f 1545//3549 1560//3549 1579//3549
f 1560//3550 1522//3550 1535//3550
f 1584//3551 1560//3551 1535//3551
f 1545//3552 1522//3552 1560//3552
f 1545//3553 1516//3553 1522//3553
f 1587//3554 1576//3554 1585//3554
f 1593//3555 1587//3555 1585//3555
f 1599//3556 1587//3556 1593//3556
f 1609//3557 1599//3557 1593//3557
f 1613//3558 1599//3558 1609//3558
f 1617//3559 1613//3559 1609//3559
f 1629//3560 1613//3560 1617//3560
f 1578//3561 1561//3561 1576//3561
f 1587//3562 1578//3562 1576//3562
f 1595//3563 1578//3563 1587//3563
f 1599//3564 1595//3564 1587//3564
f 1611//3565 1595//3565 1599//3565
f 1613//3566 1611//3566 1599//3566
f 1625//3567 1611//3567 1613//3567
f 1629//3568 1625//3568 1613//3568
f 1641//3569 1625//3569 1629//3569
f 1544//3570 1534//3570 1521//3570
f 1559//3571 1544//3571 1561//3571
f 1578//3572 1559//3572 1561//3572
f 1583//3573 1559//3573 1578//3573
f 1595//3574 1583//3574 1578//3574
f 1607//3575 1583//3575 1595//3575
f 1611//3576 1607//3576 1595//3576
f 1623//3577 1607//3577 1611//3577
f 1625//3578 1623//3578 1611//3578
f 1639//3579 1623//3579 1625//3579
f 1641//3580 1639//3580 1625//3580
f 1669//3581 1639//3581 1641//3581
f 1559//3582 1573//3582 1534//3582
f 1544//3583 1559//3583 1534//3583
f 1583//3584 1573//3584 1559//3584
f 1583//3585 1597//3585 1573//3585
f 1607//3586 1597//3586 1583//3586
f 1615//3587 1597//3587 1607//3587
f 1623//3588 1615//3588 1607//3588
f 1637//3589 1615//3589 1623//3589
f 1639//3590 1637//3590 1623//3590
f 1667//3591 1637//3591 1639//3591
f 1669//3592 1667//3592 1639//3592
f 1689//3593 1667//3593 1669//3593
f 1715//3594 1697//3594 1709//3594
f 1745//3595 1715//3595 1709//3595
f 1747//3596 1715//3596 1745//3596
f 1763//3597 1747//3597 1745//3597
f 1767//3598 1747//3598 1763//3598
f 1795//3599 1767//3599 1763//3599
f 1808//3600 1767//3600 1795//3600
f 1856//3601 1808//3601 1795//3601
f 1745//3602 1709//3602 1741//3602
f 1759//3603 1745//3603 1741//3603
f 1763//3604 1745//3604 1759//3604
f 1784//3605 1763//3605 1759//3605
f 1795//3606 1763//3606 1784//3606
f 1831//3607 1795//3607 1784//3607
f 1856//3608 1795//3608 1831//3608
f 1883//3609 1856//3609 1831//3609
f 1759//3610 1741//3610 1757//3610
f 1780//3611 1759//3611 1757//3611
f 1784//3612 1759//3612 1780//3612
f 1812//3613 1784//3613 1780//3613
f 1831//3614 1784//3614 1812//3614
f 1868//3615 1831//3615 1812//3615
f 1883//3616 1831//3616 1868//3616
f 1891//3617 1883//3617 1868//3617
f 1780//3618 1775//3618 1803//3618
f 1812//3619 1780//3619 1803//3619
f 1844//3620 1868//3620 1812//3620
f 1803//3621 1844//3621 1812//3621
f 1780//3622 1757//3622 1775//3622
f 1881//3623 1891//3623 1868//3623
f 1844//3624 1881//3624 1868//3624
f 1834//3625 1822//3625 1820//3625
f 1833//3626 1834//3626 1820//3626
f 1821//3627 1834//3627 1833//3627
f 1819//3628 1821//3628 1833//3628
f 1799//3629 1821//3629 1819//3629
f 1797//3630 1799//3630 1819//3630
f 1773//3631 1799//3631 1797//3631
f 1771//3632 1773//3632 1797//3632
f 1755//3633 1773//3633 1771//3633
f 1753//3634 1755//3634 1771//3634
f 1725//3635 1755//3635 1753//3635
f 1723//3636 1725//3636 1753//3636
f 1701//3637 1725//3637 1723//3637
f 1699//3638 1701//3638 1723//3638
f 1665//3639 1701//3639 1699//3639
f 1663//3640 1665//3640 1699//3640
f 1635//3641 1665//3641 1663//3641
f 1633//3642 1635//3642 1663//3642
f 1621//3643 1635//3643 1633//3643
f 1619//3644 1621//3644 1633//3644
f 1605//3645 1621//3645 1619//3645
f 1603//3646 1605//3646 1619//3646
f 1591//3647 1605//3647 1603//3647
f 1589//3648 1591//3648 1603//3648
f 1582//3649 1591//3649 1589//3649
f 1581//3650 1582//3650 1589//3650
f 1592//3651 1582//3651 1581//3651
f 1590//3652 1592//3652 1581//3652
f 1606//3653 1592//3653 1590//3653
f 1604//3654 1606//3654 1590//3654
f 1622//3655 1606//3655 1604//3655
f 1620//3656 1622//3656 1604//3656
f 1636//3657 1622//3657 1620//3657
f 1634//3658 1636//3658 1620//3658
f 1666//3659 1636//3659 1634//3659
f 1664//3660 1666//3660 1634//3660
f 1704//3661 1666//3661 1664//3661
f 1700//3662 1704//3662 1664//3662
f 1726//3663 1704//3663 1700//3663
f 1724//3664 1726//3664 1700//3664
f 1756//3665 1726//3665 1724//3665
f 1754//3666 1756//3666 1724//3666
f 1774//3667 1756//3667 1754//3667
f 1772//3668 1774//3668 1754//3668
f 1800//3669 1774//3669 1772//3669
f 1798//3670 1800//3670 1772//3670
f 1822//3671 1800//3671 1798//3671
f 1820//3672 1822//3672 1798//3672
f 2115//3673 2105//3673 2112//3673
f 2118//3674 2115//3674 2112//3674
f 2111//3675 2115//3675 2118//3675
f 2123//3676 2111//3676 2118//3676
f 2121//3677 2111//3677 2123//3677
f 2134//3678 2121//3678 2123//3678
f 2130//3679 2121//3679 2134//3679
f 2141//3680 2130//3680 2134//3680
f 2135//3681 2130//3681 2141//3681
f 2144//3682 2135//3682 2141//3682
f 2142//3683 2135//3683 2144//3683
f 2147//3684 2142//3684 2144//3684
f 2145//3685 2142//3685 2147//3685
f 2103//3686 2112//3686 2105//3686
f 2093//3687 2103//3687 2105//3687
f 2089//3688 2103//3688 2093//3688
f 2071//3689 2089//3689 2093//3689
f 2075//3690 2089//3690 2071//3690
f 2059//3691 2075//3691 2071//3691
f 2061//3692 2075//3692 2059//3692
f 2035//3693 2061//3693 2059//3693
f 2037//3694 2061//3694 2035//3694
f 1998//3695 2037//3695 2035//3695
f 2000//3696 2037//3696 1998//3696
f 1971//3697 2000//3697 1998//3697
f 2085//3698 2000//3698 1971//3698
f 2059//3699 2071//3699 2051//3699
f 2027//3700 2059//3700 2051//3700
f 2035//3701 2059//3701 2027//3701
f 1996//3702 2035//3702 2027//3702
f 1998//3703 2035//3703 1996//3703
f 1973//3704 1998//3704 1996//3704
f 1971//3705 1998//3705 1973//3705
f 1951//3706 1971//3706 1973//3706
f 1921//3707 1971//3707 1951//3707
f 1924//3708 1921//3708 1951//3708
f 1898//3709 1921//3709 1924//3709
f 1906//3710 1898//3710 1924//3710
f 1867//3711 1898//3711 1906//3711
f 1878//3712 1867//3712 1906//3712
f 1817//3713 1867//3713 1878//3713
f 1841//3714 1817//3714 1878//3714
f 1788//3715 1817//3715 1841//3715
f 1807//3716 1788//3716 1841//3716
f 1783//3717 1788//3717 1807//3717
f 1792//3718 1783//3718 1807//3718
f 1779//3719 1783//3719 1792//3719
f 1786//3720 1779//3720 1792//3720
f 1782//3721 1779//3721 1786//3721
f 1791//3722 1782//3722 1786//3722
f 1787//3723 1782//3723 1791//3723
f 1806//3724 1787//3724 1791//3724
f 1816//3725 1787//3725 1806//3725
f 1840//3726 1816//3726 1806//3726
f 1866//3727 1816//3727 1840//3727
f 1877//3728 1866//3728 1840//3728
f 1897//3729 1866//3729 1877//3729
f 1905//3730 1897//3730 1877//3730
f 1920//3731 1897//3731 1905//3731
f 1923//3732 1920//3732 1905//3732
f 1949//3733 1920//3733 1923//3733
f 1950//3734 1949//3734 1923//3734
f 1969//3735 1949//3735 1950//3735
f 1970//3736 1969//3736 1950//3736
f 2001//3737 1969//3737 1970//3737
f 1999//3738 2001//3738 1970//3738
f 2049//3739 2001//3739 1999//3739
f 2042//3740 2049//3740 1999//3740
f 2076//3741 2049//3741 2042//3741
f 2068//3742 2076//3742 2042//3742
f 2098//3743 2076//3743 2068//3743
f 2090//3744 2098//3744 2068//3744
f 2128//3745 2098//3745 2090//3745
f 2113//3746 2128//3746 2090//3746
f 2139//3747 2128//3747 2113//3747
f 2132//3748 2139//3748 2113//3748
f 2142//3749 2139//3749 2132//3749
f 2135//3750 2142//3750 2132//3750
f 2027//3751 2051//3751 2003//3751
f 1990//3752 2027//3752 2003//3752
f 1996//3753 2027//3753 1990//3753
f 1975//3754 1996//3754 1990//3754
f 1973//3755 1996//3755 1975//3755
f 1953//3756 1973//3756 1975//3756
f 1951//3757 1973//3757 1953//3757
f 1924//3758 1951//3758 1953//3758
f 1990//3759 2003//3759 1979//3759
f 1977//3760 1990//3760 1979//3760
f 1975//3761 1990//3761 1977//3761
f 1955//3762 1975//3762 1977//3762
f 1953//3763 1975//3763 1955//3763
f 1926//3764 1953//3764 1955//3764
f 1924//3765 1953//3765 1926//3765
f 1906//3766 1924//3766 1926//3766
f 1961//3767 1977//3767 1979//3767
f 1946//3768 1961//3768 1979//3768
f 1932//3769 1961//3769 1946//3769
f 1917//3770 1932//3770 1946//3770
f 1915//3771 1932//3771 1917//3771
f 1902//3772 1915//3772 1917//3772
f 1900//3773 1915//3773 1902//3773
f 1880//3774 1900//3774 1902//3774
f 1872//3775 1900//3775 1880//3775
f 1850//3776 1872//3776 1880//3776
f 1828//3777 1872//3777 1850//3777
f 1811//3778 1828//3778 1850//3778
f 1792//3779 1828//3779 1811//3779
f 1786//3780 1792//3780 1811//3780
f 1880//3781 1902//3781 1874//3781
f 1859//3782 1880//3782 1874//3782
f 1850//3783 1880//3783 1859//3783
f 1826//3784 1850//3784 1859//3784
f 1811//3785 1850//3785 1826//3785
f 1805//3786 1811//3786 1826//3786
f 1786//3787 1811//3787 1805//3787
f 1791//3788 1786//3788 1805//3788
f 1859//3789 1874//3789 1852//3789
f 1843//3790 1859//3790 1852//3790
f 1826//3791 1859//3791 1843//3791
f 1818//3792 1826//3792 1843//3792
f 1805//3793 1826//3793 1818//3793
f 1810//3794 1805//3794 1818//3794
f 1791//3795 1805//3795 1810//3795
f 1806//3796 1791//3796 1810//3796
f 1843//3797 1852//3797 1838//3797
f 1835//3798 1843//3798 1838//3798
f 1818//3799 1843//3799 1835//3799
f 1825//3800 1818//3800 1835//3800
f 1810//3801 1818//3801 1825//3801
f 1827//3802 1810//3802 1825//3802
f 1806//3803 1810//3803 1827//3803
f 1840//3804 1806//3804 1827//3804
f 1842//3805 1835//3805 1838//3805
f 1851//3806 1842//3806 1838//3806
f 1858//3807 1842//3807 1851//3807
f 1873//3808 1858//3808 1851//3808
f 1879//3809 1858//3809 1873//3809
f 1901//3810 1879//3810 1873//3810
f 1899//3811 1879//3811 1901//3811
f 1914//3812 1899//3812 1901//3812
f 1912//3813 1899//3813 1914//3813
f 1927//3814 1912//3814 1914//3814
f 1925//3815 1912//3815 1927//3815
f 1952//3816 1925//3816 1927//3816
f 1950//3817 1925//3817 1952//3817
f 1970//3818 1950//3818 1952//3818
f 1914//3819 1901//3819 1916//3819
f 1931//3820 1914//3820 1916//3820
f 1927//3821 1914//3821 1931//3821
f 1954//3822 1927//3822 1931//3822
f 1952//3823 1927//3823 1954//3823
f 1972//3824 1952//3824 1954//3824
f 1970//3825 1952//3825 1972//3825
f 1999//3826 1970//3826 1972//3826
f 1931//3827 1916//3827 1945//3827
f 1960//3828 1931//3828 1945//3828
f 1954//3829 1931//3829 1960//3829
f 1974//3830 1954//3830 1960//3830
f 1972//3831 1954//3831 1974//3831
f 1997//3832 1972//3832 1974//3832
f 1999//3833 1972//3833 1997//3833
f 2042//3834 1999//3834 1997//3834
f 1960//3835 1945//3835 1978//3835
f 1976//3836 1960//3836 1978//3836
f 1974//3837 1960//3837 1976//3837
f 1995//3838 1974//3838 1976//3838
f 1997//3839 1974//3839 1995//3839
f 2036//3840 1997//3840 1995//3840
f 2042//3841 1997//3841 2036//3841
f 2068//3842 2042//3842 2036//3842
f 1989//3843 1976//3843 1978//3843
f 2002//3844 1989//3844 1978//3844
f 2026//3845 1989//3845 2002//3845
f 2050//3846 2026//3846 2002//3846
f 2058//3847 2026//3847 2050//3847
f 2070//3848 2058//3848 2050//3848
f 2074//3849 2058//3849 2070//3849
f 2088//3850 2074//3850 2070//3850
f 2096//3851 2074//3851 2088//3851
f 2108//3852 2096//3852 2088//3852
f 2119//3853 2096//3853 2108//3853
f 2130//3854 2119//3854 2108//3854
f 2135//3855 2119//3855 2130//3855
f 2088//3856 2070//3856 2092//3856
f 2102//3857 2088//3857 2092//3857
f 2108//3858 2088//3858 2102//3858
f 2121//3859 2108//3859 2102//3859
f 2130//3860 2108//3860 2121//3860
f 2102//3861 2092//3861 2104//3861
f 2111//3862 2102//3862 2104//3862
f 2121//3863 2102//3863 2111//3863
f 2111//3864 2104//3864 2115//3864
f 1888//3865 1971//3865 1921//3865
f 1898//3866 1888//3866 1921//3866
f 1867//3867 1888//3867 1898//3867
f 2085//3868 2117//3868 2099//3868
f 2077//3869 2085//3869 2099//3869
f 2043//3870 2085//3870 2077//3870
f 2069//3871 2043//3871 2077//3871
f 2067//3872 2043//3872 2069//3872
f 2087//3873 2067//3873 2069//3873
f 2084//3874 2067//3874 2087//3874
f 2097//3875 2084//3875 2087//3875
f 2089//3876 2084//3876 2097//3876
f 2103//3877 2089//3877 2097//3877
f 2129//3878 2099//3878 2117//3878
f 2138//3879 2129//3879 2117//3879
f 2140//3880 2129//3880 2138//3880
f 2146//3881 2140//3881 2138//3881
f 2143//3882 2140//3882 2146//3882
f 2148//3883 2143//3883 2146//3883
f 2144//3884 2143//3884 2148//3884
f 2147//3885 2144//3885 2148//3885
f 2139//3886 2142//3886 2145//3886
f 2137//3887 2139//3887 2145//3887
f 2128//3888 2139//3888 2137//3888
f 2110//3889 2128//3889 2137//3889
f 2098//3890 2128//3890 2110//3890
f 2076//3891 2098//3891 2110//3891
f 2076//3892 2110//3892 2082//3892
f 2049//3893 2076//3893 2082//3893
f 2049//3894 2082//3894 2044//3894
f 2001//3895 2049//3895 2044//3895
f 2001//3896 2044//3896 1988//3896
f 1969//3897 2001//3897 1988//3897
f 1969//3898 1988//3898 1962//3898
f 1949//3899 1969//3899 1962//3899
f 1949//3900 1962//3900 1922//3900
f 1920//3901 1949//3901 1922//3901
f 1920//3902 1922//3902 1895//3902
f 1897//3903 1920//3903 1895//3903
f 1897//3904 1895//3904 1848//3904
f 1866//3905 1897//3905 1848//3905
f 1816//3906 1866//3906 1848//3906
f 1790//3907 1816//3907 1848//3907
f 1787//3908 1816//3908 1790//3908
f 1770//3909 1787//3909 1790//3909
f 1782//3910 1787//3910 1770//3910
f 1766//3911 1782//3911 1770//3911
f 1779//3912 1782//3912 1766//3912
f 1765//3913 1779//3913 1766//3913
f 1783//3914 1779//3914 1765//3914
f 1769//3915 1783//3915 1765//3915
f 1788//3916 1783//3916 1769//3916
f 1789//3917 1788//3917 1769//3917
f 1817//3918 1788//3918 1789//3918
f 1837//3919 1817//3919 1789//3919
f 1867//3920 1817//3920 1837//3920
f 1888//3921 1867//3921 1837//3921
f 1961//3922 1955//3922 1977//3922
f 2075//3923 2084//3923 2089//3923
f 2122//3924 2123//3924 2118//3924
f 2112//3925 2122//3925 2118//3925
f 2109//3926 2122//3926 2112//3926
f 2103//3927 2109//3927 2112//3927
f 2097//3928 2109//3928 2103//3928
f 2131//3929 2134//3929 2123//3929
f 2122//3930 2131//3930 2123//3930
f 2120//3931 2131//3931 2122//3931
f 2109//3932 2120//3932 2122//3932
f 2101//3933 2120//3933 2109//3933
f 2097//3934 2101//3934 2109//3934
f 2087//3935 2101//3935 2097//3935
f 2136//3936 2141//3936 2134//3936
f 2131//3937 2136//3937 2134//3937
f 2133//3938 2136//3938 2131//3938
f 2120//3939 2133//3939 2131//3939
f 2114//3940 2133//3940 2120//3940
f 2101//3941 2114//3941 2120//3941
f 2091//3942 2114//3942 2101//3942
f 2087//3943 2091//3943 2101//3943
f 2069//3944 2091//3944 2087//3944
f 2143//3945 2144//3945 2141//3945
f 2136//3946 2143//3946 2141//3946
f 2140//3947 2143//3947 2136//3947
f 2133//3948 2140//3948 2136//3948
f 2129//3949 2140//3949 2133//3949
f 2114//3950 2129//3950 2133//3950
f 2099//3951 2129//3951 2114//3951
f 2091//3952 2099//3952 2114//3952
f 2077//3953 2099//3953 2091//3953
f 2069//3954 2077//3954 2091//3954
f 2061//3955 2084//3955 2075//3955
f 2067//3956 2084//3956 2061//3956
f 2037//3957 2067//3957 2061//3957
f 2043//3958 2067//3958 2037//3958
f 2000//3959 2043//3959 2037//3959
f 2085//3960 2043//3960 2000//3960
f 1928//3961 1955//3961 1961//3961
f 1932//3962 1928//3962 1961//3962
f 1913//3963 1928//3963 1932//3963
f 1915//3964 1913//3964 1932//3964
f 1894//3965 1913//3965 1915//3965
f 1900//3966 1894//3966 1915//3966
f 1872//3967 1894//3967 1900//3967
f 1926//3968 1955//3968 1928//3968
f 1910//3969 1926//3969 1928//3969
f 1906//3970 1926//3970 1910//3970
f 1878//3971 1906//3971 1910//3971
f 1913//3972 1910//3972 1928//3972
f 1887//3973 1910//3973 1913//3973
f 1894//3974 1887//3974 1913//3974
f 1861//3975 1887//3975 1894//3975
f 1872//3976 1861//3976 1894//3976
f 1828//3977 1861//3977 1872//3977
f 1887//3978 1861//3978 1841//3978
f 1878//3979 1887//3979 1841//3979
f 1910//3980 1887//3980 1878//3980
f 1807//3981 1841//3981 1861//3981
f 1828//3982 1807//3982 1861//3982
f 1792//3983 1807//3983 1828//3983
f 1825//3984 1835//3984 1842//3984
f 1849//3985 1825//3985 1842//3985
f 1827//3986 1825//3986 1849//3986
f 1860//3987 1827//3987 1849//3987
f 1840//3988 1827//3988 1860//3988
f 1877//3989 1840//3989 1860//3989
f 1849//3990 1842//3990 1858//3990
f 1871//3991 1849//3991 1858//3991
f 1860//3992 1849//3992 1871//3992
f 1886//3993 1860//3993 1871//3993
f 1877//3994 1860//3994 1886//3994
f 1905//3995 1877//3995 1886//3995
f 1871//3996 1858//3996 1879//3996
f 1893//3997 1871//3997 1879//3997
f 1886//3998 1871//3998 1893//3998
f 1909//3999 1886//3999 1893//3999
f 1905//4000 1886//4000 1909//4000
f 1923//4001 1905//4001 1909//4001
f 1893//4002 1899//4002 1912//4002
f 1909//4003 1893//4003 1912//4003
f 1925//4004 1923//4004 1909//4004
f 1912//4005 1925//4005 1909//4005
f 1893//4006 1879//4006 1899//4006
f 1925//4007 1950//4007 1923//4007
f 1995//4008 1976//4008 1989//4008
f 2034//4009 1995//4009 1989//4009
f 2036//4010 1995//4010 2034//4010
f 2066//4011 2036//4011 2034//4011
f 2068//4012 2036//4012 2066//4012
f 2090//4013 2068//4013 2066//4013
f 2034//4014 1989//4014 2026//4014
f 2060//4015 2034//4015 2026//4015
f 2066//4016 2034//4016 2060//4016
f 2086//4017 2066//4017 2060//4017
f 2090//4018 2066//4018 2086//4018
f 2113//4019 2090//4019 2086//4019
f 2060//4020 2026//4020 2058//4020
f 2083//4021 2060//4021 2058//4021
f 2086//4022 2060//4022 2083//4022
f 2100//4023 2086//4023 2083//4023
f 2113//4024 2086//4024 2100//4024
f 2132//4025 2113//4025 2100//4025
f 2083//4026 2074//4026 2096//4026
f 2100//4027 2083//4027 2096//4027
f 2119//4028 2132//4028 2100//4028
f 2096//4029 2119//4029 2100//4029
f 2083//4030 2058//4030 2074//4030
f 2119//4031 2135//4031 2132//4031
f 2116//4032 2107//4032 2105//4032
f 2115//4033 2116//4033 2105//4033
f 2106//4034 2116//4034 2115//4034
f 2104//4035 2106//4035 2115//4035
f 2094//4036 2106//4036 2104//4036
f 2092//4037 2094//4037 2104//4037
f 2072//4038 2094//4038 2092//4038
f 2070//4039 2072//4039 2092//4039
f 2052//4040 2072//4040 2070//4040
f 2050//4041 2052//4041 2070//4041
f 2004//4042 2052//4042 2050//4042
f 2002//4043 2004//4043 2050//4043
f 1980//4044 2004//4044 2002//4044
f 1978//4045 1980//4045 2002//4045
f 1947//4046 1980//4046 1978//4046
f 1945//4047 1947//4047 1978//4047
f 1918//4048 1947//4048 1945//4048
f 1916//4049 1918//4049 1945//4049
f 1903//4050 1918//4050 1916//4050
f 1901//4051 1903//4051 1916//4051
f 1875//4052 1903//4052 1901//4052
f 1873//4053 1875//4053 1901//4053
f 1853//4054 1875//4054 1873//4054
f 1851//4055 1853//4055 1873//4055
f 1839//4056 1853//4056 1851//4056
f 1838//4057 1839//4057 1851//4057
f 1854//4058 1839//4058 1838//4058
f 1852//4059 1854//4059 1838//4059
f 1876//4060 1854//4060 1852//4060
f 1874//4061 1876//4061 1852//4061
f 1904//4062 1876//4062 1874//4062
f 1902//4063 1904//4063 1874//4063
f 1919//4064 1904//4064 1902//4064
f 1917//4065 1919//4065 1902//4065
f 1948//4066 1919//4066 1917//4066
f 1946//4067 1948//4067 1917//4067
f 1983//4068 1948//4068 1946//4068
f 1979//4069 1983//4069 1946//4069
f 2005//4070 1983//4070 1979//4070
f 2003//4071 2005//4071 1979//4071
f 2053//4072 2005//4072 2003//4072
f 2051//4073 2053//4073 2003//4073
f 2073//4074 2053//4074 2051//4074
f 2071//4075 2073//4075 2051//4075
f 2095//4076 2073//4076 2071//4076
f 2093//4077 2095//4077 2071//4077
f 2107//4078 2095//4078 2093//4078
f 2105//4079 2107//4079 2093//4079
f 2477//4080 2467//4080 2474//4080
f 2482//4081 2477//4081 2474//4081
f 2473//4082 2477//4082 2482//4082
f 2487//4083 2473//4083 2482//4083
f 2485//4084 2473//4084 2487//4084
f 2494//4085 2485//4085 2487//4085
f 2490//4086 2485//4086 2494//4086
f 2501//4087 2490//4087 2494//4087
f 2495//4088 2490//4088 2501//4088
f 2504//4089 2495//4089 2501//4089
f 2502//4090 2495//4090 2504//4090
f 2507//4091 2502//4091 2504//4091
f 2505//4092 2502//4092 2507//4092
f 2465//4093 2474//4093 2467//4093
f 2455//4094 2465//4094 2467//4094
f 2451//4095 2465//4095 2455//4095
f 2433//4096 2451//4096 2455//4096
f 2437//4097 2451//4097 2433//4097
f 2425//4098 2437//4098 2433//4098
f 2427//4099 2437//4099 2425//4099
f 2413//4100 2427//4100 2425//4100
f 2415//4101 2427//4101 2413//4101
f 2388//4102 2415//4102 2413//4102
f 2390//4103 2415//4103 2388//4103
f 2361//4104 2390//4104 2388//4104
f 2443//4105 2390//4105 2361//4105
f 2425//4106 2433//4106 2421//4106
f 2409//4107 2425//4107 2421//4107
f 2413//4108 2425//4108 2409//4108
f 2386//4109 2413//4109 2409//4109
f 2388//4110 2413//4110 2386//4110
f 2363//4111 2388//4111 2386//4111
f 2361//4112 2388//4112 2363//4112
f 2341//4113 2361//4113 2363//4113
f 2309//4114 2361//4114 2341//4114
f 2312//4115 2309//4115 2341//4115
f 2287//4116 2309//4116 2312//4116
f 2295//4117 2287//4117 2312//4117
f 2269//4118 2287//4118 2295//4118
f 2277//4119 2269//4119 2295//4119
f 2241//4120 2269//4120 2277//4120
f 2252//4121 2241//4121 2277//4121
f 2230//4122 2241//4122 2252//4122
f 2237//4123 2230//4123 2252//4123
f 2227//4124 2230//4124 2237//4124
f 2234//4125 2227//4125 2237//4125
f 2225//4126 2227//4126 2234//4126
f 2228//4127 2225//4127 2234//4127
f 2226//4128 2225//4128 2228//4128
f 2233//4129 2226//4129 2228//4129
f 2229//4130 2226//4130 2233//4130
f 2236//4131 2229//4131 2233//4131
f 2240//4132 2229//4132 2236//4132
f 2251//4133 2240//4133 2236//4133
f 2268//4134 2240//4134 2251//4134
f 2276//4135 2268//4135 2251//4135
f 2286//4136 2268//4136 2276//4136
f 2294//4137 2286//4137 2276//4137
f 2308//4138 2286//4138 2294//4138
f 2311//4139 2308//4139 2294//4139
f 2339//4140 2308//4140 2311//4140
f 2340//4141 2339//4141 2311//4141
f 2359//4142 2339//4142 2340//4142
f 2360//4143 2359//4143 2340//4143
f 2391//4144 2359//4144 2360//4144
f 2389//4145 2391//4145 2360//4145
f 2419//4146 2391//4146 2389//4146
f 2416//4147 2419//4147 2389//4147
f 2438//4148 2419//4148 2416//4148
f 2430//4149 2438//4149 2416//4149
f 2460//4150 2438//4150 2430//4150
f 2452//4151 2460//4151 2430//4151
f 2488//4152 2460//4152 2452//4152
f 2475//4153 2488//4153 2452//4153
f 2499//4154 2488//4154 2475//4154
f 2492//4155 2499//4155 2475//4155
f 2502//4156 2499//4156 2492//4156
f 2495//4157 2502//4157 2492//4157
f 2409//4158 2421//4158 2393//4158
f 2380//4159 2409//4159 2393//4159
f 2386//4160 2409//4160 2380//4160
f 2365//4161 2386//4161 2380//4161
f 2363//4162 2386//4162 2365//4162
f 2343//4163 2363//4163 2365//4163
f 2341//4164 2363//4164 2343//4164
f 2312//4165 2341//4165 2343//4165
f 2380//4166 2393//4166 2369//4166
f 2367//4167 2380//4167 2369//4167
f 2365//4168 2380//4168 2367//4168
f 2345//4169 2365//4169 2367//4169
f 2343//4170 2365//4170 2345//4170
f 2316//4171 2343//4171 2345//4171
f 2312//4172 2343//4172 2316//4172
f 2295//4173 2312//4173 2316//4173
f 2351//4174 2367//4174 2369//4174
f 2336//4175 2351//4175 2369//4175
f 2322//4176 2351//4176 2336//4176
f 2305//4177 2322//4177 2336//4177
f 2303//4178 2322//4178 2305//4178
f 2291//4179 2303//4179 2305//4179
f 2289//4180 2303//4180 2291//4180
f 2279//4181 2289//4181 2291//4181
f 2271//4182 2289//4182 2279//4182
f 2259//4183 2271//4183 2279//4183
f 2246//4184 2271//4184 2259//4184
f 2239//4185 2246//4185 2259//4185
f 2234//4186 2246//4186 2239//4186
f 2228//4187 2234//4187 2239//4187
f 2279//4188 2291//4188 2273//4188
f 2265//4189 2279//4189 2273//4189
f 2259//4190 2279//4190 2265//4190
f 2244//4191 2259//4191 2265//4191
f 2239//4192 2259//4192 2244//4192
f 2235//4193 2239//4193 2244//4193
f 2228//4194 2239//4194 2235//4194
f 2233//4195 2228//4195 2235//4195
f 2265//4196 2273//4196 2261//4196
f 2254//4197 2265//4197 2261//4197
f 2244//4198 2265//4198 2254//4198
f 2242//4199 2244//4199 2254//4199
f 2235//4200 2244//4200 2242//4200
f 2238//4201 2235//4201 2242//4201
f 2233//4202 2235//4202 2238//4202
f 2236//4203 2233//4203 2238//4203
f 2254//4204 2261//4204 2249//4204
f 2247//4205 2254//4205 2249//4205
f 2242//4206 2254//4206 2247//4206
f 2243//4207 2242//4207 2247//4207
f 2238//4208 2242//4208 2243//4208
f 2245//4209 2238//4209 2243//4209
f 2236//4210 2238//4210 2245//4210
f 2251//4211 2236//4211 2245//4211
f 2253//4212 2247//4212 2249//4212
f 2260//4213 2253//4213 2249//4213
f 2264//4214 2253//4214 2260//4214
f 2272//4215 2264//4215 2260//4215
f 2278//4216 2264//4216 2272//4216
f 2290//4217 2278//4217 2272//4217
f 2288//4218 2278//4218 2290//4218
f 2302//4219 2288//4219 2290//4219
f 2300//4220 2288//4220 2302//4220
f 2317//4221 2300//4221 2302//4221
f 2315//4222 2300//4222 2317//4222
f 2342//4223 2315//4223 2317//4223
f 2340//4224 2315//4224 2342//4224
f 2360//4225 2340//4225 2342//4225
f 2302//4226 2290//4226 2304//4226
f 2321//4227 2302//4227 2304//4227
f 2317//4228 2302//4228 2321//4228
f 2344//4229 2317//4229 2321//4229
f 2342//4230 2317//4230 2344//4230
f 2362//4231 2342//4231 2344//4231
f 2360//4232 2342//4232 2362//4232
f 2389//4233 2360//4233 2362//4233
f 2321//4234 2304//4234 2335//4234
f 2350//4235 2321//4235 2335//4235
f 2344//4236 2321//4236 2350//4236
f 2364//4237 2344//4237 2350//4237
f 2362//4238 2344//4238 2364//4238
f 2387//4239 2362//4239 2364//4239
f 2389//4240 2362//4240 2387//4240
f 2416//4241 2389//4241 2387//4241
f 2350//4242 2335//4242 2368//4242
f 2366//4243 2350//4243 2368//4243
f 2364//4244 2350//4244 2366//4244
f 2385//4245 2364//4245 2366//4245
f 2387//4246 2364//4246 2385//4246
f 2414//4247 2387//4247 2385//4247
f 2416//4248 2387//4248 2414//4248
f 2430//4249 2416//4249 2414//4249
f 2379//4250 2366//4250 2368//4250
f 2392//4251 2379//4251 2368//4251
f 2408//4252 2379//4252 2392//4252
f 2420//4253 2408//4253 2392//4253
f 2424//4254 2408//4254 2420//4254
f 2432//4255 2424//4255 2420//4255
f 2436//4256 2424//4256 2432//4256
f 2450//4257 2436//4257 2432//4257
f 2458//4258 2436//4258 2450//4258
f 2470//4259 2458//4259 2450//4259
f 2483//4260 2458//4260 2470//4260
f 2490//4261 2483//4261 2470//4261
f 2495//4262 2483//4262 2490//4262
f 2450//4263 2432//4263 2454//4263
f 2464//4264 2450//4264 2454//4264
f 2470//4265 2450//4265 2464//4265
f 2485//4266 2470//4266 2464//4266
f 2490//4267 2470//4267 2485//4267
f 2464//4268 2454//4268 2466//4268
f 2473//4269 2464//4269 2466//4269
f 2485//4270 2464//4270 2473//4270
f 2473//4271 2466//4271 2477//4271
f 2282//4272 2361//4272 2309//4272
f 2287//4273 2282//4273 2309//4273
f 2269//4274 2282//4274 2287//4274
f 2443//4275 2479//4275 2461//4275
f 2439//4276 2443//4276 2461//4276
f 2417//4277 2443//4277 2439//4277
f 2431//4278 2417//4278 2439//4278
f 2429//4279 2417//4279 2431//4279
f 2445//4280 2429//4280 2431//4280
f 2442//4281 2429//4281 2445//4281
f 2459//4282 2442//4282 2445//4282
f 2451//4283 2442//4283 2459//4283
f 2465//4284 2451//4284 2459//4284
f 2489//4285 2461//4285 2479//4285
f 2498//4286 2489//4286 2479//4286
f 2500//4287 2489//4287 2498//4287
f 2506//4288 2500//4288 2498//4288
f 2503//4289 2500//4289 2506//4289
f 2508//4290 2503//4290 2506//4290
f 2504//4291 2503//4291 2508//4291
f 2507//4292 2504//4292 2508//4292
f 2499//4293 2502//4293 2505//4293
f 2497//4294 2499//4294 2505//4294
f 2488//4295 2499//4295 2497//4295
f 2472//4296 2488//4296 2497//4296
f 2460//4297 2488//4297 2472//4297
f 2438//4298 2460//4298 2472//4298
f 2438//4299 2472//4299 2440//4299
f 2419//4300 2438//4300 2440//4300
f 2419//4301 2440//4301 2418//4301
f 2391//4302 2419//4302 2418//4302
f 2391//4303 2418//4303 2378//4303
f 2359//4304 2391//4304 2378//4304
f 2359//4305 2378//4305 2352//4305
f 2339//4306 2359//4306 2352//4306
f 2339//4307 2352//4307 2310//4307
f 2308//4308 2339//4308 2310//4308
f 2308//4309 2310//4309 2285//4309
f 2286//4310 2308//4310 2285//4310
f 2286//4311 2285//4311 2257//4311
f 2268//4312 2286//4312 2257//4312
f 2240//4313 2268//4313 2257//4313
f 2232//4314 2240//4314 2257//4314
f 2229//4315 2240//4315 2232//4315
f 2224//4316 2229//4316 2232//4316
f 2226//4317 2229//4317 2224//4317
f 2222//4318 2226//4318 2224//4318
f 2225//4319 2226//4319 2222//4319
f 2221//4320 2225//4320 2222//4320
f 2227//4321 2225//4321 2221//4321
f 2223//4322 2227//4322 2221//4322
f 2230//4323 2227//4323 2223//4323
f 2231//4324 2230//4324 2223//4324
f 2241//4325 2230//4325 2231//4325
f 2248//4326 2241//4326 2231//4326
f 2269//4327 2241//4327 2248//4327
f 2282//4328 2269//4328 2248//4328
f 2351//4329 2345//4329 2367//4329
f 2437//4330 2442//4330 2451//4330
f 2486//4331 2487//4331 2482//4331
f 2474//4332 2486//4332 2482//4332
f 2471//4333 2486//4333 2474//4333
f 2465//4334 2471//4334 2474//4334
f 2459//4335 2471//4335 2465//4335
f 2491//4336 2494//4336 2487//4336
f 2486//4337 2491//4337 2487//4337
f 2484//4338 2491//4338 2486//4338
f 2471//4339 2484//4339 2486//4339
f 2463//4340 2484//4340 2471//4340
f 2459//4341 2463//4341 2471//4341
f 2445//4342 2463//4342 2459//4342
f 2496//4343 2501//4343 2494//4343
f 2491//4344 2496//4344 2494//4344
f 2493//4345 2496//4345 2491//4345
f 2484//4346 2493//4346 2491//4346
f 2476//4347 2493//4347 2484//4347
f 2463//4348 2476//4348 2484//4348
f 2453//4349 2476//4349 2463//4349
f 2445//4350 2453//4350 2463//4350
f 2431//4351 2453//4351 2445//4351
f 2503//4352 2504//4352 2501//4352
f 2496//4353 2503//4353 2501//4353
f 2500//4354 2503//4354 2496//4354
f 2493//4355 2500//4355 2496//4355
f 2489//4356 2500//4356 2493//4356
f 2476//4357 2489//4357 2493//4357
f 2461//4358 2489//4358 2476//4358
f 2453//4359 2461//4359 2476//4359
f 2439//4360 2461//4360 2453//4360
f 2431//4361 2439//4361 2453//4361
f 2427//4362 2442//4362 2437//4362
f 2429//4363 2442//4363 2427//4363
f 2415//4364 2429//4364 2427//4364
f 2417//4365 2429//4365 2415//4365
f 2390//4366 2417//4366 2415//4366
f 2443//4367 2417//4367 2390//4367
f 2318//4368 2345//4368 2351//4368
f 2322//4369 2318//4369 2351//4369
f 2301//4370 2318//4370 2322//4370
f 2303//4371 2301//4371 2322//4371
f 2284//4372 2301//4372 2303//4372
f 2289//4373 2284//4373 2303//4373
f 2271//4374 2284//4374 2289//4374
f 2316//4375 2345//4375 2318//4375
f 2299//4376 2316//4376 2318//4376
f 2295//4377 2316//4377 2299//4377
f 2277//4378 2295//4378 2299//4378
f 2301//4379 2299//4379 2318//4379
f 2281//4380 2299//4380 2301//4380
f 2284//4381 2281//4381 2301//4381
f 2267//4382 2281//4382 2284//4382
f 2271//4383 2267//4383 2284//4383
f 2246//4384 2267//4384 2271//4384
f 2281//4385 2267//4385 2252//4385
f 2277//4386 2281//4386 2252//4386
f 2299//4387 2281//4387 2277//4387
f 2237//4388 2252//4388 2267//4388
f 2246//4389 2237//4389 2267//4389
f 2234//4390 2237//4390 2246//4390
f 2243//4391 2247//4391 2253//4391
f 2258//4392 2243//4392 2253//4392
f 2245//4393 2243//4393 2258//4393
f 2266//4394 2245//4394 2258//4394
f 2251//4395 2245//4395 2266//4395
f 2276//4396 2251//4396 2266//4396
f 2258//4397 2253//4397 2264//4397
f 2270//4398 2258//4398 2264//4398
f 2266//4399 2258//4399 2270//4399
f 2280//4400 2266//4400 2270//4400
f 2276//4401 2266//4401 2280//4401
f 2294//4402 2276//4402 2280//4402
f 2270//4403 2264//4403 2278//4403
f 2283//4404 2270//4404 2278//4404
f 2280//4405 2270//4405 2283//4405
f 2298//4406 2280//4406 2283//4406
f 2294//4407 2280//4407 2298//4407
f 2311//4408 2294//4408 2298//4408
f 2283//4409 2288//4409 2300//4409
f 2298//4410 2283//4410 2300//4410
f 2315//4411 2311//4411 2298//4411
f 2300//4412 2315//4412 2298//4412
f 2283//4413 2278//4413 2288//4413
f 2315//4414 2340//4414 2311//4414
f 2385//4415 2366//4415 2379//4415
f 2412//4416 2385//4416 2379//4416
f 2414//4417 2385//4417 2412//4417
f 2428//4418 2414//4418 2412//4418
f 2430//4419 2414//4419 2428//4419
f 2452//4420 2430//4420 2428//4420
f 2412//4421 2379//4421 2408//4421
f 2426//4422 2412//4422 2408//4422
f 2428//4423 2412//4423 2426//4423
f 2444//4424 2428//4424 2426//4424
f 2452//4425 2428//4425 2444//4425
f 2475//4426 2452//4426 2444//4426
f 2426//4427 2408//4427 2424//4427
f 2441//4428 2426//4428 2424//4428
f 2444//4429 2426//4429 2441//4429
f 2462//4430 2444//4430 2441//4430
f 2475//4431 2444//4431 2462//4431
f 2492//4432 2475//4432 2462//4432
f 2441//4433 2436//4433 2458//4433
f 2462//4434 2441//4434 2458//4434
f 2483//4435 2492//4435 2462//4435
f 2458//4436 2483//4436 2462//4436
f 2441//4437 2424//4437 2436//4437
f 2483//4438 2495//4438 2492//4438
f 2478//4439 2469//4439 2467//4439
f 2477//4440 2478//4440 2467//4440
f 2468//4441 2478//4441 2477//4441
f 2466//4442 2468//4442 2477//4442
f 2456//4443 2468//4443 2466//4443
f 2454//4444 2456//4444 2466//4444
f 2434//4445 2456//4445 2454//4445
f 2432//4446 2434//4446 2454//4446
f 2422//4447 2434//4447 2432//4447
f 2420//4448 2422//4448 2432//4448
f 2394//4449 2422//4449 2420//4449
f 2392//4450 2394//4450 2420//4450
f 2370//4451 2394//4451 2392//4451
f 2368//4452 2370//4452 2392//4452
f 2337//4453 2370//4453 2368//4453
f 2335//4454 2337//4454 2368//4454
f 2306//4455 2337//4455 2335//4455
f 2304//4456 2306//4456 2335//4456
f 2292//4457 2306//4457 2304//4457
f 2290//4458 2292//4458 2304//4458
f 2274//4459 2292//4459 2290//4459
f 2272//4460 2274//4460 2290//4460
f 2262//4461 2274//4461 2272//4461
f 2260//4462 2262//4462 2272//4462
f 2250//4463 2262//4463 2260//4463
f 2249//4464 2250//4464 2260//4464
f 2263//4465 2250//4465 2249//4465
f 2261//4466 2263//4466 2249//4466
f 2275//4467 2263//4467 2261//4467
f 2273//4468 2275//4468 2261//4468
f 2293//4469 2275//4469 2273//4469
f 2291//4470 2293//4470 2273//4470
f 2307//4471 2293//4471 2291//4471
f 2305//4472 2307//4472 2291//4472
f 2338//4473 2307//4473 2305//4473
f 2336//4474 2338//4474 2305//4474
f 2373//4475 2338//4475 2336//4475
f 2369//4476 2373//4476 2336//4476
f 2395//4477 2373//4477 2369//4477
f 2393//4478 2395//4478 2369//4478
f 2423//4479 2395//4479 2393//4479
f 2421//4480 2423//4480 2393//4480
f 2435//4481 2423//4481 2421//4481
f 2433//4482 2435//4482 2421//4482
f 2457//4483 2435//4483 2433//4483
f 2455//4484 2457//4484 2433//4484
f 2469//4485 2457//4485 2455//4485
f 2467//4486 2469//4486 2455//4486
f 2801//4487 2792//4487 2798//4487
f 2803//4488 2801//4488 2798//4488
f 2797//4489 2801//4489 2803//4489
f 2808//4490 2797//4490 2803//4490
f 2806//4491 2797//4491 2808//4491
f 2817//4492 2806//4492 2808//4492
f 2813//4493 2806//4493 2817//4493
f 2822//4494 2813//4494 2817//4494
f 2818//4495 2813//4495 2822//4495
f 2827//4496 2818//4496 2822//4496
f 2825//4497 2818//4497 2827//4497
f 2830//4498 2825//4498 2827//4498
f 2828//4499 2825//4499 2830//4499
f 2790//4500 2798//4500 2792//4500
f 2778//4501 2790//4501 2792//4501
f 2774//4502 2790//4502 2778//4502
f 2760//4503 2774//4503 2778//4503
f 2766//4504 2774//4504 2760//4504
f 2750//4505 2766//4505 2760//4505
f 2752//4506 2766//4506 2750//4506
f 2736//4507 2752//4507 2750//4507
f 2738//4508 2752//4508 2736//4508
f 2704//4509 2738//4509 2736//4509
f 2706//4510 2738//4510 2704//4510
f 2674//4511 2706//4511 2704//4511
f 2672//4512 2706//4512 2674//4512
f 2650//4513 2672//4513 2674//4513
f 2670//4514 2672//4514 2650//4514
f 2640//4515 2670//4515 2650//4515
f 2618//4516 2640//4516 2650//4516
f 2608//4517 2640//4517 2618//4517
f 2596//4518 2608//4518 2618//4518
f 2578//4519 2608//4519 2596//4519
f 2574//4520 2578//4520 2596//4520
f 2544//4521 2578//4521 2574//4521
f 2546//4522 2544//4522 2574//4522
f 2530//4523 2544//4523 2546//4523
f 2535//4524 2530//4524 2546//4524
f 2525//4525 2530//4525 2535//4525
f 2528//4526 2525//4526 2535//4526
f 2523//4527 2525//4527 2528//4527
f 2526//4528 2523//4528 2528//4528
f 2527//4529 2523//4529 2526//4529
f 2533//4530 2527//4530 2526//4530
f 2536//4531 2527//4531 2533//4531
f 2538//4532 2536//4532 2533//4532
f 2541//4533 2536//4533 2538//4533
f 2549//4534 2541//4534 2538//4534
f 2550//4535 2541//4535 2549//4535
f 2556//4536 2550//4536 2549//4536
f 2561//4537 2550//4537 2556//4537
f 2557//4538 2561//4538 2556//4538
f 2565//4539 2561//4539 2557//4539
f 2750//4540 2760//4540 2746//4540
f 2732//4541 2750//4541 2746//4541
f 2736//4542 2750//4542 2732//4542
f 2702//4543 2736//4543 2732//4543
f 2704//4544 2736//4544 2702//4544
f 2676//4545 2704//4545 2702//4545
f 2674//4546 2704//4546 2676//4546
f 2652//4547 2674//4547 2676//4547
f 2650//4548 2674//4548 2652//4548
f 2618//4549 2650//4549 2652//4549
f 2732//4550 2746//4550 2710//4550
f 2696//4551 2732//4551 2710//4551
f 2702//4552 2732//4552 2696//4552
f 2678//4553 2702//4553 2696//4553
f 2676//4554 2702//4554 2678//4554
f 2654//4555 2676//4555 2678//4555
f 2652//4556 2676//4556 2654//4556
f 2620//4557 2652//4557 2654//4557
f 2618//4558 2652//4558 2620//4558
f 2596//4559 2618//4559 2620//4559
f 2696//4560 2710//4560 2682//4560
f 2680//4561 2696//4561 2682//4561
f 2678//4562 2696//4562 2680//4562
f 2656//4563 2678//4563 2680//4563
f 2654//4564 2678//4564 2656//4564
f 2622//4565 2654//4565 2656//4565
f 2620//4566 2654//4566 2622//4566
f 2604//4567 2620//4567 2622//4567
f 2596//4568 2620//4568 2604//4568
f 2574//4569 2596//4569 2604//4569
f 2662//4570 2680//4570 2682//4570
f 2646//4571 2662//4571 2682//4571
f 2628//4572 2662//4572 2646//4572
f 2614//4573 2628//4573 2646//4573
f 2612//4574 2628//4574 2614//4574
f 2600//4575 2612//4575 2614//4575
f 2598//4576 2612//4576 2600//4576
f 2586//4577 2598//4577 2600//4577
f 2576//4578 2598//4578 2586//4578
f 2564//4579 2576//4579 2586//4579
f 2553//4580 2576//4580 2564//4580
f 2542//4581 2553//4581 2564//4581
f 2537//4582 2553//4582 2542//4582
f 2533//4583 2537//4583 2542//4583
f 2526//4584 2537//4584 2533//4584
f 2586//4585 2600//4585 2580//4585
f 2570//4586 2586//4586 2580//4586
f 2564//4587 2586//4587 2570//4587
f 2551//4588 2564//4588 2570//4588
f 2542//4589 2564//4589 2551//4589
f 2538//4590 2542//4590 2551//4590
f 2533//4591 2542//4591 2538//4591
f 2570//4592 2580//4592 2566//4592
f 2562//4593 2570//4593 2566//4593
f 2551//4594 2570//4594 2562//4594
f 2549//4595 2551//4595 2562//4595
f 2538//4596 2551//4596 2549//4596
f 2562//4597 2566//4597 2557//4597
f 2556//4598 2562//4598 2557//4598
f 2549//4599 2562//4599 2556//4599
f 2569//4600 2561//4600 2565//4600
f 2579//4601 2569//4601 2565//4601
f 2585//4602 2569//4602 2579//4602
f 2599//4603 2585//4603 2579//4603
f 2597//4604 2585//4604 2599//4604
f 2611//4605 2597//4605 2599//4605
f 2609//4606 2597//4606 2611//4606
f 2623//4607 2609//4607 2611//4607
f 2621//4608 2609//4608 2623//4608
f 2653//4609 2621//4609 2623//4609
f 2651//4610 2621//4610 2653//4610
f 2673//4611 2651//4611 2653//4611
f 2671//4612 2651//4612 2673//4612
f 2707//4613 2671//4613 2673//4613
f 2669//4614 2671//4614 2707//4614
f 2719//4615 2669//4615 2707//4615
f 2743//4616 2719//4616 2707//4616
f 2753//4617 2719//4617 2743//4617
f 2767//4618 2753//4618 2743//4618
f 2781//4619 2753//4619 2767//4619
f 2785//4620 2781//4620 2767//4620
f 2811//4621 2781//4621 2785//4621
f 2809//4622 2811//4622 2785//4622
f 2823//4623 2811//4623 2809//4623
f 2820//4624 2823//4624 2809//4624
f 2828//4625 2823//4625 2820//4625
f 2825//4626 2828//4626 2820//4626
f 2611//4627 2599//4627 2613//4627
f 2627//4628 2611//4628 2613//4628
f 2623//4629 2611//4629 2627//4629
f 2655//4630 2623//4630 2627//4630
f 2653//4631 2623//4631 2655//4631
f 2675//4632 2653//4632 2655//4632
f 2673//4633 2653//4633 2675//4633
f 2705//4634 2673//4634 2675//4634
f 2707//4635 2673//4635 2705//4635
f 2743//4636 2707//4636 2705//4636
f 2627//4637 2613//4637 2645//4637
f 2661//4638 2627//4638 2645//4638
f 2655//4639 2627//4639 2661//4639
f 2677//4640 2655//4640 2661//4640
f 2675//4641 2655//4641 2677//4641
f 2703//4642 2675//4642 2677//4642
f 2705//4643 2675//4643 2703//4643
f 2741//4644 2705//4644 2703//4644
f 2743//4645 2705//4645 2741//4645
f 2767//4646 2743//4646 2741//4646
f 2661//4647 2645//4647 2681//4647
f 2679//4648 2661//4648 2681//4648
f 2677//4649 2661//4649 2679//4649
f 2701//4650 2677//4650 2679//4650
f 2703//4651 2677//4651 2701//4651
f 2737//4652 2703//4652 2701//4652
f 2741//4653 2703//4653 2737//4653
f 2757//4654 2741//4654 2737//4654
f 2767//4655 2741//4655 2757//4655
f 2785//4656 2767//4656 2757//4656
f 2695//4657 2679//4657 2681//4657
f 2709//4658 2695//4658 2681//4658
f 2731//4659 2695//4659 2709//4659
f 2745//4660 2731//4660 2709//4660
f 2749//4661 2731//4661 2745//4661
f 2759//4662 2749//4662 2745//4662
f 2765//4663 2749//4663 2759//4663
f 2773//4664 2765//4664 2759//4664
f 2783//4665 2765//4665 2773//4665
f 2795//4666 2783//4666 2773//4666
f 2804//4667 2783//4667 2795//4667
f 2813//4668 2804//4668 2795//4668
f 2818//4669 2804//4669 2813//4669
f 2773//4670 2759//4670 2777//4670
f 2789//4671 2773//4671 2777//4671
f 2795//4672 2773//4672 2789//4672
f 2806//4673 2795//4673 2789//4673
f 2813//4674 2795//4674 2806//4674
f 2789//4675 2777//4675 2791//4675
f 2797//4676 2789//4676 2791//4676
f 2806//4677 2789//4677 2797//4677
f 2797//4678 2791//4678 2801//4678
f 2649//4679 2671//4679 2669//4679
f 2639//4680 2649//4680 2669//4680
f 2617//4681 2649//4681 2639//4681
f 2607//4682 2617//4682 2639//4682
f 2595//4683 2617//4683 2607//4683
f 2577//4684 2595//4684 2607//4684
f 2573//4685 2595//4685 2577//4685
f 2543//4686 2573//4686 2577//4686
f 2545//4687 2573//4687 2543//4687
f 2529//4688 2545//4688 2543//4688
f 2534//4689 2545//4689 2529//4689
f 2524//4690 2534//4690 2529//4690
f 2527//4691 2534//4691 2524//4691
f 2523//4692 2527//4692 2524//4692
f 2708//4693 2672//4693 2670//4693
f 2720//4694 2708//4694 2670//4694
f 2744//4695 2708//4695 2720//4695
f 2754//4696 2744//4696 2720//4696
f 2768//4697 2744//4697 2754//4697
f 2782//4698 2768//4698 2754//4698
f 2786//4699 2768//4699 2782//4699
f 2812//4700 2786//4700 2782//4700
f 2810//4701 2786//4701 2812//4701
f 2824//4702 2810//4702 2812//4702
f 2821//4703 2810//4703 2824//4703
f 2829//4704 2821//4704 2824//4704
f 2826//4705 2821//4705 2829//4705
f 2830//4706 2826//4706 2829//4706
f 2827//4707 2826//4707 2830//4707
f 2662//4708 2656//4708 2680//4708
f 2708//4709 2706//4709 2672//4709
f 2807//4710 2808//4710 2803//4710
f 2798//4711 2807//4711 2803//4711
f 2796//4712 2807//4712 2798//4712
f 2790//4713 2796//4713 2798//4713
f 2784//4714 2796//4714 2790//4714
f 2774//4715 2784//4715 2790//4715
f 2770//4716 2784//4716 2774//4716
f 2766//4717 2770//4717 2774//4717
f 2752//4718 2770//4718 2766//4718
f 2814//4719 2817//4719 2808//4719
f 2807//4720 2814//4720 2808//4720
f 2805//4721 2814//4721 2807//4721
f 2796//4722 2805//4722 2807//4722
f 2788//4723 2805//4723 2796//4723
f 2784//4724 2788//4724 2796//4724
f 2772//4725 2788//4725 2784//4725
f 2770//4726 2772//4726 2784//4726
f 2756//4727 2772//4727 2770//4727
f 2752//4728 2756//4728 2770//4728
f 2738//4729 2756//4729 2752//4729
f 2819//4730 2822//4730 2817//4730
f 2814//4731 2819//4731 2817//4731
f 2816//4732 2819//4732 2814//4732
f 2805//4733 2816//4733 2814//4733
f 2800//4734 2816//4734 2805//4734
f 2788//4735 2800//4735 2805//4735
f 2776//4736 2800//4736 2788//4736
f 2772//4737 2776//4737 2788//4737
f 2758//4738 2776//4738 2772//4738
f 2756//4739 2758//4739 2772//4739
f 2742//4740 2758//4740 2756//4740
f 2738//4741 2742//4741 2756//4741
f 2706//4742 2742//4742 2738//4742
f 2826//4743 2827//4743 2822//4743
f 2819//4744 2826//4744 2822//4744
f 2821//4745 2826//4745 2819//4745
f 2816//4746 2821//4746 2819//4746
f 2810//4747 2821//4747 2816//4747
f 2800//4748 2810//4748 2816//4748
f 2786//4749 2810//4749 2800//4749
f 2776//4750 2786//4750 2800//4750
f 2768//4751 2786//4751 2776//4751
f 2758//4752 2768//4752 2776//4752
f 2744//4753 2768//4753 2758//4753
f 2742//4754 2744//4754 2758//4754
f 2708//4755 2744//4755 2742//4755
f 2706//4756 2708//4756 2742//4756
f 2624//4757 2656//4757 2662//4757
f 2628//4758 2624//4758 2662//4758
f 2610//4759 2624//4759 2628//4759
f 2612//4760 2610//4760 2628//4760
f 2594//4761 2610//4761 2612//4761
f 2598//4762 2594//4762 2612//4762
f 2576//4763 2594//4763 2598//4763
f 2622//4764 2656//4764 2624//4764
f 2606//4765 2622//4765 2624//4765
f 2604//4766 2622//4766 2606//4766
f 2584//4767 2604//4767 2606//4767
f 2574//4768 2604//4768 2584//4768
f 2546//4769 2574//4769 2584//4769
f 2610//4770 2606//4770 2624//4770
f 2588//4771 2606//4771 2610//4771
f 2594//4772 2588//4772 2610//4772
f 2572//4773 2588//4773 2594//4773
f 2576//4774 2572//4774 2594//4774
f 2553//4775 2572//4775 2576//4775
f 2588//4776 2572//4776 2560//4776
f 2584//4777 2588//4777 2560//4777
f 2606//4778 2588//4778 2584//4778
f 2560//4779 2535//4779 2546//4779
f 2584//4780 2560//4780 2546//4780
f 2540//4781 2560//4781 2572//4781
f 2553//4782 2540//4782 2572//4782
f 2537//4783 2540//4783 2553//4783
f 2540//4784 2528//4784 2535//4784
f 2560//4785 2540//4785 2535//4785
f 2537//4786 2528//4786 2540//4786
f 2537//4787 2526//4787 2528//4787
f 2563//4788 2550//4788 2561//4788
f 2569//4789 2563//4789 2561//4789
f 2575//4790 2563//4790 2569//4790
f 2585//4791 2575//4791 2569//4791
f 2593//4792 2575//4792 2585//4792
f 2597//4793 2593//4793 2585//4793
f 2609//4794 2593//4794 2597//4794
f 2552//4795 2541//4795 2550//4795
f 2563//4796 2552//4796 2550//4796
f 2571//4797 2552//4797 2563//4797
f 2575//4798 2571//4798 2563//4798
f 2587//4799 2571//4799 2575//4799
f 2593//4800 2587//4800 2575//4800
f 2605//4801 2587//4801 2593//4801
f 2609//4802 2605//4802 2593//4802
f 2621//4803 2605//4803 2609//4803
f 2536//4804 2534//4804 2527//4804
f 2539//4805 2536//4805 2541//4805
f 2552//4806 2539//4806 2541//4806
f 2559//4807 2539//4807 2552//4807
f 2571//4808 2559//4808 2552//4808
f 2583//4809 2559//4809 2571//4809
f 2587//4810 2583//4810 2571//4810
f 2603//4811 2583//4811 2587//4811
f 2605//4812 2603//4812 2587//4812
f 2619//4813 2603//4813 2605//4813
f 2621//4814 2619//4814 2605//4814
f 2651//4815 2619//4815 2621//4815
f 2539//4816 2545//4816 2534//4816
f 2536//4817 2539//4817 2534//4817
f 2559//4818 2545//4818 2539//4818
f 2559//4819 2573//4819 2545//4819
f 2583//4820 2573//4820 2559//4820
f 2595//4821 2573//4821 2583//4821
f 2603//4822 2595//4822 2583//4822
f 2617//4823 2595//4823 2603//4823
f 2619//4824 2617//4824 2603//4824
f 2649//4825 2617//4825 2619//4825
f 2651//4826 2649//4826 2619//4826
f 2671//4827 2649//4827 2651//4827
f 2701//4828 2679//4828 2695//4828
f 2735//4829 2701//4829 2695//4829
f 2737//4830 2701//4830 2735//4830
f 2755//4831 2737//4831 2735//4831
f 2757//4832 2737//4832 2755//4832
f 2775//4833 2757//4833 2755//4833
f 2785//4834 2757//4834 2775//4834
f 2809//4835 2785//4835 2775//4835
f 2735//4836 2695//4836 2731//4836
f 2751//4837 2735//4837 2731//4837
f 2755//4838 2735//4838 2751//4838
f 2771//4839 2755//4839 2751//4839
f 2775//4840 2755//4840 2771//4840
f 2799//4841 2775//4841 2771//4841
f 2809//4842 2775//4842 2799//4842
f 2820//4843 2809//4843 2799//4843
f 2751//4844 2731//4844 2749//4844
f 2769//4845 2751//4845 2749//4845
f 2771//4846 2751//4846 2769//4846
f 2787//4847 2771//4847 2769//4847
f 2799//4848 2771//4848 2787//4848
f 2815//4849 2799//4849 2787//4849
f 2820//4850 2799//4850 2815//4850
f 2825//4851 2820//4851 2815//4851
f 2769//4852 2765//4852 2783//4852
f 2787//4853 2769//4853 2783//4853
f 2804//4854 2815//4854 2787//4854
f 2783//4855 2804//4855 2787//4855
f 2769//4856 2749//4856 2765//4856
f 2818//4857 2825//4857 2815//4857
f 2804//4858 2818//4858 2815//4858
f 2802//4859 2794//4859 2792//4859
f 2801//4860 2802//4860 2792//4860
f 2793//4861 2802//4861 2801//4861
f 2791//4862 2793//4862 2801//4862
f 2779//4863 2793//4863 2791//4863
f 2777//4864 2779//4864 2791//4864
f 2761//4865 2779//4865 2777//4865
f 2759//4866 2761//4866 2777//4866
f 2747//4867 2761//4867 2759//4867
f 2745//4868 2747//4868 2759//4868
f 2711//4869 2747//4869 2745//4869
f 2709//4870 2711//4870 2745//4870
f 2683//4871 2711//4871 2709//4871
f 2681//4872 2683//4872 2709//4872
f 2647//4873 2683//4873 2681//4873
f 2645//4874 2647//4874 2681//4874
f 2615//4875 2647//4875 2645//4875
f 2613//4876 2615//4876 2645//4876
f 2601//4877 2615//4877 2613//4877
f 2599//4878 2601//4878 2613//4878
f 2581//4879 2601//4879 2599//4879
f 2579//4880 2581//4880 2599//4880
f 2567//4881 2581//4881 2579//4881
f 2565//4882 2567//4882 2579//4882
f 2558//4883 2567//4883 2565//4883
f 2557//4884 2558//4884 2565//4884
f 2568//4885 2558//4885 2557//4885
f 2566//4886 2568//4886 2557//4886
f 2582//4887 2568//4887 2566//4887
f 2580//4888 2582//4888 2566//4888
f 2602//4889 2582//4889 2580//4889
f 2600//4890 2602//4890 2580//4890
f 2616//4891 2602//4891 2600//4891
f 2614//4892 2616//4892 2600//4892
f 2648//4893 2616//4893 2614//4893
f 2646//4894 2648//4894 2614//4894
f 2686//4895 2648//4895 2646//4895
f 2682//4896 2686//4896 2646//4896
f 2712//4897 2686//4897 2682//4897
f 2710//4898 2712//4898 2682//4898
f 2748//4899 2712//4899 2710//4899
f 2746//4900 2748//4900 2710//4900
f 2762//4901 2748//4901 2746//4901
f 2760//4902 2762//4902 2746//4902
f 2780//4903 2762//4903 2760//4903
f 2778//4904 2780//4904 2760//4904
f 2794//4905 2780//4905 2778//4905
f 2792//4906 2794//4906 2778//4906
f 1834//4907 1739//4907 1744//4907
f 1740//4908 1834//4908 1744//4908
f 1822//4909 1834//4909 1740//4909
f 1736//4910 1822//4910 1740//4910
f 1800//4911 1822//4911 1736//4911
f 1730//4912 1800//4912 1736//4912
f 1774//4913 1800//4913 1730//4913
f 1714//4914 1774//4914 1730//4914
f 1756//4915 1774//4915 1714//4915
f 1708//4916 1756//4916 1714//4916
f 1726//4917 1756//4917 1708//4917
f 1703//4918 1726//4918 1708//4918
f 1704//4919 1726//4919 1703//4919
f 1666//4920 1704//4920 1703//4920
f 1684//4921 1666//4921 1703//4921
f 1636//4922 1666//4922 1684//4922
f 1678//4923 1636//4923 1684//4923
f 1622//4924 1636//4924 1678//4924
f 1662//4925 1622//4925 1678//4925
f 1606//4926 1622//4926 1662//4926
f 1656//4927 1606//4927 1662//4927
f 1592//4928 1606//4928 1656//4928
f 1652//4929 1592//4929 1656//4929
f 1582//4930 1592//4930 1652//4930
f 1646//4931 1582//4931 1652//4931
f 1591//4932 1582//4932 1646//4932
f 1651//4933 1591//4933 1646//4933
f 1655//4934 1591//4934 1651//4934
f 1605//4935 1591//4935 1655//4935
f 1661//4936 1605//4936 1655//4936
f 1621//4937 1605//4937 1661//4937
f 1677//4938 1621//4938 1661//4938
f 1635//4939 1621//4939 1677//4939
f 1683//4940 1635//4940 1677//4940
f 1665//4941 1635//4941 1683//4941
f 1702//4942 1665//4942 1683//4942
f 1701//4943 1665//4943 1702//4943
f 1725//4944 1701//4944 1702//4944
f 1707//4945 1725//4945 1702//4945
f 1755//4946 1725//4946 1707//4946
f 1713//4947 1755//4947 1707//4947
f 1773//4948 1755//4948 1713//4948
f 1729//4949 1773//4949 1713//4949
f 1799//4950 1773//4950 1729//4950
f 1735//4951 1799//4951 1729//4951
f 1821//4952 1799//4952 1735//4952
f 1739//4953 1821//4953 1735//4953
f 1834//4954 1821//4954 1739//4954
f 2116//4955 2024//4955 2029//4955
f 2025//4956 2116//4956 2029//4956
f 2107//4957 2116//4957 2025//4957
f 2017//4958 2107//4958 2025//4958
f 2095//4959 2107//4959 2017//4959
f 2009//4960 2095//4960 2017//4960
f 2073//4961 2095//4961 2009//4961
f 1994//4962 2073//4962 2009//4962
f 2053//4963 2073//4963 1994//4963
f 1987//4964 2053//4964 1994//4964
f 2005//4965 2053//4965 1987//4965
f 1982//4966 2005//4966 1987//4966
f 1983//4967 2005//4967 1982//4967
f 1948//4968 1983//4968 1982//4968
f 1966//4969 1948//4969 1982//4969
f 1919//4970 1948//4970 1966//4970
f 1959//4971 1919//4971 1966//4971
f 1904//4972 1919//4972 1959//4972
f 1944//4973 1904//4973 1959//4973
f 1876//4974 1904//4974 1944//4974
f 1940//4975 1876//4975 1944//4975
f 1854//4976 1876//4976 1940//4976
f 1936//4977 1854//4977 1940//4977
f 1839//4978 1854//4978 1936//4978
f 1930//4979 1839//4979 1936//4979
f 1853//4980 1839//4980 1930//4980
f 1935//4981 1853//4981 1930//4981
f 1939//4982 1853//4982 1935//4982
f 1875//4983 1853//4983 1939//4983
f 1943//4984 1875//4984 1939//4984
f 1903//4985 1875//4985 1943//4985
f 1958//4986 1903//4986 1943//4986
f 1918//4987 1903//4987 1958//4987
f 1965//4988 1918//4988 1958//4988
f 1947//4989 1918//4989 1965//4989
f 1981//4990 1947//4990 1965//4990
f 1980//4991 1947//4991 1981//4991
f 2004//4992 1980//4992 1981//4992
f 1986//4993 2004//4993 1981//4993
f 2052//4994 2004//4994 1986//4994
f 1993//4995 2052//4995 1986//4995
f 2072//4996 2052//4996 1993//4996
f 2008//4997 2072//4997 1993//4997
f 2094//4998 2072//4998 2008//4998
f 2016//4999 2094//4999 2008//4999
f 2106//5000 2094//5000 2016//5000
f 2024//5001 2106//5001 2016//5001
f 2116//5002 2106//5002 2024//5002
f 2802//5003 2729//5003 2734//5003
f 2730//5004 2802//5004 2734//5004
f 2794//5005 2802//5005 2730//5005
f 2726//5006 2794//5006 2730//5006
f 2780//5007 2794//5007 2726//5007
f 2718//5008 2780//5008 2726//5008
f 2762//5009 2780//5009 2718//5009
f 2700//5010 2762//5010 2718//5010
f 2748//5011 2762//5011 2700//5011
f 2694//5012 2748//5012 2700//5012
f 2712//5013 2748//5013 2694//5013
f 2685//5014 2712//5014 2694//5014
f 2686//5015 2712//5015 2685//5015
f 2648//5016 2686//5016 2685//5016
f 2666//5017 2648//5017 2685//5017
f 2616//5018 2648//5018 2666//5018
f 2660//5019 2616//5019 2666//5019
f 2602//5020 2616//5020 2660//5020
f 2644//5021 2602//5021 2660//5021
f 2582//5022 2602//5022 2644//5022
f 2638//5023 2582//5023 2644//5023
f 2568//5024 2582//5024 2638//5024
f 2632//5025 2568//5025 2638//5025
f 2558//5026 2568//5026 2632//5026
f 2626//5027 2558//5027 2632//5027
f 2567//5028 2558//5028 2626//5028
f 2631//5029 2567//5029 2626//5029
f 2637//5030 2567//5030 2631//5030
f 2581//5031 2567//5031 2637//5031
f 2643//5032 2581//5032 2637//5032
f 2601//5033 2581//5033 2643//5033
f 2659//5034 2601//5034 2643//5034
f 2615//5035 2601//5035 2659//5035
f 2665//5036 2615//5036 2659//5036
f 2647//5037 2615//5037 2665//5037
f 2684//5038 2647//5038 2665//5038
f 2683//5039 2647//5039 2684//5039
f 2711//5040 2683//5040 2684//5040
f 2693//5041 2711//5041 2684//5041
f 2747//5042 2711//5042 2693//5042
f 2699//5043 2747//5043 2693//5043
f 2761//5044 2747//5044 2699//5044
f 2717//5045 2761//5045 2699//5045
f 2779//5046 2761//5046 2717//5046
f 2725//5047 2779//5047 2717//5047
f 2793//5048 2779//5048 2725//5048
f 2729//5049 2793//5049 2725//5049
f 2802//5050 2793//5050 2729//5050
f 2478//5051 2406//5051 2411//5051
f 2407//5052 2478//5052 2411//5052
f 2469//5053 2478//5053 2407//5053
f 2403//5054 2469//5054 2407//5054
f 2457//5055 2469//5055 2403//5055
f 2399//5056 2457//5056 2403//5056
f 2435//5057 2457//5057 2399//5057
f 2384//5058 2435//5058 2399//5058
f 2423//5059 2435//5059 2384//5059
f 2377//5060 2423//5060 2384//5060
f 2395//5061 2423//5061 2377//5061
f 2372//5062 2395//5062 2377//5062
f 2373//5063 2395//5063 2372//5063
f 2338//5064 2373//5064 2372//5064
f 2356//5065 2338//5065 2372//5065
f 2307//5066 2338//5066 2356//5066
f 2349//5067 2307//5067 2356//5067
f 2293//5068 2307//5068 2349//5068
f 2334//5069 2293//5069 2349//5069
f 2275//5070 2293//5070 2334//5070
f 2330//5071 2275//5071 2334//5071
f 2263//5072 2275//5072 2330//5072
f 2326//5073 2263//5073 2330//5073
f 2250//5074 2263//5074 2326//5074
f 2320//5075 2250//5075 2326//5075
f 2262//5076 2250//5076 2320//5076
f 2325//5077 2262//5077 2320//5077
f 2329//5078 2262//5078 2325//5078
f 2274//5079 2262//5079 2329//5079
f 2333//5080 2274//5080 2329//5080
f 2292//5081 2274//5081 2333//5081
f 2348//5082 2292//5082 2333//5082
f 2306//5083 2292//5083 2348//5083
f 2355//5084 2306//5084 2348//5084
f 2337//5085 2306//5085 2355//5085
f 2371//5086 2337//5086 2355//5086
f 2370//5087 2337//5087 2371//5087
f 2394//5088 2370//5088 2371//5088
f 2376//5089 2394//5089 2371//5089
f 2422//5090 2394//5090 2376//5090
f 2383//5091 2422//5091 2376//5091
f 2434//5092 2422//5092 2383//5092
f 2398//5093 2434//5093 2383//5093
f 2456//5094 2434//5094 2398//5094
f 2402//5095 2456//5095 2398//5095
f 2468//5096 2456//5096 2402//5096
f 2406//5097 2468//5097 2402//5097
f 2478//5098 2468//5098 2406//5098
f 2411//5099 2406//5099 2404//5099
f 2410//5100 2411//5100 2404//5100
f 2407//5101 2411//5101 2410//5101
f 2405//5102 2407//5102 2410//5102
f 2403//5103 2407//5103 2405//5103
f 2401//5104 2403//5104 2405//5104
f 2399//5105 2403//5105 2401//5105
f 2397//5106 2399//5106 2401//5106
f 2384//5107 2399//5107 2397//5107
f 2382//5108 2384//5108 2397//5108
f 2377//5109 2384//5109 2382//5109
f 2375//5110 2377//5110 2382//5110
f 2372//5111 2377//5111 2375//5111
f 2358//5112 2372//5112 2375//5112
f 2356//5113 2372//5113 2358//5113
f 2354//5114 2356//5114 2358//5114
f 2349//5115 2356//5115 2354//5115
f 2347//5116 2349//5116 2354//5116
f 2334//5117 2349//5117 2347//5117
f 2332//5118 2334//5118 2347//5118
f 2330//5119 2334//5119 2332//5119
f 2328//5120 2330//5120 2332//5120
f 2326//5121 2330//5121 2328//5121
f 2324//5122 2326//5122 2328//5122
f 2320//5123 2326//5123 2324//5123
f 2319//5124 2320//5124 2324//5124
f 2325//5125 2320//5125 2319//5125
f 2323//5126 2325//5126 2319//5126
f 2329//5127 2325//5127 2323//5127
f 2327//5128 2329//5128 2323//5128
f 2333//5129 2329//5129 2327//5129
f 2331//5130 2333//5130 2327//5130
f 2348//5131 2333//5131 2331//5131
f 2346//5132 2348//5132 2331//5132
f 2355//5133 2348//5133 2346//5133
f 2353//5134 2355//5134 2346//5134
f 2371//5135 2355//5135 2353//5135
f 2357//5136 2371//5136 2353//5136
f 2376//5137 2371//5137 2357//5137
f 2374//5138 2376//5138 2357//5138
f 2383//5139 2376//5139 2374//5139
f 2381//5140 2383//5140 2374//5140
f 2398//5141 2383//5141 2381//5141
f 2396//5142 2398//5142 2381//5142
f 2402//5143 2398//5143 2396//5143
f 2400//5144 2402//5144 2396//5144
f 2406//5145 2402//5145 2400//5145
f 2404//5146 2406//5146 2400//5146
f 2410//5147 2404//5147 2323//5147
f 2319//5148 2410//5148 2323//5148
f 2405//5149 2410//5149 2319//5149
f 2324//5150 2405//5150 2319//5150
f 2401//5151 2405//5151 2324//5151
f 2328//5152 2401//5152 2324//5152
f 2397//5153 2401//5153 2328//5153
f 2332//5154 2397//5154 2328//5154
f 2382//5155 2397//5155 2332//5155
f 2347//5156 2382//5156 2332//5156
f 2375//5157 2382//5157 2347//5157
f 2354//5158 2375//5158 2347//5158
f 2358//5159 2375//5159 2354//5159
f 2327//5160 2323//5160 2404//5160
f 2400//5161 2327//5161 2404//5161
f 2331//5162 2327//5162 2400//5162
f 2396//5163 2331//5163 2400//5163
f 2346//5164 2331//5164 2396//5164
f 2381//5165 2346//5165 2396//5165
f 2353//5166 2346//5166 2381//5166
f 2374//5167 2353//5167 2381//5167
f 2357//5168 2353//5168 2374//5168
f 2734//5169 2729//5169 2727//5169
f 2733//5170 2734//5170 2727//5170
f 2730//5171 2734//5171 2733//5171
f 2728//5172 2730//5172 2733//5172
f 2726//5173 2730//5173 2728//5173
f 2724//5174 2726//5174 2728//5174
f 2718//5175 2726//5175 2724//5175
f 2716//5176 2718//5176 2724//5176
f 2700//5177 2718//5177 2716//5177
f 2698//5178 2700//5178 2716//5178
f 2694//5179 2700//5179 2698//5179
f 2692//5180 2694//5180 2698//5180
f 2685//5181 2694//5181 2692//5181
f 2668//5182 2685//5182 2692//5182
f 2666//5183 2685//5183 2668//5183
f 2664//5184 2666//5184 2668//5184
f 2660//5185 2666//5185 2664//5185
f 2658//5186 2660//5186 2664//5186
f 2644//5187 2660//5187 2658//5187
f 2642//5188 2644//5188 2658//5188
f 2638//5189 2644//5189 2642//5189
f 2636//5190 2638//5190 2642//5190
f 2632//5191 2638//5191 2636//5191
f 2630//5192 2632//5192 2636//5192
f 2626//5193 2632//5193 2630//5193
f 2625//5194 2626//5194 2630//5194
f 2631//5195 2626//5195 2625//5195
f 2629//5196 2631//5196 2625//5196
f 2637//5197 2631//5197 2629//5197
f 2635//5198 2637//5198 2629//5198
f 2643//5199 2637//5199 2635//5199
f 2641//5200 2643//5200 2635//5200
f 2659//5201 2643//5201 2641//5201
f 2657//5202 2659//5202 2641//5202
f 2665//5203 2659//5203 2657//5203
f 2663//5204 2665//5204 2657//5204
f 2684//5205 2665//5205 2663//5205
f 2667//5206 2684//5206 2663//5206
f 2693//5207 2684//5207 2667//5207
f 2691//5208 2693//5208 2667//5208
f 2699//5209 2693//5209 2691//5209
f 2697//5210 2699//5210 2691//5210
f 2717//5211 2699//5211 2697//5211
f 2715//5212 2717//5212 2697//5212
f 2725//5213 2717//5213 2715//5213
f 2723//5214 2725//5214 2715//5214
f 2729//5215 2725//5215 2723//5215
f 2727//5216 2729//5216 2723//5216
f 2733//5217 2727//5217 2629//5217
f 2625//5218 2733//5218 2629//5218
f 2728//5219 2733//5219 2625//5219
f 2630//5220 2728//5220 2625//5220
f 2724//5221 2728//5221 2630//5221
f 2636//5222 2724//5222 2630//5222
f 2716//5223 2724//5223 2636//5223
f 2642//5224 2716//5224 2636//5224
f 2698//5225 2716//5225 2642//5225
f 2658//5226 2698//5226 2642//5226
f 2692//5227 2698//5227 2658//5227
f 2664//5228 2692//5228 2658//5228
f 2668//5229 2692//5229 2664//5229
f 2635//5230 2629//5230 2727//5230
f 2723//5231 2635//5231 2727//5231
f 2641//5232 2635//5232 2723//5232
f 2715//5233 2641//5233 2723//5233
f 2657//5234 2641//5234 2715//5234
f 2697//5235 2657//5235 2715//5235
f 2663//5236 2657//5236 2697//5236
f 2691//5237 2663//5237 2697//5237
f 2667//5238 2663//5238 2691//5238
f 2029//5239 2024//5239 2022//5239
f 2028//5240 2029//5240 2022//5240
f 2025//5241 2029//5241 2028//5241
f 2023//5242 2025//5242 2028//5242
f 2017//5243 2025//5243 2023//5243
f 2015//5244 2017//5244 2023//5244
f 2009//5245 2017//5245 2015//5245
f 2007//5246 2009//5246 2015//5246
f 1994//5247 2009//5247 2007//5247
f 1992//5248 1994//5248 2007//5248
f 1987//5249 1994//5249 1992//5249
f 1985//5250 1987//5250 1992//5250
f 1982//5251 1987//5251 1985//5251
f 1968//5252 1982//5252 1985//5252
f 1966//5253 1982//5253 1968//5253
f 1964//5254 1966//5254 1968//5254
f 1959//5255 1966//5255 1964//5255
f 1957//5256 1959//5256 1964//5256
f 1944//5257 1959//5257 1957//5257
f 1942//5258 1944//5258 1957//5258
f 1940//5259 1944//5259 1942//5259
f 1938//5260 1940//5260 1942//5260
f 1936//5261 1940//5261 1938//5261
f 1934//5262 1936//5262 1938//5262
f 1930//5263 1936//5263 1934//5263
f 1929//5264 1930//5264 1934//5264
f 1935//5265 1930//5265 1929//5265
f 1933//5266 1935//5266 1929//5266
f 1939//5267 1935//5267 1933//5267
f 1937//5268 1939//5268 1933//5268
f 1943//5269 1939//5269 1937//5269
f 1941//5270 1943//5270 1937//5270
f 1958//5271 1943//5271 1941//5271
f 1956//5272 1958//5272 1941//5272
f 1965//5273 1958//5273 1956//5273
f 1963//5274 1965//5274 1956//5274
f 1981//5275 1965//5275 1963//5275
f 1967//5276 1981//5276 1963//5276
f 1986//5277 1981//5277 1967//5277
f 1984//5278 1986//5278 1967//5278
f 1993//5279 1986//5279 1984//5279
f 1991//5280 1993//5280 1984//5280
f 2008//5281 1993//5281 1991//5281
f 2006//5282 2008//5282 1991//5282
f 2016//5283 2008//5283 2006//5283
f 2014//5284 2016//5284 2006//5284
f 2024//5285 2016//5285 2014//5285
f 2022//5286 2024//5286 2014//5286
f 2028//5287 2022//5287 1933//5287
f 1929//5288 2028//5288 1933//5288
f 2023//5289 2028//5289 1929//5289
f 1934//5290 2023//5290 1929//5290
f 2015//5291 2023//5291 1934//5291
f 1938//5292 2015//5292 1934//5292
f 2007//5293 2015//5293 1938//5293
f 1942//5294 2007//5294 1938//5294
f 1992//5295 2007//5295 1942//5295
f 1957//5296 1992//5296 1942//5296
f 1985//5297 1992//5297 1957//5297
f 1964//5298 1985//5298 1957//5298
f 1968//5299 1985//5299 1964//5299
f 1937//5300 1933//5300 2022//5300
f 2014//5301 1937//5301 2022//5301
f 1941//5302 1937//5302 2014//5302
f 2006//5303 1941//5303 2014//5303
f 1956//5304 1941//5304 2006//5304
f 1991//5305 1956//5305 2006//5305
f 1963//5306 1956//5306 1991//5306
f 1984//5307 1963//5307 1991//5307
f 1967//5308 1963//5308 1984//5308
f 1744//5309 1739//5309 1737//5309
f 1743//5310 1744//5310 1737//5310
f 1740//5311 1744//5311 1743//5311
f 1738//5312 1740//5312 1743//5312
f 1736//5313 1740//5313 1738//5313
f 1734//5314 1736//5314 1738//5314
f 1730//5315 1736//5315 1734//5315
f 1728//5316 1730//5316 1734//5316
f 1714//5317 1730//5317 1728//5317
f 1712//5318 1714//5318 1728//5318
f 1708//5319 1714//5319 1712//5319
f 1706//5320 1708//5320 1712//5320
f 1703//5321 1708//5321 1706//5321
f 1686//5322 1703//5322 1706//5322
f 1684//5323 1703//5323 1686//5323
f 1682//5324 1684//5324 1686//5324
f 1678//5325 1684//5325 1682//5325
f 1676//5326 1678//5326 1682//5326
f 1662//5327 1678//5327 1676//5327
f 1660//5328 1662//5328 1676//5328
f 1656//5329 1662//5329 1660//5329
f 1654//5330 1656//5330 1660//5330
f 1652//5331 1656//5331 1654//5331
f 1650//5332 1652//5332 1654//5332
f 1646//5333 1652//5333 1650//5333
f 1645//5334 1646//5334 1650//5334
f 1651//5335 1646//5335 1645//5335
f 1649//5336 1651//5336 1645//5336
f 1655//5337 1651//5337 1649//5337
f 1653//5338 1655//5338 1649//5338
f 1661//5339 1655//5339 1653//5339
f 1659//5340 1661//5340 1653//5340
f 1677//5341 1661//5341 1659//5341
f 1675//5342 1677//5342 1659//5342
f 1683//5343 1677//5343 1675//5343
f 1681//5344 1683//5344 1675//5344
f 1702//5345 1683//5345 1681//5345
f 1685//5346 1702//5346 1681//5346
f 1707//5347 1702//5347 1685//5347
f 1705//5348 1707//5348 1685//5348
f 1713//5349 1707//5349 1705//5349
f 1711//5350 1713//5350 1705//5350
f 1729//5351 1713//5351 1711//5351
f 1727//5352 1729//5352 1711//5352
f 1735//5353 1729//5353 1727//5353
f 1733//5354 1735//5354 1727//5354
f 1739//5355 1735//5355 1733//5355
f 1737//5356 1739//5356 1733//5356
f 1743//5357 1737//5357 1649//5357
f 1645//5358 1743//5358 1649//5358
f 1738//5359 1743//5359 1645//5359
f 1650//5360 1738//5360 1645//5360
f 1734//5361 1738//5361 1650//5361
f 1654//5362 1734//5362 1650//5362
f 1728//5363 1734//5363 1654//5363
f 1660//5364 1728//5364 1654//5364
f 1712//5365 1728//5365 1660//5365
f 1676//5366 1712//5366 1660//5366
f 1706//5367 1712//5367 1676//5367
f 1682//5368 1706//5368 1676//5368
f 1686//5369 1706//5369 1682//5369
f 1653//5370 1649//5370 1737//5370
f 1733//5371 1653//5371 1737//5371
f 1659//5372 1653//5372 1733//5372
f 1727//5373 1659//5373 1733//5373
f 1675//5374 1659//5374 1727//5374
f 1711//5375 1675//5375 1727//5375
f 1681//5376 1675//5376 1711//5376
f 1705//5377 1681//5377 1711//5377
f 1685//5378 1681//5378 1705//5378
f 2851//5379 2858//5379 2854//5379
f 2849//5380 2851//5380 2854//5380
f 2857//5381 2851//5381 2849//5381
f 2853//5382 2857//5382 2849//5382
f 2865//5383 2857//5383 2853//5383
f 2861//5384 2865//5384 2853//5384
f 2873//5385 2865//5385 2861//5385
f 2869//5386 2873//5386 2861//5386
f 2893//5387 2873//5387 2869//5387
f 2889//5388 2893//5388 2869//5388
f 2925//5389 2893//5389 2889//5389
f 2921//5390 2925//5390 2889//5390
f 2941//5391 2925//5391 2921//5391
f 2937//5392 2941//5392 2921//5392
f 2965//5393 2941//5393 2937//5393
f 2961//5394 2965//5394 2937//5394
f 2997//5395 2965//5395 2961//5395
f 2993//5396 2997//5396 2961//5396
f 3017//5397 2997//5397 2993//5397
f 3013//5398 3017//5398 2993//5398
f 3025//5399 3017//5399 3013//5399
f 3021//5400 3025//5400 3013//5400
f 3033//5401 3025//5401 3021//5401
f 3029//5402 3033//5402 3021//5402
f 3039//5403 3033//5403 3029//5403
f 3037//5404 3039//5404 3029//5404
f 3034//5405 3039//5405 3037//5405
f 3030//5406 3034//5406 3037//5406
f 3026//5407 3034//5407 3030//5407
f 3022//5408 3026//5408 3030//5408
f 3018//5409 3026//5409 3022//5409
f 3014//5410 3018//5410 3022//5410
f 2998//5411 3018//5411 3014//5411
f 2994//5412 2998//5412 3014//5412
f 2966//5413 2998//5413 2994//5413
f 2962//5414 2966//5414 2994//5414
f 2944//5415 2966//5415 2962//5415
f 2938//5416 2944//5416 2962//5416
f 2926//5417 2944//5417 2938//5417
f 2922//5418 2926//5418 2938//5418
f 2894//5419 2926//5419 2922//5419
f 2890//5420 2894//5420 2922//5420
f 2874//5421 2894//5421 2890//5421
f 2870//5422 2874//5422 2890//5422
f 2866//5423 2874//5423 2870//5423
f 2862//5424 2866//5424 2870//5424
f 2858//5425 2866//5425 2862//5425
f 2854//5426 2858//5426 2862//5426
f 2851//5427 2881//5427 2877//5427
f 2882//5428 2851//5428 2877//5428
f 2858//5429 2851//5429 2882//5429
f 2898//5430 2858//5430 2882//5430
f 2866//5431 2858//5431 2898//5431
f 2906//5432 2866//5432 2898//5432
f 2874//5433 2866//5433 2906//5433
f 2914//5434 2874//5434 2906//5434
f 2894//5435 2874//5435 2914//5435
f 2930//5436 2894//5436 2914//5436
f 2926//5437 2894//5437 2930//5437
f 2943//5438 2926//5438 2930//5438
f 2944//5439 2926//5439 2943//5439
f 2966//5440 2944//5440 2943//5440
f 2954//5441 2966//5441 2943//5441
f 2998//5442 2966//5442 2954//5442
f 2970//5443 2998//5443 2954//5443
f 3018//5444 2998//5444 2970//5444
f 2978//5445 3018//5445 2970//5445
f 3026//5446 3018//5446 2978//5446
f 2986//5447 3026//5447 2978//5447
f 3034//5448 3026//5448 2986//5448
f 3002//5449 3034//5449 2986//5449
f 3039//5450 3034//5450 3002//5450
f 3009//5451 3039//5451 3002//5451
f 3033//5452 3039//5452 3009//5452
f 3001//5453 3033//5453 3009//5453
f 2985//5454 3033//5454 3001//5454
f 3025//5455 3033//5455 2985//5455
f 2977//5456 3025//5456 2985//5456
f 3017//5457 3025//5457 2977//5457
f 2969//5458 3017//5458 2977//5458
f 2997//5459 3017//5459 2969//5459
f 2953//5460 2997//5460 2969//5460
f 2965//5461 2997//5461 2953//5461
f 2942//5462 2965//5462 2953//5462
f 2941//5463 2965//5463 2942//5463
f 2925//5464 2941//5464 2942//5464
f 2929//5465 2925//5465 2942//5465
f 2893//5466 2925//5466 2929//5466
f 2913//5467 2893//5467 2929//5467
f 2873//5468 2893//5468 2913//5468
f 2905//5469 2873//5469 2913//5469
f 2865//5470 2873//5470 2905//5470
f 2897//5471 2865//5471 2905//5471
f 2857//5472 2865//5472 2897//5472
f 2881//5473 2857//5473 2897//5473
f 2851//5474 2857//5474 2881//5474
f 2852//5475 2860//5475 2856//5475
f 2850//5476 2852//5476 2856//5476
f 2859//5477 2852//5477 2850//5477
f 2855//5478 2859//5478 2850//5478
f 2867//5479 2859//5479 2855//5479
f 2863//5480 2867//5480 2855//5480
f 2875//5481 2867//5481 2863//5481
f 2871//5482 2875//5482 2863//5482
f 2895//5483 2875//5483 2871//5483
f 2891//5484 2895//5484 2871//5484
f 2927//5485 2895//5485 2891//5485
f 2923//5486 2927//5486 2891//5486
f 2945//5487 2927//5487 2923//5487
f 2939//5488 2945//5488 2923//5488
f 2967//5489 2945//5489 2939//5489
f 2963//5490 2967//5490 2939//5490
f 2999//5491 2967//5491 2963//5491
f 2995//5492 2999//5492 2963//5492
f 3019//5493 2999//5493 2995//5493
f 3015//5494 3019//5494 2995//5494
f 3027//5495 3019//5495 3015//5495
f 3023//5496 3027//5496 3015//5496
f 3035//5497 3027//5497 3023//5497
f 3031//5498 3035//5498 3023//5498
f 3040//5499 3035//5499 3031//5499
f 3038//5500 3040//5500 3031//5500
f 3036//5501 3040//5501 3038//5501
f 3032//5502 3036//5502 3038//5502
f 3028//5503 3036//5503 3032//5503
f 3024//5504 3028//5504 3032//5504
f 3020//5505 3028//5505 3024//5505
f 3016//5506 3020//5506 3024//5506
f 3000//5507 3020//5507 3016//5507
f 2996//5508 3000//5508 3016//5508
f 2968//5509 3000//5509 2996//5509
f 2964//5510 2968//5510 2996//5510
f 2948//5511 2968//5511 2964//5511
f 2940//5512 2948//5512 2964//5512
f 2928//5513 2948//5513 2940//5513
f 2924//5514 2928//5514 2940//5514
f 2896//5515 2928//5515 2924//5515
f 2892//5516 2896//5516 2924//5516
f 2876//5517 2896//5517 2892//5517
f 2872//5518 2876//5518 2892//5518
f 2868//5519 2876//5519 2872//5519
f 2864//5520 2868//5520 2872//5520
f 2860//5521 2868//5521 2864//5521
f 2856//5522 2860//5522 2864//5522
f 2852//5523 2883//5523 2878//5523
f 2884//5524 2852//5524 2878//5524
f 2860//5525 2852//5525 2884//5525
f 2900//5526 2860//5526 2884//5526
f 2868//5527 2860//5527 2900//5527
f 2908//5528 2868//5528 2900//5528
f 2876//5529 2868//5529 2908//5529
f 2916//5530 2876//5530 2908//5530
f 2896//5531 2876//5531 2916//5531
f 2932//5532 2896//5532 2916//5532
f 2928//5533 2896//5533 2932//5533
f 2947//5534 2928//5534 2932//5534
f 2948//5535 2928//5535 2947//5535
f 2968//5536 2948//5536 2947//5536
f 2956//5537 2968//5537 2947//5537
f 3000//5538 2968//5538 2956//5538
f 2972//5539 3000//5539 2956//5539
f 3020//5540 3000//5540 2972//5540
f 2980//5541 3020//5541 2972//5541
f 3028//5542 3020//5542 2980//5542
f 2988//5543 3028//5543 2980//5543
f 3036//5544 3028//5544 2988//5544
f 3004//5545 3036//5545 2988//5545
f 3040//5546 3036//5546 3004//5546
f 3010//5547 3040//5547 3004//5547
f 3035//5548 3040//5548 3010//5548
f 3003//5549 3035//5549 3010//5549
f 2987//5550 3035//5550 3003//5550
f 3027//5551 3035//5551 2987//5551
f 2979//5552 3027//5552 2987//5552
f 3019//5553 3027//5553 2979//5553
f 2971//5554 3019//5554 2979//5554
f 2999//5555 3019//5555 2971//5555
f 2955//5556 2999//5556 2971//5556
f 2967//5557 2999//5557 2955//5557
f 2946//5558 2967//5558 2955//5558
f 2945//5559 2967//5559 2946//5559
f 2927//5560 2945//5560 2946//5560
f 2931//5561 2927//5561 2946//5561
f 2895//5562 2927//5562 2931//5562
f 2915//5563 2895//5563 2931//5563
f 2875//5564 2895//5564 2915//5564
f 2907//5565 2875//5565 2915//5565
f 2867//5566 2875//5566 2907//5566
f 2899//5567 2867//5567 2907//5567
f 2859//5568 2867//5568 2899//5568
f 2883//5569 2859//5569 2899//5569
f 2852//5570 2859//5570 2883//5570
f 2877//5571 2881//5571 2885//5571
f 2879//5572 2877//5572 2885//5572
f 2882//5573 2877//5573 2879//5573
f 2886//5574 2882//5574 2879//5574
f 2898//5575 2882//5575 2886//5575
f 2902//5576 2898//5576 2886//5576
f 2906//5577 2898//5577 2902//5577
f 2910//5578 2906//5578 2902//5578
f 2914//5579 2906//5579 2910//5579
f 2918//5580 2914//5580 2910//5580
f 2930//5581 2914//5581 2918//5581
f 2934//5582 2930//5582 2918//5582
f 2943//5583 2930//5583 2934//5583
f 2950//5584 2943//5584 2934//5584
f 2954//5585 2943//5585 2950//5585
f 2958//5586 2954//5586 2950//5586
f 2970//5587 2954//5587 2958//5587
f 2974//5588 2970//5588 2958//5588
f 2978//5589 2970//5589 2974//5589
f 2982//5590 2978//5590 2974//5590
f 2986//5591 2978//5591 2982//5591
f 2990//5592 2986//5592 2982//5592
f 3002//5593 2986//5593 2990//5593
f 3006//5594 3002//5594 2990//5594
f 3009//5595 3002//5595 3006//5595
f 3011//5596 3009//5596 3006//5596
f 3001//5597 3009//5597 3011//5597
f 3005//5598 3001//5598 3011//5598
f 2985//5599 3001//5599 3005//5599
f 2989//5600 2985//5600 3005//5600
f 2977//5601 2985//5601 2989//5601
f 2981//5602 2977//5602 2989//5602
f 2969//5603 2977//5603 2981//5603
f 2973//5604 2969//5604 2981//5604
f 2953//5605 2969//5605 2973//5605
f 2957//5606 2953//5606 2973//5606
f 2942//5607 2953//5607 2957//5607
f 2949//5608 2942//5608 2957//5608
f 2929//5609 2942//5609 2949//5609
f 2933//5610 2929//5610 2949//5610
f 2913//5611 2929//5611 2933//5611
f 2917//5612 2913//5612 2933//5612
f 2905//5613 2913//5613 2917//5613
f 2909//5614 2905//5614 2917//5614
f 2897//5615 2905//5615 2909//5615
f 2901//5616 2897//5616 2909//5616
f 2881//5617 2897//5617 2901//5617
f 2885//5618 2881//5618 2901//5618
f 2878//5619 2883//5619 2887//5619
f 2880//5620 2878//5620 2887//5620
f 2884//5621 2878//5621 2880//5621
f 2888//5622 2884//5622 2880//5622
f 2900//5623 2884//5623 2888//5623
f 2904//5624 2900//5624 2888//5624
f 2908//5625 2900//5625 2904//5625
f 2912//5626 2908//5626 2904//5626
f 2916//5627 2908//5627 2912//5627
f 2920//5628 2916//5628 2912//5628
f 2932//5629 2916//5629 2920//5629
f 2936//5630 2932//5630 2920//5630
f 2947//5631 2932//5631 2936//5631
f 2952//5632 2947//5632 2936//5632
f 2956//5633 2947//5633 2952//5633
f 2960//5634 2956//5634 2952//5634
f 2972//5635 2956//5635 2960//5635
f 2976//5636 2972//5636 2960//5636
f 2980//5637 2972//5637 2976//5637
f 2984//5638 2980//5638 2976//5638
f 2988//5639 2980//5639 2984//5639
f 2992//5640 2988//5640 2984//5640
f 3004//5641 2988//5641 2992//5641
f 3008//5642 3004//5642 2992//5642
f 3010//5643 3004//5643 3008//5643
f 3012//5644 3010//5644 3008//5644
f 3003//5645 3010//5645 3012//5645
f 3007//5646 3003//5646 3012//5646
f 2987//5647 3003//5647 3007//5647
f 2991//5648 2987//5648 3007//5648
f 2979//5649 2987//5649 2991//5649
f 2983//5650 2979//5650 2991//5650
f 2971//5651 2979//5651 2983//5651
f 2975//5652 2971//5652 2983//5652
f 2955//5653 2971//5653 2975//5653
f 2959//5654 2955//5654 2975//5654
f 2946//5655 2955//5655 2959//5655
f 2951//5656 2946//5656 2959//5656
f 2931//5657 2946//5657 2951//5657
f 2935//5658 2931//5658 2951//5658
f 2915//5659 2931//5659 2935//5659
f 2919//5660 2915//5660 2935//5660
f 2907//5661 2915//5661 2919//5661
f 2911//5662 2907//5662 2919//5662
f 2899//5663 2907//5663 2911//5663
f 2903//5664 2899//5664 2911//5664
f 2883//5665 2899//5665 2903//5665
f 2887//5666 2883//5666 2903//5666
f 2842//5667 2838//5667 3047//5667
f 3050//5668 2842//5668 3047//5668
f 2841//5669 2837//5669 2838//5669
f 2842//5670 2841//5670 2838//5670
f 2879//5671 2885//5671 2841//5671
f 2842//5672 2879//5672 2841//5672
f 2886//5673 2879//5673 2842//5673
f 2902//5674 2886//5674 2842//5674
f 2910//5675 2902//5675 2842//5675
f 2918//5676 2910//5676 2842//5676
f 2934//5677 2918//5677 2842//5677
f 2950//5678 2934//5678 2842//5678
f 3050//5679 2950//5679 2842//5679
f 2958//5680 2950//5680 3050//5680
f 2974//5681 2958//5681 3050//5681
f 2982//5682 2974//5682 3050//5682
f 2990//5683 2982//5683 3050//5683
f 3006//5684 2990//5684 3050//5684
f 3049//5685 3006//5685 3050//5685
f 3011//5686 3006//5686 3049//5686
f 3005//5687 3011//5687 3049//5687
f 2989//5688 3005//5688 3049//5688
f 2981//5689 2989//5689 3049//5689
f 3043//5690 2981//5690 3049//5690
f 2973//5691 2981//5691 3043//5691
f 2957//5692 2973//5692 3043//5692
f 2949//5693 2957//5693 3043//5693
f 2933//5694 2949//5694 3043//5694
f 2841//5695 2933//5695 3043//5695
f 2917//5696 2933//5696 2841//5696
f 2909//5697 2917//5697 2841//5697
f 2901//5698 2909//5698 2841//5698
f 2885//5699 2901//5699 2841//5699
f 2843//5700 2839//5700 2840//5700
f 2844//5701 2843//5701 2840//5701
f 3051//5702 3048//5702 2839//5702
f 2843//5703 3051//5703 2839//5703
f 2880//5704 2887//5704 2843//5704
f 2844//5705 2880//5705 2843//5705
f 2888//5706 2880//5706 2844//5706
f 2904//5707 2888//5707 2844//5707
f 2912//5708 2904//5708 2844//5708
f 2920//5709 2912//5709 2844//5709
f 2936//5710 2920//5710 2844//5710
f 3044//5711 2936//5711 2844//5711
f 2952//5712 2936//5712 3044//5712
f 2960//5713 2952//5713 3044//5713
f 2976//5714 2960//5714 3044//5714
f 2984//5715 2976//5715 3044//5715
f 3052//5716 2984//5716 3044//5716
f 2992//5717 2984//5717 3052//5717
f 3008//5718 2992//5718 3052//5718
f 3012//5719 3008//5719 3052//5719
f 3007//5720 3012//5720 3052//5720
f 3051//5721 3007//5721 3052//5721
f 2991//5722 3007//5722 3051//5722
f 2983//5723 2991//5723 3051//5723
f 2975//5724 2983//5724 3051//5724
f 2959//5725 2975//5725 3051//5725
f 2951//5726 2959//5726 3051//5726
f 2843//5727 2951//5727 3051//5727
f 2935//5728 2951//5728 2843//5728
f 2919//5729 2935//5729 2843//5729
f 2911//5730 2919//5730 2843//5730
f 2903//5731 2911//5731 2843//5731
f 2887//5732 2903//5732 2843//5732
f 3044//5733 3042//5733 3046//5733
f 3052//5734 3044//5734 3046//5734
f 3048//5735 3051//5735 3052//5735
f 3046//5736 3048//5736 3052//5736
f 3045//5737 3048//5737 3046//5737
f 3047//5738 3048//5738 3045//5738
f 3049//5739 3047//5739 3045//5739
f 3050//5740 3047//5740 3049//5740
f 3049//5741 3045//5741 3041//5741
f 3043//5742 3049//5742 3041//5742
f 3042//5743 3044//5743 2840//5743
f 2443//5744 3042//5744 2840//5744
f 2282//5745 3042//5745 2443//5745
f 2361//5746 2282//5746 2443//5746
f 2840//5747 3044//5747 2844//5747
f 3042//5748 2282//5748 2085//5748
f 350//5749 3042//5749 2085//5749
f 1888//5750 350//5750 2085//5750
f 351//5751 350//5751 1888//5751
f 1888//5752 2085//5752 1971//5752
f 2837//5753 2841//5753 3043//5753
f 3041//5754 2837//5754 3043//5754
f 111//5755 2837//5755 3041//5755
f 6//5756 111//5756 3041//5756
f 9//5757 111//5757 6//5757
f 111//5758 9//5758 114//5758
f 12//5759 27//5759 25//5759
f 28//5760 12//5760 25//5760
f 16//5761 12//5761 28//5761
f 36//5762 16//5762 28//5762
f 20//5763 16//5763 36//5763
f 40//5764 20//5764 36//5764
f 24//5765 20//5765 40//5765
f 44//5766 24//5766 40//5766
f 34//5767 24//5767 44//5767
f 52//5768 34//5768 44//5768
f 50//5769 34//5769 52//5769
f 59//5770 50//5770 52//5770
f 60//5771 50//5771 59//5771
f 70//5772 60//5772 59//5772
f 64//5773 70//5773 59//5773
f 86//5774 70//5774 64//5774
f 72//5775 86//5775 64//5775
f 96//5776 86//5776 72//5776
f 76//5777 96//5777 72//5777
f 100//5778 96//5778 76//5778
f 80//5779 100//5779 76//5779
f 104//5780 100//5780 80//5780
f 88//5781 104//5781 80//5781
f 106//5782 104//5782 88//5782
f 91//5783 106//5783 88//5783
f 103//5784 106//5784 91//5784
f 87//5785 103//5785 91//5785
f 79//5786 103//5786 87//5786
f 99//5787 103//5787 79//5787
f 75//5788 99//5788 79//5788
f 95//5789 99//5789 75//5789
f 71//5790 95//5790 75//5790
f 85//5791 95//5791 71//5791
f 63//5792 85//5792 71//5792
f 69//5793 85//5793 63//5793
f 58//5794 69//5794 63//5794
f 57//5795 69//5795 58//5795
f 49//5796 57//5796 58//5796
f 51//5797 49//5797 58//5797
f 33//5798 49//5798 51//5798
f 43//5799 33//5799 51//5799
f 23//5800 33//5800 43//5800
f 39//5801 23//5801 43//5801
f 19//5802 23//5802 39//5802
f 35//5803 19//5803 39//5803
f 15//5804 19//5804 35//5804
f 27//5805 15//5805 35//5805
f 12//5806 15//5806 27//5806
f 11//5807 13//5807 15//5807
f 12//5808 11//5808 15//5808
f 14//5809 11//5809 12//5809
f 16//5810 14//5810 12//5810
f 18//5811 14//5811 16//5811
f 20//5812 18//5812 16//5812
f 22//5813 18//5813 20//5813
f 24//5814 22//5814 20//5814
f 32//5815 22//5815 24//5815
f 34//5816 32//5816 24//5816
f 48//5817 32//5817 34//5817
f 50//5818 48//5818 34//5818
f 56//5819 48//5819 50//5819
f 60//5820 56//5820 50//5820
f 68//5821 56//5821 60//5821
f 70//5822 68//5822 60//5822
f 84//5823 68//5823 70//5823
f 86//5824 84//5824 70//5824
f 94//5825 84//5825 86//5825
f 96//5826 94//5826 86//5826
f 98//5827 94//5827 96//5827
f 100//5828 98//5828 96//5828
f 102//5829 98//5829 100//5829
f 104//5830 102//5830 100//5830
f 105//5831 102//5831 104//5831
f 106//5832 105//5832 104//5832
f 101//5833 105//5833 106//5833
f 103//5834 101//5834 106//5834
f 97//5835 101//5835 103//5835
f 99//5836 97//5836 103//5836
f 93//5837 97//5837 99//5837
f 95//5838 93//5838 99//5838
f 83//5839 93//5839 95//5839
f 85//5840 83//5840 95//5840
f 67//5841 83//5841 85//5841
f 69//5842 67//5842 85//5842
f 55//5843 67//5843 69//5843
f 57//5844 55//5844 69//5844
f 47//5845 55//5845 57//5845
f 49//5846 47//5846 57//5846
f 31//5847 47//5847 49//5847
f 33//5848 31//5848 49//5848
f 21//5849 31//5849 33//5849
f 23//5850 21//5850 33//5850
f 17//5851 21//5851 23//5851
f 19//5852 17//5852 23//5852
f 13//5853 17//5853 19//5853
f 15//5854 13//5854 19//5854
f 119//5855 136//5855 134//5855
f 137//5856 119//5856 134//5856
f 123//5857 119//5857 137//5857
f 145//5858 123//5858 137//5858
f 129//5859 123//5859 145//5859
f 149//5860 129//5860 145//5860
f 133//5861 129//5861 149//5861
f 153//5862 133//5862 149//5862
f 143//5863 133//5863 153//5863
f 161//5864 143//5864 153//5864
f 159//5865 143//5865 161//5865
f 168//5866 159//5866 161//5866
f 169//5867 159//5867 168//5867
f 179//5868 169//5868 168//5868
f 173//5869 179//5869 168//5869
f 195//5870 179//5870 173//5870
f 181//5871 195//5871 173//5871
f 205//5872 195//5872 181//5872
f 185//5873 205//5873 181//5873
f 209//5874 205//5874 185//5874
f 189//5875 209//5875 185//5875
f 213//5876 209//5876 189//5876
f 197//5877 213//5877 189//5877
f 215//5878 213//5878 197//5878
f 200//5879 215//5879 197//5879
f 212//5880 215//5880 200//5880
f 196//5881 212//5881 200//5881
f 188//5882 212//5882 196//5882
f 208//5883 212//5883 188//5883
f 184//5884 208//5884 188//5884
f 204//5885 208//5885 184//5885
f 180//5886 204//5886 184//5886
f 194//5887 204//5887 180//5887
f 172//5888 194//5888 180//5888
f 178//5889 194//5889 172//5889
f 167//5890 178//5890 172//5890
f 166//5891 178//5891 167//5891
f 158//5892 166//5892 167//5892
f 160//5893 158//5893 167//5893
f 142//5894 158//5894 160//5894
f 152//5895 142//5895 160//5895
f 132//5896 142//5896 152//5896
f 148//5897 132//5897 152//5897
f 128//5898 132//5898 148//5898
f 144//5899 128//5899 148//5899
f 122//5900 128//5900 144//5900
f 136//5901 122//5901 144//5901
f 119//5902 122//5902 136//5902
f 119//5903 123//5903 121//5903
f 118//5904 119//5904 121//5904
f 122//5905 119//5905 118//5905
f 120//5906 122//5906 118//5906
f 128//5907 122//5907 120//5907
f 126//5908 128//5908 120//5908
f 132//5909 128//5909 126//5909
f 130//5910 132//5910 126//5910
f 142//5911 132//5911 130//5911
f 140//5912 142//5912 130//5912
f 158//5913 142//5913 140//5913
f 156//5914 158//5914 140//5914
f 166//5915 158//5915 156//5915
f 164//5916 166//5916 156//5916
f 178//5917 166//5917 164//5917
f 176//5918 178//5918 164//5918
f 194//5919 178//5919 176//5919
f 192//5920 194//5920 176//5920
f 204//5921 194//5921 192//5921
f 202//5922 204//5922 192//5922
f 208//5923 204//5923 202//5923
f 206//5924 208//5924 202//5924
f 212//5925 208//5925 206//5925
f 210//5926 212//5926 206//5926
f 215//5927 212//5927 210//5927
f 214//5928 215//5928 210//5928
f 213//5929 215//5929 214//5929
f 211//5930 213//5930 214//5930
f 209//5931 213//5931 211//5931
f 207//5932 209//5932 211//5932
f 205//5933 209//5933 207//5933
f 203//5934 205//5934 207//5934
f 195//5935 205//5935 203//5935
f 193//5936 195//5936 203//5936
f 179//5937 195//5937 193//5937
f 177//5938 179//5938 193//5938
f 169//5939 179//5939 177//5939
f 165//5940 169//5940 177//5940
f 159//5941 169//5941 165//5941
f 157//5942 159//5942 165//5942
f 143//5943 159//5943 157//5943
f 141//5944 143//5944 157//5944
f 133//5945 143//5945 141//5945
f 131//5946 133//5946 141//5946
f 129//5947 133//5947 131//5947
f 127//5948 129//5948 131//5948
f 123//5949 129//5949 127//5949
f 121//5950 123//5950 127//5950
f 134//5951 136//5951 138//5951
f 135//5952 134//5952 138//5952
f 137//5953 134//5953 135//5953
f 139//5954 137//5954 135//5954
f 145//5955 137//5955 139//5955
f 147//5956 145//5956 139//5956
f 149//5957 145//5957 147//5957
f 151//5958 149//5958 147//5958
f 153//5959 149//5959 151//5959
f 155//5960 153//5960 151//5960
f 161//5961 153//5961 155//5961
f 163//5962 161//5962 155//5962
f 168//5963 161//5963 163//5963
f 171//5964 168//5964 163//5964
f 173//5965 168//5965 171//5965
f 175//5966 173//5966 171//5966
f 181//5967 173//5967 175//5967
f 183//5968 181//5968 175//5968
f 185//5969 181//5969 183//5969
f 187//5970 185//5970 183//5970
f 189//5971 185//5971 187//5971
f 191//5972 189//5972 187//5972
f 197//5973 189//5973 191//5973
f 199//5974 197//5974 191//5974
f 200//5975 197//5975 199//5975
f 201//5976 200//5976 199//5976
f 196//5977 200//5977 201//5977
f 198//5978 196//5978 201//5978
f 188//5979 196//5979 198//5979
f 190//5980 188//5980 198//5980
f 184//5981 188//5981 190//5981
f 186//5982 184//5982 190//5982
f 180//5983 184//5983 186//5983
f 182//5984 180//5984 186//5984
f 172//5985 180//5985 182//5985
f 174//5986 172//5986 182//5986
f 167//5987 172//5987 174//5987
f 170//5988 167//5988 174//5988
f 160//5989 167//5989 170//5989
f 162//5990 160//5990 170//5990
f 152//5991 160//5991 162//5991
f 154//5992 152//5992 162//5992
f 148//5993 152//5993 154//5993
f 150//5994 148//5994 154//5994
f 144//5995 148//5995 150//5995
f 146//5996 144//5996 150//5996
f 136//5997 144//5997 146//5997
f 138//5998 136//5998 146//5998
f 25//5999 27//5999 29//5999
f 26//6000 25//6000 29//6000
f 28//6001 25//6001 26//6001
f 30//6002 28//6002 26//6002
f 36//6003 28//6003 30//6003
f 38//6004 36//6004 30//6004
f 40//6005 36//6005 38//6005
f 42//6006 40//6006 38//6006
f 44//6007 40//6007 42//6007
f 46//6008 44//6008 42//6008
f 52//6009 44//6009 46//6009
f 54//6010 52//6010 46//6010
f 59//6011 52//6011 54//6011
f 62//6012 59//6012 54//6012
f 64//6013 59//6013 62//6013
f 66//6014 64//6014 62//6014
f 72//6015 64//6015 66//6015
f 74//6016 72//6016 66//6016
f 76//6017 72//6017 74//6017
f 78//6018 76//6018 74//6018
f 80//6019 76//6019 78//6019
f 82//6020 80//6020 78//6020
f 88//6021 80//6021 82//6021
f 90//6022 88//6022 82//6022
f 91//6023 88//6023 90//6023
f 92//6024 91//6024 90//6024
f 87//6025 91//6025 92//6025
f 89//6026 87//6026 92//6026
f 79//6027 87//6027 89//6027
f 81//6028 79//6028 89//6028
f 75//6029 79//6029 81//6029
f 77//6030 75//6030 81//6030
f 71//6031 75//6031 77//6031
f 73//6032 71//6032 77//6032
f 63//6033 71//6033 73//6033
f 65//6034 63//6034 73//6034
f 58//6035 63//6035 65//6035
f 61//6036 58//6036 65//6036
f 51//6037 58//6037 61//6037
f 53//6038 51//6038 61//6038
f 43//6039 51//6039 53//6039
f 45//6040 43//6040 53//6040
f 39//6041 43//6041 45//6041
f 41//6042 39//6042 45//6042
f 35//6043 39//6043 41//6043
f 37//6044 35//6044 41//6044
f 27//6045 35//6045 37//6045
f 29//6046 27//6046 37//6046
f 125//6047 124//6047 220//6047
f 221//6048 125//6048 220//6048
f 249//6049 251//6049 221//6049
f 220//6050 249//6050 221//6050
f 248//6051 250//6051 251//6051
f 249//6052 248//6052 251//6052
f 351//6053 352//6053 250//6053
f 248//6054 351//6054 250//6054
f 350//6055 351//6055 248//6055
f 112//6056 115//6056 108//6056
f 107//6057 112//6057 108//6057
f 109//6058 112//6058 107//6058
f 107//6059 108//6059 10//6059
f 7//6060 107//6060 10//6060
f 7//6061 10//6061 4//6061
f 2//6062 7//6062 4//6062
f 2//6063 4//6063 3//6063
f 1//6064 2//6064 3//6064
f 1//6065 3//6065 8//6065
f 5//6066 1//6066 8//6066
f 113//6067 112//6067 109//6067
f 110//6068 113//6068 109//6068
f 117//6069 113//6069 110//6069
f 113//6070 117//6070 116//6070
f 124//6071 125//6071 117//6071
f 110//6072 124//6072 117//6072
f 352//6073 116//6073 170//6073
f 174//6074 352//6074 170//6074
f 250//6075 352//6075 174//6075
f 182//6076 250//6076 174//6076
f 186//6077 250//6077 182//6077
f 116//6078 117//6078 135//6078
f 138//6079 116//6079 135//6079
f 146//6080 116//6080 138//6080
f 117//6081 125//6081 155//6081
f 151//6082 117//6082 155//6082
f 147//6083 117//6083 151//6083
f 125//6084 221//6084 175//6084
f 171//6085 125//6085 175//6085
f 163//6086 125//6086 171//6086
f 221//6087 251//6087 199//6087
f 191//6088 221//6088 199//6088
f 187//6089 221//6089 191//6089
f 251//6090 250//6090 198//6090
f 201//6091 251//6091 198//6091
f 199//6092 251//6092 201//6092
f 116//6093 146//6093 150//6093
f 154//6094 116//6094 150//6094
f 162//6095 116//6095 154//6095
f 116//6096 162//6096 170//6096
f 250//6097 186//6097 190//6097
f 198//6098 250//6098 190//6098
f 221//6099 187//6099 183//6099
f 175//6100 221//6100 183//6100
f 125//6101 163//6101 155//6101
f 117//6102 147//6102 139//6102
f 135//6103 117//6103 139//6103
f 352//6104 351//6104 113//6104
f 116//6105 352//6105 113//6105
f 9//6106 8//6106 3//6106
f 37//6107 9//6107 3//6107
f 41//6108 9//6108 37//6108
f 3//6109 4//6109 26//6109
f 29//6110 3//6110 26//6110
f 37//6111 3//6111 29//6111
f 4//6112 10//6112 38//6112
f 30//6113 4//6113 38//6113
f 26//6114 4//6114 30//6114
f 10//6115 108//6115 62//6115
f 54//6116 10//6116 62//6116
f 46//6117 10//6117 54//6117
f 108//6118 115//6118 114//6118
f 92//6119 108//6119 114//6119
f 90//6120 108//6120 92//6120
f 114//6121 9//6121 61//6121
f 65//6122 114//6122 61//6122
f 73//6123 114//6123 65//6123
f 9//6124 41//6124 45//6124
f 53//6125 9//6125 45//6125
f 61//6126 9//6126 53//6126
f 114//6127 73//6127 77//6127
f 81//6128 114//6128 77//6128
f 89//6129 114//6129 81//6129
f 114//6130 89//6130 92//6130
f 108//6131 90//6131 82//6131
f 78//6132 108//6132 82//6132
f 74//6133 108//6133 78//6133
f 108//6134 74//6134 66//6134
f 62//6135 108//6135 66//6135
f 10//6136 46//6136 42//6136
f 38//6137 10//6137 42//6137
f 111//6138 114//6138 115//6138
f 112//6139 111//6139 115//6139
f 6//6140 5//6140 8//6140
f 9//6141 6//6141 8//6141
f 2555//6142 2592//6142 2590//6142
f 2554//6143 2555//6143 2590//6143
f 2713//6144 2554//6144 2590//6144
f 2688//6145 2713//6145 2590//6145
f 2714//6146 2713//6146 2688//6146
f 2690//6147 2714//6147 2688//6147
f 2713//6148 2633//6148 2554//6148
f 2634//6149 2633//6149 2713//6149
f 2714//6150 2634//6150 2713//6150
f 2555//6151 2554//6151 2633//6151
f 2634//6152 2555//6152 2633//6152
