# Created by FreeCAD <https://www.freecad.org>
v -97.121307 -33.000000 -220.737015
v -97.121307 -33.000000 -144.262726
v -96.121307 -33.000000 -220.737015
v -96.121307 -33.000000 -144.262726
v -95.713882 -44.797661 -144.667984
v -95.708107 -44.922855 -220.332016
v -95.708107 -44.922855 -218.532013
v -95.708107 -44.922855 -146.467987
v -95.708107 -43.876137 -220.332016
v -95.708107 -43.876137 -218.532013
v -95.708107 -43.876137 -146.467987
v -95.701767 -43.766659 -144.667984
v -95.619766 -45.824429 -144.667984
v -95.598694 -45.963840 -220.332016
v -95.598694 -45.963840 -218.532013
v -95.598694 -45.963840 -146.467987
v -95.598694 -42.835152 -220.332016
v -95.598694 -42.835152 -218.532013
v -95.598694 -42.835152 -146.467987
v -95.583557 -42.742382 -144.667984
v -95.420433 -46.836052 -144.667984
v -95.381073 -46.987686 -220.332016
v -95.381073 -46.987686 -218.532013
v -95.381073 -46.987686 -146.467987
v -95.381073 -41.811306 -220.332016
v -95.381073 -41.811306 -218.532013
v -95.381073 -41.811306 -146.467987
v -95.360504 -41.735725 -144.667984
v -95.121307 -35.000000 -222.737015
v -95.121307 -35.000000 -142.262726
v -95.117981 -47.821770 -144.667984
v -95.057617 -47.983173 -220.332016
v -95.057617 -47.983173 -218.532013
v -95.057617 -47.983173 -146.467987
v -95.057617 -40.815815 -220.332016
v -95.057617 -40.815815 -218.532013
v -95.057617 -40.815815 -146.467987
v -95.034973 -40.757385 -144.667984
v -94.949738 -35.000000 -222.737015
v -94.949738 -35.000000 -142.262726
v -94.715645 -48.771107 -144.667984
v -94.631874 -48.939400 -220.332016
v -94.631874 -48.939400 -218.532013
v -94.631874 -48.939400 -146.467987
v -94.631874 -39.859589 -220.332016
v -94.631874 -39.859589 -218.532013
v -94.631874 -39.859589 -146.467987
v -94.610443 -39.817764 -144.667984
v -94.217690 -49.673965 -144.667984
v -94.108521 -49.845886 -220.332016
v -94.108521 -49.845886 -218.532013
v -94.108521 -49.845886 -146.467987
v -94.108521 -38.953106 -220.332016
v -94.108521 -38.953106 -218.532013
v -94.108521 -38.953106 -146.467987
v -94.091415 -38.926853 -144.667984
v -93.629417 -50.520752 -144.762726
v -93.629417 -50.520752 -144.667984
v -93.493271 -50.692699 -220.332016
v -93.493271 -50.692699 -218.532013
v -93.493271 -50.692699 -146.467987
v -93.493271 -38.106293 -220.332016
v -93.493271 -38.106293 -218.532013
v -93.493271 -38.106293 -146.467987
v -93.483406 -38.094124 -144.667984
v -93.364021 -50.849037 -144.762726
v -93.085014 -51.165829 -144.762726
v -92.792877 -51.470562 -220.332016
v -92.792877 -51.470562 -218.532013
v -92.792877 -51.470562 -146.467987
v -92.792877 -51.470562 -144.762726
v -92.792877 -37.328426 -220.332016
v -92.792877 -37.328426 -218.532013
v -92.792877 -37.328426 -217.274887
v -92.792877 -37.328426 -215.896957
v -92.792877 -37.328426 -212.721527
v -92.792877 -37.328426 -211.350327
v -92.792877 -37.328426 -208.174896
v -92.792877 -37.328426 -206.796951
v -92.792877 -37.328426 -203.621521
v -92.792877 -37.328426 -202.250320
v -92.792877 -37.328426 -199.074890
v -92.792877 -37.328426 -197.696945
v -92.792877 -37.328426 -194.521530
v -92.792877 -37.328426 -193.150314
v -92.792877 -37.328426 -189.974899
v -92.792877 -37.328426 -188.596954
v -92.792877 -37.328426 -185.421524
v -92.792877 -37.328426 -184.050323
v -92.792877 -37.328426 -180.874893
v -92.792877 -37.328426 -179.496948
v -92.792877 -37.328426 -176.321533
v -92.792877 -37.328426 -174.950317
v -92.792877 -37.328426 -171.774887
v -92.792877 -37.328426 -170.396957
v -92.792877 -37.328426 -167.221527
v -92.792877 -37.328426 -165.850327
v -92.792877 -37.328426 -162.674896
v -92.792877 -37.328426 -161.296951
v -92.792877 -37.328426 -158.121521
v -92.792877 -37.328426 -156.750320
v -92.792877 -37.328426 -153.574890
v -92.792877 -37.328426 -152.196945
v -92.792877 -37.328426 -149.021530
v -92.792877 -37.328426 -147.650314
v -92.792877 -37.328426 -146.467987
v -92.792877 -37.328426 -144.667984
v -92.707092 -34.414215 -220.737015
v -92.707092 -34.414215 -144.262726
v -92.262550 -37.858757 -218.532013
v -92.262550 -37.858757 -217.707901
v -92.262550 -37.858757 -210.917313
v -92.262550 -37.858757 -208.607910
v -92.262550 -37.858757 -201.817307
v -92.262550 -37.858757 -199.507904
v -92.262550 -37.858757 -192.717300
v -92.262550 -37.858757 -190.407898
v -92.262550 -37.858757 -183.617310
v -92.262550 -37.858757 -181.307907
v -92.262550 -37.858757 -174.517303
v -92.262550 -37.858757 -172.207901
v -92.262550 -37.858757 -165.417313
v -92.262550 -37.858757 -163.107910
v -92.262550 -37.858757 -156.317307
v -92.262550 -37.858757 -154.007904
v -92.262550 -37.858757 -147.217300
v -92.262550 -37.858757 -146.467987
v -92.156845 -45.785534 -220.332016
v -92.156845 -45.785534 -218.532013
v -92.156845 -45.785534 -146.467987
v -92.156845 -45.785534 -144.667984
v -92.131287 -45.979649 -220.332016
v -92.131287 -45.979649 -218.532013
v -92.131287 -45.979649 -146.467987
v -92.131287 -45.979649 -144.667984
v -92.131287 -45.591419 -220.332016
v -92.131287 -45.591419 -218.532013
v -92.131287 -45.591419 -146.467987
v -92.131287 -45.591419 -144.667984
v -92.056358 -46.160534 -220.332016
v -92.056358 -46.160534 -218.532013
v -92.056358 -46.160534 -146.467987
v -92.056358 -46.160534 -144.667984
v -92.056358 -45.410534 -220.332016
v -92.056358 -45.410534 -218.532013
v -92.056358 -45.410534 -146.467987
v -92.056358 -45.410534 -144.667984
v -91.937172 -46.315865 -220.332016
v -91.937172 -46.315865 -218.532013
v -91.937172 -46.315865 -146.467987
v -91.937172 -46.315865 -144.667984
v -91.937172 -45.255203 -220.332016
v -91.937172 -45.255203 -218.532013
v -91.937172 -45.255203 -146.467987
v -91.937172 -45.255203 -144.667984
v -91.908997 -38.212311 -216.618637
v -91.908997 -38.212311 -211.999832
v -91.908997 -38.212311 -207.518646
v -91.908997 -38.212311 -202.899841
v -91.908997 -38.212311 -198.418640
v -91.908997 -38.212311 -193.799835
v -91.908997 -38.212311 -189.318634
v -91.908997 -38.212311 -184.699844
v -91.908997 -38.212311 -180.218643
v -91.908997 -38.212311 -175.599838
v -91.908997 -38.212311 -171.118637
v -91.908997 -38.212311 -166.499832
v -91.908997 -38.212311 -162.018646
v -91.908997 -38.212311 -157.399841
v -91.908997 -38.212311 -152.918640
v -91.908997 -38.212311 -148.299835
v -91.781845 -46.435055 -220.332016
v -91.781845 -46.435055 -218.532013
v -91.781845 -46.435055 -146.467987
v -91.781845 -46.435055 -144.667984
v -91.781845 -45.136013 -220.332016
v -91.781845 -45.136013 -218.532013
v -91.781845 -45.136013 -146.467987
v -91.781845 -45.136013 -144.667984
v -91.600952 -46.509979 -220.332016
v -91.600952 -46.509979 -218.532013
v -91.600952 -46.509979 -146.467987
v -91.600952 -46.509979 -144.667984
v -91.600952 -45.061089 -220.332016
v -91.600952 -45.061089 -218.532013
v -91.600952 -45.061089 -146.467987
v -91.600952 -45.061089 -144.667984
v -91.470833 -38.650478 -210.917313
v -91.470833 -38.650478 -208.607910
v -91.470833 -38.650478 -183.617310
v -91.470833 -38.650478 -181.307907
v -91.470833 -38.650478 -156.317307
v -91.470833 -38.650478 -154.007904
v -91.467056 -38.654251 -218.532013
v -91.467056 -38.654251 -217.707901
v -91.467056 -38.654251 -201.817307
v -91.467056 -38.654251 -199.507904
v -91.467056 -38.654251 -192.717300
v -91.467056 -38.654251 -190.407898
v -91.467056 -38.654251 -174.517303
v -91.467056 -38.654251 -172.207901
v -91.467056 -38.654251 -165.417313
v -91.467056 -38.654251 -163.107910
v -91.467056 -38.654251 -147.217300
v -91.467056 -38.654251 -146.467987
v -91.406845 -46.535534 -220.332016
v -91.406845 -46.535534 -218.532013
v -91.406845 -46.535534 -146.467987
v -91.406845 -46.535534 -144.667984
v -91.406845 -45.035534 -220.332016
v -91.406845 -45.035534 -218.532013
v -91.406845 -45.035534 -146.467987
v -91.406845 -45.035534 -144.667984
v -91.292877 -35.828426 -218.532013
v -91.292877 -35.828426 -217.274887
v -91.292877 -35.828426 -215.896957
v -91.292877 -35.828426 -212.721527
v -91.292877 -35.828426 -211.350327
v -91.292877 -35.828426 -208.174896
v -91.292877 -35.828426 -206.796951
v -91.292877 -35.828426 -203.621521
v -91.292877 -35.828426 -202.250320
v -91.292877 -35.828426 -199.074890
v -91.292877 -35.828426 -197.696945
v -91.292877 -35.828426 -194.521530
v -91.292877 -35.828426 -193.150314
v -91.292877 -35.828426 -189.974899
v -91.292877 -35.828426 -188.596954
v -91.292877 -35.828426 -185.421524
v -91.292877 -35.828426 -184.050323
v -91.292877 -35.828426 -180.874893
v -91.292877 -35.828426 -179.496948
v -91.292877 -35.828426 -176.321533
v -91.292877 -35.828426 -174.950317
v -91.292877 -35.828426 -171.774887
v -91.292877 -35.828426 -170.396957
v -91.292877 -35.828426 -167.221527
v -91.292877 -35.828426 -165.850327
v -91.292877 -35.828426 -162.674896
v -91.292877 -35.828426 -161.296951
v -91.292877 -35.828426 -158.121521
v -91.292877 -35.828426 -156.750320
v -91.292877 -35.828426 -153.574890
v -91.292877 -35.828426 -152.196945
v -91.292877 -35.828426 -149.021530
v -91.292877 -35.828426 -147.650314
v -91.292877 -35.828426 -146.467987
v -91.212730 -46.509979 -220.332016
v -91.212730 -46.509979 -218.532013
v -91.212730 -46.509979 -146.467987
v -91.212730 -46.509979 -144.667984
v -91.212730 -45.061089 -220.332016
v -91.212730 -45.061089 -218.532013
v -91.212730 -45.061089 -146.467987
v -91.212730 -45.061089 -144.667984
v -91.031845 -46.435055 -220.332016
v -91.031845 -46.435055 -218.532013
v -91.031845 -46.435055 -146.467987
v -91.031845 -46.435055 -144.667984
v -91.031845 -45.136013 -220.332016
v -91.031845 -45.136013 -218.532013
v -91.031845 -45.136013 -146.467987
v -91.031845 -45.136013 -144.667984
v -90.876511 -46.315865 -220.332016
v -90.876511 -46.315865 -218.532013
v -90.876511 -46.315865 -146.467987
v -90.876511 -46.315865 -144.667984
v -90.876511 -45.255203 -220.332016
v -90.876511 -45.255203 -218.532013
v -90.876511 -45.255203 -146.467987
v -90.876511 -45.255203 -144.667984
v -90.762550 -36.358757 -218.532013
v -90.762550 -36.358757 -217.707901
v -90.762550 -36.358757 -210.917313
v -90.762550 -36.358757 -208.607910
v -90.762550 -36.358757 -201.817307
v -90.762550 -36.358757 -199.507904
v -90.762550 -36.358757 -192.717300
v -90.762550 -36.358757 -190.407898
v -90.762550 -36.358757 -183.617310
v -90.762550 -36.358757 -181.307907
v -90.762550 -36.358757 -174.517303
v -90.762550 -36.358757 -172.207901
v -90.762550 -36.358757 -165.417313
v -90.762550 -36.358757 -163.107910
v -90.762550 -36.358757 -156.317307
v -90.762550 -36.358757 -154.007904
v -90.762550 -36.358757 -147.217300
v -90.762550 -36.358757 -146.467987
v -90.757324 -46.160534 -220.332016
v -90.757324 -46.160534 -218.532013
v -90.757324 -46.160534 -146.467987
v -90.757324 -46.160534 -144.667984
v -90.757324 -45.410534 -220.332016
v -90.757324 -45.410534 -218.532013
v -90.757324 -45.410534 -146.467987
v -90.757324 -45.410534 -144.667984
v -90.682396 -45.979649 -220.332016
v -90.682396 -45.979649 -218.532013
v -90.682396 -45.979649 -146.467987
v -90.682396 -45.979649 -144.667984
v -90.682396 -45.591419 -220.332016
v -90.682396 -45.591419 -218.532013
v -90.682396 -45.591419 -146.467987
v -90.682396 -45.591419 -144.667984
v -90.656845 -45.785534 -220.332016
v -90.656845 -45.785534 -218.532013
v -90.656845 -45.785534 -146.467987
v -90.656845 -45.785534 -144.667984
v -90.494781 -39.626526 -215.463943
v -90.494781 -39.626526 -213.154541
v -90.494781 -39.626526 -206.363937
v -90.494781 -39.626526 -204.054535
v -90.494781 -39.626526 -197.263947
v -90.494781 -39.626526 -194.954544
v -90.494781 -39.626526 -188.163940
v -90.494781 -39.626526 -185.854538
v -90.494781 -39.626526 -179.063934
v -90.494781 -39.626526 -176.754532
v -90.494781 -39.626526 -169.963943
v -90.494781 -39.626526 -167.654541
v -90.494781 -39.626526 -160.863937
v -90.494781 -39.626526 -158.554535
v -90.494781 -39.626526 -151.763947
v -90.494781 -39.626526 -149.454544
v -90.408997 -36.712311 -216.618637
v -90.408997 -36.712311 -211.999832
v -90.408997 -36.712311 -207.518646
v -90.408997 -36.712311 -202.899841
v -90.408997 -36.712311 -198.418640
v -90.408997 -36.712311 -193.799835
v -90.408997 -36.712311 -189.318634
v -90.408997 -36.712311 -184.699844
v -90.408997 -36.712311 -180.218643
v -90.408997 -36.712311 -175.599838
v -90.408997 -36.712311 -171.118637
v -90.408997 -36.712311 -166.499832
v -90.408997 -36.712311 -162.018646
v -90.408997 -36.712311 -157.399841
v -90.408997 -36.712311 -152.918640
v -90.408997 -36.712311 -148.299835
v -90.056618 -40.064690 -212.072006
v -90.056618 -40.064690 -207.453201
v -90.056618 -40.064690 -184.772003
v -90.056618 -40.064690 -180.153198
v -90.056618 -40.064690 -157.472000
v -90.056618 -40.064690 -152.853210
v -90.054726 -40.066578 -212.070465
v -90.054726 -40.066578 -184.770462
v -90.054726 -40.066578 -180.154739
v -90.054726 -40.066578 -152.854752
v -90.052841 -40.068466 -216.553207
v -90.052841 -40.068466 -212.072006
v -90.052841 -40.068466 -202.972000
v -90.052841 -40.068466 -198.353210
v -90.052841 -40.068466 -193.872009
v -90.052841 -40.068466 -189.253204
v -90.052841 -40.068466 -184.772003
v -90.052841 -40.068466 -180.153198
v -90.052841 -40.068466 -175.672012
v -90.052841 -40.068466 -171.053207
v -90.052841 -40.068466 -166.572006
v -90.052841 -40.068466 -161.953201
v -90.052841 -40.068466 -152.853210
v -90.052841 -40.068466 -148.372009
v -89.978958 -40.142353 -184.708603
v -89.978958 -40.142353 -180.216614
v -89.978699 -40.142609 -184.709412
v -89.978699 -40.142609 -180.215805
v -89.978439 -40.142868 -184.710236
v -89.978439 -40.142868 -180.214981
v -89.978180 -40.143127 -184.711044
v -89.978180 -40.143127 -180.214172
v -89.974609 -37.154251 -183.617310
v -89.974609 -37.154251 -181.307907
v -89.970833 -37.158028 -183.617310
v -89.970833 -37.158028 -181.307907
v -89.970833 -37.150478 -210.917313
v -89.970833 -37.150478 -208.607910
v -89.970833 -37.150478 -156.317307
v -89.970833 -37.150478 -154.007904
v -89.967056 -37.154251 -218.532013
v -89.967056 -37.154251 -217.707901
v -89.967056 -37.154251 -201.817307
v -89.967056 -37.154251 -199.507904
v -89.967056 -37.154251 -192.717300
v -89.967056 -37.154251 -190.407898
v -89.967056 -37.154251 -183.617310
v -89.967056 -37.154251 -181.307907
v -89.967056 -37.154251 -174.517303
v -89.967056 -37.154251 -172.207901
v -89.967056 -37.154251 -165.417313
v -89.967056 -37.154251 -163.107910
v -89.967056 -37.154251 -147.217300
v -89.967056 -37.154251 -146.467987
v -89.703064 -40.418243 -206.363937
v -89.703064 -40.418243 -204.054535
v -89.703064 -40.418243 -188.163940
v -89.703064 -40.418243 -185.854538
v -89.703064 -40.418243 -179.063934
v -89.703064 -40.418243 -176.754532
v -89.703064 -40.418243 -160.863937
v -89.703064 -40.418243 -158.554535
v -89.699287 -40.422020 -215.463943
v -89.699287 -40.422020 -213.154541
v -89.699287 -40.422020 -197.263947
v -89.699287 -40.422020 -194.954544
v -89.699287 -40.422020 -169.963943
v -89.699287 -40.422020 -167.654541
v -89.699287 -40.422020 -151.763947
v -89.699287 -40.422020 -149.454544
v -88.994781 -38.126526 -215.463943
v -88.994781 -38.126526 -213.154541
v -88.994781 -38.126526 -206.363937
v -88.994781 -38.126526 -204.054535
v -88.994781 -38.126526 -197.263947
v -88.994781 -38.126526 -194.954544
v -88.994781 -38.126526 -188.163940
v -88.994781 -38.126526 -185.854538
v -88.994781 -38.126526 -179.063934
v -88.994781 -38.126526 -176.754532
v -88.994781 -38.126526 -169.963943
v -88.994781 -38.126526 -167.654541
v -88.994781 -38.126526 -160.863937
v -88.994781 -38.126526 -158.554535
v -88.994781 -38.126526 -151.763947
v -88.994781 -38.126526 -149.454544
v -88.684013 -41.437298 -210.951279
v -88.683449 -41.437859 -210.951843
v -88.682884 -41.438423 -210.952408
v -88.682320 -41.438988 -210.952988
v -88.675552 -41.445759 -153.980835
v -88.674988 -41.446323 -153.980270
v -88.674416 -41.446888 -153.979706
v -88.673851 -41.447453 -153.979141
v -88.642403 -41.478905 -210.917313
v -88.642403 -41.478905 -208.607910
v -88.642403 -41.478905 -183.617310
v -88.642403 -41.478905 -181.307907
v -88.642403 -41.478905 -156.317307
v -88.642403 -41.478905 -154.007904
v -88.638626 -41.482681 -218.532013
v -88.638626 -41.482681 -217.707901
v -88.638626 -41.482681 -201.817307
v -88.638626 -41.482681 -199.507904
v -88.638626 -41.482681 -192.717300
v -88.638626 -41.482681 -190.407898
v -88.638626 -41.482681 -174.517303
v -88.638626 -41.482681 -172.207901
v -88.638626 -41.482681 -165.417313
v -88.638626 -41.482681 -163.107910
v -88.638626 -41.482681 -147.217300
v -88.638626 -41.482681 -146.467987
v -88.560394 -38.568466 -184.772003
v -88.560394 -38.568466 -180.153198
v -88.558502 -38.570354 -184.770462
v -88.558502 -38.570354 -180.154739
v -88.556618 -38.564690 -212.072006
v -88.556618 -38.564690 -207.453201
v -88.556618 -38.564690 -157.472000
v -88.556618 -38.564690 -152.853210
v -88.554726 -38.566578 -212.070465
v -88.554726 -38.566578 -152.854752
v -88.552841 -38.568466 -216.553207
v -88.552841 -38.568466 -212.072006
v -88.552841 -38.568466 -202.972000
v -88.552841 -38.568466 -198.353210
v -88.552841 -38.568466 -193.872009
v -88.552841 -38.568466 -189.253204
v -88.552841 -38.568466 -184.772003
v -88.552841 -38.568466 -180.153198
v -88.552841 -38.568466 -175.672012
v -88.552841 -38.568466 -171.053207
v -88.552841 -38.568466 -166.572006
v -88.552841 -38.568466 -161.953201
v -88.552841 -38.568466 -152.853210
v -88.552841 -38.568466 -148.372009
v -88.478958 -38.642353 -184.708603
v -88.478958 -38.642353 -180.216614
v -88.478699 -38.642609 -184.709412
v -88.478699 -38.642609 -180.215805
v -88.478439 -38.642868 -184.710236
v -88.478439 -38.642868 -180.214981
v -88.478180 -38.643127 -184.711044
v -88.478180 -38.643127 -180.214172
v -88.288849 -41.832458 -207.518646
v -88.288849 -41.832458 -202.899841
v -88.288849 -41.832458 -189.318634
v -88.288849 -41.832458 -184.699844
v -88.288849 -41.832458 -180.218643
v -88.288849 -41.832458 -175.599838
v -88.288849 -41.832458 -162.018646
v -88.288849 -41.832458 -157.399841
v -88.286964 -41.834347 -189.317093
v -88.286964 -41.834347 -175.601379
v -88.285072 -41.836231 -216.618637
v -88.285072 -41.836231 -211.999832
v -88.285072 -41.836231 -198.418640
v -88.285072 -41.836231 -193.799835
v -88.285072 -41.836231 -189.318634
v -88.285072 -41.836231 -175.599838
v -88.285072 -41.836231 -171.118637
v -88.285072 -41.836231 -166.499832
v -88.285072 -41.836231 -152.918640
v -88.285072 -41.836231 -148.299835
v -88.203064 -38.918243 -206.363937
v -88.203064 -38.918243 -204.054535
v -88.203064 -38.918243 -188.163940
v -88.203064 -38.918243 -185.854538
v -88.203064 -38.918243 -179.063934
v -88.203064 -38.918243 -176.754532
v -88.203064 -38.918243 -160.863937
v -88.203064 -38.918243 -158.554535
v -88.199287 -38.922020 -215.463943
v -88.199287 -38.922020 -213.154541
v -88.199287 -38.922020 -197.263947
v -88.199287 -38.922020 -194.954544
v -88.199287 -38.922020 -169.963943
v -88.199287 -38.922020 -167.654541
v -88.199287 -38.922020 -151.763947
v -88.199287 -38.922020 -149.454544
v -87.846909 -42.274399 -210.917313
v -87.846909 -42.274399 -208.607910
v -87.846909 -42.274399 -201.817307
v -87.846909 -42.274399 -199.507904
v -87.846909 -42.274399 -183.617310
v -87.846909 -42.274399 -181.307907
v -87.846909 -42.274399 -165.417313
v -87.846909 -42.274399 -163.107910
v -87.846909 -42.274399 -156.317307
v -87.846909 -42.274399 -154.007904
v -87.843132 -42.278175 -218.532013
v -87.843132 -42.278175 -217.707901
v -87.843132 -42.278175 -192.717300
v -87.843132 -42.278175 -190.407898
v -87.843132 -42.278175 -174.517303
v -87.843132 -42.278175 -172.207901
v -87.843132 -42.278175 -147.217300
v -87.843132 -42.278175 -146.467987
v -87.184013 -39.937298 -210.951279
v -87.183449 -39.937859 -210.951843
v -87.182884 -39.938423 -210.952408
v -87.182320 -39.938988 -210.952988
v -87.175552 -39.945759 -153.980835
v -87.174988 -39.946323 -153.980270
v -87.174416 -39.946888 -153.979706
v -87.173851 -39.947453 -153.979141
v -87.142403 -39.978905 -210.917313
v -87.142403 -39.978905 -208.607910
v -87.142403 -39.978905 -183.617310
v -87.142403 -39.978905 -181.307907
v -87.142403 -39.978905 -156.317307
v -87.142403 -39.978905 -154.007904
v -87.138626 -39.982681 -218.532013
v -87.138626 -39.982681 -217.707901
v -87.138626 -39.982681 -201.817307
v -87.138626 -39.982681 -199.507904
v -87.138626 -39.982681 -192.717300
v -87.138626 -39.982681 -190.407898
v -87.138626 -39.982681 -174.517303
v -87.138626 -39.982681 -172.207901
v -87.138626 -39.982681 -165.417313
v -87.138626 -39.982681 -163.107910
v -87.138626 -39.982681 -147.217300
v -87.138626 -39.982681 -146.467987
v -86.874634 -43.246670 -206.363937
v -86.874634 -43.246670 -204.054535
v -86.874634 -43.246670 -187.926361
v -86.874634 -43.246670 -185.854538
v -86.874634 -43.246670 -179.063934
v -86.874634 -43.246670 -176.998840
v -86.874634 -43.246670 -160.863937
v -86.874634 -43.246670 -158.554535
v -86.873375 -43.247929 -187.926575
v -86.873375 -43.247929 -176.998642
v -86.872116 -43.249187 -187.926773
v -86.872116 -43.249187 -176.998444
v -86.870857 -43.250446 -215.463943
v -86.870857 -43.250446 -213.154541
v -86.870857 -43.250446 -197.263947
v -86.870857 -43.250446 -194.954544
v -86.870857 -43.250446 -188.163940
v -86.870857 -43.250446 -187.926987
v -86.870857 -43.250446 -176.998230
v -86.870857 -43.250446 -176.754532
v -86.870857 -43.250446 -169.963943
v -86.870857 -43.250446 -167.654541
v -86.870857 -43.250446 -151.763947
v -86.870857 -43.250446 -149.454544
v -86.788849 -40.332458 -207.518646
v -86.788849 -40.332458 -202.899841
v -86.788849 -40.332458 -189.318634
v -86.788849 -40.332458 -184.699844
v -86.788849 -40.332458 -180.218643
v -86.788849 -40.332458 -175.599838
v -86.788849 -40.332458 -162.018646
v -86.788849 -40.332458 -157.399841
v -86.786964 -40.334347 -189.317093
v -86.786964 -40.334347 -175.601379
v -86.785072 -40.336231 -216.618637
v -86.785072 -40.336231 -211.999832
v -86.785072 -40.336231 -198.418640
v -86.785072 -40.336231 -193.799835
v -86.785072 -40.336231 -189.318634
v -86.785072 -40.336231 -175.599838
v -86.785072 -40.336231 -171.118637
v -86.785072 -40.336231 -166.499832
v -86.785072 -40.336231 -152.918640
v -86.785072 -40.336231 -148.299835
v -86.432693 -43.688614 -212.072006
v -86.432693 -43.688614 -207.453201
v -86.432693 -43.688614 -202.972000
v -86.432693 -43.688614 -198.353210
v -86.432693 -43.688614 -184.772003
v -86.432693 -43.688614 -180.153198
v -86.432693 -43.688614 -166.572006
v -86.432693 -43.688614 -161.953201
v -86.432693 -43.688614 -157.472000
v -86.432693 -43.688614 -152.853210
v -86.430809 -43.690502 -198.354752
v -86.430809 -43.690502 -166.570465
v -86.430809 -43.690502 -161.954742
v -86.428917 -43.692387 -216.553207
v -86.428917 -43.692387 -198.353210
v -86.428917 -43.692387 -193.872009
v -86.428917 -43.692387 -189.253204
v -86.428917 -43.692387 -175.672012
v -86.428917 -43.692387 -171.053207
v -86.428917 -43.692387 -166.572006
v -86.428917 -43.692387 -161.953201
v -86.428917 -43.692387 -148.372009
v -86.350685 -40.778175 -165.417313
v -86.350685 -40.778175 -163.107910
v -86.346909 -40.781948 -165.417313
v -86.346909 -40.781948 -163.107910
v -86.346909 -40.774399 -210.917313
v -86.346909 -40.774399 -208.607910
v -86.346909 -40.774399 -201.817307
v -86.346909 -40.774399 -199.507904
v -86.346909 -40.774399 -183.617310
v -86.346909 -40.774399 -181.307907
v -86.346909 -40.774399 -156.317307
v -86.346909 -40.774399 -154.007904
v -86.343132 -40.778175 -218.532013
v -86.343132 -40.778175 -217.707901
v -86.343132 -40.778175 -192.717300
v -86.343132 -40.778175 -190.407898
v -86.343132 -40.778175 -174.517303
v -86.343132 -40.778175 -172.207901
v -86.343132 -40.778175 -165.417313
v -86.343132 -40.778175 -163.107910
v -86.343132 -40.778175 -147.217300
v -86.343132 -40.778175 -146.467987
v -86.020218 -44.101093 -206.363937
v -86.020218 -44.101093 -204.054535
v -86.020218 -44.101093 -188.163940
v -86.020218 -44.101093 -185.854538
v -86.020218 -44.101093 -179.063934
v -86.020218 -44.101093 -176.754532
v -86.020218 -44.101093 -160.863937
v -86.020218 -44.101093 -158.554535
v -86.016441 -44.104866 -215.463943
v -86.016441 -44.104866 -213.154541
v -86.016441 -44.104866 -197.263947
v -86.016441 -44.104866 -194.954544
v -86.016441 -44.104866 -169.963943
v -86.016441 -44.104866 -167.654541
v -86.016441 -44.104866 -151.763947
v -86.016441 -44.104866 -149.454544
v -85.374634 -41.746670 -206.363937
v -85.374634 -41.746670 -204.054535
v -85.374634 -41.746670 -187.926361
v -85.374634 -41.746670 -185.854538
v -85.374634 -41.746670 -179.063934
v -85.374634 -41.746670 -176.998840
v -85.374634 -41.746670 -160.863937
v -85.374634 -41.746670 -158.554535
v -85.373375 -41.747929 -187.926575
v -85.373375 -41.747929 -176.998642
v -85.372116 -41.749187 -187.926773
v -85.372116 -41.749187 -176.998444
v -85.370857 -41.750446 -215.463943
v -85.370857 -41.750446 -213.154541
v -85.370857 -41.750446 -197.263947
v -85.370857 -41.750446 -194.954544
v -85.370857 -41.750446 -188.163940
v -85.370857 -41.750446 -187.926987
v -85.370857 -41.750446 -176.998230
v -85.370857 -41.750446 -176.754532
v -85.370857 -41.750446 -169.963943
v -85.370857 -41.750446 -167.654541
v -85.370857 -41.750446 -151.763947
v -85.370857 -41.750446 -149.454544
v -85.018478 -45.102825 -210.917313
v -85.018478 -45.102825 -208.607910
v -85.018478 -45.102825 -201.817307
v -85.018478 -45.102825 -201.344757
v -85.018478 -45.102825 -183.617310
v -85.018478 -45.102825 -181.307907
v -85.018478 -45.102825 -156.317307
v -85.018478 -45.102825 -154.007904
v -85.017220 -45.104084 -201.345444
v -85.015961 -45.105343 -201.346130
v -85.014702 -45.106602 -218.532013
v -85.014702 -45.106602 -217.707901
v -85.014702 -45.106602 -201.346832
v -85.014702 -45.106602 -199.507904
v -85.014702 -45.106602 -192.717300
v -85.014702 -45.106602 -190.407898
v -85.014702 -45.106602 -174.517303
v -85.014702 -45.106602 -172.207901
v -85.014702 -45.106602 -165.417313
v -85.014702 -45.106602 -163.107910
v -85.014702 -45.106602 -147.217300
v -85.014702 -45.106602 -146.467987
v -84.936470 -42.192387 -166.572006
v -84.936470 -42.192387 -161.953201
v -84.934586 -42.194275 -166.570465
v -84.934586 -42.194275 -161.954742
v -84.932693 -42.188614 -212.072006
v -84.932693 -42.188614 -207.453201
v -84.932693 -42.188614 -202.972000
v -84.932693 -42.188614 -198.353210
v -84.932693 -42.188614 -184.772003
v -84.932693 -42.188614 -180.153198
v -84.932693 -42.188614 -157.472000
v -84.932693 -42.188614 -152.853210
v -84.930809 -42.190502 -198.354752
v -84.928917 -42.192387 -216.553207
v -84.928917 -42.192387 -198.353210
v -84.928917 -42.192387 -193.872009
v -84.928917 -42.192387 -189.253204
v -84.928917 -42.192387 -175.672012
v -84.928917 -42.192387 -171.053207
v -84.928917 -42.192387 -166.572006
v -84.928917 -42.192387 -161.953201
v -84.928917 -42.192387 -148.372009
v -84.631706 -59.631733 -144.762726
v -84.631706 -59.631733 -144.667984
v -84.631706 -59.518459 -144.762726
v -84.631706 -59.518459 -144.667984
v -84.606003 -45.515305 -207.518646
v -84.606003 -45.515305 -202.899841
v -84.606003 -45.515305 -189.318634
v -84.606003 -45.515305 -184.699844
v -84.606003 -45.515305 -180.218643
v -84.606003 -45.515305 -175.599838
v -84.606003 -45.515305 -162.018646
v -84.606003 -45.515305 -157.399841
v -84.604111 -45.517193 -189.317093
v -84.604111 -45.517193 -175.601379
v -84.602226 -45.519081 -216.618637
v -84.602226 -45.519081 -211.999832
v -84.602226 -45.519081 -198.418640
v -84.602226 -45.519081 -193.799835
v -84.602226 -45.519081 -189.318634
v -84.602226 -45.519081 -175.599838
v -84.602226 -45.519081 -171.118637
v -84.602226 -45.519081 -166.499832
v -84.602226 -45.519081 -152.918640
v -84.602226 -45.519081 -148.299835
v -84.520218 -42.601093 -206.363937
v -84.520218 -42.601093 -204.054535
v -84.520218 -42.601093 -188.163940
v -84.520218 -42.601093 -185.854538
v -84.520218 -42.601093 -179.063934
v -84.520218 -42.601093 -176.754532
v -84.520218 -42.601093 -160.863937
v -84.520218 -42.601093 -158.554535
v -84.516441 -42.604866 -215.463943
v -84.516441 -42.604866 -213.154541
v -84.516441 -42.604866 -197.263947
v -84.516441 -42.604866 -194.954544
v -84.516441 -42.604866 -169.963943
v -84.516441 -42.604866 -167.654541
v -84.516441 -42.604866 -151.763947
v -84.516441 -42.604866 -149.454544
v -84.164062 -45.957249 -210.917313
v -84.164062 -45.957249 -208.607910
v -84.164062 -45.957249 -183.617310
v -84.164062 -45.957249 -181.307907
v -84.164062 -45.957249 -156.317307
v -84.164062 -45.957249 -154.007904
v -84.160286 -45.961021 -218.532013
v -84.160286 -45.961021 -217.707901
v -84.160286 -45.961021 -201.817307
v -84.160286 -45.961021 -199.507904
v -84.160286 -45.961021 -192.717300
v -84.160286 -45.961021 -190.407898
v -84.160286 -45.961021 -174.517303
v -84.160286 -45.961021 -172.207901
v -84.160286 -45.961021 -165.417313
v -84.160286 -45.961021 -163.107910
v -84.160286 -45.961021 -147.217300
v -84.160286 -45.961021 -146.467987
v -83.877098 -46.243755 -162.876862
v -83.877098 -46.243755 -161.423676
v -83.877098 -46.243755 -157.994797
v -83.877098 -46.243755 -156.551422
v -83.877098 -46.243755 -153.773788
v -83.877098 -46.243755 -152.326767
v -83.877098 -46.243755 -151.185257
v -83.847046 -46.273808 -150.775146
v -83.758171 -46.362686 -150.382462
v -83.651215 -46.469643 -163.228745
v -83.614243 -46.506615 -150.023895
v -83.518478 -43.602825 -210.917313
v -83.518478 -43.602825 -208.607910
v -83.518478 -43.602825 -201.817307
v -83.518478 -43.602825 -201.344757
v -83.518478 -43.602825 -183.617310
v -83.518478 -43.602825 -181.307907
v -83.518478 -43.602825 -156.317307
v -83.518478 -43.602825 -154.007904
v -83.517220 -43.604084 -201.345444
v -83.515961 -43.605343 -201.346130
v -83.514702 -43.606602 -218.532013
v -83.514702 -43.606602 -217.707901
v -83.514702 -43.606602 -201.346832
v -83.514702 -43.606602 -199.507904
v -83.514702 -43.606602 -192.717300
v -83.514702 -43.606602 -190.407898
v -83.514702 -43.606602 -174.517303
v -83.514702 -43.606602 -172.207901
v -83.514702 -43.606602 -165.417313
v -83.514702 -43.606602 -163.107910
v -83.514702 -43.606602 -147.217300
v -83.514702 -43.606602 -146.467987
v -83.421379 -46.699474 -149.714691
v -83.373001 -46.747856 -163.495300
v -83.316132 -46.805176 -179.165466
v -83.315750 -46.805553 -179.166183
v -83.315376 -46.805935 -179.166901
v -83.314995 -46.806313 -179.167618
v -83.313644 -46.807663 -185.755035
v -83.313263 -46.808041 -185.754318
v -83.312889 -46.808422 -185.753601
v -83.312508 -46.808800 -185.752884
v -83.191788 -46.929520 -206.363937
v -83.191788 -46.929520 -204.054535
v -83.191788 -46.929520 -160.863937
v -83.191788 -46.929520 -158.554535
v -83.191559 -46.929291 -160.863937
v -83.191559 -46.929291 -158.554535
v -83.188011 -46.933292 -215.463943
v -83.188011 -46.933292 -213.154541
v -83.188011 -46.933292 -197.263947
v -83.188011 -46.933292 -194.954544
v -83.188011 -46.933292 -188.163940
v -83.188011 -46.933292 -185.854538
v -83.188011 -46.933292 -179.063934
v -83.188011 -46.933292 -176.754532
v -83.188011 -46.933292 -169.963943
v -83.188011 -46.933292 -167.654541
v -83.188011 -46.933292 -151.763947
v -83.188011 -46.933292 -149.454544
v -83.187790 -46.933067 -151.763947
v -83.187790 -46.933067 -149.467987
v -83.106003 -44.015305 -207.518646
v -83.106003 -44.015305 -202.899841
v -83.106003 -44.015305 -189.318634
v -83.106003 -44.015305 -184.699844
v -83.106003 -44.015305 -180.218643
v -83.106003 -44.015305 -175.599838
v -83.106003 -44.015305 -162.018646
v -83.106003 -44.015305 -157.399841
v -83.104111 -44.017193 -189.317093
v -83.104111 -44.017193 -175.601379
v -83.102226 -44.019081 -216.618637
v -83.102226 -44.019081 -211.999832
v -83.102226 -44.019081 -198.418640
v -83.102226 -44.019081 -193.799835
v -83.102226 -44.019081 -189.318634
v -83.102226 -44.019081 -175.599838
v -83.102226 -44.019081 -171.118637
v -83.102226 -44.019081 -166.499832
v -83.102226 -44.019081 -152.918640
v -83.102226 -44.019081 -148.299835
v -83.058167 -47.062687 -163.661514
v -82.958084 -47.163223 -162.126312
v -82.958084 -47.163223 -157.301987
v -82.958084 -47.163223 -153.023224
v -82.958084 -47.163223 -150.767975
v -82.957634 -47.163223 -162.417664
v -82.957634 -47.163223 -162.126129
v -82.957634 -47.163223 -157.302170
v -82.957634 -47.163223 -153.023041
v -82.749847 -47.371460 -212.072006
v -82.749847 -47.371460 -207.453201
v -82.749847 -47.371460 -184.772003
v -82.749847 -47.371460 -180.153198
v -82.747955 -47.373348 -212.070465
v -82.747955 -47.373348 -184.770462
v -82.747955 -47.373348 -180.154739
v -82.746071 -47.375237 -216.553207
v -82.746071 -47.375237 -212.072006
v -82.746071 -47.375237 -202.972000
v -82.746071 -47.375237 -198.353210
v -82.746071 -47.375237 -193.872009
v -82.746071 -47.375237 -189.253204
v -82.746071 -47.375237 -184.772003
v -82.746071 -47.375237 -180.153198
v -82.746071 -47.375237 -175.672012
v -82.746071 -47.375237 -171.053207
v -82.746071 -47.375237 -166.572006
v -82.746071 -47.375237 -148.372009
v -82.724495 -47.396358 -163.717987
v -82.664062 -44.457249 -210.917313
v -82.664062 -44.457249 -208.607910
v -82.664062 -44.457249 -183.617310
v -82.664062 -44.457249 -181.307907
v -82.664062 -44.457249 -156.317307
v -82.664062 -44.457249 -154.007904
v -82.660286 -44.461021 -218.532013
v -82.660286 -44.461021 -217.707901
v -82.660286 -44.461021 -201.817307
v -82.660286 -44.461021 -199.507904
v -82.660286 -44.461021 -192.717300
v -82.660286 -44.461021 -190.407898
v -82.660286 -44.461021 -174.517303
v -82.660286 -44.461021 -172.207901
v -82.660286 -44.461021 -165.417313
v -82.660286 -44.461021 -163.107910
v -82.660286 -44.461021 -147.217300
v -82.660286 -44.461021 -146.467987
v -82.617149 -47.504158 -207.561554
v -82.617020 -47.504292 -207.560638
v -82.616882 -47.504421 -207.559708
v -82.616753 -47.504551 -207.558792
v -82.591873 -61.671574 -220.332016
v -82.591873 -61.671574 -218.532013
v -82.591873 -61.671574 -146.467987
v -82.591873 -61.671574 -144.667984
v -82.377327 -44.743984 -162.876862
v -82.377327 -44.743984 -161.423676
v -82.377327 -44.743984 -157.994797
v -82.377327 -44.743984 -156.551422
v -82.377327 -44.743984 -153.773788
v -82.377327 -44.743984 -152.326767
v -82.377327 -44.743984 -151.185257
v -82.347275 -44.774036 -150.775146
v -82.333595 -47.787716 -215.463943
v -82.333595 -47.787716 -213.154541
v -82.333595 -47.787716 -206.363937
v -82.333595 -47.787716 -204.054535
v -82.333595 -47.787716 -197.263947
v -82.333595 -47.787716 -194.954544
v -82.333595 -47.787716 -188.163940
v -82.333595 -47.787716 -185.854538
v -82.333595 -47.787716 -179.063934
v -82.333595 -47.787716 -176.754532
v -82.333595 -47.787716 -169.963943
v -82.333595 -47.787716 -167.654541
v -82.333595 -47.787716 -150.767975
v -82.333595 -47.787716 -149.454544
v -82.333366 -47.787487 -150.767975
v -82.333366 -47.787487 -149.467987
v -82.258392 -44.862911 -150.382462
v -82.177002 -47.943851 -162.417664
v -82.176842 -47.944469 -162.417984
v -82.151436 -44.969868 -163.228745
v -82.114464 -45.006840 -150.023895
v -81.968140 -47.163223 -161.717987
v -81.968140 -47.163223 -151.467987
v -81.921608 -45.199699 -149.714691
v -81.873222 -45.248081 -163.495300
v -81.838615 -47.292740 -151.467987
v -81.838394 -47.292515 -151.467987
v -81.816132 -45.305176 -179.165466
v -81.815750 -45.305553 -179.166183
v -81.815376 -45.305935 -179.166901
v -81.814995 -45.306313 -179.167618
v -81.814003 -62.371964 -220.332016
v -81.814003 -62.371964 -218.532013
v -81.814003 -62.371964 -146.467987
v -81.814003 -62.371964 -144.667984
v -81.813644 -45.307663 -185.755035
v -81.813263 -45.308041 -185.754318
v -81.812889 -45.308422 -185.753601
v -81.812508 -45.308800 -185.752884
v -81.691788 -45.429520 -206.363937
v -81.691788 -45.429520 -204.054535
v -81.688011 -45.433292 -215.463943
v -81.688011 -45.433292 -213.154541
v -81.688011 -45.433292 -197.263947
v -81.688011 -45.433292 -194.954544
v -81.688011 -45.433292 -188.163940
v -81.688011 -45.433292 -185.854538
v -81.688011 -45.433292 -179.063934
v -81.688011 -45.433292 -176.754532
v -81.688011 -45.433292 -169.963943
v -81.688011 -45.433292 -167.654541
v -81.688011 -45.433292 -149.467987
v -81.688011 -45.433292 -149.454544
v -81.558395 -45.562912 -163.661514
v -81.331856 -48.789448 -218.532013
v -81.331856 -48.789448 -217.707901
v -81.331856 -48.789448 -210.917313
v -81.331856 -48.789448 -208.607910
v -81.331856 -48.789448 -201.817307
v -81.331856 -48.789448 -199.507904
v -81.331856 -48.789448 -192.717300
v -81.331856 -48.789448 -190.407898
v -81.331856 -48.789448 -183.617310
v -81.331856 -48.789448 -181.307907
v -81.331856 -48.789448 -174.517303
v -81.331856 -48.789448 -172.207901
v -81.331856 -48.789448 -165.417313
v -81.331856 -48.789448 -163.107910
v -81.331856 -48.789448 -147.217300
v -81.331856 -48.789448 -146.467987
v -81.331635 -48.789223 -163.717987
v -81.331635 -48.789223 -163.107910
v -81.249847 -45.871460 -212.072006
v -81.249847 -45.871460 -207.453201
v -81.249847 -45.871460 -184.772003
v -81.249847 -45.871460 -180.153198
v -81.247955 -45.873348 -212.070465
v -81.247955 -45.873348 -184.770462
v -81.247955 -45.873348 -180.154739
v -81.246071 -45.875237 -216.553207
v -81.246071 -45.875237 -212.072006
v -81.246071 -45.875237 -202.972000
v -81.246071 -45.875237 -198.353210
v -81.246071 -45.875237 -193.872009
v -81.246071 -45.875237 -189.253204
v -81.246071 -45.875237 -184.772003
v -81.246071 -45.875237 -180.153198
v -81.246071 -45.875237 -175.672012
v -81.246071 -45.875237 -171.053207
v -81.246071 -45.875237 -166.572006
v -81.246071 -45.875237 -148.372009
v -81.224724 -45.896584 -163.717987
v -81.117149 -46.004158 -207.561554
v -81.117020 -46.004292 -207.560638
v -81.116882 -46.004421 -207.559708
v -81.116753 -46.004551 -207.558792
v -80.967194 -62.987209 -220.332016
v -80.967194 -62.987209 -218.532013
v -80.967194 -62.987209 -146.467987
v -80.967194 -62.987209 -144.667984
v -80.963112 -46.158195 -161.717987
v -80.963112 -46.158195 -151.467987
v -80.919380 -49.201927 -216.618637
v -80.919380 -49.201927 -211.999832
v -80.919380 -49.201927 -207.518646
v -80.919380 -49.201927 -202.899841
v -80.919380 -49.201927 -198.418640
v -80.919380 -49.201927 -193.799835
v -80.919380 -49.201927 -189.318634
v -80.919380 -49.201927 -184.699844
v -80.919380 -49.201927 -180.218643
v -80.919380 -49.201927 -175.599838
v -80.919380 -49.201927 -171.118637
v -80.919380 -49.201927 -166.499832
v -80.919380 -49.201927 -148.299835
v -80.833595 -46.287716 -215.463943
v -80.833595 -46.287716 -213.154541
v -80.833595 -46.287716 -206.363937
v -80.833595 -46.287716 -204.054535
v -80.833595 -46.287716 -197.263947
v -80.833595 -46.287716 -194.954544
v -80.833595 -46.287716 -188.163940
v -80.833595 -46.287716 -185.854538
v -80.833595 -46.287716 -179.063934
v -80.833595 -46.287716 -176.754532
v -80.833595 -46.287716 -169.963943
v -80.833595 -46.287716 -167.654541
v -80.833595 -46.287716 -149.467987
v -80.833595 -46.287716 -149.454544
v -80.477440 -49.643871 -218.532013
v -80.477440 -49.643871 -217.707901
v -80.477440 -49.643871 -210.917313
v -80.477440 -49.643871 -208.607910
v -80.477440 -49.643871 -201.817307
v -80.477440 -49.643871 -199.507904
v -80.477440 -49.643871 -192.717300
v -80.477440 -49.643871 -190.407898
v -80.477440 -49.643871 -183.617310
v -80.477440 -49.643871 -181.307907
v -80.477440 -49.643871 -174.517303
v -80.477440 -49.643871 -172.207901
v -80.477440 -49.643871 -165.417313
v -80.477440 -49.643871 -163.107910
v -80.477440 -49.643871 -147.217300
v -80.477440 -49.643871 -146.467987
v -80.477211 -49.643642 -163.717987
v -80.477211 -49.643642 -163.107910
v -80.175720 -49.945133 -163.632477
v -80.129433 -49.991875 -162.417984
v -80.129433 -49.991875 -161.717987
v -80.129433 -49.991421 -161.717987
v -80.129433 -49.991421 -159.767975
v -80.129433 -49.001926 -161.717987
v -80.129433 -49.001472 -161.717987
v -80.129433 -49.001472 -159.067978
v -80.060707 -63.510571 -220.332016
v -80.060707 -63.510571 -218.532013
v -80.060707 -63.510571 -146.467987
v -80.060707 -63.510571 -144.667984
v -79.894424 -50.226429 -163.456833
v -79.831856 -47.289448 -218.532013
v -79.831856 -47.289448 -217.707901
v -79.831856 -47.289448 -210.917313
v -79.831856 -47.289448 -208.607910
v -79.831856 -47.289448 -201.817307
v -79.831856 -47.289448 -199.507904
v -79.831856 -47.289448 -192.717300
v -79.831856 -47.289448 -190.407898
v -79.831856 -47.289448 -183.617310
v -79.831856 -47.289448 -181.307907
v -79.831856 -47.289448 -174.517303
v -79.831856 -47.289448 -172.207901
v -79.831856 -47.289448 -165.417313
v -79.831856 -47.289448 -163.717987
v -79.831856 -47.289448 -147.217300
v -79.831856 -47.289448 -146.467987
v -79.646622 -50.474232 -163.199356
v -79.505165 -50.616142 -215.463943
v -79.505165 -50.616142 -213.154541
v -79.505165 -50.616142 -206.363937
v -79.505165 -50.616142 -204.054535
v -79.505165 -50.616142 -197.263947
v -79.505165 -50.616142 -194.954544
v -79.505165 -50.616142 -188.163940
v -79.505165 -50.616142 -185.854538
v -79.505165 -50.616142 -179.063934
v -79.505165 -50.616142 -176.754532
v -79.505165 -50.616142 -169.963943
v -79.505165 -50.616142 -167.654541
v -79.505165 -50.616142 -150.767975
v -79.505165 -50.616142 -149.454544
v -79.504936 -50.615917 -150.767975
v -79.504936 -50.615917 -149.467987
v -79.444031 -50.676826 -162.872223
v -79.419380 -47.701927 -216.618637
v -79.419380 -47.701927 -211.999832
v -79.419380 -47.701927 -207.518646
v -79.419380 -47.701927 -202.899841
v -79.419380 -47.701927 -198.418640
v -79.419380 -47.701927 -193.799835
v -79.419380 -47.701927 -189.318634
v -79.419380 -47.701927 -184.699844
v -79.419380 -47.701927 -180.218643
v -79.419380 -47.701927 -175.599838
v -79.419380 -47.701927 -171.118637
v -79.419380 -47.701927 -166.499832
v -79.419380 -47.701927 -148.299835
v -79.296227 -50.824631 -162.490891
v -79.210419 -50.910889 -161.717987
v -79.210419 -50.910889 -161.067978
v -79.210190 -50.910660 -162.073395
v -79.210190 -50.910660 -161.717987
v -79.210190 -50.910660 -161.067978
v -79.124634 -47.996674 -161.717987
v -79.124634 -47.996674 -159.067978
v -79.104485 -63.936310 -220.332016
v -79.104485 -63.936310 -218.532013
v -79.104485 -63.936310 -146.467987
v -79.104485 -63.936310 -144.667984
v -79.063225 -51.058083 -216.553207
v -79.063225 -51.058083 -212.072006
v -79.063225 -51.058083 -207.453201
v -79.063225 -51.058083 -202.972000
v -79.063225 -51.058083 -198.353210
v -79.063225 -51.058083 -193.872009
v -79.063225 -51.058083 -189.253204
v -79.063225 -51.058083 -184.772003
v -79.063225 -51.058083 -180.153198
v -79.063225 -51.058083 -175.672012
v -79.063225 -51.058083 -171.053207
v -79.063225 -51.058083 -166.572006
v -79.063225 -51.058083 -161.953201
v -79.063225 -51.058083 -148.372009
v -79.010193 -50.121166 -151.467987
v -79.009964 -50.120941 -151.467987
v -78.977440 -48.143871 -218.532013
v -78.977440 -48.143871 -217.707901
v -78.977440 -48.143871 -210.917313
v -78.977440 -48.143871 -208.607910
v -78.977440 -48.143871 -201.817307
v -78.977440 -48.143871 -199.507904
v -78.977440 -48.143871 -192.717300
v -78.977440 -48.143871 -190.407898
v -78.977440 -48.143871 -183.617310
v -78.977440 -48.143871 -181.307907
v -78.977440 -48.143871 -174.517303
v -78.977440 -48.143871 -172.207901
v -78.977440 -48.143871 -165.417313
v -78.977440 -48.143871 -163.717987
v -78.977440 -48.143871 -147.217300
v -78.977440 -48.143871 -146.467987
v -78.675949 -48.445362 -163.632477
v -78.654518 -51.466789 -206.363937
v -78.654518 -51.466789 -204.054535
v -78.654518 -51.466789 -188.163940
v -78.654518 -51.466789 -185.854538
v -78.654518 -51.466789 -179.063934
v -78.654518 -51.466789 -176.754532
v -78.654297 -51.466560 -160.863937
v -78.651459 -51.469391 -160.866257
v -78.650742 -51.470562 -215.463943
v -78.650742 -51.470562 -213.154541
v -78.650742 -51.470562 -197.263947
v -78.650742 -51.470562 -194.954544
v -78.650742 -51.470562 -169.963943
v -78.650742 -51.470562 -167.654541
v -78.650742 -51.470562 -150.767975
v -78.650742 -51.470562 -149.454544
v -78.650520 -51.470337 -160.863937
v -78.650520 -51.470337 -150.768295
v -78.650520 -51.470337 -149.467987
v -78.404617 -51.716686 -161.067978
v -78.404396 -51.716461 -161.067978
v -78.401566 -51.719292 -161.070297
v -78.400620 -51.720234 -161.067978
v -78.394653 -48.726658 -163.456833
v -78.359100 -51.761757 -149.552063
v -78.291183 -51.830128 -158.257874
v -78.291183 -51.830128 -156.841644
v -78.291183 -51.830128 -153.483582
v -78.291183 -51.830128 -152.057526
v -78.291183 -51.829674 -159.767975
v -78.291183 -51.829674 -158.258057
v -78.291183 -51.829674 -152.057343
v -78.291183 -51.829674 -150.768295
v -78.291183 -51.111000 -158.554535
v -78.291183 -51.109112 -158.552231
v -78.291183 -51.103447 -158.554535
v -78.291183 -50.840176 -159.068298
v -78.291183 -50.840176 -157.245789
v -78.291183 -50.840176 -153.079437
v -78.291183 -50.840176 -151.467987
v -78.290955 -51.829899 -156.841644
v -78.290955 -51.829899 -153.483582
v -78.290955 -50.839951 -159.067978
v -78.290955 -50.839951 -157.245789
v -78.290955 -50.839951 -153.079437
v -78.146851 -48.974461 -163.199356
v -78.118179 -52.002678 -160.906662
v -78.108994 -64.259766 -220.332016
v -78.108994 -64.259766 -218.532013
v -78.108994 -64.259766 -146.467987
v -78.108994 -64.259766 -144.667984
v -78.086555 -52.034298 -149.720474
v -78.005165 -49.116142 -215.463943
v -78.005165 -49.116142 -213.154541
v -78.005165 -49.116142 -206.363937
v -78.005165 -49.116142 -204.054535
v -78.005165 -49.116142 -197.263947
v -78.005165 -49.116142 -194.954544
v -78.005165 -49.116142 -188.163940
v -78.005165 -49.116142 -185.854538
v -78.005165 -49.116142 -179.063934
v -78.005165 -49.116142 -176.754532
v -78.005165 -49.116142 -169.963943
v -78.005165 -49.116142 -167.654541
v -78.005165 -49.116142 -149.467987
v -78.005165 -49.116142 -149.454544
v -77.944252 -49.177052 -162.872223
v -77.866714 -52.254139 -160.663544
v -77.844948 -52.275909 -149.965775
v -77.796448 -49.324856 -162.490891
v -77.710419 -49.410889 -162.073395
v -77.657898 -52.462955 -160.349915
v -77.656845 -60.285534 -220.332016
v -77.656845 -60.285534 -218.532013
v -77.656845 -60.285534 -146.467987
v -77.656845 -60.285534 -144.667984
v -77.649010 -52.472298 -218.532013
v -77.649010 -52.472298 -217.707901
v -77.649010 -52.472298 -210.917313
v -77.649010 -52.472298 -208.607910
v -77.649010 -52.472298 -201.817307
v -77.649010 -52.472298 -199.507904
v -77.649010 -52.472298 -192.717300
v -77.649010 -52.472298 -190.407898
v -77.649010 -52.472298 -183.617310
v -77.649010 -52.472298 -181.307907
v -77.649010 -52.472298 -174.517303
v -77.649010 -52.472298 -172.207901
v -77.649010 -52.472298 -165.417313
v -77.649010 -52.472298 -163.107910
v -77.649010 -52.472298 -156.317307
v -77.649010 -52.472298 -154.007904
v -77.649010 -52.472298 -147.217300
v -77.649010 -52.472298 -146.467987
v -77.648781 -52.472073 -156.317307
v -77.648781 -52.472073 -154.007904
v -77.644958 -52.475895 -150.277115
v -77.631287 -60.479649 -220.332016
v -77.631287 -60.479649 -218.532013
v -77.631287 -60.479649 -146.467987
v -77.631287 -60.479649 -144.667984
v -77.631287 -60.091419 -220.332016
v -77.631287 -60.091419 -218.532013
v -77.631287 -60.091419 -146.467987
v -77.631287 -60.091419 -144.667984
v -77.563225 -49.558083 -216.553207
v -77.563225 -49.558083 -212.072006
v -77.563225 -49.558083 -207.453201
v -77.563225 -49.558083 -202.972000
v -77.563225 -49.558083 -198.353210
v -77.563225 -49.558083 -193.872009
v -77.563225 -49.558083 -189.253204
v -77.563225 -49.558083 -184.772003
v -77.563225 -49.558083 -180.153198
v -77.563225 -49.558083 -175.672012
v -77.563225 -49.558083 -171.053207
v -77.563225 -49.558083 -166.572006
v -77.563225 -49.558083 -161.953201
v -77.563225 -49.558083 -148.372009
v -77.556358 -60.660534 -220.332016
v -77.556358 -60.660534 -218.532013
v -77.556358 -60.660534 -146.467987
v -77.556358 -60.660534 -144.667984
v -77.556358 -59.910534 -220.332016
v -77.556358 -59.910534 -218.532013
v -77.556358 -59.910534 -146.467987
v -77.556358 -59.910534 -144.667984
v -77.501411 -52.619442 -159.980331
v -77.495438 -52.625420 -150.640717
v -77.437172 -60.815865 -220.332016
v -77.437172 -60.815865 -218.532013
v -77.437172 -60.815865 -146.467987
v -77.437172 -60.815865 -144.667984
v -77.437172 -59.755203 -220.332016
v -77.437172 -59.755203 -218.532013
v -77.437172 -59.755203 -146.467987
v -77.437172 -59.755203 -144.667984
v -77.404518 -52.716335 -159.571915
v -77.402992 -52.717865 -151.040497
v -77.372658 -52.748196 -157.508087
v -77.371712 -52.749138 -159.143646
v -77.371712 -52.749138 -157.510406
v -77.371712 -52.749138 -152.808075
v -77.371712 -52.749138 -151.458786
v -77.286156 -49.835152 -159.067978
v -77.286156 -49.835152 -151.467987
v -77.281845 -60.935055 -220.332016
v -77.281845 -60.935055 -218.532013
v -77.281845 -60.935055 -146.467987
v -77.281845 -60.935055 -144.667984
v -77.281845 -59.636013 -220.332016
v -77.281845 -59.636013 -218.532013
v -77.281845 -59.636013 -146.467987
v -77.281845 -59.636013 -144.667984
v -77.240303 -52.881001 -207.518646
v -77.240303 -52.881001 -202.899841
v -77.240303 -52.881001 -189.318634
v -77.240303 -52.881001 -184.699844
v -77.240303 -52.881001 -180.218643
v -77.240303 -52.881001 -175.599838
v -77.240303 -52.881001 -162.018646
v -77.240303 -52.881001 -157.399841
v -77.238419 -52.882889 -207.517105
v -77.238419 -52.882889 -202.901382
v -77.238419 -52.882889 -189.317093
v -77.238419 -52.882889 -184.701385
v -77.238419 -52.882889 -180.217102
v -77.238419 -52.882889 -175.601379
v -77.238419 -52.882889 -162.017105
v -77.238419 -52.882889 -157.401382
v -77.236534 -52.884777 -216.618637
v -77.236534 -52.884777 -211.999832
v -77.236534 -52.884777 -207.518646
v -77.236534 -52.884777 -202.899841
v -77.236534 -52.884777 -198.418640
v -77.236534 -52.884777 -193.799835
v -77.236534 -52.884777 -189.318634
v -77.236534 -52.884777 -184.699844
v -77.236534 -52.884777 -180.218643
v -77.236534 -52.884777 -175.599838
v -77.236534 -52.884777 -171.118637
v -77.236534 -52.884777 -166.499832
v -77.236534 -52.884777 -162.018646
v -77.236534 -52.884777 -157.399841
v -77.236534 -52.884777 -152.918640
v -77.236534 -52.884777 -148.299835
v -77.158295 -49.970562 -206.363937
v -77.158295 -49.970562 -204.054535
v -77.158295 -49.970562 -188.163940
v -77.158295 -49.970562 -185.854538
v -77.158295 -49.970562 -179.063934
v -77.158295 -49.970562 -176.754532
v -77.158295 -49.970562 -160.863937
v -77.158295 -49.970562 -158.554535
v -77.155464 -49.973392 -160.866257
v -77.155464 -49.973392 -158.552231
v -77.154518 -49.974339 -206.363937
v -77.154518 -49.974339 -204.054535
v -77.154518 -49.974339 -188.163940
v -77.154518 -49.974339 -185.854538
v -77.154518 -49.974339 -179.063934
v -77.154518 -49.974339 -176.754532
v -77.154518 -49.974339 -160.863937
v -77.154518 -49.974339 -158.554535
v -77.150742 -49.970562 -215.463943
v -77.150742 -49.970562 -213.154541
v -77.150742 -49.970562 -206.363937
v -77.150742 -49.970562 -204.054535
v -77.150742 -49.970562 -197.263947
v -77.150742 -49.970562 -194.954544
v -77.150742 -49.970562 -188.163940
v -77.150742 -49.970562 -185.854538
v -77.150742 -49.970562 -179.063934
v -77.150742 -49.970562 -176.754532
v -77.150742 -49.970562 -169.963943
v -77.150742 -49.970562 -167.654541
v -77.150742 -49.970562 -149.467987
v -77.150742 -49.970562 -149.454544
v -77.100952 -61.009979 -220.332016
v -77.100952 -61.009979 -218.532013
v -77.100952 -61.009979 -146.467987
v -77.100952 -61.009979 -144.667984
v -77.100952 -59.561089 -220.332016
v -77.100952 -59.561089 -218.532013
v -77.100952 -59.561089 -146.467987
v -77.100952 -59.561089 -144.667984
v -77.085144 -64.477386 -220.332016
v -77.085144 -64.477386 -218.532013
v -77.085144 -64.477386 -146.467987
v -77.085144 -64.477386 -144.667984
v -76.906845 -61.035534 -220.332016
v -76.906845 -61.035534 -218.532013
v -76.906845 -61.035534 -146.467987
v -76.906845 -61.035534 -144.667984
v -76.906845 -59.535534 -220.332016
v -76.906845 -59.535534 -218.532013
v -76.906845 -59.535534 -146.467987
v -76.906845 -59.535534 -144.667984
v -76.905563 -50.223293 -161.070297
v -76.904617 -50.224236 -161.067978
v -76.900848 -50.220463 -161.067978
v -76.859322 -50.261986 -149.552063
v -76.798363 -53.322945 -210.917313
v -76.798363 -53.322945 -208.607910
v -76.798363 -53.322945 -192.717300
v -76.798363 -53.322945 -190.407898
v -76.798363 -53.322945 -183.617310
v -76.798363 -53.322945 -181.307907
v -76.798363 -53.322945 -174.517303
v -76.798363 -53.322945 -172.207901
v -76.798363 -53.322945 -156.317307
v -76.798363 -53.322945 -154.007904
v -76.794586 -53.326717 -218.532013
v -76.794586 -53.326717 -217.707901
v -76.794586 -53.326717 -201.817307
v -76.794586 -53.326717 -199.507904
v -76.794586 -53.326717 -165.417313
v -76.794586 -53.326717 -163.107910
v -76.794586 -53.326717 -147.217300
v -76.794586 -53.326717 -146.467987
v -76.712730 -61.009979 -220.332016
v -76.712730 -61.009979 -218.532013
v -76.712730 -61.009979 -146.467987
v -76.712730 -61.009979 -144.667984
v -76.712730 -59.561089 -220.332016
v -76.712730 -59.561089 -218.532013
v -76.712730 -59.561089 -146.467987
v -76.712730 -59.561089 -144.667984
v -76.622177 -50.506680 -160.906662
v -76.618401 -50.502903 -160.906662
v -76.586784 -50.534527 -149.720474
v -76.531845 -60.935055 -220.332016
v -76.531845 -60.935055 -218.532013
v -76.531845 -60.935055 -146.467987
v -76.531845 -60.935055 -144.667984
v -76.531845 -59.636013 -220.332016
v -76.531845 -59.636013 -218.532013
v -76.531845 -59.636013 -146.467987
v -76.531845 -59.636013 -144.667984
v -76.464211 -53.657101 -185.333527
v -76.464211 -53.657101 -185.330444
v -76.464211 -53.657101 -179.588043
v -76.464211 -53.657101 -179.584961
v -76.376511 -60.815865 -220.332016
v -76.376511 -60.815865 -218.532013
v -76.376511 -60.815865 -146.467987
v -76.376511 -60.815865 -144.667984
v -76.376511 -59.755203 -220.332016
v -76.376511 -59.755203 -218.532013
v -76.376511 -59.755203 -146.467987
v -76.376511 -59.755203 -144.667984
v -76.370720 -50.758141 -160.663544
v -76.366943 -50.754364 -160.663544
v -76.345169 -50.776134 -149.965775
v -76.257324 -60.660534 -220.332016
v -76.257324 -60.660534 -218.532013
v -76.257324 -60.660534 -146.467987
v -76.257324 -60.660534 -144.667984
v -76.257324 -59.910534 -220.332016
v -76.257324 -59.910534 -218.532013
v -76.257324 -59.910534 -146.467987
v -76.257324 -59.910534 -144.667984
v -76.182396 -60.479649 -220.332016
v -76.182396 -60.479649 -218.532013
v -76.182396 -60.479649 -146.467987
v -76.182396 -60.479649 -144.667984
v -76.182396 -60.091419 -220.332016
v -76.182396 -60.091419 -218.532013
v -76.182396 -60.091419 -146.467987
v -76.182396 -60.091419 -144.667984
v -76.161896 -50.966957 -160.349915
v -76.158127 -50.963184 -160.349915
v -76.156845 -60.285534 -220.332016
v -76.156845 -60.285534 -218.532013
v -76.156845 -60.285534 -146.467987
v -76.156845 -60.285534 -144.667984
v -76.149010 -50.972298 -218.532013
v -76.149010 -50.972298 -217.707901
v -76.149010 -50.972298 -210.917313
v -76.149010 -50.972298 -208.607910
v -76.149010 -50.972298 -201.817307
v -76.149010 -50.972298 -199.507904
v -76.149010 -50.972298 -192.717300
v -76.149010 -50.972298 -190.407898
v -76.149010 -50.972298 -183.617310
v -76.149010 -50.972298 -181.307907
v -76.149010 -50.972298 -174.517303
v -76.149010 -50.972298 -172.207901
v -76.149010 -50.972298 -165.417313
v -76.149010 -50.972298 -163.107910
v -76.149010 -50.972298 -147.217300
v -76.149010 -50.972298 -146.467987
v -76.145187 -50.976124 -150.277115
v -76.130196 -53.990658 -188.412430
v -76.128769 -53.992085 -188.414337
v -76.126846 -53.994011 -176.508789
v -76.125420 -53.995438 -176.506866
v -76.109428 -54.011879 -206.595276
v -76.109406 -54.011902 -206.596298
v -76.109390 -54.011921 -206.597305
v -76.109367 -54.011940 -206.598312
v -76.108963 -54.012344 -158.323578
v -76.108940 -54.012367 -158.322571
v -76.108917 -54.012390 -158.321564
v -76.108894 -54.012417 -158.320557
v -76.044159 -64.586800 -220.332016
v -76.044159 -64.586800 -218.532013
v -76.044159 -64.586800 -146.467987
v -76.044159 -64.586800 -144.667984
v -76.005417 -51.123444 -159.980331
v -76.001640 -51.119667 -159.980331
v -75.995659 -51.125645 -150.640717
v -75.908524 -51.220337 -159.571915
v -75.904747 -51.216560 -159.571915
v -75.903221 -51.218090 -151.040497
v -75.876663 -51.252197 -157.508087
v -75.875717 -51.253139 -159.143646
v -75.875717 -51.253139 -157.510406
v -75.871941 -51.249367 -159.143646
v -75.871941 -51.249367 -157.510406
v -75.871941 -51.249367 -152.808075
v -75.871941 -51.249367 -151.458786
v -75.826096 -54.295216 -206.363937
v -75.826096 -54.295216 -204.610214
v -75.826096 -54.295216 -187.962906
v -75.826096 -54.295216 -185.854538
v -75.826096 -54.295216 -179.063934
v -75.826096 -54.295216 -176.962906
v -75.826096 -54.295216 -160.330399
v -75.826096 -54.295216 -158.554535
v -75.825867 -54.294987 -188.163940
v -75.825867 -54.294987 -187.962906
v -75.825867 -54.294987 -176.962906
v -75.825867 -54.294987 -176.754532
v -75.824837 -54.296471 -204.606308
v -75.824837 -54.296471 -160.334305
v -75.823578 -54.297729 -204.602402
v -75.823578 -54.297729 -160.338211
v -75.822319 -54.298988 -215.463943
v -75.822319 -54.298988 -213.154541
v -75.822319 -54.298988 -204.598495
v -75.822319 -54.298988 -204.054535
v -75.822319 -54.298988 -197.263947
v -75.822319 -54.298988 -194.954544
v -75.822319 -54.298988 -188.163940
v -75.822319 -54.298988 -187.962906
v -75.822319 -54.298988 -176.962906
v -75.822319 -54.298988 -176.754532
v -75.822319 -54.298988 -169.963943
v -75.822319 -54.298988 -167.654541
v -75.822319 -54.298988 -160.863937
v -75.822319 -54.298988 -160.342117
v -75.822319 -54.298988 -151.763947
v -75.822319 -54.298988 -149.454544
v -75.822090 -54.298763 -188.163940
v -75.822090 -54.298763 -187.962906
v -75.822090 -54.298763 -176.962906
v -75.822090 -54.298763 -176.754532
v -75.744080 -51.384777 -207.518646
v -75.744080 -51.384777 -202.899841
v -75.744080 -51.384777 -189.318634
v -75.744080 -51.384777 -184.699844
v -75.744080 -51.384777 -180.218643
v -75.744080 -51.384777 -175.599838
v -75.744080 -51.384777 -162.018646
v -75.744080 -51.384777 -157.399841
v -75.742195 -51.386665 -207.517105
v -75.742195 -51.386665 -202.901382
v -75.742195 -51.386665 -189.317093
v -75.742195 -51.386665 -184.701385
v -75.742195 -51.386665 -180.217102
v -75.742195 -51.386665 -175.601379
v -75.742195 -51.386665 -162.017105
v -75.742195 -51.386665 -157.401382
v -75.736534 -51.384777 -216.618637
v -75.736534 -51.384777 -211.999832
v -75.736534 -51.384777 -207.518646
v -75.736534 -51.384777 -202.899841
v -75.736534 -51.384777 -198.418640
v -75.736534 -51.384777 -193.799835
v -75.736534 -51.384777 -189.318634
v -75.736534 -51.384777 -184.699844
v -75.736534 -51.384777 -180.218643
v -75.736534 -51.384777 -175.599838
v -75.736534 -51.384777 -171.118637
v -75.736534 -51.384777 -166.499832
v -75.736534 -51.384777 -162.018646
v -75.736534 -51.384777 -157.399841
v -75.736534 -51.384777 -152.918640
v -75.736534 -51.384777 -148.299835
v -75.384148 -54.737156 -212.072006
v -75.384148 -54.737156 -207.453201
v -75.384148 -54.737156 -193.872009
v -75.384148 -54.737156 -189.253204
v -75.384148 -54.737156 -184.772003
v -75.384148 -54.737156 -180.153198
v -75.384148 -54.737156 -175.672012
v -75.384148 -54.737156 -171.053207
v -75.384148 -54.737156 -157.472000
v -75.384148 -54.737156 -152.853210
v -75.382263 -54.739044 -212.070465
v -75.382263 -54.739044 -193.870468
v -75.382263 -54.739044 -189.254745
v -75.382263 -54.739044 -175.670471
v -75.382263 -54.739044 -171.054749
v -75.382263 -54.739044 -152.854752
v -75.382034 -54.738819 -189.254745
v -75.382034 -54.738819 -175.670471
v -75.380379 -54.740932 -216.553207
v -75.380379 -54.740932 -212.072006
v -75.380379 -54.740932 -202.972000
v -75.380379 -54.740932 -198.353210
v -75.380379 -54.740932 -193.872009
v -75.380379 -54.740932 -189.253204
v -75.380379 -54.740932 -175.672012
v -75.380379 -54.740932 -171.053207
v -75.380379 -54.740932 -166.572006
v -75.380379 -54.740932 -161.953201
v -75.380379 -54.740932 -152.853210
v -75.380379 -54.740932 -148.372009
v -75.380150 -54.740704 -189.253204
v -75.380150 -54.740704 -175.672012
v -75.302139 -51.826717 -174.517303
v -75.302139 -51.826717 -172.207901
v -75.298363 -51.830494 -174.517303
v -75.298363 -51.830494 -172.207901
v -75.298363 -51.822945 -210.917313
v -75.298363 -51.822945 -208.607910
v -75.298363 -51.822945 -192.717300
v -75.298363 -51.822945 -190.407898
v -75.298363 -51.822945 -183.617310
v -75.298363 -51.822945 -181.307907
v -75.298363 -51.822945 -156.317307
v -75.298363 -51.822945 -154.007904
v -75.294586 -51.826717 -218.532013
v -75.294586 -51.826717 -217.707901
v -75.294586 -51.826717 -201.817307
v -75.294586 -51.826717 -199.507904
v -75.294586 -51.826717 -174.517303
v -75.294586 -51.826717 -172.207901
v -75.294586 -51.826717 -165.417313
v -75.294586 -51.826717 -163.107910
v -75.294586 -51.826717 -147.217300
v -75.294586 -51.826717 -146.467987
v -74.997444 -64.586800 -220.332016
v -74.997444 -64.586800 -218.532013
v -74.997444 -64.586800 -146.467987
v -74.997444 -64.586800 -144.667984
v -74.971672 -55.149635 -206.363937
v -74.971672 -55.149635 -204.054535
v -74.971672 -55.149635 -187.962906
v -74.971672 -55.149635 -185.854538
v -74.971672 -55.149635 -179.063934
v -74.971672 -55.149635 -176.754532
v -74.971672 -55.149635 -160.863937
v -74.971672 -55.149635 -158.554535
v -74.967896 -55.153412 -215.463943
v -74.967896 -55.153412 -213.154541
v -74.967896 -55.153412 -197.263947
v -74.967896 -55.153412 -194.954544
v -74.967896 -55.153412 -188.163940
v -74.967896 -55.153412 -187.962906
v -74.967896 -55.153412 -169.963943
v -74.967896 -55.153412 -167.654541
v -74.967896 -55.153412 -151.763947
v -74.967896 -55.153412 -149.454544
v -74.964211 -52.157101 -185.333527
v -74.964211 -52.157101 -185.330444
v -74.964211 -52.157101 -179.588043
v -74.964211 -52.157101 -179.584961
v -74.630424 -52.490887 -188.412430
v -74.628998 -52.492310 -188.414337
v -74.627068 -52.494236 -176.508789
v -74.625648 -52.495663 -176.506866
v -74.609428 -52.511879 -206.595276
v -74.609406 -52.511902 -206.596298
v -74.609390 -52.511921 -206.597305
v -74.609367 -52.511940 -206.598312
v -74.608963 -52.512344 -158.323578
v -74.608940 -52.512367 -158.322571
v -74.608917 -52.512390 -158.321564
v -74.608894 -52.512417 -158.320557
v -74.326096 -52.795216 -206.363937
v -74.326096 -52.795216 -204.610214
v -74.326096 -52.795216 -188.163940
v -74.326096 -52.795216 -185.854538
v -74.326096 -52.795216 -179.063934
v -74.326096 -52.795216 -176.754532
v -74.326096 -52.795216 -160.330399
v -74.326096 -52.795216 -158.554535
v -74.324837 -52.796471 -204.606308
v -74.324837 -52.796471 -160.334305
v -74.323578 -52.797729 -204.602402
v -74.323578 -52.797729 -160.338211
v -74.322319 -52.798988 -215.463943
v -74.322319 -52.798988 -213.154541
v -74.322319 -52.798988 -204.598495
v -74.322319 -52.798988 -204.054535
v -74.322319 -52.798988 -197.263947
v -74.322319 -52.798988 -194.954544
v -74.322319 -52.798988 -169.963943
v -74.322319 -52.798988 -167.654541
v -74.322319 -52.798988 -160.863937
v -74.322319 -52.798988 -160.342117
v -74.322319 -52.798988 -151.763947
v -74.322319 -52.798988 -149.454544
v -73.969940 -56.151371 -210.722549
v -73.969940 -56.151371 -208.607910
v -73.969940 -56.151371 -183.617310
v -73.969940 -56.151371 -181.307907
v -73.969940 -56.151371 -156.317307
v -73.969940 -56.151371 -154.218063
v -73.969711 -56.151142 -191.322006
v -73.969711 -56.151142 -190.407898
v -73.969711 -56.151142 -174.517303
v -73.969711 -56.151142 -173.603210
v -73.968681 -56.152630 -210.723160
v -73.968681 -56.152630 -154.217453
v -73.967422 -56.153885 -210.723770
v -73.967422 -56.153885 -154.216843
v -73.966164 -56.155144 -218.532013
v -73.966164 -56.155144 -217.707901
v -73.966164 -56.155144 -210.917313
v -73.966164 -56.155144 -210.724396
v -73.966164 -56.155144 -201.817307
v -73.966164 -56.155144 -199.507904
v -73.966164 -56.155144 -192.717300
v -73.966164 -56.155144 -190.407898
v -73.966164 -56.155144 -174.517303
v -73.966164 -56.155144 -172.207901
v -73.966164 -56.155144 -165.417313
v -73.966164 -56.155144 -163.107910
v -73.966164 -56.155144 -154.216217
v -73.966164 -56.155144 -154.007904
v -73.966164 -56.155144 -147.217300
v -73.966164 -56.155144 -146.467987
v -73.965935 -56.154919 -191.327087
v -73.965935 -56.154919 -190.407898
v -73.965935 -56.154919 -174.517303
v -73.965935 -56.154919 -173.598129
v -73.962257 -53.166599 -175.608231
v -73.958488 -53.162823 -175.608231
v -73.956459 -64.477386 -220.332016
v -73.956459 -64.477386 -218.532013
v -73.956459 -64.477386 -146.467987
v -73.956459 -64.477386 -144.667984
v -73.887924 -53.240932 -175.672012
v -73.887924 -53.240932 -171.053207
v -73.886040 -53.242821 -171.054749
v -73.884148 -53.237156 -212.072006
v -73.884148 -53.237156 -207.453201
v -73.884148 -53.237156 -193.872009
v -73.884148 -53.237156 -189.253204
v -73.884148 -53.237156 -184.772003
v -73.884148 -53.237156 -180.153198
v -73.884148 -53.237156 -157.472000
v -73.884148 -53.237156 -152.853210
v -73.882263 -53.239044 -212.070465
v -73.882263 -53.239044 -193.870468
v -73.882263 -53.239044 -152.854752
v -73.880379 -53.240932 -216.553207
v -73.880379 -53.240932 -212.072006
v -73.880379 -53.240932 -202.972000
v -73.880379 -53.240932 -198.353210
v -73.880379 -53.240932 -193.872009
v -73.880379 -53.240932 -171.053207
v -73.880379 -53.240932 -166.572006
v -73.880379 -53.240932 -161.953201
v -73.880379 -53.240932 -152.853210
v -73.880379 -53.240932 -148.372009
v -73.557457 -56.563850 -207.518646
v -73.557457 -56.563850 -202.899841
v -73.557457 -56.563850 -184.699844
v -73.557457 -56.563850 -180.218643
v -73.557457 -56.563850 -175.599838
v -73.557457 -56.563850 -162.018646
v -73.557457 -56.563850 -157.399841
v -73.555573 -56.565735 -175.601379
v -73.555344 -56.565510 -175.601379
v -73.553680 -56.567623 -216.618637
v -73.553680 -56.567623 -211.999832
v -73.553680 -56.567623 -198.418640
v -73.553680 -56.567623 -193.799835
v -73.553680 -56.567623 -189.318634
v -73.553680 -56.567623 -175.599838
v -73.553680 -56.567623 -171.118637
v -73.553680 -56.567623 -166.499832
v -73.553680 -56.567623 -152.918640
v -73.553680 -56.567623 -148.299835
v -73.553459 -56.567398 -175.599838
v -73.471672 -53.649635 -206.363937
v -73.471672 -53.649635 -204.054535
v -73.471672 -53.649635 -187.962906
v -73.471672 -53.649635 -185.854538
v -73.471672 -53.649635 -179.063934
v -73.471672 -53.649635 -176.754532
v -73.471672 -53.649635 -160.863937
v -73.471672 -53.649635 -158.554535
v -73.467896 -53.653412 -215.463943
v -73.467896 -53.653412 -213.154541
v -73.467896 -53.653412 -197.263947
v -73.467896 -53.653412 -194.954544
v -73.467896 -53.653412 -188.163940
v -73.467896 -53.653412 -187.962906
v -73.467896 -53.653412 -169.963943
v -73.467896 -53.653412 -167.654541
v -73.467896 -53.653412 -151.763947
v -73.467896 -53.653412 -149.454544
v -73.115517 -57.005791 -210.917313
v -73.115517 -57.005791 -208.607910
v -73.115517 -57.005791 -201.817307
v -73.115517 -57.005791 -199.507904
v -73.115517 -57.005791 -192.717300
v -73.115517 -57.005791 -190.407898
v -73.115517 -57.005791 -183.617310
v -73.115517 -57.005791 -181.307907
v -73.115517 -57.005791 -174.517303
v -73.115517 -57.005791 -172.207901
v -73.115517 -57.005791 -165.417313
v -73.115517 -57.005791 -163.107910
v -73.115517 -57.005791 -156.317307
v -73.115517 -57.005791 -154.007904
v -73.111740 -57.009567 -218.532013
v -73.111740 -57.009567 -217.707901
v -73.111740 -57.009567 -147.217300
v -73.111740 -57.009567 -146.467987
v -72.932610 -64.259766 -220.332016
v -72.932610 -64.259766 -218.532013
v -72.932610 -64.259766 -146.467987
v -72.932610 -64.259766 -144.667984
v -72.473709 -54.655144 -174.517303
v -72.473709 -54.655144 -173.603210
v -72.469940 -54.651371 -210.722549
v -72.469940 -54.651371 -208.607910
v -72.469940 -54.651371 -191.322006
v -72.469940 -54.651371 -190.407898
v -72.469940 -54.651371 -183.617310
v -72.469940 -54.651371 -181.307907
v -72.469940 -54.651371 -156.317307
v -72.469940 -54.651371 -154.218063
v -72.468681 -54.652630 -210.723160
v -72.468681 -54.652630 -154.217453
v -72.467422 -54.653885 -210.723770
v -72.467422 -54.653885 -154.216843
v -72.466164 -54.655144 -218.532013
v -72.466164 -54.655144 -217.707901
v -72.466164 -54.655144 -210.917313
v -72.466164 -54.655144 -210.724396
v -72.466164 -54.655144 -201.817307
v -72.466164 -54.655144 -199.507904
v -72.466164 -54.655144 -192.717300
v -72.466164 -54.655144 -191.327087
v -72.466164 -54.655144 -173.598129
v -72.466164 -54.655144 -172.207901
v -72.466164 -54.655144 -165.417313
v -72.466164 -54.655144 -163.107910
v -72.466164 -54.655144 -154.216217
v -72.466164 -54.655144 -154.007904
v -72.466164 -54.655144 -147.217300
v -72.466164 -54.655144 -146.467987
v -72.252045 -57.869267 -204.162903
v -72.215408 -57.905903 -204.185196
v -72.179131 -57.942173 -204.208664
v -72.143242 -57.978062 -206.363937
v -72.143242 -57.978062 -204.233276
v -72.143242 -57.978062 -204.162903
v -72.143242 -57.978062 -204.054535
v -72.143242 -57.978062 -187.962906
v -72.143242 -57.978062 -185.854538
v -72.143242 -57.978062 -179.063934
v -72.143242 -57.978062 -176.962906
v -72.143242 -57.978062 -160.863937
v -72.143242 -57.978062 -158.554535
v -72.143021 -57.977837 -176.962906
v -72.143021 -57.977837 -176.754532
v -72.139473 -57.981838 -215.463943
v -72.139473 -57.981838 -213.154541
v -72.139473 -57.981838 -197.263947
v -72.139473 -57.981838 -194.954544
v -72.139473 -57.981838 -188.163940
v -72.139473 -57.981838 -187.962906
v -72.139473 -57.981838 -176.962906
v -72.139473 -57.981838 -176.754532
v -72.139473 -57.981838 -169.963943
v -72.139473 -57.981838 -167.654541
v -72.139473 -57.981838 -151.763947
v -72.139473 -57.981838 -149.454544
v -72.139244 -57.981609 -176.962906
v -72.139244 -57.981609 -176.754532
v -72.057457 -55.063850 -207.518646
v -72.057457 -55.063850 -202.899841
v -72.057457 -55.063850 -184.699844
v -72.057457 -55.063850 -180.218643
v -72.057457 -55.063850 -175.599838
v -72.057457 -55.063850 -162.018646
v -72.057457 -55.063850 -157.399841
v -72.053680 -55.067623 -216.618637
v -72.053680 -55.067623 -211.999832
v -72.053680 -55.067623 -198.418640
v -72.053680 -55.067623 -193.799835
v -72.053680 -55.067623 -189.318634
v -72.053680 -55.067623 -171.118637
v -72.053680 -55.067623 -166.499832
v -72.053680 -55.067623 -152.918640
v -72.053680 -55.067623 -148.299835
v -71.937126 -63.936310 -220.332016
v -71.937126 -63.936310 -218.532013
v -71.937126 -63.936310 -146.467987
v -71.937126 -63.936310 -144.667984
v -71.701302 -58.420006 -212.072006
v -71.701302 -58.420006 -207.453201
v -71.701302 -58.420006 -202.972000
v -71.701302 -58.420006 -198.353210
v -71.701302 -58.420006 -193.872009
v -71.701302 -58.420006 -189.253204
v -71.701302 -58.420006 -184.772003
v -71.701302 -58.420006 -180.153198
v -71.701302 -58.420006 -175.672012
v -71.701302 -58.420006 -171.053207
v -71.701302 -58.420006 -166.572006
v -71.701302 -58.420006 -161.953201
v -71.701302 -58.420006 -157.472000
v -71.701302 -58.420006 -152.853210
v -71.699417 -58.421890 -212.070465
v -71.699417 -58.421890 -198.354752
v -71.699417 -58.421890 -193.870468
v -71.699417 -58.421890 -189.254745
v -71.699417 -58.421890 -175.670471
v -71.699417 -58.421890 -171.054749
v -71.699417 -58.421890 -166.570465
v -71.699417 -58.421890 -152.854752
v -71.699188 -58.421665 -189.254745
v -71.699188 -58.421665 -175.670471
v -71.697525 -58.423779 -216.553207
v -71.697525 -58.423779 -212.072006
v -71.697525 -58.423779 -198.353210
v -71.697525 -58.423779 -193.872009
v -71.697525 -58.423779 -189.253204
v -71.697525 -58.423779 -175.672012
v -71.697525 -58.423779 -171.053207
v -71.697525 -58.423779 -166.572006
v -71.697525 -58.423779 -152.853210
v -71.697525 -58.423779 -148.372009
v -71.697304 -58.423553 -189.253204
v -71.697304 -58.423553 -175.672012
v -71.615517 -55.505791 -210.917313
v -71.615517 -55.505791 -208.607910
v -71.615517 -55.505791 -201.817307
v -71.615517 -55.505791 -199.507904
v -71.615517 -55.505791 -192.717300
v -71.615517 -55.505791 -190.407898
v -71.615517 -55.505791 -183.617310
v -71.615517 -55.505791 -181.307907
v -71.615517 -55.505791 -174.517303
v -71.615517 -55.505791 -172.207901
v -71.615517 -55.505791 -165.417313
v -71.615517 -55.505791 -163.107910
v -71.615517 -55.505791 -156.317307
v -71.615517 -55.505791 -154.007904
v -71.611740 -55.509567 -218.532013
v -71.611740 -55.509567 -217.707901
v -71.611740 -55.509567 -147.217300
v -71.611740 -55.509567 -146.467987
v -71.288826 -58.832481 -206.363937
v -71.288826 -58.832481 -204.054535
v -71.288826 -58.832481 -188.163940
v -71.288826 -58.832481 -185.854538
v -71.288826 -58.832481 -179.063934
v -71.288826 -58.832481 -176.754532
v -71.288826 -58.832481 -160.863937
v -71.288826 -58.832481 -158.554535
v -71.285049 -58.836258 -215.463943
v -71.285049 -58.836258 -213.154541
v -71.285049 -58.836258 -197.263947
v -71.285049 -58.836258 -194.954544
v -71.285049 -58.836258 -169.963943
v -71.285049 -58.836258 -167.654541
v -71.285049 -58.836258 -151.763947
v -71.285049 -58.836258 -149.454544
v -71.276077 -58.845230 -202.624817
v -71.275459 -58.845844 -202.625336
v -71.274849 -58.846458 -202.625870
v -71.274239 -58.847069 -202.626389
v -71.266907 -58.854401 -162.307892
v -71.266296 -58.855015 -162.307358
v -71.265686 -58.855625 -162.306839
v -71.265076 -58.856236 -162.306305
v -70.980896 -63.510571 -220.332016
v -70.980896 -63.510571 -218.532013
v -70.980896 -63.510571 -146.467987
v -70.980896 -63.510571 -144.667984
v -70.860718 -59.260136 -174.985855
v -70.860588 -59.260269 -189.939468
v -70.859291 -59.261559 -174.987778
v -70.859161 -59.261692 -189.937546
v -70.752045 -56.369267 -204.162903
v -70.715408 -56.405903 -204.185196
v -70.679131 -56.442173 -204.208664
v -70.643242 -56.478062 -206.363937
v -70.643242 -56.478062 -204.233276
v -70.643242 -56.478062 -204.162903
v -70.643242 -56.478062 -204.054535
v -70.643242 -56.478062 -187.962906
v -70.643242 -56.478062 -185.854538
v -70.643242 -56.478062 -179.063934
v -70.643242 -56.478062 -176.754532
v -70.643242 -56.478062 -160.863937
v -70.643242 -56.478062 -158.554535
v -70.639473 -56.481838 -215.463943
v -70.639473 -56.481838 -213.154541
v -70.639473 -56.481838 -197.263947
v -70.639473 -56.481838 -194.954544
v -70.639473 -56.481838 -188.163940
v -70.639473 -56.481838 -187.962906
v -70.639473 -56.481838 -169.963943
v -70.639473 -56.481838 -167.654541
v -70.639473 -56.481838 -151.763947
v -70.639473 -56.481838 -149.454544
v -70.287086 -59.834217 -208.979111
v -70.287086 -59.834217 -208.607910
v -70.287086 -59.834217 -183.617310
v -70.287086 -59.834217 -181.307907
v -70.287086 -59.834217 -156.317307
v -70.287086 -59.834217 -155.961502
v -70.285828 -59.835476 -208.976456
v -70.285828 -59.835476 -155.964157
v -70.284569 -59.836735 -208.973785
v -70.284569 -59.836735 -155.966812
v -70.283318 -59.837994 -218.532013
v -70.283318 -59.837994 -217.707901
v -70.283318 -59.837994 -210.917313
v -70.283318 -59.837994 -208.971130
v -70.283318 -59.837994 -201.817307
v -70.283318 -59.837994 -199.507904
v -70.283318 -59.837994 -192.717300
v -70.283318 -59.837994 -190.407898
v -70.283318 -59.837994 -174.517303
v -70.283318 -59.837994 -172.207901
v -70.283318 -59.837994 -165.417313
v -70.283318 -59.837994 -163.107910
v -70.283318 -59.837994 -155.969482
v -70.283318 -59.837994 -154.007904
v -70.283318 -59.837994 -147.217300
v -70.283318 -59.837994 -146.467987
v -70.201302 -56.920006 -212.072006
v -70.201302 -56.920006 -207.453201
v -70.201302 -56.920006 -202.972000
v -70.201302 -56.920006 -198.353210
v -70.201302 -56.920006 -193.872009
v -70.201302 -56.920006 -189.253204
v -70.201302 -56.920006 -184.772003
v -70.201302 -56.920006 -180.153198
v -70.201302 -56.920006 -175.672012
v -70.201302 -56.920006 -171.053207
v -70.201302 -56.920006 -166.572006
v -70.201302 -56.920006 -161.953201
v -70.201302 -56.920006 -157.472000
v -70.201302 -56.920006 -152.853210
v -70.199417 -56.921890 -212.070465
v -70.199417 -56.921890 -198.354752
v -70.199417 -56.921890 -193.870468
v -70.199417 -56.921890 -171.054749
v -70.199417 -56.921890 -166.570465
v -70.199417 -56.921890 -152.854752
v -70.197525 -56.923779 -216.553207
v -70.197525 -56.923779 -212.072006
v -70.197525 -56.923779 -198.353210
v -70.197525 -56.923779 -193.872009
v -70.197525 -56.923779 -171.053207
v -70.197525 -56.923779 -166.572006
v -70.197525 -56.923779 -152.853210
v -70.197525 -56.923779 -148.372009
v -70.074409 -62.987209 -220.332016
v -70.074409 -62.987209 -218.532013
v -70.074409 -62.987209 -146.467987
v -70.074409 -62.987209 -144.667984
v -69.874611 -60.246696 -207.518646
v -69.874611 -60.246696 -202.899841
v -69.874611 -60.246696 -189.318634
v -69.874611 -60.246696 -184.699844
v -69.874611 -60.246696 -180.218643
v -69.874611 -60.246696 -175.599838
v -69.874611 -60.246696 -162.018646
v -69.874611 -60.246696 -157.399841
v -69.872726 -60.248585 -202.901382
v -69.872726 -60.248585 -189.317093
v -69.872726 -60.248585 -175.601379
v -69.872726 -60.248585 -162.017105
v -69.870834 -60.250473 -216.618637
v -69.870834 -60.250473 -211.999832
v -69.870834 -60.250473 -202.899841
v -69.870834 -60.250473 -198.418640
v -69.870834 -60.250473 -193.799835
v -69.870834 -60.250473 -189.318634
v -69.870834 -60.250473 -175.599838
v -69.870834 -60.250473 -171.118637
v -69.870834 -60.250473 -166.499832
v -69.870834 -60.250473 -162.018646
v -69.870834 -60.250473 -152.918640
v -69.870834 -60.250473 -148.299835
v -69.832726 -60.288578 -157.430954
v -69.832527 -60.288776 -157.432144
v -69.832329 -60.288979 -157.433334
v -69.832130 -60.289177 -157.434525
v -69.828491 -60.292820 -207.484070
v -69.828293 -60.293011 -207.482880
v -69.828102 -60.293205 -207.481689
v -69.827911 -60.293400 -207.480515
v -69.788826 -57.332481 -206.363937
v -69.788826 -57.332481 -204.054535
v -69.788826 -57.332481 -188.163940
v -69.788826 -57.332481 -185.854538
v -69.788826 -57.332481 -179.063934
v -69.788826 -57.332481 -176.754532
v -69.788826 -57.332481 -160.863937
v -69.788826 -57.332481 -158.554535
v -69.785049 -57.336258 -215.463943
v -69.785049 -57.336258 -213.154541
v -69.785049 -57.336258 -197.263947
v -69.785049 -57.336258 -194.954544
v -69.785049 -57.336258 -169.963943
v -69.785049 -57.336258 -167.654541
v -69.785049 -57.336258 -151.763947
v -69.785049 -57.336258 -149.454544
v -69.776077 -57.345230 -202.624817
v -69.775459 -57.345844 -202.625336
v -69.774849 -57.346458 -202.625870
v -69.774239 -57.347069 -202.626389
v -69.766907 -57.354401 -162.307892
v -69.766296 -57.355015 -162.307358
v -69.765686 -57.355625 -162.306839
v -69.765076 -57.356236 -162.306305
v -69.428894 -60.692413 -218.532013
v -69.428894 -60.692413 -217.707901
v -69.428894 -60.692413 -210.917313
v -69.428894 -60.692413 -208.607910
v -69.428894 -60.692413 -201.817307
v -69.428894 -60.692413 -199.507904
v -69.428894 -60.692413 -192.717300
v -69.428894 -60.692413 -190.407898
v -69.428894 -60.692413 -174.517303
v -69.428894 -60.692413 -172.207901
v -69.428894 -60.692413 -165.417313
v -69.428894 -60.692413 -163.107910
v -69.428894 -60.692413 -156.317307
v -69.428894 -60.692413 -154.007904
v -69.428894 -60.692413 -147.217300
v -69.428894 -60.692413 -146.467987
v -69.396912 -60.724392 -183.646500
v -69.396912 -60.724392 -181.278717
v -69.393143 -60.728168 -185.092957
v -69.393143 -60.728168 -185.089874
v -69.393143 -60.728168 -179.828598
v -69.393143 -60.728168 -179.825516
v -69.360947 -57.760361 -174.985855
v -69.360817 -57.760494 -189.939468
v -69.359520 -57.761787 -174.987778
v -69.359390 -57.761917 -189.937546
v -69.227600 -62.371964 -220.332016
v -69.227600 -62.371964 -218.532013
v -69.227600 -62.371964 -146.467987
v -69.227600 -62.371964 -144.667984
v -68.787086 -58.334217 -208.979111
v -68.787086 -58.334217 -208.607910
v -68.787086 -58.334217 -183.617310
v -68.787086 -58.334217 -181.307907
v -68.787086 -58.334217 -156.317307
v -68.787086 -58.334217 -155.961502
v -68.785828 -58.335476 -208.976456
v -68.785828 -58.335476 -155.964157
v -68.784569 -58.336735 -208.973785
v -68.784569 -58.336735 -155.966812
v -68.783318 -58.337994 -218.532013
v -68.783318 -58.337994 -217.707901
v -68.783318 -58.337994 -210.917313
v -68.783318 -58.337994 -208.971130
v -68.783318 -58.337994 -201.817307
v -68.783318 -58.337994 -199.507904
v -68.783318 -58.337994 -192.717300
v -68.783318 -58.337994 -190.407898
v -68.783318 -58.337994 -174.517303
v -68.783318 -58.337994 -172.207901
v -68.783318 -58.337994 -165.417313
v -68.783318 -58.337994 -163.107910
v -68.783318 -58.337994 -155.969482
v -68.783318 -58.337994 -154.007904
v -68.783318 -58.337994 -147.217300
v -68.783318 -58.337994 -146.467987
v -68.456619 -61.664684 -215.463943
v -68.456619 -61.664684 -213.154541
v -68.456619 -61.664684 -206.363937
v -68.456619 -61.664684 -204.054535
v -68.456619 -61.664684 -197.263947
v -68.456619 -61.664684 -194.954544
v -68.456619 -61.664684 -188.163940
v -68.456619 -61.664684 -185.854538
v -68.456619 -61.664684 -179.063934
v -68.456619 -61.664684 -176.754532
v -68.456619 -61.664684 -169.963943
v -68.456619 -61.664684 -167.654541
v -68.456619 -61.664684 -160.863937
v -68.456619 -61.664684 -158.554535
v -68.456619 -61.664684 -151.763947
v -68.456619 -61.664684 -149.454544
v -68.453506 -61.667797 -184.416794
v -68.453506 -61.667797 -184.413712
v -68.453506 -61.667797 -180.511505
v -68.453506 -61.667797 -180.508423
v -68.449738 -61.671574 -220.332016
v -68.449738 -61.671574 -218.532013
v -68.449738 -61.671574 -216.908432
v -68.449738 -61.671574 -211.716782
v -68.449738 -61.671574 -207.808426
v -68.449738 -61.671574 -202.616791
v -68.449738 -61.671574 -198.708420
v -68.449738 -61.671574 -193.516785
v -68.449738 -61.671574 -189.608429
v -68.449738 -61.671574 -184.416794
v -68.449738 -61.671574 -180.508423
v -68.449738 -61.671574 -175.316788
v -68.449738 -61.671574 -171.408432
v -68.449738 -61.671574 -166.216782
v -68.449738 -61.671574 -162.308426
v -68.449738 -61.671574 -157.116791
v -68.449738 -61.671574 -153.208420
v -68.449738 -61.671574 -148.016785
v -68.449738 -61.671574 -146.467987
v -68.449738 -61.671574 -144.667984
v -68.374611 -58.746696 -207.518646
v -68.374611 -58.746696 -202.899841
v -68.374611 -58.746696 -189.318634
v -68.374611 -58.746696 -184.699844
v -68.374611 -58.746696 -180.218643
v -68.374611 -58.746696 -175.599838
v -68.374611 -58.746696 -162.018646
v -68.374611 -58.746696 -157.399841
v -68.372726 -58.748585 -202.901382
v -68.372726 -58.748585 -189.317093
v -68.372726 -58.748585 -175.601379
v -68.372726 -58.748585 -162.017105
v -68.370834 -58.750473 -216.618637
v -68.370834 -58.750473 -211.999832
v -68.370834 -58.750473 -202.899841
v -68.370834 -58.750473 -198.418640
v -68.370834 -58.750473 -193.799835
v -68.370834 -58.750473 -189.318634
v -68.370834 -58.750473 -175.599838
v -68.370834 -58.750473 -171.118637
v -68.370834 -58.750473 -166.499832
v -68.370834 -58.750473 -162.018646
v -68.370834 -58.750473 -152.918640
v -68.370834 -58.750473 -148.299835
v -68.332726 -58.788578 -157.430954
v -68.332527 -58.788776 -157.432144
v -68.332329 -58.788979 -157.433334
v -68.332130 -58.789177 -157.434525
v -68.328491 -58.792820 -207.484070
v -68.328293 -58.793011 -207.482880
v -68.328102 -58.793205 -207.481689
v -68.327911 -58.793400 -207.480515
v -67.928894 -59.192413 -218.532013
v -67.928894 -59.192413 -217.707901
v -67.928894 -59.192413 -210.917313
v -67.928894 -59.192413 -208.607910
v -67.928894 -59.192413 -201.817307
v -67.928894 -59.192413 -199.507904
v -67.928894 -59.192413 -192.717300
v -67.928894 -59.192413 -190.407898
v -67.928894 -59.192413 -174.517303
v -67.928894 -59.192413 -172.207901
v -67.928894 -59.192413 -165.417313
v -67.928894 -59.192413 -163.107910
v -67.928894 -59.192413 -156.317307
v -67.928894 -59.192413 -154.007904
v -67.928894 -59.192413 -147.217300
v -67.928894 -59.192413 -146.467987
v -67.900688 -59.228168 -183.646500
v -67.900688 -59.228168 -181.278717
v -67.896912 -59.231941 -183.646500
v -67.896912 -59.231941 -181.278717
v -67.893143 -59.228168 -185.092957
v -67.893143 -59.228168 -185.089874
v -67.893143 -59.228168 -183.646500
v -67.893143 -59.228168 -181.278717
v -67.893143 -59.228168 -179.828598
v -67.893143 -59.228168 -179.825516
v -66.957283 -60.171574 -184.416794
v -66.957283 -60.171574 -184.413712
v -66.957283 -60.171574 -180.511505
v -66.957283 -60.171574 -180.508423
v -66.956619 -60.164684 -215.463943
v -66.956619 -60.164684 -213.154541
v -66.956619 -60.164684 -206.363937
v -66.956619 -60.164684 -204.054535
v -66.956619 -60.164684 -197.263947
v -66.956619 -60.164684 -194.954544
v -66.956619 -60.164684 -188.163940
v -66.956619 -60.164684 -185.854538
v -66.956619 -60.164684 -179.063934
v -66.956619 -60.164684 -176.754532
v -66.956619 -60.164684 -169.963943
v -66.956619 -60.164684 -167.654541
v -66.956619 -60.164684 -160.863937
v -66.956619 -60.164684 -158.554535
v -66.956619 -60.164684 -151.763947
v -66.956619 -60.164684 -149.454544
v -66.949738 -60.171574 -218.532013
v -66.949738 -60.171574 -216.908432
v -66.949738 -60.171574 -211.716782
v -66.949738 -60.171574 -207.808426
v -66.949738 -60.171574 -202.616791
v -66.949738 -60.171574 -198.708420
v -66.949738 -60.171574 -193.516785
v -66.949738 -60.171574 -189.608429
v -66.949738 -60.171574 -184.416794
v -66.949738 -60.171574 -180.508423
v -66.949738 -60.171574 -175.316788
v -66.949738 -60.171574 -171.408432
v -66.949738 -60.171574 -166.216782
v -66.949738 -60.171574 -162.308426
v -66.949738 -60.171574 -157.116791
v -66.949738 -60.171574 -153.208420
v -66.949738 -60.171574 -148.016785
v -66.949738 -60.171574 -146.467987
v -66.121307 -64.000000 -222.737015
v -66.121307 -64.000000 -142.262726
v -66.121307 -63.828426 -222.737015
v -66.121307 -63.828426 -142.262726
v -65.535522 -61.585785 -220.737015
v -65.535522 -61.585785 -144.262726
v -64.121307 -66.000000 -220.737015
v -64.121307 -66.000000 -144.262726
v -64.121307 -65.000000 -220.737015
v -64.121307 -65.000000 -144.262726
vn -1.000000 -0.000000 0.000000
vn -1.000000 0.000000 0.000000
vn -1.000000 0.000000 0.000000
vn -1.000000 -0.000000 0.000000
vn -1.000000 0.000000 0.000000
vn -0.499999 -0.499999 0.707108
vn -0.499999 -0.500000 0.707108
vn -0.505747 -0.496812 0.705265
vn -0.499999 -0.500001 0.707107
vn 0.000000 0.000000 1.000000
vn 0.000000 -0.000000 1.000000
vn -0.707106 -0.707107 -0.000006
vn -0.707110 -0.707104 0.000007
vn -0.707108 -0.707106 0.000005
vn -0.707110 -0.707104 0.000000
vn -0.707110 -0.707104 0.000000
vn -0.707110 -0.707104 0.000000
vn -0.707107 -0.707107 0.000002
vn -0.707107 -0.707107 0.000002
vn -0.707110 -0.707104 0.000000
vn -0.707107 -0.707106 -0.000002
vn -0.707106 -0.707107 -0.000001
vn -0.707108 -0.707105 0.000001
vn -0.707108 -0.707106 0.000002
vn -0.707108 -0.707106 0.000002
vn -0.706749 -0.707464 0.000275
vn -0.706747 -0.707462 -0.002625
vn -0.707108 -0.707105 -0.000000
vn -0.707108 -0.707105 -0.000000
vn -0.707108 -0.707105 -0.000001
vn -0.707107 -0.707107 0.000000
vn -0.707107 -0.707107 0.000000
vn -0.707107 -0.707107 -0.000000
vn -0.707107 -0.707107 -0.000000
vn -0.707106 -0.707108 -0.000000
vn -0.707108 -0.707106 -0.000002
vn -0.707110 -0.707104 0.000000
vn -0.707107 -0.707107 0.000002
vn -0.707107 -0.707107 0.000002
vn -0.707110 -0.707104 0.000000
vn -0.707107 -0.707106 -0.000002
vn -0.707106 -0.707107 -0.000001
vn -0.707107 -0.707107 0.000000
vn -0.707107 -0.707107 0.000000
vn -0.707107 -0.707107 0.000000
vn -0.707107 -0.707107 0.000000
vn -0.707106 -0.707107 -0.000001
vn -0.707108 -0.707106 -0.000002
vn -0.707108 -0.707105 -0.000001
vn -0.707108 -0.707106 -0.000001
vn -0.707109 -0.707104 -0.000000
vn -0.707107 -0.707107 0.000000
vn -0.707106 -0.707107 -0.000000
vn -0.707107 -0.707107 -0.000000
vn -0.707109 -0.707104 0.000000
vn -0.707108 -0.707106 0.000001
vn -0.707108 -0.707105 0.000001
vn -0.707108 -0.707106 0.000002
vn -0.707106 -0.707108 0.000001
vn -0.707107 -0.707107 0.000000
vn -0.707107 -0.707107 0.000000
vn -0.707106 -0.707108 -0.000001
vn -0.707110 -0.707104 -0.000000
vn -0.707110 -0.707104 -0.000000
vn -0.707110 -0.707104 -0.000000
vn -0.707107 -0.707107 0.000002
vn -0.707107 -0.707107 0.000002
vn -0.707113 -0.707101 -0.000000
vn -0.707109 -0.707105 0.000000
vn -0.707110 -0.707104 0.000001
vn -0.707113 -0.707101 0.000000
vn -0.707107 -0.707107 0.000002
vn -0.707107 -0.707107 0.000002
vn -0.707110 -0.707104 0.000000
vn -0.707108 -0.707106 -0.000002
vn -0.707106 -0.707107 -0.000001
vn -0.707108 -0.707105 0.000001
vn -0.707108 -0.707106 0.000002
vn -0.707108 -0.707106 0.000002
vn -0.707108 -0.707105 0.000001
vn -0.707106 -0.707107 -0.000001
vn -0.707108 -0.707106 -0.000002
vn -0.707107 -0.707107 -0.000002
vn -0.707105 -0.707108 -0.000001
vn -0.707107 -0.707107 0.000000
vn -0.707107 -0.707107 0.000000
vn -0.707107 -0.707107 0.000000
vn -0.707107 -0.707107 0.000000
vn -0.707107 -0.707107 0.000000
vn -0.707108 -0.707106 -0.000001
vn -0.707109 -0.707104 -0.000000
vn -0.707107 -0.707107 0.000000
vn -0.707107 -0.707107 -0.000000
vn -0.707106 -0.707107 -0.000000
vn -0.707106 -0.707107 -0.000000
vn -0.707110 -0.707104 0.000000
vn -0.707108 -0.707106 -0.000002
vn -0.707106 -0.707107 -0.000001
vn -0.707105 -0.707108 -0.000001
vn -0.707106 -0.707108 -0.000002
vn -0.707109 -0.707104 0.000001
vn -0.707105 -0.707108 0.000004
vn -0.707105 -0.707109 0.000003
vn -0.707109 -0.707105 -0.000001
vn -0.707107 -0.707107 -0.000002
vn -0.707105 -0.707108 -0.000001
vn -0.707105 -0.707108 -0.000001
vn -0.707107 -0.707107 -0.000003
vn -0.707109 -0.707105 -0.000001
vn -0.707105 -0.707109 0.000003
vn -0.707105 -0.707108 0.000004
vn -0.707109 -0.707104 0.000001
vn -0.707106 -0.707108 -0.000002
vn -0.707105 -0.707108 -0.000001
vn -0.707106 -0.707107 -0.000001
vn -0.707110 -0.707104 -0.000004
vn -0.707105 -0.707109 -0.000004
vn -0.707107 -0.707107 0.000000
vn -0.707105 -0.707108 -0.000000
vn -0.707105 -0.707108 -0.000000
vn -0.707107 -0.707107 0.000000
vn -0.707107 -0.707107 0.000000
vn -0.707107 -0.707107 -0.000002
vn -0.707105 -0.707108 -0.000001
vn -0.707105 -0.707108 -0.000001
vn -0.707107 -0.707107 -0.000002
vn -0.707108 -0.707106 -0.000002
vn -0.707105 -0.707109 0.000000
vn -0.707107 -0.707107 0.000000
vn -0.707107 -0.707107 0.000000
vn -0.707107 -0.707107 0.000002
vn -0.707821 -0.706391 -0.000542
vn -0.707821 -0.706391 0.000000
vn -0.707105 -0.707109 0.000000
vn -0.707104 -0.707109 -0.000000
vn -0.707106 -0.707108 0.000002
vn -0.707105 -0.707109 0.000003
vn -0.707105 -0.707108 0.000004
vn -0.707105 -0.707108 0.000004
vn -0.707105 -0.707108 0.000000
vn -0.706676 -0.707538 -0.000413
vn -0.708191 -0.706016 -0.002611
vn -0.707111 -0.707102 0.000000
vn -0.707111 -0.707102 0.000000
vn -0.707107 -0.707107 0.000000
vn -0.707107 -0.707107 0.000000
vn -0.707107 -0.707107 0.000000
vn -0.707107 -0.707107 0.000000
vn -0.707107 -0.707107 0.000002
vn -0.707109 -0.707105 0.000001
vn -0.707105 -0.707109 -0.000003
vn -0.707105 -0.707108 -0.000004
vn -0.707821 -0.706391 0.000539
vn -0.707106 -0.707108 0.000002
vn -0.707821 -0.706391 0.000000
vn -0.707106 -0.707108 0.000002
vn -0.707105 -0.707108 0.000001
vn -0.707107 -0.707107 0.000000
vn -0.707107 -0.707107 0.000000
vn -0.707107 -0.707107 0.000000
vn -0.707105 -0.707108 0.000000
vn -0.707105 -0.707108 0.000000
vn -0.707105 -0.707108 0.000004
vn -0.707109 -0.707105 0.000001
vn -0.707106 -0.707108 -0.000002
vn -0.707105 -0.707108 -0.000001
vn -0.707106 -0.707107 -0.000001
vn -0.707108 -0.707106 -0.000002
vn -0.707821 -0.706391 0.000000
vn -0.707824 -0.706388 0.000546
vn -0.707105 -0.707108 0.000001
vn -0.707105 -0.707108 0.000001
vn -0.707107 -0.707107 0.000002
vn -0.707109 -0.707105 0.000001
vn -0.707106 -0.707108 -0.000002
vn -0.707105 -0.707108 -0.000001
vn -0.706749 -0.707464 -0.000273
vn -0.707109 -0.707105 -0.000001
vn -0.707107 -0.707107 0.000000
vn -0.707107 -0.707107 0.000000
vn -0.707105 -0.707108 0.000001
vn -0.707105 -0.707108 -0.000001
vn -0.707106 -0.707108 -0.000002
vn -0.707109 -0.707105 0.000001
vn -0.707107 -0.707106 0.000001
vn -0.706033 -0.708179 -0.000001
vn -0.707107 -0.707107 -0.000000
vn -0.707107 -0.707107 0.000000
vn -0.706068 -0.708139 0.002615
vn -0.707070 -0.707144 0.000012
vn -0.707082 -0.707132 -0.000020
vn -0.707108 -0.707106 -0.000002
vn -0.707110 -0.707104 -0.000004
vn -0.707101 -0.707113 -0.000004
vn -0.707106 -0.707107 -0.000000
vn -0.707110 -0.707103 0.000004
vn -0.707110 -0.707104 0.000004
vn -0.707106 -0.707107 0.000001
vn -0.707105 -0.707108 0.000001
vn -0.707106 -0.707108 0.000002
vn -0.707107 -0.707106 0.000000
vn -0.707114 -0.707099 0.000004
vn -0.707107 -0.707107 0.000000
vn -0.707110 -0.707104 0.000004
vn -0.707106 -0.707107 0.000001
vn -0.707105 -0.707108 0.000001
vn -0.707107 -0.707107 0.000002
vn -0.707106 -0.707108 0.000002
vn -0.707106 -0.707106 -0.001750
vn -0.707108 -0.707105 0.000000
vn -0.707108 -0.707105 0.000000
vn -0.707108 -0.707105 0.000001
vn -0.707107 -0.707106 0.000002
vn -0.707106 -0.707107 0.000001
vn -0.707107 -0.707107 0.000000
vn -0.707107 -0.707107 0.000000
vn -0.707105 -0.707108 0.000001
vn -0.707108 -0.707106 0.000002
vn -0.707106 -0.707108 0.000001
vn -0.707108 -0.707105 -0.000001
vn -0.707107 -0.707106 -0.000002
vn -0.707106 -0.707107 -0.000001
vn -0.707821 -0.706391 0.000000
vn -0.707824 -0.706388 0.000546
vn -0.707107 -0.707107 -0.000002
vn -0.707107 -0.707107 0.000000
vn -0.707107 -0.707107 -0.000000
vn -0.707107 -0.707107 -0.000000
vn -0.707105 -0.707108 -0.000001
vn -0.707105 -0.707108 0.000004
vn -0.707105 -0.707108 0.000004
vn -0.707105 -0.707109 0.000002
vn -0.707106 -0.707108 0.000002
vn -0.707107 -0.707107 0.000002
vn -0.707821 -0.706391 -0.000542
vn -0.707105 -0.707108 -0.000001
vn -0.707107 -0.707107 0.000000
vn -0.707107 -0.707107 0.000000
vn -0.707106 -0.707107 -0.000001
vn -0.707108 -0.707106 -0.000002
vn -0.707110 -0.707104 0.000000
vn -0.707107 -0.707107 0.000002
vn -0.707107 -0.707107 0.000002
vn -0.707107 -0.707107 0.000002
vn -0.707106 -0.707106 0.001750
vn -0.707105 -0.707108 0.000001
vn -0.707105 -0.707108 0.000001
vn -0.707107 -0.707107 0.000002
vn -0.707109 -0.707105 0.000001
vn -0.707106 -0.707108 -0.000002
vn -0.707105 -0.707108 -0.000001
vn -0.706749 -0.707464 -0.000271
vn -0.707109 -0.707105 -0.000001
vn -0.707107 -0.707107 0.000000
vn -0.707107 -0.707107 0.000000
vn -0.707107 -0.707107 -0.000002
vn -0.707105 -0.707108 -0.000001
vn -0.707105 -0.707108 -0.000001
vn -0.707821 -0.706391 -0.000547
vn -0.707821 -0.706391 0.000000
vn -0.707107 -0.707107 0.000002
vn -0.707105 -0.707108 0.000001
vn -0.707105 -0.707108 0.000001
vn -0.707107 -0.707107 0.000002
vn -0.707109 -0.707104 0.000001
vn -0.707106 -0.707108 -0.000002
vn -0.707105 -0.707108 -0.000001
vn -0.707106 -0.707107 -0.000001
vn -0.707108 -0.707106 -0.000002
vn -0.707110 -0.707104 0.000000
vn -0.707107 -0.707107 0.000002
vn -0.707107 -0.707107 0.000002
vn -0.707110 -0.707104 0.000000
vn -0.707108 -0.707106 -0.000002
vn -0.707106 -0.707107 -0.000001
vn -0.707108 -0.707105 0.000001
vn -0.707108 -0.707106 0.000002
vn -0.707108 -0.707106 0.000002
vn -0.707108 -0.707105 0.000001
vn -0.707106 -0.707107 -0.000001
vn -0.707108 -0.707106 -0.000002
vn -0.707107 -0.707107 -0.000002
vn -0.707105 -0.707108 -0.000001
vn -0.707107 -0.707107 0.000000
vn -0.707107 -0.707107 0.000000
vn -0.707107 -0.707107 0.000000
vn -0.707107 -0.707107 0.000000
vn -0.707107 -0.707107 0.000000
vn -0.707108 -0.707106 -0.000001
vn -0.707109 -0.707104 -0.000000
vn -0.707106 -0.707107 0.000000
vn -0.707106 -0.707107 -0.000000
vn -0.707107 -0.707107 -0.000000
vn -0.707109 -0.707104 0.000000
vn -0.707108 -0.707106 0.000001
vn -0.707107 -0.707107 0.000000
vn -0.707107 -0.707107 0.000000
vn -0.707107 -0.707107 0.000000
vn -0.707107 -0.707107 0.000000
vn -0.707107 -0.707107 0.000000
vn -0.707107 -0.707107 0.000000
vn -0.706749 -0.707464 -0.000229
vn -0.706747 -0.707462 -0.002625
vn -0.707107 -0.707107 -0.000000
vn -0.707107 -0.707107 -0.000000
vn -0.707107 -0.707107 -0.000002
vn -0.707105 -0.707108 -0.000001
vn -0.707105 -0.707108 -0.000001
vn -0.706749 -0.707464 0.000874
vn -0.706751 -0.707463 -0.000272
vn -0.707105 -0.707108 -0.000001
vn -0.707105 -0.707108 -0.000000
vn -0.707105 -0.707108 -0.000000
vn -0.707105 -0.707108 0.000001
vn -0.706749 -0.707464 0.000275
vn -0.706749 -0.707464 -0.000874
vn -0.707109 -0.707105 -0.000001
vn -0.707106 -0.707108 0.000002
vn -0.707105 -0.707108 0.000001
vn -0.707106 -0.707107 0.000001
vn -0.707110 -0.707104 0.000004
vn -0.707097 -0.707117 0.000004
vn -0.707106 -0.707107 0.000000
vn -0.707114 -0.707099 -0.000004
vn -0.707110 -0.707104 -0.000004
vn -0.707106 -0.707107 -0.000001
vn -0.707105 -0.707108 -0.000001
vn -0.707107 -0.707107 -0.000002
vn -0.707106 -0.707108 -0.000002
vn -0.707108 -0.707105 0.000000
vn -0.707107 -0.707107 0.000000
vn -0.707105 -0.707108 0.000000
vn -0.707105 -0.707108 0.000000
vn -0.709288 -0.704919 0.000043
vn -0.704931 -0.709276 -0.000039
vn -0.707107 -0.707107 0.000000
vn -0.707108 -0.707105 -0.000001
vn -0.707107 -0.707106 -0.000002
vn -0.707106 -0.707107 -0.000001
vn -0.707107 -0.707107 0.000000
vn -0.707107 -0.707107 0.000000
vn -0.707105 -0.707108 -0.000001
vn -0.707107 -0.707107 -0.000002
vn -0.707109 -0.707105 -0.000001
vn -0.707105 -0.707109 0.000003
vn -0.707105 -0.707108 0.000004
vn -0.707821 -0.706391 -0.000542
vn -0.707105 -0.707108 -0.000001
vn -0.707107 -0.707107 0.000000
vn -0.707107 -0.707107 0.000000
vn -0.707106 -0.707107 -0.000001
vn -0.707108 -0.707106 -0.000002
vn -0.707110 -0.707104 0.000000
vn -0.707107 -0.707107 0.000002
vn -0.707107 -0.707107 0.000002
vn -0.707108 -0.707105 0.000001
vn -0.707107 -0.707107 0.000000
vn -0.707107 -0.707107 0.000000
vn -0.707108 -0.707105 0.000001
vn -0.707107 -0.707107 0.000002
vn -0.707107 -0.707107 0.000002
vn -0.707110 -0.707104 0.000000
vn -0.707107 -0.707106 -0.000002
vn -0.707106 -0.707107 -0.000001
vn -0.707107 -0.707107 0.000000
vn -0.707107 -0.707107 0.000000
vn -0.707107 -0.707107 0.000000
vn -0.707107 -0.707107 0.000000
vn -0.707107 -0.707107 0.000000
vn -0.707107 -0.707107 0.000000
vn -0.707107 -0.707107 0.000000
vn -0.707108 -0.707106 -0.000001
vn -0.707109 -0.707104 -0.000000
vn -0.707107 -0.707107 0.000000
vn -0.707106 -0.707107 -0.000000
vn -0.707107 -0.707107 -0.000000
vn -0.707109 -0.707104 0.000000
vn -0.707108 -0.707106 0.000001
vn -0.707107 -0.707107 0.000000
vn -0.707107 -0.707107 0.000000
vn -0.707107 -0.707107 0.000000
vn -0.707107 -0.707107 0.000000
vn -0.707107 -0.707107 0.000000
vn -0.707105 -0.707108 0.000001
vn -0.707107 -0.707107 0.000002
vn -0.707108 -0.707106 0.000002
vn -0.707107 -0.707106 0.000002
vn -0.707108 -0.707105 0.000001
vn -0.706749 -0.707464 -0.000273
vn -0.707108 -0.707106 -0.000002
vn -0.707107 -0.707107 -0.000000
vn -0.707107 -0.707107 -0.000000
vn -0.707107 -0.707107 0.000002
vn -0.707109 -0.707105 0.000001
vn -0.707106 -0.707108 -0.000002
vn -0.707107 -0.707107 -0.000000
vn -0.707107 -0.707107 0.000000
vn -0.707107 -0.707107 0.000000
vn -0.707110 -0.707104 -0.000000
vn -0.707110 -0.707104 -0.000000
vn -0.707110 -0.707104 -0.000000
vn -0.707110 -0.707104 0.000000
vn -0.707107 -0.707106 -0.000002
vn -0.707108 -0.707106 0.000002
vn -0.707106 -0.707107 0.000001
vn -0.707110 -0.707104 -0.000003
vn -0.707108 -0.707105 -0.000004
vn -0.707107 -0.707107 -0.000002
vn -0.707107 -0.707107 -0.000002
vn -0.707106 -0.707106 0.001750
vn -0.707107 -0.707107 -0.000000
vn -0.707107 -0.707107 -0.000000
vn -0.707107 -0.707107 0.000000
vn -0.707107 -0.707107 0.000000
vn -0.707106 -0.707106 0.001750
vn -0.707107 -0.707107 0.000000
vn -0.707107 -0.707107 0.000000
vn -0.707107 -0.707107 0.000000
vn -0.707107 -0.707107 0.000000
vn -0.707106 -0.707107 -0.000001
vn -0.707107 -0.707107 0.000002
vn -0.707108 -0.707105 0.000004
vn -0.707110 -0.707104 0.000003
vn -0.707106 -0.707107 -0.000001
vn -0.707108 -0.707106 -0.000002
vn -0.707107 -0.707107 -0.000002
vn -0.706749 -0.707464 0.000231
vn -0.707107 -0.707107 0.000000
vn -0.707107 -0.707107 0.000000
vn -0.707107 -0.707107 0.000000
vn -0.707107 -0.707107 0.000000
vn -0.707107 -0.707107 0.000000
vn -0.707107 -0.707107 0.000000
vn -0.707108 -0.707106 -0.000001
vn -0.707109 -0.707104 -0.000000
vn -0.707107 -0.707107 0.000000
vn -0.707106 -0.707107 -0.000000
vn -0.707106 -0.707107 -0.000000
vn -0.707109 -0.707104 0.000000
vn -0.707108 -0.707106 0.000001
vn -0.707107 -0.707107 0.000000
vn -0.707107 -0.707107 0.000000
vn -0.707107 -0.707107 0.000000
vn -0.707107 -0.707107 0.000000
vn -0.707107 -0.707107 0.000000
vn -0.707105 -0.707108 0.000001
vn -0.707107 -0.707107 0.000002
vn -0.707108 -0.707106 0.000002
vn -0.707106 -0.707107 0.000001
vn -0.707108 -0.707105 -0.000001
vn -0.707108 -0.707106 -0.000002
vn -0.707108 -0.707106 -0.000002
vn -0.707108 -0.707105 -0.000001
vn -0.707106 -0.707107 0.000001
vn -0.707108 -0.707106 0.000002
vn -0.707110 -0.707104 -0.000000
vn -0.707107 -0.707107 -0.000002
vn -0.707107 -0.707107 -0.000002
vn -0.707110 -0.707104 -0.000000
vn -0.707108 -0.707106 0.000002
vn -0.707106 -0.707107 0.000001
vn -0.707105 -0.707108 0.000001
vn -0.707106 -0.707108 0.000002
vn -0.707109 -0.707105 -0.000001
vn -0.707107 -0.707107 -0.000002
vn -0.707105 -0.707108 -0.000001
vn -0.707105 -0.707108 -0.000001
vn -0.707107 -0.707107 -0.000002
vn -0.707821 -0.706391 0.000544
vn -0.707105 -0.707108 0.000001
vn -0.707106 -0.707106 -0.001750
vn -0.707107 -0.707107 0.000003
vn -0.707108 -0.707105 0.000001
vn -0.707106 -0.707107 -0.000001
vn -0.707108 -0.707106 -0.000002
vn -0.707110 -0.707104 0.000000
vn -0.707107 -0.707107 0.000002
vn -0.707107 -0.707107 0.000002
vn -0.707110 -0.707104 0.000000
vn -0.707107 -0.707106 -0.000002
vn -0.707106 -0.707107 -0.000001
vn -0.707107 -0.707107 0.000000
vn -0.707107 -0.707107 0.000000
vn -0.707105 -0.707108 -0.000001
vn -0.707821 -0.706391 -0.000542
vn -0.707821 -0.706391 0.000000
vn -0.707110 -0.707104 0.000000
vn -0.707110 -0.707104 0.000000
vn -0.707110 -0.707104 -0.000000
vn -0.707100 -0.707114 0.000008
vn -0.707106 -0.707107 0.000001
vn -0.705071 -0.709135 -0.001611
vn -0.711166 -0.703016 0.003231
vn -0.705086 -0.709119 -0.001631
vn -0.707108 -0.707106 0.000002
vn -0.707110 -0.707104 -0.000000
vn -0.707107 -0.707107 -0.000002
vn -0.707107 -0.707107 -0.000002
vn -0.707110 -0.707104 -0.000000
vn -0.707107 -0.707106 0.000002
vn -0.707106 -0.707107 0.000001
vn -0.707107 -0.707107 0.000000
vn -0.707107 -0.707107 0.000000
vn -0.707107 -0.707107 0.000000
vn -0.707107 -0.707107 0.000000
vn -0.707107 -0.707107 0.000000
vn -0.707106 -0.707106 -0.001750
vn -0.707110 -0.707104 0.000000
vn -0.707110 -0.707104 -0.000000
vn -0.707110 -0.707104 -0.000000
vn -0.707108 -0.707106 -0.000002
vn -0.707110 -0.707104 0.000000
vn -0.707107 -0.707107 0.000002
vn -0.707107 -0.707107 0.000002
vn -0.705087 -0.709119 0.001601
vn -0.711157 -0.703025 -0.003240
vn -0.705076 -0.709130 0.001615
vn -0.707106 -0.707107 -0.000001
vn -0.707099 -0.707114 -0.000008
vn -0.707110 -0.707104 0.000000
vn -0.707110 -0.707104 0.000000
vn -0.707110 -0.707104 0.000000
vn -0.707110 -0.707104 -0.000000
vn -0.707108 -0.707106 0.000002
vn -0.707106 -0.707107 0.000001
vn -0.707108 -0.707105 -0.000001
vn -0.707107 -0.707107 -0.000000
vn -0.706033 -0.708179 0.000001
vn -0.707107 -0.707106 -0.000001
vn -0.707107 -0.707107 -0.000000
vn -0.707107 -0.707107 -0.000000
vn -0.707105 -0.707108 -0.000001
vn -0.707105 -0.707108 0.000001
vn -0.707106 -0.707108 0.000002
vn -0.707105 -0.707108 -0.000001
vn -0.707105 -0.707108 -0.000001
vn -0.707107 -0.707107 -0.000002
vn -0.707109 -0.707105 -0.000001
vn -0.707106 -0.707108 0.000002
vn -0.707105 -0.707108 0.000001
vn -0.706749 -0.707464 0.000275
vn -0.707109 -0.707105 0.000001
vn -0.707106 -0.707108 -0.000002
vn -0.707105 -0.707108 -0.000001
vn -0.707106 -0.707107 -0.000001
vn -0.707110 -0.707104 -0.000004
vn -0.707111 -0.707103 -0.000004
vn -0.707107 -0.707107 -0.000000
vn -0.707101 -0.707113 0.000004
vn -0.707110 -0.707104 0.000004
vn -0.707105 -0.707109 -0.000001
vn -0.707129 -0.707084 -0.000018
vn -0.709064 -0.705125 0.005177
vn -0.706070 -0.708137 -0.002601
vn -0.707821 -0.706391 0.000000
vn -0.707821 -0.706392 -0.000550
vn -0.707107 -0.707107 0.000002
vn -0.707105 -0.707108 0.000001
vn -0.707105 -0.707108 0.000001
vn -0.707107 -0.707107 0.000002
vn -0.707109 -0.707105 0.000001
vn -0.707106 -0.707108 -0.000002
vn -0.707105 -0.707108 -0.000001
vn -0.707106 -0.707107 -0.000001
vn -0.707108 -0.707106 -0.000002
vn -0.707110 -0.707104 0.000000
vn -0.707107 -0.707107 0.000002
vn -0.707107 -0.707107 0.000002
vn -0.707107 -0.707107 0.000002
vn -0.707106 -0.707106 0.001750
vn -0.707107 -0.707107 -0.000000
vn -0.707107 -0.707107 -0.000000
vn -0.707107 -0.707107 -0.000002
vn -0.707105 -0.707108 -0.000001
vn -0.707105 -0.707108 -0.000001
vn -0.707109 -0.707105 -0.000007
vn -0.707105 -0.707108 -0.000004
vn -0.707105 -0.707108 -0.000000
vn -0.706679 -0.707534 0.000415
vn -0.707107 -0.707107 0.000000
vn -0.707107 -0.707107 0.000000
vn -0.707107 -0.707107 -0.000000
vn -0.707107 -0.707107 -0.000000
vn -0.707109 -0.707105 -0.000001
vn -0.707106 -0.707106 0.001750
vn -0.707107 -0.707107 0.000000
vn -0.706055 -0.708152 -0.002640
vn -0.707108 -0.707105 -0.000001
vn -0.707107 -0.707106 -0.000002
vn -0.707106 -0.707108 -0.000001
vn -0.707108 -0.707105 0.000001
vn -0.707107 -0.707106 0.000002
vn -0.707106 -0.707107 0.000001
vn -0.707108 -0.707105 -0.000000
vn -0.707108 -0.707105 -0.000000
vn -0.707108 -0.707105 -0.000000
vn -0.707108 -0.707105 -0.000000
vn -0.707821 -0.706391 0.000000
vn -0.707107 -0.707107 0.000000
vn -0.706749 -0.707464 0.000000
vn -0.707821 -0.706391 0.000000
vn -0.707819 -0.706394 0.000538
vn -0.707105 -0.707108 0.000001
vn -0.707107 -0.707107 0.000000
vn -0.707107 -0.707107 0.000000
vn -0.707106 -0.707107 0.000001
vn -0.707108 -0.707106 0.000002
vn -0.707110 -0.707104 -0.000000
vn -0.707107 -0.707107 -0.000002
vn -0.707107 -0.707107 -0.000002
vn -0.707107 -0.707107 -0.000000
vn -0.707107 -0.707107 -0.000000
vn -0.707106 -0.707106 0.001750
vn -0.707109 -0.707104 -0.000003
vn -0.707106 -0.707108 -0.000002
vn -0.707109 -0.707105 0.000001
vn -0.706749 -0.707464 0.000272
vn -0.706749 -0.707464 -0.000874
vn -0.707105 -0.707108 -0.000001
vn -0.707106 -0.707107 -0.000001
vn -0.707110 -0.707104 -0.000004
vn -0.707092 -0.707121 -0.000004
vn -0.707107 -0.707107 -0.000000
vn -0.707118 -0.707096 0.000004
vn -0.707110 -0.707104 0.000004
vn -0.707106 -0.707107 0.000001
vn -0.707105 -0.707108 0.000001
vn -0.707106 -0.707108 0.000002
vn -0.707109 -0.707105 -0.000001
vn -0.706749 -0.707464 -0.000273
vn -0.706749 -0.707464 0.000874
vn -0.707106 -0.707107 0.000000
vn -0.707122 -0.707092 0.000004
vn -0.707106 -0.707107 0.000000
vn -0.707821 -0.706391 -0.000003
vn -0.707104 -0.707110 0.000000
vn -0.707105 -0.707108 -0.000004
vn -0.707108 -0.707105 -0.000004
vn -0.707107 -0.707107 -0.000003
vn -0.707107 -0.707106 -0.000002
vn -0.707106 -0.707108 -0.000001
vn -0.707108 -0.707105 0.000001
vn -0.707107 -0.707106 0.000002
vn -0.707106 -0.707107 0.000001
vn -0.707105 -0.707108 0.000001
vn -0.707106 -0.707108 0.000002
vn -0.707109 -0.707105 -0.000001
vn -0.707105 -0.707108 -0.000004
vn -0.707105 -0.707108 -0.000004
vn -0.707107 -0.707107 -0.000000
vn -0.707107 -0.707107 0.000000
vn -0.707108 -0.707105 -0.000003
vn -0.707105 -0.707108 -0.000000
vn -0.707105 -0.707108 -0.000000
vn -0.707105 -0.707108 0.000001
vn -0.707106 -0.707108 0.000002
vn -0.707107 -0.707107 0.000000
vn -0.709278 -0.704929 -0.000066
vn -0.707108 -0.707106 0.000002
vn -0.707107 -0.707107 0.000002
vn -0.707106 -0.707108 0.000002
vn -0.707105 -0.707108 0.000000
vn -0.707105 -0.707108 0.000000
vn -0.707105 -0.707108 -0.000001
vn -0.707106 -0.707108 -0.000002
vn -0.707109 -0.707105 0.000001
vn -0.706749 -0.707464 0.000275
vn -0.706749 -0.707464 -0.000874
vn -0.707105 -0.707108 0.000001
vn -0.707106 -0.707107 0.000002
vn -0.707109 -0.707105 -0.000001
vn -0.707107 -0.707107 -0.000002
vn -0.707105 -0.707108 -0.000001
vn -0.707105 -0.707108 -0.000001
vn -0.707107 -0.707107 -0.000003
vn -0.707109 -0.707105 -0.000001
vn -0.707105 -0.707109 0.000003
vn -0.707107 -0.707107 -0.000000
vn -0.707107 -0.707107 -0.000000
vn -0.706749 -0.707464 0.000874
vn -0.707105 -0.707108 0.000000
vn -0.707105 -0.707108 0.000000
vn -0.707108 -0.707105 -0.000015
vn -0.707108 -0.707105 0.000001
vn -0.709221 -0.704987 0.000030
vn -0.707107 -0.707107 0.000000
vn -0.707107 -0.707107 -0.000000
vn -0.707821 -0.706391 0.000000
vn -0.707821 -0.706391 0.000000
vn -0.707821 -0.706391 0.000003
vn -0.707121 -0.707093 -0.000004
vn -0.707107 -0.707106 0.000000
vn -0.707093 -0.707121 0.000004
vn -0.707110 -0.707104 0.000004
vn -0.707106 -0.707107 0.000001
vn -0.707105 -0.707108 0.000001
vn -0.707107 -0.707107 0.000002
vn -0.707106 -0.707107 0.000002
vn -0.707104 -0.707110 0.000000
vn -0.707105 -0.707108 0.000004
vn -0.707108 -0.707106 0.000004
vn -0.707107 -0.707107 0.000003
vn -0.707108 -0.707106 0.000002
vn -0.707106 -0.707108 0.000001
vn -0.707108 -0.707105 -0.000001
vn -0.707107 -0.707106 -0.000002
vn -0.707106 -0.707107 -0.000001
vn -0.707105 -0.707108 -0.000001
vn -0.707106 -0.707108 -0.000002
vn -0.707109 -0.707105 0.000001
vn -0.707107 -0.707107 -0.000000
vn -0.707107 -0.707107 -0.000000
vn -0.707821 -0.706391 0.000000
vn -0.707107 -0.707107 -0.000000
vn -0.707107 -0.707107 -0.000000
vn -0.707107 -0.707107 0.000002
vn -0.707109 -0.707105 0.000001
vn -0.707106 -0.707108 -0.000002
vn -0.707105 -0.707108 -0.000001
vn -0.707105 -0.707108 -0.000001
vn -0.707107 -0.707107 0.000000
vn -0.706749 -0.707464 0.000270
vn -0.706749 -0.707464 0.000874
vn -0.707821 -0.706391 0.000000
vn -0.707821 -0.706392 -0.000542
vn -0.707107 -0.707107 0.000002
vn -0.707105 -0.707108 0.000001
vn -0.707105 -0.707108 0.000001
vn -0.707107 -0.707107 0.000002
vn -0.707107 -0.707107 -0.000000
vn -0.707107 -0.707107 -0.000000
vn -0.706749 -0.707464 0.000874
vn -0.707105 -0.707108 0.000000
vn -0.707105 -0.707108 0.000000
vn -0.707105 -0.707108 -0.000001
vn -0.707106 -0.707108 -0.000002
vn -0.707109 -0.707104 0.000001
vn -0.707106 -0.707108 0.000002
vn -0.707109 -0.707105 -0.000001
vn -0.708180 -0.706027 -0.002639
vn -0.705003 -0.709185 0.005196
vn -0.707098 -0.707116 -0.000003
vn -0.707100 -0.707114 -0.000008
vn -0.707108 -0.707105 -0.000004
vn -0.707107 -0.707107 -0.000002
vn -0.707110 -0.707104 -0.000000
vn -0.707107 -0.707106 0.000002
vn -0.707106 -0.707107 0.000001
vn -0.707107 -0.707107 0.000000
vn -0.707107 -0.707107 0.000000
vn -0.707105 -0.707108 0.000001
vn -0.707821 -0.706391 0.000539
vn -0.707821 -0.706391 0.000000
vn -0.707110 -0.707104 0.000000
vn -0.707110 -0.707104 0.000000
vn -0.707110 -0.707104 0.000000
vn -0.707107 -0.707107 -0.000002
vn -0.707107 -0.707107 -0.000002
vn -0.707110 -0.707104 0.000000
vn -0.707108 -0.707106 0.000002
vn -0.707106 -0.707107 0.000001
vn -0.707108 -0.707105 -0.000001
vn -0.707108 -0.707106 -0.000002
vn -0.707108 -0.707106 -0.000002
vn -0.707107 -0.707107 -0.000002
vn -0.707106 -0.707108 -0.000002
vn -0.707107 -0.707107 0.000000
vn -0.707107 -0.707107 0.000000
vn -0.706010 -0.708197 -0.002599
vn -0.707110 -0.707104 -0.000000
vn -0.707110 -0.707104 -0.000000
vn -0.707110 -0.707104 -0.000000
vn -0.707107 -0.707106 0.000002
vn -0.707106 -0.707107 0.000001
vn -0.707108 -0.707105 -0.000001
vn -0.706051 -0.708156 -0.002662
vn -0.707107 -0.707107 0.000000
vn -0.707107 -0.707107 0.000000
vn -0.707106 -0.707108 -0.000001
vn -0.707108 -0.707106 -0.000002
vn -0.707108 -0.707105 -0.000001
vn -0.707108 -0.707106 -0.000001
vn -0.707109 -0.707104 -0.000000
vn -0.707107 -0.707107 0.000000
vn -0.707106 -0.707107 -0.000000
vn -0.707106 -0.707107 -0.000000
vn -0.707107 -0.707107 -0.000000
vn -0.707109 -0.707104 0.000000
vn -0.707108 -0.707106 0.000001
vn -0.707108 -0.707105 0.000001
vn -0.707108 -0.707106 0.000002
vn -0.707106 -0.707107 0.000001
vn -0.707107 -0.707107 0.000000
vn -0.707108 -0.707105 -0.000000
vn -0.707108 -0.707105 -0.000000
vn -0.707107 -0.707107 0.000000
vn -0.707107 -0.707107 0.000000
vn -0.706022 -0.708185 0.002647
vn -0.707107 -0.707107 0.000000
vn -0.707107 -0.707107 0.000000
vn -0.707106 -0.707106 -0.001750
vn -0.707129 -0.707084 0.000045
vn -0.707139 -0.707075 0.000023
vn -0.707106 -0.707107 -0.000001
vn -0.704886 -0.709302 0.005110
vn -0.707084 -0.707129 -0.000045
vn -0.707107 -0.707107 -0.000000
vn -0.707107 -0.707107 -0.000000
vn -0.707107 -0.707107 0.000002
vn -0.707108 -0.707106 0.000002
vn -0.707107 -0.707106 0.000002
vn -0.707108 -0.707105 0.000001
vn -0.707106 -0.707108 -0.000001
vn -0.707108 -0.707106 -0.000002
vn -0.707108 -0.707105 -0.000000
vn -0.707108 -0.707105 -0.000000
vn -0.707106 -0.707106 -0.001750
vn -0.707109 -0.707104 -0.000003
vn -0.707107 -0.707107 -0.000002
vn -0.707107 -0.707107 -0.000002
vn -0.707110 -0.707104 -0.000000
vn -0.707107 -0.707106 0.000002
vn -0.707106 -0.707107 0.000001
vn -0.707107 -0.707107 0.000000
vn -0.707107 -0.707107 0.000000
vn -0.707105 -0.707108 0.000001
vn -0.707821 -0.706391 0.000539
vn -0.707821 -0.706391 0.000000
vn -0.707110 -0.707104 0.000000
vn -0.707110 -0.707104 0.000000
vn -0.707110 -0.707104 -0.000000
vn -0.707110 -0.707104 -0.000000
vn -0.707107 -0.707107 0.000000
vn -0.708191 -0.706016 0.002641
vn -0.706019 -0.708188 -0.002633
vn -0.707107 -0.707107 -0.000000
vn -0.707107 -0.707107 -0.000000
vn -0.707821 -0.706391 0.000000
vn -0.707107 -0.707107 -0.000000
vn -0.707107 -0.707107 0.000000
vn -0.709222 -0.704985 -0.000029
vn -0.707105 -0.707108 -0.000000
vn -0.707105 -0.707108 -0.000000
vn -0.707108 -0.707105 0.000015
vn -0.706749 -0.707464 -0.000874
vn -0.707105 -0.707109 -0.000002
vn -0.707106 -0.707108 -0.000002
vn -0.707107 -0.707107 -0.000002
vn -0.707107 -0.707107 -0.000000
vn -0.707107 -0.707107 -0.000000
vn -0.707107 -0.707107 0.000000
vn -0.707107 -0.707107 0.000000
vn -0.707105 -0.707108 0.000001
vn -0.706749 -0.707464 0.000000
vn -0.707107 -0.707107 -0.000002
vn -0.707109 -0.707105 -0.000001
vn -0.707821 -0.706391 0.000000
vn -0.707110 -0.707104 -0.000000
vn -0.707106 -0.707106 -0.001750
vn -0.707105 -0.707108 -0.000000
vn -0.707105 -0.707108 -0.000000
vn -0.707108 -0.707105 0.000003
vn -0.706747 -0.707462 0.002625
vn -0.706748 -0.707465 -0.000272
vn -0.707110 -0.707104 -0.000000
vn -0.707110 -0.707104 -0.000000
vn -0.707110 -0.707104 -0.000000
vn -0.707108 -0.707105 -0.000004
vn -0.707107 -0.707107 -0.000002
vn -0.707108 -0.707105 -0.000001
vn -0.707108 -0.707106 -0.000002
vn -0.707108 -0.707106 -0.000002
vn -0.707107 -0.707107 -0.000002
vn -0.707105 -0.707108 -0.000001
vn -0.707107 -0.707107 0.000000
vn -0.707107 -0.707107 0.000000
vn -0.707107 -0.707107 0.000000
vn -0.707107 -0.707107 0.000000
vn -0.707107 -0.707107 0.000000
vn -0.707108 -0.707106 -0.000001
vn -0.707109 -0.707104 -0.000000
vn -0.707107 -0.707107 0.000000
vn -0.707106 -0.707107 -0.000000
vn -0.707107 -0.707107 -0.000000
vn -0.707109 -0.707104 0.000000
vn -0.707108 -0.707106 0.000001
vn -0.707107 -0.707107 0.000000
vn -0.707107 -0.707107 0.000000
vn -0.707107 -0.707107 0.000000
vn -0.707107 -0.707107 0.000000
vn -0.707107 -0.707107 0.000000
vn -0.707107 -0.707107 0.000000
vn -0.707107 -0.707107 0.000000
vn -0.707106 -0.707108 0.000001
vn -0.707108 -0.707106 0.000002
vn -0.707107 -0.707107 -0.000000
vn -0.707107 -0.707107 -0.000000
vn -0.707107 -0.707107 -0.000000
vn -0.707107 -0.707107 -0.000000
vn -0.707105 -0.707108 0.000000
vn -0.707105 -0.707108 0.000000
vn -0.707107 -0.707107 -0.000002
vn -0.707107 -0.707107 -0.000002
vn -0.707110 -0.707104 -0.000000
vn -0.707107 -0.707106 0.000002
vn -0.707106 -0.707107 0.000001
vn -0.707107 -0.707107 0.000000
vn -0.707107 -0.707107 0.000000
vn -0.707107 -0.707107 0.000000
vn -0.707107 -0.707107 0.000000
vn -0.707106 -0.707107 0.000001
vn -0.707108 -0.707106 0.000002
vn -0.707108 -0.707105 0.000001
vn -0.707108 -0.707106 0.000001
vn -0.707109 -0.707104 0.000000
vn -0.707106 -0.707107 0.000000
vn -0.707106 -0.707107 0.000000
vn -0.707106 -0.707107 0.000000
vn -0.707109 -0.707104 0.000000
vn -0.707108 -0.707106 -0.000001
vn -0.707108 -0.707105 -0.000001
vn -0.707108 -0.707106 -0.000002
vn -0.707106 -0.707107 -0.000001
vn -0.707107 -0.707107 0.000000
vn -0.707107 -0.707107 0.000000
vn -0.707107 -0.707107 0.000000
vn -0.707105 -0.707108 -0.000001
vn -0.707110 -0.707104 -0.000000
vn -0.707110 -0.707104 -0.000000
vn -0.707108 -0.707105 0.000000
vn -0.707108 -0.707105 0.000000
vn -0.707107 -0.707107 -0.000000
vn -0.707107 -0.707107 -0.000000
vn -0.707082 -0.707132 0.000081
vn -0.707057 -0.707156 -0.000077
vn -0.707107 -0.707107 0.000000
vn -0.707107 -0.707107 -0.000000
vn -0.707107 -0.707107 -0.000000
vn -0.707107 -0.707107 -0.000000
vn -0.707107 -0.707107 -0.000000
vn -0.707107 -0.707107 0.000000
vn -0.707821 -0.706391 0.000000
vn -0.707105 -0.707108 0.000001
vn -0.707107 -0.707107 -0.000000
vn -0.707107 -0.707107 -0.000000
vn -0.707105 -0.707108 0.000000
vn -0.707105 -0.707108 0.000000
vn -0.707110 -0.707104 -0.000000
vn -0.707110 -0.707104 -0.000000
vn -0.707105 -0.707108 -0.000000
vn -0.707105 -0.707108 -0.000000
vn -0.707108 -0.707105 -0.000000
vn -0.707108 -0.707105 -0.000000
vn -0.707108 -0.707106 -0.000002
vn -0.707108 -0.707105 -0.000001
vn -0.707106 -0.707107 0.000001
vn -0.707108 -0.707106 0.000002
vn -0.707110 -0.707104 -0.000000
vn -0.707107 -0.707107 -0.000002
vn -0.707107 -0.707107 -0.000002
vn -0.707110 -0.707104 -0.000000
vn -0.707108 -0.707106 0.000002
vn -0.707106 -0.707107 0.000001
vn -0.707105 -0.707108 0.000001
vn -0.707106 -0.707108 0.000002
vn -0.707109 -0.707105 -0.000001
vn -0.707105 -0.707108 -0.000004
vn -0.707105 -0.707109 -0.000003
vn -0.707109 -0.707105 0.000001
vn -0.707107 -0.707107 0.000002
vn -0.707105 -0.707108 0.000001
vn -0.707105 -0.707108 0.000001
vn -0.707108 -0.707105 -0.000000
vn -0.707108 -0.707105 -0.000000
vn -0.707110 -0.707104 0.000000
vn -0.707110 -0.707104 0.000000
vn -0.707107 -0.707107 -0.000000
vn -0.707107 -0.707107 -0.000000
vn -0.707107 -0.707107 0.000002
vn -0.707108 -0.707105 0.000000
vn -0.707108 -0.707105 0.000000
vn -0.707107 -0.707107 0.000000
vn -0.707107 -0.707107 0.000000
vn -0.707107 -0.707107 0.000000
vn -0.707107 -0.707107 0.000000
vn -0.707107 -0.707107 0.000000
vn -0.707110 -0.707104 -0.000000
vn -0.707110 -0.707104 -0.000000
vn -0.707105 -0.707108 0.000000
vn -0.707105 -0.707108 0.000000
vn -0.707107 -0.707107 0.000000
vn -0.707107 -0.707107 0.000000
vn -0.707107 -0.707107 0.000002
vn -0.707109 -0.707105 0.000001
vn -0.707105 -0.707109 -0.000003
vn -0.707105 -0.707108 -0.000004
vn -0.707109 -0.707105 -0.000001
vn -0.707106 -0.707108 0.000002
vn -0.707105 -0.707108 0.000001
vn -0.707106 -0.707107 0.000001
vn -0.707108 -0.707106 0.000002
vn -0.707110 -0.707104 -0.000000
vn -0.707107 -0.707107 -0.000002
vn -0.707107 -0.707107 -0.000002
vn -0.707110 -0.707104 -0.000000
vn -0.707108 -0.707106 0.000002
vn -0.707106 -0.707107 0.000001
vn -0.707108 -0.707105 -0.000001
vn -0.707108 -0.707106 -0.000002
vn -0.707108 -0.707106 -0.000002
vn -0.707108 -0.707105 -0.000001
vn -0.707106 -0.707107 0.000001
vn -0.707108 -0.707106 0.000002
vn -0.707107 -0.707107 0.000002
vn -0.707105 -0.707108 0.000001
vn -0.707107 -0.707107 0.000000
vn -0.707107 -0.707107 0.000000
vn -0.707107 -0.707107 0.000000
vn -0.707107 -0.707107 0.000000
vn -0.707107 -0.707107 0.000000
vn -0.707108 -0.707106 0.000001
vn -0.707109 -0.707104 0.000000
vn -0.707106 -0.707107 0.000000
vn -0.707107 -0.707107 0.000000
vn -0.707105 -0.707108 -0.000000
vn -0.707105 -0.707108 -0.000000
vn -0.707107 -0.707107 0.000000
vn -0.707107 -0.707107 0.000000
vn -0.707105 -0.707108 -0.000000
vn -0.707105 -0.707108 -0.000000
vn -0.707105 -0.707108 0.000000
vn -0.707105 -0.707108 0.000000
vn -0.707105 -0.707108 -0.000004
vn -0.707105 -0.707109 -0.000003
vn -0.707109 -0.707105 0.000001
vn -0.707107 -0.707107 0.000002
vn -0.707105 -0.707108 0.000001
vn -0.707105 -0.707108 0.000001
vn -0.707097 -0.707117 -0.000004
vn -0.707110 -0.707104 -0.000004
vn -0.707106 -0.707107 -0.000001
vn -0.707106 -0.707107 0.000000
vn -0.707107 -0.707107 0.000000
vn -0.707107 -0.707107 0.000000
vn -0.707107 -0.707107 0.000000
vn -0.707107 -0.707107 0.000000
vn -0.707107 -0.707107 -0.000000
vn -0.707107 -0.707107 -0.000000
vn -0.707108 -0.707105 -0.000000
vn -0.707108 -0.707105 -0.000000
vn -0.707110 -0.707104 0.000000
vn -0.707110 -0.707104 0.000000
vn -0.707110 -0.707104 0.000000
vn -0.707110 -0.707104 0.000000
vn -0.707108 -0.707105 0.000000
vn -0.707108 -0.707105 0.000000
vn -0.707107 -0.707107 0.000000
vn -0.707107 -0.707107 0.000000
vn -0.707107 -0.707107 0.000000
vn -0.707107 -0.707107 0.000000
vn -0.707107 -0.707107 -0.000001
vn -0.707107 -0.707107 0.000001
vn -0.707106 -0.707107 0.000000
vn -0.707106 -0.707107 0.000000
vn -0.707105 -0.707108 0.000000
vn -0.707105 -0.707108 0.000000
vn -0.707107 -0.707107 0.000000
vn -0.707107 -0.707107 0.000000
vn -0.707105 -0.707108 0.000000
vn -0.707105 -0.707108 0.000000
vn -0.707105 -0.707108 0.000000
vn -0.707105 -0.707108 0.000000
vn -0.707106 -0.707107 0.000000
vn -0.707107 -0.707107 -0.000000
vn -0.707107 -0.707107 -0.000000
vn -0.707107 -0.707107 0.000000
vn -0.707108 -0.707105 0.000000
vn -0.707108 -0.707105 -0.000000
vn -0.707108 -0.707105 -0.000000
vn -0.707107 -0.707107 0.000000
vn -0.707107 -0.707107 0.000000
vn -0.707107 -0.707107 0.000000
vn -0.707107 -0.707107 0.000000
vn -0.707106 -0.707107 0.000001
vn -0.707110 -0.707104 0.000004
vn -0.707105 -0.707109 0.000004
vn -0.707107 -0.707107 -0.000000
vn -0.707106 -0.707107 0.000000
vn -0.707106 -0.707107 0.000000
vn -0.707105 -0.707108 0.000001
vn -0.707106 -0.707108 0.000002
vn -0.707109 -0.707105 -0.000001
vn -0.707107 -0.707106 0.000000
vn -0.707106 -0.707106 0.001750
vn -0.707108 -0.707105 -0.000000
vn -0.707108 -0.707105 -0.000000
vn -0.707105 -0.707108 -0.000000
vn -0.707105 -0.707108 -0.000000
vn -0.707108 -0.707105 -0.000000
vn -0.707108 -0.707105 -0.000000
vn -0.707110 -0.707104 0.000000
vn -0.707110 -0.707104 0.000000
vn -0.707108 -0.707105 -0.000000
vn -0.707108 -0.707105 -0.000000
vn -0.707107 -0.707107 0.000000
vn -0.707107 -0.707107 0.000000
vn -0.707107 -0.707107 0.000000
vn -0.707106 -0.707107 0.000000
vn -0.707107 -0.707107 0.000000
vn -0.707107 -0.707107 0.000000
vn -0.707107 -0.707106 0.000000
vn -0.707106 -0.707107 0.000000
vn -0.707107 -0.707107 0.000000
vn -0.707107 -0.707107 0.000000
vn -0.707107 -0.707107 0.000000
vn -0.707106 -0.707107 -0.000001
vn -0.707110 -0.707104 -0.000004
vn -0.707118 -0.707095 -0.000004
vn -0.707107 -0.707107 -0.000000
vn -0.707107 -0.707107 0.000000
vn -0.707106 -0.707107 0.000000
vn -0.707110 -0.707104 0.000000
vn -0.707110 -0.707104 0.000000
vn -0.707106 -0.707107 0.000000
vn -0.707107 -0.707107 0.000001
vn -0.707106 -0.707107 -0.000000
vn -0.707106 -0.707107 -0.000000
vn -0.707110 -0.707104 -0.000000
vn -0.707110 -0.707104 -0.000000
vn -0.707105 -0.707108 -0.000000
vn -0.707105 -0.707108 -0.000000
vn -0.707107 -0.707107 -0.000000
vn -0.707107 -0.707107 -0.000000
vn -0.707105 -0.707108 -0.000000
vn -0.707105 -0.707108 -0.000000
vn -0.707107 -0.707107 -0.000001
vn -0.707107 -0.707107 -0.000000
vn -0.707107 -0.707107 -0.000000
vn -0.707107 -0.707107 -0.000000
vn -0.707107 -0.707107 -0.000000
vn -0.707108 -0.707105 -0.000000
vn -0.707108 -0.707105 -0.000000
vn -0.707107 -0.707107 0.000000
vn -0.707107 -0.707107 0.000000
vn -0.707107 -0.707107 -0.000000
vn -0.706747 -0.707462 0.002625
vn -0.707107 -0.707107 0.000000
vn -0.707107 -0.707107 0.000000
vn -0.707107 -0.707107 -0.000000
vn -0.706747 -0.707462 0.002625
vn -0.500004 -0.500001 -0.707103
vn -0.499998 -0.500028 -0.707088
vn -0.000000 0.000000 -1.000000
vn 0.000000 0.000000 -1.000000
vn 0.000000 0.000000 -1.000000
vn -0.000000 0.000000 -1.000000
vn 0.000000 0.000000 -1.000000
vn 0.000000 -0.000000 -1.000000
vn -0.503788 -0.503791 -0.701707
vn -0.500006 -0.500004 -0.707100
vn -0.500004 -0.500004 -0.707101
vn -0.500004 -0.500004 -0.707101
vn -1.000000 0.000000 0.000000
vn -1.000000 0.000000 0.000000
vn -1.000000 0.000000 0.000000
vn -1.000000 0.000000 0.000000
vn 0.713124 -0.701038 0.000000
vn 0.713124 -0.701038 0.000000
vn 0.707107 -0.707107 -0.000201
vn 0.707106 -0.707108 0.000000
vn -0.707107 -0.707107 0.000000
vn -0.707107 -0.707107 0.000000
vn -0.707102 -0.707112 0.000001
vn -0.707110 -0.707103 0.000004
vn -0.707103 -0.707110 -0.000004
vn -0.707107 -0.707106 0.000007
vn -0.707107 -0.707107 0.000000
vn -0.707107 -0.707107 0.000000
vn -0.707100 -0.707114 -0.000012
vn -0.707104 -0.707110 0.000000
vn 0.357809 -0.349275 0.866014
vn 0.343978 -0.363062 0.865948
vn 0.353565 -0.353565 0.866016
vn 0.353565 -0.353565 0.866016
vn -1.000000 0.000000 0.000000
vn -1.000000 0.000000 0.000000
vn -1.000000 0.000000 0.000000
vn -1.000000 0.000000 0.000000
vn -1.000000 0.000000 0.000000
vn -1.000000 0.000000 0.000000
vn -1.000000 0.000000 0.000000
vn -1.000000 0.000000 0.000000
vn -1.000000 0.000000 -0.000000
vn 0.354139 -0.354140 0.865547
vn 0.354498 -0.354497 0.865253
vn -0.701140 0.713024 0.000000
vn -0.707105 0.707108 -0.000002
vn -0.707107 0.707107 0.000000
vn -0.707107 0.707107 0.000000
vn -0.707107 0.707107 0.000000
vn -0.701140 0.713024 0.000000
vn -0.701140 0.713024 0.000000
vn -0.348371 0.354287 0.867824
vn -0.353552 0.353552 0.866026
vn -0.353556 0.353556 0.866023
vn -0.350612 0.356544 0.865995
vn -0.000000 0.000000 1.000000
vn 0.000000 0.000000 1.000000
vn 0.352565 -0.352565 -0.866831
vn 0.352746 -0.352748 -0.866683
vn -0.611799 0.611801 -0.501399
vn -0.611491 0.611491 -0.502152
vn -0.499999 -0.499998 0.707109
vn -0.499999 -0.499999 0.707108
vn -0.499567 -0.499567 0.707719
vn -0.707107 0.707107 0.000000
vn -0.707107 0.707107 0.000000
vn 0.000000 0.000000 1.000000
vn 0.000000 0.000000 1.000000
vn -0.348374 0.358718 -0.866001
vn -0.356572 0.350529 -0.866017
vn -0.707108 -0.707106 0.000001
vn -0.707105 -0.707108 -0.000001
vn -0.707107 -0.707107 -0.000002
vn -0.707103 -0.707110 -0.000003
vn -0.707107 -0.707107 0.000000
vn -0.707109 -0.707104 0.000004
vn -0.707108 -0.707105 -0.000000
vn -0.707108 -0.707106 -0.000000
vn -0.000000 -1.000000 0.000000
vn -0.000000 -1.000000 0.000000
vn -0.000000 -1.000000 0.000000
vn 0.000000 -1.000000 0.000000
vn 0.000000 -1.000000 0.000000
vn 0.000000 -1.000000 0.000000
vn 0.000000 -1.000000 0.000000
vn 0.000000 -1.000000 0.000000
vn 0.352280 -0.354830 0.866022
vn 0.345834 -0.361245 0.865968
vn 0.353550 -0.353550 0.866028
vn 0.353550 -0.353550 0.866028
vn -0.707108 -0.707105 0.000000
vn -0.707108 -0.707105 0.000000
vn -0.500006 -0.500006 -0.707099
vn -0.500004 -0.500005 -0.707100
vn -1.000000 0.000000 0.000000
vn -1.000000 0.000000 0.000000
vn 0.612814 -0.612812 0.498919
vn 0.612814 -0.612812 0.498919
vn 0.357778 -0.349315 -0.866010
vn 0.362127 -0.344923 -0.865963
vn 0.353541 -0.353541 -0.866036
vn 0.353538 -0.353537 -0.866039
vn -0.706758 -0.707455 -0.000879
vn -0.707459 -0.706754 0.000888
vn 0.612813 -0.612814 -0.498919
vn 0.612813 -0.612814 -0.498919
vn -0.612506 0.612504 0.499675
vn -0.613121 0.613122 0.498161
vn 0.357524 -0.351464 0.865245
vn 0.372385 -0.334451 0.865720
vn 0.353553 -0.353553 0.866025
vn 0.353553 -0.353554 0.866025
vn -0.707107 -0.707107 0.000000
vn 0.000000 0.000000 -1.000000
vn -0.000000 0.000000 -1.000000
vn -0.707107 -0.707107 0.000000
vn 0.702995 -0.702993 -0.107696
vn 0.702995 -0.702993 -0.107696
vn 0.670382 -0.670380 -0.318084
vn 0.670382 -0.670380 -0.318084
vn 0.606665 -0.606664 -0.513728
vn 0.606660 -0.606661 -0.513737
vn 0.514803 -0.514804 -0.685532
vn 0.514809 -0.514807 -0.685526
vn 0.399070 -0.399069 -0.825522
vn 0.399065 -0.399066 -0.825526
vn 0.264794 -0.264795 -0.927237
vn 0.264794 -0.264795 -0.927237
vn 0.264927 -0.264659 -0.927238
vn 0.264794 -0.264794 -0.927237
vn 0.399070 -0.399070 -0.825521
vn 0.399070 -0.399070 -0.825522
vn 0.514806 -0.514806 -0.685529
vn 0.515064 -0.514543 -0.685532
vn 0.606969 -0.606356 -0.513732
vn 0.606665 -0.606665 -0.513728
vn 0.670381 -0.670382 -0.318084
vn 0.670381 -0.670381 -0.318084
vn 0.702993 -0.702994 -0.107702
vn 0.702639 -0.703349 -0.107696
vn 0.707108 -0.707106 0.000000
vn 0.707108 -0.707106 0.000000
vn 0.706749 -0.707464 0.000000
vn 0.706749 -0.707464 0.000000
vn 0.707084 0.707129 0.000046
vn 0.704886 0.709302 -0.005109
vn 0.707129 0.707084 -0.000045
vn 0.707106 0.707108 0.000001
vn 0.707106 0.707107 0.000001
vn 0.707139 0.707075 -0.000024
vn 0.707107 0.707107 -0.000002
vn 0.707107 0.707107 -0.000000
vn 0.707107 0.707107 -0.000000
vn 0.707107 0.707107 0.000000
vn 0.707106 0.707107 0.000001
vn 0.707108 0.707106 0.000002
vn 0.707110 0.707104 -0.000000
vn 0.707107 0.707107 -0.000002
vn 0.707107 0.707107 -0.000002
vn 0.707110 0.707104 -0.000000
vn 0.707109 0.707105 0.000001
vn 0.707107 0.707107 0.000000
vn 0.707106 0.707108 0.000000
vn 0.707106 0.707108 0.000000
vn 0.707106 0.707108 0.000000
vn 0.707106 0.707108 0.000000
vn 0.707107 0.707107 0.000000
vn 0.707109 0.707105 -0.000001
vn 0.707110 0.707104 0.000000
vn 0.707108 0.707106 0.000002
vn 0.707106 0.707108 0.000001
vn 0.707108 0.707105 -0.000001
vn 0.707108 0.707106 -0.000002
vn 0.707107 0.707106 -0.000002
vn 0.707106 0.707106 0.001750
vn 0.707107 0.707107 0.000000
vn 0.707107 0.707107 0.000000
vn 0.707106 0.707107 -0.000001
vn 0.707107 0.707106 -0.000002
vn 0.707108 0.707105 -0.000001
vn 0.707108 0.707106 -0.000001
vn 0.707109 0.707104 -0.000000
vn 0.707106 0.707108 0.000000
vn 0.707106 0.707108 -0.000000
vn 0.707106 0.707108 -0.000000
vn 0.707109 0.707104 0.000000
vn 0.707108 0.707106 0.000001
vn 0.707108 0.707105 0.000001
vn 0.707108 0.707106 0.000002
vn 0.707106 0.707107 0.000001
vn 0.707107 0.707107 0.000000
vn 0.707107 0.707107 0.000000
vn 0.707107 0.707107 0.000000
vn 0.707108 0.707105 -0.000000
vn 0.707108 0.707105 -0.000000
vn 0.707106 0.707106 -0.001750
vn 0.707104 0.707109 0.000003
vn 0.707107 0.707107 0.000002
vn 0.707108 0.707105 0.000004
vn 0.707110 0.707104 0.000003
vn 0.707106 0.707107 -0.000001
vn 0.707108 0.707106 -0.000002
vn 0.707107 0.707107 -0.000002
vn 0.706749 0.707464 0.000229
vn 0.707107 0.707107 0.000000
vn 0.707107 0.707107 0.000000
vn 0.707107 0.707107 0.000000
vn 0.707107 0.707107 0.000000
vn 0.707107 0.707107 0.000000
vn 0.707107 0.707107 0.000000
vn 0.707108 0.707106 -0.000001
vn 0.707109 0.707104 -0.000000
vn 0.707106 0.707107 0.000000
vn 0.707106 0.707108 -0.000000
vn 0.707106 0.707108 -0.000000
vn 0.707109 0.707104 0.000000
vn 0.707108 0.707106 0.000001
vn 0.707107 0.707107 0.000000
vn 0.707107 0.707107 0.000000
vn 0.707107 0.707107 0.000000
vn 0.707107 0.707107 0.000000
vn 0.707107 0.707107 0.000000
vn 0.707105 0.707108 0.000001
vn 0.707107 0.707107 0.000002
vn 0.707108 0.707106 0.000002
vn 0.707106 0.707107 0.000001
vn 0.707108 0.707105 -0.000001
vn 0.707108 0.707106 -0.000002
vn 0.707108 0.707106 -0.000002
vn 0.707108 0.707105 -0.000001
vn 0.707106 0.707107 0.000001
vn 0.707108 0.707106 0.000002
vn 0.707110 0.707104 -0.000000
vn 0.707107 0.707107 -0.000002
vn 0.707107 0.707107 -0.000002
vn 0.707110 0.707104 -0.000000
vn 0.707108 0.707106 0.000002
vn 0.707106 0.707107 0.000001
vn 0.707105 0.707108 0.000001
vn 0.707106 0.707108 0.000002
vn 0.707109 0.707104 -0.000001
vn 0.707107 0.707107 -0.000002
vn 0.707105 0.707108 -0.000001
vn 0.707105 0.707108 -0.000001
vn 0.707107 0.707107 -0.000003
vn 0.707821 0.706391 0.000547
vn 0.707105 0.707108 0.000001
vn 0.707108 0.707105 0.000001
vn 0.707106 0.707107 -0.000001
vn 0.707108 0.707106 -0.000002
vn 0.707110 0.707104 0.000000
vn 0.707107 0.707107 0.000002
vn 0.707107 0.707107 0.000002
vn 0.707110 0.707104 0.000000
vn 0.707108 0.707106 -0.000002
vn 0.707106 0.707107 -0.000001
vn 0.707105 0.707108 -0.000001
vn 0.707106 0.707108 -0.000002
vn 0.707109 0.707105 0.000001
vn 0.707107 0.707107 0.000002
vn 0.707105 0.707108 0.000001
vn 0.707105 0.707108 0.000001
vn 0.707109 0.707105 0.000006
vn 0.707105 0.707109 0.000003
vn 0.707105 0.707108 0.000000
vn 0.707105 0.707108 0.000000
vn 0.707105 0.707108 -0.000004
vn 0.707109 0.707105 -0.000001
vn 0.707110 0.707104 0.000000
vn 0.707110 0.707104 0.000000
vn 0.707110 0.707104 -0.000000
vn 0.707099 0.707114 0.000008
vn 0.707106 0.707107 0.000001
vn 0.705076 0.709130 -0.001615
vn 0.711157 0.703025 0.003240
vn 0.705087 0.709119 -0.001601
vn 0.707108 0.707106 0.000002
vn 0.707110 0.707104 -0.000000
vn 0.707107 0.707107 -0.000002
vn 0.707107 0.707107 -0.000002
vn 0.707110 0.707104 -0.000000
vn 0.707107 0.707106 0.000002
vn 0.707106 0.707107 0.000001
vn 0.707107 0.707107 0.000000
vn 0.707107 0.707107 0.000000
vn 0.707107 0.707107 0.000000
vn 0.707107 0.707107 0.000000
vn 0.707107 0.707107 0.000000
vn 0.707107 0.707107 0.000000
vn 0.707107 0.707107 0.000000
vn 0.707107 0.707107 0.000000
vn 0.707108 0.707106 0.000001
vn 0.707109 0.707104 0.000000
vn 0.707105 0.707108 0.000000
vn 0.707106 0.707108 0.000000
vn 0.707110 0.707104 0.000000
vn 0.707110 0.707104 -0.000000
vn 0.707110 0.707104 -0.000000
vn 0.706747 0.707462 0.002625
vn 0.707107 0.707107 0.000000
vn 0.707107 0.707107 0.000000
vn 0.707107 0.707107 -0.000000
vn 0.707107 0.707107 -0.000000
vn 0.707107 0.707107 -0.000000
vn 0.707107 0.707107 -0.000000
vn 0.707107 0.707107 0.000000
vn 0.707107 0.707107 0.000000
vn 0.707110 0.707104 -0.000000
vn 0.707110 0.707104 -0.000000
vn 0.707110 0.707104 -0.000000
vn 0.707110 0.707104 0.000000
vn 0.707107 0.707106 -0.000002
vn 0.707107 0.707106 0.000002
vn 0.707106 0.707107 0.000001
vn 0.707110 0.707104 -0.000003
vn 0.707108 0.707105 -0.000004
vn 0.707107 0.707107 -0.000002
vn 0.707107 0.707107 -0.000002
vn 0.707106 0.707106 0.001750
vn 0.706747 0.707462 -0.002625
vn 0.706748 0.707465 -0.000231
vn 0.707107 0.707107 0.000002
vn 0.707107 0.707107 0.000000
vn 0.707107 0.707107 0.000000
vn 0.707107 0.707107 -0.000002
vn 0.707105 0.707108 -0.000001
vn 0.707107 0.707107 0.000000
vn 0.707107 0.707107 0.000000
vn 0.707107 0.707107 0.000000
vn 0.707107 0.707107 0.000000
vn 0.707107 0.707107 0.000000
vn 0.707108 0.707106 -0.000001
vn 0.707109 0.707104 -0.000000
vn 0.707105 0.707108 0.000000
vn 0.707106 0.707108 -0.000000
vn 0.707106 0.707108 -0.000000
vn 0.707109 0.707104 0.000000
vn 0.707108 0.707106 0.000001
vn 0.707107 0.707107 0.000000
vn 0.707107 0.707107 0.000000
vn 0.707107 0.707107 0.000000
vn 0.707107 0.707107 0.000000
vn 0.707107 0.707107 0.000000
vn 0.707107 0.707107 0.000000
vn 0.707107 0.707107 -0.000000
vn 0.707107 0.707107 -0.000000
vn 0.707107 0.707107 0.000000
vn 0.707107 0.707107 0.000000
vn 0.707107 0.707107 0.000000
vn 0.707107 0.707107 0.000000
vn 0.707107 0.707107 0.000000
vn 0.706022 0.708185 -0.002647
vn 0.707107 0.707107 0.000000
vn 0.707107 0.707107 0.000000
vn 0.707107 0.707107 -0.000000
vn 0.707107 0.707107 -0.000000
vn 0.707106 0.707107 -0.000001
vn 0.707106 0.707106 -0.001750
vn 0.707107 0.707107 -0.000003
vn 0.707107 0.707107 -0.000002
vn 0.707107 0.707107 -0.000002
vn 0.707110 0.707104 -0.000000
vn 0.707107 0.707106 0.000002
vn 0.707106 0.707107 0.000001
vn 0.707105 0.707108 0.000001
vn 0.707106 0.707108 0.000002
vn 0.707109 0.707105 -0.000001
vn 0.707107 0.707107 -0.000002
vn 0.707106 0.707108 -0.000002
vn 0.707105 0.707109 -0.000002
vn 0.707105 0.707108 -0.000004
vn 0.707110 0.707104 0.000000
vn 0.707110 0.707104 0.000000
vn 0.707110 0.707104 0.000000
vn 0.707107 0.707107 0.000002
vn 0.707107 0.707107 0.000002
vn 0.707107 0.707107 0.000002
vn 0.707106 0.707106 0.001750
vn 0.707106 0.707107 -0.000001
vn 0.707099 0.707114 -0.000008
vn 0.707110 0.707104 0.000000
vn 0.707110 0.707104 0.000000
vn 0.707110 0.707104 0.000000
vn 0.707110 0.707104 -0.000000
vn 0.707107 0.707106 0.000002
vn 0.707106 0.707107 0.000001
vn 0.707108 0.707105 -0.000001
vn 0.707110 0.707104 0.000000
vn 0.707110 0.707104 0.000000
vn 0.707110 0.707104 0.000000
vn 0.707107 0.707107 0.000002
vn 0.707107 0.707107 0.000002
vn 0.707106 0.707106 -0.001750
vn 0.707107 0.707107 -0.000003
vn 0.707110 0.707104 -0.000000
vn 0.707110 0.707104 -0.000000
vn 0.707110 0.707104 -0.000000
vn 0.707110 0.707104 0.000000
vn 0.707107 0.707107 0.000002
vn 0.707107 0.707107 0.000002
vn 0.707110 0.707104 0.000000
vn 0.707108 0.707106 -0.000002
vn 0.707106 0.707107 -0.000001
vn 0.707105 0.707108 -0.000001
vn 0.707106 0.707108 -0.000002
vn 0.707109 0.707105 0.000001
vn 0.707105 0.707108 0.000004
vn 0.707105 0.707109 0.000003
vn 0.707109 0.707105 -0.000001
vn 0.707107 0.707107 -0.000002
vn 0.707105 0.707108 -0.000001
vn 0.707105 0.707108 -0.000001
vn 0.707107 0.707107 -0.000002
vn 0.707109 0.707105 -0.000001
vn 0.707105 0.707109 0.000003
vn 0.707105 0.707108 0.000004
vn 0.707109 0.707105 0.000001
vn 0.707106 0.707108 -0.000002
vn 0.707105 0.707108 -0.000001
vn 0.707106 0.707107 -0.000001
vn 0.707110 0.707104 -0.000004
vn 0.707101 0.707113 -0.000004
vn 0.707106 0.707108 -0.000000
vn 0.707108 0.707105 0.000003
vn 0.707105 0.707108 -0.000003
vn 0.707105 0.707108 0.000000
vn 0.707105 0.707108 0.000000
vn 0.707107 0.707107 -0.000002
vn 0.707107 0.707107 -0.000002
vn 0.707110 0.707104 -0.000000
vn 0.707107 0.707106 0.000002
vn 0.707106 0.707107 0.000001
vn 0.707105 0.707108 0.000001
vn 0.707106 0.707108 0.000002
vn 0.707109 0.707105 -0.000001
vn 0.707107 0.707107 -0.000002
vn 0.707105 0.707108 -0.000001
vn 0.707105 0.707108 -0.000001
vn 0.707107 0.707107 -0.000003
vn 0.707821 0.706391 0.000547
vn 0.707105 0.707108 0.000001
vn 0.707110 0.707104 0.000000
vn 0.707110 0.707104 0.000000
vn 0.707110 0.707104 0.000000
vn 0.707107 0.707107 0.000002
vn 0.707108 0.707105 0.000004
vn 0.707100 0.707114 0.000008
vn 0.707098 0.707116 0.000003
vn 0.705003 0.709185 -0.005196
vn 0.708180 0.706027 0.002639
vn 0.707108 0.707105 0.000001
vn 0.707106 0.707108 -0.000001
vn 0.707108 0.707106 -0.000002
vn 0.707110 0.707104 0.000000
vn 0.707107 0.707107 0.000002
vn 0.707107 0.707107 0.000002
vn 0.707110 0.707104 0.000000
vn 0.707107 0.707106 -0.000002
vn 0.707106 0.707107 -0.000001
vn 0.707107 0.707107 0.000000
vn 0.707107 0.707107 0.000000
vn 0.707107 0.707107 0.000000
vn 0.707107 0.707107 0.000000
vn 0.707106 0.707107 -0.000001
vn 0.707108 0.707106 -0.000002
vn 0.707108 0.707105 -0.000001
vn 0.707108 0.707106 -0.000001
vn 0.707109 0.707104 -0.000000
vn 0.707106 0.707108 0.000000
vn 0.707106 0.707108 -0.000000
vn 0.707106 0.707108 -0.000000
vn 0.707109 0.707104 0.000000
vn 0.707108 0.707106 0.000001
vn 0.707108 0.707105 0.000001
vn 0.707108 0.707106 0.000002
vn 0.707106 0.707107 0.000001
vn 0.707107 0.707107 0.000000
vn 0.707107 0.707107 0.000000
vn 0.707107 0.707107 0.000000
vn 0.707110 0.707104 -0.000000
vn 0.707110 0.707104 -0.000000
vn 0.707110 0.707104 -0.000000
vn 0.707107 0.707107 0.000002
vn 0.707107 0.707107 0.000002
vn 0.706055 0.708152 0.002640
vn 0.706070 0.708137 0.002601
vn 0.709064 0.705125 -0.005177
vn 0.707129 0.707084 0.000018
vn 0.707105 0.707109 0.000001
vn 0.707110 0.707104 -0.000004
vn 0.707088 0.707125 -0.000004
vn 0.707106 0.707108 -0.000000
vn 0.707117 0.707096 0.000004
vn 0.707110 0.707104 0.000004
vn 0.707106 0.707107 0.000001
vn 0.707105 0.707108 0.000001
vn 0.707106 0.707108 0.000002
vn 0.707109 0.707105 -0.000001
vn 0.706749 0.707464 -0.000275
vn 0.706749 0.707464 0.000874
vn 0.707108 0.707106 0.000000
vn 0.707129 0.707085 0.000004
vn 0.707106 0.707108 0.000000
vn 0.707110 0.707104 0.000004
vn 0.707106 0.707107 0.000001
vn 0.707105 0.707108 0.000001
vn 0.707107 0.707107 0.000002
vn 0.707106 0.707108 0.000002
vn 0.707106 0.707106 -0.001750
vn 0.707108 0.707105 0.000000
vn 0.707108 0.707105 0.000000
vn 0.707108 0.707105 0.000001
vn 0.707110 0.707104 0.000000
vn 0.707107 0.707106 0.000002
vn 0.707106 0.707107 0.000001
vn 0.707107 0.707107 0.000000
vn 0.707107 0.707107 0.000000
vn 0.707105 0.707108 0.000001
vn 0.707107 0.707107 0.000002
vn 0.707109 0.707105 0.000001
vn 0.707105 0.707109 -0.000003
vn 0.707105 0.707108 -0.000004
vn 0.707109 0.707105 -0.000001
vn 0.707106 0.707108 0.000002
vn 0.707105 0.707108 0.000001
vn 0.707106 0.707107 0.000001
vn 0.707108 0.707106 0.000002
vn 0.707110 0.707104 -0.000000
vn 0.707107 0.707107 -0.000002
vn 0.707107 0.707107 -0.000002
vn 0.707108 0.707105 -0.000001
vn 0.707107 0.707107 0.000000
vn 0.707107 0.707107 0.000000
vn 0.707108 0.707105 -0.000001
vn 0.707107 0.707107 -0.000002
vn 0.707107 0.707107 -0.000002
vn 0.707110 0.707104 -0.000000
vn 0.707107 0.707106 0.000002
vn 0.707106 0.707107 0.000001
vn 0.707107 0.707107 0.000000
vn 0.707107 0.707107 0.000000
vn 0.707107 0.707107 0.000000
vn 0.707107 0.707107 0.000000
vn 0.707107 0.707107 0.000000
vn 0.707107 0.707107 0.000000
vn 0.707107 0.707107 0.000000
vn 0.707108 0.707106 0.000001
vn 0.707109 0.707104 0.000000
vn 0.707106 0.707107 0.000000
vn 0.707106 0.707108 0.000000
vn 0.707106 0.707108 0.000000
vn 0.707109 0.707104 0.000000
vn 0.707108 0.707106 -0.000001
vn 0.707107 0.707107 0.000000
vn 0.707107 0.707107 0.000000
vn 0.707107 0.707107 0.000000
vn 0.707107 0.707107 0.000000
vn 0.707107 0.707107 0.000000
vn 0.707105 0.707108 -0.000001
vn 0.707107 0.707107 -0.000002
vn 0.707108 0.707106 -0.000002
vn 0.707107 0.707106 -0.000002
vn 0.707108 0.707105 -0.000001
vn 0.706749 0.707464 0.000273
vn 0.707108 0.707106 0.000002
vn 0.707108 0.707106 0.000002
vn 0.707108 0.707105 0.000001
vn 0.707106 0.707107 -0.000001
vn 0.707108 0.707106 -0.000002
vn 0.707110 0.707104 0.000000
vn 0.707107 0.707107 0.000002
vn 0.707107 0.707107 0.000002
vn 0.707110 0.707104 0.000000
vn 0.707108 0.707106 -0.000002
vn 0.707106 0.707107 -0.000001
vn 0.707105 0.707108 -0.000001
vn 0.707106 0.707108 -0.000002
vn 0.707109 0.707105 0.000001
vn 0.707105 0.707108 0.000004
vn 0.707105 0.707109 0.000003
vn 0.707109 0.707105 -0.000001
vn 0.707107 0.707107 -0.000002
vn 0.707105 0.707108 -0.000001
vn 0.707105 0.707108 -0.000001
vn 0.707107 0.707107 -0.000002
vn 0.707109 0.707105 -0.000001
vn 0.707106 0.707108 0.000002
vn 0.707105 0.707108 0.000001
vn 0.706749 0.707464 0.000273
vn 0.707109 0.707105 0.000001
vn 0.707106 0.707108 -0.000002
vn 0.707105 0.707108 -0.000001
vn 0.707106 0.707107 -0.000001
vn 0.707110 0.707104 -0.000004
vn 0.707074 0.707140 -0.000004
vn 0.707107 0.707106 0.000002
vn 0.707106 0.707108 0.000001
vn 0.707108 0.707105 -0.000001
vn 0.707107 0.707106 -0.000002
vn 0.707106 0.707107 -0.000001
vn 0.707105 0.707108 -0.000001
vn 0.707106 0.707108 -0.000002
vn 0.707109 0.707105 0.000001
vn 0.707105 0.707108 0.000004
vn 0.707109 0.707105 0.000007
vn 0.706019 0.708188 0.002633
vn 0.706033 0.708179 -0.000000
vn 0.707109 0.707104 -0.000002
vn 0.707109 0.707104 -0.000002
vn 0.707107 0.707107 -0.000000
vn 0.707107 0.707107 -0.000000
vn 0.707105 0.707108 -0.000002
vn 0.707105 0.707108 -0.000000
vn 0.707105 0.707108 -0.000000
vn 0.707105 0.707108 -0.000001
vn 0.707106 0.707108 -0.000002
vn 0.707109 0.707105 0.000001
vn 0.707107 0.707107 0.000002
vn 0.707105 0.707108 0.000001
vn 0.707105 0.707108 0.000001
vn 0.708187 0.706020 -0.002640
vn 0.707111 0.707102 0.000000
vn 0.707821 0.706391 0.000000
vn 0.707105 0.707108 0.000001
vn 0.707103 0.707110 0.000000
vn 0.707107 0.707107 0.000002
vn 0.707107 0.707107 0.000000
vn 0.707105 0.707108 0.000001
vn 0.707107 0.707107 0.000001
vn 0.706033 0.708179 -0.000001
vn 0.707107 0.707107 -0.000000
vn 0.707107 0.707107 -0.000000
vn 0.707107 0.707107 -0.000000
vn 0.707105 0.707108 0.000000
vn 0.707105 0.707108 0.000000
vn 0.707108 0.707105 -0.000015
vn 0.707108 0.707105 0.000001
vn 0.709222 0.704985 0.000029
vn 0.707107 0.707107 0.000000
vn 0.707107 0.707107 -0.000000
vn 0.707109 0.707105 0.000001
vn 0.707106 0.707108 -0.000002
vn 0.707105 0.707108 -0.000001
vn 0.707107 0.707107 0.000000
vn 0.704931 0.709276 0.000039
vn 0.709288 0.704919 -0.000043
vn 0.707107 0.707107 0.000000
vn 0.707108 0.707105 -0.000000
vn 0.707105 0.707108 0.000000
vn 0.707105 0.707108 0.000000
vn 0.706749 0.707464 -0.000874
vn 0.707107 0.707107 -0.000000
vn 0.707107 0.707107 -0.000000
vn 0.707107 0.707107 -0.000000
vn 0.707107 0.707107 0.000000
vn 0.707107 0.707107 0.000000
vn 0.707108 0.707105 -0.000000
vn 0.707108 0.707105 -0.000000
vn 0.707108 0.707105 -0.000000
vn 0.706747 0.707462 -0.002625
vn 0.707107 0.707107 -0.000000
vn 0.707107 0.707107 -0.000000
vn 0.707108 0.707106 -0.000002
vn 0.705069 0.709137 0.001609
vn 0.711166 0.703016 -0.003231
vn 0.705087 0.709119 0.001601
vn 0.707107 0.707107 0.000000
vn 0.707107 0.707107 0.000000
vn 0.707107 0.707107 0.000000
vn 0.707108 0.707106 -0.000001
vn 0.707109 0.707104 -0.000000
vn 0.707105 0.707108 0.000000
vn 0.707106 0.707108 -0.000000
vn 0.707107 0.707107 -0.000000
vn 0.707107 0.707107 -0.000000
vn 0.707107 0.707107 0.000000
vn 0.707107 0.707107 0.000000
vn 0.706022 0.708185 0.002647
vn 0.707107 0.707107 -0.000000
vn 0.707107 0.707107 -0.000000
vn 0.707110 0.707104 0.000000
vn 0.707110 0.707104 0.000000
vn 0.707108 0.707105 0.000000
vn 0.707108 0.707105 0.000000
vn 0.707082 0.707132 -0.000082
vn 0.707057 0.707156 0.000077
vn 0.707107 0.707107 -0.000000
vn 0.707108 0.707105 0.000000
vn 0.707107 0.707107 -0.000000
vn 0.707107 0.707107 -0.000000
vn 0.707107 0.707107 0.000002
vn 0.707108 0.707106 0.000002
vn 0.707108 0.707106 0.000002
vn 0.707108 0.707105 0.000001
vn 0.707106 0.707107 -0.000001
vn 0.707108 0.707106 -0.000002
vn 0.707107 0.707107 -0.000000
vn 0.707107 0.707107 -0.000000
vn 0.707107 0.707107 0.000000
vn 0.707107 0.707107 0.000000
vn 0.707107 0.707107 0.000000
vn 0.707107 0.707107 0.000000
vn 0.707106 0.707107 -0.000001
vn 0.707106 0.707108 -0.000001
vn 0.707110 0.707104 0.000003
vn 0.707108 0.707105 0.000004
vn 0.707107 0.707107 0.000002
vn 0.707108 0.707105 0.000001
vn 0.707108 0.707105 0.000001
vn 0.707112 0.707102 -0.000000
vn 0.707095 0.707119 0.000000
vn 0.707108 0.707105 0.000003
vn 0.707106 0.707107 0.000002
vn 0.707110 0.707103 -0.000002
vn 0.707107 0.707107 0.000000
vn 0.707106 0.707108 0.000000
vn 0.707107 0.707107 0.000001
vn 0.707110 0.707104 -0.000001
vn 0.707107 0.707107 -0.000001
vn 0.707107 0.707106 -0.000001
vn 0.707107 0.707106 -0.000001
vn 0.707101 0.707112 -0.000009
vn 0.707106 0.707108 0.000001
vn 0.707108 0.707106 0.000006
vn 0.707107 0.707107 0.000000
vn 0.707107 0.707107 0.000000
vn 0.707110 0.707104 0.000000
vn 0.707110 0.707104 0.000000
vn 0.707110 0.707104 0.000000
vn 0.707110 0.707104 0.000000
vn 0.707106 0.707108 0.000000
vn 0.707107 0.707107 0.000000
vn 0.707093 0.707120 0.000004
vn 0.707107 0.707107 -0.000002
vn 0.707110 0.707103 0.000004
vn 0.707110 0.707103 0.000004
vn 0.707098 0.707115 -0.000005
vn 0.707109 0.707104 -0.000000
vn 0.707107 0.707107 0.000000
vn 0.707108 0.707106 0.000002
vn 0.707108 0.707106 0.000002
vn 0.707105 0.707108 0.000004
vn 0.707105 0.707109 0.000003
vn 0.707109 0.707105 -0.000001
vn 0.707107 0.707107 -0.000002
vn 0.707105 0.707108 -0.000001
vn 0.707107 0.707107 0.000000
vn 0.707107 0.707107 0.000000
vn 0.707106 0.707108 -0.000001
vn 0.707108 0.707106 -0.000002
vn 0.707108 0.707105 -0.000001
vn 0.707107 0.707107 0.000000
vn 0.709278 0.704929 0.000066
vn 0.707108 0.707106 -0.000002
vn 0.707108 0.707106 -0.000002
vn 0.707106 0.707108 -0.000002
vn 0.707106 0.707108 -0.000002
vn 0.707107 0.707107 -0.000002
vn 0.707106 0.707106 0.001750
vn 0.707107 0.707107 0.000000
vn 0.707107 0.707107 0.000000
vn 0.707105 0.707108 0.000002
vn 0.707105 0.707108 -0.000004
vn 0.707105 0.707108 -0.000004
vn 0.707105 0.707109 -0.000003
vn 0.707106 0.707108 -0.000002
vn 0.707104 0.707110 0.000000
vn 0.707118 0.707095 -0.000004
vn 0.707105 0.707109 0.000001
vn 0.707117 0.707097 0.000000
vn 0.707107 0.707107 0.000000
vn 0.707107 0.707107 0.000000
vn 0.707107 0.707107 0.000002
vn 0.707072 0.707142 -0.000014
vn 0.707109 0.707104 0.000002
vn 0.707109 0.707104 0.000002
vn 0.706033 0.708179 -0.000000
vn 0.707098 0.707116 0.000000
vn 0.707111 0.707102 -0.000000
vn 0.708189 0.706018 0.002625
vn 0.707107 0.707107 -0.000000
vn 0.707107 0.707107 -0.000000
vn 0.707105 0.707108 -0.000001
vn 0.707106 0.707108 -0.000001
vn 0.707110 0.707104 -0.000004
vn 0.707129 0.707085 -0.000004
vn 0.707106 0.707108 -0.000000
vn 0.707074 0.707139 0.000004
vn 0.707110 0.707104 0.000004
vn 0.707106 0.707107 0.000001
vn 0.707105 0.707108 0.000001
vn 0.707106 0.707108 0.000002
vn 0.707109 0.707105 -0.000001
vn 0.706749 0.707464 -0.000275
vn 0.706749 0.707464 0.000874
vn 0.707108 0.707106 0.000000
vn 0.707088 0.707126 0.000004
vn 0.707106 0.707108 0.000000
vn 0.707110 0.707104 0.000004
vn 0.707108 0.707106 0.000002
vn 0.707082 0.707131 0.000020
vn 0.707070 0.707144 -0.000012
vn 0.706068 0.708139 -0.002615
vn 0.707107 0.707107 0.000000
vn 0.707108 0.707105 -0.000001
vn 0.707108 0.707106 -0.000002
vn 0.707106 0.707108 -0.000001
vn 0.707108 0.707105 0.000001
vn 0.707107 0.707106 0.000002
vn 0.707106 0.707107 0.000001
vn 0.707105 0.707108 0.000001
vn 0.707106 0.707108 0.000002
vn 0.707109 0.707105 -0.000001
vn 0.707108 0.707105 -0.000000
vn 0.707108 0.707105 -0.000000
vn 0.707107 0.707107 -0.000000
vn 0.707107 0.707107 0.000000
vn 0.709221 0.704987 -0.000030
vn 0.707105 0.707108 -0.000000
vn 0.707105 0.707108 -0.000000
vn 0.707108 0.707105 0.000015
vn 0.707109 0.707105 0.000001
vn 0.707106 0.707108 -0.000002
vn 0.707105 0.707108 -0.000001
vn 0.707106 0.707107 -0.000001
vn 0.707110 0.707104 -0.000004
vn 0.707117 0.707096 -0.000004
vn 0.706749 0.707464 -0.000874
vn 0.706751 0.707463 0.000272
vn 0.707105 0.707108 0.000001
vn 0.707106 0.707108 0.000002
vn 0.707109 0.707105 -0.000001
vn 0.707107 0.707107 -0.000002
vn 0.707105 0.707108 -0.000001
vn 0.707105 0.707108 -0.000001
vn 0.707821 0.706391 -0.000544
vn 0.707821 0.706391 0.000000
vn 0.707107 0.707107 -0.000000
vn 0.707107 0.707107 -0.000000
vn 0.707105 0.707108 -0.000001
vn 0.707107 0.707107 -0.000000
vn 0.706033 0.708179 0.000001
vn 0.707107 0.707106 -0.000001
vn 0.707107 0.707107 0.000002
vn 0.707105 0.707108 0.000001
vn 0.707105 0.707108 0.000001
vn 0.707105 0.707108 0.000000
vn 0.707105 0.707108 0.000000
vn 0.707107 0.707107 -0.000000
vn 0.707107 0.707107 -0.000000
vn 0.707107 0.707107 0.000002
vn 0.707109 0.707105 0.000001
vn 0.707106 0.707108 -0.000002
vn 0.707105 0.707108 -0.000001
vn 0.707107 0.707107 0.000000
vn 0.707105 0.707108 -0.000000
vn 0.707105 0.707108 -0.000000
vn 0.706748 0.707464 0.000879
vn 0.706749 0.707464 0.000874
vn 0.706748 0.707465 -0.000273
vn 0.707105 0.707108 -0.000001
vn 0.707105 0.707108 -0.000000
vn 0.707105 0.707108 -0.000000
vn 0.707109 0.707104 -0.000001
vn 0.707106 0.707108 0.000002
vn 0.707105 0.707108 0.000001
vn 0.707106 0.707107 0.000001
vn 0.707110 0.707104 0.000004
vn 0.707139 0.707075 0.000003
vn 0.707106 0.707108 0.000000
vn 0.707060 0.707154 -0.000004
vn 0.707110 0.707104 -0.000004
vn 0.707106 0.707107 -0.000001
vn 0.707105 0.707108 -0.000001
vn 0.707107 0.707107 -0.000002
vn 0.707108 0.707106 -0.000003
vn 0.707107 0.707107 0.000000
vn 0.706393 0.707820 -0.000346
vn 0.707108 0.707106 -0.000001
vn 0.707105 0.707108 0.000000
vn 0.707105 0.707108 0.000000
vn 0.707106 0.707108 0.000002
vn 0.707104 0.707110 0.000000
vn 0.707105 0.707108 0.000001
vn 0.707105 0.707108 0.000000
vn 0.707108 0.707105 -0.000003
vn 0.707108 0.707105 0.000001
vn 0.707107 0.707106 0.000002
vn 0.707106 0.707107 0.000001
vn 0.707105 0.707108 0.000001
vn 0.707106 0.707108 0.000002
vn 0.707107 0.707107 0.000000
vn 0.707105 0.707108 0.000003
vn 0.707105 0.707108 -0.000004
vn 0.707105 0.707109 -0.000003
vn 0.707109 0.707105 0.000001
vn 0.707110 0.707104 0.000000
vn 0.707106 0.707108 -0.000002
vn 0.707109 0.707105 0.000001
vn 0.707107 0.707107 0.000002
vn 0.707105 0.707108 0.000001
vn 0.707821 0.706391 0.000000
vn 0.707107 0.707107 0.000000
vn 0.706749 0.707464 0.000000
vn 0.707107 0.707107 -0.000000
vn 0.707107 0.707107 -0.000000
vn 0.707106 0.707106 0.001750
vn 0.707108 0.707106 0.000000
vn 0.707149 0.707065 0.000003
vn 0.707106 0.707108 0.000000
vn 0.707106 0.707108 0.000000
vn 0.707149 0.707065 -0.000003
vn 0.707105 0.707108 -0.000004
vn 0.707107 0.707107 -0.000000
vn 0.707110 0.707104 0.000000
vn 0.707110 0.707104 0.000000
vn 0.707107 0.707106 0.000002
vn 0.707106 0.707108 0.000001
vn 0.707108 0.707105 -0.000001
vn 0.707107 0.707106 -0.000002
vn 0.707106 0.707107 -0.000001
vn 0.707105 0.707108 -0.000001
vn 0.707106 0.707108 -0.000002
vn 0.707109 0.707105 0.000001
vn 0.707105 0.707108 0.000004
vn 0.707105 0.707108 0.000004
vn 0.707107 0.707107 0.000000
vn 0.707105 0.707108 0.000004
vn 0.707107 0.707107 0.000000
vn 0.707110 0.707104 0.000000
vn 0.707110 0.707104 -0.000000
vn 0.707108 0.707106 -0.000002
vn 0.707106 0.707108 -0.000001
vn 0.707107 0.707107 0.000000
vn 0.707110 0.707104 -0.000000
vn 0.707108 0.707106 0.000000
vn 0.707060 0.707154 0.000004
vn 0.707106 0.707108 0.000000
vn 0.707110 0.707104 0.000004
vn 0.707106 0.707107 0.000001
vn 0.707105 0.707108 0.000001
vn 0.707107 0.707107 0.000002
vn 0.707108 0.707106 0.000003
vn 0.707107 0.707107 0.000000
vn 0.707107 0.707107 0.000000
vn 0.707107 0.707107 0.000000
vn 0.707108 0.707105 0.000001
vn 0.707107 0.707106 0.000002
vn 0.707106 0.707107 0.000001
vn 0.707107 0.707107 0.000000
vn 0.707107 0.707107 0.000000
vn 0.707105 0.707108 0.000001
vn 0.707105 0.707108 0.000001
vn 0.707107 0.707107 0.000000
vn 0.707825 0.706386 0.001741
vn 0.707106 0.707106 -0.001750
vn 0.707108 0.707105 -0.000000
vn 0.707108 0.707105 -0.000000
vn 0.707110 0.707104 0.000000
vn 0.707110 0.707104 0.000000
vn 0.707105 0.707108 -0.000000
vn 0.707105 0.707108 -0.000000
vn 0.707105 0.707109 0.000002
vn 0.707106 0.707108 0.000002
vn 0.707107 0.707107 0.000002
vn 0.707109 0.707105 0.000001
vn 0.707106 0.707108 -0.000002
vn 0.707105 0.707108 -0.000001
vn 0.707106 0.707108 -0.000001
vn 0.707108 0.707106 -0.000002
vn 0.707107 0.707107 -0.000000
vn 0.707107 0.707107 -0.000000
vn 0.707821 0.706391 0.000000
vn 0.707107 0.707107 -0.000000
vn 0.707109 0.707105 -0.000001
vn 0.707108 0.707105 0.000000
vn 0.707108 0.707105 0.000000
vn 0.707107 0.707107 -0.000000
vn 0.707107 0.707107 -0.000000
vn 0.707107 0.707107 -0.000000
vn 0.707107 0.707107 -0.000000
vn 0.707108 0.707105 0.000000
vn 0.707108 0.707105 0.000000
vn 0.707106 0.707108 0.000000
vn 0.707107 0.707107 0.000000
vn 0.707107 0.707107 0.000000
vn 0.707110 0.707104 -0.000000
vn 0.707110 0.707104 -0.000000
vn 0.707105 0.707108 0.000000
vn 0.707105 0.707108 0.000000
vn 0.707107 0.707107 0.000000
vn 0.707107 0.707107 0.000000
vn 0.707105 0.707108 -0.000000
vn 0.707105 0.707108 -0.000000
vn 0.707107 0.707107 0.000000
vn 0.707107 0.707107 0.000000
vn 0.707105 0.707108 -0.000000
vn 0.707105 0.707108 -0.000000
vn 0.707105 0.707108 0.000000
vn 0.707105 0.707108 0.000000
vn 0.707062 0.707152 0.000007
vn 0.707120 0.707094 -0.000011
vn 0.707105 0.707108 -0.000004
vn 0.707111 0.707103 0.000004
vn 0.707103 0.707110 -0.000004
vn 0.707110 0.707104 -0.000000
vn 0.707110 0.707104 -0.000000
vn 0.707110 0.707104 0.000001
vn 0.707106 0.707107 0.000001
vn 0.707107 0.707107 0.000000
vn 0.707105 0.707108 -0.000001
vn 0.707111 0.707102 -0.000002
vn 0.707108 0.707106 0.000002
vn 0.707106 0.707107 0.000001
vn 0.707108 0.707105 -0.000001
vn 0.707108 0.707106 -0.000002
vn 0.707108 0.707106 -0.000002
vn 0.707108 0.707105 -0.000001
vn 0.707106 0.707107 0.000001
vn 0.707108 0.707106 0.000002
vn 0.707107 0.707107 0.000002
vn 0.707105 0.707108 0.000001
vn 0.707107 0.707107 0.000000
vn 0.707107 0.707107 0.000000
vn 0.707107 0.707107 0.000000
vn 0.707107 0.707107 0.000000
vn 0.707107 0.707107 0.000000
vn 0.707108 0.707106 0.000001
vn 0.707109 0.707104 0.000000
vn 0.707106 0.707108 0.000000
vn 0.707106 0.707108 0.000000
vn 0.707109 0.707104 0.000005
vn 0.707107 0.707107 0.000000
vn 0.707107 0.707107 -0.000000
vn 0.707107 0.707107 -0.000000
vn 0.707108 0.707105 -0.000000
vn 0.707108 0.707105 -0.000000
vn 0.707106 0.707108 0.000000
vn 0.707105 0.707108 -0.000000
vn 0.707105 0.707108 -0.000000
vn 0.707105 0.707108 0.000001
vn 0.706749 0.707464 0.000273
vn 0.706749 0.707464 -0.000874
vn 0.707105 0.707108 0.000001
vn 0.707105 0.707108 0.000001
vn 0.707107 0.707107 0.000003
vn 0.707109 0.707105 0.000001
vn 0.707105 0.707109 -0.000003
vn 0.707105 0.707108 -0.000004
vn 0.707109 0.707105 -0.000001
vn 0.707106 0.707108 0.000002
vn 0.707105 0.707108 0.000001
vn 0.707106 0.707107 0.000001
vn 0.707108 0.707106 0.000002
vn 0.707110 0.707104 -0.000000
vn 0.707107 0.707107 -0.000002
vn 0.707107 0.707107 -0.000002
vn 0.707110 0.707104 -0.000000
vn 0.707107 0.707106 0.000002
vn 0.707106 0.707107 0.000001
vn 0.707108 0.707105 -0.000001
vn 0.707108 0.707106 -0.000002
vn 0.707108 0.707106 -0.000002
vn 0.707108 0.707105 -0.000001
vn 0.707106 0.707107 0.000001
vn 0.707108 0.707106 0.000002
vn 0.707107 0.707107 0.000002
vn 0.707105 0.707108 0.000001
vn 0.707107 0.707107 0.000000
vn 0.707107 0.707107 0.000000
vn 0.707107 0.707107 0.000000
vn 0.707107 0.707107 0.000000
vn 0.707107 0.707107 0.000000
vn 0.707108 0.707106 0.000001
vn 0.707109 0.707104 0.000000
vn 0.707106 0.707107 0.000000
vn 0.707106 0.707108 0.000000
vn 0.707106 0.707108 0.000000
vn 0.707109 0.707104 0.000000
vn 0.707108 0.707106 -0.000001
vn 0.707107 0.707107 0.000000
vn 0.707107 0.707107 0.000000
vn 0.707107 0.707107 0.000000
vn 0.707107 0.707107 -0.000000
vn 0.707107 0.707107 -0.000000
vn 0.707107 0.707107 -0.000002
vn 0.707105 0.707108 -0.000001
vn 0.707105 0.707108 -0.000001
vn 0.707107 0.707107 -0.000002
vn 0.707109 0.707105 -0.000001
vn 0.707106 0.707108 0.000002
vn 0.707107 0.707107 0.000000
vn 0.707107 0.707107 0.000000
vn 0.707106 0.707108 0.000000
vn 0.707107 0.707107 -0.000000
vn 0.707107 0.707107 -0.000000
vn 0.707106 0.707107 -0.000001
vn 0.707108 0.707105 0.000001
vn 0.707108 0.707106 0.000002
vn 0.707108 0.707106 0.000002
vn 0.707108 0.707105 0.000001
vn 0.707106 0.707107 -0.000001
vn 0.707108 0.707106 -0.000002
vn 0.707107 0.707107 -0.000002
vn 0.707105 0.707108 -0.000001
vn 0.707107 0.707107 0.000000
vn 0.707107 0.707107 0.000000
vn 0.707107 0.707107 0.000000
vn 0.707107 0.707107 0.000000
vn 0.707107 0.707107 0.000000
vn 0.707108 0.707106 -0.000001
vn 0.707109 0.707104 -0.000000
vn 0.707106 0.707108 0.000000
vn 0.707106 0.707108 -0.000000
vn 0.707109 0.707104 -0.000005
vn 0.707108 0.707105 -0.000000
vn 0.707108 0.707105 -0.000000
vn 0.707108 0.707106 -0.000002
vn 0.707106 0.707107 -0.000001
vn 0.707110 0.707104 -0.000000
vn 0.707110 0.707104 -0.000000
vn 0.707105 0.707108 0.000000
vn 0.707105 0.707108 0.000000
vn 0.707107 0.707106 -0.000003
vn 0.707107 0.707107 0.000000
vn 0.707107 0.707107 -0.000000
vn 0.707107 0.707107 -0.000000
vn 0.707107 0.707107 0.000002
vn 0.707109 0.707105 0.000001
vn 0.707105 0.707109 -0.000003
vn 0.707105 0.707108 -0.000004
vn 0.707109 0.707104 -0.000001
vn 0.707106 0.707108 0.000002
vn 0.707105 0.707108 0.000001
vn 0.707106 0.707107 0.000001
vn 0.707110 0.707104 0.000004
vn 0.707101 0.707113 0.000004
vn 0.707106 0.707108 0.000000
vn 0.707108 0.707105 -0.000003
vn 0.707105 0.707108 0.000000
vn 0.707105 0.707108 0.000000
vn 0.707105 0.707109 0.000014
vn 0.707106 0.707107 0.000004
vn 0.707107 0.707107 -0.000001
vn 0.707110 0.707104 0.000038
vn 0.707106 0.707107 -0.000004
vn 0.707109 0.707105 0.000001
vn 0.707105 0.707109 -0.000003
vn 0.707105 0.707108 -0.000004
vn 0.707109 0.707104 -0.000001
vn 0.707106 0.707108 0.000002
vn 0.707103 0.707110 -0.000000
vn 0.707105 0.707108 0.000001
vn 0.707107 0.707107 0.000002
vn 0.707105 0.707108 0.000001
vn 0.707105 0.707108 0.000001
vn 0.707105 0.707108 0.000000
vn 0.707105 0.707108 0.000000
vn 0.707105 0.707108 0.000003
vn 0.707107 0.707106 -0.000003
vn 0.707105 0.707108 0.000000
vn 0.707105 0.707108 0.000000
vn 0.707107 0.707107 -0.000000
vn 0.707107 0.707107 -0.000000
vn 0.707107 0.707107 -0.000000
vn 0.707107 0.707107 -0.000000
vn 0.707107 0.707107 -0.000000
vn 0.707107 0.707107 -0.000000
vn 0.707107 0.707107 0.000000
vn 0.707106 0.707107 0.000003
vn 0.707108 0.707105 -0.000014
vn 0.707108 0.707105 0.000000
vn 0.707108 0.707105 0.000000
vn 0.707107 0.707107 -0.000000
vn 0.707107 0.707107 -0.000000
vn 0.707107 0.707107 0.000000
vn 0.707107 0.707107 0.000000
vn 0.707106 0.707108 0.000000
vn 0.707105 0.707108 0.000000
vn 0.707105 0.707108 0.000000
vn 0.707105 0.707108 0.000001
vn 0.707106 0.707107 0.000001
vn 0.707108 0.707106 0.000002
vn 0.707110 0.707104 -0.000000
vn 0.707107 0.707107 -0.000002
vn 0.707107 0.707107 -0.000002
vn 0.707110 0.707104 0.000000
vn 0.707110 0.707104 0.000000
vn 0.707110 0.707104 0.000000
vn 0.707107 0.707107 0.000002
vn 0.707107 0.707107 0.000002
vn 0.707110 0.707104 0.000000
vn 0.707108 0.707106 -0.000002
vn 0.707106 0.707107 -0.000001
vn 0.707108 0.707105 0.000001
vn 0.707108 0.707106 0.000002
vn 0.707108 0.707106 0.000002
vn 0.707108 0.707105 0.000001
vn 0.707106 0.707107 -0.000001
vn 0.707108 0.707106 -0.000002
vn 0.707106 0.707108 0.000002
vn 0.707109 0.707105 -0.000001
vn 0.707105 0.707108 -0.000004
vn 0.707105 0.707108 -0.000004
vn 0.707108 0.707106 -0.000002
vn 0.707105 0.707108 0.000000
vn 0.707105 0.707108 0.000000
vn 0.707105 0.707108 0.000004
vn 0.707109 0.707105 0.000001
vn 0.707106 0.707108 -0.000002
vn 0.707105 0.707108 -0.000001
vn 0.707106 0.707107 -0.000001
vn 0.707108 0.707106 -0.000002
vn 0.707107 0.707107 0.000000
vn 0.707107 0.707107 0.000000
vn 0.707107 0.707107 -0.000000
vn 0.707107 0.707107 -0.000000
vn 0.707110 0.707104 -0.000000
vn 0.707110 0.707104 -0.000000
vn 0.707110 0.707104 -0.000034
vn 0.707107 0.707107 0.000001
vn 0.707106 0.707107 -0.000005
vn 0.707105 0.707108 -0.000015
vn 0.707105 0.707108 0.000000
vn 0.707105 0.707108 0.000000
vn 0.707107 0.707106 -0.000002
vn 0.707106 0.707107 0.000005
vn 0.707109 0.707105 -0.000001
vn 0.707105 0.707109 0.000003
vn 0.707107 0.707107 0.000000
vn 0.707107 0.707107 0.000000
vn 0.707106 0.707107 -0.000001
vn 0.707105 0.707108 -0.000001
vn 0.707106 0.707108 -0.000002
vn 0.707109 0.707105 0.000001
vn 0.707108 0.707106 -0.000000
vn 0.707139 0.707075 -0.000003
vn 0.707110 0.707104 -0.000004
vn 0.707110 0.707103 0.000000
vn 0.707107 0.707107 -0.000002
vn 0.707107 0.707107 -0.000002
vn 0.707110 0.707104 -0.000000
vn 0.707108 0.707106 0.000002
vn 0.707106 0.707107 0.000001
vn 0.707107 0.707107 -0.000000
vn 0.707110 0.707104 0.000000
vn 0.707110 0.707104 0.000000
vn 0.707108 0.707105 0.000000
vn 0.707108 0.707105 0.000000
vn 0.707108 0.707105 0.000014
vn 0.707106 0.707107 -0.000003
vn 0.707107 0.707107 0.000000
vn 0.707107 0.707107 -0.000000
vn 0.707107 0.707107 -0.000000
vn 0.707111 0.707102 -0.000002
vn 0.707099 0.707114 0.000007
vn 0.707113 0.707101 -0.000009
vn 0.707170 0.707043 0.000016
vn 0.707107 0.707106 0.000003
vn 0.707107 0.707107 0.000000
vn 0.707107 0.707106 0.000003
vn 0.707107 0.707107 0.000000
vn 0.707107 0.707107 0.000000
vn 0.707110 0.707104 -0.000000
vn 0.707110 0.707104 -0.000000
vn 0.707110 0.707104 -0.000000
vn 0.707110 0.707104 -0.000000
vn 0.707107 0.707107 0.000000
vn 0.707107 0.707107 0.000000
vn 0.707108 0.707106 0.000000
vn 0.706010 0.708197 0.002599
vn 0.707107 0.707107 0.000000
vn 0.707107 0.707107 0.000000
vn 0.707106 0.707108 0.000002
vn 0.707105 0.707108 0.000001
vn 0.707108 0.707105 -0.000000
vn 0.707108 0.707105 -0.000000
vn 0.707106 0.707106 -0.001750
vn 0.707105 0.707108 -0.000000
vn 0.707105 0.707108 -0.000000
vn 0.707105 0.707108 -0.000000
vn 0.707105 0.707108 -0.000000
vn 0.707108 0.707105 -0.000000
vn 0.707108 0.707105 -0.000000
vn 0.707110 0.707104 0.000000
vn 0.707110 0.707104 0.000000
vn 0.707108 0.707105 -0.000000
vn 0.707108 0.707105 -0.000000
vn 0.707108 0.707105 -0.000000
vn 0.707108 0.707105 -0.000000
vn 0.707107 0.707107 0.000000
vn 0.707106 0.707107 0.000000
vn 0.707106 0.707108 0.000000
vn 0.707108 0.707106 0.000000
vn 0.707107 0.707107 0.000000
vn 0.707107 0.707107 0.000000
vn 0.707106 0.707108 0.000000
vn 0.707106 0.707108 0.000000
vn 0.707108 0.707106 0.000000
vn 0.707106 0.707108 0.000000
vn 0.707105 0.707108 -0.000000
vn 0.707105 0.707108 -0.000000
vn 0.139044 -0.139044 -0.980476
vn 0.139044 -0.139044 -0.980476
vn 0.285605 -0.285605 -0.914800
vn 0.285605 -0.285605 -0.914800
vn 0.418668 -0.418668 -0.805875
vn 0.418668 -0.418668 -0.805875
vn 0.531936 -0.531936 -0.658854
vn 0.531933 -0.531935 -0.658857
vn 0.620062 -0.620063 -0.480672
vn 0.620062 -0.620063 -0.480672
vn 0.678866 -0.678867 -0.279786
vn 0.678868 -0.678868 -0.279781
vn -0.523545 0.523545 -0.672162
vn -0.523542 0.523544 -0.672165
vn -0.396602 0.396603 -0.827896
vn -0.396602 0.396603 -0.827896
vn -0.247301 0.247302 -0.936848
vn -0.247304 0.247304 -0.936846
vn -0.084024 0.084024 -0.992915
vn -0.084024 0.084024 -0.992915
vn 0.000000 0.000000 -1.000000
vn 0.000000 0.000000 -1.000000
vn 0.141340 -0.141340 0.979819
vn 0.141341 -0.141341 0.979819
vn 0.283116 -0.283117 0.916346
vn 0.283120 -0.283120 0.916344
vn 0.412374 -0.412374 0.812339
vn 0.412371 -0.412373 0.812341
vn 0.523393 -0.523395 0.672397
vn 0.523396 -0.523396 0.672394
vn 0.611255 -0.611255 0.502729
vn 0.611252 -0.611253 0.502733
vn 0.672081 -0.672083 0.310825
vn 0.672085 -0.672084 0.310813
vn 0.703187 -0.703185 0.105165
vn 0.703186 -0.703186 0.105159
vn -0.423103 0.423104 0.801228
vn -0.423099 0.423098 0.801233
vn -0.530284 0.530283 0.661513
vn -0.530287 0.530289 0.661506
vn -0.614934 0.614936 0.493670
vn -0.614934 0.614936 0.493670
vn -0.673449 0.673451 0.304845
vn -0.673449 0.673449 0.304851
vn -0.703340 0.703340 0.103079
vn -0.703340 0.703340 0.103079
vn -0.707107 0.707107 0.000000
vn -0.707107 0.707107 0.000000
vn -0.707107 0.707107 0.000000
vn -0.707107 0.707107 0.000000
vn -0.707105 -0.707109 0.000000
vn -0.707105 -0.707109 -0.000000
vn 0.707107 -0.707107 0.000000
vn 0.707107 -0.707107 0.000000
vn -0.706749 -0.707464 0.000872
vn -0.706749 -0.707464 0.000862
vn -0.707827 -0.706384 -0.001740
vn -0.707103 -0.707111 -0.000003
vn -0.707111 -0.707102 -0.000001
vn -0.707102 -0.707111 0.000001
vn -0.707105 -0.707108 -0.000002
vn -0.707105 -0.707108 -0.000001
vn -0.707105 -0.707108 -0.000001
vn -0.707106 -0.707108 0.000006
vn -0.707104 -0.707110 -0.000000
vn -0.707104 -0.707110 -0.000000
vn -0.706749 -0.707464 -0.000872
vn -0.707107 -0.707106 -0.000003
vn -0.707112 -0.707101 0.000004
vn -0.707107 -0.707107 0.000000
vn -0.707105 -0.707108 0.000000
vn -0.707105 -0.707108 0.000000
vn -0.706814 -0.707397 -0.001614
vn -0.707110 -0.707103 0.000019
vn 0.000000 -0.000000 1.000000
vn -0.000000 0.000000 1.000000
vn -0.707107 0.707107 0.000000
vn -0.707107 0.707107 0.000000
vn -0.707107 -0.707107 0.000000
vn -0.707107 -0.707107 0.000000
vn -0.707107 0.707107 0.000000
vn -0.707107 0.707107 0.000000
vn -0.707113 -0.707101 0.000000
vn -0.707102 -0.707112 0.000002
vn -0.707107 -0.707107 0.000000
vn -0.707129 -0.707084 0.000003
vn -0.707110 -0.707104 -0.000002
vn -0.707109 -0.707105 0.000000
vn 0.353380 -0.353737 -0.866021
vn 0.353663 -0.353466 -0.866016
vn 0.353713 -0.353713 -0.865895
vn 0.353715 -0.353715 -0.865893
vn -0.707107 -0.707107 -0.000000
vn -0.707107 -0.707107 0.000000
vn -0.707107 -0.707107 0.000000
vn -0.707107 -0.707106 -0.000008
vn -0.707108 -0.707105 0.000001
vn -0.707112 -0.707102 0.000015
vn 0.000000 -0.000000 1.000000
vn -0.000000 0.000000 1.000000
vn -0.707107 -0.707107 0.000000
vn -0.707107 -0.707107 -0.000000
vn -0.701156 0.712959 0.008421
vn -0.701115 0.712999 0.008406
vn -0.701140 0.713024 0.000000
vn -0.701140 0.713024 0.000000
vn -0.707107 0.707107 -0.000201
vn -0.707108 0.707106 0.000000
vn 0.000000 0.000000 1.000000
vn 0.000000 0.000000 1.000000
vn 0.000000 0.000000 1.000000
vn 0.707107 -0.707107 0.000000
vn 0.707107 -0.707107 0.000000
vn -0.408248 0.408248 0.816497
vn -0.408248 0.408248 0.816497
vn -0.406416 0.406416 0.818323
vn -0.406416 0.406416 0.818323
vn -0.408248 0.408248 0.816497
vn -0.408248 0.408248 0.816497
vn 0.353713 -0.353713 0.865895
vn 0.353713 -0.353713 0.865895
vn 0.353445 -0.353445 0.866114
vn 0.353445 -0.353445 0.866114
vn -0.078303 0.078303 0.993850
vn -0.078303 0.078303 0.993850
vn -0.078303 0.078303 0.993850
vn -0.078303 0.078303 0.993850
vn -0.084244 0.084244 0.992878
vn -0.084244 0.084244 0.992878
vn 0.353713 -0.353713 0.865895
vn 0.353713 -0.353713 0.865895
vn 0.353713 -0.353713 0.865895
vn 0.353713 -0.353713 0.865895
vn 0.688831 -0.688831 -0.225883
vn 0.688831 -0.688831 -0.225883
vn 0.689279 -0.689279 -0.223132
vn 0.689279 -0.689279 -0.223132
vn 0.688938 -0.688938 -0.225230
vn 0.688938 -0.688938 -0.225230
vn -0.706753 0.706753 -0.031646
vn -0.706753 0.706753 -0.031646
vn -0.706901 0.706901 -0.024099
vn -0.706901 0.706901 -0.024099
vn -0.706800 0.706800 -0.029450
vn -0.706800 0.706800 -0.029450
vn -0.643601 0.643601 0.414192
vn -0.643601 0.643601 0.414192
vn -0.643433 0.643433 0.414713
vn -0.643433 0.643433 0.414713
vn -0.643433 0.643433 0.414713
vn -0.643433 0.643433 0.414713
vn 0.353713 -0.353713 0.865895
vn 0.353713 -0.353713 0.865895
vn 0.353177 -0.353177 0.866333
vn 0.353177 -0.353177 0.866333
vn 0.361773 -0.361773 0.859210
vn 0.361773 -0.361773 0.859210
vn 0.371207 -0.371207 0.851124
vn 0.371207 -0.371207 0.851124
vn 0.364267 -0.364267 0.857099
vn 0.364267 -0.364267 0.857099
vn 0.254457 -0.254457 0.933008
vn 0.254457 -0.254457 0.933008
vn 0.254457 -0.254457 0.933008
vn 0.254457 -0.254457 0.933008
vn 0.259358 -0.259358 0.930305
vn 0.259358 -0.259358 0.930305
vn 0.353713 -0.353713 0.865895
vn 0.353713 -0.353713 0.865895
vn 0.566098 -0.566098 0.599221
vn 0.566098 -0.566098 0.599221
vn 0.567120 -0.567120 0.597286
vn 0.567120 -0.567120 0.597286
vn 0.566098 -0.566098 0.599221
vn 0.566098 -0.566098 0.599221
vn -0.644758 0.644758 -0.410577
vn -0.644758 0.644758 -0.410577
vn -0.645977 0.645977 -0.406727
vn -0.645977 0.645977 -0.406727
vn -0.643952 0.643952 -0.413101
vn -0.643952 0.643952 -0.413101
vn -0.644758 0.644758 0.410577
vn -0.644758 0.644758 0.410577
vn -0.645977 0.645977 0.406727
vn -0.645977 0.645977 0.406727
vn -0.643952 0.643952 0.413101
vn -0.643952 0.643952 0.413101
vn -0.643601 0.643601 -0.414192
vn -0.643601 0.643601 -0.414192
vn -0.643433 0.643433 -0.414713
vn -0.643433 0.643433 -0.414713
vn -0.643433 0.643433 -0.414713
vn -0.643433 0.643433 -0.414713
vn -0.706742 0.706742 0.032125
vn -0.706742 0.706742 0.032125
vn -0.706742 0.706742 0.032125
vn -0.706742 0.706742 0.032125
vn -0.706679 0.706679 0.034799
vn -0.706679 0.706679 0.034799
vn 0.353177 -0.353177 0.866333
vn 0.353177 -0.353177 0.866333
vn 0.587299 -0.587299 0.556921
vn 0.587299 -0.587299 0.556921
vn 0.587299 -0.587299 0.556921
vn 0.587299 -0.587299 0.556921
vn 0.588888 -0.588888 0.553554
vn 0.588888 -0.588888 0.553554
vn -0.229321 0.229321 0.945951
vn -0.229321 0.229321 0.945951
vn -0.229633 0.229633 0.945800
vn -0.229633 0.229633 0.945800
vn -0.234431 0.234431 0.943443
vn -0.234431 0.234431 0.943443
vn 0.353177 -0.353177 0.866333
vn 0.353177 -0.353177 0.866333
vn -0.487801 0.487802 0.723947
vn -0.488482 0.488481 0.723030
vn 0.488144 -0.488143 0.723486
vn 0.487797 -0.487797 0.723953
vn 0.000000 0.000000 -1.000000
vn 0.000000 0.000000 -1.000000
vn -0.707107 0.707107 0.000000
vn -0.707107 0.707107 0.000000
vn 0.353177 -0.353177 0.866333
vn 0.353177 -0.353177 0.866333
vn 0.353713 -0.353713 0.865895
vn 0.353713 -0.353713 0.865895
vn 0.353177 -0.353177 0.866333
vn 0.353177 -0.353177 0.866333
vn 0.707107 -0.707107 0.000000
vn 0.707107 -0.707107 0.000000
vn 0.000000 0.000000 1.000000
vn -0.000000 0.000000 1.000000
vn -0.707107 0.707107 0.000000
vn -0.707107 0.707107 0.000000
vn 0.353552 -0.353552 -0.866027
vn 0.353552 -0.353552 -0.866027
vn -0.353713 0.353713 -0.865895
vn -0.353713 0.353713 -0.865895
vn -0.353552 0.353552 0.866026
vn -0.353552 0.353552 0.866026
vn 0.353552 -0.353552 0.866027
vn 0.353552 -0.353552 0.866027
vn 0.707107 -0.707107 0.000000
vn 0.707107 -0.707107 0.000000
vn -0.353539 0.353539 -0.866037
vn -0.353539 0.353539 -0.866037
vn -0.353713 0.353713 0.865895
vn -0.353713 0.353713 0.865895
vn 0.353555 -0.353555 0.866024
vn 0.353555 -0.353555 0.866024
vn 0.707107 -0.707107 0.000000
vn 0.707107 -0.707107 0.000000
vn 0.353552 -0.353552 -0.866027
vn 0.353552 -0.353552 -0.866027
vn -0.353556 0.353556 -0.866024
vn -0.353556 0.353556 -0.866024
vn -0.707107 0.707107 0.000000
vn -0.707107 0.707107 0.000000
vn -0.353552 0.353552 0.866026
vn -0.353552 0.353552 0.866026
vn 0.353552 -0.353552 0.866027
vn 0.353552 -0.353552 0.866027
vn 0.707107 -0.707107 0.000000
vn 0.707107 -0.707107 0.000000
vn 0.353555 -0.353555 -0.866024
vn 0.353555 -0.353555 -0.866024
vn 0.353555 -0.353555 0.866024
vn 0.353555 -0.353555 0.866024
vn 0.707107 -0.707107 0.000000
vn 0.707107 -0.707107 0.000000
vn 0.353552 -0.353552 -0.866027
vn 0.353552 -0.353552 -0.866027
vn -0.353981 0.353981 -0.865676
vn -0.353981 0.353981 -0.865676
vn -0.351003 0.356952 0.865668
vn -0.353713 0.353713 0.865895
vn -0.353557 0.353558 0.866022
vn -0.353557 0.353556 0.866023
vn -0.350735 0.356680 -0.865890
vn -0.353445 0.353445 -0.866114
vn -0.353552 0.353552 -0.866026
vn -0.353552 0.353552 -0.866026
vn -0.707107 0.707107 0.000000
vn -0.707107 0.707107 0.000000
vn 0.353552 -0.353552 -0.866027
vn 0.353552 -0.353552 -0.866027
vn -0.353713 0.353713 0.865895
vn -0.353713 0.353713 0.865895
vn 0.353555 -0.353555 0.866024
vn 0.353555 -0.353555 0.866024
vn 0.707107 -0.707107 0.000000
vn 0.707107 -0.707107 0.000000
vn -0.353545 0.353545 0.866032
vn -0.353545 0.353545 0.866032
vn 0.707107 -0.707107 0.000000
vn 0.707107 -0.707107 0.000000
vn 0.353552 -0.353552 -0.866027
vn 0.353552 -0.353552 -0.866027
vn -0.353981 0.353981 -0.865676
vn -0.353981 0.353981 -0.865676
vn 0.353552 -0.353552 0.866027
vn 0.353552 -0.353552 0.866027
vn 0.353552 -0.353552 -0.866027
vn 0.353552 -0.353552 -0.866027
vn -0.353552 0.353552 -0.866027
vn -0.353552 0.353552 -0.866027
vn -0.707107 0.707107 0.000000
vn -0.707107 0.707107 0.000000
vn -0.353555 0.353555 0.866024
vn -0.353555 0.353555 0.866024
vn 0.353555 -0.353555 0.866024
vn 0.353555 -0.353555 0.866024
vn 0.707107 -0.707107 0.000000
vn 0.707107 -0.707107 0.000000
vn 0.353555 -0.353555 0.866024
vn 0.353555 -0.353555 0.866024
vn 0.707107 -0.707107 0.000000
vn 0.707107 -0.707107 0.000000
vn 0.353552 -0.353552 -0.866027
vn 0.353552 -0.353552 -0.866027
vn -0.353552 0.353552 -0.866027
vn -0.353552 0.353552 -0.866027
vn -0.707107 0.707107 0.000000
vn -0.707107 0.707107 0.000000
vn -0.353555 0.353555 0.866024
vn -0.353555 0.353555 0.866024
vn 0.353552 -0.353552 -0.866027
vn 0.353552 -0.353552 -0.866027
vn -0.353552 0.353552 -0.866027
vn -0.353552 0.353552 -0.866027
vn -0.707107 0.707107 0.000000
vn -0.707107 0.707107 0.000000
vn -0.353713 0.353713 0.865895
vn -0.353713 0.353713 0.865895
vn 0.353552 -0.353552 0.866027
vn 0.353552 -0.353552 0.866027
vn 0.707107 -0.707107 0.000000
vn 0.707107 -0.707107 0.000000
vn -0.707107 0.707107 0.000000
vn -0.707107 0.707107 0.000000
vn -0.353713 0.353713 -0.865895
vn -0.353713 0.353713 -0.865895
vn -0.353555 0.353555 0.866024
vn -0.353555 0.353555 0.866024
vn 0.353555 -0.353555 0.866024
vn 0.353555 -0.353555 0.866024
vn 0.707107 -0.707107 0.000000
vn 0.707107 -0.707107 0.000000
vn 0.353552 -0.353552 -0.866027
vn 0.353552 -0.353552 -0.866027
vn 0.353552 -0.353552 -0.866027
vn 0.353552 -0.353552 -0.866027
vn -0.353552 0.353552 -0.866027
vn -0.353552 0.353552 -0.866027
vn -0.707107 0.707107 0.000000
vn -0.707107 0.707107 0.000000
vn -0.353552 0.353552 0.866027
vn -0.353552 0.353552 0.866027
vn 0.353552 -0.353552 0.866027
vn 0.353552 -0.353552 0.866027
vn 0.707107 -0.707107 0.000000
vn 0.707107 -0.707107 0.000000
vn 0.353552 -0.353552 -0.866027
vn 0.353552 -0.353552 -0.866027
vn -0.353562 0.353562 -0.866018
vn -0.347358 0.359741 -0.865984
vn -0.353550 0.353550 -0.866028
vn -0.353550 0.353550 -0.866028
vn -0.707107 0.707107 0.000000
vn -0.707107 0.707107 0.000000
vn -0.353557 0.353557 0.866023
vn -0.353557 0.353557 0.866023
vn -0.361476 0.345557 0.865982
vn -0.353562 0.353562 0.866018
vn 0.353555 -0.353555 0.866024
vn 0.353555 -0.353555 0.866024
vn 0.707107 -0.707107 0.000000
vn 0.707107 -0.707107 0.000000
vn -0.353554 0.353554 0.866025
vn -0.353554 0.353554 0.866025
vn 0.353555 -0.353555 0.866024
vn 0.353555 -0.353555 0.866024
vn 0.707107 -0.707107 0.000000
vn 0.707107 -0.707107 0.000000
vn 0.353552 -0.353552 -0.866027
vn 0.353552 -0.353552 -0.866027
vn -0.353177 0.353177 -0.866333
vn -0.353177 0.353177 -0.866333
vn -0.353177 0.353177 0.866333
vn -0.353177 0.353177 0.866333
vn 0.353552 -0.353552 0.866027
vn 0.353552 -0.353552 0.866027
vn 0.707107 -0.707107 0.000000
vn 0.707107 -0.707107 0.000000
vn 0.353552 -0.353552 -0.866027
vn 0.353552 -0.353552 -0.866027
vn -0.353550 0.353550 -0.866028
vn -0.353550 0.353550 -0.866028
vn 0.353555 -0.353555 -0.866024
vn 0.353555 -0.353555 -0.866024
vn -0.353555 0.353555 -0.866024
vn -0.353555 0.353555 -0.866024
vn -0.707107 0.707107 0.000000
vn -0.707107 0.707107 0.000000
vn -0.353496 0.353496 0.866073
vn -0.353496 0.353496 0.866073
vn -0.353177 0.353177 0.866333
vn -0.353177 0.353177 0.866333
vn 0.353552 -0.353552 0.866027
vn 0.353552 -0.353552 0.866027
vn 0.707107 -0.707107 0.000000
vn 0.707107 -0.707107 0.000000
vn 0.353555 -0.353555 -0.866024
vn 0.353555 -0.353555 -0.866024
vn -0.353556 0.353556 -0.866024
vn -0.353556 0.353556 -0.866024
vn -0.707107 0.707107 0.000000
vn -0.707107 0.707107 0.000000
vn -0.353713 0.353713 0.865895
vn -0.353713 0.353713 0.865895
vn 0.353552 -0.353552 0.866027
vn 0.353552 -0.353552 0.866027
vn 0.707107 -0.707107 0.000000
vn 0.707107 -0.707107 0.000000
vn -0.353713 0.353713 -0.865895
vn -0.353713 0.353713 -0.865895
vn -0.353554 0.353554 0.866024
vn -0.353554 0.353554 0.866024
vn 0.353555 -0.353555 0.866024
vn 0.353555 -0.353555 0.866024
vn 0.707107 -0.707107 0.000000
vn 0.707107 -0.707107 0.000000
vn 0.353552 -0.353552 -0.866027
vn 0.353552 -0.353552 -0.866027
vn -0.353560 0.353560 0.866020
vn -0.353560 0.353560 0.866020
vn -0.353715 0.353715 0.865893
vn -0.353713 0.353713 0.865895
vn -0.707465 -0.706748 0.000891
vn -0.707107 -0.707107 0.000000
vn -0.707107 -0.707107 0.000000
vn -0.707107 -0.707107 0.000000
vn -0.707107 -0.707107 0.000000
vn -0.707465 -0.706748 -0.000891
vn -0.353550 0.353550 -0.866028
vn -0.353550 0.353550 -0.866028
vn 0.353552 -0.353551 0.866027
vn 0.353552 -0.353552 0.866027
vn 0.707108 -0.707106 0.000000
vn 0.707108 -0.707106 0.000000
vn 0.353552 -0.353552 -0.866027
vn 0.353552 -0.353551 -0.866027
vn -0.353715 0.353715 -0.865893
vn -0.353713 0.353713 -0.865895
vn -0.707107 0.707107 0.000000
vn -0.707107 0.707107 0.000000
vn -0.707107 0.707107 0.000000
vn -0.707107 0.707107 0.000000
vn -0.353559 0.353559 0.866021
vn -0.353559 0.353559 0.866021
vn 0.353555 -0.353555 0.866024
vn 0.353555 -0.353555 0.866024
vn 0.707107 -0.707107 0.000000
vn 0.707107 -0.707107 0.000000
vn 0.353552 -0.353552 -0.866027
vn 0.353552 -0.353552 -0.866027
vn -0.353713 0.353713 -0.865895
vn -0.353713 0.353713 -0.865895
vn 0.707107 -0.707107 0.000000
vn 0.707107 -0.707107 0.000000
vn 0.353552 -0.353552 -0.866027
vn 0.353552 -0.353552 -0.866027
vn -0.353552 0.353552 -0.866027
vn -0.353552 0.353552 -0.866027
vn -0.707107 0.707107 0.000000
vn -0.707107 0.707107 0.000000
vn 0.353555 -0.353555 -0.866024
vn 0.353555 -0.353555 -0.866024
vn -0.353560 0.353560 -0.866020
vn -0.353560 0.353560 -0.866020
vn 0.707107 -0.707107 0.000000
vn 0.707107 -0.707107 0.000000
vn -0.353981 0.353981 0.865676
vn -0.353981 0.353981 0.865676
vn 0.353552 -0.353552 0.866027
vn 0.353552 -0.353552 0.866027
vn -0.353981 0.353981 -0.865676
vn -0.353981 0.353981 -0.865676
vn -0.707107 0.707107 0.000000
vn -0.707107 0.707107 0.000000
vn 0.707107 -0.707107 0.000000
vn 0.707107 -0.707107 0.000000
vn 0.353552 -0.353552 -0.866027
vn 0.353552 -0.353552 -0.866027
vn -0.353552 0.353552 0.866027
vn -0.353552 0.353552 0.866027
vn 0.353552 -0.353552 0.866027
vn 0.353552 -0.353552 0.866027
vn -0.353715 0.353715 -0.865893
vn -0.353713 0.353713 -0.865895
vn -0.353548 0.353548 -0.866030
vn -0.353548 0.353548 -0.866030
vn -0.706754 -0.707458 0.000868
vn -0.707464 -0.706749 -0.000875
vn -0.353715 0.353715 0.865893
vn -0.353713 0.353713 0.865895
vn -0.707107 0.707107 0.000000
vn -0.707107 0.707107 0.000000
vn -0.707107 -0.707107 0.000000
vn -0.706749 -0.707464 -0.000875
vn -0.706749 -0.707464 0.000000
vn -0.706749 -0.707464 0.000000
vn -0.706751 -0.707462 0.000870
vn -0.707107 -0.707107 0.000000
vn -0.707107 0.707107 0.000000
vn -0.707107 0.707107 0.000000
vn 0.353556 -0.353556 -0.866023
vn 0.353556 -0.353556 -0.866023
vn -0.707107 0.707107 0.000000
vn -0.707107 0.707107 0.000000
vn 0.353556 -0.353556 0.866023
vn 0.353556 -0.353556 0.866023
vn 0.707107 -0.707107 0.000000
vn 0.707107 -0.707107 0.000000
vn -0.353555 0.353555 -0.866024
vn -0.353555 0.353555 -0.866024
vn -0.707107 0.707107 0.000000
vn -0.707107 0.707107 0.000000
vn -0.353552 0.353552 0.866027
vn -0.353552 0.353552 0.866027
vn 0.353552 -0.353552 0.866027
vn 0.353552 -0.353552 0.866027
vn 0.707107 -0.707107 0.000000
vn 0.707107 -0.707107 0.000000
vn 0.353555 -0.353555 -0.866024
vn 0.353555 -0.353555 -0.866024
vn -0.707465 -0.706748 0.000891
vn -0.707107 -0.707107 0.000000
vn -0.707107 -0.707107 0.000000
vn -0.707107 -0.707107 0.000000
vn -0.707107 -0.707107 0.000000
vn -0.707107 -0.707107 0.000000
vn -0.707106 -0.707107 0.000001
vn -0.707106 -0.707108 0.000000
vn -0.707106 0.707108 0.000000
vn -0.707106 0.707108 0.000000
vn -0.353555 0.353556 0.866023
vn -0.353556 0.353555 0.866024
vn -0.353445 0.353445 0.866114
vn -0.350735 0.356680 0.865890
vn 0.353552 -0.353552 -0.866027
vn 0.353552 -0.353551 -0.866027
vn -0.353715 0.353715 -0.865893
vn -0.353713 0.353713 -0.865895
vn 0.353556 -0.353555 0.866024
vn 0.353555 -0.353555 0.866024
vn 0.707108 -0.707106 0.000000
vn 0.707108 -0.707106 0.000000
vn -0.351003 0.356952 -0.865668
vn -0.353713 0.353713 -0.865895
vn -0.353557 0.353557 -0.866022
vn -0.353557 0.353556 -0.866023
vn 0.707107 -0.707107 0.000000
vn 0.707107 -0.707107 0.000000
vn 0.353552 -0.353552 -0.866027
vn 0.353552 -0.353552 -0.866027
vn -0.353981 0.353981 0.865676
vn -0.353981 0.353981 0.865676
vn 0.353555 -0.353555 0.866024
vn 0.353555 -0.353555 0.866024
vn -0.353552 0.353552 -0.866027
vn -0.353552 0.353552 -0.866027
vn -0.707107 0.707107 0.000000
vn -0.707107 0.707107 0.000000
vn 0.000000 0.000000 1.000000
vn 0.000000 0.000000 1.000000
vn -0.308536 0.308536 -0.899784
vn -0.308536 0.308536 -0.899784
vn -0.294163 0.294163 -0.909361
vn -0.294163 0.294163 -0.909361
vn -0.279476 0.279476 -0.918579
vn -0.279476 0.279476 -0.918579
vn -0.707107 0.707107 0.000000
vn -0.707107 0.707107 0.000000
vn -0.353555 0.353555 0.866024
vn -0.353555 0.353555 0.866024
vn 0.353555 -0.353555 0.866024
vn 0.353555 -0.353555 0.866024
vn 0.707107 -0.707107 0.000000
vn 0.707107 -0.707107 0.000000
vn 0.353552 -0.353552 -0.866027
vn 0.353552 -0.353552 -0.866027
vn -0.353566 0.353566 -0.866015
vn -0.353566 0.353566 -0.866015
vn -0.353177 0.353177 0.866333
vn -0.353177 0.353177 0.866333
vn 0.353552 -0.353552 0.866027
vn 0.353552 -0.353552 0.866027
vn 0.707107 -0.707107 0.000000
vn 0.707107 -0.707107 0.000000
vn 0.353555 -0.353555 -0.866024
vn 0.353555 -0.353555 -0.866024
vn -0.707107 0.707107 0.000000
vn -0.707107 0.707107 0.000000
vn -0.353552 0.353552 0.866027
vn -0.353552 0.353552 0.866027
vn 0.353552 -0.353552 0.866027
vn 0.353552 -0.353552 0.866027
vn 0.707107 -0.707107 0.000000
vn 0.707107 -0.707107 0.000000
vn 0.353552 -0.353552 -0.866027
vn 0.353552 -0.353552 -0.866027
vn -0.353713 0.353713 -0.865895
vn -0.353713 0.353713 -0.865895
vn -0.353178 0.353178 -0.866331
vn -0.353177 0.353177 -0.866333
vn -0.353554 0.353554 -0.866025
vn -0.353554 0.353554 -0.866025
vn -0.706748 -0.707464 -0.000871
vn -0.707107 -0.707107 0.000000
vn -0.707107 -0.707107 0.000000
vn -0.707107 -0.707107 0.000000
vn -0.707107 -0.707107 0.000000
vn -0.706748 -0.707464 0.000871
vn -0.353178 0.353178 0.866331
vn -0.353177 0.353177 0.866333
vn 0.707108 -0.707106 0.000000
vn 0.707108 -0.707106 0.000000
vn 0.353555 -0.353555 -0.866024
vn 0.353555 -0.353555 -0.866024
vn -0.707107 0.707107 0.000000
vn -0.707107 0.707107 0.000000
vn -0.353554 0.353554 0.866025
vn -0.353554 0.353554 0.866025
vn 0.353552 -0.353551 0.866027
vn 0.353552 -0.353552 0.866027
vn 0.353555 -0.353555 0.866024
vn 0.353555 -0.353555 0.866024
vn 0.707107 -0.707107 0.000000
vn 0.707107 -0.707107 0.000000
vn 0.353552 -0.353552 -0.866027
vn 0.353552 -0.353552 -0.866027
vn -0.353552 0.353552 -0.866027
vn -0.353552 0.353552 -0.866027
vn -0.707107 0.707107 0.000000
vn -0.707107 0.707107 0.000000
vn -0.353555 0.353555 0.866024
vn -0.353555 0.353555 0.866024
vn -0.353593 0.353593 -0.865993
vn -0.353593 0.353593 -0.865993
vn -0.707107 0.707107 0.000000
vn -0.707107 0.707107 0.000000
vn -0.353552 0.353552 0.866027
vn -0.353552 0.353552 0.866027
vn 0.353552 -0.353552 0.866027
vn 0.353552 -0.353552 0.866027
vn 0.707107 -0.707107 0.000000
vn 0.707107 -0.707107 0.000000
vn 0.353552 -0.353552 -0.866027
vn 0.353552 -0.353552 -0.866027
vn -0.353177 0.353177 -0.866333
vn -0.353177 0.353177 -0.866333
vn 0.707107 -0.707107 0.000000
vn 0.707107 -0.707107 0.000000
vn 0.352355 -0.354850 -0.865983
vn 0.345834 -0.361245 -0.865968
vn 0.353550 -0.353550 -0.866028
vn 0.353550 -0.353550 -0.866028
vn 0.353555 -0.353555 -0.866024
vn 0.353555 -0.353555 -0.866024
vn -0.353555 0.353555 -0.866024
vn -0.353555 0.353555 -0.866024
vn -0.707107 0.707107 0.000000
vn -0.707107 0.707107 0.000000
vn -0.353552 0.353552 0.866027
vn -0.353552 0.353552 0.866027
vn 0.353552 -0.353552 0.866027
vn 0.353552 -0.353552 0.866027
vn 0.707107 -0.707107 0.000000
vn 0.707107 -0.707107 0.000000
vn -0.353177 0.353177 0.866333
vn -0.353177 0.353177 0.866333
vn 0.353552 -0.353552 0.866027
vn 0.353552 -0.353552 0.866027
vn 0.707107 -0.707107 0.000000
vn 0.707107 -0.707107 0.000000
vn 0.353555 -0.353555 -0.866024
vn 0.353555 -0.353555 -0.866024
vn -0.353177 0.353177 -0.866333
vn -0.353177 0.353177 -0.866333
vn 0.353555 -0.353555 -0.866024
vn 0.353555 -0.353555 -0.866024
vn -0.353555 0.353555 -0.866024
vn -0.353555 0.353555 -0.866024
vn -0.707107 0.707107 0.000000
vn -0.707107 0.707107 0.000000
vn -0.353552 0.353552 0.866027
vn -0.353552 0.353552 0.866027
vn 0.353552 -0.353552 0.866027
vn 0.353552 -0.353552 0.866027
vn 0.707107 -0.707107 0.000000
vn 0.707107 -0.707107 0.000000
vn -0.707107 0.707107 0.000000
vn -0.707107 0.707107 0.000000
vn -0.707465 -0.706748 0.000891
vn -0.707107 -0.707107 0.000000
vn -0.707107 -0.707107 0.000000
vn -0.707107 -0.707107 0.000000
vn -0.707107 -0.707107 0.000000
vn -0.707465 -0.706748 -0.000891
vn -0.353715 0.353715 0.865893
vn -0.353713 0.353713 0.865895
vn -0.353550 0.353550 0.866029
vn -0.353550 0.353550 0.866029
vn 0.353556 -0.353555 0.866024
vn 0.353555 -0.353555 0.866024
vn 0.707108 -0.707106 0.000000
vn 0.707108 -0.707106 0.000000
vn 0.353552 -0.353552 -0.866027
vn 0.353552 -0.353551 -0.866027
vn -0.353715 0.353715 -0.865893
vn -0.353713 0.353713 -0.865895
vn -0.707107 0.707107 0.000000
vn -0.707107 0.707107 0.000000
vn -0.353981 0.353981 0.865676
vn -0.353981 0.353981 0.865676
vn 0.707107 -0.707107 0.000000
vn 0.707107 -0.707107 0.000000
vn 0.353555 -0.353555 -0.866024
vn 0.353555 -0.353555 -0.866024
vn -0.353555 0.353555 -0.866024
vn -0.353555 0.353555 -0.866024
vn 0.353552 -0.353552 0.866027
vn 0.353552 -0.353552 0.866027
vn -0.707107 0.707107 0.000000
vn -0.707107 0.707107 0.000000
vn -0.707107 0.707107 0.000000
vn -0.707107 0.707107 0.000000
vn -0.353715 0.353715 -0.865893
vn -0.353713 0.353713 -0.865895
vn -0.353550 0.353551 -0.866028
vn -0.353549 0.353549 -0.866029
vn -0.707465 -0.706748 0.000891
vn -0.707107 -0.707107 0.000000
vn -0.707107 -0.707107 0.000000
vn -0.707107 -0.707107 0.000000
vn -0.707107 -0.707107 0.000000
vn -0.707465 -0.706748 -0.000891
vn -0.353715 0.353715 0.865893
vn -0.353713 0.353713 0.865895
vn -0.353557 0.353557 0.866022
vn -0.353557 0.353557 0.866022
vn 0.353556 -0.353555 0.866024
vn 0.353555 -0.353555 0.866024
vn 0.707108 -0.707106 0.000000
vn 0.707108 -0.707106 0.000000
vn 0.353552 -0.353552 -0.866027
vn 0.353552 -0.353551 -0.866027
vn -0.351003 0.356952 -0.865668
vn -0.353713 0.353713 -0.865895
vn -0.353552 0.353552 -0.866027
vn -0.353552 0.353552 -0.866027
vn -0.707106 0.707108 0.000000
vn -0.707106 0.707108 0.000000
vn -0.707107 0.707107 -0.000001
vn -0.713124 0.701038 0.000000
vn -0.353555 0.353555 0.866024
vn -0.353555 0.353555 0.866024
vn 0.353555 -0.353555 0.866024
vn 0.353555 -0.353555 0.866024
vn 0.707107 -0.707107 0.000000
vn 0.707107 -0.707107 0.000000
vn 0.353552 -0.353552 -0.866027
vn 0.353552 -0.353552 -0.866027
vn -0.353713 0.353713 0.865895
vn -0.353713 0.353713 0.865895
vn 0.353552 -0.353552 0.866027
vn 0.353552 -0.353552 0.866027
vn 0.707107 -0.707107 0.000000
vn 0.707107 -0.707107 0.000000
vn 0.353552 -0.353552 -0.866027
vn 0.353552 -0.353552 -0.866027
vn -0.353549 0.353549 -0.866029
vn -0.353549 0.353549 -0.866029
vn 0.707107 -0.707107 0.000000
vn 0.707107 -0.707107 0.000000
vn 0.353552 -0.353552 -0.866027
vn 0.353552 -0.353552 -0.866027
vn -0.353552 0.353552 -0.866027
vn -0.353552 0.353552 -0.866027
vn -0.707107 0.707107 0.000000
vn -0.707107 0.707107 0.000000
vn -0.353555 0.353555 0.866024
vn -0.353555 0.353555 0.866024
vn 0.353555 -0.353555 0.866024
vn 0.353555 -0.353555 0.866024
vn -0.707465 -0.706748 0.000891
vn -0.706749 -0.707464 -0.000873
vn -0.706749 -0.707464 0.000000
vn -0.706749 -0.707464 0.000000
vn -0.706749 -0.707464 0.000870
vn -0.707465 -0.706748 -0.000891
vn -0.353716 0.353715 0.865893
vn -0.353713 0.353712 0.865895
vn 0.353552 -0.353552 0.866027
vn 0.353552 -0.353551 0.866027
vn 0.707107 -0.707107 0.000000
vn 0.707107 -0.707107 0.000000
vn 0.353555 -0.353555 -0.866024
vn 0.353555 -0.353555 -0.866024
vn -0.353716 0.353715 -0.865893
vn -0.353713 0.353712 -0.865895
vn 0.353713 -0.353713 -0.865895
vn 0.353713 -0.353713 -0.865895
vn 0.688247 -0.688247 0.229416
vn 0.688247 -0.688247 0.229416
vn 0.687898 -0.687898 0.231504
vn 0.687898 -0.687898 0.231504
vn 0.688247 -0.688247 0.229416
vn 0.688247 -0.688247 0.229416
vn 0.353177 -0.353177 -0.866333
vn 0.353177 -0.353177 -0.866333
vn -0.707107 -0.707107 0.000000
vn -0.707107 -0.707107 0.000000
vn -0.707107 -0.707107 0.000000
vn -0.707107 -0.707107 0.000000
vn -0.487519 0.487519 -0.724328
vn -0.487392 0.487390 -0.724500
vn 0.351003 -0.356952 -0.865668
vn 0.353713 -0.353713 -0.865895
vn 0.353177 -0.353177 -0.866333
vn 0.353177 -0.353177 -0.866333
vn -0.084244 0.084244 -0.992878
vn -0.084244 0.084244 -0.992878
vn -0.078303 0.078303 -0.993850
vn -0.078303 0.078303 -0.993850
vn -0.084244 0.084244 -0.992878
vn -0.084244 0.084244 -0.992878
vn 0.353445 -0.353445 -0.866114
vn 0.353445 -0.353445 -0.866114
vn -0.409169 0.409169 -0.815574
vn -0.409169 0.409169 -0.815574
vn -0.408248 0.408248 -0.816497
vn -0.408248 0.408248 -0.816497
vn -0.415505 0.415505 -0.809142
vn -0.415505 0.415505 -0.809142
vn -0.229321 0.229321 -0.945951
vn -0.229321 0.229321 -0.945951
vn -0.229633 0.229633 -0.945800
vn -0.229633 0.229633 -0.945800
vn -0.234431 0.234431 -0.943443
vn -0.234431 0.234431 -0.943443
vn 0.353177 -0.353177 -0.866333
vn 0.353177 -0.353177 -0.866333
vn 0.707107 -0.707107 0.000000
vn 0.707107 -0.707107 0.000000
vn 0.353552 -0.353552 0.866027
vn 0.353659 -0.353445 0.866026
vn 0.353713 -0.353713 0.865895
vn 0.353713 -0.353713 0.865895
vn -0.486103 0.486103 -0.726228
vn -0.485757 0.485756 -0.726692
vn 0.353177 -0.353177 -0.866333
vn 0.353177 -0.353177 -0.866333
vn 0.371207 -0.371207 -0.851124
vn 0.371207 -0.371207 -0.851124
vn 0.364267 -0.364267 -0.857099
vn 0.364267 -0.364267 -0.857099
vn 0.372046 -0.372046 -0.850390
vn 0.372046 -0.372046 -0.850390
vn 0.353177 -0.353177 -0.866333
vn 0.353177 -0.353177 -0.866333
vn 0.353735 -0.353377 0.866023
vn 0.353660 -0.353452 0.866023
vn 0.353713 -0.353713 0.865895
vn 0.353713 -0.353713 0.865895
vn 0.353713 -0.353713 -0.865895
vn 0.353713 -0.353713 -0.865895
vn 0.353769 -0.353341 -0.866024
vn 0.353735 -0.353377 -0.866024
vn 0.707464 -0.706749 0.000000
vn 0.707464 -0.706749 0.000000
vn 0.353735 -0.353377 0.866023
vn 0.353765 -0.353347 0.866023
vn 0.353713 -0.353713 0.865895
vn 0.353713 -0.353713 0.865895
vn 0.707107 -0.707107 0.000000
vn 0.707107 -0.707107 0.000000
vn -0.488171 0.487185 0.724113
vn -0.487624 0.487730 0.724115
vn -0.487649 0.487648 0.724153
vn -0.487390 0.487392 0.724500
vn -0.707107 -0.707107 0.000000
vn -0.707107 -0.707107 0.000000
vn -0.707107 -0.707107 0.000000
vn -0.707107 -0.707107 0.000000
vn 0.350735 -0.356680 0.865890
vn 0.353981 -0.353981 0.865676
vn 0.353554 -0.353554 0.866025
vn 0.353912 -0.353197 0.866024
vn 0.350735 -0.356680 -0.865890
vn 0.356190 -0.350153 -0.866327
vn -0.706748 -0.707465 0.000863
vn -0.707463 -0.706750 -0.000877
vn 0.488144 -0.488143 -0.723486
vn 0.488140 -0.488138 -0.723492
vn 0.692933 -0.692933 -0.199218
vn 0.692933 -0.692933 -0.199218
vn 0.692992 -0.692992 -0.198809
vn 0.692992 -0.692992 -0.198809
vn 0.693329 -0.693329 -0.196443
vn 0.693329 -0.693329 -0.196443
vn 0.353713 -0.353713 -0.865895
vn 0.353713 -0.353713 -0.865895
vn 0.353662 -0.353449 -0.866024
vn 0.353555 -0.353555 -0.866024
vn 0.707107 -0.707107 0.000000
vn 0.707107 -0.707107 0.000000
vn 0.353551 -0.353551 0.866027
vn 0.353659 -0.353444 0.866027
vn 0.353713 -0.353713 0.865895
vn 0.353713 -0.353713 0.865895
vn 0.353713 -0.353713 -0.865895
vn 0.353713 -0.353713 -0.865895
vn 0.353713 -0.353713 -0.865895
vn 0.353713 -0.353713 -0.865895
vn 0.353658 -0.353445 -0.866027
vn 0.353552 -0.353552 -0.866027
vn 0.707107 -0.707107 0.000000
vn 0.707107 -0.707107 0.000000
vn 0.353556 -0.353556 0.866024
vn 0.353660 -0.353451 0.866023
vn 0.353713 -0.353713 0.865895
vn 0.353713 -0.353713 0.865895
vn 0.587299 -0.587299 -0.556921
vn 0.587299 -0.587299 -0.556921
vn 0.588339 -0.588339 -0.554720
vn 0.588339 -0.588339 -0.554720
vn 0.587850 -0.587850 -0.555755
vn 0.587850 -0.587850 -0.555755
vn -0.707104 -0.707110 -0.000004
vn -0.707107 -0.707107 -0.000011
vn -0.707107 -0.707107 0.000000
vn -0.707107 -0.707107 0.000000
vn 0.000000 0.000000 1.000000
vn 0.000000 0.000000 1.000000
vn 0.353713 -0.353713 -0.865895
vn 0.353713 -0.353713 -0.865895
vn 0.353658 -0.353445 -0.866027
vn 0.353552 -0.353552 -0.866027
vn 0.707107 -0.707107 0.000000
vn 0.707107 -0.707107 0.000000
vn 0.353556 -0.353556 0.866024
vn 0.353660 -0.353451 0.866023
vn 0.353713 -0.353713 0.865895
vn 0.353713 -0.353713 0.865895
vn 0.350735 -0.356680 -0.865890
vn 0.356190 -0.350153 -0.866327
vn -0.707464 -0.706749 -0.000874
vn -0.706749 -0.707464 0.000873
vn -0.706749 -0.707464 0.000000
vn -0.706749 -0.707464 0.000000
vn 0.000000 0.000000 1.000000
vn 0.000000 0.000000 1.000000
vn 0.353445 -0.353444 -0.866114
vn 0.353177 -0.353177 -0.866333
vn 0.353306 -0.353808 -0.866022
vn 0.353377 -0.353734 -0.866024
vn 0.706749 -0.707464 0.000000
vn 0.706749 -0.707464 0.000000
vn 0.353373 -0.353731 0.866027
vn 0.353302 -0.353802 0.866027
vn 0.353177 -0.353177 0.866333
vn 0.353445 -0.353444 0.866114
vn 0.353552 -0.353552 0.866027
vn 0.353552 -0.353552 0.866027
vn -0.353552 0.353552 0.866026
vn -0.353552 0.353552 0.866026
vn 0.350208 -0.356144 0.866323
vn 0.356735 -0.350688 0.865886
vn -0.707107 -0.707107 -0.000000
vn -0.707107 -0.707107 -0.000000
vn -1.000000 0.000000 0.000000
vn -1.000000 0.000000 0.000000
vn 0.000000 0.000000 1.000000
vn 0.000000 0.000000 1.000000
vn 0.000000 0.000000 1.000000
vn 0.000000 -0.000000 1.000000
vn -0.000000 0.000000 1.000000
vn -0.000000 0.000000 1.000000
vn -0.000000 -0.000000 1.000000
vn 0.000000 0.000000 1.000000
vn 0.000000 0.000000 1.000000
vn 0.000000 0.000000 1.000000
vn 0.000000 0.000000 1.000000
vn 0.000000 0.000000 1.000000
vn 0.000000 0.000000 1.000000
vn 0.000000 0.000000 1.000000
vn 0.000000 0.000000 1.000000
vn 0.000000 0.000000 1.000000
vn 0.000000 0.000000 1.000000
vn 0.000000 0.000000 1.000000
vn 0.000000 -0.000000 1.000000
vn 0.000000 0.000000 1.000000
vn 0.000000 0.000000 1.000000
vn 0.000000 -0.000000 1.000000
vn -0.000000 0.000000 1.000000
vn -0.000000 0.000000 1.000000
vn 0.000000 -0.000000 1.000000
vn -0.000000 0.000000 1.000000
vn -0.000000 0.000000 1.000000
vn 0.000000 -0.000000 1.000000
vn -0.000000 -0.000000 1.000000
vn -0.000000 -0.000000 1.000000
vn 0.000000 0.000000 1.000000
vn 0.000000 0.000000 1.000000
vn 0.000000 0.000000 1.000000
vn 0.000000 0.000000 1.000000
vn 0.000000 0.000000 1.000000
vn 0.000000 0.000000 1.000000
vn 0.000000 0.000000 1.000000
vn -0.000000 0.000000 1.000000
vn -0.000000 -0.000000 1.000000
vn -0.000000 0.000000 1.000000
vn -0.000000 0.000000 1.000000
vn -0.000000 -0.000000 1.000000
vn -0.000000 0.000000 1.000000
vn -0.000000 -0.000000 1.000000
vn -0.000000 -0.000000 1.000000
vn 0.000000 -0.000000 1.000000
vn -0.000000 0.000000 1.000000
vn 0.000000 -0.000000 1.000000
vn 0.000000 -0.000000 1.000000
vn 0.000000 -0.000000 1.000000
vn -0.000000 0.000000 1.000000
vn 0.000000 -0.000000 1.000000
vn 0.000000 -0.000000 1.000000
vn 0.000000 0.000000 1.000000
vn -0.000000 0.000000 1.000000
vn 0.000000 0.000000 1.000000
vn 0.000000 0.000000 1.000000
vn -0.000000 0.000000 1.000000
vn -0.000000 -0.000000 1.000000
vn 0.000000 0.000000 1.000000
vn 0.000000 -0.000000 1.000000
vn 0.000000 -0.000000 1.000000
vn 0.000000 0.000000 1.000000
vn 0.000000 0.000000 1.000000
vn 0.000000 0.000000 1.000000
vn 0.000000 0.000000 1.000000
vn 0.000000 0.000000 1.000000
vn 0.000000 0.000000 1.000000
vn 0.000000 0.000000 1.000000
vn 0.000000 0.000000 1.000000
vn 0.000000 0.000000 1.000000
vn 0.000000 0.000000 1.000000
vn 0.000000 0.000000 1.000000
vn 0.000000 0.000000 1.000000
vn 0.000000 0.000000 1.000000
vn 0.000000 0.000000 1.000000
vn 0.000000 0.000000 1.000000
vn 0.000000 0.000000 1.000000
vn 0.000000 0.000000 1.000000
vn 0.000000 0.000000 1.000000
vn 0.000000 0.000000 1.000000
vn 0.000000 0.000000 1.000000
vn 0.000000 0.000000 1.000000
vn 0.000000 0.000000 1.000000
vn 0.000000 0.000000 1.000000
vn 0.000000 0.000000 1.000000
vn 0.000000 0.000000 1.000000
vn -0.991448 0.130502 0.000000
vn -0.991448 0.130502 0.000000
vn -0.991448 -0.130502 0.000000
vn -0.991448 -0.130502 -0.000000
vn -0.923874 -0.382697 0.000000
vn -0.923874 -0.382697 -0.000000
vn -0.793361 -0.608752 0.000000
vn -0.793361 -0.608752 -0.000000
vn -0.608755 -0.793359 0.000000
vn -0.608755 -0.793359 -0.000000
vn -0.382680 -0.923881 0.000000
vn -0.382680 -0.923881 -0.000000
vn -0.130521 -0.991446 0.000000
vn -0.130521 -0.991446 -0.000000
vn 0.130526 -0.991445 0.000000
vn 0.130526 -0.991445 0.000000
vn 0.382667 -0.923886 0.000000
vn 0.382667 -0.923886 0.000000
vn 0.608773 -0.793344 0.000000
vn 0.608773 -0.793344 0.000000
vn 0.793361 -0.608752 0.000000
vn 0.793361 -0.608752 0.000000
vn 0.923874 -0.382697 0.000000
vn 0.923874 -0.382697 0.000000
vn 0.991443 -0.130540 0.000000
vn 0.991443 -0.130540 0.000000
vn 0.991443 0.130540 0.000000
vn 0.991443 0.130540 0.000000
vn 0.923874 0.382697 0.000000
vn 0.923874 0.382697 0.000000
vn 0.793361 0.608752 0.000000
vn 0.793361 0.608752 0.000000
vn 0.608773 0.793344 0.000000
vn 0.608773 0.793344 0.000000
vn 0.382667 0.923886 0.000000
vn 0.382667 0.923886 0.000000
vn 0.130526 0.991445 0.000000
vn 0.130526 0.991445 0.000000
vn -0.130521 0.991446 0.000000
vn -0.130521 0.991446 0.000000
vn -0.382680 0.923881 0.000000
vn -0.382680 0.923881 0.000000
vn -0.608755 0.793359 0.000000
vn -0.608755 0.793359 0.000000
vn -0.793361 0.608752 0.000000
vn -0.793361 0.608752 0.000000
vn -0.923874 0.382697 0.000000
vn -0.923874 0.382697 0.000000
vn -0.991448 0.130502 0.000000
vn -0.991448 0.130502 0.000000
vn -0.991448 -0.130502 0.000000
vn -0.991448 -0.130502 -0.000000
vn -0.923874 -0.382697 0.000000
vn -0.923874 -0.382697 -0.000000
vn -0.793361 -0.608752 0.000000
vn -0.793361 -0.608752 -0.000000
vn -0.608755 -0.793359 0.000000
vn -0.608755 -0.793359 -0.000000
vn -0.382680 -0.923881 0.000000
vn -0.382680 -0.923881 -0.000000
vn -0.130521 -0.991446 0.000000
vn -0.130521 -0.991446 -0.000000
vn 0.130526 -0.991445 0.000000
vn 0.130526 -0.991445 0.000000
vn 0.382667 -0.923886 0.000000
vn 0.382667 -0.923886 0.000000
vn 0.608773 -0.793344 0.000000
vn 0.608773 -0.793344 0.000000
vn 0.793361 -0.608752 0.000000
vn 0.793361 -0.608752 0.000000
vn 0.923874 -0.382697 0.000000
vn 0.923874 -0.382697 0.000000
vn 0.991443 -0.130540 0.000000
vn 0.991443 -0.130540 0.000000
vn 0.991443 0.130540 0.000000
vn 0.991443 0.130540 0.000000
vn 0.923874 0.382697 0.000000
vn 0.923874 0.382697 0.000000
vn 0.793361 0.608752 0.000000
vn 0.793361 0.608752 0.000000
vn 0.608773 0.793344 0.000000
vn 0.608773 0.793344 0.000000
vn 0.382667 0.923886 0.000000
vn 0.382667 0.923886 0.000000
vn 0.130526 0.991445 0.000000
vn 0.130526 0.991445 0.000000
vn -0.130521 0.991446 0.000000
vn -0.130521 0.991446 0.000000
vn -0.382680 0.923881 0.000000
vn -0.382680 0.923881 0.000000
vn -0.608755 0.793359 0.000000
vn -0.608755 0.793359 0.000000
vn -0.793361 0.608752 0.000000
vn -0.793361 0.608752 0.000000
vn -0.923874 0.382697 0.000000
vn -0.923874 0.382697 0.000000
vn -0.991448 0.130502 0.000000
vn -0.991448 0.130502 0.000000
vn -0.991448 -0.130502 0.000000
vn -0.991448 -0.130502 -0.000000
vn -0.923874 -0.382697 0.000000
vn -0.923874 -0.382697 -0.000000
vn -0.793361 -0.608752 0.000000
vn -0.793361 -0.608752 -0.000000
vn -0.608755 -0.793359 0.000000
vn -0.608755 -0.793359 -0.000000
vn -0.382680 -0.923881 0.000000
vn -0.382680 -0.923881 -0.000000
vn -0.130521 -0.991446 0.000000
vn -0.130521 -0.991446 -0.000000
vn 0.130526 -0.991445 0.000000
vn 0.130526 -0.991445 0.000000
vn 0.382667 -0.923886 0.000000
vn 0.382667 -0.923886 0.000000
vn 0.608773 -0.793344 0.000000
vn 0.608773 -0.793344 0.000000
vn 0.793361 -0.608752 0.000000
vn 0.793361 -0.608752 0.000000
vn 0.923874 -0.382697 0.000000
vn 0.923874 -0.382697 0.000000
vn 0.991443 -0.130540 0.000000
vn 0.991443 -0.130540 0.000000
vn 0.991443 0.130540 0.000000
vn 0.991443 0.130540 0.000000
vn 0.923874 0.382697 0.000000
vn 0.923874 0.382697 0.000000
vn 0.793361 0.608752 0.000000
vn 0.793361 0.608752 0.000000
vn 0.608773 0.793344 0.000000
vn 0.608773 0.793344 0.000000
vn 0.382667 0.923886 0.000000
vn 0.382667 0.923886 0.000000
vn 0.130526 0.991445 0.000000
vn 0.130526 0.991445 0.000000
vn -0.130521 0.991446 0.000000
vn -0.130521 0.991446 0.000000
vn -0.382680 0.923881 0.000000
vn -0.382680 0.923881 0.000000
vn -0.608755 0.793359 0.000000
vn -0.608755 0.793359 0.000000
vn -0.793361 0.608752 0.000000
vn -0.793361 0.608752 0.000000
vn -0.923874 0.382697 0.000000
vn -0.923874 0.382697 0.000000
vn -0.991448 0.130502 0.000000
vn -0.991448 0.130502 0.000000
vn -0.991448 -0.130502 0.000000
vn -0.991448 -0.130502 -0.000000
vn -0.923874 -0.382697 0.000000
vn -0.923874 -0.382697 -0.000000
vn -0.793361 -0.608752 0.000000
vn -0.793361 -0.608752 -0.000000
vn -0.608755 -0.793359 0.000000
vn -0.608755 -0.793359 -0.000000
vn -0.382680 -0.923881 0.000000
vn -0.382680 -0.923881 -0.000000
vn -0.130521 -0.991446 0.000000
vn -0.130521 -0.991446 -0.000000
vn 0.130526 -0.991445 0.000000
vn 0.130526 -0.991445 0.000000
vn 0.382667 -0.923886 0.000000
vn 0.382667 -0.923886 0.000000
vn 0.608773 -0.793344 0.000000
vn 0.608773 -0.793344 0.000000
vn 0.793361 -0.608752 0.000000
vn 0.793361 -0.608752 0.000000
vn 0.923874 -0.382697 0.000000
vn 0.923874 -0.382697 0.000000
vn 0.991443 -0.130540 0.000000
vn 0.991443 -0.130540 0.000000
vn 0.991443 0.130540 0.000000
vn 0.991443 0.130540 0.000000
vn 0.923874 0.382697 0.000000
vn 0.923874 0.382697 0.000000
vn 0.793361 0.608752 0.000000
vn 0.793361 0.608752 0.000000
vn 0.608773 0.793344 0.000000
vn 0.608773 0.793344 0.000000
vn 0.382667 0.923886 0.000000
vn 0.382667 0.923886 0.000000
vn 0.130526 0.991445 0.000000
vn 0.130526 0.991445 0.000000
vn -0.130521 0.991446 0.000000
vn -0.130521 0.991446 0.000000
vn -0.382680 0.923881 0.000000
vn -0.382680 0.923881 0.000000
vn -0.608755 0.793359 0.000000
vn -0.608755 0.793359 0.000000
vn -0.793361 0.608752 0.000000
vn -0.793361 0.608752 0.000000
vn -0.923874 0.382697 0.000000
vn -0.923874 0.382697 0.000000
vn 0.669130 -0.743145 0.000000
vn 0.669130 -0.743145 0.000000
vn 0.587787 -0.809016 0.000000
vn 0.587787 -0.809016 0.000000
vn 0.500001 -0.866025 0.000000
vn 0.500001 -0.866025 0.000000
vn 0.406735 -0.913546 0.000000
vn 0.406735 -0.913546 0.000000
vn 0.309020 -0.951056 0.000000
vn 0.309020 -0.951056 0.000000
vn 0.207907 -0.978149 0.000000
vn 0.207907 -0.978149 0.000000
vn 0.104530 -0.994522 0.000000
vn 0.104530 -0.994522 0.000000
vn 0.000000 -1.000000 0.000000
vn 0.000000 -1.000000 0.000000
vn -0.104530 -0.994522 0.000000
vn -0.104530 -0.994522 -0.000000
vn -0.207907 -0.978149 0.000000
vn -0.207907 -0.978149 -0.000000
vn -0.309018 -0.951056 0.000000
vn -0.309018 -0.951056 -0.000000
vn -0.406738 -0.913545 0.000000
vn -0.406738 -0.913545 -0.000000
vn -0.500001 -0.866025 0.000000
vn -0.500001 -0.866025 -0.000000
vn -0.587787 -0.809016 0.000000
vn -0.587787 -0.809016 -0.000000
vn -0.669127 -0.743148 0.000000
vn -0.669127 -0.743148 -0.000000
vn 0.000000 0.000000 -1.000000
vn 0.000000 0.000000 -1.000000
vn 0.000000 0.000000 -1.000000
vn 0.000000 0.000000 -1.000000
vn 0.000000 0.000000 -1.000000
vn 0.000000 0.000000 -1.000000
vn 0.000000 0.000000 -1.000000
vn 0.000000 0.000000 -1.000000
vn 0.000000 0.000000 -1.000000
vn 0.000000 0.000000 -1.000000
vn 0.000000 0.000000 -1.000000
vn 0.000000 0.000000 -1.000000
vn 0.000000 0.000000 -1.000000
vn 0.000000 0.000000 -1.000000
vn 0.000000 0.000000 -1.000000
vn 0.000000 0.000000 -1.000000
vn 0.000000 0.000000 -1.000000
vn 0.000000 0.000000 -1.000000
vn -0.000000 0.000000 -1.000000
vn 0.000000 0.000000 -1.000000
vn 0.000000 0.000000 -1.000000
vn 0.000000 0.000000 -1.000000
vn -0.000000 -0.000000 -1.000000
vn 0.000000 0.000000 -1.000000
vn 0.000000 0.000000 -1.000000
vn -0.000000 -0.000000 -1.000000
vn -0.000000 -0.000000 -1.000000
vn 0.000000 0.000000 -1.000000
vn 0.000000 0.000000 -1.000000
vn 0.000000 0.000000 -1.000000
vn 0.000000 0.000000 -1.000000
vn 0.000000 0.000000 -1.000000
vn 0.000000 0.000000 -1.000000
vn 0.000000 0.000000 -1.000000
vn 0.000000 0.000000 -1.000000
vn 0.000000 0.000000 -1.000000
vn 0.000000 0.000000 -1.000000
vn 0.000000 0.000000 -1.000000
vn 0.000000 0.000000 -1.000000
vn 0.000000 0.000000 -1.000000
vn 0.000000 0.000000 -1.000000
vn 0.000000 0.000000 -1.000000
vn 0.000000 0.000000 -1.000000
vn 0.000000 0.000000 -1.000000
vn 0.000000 0.000000 -1.000000
vn 0.000000 0.000000 -1.000000
vn 0.000000 0.000000 -1.000000
vn 0.000000 0.000000 -1.000000
vn 0.000000 0.000000 -1.000000
vn 0.000000 0.000000 -1.000000
vn 0.000000 0.000000 -1.000000
vn -0.000000 -0.000000 -1.000000
vn 0.000000 0.000000 -1.000000
vn 0.000000 0.000000 -1.000000
vn 0.000000 -0.000000 -1.000000
vn 0.000000 0.000000 -1.000000
vn 0.000000 0.000000 -1.000000
vn 0.000000 0.000000 -1.000000
vn 0.000000 0.000000 -1.000000
vn 0.000000 0.000000 -1.000000
vn -0.000000 0.000000 -1.000000
vn 0.000000 0.000000 -1.000000
vn -0.000000 0.000000 -1.000000
vn -0.000000 0.000000 -1.000000
vn 0.000000 0.000000 -1.000000
vn -0.000000 0.000000 -1.000000
vn -0.000000 0.000000 -1.000000
vn -0.000000 -0.000000 -1.000000
vn 0.000000 -0.000000 -1.000000
vn 0.000000 0.000000 -1.000000
vn -0.000000 0.000000 -1.000000
vn 0.000000 -0.000000 -1.000000
vn 0.000000 -0.000000 -1.000000
vn 0.000000 0.000000 -1.000000
vn -0.000000 0.000000 -1.000000
vn 0.000000 0.000000 -1.000000
vn 0.000000 0.000000 -1.000000
vn 0.000000 0.000000 -1.000000
vn 0.000000 0.000000 -1.000000
vn 0.000000 0.000000 -1.000000
vn 0.000000 0.000000 -1.000000
vn -0.000000 0.000000 -1.000000
vn -0.707107 -0.707107 0.000000
vn -0.707107 -0.707107 -0.000000
vn 0.669130 -0.743145 0.000000
vn 0.669130 -0.743145 0.000000
vn 0.587787 -0.809016 0.000000
vn 0.587787 -0.809016 0.000000
vn 0.500001 -0.866025 0.000000
vn 0.500001 -0.866025 0.000000
vn 0.406735 -0.913546 0.000000
vn 0.406735 -0.913546 0.000000
vn 0.309020 -0.951056 0.000000
vn 0.309020 -0.951056 0.000000
vn 0.207907 -0.978149 0.000000
vn 0.207907 -0.978149 0.000000
vn 0.104530 -0.994522 0.000000
vn 0.104530 -0.994522 0.000000
vn 0.000000 -1.000000 0.000000
vn 0.000000 -1.000000 0.000000
vn -0.104530 -0.994522 0.000000
vn -0.104530 -0.994522 -0.000000
vn -0.207907 -0.978149 0.000000
vn -0.207907 -0.978149 -0.000000
vn -0.309018 -0.951056 0.000000
vn -0.309018 -0.951056 -0.000000
vn -0.406738 -0.913545 0.000000
vn -0.406738 -0.913545 -0.000000
vn -0.500001 -0.866025 0.000000
vn -0.500001 -0.866025 -0.000000
vn -0.587787 -0.809016 0.000000
vn -0.587787 -0.809016 -0.000000
vn -0.669127 -0.743148 0.000000
vn -0.669127 -0.743148 -0.000000
vn -0.707107 -0.707107 0.000000
vn -0.707107 -0.707106 0.000003
vn -0.707108 -0.707105 -0.000000
vn -0.707108 -0.707105 0.000000
vn -0.743145 0.669130 0.000000
vn -0.743145 0.669130 0.000000
vn -0.809015 0.587788 0.000000
vn -0.809015 0.587788 0.000000
vn -0.866027 0.499997 0.000000
vn -0.866027 0.499997 0.000000
vn -0.913544 0.406740 0.000000
vn -0.913544 0.406740 0.000000
vn -0.951056 0.309018 0.000000
vn -0.951056 0.309018 0.000000
vn -0.978148 0.207908 0.000000
vn -0.978148 0.207908 0.000000
vn -0.994522 0.104530 0.000000
vn -0.994522 0.104530 0.000000
vn -1.000000 0.000000 0.000000
vn -1.000000 0.000000 0.000000
vn -0.994522 -0.104530 0.000000
vn -0.994522 -0.104530 0.000000
vn -0.978148 -0.207908 0.000000
vn -0.978148 -0.207908 0.000000
vn -0.951056 -0.309019 0.000000
vn -0.951056 -0.309019 0.000000
vn -0.913544 -0.406740 0.000000
vn -0.913544 -0.406740 0.000000
vn -0.866028 -0.499995 0.000000
vn -0.866028 -0.499995 0.000000
vn -0.809015 -0.587788 0.000000
vn -0.809015 -0.587788 0.000000
vn -0.743143 -0.669132 0.000000
vn -0.743143 -0.669132 0.000000
vn -0.815412 -0.578880 0.000000
vn -0.809004 -0.587779 -0.005322
vn -0.777659 -0.628684 0.001305
vn -0.750438 -0.660931 -0.003715
vn -0.743121 -0.669112 -0.007736
vn -0.721869 -0.692030 -0.000000
vn -0.821258 -0.570537 0.004684
vn -0.866018 -0.499990 -0.004769
vn -0.875640 -0.482944 0.004402
vn -0.913535 -0.406735 -0.004487
vn -0.920718 -0.390207 0.004113
vn -0.951047 -0.309016 -0.004185
vn -0.956002 -0.293334 0.003806
vn -0.978141 -0.207906 -0.003874
vn -0.981129 -0.193324 0.003487
vn -0.994516 -0.104529 -0.003547
vn -0.995820 -0.091279 0.003154
vn -0.999995 -0.000000 -0.003209
vn -0.999927 0.011750 0.002807
vn -0.994518 0.104529 -0.002855
vn -0.993403 0.114647 0.002445
vn -0.978145 0.207907 -0.002490
vn -0.976318 0.216331 0.002073
vn -0.951054 0.309017 -0.002108
vn -0.948851 0.315719 0.001688
vn -0.913543 0.406739 -0.001711
vn -0.911303 0.411735 0.001283
vn -0.866027 0.499996 -0.001307
vn -0.864061 0.503386 0.000869
vn -0.809015 0.587787 -0.000885
vn -0.807633 0.589685 0.000440
vn -0.743145 0.669130 -0.000451
vn -0.742618 0.669715 0.000000
vn -0.353552 0.353552 0.866027
vn -0.353552 0.353552 0.866027
vn -0.707107 0.707107 0.000000
vn -0.707107 0.707107 0.000000
vn -0.353566 0.353566 -0.866015
vn -0.353566 0.353566 -0.866015
vn 0.566098 -0.566098 -0.599221
vn 0.566098 -0.566098 -0.599221
vn 0.567120 -0.567120 -0.597286
vn 0.567120 -0.567120 -0.597286
vn 0.566098 -0.566098 -0.599221
vn 0.566098 -0.566098 -0.599221
vn 0.707107 -0.707107 0.000000
vn 0.707107 -0.707107 0.000000
vn 0.353555 -0.353555 0.866024
vn 0.353555 -0.353555 0.866024
vn -0.353555 0.353555 0.866024
vn -0.353555 0.353555 0.866024
vn -0.707107 0.707107 0.000000
vn -0.707107 0.707107 0.000000
vn -0.353552 0.353552 -0.866027
vn -0.353552 0.353552 -0.866027
vn 0.353552 -0.353552 -0.866027
vn 0.353552 -0.353552 -0.866027
vn 0.353552 -0.353552 0.866027
vn 0.353552 -0.353552 0.866027
vn -0.353552 0.353552 0.866027
vn -0.353552 0.353552 0.866027
vn -0.707107 0.707107 0.000000
vn -0.707107 0.707107 0.000000
vn -0.353555 0.353555 -0.866024
vn -0.353555 0.353555 -0.866024
vn 0.353555 -0.353555 -0.866024
vn 0.353555 -0.353555 -0.866024
vn 0.707107 -0.707107 0.000000
vn 0.707107 -0.707107 0.000000
vn -0.353552 0.353552 0.866027
vn -0.353552 0.353552 0.866027
vn -0.707107 0.707107 0.000000
vn -0.707107 0.707107 0.000000
vn 0.353556 -0.353556 -0.866023
vn 0.353556 -0.353556 -0.866023
vn 0.707107 -0.707107 0.000000
vn 0.707107 -0.707107 0.000000
vn 0.353556 -0.353556 0.866023
vn 0.353556 -0.353556 0.866023
vn -0.353552 0.353552 0.866027
vn -0.353552 0.353552 0.866027
vn -0.707107 0.707107 0.000000
vn -0.707107 0.707107 0.000000
vn -0.353555 0.353555 -0.866024
vn -0.353555 0.353555 -0.866024
vn -0.707107 0.707107 0.000000
vn -0.707107 0.707107 0.000000
vn -0.353555 0.353555 -0.866024
vn -0.353555 0.353555 -0.866024
vn 0.707107 -0.707107 0.000000
vn 0.707107 -0.707107 0.000000
vn -0.353555 0.353555 0.866024
vn -0.353555 0.353555 0.866024
vn -0.353552 0.353552 -0.866027
vn -0.353552 0.353552 -0.866027
vn 0.353552 -0.353552 -0.866027
vn 0.353552 -0.353552 -0.866027
vn 0.707107 -0.707107 0.000000
vn 0.707107 -0.707107 0.000000
vn 0.353552 -0.353552 0.866027
vn 0.353552 -0.353552 0.866027
vn -0.353552 0.353552 0.866027
vn -0.353552 0.353552 0.866027
vn -0.707107 0.707107 0.000000
vn -0.707107 0.707107 0.000000
vn 0.353552 -0.353552 0.866026
vn 0.353552 -0.353552 0.866026
vn -0.353552 0.353552 0.866027
vn -0.353552 0.353552 0.866027
vn -0.707107 0.707107 0.000000
vn -0.707107 0.707107 0.000000
vn -0.353555 0.353555 -0.866024
vn -0.353555 0.353555 -0.866024
vn 0.353556 -0.353556 -0.866024
vn 0.353556 -0.353556 -0.866024
vn 0.707107 -0.707107 0.000000
vn 0.707107 -0.707107 0.000000
vn -0.353555 0.353555 0.866024
vn -0.353555 0.353555 0.866024
vn -0.707107 0.707107 0.000000
vn -0.707107 0.707107 0.000000
vn -0.353552 0.353552 -0.866027
vn -0.353552 0.353552 -0.866027
vn 0.353552 -0.353552 0.866026
vn 0.353552 -0.353552 0.866026
vn -0.353552 0.353552 0.866027
vn -0.353552 0.353552 0.866027
vn -0.707107 0.707107 0.000000
vn -0.707107 0.707107 0.000000
vn -0.353555 0.353555 -0.866024
vn -0.353555 0.353555 -0.866024
vn 0.353556 -0.353556 -0.866024
vn 0.353556 -0.353556 -0.866024
vn 0.707107 -0.707107 0.000000
vn 0.707107 -0.707107 0.000000
vn 0.353552 -0.353552 0.866027
vn 0.353552 -0.353552 0.866027
vn -0.353552 0.353552 0.866026
vn -0.353552 0.353552 0.866026
vn -0.707107 0.707107 0.000000
vn -0.707107 0.707107 0.000000
vn -0.353556 0.353556 -0.866024
vn -0.353556 0.353556 -0.866024
vn 0.353555 -0.353555 -0.866024
vn 0.353555 -0.353555 -0.866024
vn 0.707107 -0.707107 0.000000
vn 0.707107 -0.707107 0.000000
vn 0.353552 -0.353552 0.866027
vn 0.353552 -0.353552 0.866027
vn -0.353552 0.353552 0.866026
vn -0.353552 0.353552 0.866026
vn -0.707107 0.707107 0.000000
vn -0.707107 0.707107 0.000000
vn -0.353556 0.353556 -0.866024
vn -0.353556 0.353556 -0.866024
vn 0.353555 -0.353555 -0.866024
vn 0.353555 -0.353555 -0.866024
vn 0.707107 -0.707107 0.000000
vn 0.707107 -0.707107 0.000000
vn -0.353555 0.353555 0.866024
vn -0.353555 0.353555 0.866024
vn -0.707107 0.707107 0.000000
vn -0.707107 0.707107 0.000000
vn -0.353554 0.353554 -0.866025
vn -0.353554 0.353554 -0.866025
vn -0.353552 0.353552 -0.866026
vn -0.353583 0.353583 -0.866001
vn -0.350575 0.356517 -0.866021
vn -0.348371 0.354287 -0.867824
vn -0.701140 0.713024 0.000000
vn -0.701140 0.713024 0.000000
vn 0.353555 -0.353555 -0.866024
vn 0.353555 -0.353555 -0.866024
vn 0.707107 -0.707107 0.000000
vn 0.707107 -0.707107 0.000000
vn 0.353552 -0.353552 0.866027
vn 0.353552 -0.353552 0.866027
vn -0.353551 0.353551 0.866028
vn -0.353551 0.353551 0.866028
vn -0.348210 0.358870 0.866004
vn -0.356596 0.350472 0.866030
vn -0.713124 0.701038 0.000000
vn -0.713124 0.701038 0.000000
vn -0.707107 0.707107 0.000201
vn -0.707106 0.707108 0.000000
vn -0.353555 0.353555 -0.866024
vn -0.353555 0.353555 -0.866024
vn 0.353550 -0.353550 0.866028
vn 0.353550 -0.353550 0.866028
vn -0.707107 0.707107 0.000000
vn -0.707107 0.707107 0.000000
vn 0.353555 -0.353555 -0.866024
vn 0.353555 -0.353555 -0.866024
vn 0.707107 -0.707107 0.000000
vn 0.707107 -0.707107 0.000000
vn 0.353552 -0.353552 0.866027
vn 0.353552 -0.353552 0.866027
vn -0.353552 0.353552 0.866026
vn -0.353552 0.353552 0.866026
vn -0.707107 0.707107 0.000000
vn -0.707107 0.707107 0.000000
vn -0.353556 0.353556 -0.866024
vn -0.353556 0.353556 -0.866024
vn 0.353555 -0.353555 -0.866024
vn 0.353555 -0.353555 -0.866024
vn 0.707107 -0.707107 0.000000
vn 0.707107 -0.707107 0.000000
vn -0.707107 0.707107 0.000000
vn -0.707107 0.707107 0.000000
vn -0.707107 0.707107 0.000000
vn -0.707107 0.707107 0.000000
vn 0.353556 -0.353556 -0.866023
vn 0.353556 -0.353556 -0.866023
vn 0.707107 -0.707107 0.000000
vn 0.707107 -0.707107 0.000000
vn 0.353551 -0.353551 0.866028
vn 0.353551 -0.353551 0.866028
vn -0.353552 0.353552 0.866027
vn -0.353552 0.353552 0.866027
vn -0.707107 0.707107 0.000000
vn -0.707107 0.707107 0.000000
vn -0.353555 0.353555 -0.866024
vn -0.353555 0.353555 -0.866024
vn 0.353555 -0.353555 0.866024
vn 0.353555 -0.353555 0.866024
vn -0.353555 0.353555 0.866024
vn -0.353555 0.353555 0.866024
vn -0.707107 0.707107 0.000000
vn -0.707107 0.707107 0.000000
vn -0.353552 0.353552 -0.866027
vn -0.353552 0.353552 -0.866027
vn 0.353552 -0.353552 -0.866027
vn 0.353552 -0.353552 -0.866027
vn 0.707107 -0.707107 0.000000
vn 0.707107 -0.707107 0.000000
vn -0.707107 0.707107 0.000000
vn -0.707107 0.707107 0.000000
vn -0.353552 0.353552 -0.866027
vn -0.353552 0.353552 -0.866027
vn -0.353552 0.353552 0.866026
vn -0.353552 0.353552 0.866026
vn -0.707107 0.707107 0.000000
vn -0.707107 0.707107 0.000000
vn -0.353554 0.353554 -0.866025
vn -0.353554 0.353554 -0.866025
vn 0.707107 -0.707107 0.000000
vn 0.707107 -0.707107 0.000000
vn 0.353552 -0.353552 0.866027
vn 0.353552 -0.353552 0.866027
vn -0.353552 0.353552 0.866027
vn -0.353552 0.353552 0.866027
vn -0.707107 0.707107 0.000000
vn -0.707107 0.707107 0.000000
vn -0.353555 0.353555 -0.866024
vn -0.353555 0.353555 -0.866024
vn 0.353555 -0.353555 -0.866024
vn 0.353555 -0.353555 -0.866024
vn 0.353555 -0.353555 0.866024
vn 0.353555 -0.353555 0.866024
vn -0.353555 0.353555 0.866024
vn -0.353555 0.353555 0.866024
vn -0.707107 0.707107 0.000000
vn -0.707107 0.707107 0.000000
vn -0.353552 0.353552 -0.866027
vn -0.353552 0.353552 -0.866027
vn 0.353552 -0.353552 -0.866027
vn 0.353552 -0.353552 -0.866027
vn 0.707107 -0.707107 0.000000
vn 0.707107 -0.707107 0.000000
vn -0.353552 0.353552 -0.866027
vn -0.353552 0.353552 -0.866027
vn -0.707107 0.707107 0.000000
vn -0.707107 0.707107 0.000000
vn -0.353555 0.353555 -0.866024
vn -0.353555 0.353555 -0.866024
vn 0.353576 -0.353576 -0.866007
vn 0.353576 -0.353576 -0.866007
vn 0.335943 -0.370987 -0.865743
vn 0.353514 -0.353692 -0.865985
vn 0.707107 -0.707107 0.000000
vn 0.707107 -0.707107 0.000000
vn 0.707107 -0.707107 0.000000
vn 0.707107 -0.707107 0.000000
vn 0.353552 -0.353552 0.866027
vn 0.353552 -0.353552 0.866027
vn -0.353552 0.353552 0.866027
vn -0.353552 0.353552 0.866027
vn -0.707107 0.707107 0.000000
vn -0.707107 0.707107 0.000000
vn -0.353555 0.353555 0.866024
vn -0.353555 0.353555 0.866024
vn -0.707107 0.707107 0.000000
vn -0.707107 0.707107 0.000000
vn 0.707107 -0.707107 0.000000
vn 0.707107 -0.707107 0.000000
vn 0.353556 -0.353556 0.866024
vn 0.353556 -0.353556 0.866024
vn -0.353555 0.353555 0.866024
vn -0.353555 0.353555 0.866024
vn -0.707107 0.707107 0.000000
vn -0.707107 0.707107 0.000000
vn 0.707107 -0.707107 0.000000
vn 0.707107 -0.707107 0.000000
vn -0.707107 0.707107 0.000000
vn -0.707107 0.707107 0.000000
vn 0.707107 -0.707107 0.000000
vn 0.707107 -0.707107 0.000000
vn 0.353555 -0.353555 0.866024
vn 0.353555 -0.353555 0.866024
vn -0.353556 0.353556 0.866024
vn -0.353556 0.353556 0.866024
vn 0.353552 -0.353552 0.866027
vn 0.353552 -0.353552 0.866027
vn -0.353552 0.353552 0.866026
vn -0.353552 0.353552 0.866026
vn -0.707107 0.707107 0.000000
vn -0.707107 0.707107 0.000000
vn -0.353556 0.353556 -0.866024
vn -0.353556 0.353556 -0.866024
vn 0.353555 -0.353555 -0.866024
vn 0.353555 -0.353555 -0.866024
vn 0.707107 -0.707107 0.000000
vn 0.707107 -0.707107 0.000000
vn -0.353552 0.353552 0.866027
vn -0.353552 0.353552 0.866027
vn -0.707107 0.707107 0.000000
vn -0.707107 0.707107 0.000000
vn -0.353555 0.353555 -0.866024
vn -0.353555 0.353555 -0.866024
vn 0.353555 -0.353555 -0.866024
vn 0.353555 -0.353555 -0.866024
vn 0.707107 -0.707107 0.000000
vn 0.707107 -0.707107 0.000000
vn 0.353552 -0.353552 0.866027
vn 0.353552 -0.353552 0.866027
vn 0.707107 -0.707107 0.000000
vn 0.707107 -0.707107 0.000000
vn -0.707107 0.707107 0.000000
vn -0.707107 0.707107 0.000000
vn -0.353552 0.353552 -0.866027
vn -0.353552 0.353552 -0.866027
vn 0.353552 -0.353552 -0.866027
vn 0.353552 -0.353552 -0.866027
vn 0.353551 -0.353551 -0.866028
vn 0.353551 -0.353551 -0.866028
vn 0.707107 -0.707107 0.000000
vn 0.707107 -0.707107 0.000000
vn 0.353556 -0.353556 0.866023
vn 0.353556 -0.353556 0.866023
vn -0.353555 0.353555 0.866024
vn -0.353555 0.353555 0.866024
vn -0.707107 0.707107 0.000000
vn -0.707107 0.707107 0.000000
vn -0.353552 0.353552 -0.866027
vn -0.353552 0.353552 -0.866027
vn -0.353555 0.353555 0.866024
vn -0.353555 0.353555 0.866024
vn -0.707107 0.707107 0.000000
vn -0.707107 0.707107 0.000000
vn -0.353552 0.353552 -0.866026
vn -0.353552 0.353552 -0.866026
vn 0.353555 -0.353555 0.866024
vn 0.353555 -0.353555 0.866024
vn -0.353555 0.353555 0.866024
vn -0.353555 0.353555 0.866024
vn -0.707107 0.707107 0.000000
vn -0.707107 0.707107 0.000000
vn -0.353552 0.353552 -0.866027
vn -0.353552 0.353552 -0.866027
vn 0.353552 -0.353552 -0.866027
vn 0.353552 -0.353552 -0.866027
vn 0.707107 -0.707107 0.000000
vn 0.707107 -0.707107 0.000000
vn -0.353552 0.353552 -0.866027
vn -0.353552 0.353552 -0.866027
vn 0.353552 -0.353552 -0.866027
vn 0.353552 -0.353552 -0.866027
vn 0.707107 -0.707107 0.000000
vn 0.707107 -0.707107 0.000000
vn 0.353555 -0.353555 0.866024
vn 0.353555 -0.353555 0.866024
vn -0.353555 0.353555 0.866024
vn -0.353555 0.353555 0.866024
vn -0.707107 0.707107 0.000000
vn -0.707107 0.707107 0.000000
vn -0.707107 0.707107 0.000000
vn -0.707107 0.707107 0.000000
vn -0.353555 0.353555 -0.866024
vn -0.353555 0.353555 -0.866024
vn 0.707107 -0.707107 0.000000
vn 0.707107 -0.707107 0.000000
vn -0.353555 0.353555 0.866024
vn -0.353555 0.353555 0.866024
vn -0.353554 0.353554 -0.866025
vn -0.353554 0.353554 -0.866025
vn 0.353553 -0.353553 -0.866026
vn 0.353659 -0.353445 -0.866026
vn 0.353713 -0.353713 -0.865895
vn 0.353715 -0.353715 -0.865893
vn -0.353554 0.353553 0.866026
vn -0.353553 0.353553 0.866026
vn -0.358201 0.348891 0.866007
vn -0.350580 0.356512 0.866021
vn -0.701140 0.713024 0.000000
vn -0.701140 0.713024 0.000000
vn 0.000000 0.000000 -1.000000
vn 0.000000 0.000000 -1.000000
vn 0.353552 -0.353552 0.866027
vn 0.353552 -0.353552 0.866027
vn -0.353552 0.353552 0.866027
vn -0.353552 0.353552 0.866027
vn -0.707107 0.707107 0.000000
vn -0.707107 0.707107 0.000000
vn -0.353555 0.353555 -0.866024
vn -0.353555 0.353555 -0.866024
vn 0.353555 -0.353555 -0.866024
vn 0.353555 -0.353555 -0.866024
vn 0.707107 -0.707107 0.000000
vn 0.707107 -0.707107 0.000000
vn 0.000000 0.000000 1.000000
vn 0.000000 0.000000 1.000000
vn 0.000000 0.000000 1.000000
vn 0.000000 0.000000 1.000000
vn 0.000000 0.000000 1.000000
vn 0.000000 0.000000 1.000000
vn 0.000000 0.000000 1.000000
vn 0.000000 0.000000 1.000000
vn 0.000000 0.000000 1.000000
vn 0.000000 0.000000 1.000000
vn 0.000000 -0.000000 1.000000
vn -0.000000 0.000000 1.000000
vn 0.000000 -0.000000 1.000000
vn -0.000000 0.000000 1.000000
vn 0.000000 -0.000000 1.000000
vn -0.000000 0.000000 1.000000
vn 0.000000 -0.000000 1.000000
vn -0.000000 0.000000 1.000000
vn 0.000000 -0.000000 1.000000
vn -0.000000 0.000000 1.000000
vn 0.000000 0.000000 1.000000
vn 0.000000 0.000000 1.000000
vn 0.000000 -0.000000 1.000000
vn -0.000000 0.000000 1.000000
vn 0.000000 0.000000 1.000000
vn -0.000000 0.000000 1.000000
vn -0.000000 0.000000 1.000000
vn 0.000000 0.000000 1.000000
vn 0.000000 0.000000 1.000000
vn 0.000000 0.000000 1.000000
vn 0.000000 0.000000 1.000000
vn 0.000000 0.000000 1.000000
vn 0.000000 0.000000 1.000000
vn 0.000000 0.000000 1.000000
vn 0.000000 0.000000 1.000000
vn 0.000000 0.000000 1.000000
vn 0.000000 0.000000 1.000000
vn 0.000000 0.000000 1.000000
vn 0.000000 0.000000 1.000000
vn 0.000000 0.000000 1.000000
vn 0.000000 0.000000 1.000000
vn 0.000000 0.000000 1.000000
vn 0.000000 0.000000 1.000000
vn 0.000000 0.000000 1.000000
vn 0.000000 0.000000 1.000000
vn 0.000000 0.000000 1.000000
vn 0.000000 0.000000 1.000000
vn 0.000000 0.000000 1.000000
vn 0.000000 0.000000 1.000000
vn 0.000000 0.000000 1.000000
vn 0.000000 0.000000 1.000000
vn 0.000000 0.000000 1.000000
vn -0.000000 0.000000 1.000000
vn 0.000000 0.000000 1.000000
vn 0.000000 0.000000 1.000000
vn 0.000000 0.000000 1.000000
vn -0.000000 -0.000000 1.000000
vn 0.000000 0.000000 1.000000
vn -0.000000 -0.000000 1.000000
vn 0.000000 0.000000 1.000000
vn 0.000000 0.000000 1.000000
vn -0.000000 0.000000 1.000000
vn 0.000000 -0.000000 1.000000
vn -0.000000 0.000000 1.000000
vn -0.000000 0.000000 1.000000
vn 0.000000 0.000000 1.000000
vn 0.000000 -0.000000 1.000000
vn -0.000000 0.000000 1.000000
vn -0.000000 0.000000 1.000000
vn 0.000000 0.000000 1.000000
vn 0.000000 -0.000000 1.000000
vn 0.000000 0.000000 1.000000
vn 0.000000 -0.000000 1.000000
vn 0.000000 0.000000 1.000000
vn -0.000000 -0.000000 1.000000
vn 0.000000 0.000000 1.000000
vn -0.000000 0.000000 1.000000
vn -0.000000 0.000000 1.000000
vn -0.000000 0.000000 1.000000
vn -0.000000 -0.000000 1.000000
vn -0.000000 -0.000000 1.000000
vn -0.000000 -0.000000 1.000000
vn 0.000000 0.000000 1.000000
vn 0.000000 0.000000 1.000000
vn 0.000000 0.000000 1.000000
vn 0.000000 0.000000 1.000000
vn 0.000000 0.000000 1.000000
vn 0.000000 -0.000000 1.000000
vn -0.000000 -0.000000 1.000000
vn 0.000000 -0.000000 1.000000
vn -0.000000 -0.000000 1.000000
vn 0.000000 -0.000000 1.000000
vn 0.000000 0.000000 1.000000
vn 0.000000 0.000000 1.000000
vn 0.000000 0.000000 1.000000
vn 0.000000 0.000000 1.000000
vn 0.000000 0.000000 1.000000
vn -0.000000 0.000000 1.000000
vn 0.000000 -0.000000 1.000000
vn -0.000000 0.000000 1.000000
vn 0.000000 -0.000000 1.000000
vn -0.000000 0.000000 1.000000
vn 0.000000 -0.000000 1.000000
vn -0.000000 0.000000 1.000000
vn 0.000000 -0.000000 1.000000
vn -0.000000 0.000000 1.000000
vn 0.000000 0.000000 1.000000
vn -0.000000 0.000000 1.000000
vn 0.000000 0.000000 1.000000
vn 0.000000 0.000000 1.000000
vn -0.000000 -0.000000 1.000000
vn -0.000000 -0.000000 1.000000
vn -0.707107 0.707107 0.000000
vn -0.707107 0.707107 0.000000
vn -0.353552 0.353552 -0.866027
vn -0.353552 0.353552 -0.866027
vn 0.353552 -0.353552 -0.866027
vn 0.353552 -0.353552 -0.866027
vn 0.707107 -0.707107 0.000000
vn 0.707107 -0.707107 0.000000
vn 0.707107 -0.707107 0.000000
vn 0.707107 -0.707107 0.000000
vn -0.707107 0.707107 0.000000
vn -0.707107 0.707107 0.000000
vn -0.353552 0.353552 -0.866027
vn -0.353552 0.353552 -0.866027
vn 0.353552 -0.353552 -0.866027
vn 0.353552 -0.353552 -0.866027
vn -0.353552 0.353552 -0.866027
vn -0.353552 0.353552 -0.866027
vn 0.353553 -0.353553 -0.866026
vn 0.353659 -0.353445 -0.866026
vn 0.353713 -0.353713 -0.865895
vn 0.353715 -0.353715 -0.865893
vn 0.707107 -0.707107 0.000000
vn 0.707107 -0.707107 0.000000
vn 0.353552 -0.353552 0.866027
vn 0.353552 -0.353552 0.866027
vn -0.353552 0.353552 0.866027
vn -0.353552 0.353552 0.866027
vn -0.707107 0.707107 0.000000
vn -0.707107 0.707107 0.000000
vn -0.353555 0.353555 -0.866024
vn -0.353555 0.353555 -0.866024
vn 0.353555 -0.353555 -0.866024
vn 0.353555 -0.353555 -0.866024
vn 0.707107 -0.707107 0.000000
vn 0.707107 -0.707107 0.000000
vn 0.353555 -0.353555 0.866024
vn 0.353555 -0.353555 0.866024
vn -0.353555 0.353555 0.866024
vn -0.353555 0.353555 0.866024
vn -0.707107 0.707107 0.000000
vn -0.707107 0.707107 0.000000
vn -0.353552 0.353552 0.866027
vn -0.353552 0.353552 0.866027
vn -0.707107 0.707107 0.000000
vn -0.707107 0.707107 0.000000
vn -0.353555 0.353555 -0.866024
vn -0.353555 0.353555 -0.866024
vn 0.353556 -0.353556 -0.866024
vn 0.353556 -0.353556 -0.866024
vn 0.353555 -0.353555 0.866024
vn 0.353555 -0.353555 0.866024
vn -0.707107 0.707107 0.000000
vn -0.707107 0.707107 0.000000
vn 0.353550 -0.353550 -0.866028
vn 0.353550 -0.353550 -0.866028
vn 0.707107 -0.707107 0.000000
vn 0.707107 -0.707107 0.000000
vn -0.353552 0.353552 0.866026
vn -0.353552 0.353552 0.866026
vn -0.707107 0.707107 0.000000
vn -0.707107 0.707107 0.000000
vn -0.353552 0.353552 -0.866026
vn -0.353552 0.353552 -0.866026
vn -0.353556 0.353556 0.866024
vn -0.353556 0.353556 0.866024
vn -0.707107 0.707107 0.000000
vn -0.707107 0.707107 0.000000
vn -0.353548 0.353547 -0.866030
vn -0.353548 0.353548 -0.866030
vn -0.367111 0.339903 -0.865849
vn -0.356569 0.350497 -0.866031
vn -0.353552 0.353552 0.866026
vn -0.353552 0.353552 0.866026
vn -0.707107 0.707107 0.000000
vn -0.707107 0.707107 0.000000
vn -0.353552 0.353552 -0.866027
vn -0.353552 0.353552 -0.866027
vn 0.353552 -0.353552 -0.866026
vn 0.353552 -0.353552 -0.866026
vn 0.707107 -0.707107 0.000000
vn 0.707107 -0.707107 0.000000
vn -0.707107 0.707107 0.000000
vn -0.707107 0.707107 0.000000
vn 0.353552 -0.353552 0.866027
vn 0.353552 -0.353552 0.866027
vn -0.353552 0.353552 0.866027
vn -0.353552 0.353552 0.866027
vn -0.707107 0.707107 0.000000
vn -0.707107 0.707107 0.000000
vn -0.353552 0.353552 -0.866027
vn -0.353552 0.353552 -0.866027
vn 0.353552 -0.353552 -0.866027
vn 0.353552 -0.353552 -0.866027
vn 0.707107 -0.707107 0.000000
vn 0.707107 -0.707107 0.000000
vn 0.353552 -0.353552 -0.866027
vn 0.353552 -0.353552 -0.866027
vn 0.707107 -0.707107 0.000000
vn 0.707107 -0.707107 0.000000
vn 0.353552 -0.353552 0.866027
vn 0.353552 -0.353552 0.866027
vn -0.353552 0.353552 0.866027
vn -0.353552 0.353552 0.866027
vn -0.707107 0.707107 0.000000
vn -0.707107 0.707107 0.000000
vn -0.353552 0.353552 -0.866027
vn -0.353552 0.353552 -0.866027
vn -0.353546 0.353546 0.866032
vn -0.353546 0.353546 0.866032
vn -0.353612 0.353612 -0.865978
vn -0.353612 0.353612 -0.865978
vn -0.353553 0.353553 0.866026
vn -0.353553 0.353553 0.866026
vn -0.707107 0.707107 0.000000
vn -0.707107 0.707107 0.000000
vn -0.353552 0.353552 -0.866027
vn -0.353552 0.353552 -0.866027
vn 0.353552 -0.353552 0.866027
vn 0.353552 -0.353552 0.866027
vn -0.353552 0.353552 0.866027
vn -0.353552 0.353552 0.866027
vn -0.707107 0.707107 0.000000
vn -0.707107 0.707107 0.000000
vn -0.353555 0.353555 -0.866024
vn -0.353555 0.353555 -0.866024
vn 0.353555 -0.353555 -0.866024
vn 0.353555 -0.353555 -0.866024
vn 0.707107 -0.707107 0.000000
vn 0.707107 -0.707107 0.000000
vn -0.353552 0.353552 -0.866027
vn -0.353552 0.353552 -0.866027
vn 0.353552 -0.353552 -0.866027
vn 0.353552 -0.353552 -0.866027
vn 0.707107 -0.707107 0.000000
vn 0.707107 -0.707107 0.000000
vn 0.353555 -0.353555 0.866024
vn 0.353555 -0.353555 0.866024
vn -0.353555 0.353555 0.866024
vn -0.353555 0.353555 0.866024
vn -0.707107 0.707107 0.000000
vn -0.707107 0.707107 0.000000
vn -0.353552 0.353552 0.866027
vn -0.353552 0.353552 0.866027
vn -0.707107 0.707107 0.000000
vn -0.707107 0.707107 0.000000
vn -0.353555 0.353555 -0.866024
vn -0.353555 0.353555 -0.866024
vn 0.353713 -0.353713 -0.865895
vn 0.353713 -0.353713 -0.865895
vn -0.707107 0.707107 0.000000
vn -0.707107 0.707107 0.000000
vn -0.353552 0.353552 -0.866027
vn -0.353552 0.353552 -0.866027
vn 0.353445 -0.353445 -0.866114
vn 0.353445 -0.353445 -0.866114
vn 0.353552 -0.353552 0.866027
vn 0.353552 -0.353552 0.866027
vn -0.353552 0.353552 0.866027
vn -0.353552 0.353552 0.866027
vn -0.707107 0.707107 0.000000
vn -0.707107 0.707107 0.000000
vn -0.353552 0.353552 -0.866027
vn -0.353552 0.353552 -0.866027
vn 0.353552 -0.353552 -0.866027
vn 0.353552 -0.353552 -0.866027
vn 0.707107 -0.707107 0.000000
vn 0.707107 -0.707107 0.000000
vn -0.707107 0.707107 0.000000
vn -0.707107 0.707107 0.000000
vn -0.353545 0.353545 -0.866032
vn -0.353545 0.353545 -0.866032
vn 0.707107 -0.707107 0.000000
vn 0.707107 -0.707107 0.000000
vn -0.353555 0.353555 0.866024
vn -0.353555 0.353555 0.866024
vn -0.353555 0.353555 -0.866024
vn -0.353555 0.353555 -0.866024
vn 0.707107 -0.707107 0.000000
vn 0.707107 -0.707107 0.000000
vn -0.353555 0.353555 0.866024
vn -0.353555 0.353555 0.866024
vn -0.707107 0.707107 0.000000
vn -0.707107 0.707107 0.000000
vn -0.707107 0.707107 0.000000
vn -0.707107 0.707107 0.000000
vn 0.353550 -0.353550 -0.866028
vn 0.353550 -0.353550 -0.866028
vn 0.707107 -0.707107 0.000000
vn 0.707107 -0.707107 0.000000
vn 0.707107 -0.707107 0.000000
vn 0.707107 -0.707107 0.000000
vn 0.353552 -0.353552 0.866027
vn 0.353552 -0.353552 0.866027
vn -0.353552 0.353552 0.866027
vn -0.353552 0.353552 0.866027
vn -0.707107 0.707107 0.000000
vn -0.707107 0.707107 0.000000
vn -0.353555 0.353555 -0.866024
vn -0.353555 0.353555 -0.866024
vn 0.353555 -0.353555 -0.866024
vn 0.353555 -0.353555 -0.866024
vn -0.353552 0.353552 0.866027
vn -0.353552 0.353552 0.866027
vn -0.707107 0.707107 0.000000
vn -0.707107 0.707107 0.000000
vn 0.353555 -0.353555 0.866024
vn 0.353555 -0.353555 0.866024
vn -0.707107 0.707107 0.000000
vn -0.707107 0.707107 0.000000
vn 0.353555 -0.353555 -0.866024
vn 0.353555 -0.353555 -0.866024
vn 0.707107 -0.707107 0.000000
vn 0.707107 -0.707107 0.000000
vn -0.353552 0.353552 -0.866027
vn -0.353552 0.353552 -0.866027
vn -0.353556 0.353556 0.866024
vn -0.353556 0.353556 0.866024
vn -0.707107 0.707107 0.000000
vn -0.707107 0.707107 0.000000
vn -0.353552 0.353552 0.866027
vn -0.353552 0.353552 0.866027
vn 0.353555 -0.353555 0.866024
vn 0.353555 -0.353555 0.866024
vn -0.707107 0.707107 0.000000
vn -0.707107 0.707107 0.000000
vn 0.353555 -0.353555 -0.866024
vn 0.353555 -0.353555 -0.866024
vn 0.707107 -0.707107 0.000000
vn 0.707107 -0.707107 0.000000
vn -0.707107 0.707107 0.000000
vn -0.707107 0.707107 0.000000
vn 0.000000 0.000000 -1.000000
vn 0.000000 0.000000 -1.000000
vn 0.000000 0.000000 -1.000000
vn 0.000000 0.000000 -1.000000
vn -0.000000 -0.000000 -1.000000
vn 0.000000 0.000000 -1.000000
vn -0.000000 -0.000000 -1.000000
vn -0.000000 0.000000 -1.000000
vn -0.000000 0.000000 -1.000000
vn 0.000000 -0.000000 -1.000000
vn -0.000000 -0.000000 -1.000000
vn 0.000000 0.000000 -1.000000
vn 0.000000 -0.000000 -1.000000
vn 0.000000 0.000000 -1.000000
vn 0.000000 -0.000000 -1.000000
vn 0.000000 -0.000000 -1.000000
vn 0.000000 0.000000 -1.000000
vn 0.000000 -0.000000 -1.000000
vn 0.000000 0.000000 -1.000000
vn 0.000000 0.000000 -1.000000
vn 0.000000 0.000000 -1.000000
vn 0.000000 0.000000 -1.000000
vn 0.000000 0.000000 -1.000000
vn 0.000000 0.000000 -1.000000
vn 0.000000 0.000000 -1.000000
vn 0.000000 0.000000 -1.000000
vn 0.000000 0.000000 -1.000000
vn 0.000000 0.000000 -1.000000
vn 0.000000 0.000000 -1.000000
vn 0.000000 0.000000 -1.000000
vn 0.000000 0.000000 -1.000000
vn 0.000000 0.000000 -1.000000
vn 0.000000 0.000000 -1.000000
vn 0.000000 0.000000 -1.000000
vn 0.000000 0.000000 -1.000000
vn 0.000000 0.000000 -1.000000
vn 0.000000 0.000000 -1.000000
vn 0.000000 0.000000 -1.000000
vn 0.000000 0.000000 -1.000000
vn 0.000000 0.000000 -1.000000
vn 0.000000 0.000000 -1.000000
vn 0.000000 0.000000 -1.000000
vn 0.000000 0.000000 -1.000000
vn 0.000000 0.000000 -1.000000
vn 0.000000 0.000000 -1.000000
vn 0.000000 0.000000 -1.000000
vn 0.000000 0.000000 -1.000000
vn -0.000000 0.000000 -1.000000
vn 0.000000 0.000000 -1.000000
vn 0.000000 0.000000 -1.000000
vn 0.000000 0.000000 -1.000000
vn -0.000000 -0.000000 -1.000000
vn 0.000000 0.000000 -1.000000
vn -0.000000 -0.000000 -1.000000
vn 0.000000 0.000000 -1.000000
vn -0.000000 -0.000000 -1.000000
vn -0.000000 0.000000 -1.000000
vn -0.000000 -0.000000 -1.000000
vn 0.000000 -0.000000 -1.000000
vn -0.000000 -0.000000 -1.000000
vn -0.000000 -0.000000 -1.000000
vn -0.000000 0.000000 -1.000000
vn 0.000000 -0.000000 -1.000000
vn -0.000000 0.000000 -1.000000
vn 0.000000 -0.000000 -1.000000
vn -0.000000 0.000000 -1.000000
vn 0.000000 -0.000000 -1.000000
vn -0.000000 0.000000 -1.000000
vn 0.000000 -0.000000 -1.000000
vn -0.000000 0.000000 -1.000000
vn 0.000000 -0.000000 -1.000000
vn -0.000000 0.000000 -1.000000
vn 0.000000 -0.000000 -1.000000
vn 0.000000 0.000000 -1.000000
vn 0.000000 0.000000 -1.000000
vn 0.000000 0.000000 -1.000000
vn -0.000000 0.000000 -1.000000
vn 0.000000 0.000000 -1.000000
vn -0.000000 0.000000 -1.000000
vn 0.000000 -0.000000 -1.000000
vn -0.000000 0.000000 -1.000000
vn -0.000000 -0.000000 -1.000000
vn -0.000000 -0.000000 -1.000000
vn 0.000000 -0.000000 -1.000000
vn 0.000000 0.000000 -1.000000
vn 0.000000 0.000000 -1.000000
vn -0.000000 0.000000 -1.000000
vn 0.000000 -0.000000 -1.000000
vn 0.000000 -0.000000 -1.000000
vn 0.000000 0.000000 -1.000000
vn -0.000000 0.000000 -1.000000
vn 0.000000 0.000000 -1.000000
vn 0.000000 0.000000 -1.000000
vn 0.000000 0.000000 -1.000000
vn 0.000000 0.000000 -1.000000
vn 0.000000 0.000000 -1.000000
vn 0.000000 0.000000 -1.000000
vn 0.000000 0.000000 -1.000000
vn 0.000000 0.000000 -1.000000
vn -0.000000 0.000000 -1.000000
vn 0.000000 -0.000000 -1.000000
vn 0.000000 0.000000 -1.000000
vn 0.000000 0.000000 -1.000000
vn 0.000000 0.000000 -1.000000
vn 0.000000 0.000000 -1.000000
vn 0.000000 0.000000 -1.000000
vn 0.000000 0.000000 -1.000000
vn 0.000000 0.000000 -1.000000
vn 0.000000 0.000000 -1.000000
vn 0.000000 0.000000 -1.000000
vn 0.000000 0.000000 -1.000000
vn -0.000000 0.000000 -1.000000
vn 0.707107 -0.707107 0.000000
vn 0.707107 -0.707107 0.000000
vn 0.353555 -0.353555 0.866024
vn 0.353555 -0.353555 0.866024
vn -0.353555 0.353555 0.866024
vn -0.353555 0.353555 0.866024
vn -0.353555 0.353555 -0.866024
vn -0.353555 0.353555 -0.866024
vn 0.353555 -0.353555 -0.866024
vn 0.353555 -0.353555 -0.866024
vn 0.707107 -0.707107 0.000004
vn 0.707107 -0.707107 0.000000
vn 0.707107 -0.707107 0.000000
vn 0.707107 -0.707107 0.000000
vn 0.707107 -0.707107 0.000000
vn 0.713058 -0.701052 0.008566
vn 0.353552 -0.353552 0.866026
vn 0.353552 -0.353552 0.866026
vn -0.353552 0.353552 0.866027
vn -0.353552 0.353552 0.866027
vn -0.707107 0.707107 0.000000
vn -0.707107 0.707107 0.000000
vn -0.353555 0.353555 -0.866024
vn -0.353555 0.353555 -0.866024
vn 0.353556 -0.353556 -0.866024
vn 0.353556 -0.353556 -0.866024
vn 0.707107 -0.707107 0.000000
vn 0.707107 -0.707107 0.000000
vn 0.353555 -0.353555 0.866024
vn 0.353555 -0.353555 0.866024
vn -0.707107 0.707107 0.000000
vn -0.707107 0.707107 0.000000
vn 0.353550 -0.353550 -0.866028
vn 0.353550 -0.353550 -0.866028
vn 0.707107 -0.707107 0.000000
vn 0.707107 -0.707107 0.000000
vn 0.353552 -0.353552 -0.866027
vn 0.353552 -0.353552 -0.866027
vn 0.707107 -0.707107 0.000000
vn 0.707107 -0.707107 0.000000
vn -0.707107 0.707107 0.000000
vn -0.707107 0.707107 0.000000
vn -0.353552 0.353552 -0.866027
vn -0.353552 0.353552 -0.866027
vn 0.353552 -0.353552 0.866027
vn 0.353552 -0.353552 0.866027
vn -0.353552 0.353552 0.866027
vn -0.353552 0.353552 0.866027
vn -0.707106 0.707108 0.000000
vn -0.707107 0.707107 -0.000002
vn -0.713124 0.701038 0.000000
vn -0.713124 0.701038 0.000000
vn 0.352246 -0.354865 -0.866022
vn 0.374351 -0.332420 -0.865655
vn 0.353567 -0.353567 -0.866014
vn 0.353567 -0.353567 -0.866014
vn 0.707107 -0.707107 0.000000
vn 0.707107 -0.707107 0.000000
vn 0.707107 -0.707107 0.000000
vn 0.707107 -0.707107 0.000000
vn -0.353552 0.353552 0.866027
vn -0.353552 0.353552 0.866027
vn -0.707107 0.707107 0.000000
vn -0.707107 0.707107 0.000000
vn -0.353553 0.353553 -0.866026
vn -0.353553 0.353553 -0.866026
vn 0.707107 -0.707107 0.000000
vn 0.707107 -0.707107 0.000000
vn 0.353552 -0.353552 0.866027
vn 0.353552 -0.353552 0.866027
vn -0.353552 0.353552 0.866027
vn -0.353552 0.353552 0.866027
vn -0.707107 0.707107 0.000000
vn -0.707107 0.707107 0.000000
vn -0.353555 0.353555 -0.866024
vn -0.353555 0.353555 -0.866024
vn 0.353555 -0.353555 -0.866024
vn 0.353555 -0.353555 -0.866024
vn 0.353555 -0.353555 0.866024
vn 0.353555 -0.353555 0.866024
vn -0.353555 0.353555 0.866024
vn -0.353555 0.353555 0.866024
vn -0.707107 0.707107 0.000000
vn -0.707107 0.707107 0.000000
vn -0.353552 0.353552 -0.866027
vn -0.353552 0.353552 -0.866027
vn 0.353552 -0.353552 -0.866027
vn 0.353552 -0.353552 -0.866027
vn 0.707107 -0.707107 0.000000
vn 0.707107 -0.707107 0.000000
vn -0.707107 0.707107 0.000000
vn -0.707107 0.707107 0.000000
vn -0.353552 0.353552 -0.866027
vn -0.353552 0.353552 -0.866027
vn 0.353713 -0.353713 -0.865895
vn 0.353713 -0.353713 -0.865895
vn -0.353562 0.353562 0.866018
vn -0.353562 0.353562 0.866018
vn 0.707107 -0.707107 0.000000
vn 0.707107 -0.707107 0.000000
vn 0.353555 -0.353555 0.866024
vn 0.353555 -0.353555 0.866024
vn -0.353555 0.353555 0.866024
vn -0.353555 0.353555 0.866024
vn -0.707107 0.707107 0.000000
vn -0.707107 0.707107 0.000000
vn -0.353552 0.353552 -0.866027
vn -0.353552 0.353552 -0.866027
vn 0.353552 -0.353552 -0.866027
vn 0.353552 -0.353552 -0.866027
vn -0.707107 0.707107 0.000000
vn -0.707107 0.707107 0.000000
vn -0.353555 0.353555 -0.866024
vn -0.353555 0.353555 -0.866024
vn 0.707107 -0.707107 0.000000
vn 0.707107 -0.707107 0.000000
vn -0.353555 0.353555 0.866024
vn -0.353555 0.353555 0.866024
vn 0.353552 -0.353552 0.866027
vn 0.353552 -0.353552 0.866027
vn -0.353552 0.353552 0.866027
vn -0.353552 0.353552 0.866027
vn -0.707107 0.707107 0.000000
vn -0.707107 0.707107 0.000000
vn -0.353555 0.353555 -0.866024
vn -0.353555 0.353555 -0.866024
vn 0.353555 -0.353555 -0.866024
vn 0.353555 -0.353555 -0.866024
vn 0.707107 -0.707107 0.000000
vn 0.707107 -0.707107 0.000000
vn -0.707107 0.707107 0.000000
vn -0.707107 0.707107 0.000000
vn -0.353552 0.353552 -0.866026
vn -0.353552 0.353552 -0.866026
vn -0.707107 0.707107 0.000000
vn -0.707107 0.707107 0.000000
vn 0.707107 -0.707107 0.000000
vn 0.707107 -0.707107 0.000000
vn 0.353555 -0.353555 0.866024
vn 0.353555 -0.353555 0.866024
vn -0.353555 0.353555 0.866024
vn -0.353555 0.353555 0.866024
vn 0.353556 -0.353556 -0.866023
vn 0.353556 -0.353556 -0.866023
vn 0.707107 -0.707107 0.000000
vn 0.707107 -0.707107 0.000000
vn 0.353556 -0.353556 0.866023
vn 0.353556 -0.353556 0.866023
vn -0.353555 0.353555 0.866024
vn -0.353555 0.353555 0.866024
vn -0.707107 0.707107 0.000000
vn -0.707107 0.707107 0.000000
vn -0.353552 0.353552 -0.866027
vn -0.353552 0.353552 -0.866027
vn 0.353556 -0.353556 -0.866023
vn 0.353556 -0.353556 -0.866023
vn 0.707107 -0.707107 0.000000
vn 0.707107 -0.707107 0.000000
vn 0.353556 -0.353556 0.866023
vn 0.353556 -0.353556 0.866023
vn -0.353552 0.353552 0.866027
vn -0.353552 0.353552 0.866027
vn -0.707107 0.707107 0.000000
vn -0.707107 0.707107 0.000000
vn -0.353555 0.353555 -0.866024
vn -0.353555 0.353555 -0.866024
vn -0.707107 0.707107 0.000000
vn -0.707107 0.707107 0.000000
vn 0.707107 -0.707107 0.000000
vn 0.707107 -0.707107 0.000000
vn 0.353555 -0.353555 0.866024
vn 0.353555 -0.353555 0.866024
vn 0.707107 -0.707107 0.000000
vn 0.707107 -0.707107 0.000000
vn 0.353552 -0.353552 0.866027
vn 0.353552 -0.353552 0.866027
vn -0.353552 0.353552 0.866027
vn -0.353552 0.353552 0.866027
vn -0.707107 0.707107 0.000000
vn -0.707107 0.707107 0.000000
vn -0.353555 0.353555 -0.866024
vn -0.353555 0.353555 -0.866024
vn 0.353555 -0.353555 -0.866024
vn 0.353555 -0.353555 -0.866024
vn -0.353551 0.353551 -0.866027
vn -0.353551 0.353551 -0.866027
vn -0.707107 0.707107 0.000000
vn -0.707107 0.707107 0.000000
vn -0.353555 0.353555 -0.866024
vn -0.353555 0.353555 -0.866024
vn 0.707107 -0.707107 0.000000
vn 0.707107 -0.707107 0.000000
vn -0.353555 0.353555 -0.866024
vn -0.353555 0.353555 -0.866024
vn 0.353555 -0.353555 -0.866024
vn 0.353555 -0.353555 -0.866024
vn 0.707107 -0.707107 0.000000
vn 0.707107 -0.707107 0.000000
vn 0.353552 -0.353552 0.866027
vn 0.353552 -0.353552 0.866027
vn -0.353552 0.353552 0.866027
vn -0.353552 0.353552 0.866027
vn -0.707107 0.707107 0.000000
vn -0.707107 0.707107 0.000000
vn 0.353556 -0.353556 -0.866023
vn 0.353556 -0.353556 -0.866023
vn 0.707107 -0.707107 0.000000
vn 0.707107 -0.707107 0.000000
vn 0.353551 -0.353551 0.866028
vn 0.353551 -0.353551 0.866028
vn -0.353552 0.353552 0.866027
vn -0.353552 0.353552 0.866027
vn -0.707107 0.707107 0.000000
vn -0.707107 0.707107 0.000000
vn -0.353555 0.353555 -0.866024
vn -0.353555 0.353555 -0.866024
vn -0.707107 0.707107 0.000000
vn -0.707107 0.707107 0.000000
vn -0.353555 0.353555 -0.866024
vn -0.353555 0.353555 -0.866024
vn 0.707107 -0.707107 0.000000
vn 0.707107 -0.707107 0.000000
vn -0.353555 0.353555 0.866024
vn -0.353555 0.353555 0.866024
vn 0.353551 -0.353551 -0.866028
vn 0.353551 -0.353551 -0.866028
vn 0.707107 -0.707107 0.000000
vn 0.707107 -0.707107 0.000000
vn 0.353556 -0.353556 0.866023
vn 0.353556 -0.353556 0.866023
vn -0.353555 0.353555 0.866024
vn -0.353555 0.353555 0.866024
vn -0.707107 0.707107 0.000000
vn -0.707107 0.707107 0.000000
vn -0.353552 0.353552 -0.866027
vn -0.353552 0.353552 -0.866027
vn 0.353552 -0.353552 0.866027
vn 0.353552 -0.353552 0.866027
vn -0.353552 0.353552 0.866027
vn -0.353552 0.353552 0.866027
vn -0.707107 0.707107 0.000000
vn -0.707107 0.707107 0.000000
vn -0.353555 0.353555 -0.866024
vn -0.353555 0.353555 -0.866024
vn 0.353555 -0.353555 -0.866024
vn 0.353555 -0.353555 -0.866024
vn 0.707107 -0.707107 0.000000
vn 0.707107 -0.707107 0.000000
vn -0.353552 0.353552 0.866027
vn -0.353552 0.353552 0.866027
vn -0.707107 0.707107 0.000000
vn -0.707107 0.707107 0.000000
vn -0.353555 0.353555 -0.866024
vn -0.353555 0.353555 -0.866024
vn 0.353555 -0.353555 -0.866024
vn 0.353555 -0.353555 -0.866024
vn 0.707107 -0.707107 0.000000
vn 0.707107 -0.707107 0.000000
vn 0.353552 -0.353552 0.866027
vn 0.353552 -0.353552 0.866027
vn -0.707107 0.707107 0.000000
vn -0.707107 0.707107 0.000000
vn -0.353555 0.353555 -0.866024
vn -0.353555 0.353555 -0.866024
vn -0.353552 0.353552 0.866027
vn -0.353552 0.353552 0.866027
vn -0.353552 0.353552 0.866027
vn -0.353552 0.353552 0.866027
vn -0.707107 0.707107 0.000000
vn -0.707107 0.707107 0.000000
vn -0.353554 0.353554 -0.866025
vn -0.353554 0.353554 -0.866025
vn -0.707107 0.707107 0.000000
vn -0.707107 0.707107 0.000000
vn -0.353552 0.353552 -0.866026
vn -0.353552 0.353552 -0.866026
vn -0.707107 0.707107 0.000000
vn -0.707107 0.707107 0.000000
vn -0.353555 0.353555 -0.866024
vn -0.353555 0.353555 -0.866024
vn 0.707107 -0.707107 0.000000
vn 0.707107 -0.707107 0.000000
vn -0.353555 0.353555 0.866024
vn -0.353555 0.353555 0.866024
vn 0.353555 -0.353555 0.866024
vn 0.353555 -0.353555 0.866024
vn -0.353555 0.353555 0.866024
vn -0.353555 0.353555 0.866024
vn -0.707107 0.707107 0.000000
vn -0.707107 0.707107 0.000000
vn 0.707107 -0.707107 0.000000
vn 0.707107 -0.707107 0.000000
vn -0.707107 0.707107 0.000000
vn -0.707107 0.707107 0.000000
vn -0.353555 0.353555 -0.866024
vn -0.353555 0.353555 -0.866024
vn 0.353556 -0.353556 -0.866024
vn 0.353556 -0.353556 -0.866024
vn 0.707107 -0.707107 0.000000
vn 0.707107 -0.707107 0.000000
vn 0.353552 -0.353552 0.866026
vn 0.353552 -0.353552 0.866026
vn -0.353552 0.353552 0.866027
vn -0.353552 0.353552 0.866027
vn -0.353552 0.353552 0.866027
vn -0.353552 0.353552 0.866027
vn -0.707107 0.707107 0.000000
vn -0.707107 0.707107 0.000000
vn -0.353555 0.353555 -0.866024
vn -0.353555 0.353555 -0.866024
vn 0.353555 -0.353555 -0.866024
vn 0.353555 -0.353555 -0.866024
vn 0.707107 -0.707107 0.000000
vn 0.707107 -0.707107 0.000000
vn 0.353552 -0.353552 0.866027
vn 0.353552 -0.353552 0.866027
vn -0.707107 0.707107 0.000000
vn -0.707107 0.707107 0.000000
vn -0.353552 0.353552 -0.866027
vn -0.353552 0.353552 -0.866027
vn 0.353552 -0.353552 -0.866026
vn 0.353552 -0.353552 -0.866026
vn 0.707107 -0.707107 0.000000
vn 0.707107 -0.707107 0.000000
vn 0.353552 -0.353552 0.866026
vn 0.353552 -0.353552 0.866026
vn -0.353552 0.353552 0.866027
vn -0.353552 0.353552 0.866027
vn 0.707107 -0.707107 0.000000
vn 0.707107 -0.707107 0.000000
vn 0.353552 -0.353552 0.866027
vn 0.353552 -0.353552 0.866027
vn -0.353552 0.353552 0.866027
vn -0.353552 0.353552 0.866027
vn -0.707107 0.707107 0.000000
vn -0.707107 0.707107 0.000000
vn -0.353555 0.353555 -0.866024
vn -0.353555 0.353555 -0.866024
vn 0.353555 -0.353555 -0.866024
vn 0.353555 -0.353555 -0.866024
vn -0.707108 0.707106 0.000000
vn -0.707107 0.707107 0.000002
vn -0.701140 0.713024 0.000000
vn -0.701140 0.713024 0.000000
vn -0.353552 0.353552 -0.866027
vn -0.350578 0.356520 -0.866019
vn -0.353555 0.353555 0.866024
vn -0.353555 0.353555 0.866024
vn 0.353550 -0.353550 0.866028
vn 0.353550 -0.353550 0.866028
vn -0.707107 0.707107 0.000000
vn -0.707107 0.707107 0.000000
vn 0.353555 -0.353555 -0.866024
vn 0.353555 -0.353555 -0.866024
vn 0.707107 -0.707107 0.000000
vn 0.707107 -0.707107 0.000000
vn -0.707107 0.707107 0.000000
vn -0.707107 0.707107 0.000000
vn -0.353552 0.353552 -0.866026
vn -0.353552 0.353552 -0.866026
vn 0.353552 -0.353552 -0.866027
vn 0.353552 -0.353552 -0.866027
vn 0.707107 -0.707107 0.000000
vn 0.707107 -0.707107 0.000000
vn 0.353555 -0.353555 -0.866024
vn 0.353555 -0.353555 -0.866024
vn 0.707107 -0.707107 0.000000
vn 0.707107 -0.707107 0.000000
vn 0.353552 -0.353552 0.866027
vn 0.353552 -0.353552 0.866027
vn -0.353552 0.353552 0.866027
vn -0.353552 0.353552 0.866027
vn -0.707107 0.707107 0.000000
vn -0.707107 0.707107 0.000000
vn -0.353555 0.353555 -0.866024
vn -0.353555 0.353555 -0.866024
vn 0.707107 -0.707107 0.000000
vn 0.707107 -0.707107 0.000000
vn 0.353551 -0.353551 0.866028
vn 0.353551 -0.353551 0.866028
vn -0.353552 0.353552 0.866027
vn -0.353552 0.353552 0.866027
vn -0.707107 0.707107 0.000000
vn -0.707107 0.707107 0.000000
vn -0.353552 0.353552 -0.866027
vn -0.353552 0.353552 -0.866027
vn 0.353551 -0.353551 -0.866028
vn 0.353551 -0.353551 -0.866028
vn -0.353554 0.353554 0.866025
vn -0.353554 0.353554 0.866025
vn -0.707107 0.707107 0.000000
vn -0.707107 0.707107 0.000000
vn 0.353555 -0.353555 0.866024
vn 0.353555 -0.353555 0.866024
vn -0.353555 0.353555 0.866024
vn -0.353555 0.353555 0.866024
vn -0.707107 0.707107 0.000000
vn -0.707107 0.707107 0.000000
vn -0.353552 0.353552 -0.866027
vn -0.353552 0.353552 -0.866027
vn 0.353552 -0.353552 -0.866027
vn 0.353552 -0.353552 -0.866027
vn 0.707107 -0.707107 0.000000
vn 0.707107 -0.707107 0.000000
vn 0.353555 -0.353555 0.866024
vn 0.353555 -0.353555 0.866024
vn -0.353555 0.353555 0.866024
vn -0.353555 0.353555 0.866024
vn -0.707107 0.707107 0.000000
vn -0.707107 0.707107 0.000000
vn -0.353552 0.353552 -0.866027
vn -0.353552 0.353552 -0.866027
vn 0.353552 -0.353552 -0.866027
vn 0.353552 -0.353552 -0.866027
vn 0.707107 -0.707107 0.000000
vn 0.707107 -0.707107 0.000000
vn 0.353555 -0.353555 -0.866024
vn 0.353555 -0.353555 -0.866024
vn 0.707107 -0.707107 0.000000
vn 0.707107 -0.707107 0.000000
vn 0.353552 -0.353552 0.866027
vn 0.353552 -0.353552 0.866027
vn -0.353552 0.353552 0.866027
vn -0.353552 0.353552 0.866027
vn -0.707107 0.707107 0.000000
vn -0.707107 0.707107 0.000000
vn -0.353555 0.353555 -0.866024
vn -0.353555 0.353555 -0.866024
vn -0.353556 0.353556 0.866023
vn -0.353556 0.353556 0.866023
vn -0.351237 0.355934 0.865993
vn -0.356573 0.350530 0.866016
vn -0.706750 -0.707463 -0.000874
vn -0.707462 -0.706751 0.000879
vn -0.350581 0.356523 0.866016
vn -0.353555 0.353555 0.866024
vn -0.707108 0.707106 0.000000
vn -0.707107 0.707107 -0.000002
vn -0.701140 0.713024 0.000000
vn -0.701140 0.713024 0.000000
vn 0.707107 -0.707107 0.000000
vn 0.707107 -0.707107 0.000000
vn -0.707107 -0.707107 0.000000
vn -0.707107 -0.707107 0.000000
vn -0.707107 -0.707107 -0.000000
vn -0.707107 -0.707107 0.000000
vn -0.707107 0.707107 0.000000
vn -0.707107 0.707107 0.000000
vn -0.701140 0.713024 0.000000
vn -0.701140 0.713024 0.000000
vn -0.353552 0.353551 -0.866027
vn -0.353551 0.353551 -0.866027
vn -0.348807 0.358277 -0.866009
vn -0.350579 0.356521 -0.866018
vn -0.356570 0.350527 -0.866019
vn -0.353552 0.353552 -0.866026
vn 0.000000 0.000000 -1.000000
vn 0.000000 0.000000 -1.000000
vn 0.000000 0.707107 -0.707107
vn 0.000000 0.707107 -0.707107
vn 0.000000 0.707107 0.707107
vn 0.000000 0.707107 0.707107
vn 0.382684 0.923879 0.000000
vn 0.382684 0.923879 -0.000000
vn 0.500000 0.500000 -0.707107
vn 0.500000 0.500000 -0.707107
vn 0.707107 0.000000 -0.707107
vn 0.707107 0.000000 -0.707107
vn 0.500000 0.500000 0.707107
vn 0.500000 0.500000 0.707107
vn 0.923879 0.382684 0.000000
vn 0.923879 0.382684 0.000000
vn 0.756975 0.313550 0.573302
vn 0.756975 0.313550 -0.573302
vn 0.313549 0.756975 0.573302
vn 0.313549 0.756975 -0.573302
vn 0.000000 1.000000 0.000000
vn 0.000000 1.000000 -0.000000
vn 1.000000 0.000000 0.000000
vn 1.000000 0.000000 0.000000
vn 0.707107 0.000000 0.707107
vn 0.707107 0.000000 0.707107
vn 0.000000 0.000000 1.000000
vn 0.000000 0.000000 1.000000
f 1094//1 1090//1 1092//1
f 1093//2 1094//2 1092//2
f 1096//3 1094//3 1093//3
f 1092//4 1090//4 1091//4
f 1094//5 1096//5 1095//5
f 960//6 1090//6 1094//6
f 963//7 960//7 1094//7
f 959//8 960//8 963//8
f 884//9 959//9 963//9
f 1153//10 1092//10 1091//10
f 1150//11 1153//11 1091//11
f 1090//12 960//12 1009//12
f 1084//13 1090//13 1009//13
f 1173//14 1090//14 1084//14
f 1083//15 1084//15 1009//15
f 1008//16 1083//16 1009//16
f 1055//17 1083//17 1008//17
f 953//18 1055//18 1008//18
f 905//19 953//19 1008//19
f 854//20 953//20 905//20
f 792//21 854//21 905//21
f 759//22 854//22 792//22
f 712//23 759//23 792//23
f 667//24 759//24 712//24
f 629//25 667//25 712//25
f 616//26 667//26 629//26
f 621//27 616//27 629//27
f 713//28 712//28 792//28
f 793//29 713//29 792//29
f 748//30 713//30 793//30
f 841//31 748//31 793//31
f 880//32 841//32 793//32
f 881//33 841//33 880//33
f 842//34 841//34 881//34
f 782//35 842//35 881//35
f 749//36 842//36 782//36
f 700//37 749//37 782//37
f 661//38 749//38 700//38
f 618//39 661//39 700//39
f 573//40 661//40 618//40
f 530//41 573//41 618//41
f 493//42 573//42 530//42
f 440//43 493//43 530//43
f 403//44 493//44 440//44
f 346//45 403//45 440//45
f 323//46 403//46 346//46
f 192//47 323//47 346//47
f 169//48 323//48 192//48
f 124//49 169//49 192//49
f 100//50 169//50 124//50
f 101//51 100//51 124//51
f 2//52 100//52 101//52
f 102//53 2//53 101//53
f 103//54 2//54 102//54
f 125//55 103//55 102//55
f 170//56 103//56 125//56
f 193//57 170//57 125//57
f 324//58 170//58 193//58
f 347//59 324//59 193//59
f 410//60 324//60 347//60
f 364//61 410//61 347//61
f 435//62 410//62 364//62
f 701//63 700//63 782//63
f 783//64 701//64 782//64
f 760//65 701//65 783//65
f 855//66 760//66 783//66
f 882//67 855//67 783//67
f 883//68 855//68 882//68
f 883//69 954//69 955//69
f 856//70 883//70 955//70
f 855//71 883//71 856//71
f 955//72 1056//72 1010//72
f 906//73 955//73 1010//73
f 856//74 955//74 906//74
f 794//75 856//75 906//75
f 761//76 856//76 794//76
f 714//77 761//77 794//77
f 669//78 761//78 714//78
f 631//79 669//79 714//79
f 589//80 669//80 631//80
f 538//81 589//81 631//81
f 505//82 589//82 538//82
f 452//83 505//83 538//83
f 411//84 505//84 452//84
f 365//85 411//85 452//85
f 325//86 411//86 365//86
f 204//87 325//87 365//87
f 171//88 325//88 204//88
f 126//89 171//89 204//89
f 104//90 171//90 126//90
f 105//91 104//91 126//91
f 2//92 104//92 105//92
f 30//93 2//93 105//93
f 106//94 30//94 105//94
f 107//95 30//95 106//95
f 1085//96 1010//96 1056//96
f 1132//97 1085//97 1056//97
f 1174//98 1085//98 1132//98
f 1209//99 1174//99 1132//99
f 1286//100 1174//100 1209//100
f 1379//101 1286//101 1209//101
f 1452//102 1286//102 1379//102
f 1587//103 1452//103 1379//103
f 1653//104 1452//104 1587//104
f 1699//105 1653//105 1587//105
f 1768//106 1653//106 1699//106
f 1822//107 1768//107 1699//107
f 1858//108 1768//108 1822//108
f 1920//109 1858//109 1822//109
f 1976//110 1858//110 1920//110
f 2012//111 1976//111 1920//111
f 2076//112 1976//112 2012//112
f 2133//113 2076//113 2012//113
f 2180//114 2076//114 2133//114
f 2237//115 2180//115 2133//115
f 2259//116 2180//116 2237//116
f 2365//117 2259//117 2237//117
f 2359//118 2259//118 2365//118
f 1132//119 1131//119 1208//119
f 1209//120 1132//120 1208//120
f 1698//121 1699//121 1587//121
f 1586//122 1698//122 1587//122
f 1633//123 1698//123 1586//123
f 1445//124 1633//124 1586//124
f 1378//125 1445//125 1586//125
f 1285//126 1445//126 1378//126
f 1222//127 1285//127 1378//127
f 1221//128 1285//128 1222//128
f 1444//129 1445//129 1285//129
f 1284//130 1444//130 1285//130
f 1377//131 1444//131 1284//131
f 1355//132 1377//132 1284//132
f 1363//133 1377//133 1355//133
f 1284//134 1220//134 1219//134
f 1355//135 1284//135 1219//135
f 1444//136 1377//136 1538//136
f 1632//137 1444//137 1538//137
f 1563//138 1632//138 1538//138
f 1689//139 1632//139 1563//139
f 1562//140 1689//140 1563//140
f 1569//141 1689//141 1562//141
f 1563//142 1538//142 1537//142
f 1536//143 1563//143 1537//143
f 1535//144 1563//144 1536//144
f 1689//145 1569//145 1571//145
f 1585//146 1689//146 1571//146
f 1688//147 1689//147 1585//147
f 1584//148 1688//148 1585//148
f 1651//149 1688//149 1584//149
f 1451//150 1651//150 1584//150
f 1376//151 1451//151 1584//151
f 1283//152 1451//152 1376//152
f 1354//153 1283//153 1376//153
f 1213//154 1283//154 1354//154
f 1354//155 1376//155 1362//155
f 1173//156 1283//156 1213//156
f 1151//157 1173//157 1213//157
f 1150//158 1173//158 1151//158
f 1150//159 1091//159 1090//159
f 1173//160 1150//160 1090//160
f 1450//161 1451//161 1283//161
f 1282//162 1450//162 1283//162
f 1375//163 1450//163 1282//163
f 1207//164 1375//164 1282//164
f 1172//165 1207//165 1282//165
f 1130//166 1207//166 1172//166
f 1083//167 1130//167 1172//167
f 1055//168 1130//168 1083//168
f 1633//169 1639//169 1652//169
f 1698//170 1633//170 1652//170
f 1698//171 1652//171 1767//171
f 1821//172 1698//172 1767//172
f 1855//173 1821//173 1767//173
f 1919//174 1821//174 1855//174
f 1956//175 1919//175 1855//175
f 2011//176 1919//176 1956//176
f 1975//177 2011//177 1956//177
f 2075//178 2011//178 1975//178
f 1855//179 1767//179 1766//179
f 1854//180 1855//180 1766//180
f 1744//181 1854//181 1766//181
f 1810//182 1854//182 1744//182
f 1689//183 1810//183 1744//183
f 1632//184 1689//184 1744//184
f 1744//185 1766//185 1753//185
f 1751//186 1744//186 1753//186
f 1745//187 1744//187 1751//187
f 2117//188 2137//188 2136//188
f 2135//189 2117//189 2136//189
f 2134//190 2117//190 2135//190
f 2178//191 2117//191 2134//191
f 2235//192 2178//192 2134//192
f 2257//193 2178//193 2235//193
f 2365//194 2257//194 2235//194
f 2258//195 2257//195 2365//195
f 2236//196 2258//196 2365//196
f 2179//197 2258//197 2236//197
f 2132//198 2179//198 2236//198
f 2075//199 2179//199 2132//199
f 2011//200 2075//200 2132//200
f 2365//201 2235//201 2234//201
f 2256//202 2365//202 2234//202
f 2255//203 2365//203 2256//203
f 2177//204 2256//204 2234//204
f 2131//205 2177//205 2234//205
f 2073//206 2177//206 2131//206
f 2116//207 2073//207 2131//207
f 2003//208 2073//208 2116//208
f 2116//209 2131//209 2121//209
f 2003//210 2004//210 1906//210
f 1905//211 2003//211 1906//211
f 1954//212 2003//212 1905//212
f 1853//213 1954//213 1905//213
f 1809//214 1853//214 1905//214
f 1765//215 1853//215 1809//215
f 1688//216 1765//216 1809//216
f 1651//217 1765//217 1688//217
f 2004//218 2117//218 2056//218
f 1955//219 2004//219 2056//219
f 1906//220 2004//220 1955//220
f 1854//221 1906//221 1955//221
f 1810//222 1906//222 1854//222
f 1627//223 1636//223 1647//223
f 1694//224 1627//224 1647//224
f 1578//225 1627//225 1694//225
f 1684//226 1578//226 1694//226
f 1579//227 1578//227 1684//227
f 1685//228 1579//228 1684//228
f 1559//229 1579//229 1685//229
f 1628//230 1559//230 1685//230
f 1474//231 1559//231 1628//231
f 1440//232 1474//232 1628//232
f 1371//233 1474//233 1440//233
f 1278//234 1371//234 1440//234
f 1351//235 1371//235 1278//235
f 1197//236 1351//236 1278//236
f 1168//237 1197//237 1278//237
f 1126//238 1197//238 1168//238
f 1079//239 1126//239 1168//239
f 1051//240 1126//240 1079//240
f 1004//241 1051//241 1079//241
f 949//242 1051//242 1004//242
f 901//243 949//243 1004//243
f 890//244 949//244 901//244
f 893//245 890//245 901//245
f 1694//246 1647//246 1761//246
f 1817//247 1694//247 1761//247
f 1847//248 1817//248 1761//248
f 1913//249 1817//249 1847//249
f 1948//250 1913//250 1847//250
f 1999//251 1913//251 1948//251
f 1971//252 1999//252 1948//252
f 2069//253 1999//253 1971//253
f 1846//254 1847//254 1761//254
f 1760//255 1846//255 1761//255
f 1816//256 1846//256 1760//256
f 1693//257 1816//257 1760//257
f 1646//258 1693//258 1760//258
f 1626//259 1693//259 1646//259
f 1635//260 1626//260 1646//260
f 1577//261 1693//261 1626//261
f 1438//262 1577//262 1626//262
f 1369//263 1577//263 1438//263
f 1276//264 1369//264 1438//264
f 1205//265 1369//265 1276//265
f 1166//266 1205//266 1276//266
f 1124//267 1205//267 1166//267
f 1077//268 1124//268 1166//268
f 1049//269 1124//269 1077//269
f 1002//270 1049//270 1077//270
f 947//271 1049//271 1002//271
f 899//272 947//272 1002//272
f 848//273 947//273 899//273
f 788//274 848//274 899//274
f 755//275 848//275 788//275
f 708//276 755//276 788//276
f 665//277 755//277 708//277
f 625//278 665//278 708//278
f 581//279 665//279 625//279
f 534//280 581//280 625//280
f 499//281 581//281 534//281
f 446//282 499//282 534//282
f 407//283 499//283 446//283
f 356//284 407//284 446//284
f 315//285 407//285 356//285
f 198//286 315//286 356//286
f 161//287 315//287 198//287
f 116//288 161//288 198//288
f 84//289 161//289 116//289
f 85//290 84//290 116//290
f 1//291 84//291 85//291
f 86//292 1//292 85//292
f 87//293 1//293 86//293
f 117//294 87//294 86//294
f 162//295 87//295 117//295
f 199//296 162//296 117//296
f 316//297 162//297 199//297
f 357//298 316//298 199//298
f 398//299 316//299 357//299
f 447//300 398//300 357//300
f 488//301 398//301 447//301
f 500//302 488//302 447//302
f 494//303 488//303 500//303
f 1277//304 1276//304 1438//304
f 1439//305 1277//305 1438//305
f 1370//306 1277//306 1439//306
f 1578//307 1370//307 1439//307
f 1627//308 1578//308 1439//308
f 1946//309 1958//309 1969//309
f 2007//310 1946//310 1969//310
f 1911//311 1946//311 2007//311
f 1912//312 1911//312 2007//312
f 2008//313 1912//313 2007//313
f 1947//314 1912//314 2008//314
f 1970//315 1947//315 2008//315
f 1959//316 1947//316 1970//316
f 2007//317 1969//317 2067//317
f 2125//318 2007//318 2067//318
f 2171//319 2125//319 2067//319
f 2226//320 2125//320 2171//320
f 2248//321 2226//321 2171//321
f 2364//322 2226//322 2248//322
f 2247//323 2364//323 2248//323
f 2225//324 2364//324 2247//324
f 2170//325 2225//325 2247//325
f 2124//326 2225//326 2170//326
f 2066//327 2124//327 2170//327
f 2111//328 2124//328 2066//328
f 1998//329 2111//329 2066//329
f 2016//330 1998//330 2066//330
f 2015//331 1998//331 2016//331
f 2170//332 2171//332 2067//332
f 2066//333 2170//333 2067//333
f 1998//334 2015//334 2014//334
f 2013//335 1998//335 2014//335
f 1945//336 1998//336 2013//336
f 1900//337 1998//337 1945//337
f 1844//338 1900//338 1945//338
f 1805//339 1900//339 1844//339
f 1758//340 1805//340 1844//340
f 1683//341 1805//341 1758//341
f 1644//342 1683//342 1758//342
f 1575//343 1683//343 1644//343
f 1448//344 1575//344 1644//344
f 1367//345 1575//345 1448//345
f 1274//346 1367//346 1448//346
f 1349//347 1367//347 1274//347
f 1195//348 1349//348 1274//348
f 1164//349 1195//349 1274//349
f 1122//350 1195//350 1164//350
f 1075//351 1122//351 1164//351
f 1047//352 1122//352 1075//352
f 1000//353 1047//353 1075//353
f 945//354 1047//354 1000//354
f 897//355 945//355 1000//355
f 840//356 945//356 897//356
f 786//357 840//357 897//357
f 743//358 840//358 786//358
f 696//359 743//359 786//359
f 655//360 743//360 696//360
f 612//361 655//361 696//361
f 567//362 655//362 612//362
f 524//363 567//363 612//363
f 487//364 567//364 524//364
f 444//365 487//365 524//365
f 397//366 487//366 444//366
f 354//367 397//367 444//367
f 313//368 397//368 354//368
f 196//369 313//369 354//369
f 159//370 313//370 196//370
f 114//371 159//371 196//371
f 80//372 159//372 114//372
f 81//373 80//373 114//373
f 1//374 80//374 81//374
f 82//375 1//375 81//375
f 83//376 1//376 82//376
f 115//377 83//377 82//377
f 160//378 83//378 115//378
f 197//379 160//379 115//379
f 314//380 160//380 197//380
f 355//381 314//381 197//381
f 406//382 314//382 355//382
f 445//383 406//383 355//383
f 498//384 406//384 445//384
f 525//385 498//385 445//385
f 580//386 498//386 525//386
f 613//387 580//387 525//387
f 664//388 580//388 613//388
f 624//389 664//389 613//389
f 707//390 664//390 624//390
f 1759//391 1758//391 1844//391
f 1845//392 1759//392 1844//392
f 1815//393 1759//393 1845//393
f 1911//394 1815//394 1845//394
f 1946//395 1911//395 1845//395
f 569//396 568//396 574//396
f 576//397 569//397 574//397
f 583//398 569//398 576//398
f 583//399 582//399 656//399
f 657//400 583//400 656//400
f 569//401 583//401 657//401
f 614//402 569//402 657//402
f 526//403 569//403 614//403
f 582//404 500//404 535//404
f 626//405 582//405 535//405
f 656//406 582//406 626//406
f 709//407 656//407 626//407
f 744//408 656//408 709//408
f 756//409 744//409 709//409
f 750//410 744//410 756//410
f 317//411 316//411 398//411
f 399//412 317//412 398//412
f 344//413 317//413 399//413
f 358//414 344//414 399//414
f 349//415 344//415 358//415
f 399//416 489//416 438//416
f 372//417 399//417 438//417
f 358//418 399//418 372//418
f 526//419 438//419 489//419
f 569//420 526//420 489//420
f 659//421 747//421 710//421
f 627//422 659//422 710//422
f 585//423 659//423 627//423
f 536//424 585//424 627//424
f 501//425 585//425 536//425
f 448//426 501//426 536//426
f 491//427 501//427 448//427
f 401//428 491//428 448//428
f 360//429 401//429 448//429
f 319//430 401//430 360//430
f 200//431 319//431 360//431
f 165//432 319//432 200//432
f 120//433 165//433 200//433
f 92//434 165//434 120//434
f 93//435 92//435 120//435
f 2//436 92//436 93//436
f 94//437 2//437 93//437
f 95//438 2//438 94//438
f 121//439 95//439 94//439
f 166//440 95//440 121//440
f 201//441 166//441 121//441
f 320//442 166//442 201//442
f 361//443 320//443 201//443
f 408//444 320//444 361//444
f 449//445 408//445 361//445
f 502//446 408//446 449//446
f 537//447 502//447 449//447
f 586//448 502//448 537//448
f 628//449 586//449 537//449
f 666//450 586//450 628//450
f 711//451 666//451 628//451
f 758//452 666//452 711//452
f 791//453 758//453 711//453
f 853//454 758//454 791//454
f 904//455 853//455 791//455
f 952//456 853//456 904//456
f 1007//457 952//457 904//457
f 1054//458 952//458 1007//458
f 1082//459 1054//459 1007//459
f 1129//460 1054//460 1082//460
f 1171//461 1129//461 1082//461
f 1206//462 1129//462 1171//462
f 1281//463 1206//463 1171//463
f 1374//464 1206//464 1281//464
f 1443//465 1374//465 1281//465
f 1582//466 1374//466 1443//466
f 1631//467 1582//467 1443//467
f 1696//468 1582//468 1631//468
f 1649//469 1696//469 1631//469
f 1763//470 1696//470 1649//470
f 747//471 751//471 757//471
f 710//472 747//472 757//472
f 790//473 710//473 757//473
f 852//474 790//474 757//474
f 903//475 790//475 852//475
f 951//476 903//476 852//476
f 1006//477 903//477 951//477
f 1053//478 1006//478 951//478
f 1081//479 1006//479 1053//479
f 1128//480 1081//480 1053//480
f 1170//481 1081//481 1128//481
f 1199//482 1170//482 1128//482
f 1280//483 1170//483 1199//483
f 1353//484 1280//484 1199//484
f 1373//485 1280//485 1353//485
f 1361//486 1373//486 1353//486
f 950//487 951//487 852//487
f 851//488 950//488 852//488
f 891//489 950//489 851//489
f 834//490 891//490 851//490
f 781//491 891//491 834//491
f 833//492 781//492 834//492
f 832//493 781//493 833//493
f 781//494 832//494 831//494
f 746//495 781//495 831//495
f 699//496 781//496 746//496
f 658//497 699//497 746//497
f 615//498 699//498 658//498
f 570//499 615//499 658//499
f 527//500 615//500 570//500
f 490//501 527//501 570//501
f 439//502 527//502 490//502
f 400//503 439//503 490//503
f 373//504 439//504 400//504
f 359//505 373//505 400//505
f 345//506 359//506 400//506
f 350//507 359//507 345//507
f 584//508 570//508 658//508
f 659//509 584//509 658//509
f 585//510 584//510 659//510
f 745//511 835//511 780//511
f 698//512 745//512 780//512
f 657//513 745//513 698//513
f 614//514 657//514 698//514
f 780//515 835//515 836//515
f 837//516 780//516 836//516
f 838//517 780//517 837//517
f 890//518 780//518 838//518
f 850//519 890//519 838//519
f 949//520 890//520 850//520
f 948//521 949//521 850//521
f 849//522 948//522 850//522
f 900//523 948//523 849//523
f 789//524 900//524 849//524
f 756//525 789//525 849//525
f 709//526 789//526 756//526
f 1741//527 1740//527 1750//527
f 1752//528 1741//528 1750//528
f 1757//529 1741//529 1752//529
f 1757//530 1756//530 1842//530
f 1843//531 1757//531 1842//531
f 1741//532 1757//532 1843//532
f 1804//533 1741//533 1843//533
f 1682//534 1741//534 1804//534
f 1756//535 1643//535 1691//535
f 1814//536 1756//536 1691//536
f 1842//537 1756//537 1814//537
f 1910//538 1842//538 1814//538
f 1943//539 1842//539 1910//539
f 2006//540 1943//540 1910//540
f 1968//541 1943//541 2006//541
f 2064//542 1968//542 2006//542
f 2123//543 2064//543 2006//543
f 2168//544 2064//544 2123//544
f 2223//545 2168//545 2123//545
f 2245//546 2168//546 2223//546
f 2364//547 2245//547 2223//547
f 2246//548 2245//548 2364//548
f 2224//549 2246//549 2364//549
f 2169//550 2246//550 2224//550
f 2138//551 2169//551 2224//551
f 2110//552 2169//552 2138//552
f 2139//553 2110//553 2138//553
f 2140//554 2110//554 2139//554
f 1643//555 1634//555 1624//555
f 1691//556 1643//556 1624//556
f 1573//557 1691//557 1624//557
f 1436//558 1573//558 1624//558
f 1365//559 1573//559 1436//559
f 1272//560 1365//560 1436//560
f 1203//561 1365//561 1272//561
f 1162//562 1203//562 1272//562
f 1120//563 1203//563 1162//563
f 1073//564 1120//564 1162//564
f 1045//565 1120//565 1073//565
f 998//566 1045//566 1073//566
f 943//567 1045//567 998//567
f 896//568 943//568 998//568
f 888//569 943//569 896//569
f 892//570 888//570 896//570
f 1273//571 1272//571 1436//571
f 1437//572 1273//572 1436//572
f 1366//573 1273//573 1437//573
f 1534//574 1366//574 1437//574
f 1625//575 1534//575 1437//575
f 1556//576 1534//576 1625//576
f 1682//577 1556//577 1625//577
f 1557//578 1556//578 1682//578
f 1568//579 1557//579 1682//579
f 1570//580 1568//580 1682//580
f 1574//581 1570//581 1682//581
f 1683//582 1574//582 1682//582
f 1575//583 1574//583 1683//583
f 1682//584 1625//584 1741//584
f 2124//585 2111//585 2118//585
f 2364//586 2225//586 2224//586
f 2110//587 2140//587 2141//587
f 2053//588 2169//588 2110//588
f 1997//589 2053//589 2110//589
f 1944//590 2053//590 1997//590
f 1897//591 1944//591 1997//591
f 1843//592 1944//592 1897//592
f 1804//593 1843//593 1897//593
f 1898//594 1897//594 1997//594
f 1998//595 1898//595 1997//595
f 1899//596 1898//596 1998//596
f 1900//597 1899//597 1998//597
f 1371//598 1351//598 1359//598
f 1559//599 1474//599 1473//599
f 1579//600 1559//600 1558//600
f 1370//601 1358//601 1350//601
f 1277//602 1370//602 1350//602
f 1277//603 1350//603 1196//603
f 1167//604 1277//604 1196//604
f 1125//605 1167//605 1196//605
f 1078//606 1167//606 1125//606
f 1050//607 1078//607 1125//607
f 1003//608 1078//608 1050//608
f 948//609 1003//609 1050//609
f 900//610 1003//610 948//610
f 1126//611 1125//611 1196//611
f 1197//612 1126//612 1196//612
f 2115//613 2120//613 2128//613
f 2070//614 2115//614 2128//614
f 2002//615 2115//615 2070//615
f 1972//616 2002//616 2070//616
f 1951//617 2002//617 1972//617
f 1961//618 1951//618 1972//618
f 2174//619 2070//619 2128//619
f 2231//620 2174//620 2128//620
f 2253//621 2174//621 2231//621
f 2365//622 2253//622 2231//622
f 2254//623 2253//623 2365//623
f 2232//624 2254//624 2365//624
f 2175//625 2254//625 2232//625
f 2129//626 2175//626 2232//626
f 2071//627 2175//627 2129//627
f 2009//628 2071//628 2129//628
f 1973//629 2071//629 2009//629
f 1952//630 1973//630 2009//630
f 1962//631 1973//631 1952//631
f 2365//632 2231//632 2230//632
f 2252//633 2365//633 2230//633
f 2251//634 2365//634 2252//634
f 2241//635 2252//635 2230//635
f 2186//636 2241//636 2230//636
f 2183//637 2241//637 2186//637
f 2114//638 2183//638 2186//638
f 2055//639 2183//639 2114//639
f 2001//640 2055//640 2114//640
f 1950//641 2055//641 2001//641
f 1903//642 1950//642 2001//642
f 1849//643 1950//643 1903//643
f 1807//644 1849//644 1903//644
f 1743//645 1849//645 1807//645
f 1686//646 1743//646 1807//646
f 1629//647 1743//647 1686//647
f 1560//648 1629//648 1686//648
f 1475//649 1629//649 1560//649
f 1476//650 1475//650 1560//650
f 2114//651 2186//651 2187//651
f 1915//652 1903//652 2001//652
f 2002//653 1915//653 2001//653
f 1916//654 1915//654 2002//654
f 1951//655 1916//655 2002//655
f 1850//656 1916//656 1951//656
f 2003//657 1954//657 2017//657
f 2018//658 2003//658 2017//658
f 2019//659 2003//659 2018//659
f 2003//660 2019//660 2020//660
f 2073//661 2003//661 2020//661
f 2176//662 2177//662 2073//662
f 2072//663 2176//663 2073//663
f 2130//664 2176//664 2072//664
f 2010//665 2130//665 2072//665
f 1974//666 2010//666 2072//666
f 1953//667 2010//667 1974//667
f 1963//668 1953//668 1974//668
f 1918//669 2010//669 1953//669
f 1852//670 1918//670 1953//670
f 1820//671 1918//671 1852//671
f 1764//672 1820//672 1852//672
f 1697//673 1820//673 1764//673
f 1650//674 1697//674 1764//674
f 1583//675 1697//675 1650//675
f 1450//676 1583//676 1650//676
f 1375//677 1583//677 1450//677
f 1765//678 1764//678 1852//678
f 1853//679 1765//679 1852//679
f 1975//680 1956//680 1964//680
f 2179//681 2075//681 2074//681
f 2178//682 2179//682 2074//682
f 2056//683 2178//683 2074//683
f 2117//684 2178//684 2056//684
f 2056//685 2074//685 2061//685
f 2059//686 2056//686 2061//686
f 2057//687 2056//687 2059//687
f 2252//688 2241//688 2240//688
f 2251//689 2239//689 2238//689
f 2229//690 2251//690 2238//690
f 2364//691 2251//691 2229//691
f 2228//692 2364//692 2229//692
f 2250//693 2364//693 2228//693
f 2173//694 2250//694 2228//694
f 2127//695 2173//695 2228//695
f 2069//696 2173//696 2127//696
f 2112//697 2069//697 2127//697
f 1999//698 2069//698 2112//698
f 2185//699 2229//699 2238//699
f 2182//700 2185//700 2238//700
f 2113//701 2185//701 2182//701
f 2054//702 2113//702 2182//702
f 2000//703 2113//703 2054//703
f 1949//704 2000//704 2054//704
f 1902//705 2000//705 1949//705
f 1848//706 1902//706 1949//706
f 1806//707 1902//707 1848//707
f 1742//708 1806//708 1848//708
f 1685//709 1806//709 1742//709
f 1628//710 1685//710 1742//710
f 2055//711 2054//711 2182//711
f 2183//712 2055//712 2182//712
f 1649//713 1631//713 1638//713
f 1763//714 1762//714 1850//714
f 1851//715 1763//715 1850//715
f 1819//716 1763//716 1851//716
f 1917//717 1819//717 1851//717
f 1952//718 1917//718 1851//718
f 2009//719 1917//719 1952//719
f 1762//720 1648//720 1687//720
f 1808//721 1762//721 1687//721
f 1818//722 1762//722 1808//722
f 1811//723 1818//723 1808//723
f 1648//724 1637//724 1630//724
f 1687//725 1648//725 1630//725
f 1581//726 1687//726 1630//726
f 1442//727 1581//727 1630//727
f 1373//728 1581//728 1442//728
f 1280//729 1373//729 1442//729
f 1281//730 1280//730 1442//730
f 1443//731 1281//731 1442//731
f 1971//732 1948//732 1960//732
f 2172//733 2173//733 2069//733
f 2068//734 2172//734 2069//734
f 2126//735 2172//735 2068//735
f 2008//736 2126//736 2068//736
f 1970//737 2008//737 2068//737
f 1912//738 1947//738 1846//738
f 1816//739 1912//739 1846//739
f 889//740 926//740 927//740
f 928//741 889//741 927//741
f 929//742 889//742 928//742
f 944//743 889//743 929//743
f 999//744 944//744 929//744
f 1046//745 944//745 999//745
f 1074//746 1046//746 999//746
f 1121//747 1046//747 1074//747
f 1163//748 1121//748 1074//748
f 1194//749 1121//749 1163//749
f 1273//750 1194//750 1163//750
f 1348//751 1194//751 1273//751
f 1366//752 1348//752 1273//752
f 1356//753 1348//753 1366//753
f 1073//754 1074//754 999//754
f 998//755 1073//755 999//755
f 846//756 943//756 888//756
f 778//757 846//757 888//757
f 753//758 846//758 778//758
f 694//759 753//759 778//759
f 663//760 753//760 694//760
f 610//761 663//761 694//761
f 579//762 663//762 610//762
f 522//763 579//763 610//763
f 497//764 579//764 522//764
f 436//765 497//765 522//765
f 431//766 497//766 436//766
f 430//767 431//767 436//767
f 429//768 430//768 436//768
f 428//769 429//769 436//769
f 695//770 694//770 778//770
f 779//771 695//771 778//771
f 742//772 695//772 779//772
f 839//773 742//773 779//773
f 889//774 839//774 779//774
f 944//775 839//775 889//775
f 438//776 366//776 368//776
f 370//777 438//777 368//777
f 372//778 438//778 370//778
f 317//779 344//779 190//779
f 163//780 317//780 190//780
f 118//781 163//781 190//781
f 88//782 163//782 118//782
f 89//783 88//783 118//783
f 1//784 88//784 89//784
f 2//785 1//785 89//785
f 90//786 2//786 89//786
f 91//787 2//787 90//787
f 119//788 91//788 90//788
f 164//789 91//789 119//789
f 191//790 164//790 119//790
f 318//791 164//791 191//791
f 345//792 318//792 191//792
f 400//793 318//793 345//793
f 119//794 118//794 190//794
f 191//795 119//795 190//795
f 439//796 373//796 371//796
f 369//797 439//797 371//797
f 367//798 439//798 369//798
f 526//799 527//799 439//799
f 438//800 526//800 439//800
f 364//801 347//801 351//801
f 435//802 434//802 441//802
f 504//803 435//803 441//803
f 410//804 435//804 504//804
f 441//805 434//805 433//805
f 432//806 441//806 433//806
f 441//807 440//807 530//807
f 531//808 441//808 530//808
f 504//809 441//809 531//809
f 588//810 504//810 531//810
f 619//811 588//811 531//811
f 668//812 588//812 619//812
f 701//813 668//813 619//813
f 760//814 668//814 701//814
f 125//815 124//815 192//815
f 193//816 125//816 192//816
f 891//817 894//817 902//817
f 950//818 891//818 902//818
f 950//819 902//819 1005//819
f 1052//820 950//820 1005//820
f 1080//821 1052//821 1005//821
f 1127//822 1052//822 1080//822
f 1169//823 1127//823 1080//823
f 1198//824 1127//824 1169//824
f 1279//825 1198//825 1169//825
f 1352//826 1198//826 1279//826
f 1372//827 1352//827 1279//827
f 1360//828 1352//828 1372//828
f 1079//829 1080//829 1005//829
f 1004//830 1079//830 1005//830
f 699//831 698//831 780//831
f 781//832 699//832 780//832
f 1556//833 1531//833 1532//833
f 1533//834 1556//834 1532//834
f 1534//835 1556//835 1533//835
f 1122//836 1121//836 1194//836
f 1195//837 1122//837 1194//837
f 1367//838 1349//838 1357//838
f 2053//839 2052//839 2058//839
f 2060//840 2053//840 2058//840
f 2065//841 2053//841 2060//841
f 2065//842 2064//842 2168//842
f 2169//843 2065//843 2168//843
f 2053//844 2065//844 2169//844
f 1943//845 1968//845 1957//845
f 1441//846 1629//846 1475//846
f 1372//847 1441//847 1475//847
f 1279//848 1441//848 1372//848
f 1128//849 1127//849 1198//849
f 1199//850 1128//850 1198//850
f 1687//851 1581//851 1580//851
f 1686//852 1687//852 1580//852
f 1560//853 1686//853 1580//853
f 1560//854 1580//854 1561//854
f 1850//855 1762//855 1818//855
f 1916//856 1850//856 1818//856
f 1903//857 1915//857 1904//857
f 2185//858 2113//858 2184//858
f 2112//859 2127//859 2119//859
f 1914//860 1913//860 1999//860
f 2000//861 1914//861 1999//861
f 1902//862 1914//862 2000//862
f 617//863 622//863 630//863
f 660//864 617//864 630//864
f 572//865 617//865 660//865
f 573//866 572//866 660//866
f 661//867 573//867 660//867
f 660//868 630//868 713//868
f 748//869 660//869 713//869
f 587//870 667//870 616//870
f 528//871 587//871 616//871
f 503//872 587//872 528//872
f 450//873 503//873 528//873
f 409//874 503//874 450//874
f 362//875 409//875 450//875
f 321//876 409//876 362//876
f 202//877 321//877 362//877
f 167//878 321//878 202//878
f 122//879 167//879 202//879
f 96//880 167//880 122//880
f 97//881 96//881 122//881
f 2//882 96//882 97//882
f 98//883 2//883 97//883
f 99//884 2//884 98//884
f 123//885 99//885 98//885
f 168//886 99//886 123//886
f 203//887 168//887 123//887
f 322//888 168//888 203//888
f 363//889 322//889 203//889
f 402//890 322//890 363//890
f 451//891 402//891 363//891
f 492//892 402//892 451//892
f 529//893 492//893 451//893
f 572//894 492//894 529//894
f 617//895 572//895 529//895
f 451//896 450//896 528//896
f 529//897 451//897 528//897
f 1279//898 1278//898 1440//898
f 1441//899 1279//899 1440//899
f 1848//900 1849//900 1743//900
f 1742//901 1848//901 1743//901
f 695//902 742//902 654//902
f 611//903 695//903 654//903
f 566//904 611//904 654//904
f 523//905 611//905 566//905
f 486//906 523//906 566//906
f 437//907 523//907 486//907
f 396//908 437//908 486//908
f 343//909 437//909 396//909
f 312//910 343//910 396//910
f 189//911 343//911 312//911
f 158//912 189//912 312//912
f 113//913 189//913 158//913
f 79//914 113//914 158//914
f 78//915 113//915 79//915
f 1//916 78//916 79//916
f 77//917 78//917 1//917
f 76//918 77//918 1//918
f 112//919 77//919 76//919
f 157//920 112//920 76//920
f 188//921 112//921 157//921
f 311//922 188//922 157//922
f 342//923 188//923 311//923
f 405//924 342//924 311//924
f 353//925 342//925 405//925
f 431//926 353//926 405//926
f 497//927 431//927 405//927
f 567//928 566//928 654//928
f 655//929 567//929 654//929
f 944//930 945//930 840//930
f 839//931 944//931 840//931
f 313//932 312//932 396//932
f 397//933 313//933 396//933
f 1899//934 1894//934 1895//934
f 1896//935 1899//935 1895//935
f 1898//936 1899//936 1896//936
f 323//937 322//937 402//937
f 403//938 323//938 402//938
f 437//939 436//939 522//939
f 523//940 437//940 522//940
f 1694//941 1695//941 1684//941
f 1914//942 1902//942 1901//942
f 1763//943 1819//943 1696//943
f 1583//944 1582//944 1696//944
f 1697//945 1583//945 1696//945
f 2009//946 2010//946 1918//946
f 1917//947 2009//947 1918//947
f 1007//948 1006//948 1081//948
f 1082//949 1007//949 1081//949
f 2071//950 2070//950 2174//950
f 2175//951 2071//951 2174//951
f 589//952 588//952 668//952
f 669//953 589//953 668//953
f 754//954 664//954 707//954
f 787//955 754//955 707//955
f 847//956 754//956 787//956
f 898//957 847//957 787//957
f 946//958 847//958 898//958
f 1001//959 946//959 898//959
f 1048//960 946//960 1001//960
f 1076//961 1048//961 1001//961
f 1123//962 1048//962 1076//962
f 1165//963 1123//963 1076//963
f 1204//964 1123//964 1165//964
f 1275//965 1204//965 1165//965
f 1368//966 1204//966 1275//966
f 1449//967 1368//967 1275//967
f 1576//968 1368//968 1449//968
f 1645//969 1576//969 1449//969
f 1692//970 1576//970 1645//970
f 1759//971 1692//971 1645//971
f 1815//972 1692//972 1759//972
f 581//973 580//973 664//973
f 665//974 581//974 664//974
f 946//975 947//975 848//975
f 847//976 946//976 848//976
f 447//977 446//977 534//977
f 535//978 447//978 534//978
f 500//979 447//979 535//979
f 788//980 789//980 709//980
f 708//981 788//981 709//981
f 1//982 83//982 84//982
f 406//983 407//983 315//983
f 314//984 406//984 315//984
f 196//985 197//985 115//985
f 114//986 196//986 115//986
f 1001//987 1000//987 1075//987
f 1076//988 1001//988 1075//988
f 1448//989 1449//989 1275//989
f 1274//990 1448//990 1275//990
f 1690//991 1691//991 1573//991
f 1572//992 1690//992 1573//992
f 1642//993 1690//993 1572//993
f 1447//994 1642//994 1572//994
f 1364//995 1447//995 1572//995
f 1271//996 1447//996 1364//996
f 1202//997 1271//997 1364//997
f 1161//998 1271//998 1202//998
f 1119//999 1161//999 1202//999
f 1072//1000 1161//1000 1119//1000
f 1044//1001 1072//1001 1119//1001
f 997//1002 1072//1002 1044//1002
f 942//1003 997//1003 1044//1003
f 895//1004 997//1004 942//1004
f 845//1005 895//1005 942//1005
f 785//1006 895//1006 845//1006
f 752//1007 785//1007 845//1007
f 705//1008 785//1008 752//1008
f 662//1009 705//1009 752//1009
f 623//1010 705//1010 662//1010
f 578//1011 623//1011 662//1011
f 533//1012 623//1012 578//1012
f 496//1013 533//1013 578//1013
f 443//1014 533//1014 496//1014
f 404//1015 443//1015 496//1015
f 352//1016 443//1016 404//1016
f 310//1017 352//1017 404//1017
f 195//1018 352//1018 310//1018
f 156//1019 195//1019 310//1019
f 111//1020 195//1020 156//1020
f 75//1021 111//1021 156//1021
f 74//1022 111//1022 75//1022
f 1//1023 74//1023 75//1023
f 29//1024 74//1024 1//1024
f 1120//1025 1119//1025 1202//1025
f 1203//1026 1120//1026 1202//1026
f 1692//1027 1693//1027 1577//1027
f 1576//1028 1692//1028 1577//1028
f 1124//1029 1123//1029 1204//1029
f 1205//1030 1124//1030 1204//1030
f 2005//1031 2006//1031 1910//1031
f 1909//1032 2005//1032 1910//1032
f 1967//1033 2005//1033 1909//1033
f 1857//1034 1967//1034 1909//1034
f 1813//1035 1857//1035 1909//1035
f 1755//1036 1857//1036 1813//1036
f 1690//1037 1755//1037 1813//1037
f 1642//1038 1755//1038 1690//1038
f 2233//1039 2365//1039 2255//1039
f 2176//1040 2233//1040 2255//1040
f 2130//1041 2233//1041 2176//1041
f 2//1042 95//1042 96//1042
f 408//1043 409//1043 321//1043
f 320//1044 408//1044 321//1044
f 536//1045 537//1045 449//1045
f 448//1046 536//1046 449//1046
f 121//1047 120//1047 200//1047
f 201//1048 121//1048 200//1048
f 579//1049 578//1049 662//1049
f 663//1050 579//1050 662//1050
f 942//1051 943//1051 846//1051
f 845//1052 942//1052 846//1052
f 1085//1053 1086//1053 1011//1053
f 1010//1054 1085//1054 1011//1054
f 794//1055 795//1055 715//1055
f 714//1056 794//1056 715//1056
f 538//1057 539//1057 453//1057
f 452//1058 538//1058 453//1058
f 204//1059 205//1059 127//1059
f 126//1060 204//1060 127//1060
f 30//1061 107//1061 2261//1061
f 2359//1062 30//1062 2261//1062
f 2260//1063 2359//1063 2261//1063
f 2259//1064 2359//1064 2260//1064
f 2180//1065 2181//1065 2077//1065
f 2076//1066 2180//1066 2077//1066
f 1858//1067 1859//1067 1769//1067
f 1768//1068 1858//1068 1769//1068
f 1452//1069 1453//1069 1287//1069
f 1286//1070 1452//1070 1287//1070
f 2011//1071 2012//1071 1920//1071
f 1919//1072 2011//1072 1920//1072
f 1//1073 79//1073 80//1073
f 123//1074 122//1074 202//1074
f 203//1075 123//1075 202//1075
f 2365//1076 2233//1076 2232//1076
f 706//1077 696//1077 786//1077
f 787//1078 706//1078 786//1078
f 707//1079 706//1079 787//1079
f 524//1080 525//1080 445//1080
f 444//1081 524//1081 445//1081
f 198//1082 199//1082 117//1082
f 116//1083 198//1083 117//1083
f 2222//1084 2122//1084 2167//1084
f 2244//1085 2222//1085 2167//1085
f 2364//1086 2222//1086 2244//1086
f 2358//1087 2364//1087 2244//1087
f 2243//1088 2358//1088 2244//1088
f 2242//1089 2358//1089 2243//1089
f 2063//1090 2167//1090 2122//1090
f 2005//1091 2063//1091 2122//1091
f 1967//1092 2063//1092 2005//1092
f 2364//1093 2223//1093 2222//1093
f 353//1094 348//1094 342//1094
f 113//1095 112//1095 188//1095
f 189//1096 113//1096 188//1096
f 1130//1097 1129//1097 1206//1097
f 1207//1098 1130//1098 1206//1098
f 587//1099 586//1099 666//1099
f 667//1100 587//1100 666//1100
f 952//1101 953//1101 854//1101
f 853//1102 952//1102 854//1102
f 711//1103 710//1103 790//1103
f 791//1104 711//1104 790//1104
f 2//1105 91//1105 92//1105
f 400//1106 401//1106 319//1106
f 318//1107 400//1107 319//1107
f 2//1108 103//1108 104//1108
f 410//1109 411//1109 325//1109
f 324//1110 410//1110 325//1110
f 2365//1111 2237//1111 2236//1111
f 1//1112 75//1112 76//1112
f 404//1113 405//1113 311//1113
f 310//1114 404//1114 311//1114
f 2//1115 99//1115 100//1115
f 2172//1116 2126//1116 2227//1116
f 2249//1117 2172//1117 2227//1117
f 2364//1118 2249//1118 2227//1118
f 2250//1119 2249//1119 2364//1119
f 2364//1120 2227//1120 2226//1120
f 1//1121 87//1121 88//1121
f 1077//1122 1078//1122 1003//1122
f 1002//1123 1077//1123 1003//1123
f 2251//1124 2364//1124 2365//1124
f 29//1125 2358//1125 72//1125
f 73//1126 29//1126 72//1126
f 74//1127 29//1127 73//1127
f 997//1128 996//1128 1071//1128
f 1072//1129 997//1129 1071//1129
f 1271//1130 1270//1130 1446//1130
f 1447//1131 1271//1131 1446//1131
f 1755//1132 1754//1132 1856//1132
f 1857//1133 1755//1133 1856//1133
f 2063//1134 2062//1134 2166//1134
f 2167//1135 2063//1135 2166//1135
f 2358//1136 2242//1136 72//1136
f 111//1137 110//1137 194//1137
f 195//1138 111//1138 194//1138
f 443//1139 442//1139 532//1139
f 533//1140 443//1140 532//1140
f 705//1141 704//1141 784//1141
f 785//1142 705//1142 784//1142
f 570//1143 584//1143 577//1143
f 575//1144 570//1144 577//1144
f 571//1145 570//1145 575//1145
f 501//1146 491//1146 495//1146
f 696//1147 706//1147 703//1147
f 702//1148 696//1148 703//1148
f 697//1149 696//1149 702//1149
f 624//1150 613//1150 620//1150
f 967//1151 954//1151 883//1151
f 964//1152 967//1152 883//1152
f 968//1153 967//1153 964//1153
f 1043//1154 968//1154 964//1154
f 1176//1155 968//1155 1043//1155
f 1339//1156 1176//1156 1043//1156
f 1233//1157 1176//1157 1339//1157
f 1176//1158 1233//1158 1175//1158
f 1211//1159 1208//1159 1131//1159
f 1175//1160 1211//1160 1131//1160
f 1233//1161 1211//1161 1175//1161
f 1211//1162 1233//1162 1226//1162
f 1225//1163 1226//1163 1233//1163
f 1232//1164 1225//1164 1233//1164
f 1221//1165 1225//1165 1232//1165
f 1225//1166 1221//1166 1222//1166
f 1208//1167 1211//1167 1212//1167
f 1209//1168 1208//1168 1212//1168
f 1411//1169 1209//1169 1212//1169
f 1410//1170 1411//1170 1212//1170
f 1218//1171 1212//1171 1211//1171
f 1226//1172 1218//1172 1211//1172
f 1245//1173 1218//1173 1226//1173
f 1262//1174 1245//1174 1226//1174
f 1290//1175 1262//1175 1226//1175
f 1322//1176 1290//1176 1226//1176
f 1225//1177 1322//1177 1226//1177
f 1332//1178 1322//1178 1225//1178
f 1337//1179 1332//1179 1225//1179
f 1336//1180 1337//1180 1225//1180
f 1336//1181 1225//1181 1222//1181
f 1378//1182 1336//1182 1222//1182
f 1622//1183 1336//1183 1378//1183
f 1336//1184 1622//1184 1554//1184
f 1231//1185 1229//1185 1228//1185
f 1227//1186 1231//1186 1228//1186
f 1220//1187 1231//1187 1227//1187
f 1224//1188 1220//1188 1227//1188
f 1219//1189 1220//1189 1224//1189
f 1227//1190 1229//1190 1230//1190
f 1223//1191 1227//1191 1230//1191
f 1224//1192 1227//1192 1223//1192
f 1231//1193 1230//1193 1229//1193
f 1386//1194 1200//1194 1201//1194
f 1388//1195 1386//1195 1201//1195
f 1238//1196 1232//1196 1233//1196
f 1339//1197 1238//1197 1233//1197
f 1237//1198 1238//1198 1339//1198
f 1338//1199 1237//1199 1339//1199
f 1236//1200 1237//1200 1338//1200
f 1236//1201 1230//1201 1231//1201
f 1237//1202 1236//1202 1231//1202
f 1234//1203 1237//1203 1231//1203
f 1220//1204 1234//1204 1231//1204
f 1284//1205 1234//1205 1220//1205
f 1234//1206 1284//1206 1288//1206
f 1229//1207 1227//1207 1397//1207
f 1387//1208 1229//1208 1397//1208
f 1389//1209 1228//1209 1229//1209
f 1387//1210 1389//1210 1229//1210
f 1397//1211 1227//1211 1228//1211
f 1389//1212 1397//1212 1228//1212
f 1093//1213 1223//1213 1230//1213
f 1096//1214 1093//1214 1230//1214
f 1236//1215 1096//1215 1230//1215
f 1155//1216 1095//1216 1096//1216
f 1156//1217 1155//1217 1096//1217
f 1156//1218 1096//1218 1236//1218
f 1338//1219 1156//1219 1236//1219
f 960//1220 959//1220 1013//1220
f 1009//1221 960//1221 1013//1221
f 907//1222 1013//1222 959//1222
f 884//1223 907//1223 959//1223
f 879//1224 907//1224 884//1224
f 830//1225 879//1225 884//1225
f 805//1226 830//1226 884//1226
f 796//1227 805//1227 884//1227
f 885//1228 796//1228 884//1228
f 1013//1229 907//1229 1012//1229
f 886//1230 881//1230 880//1230
f 885//1231 886//1231 880//1231
f 963//1232 886//1232 885//1232
f 884//1233 963//1233 885//1233
f 886//1234 963//1234 964//1234
f 887//1235 886//1235 964//1235
f 883//1236 887//1236 964//1236
f 882//1237 887//1237 883//1237
f 881//1238 886//1238 799//1238
f 782//1239 881//1239 799//1239
f 912//1240 782//1240 799//1240
f 937//1241 912//1241 799//1241
f 886//1242 887//1242 800//1242
f 799//1243 886//1243 800//1243
f 1133//1244 956//1244 968//1244
f 1176//1245 1133//1245 968//1245
f 1235//1246 1238//1246 1237//1246
f 1234//1247 1235//1247 1237//1247
f 1551//1248 1549//1248 1333//1248
f 1335//1249 1551//1249 1333//1249
f 1219//1250 1224//1250 1333//1250
f 1355//1251 1219//1251 1333//1251
f 1599//1252 1355//1252 1333//1252
f 1549//1253 1599//1253 1333//1253
f 1549//1254 1551//1254 1607//1254
f 1599//1255 1549//1255 1607//1255
f 1216//1256 1215//1256 1432//1256
f 1433//1257 1216//1257 1432//1257
f 1396//1258 1388//1258 1201//1258
f 1210//1259 1396//1259 1201//1259
f 1215//1260 1214//1260 1213//1260
f 1354//1261 1215//1261 1213//1261
f 1598//1262 1215//1262 1354//1262
f 1215//1263 1598//1263 1432//1263
f 1386//1264 1388//1264 1396//1264
f 1210//1265 1200//1265 1386//1265
f 1396//1266 1210//1266 1386//1266
f 1387//1267 1397//1267 1389//1267
f 1546//1268 1550//1268 1334//1268
f 1331//1269 1546//1269 1334//1269
f 1543//1270 1546//1270 1331//1270
f 1321//1271 1543//1271 1331//1271
f 1504//1272 1543//1272 1321//1272
f 1265//1273 1504//1273 1321//1273
f 1485//1274 1504//1274 1265//1274
f 1261//1275 1485//1275 1265//1275
f 1462//1276 1485//1276 1261//1276
f 1240//1277 1462//1277 1261//1277
f 1433//1278 1462//1278 1240//1278
f 1216//1279 1433//1279 1240//1279
f 1433//1280 1434//1280 1463//1280
f 1462//1281 1433//1281 1463//1281
f 1486//1282 1462//1282 1463//1282
f 1485//1283 1462//1283 1486//1283
f 1505//1284 1485//1284 1486//1284
f 1504//1285 1485//1285 1505//1285
f 1544//1286 1504//1286 1505//1286
f 1543//1287 1504//1287 1544//1287
f 1547//1288 1543//1288 1544//1288
f 1546//1289 1543//1289 1547//1289
f 1552//1290 1546//1290 1547//1290
f 1550//1291 1546//1291 1552//1291
f 1551//1292 1335//1292 1334//1292
f 1550//1293 1551//1293 1334//1293
f 1553//1294 1551//1294 1550//1294
f 1552//1295 1553//1295 1550//1295
f 553//1296 544//1296 545//1296
f 546//1297 553//1297 545//1297
f 547//1298 553//1298 546//1298
f 547//1299 476//1299 520//1299
f 608//1300 547//1300 520//1300
f 553//1301 547//1301 608//1301
f 643//1302 553//1302 608//1302
f 552//1303 553//1303 643//1303
f 642//1304 552//1304 643//1304
f 597//1305 552//1305 642//1305
f 677//1306 597//1306 642//1306
f 726//1307 677//1307 642//1307
f 769//1308 677//1308 726//1308
f 813//1309 769//1309 726//1309
f 866//1310 769//1310 813//1310
f 912//1311 866//1311 813//1311
f 936//1312 866//1312 912//1312
f 937//1313 936//1313 912//1313
f 1042//1314 936//1314 937//1314
f 1043//1315 1042//1315 937//1315
f 938//1316 1043//1316 937//1316
f 939//1317 1043//1317 938//1317
f 913//1318 939//1318 938//1318
f 877//1319 939//1319 913//1319
f 814//1320 877//1320 913//1320
f 776//1321 877//1321 814//1321
f 727//1322 776//1322 814//1322
f 692//1323 776//1323 727//1323
f 643//1324 692//1324 727//1324
f 608//1325 692//1325 643//1325
f 476//1326 463//1326 461//1326
f 520//1327 476//1327 461//1327
f 426//1328 520//1328 461//1328
f 381//1329 426//1329 461//1329
f 340//1330 426//1330 381//1330
f 287//1331 340//1331 381//1331
f 244//1332 340//1332 287//1332
f 243//1333 244//1333 287//1333
f 109//1334 244//1334 243//1334
f 242//1335 109//1335 243//1335
f 241//1336 109//1336 242//1336
f 286//1337 241//1337 242//1337
f 339//1338 241//1338 286//1338
f 380//1339 339//1339 286//1339
f 425//1340 339//1340 380//1340
f 460//1341 425//1341 380//1341
f 513//1342 425//1342 460//1342
f 552//1343 513//1343 460//1343
f 597//1344 513//1344 552//1344
f 286//1345 287//1345 381//1345
f 380//1346 286//1346 381//1346
f 861//1347 867//1347 873//1347
f 822//1348 861//1348 873//1348
f 764//1349 861//1349 822//1349
f 732//1350 764//1350 822//1350
f 686//1351 764//1351 732//1351
f 647//1352 686//1352 732//1352
f 604//1353 686//1353 647//1353
f 559//1354 604//1354 647//1354
f 592//1355 604//1355 559//1355
f 508//1356 592//1356 559//1356
f 469//1357 508//1357 559//1357
f 418//1358 508//1358 469//1358
f 387//1359 418//1359 469//1359
f 332//1360 418//1360 387//1360
f 279//1361 332//1361 387//1361
f 228//1362 332//1362 279//1362
f 227//1363 228//1363 279//1363
f 108//1364 228//1364 227//1364
f 226//1365 108//1365 227//1365
f 225//1366 108//1366 226//1366
f 278//1367 225//1367 226//1367
f 331//1368 225//1368 278//1368
f 386//1369 331//1369 278//1369
f 417//1370 331//1370 386//1370
f 468//1371 417//1371 386//1371
f 517//1372 417//1372 468//1372
f 558//1373 517//1373 468//1373
f 603//1374 517//1374 558//1374
f 646//1375 603//1375 558//1375
f 685//1376 603//1376 646//1376
f 731//1377 685//1377 646//1377
f 773//1378 685//1378 731//1378
f 821//1379 773//1379 731//1379
f 872//1380 773//1380 821//1380
f 918//1381 872//1381 821//1381
f 986//1382 872//1382 918//1382
f 1025//1383 986//1383 918//1383
f 1062//1384 986//1384 1025//1384
f 1108//1385 1062//1385 1025//1385
f 1141//1386 1062//1386 1108//1386
f 1183//1387 1141//1387 1108//1387
f 1251//1388 1141//1388 1183//1388
f 1304//1389 1251//1389 1183//1389
f 1403//1390 1251//1390 1304//1390
f 1516//1391 1403//1391 1304//1391
f 1613//1392 1403//1392 1516//1392
f 1662//1393 1613//1393 1516//1393
f 1733//1394 1613//1394 1662//1394
f 1785//1395 1733//1395 1662//1395
f 1835//1396 1733//1396 1785//1396
f 1798//1397 1835//1397 1785//1397
f 1884//1398 1835//1398 1798//1398
f 919//1399 822//1399 873//1399
f 987//1400 919//1400 873//1400
f 1026//1401 919//1401 987//1401
f 1063//1402 1026//1402 987//1402
f 1109//1403 1026//1403 1063//1403
f 1142//1404 1109//1404 1063//1404
f 1184//1405 1109//1405 1142//1405
f 1252//1406 1184//1406 1142//1406
f 1305//1407 1184//1407 1252//1407
f 1404//1408 1305//1408 1252//1408
f 1517//1409 1305//1409 1404//1409
f 1614//1410 1517//1410 1404//1410
f 1663//1411 1517//1411 1614//1411
f 1705//1412 1663//1412 1614//1412
f 1786//1413 1663//1413 1705//1413
f 1718//1414 1786//1414 1705//1414
f 1826//1415 1786//1415 1718//1415
f 1719//1416 1826//1416 1718//1416
f 1827//1417 1826//1417 1719//1417
f 1787//1418 1827//1418 1719//1418
f 1870//1419 1827//1419 1787//1419
f 1064//1420 1063//1420 987//1420
f 988//1421 1064//1421 987//1421
f 1016//1422 1064//1422 988//1422
f 980//1423 1016//1423 988//1423
f 910//1424 1016//1424 980//1424
f 979//1425 910//1425 980//1425
f 978//1426 910//1426 979//1426
f 910//1427 978//1427 977//1427
f 862//1428 910//1428 977//1428
f 811//1429 910//1429 862//1429
f 765//1430 811//1430 862//1430
f 724//1431 811//1431 765//1431
f 673//1432 724//1432 765//1432
f 640//1433 724//1433 673//1433
f 593//1434 640//1434 673//1434
f 550//1435 640//1435 593//1435
f 509//1436 550//1436 593//1436
f 484//1437 550//1437 509//1437
f 470//1438 484//1438 509//1438
f 419//1439 470//1439 509//1439
f 388//1440 470//1440 419//1440
f 333//1441 388//1441 419//1441
f 280//1442 388//1442 333//1442
f 229//1443 280//1443 333//1443
f 230//1444 280//1444 229//1444
f 108//1445 230//1445 229//1445
f 109//1446 230//1446 108//1446
f 687//1447 673//1447 765//1447
f 764//1448 687//1448 765//1448
f 686//1449 687//1449 764//1449
f 604//1450 592//1450 598//1450
f 673//1451 687//1451 680//1451
f 678//1452 673//1452 680//1452
f 672//1453 673//1453 678//1453
f 418//1454 419//1454 509//1454
f 508//1455 418//1455 509//1455
f 674//1456 675//1456 679//1456
f 681//1457 674//1457 679//1457
f 688//1458 674//1458 681//1458
f 688//1459 689//1459 767//1459
f 766//1460 688//1460 767//1460
f 674//1461 688//1461 766//1461
f 725//1462 674//1462 766//1462
f 641//1463 674//1463 725//1463
f 689//1464 605//1464 648//1464
f 733//1465 689//1465 648//1465
f 767//1466 689//1466 733//1466
f 823//1467 767//1467 733//1467
f 864//1468 767//1468 823//1468
f 874//1469 864//1469 823//1469
f 868//1470 864//1470 874//1470
f 605//1471 599//1471 595//1471
f 560//1472 605//1472 595//1472
f 648//1473 605//1473 560//1473
f 649//1474 648//1474 560//1474
f 561//1475 649//1475 560//1475
f 606//1476 649//1476 561//1476
f 518//1477 606//1477 561//1477
f 473//1478 518//1478 561//1478
f 422//1479 518//1479 473//1479
f 391//1480 422//1480 473//1480
f 336//1481 422//1481 391//1481
f 283//1482 336//1482 391//1482
f 236//1483 336//1483 283//1483
f 235//1484 236//1484 283//1484
f 109//1485 236//1485 235//1485
f 234//1486 109//1486 235//1486
f 233//1487 109//1487 234//1487
f 282//1488 233//1488 234//1488
f 335//1489 233//1489 282//1489
f 390//1490 335//1490 282//1490
f 421//1491 335//1491 390//1491
f 472//1492 421//1492 390//1492
f 511//1493 421//1493 472//1493
f 560//1494 511//1494 472//1494
f 595//1495 511//1495 560//1495
f 420//1496 421//1496 511//1496
f 510//1497 420//1497 511//1497
f 471//1498 420//1498 510//1498
f 485//1499 471//1499 510//1499
f 551//1500 485//1500 510//1500
f 483//1501 485//1501 551//1501
f 481//1502 483//1502 551//1502
f 479//1503 481//1503 551//1503
f 551//1504 510//1504 594//1504
f 641//1505 551//1505 594//1505
f 550//1506 551//1506 641//1506
f 640//1507 550//1507 641//1507
f 641//1508 594//1508 674//1508
f 1016//1509 1019//1509 1027//1509
f 1064//1510 1016//1510 1027//1510
f 1064//1511 1027//1511 1110//1511
f 1143//1512 1064//1512 1110//1512
f 1185//1513 1143//1513 1110//1513
f 1253//1514 1143//1514 1185//1514
f 1306//1515 1253//1515 1185//1515
f 1405//1516 1253//1516 1306//1516
f 1518//1517 1405//1517 1306//1517
f 1615//1518 1405//1518 1518//1518
f 1664//1519 1615//1519 1518//1519
f 1701//1520 1615//1520 1664//1520
f 1787//1521 1701//1521 1664//1521
f 1719//1522 1701//1522 1787//1522
f 1186//1523 1185//1523 1110//1523
f 1111//1524 1186//1524 1110//1524
f 1144//1525 1186//1525 1111//1525
f 1065//1526 1144//1526 1111//1526
f 1028//1527 1065//1527 1111//1527
f 1017//1528 1065//1528 1028//1528
f 1020//1529 1017//1529 1028//1529
f 1017//1530 911//1530 972//1530
f 989//1531 1017//1531 972//1531
f 1065//1532 1017//1532 989//1532
f 1066//1533 1065//1533 989//1533
f 990//1534 1066//1534 989//1534
f 1029//1535 1066//1535 990//1535
f 920//1536 1029//1536 990//1536
f 874//1537 920//1537 990//1537
f 823//1538 920//1538 874//1538
f 911//1539 910//1539 811//1539
f 812//1540 911//1540 811//1540
f 863//1541 911//1541 812//1541
f 766//1542 863//1542 812//1542
f 725//1543 766//1543 812//1543
f 1014//1544 1018//1544 1022//1544
f 1058//1545 1014//1545 1022//1545
f 984//1546 1014//1546 1058//1546
f 983//1547 984//1547 1058//1547
f 1057//1548 983//1548 1058//1548
f 1021//1549 983//1549 1057//1549
f 1103//1550 1021//1550 1057//1550
f 1136//1551 1103//1551 1057//1551
f 1178//1552 1103//1552 1136//1552
f 1246//1553 1178//1553 1136//1553
f 1299//1554 1178//1554 1246//1554
f 1398//1555 1299//1555 1246//1555
f 1511//1556 1299//1556 1398//1556
f 1608//1557 1511//1557 1398//1557
f 1669//1558 1511//1558 1608//1558
f 1728//1559 1669//1559 1608//1559
f 1794//1560 1669//1560 1728//1560
f 1832//1561 1794//1561 1728//1561
f 1879//1562 1794//1562 1832//1562
f 1930//1563 1879//1563 1832//1563
f 1994//1564 1879//1564 1930//1564
f 2042//1565 1994//1565 1930//1565
f 2098//1566 1994//1566 2042//1566
f 2150//1567 2098//1567 2042//1567
f 2207//1568 2098//1568 2150//1568
f 2274//1569 2207//1569 2150//1569
f 2295//1570 2207//1570 2274//1570
f 2324//1571 2295//1571 2274//1571
f 2341//1572 2295//1572 2324//1572
f 2362//1573 2341//1573 2324//1573
f 2340//1574 2341//1574 2362//1574
f 2294//1575 2340//1575 2362//1575
f 2206//1576 2294//1576 2362//1576
f 2295//1577 2294//1577 2206//1577
f 2207//1578 2295//1578 2206//1578
f 1058//1579 1022//1579 1104//1579
f 1137//1580 1058//1580 1104//1580
f 1179//1581 1137//1581 1104//1581
f 1247//1582 1137//1582 1179//1582
f 1300//1583 1247//1583 1179//1583
f 1399//1584 1247//1584 1300//1584
f 1512//1585 1399//1585 1300//1585
f 1609//1586 1399//1586 1512//1586
f 1660//1587 1609//1587 1512//1587
f 1729//1588 1609//1588 1660//1588
f 1783//1589 1729//1589 1660//1589
f 1833//1590 1729//1590 1783//1590
f 1795//1591 1833//1591 1783//1591
f 1880//1592 1833//1592 1795//1592
f 1180//1593 1179//1593 1104//1593
f 1105//1594 1180//1594 1104//1594
f 1138//1595 1180//1595 1105//1595
f 1059//1596 1138//1596 1105//1596
f 1037//1597 1059//1597 1105//1597
f 1015//1598 1059//1598 1037//1598
f 1036//1599 1015//1599 1037//1599
f 1035//1600 1015//1600 1036//1600
f 1015//1601 1035//1601 1034//1601
f 981//1602 1059//1602 1015//1602
f 909//1603 981//1603 1015//1603
f 859//1604 981//1604 909//1604
f 808//1605 859//1605 909//1605
f 762//1606 859//1606 808//1606
f 721//1607 762//1607 808//1607
f 670//1608 762//1608 721//1608
f 637//1609 670//1609 721//1609
f 590//1610 670//1610 637//1610
f 549//1611 590//1611 637//1611
f 506//1612 590//1612 549//1612
f 459//1613 506//1613 549//1613
f 414//1614 506//1614 459//1614
f 379//1615 414//1615 459//1615
f 328//1616 414//1616 379//1616
f 275//1617 328//1617 379//1617
f 220//1618 328//1618 275//1618
f 219//1619 220//1619 275//1619
f 108//1620 220//1620 219//1620
f 218//1621 108//1621 219//1621
f 217//1622 108//1622 218//1622
f 274//1623 217//1623 218//1623
f 327//1624 217//1624 274//1624
f 378//1625 327//1625 274//1625
f 413//1626 327//1626 378//1626
f 458//1627 413//1627 378//1627
f 515//1628 413//1628 458//1628
f 465//1629 515//1629 458//1629
f 543//1630 515//1630 465//1630
f 807//1631 808//1631 909//1631
f 908//1632 807//1632 909//1632
f 870//1633 807//1633 908//1633
f 984//1634 870//1634 908//1634
f 1014//1635 984//1635 908//1635
f 2262//1636 2293//1636 2292//1636
f 2291//1637 2262//1637 2292//1637
f 2290//1638 2262//1638 2291//1638
f 2297//1639 2262//1639 2290//1639
f 2326//1640 2297//1640 2290//1640
f 2343//1641 2297//1641 2326//1641
f 2362//1642 2343//1642 2326//1642
f 2342//1643 2343//1643 2362//1643
f 2325//1644 2342//1644 2362//1644
f 2296//1645 2342//1645 2325//1645
f 2275//1646 2296//1646 2325//1646
f 2208//1647 2296//1647 2275//1647
f 2151//1648 2208//1648 2275//1648
f 2099//1649 2208//1649 2151//1649
f 2078//1650 2099//1650 2151//1650
f 2092//1651 2099//1651 2078//1651
f 2362//1652 2326//1652 2327//1652
f 2344//1653 2362//1653 2327//1653
f 2345//1654 2362//1654 2344//1654
f 2298//1655 2344//1655 2327//1655
f 2276//1656 2298//1656 2327//1656
f 2210//1657 2298//1657 2276//1657
f 2263//1658 2210//1658 2276//1658
f 2143//1659 2210//1659 2263//1659
f 2263//1660 2276//1660 2270//1660
f 2143//1661 2142//1661 2033//1661
f 2034//1662 2143//1662 2033//1662
f 2080//1663 2143//1663 2034//1663
f 2035//1664 2080//1664 2034//1664
f 1981//1665 2080//1665 2035//1665
f 1924//1666 1981//1666 2035//1666
f 1882//1667 1981//1667 1924//1667
f 1825//1668 1882//1668 1924//1668
f 1796//1669 1882//1669 1825//1669
f 1731//1670 1796//1670 1825//1670
f 1670//1671 1796//1671 1731//1671
f 1611//1672 1670//1672 1731//1672
f 1514//1673 1670//1673 1611//1673
f 1401//1674 1514//1674 1611//1674
f 1302//1675 1514//1675 1401//1675
f 1249//1676 1302//1676 1401//1676
f 1181//1677 1302//1677 1249//1677
f 1139//1678 1181//1678 1249//1678
f 1106//1679 1181//1679 1139//1679
f 1060//1680 1106//1680 1139//1680
f 1023//1681 1106//1681 1060//1681
f 982//1682 1023//1682 1060//1682
f 916//1683 1023//1683 982//1683
f 860//1684 916//1684 982//1684
f 809//1685 916//1685 860//1685
f 763//1686 809//1686 860//1686
f 722//1687 809//1687 763//1687
f 671//1688 722//1688 763//1688
f 638//1689 722//1689 671//1689
f 591//1690 638//1690 671//1690
f 556//1691 638//1691 591//1691
f 507//1692 556//1692 591//1692
f 466//1693 556//1693 507//1693
f 415//1694 466//1694 507//1694
f 384//1695 466//1695 415//1695
f 329//1696 384//1696 415//1696
f 276//1697 384//1697 329//1697
f 221//1698 276//1698 329//1698
f 222//1699 276//1699 221//1699
f 108//1700 222//1700 221//1700
f 223//1701 222//1701 108//1701
f 224//1702 223//1702 108//1702
f 277//1703 223//1703 224//1703
f 330//1704 277//1704 224//1704
f 385//1705 277//1705 330//1705
f 416//1706 385//1706 330//1706
f 467//1707 385//1707 416//1707
f 516//1708 467//1708 416//1708
f 557//1709 467//1709 516//1709
f 602//1710 557//1710 516//1710
f 639//1711 557//1711 602//1711
f 684//1712 639//1712 602//1712
f 723//1713 639//1713 684//1713
f 772//1714 723//1714 684//1714
f 730//1715 723//1715 772//1715
f 820//1716 730//1716 772//1716
f 871//1717 820//1717 772//1717
f 917//1718 820//1718 871//1718
f 985//1719 917//1719 871//1719
f 1024//1720 917//1720 985//1720
f 1061//1721 1024//1721 985//1721
f 1107//1722 1024//1722 1061//1722
f 1140//1723 1107//1723 1061//1723
f 1182//1724 1107//1724 1140//1724
f 1250//1725 1182//1725 1140//1725
f 1303//1726 1182//1726 1250//1726
f 1402//1727 1303//1727 1250//1727
f 1515//1728 1303//1728 1402//1728
f 1612//1729 1515//1729 1402//1729
f 1671//1730 1515//1730 1612//1730
f 1732//1731 1671//1731 1612//1731
f 1797//1732 1671//1732 1732//1732
f 1834//1733 1797//1733 1732//1733
f 1883//1734 1797//1734 1834//1734
f 1932//1735 1883//1735 1834//1735
f 1982//1736 1883//1736 1932//1736
f 2044//1737 1982//1737 1932//1737
f 2081//1738 1982//1738 2044//1738
f 2152//1739 2081//1739 2044//1739
f 2100//1740 2081//1740 2152//1740
f 2211//1741 2100//1741 2152//1741
f 2277//1742 2211//1742 2152//1742
f 2299//1743 2211//1743 2277//1743
f 2328//1744 2299//1744 2277//1744
f 2345//1745 2299//1745 2328//1745
f 2362//1746 2345//1746 2328//1746
f 2142//1747 2262//1747 2197//1747
f 2079//1748 2142//1748 2197//1748
f 2032//1749 2142//1749 2079//1749
f 1980//1750 2032//1750 2079//1750
f 1923//1751 2032//1751 1980//1751
f 1867//1752 1923//1752 1980//1752
f 1824//1753 1923//1753 1867//1753
f 1784//1754 1824//1754 1867//1754
f 1716//1755 1824//1755 1784//1755
f 1711//1756 1716//1756 1784//1756
f 1710//1757 1716//1757 1711//1757
f 1716//1758 1717//1758 1724//1758
f 1726//1759 1716//1759 1724//1759
f 1730//1760 1716//1760 1726//1760
f 1730//1761 1731//1761 1825//1761
f 1824//1762 1730//1762 1825//1762
f 1716//1763 1730//1763 1824//1763
f 1248//1764 1249//1764 1401//1764
f 1400//1765 1248//1765 1401//1765
f 1301//1766 1248//1766 1400//1766
f 1513//1767 1301//1767 1400//1767
f 1610//1768 1513//1768 1400//1768
f 1661//1769 1513//1769 1610//1769
f 1711//1770 1661//1770 1610//1770
f 1784//1771 1661//1771 1711//1771
f 1716//1772 1710//1772 1709//1772
f 1708//1773 1716//1773 1709//1773
f 1795//1774 1783//1774 1791//1774
f 1931//1775 1833//1775 1880//1775
f 1881//1776 1931//1776 1880//1776
f 1979//1777 1931//1777 1881//1777
f 1980//1778 1979//1778 1881//1778
f 1867//1779 1980//1779 1881//1779
f 1867//1780 1881//1780 1876//1780
f 1874//1781 1867//1781 1876//1781
f 1866//1782 1867//1782 1874//1782
f 1512//1783 1513//1783 1661//1783
f 1660//1784 1512//1784 1661//1784
f 2296//1785 2208//1785 2209//1785
f 2297//1786 2296//1786 2209//1786
f 2197//1787 2297//1787 2209//1787
f 2262//1788 2297//1788 2197//1788
f 2197//1789 2209//1789 2204//1789
f 2202//1790 2197//1790 2204//1790
f 2196//1791 2197//1791 2202//1791
f 2043//1792 1931//1792 1979//1792
f 2078//1793 2043//1793 1979//1793
f 2151//1794 2043//1794 2078//1794
f 2143//1795 2080//1795 2158//1795
f 2159//1796 2143//1796 2158//1796
f 2160//1797 2143//1797 2159//1797
f 2143//1798 2160//1798 2161//1798
f 2210//1799 2143//1799 2161//1799
f 2299//1800 2298//1800 2210//1800
f 2211//1801 2299//1801 2210//1801
f 2081//1802 2100//1802 2093//1802
f 1882//1803 1883//1803 1982//1803
f 1981//1804 1882//1804 1982//1804
f 809//1805 810//1805 815//1805
f 816//1806 809//1806 815//1806
f 819//1807 809//1807 816//1807
f 819//1808 820//1808 917//1808
f 916//1809 819//1809 917//1809
f 809//1810 819//1810 916//1810
f 723//1811 730//1811 728//1811
f 556//1812 557//1812 639//1812
f 638//1813 556//1813 639//1813
f 911//1814 863//1814 969//1814
f 970//1815 911//1815 969//1815
f 971//1816 911//1816 970//1816
f 911//1817 971//1817 972//1817
f 420//1818 471//1818 389//1818
f 334//1819 420//1819 389//1819
f 281//1820 334//1820 389//1820
f 232//1821 334//1821 281//1821
f 231//1822 232//1822 281//1822
f 109//1823 232//1823 231//1823
f 230//1824 109//1824 231//1824
f 280//1825 281//1825 389//1825
f 388//1826 280//1826 389//1826
f 550//1827 484//1827 482//1827
f 480//1828 550//1828 482//1828
f 478//1829 550//1829 480//1829
f 414//1830 415//1830 507//1830
f 506//1831 414//1831 507//1831
f 763//1832 762//1832 670//1832
f 671//1833 763//1833 670//1833
f 1060//1834 1059//1834 981//1834
f 982//1835 1060//1835 981//1835
f 2030//1836 2029//1836 2034//1836
f 2031//1837 2030//1837 2034//1837
f 2033//1838 2031//1838 2034//1838
f 2142//1839 2032//1839 2033//1839
f 548//1840 549//1840 637//1840
f 636//1841 548//1841 637//1841
f 601//1842 548//1842 636//1842
f 683//1843 601//1843 636//1843
f 720//1844 683//1844 636//1844
f 771//1845 683//1845 720//1845
f 807//1846 771//1846 720//1846
f 870//1847 771//1847 807//1847
f 424//1848 425//1848 513//1848
f 512//1849 424//1849 513//1849
f 475//1850 424//1850 512//1850
f 563//1851 475//1851 512//1851
f 596//1852 563//1852 512//1852
f 651//1853 563//1853 596//1853
f 676//1854 651//1854 596//1854
f 736//1855 651//1855 676//1855
f 768//1856 736//1856 676//1856
f 826//1857 736//1857 768//1857
f 865//1858 826//1858 768//1858
f 923//1859 826//1859 865//1859
f 935//1860 923//1860 865//1860
f 934//1861 923//1861 935//1861
f 961//1862 934//1862 935//1862
f 966//1863 961//1863 935//1863
f 1042//1864 966//1864 935//1864
f 995//1865 966//1865 1042//1865
f 1033//1866 995//1866 1042//1866
f 1115//1867 1033//1867 1042//1867
f 1155//1868 1115//1868 1042//1868
f 1190//1869 1115//1869 1155//1869
f 1193//1870 1190//1870 1155//1870
f 1217//1871 1193//1871 1155//1871
f 1239//1872 1217//1872 1155//1872
f 1260//1873 1239//1873 1155//1873
f 1263//1874 1260//1874 1155//1874
f 1264//1875 1263//1875 1155//1875
f 1156//1876 1264//1876 1155//1876
f 1338//1877 1264//1877 1156//1877
f 769//1878 768//1878 676//1878
f 677//1879 769//1879 676//1879
f 913//1880 912//1880 813//1880
f 814//1881 913//1881 813//1881
f 1042//1882 935//1882 936//1882
f 1552//1883 1547//1883 1544//1883
f 1505//1884 1552//1884 1544//1884
f 1338//1885 1552//1885 1505//1885
f 1486//1886 1338//1886 1505//1886
f 1463//1887 1338//1887 1486//1887
f 1338//1888 1463//1888 1434//1888
f 1311//1889 1338//1889 1434//1889
f 1264//1890 1338//1890 1311//1890
f 1523//1891 1311//1891 1434//1891
f 1620//1892 1523//1892 1434//1892
f 1675//1893 1523//1893 1620//1893
f 1736//1894 1675//1894 1620//1894
f 1801//1895 1675//1895 1736//1895
f 1830//1896 1801//1896 1736//1896
f 1889//1897 1801//1897 1830//1897
f 1928//1898 1889//1898 1830//1898
f 1990//1899 1889//1899 1928//1899
f 2040//1900 1990//1900 1928//1900
f 2089//1901 1990//1901 2040//1901
f 2148//1902 2089//1902 2040//1902
f 2162//1903 2089//1903 2148//1903
f 2163//1904 2162//1904 2148//1904
f 2164//1905 2163//1905 2148//1905
f 2165//1906 2164//1906 2148//1906
f 2217//1907 2165//1907 2148//1907
f 2268//1908 2217//1908 2148//1908
f 2283//1909 2217//1909 2268//1909
f 2273//1910 2283//1910 2268//1910
f 1830//1911 1736//1911 1737//1911
f 1831//1912 1830//1912 1737//1912
f 1723//1913 1831//1913 1737//1913
f 1789//1914 1831//1914 1723//1914
f 1715//1915 1789//1915 1723//1915
f 1666//1916 1789//1916 1715//1916
f 1621//1917 1666//1917 1715//1917
f 1667//1918 1666//1918 1621//1918
f 1553//1919 1667//1919 1621//1919
f 1622//1920 1667//1920 1553//1920
f 1554//1921 1622//1921 1553//1921
f 1339//1922 1554//1922 1553//1922
f 1555//1923 1554//1923 1339//1923
f 1526//1924 1555//1924 1339//1924
f 1545//1925 1555//1925 1526//1925
f 1723//1926 1737//1926 1727//1926
f 1725//1927 1723//1927 1727//1927
f 1722//1928 1723//1928 1725//1928
f 1723//1929 1712//1929 1713//1929
f 1714//1930 1723//1930 1713//1930
f 1715//1931 1723//1931 1714//1931
f 1338//1932 1339//1932 1553//1932
f 1552//1933 1338//1933 1553//1933
f 2305//1934 2217//1934 2283//1934
f 2336//1935 2305//1935 2283//1935
f 2353//1936 2305//1936 2336//1936
f 2363//1937 2353//1937 2336//1937
f 2352//1938 2353//1938 2363//1938
f 2335//1939 2352//1939 2363//1939
f 2304//1940 2352//1940 2335//1940
f 2282//1941 2304//1941 2335//1941
f 2216//1942 2304//1942 2282//1942
f 2155//1943 2216//1943 2282//1943
f 2103//1944 2216//1944 2155//1944
f 2088//1945 2103//1945 2155//1945
f 2096//1946 2103//1946 2088//1946
f 2363//1947 2336//1947 2337//1947
f 2354//1948 2363//1948 2337//1948
f 2355//1949 2363//1949 2354//1949
f 2306//1950 2354//1950 2337//1950
f 2286//1951 2306//1951 2337//1951
f 2269//1952 2306//1952 2286//1952
f 2287//1953 2269//1953 2286//1953
f 2288//1954 2269//1954 2287//1954
f 2269//1955 2288//1955 2289//1955
f 2200//1956 2306//1956 2269//1956
f 2149//1957 2200//1957 2269//1957
f 2090//1958 2200//1958 2149//1958
f 2041//1959 2090//1959 2149//1959
f 1991//1960 2090//1960 2041//1960
f 1929//1961 1991//1961 2041//1961
f 1872//1962 1991//1962 1929//1962
f 1831//1963 1872//1963 1929//1963
f 1789//1964 1872//1964 1831//1964
f 2040//1965 2041//1965 2149//1965
f 2148//1966 2040//1966 2149//1966
f 2200//1967 2201//1967 2203//1967
f 2205//1968 2200//1968 2203//1968
f 2218//1969 2200//1969 2205//1969
f 2218//1970 2219//1970 2307//1970
f 2306//1971 2218//1971 2307//1971
f 2200//1972 2218//1972 2306//1972
f 2219//1973 2104//1973 2156//1973
f 2284//1974 2219//1974 2156//1974
f 2307//1975 2219//1975 2284//1975
f 2338//1976 2307//1976 2284//1976
f 2355//1977 2307//1977 2338//1977
f 2363//1978 2355//1978 2338//1978
f 2104//1979 2097//1979 2091//1979
f 2156//1980 2104//1980 2091//1980
f 2050//1981 2156//1981 2091//1981
f 1992//1982 2050//1982 2091//1982
f 1937//1983 2050//1983 1992//1983
f 1891//1984 1937//1984 1992//1984
f 1840//1985 1937//1985 1891//1985
f 1802//1986 1840//1986 1891//1986
f 1790//1987 1840//1987 1802//1987
f 1793//1988 1790//1988 1802//1988
f 1890//1989 1891//1989 1992//1989
f 1991//1990 1890//1990 1992//1990
f 1872//1991 1890//1991 1991//1991
f 1872//1992 1873//1992 1875//1992
f 1877//1993 1872//1993 1875//1993
f 1890//1994 1872//1994 1877//1994
f 1738//1995 1840//1995 1790//1995
f 1667//1996 1738//1996 1790//1996
f 1622//1997 1738//1997 1667//1997
f 2305//1998 2304//1998 2216//1998
f 2217//1999 2305//1999 2216//1999
f 1888//2000 1889//2000 1990//2000
f 1989//2001 1888//2001 1990//2001
f 1936//2002 1888//2002 1989//2002
f 2049//2003 1936//2003 1989//2003
f 2088//2004 2049//2004 1989//2004
f 2155//2005 2049//2005 2088//2005
f 1701//2006 1719//2006 1700//2006
f 1252//2007 1253//2007 1405//2007
f 1404//2008 1252//2008 1405//2008
f 1718//2009 1705//2009 1704//2009
f 2082//2010 2094//2010 2101//2010
f 2153//2011 2082//2011 2101//2011
f 2045//2012 2082//2012 2153//2012
f 2044//2013 2045//2013 2153//2013
f 2152//2014 2044//2014 2153//2014
f 2153//2015 2101//2015 2212//2015
f 2278//2016 2153//2016 2212//2016
f 2300//2017 2278//2017 2212//2017
f 2329//2018 2278//2018 2300//2018
f 2346//2019 2329//2019 2300//2019
f 2362//2020 2329//2020 2346//2020
f 2347//2021 2362//2021 2346//2021
f 2330//2022 2362//2022 2347//2022
f 2301//2023 2330//2023 2347//2023
f 2279//2024 2330//2024 2301//2024
f 2213//2025 2279//2025 2301//2025
f 2264//2026 2279//2026 2213//2026
f 2191//2027 2264//2027 2213//2027
f 2144//2028 2264//2028 2191//2028
f 2189//2029 2144//2029 2191//2029
f 2083//2030 2144//2030 2189//2030
f 2301//2031 2300//2031 2212//2031
f 2213//2032 2301//2032 2212//2032
f 2083//2033 1984//2033 2046//2033
f 2047//2034 2083//2034 2046//2034
f 2144//2035 2083//2035 2047//2035
f 2145//2036 2144//2036 2047//2036
f 2037//2037 2145//2037 2047//2037
f 2084//2038 2145//2038 2037//2038
f 1985//2039 2084//2039 2037//2039
f 1925//2040 1985//2040 2037//2040
f 1870//2041 1985//2041 1925//2041
f 1827//2042 1870//2042 1925//2042
f 1984//2043 1983//2043 1885//2043
f 1869//2044 1984//2044 1885//2044
f 1934//2045 1984//2045 1869//2045
f 1836//2046 1934//2046 1869//2046
f 1786//2047 1836//2047 1869//2047
f 1826//2048 1836//2048 1786//2048
f 1983//2049 2082//2049 2045//2049
f 1933//2050 1983//2050 2045//2050
f 1884//2051 1983//2051 1933//2051
f 1835//2052 1884//2052 1933//2052
f 1798//2053 1785//2053 1792//2053
f 1983//2054 1884//2054 1885//2054
f 1869//2055 1885//2055 1868//2055
f 1516//2056 1517//2056 1663//2056
f 1662//2057 1516//2057 1663//2057
f 2279//2058 2264//2058 2271//2058
f 2362//2059 2330//2059 2331//2059
f 2348//2060 2362//2060 2331//2060
f 2363//2061 2362//2061 2348//2061
f 2349//2062 2363//2062 2348//2062
f 2332//2063 2363//2063 2349//2063
f 2318//2064 2332//2064 2349//2064
f 2317//2065 2318//2065 2349//2065
f 2266//2066 2318//2066 2317//2066
f 2199//2067 2266//2067 2317//2067
f 2146//2068 2266//2068 2199//2068
f 2085//2069 2146//2069 2199//2069
f 2038//2070 2146//2070 2085//2070
f 1986//2071 2038//2071 2085//2071
f 1926//2072 2038//2072 1986//2072
f 1871//2073 1926//2073 1986//2073
f 1828//2074 1926//2074 1871//2074
f 1788//2075 1828//2075 1871//2075
f 1720//2076 1828//2076 1788//2076
f 1702//2077 1720//2077 1788//2077
f 1703//2078 1720//2078 1702//2078
f 2348//2079 2331//2079 2315//2079
f 2316//2080 2348//2080 2315//2080
f 2265//2081 2316//2081 2315//2081
f 2198//2082 2316//2082 2265//2082
f 2145//2083 2198//2083 2265//2083
f 2084//2084 2198//2084 2145//2084
f 2265//2085 2315//2085 2314//2085
f 2318//2086 2266//2086 2319//2086
f 2363//2087 2332//2087 2333//2087
f 2350//2088 2363//2088 2333//2088
f 2351//2089 2363//2089 2350//2089
f 2302//2090 2350//2090 2333//2090
f 2280//2091 2302//2091 2333//2091
f 2214//2092 2302//2092 2280//2092
f 2267//2093 2214//2093 2280//2093
f 2190//2094 2214//2094 2267//2094
f 2147//2095 2190//2095 2267//2095
f 2188//2096 2190//2096 2147//2096
f 2086//2097 2188//2097 2147//2097
f 2039//2098 2086//2098 2147//2098
f 1987//2099 2086//2099 2039//2099
f 1927//2100 1987//2100 2039//2100
f 1886//2101 1987//2101 1927//2101
f 1829//2102 1886//2102 1927//2102
f 1775//2103 1886//2103 1829//2103
f 1721//2104 1775//2104 1829//2104
f 1707//2105 1775//2105 1721//2105
f 1706//2106 1707//2106 1721//2106
f 2267//2107 2280//2107 2272//2107
f 2038//2108 2039//2108 2147//2108
f 2146//2109 2038//2109 2147//2109
f 2316//2110 2198//2110 2199//2110
f 2317//2111 2316//2111 2199//2111
f 1870//2112 1871//2112 1986//2112
f 1985//2113 1870//2113 1986//2113
f 1702//2114 1788//2114 1665//2114
f 1616//2115 1702//2115 1665//2115
f 1519//2116 1616//2116 1665//2116
f 1406//2117 1616//2117 1519//2117
f 1307//2118 1406//2118 1519//2118
f 1254//2119 1406//2119 1307//2119
f 1186//2120 1254//2120 1307//2120
f 1144//2121 1254//2121 1186//2121
f 1518//2122 1519//2122 1665//2122
f 1664//2123 1518//2123 1665//2123
f 2047//2124 2036//2124 2037//2124
f 1836//2125 1826//2125 1837//2125
f 1984//2126 1934//2126 2046//2126
f 919//2127 918//2127 821//2127
f 822//2128 919//2128 821//2128
f 558//2129 559//2129 647//2129
f 646//2130 558//2130 647//2130
f 416//2131 417//2131 517//2131
f 516//2132 416//2132 517//2132
f 773//2133 772//2133 684//2133
f 685//2134 773//2134 684//2134
f 108//2135 225//2135 224//2135
f 385//2136 384//2136 276//2136
f 277//2137 385//2137 276//2137
f 1106//2138 1107//2138 1182//2138
f 1181//2139 1106//2139 1182//2139
f 1671//2140 1670//2140 1514//2140
f 1515//2141 1671//2141 1514//2141
f 1833//2142 1832//2142 1728//2142
f 1729//2143 1833//2143 1728//2143
f 1246//2144 1247//2144 1399//2144
f 1398//2145 1246//2145 1399//2145
f 1835//2146 1834//2146 1732//2146
f 1733//2147 1835//2147 1732//2147
f 1250//2148 1251//2148 1403//2148
f 1402//2149 1250//2149 1403//2149
f 2151//2150 2150//2150 2042//2150
f 2043//2151 2151//2151 2042//2151
f 940//2152 941//2152 958//2152
f 962//2153 940//2153 958//2153
f 1043//2154 940//2154 962//2154
f 965//2155 1043//2155 962//2155
f 993//2156 1043//2156 965//2156
f 993//2157 994//2157 1032//2157
f 1069//2158 993//2158 1032//2158
f 1043//2159 993//2159 1069//2159
f 1258//2160 1043//2160 1069//2160
f 1339//2161 1043//2161 1258//2161
f 1410//2162 1339//2162 1258//2162
f 1435//2163 1339//2163 1410//2163
f 924//2164 1032//2164 994//2164
f 878//2165 924//2165 994//2165
f 827//2166 924//2166 878//2166
f 777//2167 827//2167 878//2167
f 737//2168 827//2168 777//2168
f 693//2169 737//2169 777//2169
f 652//2170 737//2170 693//2170
f 609//2171 652//2171 693//2171
f 564//2172 652//2172 609//2172
f 521//2173 564//2173 609//2173
f 477//2174 564//2174 521//2174
f 427//2175 477//2175 521//2175
f 394//2176 477//2176 427//2176
f 341//2177 394//2177 427//2177
f 288//2178 394//2178 341//2178
f 245//2179 288//2179 341//2179
f 246//2180 288//2180 245//2180
f 109//2181 246//2181 245//2181
f 247//2182 246//2182 109//2182
f 289//2183 247//2183 109//2183
f 395//2184 289//2184 109//2184
f 288//2185 289//2185 395//2185
f 394//2186 288//2186 395//2186
f 692//2187 693//2187 777//2187
f 776//2188 692//2188 777//2188
f 1043//2189 939//2189 940//2189
f 2048//2190 2049//2190 2155//2190
f 2154//2191 2048//2191 2155//2191
f 2087//2192 2048//2192 2154//2192
f 2102//2193 2087//2193 2154//2193
f 2095//2194 2087//2194 2102//2194
f 1888//2195 1936//2195 1839//2195
f 1800//2196 1888//2196 1839//2196
f 1735//2197 1800//2197 1839//2197
f 1674//2198 1800//2198 1735//2198
f 1619//2199 1674//2199 1735//2199
f 1522//2200 1674//2200 1619//2200
f 1409//2201 1522//2201 1619//2201
f 1310//2202 1522//2202 1409//2202
f 1257//2203 1310//2203 1409//2203
f 1189//2204 1310//2204 1257//2204
f 1147//2205 1189//2205 1257//2205
f 1114//2206 1189//2206 1147//2206
f 1068//2207 1114//2207 1147//2207
f 1031//2208 1114//2208 1068//2208
f 992//2209 1031//2209 1068//2209
f 922//2210 1031//2210 992//2210
f 876//2211 922//2211 992//2211
f 825//2212 922//2212 876//2212
f 775//2213 825//2213 876//2213
f 735//2214 825//2214 775//2214
f 691//2215 735//2215 775//2215
f 650//2216 735//2216 691//2216
f 607//2217 650//2217 691//2217
f 562//2218 650//2218 607//2218
f 519//2219 562//2219 607//2219
f 474//2220 562//2220 519//2220
f 423//2221 474//2221 519//2221
f 392//2222 474//2222 423//2222
f 337//2223 392//2223 423//2223
f 284//2224 392//2224 337//2224
f 237//2225 284//2225 337//2225
f 238//2226 284//2226 237//2226
f 109//2227 238//2227 237//2227
f 239//2228 238//2228 109//2228
f 240//2229 239//2229 109//2229
f 285//2230 239//2230 240//2230
f 338//2231 285//2231 240//2231
f 393//2232 285//2232 338//2232
f 424//2233 393//2233 338//2233
f 475//2234 393//2234 424//2234
f 1734//2235 1735//2235 1839//2235
f 1838//2236 1734//2236 1839//2236
f 1799//2237 1734//2237 1838//2237
f 1887//2238 1799//2238 1838//2238
f 1935//2239 1887//2239 1838//2239
f 1988//2240 1887//2240 1935//2240
f 2048//2241 1988//2241 1935//2241
f 2087//2242 1988//2242 2048//2242
f 519//2243 518//2243 422//2243
f 423//2244 519//2244 422//2244
f 109//2245 237//2245 236//2245
f 282//2246 283//2246 391//2246
f 390//2247 282//2247 391//2247
f 869//2248 983//2248 915//2248
f 818//2249 869//2249 915//2249
f 770//2250 869//2250 818//2250
f 729//2251 770//2251 818//2251
f 682//2252 770//2252 729//2252
f 645//2253 682//2253 729//2253
f 600//2254 682//2254 645//2254
f 555//2255 600//2255 645//2255
f 514//2256 600//2256 555//2256
f 464//2257 514//2257 555//2257
f 412//2258 514//2258 464//2258
f 383//2259 412//2259 464//2259
f 326//2260 412//2260 383//2260
f 273//2261 326//2261 383//2261
f 216//2262 326//2262 273//2262
f 215//2263 216//2263 273//2263
f 108//2264 216//2264 215//2264
f 214//2265 108//2265 215//2265
f 272//2266 108//2266 214//2266
f 682//2267 683//2267 771//2267
f 770//2268 682//2268 771//2268
f 1180//2269 1138//2269 1248//2269
f 1301//2270 1180//2270 1248//2270
f 1114//2271 1115//2271 1190//2271
f 1189//2272 1114//2272 1190//2272
f 1675//2273 1674//2273 1522//2273
f 1523//2274 1675//2274 1522//2274
f 1893//2275 1677//2275 2363//2275
f 1996//2276 1893//2276 2363//2276
f 1892//2277 1893//2277 1996//2277
f 1995//2278 1892//2278 1996//2278
f 1938//2279 1892//2279 1995//2279
f 2051//2280 1938//2280 1995//2280
f 2105//2281 2051//2281 1995//2281
f 2157//2282 2051//2282 2105//2282
f 2220//2283 2157//2283 2105//2283
f 2285//2284 2157//2284 2220//2284
f 2308//2285 2285//2285 2220//2285
f 2339//2286 2285//2286 2308//2286
f 2356//2287 2339//2287 2308//2287
f 2363//2288 2339//2288 2356//2288
f 2357//2289 2363//2289 2356//2289
f 2309//2290 2363//2290 2357//2290
f 1677//2291 1676//2291 1524//2291
f 1525//2292 1677//2292 1524//2292
f 2363//2293 1677//2293 1525//2293
f 1192//2294 2363//2294 1525//2294
f 109//2295 2363//2295 1192//2295
f 1117//2296 109//2296 1192//2296
f 925//2297 109//2297 1117//2297
f 1676//2298 1803//2298 1739//2298
f 1623//2299 1676//2299 1739//2299
f 1524//2300 1676//2300 1623//2300
f 1411//2301 1524//2301 1623//2301
f 1312//2302 1524//2302 1411//2302
f 1410//2303 1312//2303 1411//2303
f 1258//2304 1312//2304 1410//2304
f 1841//2305 1739//2305 1803//2305
f 1892//2306 1841//2306 1803//2306
f 1938//2307 1841//2307 1892//2307
f 2309//2308 2308//2308 2220//2308
f 2221//2309 2309//2309 2220//2309
f 2363//2310 2309//2310 2221//2310
f 1996//2311 2363//2311 2221//2311
f 2157//2312 2156//2312 2050//2312
f 2051//2313 2157//2313 2050//2313
f 1738//2314 1739//2314 1841//2314
f 1840//2315 1738//2315 1841//2315
f 426//2316 427//2316 521//2316
f 520//2317 426//2317 521//2317
f 554//2318 555//2318 645//2318
f 644//2319 554//2319 645//2319
f 108//2320 554//2320 644//2320
f 817//2321 108//2321 644//2321
f 914//2322 108//2322 817//2322
f 915//2323 914//2323 817//2323
f 818//2324 915//2324 817//2324
f 272//2325 273//2325 383//2325
f 382//2326 272//2326 383//2326
f 108//2327 272//2327 382//2327
f 554//2328 108//2328 382//2328
f 108//2329 221//2329 220//2329
f 1407//2330 1406//2330 1254//2330
f 1255//2331 1407//2331 1254//2331
f 1308//2332 1407//2332 1255//2332
f 1187//2333 1308//2333 1255//2333
f 1145//2334 1187//2334 1255//2334
f 1112//2335 1187//2335 1145//2335
f 1066//2336 1112//2336 1145//2336
f 1029//2337 1112//2337 1066//2337
f 1188//2338 1187//2338 1112//2338
f 1113//2339 1188//2339 1112//2339
f 1146//2340 1188//2340 1113//2340
f 1067//2341 1146//2341 1113//2341
f 1030//2342 1067//2342 1113//2342
f 991//2343 1067//2343 1030//2343
f 921//2344 991//2344 1030//2344
f 875//2345 991//2345 921//2345
f 824//2346 875//2346 921//2346
f 774//2347 875//2347 824//2347
f 734//2348 774//2348 824//2348
f 690//2349 774//2349 734//2349
f 649//2350 690//2350 734//2350
f 606//2351 690//2351 649//2351
f 1407//2352 1308//2352 1520//2352
f 1617//2353 1407//2353 1520//2353
f 1672//2354 1617//2354 1520//2354
f 1707//2355 1617//2355 1672//2355
f 1775//2356 1707//2356 1672//2356
f 1673//2357 1672//2357 1520//2357
f 1521//2358 1673//2358 1520//2358
f 1618//2359 1673//2359 1521//2359
f 1408//2360 1618//2360 1521//2360
f 1309//2361 1408//2361 1521//2361
f 1256//2362 1408//2362 1309//2362
f 1188//2363 1256//2363 1309//2363
f 1146//2364 1256//2364 1188//2364
f 651//2365 650//2365 562//2365
f 563//2366 651//2366 562//2366
f 284//2367 285//2367 393//2367
f 392//2368 284//2368 393//2368
f 1102//2369 1103//2369 1178//2369
f 1177//2370 1102//2370 1178//2370
f 108//2371 1102//2371 1177//2371
f 2362//2372 108//2372 1177//2372
f 1510//2373 2362//2373 1177//2373
f 1668//2374 2362//2374 1510//2374
f 1669//2375 1668//2375 1510//2375
f 1511//2376 1669//2376 1510//2376
f 983//2377 1021//2377 915//2377
f 108//2378 914//2378 1102//2378
f 1734//2379 1799//2379 1673//2379
f 1618//2380 1734//2380 1673//2380
f 1988//2381 1987//2381 1886//2381
f 1887//2382 1988//2382 1886//2382
f 2281//2383 2334//2383 2303//2383
f 2215//2384 2281//2384 2303//2384
f 2154//2385 2281//2385 2215//2385
f 2102//2386 2154//2386 2215//2386
f 2334//2387 2335//2387 2363//2387
f 2351//2388 2334//2388 2363//2388
f 2303//2389 2334//2389 2351//2389
f 1070//2390 1069//2390 1032//2390
f 1116//2391 1070//2391 1032//2391
f 1148//2392 1070//2392 1116//2392
f 1191//2393 1148//2393 1116//2393
f 1259//2394 1148//2394 1191//2394
f 1312//2395 1259//2395 1191//2395
f 1258//2396 1259//2396 1312//2396
f 1192//2397 1191//2397 1116//2397
f 1117//2398 1192//2398 1116//2398
f 925//2399 924//2399 827//2399
f 828//2400 925//2400 827//2400
f 109//2401 925//2401 828//2401
f 653//2402 109//2402 828//2402
f 565//2403 109//2403 653//2403
f 564//2404 565//2404 653//2404
f 652//2405 564//2405 653//2405
f 1339//2406 1435//2406 1464//2406
f 1487//2407 1339//2407 1464//2407
f 1526//2408 1339//2408 1487//2408
f 1555//2409 1545//2409 1548//2409
f 2362//2410 1668//2410 1878//2410
f 1993//2411 2362//2411 1878//2411
f 2206//2412 2362//2412 1993//2412
f 1994//2413 1993//2413 1878//2413
f 1879//2414 1994//2414 1878//2414
f 985//2415 986//2415 1062//2415
f 1061//2416 985//2416 1062//2416
f 1108//2417 1109//2417 1184//2417
f 1183//2418 1108//2418 1184//2418
f 387//2419 386//2419 278//2419
f 279//2420 387//2420 278//2420
f 2362//2421 2324//2421 2325//2421
f 541//2422 540//2422 548//2422
f 542//2423 541//2423 548//2423
f 543//2424 542//2424 548//2424
f 601//2425 543//2425 548//2425
f 515//2426 543//2426 601//2426
f 274//2427 275//2427 379//2427
f 378//2428 274//2428 379//2428
f 465//2429 458//2429 462//2429
f 1256//2430 1257//2430 1409//2430
f 1408//2431 1256//2431 1409//2431
f 2214//2432 2215//2432 2303//2432
f 2302//2433 2214//2433 2303//2433
f 825//2434 826//2434 923//2434
f 922//2435 825//2435 923//2435
f 1068//2436 1067//2436 991//2436
f 992//2437 1068//2437 991//2437
f 690//2438 691//2438 775//2438
f 774//2439 690//2439 775//2439
f 823//2440 824//2440 921//2440
f 920//2441 823//2441 921//2441
f 109//2442 565//2442 395//2442
f 109//2443 233//2443 232//2443
f 109//2444 245//2444 244//2444
f 2363//2445 2338//2445 2339//2445
f 515//2446 514//2446 412//2446
f 413//2447 515//2447 412//2447
f 108//2448 217//2448 216//2448
f 109//2449 241//2449 240//2449
f 2362//2450 2328//2450 2329//2450
f 108//2451 229//2451 228//2451
f 1720//2452 1721//2452 1829//2452
f 1828//2453 1720//2453 1829//2453
f 1089//2454 1087//2454 1190//2454
f 1193//2455 1089//2455 1190//2455
f 1101//2456 1089//2456 1193//2456
f 1217//2457 1101//2457 1193//2457
f 1118//2458 1101//2458 1217//2458
f 1239//2459 1118//2459 1217//2459
f 1135//2460 1118//2460 1239//2460
f 1260//2461 1135//2461 1239//2461
f 1149//2462 1135//2462 1260//2462
f 1263//2463 1149//2463 1260//2463
f 1152//2464 1149//2464 1263//2464
f 1264//2465 1152//2465 1263//2465
f 805//2466 796//2466 934//2466
f 961//2467 805//2467 934//2467
f 830//2468 805//2468 961//2468
f 966//2469 830//2469 961//2469
f 879//2470 830//2470 966//2470
f 995//2471 879//2471 966//2471
f 907//2472 879//2472 995//2472
f 1033//2473 907//2473 995//2473
f 907//2474 1033//2474 1115//2474
f 1012//2475 907//2475 1115//2475
f 1435//2476 1410//2476 1212//2476
f 1218//2477 1435//2477 1212//2477
f 1245//2478 1435//2478 1218//2478
f 1464//2479 1435//2479 1245//2479
f 1262//2480 1464//2480 1245//2480
f 1487//2481 1464//2481 1262//2481
f 1290//2482 1487//2482 1262//2482
f 1526//2483 1487//2483 1290//2483
f 1322//2484 1526//2484 1290//2484
f 1545//2485 1526//2485 1322//2485
f 1332//2486 1545//2486 1322//2486
f 1548//2487 1545//2487 1332//2487
f 1555//2488 1548//2488 1332//2488
f 1337//2489 1555//2489 1332//2489
f 829//2490 858//2490 993//2490
f 965//2491 829//2491 993//2491
f 806//2492 829//2492 965//2492
f 962//2493 806//2493 965//2493
f 804//2494 806//2494 962//2494
f 958//2495 804//2495 962//2495
f 803//2496 804//2496 958//2496
f 941//2497 803//2497 958//2497
f 802//2498 803//2498 941//2498
f 940//2499 802//2499 941//2499
f 802//2500 940//2500 939//2500
f 801//2501 802//2501 939//2501
f 798//2502 936//2502 935//2502
f 797//2503 798//2503 935//2503
f 797//2504 843//2504 844//2504
f 798//2505 797//2505 844//2505
f 1555//2506 1337//2506 1336//2506
f 1554//2507 1555//2507 1336//2507
f 1214//2508 1215//2508 1216//2508
f 1210//2509 1214//2509 1216//2509
f 1201//2510 1214//2510 1210//2510
f 1223//2511 1210//2511 1216//2511
f 1240//2512 1223//2512 1216//2512
f 1261//2513 1223//2513 1240//2513
f 1223//2514 1261//2514 1265//2514
f 1321//2515 1223//2515 1265//2515
f 1331//2516 1223//2516 1321//2516
f 1223//2517 1331//2517 1334//2517
f 1224//2518 1223//2518 1334//2518
f 1335//2519 1224//2519 1334//2519
f 1333//2520 1224//2520 1335//2520
f 1223//2521 1093//2521 1154//2521
f 1200//2522 1223//2522 1154//2522
f 1210//2523 1223//2523 1200//2523
f 1154//2524 1093//2524 1092//2524
f 1153//2525 1154//2525 1092//2525
f 1201//2526 1200//2526 1154//2526
f 1214//2527 1201//2527 1154//2527
f 1213//2528 1214//2528 1154//2528
f 1151//2529 1213//2529 1154//2529
f 1151//2530 1154//2530 1153//2530
f 1150//2531 1151//2531 1153//2531
f 1289//2532 1235//2532 1234//2532
f 1288//2533 1289//2533 1234//2533
f 800//2534 938//2534 937//2534
f 799//2535 800//2535 937//2535
f 857//2536 858//2536 829//2536
f 806//2537 857//2537 829//2537
f 804//2538 857//2538 806//2538
f 804//2539 803//2539 802//2539
f 857//2540 804//2540 802//2540
f 857//2541 802//2541 801//2541
f 1607//2542 1551//2542 1553//2542
f 1621//2543 1607//2543 1553//2543
f 1377//2544 1607//2544 1621//2544
f 1607//2545 1377//2545 1363//2545
f 1088//2546 1087//2546 1089//2546
f 1101//2547 1088//2547 1089//2547
f 1118//2548 1088//2548 1101//2548
f 1088//2549 1118//2549 1135//2549
f 1149//2550 1088//2550 1135//2550
f 1152//2551 1088//2551 1149//2551
f 1134//2552 1258//2552 1069//2552
f 957//2553 1134//2553 1069//2553
f 956//2554 1133//2554 1134//2554
f 957//2555 956//2555 1134//2555
f 1133//2556 1176//2556 1175//2556
f 1131//2557 1133//2557 1175//2557
f 1134//2558 1133//2558 1131//2558
f 1132//2559 1134//2559 1131//2559
f 1259//2560 1134//2560 1132//2560
f 1134//2561 1259//2561 1258//2561
f 963//2562 1094//2562 1095//2562
f 1042//2563 963//2563 1095//2563
f 1155//2564 1042//2564 1095//2564
f 1043//2565 964//2565 963//2565
f 1042//2566 1043//2566 963//2566
f 545//2567 544//2567 432//2567
f 433//2568 545//2568 432//2568
f 546//2569 545//2569 433//2569
f 434//2570 546//2570 433//2570
f 547//2571 546//2571 434//2571
f 435//2572 547//2572 434//2572
f 867//2573 750//2573 756//2573
f 873//2574 867//2574 756//2574
f 598//2575 494//2575 500//2575
f 604//2576 598//2576 500//2576
f 679//2577 675//2577 571//2577
f 575//2578 679//2578 571//2578
f 681//2579 679//2579 575//2579
f 577//2580 681//2580 575//2580
f 688//2581 681//2581 577//2581
f 584//2582 688//2582 577//2582
f 1019//2583 893//2583 901//2583
f 1027//2584 1019//2584 901//2584
f 1018//2585 892//2585 896//2585
f 1022//2586 1018//2586 896//2586
f 2292//2587 2293//2587 2141//2587
f 2140//2588 2292//2588 2141//2588
f 2291//2589 2292//2589 2140//2589
f 2139//2590 2291//2590 2140//2590
f 2290//2591 2291//2591 2139//2591
f 2138//2592 2290//2592 2139//2592
f 1532//2593 1531//2593 1708//2593
f 1709//2594 1532//2594 1708//2594
f 1533//2595 1532//2595 1709//2595
f 1710//2596 1533//2596 1709//2596
f 1534//2597 1533//2597 1710//2597
f 1711//2598 1534//2598 1710//2598
f 1724//2599 1717//2599 1557//2599
f 1568//2600 1724//2600 1557//2600
f 1726//2601 1724//2601 1568//2601
f 1570//2602 1726//2602 1568//2602
f 1730//2603 1726//2603 1570//2603
f 1574//2604 1730//2604 1570//2604
f 1791//2605 1634//2605 1643//2605
f 1795//2606 1791//2606 1643//2606
f 2092//2607 1957//2607 1968//2607
f 2099//2608 2092//2608 1968//2608
f 2159//2609 2158//2609 2013//2609
f 2014//2610 2159//2610 2013//2610
f 2160//2611 2159//2611 2014//2611
f 2015//2612 2160//2612 2014//2612
f 2161//2613 2160//2613 2015//2613
f 2016//2614 2161//2614 2015//2614
f 815//2615 810//2615 697//2615
f 702//2616 815//2616 697//2616
f 816//2617 815//2617 702//2617
f 703//2618 816//2618 702//2618
f 819//2619 816//2619 703//2619
f 706//2620 819//2620 703//2620
f 462//2621 348//2621 353//2621
f 465//2622 462//2622 353//2622
f 970//2623 969//2623 831//2623
f 832//2624 970//2624 831//2624
f 971//2625 970//2625 832//2625
f 833//2626 971//2626 832//2626
f 972//2627 971//2627 833//2627
f 834//2628 972//2628 833//2628
f 368//2629 366//2629 478//2629
f 480//2630 368//2630 478//2630
f 370//2631 368//2631 480//2631
f 482//2632 370//2632 480//2632
f 372//2633 370//2633 482//2633
f 484//2634 372//2634 482//2634
f 481//2635 479//2635 367//2635
f 369//2636 481//2636 367//2636
f 483//2637 481//2637 369//2637
f 371//2638 483//2638 369//2638
f 485//2639 483//2639 371//2639
f 373//2640 485//2640 371//2640
f 1569//2641 1562//2641 1722//2641
f 1725//2642 1569//2642 1722//2642
f 1571//2643 1569//2643 1725//2643
f 1727//2644 1571//2644 1725//2644
f 1585//2645 1571//2645 1727//2645
f 1737//2646 1585//2646 1727//2646
f 1713//2647 1712//2647 1535//2647
f 1536//2648 1713//2648 1535//2648
f 1714//2649 1713//2649 1536//2649
f 1537//2650 1714//2650 1536//2650
f 1715//2651 1714//2651 1537//2651
f 1538//2652 1715//2652 1537//2652
f 2273//2653 2121//2653 2131//2653
f 2283//2654 2273//2654 2131//2654
f 2203//2655 2201//2655 2057//2655
f 2059//2656 2203//2656 2057//2656
f 2205//2657 2203//2657 2059//2657
f 2061//2658 2205//2658 2059//2658
f 2218//2659 2205//2659 2061//2659
f 2074//2660 2218//2660 2061//2660
f 1875//2661 1873//2661 1745//2661
f 1751//2662 1875//2662 1745//2662
f 1877//2663 1875//2663 1751//2663
f 1753//2664 1877//2664 1751//2664
f 1890//2665 1877//2665 1753//2665
f 1766//2666 1890//2666 1753//2666
f 2096//2667 1963//2667 1974//2667
f 2103//2668 2096//2668 1974//2668
f 1706//2669 1529//2669 1530//2669
f 1707//2670 1706//2670 1530//2670
f 2188//2671 2025//2671 2027//2671
f 2190//2672 2188//2672 2027//2672
f 1901//2673 2036//2673 2047//2673
f 1914//2674 1901//2674 2047//2674
f 1700//2675 1473//2675 1474//2675
f 1701//2676 1700//2676 1474//2676
f 2094//2677 1959//2677 1970//2677
f 2101//2678 2094//2678 1970//2678
f 1792//2679 1635//2679 1646//2679
f 1798//2680 1792//2680 1646//2680
f 2271//2681 2119//2681 2127//2681
f 2279//2682 2271//2682 2127//2682
f 2319//2683 2187//2683 2186//2683
f 2318//2684 2319//2684 2186//2684
f 1695//2685 1837//2685 1826//2685
f 1684//2686 1695//2686 1826//2686
f 1745//2687 1873//2687 1872//2687
f 1744//2688 1745//2688 1872//2688
f 1790//2689 1633//2689 1445//2689
f 1667//2690 1790//2690 1445//2690
f 1793//2691 1639//2691 1633//2691
f 1790//2692 1793//2692 1633//2692
f 1789//2693 1632//2693 1744//2693
f 1872//2694 1789//2694 1744//2694
f 1666//2695 1444//2695 1632//2695
f 1789//2696 1666//2696 1632//2696
f 1667//2697 1445//2697 1444//2697
f 1666//2698 1667//2698 1444//2698
f 2289//2699 2137//2699 2117//2699
f 2269//2700 2289//2700 2117//2700
f 2121//2701 2273//2701 2268//2701
f 2116//2702 2121//2702 2268//2702
f 2148//2703 2003//2703 2116//2703
f 2268//2704 2148//2704 2116//2704
f 2149//2705 2004//2705 2003//2705
f 2148//2706 2149//2706 2003//2706
f 2269//2707 2117//2707 2004//2707
f 2149//2708 2269//2708 2004//2708
f 1871//2709 1743//2709 1629//2709
f 1788//2710 1871//2710 1629//2710
f 1870//2711 1742//2711 1743//2711
f 1871//2712 1870//2712 1743//2712
f 1787//2713 1628//2713 1742//2713
f 1870//2714 1787//2714 1742//2714
f 1664//2715 1440//2715 1628//2715
f 1787//2716 1664//2716 1628//2716
f 1665//2717 1441//2717 1440//2717
f 1664//2718 1665//2718 1440//2718
f 1788//2719 1629//2719 1441//2719
f 1665//2720 1788//2720 1441//2720
f 1987//2721 1850//2721 1951//2721
f 2086//2722 1987//2722 1951//2722
f 1988//2723 1851//2723 1850//2723
f 1987//2724 1988//2724 1850//2724
f 2087//2725 1952//2725 1851//2725
f 1988//2726 2087//2726 1851//2726
f 2095//2727 1962//2727 1952//2727
f 2087//2728 2095//2728 1952//2728
f 1951//2729 1961//2729 1966//2729
f 2086//2730 1951//2730 1966//2730
f 2188//2731 2086//2731 1966//2731
f 2025//2732 2188//2732 1966//2732
f 1640//2733 1636//2733 1627//2733
f 1786//2734 1640//2734 1627//2734
f 1869//2735 1640//2735 1786//2735
f 1640//2736 1869//2736 1747//2736
f 1868//2737 1746//2737 1747//2737
f 1869//2738 1868//2738 1747//2738
f 1786//2739 1627//2739 1439//2739
f 1663//2740 1786//2740 1439//2740
f 1785//2741 1626//2741 1635//2741
f 1792//2742 1785//2742 1635//2742
f 1662//2743 1438//2743 1626//2743
f 1785//2744 1662//2744 1626//2744
f 1663//2745 1439//2745 1438//2745
f 1662//2746 1663//2746 1438//2746
f 2013//2747 2158//2747 2080//2747
f 1945//2748 2013//2748 2080//2748
f 1982//2749 1845//2749 1844//2749
f 1981//2750 1982//2750 1844//2750
f 2081//2751 1946//2751 1845//2751
f 1982//2752 2081//2752 1845//2752
f 2093//2753 1958//2753 1946//2753
f 2081//2754 2093//2754 1946//2754
f 1981//2755 1844//2755 1945//2755
f 2080//2756 1981//2756 1945//2756
f 860//2757 743//2757 655//2757
f 763//2758 860//2758 655//2758
f 982//2759 840//2759 743//2759
f 860//2760 982//2760 743//2760
f 981//2761 839//2761 840//2761
f 982//2762 981//2762 840//2762
f 859//2763 742//2763 839//2763
f 981//2764 859//2764 839//2764
f 762//2765 654//2765 742//2765
f 859//2766 762//2766 742//2766
f 763//2767 655//2767 654//2767
f 762//2768 763//2768 654//2768
f 506//2769 396//2769 486//2769
f 590//2770 506//2770 486//2770
f 507//2771 397//2771 396//2771
f 506//2772 507//2772 396//2772
f 591//2773 487//2773 397//2773
f 507//2774 591//2774 397//2774
f 671//2775 567//2775 487//2775
f 591//2776 671//2776 487//2776
f 670//2777 566//2777 567//2777
f 671//2778 670//2778 567//2778
f 590//2779 486//2779 566//2779
f 670//2780 590//2780 566//2780
f 593//2781 489//2781 399//2781
f 509//2782 593//2782 399//2782
f 673//2783 569//2783 489//2783
f 593//2784 673//2784 489//2784
f 672//2785 568//2785 569//2785
f 673//2786 672//2786 569//2786
f 592//2787 488//2787 494//2787
f 598//2788 592//2788 494//2788
f 508//2789 398//2789 488//2789
f 592//2790 508//2790 488//2790
f 509//2791 399//2791 398//2791
f 508//2792 509//2792 398//2792
f 571//2793 675//2793 674//2793
f 570//2794 571//2794 674//2794
f 599//2795 495//2795 491//2795
f 595//2796 599//2796 491//2796
f 594//2797 490//2797 570//2797
f 674//2798 594//2798 570//2798
f 510//2799 400//2799 490//2799
f 594//2800 510//2800 490//2800
f 511//2801 401//2801 400//2801
f 510//2802 511//2802 400//2802
f 595//2803 491//2803 401//2803
f 511//2804 595//2804 401//2804
f 727//2805 619//2805 531//2805
f 643//2806 727//2806 531//2806
f 814//2807 701//2807 619//2807
f 727//2808 814//2808 619//2808
f 813//2809 700//2809 701//2809
f 814//2810 813//2810 701//2810
f 726//2811 618//2811 700//2811
f 813//2812 726//2812 700//2812
f 642//2813 530//2813 618//2813
f 726//2814 642//2814 618//2814
f 643//2815 531//2815 530//2815
f 642//2816 643//2816 530//2816
f 866//2817 749//2817 661//2817
f 769//2818 866//2818 661//2818
f 798//2819 844//2819 842//2819
f 749//2820 798//2820 842//2820
f 866//2821 798//2821 749//2821
f 798//2822 866//2822 936//2822
f 842//2823 844//2823 843//2823
f 841//2824 842//2824 843//2824
f 797//2825 935//2825 865//2825
f 748//2826 797//2826 865//2826
f 841//2827 797//2827 748//2827
f 797//2828 841//2828 843//2828
f 768//2829 660//2829 748//2829
f 865//2830 768//2830 748//2830
f 769//2831 661//2831 660//2831
f 768//2832 769//2832 660//2832
f 831//2833 969//2833 863//2833
f 746//2834 831//2834 863//2834
f 766//2835 658//2835 746//2835
f 863//2836 766//2836 746//2836
f 767//2837 659//2837 658//2837
f 766//2838 767//2838 658//2838
f 864//2839 747//2839 659//2839
f 767//2840 864//2840 659//2840
f 868//2841 751//2841 747//2841
f 864//2842 868//2842 747//2842
f 750//2843 867//2843 861//2843
f 744//2844 750//2844 861//2844
f 764//2845 656//2845 744//2845
f 861//2846 764//2846 744//2846
f 765//2847 657//2847 656//2847
f 764//2848 765//2848 656//2848
f 862//2849 745//2849 657//2849
f 765//2850 862//2850 657//2850
f 977//2851 835//2851 745//2851
f 862//2852 977//2852 745//2852
f 459//2853 343//2853 189//2853
f 379//2854 459//2854 189//2854
f 549//2855 437//2855 343//2855
f 459//2856 549//2856 343//2856
f 548//2857 436//2857 437//2857
f 549//2858 548//2858 437//2858
f 540//2859 428//2859 436//2859
f 548//2860 540//2860 436//2860
f 458//2861 342//2861 348//2861
f 462//2862 458//2862 348//2862
f 378//2863 188//2863 342//2863
f 458//2864 378//2864 342//2864
f 379//2865 189//2865 188//2865
f 378//2866 379//2866 188//2866
f 1784//2867 1625//2867 1437//2867
f 1661//2868 1784//2868 1437//2868
f 1867//2869 1741//2869 1625//2869
f 1784//2870 1867//2870 1625//2870
f 1866//2871 1740//2871 1741//2871
f 1867//2872 1866//2872 1741//2872
f 1783//2873 1624//2873 1634//2873
f 1791//2874 1783//2874 1634//2874
f 1660//2875 1436//2875 1624//2875
f 1783//2876 1660//2876 1624//2876
f 1661//2877 1437//2877 1436//2877
f 1660//2878 1661//2878 1436//2878
f 2270//2879 2118//2879 2111//2879
f 2263//2880 2270//2880 2111//2880
f 2141//2881 2293//2881 2262//2881
f 2110//2882 2141//2882 2262//2882
f 2142//2883 1997//2883 2110//2883
f 2262//2884 2142//2884 2110//2884
f 2143//2885 1998//2885 1997//2885
f 2142//2886 2143//2886 1997//2886
f 2263//2887 2111//2887 1998//2887
f 2143//2888 2263//2888 1998//2888
f 1704//2889 1527//2889 1564//2889
f 1718//2890 1704//2890 1564//2890
f 1358//2891 1602//2891 1594//2891
f 1350//2892 1358//2892 1594//2892
f 1393//2893 1603//2893 1595//2893
f 1383//2894 1393//2894 1595//2894
f 1392//2895 1393//2895 1383//2895
f 1382//2896 1392//2896 1383//2896
f 1594//2897 1392//2897 1382//2897
f 1392//2898 1594//2898 1602//2898
f 1473//2899 1700//2899 1719//2899
f 1559//2900 1473//2900 1719//2900
f 1382//2901 1196//2901 1350//2901
f 1594//2902 1382//2902 1350//2902
f 1383//2903 1197//2903 1196//2903
f 1382//2904 1383//2904 1196//2904
f 1595//2905 1351//2905 1197//2905
f 1383//2906 1595//2906 1197//2906
f 1603//2907 1359//2907 1351//2907
f 1595//2908 1603//2908 1351//2908
f 1718//2909 1564//2909 1565//2909
f 1719//2910 1718//2910 1565//2910
f 1559//2911 1719//2911 1565//2911
f 1558//2912 1559//2912 1565//2912
f 2187//2913 2319//2913 2266//2913
f 2114//2914 2187//2914 2266//2914
f 2146//2915 2001//2915 2114//2915
f 2266//2916 2146//2916 2114//2916
f 2147//2917 2002//2917 2001//2917
f 2146//2918 2147//2918 2001//2918
f 2267//2919 2115//2919 2002//2919
f 2147//2920 2267//2920 2002//2920
f 2272//2921 2120//2921 2115//2921
f 2267//2922 2272//2922 2115//2922
f 1827//2923 1685//2923 1684//2923
f 1826//2924 1827//2924 1684//2924
f 1925//2925 1806//2925 1685//2925
f 1827//2926 1925//2926 1685//2926
f 2037//2927 1902//2927 1806//2927
f 1925//2928 2037//2928 1806//2928
f 2036//2929 1901//2929 1902//2929
f 2037//2930 2036//2930 1902//2930
f 2089//2931 1954//2931 1853//2931
f 1990//2932 2089//2932 1853//2932
f 2162//2933 2017//2933 1954//2933
f 2089//2934 2162//2934 1954//2934
f 1990//2935 1853//2935 1852//2935
f 1989//2936 1990//2936 1852//2936
f 2088//2937 1953//2937 1963//2937
f 2096//2938 2088//2938 1963//2938
f 1989//2939 1852//2939 1953//2939
f 2088//2940 1989//2940 1953//2940
f 2097//2941 1964//2941 1956//2941
f 2091//2942 2097//2942 1956//2942
f 2057//2943 2201//2943 2200//2943
f 2056//2944 2057//2944 2200//2944
f 1992//2945 1855//2945 1854//2945
f 1991//2946 1992//2946 1854//2946
f 2091//2947 1956//2947 1855//2947
f 1992//2948 2091//2948 1855//2948
f 2090//2949 1955//2949 2056//2949
f 2200//2950 2090//2950 2056//2950
f 1991//2951 1854//2951 1955//2951
f 2090//2952 1991//2952 1955//2952
f 1607//2953 1363//2953 1355//2953
f 1599//2954 1607//2954 1355//2954
f 1535//2955 1712//2955 1723//2955
f 1563//2956 1535//2956 1723//2956
f 1606//2957 1433//2957 1432//2957
f 1598//2958 1606//2958 1432//2958
f 1362//2959 1606//2959 1598//2959
f 1354//2960 1362//2960 1598//2960
f 1722//2961 1562//2961 1563//2961
f 1723//2962 1722//2962 1563//2962
f 2313//2963 2322//2963 2323//2963
f 2311//2964 2313//2964 2323//2964
f 2312//2965 2313//2965 2311//2965
f 2310//2966 2312//2966 2311//2966
f 2320//2967 2312//2967 2310//2967
f 2312//2968 2320//2968 2321//2968
f 2239//2969 2321//2969 2320//2969
f 2238//2970 2239//2970 2320//2970
f 2323//2971 2241//2971 2183//2971
f 2311//2972 2323//2972 2183//2972
f 2322//2973 2240//2973 2241//2973
f 2323//2974 2322//2974 2241//2974
f 2310//2975 2182//2975 2238//2975
f 2320//2976 2310//2976 2238//2976
f 2311//2977 2183//2977 2182//2977
f 2310//2978 2311//2978 2182//2978
f 2199//2979 2055//2979 1950//2979
f 2085//2980 2199//2980 1950//2980
f 2198//2981 2054//2981 2055//2981
f 2199//2982 2198//2982 2055//2982
f 2084//2983 1949//2983 2054//2983
f 2198//2984 2084//2984 2054//2984
f 1985//2985 1848//2985 1949//2985
f 2084//2986 1985//2986 1949//2986
f 1986//2987 1849//2987 1848//2987
f 1985//2988 1986//2988 1848//2988
f 2085//2989 1950//2989 1849//2989
f 1986//2990 2085//2990 1849//2990
f 1659//2991 1782//2991 1781//2991
f 1657//2992 1659//2992 1781//2992
f 1658//2993 1659//2993 1657//2993
f 1656//2994 1658//2994 1657//2994
f 1774//2995 1658//2995 1656//2995
f 1780//2996 1774//2996 1656//2996
f 1864//2997 1774//2997 1780//2997
f 1774//2998 1864//2998 1865//2998
f 1749//2999 1865//2999 1864//2999
f 1748//3000 1749//3000 1864//3000
f 1641//3001 1748//3001 1864//3001
f 1780//3002 1641//3002 1864//3002
f 1630//3003 1641//3003 1780//3003
f 1641//3004 1630//3004 1637//3004
f 1781//3005 1631//3005 1443//3005
f 1657//3006 1781//3006 1443//3006
f 1782//3007 1638//3007 1631//3007
f 1781//3008 1782//3008 1631//3008
f 1656//3009 1442//3009 1630//3009
f 1780//3010 1656//3010 1630//3010
f 1657//3011 1443//3011 1442//3011
f 1656//3012 1657//3012 1442//3012
f 1965//3013 1960//3013 1948//3013
f 2083//3014 1965//3014 1948//3014
f 2189//3015 1965//3015 2083//3015
f 1965//3016 2189//3016 2026//3016
f 1984//3017 1847//3017 1846//3017
f 1983//3018 1984//3018 1846//3018
f 2083//3019 1948//3019 1847//3019
f 1984//3020 2083//3020 1847//3020
f 2082//3021 1947//3021 1959//3021
f 2094//3022 2082//3022 1959//3022
f 1983//3023 1846//3023 1947//3023
f 2082//3024 1983//3024 1947//3024
f 2035//3025 1900//3025 1805//3025
f 1924//3026 2035//3026 1805//3026
f 2034//3027 1899//3027 1900//3027
f 2035//3028 2034//3028 1900//3028
f 2029//3029 1894//3029 1899//3029
f 2034//3030 2029//3030 1899//3030
f 2031//3031 2033//3031 1898//3031
f 1896//3032 2031//3032 1898//3032
f 2030//3033 2031//3033 1896//3033
f 1895//3034 2030//3034 1896//3034
f 2029//3035 2030//3035 1895//3035
f 1894//3036 2029//3036 1895//3036
f 2032//3037 1897//3037 1898//3037
f 2033//3038 2032//3038 1898//3038
f 1923//3039 1804//3039 1897//3039
f 2032//3040 1923//3040 1897//3040
f 1824//3041 1682//3041 1804//3041
f 1923//3042 1824//3042 1804//3042
f 1825//3043 1683//3043 1682//3043
f 1824//3044 1825//3044 1682//3044
f 1924//3045 1805//3045 1683//3045
f 1825//3046 1924//3046 1683//3046
f 1034//3047 926//3047 889//3047
f 1015//3048 1034//3048 889//3048
f 892//3049 1018//3049 1014//3049
f 888//3050 892//3050 1014//3050
f 908//3051 778//3051 888//3051
f 1014//3052 908//3052 888//3052
f 909//3053 779//3053 778//3053
f 908//3054 909//3054 778//3054
f 1015//3055 889//3055 779//3055
f 909//3056 1015//3056 779//3056
f 697//3057 810//3057 809//3057
f 696//3058 697//3058 809//3058
f 722//3059 612//3059 696//3059
f 809//3060 722//3060 696//3060
f 638//3061 524//3061 612//3061
f 722//3062 638//3062 612//3062
f 639//3063 525//3063 524//3063
f 638//3064 639//3064 524//3064
f 723//3065 613//3065 525//3065
f 639//3066 723//3066 525//3066
f 728//3067 620//3067 613//3067
f 723//3068 728//3068 613//3068
f 457//3069 350//3069 345//3069
f 455//3070 457//3070 345//3070
f 367//3071 479//3071 551//3071
f 439//3072 367//3072 551//3072
f 377//3073 457//3073 455//3073
f 375//3074 377//3074 455//3074
f 376//3075 377//3075 375//3075
f 374//3076 376//3076 375//3076
f 454//3077 376//3077 374//3077
f 376//3078 454//3078 456//3078
f 349//3079 456//3079 454//3079
f 344//3080 349//3080 454//3080
f 375//3081 191//3081 190//3081
f 374//3082 375//3082 190//3082
f 455//3083 345//3083 191//3083
f 375//3084 455//3084 191//3084
f 550//3085 438//3085 439//3085
f 551//3086 550//3086 439//3086
f 478//3087 366//3087 438//3087
f 550//3088 478//3088 438//3088
f 374//3089 190//3089 344//3089
f 454//3090 374//3090 344//3090
f 512//3091 402//3091 492//3091
f 596//3092 512//3092 492//3092
f 513//3093 403//3093 402//3093
f 512//3094 513//3094 402//3094
f 597//3095 493//3095 403//3095
f 513//3096 597//3096 403//3096
f 677//3097 573//3097 493//3097
f 597//3098 677//3098 493//3098
f 676//3099 572//3099 573//3099
f 677//3100 676//3100 573//3100
f 596//3101 492//3101 572//3101
f 676//3102 596//3102 572//3102
f 432//3103 544//3103 553//3103
f 441//3104 432//3104 553//3104
f 552//3105 440//3105 441//3105
f 553//3106 552//3106 441//3106
f 460//3107 346//3107 440//3107
f 552//3108 460//3108 440//3108
f 380//3109 192//3109 346//3109
f 460//3110 380//3110 346//3110
f 381//3111 193//3111 192//3111
f 380//3112 381//3112 192//3112
f 461//3113 347//3113 193//3113
f 381//3114 461//3114 193//3114
f 463//3115 351//3115 347//3115
f 461//3116 463//3116 347//3116
f 913//3117 783//3117 782//3117
f 912//3118 913//3118 782//3118
f 800//3119 887//3119 882//3119
f 783//3120 800//3120 882//3120
f 913//3121 800//3121 783//3121
f 800//3122 913//3122 938//3122
f 725//3123 615//3123 527//3123
f 641//3124 725//3124 527//3124
f 812//3125 699//3125 615//3125
f 725//3126 812//3126 615//3126
f 811//3127 698//3127 699//3127
f 812//3128 811//3128 699//3128
f 724//3129 614//3129 698//3129
f 811//3130 724//3130 698//3130
f 640//3131 526//3131 614//3131
f 724//3132 640//3132 614//3132
f 641//3133 527//3133 526//3133
f 640//3134 641//3134 526//3134
f 893//3135 1019//3135 1016//3135
f 890//3136 893//3136 1016//3136
f 910//3137 780//3137 890//3137
f 1016//3138 910//3138 890//3138
f 911//3139 781//3139 780//3139
f 910//3140 911//3140 780//3140
f 1017//3141 891//3141 781//3141
f 911//3142 1017//3142 781//3142
f 1020//3143 894//3143 891//3143
f 1017//3144 1020//3144 891//3144
f 721//3145 611//3145 523//3145
f 637//3146 721//3146 523//3146
f 808//3147 695//3147 611//3147
f 721//3148 808//3148 611//3148
f 807//3149 694//3149 695//3149
f 808//3150 807//3150 695//3150
f 720//3151 610//3151 694//3151
f 807//3152 720//3152 694//3152
f 636//3153 522//3153 610//3153
f 720//3154 636//3154 610//3154
f 637//3155 523//3155 522//3155
f 636//3156 637//3156 522//3156
f 1557//3157 1717//3157 1716//3157
f 1556//3158 1557//3158 1716//3158
f 1391//3159 1601//3159 1593//3159
f 1381//3160 1391//3160 1593//3160
f 1390//3161 1391//3161 1381//3161
f 1380//3162 1390//3162 1381//3162
f 1592//3163 1390//3163 1380//3163
f 1390//3164 1592//3164 1600//3164
f 1356//3165 1600//3165 1592//3165
f 1348//3166 1356//3166 1592//3166
f 1708//3167 1531//3167 1556//3167
f 1716//3168 1708//3168 1556//3168
f 1380//3169 1194//3169 1348//3169
f 1592//3170 1380//3170 1348//3170
f 1381//3171 1195//3171 1194//3171
f 1380//3172 1381//3172 1194//3172
f 1593//3173 1349//3173 1195//3173
f 1381//3174 1593//3174 1195//3174
f 1601//3175 1357//3175 1349//3175
f 1593//3176 1601//3176 1349//3176
f 2196//3177 2052//3177 2053//3177
f 2197//3178 2196//3178 2053//3178
f 1957//3179 2092//3179 2078//3179
f 1943//3180 1957//3180 2078//3180
f 1980//3181 1843//3181 1842//3181
f 1979//3182 1980//3182 1842//3182
f 2079//3183 1944//3183 1843//3183
f 1980//3184 2079//3184 1843//3184
f 2197//3185 2053//3185 1944//3185
f 2079//3186 2197//3186 1944//3186
f 1979//3187 1842//3187 1943//3187
f 2078//3188 1979//3188 1943//3188
f 1566//3189 1567//3189 1721//3189
f 1720//3190 1566//3190 1721//3190
f 1560//3191 1566//3191 1720//3191
f 1566//3192 1560//3192 1561//3192
f 1605//3193 1361//3193 1353//3193
f 1597//3194 1605//3194 1353//3194
f 1529//3195 1706//3195 1721//3195
f 1567//3196 1529//3196 1721//3196
f 1395//3197 1605//3197 1597//3197
f 1385//3198 1395//3198 1597//3198
f 1394//3199 1395//3199 1385//3199
f 1384//3200 1394//3200 1385//3200
f 1596//3201 1394//3201 1384//3201
f 1394//3202 1596//3202 1604//3202
f 1360//3203 1604//3203 1596//3203
f 1352//3204 1360//3204 1596//3204
f 1703//3205 1476//3205 1560//3205
f 1720//3206 1703//3206 1560//3206
f 1384//3207 1198//3207 1352//3207
f 1596//3208 1384//3208 1352//3208
f 1385//3209 1199//3209 1198//3209
f 1384//3210 1385//3210 1198//3210
f 1597//3211 1353//3211 1199//3211
f 1385//3212 1597//3212 1199//3212
f 1812//3213 1811//3213 1808//3213
f 1927//3214 1812//3214 1808//3214
f 2039//3215 1812//3215 1927//3215
f 1812//3216 2039//3216 1908//3216
f 1907//3217 1908//3217 2039//3217
f 2038//3218 1907//3218 2039//3218
f 1903//3219 1907//3219 2038//3219
f 1907//3220 1903//3220 1904//3220
f 1926//3221 1807//3221 1903//3221
f 2038//3222 1926//3222 1903//3222
f 1828//3223 1686//3223 1807//3223
f 1926//3224 1828//3224 1807//3224
f 1829//3225 1687//3225 1686//3225
f 1828//3226 1829//3226 1686//3226
f 1927//3227 1808//3227 1687//3227
f 1829//3228 1927//3228 1687//3228
f 2119//3229 2271//3229 2264//3229
f 2112//3230 2119//3230 2264//3230
f 2144//3231 1999//3231 2112//3231
f 2264//3232 2144//3232 2112//3232
f 2145//3233 2000//3233 1999//3233
f 2144//3234 2145//3234 1999//3234
f 2265//3235 2113//3235 2000//3235
f 2145//3236 2265//3236 2000//3236
f 2314//3237 2184//3237 2113//3237
f 2265//3238 2314//3238 2113//3238
f 1831//3239 1689//3239 1688//3239
f 1830//3240 1831//3240 1688//3240
f 1929//3241 1810//3241 1689//3241
f 1831//3242 1929//3242 1689//3242
f 2041//3243 1906//3243 1810//3243
f 1929//3244 2041//3244 1810//3244
f 2040//3245 1905//3245 1906//3245
f 2041//3246 2040//3246 1906//3246
f 1928//3247 1809//3247 1905//3247
f 2040//3248 1928//3248 1905//3248
f 1830//3249 1688//3249 1809//3249
f 1928//3250 1830//3250 1809//3250
f 635//3251 719//3251 717//3251
f 633//3252 635//3252 717//3252
f 634//3253 635//3253 633//3253
f 632//3254 634//3254 633//3254
f 716//3255 634//3255 632//3255
f 634//3256 716//3256 718//3256
f 621//3257 718//3257 716//3257
f 616//3258 621//3258 716//3258
f 632//3259 528//3259 616//3259
f 716//3260 632//3260 616//3260
f 633//3261 529//3261 528//3261
f 632//3262 633//3262 528//3262
f 717//3263 617//3263 529//3263
f 633//3264 717//3264 529//3264
f 719//3265 622//3265 617//3265
f 717//3266 719//3266 617//3266
f 1639//3267 1793//3267 1802//3267
f 1652//3268 1639//3268 1802//3268
f 2136//3269 2137//3269 2289//3269
f 2288//3270 2136//3270 2289//3270
f 2135//3271 2136//3271 2288//3271
f 2287//3272 2135//3272 2288//3272
f 2134//3273 2135//3273 2287//3273
f 2286//3274 2134//3274 2287//3274
f 1962//3275 2095//3275 2102//3275
f 1973//3276 1962//3276 2102//3276
f 1654//3277 1640//3277 1747//3277
f 1771//3278 1654//3278 1747//3278
f 1746//3279 1771//3279 1747//3279
f 1770//3280 1771//3280 1746//3280
f 1746//3281 1868//3281 1885//3281
f 1770//3282 1746//3282 1885//3282
f 1636//3283 1640//3283 1654//3283
f 1647//3284 1636//3284 1654//3284
f 1958//3285 2093//3285 2100//3285
f 1969//3286 1958//3286 2100//3286
f 574//3287 568//3287 672//3287
f 678//3288 574//3288 672//3288
f 576//3289 574//3289 678//3289
f 680//3290 576//3290 678//3290
f 583//3291 576//3291 680//3291
f 687//3292 583//3292 680//3292
f 495//3293 599//3293 605//3293
f 501//3294 495//3294 605//3294
f 429//3295 428//3295 540//3295
f 541//3296 429//3296 540//3296
f 430//3297 429//3297 541//3297
f 542//3298 430//3298 541//3298
f 431//3299 430//3299 542//3299
f 543//3300 431//3300 542//3300
f 1750//3301 1740//3301 1866//3301
f 1874//3302 1750//3302 1866//3302
f 1752//3303 1750//3303 1874//3303
f 1876//3304 1752//3304 1874//3304
f 1757//3305 1752//3305 1876//3305
f 1881//3306 1757//3306 1876//3306
f 2118//3307 2270//3307 2276//3307
f 2124//3308 2118//3308 2276//3308
f 1405//3309 1393//3309 1392//3309
f 1404//3310 1405//3310 1392//3310
f 1404//3311 1392//3311 1602//3311
f 1614//3312 1404//3312 1602//3312
f 1370//3313 1614//3313 1602//3313
f 1358//3314 1370//3314 1602//3314
f 1527//3315 1704//3315 1705//3315
f 1528//3316 1527//3316 1705//3316
f 2120//3317 2272//3317 2280//3317
f 2128//3318 2120//3318 2280//3318
f 2018//3319 2017//3319 2162//3319
f 2163//3320 2018//3320 2162//3320
f 2019//3321 2018//3321 2163//3321
f 2164//3322 2019//3322 2163//3322
f 2020//3323 2019//3323 2164//3323
f 2165//3324 2020//3324 2164//3324
f 1964//3325 2097//3325 2104//3325
f 1975//3326 1964//3326 2104//3326
f 1434//3327 1433//3327 1606//3327
f 1620//3328 1434//3328 1606//3328
f 1376//3329 1620//3329 1606//3329
f 1362//3330 1376//3330 1606//3330
f 2252//3331 2240//3331 2322//3331
f 2349//3332 2252//3332 2322//3332
f 2317//3333 2349//3333 2322//3333
f 2313//3334 2317//3334 2322//3334
f 2317//3335 2313//3335 2312//3335
f 2316//3336 2317//3336 2312//3336
f 2316//3337 2312//3337 2321//3337
f 2348//3338 2316//3338 2321//3338
f 2251//3339 2348//3339 2321//3339
f 2239//3340 2251//3340 2321//3340
f 1673//3341 1659//3341 1658//3341
f 1672//3342 1673//3342 1658//3342
f 1775//3343 1774//3343 1865//3343
f 1886//3344 1775//3344 1865//3344
f 1773//3345 1886//3345 1865//3345
f 1749//3346 1773//3346 1865//3346
f 1772//3347 1773//3347 1749//3347
f 1748//3348 1772//3348 1749//3348
f 1655//3349 1772//3349 1748//3349
f 1641//3350 1655//3350 1748//3350
f 1641//3351 1637//3351 1648//3351
f 1655//3352 1641//3352 1648//3352
f 1672//3353 1658//3353 1774//3353
f 1775//3354 1672//3354 1774//3354
f 1960//3355 1965//3355 1977//3355
f 1971//3356 1960//3356 1977//3356
f 1965//3357 2026//3357 2028//3357
f 1977//3358 1965//3358 2028//3358
f 2026//3359 2189//3359 2191//3359
f 2028//3360 2026//3360 2191//3360
f 927//3361 926//3361 1034//3361
f 1035//3362 927//3362 1034//3362
f 928//3363 927//3363 1035//3363
f 1036//3364 928//3364 1035//3364
f 929//3365 928//3365 1036//3365
f 1037//3366 929//3366 1036//3366
f 359//3367 350//3367 457//3367
f 471//3368 359//3368 457//3368
f 389//3369 471//3369 457//3369
f 377//3370 389//3370 457//3370
f 389//3371 377//3371 376//3371
f 388//3372 389//3372 376//3372
f 388//3373 376//3373 456//3373
f 470//3374 388//3374 456//3374
f 358//3375 470//3375 456//3375
f 349//3376 358//3376 456//3376
f 351//3377 463//3377 476//3377
f 364//3378 351//3378 476//3378
f 1367//3379 1357//3379 1601//3379
f 1611//3380 1367//3380 1601//3380
f 1401//3381 1611//3381 1601//3381
f 1391//3382 1401//3382 1601//3382
f 1401//3383 1391//3383 1390//3383
f 1400//3384 1401//3384 1390//3384
f 1400//3385 1390//3385 1600//3385
f 1610//3386 1400//3386 1600//3386
f 1366//3387 1610//3387 1600//3387
f 1356//3388 1366//3388 1600//3388
f 2058//3389 2052//3389 2196//3389
f 2202//3390 2058//3390 2196//3390
f 2060//3391 2058//3391 2202//3391
f 2204//3392 2060//3392 2202//3392
f 2065//3393 2060//3393 2204//3393
f 2209//3394 2065//3394 2204//3394
f 1530//3395 1529//3395 1567//3395
f 1591//3396 1530//3396 1567//3396
f 1566//3397 1591//3397 1567//3397
f 1590//3398 1591//3398 1566//3398
f 1566//3399 1561//3399 1580//3399
f 1590//3400 1566//3400 1580//3400
f 1373//3401 1361//3401 1605//3401
f 1617//3402 1373//3402 1605//3402
f 1407//3403 1617//3403 1605//3403
f 1395//3404 1407//3404 1605//3404
f 1407//3405 1395//3405 1394//3405
f 1406//3406 1407//3406 1394//3406
f 1406//3407 1394//3407 1604//3407
f 1616//3408 1406//3408 1604//3408
f 1372//3409 1616//3409 1604//3409
f 1360//3410 1372//3410 1604//3410
f 1811//3411 1812//3411 1823//3411
f 1818//3412 1811//3412 1823//3412
f 1823//3413 1812//3413 1908//3413
f 1922//3414 1823//3414 1908//3414
f 1907//3415 1922//3415 1908//3415
f 1921//3416 1922//3416 1907//3416
f 1907//3417 1904//3417 1915//3417
f 1921//3418 1907//3418 1915//3418
f 630//3419 622//3419 719//3419
f 736//3420 630//3420 719//3420
f 651//3421 736//3421 719//3421
f 635//3422 651//3422 719//3422
f 651//3423 635//3423 634//3423
f 650//3424 651//3424 634//3424
f 650//3425 634//3425 718//3425
f 735//3426 650//3426 718//3426
f 629//3427 735//3427 718//3427
f 621//3428 629//3428 718//3428
f 1817//3429 1934//3429 1836//3429
f 1694//3430 1817//3430 1836//3430
f 1934//3431 1817//3431 1913//3431
f 2046//3432 1934//3432 1913//3432
f 1966//3433 1961//3433 1972//3433
f 1978//3434 1966//3434 1972//3434
f 58//3435 57//3435 740//3435
f 741//3436 58//3436 740//3436
f 738//3437 739//3437 741//3437
f 740//3438 738//3438 741//3438
f 57//3439 66//3439 67//3439
f 71//3440 57//3440 67//3440
f 740//3441 57//3441 71//3441
f 738//3442 740//3442 71//3442
f 58//3443 741//3443 175//3443
f 41//3444 58//3444 175//3444
f 49//3445 58//3445 41//3445
f 741//3446 739//3446 933//3446
f 1041//3447 741//3447 933//3447
f 1100//3448 741//3448 1041//3448
f 1041//3449 933//3449 976//3449
f 741//3450 1100//3450 1160//3450
f 1244//3451 741//3451 1160//3451
f 1316//3452 741//3452 1244//3452
f 1423//3453 1316//3453 1244//3453
f 1326//3454 1316//3454 1423//3454
f 1542//3455 1326//3455 1423//3455
f 1681//3456 1326//3456 1542//3456
f 1681//3457 1779//3457 1415//3457
f 1343//3458 1681//3458 1415//3458
f 1326//3459 1681//3459 1343//3459
f 1779//3460 1863//3460 1468//3460
f 1457//3461 1779//3461 1468//3461
f 1427//3462 1779//3462 1457//3462
f 1863//3463 1942//3463 1499//3463
f 1491//3464 1863//3464 1499//3464
f 1480//3465 1863//3465 1491//3465
f 1942//3466 2024//3466 1495//3466
f 1503//3467 1942//3467 1495//3467
f 1509//3468 1942//3468 1503//3468
f 1484//3469 1495//3469 2024//3469
f 2109//3470 1484//3470 2024//3470
f 2195//3471 1484//3471 2109//3471
f 1472//3472 1484//3472 2195//3472
f 2261//3473 1472//3473 2195//3473
f 297//3474 1472//3474 2261//3474
f 107//3475 297//3475 2261//3475
f 65//3476 297//3476 107//3476
f 271//3477 297//3477 65//3477
f 56//3478 271//3478 65//3478
f 48//3479 271//3479 56//3479
f 263//3480 271//3480 48//3480
f 38//3481 263//3481 48//3481
f 255//3482 263//3482 38//3482
f 213//3483 255//3483 38//3483
f 187//3484 213//3484 38//3484
f 28//3485 187//3485 38//3485
f 179//3486 187//3486 28//3486
f 155//3487 179//3487 28//3487
f 147//3488 155//3488 28//3488
f 20//3489 147//3489 28//3489
f 139//3490 147//3490 20//3490
f 131//3491 139//3491 20//3491
f 135//3492 131//3492 20//3492
f 12//3493 135//3493 20//3493
f 143//3494 135//3494 12//3494
f 151//3495 143//3495 12//3495
f 5//3496 151//3496 12//3496
f 13//3497 151//3497 5//3497
f 175//3498 151//3498 13//3498
f 21//3499 175//3499 13//3499
f 31//3500 175//3500 21//3500
f 175//3501 31//3501 41//3501
f 1942//3502 1509//3502 1499//3502
f 1863//3503 1480//3503 1468//3503
f 1779//3504 1427//3504 1415//3504
f 741//3505 1316//3505 1294//3505
f 183//3506 741//3506 1294//3506
f 175//3507 741//3507 183//3507
f 209//3508 183//3508 1294//3508
f 1269//3509 209//3509 1294//3509
f 251//3510 209//3510 1269//3510
f 1298//3511 251//3511 1269//3511
f 259//3512 251//3512 1298//3512
f 1320//3513 259//3513 1298//3513
f 267//3514 259//3514 1320//3514
f 1330//3515 267//3515 1320//3515
f 293//3516 267//3516 1330//3516
f 1347//3517 293//3517 1330//3517
f 301//3518 293//3518 1347//3518
f 1419//3519 301//3519 1347//3519
f 309//3520 301//3520 1419//3520
f 1431//3521 309//3521 1419//3521
f 305//3522 309//3522 1431//3522
f 1461//3523 305//3523 1431//3523
f 297//3524 305//3524 1461//3524
f 1472//3525 297//3525 1461//3525
f 308//3526 300//3526 301//3526
f 309//3527 308//3527 301//3527
f 304//3528 308//3528 309//3528
f 305//3529 304//3529 309//3529
f 296//3530 304//3530 305//3530
f 297//3531 296//3531 305//3531
f 270//3532 296//3532 297//3532
f 271//3533 270//3533 297//3533
f 262//3534 270//3534 271//3534
f 263//3535 262//3535 271//3535
f 254//3536 262//3536 263//3536
f 255//3537 254//3537 263//3537
f 212//3538 254//3538 255//3538
f 213//3539 212//3539 255//3539
f 186//3540 212//3540 213//3540
f 187//3541 186//3541 213//3541
f 178//3542 186//3542 187//3542
f 179//3543 178//3543 187//3543
f 154//3544 178//3544 179//3544
f 155//3545 154//3545 179//3545
f 146//3546 154//3546 155//3546
f 147//3547 146//3547 155//3547
f 138//3548 146//3548 147//3548
f 139//3549 138//3549 147//3549
f 130//3550 138//3550 139//3550
f 131//3551 130//3551 139//3551
f 134//3552 130//3552 131//3552
f 135//3553 134//3553 131//3553
f 142//3554 134//3554 135//3554
f 143//3555 142//3555 135//3555
f 150//3556 142//3556 143//3556
f 151//3557 150//3557 143//3557
f 174//3558 150//3558 151//3558
f 175//3559 174//3559 151//3559
f 182//3560 174//3560 175//3560
f 183//3561 182//3561 175//3561
f 208//3562 182//3562 183//3562
f 209//3563 208//3563 183//3563
f 250//3564 208//3564 209//3564
f 251//3565 250//3565 209//3565
f 258//3566 250//3566 251//3566
f 259//3567 258//3567 251//3567
f 266//3568 258//3568 259//3568
f 267//3569 266//3569 259//3569
f 292//3570 266//3570 267//3570
f 293//3571 292//3571 267//3571
f 300//3572 292//3572 293//3572
f 301//3573 300//3573 293//3573
f 306//3574 298//3574 299//3574
f 307//3575 306//3575 299//3575
f 302//3576 306//3576 307//3576
f 303//3577 302//3577 307//3577
f 294//3578 302//3578 303//3578
f 295//3579 294//3579 303//3579
f 268//3580 294//3580 295//3580
f 269//3581 268//3581 295//3581
f 260//3582 268//3582 269//3582
f 261//3583 260//3583 269//3583
f 252//3584 260//3584 261//3584
f 253//3585 252//3585 261//3585
f 210//3586 252//3586 253//3586
f 211//3587 210//3587 253//3587
f 184//3588 210//3588 211//3588
f 185//3589 184//3589 211//3589
f 176//3590 184//3590 185//3590
f 177//3591 176//3591 185//3591
f 152//3592 176//3592 177//3592
f 153//3593 152//3593 177//3593
f 144//3594 152//3594 153//3594
f 145//3595 144//3595 153//3595
f 136//3596 144//3596 145//3596
f 137//3597 136//3597 145//3597
f 128//3598 136//3598 137//3598
f 129//3599 128//3599 137//3599
f 132//3600 128//3600 129//3600
f 133//3601 132//3601 129//3601
f 140//3602 132//3602 133//3602
f 141//3603 140//3603 133//3603
f 148//3604 140//3604 141//3604
f 149//3605 148//3605 141//3605
f 172//3606 148//3606 149//3606
f 173//3607 172//3607 149//3607
f 180//3608 172//3608 173//3608
f 181//3609 180//3609 173//3609
f 206//3610 180//3610 181//3610
f 207//3611 206//3611 181//3611
f 248//3612 206//3612 207//3612
f 249//3613 248//3613 207//3613
f 256//3614 248//3614 249//3614
f 257//3615 256//3615 249//3615
f 264//3616 256//3616 257//3616
f 265//3617 264//3617 257//3617
f 290//3618 264//3618 265//3618
f 291//3619 290//3619 265//3619
f 298//3620 290//3620 291//3620
f 299//3621 298//3621 291//3621
f 1508//3622 1498//3622 1499//3622
f 1509//3623 1508//3623 1499//3623
f 1502//3624 1508//3624 1509//3624
f 1503//3625 1502//3625 1509//3625
f 1494//3626 1502//3626 1503//3626
f 1495//3627 1494//3627 1503//3627
f 1483//3628 1494//3628 1495//3628
f 1484//3629 1483//3629 1495//3629
f 1471//3630 1483//3630 1484//3630
f 1472//3631 1471//3631 1484//3631
f 1460//3632 1471//3632 1472//3632
f 1461//3633 1460//3633 1472//3633
f 1430//3634 1460//3634 1461//3634
f 1431//3635 1430//3635 1461//3635
f 1418//3636 1430//3636 1431//3636
f 1419//3637 1418//3637 1431//3637
f 1346//3638 1418//3638 1419//3638
f 1347//3639 1346//3639 1419//3639
f 1329//3640 1346//3640 1347//3640
f 1330//3641 1329//3641 1347//3641
f 1319//3642 1329//3642 1330//3642
f 1320//3643 1319//3643 1330//3643
f 1297//3644 1319//3644 1320//3644
f 1298//3645 1297//3645 1320//3645
f 1268//3646 1297//3646 1298//3646
f 1269//3647 1268//3647 1298//3647
f 1293//3648 1268//3648 1269//3648
f 1294//3649 1293//3649 1269//3649
f 1315//3650 1293//3650 1294//3650
f 1316//3651 1315//3651 1294//3651
f 1325//3652 1315//3652 1316//3652
f 1326//3653 1325//3653 1316//3653
f 1342//3654 1325//3654 1326//3654
f 1343//3655 1342//3655 1326//3655
f 1414//3656 1342//3656 1343//3656
f 1415//3657 1414//3657 1343//3657
f 1426//3658 1414//3658 1415//3658
f 1427//3659 1426//3659 1415//3659
f 1456//3660 1426//3660 1427//3660
f 1457//3661 1456//3661 1427//3661
f 1467//3662 1456//3662 1457//3662
f 1468//3663 1467//3663 1457//3663
f 1479//3664 1467//3664 1468//3664
f 1480//3665 1479//3665 1468//3665
f 1490//3666 1479//3666 1480//3666
f 1491//3667 1490//3667 1480//3667
f 1498//3668 1490//3668 1491//3668
f 1499//3669 1498//3669 1491//3669
f 1506//3670 1496//3670 1497//3670
f 1507//3671 1506//3671 1497//3671
f 1500//3672 1506//3672 1507//3672
f 1501//3673 1500//3673 1507//3673
f 1492//3674 1500//3674 1501//3674
f 1493//3675 1492//3675 1501//3675
f 1481//3676 1492//3676 1493//3676
f 1482//3677 1481//3677 1493//3677
f 1469//3678 1481//3678 1482//3678
f 1470//3679 1469//3679 1482//3679
f 1458//3680 1469//3680 1470//3680
f 1459//3681 1458//3681 1470//3681
f 1428//3682 1458//3682 1459//3682
f 1429//3683 1428//3683 1459//3683
f 1416//3684 1428//3684 1429//3684
f 1417//3685 1416//3685 1429//3685
f 1344//3686 1416//3686 1417//3686
f 1345//3687 1344//3687 1417//3687
f 1327//3688 1344//3688 1345//3688
f 1328//3689 1327//3689 1345//3689
f 1317//3690 1327//3690 1328//3690
f 1318//3691 1317//3691 1328//3691
f 1295//3692 1317//3692 1318//3692
f 1296//3693 1295//3693 1318//3693
f 1266//3694 1295//3694 1296//3694
f 1267//3695 1266//3695 1296//3695
f 1291//3696 1266//3696 1267//3696
f 1292//3697 1291//3697 1267//3697
f 1313//3698 1291//3698 1292//3698
f 1314//3699 1313//3699 1292//3699
f 1323//3700 1313//3700 1314//3700
f 1324//3701 1323//3701 1314//3701
f 1340//3702 1323//3702 1324//3702
f 1341//3703 1340//3703 1324//3703
f 1412//3704 1340//3704 1341//3704
f 1413//3705 1412//3705 1341//3705
f 1424//3706 1412//3706 1413//3706
f 1425//3707 1424//3707 1413//3707
f 1454//3708 1424//3708 1425//3708
f 1455//3709 1454//3709 1425//3709
f 1465//3710 1454//3710 1455//3710
f 1466//3711 1465//3711 1455//3711
f 1477//3712 1465//3712 1466//3712
f 1478//3713 1477//3713 1466//3713
f 1488//3714 1477//3714 1478//3714
f 1489//3715 1488//3715 1478//3715
f 1496//3716 1488//3716 1489//3716
f 1497//3717 1496//3717 1489//3717
f 2192//3718 2242//3718 2243//3718
f 2193//3719 2192//3719 2243//3719
f 2106//3720 2192//3720 2193//3720
f 2107//3721 2106//3721 2193//3721
f 2021//3722 2106//3722 2107//3722
f 2022//3723 2021//3723 2107//3723
f 1939//3724 2021//3724 2022//3724
f 1940//3725 1939//3725 2022//3725
f 1860//3726 1939//3726 1940//3726
f 1861//3727 1860//3727 1940//3727
f 1776//3728 1860//3728 1861//3728
f 1777//3729 1776//3729 1861//3729
f 1678//3730 1776//3730 1777//3730
f 1679//3731 1678//3731 1777//3731
f 1539//3732 1678//3732 1679//3732
f 1540//3733 1539//3733 1679//3733
f 1420//3734 1539//3734 1540//3734
f 1421//3735 1420//3735 1540//3735
f 1241//3736 1420//3736 1421//3736
f 1242//3737 1241//3737 1421//3737
f 1157//3738 1241//3738 1242//3738
f 1158//3739 1157//3739 1242//3739
f 1097//3740 1157//3740 1158//3740
f 1098//3741 1097//3741 1158//3741
f 1038//3742 1097//3742 1098//3742
f 1039//3743 1038//3743 1098//3743
f 973//3744 1038//3744 1039//3744
f 974//3745 973//3745 1039//3745
f 930//3746 973//3746 974//3746
f 931//3747 930//3747 974//3747
f 306//3748 302//3748 1458//3748
f 1428//3749 306//3749 1458//3749
f 298//3750 306//3750 1428//3750
f 1416//3751 298//3751 1428//3751
f 290//3752 298//3752 1416//3752
f 1344//3753 290//3753 1416//3753
f 264//3754 290//3754 1344//3754
f 1327//3755 264//3755 1344//3755
f 256//3756 264//3756 1327//3756
f 1317//3757 256//3757 1327//3757
f 248//3758 256//3758 1317//3758
f 1295//3759 248//3759 1317//3759
f 206//3760 248//3760 1295//3760
f 1266//3761 206//3761 1295//3761
f 180//3762 206//3762 1266//3762
f 1291//3763 180//3763 1266//3763
f 68//3764 180//3764 1291//3764
f 930//3765 68//3765 1291//3765
f 1313//3766 930//3766 1291//3766
f 1157//3767 930//3767 1313//3767
f 1241//3768 1157//3768 1313//3768
f 1420//3769 1241//3769 1313//3769
f 1323//3770 1420//3770 1313//3770
f 1539//3771 1420//3771 1323//3771
f 1678//3772 1539//3772 1323//3772
f 1340//3773 1678//3773 1323//3773
f 1412//3774 1678//3774 1340//3774
f 1469//3775 1458//3775 302//3775
f 294//3776 1469//3776 302//3776
f 2242//3777 1469//3777 294//3777
f 72//3778 2242//3778 294//3778
f 62//3779 72//3779 294//3779
f 268//3780 62//3780 294//3780
f 53//3781 62//3781 268//3781
f 45//3782 53//3782 268//3782
f 260//3783 45//3783 268//3783
f 35//3784 45//3784 260//3784
f 252//3785 35//3785 260//3785
f 210//3786 35//3786 252//3786
f 35//3787 210//3787 184//3787
f 25//3788 35//3788 184//3788
f 176//3789 25//3789 184//3789
f 152//3790 25//3790 176//3790
f 25//3791 152//3791 144//3791
f 17//3792 25//3792 144//3792
f 136//3793 17//3793 144//3793
f 128//3794 17//3794 136//3794
f 17//3795 128//3795 132//3795
f 9//3796 17//3796 132//3796
f 140//3797 9//3797 132//3797
f 148//3798 9//3798 140//3798
f 148//3799 172//3799 14//3799
f 6//3800 148//3800 14//3800
f 9//3801 148//3801 6//3801
f 172//3802 180//3802 68//3802
f 32//3803 172//3803 68//3803
f 22//3804 172//3804 32//3804
f 1939//3805 1496//3805 1506//3805
f 1500//3806 1939//3806 1506//3806
f 1492//3807 1939//3807 1500//3807
f 2021//3808 1939//3808 1492//3808
f 1481//3809 2021//3809 1492//3809
f 2106//3810 2021//3810 1481//3810
f 2192//3811 2106//3811 1481//3811
f 1469//3812 2192//3812 1481//3812
f 2242//3813 2192//3813 1469//3813
f 1776//3814 1678//3814 1412//3814
f 1424//3815 1776//3815 1412//3815
f 1454//3816 1776//3816 1424//3816
f 1776//3817 1454//3817 1465//3817
f 1860//3818 1776//3818 1465//3818
f 1477//3819 1860//3819 1465//3819
f 1488//3820 1860//3820 1477//3820
f 1860//3821 1488//3821 1496//3821
f 1939//3822 1860//3822 1496//3822
f 930//3823 1157//3823 1097//3823
f 1038//3824 930//3824 1097//3824
f 973//3825 930//3825 1038//3825
f 68//3826 59//3826 50//3826
f 42//3827 68//3827 50//3827
f 32//3828 68//3828 42//3828
f 172//3829 22//3829 14//3829
f 68//3830 930//3830 931//3830
f 69//3831 68//3831 931//3831
f 2194//3832 2260//3832 2261//3832
f 2195//3833 2194//3833 2261//3833
f 2108//3834 2194//3834 2195//3834
f 2109//3835 2108//3835 2195//3835
f 2023//3836 2108//3836 2109//3836
f 2024//3837 2023//3837 2109//3837
f 1941//3838 2023//3838 2024//3838
f 1942//3839 1941//3839 2024//3839
f 1862//3840 1941//3840 1942//3840
f 1863//3841 1862//3841 1942//3841
f 1778//3842 1862//3842 1863//3842
f 1779//3843 1778//3843 1863//3843
f 1680//3844 1778//3844 1779//3844
f 1681//3845 1680//3845 1779//3845
f 1541//3846 1680//3846 1681//3846
f 1542//3847 1541//3847 1681//3847
f 1422//3848 1541//3848 1542//3848
f 1423//3849 1422//3849 1542//3849
f 1243//3850 1422//3850 1423//3850
f 1244//3851 1243//3851 1423//3851
f 1159//3852 1243//3852 1244//3852
f 1160//3853 1159//3853 1244//3853
f 1099//3854 1159//3854 1160//3854
f 1100//3855 1099//3855 1160//3855
f 1040//3856 1099//3856 1100//3856
f 1041//3857 1040//3857 1100//3857
f 975//3858 1040//3858 1041//3858
f 976//3859 975//3859 1041//3859
f 932//3860 975//3860 976//3860
f 933//3861 932//3861 976//3861
f 738//3862 71//3862 70//3862
f 932//3863 738//3863 70//3863
f 933//3864 738//3864 932//3864
f 738//3865 933//3865 739//3865
f 63//3866 73//3866 72//3866
f 62//3867 63//3867 72//3867
f 54//3868 63//3868 62//3868
f 53//3869 54//3869 62//3869
f 46//3870 54//3870 53//3870
f 45//3871 46//3871 53//3871
f 36//3872 46//3872 45//3872
f 35//3873 36//3873 45//3873
f 26//3874 36//3874 35//3874
f 25//3875 26//3875 35//3875
f 18//3876 26//3876 25//3876
f 17//3877 18//3877 25//3877
f 10//3878 18//3878 17//3878
f 9//3879 10//3879 17//3879
f 7//3880 10//3880 9//3880
f 6//3881 7//3881 9//3881
f 15//3882 7//3882 6//3882
f 14//3883 15//3883 6//3883
f 23//3884 15//3884 14//3884
f 22//3885 23//3885 14//3885
f 33//3886 23//3886 22//3886
f 32//3887 33//3887 22//3887
f 43//3888 33//3888 32//3888
f 42//3889 43//3889 32//3889
f 51//3890 43//3890 42//3890
f 50//3891 51//3891 42//3891
f 60//3892 51//3892 50//3892
f 59//3893 60//3893 50//3893
f 69//3894 60//3894 59//3894
f 68//3895 69//3895 59//3895
f 57//3896 58//3896 52//3896
f 61//3897 57//3897 52//3897
f 66//3898 57//3898 61//3898
f 67//3899 66//3899 61//3899
f 70//3900 67//3900 61//3900
f 71//3901 67//3901 70//3901
f 52//3902 58//3902 49//3902
f 44//3903 52//3903 49//3903
f 41//3904 44//3904 49//3904
f 34//3905 44//3905 41//3905
f 31//3906 34//3906 41//3906
f 24//3907 34//3907 31//3907
f 21//3908 24//3908 31//3908
f 16//3909 24//3909 21//3909
f 13//3910 16//3910 21//3910
f 8//3911 16//3911 13//3911
f 5//3912 8//3912 13//3912
f 11//3913 8//3913 5//3913
f 12//3914 11//3914 5//3914
f 19//3915 11//3915 12//3915
f 20//3916 19//3916 12//3916
f 27//3917 19//3917 20//3917
f 28//3918 27//3918 20//3918
f 37//3919 27//3919 28//3919
f 38//3920 37//3920 28//3920
f 47//3921 37//3921 38//3921
f 48//3922 47//3922 38//3922
f 55//3923 47//3923 48//3923
f 56//3924 55//3924 48//3924
f 64//3925 55//3925 56//3925
f 65//3926 64//3926 56//3926
f 106//3927 64//3927 65//3927
f 107//3928 106//3928 65//3928
f 873//3929 756//3929 849//3929
f 987//3930 873//3930 849//3930
f 987//3931 849//3931 850//3931
f 988//3932 987//3932 850//3932
f 988//3933 850//3933 838//3933
f 980//3934 988//3934 838//3934
f 836//3935 835//3935 977//3935
f 978//3936 836//3936 977//3936
f 837//3937 836//3937 978//3937
f 979//3938 837//3938 978//3938
f 838//3939 837//3939 979//3939
f 980//3940 838//3940 979//3940
f 647//3941 535//3941 534//3941
f 646//3942 647//3942 534//3942
f 646//3943 534//3943 625//3943
f 731//3944 646//3944 625//3944
f 731//3945 625//3945 708//3945
f 821//3946 731//3946 708//3946
f 821//3947 708//3947 709//3947
f 822//3948 821//3948 709//3948
f 822//3949 709//3949 626//3949
f 732//3950 822//3950 626//3950
f 732//3951 626//3951 535//3951
f 647//3952 732//3952 535//3952
f 516//3953 406//3953 498//3953
f 602//3954 516//3954 498//3954
f 602//3955 498//3955 580//3955
f 684//3956 602//3956 580//3956
f 684//3957 580//3957 581//3957
f 685//3958 684//3958 581//3958
f 685//3959 581//3959 499//3959
f 603//3960 685//3960 499//3960
f 603//3961 499//3961 407//3961
f 517//3962 603//3962 407//3962
f 517//3963 407//3963 406//3963
f 516//3964 517//3964 406//3964
f 604//3965 500//3965 582//3965
f 686//3966 604//3966 582//3966
f 686//3967 582//3967 583//3967
f 687//3968 686//3968 583//3968
f 331//3969 161//3969 84//3969
f 225//3970 331//3970 84//3970
f 225//3971 84//3971 83//3971
f 224//3972 225//3972 83//3972
f 224//3973 83//3973 160//3973
f 330//3974 224//3974 160//3974
f 330//3975 160//3975 314//3975
f 416//3976 330//3976 314//3976
f 416//3977 314//3977 315//3977
f 417//3978 416//3978 315//3978
f 417//3979 315//3979 161//3979
f 331//3980 417//3980 161//3980
f 276//3981 114//3981 115//3981
f 277//3982 276//3982 115//3982
f 277//3983 115//3983 82//3983
f 223//3984 277//3984 82//3984
f 223//3985 82//3985 81//3985
f 222//3986 223//3986 81//3986
f 222//3987 81//3987 114//3987
f 276//3988 222//3988 114//3988
f 1515//3989 1275//3989 1165//3989
f 1303//3990 1515//3990 1165//3990
f 1303//3991 1165//3991 1076//3991
f 1182//3992 1303//3992 1076//3992
f 1182//3993 1076//3993 1075//3993
f 1181//3994 1182//3994 1075//3994
f 1181//3995 1075//3995 1164//3995
f 1302//3996 1181//3996 1164//3996
f 1302//3997 1164//3997 1274//3997
f 1514//3998 1302//3998 1274//3998
f 1514//3999 1274//3999 1275//3999
f 1515//4000 1514//4000 1275//4000
f 1398//4001 1202//4001 1364//4001
f 1608//4002 1398//4002 1364//4002
f 1608//4003 1364//4003 1572//4003
f 1728//4004 1608//4004 1572//4004
f 1728//4005 1572//4005 1573//4005
f 1729//4006 1728//4006 1573//4006
f 1729//4007 1573//4007 1365//4007
f 1609//4008 1729//4008 1365//4008
f 1609//4009 1365//4009 1203//4009
f 1399//4010 1609//4010 1203//4010
f 1399//4011 1203//4011 1202//4011
f 1398//4012 1399//4012 1202//4012
f 2290//4013 2138//4013 2224//4013
f 2326//4014 2290//4014 2224//4014
f 2326//4015 2224//4015 2225//4015
f 2327//4016 2326//4016 2225//4016
f 2327//4017 2225//4017 2124//4017
f 2276//4018 2327//4018 2124//4018
f 1402//4019 1204//4019 1368//4019
f 1612//4020 1402//4020 1368//4020
f 1612//4021 1368//4021 1576//4021
f 1732//4022 1612//4022 1576//4022
f 1732//4023 1576//4023 1577//4023
f 1733//4024 1732//4024 1577//4024
f 1733//4025 1577//4025 1369//4025
f 1613//4026 1733//4026 1369//4026
f 1613//4027 1369//4027 1205//4027
f 1403//4028 1613//4028 1205//4028
f 1403//4029 1205//4029 1204//4029
f 1402//4030 1403//4030 1204//4030
f 1834//4031 1692//4031 1815//4031
f 1932//4032 1834//4032 1815//4032
f 1932//4033 1815//4033 1911//4033
f 2044//4034 1932//4034 1911//4034
f 2044//4035 1911//4035 1912//4035
f 2045//4036 2044//4036 1912//4036
f 2045//4037 1912//4037 1816//4037
f 1933//4038 2045//4038 1816//4038
f 1933//4039 1816//4039 1693//4039
f 1835//4040 1933//4040 1693//4040
f 1835//4041 1693//4041 1692//4041
f 1834//4042 1835//4042 1692//4042
f 1832//4043 1690//4043 1813//4043
f 1930//4044 1832//4044 1813//4044
f 1930//4045 1813//4045 1909//4045
f 2042//4046 1930//4046 1909//4046
f 2042//4047 1909//4047 1910//4047
f 2043//4048 2042//4048 1910//4048
f 2043//4049 1910//4049 1814//4049
f 1931//4050 2043//4050 1814//4050
f 1931//4051 1814//4051 1691//4051
f 1833//4052 1931//4052 1691//4052
f 1833//4053 1691//4053 1690//4053
f 1832//4054 1833//4054 1690//4054
f 1620//4055 1376//4055 1584//4055
f 1736//4056 1620//4056 1584//4056
f 1736//4057 1584//4057 1585//4057
f 1737//4058 1736//4058 1585//4058
f 1715//4059 1538//4059 1377//4059
f 1621//4060 1715//4060 1377//4060
f 1221//4061 1232//4061 1235//4061
f 1289//4062 1221//4062 1235//4062
f 1285//4063 1221//4063 1289//4063
f 1235//4064 1232//4064 1238//4064
f 1285//4065 1289//4065 1288//4065
f 1284//4066 1285//4066 1288//4066
f 878//4067 761//4067 669//4067
f 777//4068 878//4068 669//4068
f 668//4069 776//4069 777//4069
f 669//4070 668//4070 777//4070
f 776//4071 668//4071 760//4071
f 877//4072 776//4072 760//4072
f 801//4073 939//4073 877//4073
f 760//4074 801//4074 877//4074
f 855//4075 801//4075 760//4075
f 801//4076 855//4076 857//4076
f 858//4077 857//4077 855//4077
f 856//4078 858//4078 855//4078
f 994//4079 858//4079 856//4079
f 858//4080 994//4080 993//4080
f 994//4081 856//4081 761//4081
f 878//4082 994//4082 761//4082
f 2304//4083 2176//4083 2255//4083
f 2352//4084 2304//4084 2255//4084
f 2352//4085 2255//4085 2256//4085
f 2353//4086 2352//4086 2256//4086
f 2353//4087 2256//4087 2177//4087
f 2305//4088 2353//4088 2177//4088
f 2305//4089 2177//4089 2176//4089
f 2304//4090 2305//4090 2176//4090
f 1838//4091 1696//4091 1819//4091
f 1935//4092 1838//4092 1819//4092
f 1935//4093 1819//4093 1917//4093
f 2048//4094 1935//4094 1917//4094
f 2048//4095 1917//4095 1918//4095
f 2049//4096 2048//4096 1918//4096
f 2049//4097 1918//4097 1820//4097
f 1936//4098 2049//4098 1820//4098
f 1936//4099 1820//4099 1697//4099
f 1839//4100 1936//4100 1697//4100
f 1839//4101 1697//4101 1696//4101
f 1838//4102 1839//4102 1696//4102
f 2348//4103 2251//4103 2252//4103
f 2349//4104 2348//4104 2252//4104
f 2046//4105 1913//4105 1914//4105
f 2047//4106 2046//4106 1914//4106
f 337//4107 167//4107 96//4107
f 237//4108 337//4108 96//4108
f 237//4109 96//4109 95//4109
f 236//4110 237//4110 95//4110
f 236//4111 95//4111 166//4111
f 336//4112 236//4112 166//4112
f 336//4113 166//4113 320//4113
f 422//4114 336//4114 320//4114
f 422//4115 320//4115 321//4115
f 423//4116 422//4116 321//4116
f 423//4117 321//4117 167//4117
f 337//4118 423//4118 167//4118
f 390//4119 200//4119 360//4119
f 472//4120 390//4120 360//4120
f 472//4121 360//4121 448//4121
f 560//4122 472//4122 448//4122
f 560//4123 448//4123 449//4123
f 561//4124 560//4124 449//4124
f 561//4125 449//4125 361//4125
f 473//4126 561//4126 361//4126
f 473//4127 361//4127 201//4127
f 391//4128 473//4128 201//4128
f 391//4129 201//4129 200//4129
f 390//4130 391//4130 200//4130
f 688//4131 584//4131 585//4131
f 689//4132 688//4132 585//4132
f 689//4133 585//4133 501//4133
f 605//4134 689//4134 501//4134
f 2103//4135 1974//4135 2072//4135
f 2216//4136 2103//4136 2072//4136
f 2216//4137 2072//4137 2073//4137
f 2217//4138 2216//4138 2073//4138
f 2217//4139 2073//4139 2020//4139
f 2165//4140 2217//4140 2020//4140
f 771//4141 663//4141 662//4141
f 770//4142 771//4142 662//4142
f 770//4143 662//4143 752//4143
f 869//4144 770//4144 752//4144
f 869//4145 752//4145 845//4145
f 983//4146 869//4146 845//4146
f 983//4147 845//4147 846//4147
f 984//4148 983//4148 846//4148
f 984//4149 846//4149 753//4149
f 870//4150 984//4150 753//4150
f 870//4151 753//4151 663//4151
f 771//4152 870//4152 663//4152
f 1059//4153 944//4153 1046//4153
f 1138//4154 1059//4154 1046//4154
f 1138//4155 1046//4155 1121//4155
f 1248//4156 1138//4156 1121//4156
f 1248//4157 1121//4157 1122//4157
f 1249//4158 1248//4158 1122//4158
f 1249//4159 1122//4159 1047//4159
f 1139//4160 1249//4160 1047//4160
f 1139//4161 1047//4161 945//4161
f 1060//4162 1139//4162 945//4162
f 1060//4163 945//4163 944//4163
f 1059//4164 1060//4164 944//4164
f 1891//4165 1767//4165 1652//4165
f 1802//4166 1891//4166 1652//4166
f 1890//4167 1766//4167 1767//4167
f 1891//4168 1890//4168 1767//4168
f 1523//4169 1283//4169 1173//4169
f 1311//4170 1523//4170 1173//4170
f 1152//4171 1264//4171 1311//4171
f 1173//4172 1152//4172 1311//4172
f 1084//4173 1152//4173 1173//4173
f 1152//4174 1084//4174 1088//4174
f 1087//4175 1088//4175 1084//4175
f 1083//4176 1087//4176 1084//4176
f 1189//4177 1087//4177 1083//4177
f 1087//4178 1189//4178 1190//4178
f 1189//4179 1083//4179 1172//4179
f 1310//4180 1189//4180 1172//4180
f 1310//4181 1172//4181 1282//4181
f 1522//4182 1310//4182 1282//4182
f 1522//4183 1282//4183 1283//4183
f 1523//4184 1522//4184 1283//4184
f 1803//4185 1653//4185 1768//4185
f 1892//4186 1803//4186 1768//4186
f 1892//4187 1768//4187 1769//4187
f 1893//4188 1892//4188 1769//4188
f 1677//4189 1453//4189 1452//4189
f 1676//4190 1677//4190 1452//4190
f 1676//4191 1452//4191 1653//4191
f 1803//4192 1676//4192 1653//4192
f 246//4193 105//4193 126//4193
f 288//4194 246//4194 126//4194
f 288//4195 126//4195 127//4195
f 289//4196 288//4196 127//4196
f 247//4197 106//4197 105//4197
f 246//4198 247//4198 105//4198
f 2220//4199 2076//4199 2077//4199
f 2221//4200 2220//4200 2077//4200
f 1996//4201 1859//4201 1858//4201
f 1995//4202 1996//4202 1858//4202
f 1995//4203 1858//4203 1976//4203
f 2105//4204 1995//4204 1976//4204
f 2105//4205 1976//4205 2076//4205
f 2220//4206 2105//4206 2076//4206
f 1840//4207 1698//4207 1821//4207
f 1937//4208 1840//4208 1821//4208
f 1937//4209 1821//4209 1919//4209
f 2050//4210 1937//4210 1919//4210
f 2050//4211 1919//4211 1920//4211
f 2051//4212 2050//4212 1920//4212
f 2051//4213 1920//4213 1822//4213
f 1938//4214 2051//4214 1822//4214
f 1938//4215 1822//4215 1699//4215
f 1841//4216 1938//4216 1699//4216
f 1841//4217 1699//4217 1698//4217
f 1840//4218 1841//4218 1698//4218
f 608//4219 504//4219 588//4219
f 692//4220 608//4220 588//4220
f 589//4221 693//4221 692//4221
f 588//4222 589//4222 692//4222
f 693//4223 589//4223 505//4223
f 609//4224 693//4224 505//4224
f 609//4225 505//4225 411//4225
f 521//4226 609//4226 411//4226
f 521//4227 411//4227 410//4227
f 520//4228 521//4228 410//4228
f 520//4229 410//4229 504//4229
f 608//4230 520//4230 504//4230
f 383//4231 195//4231 194//4231
f 382//4232 383//4232 194//4232
f 554//4233 442//4233 443//4233
f 555//4234 554//4234 443//4234
f 555//4235 443//4235 352//4235
f 464//4236 555//4236 352//4236
f 464//4237 352//4237 195//4237
f 383//4238 464//4238 195//4238
f 329//4239 159//4239 80//4239
f 221//4240 329//4240 80//4240
f 221//4241 80//4241 79//4241
f 220//4242 221//4242 79//4242
f 220//4243 79//4243 158//4243
f 328//4244 220//4244 158//4244
f 328//4245 158//4245 312//4245
f 414//4246 328//4246 312//4246
f 414//4247 312//4247 313//4247
f 415//4248 414//4248 313//4248
f 415//4249 313//4249 159//4249
f 329//4250 415//4250 159//4250
f 2283//4251 2131//4251 2234//4251
f 2336//4252 2283//4252 2234//4252
f 2336//4253 2234//4253 2235//4253
f 2337//4254 2336//4254 2235//4254
f 2337//4255 2235//4255 2134//4255
f 2286//4256 2337//4256 2134//4256
f 1065//4257 950//4257 1052//4257
f 1144//4258 1065//4258 1052//4258
f 1144//4259 1052//4259 1127//4259
f 1254//4260 1144//4260 1127//4260
f 1254//4261 1127//4261 1128//4261
f 1255//4262 1254//4262 1128//4262
f 1255//4263 1128//4263 1053//4263
f 1145//4264 1255//4264 1053//4264
f 1145//4265 1053//4265 951//4265
f 1066//4266 1145//4266 951//4266
f 1066//4267 951//4267 950//4267
f 1065//4268 1066//4268 950//4268
f 1521//4269 1281//4269 1171//4269
f 1309//4270 1521//4270 1171//4270
f 1309//4271 1171//4271 1082//4271
f 1188//4272 1309//4272 1082//4272
f 1188//4273 1082//4273 1081//4273
f 1187//4274 1188//4274 1081//4274
f 1187//4275 1081//4275 1170//4275
f 1308//4276 1187//4276 1170//4276
f 1308//4277 1170//4277 1280//4277
f 1520//4278 1308//4278 1280//4278
f 1520//4279 1280//4279 1281//4279
f 1521//4280 1520//4280 1281//4280
f 282//4281 120//4281 121//4281
f 283//4282 282//4282 121//4282
f 283//4283 121//4283 94//4283
f 235//4284 283//4284 94//4284
f 235//4285 94//4285 93//4285
f 234//4286 235//4286 93//4286
f 234//4287 93//4287 120//4287
f 282//4288 234//4288 120//4288
f 1701//4289 1474//4289 1371//4289
f 1615//4290 1701//4290 1371//4290
f 1603//4291 1393//4291 1405//4291
f 1615//4292 1603//4292 1405//4292
f 1371//4293 1603//4293 1615//4293
f 1603//4294 1371//4294 1359//4294
f 1528//4295 1705//4295 1614//4295
f 1370//4296 1528//4296 1614//4296
f 1578//4297 1528//4297 1370//4297
f 1528//4298 1578//4298 1588//4298
f 1579//4299 1589//4299 1588//4299
f 1578//4300 1579//4300 1588//4300
f 1558//4301 1565//4301 1589//4301
f 1579//4302 1558//4302 1589//4302
f 392//4303 202//4303 362//4303
f 474//4304 392//4304 362//4304
f 474//4305 362//4305 450//4305
f 562//4306 474//4306 450//4306
f 562//4307 450//4307 451//4307
f 563//4308 562//4308 451//4308
f 563//4309 451//4309 363//4309
f 475//4310 563//4310 363//4310
f 475//4311 363//4311 203//4311
f 393//4312 475//4312 203//4312
f 393//4313 203//4313 202//4313
f 392//4314 393//4314 202//4314
f 307//4315 299//4315 1417//4315
f 1429//4316 307//4316 1417//4316
f 1071//4317 307//4317 1429//4317
f 1459//4318 1071//4318 1429//4318
f 1270//4319 1071//4319 1459//4319
f 1470//4320 1270//4320 1459//4320
f 1446//4321 1270//4321 1470//4321
f 1754//4322 1446//4322 1470//4322
f 1668//4323 1446//4323 1754//4323
f 1878//4324 1668//4324 1754//4324
f 1345//4325 1417//4325 299//4325
f 291//4326 1345//4326 299//4326
f 1328//4327 1345//4327 291//4327
f 265//4328 1328//4328 291//4328
f 1318//4329 1328//4329 265//4329
f 257//4330 1318//4330 265//4330
f 1296//4331 1318//4331 257//4331
f 249//4332 1296//4332 257//4332
f 1267//4333 1296//4333 249//4333
f 207//4334 1267//4334 249//4334
f 1292//4335 1267//4335 207//4335
f 181//4336 1292//4336 207//4336
f 931//4337 1292//4337 181//4337
f 69//4338 931//4338 181//4338
f 173//4339 69//4339 181//4339
f 33//4340 69//4340 173//4340
f 23//4341 33//4341 173//4341
f 15//4342 23//4342 173//4342
f 149//4343 15//4343 173//4343
f 7//4344 15//4344 149//4344
f 141//4345 7//4345 149//4345
f 10//4346 7//4346 141//4346
f 133//4347 10//4347 141//4347
f 18//4348 10//4348 133//4348
f 129//4349 18//4349 133//4349
f 137//4350 18//4350 129//4350
f 18//4351 137//4351 145//4351
f 26//4352 18//4352 145//4352
f 153//4353 26//4353 145//4353
f 177//4354 26//4354 153//4354
f 26//4355 177//4355 185//4355
f 36//4356 26//4356 185//4356
f 211//4357 36//4357 185//4357
f 253//4358 36//4358 211//4358
f 36//4359 253//4359 261//4359
f 46//4360 36//4360 261//4360
f 269//4361 46//4361 261//4361
f 54//4362 46//4362 269//4362
f 442//4363 54//4363 269//4363
f 63//4364 54//4364 442//4364
f 194//4365 63//4365 442//4365
f 110//4366 63//4366 194//4366
f 269//4367 295//4367 704//4367
f 532//4368 269//4368 704//4368
f 442//4369 269//4369 532//4369
f 784//4370 704//4370 295//4370
f 303//4371 784//4371 295//4371
f 996//4372 784//4372 303//4372
f 307//4373 996//4373 303//4373
f 1071//4374 996//4374 307//4374
f 1940//4375 1501//4375 1507//4375
f 1497//4376 1940//4376 1507//4376
f 1861//4377 1940//4377 1497//4377
f 1489//4378 1861//4378 1497//4378
f 1478//4379 1861//4379 1489//4379
f 1861//4380 1478//4380 1466//4380
f 1777//4381 1861//4381 1466//4381
f 1455//4382 1777//4382 1466//4382
f 1425//4383 1777//4383 1455//4383
f 1777//4384 1425//4384 1413//4384
f 1679//4385 1777//4385 1413//4385
f 1341//4386 1679//4386 1413//4386
f 1540//4387 1679//4387 1341//4387
f 1324//4388 1540//4388 1341//4388
f 1421//4389 1540//4389 1324//4389
f 1314//4390 1421//4390 1324//4390
f 1242//4391 1421//4391 1314//4391
f 1158//4392 1242//4392 1314//4392
f 931//4393 1158//4393 1314//4393
f 1098//4394 1158//4394 931//4394
f 1039//4395 1098//4395 931//4395
f 974//4396 1039//4396 931//4396
f 931//4397 1314//4397 1292//4397
f 1754//4398 1470//4398 1482//4398
f 1856//4399 1754//4399 1482//4399
f 2107//4400 1856//4400 1482//4400
f 2193//4401 1856//4401 2107//4401
f 2022//4402 2107//4402 1482//4402
f 1493//4403 2022//4403 1482//4403
f 1940//4404 2022//4404 1493//4404
f 1501//4405 1940//4405 1493//4405
f 2193//4406 2243//4406 2166//4406
f 2062//4407 2193//4407 2166//4407
f 1856//4408 2193//4408 2062//4408
f 1993//4409 1856//4409 2062//4409
f 2206//4410 1993//4410 2062//4410
f 2243//4411 2340//4411 2294//4411
f 2166//4412 2243//4412 2294//4412
f 1270//4413 1510//4413 1177//4413
f 1071//4414 1270//4414 1177//4414
f 996//4415 1102//4415 914//4415
f 784//4416 996//4416 914//4416
f 704//4417 817//4417 644//4417
f 532//4418 704//4418 644//4418
f 442//4419 554//4419 382//4419
f 194//4420 442//4420 382//4420
f 110//4421 272//4421 214//4421
f 73//4422 110//4422 214//4422
f 63//4423 110//4423 73//4423
f 69//4424 33//4424 43//4424
f 51//4425 69//4425 43//4425
f 60//4426 69//4426 51//4426
f 1510//4427 1270//4427 1271//4427
f 1511//4428 1510//4428 1271//4428
f 1511//4429 1271//4429 1161//4429
f 1299//4430 1511//4430 1161//4430
f 1299//4431 1161//4431 1072//4431
f 1178//4432 1299//4432 1072//4432
f 1178//4433 1072//4433 1071//4433
f 1177//4434 1178//4434 1071//4434
f 915//4435 785//4435 784//4435
f 914//4436 915//4436 784//4436
f 1102//4437 996//4437 997//4437
f 1103//4438 1102//4438 997//4438
f 1103//4439 997//4439 895//4439
f 1021//4440 1103//4440 895//4440
f 1021//4441 895//4441 785//4441
f 915//4442 1021//4442 785//4442
f 1887//4443 1763//4443 1649//4443
f 1799//4444 1887//4444 1649//4444
f 1782//4445 1659//4445 1673//4445
f 1799//4446 1782//4446 1673//4446
f 1649//4447 1782//4447 1799//4447
f 1782//4448 1649//4448 1638//4448
f 2155//4449 2010//4449 2009//4449
f 2154//4450 2155//4450 2009//4450
f 2154//4451 2009//4451 2129//4451
f 2281//4452 2154//4452 2129//4452
f 2281//4453 2129//4453 2232//4453
f 2334//4454 2281//4454 2232//4454
f 2334//4455 2232//4455 2233//4455
f 2335//4456 2334//4456 2233//4456
f 2335//4457 2233//4457 2130//4457
f 2282//4458 2335//4458 2130//4458
f 2282//4459 2130//4459 2010//4459
f 2155//4460 2282//4460 2010//4460
f 925//4461 795//4461 794//4461
f 924//4462 925//4462 794//4462
f 924//4463 794//4463 906//4463
f 1032//4464 924//4464 906//4464
f 1032//4465 906//4465 1010//4465
f 1116//4466 1032//4466 1010//4466
f 1116//4467 1010//4467 1011//4467
f 1117//4468 1116//4468 1011//4468
f 1622//4469 1378//4469 1586//4469
f 1738//4470 1622//4470 1586//4470
f 1738//4471 1586//4471 1587//4471
f 1739//4472 1738//4472 1587//4472
f 1739//4473 1587//4473 1379//4473
f 1623//4474 1739//4474 1379//4474
f 1623//4475 1379//4475 1209//4475
f 1411//4476 1623//4476 1209//4476
f 2300//4477 2172//4477 2249//4477
f 2346//4478 2300//4478 2249//4478
f 2346//4479 2249//4479 2250//4479
f 2347//4480 2346//4480 2250//4480
f 2347//4481 2250//4481 2173//4481
f 2301//4482 2347//4482 2173//4482
f 2301//4483 2173//4483 2172//4483
f 2300//4484 2301//4484 2172//4484
f 2161//4485 2016//4485 2066//4485
f 2210//4486 2161//4486 2066//4486
f 2210//4487 2066//4487 2067//4487
f 2211//4488 2210//4488 2067//4488
f 2211//4489 2067//4489 1969//4489
f 2100//4490 2211//4490 1969//4490
f 2101//4491 1970//4491 2068//4491
f 2212//4492 2101//4492 2068//4492
f 2212//4493 2068//4493 2069//4493
f 2213//4494 2212//4494 2069//4494
f 2028//4495 2191//4495 2213//4495
f 2069//4496 2028//4496 2213//4496
f 1971//4497 2028//4497 2069//4497
f 2028//4498 1971//4498 1977//4498
f 2099//4499 1968//4499 2064//4499
f 2208//4500 2099//4500 2064//4500
f 2208//4501 2064//4501 2065//4501
f 2209//4502 2208//4502 2065//4502
f 1879//4503 1755//4503 1642//4503
f 1794//4504 1879//4504 1642//4504
f 1794//4505 1642//4505 1447//4505
f 1669//4506 1794//4506 1447//4506
f 1669//4507 1447//4507 1446//4507
f 1668//4508 1669//4508 1446//4508
f 1878//4509 1754//4509 1755//4509
f 1879//4510 1878//4510 1755//4510
f 916//4511 786//4511 897//4511
f 1023//4512 916//4512 897//4512
f 1023//4513 897//4513 1000//4513
f 1106//4514 1023//4514 1000//4514
f 1106//4515 1000//4515 1001//4515
f 1107//4516 1106//4516 1001//4516
f 1107//4517 1001//4517 898//4517
f 1024//4518 1107//4518 898//4518
f 1024//4519 898//4519 787//4519
f 917//4520 1024//4520 787//4520
f 917//4521 787//4521 786//4521
f 916//4522 917//4522 786//4522
f 1143//4523 1051//4523 949//4523
f 1064//4524 1143//4524 949//4524
f 1064//4525 949//4525 948//4525
f 1063//4526 1064//4526 948//4526
f 1063//4527 948//4527 1050//4527
f 1142//4528 1063//4528 1050//4528
f 1142//4529 1050//4529 1125//4529
f 1252//4530 1142//4530 1125//4530
f 1252//4531 1125//4531 1126//4531
f 1253//4532 1252//4532 1126//4532
f 1253//4533 1126//4533 1051//4533
f 1143//4534 1253//4534 1051//4534
f 470//4535 358//4535 372//4535
f 484//4536 470//4536 372//4536
f 485//4537 373//4537 359//4537
f 471//4538 485//4538 359//4538
f 2318//4539 2186//4539 2230//4539
f 2332//4540 2318//4540 2230//4540
f 2332//4541 2230//4541 2231//4541
f 2333//4542 2332//4542 2231//4542
f 2333//4543 2231//4543 2128//4543
f 2280//4544 2333//4544 2128//4544
f 1061//4545 946//4545 1048//4545
f 1140//4546 1061//4546 1048//4546
f 1140//4547 1048//4547 1123//4547
f 1250//4548 1140//4548 1123//4548
f 1250//4549 1123//4549 1124//4549
f 1251//4550 1250//4550 1124//4550
f 1251//4551 1124//4551 1049//4551
f 1141//4552 1251//4552 1049//4552
f 1141//4553 1049//4553 947//4553
f 1062//4554 1141//4554 947//4554
f 1062//4555 947//4555 946//4555
f 1061//4556 1062//4556 946//4556
f 1517//4557 1277//4557 1167//4557
f 1305//4558 1517//4558 1167//4558
f 1305//4559 1167//4559 1078//4559
f 1184//4560 1305//4560 1078//4560
f 1184//4561 1078//4561 1077//4561
f 1183//4562 1184//4562 1077//4562
f 1183//4563 1077//4563 1166//4563
f 1304//4564 1183//4564 1166//4564
f 1304//4565 1166//4565 1276//4565
f 1516//4566 1304//4566 1276//4566
f 1516//4567 1276//4567 1277//4567
f 1517//4568 1516//4568 1277//4568
f 1027//4569 901//4569 1004//4569
f 1110//4570 1027//4570 1004//4570
f 1110//4571 1004//4571 1005//4571
f 1111//4572 1110//4572 1005//4572
f 1111//4573 1005//4573 902//4573
f 1028//4574 1111//4574 902//4574
f 894//4575 1020//4575 1028//4575
f 902//4576 894//4576 1028//4576
f 819//4577 706//4577 707//4577
f 820//4578 819//4578 707//4578
f 820//4579 707//4579 624//4579
f 730//4580 820//4580 624//4580
f 620//4581 728//4581 730//4581
f 624//4582 620//4582 730//4582
f 384//4583 196//4583 354//4583
f 466//4584 384//4584 354//4584
f 466//4585 354//4585 444//4585
f 556//4586 466//4586 444//4586
f 556//4587 444//4587 445//4587
f 557//4588 556//4588 445//4588
f 557//4589 445//4589 355//4589
f 467//4590 557//4590 355//4590
f 467//4591 355//4591 197//4591
f 385//4592 467//4592 197//4592
f 385//4593 197//4593 196//4593
f 384//4594 385//4594 196//4594
f 278//4595 116//4595 117//4595
f 279//4596 278//4596 117//4596
f 279//4597 117//4597 86//4597
f 227//4598 279//4598 86//4598
f 227//4599 86//4599 85//4599
f 226//4600 227//4600 85//4600
f 226//4601 85//4601 116//4601
f 278//4602 226//4602 116//4602
f 281//4603 119//4603 90//4603
f 231//4604 281//4604 90//4604
f 231//4605 90//4605 89//4605
f 230//4606 231//4606 89//4606
f 230//4607 89//4607 118//4607
f 280//4608 230//4608 118//4608
f 280//4609 118//4609 119//4609
f 281//4610 280//4610 119//4610
f 2340//4611 2243//4611 2244//4611
f 2341//4612 2340//4612 2244//4612
f 2341//4613 2244//4613 2167//4613
f 2295//4614 2341//4614 2167//4614
f 2295//4615 2167//4615 2166//4615
f 2294//4616 2295//4616 2166//4616
f 2151//4617 2006//4617 2005//4617
f 2150//4618 2151//4618 2005//4618
f 2150//4619 2005//4619 2122//4619
f 2274//4620 2150//4620 2122//4620
f 2274//4621 2122//4621 2222//4621
f 2324//4622 2274//4622 2222//4622
f 2324//4623 2222//4623 2223//4623
f 2325//4624 2324//4624 2223//4624
f 2325//4625 2223//4625 2123//4625
f 2275//4626 2325//4626 2123//4626
f 2275//4627 2123//4627 2006//4627
f 2151//4628 2275//4628 2006//4628
f 1795//4629 1643//4629 1756//4629
f 1880//4630 1795//4630 1756//4630
f 1880//4631 1756//4631 1757//4631
f 1881//4632 1880//4632 1757//4632
f 2298//4633 2170//4633 2247//4633
f 2344//4634 2298//4634 2247//4634
f 2344//4635 2247//4635 2248//4635
f 2345//4636 2344//4636 2248//4636
f 2345//4637 2248//4637 2171//4637
f 2299//4638 2345//4638 2171//4638
f 2299//4639 2171//4639 2170//4639
f 2298//4640 2299//4640 2170//4640
f 1731//4641 1575//4641 1367//4641
f 1611//4642 1731//4642 1367//4642
f 1610//4643 1366//4643 1534//4643
f 1711//4644 1610//4644 1534//4644
f 1730//4645 1574//4645 1575//4645
f 1731//4646 1730//4646 1575//4646
f 465//4647 353//4647 431//4647
f 543//4648 465//4648 431//4648
f 2306//4649 2178//4649 2257//4649
f 2354//4650 2306//4650 2257//4650
f 2354//4651 2257//4651 2258//4651
f 2355//4652 2354//4652 2258//4652
f 2355//4653 2258//4653 2179//4653
f 2307//4654 2355//4654 2179//4654
f 2307//4655 2179//4655 2178//4655
f 2306//4656 2307//4656 2178//4656
f 1524//4657 1286//4657 1287//4657
f 1525//4658 1524//4658 1287//4658
f 308//4659 304//4659 1011//4659
f 1086//4660 308//4660 1011//4660
f 1430//4661 308//4661 1086//4661
f 1460//4662 1430//4662 1086//4662
f 1287//4663 1460//4663 1086//4663
f 1471//4664 1460//4664 1287//4664
f 1453//4665 1471//4665 1287//4665
f 1769//4666 1471//4666 1453//4666
f 1893//4667 1769//4667 1453//4667
f 1677//4668 1893//4668 1453//4668
f 795//4669 1011//4669 304//4669
f 296//4670 795//4670 304//4670
f 715//4671 795//4671 296//4671
f 270//4672 715//4672 296//4672
f 539//4673 715//4673 270//4673
f 453//4674 539//4674 270//4674
f 55//4675 453//4675 270//4675
f 64//4676 453//4676 55//4676
f 47//4677 55//4677 270//4677
f 262//4678 47//4678 270//4678
f 37//4679 47//4679 262//4679
f 254//4680 37//4680 262//4680
f 212//4681 37//4681 254//4681
f 37//4682 212//4682 186//4682
f 27//4683 37//4683 186//4683
f 178//4684 27//4684 186//4684
f 154//4685 27//4685 178//4685
f 27//4686 154//4686 146//4686
f 19//4687 27//4687 146//4687
f 138//4688 19//4688 146//4688
f 130//4689 19//4689 138//4689
f 19//4690 130//4690 134//4690
f 11//4691 19//4691 134//4691
f 142//4692 11//4692 134//4692
f 8//4693 11//4693 142//4693
f 150//4694 8//4694 142//4694
f 16//4695 8//4695 150//4695
f 174//4696 16//4696 150//4696
f 24//4697 16//4697 174//4697
f 34//4698 24//4698 174//4698
f 70//4699 34//4699 174//4699
f 44//4700 34//4700 70//4700
f 52//4701 44//4701 70//4701
f 61//4702 52//4702 70//4702
f 70//4703 174//4703 182//4703
f 1293//4704 70//4704 182//4704
f 932//4705 70//4705 1293//4705
f 1315//4706 932//4706 1293//4706
f 1159//4707 932//4707 1315//4707
f 1243//4708 1159//4708 1315//4708
f 1422//4709 1243//4709 1315//4709
f 1325//4710 1422//4710 1315//4710
f 1541//4711 1422//4711 1325//4711
f 1342//4712 1541//4712 1325//4712
f 1680//4713 1541//4713 1342//4713
f 1414//4714 1680//4714 1342//4714
f 1778//4715 1680//4715 1414//4715
f 1426//4716 1778//4716 1414//4716
f 1456//4717 1778//4717 1426//4717
f 1268//4718 1293//4718 182//4718
f 208//4719 1268//4719 182//4719
f 1297//4720 1268//4720 208//4720
f 250//4721 1297//4721 208//4721
f 1319//4722 1297//4722 250//4722
f 258//4723 1319//4723 250//4723
f 1329//4724 1319//4724 258//4724
f 266//4725 1329//4725 258//4725
f 1346//4726 1329//4726 266//4726
f 292//4727 1346//4727 266//4727
f 1418//4728 1346//4728 292//4728
f 300//4729 1418//4729 292//4729
f 1430//4730 1418//4730 300//4730
f 308//4731 1430//4731 300//4731
f 1941//4732 1498//4732 1508//4732
f 1502//4733 1941//4733 1508//4733
f 1494//4734 1941//4734 1502//4734
f 2023//4735 1941//4735 1494//4735
f 1483//4736 2023//4736 1494//4736
f 2108//4737 2023//4737 1483//4737
f 1859//4738 2108//4738 1483//4738
f 2194//4739 2108//4739 1859//4739
f 2077//4740 2194//4740 1859//4740
f 2181//4741 2194//4741 2077//4741
f 1769//4742 1859//4742 1483//4742
f 1471//4743 1769//4743 1483//4743
f 1778//4744 1456//4744 1467//4744
f 1862//4745 1778//4745 1467//4745
f 1479//4746 1862//4746 1467//4746
f 1490//4747 1862//4747 1479//4747
f 1862//4748 1490//4748 1498//4748
f 1941//4749 1862//4749 1498//4749
f 2181//4750 2357//4750 2260//4750
f 2194//4751 2181//4751 2260//4751
f 932//4752 1159//4752 1099//4752
f 1040//4753 932//4753 1099//4753
f 975//4754 932//4754 1040//4754
f 64//4755 106//4755 127//4755
f 205//4756 64//4756 127//4756
f 453//4757 64//4757 205//4757
f 565//4758 453//4758 205//4758
f 395//4759 565//4759 205//4759
f 106//4760 247//4760 289//4760
f 127//4761 106//4761 289//4761
f 539//4762 653//4762 828//4762
f 715//4763 539//4763 828//4763
f 795//4764 925//4764 1117//4764
f 1011//4765 795//4765 1117//4765
f 1086//4766 1192//4766 1525//4766
f 1287//4767 1086//4767 1525//4767
f 1859//4768 1996//4768 2221//4768
f 2077//4769 1859//4769 2221//4769
f 2357//4770 2181//4770 2309//4770
f 1192//4771 1086//4771 1085//4771
f 1191//4772 1192//4772 1085//4772
f 1191//4773 1085//4773 1174//4773
f 1312//4774 1191//4774 1174//4774
f 1312//4775 1174//4775 1286//4775
f 1524//4776 1312//4776 1286//4776
f 1259//4777 1132//4777 1056//4777
f 1148//4778 1259//4778 1056//4778
f 1148//4779 1056//4779 955//4779
f 1070//4780 1148//4780 955//4780
f 954//4781 967//4781 956//4781
f 957//4782 954//4782 956//4782
f 955//4783 954//4783 957//4783
f 1070//4784 955//4784 957//4784
f 1069//4785 1070//4785 957//4785
f 956//4786 967//4786 968//4786
f 1408//4787 1206//4787 1374//4787
f 1618//4788 1408//4788 1374//4788
f 1618//4789 1374//4789 1582//4789
f 1734//4790 1618//4790 1582//4790
f 1734//4791 1582//4791 1583//4791
f 1735//4792 1734//4792 1583//4792
f 1735//4793 1583//4793 1375//4793
f 1619//4794 1735//4794 1375//4794
f 1619//4795 1375//4795 1207//4795
f 1409//4796 1619//4796 1207//4796
f 1409//4797 1207//4797 1206//4797
f 1408//4798 1409//4798 1206//4798
f 2302//4799 2174//4799 2253//4799
f 2350//4800 2302//4800 2253//4800
f 2350//4801 2253//4801 2254//4801
f 2351//4802 2350//4802 2254//4802
f 2351//4803 2254//4803 2175//4803
f 2303//4804 2351//4804 2175//4804
f 2303//4805 2175//4805 2174//4805
f 2302//4806 2303//4806 2174//4806
f 729//4807 623//4807 533//4807
f 645//4808 729//4808 533//4808
f 645//4809 533//4809 532//4809
f 644//4810 645//4810 532//4810
f 817//4811 704//4811 705//4811
f 818//4812 817//4812 705//4812
f 818//4813 705//4813 623//4813
f 729//4814 818//4814 623//4814
f 922//4815 792//4815 905//4815
f 1031//4816 922//4816 905//4816
f 1031//4817 905//4817 1008//4817
f 1114//4818 1031//4818 1008//4818
f 1012//4819 1115//4819 1114//4819
f 1008//4820 1012//4820 1114//4820
f 1009//4821 1012//4821 1008//4821
f 1012//4822 1009//4822 1013//4822
f 796//4823 885//4823 880//4823
f 793//4824 796//4824 880//4824
f 923//4825 796//4825 793//4825
f 796//4826 923//4826 934//4826
f 923//4827 793//4827 792//4827
f 922//4828 923//4828 792//4828
f 2184//4829 2314//4829 2315//4829
f 2185//4830 2184//4830 2315//4830
f 2279//4831 2127//4831 2228//4831
f 2330//4832 2279//4832 2228//4832
f 2330//4833 2228//4833 2229//4833
f 2331//4834 2330//4834 2229//4834
f 2331//4835 2229//4835 2185//4835
f 2315//4836 2331//4836 2185//4836
f 775//4837 667//4837 666//4837
f 774//4838 775//4838 666//4838
f 774//4839 666//4839 758//4839
f 875//4840 774//4840 758//4840
f 875//4841 758//4841 853//4841
f 991//4842 875//4842 853//4842
f 991//4843 853//4843 854//4843
f 992//4844 991//4844 854//4844
f 992//4845 854//4845 759//4845
f 876//4846 992//4846 759//4846
f 876//4847 759//4847 667//4847
f 775//4848 876//4848 667//4848
f 920//4849 790//4849 903//4849
f 1029//4850 920//4850 903//4850
f 1029//4851 903//4851 1006//4851
f 1112//4852 1029//4852 1006//4852
f 1112//4853 1006//4853 1007//4853
f 1113//4854 1112//4854 1007//4854
f 1113//4855 1007//4855 904//4855
f 1030//4856 1113//4856 904//4856
f 1030//4857 904//4857 791//4857
f 921//4858 1030//4858 791//4858
f 921//4859 791//4859 790//4859
f 920//4860 921//4860 790//4860
f 989//4861 851//4861 852//4861
f 990//4862 989//4862 852//4862
f 990//4863 852//4863 757//4863
f 874//4864 990//4864 757//4864
f 751//4865 868//4865 874//4865
f 757//4866 751//4866 874//4866
f 972//4867 834//4867 851//4867
f 989//4868 972//4868 851//4868
f 649//4869 537//4869 536//4869
f 648//4870 649//4870 536//4870
f 648//4871 536//4871 627//4871
f 733//4872 648//4872 627//4872
f 733//4873 627//4873 710//4873
f 823//4874 733//4874 710//4874
f 823//4875 710//4875 711//4875
f 824//4876 823//4876 711//4876
f 824//4877 711//4877 628//4877
f 734//4878 824//4878 628//4878
f 734//4879 628//4879 537//4879
f 649//4880 734//4880 537//4880
f 274//4881 112//4881 113//4881
f 275//4882 274//4882 113//4882
f 275//4883 113//4883 78//4883
f 219//4884 275//4884 78//4884
f 219//4885 78//4885 77//4885
f 218//4886 219//4886 77//4886
f 218//4887 77//4887 112//4887
f 274//4888 218//4888 112//4888
f 1057//4889 942//4889 1044//4889
f 1136//4890 1057//4890 1044//4890
f 1136//4891 1044//4891 1119//4891
f 1246//4892 1136//4892 1119//4892
f 1246//4893 1119//4893 1120//4893
f 1247//4894 1246//4894 1120//4894
f 1247//4895 1120//4895 1045//4895
f 1137//4896 1247//4896 1045//4896
f 1137//4897 1045//4897 943//4897
f 1058//4898 1137//4898 943//4898
f 1058//4899 943//4899 942//4899
f 1057//4900 1058//4900 942//4900
f 2218//4901 2074//4901 2075//4901
f 2219//4902 2218//4902 2075//4902
f 2219//4903 2075//4903 1975//4903
f 2104//4904 2219//4904 1975//4904
f 564//4905 452//4905 453//4905
f 565//4906 564//4906 453//4906
f 395//4907 205//4907 204//4907
f 394//4908 395//4908 204//4908
f 394//4909 204//4909 365//4909
f 477//4910 394//4910 365//4910
f 477//4911 365//4911 452//4911
f 564//4912 477//4912 452//4912
f 335//4913 165//4913 92//4913
f 233//4914 335//4914 92//4914
f 233//4915 92//4915 91//4915
f 232//4916 233//4916 91//4916
f 232//4917 91//4917 164//4917
f 334//4918 232//4918 164//4918
f 334//4919 164//4919 318//4919
f 420//4920 334//4920 318//4920
f 420//4921 318//4921 319//4921
f 421//4922 420//4922 319//4922
f 421//4923 319//4923 165//4923
f 335//4924 421//4924 165//4924
f 341//4925 171//4925 104//4925
f 245//4926 341//4926 104//4926
f 245//4927 104//4927 103//4927
f 244//4928 245//4928 103//4928
f 244//4929 103//4929 170//4929
f 340//4930 244//4930 170//4930
f 340//4931 170//4931 324//4931
f 426//4932 340//4932 324//4932
f 426//4933 324//4933 325//4933
f 427//4934 426//4934 325//4934
f 427//4935 325//4935 171//4935
f 341//4936 427//4936 171//4936
f 2356//4937 2259//4937 2260//4937
f 2357//4938 2356//4938 2260//4938
f 2309//4939 2181//4939 2180//4939
f 2308//4940 2309//4940 2180//4940
f 2308//4941 2180//4941 2259//4941
f 2356//4942 2308//4942 2259//4942
f 2157//4943 2012//4943 2011//4943
f 2156//4944 2157//4944 2011//4944
f 2156//4945 2011//4945 2132//4945
f 2284//4946 2156//4946 2132//4946
f 2284//4947 2132//4947 2236//4947
f 2338//4948 2284//4948 2236//4948
f 2338//4949 2236//4949 2237//4949
f 2339//4950 2338//4950 2237//4950
f 2339//4951 2237//4951 2133//4951
f 2285//4952 2339//4952 2133//4952
f 2285//4953 2133//4953 2012//4953
f 2157//4954 2285//4954 2012//4954
f 547//4955 435//4955 364//4955
f 476//4956 547//4956 364//4956
f 272//4957 110//4957 111//4957
f 273//4958 272//4958 111//4958
f 273//4959 111//4959 74//4959
f 215//4960 273//4960 74//4960
f 215//4961 74//4961 73//4961
f 214//4962 215//4962 73//4962
f 1513//4963 1273//4963 1163//4963
f 1301//4964 1513//4964 1163//4964
f 1301//4965 1163//4965 1074//4965
f 1180//4966 1301//4966 1074//4966
f 1180//4967 1074//4967 1073//4967
f 1179//4968 1180//4968 1073//4968
f 1179//4969 1073//4969 1162//4969
f 1300//4970 1179//4970 1162//4970
f 1300//4971 1162//4971 1272//4971
f 1512//4972 1300//4972 1272//4972
f 1512//4973 1272//4973 1273//4973
f 1513//4974 1512//4974 1273//4974
f 327//4975 157//4975 76//4975
f 217//4976 327//4976 76//4976
f 217//4977 76//4977 75//4977
f 216//4978 217//4978 75//4978
f 216//4979 75//4979 156//4979
f 326//4980 216//4980 156//4980
f 326//4981 156//4981 310//4981
f 412//4982 326//4982 310//4982
f 412//4983 310//4983 311//4983
f 413//4984 412//4984 311//4984
f 413//4985 311//4985 157//4985
f 327//4986 413//4986 157//4986
f 284//4987 122//4987 123//4987
f 285//4988 284//4988 123//4988
f 285//4989 123//4989 98//4989
f 239//4990 285//4990 98//4990
f 239//4991 98//4991 97//4991
f 238//4992 239//4992 97//4992
f 238//4993 97//4993 122//4993
f 284//4994 238//4994 122//4994
f 339//4995 169//4995 100//4995
f 241//4996 339//4996 100//4996
f 241//4997 100//4997 99//4997
f 240//4998 241//4998 99//4998
f 240//4999 99//4999 168//4999
f 338//5000 240//5000 168//5000
f 338//5001 168//5001 322//5001
f 424//5002 338//5002 322//5002
f 424//5003 322//5003 323//5003
f 425//5004 424//5004 323//5004
f 425//5005 323//5005 169//5005
f 339//5006 425//5006 169//5006
f 1067//5007 952//5007 1054//5007
f 1146//5008 1067//5008 1054//5008
f 1146//5009 1054//5009 1129//5009
f 1256//5010 1146//5010 1129//5010
f 1256//5011 1129//5011 1130//5011
f 1257//5012 1256//5012 1130//5012
f 1257//5013 1130//5013 1055//5013
f 1147//5014 1257//5014 1055//5014
f 1147//5015 1055//5015 953//5015
f 1068//5016 1147//5016 953//5016
f 1068//5017 953//5017 952//5017
f 1067//5018 1068//5018 952//5018
f 606//5019 502//5019 586//5019
f 690//5020 606//5020 586//5020
f 690//5021 586//5021 587//5021
f 691//5022 690//5022 587//5022
f 691//5023 587//5023 503//5023
f 607//5024 691//5024 503//5024
f 607//5025 503//5025 409//5025
f 519//5026 607//5026 409//5026
f 519//5027 409//5027 408//5027
f 518//5028 519//5028 408//5028
f 518//5029 408//5029 502//5029
f 606//5030 518//5030 502//5030
f 825//5031 712//5031 713//5031
f 826//5032 825//5032 713//5032
f 826//5033 713//5033 630//5033
f 736//5034 826//5034 630//5034
f 735//5035 629//5035 712//5035
f 825//5036 735//5036 712//5036
f 1022//5037 896//5037 998//5037
f 1104//5038 1022//5038 998//5038
f 1104//5039 998//5039 999//5039
f 1105//5040 1104//5040 999//5040
f 1105//5041 999//5041 929//5041
f 1037//5042 1105//5042 929//5042
f 2214//5043 2070//5043 2071//5043
f 2215//5044 2214//5044 2071//5044
f 2215//5045 2071//5045 1973//5045
f 2102//5046 2215//5046 1973//5046
f 286//5047 124//5047 125//5047
f 287//5048 286//5048 125//5048
f 287//5049 125//5049 102//5049
f 243//5050 287//5050 102//5050
f 243//5051 102//5051 101//5051
f 242//5052 243//5052 101//5052
f 242//5053 101//5053 124//5053
f 286//5054 242//5054 124//5054
f 652//5055 538//5055 631//5055
f 737//5056 652//5056 631//5056
f 737//5057 631//5057 714//5057
f 827//5058 737//5058 714//5058
f 827//5059 714//5059 715//5059
f 828//5060 827//5060 715//5060
f 653//5061 539//5061 538//5061
f 652//5062 653//5062 538//5062
f 1888//5063 1764//5063 1765//5063
f 1889//5064 1888//5064 1765//5064
f 1889//5065 1765//5065 1651//5065
f 1801//5066 1889//5066 1651//5066
f 1801//5067 1651//5067 1451//5067
f 1675//5068 1801//5068 1451//5068
f 1675//5069 1451//5069 1450//5069
f 1674//5070 1675//5070 1450//5070
f 1674//5071 1450//5071 1650//5071
f 1800//5072 1674//5072 1650//5072
f 1800//5073 1650//5073 1764//5073
f 1888//5074 1800//5074 1764//5074
f 600//5075 496//5075 578//5075
f 682//5076 600//5076 578//5076
f 682//5077 578//5077 579//5077
f 683//5078 682//5078 579//5078
f 683//5079 579//5079 497//5079
f 601//5080 683//5080 497//5080
f 601//5081 497//5081 405//5081
f 515//5082 601//5082 405//5082
f 515//5083 405//5083 404//5083
f 514//5084 515//5084 404//5084
f 514//5085 404//5085 496//5085
f 600//5086 514//5086 496//5086
f 1882//5087 1758//5087 1759//5087
f 1883//5088 1882//5088 1759//5088
f 1883//5089 1759//5089 1645//5089
f 1797//5090 1883//5090 1645//5090
f 1797//5091 1645//5091 1449//5091
f 1671//5092 1797//5092 1449//5092
f 1671//5093 1449//5093 1448//5093
f 1670//5094 1671//5094 1448//5094
f 1670//5095 1448//5095 1644//5095
f 1796//5096 1670//5096 1644//5096
f 1796//5097 1644//5097 1758//5097
f 1882//5098 1796//5098 1758//5098
f 2153//5099 2008//5099 2007//5099
f 2152//5100 2153//5100 2007//5100
f 2152//5101 2007//5101 2125//5101
f 2277//5102 2152//5102 2125//5102
f 2277//5103 2125//5103 2226//5103
f 2328//5104 2277//5104 2226//5104
f 2328//5105 2226//5105 2227//5105
f 2329//5106 2328//5106 2227//5106
f 2329//5107 2227//5107 2126//5107
f 2278//5108 2329//5108 2126//5108
f 2278//5109 2126//5109 2008//5109
f 2153//5110 2278//5110 2008//5110
f 1770//5111 1885//5111 1884//5111
f 1760//5112 1770//5112 1884//5112
f 1761//5113 1770//5113 1760//5113
f 1770//5114 1761//5114 1771//5114
f 1647//5115 1654//5115 1771//5115
f 1761//5116 1647//5116 1771//5116
f 1798//5117 1646//5117 1760//5117
f 1884//5118 1798//5118 1760//5118
f 2296//5119 2168//5119 2245//5119
f 2342//5120 2296//5120 2245//5120
f 2342//5121 2245//5121 2246//5121
f 2343//5122 2342//5122 2246//5122
f 2343//5123 2246//5123 2169//5123
f 2297//5124 2343//5124 2169//5124
f 2297//5125 2169//5125 2168//5125
f 2296//5126 2297//5126 2168//5126
f 2206//5127 2062//5127 2063//5127
f 2207//5128 2206//5128 2063//5128
f 2207//5129 2063//5129 1967//5129
f 2098//5130 2207//5130 1967//5130
f 2098//5131 1967//5131 1857//5131
f 1994//5132 2098//5132 1857//5132
f 1994//5133 1857//5133 1856//5133
f 1993//5134 1994//5134 1856//5134
f 1307//5135 1169//5135 1080//5135
f 1186//5136 1307//5136 1080//5136
f 1186//5137 1080//5137 1079//5137
f 1185//5138 1186//5138 1079//5138
f 1185//5139 1079//5139 1168//5139
f 1306//5140 1185//5140 1168//5140
f 1306//5141 1168//5141 1278//5141
f 1518//5142 1306//5142 1278//5142
f 1518//5143 1278//5143 1279//5143
f 1519//5144 1518//5144 1279//5144
f 1519//5145 1279//5145 1169//5145
f 1307//5146 1519//5146 1169//5146
f 229//5147 88//5147 87//5147
f 228//5148 229//5148 87//5148
f 228//5149 87//5149 162//5149
f 332//5150 228//5150 162//5150
f 332//5151 162//5151 316//5151
f 418//5152 332//5152 316//5152
f 418//5153 316//5153 317//5153
f 419//5154 418//5154 317//5154
f 419//5155 317//5155 163//5155
f 333//5156 419//5156 163//5156
f 333//5157 163//5157 88//5157
f 229//5158 333//5158 88//5158
f 1616//5159 1372//5159 1475//5159
f 1702//5160 1616//5160 1475//5160
f 1476//5161 1703//5161 1702//5161
f 1475//5162 1476//5162 1702//5162
f 386//5163 198//5163 356//5163
f 468//5164 386//5164 356//5164
f 468//5165 356//5165 446//5165
f 558//5166 468//5166 446//5166
f 558//5167 446//5167 447//5167
f 559//5168 558//5168 447//5168
f 559//5169 447//5169 357//5169
f 469//5170 559//5170 357//5170
f 469//5171 357//5171 199//5171
f 387//5172 469//5172 199//5172
f 387//5173 199//5173 198//5173
f 386//5174 387//5174 198//5174
f 918//5175 788//5175 899//5175
f 1025//5176 918//5176 899//5176
f 1025//5177 899//5177 1002//5177
f 1108//5178 1025//5178 1002//5178
f 1108//5179 1002//5179 1003//5179
f 1109//5180 1108//5180 1003//5180
f 1109//5181 1003//5181 900//5181
f 1026//5182 1109//5182 900//5182
f 1026//5183 900//5183 789//5183
f 919//5184 1026//5184 789//5184
f 919//5185 789//5185 788//5185
f 918//5186 919//5186 788//5186
f 872//5187 755//5187 665//5187
f 773//5188 872//5188 665//5188
f 773//5189 665//5189 664//5189
f 772//5190 773//5190 664//5190
f 772//5191 664//5191 754//5191
f 871//5192 772//5192 754//5192
f 871//5193 754//5193 847//5193
f 985//5194 871//5194 847//5194
f 985//5195 847//5195 848//5195
f 986//5196 985//5196 848//5196
f 986//5197 848//5197 755//5197
f 872//5198 986//5198 755//5198
f 2214//5199 2190//5199 2027//5199
f 2070//5200 2214//5200 2027//5200
f 1972//5201 2070//5201 2027//5201
f 1978//5202 1972//5202 2027//5202
f 2027//5203 2025//5203 1966//5203
f 1978//5204 2027//5204 1966//5204
f 1762//5205 1772//5205 1655//5205
f 1648//5206 1762//5206 1655//5206
f 1887//5207 1886//5207 1773//5207
f 1763//5208 1887//5208 1773//5208
f 1762//5209 1763//5209 1773//5209
f 1772//5210 1762//5210 1773//5210
f 1837//5211 1695//5211 1694//5211
f 1836//5212 1837//5212 1694//5212
f 1564//5213 1527//5213 1528//5213
f 1588//5214 1564//5214 1528//5214
f 1589//5215 1564//5215 1588//5215
f 1564//5216 1589//5216 1565//5216
f 1916//5217 1922//5217 1921//5217
f 1915//5218 1916//5218 1921//5218
f 1581//5219 1591//5219 1590//5219
f 1580//5220 1581//5220 1590//5220
f 1617//5221 1707//5221 1530//5221
f 1373//5222 1617//5222 1530//5222
f 1581//5223 1373//5223 1530//5223
f 1591//5224 1581//5224 1530//5224
f 1818//5225 1823//5225 1922//5225
f 1916//5226 1818//5226 1922//5226
f 39//5227 2360//5227 2358//5227
f 29//5228 39//5228 2358//5228
f 29//5229 1//5229 3//5229
f 39//5230 29//5230 3//5230
f 4//5231 2//5231 30//5231
f 40//5232 4//5232 30//5232
f 4//5233 109//5233 108//5233
f 3//5234 4//5234 108//5234
f 108//5235 2362//5235 2360//5235
f 39//5236 108//5236 2360//5236
f 2366//5237 2364//5237 2358//5237
f 2360//5238 2366//5238 2358//5238
f 2361//5239 2363//5239 109//5239
f 40//5240 2361//5240 109//5240
f 2366//5241 2362//5241 2363//5241
f 2367//5242 2366//5242 2363//5242
f 2367//5243 2363//5243 2361//5243
f 2366//5244 2360//5244 2362//5244
f 109//5245 4//5245 40//5245
f 108//5246 39//5246 3//5246
f 1//5247 2//5247 4//5247
f 3//5248 1//5248 4//5248
f 2365//5249 2364//5249 2366//5249
f 2367//5250 2365//5250 2366//5250
f 2359//5251 2365//5251 2367//5251
f 2361//5252 2359//5252 2367//5252
f 30//5253 2359//5253 2361//5253
f 40//5254 30//5254 2361//5254
