# Created by FreeCAD <https://www.freecad.org>
v -28.496754 -0.000000 1.319186
v -28.467552 -1.270240 1.318394
v -28.460501 1.419173 1.318195
v -28.450001 -0.000000 1.195025
v -28.435215 -0.917115 0.000000
v -28.433020 0.982798 0.000000
v -28.427114 1.140872 1.195788
v -28.421711 -1.268385 1.195971
v -28.380213 -2.537747 1.315974
v -28.358541 2.279387 1.198129
v -28.351883 2.834564 1.315169
v -28.336950 -2.533708 1.198880
v -28.310596 -2.812938 0.000000
v -28.304024 2.878329 0.000000
v -28.244396 3.414166 1.202123
v -28.235144 -3.799833 1.311863
v -28.195877 -3.794074 1.203852
v -28.171076 4.242372 1.310014
v -28.135965 0.146063 1.556794
v -28.092497 -1.808169 1.544041
v -28.084803 4.543832 1.207848
v -28.077063 2.099525 1.540072
v -28.059723 -4.696217 0.000000
v -28.048800 4.761023 0.000000
v -28.032745 -5.053813 1.305997
v -27.998665 -5.047506 1.210994
v -27.997147 3.213920 1.517778
v -27.990755 -3.288204 1.515553
v -27.918329 5.638759 1.302533
v -27.883406 4.324215 1.486726
v -27.879967 5.666563 1.215398
v -27.829308 -4.760757 1.471890
v -27.773424 -6.296997 1.298313
v -27.745836 -6.290561 1.220470
v -27.735701 5.429020 1.447316
v -27.683712 -6.558552 0.000000
v -27.668488 6.622484 0.000000
v -27.630381 6.779723 1.224895
v -27.607821 -6.222397 1.414013
v -27.594660 7.020081 1.292735
v -27.554020 6.527112 1.399783
v -27.508560 0.143945 1.900300
v -27.467501 -1.781925 1.886933
v -27.457582 -7.526699 1.288747
v -27.452921 2.069049 1.882756
v -27.437929 -7.520813 1.232397
v -27.377428 3.167216 1.859356
v -27.371393 -3.240412 1.857034
v -27.337929 7.616927 1.345160
v -27.336388 7.881904 1.236407
v -27.325764 -7.669778 1.343347
v -27.269985 4.261278 1.826745
v -27.218880 -4.691413 1.811168
v -27.201189 8.382723 1.280670
v -27.184240 -8.391638 0.000000
v -27.164783 8.454412 0.000000
v -27.130451 5.349845 1.785331
v -27.086739 8.696671 1.284897
v -27.085686 -8.740244 1.277246
v -27.075397 -8.736435 1.246871
v -27.075239 -8.737933 1.283953
v -27.009642 -6.131497 1.750312
v -26.998327 8.971780 1.250000
v -26.958817 6.431690 1.735366
v -26.849400 0.141629 2.178046
v -26.810965 -1.753262 2.164455
v -26.797304 2.035766 2.160198
v -26.754663 7.505258 1.677896
v -26.743164 -7.557323 1.675918
v -26.739042 9.723072 1.266389
v -26.726610 3.116263 2.136385
v -26.720966 -3.188282 2.134031
v -26.658880 -9.935119 1.263922
v -26.629192 10.014421 1.250000
v -26.625980 4.192717 2.103187
v -26.624405 10.011852 1.250000
v -26.578119 -4.615928 2.087331
v -26.563536 -10.187300 0.000000
v -26.539932 10.248634 0.000000
v -26.517336 8.568769 1.614376
v -26.506296 -8.610093 1.613233
v -26.495279 5.263757 2.061009
v -26.382099 -6.032818 2.025328
v -26.334484 6.328177 2.010111
v -26.246174 9.620442 1.546265
v -26.233768 -9.660810 1.545138
v -26.219809 11.041924 1.250000
v -26.209442 11.037559 1.250000
v -26.165319 0.139140 2.387012
v -26.143185 7.384444 1.951531
v -26.132395 -7.435659 1.949470
v -26.129652 -1.722473 2.373609
v -26.116959 2.000016 2.369404
v -26.051321 3.061580 2.345907
v -26.046095 -3.132342 2.343589
v -25.957867 4.119217 2.313141
v -25.940519 10.658499 1.475017
v -25.940357 -11.683337 1.230558
v -25.928484 -10.693705 1.473729
v -25.920736 8.430799 1.886710
v -25.913418 -4.535051 2.297493
v -25.910217 -8.472106 1.885431
v -25.836452 5.171601 2.271503
v -25.824366 -11.937530 0.000000
v -25.796721 11.997152 0.000000
v -25.731289 -5.927312 2.236268
v -25.709850 -12.182160 1.242013
v -25.687046 6.217566 2.221247
v -25.666496 9.465481 1.817087
v -25.654842 -9.505177 1.815856
v -25.623703 12.362375 1.250000
v -25.599714 11.681157 1.402090
v -25.588579 -11.711785 1.400233
v -25.579670 12.323525 1.250000
v -25.509233 7.255614 2.163384
v -25.499184 -7.305921 2.161325
v -25.470701 -12.674604 1.292871
v -25.463499 0.136505 2.525139
v -25.430677 -1.689880 2.512342
v -25.423679 -11.855582 1.442168
v -25.418974 1.962175 2.508326
v -25.379816 10.486730 1.744101
v -25.368513 -10.521351 1.742718
v -25.358526 3.003731 2.485889
v -25.353731 -3.073171 2.483677
v -25.342388 -12.393564 1.378908
v -25.302370 8.284009 2.099313
v -25.292418 -8.325224 2.097971
v -25.272436 4.041531 2.454598
v -25.231491 -4.449604 2.439654
v -25.223099 12.686636 1.328939
v -25.160551 5.074302 2.414830
v -25.065819 9.301016 2.030430
v -25.063610 -5.816022 2.381175
v -25.060057 11.492786 1.669193
v -25.054949 -9.339991 2.029171
v -25.049603 -11.522913 1.667264
v -25.022825 6.100942 2.366828
v -24.970028 -13.634521 0.000000
v -24.970028 -13.634521 1.493520
v -24.961149 13.650768 1.250000
v -24.938465 13.692166 0.000000
v -24.889641 -12.022177 1.624073
v -24.879894 13.581045 1.250000
v -24.858831 7.119995 2.311552
v -24.849539 -7.169345 2.309581
v -24.809862 13.673258 1.257111
v -24.798941 10.304899 1.958133
v -24.788395 -10.338899 1.956730
v -24.751240 0.133749 2.590860
v -24.721270 -1.655819 2.579092
v -24.710558 1.922631 2.575402
v -24.706572 12.481890 1.593802
v -24.667931 8.129754 2.250331
v -24.663761 -14.195414 1.665303
v -24.658581 -8.170809 2.249003
v -24.655313 2.943307 2.554774
v -24.653809 -13.900261 1.625047
v -24.650949 -3.011371 2.552738
v -24.623852 -13.530784 1.601858
v -24.600740 -13.160092 1.600583
v -24.590279 -12.939619 1.610223
v -24.577341 -12.528244 1.649048
v -24.576601 3.960438 2.526009
v -24.539169 -4.360437 2.512271
v -24.501091 11.293923 1.883819
v -24.491343 -11.323532 1.881893
v -24.474268 4.972818 2.489455
v -24.449482 9.128511 2.184496
v -24.439407 -9.166723 2.183286
v -24.396261 -14.685309 1.809868
v -24.385565 -5.700028 2.458524
v -24.348248 5.979427 2.445332
v -24.338236 -12.193548 1.774237
v -24.318567 13.452377 1.519454
v -24.233868 14.903763 1.250000
v -24.211834 -14.702510 1.850475
v -24.202845 10.114561 2.115375
v -24.198109 6.978858 2.394530
v -24.193073 -10.147910 2.114028
v -24.189573 -7.027211 2.392736
v -24.171635 12.266355 1.808886
v -24.124304 -15.183367 1.914667
v -24.122770 14.797236 1.250000
v -24.035994 0.130903 2.583615
v -24.023209 7.969433 2.338285
v -24.014484 -8.010267 2.337054
v -24.008806 -1.620646 2.573290
v -23.999069 1.881795 2.570060
v -23.968992 15.326118 0.000000
v -23.948912 2.880931 2.551977
v -23.944965 -2.947577 2.550186
v -23.927380 11.086197 2.044298
v -23.918352 -11.115273 2.042454
v -23.894527 14.401863 1.448769
v -23.877419 3.876762 2.526771
v -23.857895 -13.943634 1.836454
v -23.849539 -15.686568 1.978460
v -23.843422 -4.268452 2.514730
v -23.832598 -14.924654 1.933385
v -23.822912 8.949479 2.277833
v -23.818642 -13.421507 1.810163
v -23.813637 -8.986896 2.276753
v -23.809788 13.220551 1.734814
v -23.789082 -12.898406 1.828632
v -23.784433 4.868164 2.494752
v -23.769440 -12.378326 1.891720
v -23.736109 -15.484872 1.977410
v -23.703802 -5.580471 2.467669
v -23.669878 5.854209 2.456108
v -23.622446 12.041712 1.972593
v -23.596577 9.917320 2.214410
v -23.587582 -9.949994 2.213198
v -23.573610 -16.191900 2.000000
v -23.533319 6.833542 2.411641
v -23.525532 -6.880868 2.410110
v -23.451948 -14.157956 1.927128
v -23.449078 -15.149303 1.983307
v -23.443743 16.118109 1.250000
v -23.433109 15.326340 1.385113
v -23.414078 14.154124 1.664137
v -23.374125 7.804522 2.362469
v -23.366037 -7.845082 2.361420
v -23.343565 10.871281 2.149251
v -23.335260 -10.899812 2.147568
v -23.325884 -12.534872 1.958605
v -23.325230 0.127996 2.503352
v -23.307381 15.988545 1.250000
v -23.300690 -1.584724 2.494869
v -23.291883 1.840091 2.492231
v -23.287268 12.979486 1.901671
v -23.280632 -13.604630 1.914580
v -23.246571 2.817240 2.477405
v -23.243114 -13.180570 1.918139
v -23.243019 -2.882441 2.475923
v -23.232777 -13.053644 1.925016
v -23.192492 -13.988358 1.949072
v -23.191660 8.765508 2.309710
v -23.183172 -8.802103 2.308836
v -23.181963 3.791348 2.456756
v -23.151241 -4.174571 2.446890
v -23.097902 4.761376 2.430551
v -23.080584 -15.404412 2.000000
v -23.063236 11.809686 2.083592
v -23.040987 -14.374926 1.981754
v -23.024984 -5.458515 2.408409
v -22.994307 5.726497 2.398940
v -22.992844 -13.706663 1.956738
v -22.985294 9.714857 2.254482
v -22.983208 15.063079 1.600108
v -22.977064 -9.746838 2.253482
v -22.963692 -13.806417 1.964388
v -22.933012 16.221706 1.331865
v -22.920416 13.897124 1.833943
v -22.912073 -12.274806 2.050595
v -22.907467 -13.557385 1.960790
v -22.892626 16.891720 0.000000
v -22.870750 6.685415 2.362618
v -22.869877 -12.720273 2.005627
v -22.863682 -6.731693 2.361434
v -22.859997 -13.223907 1.968384
v -22.846189 -13.124112 1.974317
v -22.826174 -14.171694 1.988559
v -22.789558 -13.679079 1.975394
v -22.754822 12.730941 2.018744
v -22.754398 10.650928 2.197903
v -22.746807 -10.678905 2.196460
v -22.726618 7.636523 2.322563
v -22.719168 -7.676765 2.321783
v -22.718681 -13.558266 1.978501
v -22.660275 -13.270353 1.987226
v -22.651842 -13.949083 1.992003
v -22.643032 -13.184196 1.992629
v -22.627512 -14.593223 2.000000
v -22.625906 0.250418 2.350923
v -22.608776 -1.382744 2.346017
v -22.598782 -13.687028 1.989029
v -22.593388 1.882654 2.342056
v -22.592823 17.290657 1.250000
v -22.561302 8.578215 2.279753
v -22.553581 -8.613971 2.279161
v -22.541538 -3.011932 2.328013
v -22.539009 -13.591131 1.991223
v -22.520626 14.790625 1.772504
v -22.515919 15.943320 1.545990
v -22.510668 3.509349 2.320246
v -22.509590 -13.709113 1.993853
v -22.498339 11.572081 2.141092
v -22.464062 -13.345650 2.000248
v -22.447191 17.153889 1.250000
v -22.441757 -13.272187 2.005085
v -22.425762 -13.745539 1.997292
v -22.423441 -4.632091 2.298013
v -22.416937 13.632630 1.956960
v -22.397495 -12.974275 2.030740
v -22.392935 17.083858 1.292403
v -22.377024 5.125883 2.286526
v -22.374187 9.508883 2.235167
v -22.372482 -13.667478 1.998651
v -22.366699 -9.540157 2.234454
v -22.360170 -12.028796 2.112618
v -22.348637 -13.797769 1.999334
v -22.279934 -13.866889 2.000000
v -22.274307 -13.461241 2.007084
v -22.253664 -6.238178 2.257227
v -22.244980 -13.399524 2.011302
v -22.216362 12.476743 2.085236
v -22.191490 6.727665 2.242256
v -22.164663 10.426923 2.189783
v -22.158381 -13.707016 2.003362
v -22.157764 -10.454341 2.188657
v -22.155434 -13.154152 2.033852
v -22.086672 15.655889 1.720465
v -22.048351 14.510736 1.901139
v -22.036964 -13.547322 2.013445
v -22.030367 -7.824614 2.208243
v -22.010952 16.790756 1.505048
v -21.951496 8.307434 2.191106
v -21.932117 11.330727 2.144579
v -21.915819 -13.387987 2.030237
v -21.915592 -13.338630 2.034173
v -21.907133 13.362475 2.032394
v -21.811615 17.908279 1.270353
v -21.806566 -11.779009 2.122065
v -21.769299 -14.232356 2.000000
v -21.751091 -9.384888 2.154466
v -21.714165 18.381990 0.000000
v -21.683317 18.418367 1.250000
v -21.675827 12.218749 2.100598
v -21.654190 9.857395 2.137142
v -21.647867 15.361145 1.854191
v -21.617332 16.488819 1.680932
v -21.606457 -14.236469 2.000623
v -21.569458 14.225234 1.985225
v -21.555885 18.295427 1.250000
v -21.530256 -14.119637 2.004254
v -21.515444 0.000654 2.115495
v -21.504097 -14.079534 2.006249
v -21.467083 17.600878 1.480785
v -21.412834 -10.911232 2.100081
v -21.402214 -13.065074 2.061097
v -21.394522 13.088520 2.059669
v -21.296726 11.369755 2.084430
v -21.236225 -14.566782 2.000000
v -21.214291 16.179747 1.819026
v -21.202173 15.060884 1.946399
v -21.184862 18.691786 1.270966
v -21.111412 17.284904 1.657243
v -21.087051 13.935966 2.024170
v -21.061722 -14.267647 2.010002
v -21.011395 -12.392504 2.051235
v -20.968805 -14.655398 2.000244
v -20.941408 -14.304313 2.011062
v -20.927042 -14.578596 2.001669
v -20.912703 -14.552224 2.002452
v -20.880369 18.370438 1.478251
v -20.875303 12.835882 2.037999
v -20.804117 15.865294 1.918586
v -20.752291 14.756924 1.996489
v -20.746460 16.962011 1.798770
v -20.717581 19.498316 1.250000
v -20.682690 -14.865109 2.000000
v -20.639814 19.417088 1.250000
v -20.594946 -14.686821 2.003260
v -20.565195 18.040812 1.654204
v -20.542200 -13.816538 2.014659
v -20.514984 19.421616 1.300095
v -20.438866 19.790283 0.000000
v -20.389122 15.547231 1.979011
v -20.384924 0.000654 2.007411
v -20.384405 14.238669 2.006990
v -20.374153 16.633904 1.904654
v -20.252941 19.086771 1.503111
v -20.240871 17.704508 1.797942
v -20.109999 -15.121124 2.000000
v -20.107624 -15.115165 2.000003
v -20.103792 -15.105549 2.000022
v -20.102476 -15.102246 2.000033
v -20.097588 -15.089973 2.000090
v -20.000000 -19.421713 2.000000
v -20.000000 -15.164028 2.000000
v -19.996441 16.302301 1.974306
v -19.994036 -15.340025 2.000002
v -19.992521 -19.953775 2.000000
v -19.988062 -15.340025 2.000007
v -19.982088 -15.340025 2.000016
v -19.981539 -15.692034 2.000017
v -19.980623 18.743944 1.677215
v -19.976116 -15.340025 2.000029
v -19.970142 -15.340025 2.000045
v -19.964169 -15.340025 2.000064
v -19.963072 -15.692034 2.000068
v -19.960951 -16.227486 2.000076
v -19.958195 -15.340025 2.000087
v -19.952221 -15.340026 2.000114
v -19.951765 -20.484222 2.000000
v -19.944603 -15.692033 2.000154
v -19.944258 -15.340026 2.000155
v -19.938065 -16.762623 2.000192
v -19.936293 -15.340026 2.000202
v -19.928328 -15.340026 2.000256
v -19.926136 -15.692033 2.000273
v -19.921892 -16.227564 2.000304
v -19.912222 -17.298157 2.000385
v -19.908983 17.363171 1.908790
v -19.907669 -15.692033 2.000426
v -19.889202 -15.692032 2.000614
v -19.882830 -16.227642 2.000685
v -19.882370 -17.833530 2.000692
v -19.876940 -21.011257 2.000000
v -19.876143 -16.762465 2.000767
v -19.870735 -15.692032 2.000836
v -19.859570 -18.186975 2.000986
v -19.852268 -15.692032 2.001091
v -19.843761 -16.227720 2.001218
v -19.833313 -18.540421 2.001387
v -19.827648 -15.692031 2.001486
v -19.824450 -17.298157 2.001540
v -19.818731 15.557310 2.001643
v -19.814241 -16.762304 2.001725
v -19.808903 -18.817852 2.001824
v -19.804689 -16.227798 2.001903
v -19.803627 20.087877 1.363792
v -19.803028 -15.692031 2.001940
v -19.779037 -19.095284 2.002442
v -19.778408 -15.692031 2.002456
v -19.769611 -21.533133 2.000000
v -19.765614 -16.227877 2.002741
v -19.764753 -17.833530 2.002766
v -19.752361 -16.762146 2.003066
v -19.750114 -19.304287 2.003123
v -19.736691 -17.298157 2.003465
v -19.727297 -19.429689 2.003719
v -19.726536 -16.227955 2.003731
v -19.719168 -18.186975 2.003944
v -19.715998 -19.479145 2.004034
v -19.702177 -19.528599 2.004437
v -19.699253 18.394682 1.821596
v -19.698120 20.527702 1.250000
v -19.690504 -16.761986 2.004790
v -19.690332 20.519585 1.250000
v -19.688187 -19.566870 2.004864
v -19.687456 -16.228031 2.004874
v -19.676737 -19.589695 2.005227
v -19.670355 -19.598923 2.005436
v -19.666672 -18.540421 2.005549
v -19.661350 -19.607763 2.005737
v -19.648951 -17.298157 2.006159
v -19.648169 -19.614784 2.006193
v -19.647942 -19.621880 2.006201
v -19.647562 -19.635693 2.006213
v -19.647171 -17.833530 2.006223
v -19.646929 -19.657215 2.006232
v -19.635345 -16.228136 2.006636
v -19.628674 -16.761827 2.006895
v -19.617874 -18.817852 2.007297
v -19.597292 -16.003963 2.008110
v -19.586351 19.740013 1.561209
v -19.583235 -16.228239 2.008669
v -19.578819 -18.186975 2.008872
v -19.571146 17.018463 1.986180
v -19.566872 -16.761667 2.009383
v -19.563086 -20.578539 2.007032
v -19.561239 -17.298157 2.009623
v -19.558182 -19.095284 2.009764
v -19.531122 -16.228344 2.010973
v -19.529636 -17.833530 2.011063
v -19.506252 16.177498 2.012185
v -19.505100 -16.761509 2.012251
v -19.500383 -19.304287 2.012489
v -19.500124 -18.540421 2.012483
v -19.479013 -16.228447 2.013550
v -19.473560 -17.298157 2.013856
v -19.463682 -22.554449 2.000000
v -19.454796 -19.429689 2.014872
v -19.438555 -18.186975 2.015771
v -19.432226 -19.479143 2.016130
v -19.426985 -18.817852 2.016415
v -19.422791 -16.761295 2.016669
v -19.412167 -17.833530 2.017284
v -19.410118 18.040571 1.935622
v -19.404617 -19.528599 2.017740
v -19.385923 -17.298155 2.018858
v -19.382101 -21.456118 2.007799
v -19.376675 -19.566868 2.019446
v -19.359118 19.384436 1.731844
v -19.353970 -19.589560 2.020889
v -19.341068 -19.598923 2.021733
v -19.340546 -16.761084 2.021764
v -19.337542 -19.095284 2.021965
v -19.333712 -18.540421 2.022189
v -19.323757 -19.607512 2.022892
v -19.298401 -18.186975 2.024639
v -19.298332 -17.298155 2.024629
v -19.296814 -19.614388 2.024755
v -19.296331 -19.621361 2.024789
v -19.295597 -19.634586 2.024839
v -19.294779 -17.833530 2.024885
v -19.294439 -19.655077 2.024914
v -19.258371 -16.760872 2.027533
v -19.250965 -19.304287 2.028092
v -19.250500 0.000654 2.028127
v -19.236303 -18.817852 2.029176
v -19.191696 -20.531340 2.028110
v -19.182699 -19.429689 2.033451
v -19.181629 -17.298155 2.033518
v -19.177488 -17.833530 2.033867
v -19.176273 -16.760658 2.033978
v -19.173477 16.765278 2.034215
v -19.167484 -18.540421 2.034663
v -19.158718 -16.789656 2.035374
v -19.158384 -18.186975 2.035474
v -19.157034 21.033558 1.250000
v -19.148911 -19.479143 2.036280
v -19.124239 -22.275763 2.008533
v -19.122883 19.022644 1.874956
v -19.117224 -19.095282 2.039037
v -19.114519 17.683214 2.018753
v -19.107584 -19.528599 2.039900
v -19.072414 21.110317 0.000000
v -19.065769 -19.566868 2.043735
v -19.065037 -17.298155 2.043771
v -19.060310 -17.833530 2.044227
v -19.056572 20.679491 1.467697
v -19.045898 -18.817852 2.045575
v -19.044880 -23.537703 2.000000
v -19.032034 -19.589424 2.046955
v -19.018534 -18.186975 2.048274
v -19.012497 -19.598923 2.048874
v -19.002014 -19.304287 2.049923
v -19.001488 -18.540421 2.049902
v -18.998695 -21.364517 2.031175
v -18.987574 -19.607260 2.051383
v -18.948574 -17.298155 2.055387
v -18.946392 -19.614021 2.055660
v -18.945597 -19.620852 2.055744
v -18.944510 -19.633484 2.055856
v -18.942829 -19.652945 2.056025
v -18.911211 -19.429689 2.059443
v -18.904278 -17.833530 2.060181
v -18.897337 -19.095282 2.060973
v -18.886068 20.319128 1.657995
v -18.878878 -18.186975 2.063035
v -18.878653 18.656172 1.989958
v -18.875154 21.315813 1.289508
v -18.866282 -19.479143 2.064469
v -18.855843 -18.817852 2.065606
v -18.835865 -17.292870 2.067939
v -18.835766 -18.540421 2.067902
v -18.821352 -20.484272 2.063208
v -18.819767 17.315571 2.069925
v -18.811344 -19.528599 2.070896
v -18.789757 -23.069391 2.009272
v -18.755774 -19.566868 2.077708
v -18.753687 -19.304287 2.077967
v -18.748516 -17.833530 2.078580
v -18.734486 -22.141464 2.034107
v -18.711266 -19.589289 2.083385
v -18.705803 19.951262 1.823285
v -18.693018 -18.186975 2.085766
v -18.684999 -19.598923 2.086834
v -18.684553 -17.508112 2.086848
v -18.677990 -19.095282 2.087762
v -18.670366 -18.540421 2.088657
v -18.666203 -18.817852 2.089262
v -18.653156 -19.607008 2.091116
v -18.640532 -19.429689 2.092828
v -18.627459 18.286568 2.076343
v -18.616486 -21.273205 2.070096
v -18.597366 -19.613684 2.098860
v -18.596172 -19.620350 2.099028
v -18.594732 -19.632387 2.099229
v -18.593060 -17.833530 2.099419
v -18.592535 -19.650822 2.099529
v -18.584568 -19.479143 2.100670
v -18.525707 -24.471897 2.000000
v -18.516489 19.577351 1.962890
v -18.516159 -19.528599 2.110700
v -18.507614 -18.186975 2.111972
v -18.506138 -19.304287 2.112209
v -18.477049 -18.817852 2.116535
v -18.459288 -19.095282 2.119390
v -18.452574 -20.437403 2.112278
v -18.450411 -18.540421 2.120609
v -18.446987 -19.566868 2.121328
v -18.445681 17.822100 2.121617
v -18.444666 -17.825081 2.121634
v -18.408607 21.539236 1.409217
v -18.404753 -23.798155 2.009982
v -18.398191 -22.892612 2.037056
v -18.391994 -19.589153 2.130122
v -18.370863 -19.429689 2.133581
v -18.358931 -19.598923 2.135565
v -18.346062 -22.007622 2.076683
v -18.322735 -18.186975 2.141644
v -18.320850 -19.606754 2.141985
v -18.318888 19.198891 2.076272
v -18.303995 -19.479143 2.144858
v -18.295765 21.175993 1.613889
v -18.259521 -19.304287 2.152625
v -18.250212 -19.613375 2.154279
v -18.248493 -19.619858 2.154583
v -18.246700 -19.631294 2.154898
v -18.243994 -19.648706 2.155366
v -18.241337 -19.095282 2.155843
v -18.236071 -21.182320 2.124504
v -18.231218 -18.540421 2.157435
v -18.225716 -18.817852 2.158506
v -18.222290 -19.528599 2.159279
v -18.175692 -18.145182 2.167831
v -18.172722 20.803936 1.795558
v -18.139709 -19.566868 2.174557
v -18.125204 0.000654 2.177315
v -18.113785 18.817383 2.162960
v -18.102407 -19.429689 2.181672
v -18.085878 -20.390800 2.175247
v -18.074551 -19.589018 2.187106
v -18.053259 18.278028 2.191406
v -18.039953 20.424488 1.953546
v -18.034647 -19.598921 2.195020
v -18.029423 22.080856 1.329486
v -18.024790 -19.479143 2.196995
v -18.015362 -23.581318 2.039892
v -18.013992 -19.304287 2.199191
v -18.012892 -18.540421 2.199116
v -18.008080 -22.716492 2.083307
v -17.991009 -19.606503 2.203881
v -17.979282 -18.357290 2.206259
v -17.975531 -18.817852 2.206862
v -17.959633 -21.874468 2.136192
v -17.952091 -19.095282 2.211921
v -17.940805 -24.523294 2.010730
v -17.929996 -19.528599 2.216588
v -17.918823 -25.346558 2.000000
v -17.905565 -19.613096 2.221794
v -17.902990 -19.619377 2.222345
v -17.900846 -19.630207 2.222800
v -17.897961 20.039087 2.087236
v -17.897642 -19.646606 2.223472
v -17.858038 -21.092005 2.194305
v -17.835361 -19.429689 2.237065
v -17.834244 -19.566868 2.237342
v -17.759260 -19.588882 2.254262
v -17.747292 19.649206 2.196135
v -17.747177 -19.479143 2.257040
v -17.726656 -18.817850 2.261571
v -17.721785 -20.344528 2.252031
v -17.712498 -19.598921 2.265131
v -17.706516 -18.623396 2.266080
v -17.706224 22.268639 1.170100
v -17.688576 -19.304287 2.270795
v -17.664621 -19.095282 2.276494
v -17.663971 -19.606251 2.276680
v -17.644554 18.676519 2.281403
v -17.639542 -19.528599 2.282576
v -17.635160 -18.684774 2.283759
v -17.630657 22.318359 1.400725
v -17.627525 -23.365349 2.089678
v -17.620909 22.336206 0.000000
v -17.620144 -22.541351 2.147944
v -17.588511 19.256327 2.279813
v -17.576902 21.954235 1.615622
v -17.575857 -21.742228 2.212522
v -17.564898 -19.612846 2.301019
v -17.560091 -19.618906 2.302226
v -17.557600 -19.629129 2.302847
v -17.557409 -24.265495 2.042878
v -17.553909 -19.644522 2.303760
v -17.530882 -19.566868 2.309619
v -17.512756 21.579901 1.809052
v -17.482983 -21.002399 2.279400
v -17.481838 -19.429688 2.322210
v -17.446445 -19.588747 2.331504
v -17.438452 21.196737 1.980285
v -17.420198 -25.206768 2.011484
v -17.392834 -19.598921 2.345822
v -17.387716 -18.889502 2.347059
v -17.379892 -19.479143 2.349317
v -17.379177 -19.095282 2.349508
v -17.365725 -19.304287 2.353200
v -17.360800 -20.298651 2.342519
v -17.354269 20.806170 2.128699
v -17.340080 -19.605999 2.360247
v -17.260515 20.409641 2.253729
v -17.255569 -19.528597 2.383961
v -17.242020 -23.150675 2.159245
v -17.236078 -19.612593 2.389551
v -17.235104 -22.367517 2.230835
v -17.231777 -26.160852 2.000000
v -17.221624 19.010735 2.393720
v -17.220219 -19.618448 2.394125
v -17.217388 -19.628061 2.394939
v -17.213224 -19.642456 2.396127
v -17.195389 -21.611128 2.305554
v -17.175661 -24.008804 2.096382
v -17.158340 22.503227 1.538036
v -17.157545 20.008627 2.354927
v -17.149172 22.805977 1.360437
v -17.131641 -19.429688 2.420150
v -17.130772 22.133644 1.746218
v -17.130186 -19.566868 2.420637
v -17.111486 -20.913647 2.379652
v -17.092836 21.753757 1.933133
v -17.070604 -19.111305 2.438707
v -17.046267 -24.909206 2.045888
v -17.045797 -19.304285 2.446316
v -17.045731 19.604610 2.431903
v -17.044666 21.364962 2.098079
v -17.033770 -19.588566 2.450024
v -17.024063 0.000654 2.453074
v -17.016363 -19.479143 2.455432
v -17.003433 -20.253235 2.446583
v -16.999640 -19.155605 2.460663
v -16.986446 20.968695 2.240462
v -16.971083 -19.598921 2.469718
v -16.950747 22.848953 1.142828
v -16.918385 20.566412 2.359742
v -16.913702 -19.605661 2.488179
v -16.875923 -19.528597 2.500510
v -16.859612 -22.937727 2.248441
v -16.853670 -22.195314 2.331839
v -16.840736 20.159605 2.455494
v -16.820147 -25.876078 2.012282
v -16.818876 -21.481392 2.415124
v -16.810673 -19.612183 2.522227
v -16.796377 -23.753769 2.171135
v -16.787907 19.274328 2.529953
v -16.785238 -19.429688 2.530756
v -16.781940 -19.277468 2.531967
v -16.772497 -19.617853 2.535160
v -16.769222 -19.626654 2.536271
v -16.764452 -19.639734 2.537880
v -16.760277 -19.288658 2.539327
v -16.753786 19.749767 2.527350
v -16.744127 -20.825882 2.494902
v -16.734453 -19.566868 2.548214
v -16.684952 22.658680 1.690289
v -16.683784 22.283945 1.891513
v -16.675688 23.021563 1.468593
v -16.674051 -24.613014 2.103142
v -16.672199 21.898748 2.071534
v -16.657114 -19.479143 2.575236
v -16.650230 21.504505 2.229674
v -16.626816 -19.588387 2.586055
v -16.617968 21.102676 2.365362
v -16.575523 20.694742 2.478084
v -16.555182 -19.598921 2.612025
v -16.533443 -20.193504 2.606205
v -16.523058 20.282209 2.567439
v -16.501207 -19.528597 2.632042
v -16.494305 -19.605326 2.634633
v -16.490993 -19.410355 2.636005
v -16.481066 -22.726931 2.357101
v -16.476553 -22.025061 2.450762
v -16.473118 -26.911268 2.000000
v -16.463682 -19.421711 2.646087
v -16.460762 19.866604 2.633080
v -16.459511 -25.538300 2.049076
v -16.446962 -21.353239 2.541042
v -16.420372 -23.500940 2.266960
v -16.412823 -26.275341 2.012794
v -16.390263 -19.611746 2.674240
v -16.349031 19.463442 2.690305
v -16.344364 -19.566866 2.692134
v -16.331892 -19.617279 2.697043
v -16.328190 -19.625269 2.698498
v -16.322844 -19.637056 2.700588
v -16.304411 -24.318869 2.183123
v -16.273901 -19.488237 2.720071
v -16.261745 -20.710638 2.671595
v -16.257336 21.614435 2.375130
v -16.253159 22.013931 2.224316
v -16.250896 21.207188 2.503459
v -16.238373 22.404184 2.051564
v -16.233856 20.793699 2.608810
v -16.230436 23.482437 1.372864
v -16.226324 -19.588205 2.739318
v -16.213039 22.783747 1.857530
v -16.206284 20.375515 2.690806
v -16.199375 -19.509853 2.750556
v -16.177250 23.151199 1.642924
v -16.176073 23.403784 1.132286
v -16.168278 19.954187 2.749127
v -16.145937 -19.598919 2.772473
v -16.107138 -22.518705 2.485004
v -16.104450 -21.857069 2.587381
v -16.100651 -25.202183 2.110298
v -16.090818 23.462482 0.000000
v -16.082663 -19.604990 2.799216
v -16.071951 -20.134855 2.789299
v -16.062286 -25.912857 2.051120
v -16.048452 -23.250858 2.383668
v -16.020622 -19.554762 2.825874
v -15.986037 -26.654671 2.013312
v -15.977257 -19.611317 2.844808
v -15.961271 0.000654 2.851849
v -15.959330 -21.185213 2.734001
v -15.938190 -24.027445 2.285627
v -15.911071 19.574688 2.874691
v -15.908649 -19.575954 2.875338
v -15.899378 -19.616728 2.879426
v -15.895347 20.863121 2.751610
v -15.895267 -19.623911 2.881269
v -15.892234 20.439350 2.825308
v -15.889382 -19.634426 2.883898
v -15.887331 21.282063 2.654424
v -15.877996 20.012344 2.875225
v -15.868212 21.694584 2.534105
v -15.838069 22.099134 2.391120
v -15.833012 -19.588024 2.909495
v -15.797011 22.494181 2.225995
v -15.789072 -20.597715 2.874140
v -15.745202 22.878233 2.039369
v -15.744444 -24.868553 2.195811
v -15.738570 -22.313467 2.631887
v -15.713545 -25.552231 2.114888
v -15.682829 23.249834 1.831933
v -15.681417 -23.004059 2.521002
v -15.679526 -19.604654 2.981491
v -15.649596 -27.594992 2.000000
v -15.646809 -26.268129 2.053186
v -15.620383 -19.608648 3.010064
v -15.620112 -20.077435 2.995417
v -15.617644 -19.608809 3.011397
v -15.617306 -21.637142 2.796638
v -15.576234 -23.739416 2.410439
v -15.573082 -19.610886 3.033255
v -15.540414 -27.013855 2.013837
v -15.483599 -19.612772 3.077998
v -15.482475 -21.020901 2.955052
v -15.479112 19.609957 3.081575
v -15.479089 -19.613203 3.080283
v -15.478126 -19.613630 3.080771
v -15.477277 -19.614487 3.081201
v -15.475904 -19.616199 3.081897
v -15.456985 -19.643541 3.091443
v -15.454881 23.633137 1.665321
v -15.391763 -24.538225 2.305380
v -15.380816 -19.752102 3.129158
v -15.367491 -25.194384 2.203947
v -15.336076 -19.608610 3.154242
v -15.331454 24.078962 1.372864
v -15.327425 -20.487427 3.101985
v -15.320048 -22.761070 2.678659
v -15.309389 -25.883648 2.119526
v -15.307688 20.045074 3.155246
v -15.276259 20.483328 3.125116
v -15.256763 -22.045170 2.856766
v -15.232051 20.918098 3.070608
v -15.222718 -19.965229 3.204069
v -15.219370 -23.455439 2.557264
v -15.213662 -26.603912 2.055279
v -15.181639 24.060762 1.132286
v -15.175249 21.347670 2.991954
v -15.141903 -21.422518 3.036211
v -15.106074 21.770334 2.889450
v -15.093005 -20.032606 3.270391
v -15.077514 -27.352501 2.014368
v -15.056713 19.574425 3.308753
v -15.043479 -24.212015 2.438759
v -15.025007 -24.840229 2.318044
v -15.024810 22.184423 2.763518
v -15.017851 -20.860802 3.203539
v -14.974675 -25.502251 2.212168
v -14.950520 0.000654 3.368503
v -14.931774 22.588287 2.614642
v -14.888721 -26.196241 2.124224
v -14.883124 -20.374441 3.352392
v -14.868417 -23.176165 2.725757
v -14.848386 -22.443920 2.919918
v -14.827344 22.980335 2.443426
v -14.787501 -21.783861 3.114066
v -14.784120 -19.516880 3.468035
v -14.769749 -28.209694 2.000000
v -14.764337 -26.919844 2.057398
v -14.757031 19.974337 3.468465
v -14.711929 23.359003 2.250535
v -14.700444 -23.890720 2.595612
v -14.692474 23.716957 1.988121
v -14.686975 -24.490675 2.456911
v -14.682930 20.423735 3.461643
v -14.679815 -21.213905 3.305325
v -14.647433 19.473280 3.554021
v -14.643555 -25.124949 2.330838
v -14.618479 23.732838 2.012227
v -14.594000 20.869314 3.429402
v -14.566487 -25.791967 2.220492
v -14.536382 -19.918709 3.605936
v -14.511629 -20.758886 3.499818
v -14.496484 -27.734369 2.015019
v -14.490632 21.309189 3.371898
v -14.488968 24.484123 0.000000
v -14.452961 -26.489677 2.128979
v -14.448137 19.889229 3.664383
v -14.445594 -20.372688 3.609583
v -14.411070 -22.812227 2.983471
v -14.410549 24.641096 1.372864
v -14.389975 -22.135679 3.195783
v -14.373257 21.741493 3.289355
v -14.363498 -23.575130 2.775544
v -14.354253 -24.146614 2.620184
v -14.350793 20.345091 3.672548
v -14.339019 -20.822685 3.587282
v -14.332458 -21.530470 3.402894
v -14.316914 -24.752750 2.475247
v -14.261505 -19.315407 3.810666
v -14.254830 19.311701 3.815176
v -14.247851 -25.392208 2.343791
v -14.242382 22.164400 3.182142
v -14.237233 20.796896 3.654517
v -14.201099 -27.275192 2.059996
v -14.162204 24.674568 1.132286
v -14.153727 19.775892 3.866228
v -14.144280 -26.063236 2.228919
v -14.107976 21.242645 3.610392
v -14.107869 -21.116646 3.647582
v -14.098556 22.576109 3.050695
v -14.034290 20.237940 3.890400
v -14.027692 -23.808924 2.807435
v -14.012480 -19.709921 3.969218
v -14.004832 0.000654 3.996378
v -13.995619 -24.386644 2.644999
v -13.967525 -22.459274 3.277963
v -13.963584 21.680355 3.540348
v -13.948200 23.738255 2.338239
v -13.946570 -21.837530 3.505225
v -13.942399 22.974884 2.895589
v -13.933699 -24.998074 2.493806
v -13.925144 -23.164560 3.050612
v -13.907493 -26.818777 2.134809
v -13.897057 20.695684 3.887557
v -13.895933 -28.084608 2.015679
v -13.883373 -20.175331 4.001112
v -13.881913 19.095514 4.089950
v -13.863157 19.631182 4.081512
v -13.844357 -28.752441 2.000000
v -13.839178 -25.641741 2.356901
v -13.804710 22.108088 3.444716
v -13.774566 23.359024 2.717464
v -13.771089 -19.019358 4.177387
v -13.742667 21.146996 3.857729
v -13.735714 -20.636278 4.005486
v -13.723438 20.099958 4.122248
v -13.680522 -24.027601 2.839632
v -13.675443 -21.444635 3.795716
v -13.637375 -19.495867 4.260917
v -13.632051 22.523937 3.323900
v -13.624894 -24.610651 2.670111
v -13.619702 -27.600054 2.062627
v -13.616542 -26.366495 2.239249
v -13.603312 -23.370081 3.093598
v -13.588190 19.463493 4.300759
v -13.571822 21.589760 3.801033
v -13.570226 -21.090563 3.982340
v -13.564276 20.564114 4.134943
v -13.539603 -22.118753 3.608057
v -13.538536 -25.226408 2.512586
v -13.528719 18.832474 4.376209
v -13.500997 -22.767296 3.364721
v -13.481905 -19.969931 4.315893
v -13.469071 25.168074 1.372864
v -13.446383 22.926069 3.178455
v -13.429408 19.938745 4.358833
v -13.387689 -21.536003 3.931763
v -13.386468 21.021368 4.119561
v -13.385323 22.021915 3.717751
v -13.345205 -27.118542 2.140713
v -13.329120 -25.919699 2.372969
v -13.322290 -24.231010 2.872207
v -13.314074 -18.643335 4.564027
v -13.305462 -20.439106 4.342006
v -13.281620 -19.239389 4.564918
v -13.279045 -28.402391 2.016346
v -13.271492 -23.561523 3.136979
v -13.249340 20.409046 4.387840
v -13.248521 23.312687 3.009009
v -13.243214 -24.818426 2.695516
v -13.227044 23.701389 2.712647
v -13.218152 -21.739922 3.944205
v -13.195174 18.528645 4.672371
v -13.193294 -22.946091 3.420231
v -13.190873 21.469465 4.076152
v -13.184017 22.441437 3.608246
v -13.136396 0.000654 4.727384
v -13.119202 25.244576 1.132286
v -13.108971 -20.900986 4.339144
v -13.102341 -19.722271 4.643970
v -13.092916 -22.385082 3.716526
v -13.073302 -26.641581 2.249709
v -13.072839 19.063044 4.756793
v -13.064827 24.622168 2.012227
v -13.048939 20.871962 4.387656
v -13.046091 -25.479738 2.535599
v -13.041612 23.876148 2.651590
v -13.023187 -27.893671 2.065289
v -13.007413 -19.003590 4.819557
v -12.978468 21.906214 4.004953
v -12.968849 22.846371 3.473047
v -12.954057 -24.418966 2.905152
v -12.929917 -23.738747 3.180850
v -12.899421 -20.199781 4.692706
v -12.893429 -21.353188 4.307295
v -12.891663 -18.201950 4.966413
v -12.884199 -29.220306 2.000000
v -12.881300 18.189913 4.976886
v -12.880057 19.551346 4.851120
v -12.876903 -23.111900 3.476227
v -12.829227 21.325075 4.358255
v -12.822501 25.396574 0.000000
v -12.810510 -19.493666 4.918875
v -12.804842 -26.170660 2.389235
v -12.799515 -22.538893 3.785881
v -12.769004 -27.388279 2.146686
v -12.768305 -25.047926 2.726639
v -12.750283 22.329453 3.906292
v -12.747191 -18.746725 5.079611
v -12.740807 23.234814 3.312761
v -12.736699 -22.002678 4.094072
v -12.674010 -20.669281 4.710880
v -12.661869 20.033957 4.914213
v -12.659961 -21.793392 4.246645
v -12.603494 18.590210 5.231697
v -12.591365 21.766048 4.299816
v -12.587596 -19.977943 4.986665
v -12.579546 -23.901598 3.225201
v -12.551979 -23.264597 3.532827
v -12.540670 -25.707268 2.558891
v -12.534299 -19.244064 5.199603
v -12.533990 23.610718 3.108318
v -12.517325 -26.887871 2.260287
v -12.508368 25.659136 1.372864
v -12.507455 22.737114 3.780675
v -12.504022 -17.709084 5.380844
v -12.498633 -22.680876 3.855803
v -12.496590 -24.625559 2.945502
v -12.489639 0.473128 20.990578
v -12.489285 -0.459128 20.990511
v -12.481807 0.445741 20.495029
v -12.481493 -0.432568 20.494951
v -12.470621 -0.000223 21.500000
v -12.462286 0.499303 21.485498
v -12.461884 -0.484503 21.485445
v -12.449553 0.740309 21.500000
v -12.449528 -0.740755 21.500000
v -12.438857 0.417280 20.001345
v -12.438580 -0.404960 20.001259
v -12.436865 -28.205788 2.061658
v -12.427340 -21.128159 4.698363
v -12.427256 1.315043 20.465969
v -12.426764 1.395305 20.961790
v -12.426138 -1.312072 20.465532
v -12.425322 -1.393749 20.961302
v -12.419564 20.508085 4.945735
v -12.391908 1.231504 19.971952
v -12.391058 -1.227301 19.971577
v -12.390408 1.471872 21.456865
v -12.388573 -1.471902 21.456327
v -12.386302 1.478449 21.500000
v -12.386250 -1.478895 21.500000
v -12.382119 19.091778 5.363745
v -12.360977 0.387888 19.512009
v -12.360732 -0.376443 19.511919
v -12.356401 0.000654 5.552102
v -12.340013 -20.453577 5.022557
v -12.336571 22.192577 4.212616
v -12.323264 -2.153857 20.410156
v -12.322410 2.167211 20.409563
v -12.320873 1.145116 19.482286
v -12.320239 -1.139877 19.481979
v -12.311017 17.428967 5.605804
v -12.306786 -2.284898 20.906425
v -12.305792 2.299088 20.905821
v -12.302511 -2.017255 19.915567
v -12.301787 2.029748 19.914978
v -12.292857 -19.735147 5.286849
v -12.281612 -25.252846 2.758130
v -12.280812 2.211742 21.500000
v -12.280732 -2.212215 21.500000
v -12.268972 -26.394072 2.405683
v -12.268277 -18.180899 5.612582
v -12.253129 -2.409663 21.401703
v -12.251988 2.424663 21.401077
v -12.251164 23.127180 3.628700
v -12.248588 0.357714 19.029478
v -12.248371 -0.347161 19.029387
v -12.244608 -1.875824 19.425323
v -12.244001 1.887436 19.424734
v -12.233399 -22.231968 4.245716
v -12.219380 -23.404055 3.590019
v -12.214548 1.056325 18.999493
v -12.214086 -1.050257 18.999260
v -12.204510 -2.831457 20.345486
v -12.200488 -2.652772 19.850288
v -12.190348 -22.810909 3.926443
v -12.178865 18.060854 5.720812
v -12.173542 2.797140 19.832911
v -12.173131 2.985279 20.328260
v -12.169724 -3.002489 20.842184
v -12.160799 -21.573881 4.655251
v -12.157644 -2.467438 19.359394
v -12.154528 20.970964 4.945474
v -12.149900 -1.730334 18.942059
v -12.149398 1.741045 18.941465
v -12.148940 -17.173670 5.805753
v -12.145166 -24.079296 3.279495
v -12.134689 2.601907 19.341846
v -12.133496 3.165252 20.825056
v -12.133012 2.937665 21.500000
v -12.132914 -2.938103 21.500000
v -12.130656 19.586811 5.462355
v -12.102224 0.326909 18.556185
v -12.102035 -0.317262 18.556095
v -12.096292 -3.164890 21.337570
v -12.076259 -2.276511 18.875574
v -12.075357 -3.263268 19.769304
v -12.073448 0.965589 18.526060
v -12.073121 -0.958905 18.525911
v -12.069197 -20.917751 5.026307
v -12.066182 22.602459 4.097134
v -12.058758 -3.481552 20.265192
v -12.056833 2.400704 18.857880
v -12.054828 3.336021 21.320452
v -12.054066 25.770164 1.132286
v -12.051079 -3.036329 19.277637
v -12.028477 -24.808817 2.986314
v -12.028205 -18.693039 5.774663
v -12.024758 -25.908506 2.582437
v -12.024411 -20.216904 5.340837
v -12.018868 -1.581566 18.468384
v -12.018454 1.591363 18.467785
v -12.013099 3.526777 19.728588
v -12.001420 -3.689882 20.762323
v -11.998101 3.282106 19.236546
v -11.995046 -27.203779 2.245872
v -11.986190 3.761829 20.224792
v -11.986108 -2.802105 18.793131
v -11.956756 -2.081065 18.401575
v -11.942832 3.653594 21.500000
v -11.942737 -3.653920 21.500000
v -11.941334 3.029334 18.751694
v -11.940382 2.194679 18.383791
v -11.934091 18.576008 5.891371
v -11.931314 -3.845920 19.674643
v -11.928549 -3.579974 19.182123
v -11.922652 0.295628 18.094500
v -11.922488 -0.286899 18.094416
v -11.917585 3.985821 20.722095
v -11.903648 -3.886997 21.257713
v -11.898331 0.873376 18.064419
v -11.898110 -0.866295 18.064362
v -11.890821 -4.100996 20.171230
v -11.882590 -3.304874 18.696817
v -11.880794 -2.561993 18.318699
v -11.875850 -22.003965 4.581754
v -11.875409 -22.928890 3.997780
v -11.873375 23.470993 3.522200
v -11.868320 21.419922 4.913461
v -11.852251 -1.430327 18.006842
v -11.851907 1.439199 18.006231
v -11.850769 20.072105 5.526922
v -11.843102 2.770015 18.277033
v -11.841177 -17.557163 6.160191
v -11.840131 3.925972 19.112215
v -11.827281 4.216296 19.605314
v -11.824957 -16.602579 6.240057
v -11.812917 16.579044 6.257415
v -11.807967 3.625166 18.626331
v -11.807858 -23.554983 3.659993
v -11.807665 4.197358 21.217430
v -11.807376 -4.343585 20.668709
v -11.799848 -1.882212 17.940067
v -11.796781 17.484936 6.221795
v -11.793685 -3.022369 18.221836
v -11.793267 -4.098403 19.074711
v -11.786041 1.985016 17.922283
v -11.785480 -25.432753 2.789956
v -11.781591 22.993553 3.953944
v -11.776768 -21.367744 4.997925
v -11.772087 -4.400699 19.568108
v -11.769454 4.494183 20.102337
v -11.768458 -3.784906 18.588518
v -11.754022 -19.197914 5.901638
v -11.735808 -2.317438 17.857178
v -11.730954 3.315879 18.150921
v -11.730615 -20.686304 5.361196
v -11.710747 0.264028 17.646755
v -11.710607 -0.256224 17.646683
v -11.710215 4.356842 21.500000
v -11.710147 -4.357028 21.500000
v -11.709725 -22.426912 4.399756
v -11.705014 -4.689711 20.065332
v -11.704056 2.505754 17.815477
v -11.703156 4.410402 19.002077
v -11.701553 -24.235363 3.334382
v -11.697780 -3.462346 18.112862
v -11.692510 4.074126 18.515295
v -11.690066 0.780162 17.616961
v -11.689933 -0.772906 17.616999
v -11.681470 -4.572117 21.163895
v -11.674898 0.000654 6.459903
v -11.667087 4.757787 20.599958
v -11.665945 4.734124 19.496012
v -11.662445 -2.734276 17.760206
v -11.654018 19.083679 6.026375
v -11.650915 -1.277432 17.559925
v -11.650623 1.285370 17.559307
v -11.648060 -4.591635 18.957048
v -11.646130 -4.242281 18.469900
v -11.634023 3.727682 18.039154
v -11.609657 3.000189 17.689150
v -11.606388 -1.681075 17.493675
v -11.600974 -4.927577 19.451298
v -11.595138 -3.882065 17.993441
v -11.594658 1.772915 17.476017
v -11.592561 -4.963475 20.562983
v -11.581763 -3.132941 17.650986
v -11.581084 5.042959 19.993578
v -11.579946 -18.084578 6.364828
v -11.574090 -22.416042 4.478307
v -11.571110 4.501470 18.395798
v -11.564192 -26.226637 2.550369
v -11.562582 21.852335 4.849851
v -11.558906 4.870763 18.883526
v -11.551982 -2.069905 17.411348
v -11.551916 -24.968365 3.027545
v -11.544245 20.544498 5.556989
v -11.533553 18.014082 6.431159
v -11.532269 4.120190 17.918800
v -11.530647 -16.002676 6.682669
v -11.529790 26.113506 1.372864
v -11.528172 3.373560 17.577045
v -11.525009 2.238179 17.369890
v -11.520815 5.005330 21.094847
v -11.518020 -4.677081 18.342636
v -11.506514 23.917496 3.290953
v -11.505161 -5.247622 19.949032
v -11.495815 5.225265 19.378250
v -11.495754 -5.059695 18.830776
v -11.495517 -3.513641 17.531147
v -11.489667 -2.442434 17.314894
v -11.487819 -4.281668 17.865236
v -11.486479 -23.055443 4.085008
v -11.481795 24.663448 2.651590
v -11.467342 0.244844 17.214771
v -11.465841 -0.296063 17.212484
v -11.464431 -21.800888 4.937545
v -11.463083 -16.886929 6.719936
v -11.457076 25.409401 2.012227
v -11.455137 16.871334 6.732670
v -11.449238 5.334722 20.491215
v -11.447704 -19.691967 5.992652
v -11.445623 4.908072 18.269152
v -11.444839 2.680201 17.244122
v -11.443893 0.780672 17.176300
v -11.442743 3.729853 17.456167
v -11.440016 -0.830422 17.170126
v -11.435447 -5.220096 21.057652
v -11.435182 5.044493 21.500000
v -11.435143 -5.044581 21.500000
v -11.427261 4.494262 17.791172
v -11.421269 -5.426522 19.325811
v -11.421152 -2.798943 17.206068
v -11.413335 -21.140423 5.347830
v -11.409566 5.307954 18.757854
v -11.405460 -3.876581 17.402319
v -11.398355 1.301067 17.100193
v -11.392753 -1.349160 17.090845
v -11.388386 -23.686045 3.730691
v -11.386509 -5.089611 18.208378
v -11.382255 5.562247 19.876196
v -11.381762 15.664632 6.927924
v -11.377851 -4.661507 17.729902
v -11.375657 3.014281 17.132286
v -11.361382 -5.549445 20.446596
v -11.354705 4.069920 17.327801
v -11.350660 -29.849400 2.000000
v -11.347939 -3.139705 17.086430
v -11.340717 19.580208 6.124888
v -11.339142 -5.502852 18.697533
v -11.334012 1.797262 16.990038
v -11.327023 -1.843370 16.977886
v -11.320233 4.850926 17.657333
v -11.319458 5.690664 19.253275
v -11.317513 5.295002 18.136417
v -11.313318 -4.222161 17.266113
v -11.303153 3.333430 17.011450
v -11.295080 -5.774656 19.823856
v -11.278444 -18.603596 6.532201
v -11.271522 -3.464993 16.957539
v -11.271291 5.607303 20.985363
v -11.266648 -5.022981 17.588673
v -11.265097 4.394763 17.192993
v -11.256876 5.723100 18.626093
v -11.255239 2.265354 16.850639
v -11.253284 -5.481334 18.068361
v -11.250712 -24.369492 3.389805
v -11.247192 -2.308463 16.836027
v -11.245168 23.288570 3.951542
v -11.239109 22.265711 4.755044
v -11.236227 -5.897777 19.193235
v -11.229338 18.534698 6.603037
v -11.228470 3.638498 16.882843
v -11.220287 -4.551734 17.123745
v -11.219158 5.879158 20.373556
v -11.213100 21.000940 5.552400
v -11.208143 5.204307 17.512756
v -11.207125 -16.354109 7.151384
v -11.193377 -3.775258 16.820936
v -11.186402 -17.430193 6.966986
v -11.183121 5.677480 17.993113
v -11.180226 -5.922650 18.558517
v -11.178174 17.414961 6.980668
v -11.175962 6.053051 19.751381
v -11.171392 4.717356 17.047148
v -11.170635 -5.830804 20.940340
v -11.168779 -22.586948 4.556243
v -11.166264 2.704960 16.686691
v -11.157476 -2.745231 16.669981
v -11.155103 -5.367400 17.442364
v -11.152499 3.930472 16.747467
v -11.149616 -25.286413 2.971395
v -11.138935 6.131520 19.122082
v -11.134047 -22.214647 4.845555
v -11.127115 -4.866555 16.976027
v -11.119682 16.154449 7.310872
v -11.119423 -5.853634 17.923386
v -11.118247 -6.101386 20.320993
v -11.117791 -5.713556 21.500000
v -11.117791 5.713556 21.500000
v -11.114527 -4.071814 16.677780
v -11.111382 -20.171690 6.047017
v -11.100668 0.000654 7.439092
v -11.098850 26.195763 0.000000
v -11.096489 5.541156 17.363745
v -11.096462 6.132455 18.483776
v -11.090731 -23.163948 4.173076
v -11.085499 16.369188 7.326662
v -11.078552 -6.271034 19.691324
v -11.078207 5.025718 16.896585
v -11.074535 -21.576395 5.300790
v -11.074507 -29.123186 2.030244
v -11.073114 4.221134 16.600643
v -11.061692 -3.154680 16.484045
v -11.049017 6.041069 17.845495
v -11.048223 -6.342991 19.054726
v -11.044090 -5.696033 17.291777
v -11.035625 -4.355875 16.528866
v -11.034537 -5.167840 16.823763
v -11.025462 -14.742712 7.588831
v -11.020319 -6.320571 18.414507
v -11.008869 -39.202747 2.000000
v -11.007708 6.173548 20.866526
v -10.996413 20.061985 6.186153
v -10.994242 4.499825 16.448662
v -10.985990 -6.207849 17.774237
v -10.980326 6.392186 20.248098
v -10.976640 -15.806004 7.587286
v -10.972717 3.503060 16.302050
v -10.968228 26.250710 1.132286
v -10.964635 6.516673 19.620073
v -10.962769 -23.796988 3.802033
v -10.957309 -4.628616 16.374981
v -10.949067 6.565034 18.980175
v -10.939114 -19.110117 6.661030
v -10.936152 6.520483 18.337095
v -10.931323 0.000654 16.214153
v -10.922344 -16.909857 7.430158
v -10.905536 14.388023 7.841257
v -10.903868 15.616971 7.736323
v -10.899763 22.657629 4.629560
v -10.895941 5.604782 16.584213
v -10.892096 -6.404113 20.813313
v -10.886628 19.042622 6.736098
v -10.877540 6.170528 17.055307
v -10.867522 -6.619514 20.187607
v -10.864595 -3.901482 16.067125
v -10.862764 -17.963814 7.174932
v -10.860711 -6.698050 18.266256
v -10.859460 21.438448 5.513145
v -10.858843 -6.763777 18.911015
v -10.858376 -6.738545 19.552528
v -10.854108 -5.734660 16.508818
v -10.854098 17.948915 7.189524
v -10.841052 6.271145 21.388845
v -10.840264 5.026144 16.132090
v -10.832687 16.714886 7.601123
v -10.827176 -6.311005 16.980986
v -10.804996 -5.144846 16.055447
v -10.801998 -6.345232 21.372890
v -10.800022 -28.401361 2.120730
v -10.787547 -22.606560 4.722466
v -10.785402 6.717151 17.540125
v -10.776243 4.213695 15.862861
v -10.770626 -15.246048 8.027046
v -10.759115 6.974699 18.833673
v -10.756430 -24.394699 3.503759
v -10.747462 -20.633717 6.064392
v -10.742211 6.971162 19.477701
v -10.735575 6.875240 20.115726
v -10.734075 6.705266 20.739372
v -10.732125 6.111890 16.279531
v -10.724651 -6.867373 17.466564
v -10.716363 -21.991507 5.220405
v -10.710915 15.068920 8.165426
v -10.702309 5.491476 15.821687
v -10.702233 17.063061 7.665504
v -10.689771 -23.254202 4.261885
v -10.686744 -16.374676 7.897080
v -10.683799 -6.261754 16.184391
v -10.680124 6.717085 16.755371
v -10.672794 -4.575392 15.605997
v -10.669644 -7.161694 18.762823
v -10.661801 -5.629730 15.724618
v -10.649110 23.068518 4.394232
v -10.641110 0.000654 8.477050
v -10.636445 -7.178966 19.408159
v -10.624686 -13.431526 8.520994
v -10.623636 20.525549 6.209771
v -10.621648 -6.877895 16.661707
v -10.620413 7.238557 18.033321
v -10.615118 -22.711517 4.714774
v -10.612891 16.190151 8.056465
v -10.612479 -7.105795 20.047457
v -10.604840 -6.940250 20.677902
v -10.591194 4.863399 15.387349
v -10.588362 -14.676649 8.470392
v -10.585220 -17.454937 7.668717
v -10.579740 6.586069 15.970376
v -10.574724 5.930971 15.505627
v -10.564597 -19.600111 6.750240
v -10.553263 6.795154 21.269550
v -10.549891 14.546206 8.571811
v -10.547553 -7.397409 17.960062
v -10.547114 7.299746 17.243393
v -10.534657 26.530252 1.372864
v -10.532250 13.067459 8.780740
v -10.529420 -6.090635 15.385420
v -10.528869 -27.688295 2.270974
v -10.525412 -6.756924 15.853068
v -10.519552 7.399182 19.330326
v -10.512155 0.000654 15.159238
v -10.508126 19.533760 6.829219
v -10.503345 -6.777148 21.500000
v -10.498034 -5.202516 15.116228
v -10.495639 7.223792 16.451416
v -10.495095 -18.483095 7.341994
v -10.494264 6.791202 21.500000
v -10.491313 17.264261 7.850825
v -10.485847 18.468489 7.357447
v -10.485641 21.854208 5.439518
v -10.478494 -15.828121 8.366913
v -10.477909 7.347109 19.971735
v -10.476299 -7.470510 17.150581
v -10.472397 -6.933622 21.235367
v -10.469770 6.307638 15.219098
v -10.453674 7.204056 20.604719
v -10.453601 6.987779 15.691000
v -10.429695 -7.405053 16.336199
v -10.426336 5.476544 14.888240
v -10.418658 15.655318 8.514495
v -10.414624 -7.594019 19.258894
v -10.408123 14.018207 8.980826
v -10.391478 -6.602942 14.985629
v -10.389482 -23.562492 4.140894
v -10.388677 -13.938650 9.042268
v -10.384530 7.729028 18.529427
v -10.373544 6.673978 14.928990
v -10.358810 -7.299598 15.463660
v -10.358489 -21.074757 6.044611
v -10.355355 -7.562212 19.901186
v -10.345958 -5.803025 14.607577
v -10.342358 7.648742 16.177094
v -10.341043 -22.383137 5.107144
v -10.338885 -16.931593 8.165854
v -10.336975 7.374137 15.408571
v -10.334557 7.852737 17.737688
v -10.323725 7.835792 16.942383
v -10.322807 -12.097425 9.479178
v -10.312663 -7.441397 20.535051
v -10.302147 0.000654 9.560404
v -10.298029 -7.895155 18.455872
v -10.296793 -15.272609 8.839115
v -10.286572 7.033434 14.636420
v -10.285159 13.486899 9.392179
v -10.271282 -7.101215 14.581094
v -10.262681 -26.988287 2.480006
v -10.261991 16.751194 8.335389
v -10.258826 15.145443 8.946945
v -10.257139 11.731792 9.746167
v -10.249393 -8.032146 17.644930
v -10.243773 -8.026308 16.828251
v -10.237777 17.735722 7.939311
v -10.230377 7.748902 15.123896
v -10.226702 -7.975752 15.953842
v -10.225438 -13.194841 9.618768
v -10.225049 20.967524 6.195523
v -10.219934 7.789792 19.822151
v -10.215241 0.000654 14.063613
v -10.211452 -7.819051 15.070033
v -10.209126 7.389338 14.342202
v -10.199996 8.053502 15.899751
v -10.199052 -17.984169 7.864849
v -10.192570 -7.470929 14.273918
v -10.180546 12.954277 9.805584
v -10.172933 6.661208 13.851229
v -10.158528 7.689331 20.457674
v -10.157908 -20.069717 6.799176
v -10.141152 7.743237 14.046599
v -10.137820 8.281340 16.670551
v -10.134566 -7.480536 21.088562
v -10.133993 8.115804 14.837296
v -10.124094 -7.838164 13.965174
v -10.123008 -6.985395 13.563220
v -10.122583 -16.397291 8.665302
v -10.120513 14.630667 9.380699
v -10.118660 -10.765429 10.464058
v -10.113177 -8.199320 14.770825
v -10.101776 -14.553090 9.445688
v -10.098995 17.797213 8.057597
v -10.098354 -7.990686 19.749430
v -10.096916 20.004194 6.881706
v -10.094051 22.245493 5.331959
v -10.094000 12.422139 10.220892
v -10.092359 23.120752 4.569679
v -10.091567 -12.404859 10.234159
v -10.088144 0.000654 10.675192
v -10.086581 -18.983427 7.466632
v -10.085155 22.815697 4.848205
v -10.082620 8.096089 13.749842
v -10.080236 8.183073 19.022949
v -10.079561 10.405279 10.738447
v -10.077375 -40.908669 1.968697
v -10.076620 18.969053 7.482887
v -10.069173 8.442193 15.619932
v -10.066069 8.413946 17.436827
v -10.065907 -8.205107 13.655293
v -10.060756 16.228437 8.822022
v -10.053299 -22.800056 4.874945
v -10.047728 8.476836 14.548682
v -10.045865 -8.514490 15.566914
v -10.045200 8.369410 18.232246
v -10.044411 0.000654 12.941398
v -10.033494 8.448858 13.452158
v -10.032322 7.862537 12.799551
v -10.025868 -8.573011 14.469389
v -10.025501 11.891608 10.637848
v -10.019807 23.863565 3.930316
v -10.018176 -7.909790 20.385363
v -10.018009 -8.573513 13.344630
v -10.013749 -9.458994 11.475776
v -10.013137 -8.196830 12.512052
v -10.003200 14.112956 9.815232
v -10.003074 -26.305584 2.746622
v -10.002947 9.108780 11.756947
v -10.001862 0.000654 11.807052
v -9.997501 -11.618139 10.853129
v -9.997323 -8.621602 16.449001
v -9.993744 8.802505 13.153777
v -9.980302 -8.944119 13.033224
v -9.978775 -8.354899 18.948370
v -9.975052 11.363707 11.056154
v -9.971554 8.833387 14.258060
v -9.969957 -8.612217 17.322580
v -9.964868 8.702133 16.395275
v -9.957313 7.747908 21.009136
v -9.953704 9.302195 12.734235
v -9.952772 -9.316810 12.721721
v -9.950110 8.818986 15.337574
v -9.949532 -8.942801 14.165754
v -9.947498 -13.828574 10.053809
v -9.947255 24.606380 3.290953
v -9.947238 -21.491720 5.987855
v -9.943931 -8.555870 18.138582
v -9.942882 -10.839371 11.474761
v -9.942655 10.839454 11.475511
v -9.936733 -17.471060 8.390917
v -9.935488 -15.854458 9.166300
v -9.935313 -9.692546 12.409859
v -9.931974 9.808135 12.314400
v -9.928324 10.320962 11.894730
v -9.927880 -10.071567 12.097980
v -9.924273 -8.904205 15.272070
v -9.906376 13.594299 10.250021
v -9.905445 9.186845 13.965438
v -9.896635 15.730282 9.280588
v -9.884139 -9.310972 13.859888
v -9.874702 25.349194 2.651590
v -9.863124 26.685591 1.132286
v -9.863123 8.142606 20.304274
v -9.854960 17.294218 8.570234
v -9.849375 9.538599 13.670822
v -9.842669 9.186319 15.052326
v -9.842632 8.876647 17.164478
v -9.829720 13.076560 10.684596
v -9.829619 -9.678742 13.551646
v -9.827621 -13.059595 10.698504
v -9.815263 -9.283523 14.974084
v -9.805704 9.102727 16.116899
v -9.803566 21.384739 6.143559
v -9.802151 26.092009 2.012227
v -9.792574 -7.988297 20.933281
v -9.787554 10.032096 13.253955
v -9.787477 -7.775299 21.500000
v -9.786509 -30.398117 2.000000
v -9.786016 -10.046484 13.241514
v -9.777353 -9.176852 16.064039
v -9.773126 12.560560 11.118419
v -9.767451 -18.492472 8.016612
v -9.766627 7.801474 21.500000
v -9.756241 15.227571 9.739511
v -9.753242 -10.415526 12.929179
v -9.751958 -12.293980 11.341513
v -9.751610 -25.644297 3.069152
v -9.746790 9.545993 14.764055
v -9.745378 10.528785 12.833199
v -9.737400 -15.151801 9.808146
v -9.736502 12.046934 11.550930
v -9.731301 -10.786558 12.614859
v -9.726251 8.950731 17.928240
v -9.723952 -8.347598 20.229429
v -9.722762 11.030420 12.408874
v -9.722231 -20.515186 6.807395
v -9.719910 -11.535785 11.980944
v -9.719754 11.536321 11.981569
v -9.718817 -9.655614 14.672690
v -9.711025 8.595739 19.508440
v -9.706926 -16.947317 8.919006
v -9.699175 18.376972 8.143930
v -9.682418 8.843409 18.721060
v -9.673785 -9.227634 16.941917
v -9.662412 9.899802 14.472626
v -9.660684 9.487794 15.835084
v -9.659504 18.308477 8.219337
v -9.656257 20.450125 6.893079
v -9.641355 16.781860 9.084630
v -9.640888 -19.460423 7.547809
v -9.639047 14.722263 10.198071
v -9.634874 -10.023287 14.367580
v -9.634813 9.310391 16.887846
v -9.630095 19.446213 7.564796
v -9.629169 -9.574391 15.769633
v -9.612146 -9.154946 17.812506
v -9.593544 -8.771502 19.431982
v -9.589475 10.249545 14.177901
v -9.584332 -14.444885 10.449294
v -9.563561 -9.035065 18.625372
v -9.563313 -10.388199 14.058517
v -9.553080 22.535032 5.311392
v -9.548410 -29.658552 2.030244
v -9.544533 14.216352 10.655544
v -9.529615 9.860214 15.549333
v -9.524422 26.908863 1.372864
v -9.521811 -22.517031 5.339840
v -9.516592 -21.881636 5.894484
v -9.509817 -25.008444 3.445702
v -9.508826 -16.415388 9.448185
v -9.506285 10.737022 13.758416
v -9.504148 -10.751185 13.745892
v -9.496037 -9.958126 15.470986
v -9.484332 -17.987497 8.569880
v -9.473400 -8.388157 20.869783
v -9.472387 13.711764 11.111200
v -9.470476 -13.695086 11.125793
v -9.467774 16.293779 9.568845
v -9.461132 9.426435 17.651974
v -9.457253 -11.113908 13.429395
v -9.449641 -8.459590 20.770138
v -9.445349 11.224979 13.331809
v -9.443758 9.720256 16.607153
v -9.422591 -11.477474 13.109187
v -9.422557 13.209056 11.564229
v -9.412362 10.222170 15.259446
v -9.409805 -9.795793 16.553711
v -9.406484 11.716194 12.898407
v -9.405807 -12.948790 11.796467
v -9.395991 17.813471 8.758448
v -9.395000 12.708521 12.013808
v -9.389841 -12.209503 12.458540
v -9.389676 12.210455 12.459116
v -9.377933 -10.331729 15.167653
v -9.362211 21.774145 6.054207
v -9.354372 8.583684 20.723640
v -9.325703 26.878128 0.000000
v -9.320058 15.801433 10.052829
v -9.311750 -28.923458 2.120730
v -9.308789 10.575840 14.965226
v -9.308566 9.438983 18.410139
v -9.300339 -15.727216 10.125129
v -9.294606 -18.975029 8.122628
v -9.280869 8.962379 19.980499
v -9.279149 -24.401844 3.873942
v -9.274743 -10.698519 14.859169
v -9.270030 10.111498 16.321905
v -9.261055 -20.933022 6.774885
v -9.261032 -9.785118 17.425409
v -9.250769 9.269072 19.198210
v -9.235997 -17.472099 9.125146
v -9.232299 -10.199053 16.255535
v -9.218760 10.923406 14.666473
v -9.214923 9.869431 17.370230
v -9.197715 15.306779 10.535707
v -9.189723 20.868006 6.863304
v -9.186219 -11.060545 14.545284
v -9.177223 18.793077 8.334532
v -9.174994 -9.647053 18.291388
v -9.165061 17.309320 9.299272
v -9.161901 -19.909830 7.584741
v -9.150177 19.895706 7.602382
v -9.147137 -42.612293 1.874832
v -9.146583 -9.140152 19.901196
v -9.141079 -15.035418 10.799927
v -9.114983 11.405118 14.239123
v -9.113367 10.487431 16.031570
v -9.113186 -9.463851 19.099247
v -9.112270 -11.419057 14.226359
v -9.108991 -8.897097 20.599739
v -9.100254 14.811824 11.016605
v -9.094595 18.977087 8.276258
v -9.084079 -22.288368 5.715911
v -9.077963 -28.197285 2.270974
v -9.073132 -10.585637 15.951910
v -9.061010 -23.828194 4.351335
v -9.052646 -11.776008 13.902144
v -9.051944 22.230534 5.782326
v -9.037239 11.885105 13.801919
v -9.027425 14.318562 11.494593
v -9.025559 -14.302130 11.509892
v -9.021702 -16.948757 9.681362
v -9.021235 -22.210329 5.812479
v -9.007204 -12.132876 13.572799
v -9.000000 -10.354787 0.000000
v -9.000000 -10.354787 2.550832
v -9.000000 -10.354787 10.000000
v -9.000000 -1.400000 10.000000
v -9.000000 -1.400000 12.500000
v -9.000000 0.000000 0.000000
v -9.000000 0.000000 12.500000
v -8.998462 9.922904 18.126196
v -8.989141 10.285419 17.083189
v -8.987805 0.468358 12.500000
v -8.987094 -10.396982 2.145136
v -8.986409 -18.475645 8.700985
v -8.985014 12.367027 13.355315
v -8.979344 13.827332 11.968619
v -8.977233 16.829163 9.808178
v -8.977101 -8.698371 21.500000
v -8.973511 10.850581 15.735965
v -8.972221 -10.445609 1.975430
v -8.964644 -13.572538 12.211069
v -8.958288 -12.849728 12.899929
v -8.958031 12.851039 12.900523
v -8.956163 13.338153 12.437618
v -8.953318 -10.505365 1.864262
v -8.952966 -10.508564 1.829507
v -8.951254 0.935446 12.500000
v -8.949153 -10.361867 17.028385
v -8.942099 8.734350 21.500000
v -8.940611 -8.954180 20.869783
v -8.940164 -10.526612 2.135351
v -8.939145 1.044836 0.000000
v -8.932270 -10.959730 15.642329
v -8.930667 -10.581468 1.709839
v -8.917465 -10.574488 2.456835
v -8.906400 -10.660808 1.615989
v -8.904396 -10.655295 1.764822
v -8.890445 1.400000 10.000000
v -8.890445 1.400000 12.500000
v -8.890429 -10.676191 1.999017
v -8.890000 18.303535 8.898131
v -8.878529 -10.751930 1.542213
v -8.865973 -10.723337 2.287680
v -8.862888 -10.803068 1.515103
v -8.856708 -23.290928 4.874945
v -8.854636 -10.830047 1.505357
v -8.850409 -10.843869 1.501892
v -8.850204 11.203479 15.434903
v -8.848456 -27.484407 2.480006
v -8.848273 -10.850851 1.500666
v -8.847201 -10.854354 1.500234
v -8.846666 -10.856104 1.500082
v -8.846134 -10.857844 1.500000
v -8.843427 -10.826723 1.862761
v -8.842589 -10.856350 1.632337
v -8.827521 22.247780 5.848405
v -8.827204 -10.919736 1.500000
v -8.818686 9.872391 18.876209
v -8.817829 -10.873393 2.118605
v -8.817318 16.344959 10.316598
v -8.809519 -11.325143 15.326295
v -8.808273 -10.981627 1.500000
v -8.805205 -10.861609 2.997735
v -8.795997 -16.271963 10.392507
v -8.785025 -11.028864 1.681256
v -8.784968 -19.427193 8.181812
v -8.784610 10.680327 16.790344
v -8.778007 -21.319876 6.701849
v -8.773044 -11.024620 1.949651
v -8.770413 -11.105410 1.500000
v -8.764874 -10.285789 17.892395
v -8.762596 9.316949 20.416529
v -8.757403 2.075543 0.000000
v -8.755371 9.641127 19.657873
v -8.747110 -11.019816 2.779571
v -8.743188 11.548652 15.128201
v -8.740274 -10.768340 16.722048
v -8.740184 27.074183 1.132286
v -8.718572 -11.228015 1.724635
v -8.715078 -17.965912 9.281538
v -8.711164 10.370892 17.835289
v -8.707434 22.984407 5.209042
v -8.704427 -11.684249 15.003622
v -8.701028 21.254448 6.792563
v -8.697815 -11.169238 2.553190
v -8.694693 -11.352976 1.500000
v -8.684895 15.858677 10.823552
v -8.664590 -10.082005 18.752777
v -8.660344 2.449171 10.000000
v -8.656817 19.246216 8.401977
v -8.653898 -20.327726 7.577167
v -8.653278 -11.320375 2.326961
v -8.641161 20.313595 7.595378
v -8.637334 17.804935 9.463625
v -8.624623 -26.789156 2.746622
v -8.623608 -15.592048 11.100813
v -8.619969 12.024937 14.687852
v -8.616713 -12.038656 14.674695
v -8.613517 -11.473178 2.100962
v -8.600967 11.057894 16.491236
v -8.598283 -9.836770 19.554262
v -8.591405 -11.417880 3.367289
v -8.587346 23.721035 4.569679
v -8.580890 21.904884 6.260190
v -8.579541 15.372347 11.328062
v -8.567953 -11.679416 1.800119
v -8.553761 -11.155910 16.409021
v -8.550769 -21.882751 6.291961
v -8.545940 -12.390548 14.339371
v -8.543251 -11.848107 1.500000
v -8.527612 12.497949 14.235537
v -8.501099 14.888033 11.829076
v -8.500583 27.249010 1.372864
v -8.499147 -14.871795 11.845088
v -8.491776 -12.741716 13.997862
v -8.488929 -11.694738 3.150778
v -8.479958 -17.448353 9.863189
v -8.467258 24.457663 3.930316
v -8.465034 12.972044 13.771941
v -8.461278 10.359242 18.580553
v -8.457233 3.078181 0.000000
v -8.449968 14.405927 12.325344
v -8.448604 10.789386 17.537649
v -8.448007 -18.930433 8.782801
v -8.447175 -9.681511 20.239567
v -8.442964 -11.845028 2.858389
v -8.437785 11.420950 16.185768
v -8.435032 -14.155512 12.578813
v -8.433207 19.526960 8.334290
v -8.431951 -13.446014 13.297873
v -8.431519 13.447613 13.298547
v -8.430981 17.330107 9.995831
v -8.426619 13.925848 12.815593
v -8.407812 -26.115711 3.069152
v -8.403899 -11.997806 2.566286
v -8.402283 -10.866176 17.480675
v -8.389553 -11.529281 16.088861
v -8.374198 -9.486524 20.869783
v -8.371756 -12.152998 2.274613
v -8.369186 -11.996055 3.686420
v -8.347171 25.194290 3.290953
v -8.342235 18.759197 8.987727
v -8.339691 -12.363543 1.886629
v -8.306892 3.463457 10.000000
v -8.294634 11.772327 15.873840
v -8.262905 10.245124 19.320274
v -8.254492 16.851368 10.527599
v -8.247340 -11.892732 15.761152
v -8.243458 -19.844700 8.193674
v -8.240367 -12.838371 1.500000
v -8.230918 -16.779196 10.606990
v -8.227083 25.930918 2.651590
v -8.219403 -44.311329 1.718529
v -8.219319 -12.399539 3.464139
v -8.211884 11.185092 17.232903
v -8.199339 -25.468170 3.445702
v -8.195992 -30.865051 2.000000
v -8.195426 9.962835 20.090302
v -8.192749 -10.722491 18.336105
v -8.176834 -12.550736 3.115830
v -8.173278 -12.505775 10.000000
v -8.171083 12.114860 15.555358
v -8.160713 -11.272989 17.161650
v -8.156927 9.914490 20.262835
v -8.149820 -18.423254 9.386368
v -8.143489 -12.705229 2.767973
v -8.140732 -12.590456 3.969483
v -8.139085 21.560722 6.744192
v -8.131154 10.807541 18.276228
v -8.126390 -12.248888 15.425850
v -8.121328 -20.710373 7.525088
v -8.119306 -12.862916 2.420793
v -8.109646 -21.536833 6.777508
v -8.107546 16.370712 11.057899
v -8.107514 20.696135 7.543781
v -8.106996 26.667545 2.012227
v -8.103453 19.663500 8.421087
v -8.101338 -13.077961 1.959329
v -8.087677 -10.453784 19.190393
v -8.080040 -9.537450 21.500000
v -8.064019 18.263067 9.575744
v -8.042694 4.039193 0.000000
v -8.039137 -16.107271 11.347967
v -8.029911 12.586132 15.097098
v -8.028858 9.580576 21.500000
v -8.027801 -22.690639 5.715911
v -8.026155 -12.599637 15.083402
v -8.000502 11.562146 16.920767
v -8.000458 -24.850418 3.873942
v -7.996589 -30.114128 2.030244
v -7.989815 15.890209 11.585700
v -7.946186 -11.659418 16.834747
v -7.945946 -12.947326 14.733819
v -7.925303 13.053362 14.625487
v -7.909147 -13.210381 3.769618
v -7.901257 15.411991 12.109903
v -7.899099 -15.395883 12.126624
v -7.889859 -17.908228 9.991421
v -7.885171 -13.293989 14.377408
v -7.874723 -19.347254 8.814574
v -7.870672 -13.362622 3.366580
v -7.856933 10.729203 19.008635
v -7.855398 13.521382 14.141518
v -7.848318 -10.339431 19.871044
v -7.843912 -13.519089 2.964213
v -7.842652 14.936186 12.629124
v -7.835432 17.790562 10.129457
v -7.835124 4.428412 10.000000
v -7.831151 -13.395930 9.950322
v -7.830666 11.224586 17.963617
v -7.828891 -13.679650 2.562851
v -7.827142 -13.899871 2.029842
v -7.825356 -14.688837 12.894154
v -7.819569 -13.988871 13.646077
v -7.818884 13.990671 13.646881
v -7.814896 14.462507 13.141927
v -7.813804 11.923636 16.601301
v -7.812379 -24.266224 4.351335
v -7.798391 -29.367743 2.120730
v -7.777869 -11.301091 17.903648
v -7.758585 -12.030691 16.499701
v -7.758529 19.175726 9.026383
v -7.745450 -10.241330 20.262835
v -7.725697 21.200684 7.233536
v -7.725041 20.018257 8.317142
v -7.715595 21.314240 7.127131
v -7.682621 10.286823 20.262835
v -7.675196 -20.223503 8.158025
v -7.672505 -13.808700 4.465748
v -7.663914 10.536308 19.747030
v -7.651138 12.272648 16.274561
v -7.638557 17.314190 10.683059
v -7.636230 -23.719080 4.874945
v -7.634601 -14.818898 1.500000
v -7.612159 -17.242380 10.765738
v -7.602599 -28.630413 2.270974
v -7.600842 27.415865 1.132286
v -7.597433 -12.391524 16.156298
v -7.592796 -14.037381 4.042930
v -7.561172 11.617953 17.642628
v -7.558415 -14.190688 3.590719
v -7.552828 -11.088687 18.750004
v -7.548466 22.041655 6.487768
v -7.547500 -14.738165 2.092586
v -7.546526 -18.839157 9.438578
v -7.538379 -14.349170 3.139431
v -7.532707 -14.512664 2.689523
v -7.522508 20.040773 8.391598
v -7.519390 4.945581 0.000000
v -7.518358 -21.103649 7.397843
v -7.511852 12.612267 15.940604
v -7.510964 27.440626 0.000000
v -7.503109 -11.705117 17.567390
v -7.500000 0.000000 21.500000
v -7.493274 -14.275029 9.801907
v -7.485314 -0.469114 12.500000
v -7.485314 0.469114 12.500000
v -7.483260 11.172782 18.686485
v -7.473197 16.835995 11.235515
v -7.464639 27.550360 1.372864
v -7.461647 -12.744701 15.804693
v -7.451649 18.678638 9.634465
v -7.435836 -0.978946 21.500000
v -7.435836 0.978946 21.500000
v -7.410392 -27.906588 2.480006
v -7.395490 -16.573961 11.537891
v -7.381336 22.769072 5.848405
v -7.368175 -1.400000 12.500000
v -7.368175 1.400000 12.500000
v -7.354544 13.079015 15.459807
v -7.350344 -13.092312 15.445431
v -7.339134 16.358089 11.785800
v -7.321972 11.992163 17.313255
v -7.312359 -20.800095 7.763692
v -7.295695 -10.920172 19.483057
v -7.295426 -46.003483 1.500000
v -7.273602 -22.062170 6.556877
v -7.272392 -19.721752 8.795891
v -7.262522 -13.436784 15.078712
v -7.260608 -12.088099 17.222198
v -7.258436 -18.323059 10.064660
v -7.251757 5.330293 10.000000
v -7.244444 -1.941143 21.500000
v -7.244444 1.941143 21.500000
v -7.240183 13.541836 14.965088
v -7.236460 15.882689 12.332850
v -7.233989 -15.866635 12.350257
v -7.222937 -27.200655 2.746622
v -7.214206 23.496487 5.209042
v -7.197785 18.205118 10.207571
v -7.197258 -13.780314 14.704972
v -7.193094 -15.056046 4.897122
v -7.191490 10.636621 20.262835
v -7.172852 11.049750 19.388065
v -7.166406 15.409942 12.875210
v -7.165945 14.005796 14.457794
v -7.163841 -15.132155 9.556595
v -7.144970 19.548662 9.013600
v -7.144820 -15.164152 13.152088
v -7.144631 11.584143 18.354465
v -7.130805 -14.469377 13.938776
v -7.130383 14.939567 13.411352
v -7.129799 14.471284 13.939752
v -7.121506 -2.352479 12.500000
v -7.121506 2.352479 12.500000
v -7.112141 12.350495 16.975771
v -7.104958 -10.284433 21.500000
v -7.085375 -11.659698 18.290686
v -7.072307 -16.162815 2.184722
v -7.068193 -10.491863 20.881416
v -7.055179 -15.442825 4.447305
v -7.050142 -12.455790 16.868095
v -7.047076 24.223902 4.569679
v -7.041362 -26.516867 3.069152
v -7.035966 10.331756 21.500000
v -7.032756 -10.742710 20.262835
v -7.029404 -15.928339 2.876070
v -7.027768 -15.597946 3.921921
v -7.019172 -15.759857 3.397943
v -6.992701 -11.038262 19.644251
v -6.980840 20.443523 8.225076
v -6.977386 17.727688 10.781135
v -6.953699 -23.042629 5.715911
v -6.947693 -17.655731 10.866858
v -6.930751 12.696234 16.630445
v -6.929097 -2.870126 21.500000
v -6.929097 2.870126 21.500000
v -6.911777 -19.208961 9.437493
v -6.894400 5.785089 0.000000
v -6.879946 24.951319 3.930316
v -6.871008 -12.813305 16.505182
v -6.866771 -25.859379 3.445702
v -6.846946 -15.956664 9.217435
v -6.842606 11.971834 18.012913
v -6.807046 19.046888 9.639027
v -6.796523 -11.440253 19.077576
v -6.790388 17.248455 11.354171
v -6.777780 -12.057608 17.932686
v -6.776876 13.032660 16.277548
v -6.758607 20.335602 8.405857
v -6.752275 -3.264472 12.500000
v -6.752275 3.264472 12.500000
v -6.735497 -20.511292 8.238809
v -6.726128 11.514995 19.014671
v -6.721708 -13.163487 16.133860
v -6.712816 25.678734 3.290953
v -6.706754 -16.321419 5.282743
v -6.701575 -16.985868 11.668130
v -6.700212 -25.232138 3.873942
v -6.684524 10.963009 20.262835
v -6.636696 16.769596 11.925714
v -6.623250 -20.020321 8.764830
v -6.605540 13.495438 15.769973
v -6.600962 -13.508536 15.754787
v -6.593040 -18.687874 10.081936
v -6.590450 -17.607632 2.265229
v -6.583355 -31.248793 2.000000
v -6.576221 12.340721 17.662191
v -6.565102 6.156252 10.000000
v -6.546522 -16.738314 8.788639
v -6.545686 26.406151 2.651590
v -6.545124 21.050804 7.766494
v -6.542700 -24.638969 4.351335
v -6.525573 18.568737 10.229130
v -6.519402 -21.433701 7.397843
v -6.519041 -17.364052 3.039696
v -6.516534 16.293413 12.494812
v -6.513659 -16.277332 12.512875
v -6.509963 -16.868147 4.804156
v -6.508071 -12.434703 17.564905
v -6.507404 -13.850877 15.368389
v -6.495191 -3.750000 21.500000
v -6.495191 3.750000 21.500000
v -6.492664 -17.190504 3.625236
v -6.489636 -17.025112 4.213715
v -6.483987 13.955364 15.248782
v -6.446531 27.710012 1.132286
v -6.439726 -14.192778 14.975245
v -6.431641 15.820169 13.060019
v -6.423187 -30.488533 2.030244
v -6.423067 -18.779953 1.500000
v -6.418089 27.812578 1.372864
v -6.408281 14.417468 14.715695
v -6.404093 -15.574286 13.348794
v -6.400153 -11.692569 19.025667
v -6.395178 -24.083422 4.874945
v -6.390938 19.719803 9.143921
v -6.383997 15.349707 13.619790
v -6.378556 27.133566 2.012227
v -6.376975 -14.879955 14.171404
v -6.375588 14.881866 14.172577
v -6.355110 -11.915131 18.656204
v -6.344223 12.694217 17.302834
v -6.340090 -10.946725 20.881416
v -6.331641 21.766006 7.127131
v -6.327569 11.943980 18.628117
v -6.287803 -11.194822 20.262835
v -6.282939 -47.857735 1.263842
v -6.279975 11.756731 19.025667
v -6.279230 18.086540 10.820466
v -6.275855 -12.797252 17.187765
v -6.266839 -4.120283 12.500000
v -6.266839 4.120283 12.500000
v -6.266302 -17.467398 8.275532
v -6.263987 -29.732866 2.120730
v -6.245872 -18.013885 10.908936
v -6.229833 -22.379440 6.556877
v -6.227982 -11.487319 19.644251
v -6.218216 -17.592510 5.631051
v -6.179996 -10.865434 21.500000
v -6.176175 6.546363 0.000000
v -6.162715 11.265111 20.262835
v -6.145362 13.035736 16.935369
v -6.118158 22.481209 6.487768
v -6.106719 -28.986370 2.270974
v -6.080129 -13.150723 16.801773
v -6.068086 17.602495 11.412157
v -6.037971 -19.213280 9.776471
v -5.978499 12.348092 18.229509
v -5.978382 13.368692 16.560333
v -5.973272 10.980438 21.500000
v -5.970950 -12.355526 18.220274
v -5.966751 -17.337246 11.736765
v -5.957133 19.327063 9.684583
v -5.952637 -19.918932 9.079774
v -5.952330 -28.253546 2.480006
v -5.950150 -4.565711 21.500000
v -5.950150 4.565711 21.500000
v -5.927678 -18.348440 7.588052
v -5.918924 -13.497910 16.407614
v -5.904675 23.196411 5.848405
v -5.892172 17.118860 12.003348
v -5.887042 18.976503 10.070922
v -5.864165 -23.343445 5.715911
v -5.858481 -19.802755 2.370674
v -5.844300 -11.980427 19.025667
v -5.801759 -27.538837 2.746622
v -5.795395 13.828115 16.022181
v -5.790516 -13.841026 16.006071
v -5.784938 6.894526 10.000000
v -5.765203 -20.805231 8.238809
v -5.751838 16.638029 12.593275
v -5.748487 -16.621834 12.611953
v -5.743763 -19.545340 3.255071
v -5.721386 12.039141 19.025667
v -5.700000 -1.400000 10.000000
v -5.700000 -1.400000 12.500000
v -5.700000 1.400000 10.000000
v -5.700000 1.400000 12.500000
v -5.698188 20.027073 9.045219
v -5.693132 -14.182404 15.597803
v -5.692825 -19.364088 3.925340
v -5.691192 23.911613 5.209042
v -5.681930 -11.767323 19.644251
v -5.681634 -19.033625 5.277544
v -5.677042 12.732879 17.819881
v -5.673550 -4.905184 12.500000
v -5.673550 4.905184 12.500000
v -5.672101 -19.193394 4.599981
v -5.669240 14.286775 15.471637
v -5.662730 27.880745 0.000000
v -5.655910 -26.846546 3.069152
v -5.649351 16.160484 13.180586
v -5.643087 -12.771320 17.771120
v -5.627083 11.542081 20.262835
v -5.625030 -14.524284 15.183554
v -5.614457 -15.912737 13.481073
v -5.594759 14.749378 14.910786
v -5.587299 15.686308 13.763796
v -5.585707 -19.238190 6.911880
v -5.582904 -11.351382 20.881416
v -5.570087 -15.213779 14.340034
v -5.568274 15.215585 14.341422
v -5.555644 -18.390015 10.795729
v -5.515671 -26.180883 3.445702
v -5.514077 -11.595708 20.262835
v -5.505967 -21.716251 7.397843
v -5.477709 24.626816 4.569679
v -5.469772 18.222052 11.003442
v -5.439242 20.727083 8.405857
v -5.421143 13.102730 17.400280
v -5.381884 -25.545845 3.873942
v -5.374427 7.219109 0.000000
v -5.370504 -13.172338 17.310095
v -5.368461 12.876841 17.788502
v -5.362432 28.035337 1.372864
v -5.334562 18.897530 10.323946
v -5.303301 -5.303301 21.500000
v -5.303301 5.303301 21.500000
v -5.279812 27.955788 1.132286
v -5.275453 -12.241709 19.025667
v -5.266087 -49.719982 0.000000
v -5.266087 -49.719982 1.102398
v -5.264226 25.342018 3.930316
v -5.261555 -18.507311 10.761706
v -5.255364 -24.945301 4.351335
v -5.240445 -20.136503 6.247126
v -5.208745 13.462033 16.971752
v -5.207844 -11.363466 21.500000
v -5.180296 21.427095 7.766494
v -5.176439 -17.561546 11.819611
v -5.172239 -22.647011 6.556877
v -5.169777 -19.326574 9.920740
v -5.150533 -13.565582 16.838675
v -5.150086 12.294878 19.025667
v -5.139828 17.464828 11.938859
v -5.136869 -24.382847 4.874945
v -5.123897 -22.006166 2.462443
v -5.123342 -12.021380 19.644251
v -5.088143 17.781101 11.602672
v -5.078954 11.793442 20.262835
v -5.050743 26.057220 3.290953
v -5.043053 19.584583 9.684583
v -5.037791 13.815180 16.535343
v -5.011003 -20.176762 9.079774
v -4.982619 -5.605667 12.500000
v -4.982619 5.605667 12.500000
v -4.979736 -13.954370 16.358232
v -4.965709 -21.734861 3.443667
v -4.963706 -11.842076 20.262835
v -4.952966 -31.547987 2.000000
v -4.922377 7.534600 10.000000
v -4.921350 22.127106 7.127131
v -4.906381 -16.736347 12.844143
v -4.906225 14.166559 16.092098
v -4.898803 16.713362 12.874906
v -4.890078 -21.545862 4.189136
v -4.882921 -50.330421 1.065877
v -4.854890 -14.341817 15.870088
v -4.851543 -21.369833 4.940598
v -4.851320 11.520186 21.500000
v -4.849441 -16.752403 12.843692
v -4.837260 26.772423 2.651590
v -4.832464 -30.780447 2.030244
v -4.811949 14.520501 15.643071
v -4.803261 -50.440159 0.000000
v -4.801891 -21.402039 5.340250
v -4.800172 -11.704097 20.881416
v -4.782102 -21.053064 8.238809
v -4.772770 -14.731042 15.375558
v -4.764715 18.453680 10.963308
v -4.761690 -23.592693 5.715911
v -4.758248 13.115273 17.788502
v -4.756074 15.971073 13.807519
v -4.753625 -15.922091 13.864759
v -4.751543 20.271637 9.045219
v -4.730212 -15.124075 14.875858
v -4.724621 -15.521031 14.371948
v -4.723252 15.239581 14.731855
v -4.712691 -30.017548 2.120730
v -4.694860 -12.475726 19.025667
v -4.662405 22.827116 6.487768
v -4.623777 27.487625 2.012227
v -4.594370 -29.263905 2.270974
v -4.567219 12.523178 19.025667
v -4.565711 -5.950150 21.500000
v -4.565711 5.950150 21.500000
v -4.553360 -12.248770 19.644251
v -4.519628 12.018797 20.262835
v -4.500000 7.794229 0.000000
v -4.480314 -21.950577 7.397843
v -4.478217 -28.524061 2.480006
v -4.460033 20.958691 8.405857
v -4.456946 13.996949 16.551336
v -4.452478 -17.952862 11.601925
v -4.445285 -14.001493 16.551336
v -4.443544 -22.700979 4.444166
v -4.441286 19.126261 10.323946
v -4.439271 -50.880718 1.039809
v -4.403459 23.527126 5.848405
v -4.402385 -12.062334 20.262835
v -4.386917 -18.734215 10.761706
v -4.386060 -24.219786 2.543248
v -4.385302 -22.964659 4.243679
v -4.364934 -27.802511 2.746622
v -4.345030 -23.205456 4.014472
v -4.340549 -15.867481 14.077003
v -4.334790 -23.811865 3.174281
v -4.332436 -24.053009 2.896868
v -4.326009 -23.606081 3.479740
v -4.324695 -23.420076 3.759134
v -4.317399 -24.326319 2.650976
v -4.299167 28.218302 1.372864
v -4.288241 -24.627001 2.440764
v -4.256804 -19.548292 9.920740
v -4.255206 -27.103592 3.069152
v -4.251082 14.933306 15.314170
v -4.247533 17.999743 11.602672
v -4.245483 -11.916831 20.881416
v -4.243739 -24.949329 2.269635
v -4.242655 -51.087139 0.000000
v -4.222059 -16.404062 13.458421
v -4.205938 -6.209677 12.500000
v -4.205938 6.209677 12.500000
v -4.195925 -11.774728 21.500000
v -4.182826 -25.288618 2.139357
v -4.168524 21.645744 7.766494
v -4.149698 -26.431555 3.445702
v -4.145051 15.917427 14.077003
v -4.144514 24.227137 5.209042
v -4.142740 16.942085 12.839838
v -4.137456 13.324645 17.788502
v -4.117857 19.798840 9.684583
v -4.105627 28.152197 1.132286
v -4.105318 -25.637897 2.051682
v -4.103888 -12.682118 19.025667
v -4.103233 -22.864553 6.556877
v -4.058236 -20.389875 9.079774
v -4.057858 -16.961721 12.843372
v -4.049043 -25.790436 3.873942
v -4.011333 -25.991829 2.006709
v -4.000000 -26.702061 0.000000
v -4.000000 -26.702061 1.500000
v -3.989706 8.067357 10.000000
v -3.974473 -26.137808 1.983756
v -3.974206 12.723690 19.025667
v -3.973241 -12.448880 19.644251
v -3.956787 -26.623123 1.656584
v -3.953856 -25.184143 4.351335
v -3.951819 -26.743723 1.581448
v -3.950360 12.217721 20.262835
v -3.949995 -26.279100 1.933594
v -3.948086 -26.519844 1.753504
v -3.944094 -51.365284 1.022297
v -3.940527 -26.408787 1.856204
v -3.892895 18.656370 10.963308
v -3.885568 24.927147 4.569679
v -3.877014 22.332798 7.127131
v -3.864707 -24.616302 4.874945
v -3.831268 -12.255832 20.262835
v -3.795110 14.191405 16.551336
v -3.794428 20.471420 9.045219
v -3.789242 28.196527 0.000000
v -3.788389 -21.254143 8.238809
v -3.783123 -14.195048 16.551336
v -3.750000 -6.495191 21.500000
v -3.750000 0.000000 10.000000
v -3.750000 0.000000 12.500000
v -3.750000 6.495191 21.500000
v -3.732174 -26.856653 1.545663
v -3.719946 -26.944221 1.520106
v -3.713356 -26.714874 1.616013
v -3.707769 -26.672783 1.644938
v -3.686149 -0.689061 10.000000
v -3.686149 -0.689061 12.500000
v -3.686149 0.689061 10.000000
v -3.686149 0.689061 12.500000
v -3.681427 -12.103288 20.881416
v -3.681239 11.945647 21.500000
v -3.648737 -23.790041 5.715911
v -3.626622 25.627157 3.930316
v -3.605471 -18.142927 11.601151
v -3.595679 -51.647747 0.000000
v -3.590743 -16.053539 14.077003
v -3.585505 23.019852 6.487768
v -3.564718 8.263945 0.000000
v -3.545432 15.117059 15.314170
v -3.538258 19.313000 10.323946
v -3.507354 13.504275 17.788502
v -3.503882 -12.860584 19.025667
v -3.502605 -18.919823 10.761706
v -3.496771 -1.354656 10.000000
v -3.496771 -1.354656 12.500000
v -3.496771 1.354656 10.000000
v -3.496771 1.354656 12.500000
v -3.483931 -27.148304 1.500000
v -3.471000 21.143999 8.405857
v -3.447208 -16.584116 13.458421
v -3.444777 -22.136412 7.397843
v -3.397627 18.179018 11.602672
v -3.393198 16.094927 14.077003
v -3.384341 -12.621424 19.644251
v -3.381366 -51.799000 1.010937
v -3.372432 12.896147 19.025667
v -3.372409 12.389787 20.262835
v -3.367676 26.327168 3.290953
v -3.356872 -6.706818 12.500000
v -3.356872 6.706818 12.500000
v -3.342675 17.118015 12.839838
v -3.334370 -19.726686 9.920740
v -3.309273 -31.762148 2.000000
v -3.293995 23.706905 5.848405
v -3.257353 -17.133858 12.843053
v -3.251622 -12.422033 20.262835
v -3.229792 28.361139 1.372864
v -3.228760 -30.989399 2.030244
v -3.188314 -1.974121 10.000000
v -3.188314 -1.974121 12.500000
v -3.188314 1.974121 10.000000
v -3.188314 1.974121 12.500000
v -3.183619 19.969629 9.684583
v -3.151966 -12.096078 21.500000
v -3.148735 -30.221319 2.120730
v -3.147571 21.816580 7.766494
v -3.124827 14.354413 16.551336
v -3.112566 -14.357179 16.551336
v -3.109176 -12.262893 20.881416
v -3.108731 27.027178 2.651590
v -3.096464 -20.557709 9.079774
v -3.069680 -29.462559 2.270974
v -3.025198 -23.031796 6.556877
v -3.012555 18.818260 10.963308
v -3.002485 24.393959 5.209042
v -3.000208 8.485208 10.000000
v -2.992074 -28.717695 2.480006
v -2.946180 -26.105785 2.001249
v -2.925774 28.299150 1.132286
v -2.916385 -27.991245 2.746622
v -2.896183 -13.010826 19.025667
v -2.875505 -52.110580 0.000000
v -2.870126 -6.929097 21.500000
v -2.870126 6.929097 21.500000
v -2.869459 13.653938 17.788502
v -2.849785 27.727188 2.012227
v -2.849247 -27.117033 1.507064
v -2.843071 -27.287582 3.069152
v -2.833466 -26.963795 1.545290
v -2.833049 -16.204340 14.077003
v -2.831971 15.267537 15.314170
v -2.828982 20.626257 9.045219
v -2.824142 22.489159 7.127131
v -2.818862 -26.821983 1.615079
v -2.814524 -26.779852 1.643780
v -2.787990 -12.766177 19.644251
v -2.787032 12.534566 20.262835
v -2.786320 -21.408270 8.238809
v -2.772577 -26.610985 3.445702
v -2.771283 -2.526359 10.000000
v -2.771283 -2.526359 12.500000
v -2.771283 2.526359 10.000000
v -2.771283 2.526359 12.500000
v -2.763241 13.040241 19.025667
v -2.760689 -52.170853 1.004340
v -2.750462 -18.293066 11.600379
v -2.729289 -26.670099 1.750414
v -2.710976 25.081013 4.569679
v -2.705326 -25.965513 3.873942
v -2.664794 -16.727785 13.458421
v -2.664793 -12.560730 20.262835
v -2.641728 -25.355104 4.351335
v -2.633918 16.237167 14.077003
v -2.627483 19.457502 10.323946
v -2.610504 -19.063499 10.761706
v -2.582163 -24.783409 4.874945
v -2.581229 8.621905 0.000000
v -2.540300 18.318602 11.602672
v -2.535313 17.256546 12.839838
v -2.530004 -12.395187 20.881416
v -2.527772 -23.935152 5.715911
v -2.500713 23.161737 6.487768
v -2.474638 12.252599 21.500000
v -2.474344 21.282887 8.405857
v -2.450035 -7.088535 12.500000
v -2.450035 7.088535 12.500000
v -2.449675 -17.268381 12.842734
v -2.447490 14.485372 16.551336
v -2.435074 -14.487370 16.551336
v -2.419466 25.768066 3.930316
v -2.404539 -19.861275 9.920740
v -2.401659 -22.273550 7.397843
v -2.282135 -13.132545 19.025667
v -2.267972 -26.636658 1.823744
v -2.260426 -26.548689 1.887876
v -2.259880 -2.992565 10.000000
v -2.259880 -2.992565 12.500000
v -2.259880 2.992565 10.000000
v -2.259880 2.992565 12.500000
v -2.252176 -26.452314 1.938342
v -2.243400 -26.349615 1.974244
v -2.242412 20.096745 9.684583
v -2.225237 13.773496 17.788502
v -2.195485 12.651631 20.262835
v -2.185518 -12.882912 19.644251
v -2.177284 23.834318 5.848405
v -2.155805 28.463520 1.372864
v -2.147975 13.155669 19.025667
v -2.127956 26.455120 3.290953
v -2.127863 -20.680130 9.079774
v -2.125635 18.939062 10.963308
v -2.119706 21.939516 7.766494
v -2.112197 15.384180 15.314170
v -2.096793 -52.466206 0.000000
v -2.095147 -52.466740 1.001218
v -2.083940 -12.325064 21.500000
v -2.072098 -12.671769 20.262835
v -2.069139 -16.319590 14.077003
v -2.014952 -27.191000 1.507050
v -2.003615 -27.037516 1.545198
v -1.993122 -26.895456 1.614849
v -1.990004 -26.853241 1.643495
v -1.967978 8.782202 10.000000
v -1.945246 -12.500036 20.881416
v -1.941143 -7.244444 21.500000
v -1.941143 7.244444 21.500000
v -1.940519 -23.148466 6.556877
v -1.898855 28.386560 0.000000
v -1.889278 -18.402729 11.599606
v -1.876529 -16.834705 13.458421
v -1.868833 16.343670 14.077003
v -1.857340 20.735987 9.045219
v -1.853856 24.506897 5.209042
v -1.836447 27.142172 2.651590
v -1.812766 -27.307932 1.500000
v -1.802397 -27.151735 1.516519
v -1.792485 -27.002419 1.565347
v -1.783466 -26.866560 1.644334
v -1.778120 -21.515303 8.238809
v -1.775738 -26.750143 1.750000
v -1.768010 -26.633726 1.855666
v -1.765068 22.596146 7.127131
v -1.764711 14.584188 16.551336
v -1.758992 -26.497868 1.934653
v -1.752206 -14.585472 16.551336
v -1.749080 -26.348551 1.983481
v -1.741815 28.396620 1.132286
v -1.738711 -26.192354 2.000000
v -1.722403 17.357277 12.839838
v -1.712614 -19.164841 10.761706
v -1.710970 19.559521 10.323946
v -1.677428 18.418167 11.602672
v -1.671519 -3.356862 10.000000
v -1.671519 -3.356862 12.500000
v -1.671519 3.356862 10.000000
v -1.671519 3.356862 12.500000
v -1.663081 -13.225440 19.025667
v -1.656713 -31.890991 2.000000
v -1.636573 -17.364870 12.842415
v -1.616406 -31.115107 2.030244
v -1.599079 12.740627 20.262835
v -1.578255 -12.971404 19.644251
v -1.576343 -30.343912 2.120730
v -1.576121 13.862761 17.788502
v -1.562834 8.863270 0.000000
v -1.544937 27.829226 2.012227
v -1.536766 -29.582073 2.270974
v -1.530427 25.179478 4.569679
v -1.527979 13.242126 19.025667
v -1.501032 -7.348258 12.500000
v -1.501032 7.348258 12.500000
v -1.497914 -28.834188 2.480006
v -1.474853 -12.754997 20.262835
v -1.472268 21.375229 8.405857
v -1.469407 -19.951988 9.920740
v -1.460023 -28.104792 2.746622
v -1.423320 -27.398273 3.069152
v -1.410430 23.252773 6.487768
v -1.401256 -24.027687 5.715911
v -1.400070 -52.678493 1.000139
v -1.388028 -26.718931 3.445702
v -1.387626 15.466469 15.314170
v -1.356206 -12.577361 20.881416
v -1.354360 -26.070841 3.873942
v -1.353266 -22.361778 7.397843
v -1.322522 -25.457956 4.351335
v -1.300686 -16.398987 14.077003
v -1.296306 20.179979 9.684583
v -1.292702 -24.883942 4.874945
v -1.275397 -52.707390 0.000000
v -1.243487 12.437996 21.500000
v -1.234077 19.018488 10.963308
v -1.206998 25.852057 3.930316
v -1.154580 -20.757057 9.079774
v -1.099568 16.413948 14.077003
v -1.087197 22.014471 7.766494
v -1.084123 -16.904516 13.458421
v -1.078707 28.525110 1.372864
v -1.078043 14.650845 16.551336
v -1.065480 -14.651442 16.551336
v -1.055792 23.909403 5.848405
v -1.040363 -13.289212 19.025667
v -1.026236 -3.606846 10.000000
v -1.026236 -3.606846 12.500000
v -1.026236 3.606846 10.000000
v -1.026236 3.606846 12.500000
v -1.023848 -18.471586 11.598832
v -1.000000 -15.652254 15.097875
v -1.000000 -15.388920 15.492037
v -1.000000 -15.157663 15.905025
v -1.000000 -15.042037 15.966680
v -1.000000 -14.959483 16.334867
v -1.000000 -14.795379 16.779593
v -1.000000 -14.666684 17.235838
v -1.000000 -14.574319 17.700068
v -1.000000 -14.518640 18.170107
v -1.000000 -14.500000 16.798941
v -1.000000 -14.500000 18.643778
v -1.000000 -14.500000 22.000000
v -1.000000 -14.465926 22.258820
v -1.000000 -14.366025 22.500000
v -1.000000 -14.207107 22.707108
v -1.000000 -14.122027 17.426003
v -1.000000 -14.000000 22.866026
v -1.000000 -13.781336 18.036728
v -1.000000 -13.758819 22.965925
v -1.000000 -13.500000 23.000000
v -1.000000 -13.477084 18.632496
v -1.000000 -13.208434 19.214687
v -1.000000 -12.961481 21.500000
v -1.000000 -12.961481 23.000000
v -1.000000 -12.772366 20.350666
v -1.000000 -12.600114 20.922222
v -1.000000 -12.459936 21.500000
v -0.999147 12.801480 20.262835
v -0.978946 -7.435836 21.500000
v -0.978946 7.435836 21.500000
v -0.923541 13.921553 17.788502
v -0.907717 8.954108 10.000000
v -0.905695 17.419802 12.839838
v -0.904598 13.299301 19.025667
v -0.883569 26.524635 3.290953
v -0.881641 20.800440 9.045219
v -0.851580 -23.214289 6.556877
v -0.819797 -17.422897 12.842095
v -0.810950 -19.223848 10.761706
v -0.810889 18.477386 11.602672
v -0.790725 19.618811 10.323946
v -0.766013 -21.575092 8.238809
v -0.702125 22.653711 7.127131
v -0.701154 24.566032 5.209042
v -0.694176 -52.804218 1.000000
v -0.667033 -12.982876 21.500000
v -0.667033 -12.982876 23.000000
v -0.659964 15.514436 15.314170
v -0.604649 -27.361355 1.500000
v -0.592298 -26.802473 1.750000
v -0.579948 -26.243593 2.000000
v -0.560141 27.197216 2.651590
v -0.555313 28.444569 1.132286
v -0.531041 -19.998810 9.920740
v -0.529362 -16.442238 14.077003
v -0.526197 -7.481518 12.500000
v -0.526197 7.481518 12.500000
v -0.523303 8.984774 0.000000
v -0.500062 -15.638502 15.149773
v -0.497494 -14.524638 18.125322
v -0.474512 -14.621709 17.466488
v -0.466976 21.420898 8.405857
v -0.452047 -14.791283 16.822468
v -0.439140 -14.924627 16.452465
v -0.428037 -52.829224 0.000000
v -0.415761 -15.240586 15.782245
v -0.397015 12.834171 20.262835
v -0.389002 14.685282 16.551336
v -0.347373 20.219131 9.684583
v -0.346516 25.222660 4.569679
v -0.346006 -3.734003 10.000000
v -0.346006 -3.734003 12.500000
v -0.346006 3.734003 10.000000
v -0.346006 3.734003 12.500000
v -0.339821 19.056255 10.963308
v -0.333626 -12.995718 21.500000
v -0.333626 -12.995718 23.000000
v -0.327762 16.447565 14.077003
v -0.317053 23.292953 6.487768
v -0.301903 -22.400890 7.397843
v -0.289292 -16.936861 13.458421
v -0.279221 13.326973 19.025667
v -0.271655 -24.067312 5.715911
v -0.268927 13.949684 17.788502
v -0.236712 27.869795 2.012227
v -0.231853 -52.840031 1.000000
v -0.178761 -20.788406 9.079774
v -0.156106 -18.499701 11.598059
v -0.086938 17.443714 12.839838
v -0.052311 22.041359 7.766494
v -0.001185 -17.442259 12.841776
v -0.000015 -15.633918 15.167073
v -0.000005 28.545580 1.372864
v -0.000000 -27.211494 1.516519
v -0.000000 -27.061848 1.565347
v -0.000000 -26.925690 1.644334
v -0.000000 -26.692345 1.855666
v -0.000000 -26.556187 1.934653
v -0.000000 -26.406542 1.983481
v -0.000000 28.450001 0.000000
v -0.000000 -13.000000 23.000000
v -0.000000 -13.000000 21.500000
v -0.000000 -7.500000 21.500000
v -0.000000 7.500000 21.500000
v 0.000001 12.500000 21.500000
v 0.000004 -14.500000 18.677401
v 0.000214 -24.917681 4.874945
v 0.000219 -25.492474 4.351335
v 0.000225 -26.106190 3.873942
v 0.000230 -26.755157 3.445702
v 0.000236 -27.435421 3.069152
v 0.000242 -28.142897 2.746622
v 0.000248 -28.873281 2.480006
v 0.000255 -29.622183 2.270974
v 0.000261 -30.385054 2.120730
v 0.000268 -31.157293 2.030244
v 0.000275 -31.934229 2.000000
v 0.008122 25.879290 3.930316
v 0.057443 18.495934 11.602672
v 0.068018 23.932196 5.848405
v 0.069152 15.528194 15.314170
v 0.092498 -19.240564 10.761706
v 0.095979 20.819452 9.045219
v 0.131246 19.635124 10.323946
v 0.165472 8.998479 10.000000
v 0.205988 12.838678 20.262835
v 0.231853 -52.840031 1.000000
v 0.239235 -23.228992 6.556877
v 0.243157 -16.449045 14.077003
v 0.247773 -21.587492 8.238809
v 0.300893 14.687436 16.551336
v 0.319895 -15.239818 15.786580
v 0.337890 -14.924183 16.456684
v 0.346006 -3.734003 10.000000
v 0.346006 -3.734003 12.500000
v 0.346006 3.734003 10.000000
v 0.346006 3.734003 12.500000
v 0.346765 13.325208 19.025667
v 0.347824 -14.790977 16.826607
v 0.362353 22.661818 7.127131
v 0.362759 26.535919 3.290953
v 0.365114 -14.621580 17.470467
v 0.382802 -14.524612 18.129122
v 0.386289 13.946972 17.788502
v 0.408492 -20.001719 9.920740
v 0.428037 -52.829224 0.000000
v 0.444784 16.444685 14.077003
v 0.453090 24.571438 5.209042
v 0.457694 -7.486022 12.500000
v 0.457694 7.486022 12.500000
v 0.500041 -15.638501 15.149774
v 0.506175 -16.931593 13.458421
v 0.523303 8.984774 0.000000
v 0.539330 21.419775 8.405857
v 0.555190 19.052074 10.963308
v 0.579948 -26.243593 2.000000
v 0.592298 -26.802473 1.750000
v 0.595593 -30.675858 0.000000
v 0.595593 -30.675858 0.500000
v 0.602314 20.213993 9.684583
v 0.604649 -27.361355 1.500000
v 0.632170 28.442965 1.132286
v 0.694176 -52.804218 1.000000
v 0.712043 -18.487175 11.597285
v 0.717397 27.192547 2.651590
v 0.732102 17.428663 12.839838
v 0.750125 -22.390673 7.397843
v 0.777018 23.282276 6.487768
v 0.797449 -20.774094 9.079774
v 0.798117 15.507802 15.314170
v 0.808538 12.814983 20.262835
v 0.817446 -17.423119 12.841457
v 0.838162 25.210680 4.569679
v 0.858569 -24.053692 5.715911
v 0.925691 18.473482 11.602672
v 0.971990 13.294127 19.025667
v 0.978946 -7.435836 21.500000
v 0.978946 7.435836 21.500000
v 0.982682 22.020096 7.766494
v 0.990125 14.657244 16.551336
v 0.995745 -19.215033 10.761706
v 1.000000 -15.652254 15.097875
v 1.000000 -15.388920 15.492037
v 1.000000 -15.157663 15.905025
v 1.000000 -14.959482 16.334869
v 1.000000 -14.795379 16.779593
v 1.000000 -14.666684 17.235838
v 1.000000 -14.574319 17.700069
v 1.000000 -14.564242 16.696785
v 1.000000 -14.518640 18.170107
v 1.000000 -14.500000 18.643778
v 1.000000 -14.500000 22.000000
v 1.000000 -14.465926 22.258820
v 1.000000 -14.366025 22.500000
v 1.000000 -14.207107 22.707108
v 1.000000 -14.070554 17.515224
v 1.000000 -14.000000 22.866026
v 1.000000 -13.758819 22.965925
v 1.000000 -13.625868 18.334047
v 1.000000 -13.500000 23.000000
v 1.000000 -13.241292 19.139357
v 1.000000 -13.000000 21.500000
v 1.000000 -13.000000 23.000000
v 1.000000 -12.918150 19.933443
v 1.000000 -12.657384 20.719320
v 1.000000 -12.459936 21.500000
v 1.002685 -14.656119 16.551336
v 1.015129 -16.419323 14.077003
v 1.016697 -12.609838 20.881409
v 1.026236 -3.606846 10.000000
v 1.026236 -3.606846 12.500000
v 1.026236 3.606846 10.000000
v 1.026236 3.606846 12.500000
v 1.040636 13.913319 17.788502
v 1.052936 19.608217 10.323946
v 1.072035 27.849176 2.012227
v 1.073381 20.792860 9.045219
v 1.078654 28.524796 1.372864
v 1.191683 23.902737 5.848405
v 1.216347 16.405544 14.077003
v 1.223233 25.849922 3.930316
v 1.236305 8.914681 10.000000
v 1.243488 12.437996 21.500000
v 1.261014 -21.552353 8.238809
v 1.275397 -52.707390 0.000000
v 1.293122 -24.884401 4.874945
v 1.300514 -16.888927 13.458421
v 1.322951 -25.458427 4.351335
v 1.329541 -23.192305 6.556877
v 1.347126 -19.960693 9.920740
v 1.354801 -26.071323 3.873942
v 1.388479 -26.719425 3.445702
v 1.400070 -52.678493 1.000139
v 1.409308 12.763066 20.262835
v 1.420010 -31.388729 0.000000
v 1.420010 -31.388729 0.500000
v 1.423782 -27.398781 3.069152
v 1.426034 22.620417 7.127131
v 1.433708 -7.361690 12.500000
v 1.433708 7.361690 12.500000
v 1.449015 19.005663 10.963308
v 1.459783 -13.249346 19.025667
v 1.460497 -28.105310 2.746622
v 1.483223 -12.982961 19.644251
v 1.498401 -28.834721 2.480006
v 1.525327 15.453319 15.314170
v 1.533508 -12.748724 20.262835
v 1.537266 -29.582621 2.270974
v 1.544448 21.371729 8.405857
v 1.549532 17.374933 12.839838
v 1.550682 20.164358 9.684583
v 1.562834 8.863270 0.000000
v 1.576855 -30.344473 2.120730
v 1.578696 -18.434109 11.596512
v 1.595082 13.233852 19.025667
v 1.606348 24.523195 5.209042
v 1.607293 -12.548471 20.881128
v 1.608305 26.489164 3.290953
v 1.616931 -31.115681 2.030244
v 1.634305 -17.365671 12.841138
v 1.657251 -31.891581 2.000000
v 1.671519 -3.356862 10.000000
v 1.671519 -3.356862 12.500000
v 1.671519 3.356862 10.000000
v 1.671519 3.356862 12.500000
v 1.677176 14.594643 16.551336
v 1.689681 -14.593123 16.551336
v 1.692677 13.848934 17.788502
v 1.738711 -26.192354 2.000000
v 1.749080 -26.348551 1.983481
v 1.758992 -26.497868 1.934653
v 1.768010 -26.633726 1.855666
v 1.771904 -20.714033 9.079774
v 1.775738 -26.750143 1.750000
v 1.783466 -26.866560 1.644334
v 1.784850 -16.353334 14.077003
v 1.791966 18.409760 11.602672
v 1.792485 -27.002419 1.565347
v 1.800513 -22.330919 7.397843
v 1.802397 -27.151735 1.516519
v 1.812766 -27.307932 1.500000
v 1.819072 28.391779 1.132286
v 1.869386 23.220737 6.487768
v 1.896802 -19.147295 10.761706
v 1.898855 28.386560 0.000000
v 1.941143 -7.244444 21.500000
v 1.941143 7.244444 21.500000
v 1.972338 19.537842 10.323946
v 1.985237 16.330322 14.077003
v 1.986889 -23.986687 5.715911
v 1.993377 27.128407 2.651590
v 2.006971 12.682906 20.262835
v 2.015516 21.950598 7.766494
v 2.021012 25.143656 4.569679
v 2.048429 20.720499 9.045219
v 2.080225 -13.166131 19.025667
v 2.091099 -12.898822 19.644251
v 2.091994 -16.809105 13.458421
v 2.095147 -52.466740 1.001218
v 2.096793 -52.466206 0.000000
v 2.130309 -12.662458 20.262835
v 2.155722 28.463018 1.372864
v 2.194333 -12.459214 20.880850
v 2.214668 13.144507 19.025667
v 2.249178 15.364803 15.314170
v 2.258591 -12.294257 21.500000
v 2.259880 -2.992565 10.000000
v 2.259880 -2.992565 12.500000
v 2.259880 2.992565 10.000000
v 2.259880 2.992565 12.500000
v 2.271485 -21.469532 8.238809
v 2.282794 -19.875713 9.920740
v 2.289529 8.703911 10.000000
v 2.312737 23.821060 5.848405
v 2.339700 18.916788 10.963308
v 2.340996 13.754082 17.788502
v 2.360493 14.499665 16.551336
v 2.363542 17.282892 12.839838
v 2.372951 -14.497779 16.551336
v 2.378448 27.767649 2.012227
v 2.385048 -7.110664 12.500000
v 2.385048 7.110664 12.500000
v 2.416898 -23.104145 6.556877
v 2.435677 25.764114 3.930316
v 2.441947 -18.340603 11.595738
v 2.447605 -17.270115 12.840818
v 2.474640 12.252598 21.500000
v 2.486583 22.529467 7.127131
v 2.495661 20.070023 9.684583
v 2.546175 21.276640 8.405857
v 2.550646 -16.251368 14.077003
v 2.573627 -23.353300 3.844902
v 2.573627 -23.049379 4.168743
v 2.581229 8.621905 0.000000
v 2.582553 -24.783886 4.874945
v 2.600158 12.574547 20.262835
v 2.642127 -25.355593 4.351335
v 2.654279 18.305182 11.602672
v 2.694384 -12.786355 19.644251
v 2.696103 -13.054029 19.025667
v 2.705734 -25.966013 3.873942
v 2.722415 -12.548298 20.262835
v 2.742457 -20.608145 9.079774
v 2.749762 16.219202 14.077003
v 2.756089 24.421381 5.209042
v 2.760689 -52.170853 1.004340
v 2.771283 -2.526359 10.000000
v 2.771283 -2.526359 12.500000
v 2.771283 2.526359 10.000000
v 2.771283 2.526359 12.500000
v 2.772996 -26.611496 3.445702
v 2.776511 -12.342394 20.880571
v 2.793683 -19.037394 10.761706
v 2.829377 13.026215 19.025667
v 2.843501 -27.288107 3.069152
v 2.846906 -22.221603 7.397843
v 2.850342 26.384573 3.290953
v 2.870126 -6.929097 21.500000
v 2.870126 6.929097 21.500000
v 2.875505 -52.110580 0.000000
v 2.878881 -16.692375 13.458421
v 2.887434 19.423815 10.323946
v 2.916826 -27.991785 2.746622
v 2.957651 23.108335 6.487768
v 2.968063 15.242313 15.314170
v 2.984175 13.629026 17.788502
v 2.992526 -28.718248 2.480006
v 3.003830 28.290977 1.132286
v 3.018985 20.602201 9.045219
v 3.038589 14.372661 16.551336
v 3.043921 21.832781 7.766494
v 3.050946 -14.370239 16.551336
v 3.070144 -29.463127 2.270974
v 3.110806 -23.866686 5.715911
v 3.149210 -30.221901 2.120730
v 3.172356 17.152843 12.839838
v 3.187573 12.438353 20.262835
v 3.188314 -1.974121 10.000000
v 3.188314 -1.974121 12.500000
v 3.188314 1.974121 10.000000
v 3.188314 1.974121 12.500000
v 3.199441 25.021702 4.569679
v 3.213428 -19.746759 9.920740
v 3.225209 18.785931 10.963308
v 3.229248 -30.989994 2.030244
v 3.229697 28.360561 1.372864
v 3.255554 -17.136646 12.840499
v 3.265007 27.005033 2.651590
v 3.276915 -21.339062 8.238809
v 3.291758 -12.645834 19.644251
v 3.295341 -6.737264 12.500000
v 3.295341 6.737264 12.500000
v 3.299891 -18.206757 11.594965
v 3.306056 -12.913252 19.025667
v 3.308544 -12.406578 20.262835
v 3.309772 -31.762760 2.000000
v 3.310143 8.369167 10.000000
v 3.310842 -16.113718 14.077003
v 3.352584 -12.198410 20.880293
v 3.381366 -51.799000 1.010937
v 3.428718 23.687204 5.848405
v 3.435169 19.930841 9.684583
v 3.437837 12.879096 19.025667
v 3.453110 -26.055979 2.003098
v 3.477152 -26.235714 1.972176
v 3.491695 -26.343380 1.930280
v 3.493889 -12.001781 21.500000
v 3.496771 -1.354656 10.000000
v 3.496771 -1.354656 12.500000
v 3.496771 1.354656 10.000000
v 3.496771 1.354656 12.500000
v 3.498902 -22.964939 6.556877
v 3.505303 -26.443251 1.872064
v 3.508230 16.072363 14.077003
v 3.508786 -26.579983 1.751665
v 3.510737 18.160242 11.602672
v 3.515793 -26.635307 1.695277
v 3.517646 -26.532906 1.798806
v 3.523504 -26.696220 1.645082
v 3.528938 -26.739143 1.615631
v 3.537629 -26.807821 1.576945
v 3.541668 22.388924 7.127131
v 3.542308 21.134382 8.405857
v 3.546784 -26.880163 1.545768
v 3.556298 -26.955362 1.522465
v 3.564718 8.263945 0.000000
v 3.566068 -27.032585 1.507307
v 3.579166 -27.136118 1.500000
v 3.595679 -51.647747 0.000000
v 3.620797 13.474032 17.788502
v 3.642793 25.622025 3.930316
v 3.659443 -16.538980 13.458421
v 3.679671 27.625492 2.012227
v 3.680351 15.086011 15.314170
v 3.681241 11.945646 21.500000
v 3.684400 -18.885372 10.761706
v 3.686149 -0.689061 10.000000
v 3.686149 -0.689061 12.500000
v 3.686149 0.689061 10.000000
v 3.686149 0.689061 12.500000
v 3.706924 -20.456520 9.079774
v 3.710002 14.214037 16.551336
v 3.722194 -14.210960 16.551336
v 3.750000 -6.495191 21.500000
v 3.750000 0.000000 10.000000
v 3.750000 0.000000 12.500000
v 3.750000 6.495191 21.500000
v 3.767968 12.274770 20.262835
v 3.789242 28.196527 0.000000
v 3.796139 19.266680 10.323946
v 3.864971 -24.616232 4.874945
v 3.881899 -12.477534 19.644251
v 3.886998 -22.063192 7.397843
v 3.887413 -12.237639 20.262835
v 3.899786 24.266071 5.209042
v 3.908724 -12.744008 19.025667
v 3.921310 -12.027663 20.880014
v 3.944094 -51.365284 1.022297
v 3.954127 -25.184071 4.351335
v 3.974196 16.985085 12.839838
v 3.982903 20.437870 9.045219
v 4.038640 12.703343 19.025667
v 4.039414 22.945065 6.487768
v 4.049320 -25.790361 3.873942
v 4.056364 -16.965460 12.840180
v 4.063765 -15.940674 14.077003
v 4.065631 21.666563 7.766494
v 4.086144 26.222345 3.290953
v 4.103603 18.613653 10.963308
v 4.136933 -19.573978 9.920740
v 4.148921 -6.247916 12.500000
v 4.148921 6.247916 12.500000
v 4.149981 -26.431479 3.445702
v 4.150623 -18.032671 11.594192
v 4.184883 28.140526 1.132286
v 4.227879 -23.694160 5.715911
v 4.242655 -51.087139 0.000000
v 4.249445 13.289364 17.788502
v 4.255497 -27.103514 3.069152
v 4.258950 15.889983 14.077003
v 4.275095 -21.161446 8.238809
v 4.283608 7.915219 10.000000
v 4.299077 28.217733 1.372864
v 4.340096 12.084247 20.262835
v 4.359476 17.975363 11.602672
v 4.365233 -27.802429 2.746622
v 4.367068 19.747429 9.684583
v 4.370853 24.844940 4.569679
v 4.373268 14.024199 16.551336
v 4.384501 14.896387 15.314170
v 4.385254 -14.020418 16.551336
v 4.431947 -16.349165 13.458421
v 4.439271 -50.880718 1.039809
v 4.457741 -12.041818 20.262835
v 4.463485 -12.281730 19.644251
v 4.478522 -28.523979 2.480006
v 4.481450 -11.830553 20.879736
v 4.500000 7.794229 0.000000
v 4.502746 -12.546513 19.025667
v 4.529496 26.822666 2.651590
v 4.530637 20.944897 8.405857
v 4.537161 23.501205 5.848405
v 4.565711 -5.950150 21.500000
v 4.565711 5.950150 21.500000
v 4.566941 -18.691437 10.761706
v 4.573208 -22.775194 6.556877
v 4.588955 22.198742 7.127131
v 4.594684 -29.263819 2.270974
v 4.630486 12.499472 19.025667
v 4.663190 -20.259699 9.079774
v 4.693151 -11.585523 21.500000
v 4.696470 19.067064 10.323946
v 4.713013 -30.017460 2.120730
v 4.721685 -15.439605 14.476693
v 4.722863 15.437817 14.477451
v 4.740226 -14.991385 15.044589
v 4.747568 -15.893194 13.904560
v 4.752121 14.879570 15.186751
v 4.763546 16.004221 13.761234
v 4.767282 16.779922 12.839838
v 4.803261 -50.440159 0.000000
v 4.805964 -14.549035 15.607083
v 4.815654 -16.351318 13.329181
v 4.832795 -30.780357 2.030244
v 4.841920 25.423809 3.930316
v 4.848244 -16.756754 12.839861
v 4.851322 11.520185 21.500000
v 4.858356 14.328743 15.886431
v 4.867555 16.578886 13.040712
v 4.868702 13.075286 17.788502
v 4.882921 -50.330421 1.065877
v 4.902708 11.867229 20.262835
v 4.918537 -21.856226 7.397843
v 4.923722 -16.813143 12.751542
v 4.924014 -14.110268 16.162220
v 4.931099 -5.651041 12.500000
v 4.931099 5.651041 12.500000
v 4.937998 20.228178 9.045219
v 4.953305 -31.547895 2.000000
v 4.972848 27.422987 2.012227
v 4.972975 18.400438 10.963308
v 4.992218 -17.818605 11.593418
v 5.018246 -11.819450 20.262835
v 5.026926 13.803556 16.551336
v 5.030994 17.159641 12.317769
v 5.031760 -11.607481 20.879457
v 5.034907 24.057346 5.209042
v 5.035195 -12.058696 19.644251
v 5.038687 -13.799089 16.551336
v 5.049985 13.781460 16.573309
v 5.051287 -19.357952 9.920740
v 5.069551 -17.277834 12.172633
v 5.078371 21.451925 7.766494
v 5.086763 -12.321157 19.025667
v 5.099081 -13.671508 16.708145
v 5.112278 22.730923 6.487768
v 5.136958 -24.382223 4.874945
v 5.153114 -25.829657 2.020433
v 5.187466 -25.996378 1.979351
v 5.196062 7.348533 10.000000
v 5.198630 17.750969 11.602672
v 5.208335 -26.095108 1.933502
v 5.212134 12.268078 19.025667
v 5.227994 -26.186024 1.873284
v 5.233356 -26.305157 1.763495
v 5.243198 -26.360277 1.704606
v 5.246015 -26.267128 1.799908
v 5.250851 17.743858 11.594044
v 5.250919 -17.744556 11.593443
v 5.254101 -26.421335 1.652108
v 5.255456 -24.944662 4.351335
v 5.261815 -26.464531 1.621275
v 5.263866 -20.937260 8.238809
v 5.266087 -49.719982 0.000000
v 5.266087 -49.719982 1.102398
v 5.274194 -26.533857 1.580738
v 5.287271 -26.607092 1.548042
v 5.289336 19.520475 9.684583
v 5.300893 -26.683372 1.523587
v 5.303301 -5.303301 21.500000
v 5.303301 5.303301 21.500000
v 5.312988 26.002678 3.290953
v 5.314900 -26.761816 1.507674
v 5.333695 -26.867069 1.500000
v 5.335663 -23.469580 5.715911
v 5.335847 -13.229187 17.243032
v 5.336109 13.228715 17.243658
v 5.360340 27.940458 1.132286
v 5.360723 -15.344954 14.299057
v 5.362357 28.034842 1.372864
v 5.366172 15.492373 14.114377
v 5.372892 -14.955429 14.779809
v 5.374427 7.219109 0.000000
v 5.378111 14.891924 14.857976
v 5.380060 -15.737713 13.814037
v 5.381978 -25.545191 3.873942
v 5.417884 -14.569534 15.255532
v 5.427655 16.101028 13.361274
v 5.439383 -18.456205 10.761706
v 5.454557 11.624166 20.262835
v 5.456421 14.363709 15.508156
v 5.477121 12.832140 17.788502
v 5.495468 -16.475336 12.903183
v 5.498288 -14.186347 15.725045
v 5.508927 20.708927 8.405857
v 5.515767 -26.180214 3.445702
v 5.524115 18.328915 10.871179
v 5.532653 24.613487 4.569679
v 5.556636 16.717253 12.601864
v 5.567643 -11.570879 20.262835
v 5.570999 -11.358845 20.879179
v 5.586474 18.825514 10.323946
v 5.595717 -11.808886 19.644251
v 5.604564 13.838567 16.145407
v 5.609195 -20.018291 9.079774
v 5.626105 21.958952 7.127131
v 5.628413 -4.956911 12.500000
v 5.628413 4.956911 12.500000
v 5.630218 -13.767190 16.230259
v 5.635602 23.263103 5.848405
v 5.637467 -22.535410 6.556877
v 5.639150 -12.777261 17.764929
v 5.656009 -26.845860 3.069152
v 5.659538 -12.068587 19.025667
v 5.662730 27.880745 0.000000
v 5.707292 -17.219990 11.984911
v 5.712858 -18.679890 10.437718
v 5.726245 12.660975 17.893654
v 5.749715 17.338203 11.838601
v 5.782346 12.009758 19.025667
v 5.784055 26.581547 2.651590
v 5.801860 -27.538132 2.746622
v 5.811390 -13.344886 16.725199
v 5.829294 13.309120 16.766945
v 5.844010 -11.049776 21.500000
v 5.848656 18.911846 10.150543
v 5.882202 19.973886 9.045219
v 5.939270 -21.601242 7.397843
v 5.950150 -4.565711 21.500000
v 5.950150 4.565711 21.500000
v 5.952434 -28.252821 2.480006
v 5.973274 10.980437 21.500000
v 5.977740 -15.116868 14.193452
v 5.980418 15.263263 14.014826
v 5.989873 -15.507044 13.723877
v 5.992996 -19.144508 9.862188
v 5.994395 11.355502 20.262835
v 5.994967 -14.729335 14.657840
v 6.000773 14.666081 14.733240
v 6.007364 -17.968969 11.063997
v 6.012259 -12.304875 18.271803
v 6.028653 15.867364 13.284733
v 6.030400 25.169630 3.930316
v 6.033357 18.025537 10.994571
v 6.034507 6.677180 10.000000
v 6.042647 -14.344726 15.116227
v 6.045379 -12.915867 17.208456
v 6.079857 21.189676 7.766494
v 6.081500 14.139240 15.359162
v 6.086907 -16.238646 12.839496
v 6.097926 -11.085048 20.878901
v 6.104672 -11.296615 20.262835
v 6.106825 -28.985628 2.270974
v 6.122940 -13.961929 15.567438
v 6.137401 12.766745 17.369986
v 6.140532 16.478220 12.546342
v 6.143874 -11.532994 19.644251
v 6.158925 23.795282 5.209042
v 6.173839 22.465981 6.487768
v 6.176175 6.546363 0.000000
v 6.219863 -11.789468 19.025667
v 6.224484 19.488768 9.433121
v 6.226266 13.613577 15.970421
v 6.227640 12.059181 18.519251
v 6.228861 -4.177474 12.500000
v 6.228861 4.177474 12.500000
v 6.241075 -20.667072 8.238809
v 6.250961 -13.542000 16.051683
v 6.255123 27.160416 2.012227
v 6.264096 -29.732105 2.120730
v 6.275059 -16.976278 11.945069
v 6.282939 -47.857735 1.263842
v 6.306125 -19.604189 9.288991
v 6.313254 17.093300 11.802350
v 6.335409 -12.473195 17.678757
v 6.339880 11.725107 19.025667
v 6.387670 18.710676 10.151682
v 6.390924 -18.716969 10.144136
v 6.395150 -24.082729 4.874945
v 6.418035 27.812199 1.372864
v 6.423299 -30.487751 2.030244
v 6.423686 -13.117520 16.524855
v 6.431718 -23.193411 5.715911
v 6.440639 13.081461 16.564669
v 6.458155 -11.800674 18.761620
v 6.475069 20.427298 8.405857
v 6.495191 -3.750000 21.500000
v 6.495191 3.750000 21.500000
v 6.520545 11.736341 18.821699
v 6.520976 11.061687 20.262835
v 6.525146 27.691603 1.132286
v 6.528146 25.725771 3.290953
v 6.536051 12.200442 17.951822
v 6.542672 -24.638262 4.351335
v 6.547545 -17.717915 11.045732
v 6.568704 -14.844241 14.051002
v 6.569073 14.990242 13.878369
v 6.571335 17.773933 10.977851
v 6.574808 -15.233408 13.596782
v 6.583470 -31.247992 2.000000
v 6.589793 -14.457270 14.499388
v 6.595990 14.394055 14.572109
v 6.605858 15.592365 13.171403
v 6.611326 -10.786659 20.878622
v 6.628210 -10.997400 20.262835
v 6.638948 -14.072700 14.941099
v 6.644064 -12.684763 16.985762
v 6.650786 21.670425 7.127131
v 6.651717 20.055693 8.720013
v 6.652333 -20.056801 8.718754
v 6.655591 -15.962202 12.739337
v 6.677468 13.866981 15.174833
v 6.678515 -11.231730 19.644251
v 6.682248 24.327463 4.569679
v 6.683595 -12.007358 18.134956
v 6.689333 -22.246094 6.556877
v 6.700182 -25.231413 3.873942
v 6.702362 16.200590 12.454662
v 6.717917 -13.689293 15.375001
v 6.721573 22.973007 5.848405
v 6.722112 -3.326141 12.500000
v 6.722112 3.326141 12.500000
v 6.730197 12.534081 17.139650
v 6.764760 -19.317879 9.399085
v 6.772271 19.328314 9.385783
v 6.787000 5.910721 10.000000
v 6.817210 13.339743 15.761801
v 6.822092 -16.696226 11.869892
v 6.829255 -25.515112 2.075501
v 6.840730 -13.267875 15.839746
v 6.841775 11.393897 19.116611
v 6.856373 16.812620 11.730995
v 6.866741 -25.858635 3.445702
v 6.868413 -25.664112 2.022657
v 6.892225 -25.751072 1.972626
v 6.894400 5.785089 0.000000
v 6.897472 18.452475 10.152979
v 6.900486 -18.458715 10.145597
v 6.914704 -25.830410 1.910710
v 6.914718 -12.236883 17.433575
v 6.929097 -2.870126 21.500000
v 6.929097 2.870126 21.500000
v 6.934597 -10.400065 21.500000
v 6.935376 -25.900618 1.837989
v 6.945533 -25.934351 1.797630
v 6.946948 -21.298777 7.397843
v 6.957696 -25.989454 1.731544
v 6.971398 -26.051603 1.672409
v 6.979058 -11.251044 19.232416
v 6.981194 -26.096073 1.637586
v 6.997045 -26.168077 1.591707
v 7.003771 -12.841001 16.293024
v 7.013914 -26.244753 1.554620
v 7.019669 12.804654 16.331093
v 7.025893 26.281912 2.651590
v 7.027578 11.588148 18.510315
v 7.031579 -26.325075 1.526834
v 7.031712 -20.500210 8.152102
v 7.033015 10.743218 20.262835
v 7.035967 10.331755 21.500000
v 7.041331 -26.516104 3.069152
v 7.049808 -26.407991 1.508736
v 7.067935 20.880709 7.766494
v 7.068893 -17.433941 10.993764
v 7.074317 -26.519493 1.500000
v 7.090619 17.489666 10.927568
v 7.092051 -11.508758 18.575918
v 7.099674 -2.417567 12.500000
v 7.099674 2.417567 12.500000
v 7.100818 11.960373 17.693439
v 7.110139 -10.464469 20.878344
v 7.126838 14.675687 13.706174
v 7.128244 -14.529467 13.872939
v 7.129677 -14.919151 13.433822
v 7.130608 20.609011 8.012120
v 7.137167 -10.673993 20.262835
v 7.151853 -14.141672 14.305858
v 7.154290 15.278335 13.022202
v 7.158224 14.078288 14.376017
v 7.191473 11.028115 19.403511
v 7.194628 -19.907305 8.658179
v 7.196746 -15.648252 12.603496
v 7.198493 -10.905804 19.644251
v 7.201169 -13.755928 14.731734
v 7.205572 24.859642 3.930316
v 7.209406 -12.404881 16.733864
v 7.215850 19.934017 8.624209
v 7.221716 22.151175 6.487768
v 7.222906 -27.199873 2.746622
v 7.237306 -11.764772 17.867706
v 7.237511 15.886580 12.327526
v 7.238667 13.549419 14.956851
v 7.244444 -1.941143 21.500000
v 7.244444 1.941143 21.500000
v 7.247326 -19.054012 9.415479
v 7.254310 19.064341 9.402427
v 7.269307 23.480034 5.209042
v 7.277548 -13.370941 15.149498
v 7.289301 12.252913 16.880968
v 7.295426 -46.003483 1.500000
v 7.308302 11.257005 18.780190
v 7.344100 -16.381973 11.759922
v 7.355052 -1.467385 12.500000
v 7.355052 1.467385 12.500000
v 7.371731 13.019593 15.521478
v 7.374862 16.498281 11.625043
v 7.390206 18.164646 10.122540
v 7.392992 -18.170862 10.115335
v 7.393869 -12.947347 15.596410
v 7.410360 -27.905785 2.480006
v 7.435836 -0.978946 21.500000
v 7.435836 0.978946 21.500000
v 7.442825 5.060075 10.000000
v 7.444658 -20.932400 7.589530
v 7.448466 10.459086 20.262835
v 7.459712 -11.952861 17.161835
v 7.464608 27.550112 1.372864
v 7.483848 -0.491951 12.500000
v 7.483848 0.491951 12.500000
v 7.500000 0.000000 21.500000
v 7.510964 27.440626 0.000000
v 7.513600 -22.866125 5.715911
v 7.519390 4.945581 0.000000
v 7.523639 26.838053 2.012227
v 7.546096 -12.517873 16.031858
v 7.554175 11.339489 18.225080
v 7.560847 12.481249 16.068386
v 7.561639 -10.965187 19.000683
v 7.567620 -17.119066 10.908432
v 7.569458 10.634537 19.681942
v 7.570143 -10.635187 19.681950
v 7.587457 17.174738 10.844045
v 7.593334 -10.119278 20.878063
v 7.602566 -28.629591 2.270974
v 7.612403 10.905066 19.043486
v 7.613485 -11.259256 18.287590
v 7.630454 -10.327147 20.262835
v 7.630798 11.673601 17.410215
v 7.636182 -23.718624 4.874945
v 7.648468 -19.638166 8.688699
v 7.648808 14.322559 13.499904
v 7.649671 -14.567186 13.236557
v 7.651394 -14.175538 13.660999
v 7.660801 21.334118 7.127131
v 7.662713 21.143282 7.310952
v 7.668322 19.664644 8.655359
v 7.669318 14.928098 12.838532
v 7.676060 -13.785608 14.079159
v 7.676878 27.394667 1.132286
v 7.680932 -20.480543 7.923022
v 7.682375 13.721858 14.146900
v 7.701665 -25.462286 2.068869
v 7.705930 -15.299540 12.433222
v 7.714201 -18.763149 9.401943
v 7.719085 20.523163 7.868354
v 7.720681 18.773420 9.389179
v 7.724142 -13.397542 14.490217
v 7.726458 -21.907747 6.556877
v 7.728895 25.391823 3.290953
v 7.730449 -25.541157 2.017256
v 7.736053 -12.078773 16.455084
v 7.741677 15.538869 12.166080
v 7.755964 -11.476293 17.576822
v 7.757920 -25.612545 1.955139
v 7.759913 13.189720 14.707395
v 7.783603 -25.675200 1.883528
v 7.792646 22.631926 5.848405
v 7.796640 -13.010058 14.893188
v 7.798357 -29.366898 2.120730
v 7.809448 11.925791 16.596310
v 7.811889 11.004111 18.482346
v 7.812330 -24.265757 4.351335
v 7.817041 23.987062 4.569679
v 7.837067 -16.036077 11.616123
v 7.852446 10.158863 20.262835
v 7.862578 17.849073 10.060533
v 7.864779 16.152809 11.485411
v 7.865155 -17.855286 10.053518
v 7.884664 12.656347 15.251857
v 7.892289 -21.350168 7.031922
v 7.905226 -12.583642 15.324111
v 7.939866 10.528982 19.299982
v 7.953662 -9.643093 21.500000
v 7.965339 -11.623665 16.865992
v 7.973023 10.206802 19.951248
v 7.992639 4.137357 10.000000
v 7.996554 -30.113262 2.030244
v 8.000407 -24.849939 3.873942
v 8.007344 -44.699688 1.673950
v 8.028859 9.580575 21.500000
v 8.040170 -16.775652 10.790442
v 8.042694 4.039193 0.000000
v 8.043838 -10.708905 18.692917
v 8.045332 11.047137 17.918859
v 8.045624 -12.151380 15.743949
v 8.058329 16.831501 10.727970
v 8.059152 12.114489 15.779152
v 8.059879 -9.751886 20.877785
v 8.087662 -10.359494 19.407898
v 8.087908 -19.344540 8.691195
v 8.090300 10.648247 18.733780
v 8.099438 -10.966475 17.978743
v 8.104454 -20.206594 7.967028
v 8.106451 19.370895 8.658578
v 8.106978 -9.957617 20.262835
v 8.121169 11.342642 17.104664
v 8.130061 -14.180511 13.006627
v 8.130164 13.933910 13.261303
v 8.133275 -13.785540 13.416996
v 8.140310 20.248875 7.913348
v 8.146387 14.544563 12.621866
v 8.157421 -13.392242 13.821280
v 8.162492 -18.447058 9.358535
v 8.163432 13.327942 13.886779
v 8.168499 18.457317 9.346093
v 8.178767 -14.918881 12.229841
v 8.195955 -30.864164 2.000000
v 8.199288 -25.467680 3.445702
v 8.202800 -13.000776 14.218713
v 8.210624 15.160211 11.971548
v 8.219178 -11.709669 16.152138
v 8.224303 -9.930878 20.107836
v 8.225300 -21.032078 7.195216
v 8.234913 -11.144414 17.264853
v 8.236116 12.791149 14.428722
v 8.244397 9.843076 20.262835
v 8.250168 21.651443 6.618676
v 8.252218 25.924004 2.651590
v 8.253668 21.787529 6.487768
v 8.270102 -12.609937 14.608407
v 8.279923 10.709480 18.165512
v 8.284312 21.087997 7.120676
v 8.285904 11.555934 16.288427
v 8.289106 10.123902 19.549345
v 8.297040 -15.661160 11.439526
v 8.311489 17.507927 9.967448
v 8.313878 -17.514158 9.960636
v 8.322242 15.778796 11.313087
v 8.350948 12.253332 14.955418
v 8.363576 23.112675 5.209042
v 8.364775 24.494089 3.930316
v 8.369750 -12.180092 15.025355
v 8.375786 -21.749674 6.480467
v 8.389354 10.268790 18.979317
v 8.398367 9.738555 20.210613
v 8.407760 -26.115208 3.069152
v 8.427073 -11.252481 16.548853
v 8.428612 3.155709 10.000000
v 8.457233 3.078181 0.000000
v 8.469692 -25.115320 2.200000
v 8.483037 -16.406120 10.640564
v 8.490524 -10.412764 18.367828
v 8.496806 10.713530 17.594238
v 8.497428 -11.744873 15.431953
v 8.499763 16.462360 10.580097
v 8.500573 27.248890 1.372864
v 8.508744 -9.363093 20.877506
v 8.509672 11.707724 15.466060
v 8.510437 -19.028070 8.665629
v 8.514799 -19.910545 7.984976
v 8.524100 -10.098073 19.082859
v 8.527743 19.054413 8.633820
v 8.528856 -25.259296 2.123088
v 8.532698 10.351944 18.407084
v 8.545739 -10.632839 17.651972
v 8.548448 19.952660 7.932431
v 8.566663 13.513264 12.992550
v 8.566677 -13.762578 12.746106
v 8.567626 10.970634 16.779619
v 8.569604 -13.363043 13.143177
v 8.572546 -9.538433 20.311146
v 8.579816 -9.776611 19.742300
v 8.581465 14.131064 12.374107
v 8.584849 -25.381124 2.012784
v 8.589470 -18.107746 9.285589
v 8.591571 -12.965250 13.534644
v 8.595043 18.118038 9.273500
v 8.597023 12.900230 13.598100
v 8.611369 -14.509492 11.995096
v 8.616951 -20.753872 7.252200
v 8.624570 -26.788639 2.746622
v 8.632734 -12.569398 13.919806
v 8.634672 -25.474279 1.875000
v 8.640575 14.753733 11.745562
v 8.654063 -11.300908 15.827806
v 8.662865 12.357514 14.123500
v 8.664947 -25.589560 1.719670
v 8.670013 -10.772238 16.934647
v 8.672620 20.809385 7.178977
v 8.693527 -12.174417 14.297891
v 8.704400 -25.739796 1.600481
v 8.707636 9.861362 19.218750
v 8.708493 10.375489 17.832277
v 8.714039 11.146668 15.960136
v 8.720476 -15.260180 11.231550
v 8.721663 -43.391499 1.810953
v 8.722846 9.604450 19.832142
v 8.733883 17.143423 9.843831
v 8.736107 -17.149693 9.837234
v 8.743768 15.379157 11.109439
v 8.744534 2.129113 10.000000
v 8.750346 -25.914749 1.525556
v 8.757403 2.075543 0.000000
v 8.766227 11.814439 14.635019
v 8.775541 26.456182 2.012227
v 8.783100 -11.740594 14.703025
v 8.799651 -26.102497 1.500000
v 8.803588 9.971661 18.643637
v 8.814081 27.050211 1.132286
v 8.835918 -21.557880 6.471303
v 8.840496 -10.842601 16.213278
v 8.841682 9.223440 20.459221
v 8.846534 22.240940 5.848405
v 8.848117 -22.383593 5.715911
v 8.848401 -27.483879 2.480006
v 8.856687 -23.290775 4.874945
v 8.890697 -8.786666 21.500000
v 8.893058 -16.013170 10.459919
v 8.895109 22.126419 5.937459
v 8.896331 -22.127073 5.936351
v 8.897297 -11.302267 15.098867
v 8.898084 -10.079078 18.027990
v 8.904848 10.341658 17.254065
v 8.908214 11.264871 15.132112
v 8.908624 16.069994 10.401524
v 8.909815 -19.593922 7.976751
v 8.912509 25.001118 3.290953
v 8.913680 -18.690611 8.612206
v 8.914258 21.619568 6.384109
v 8.925454 -9.800898 18.743643
v 8.929841 18.717043 8.581285
v 8.931787 -9.114456 20.507441
v 8.934505 23.593424 4.569679
v 8.935905 1.072192 10.000000
v 8.936041 10.018460 18.065969
v 8.938898 -8.953699 20.877228
v 8.939145 1.044836 0.000000
v 8.941370 19.636032 7.925483
v 8.942100 8.734349 21.500000
v 8.948710 -10.261318 17.310114
v 8.954440 13.064447 12.696103
v 8.955709 -13.317135 12.457346
v 8.956479 -12.911928 12.842072
v 8.965969 10.560820 16.437971
v 8.970849 13.691206 12.097434
v 8.972200 -9.513298 19.404522
v 8.974551 -12.508636 13.221946
v 8.979183 12.442746 13.283586
v 8.992441 -17.747265 9.183491
v 8.996580 -20.455824 7.285114
v 8.997625 17.757627 9.171784
v 9.000000 -25.361990 1.900108
v 9.000000 -24.965611 2.262282
v 9.000000 -21.034651 5.600000
v 9.000000 -19.830471 6.471599
v 9.000000 -18.641273 7.363529
v 9.000000 -17.467398 8.275532
v 9.000000 -16.738314 8.788639
v 9.000000 -15.956664 9.217435
v 9.000000 -15.132155 9.556595
v 9.000000 -14.275029 9.801907
v 9.000000 -13.395930 9.950322
v 9.000000 -12.505775 10.000000
v 9.000000 -10.354787 0.000000
v 9.000000 -10.354787 5.600000
v 9.000000 0.000000 0.000000
v 9.000000 0.000000 10.000000
v 9.000160 -14.074843 11.730998
v 9.004939 -10.371439 5.398822
v 9.009967 -12.107520 13.596351
v 9.014236 -25.414356 1.812468
v 9.019743 -10.421355 5.198130
v 9.028050 14.322807 11.490012
v 9.031502 -25.477787 1.733072
v 9.036182 11.892980 13.794659
v 9.036707 -10.856380 15.485159
v 9.040627 -21.852783 5.025426
v 9.043801 -25.522949 1.687934
v 9.044376 -10.504416 4.998405
v 9.049021 20.511158 7.213410
v 9.057228 -10.362961 16.589102
v 9.060989 -23.828039 4.351335
v 9.062958 -11.707698 13.964632
v 9.065186 -25.601425 1.625473
v 9.077906 -28.196741 2.270974
v 9.078780 -10.620421 4.800130
v 9.088614 -25.687370 1.574651
v 9.089940 10.701865 15.614522
v 9.091362 9.564676 18.875063
v 9.094166 10.005027 17.485455
v 9.102219 9.341129 19.491285
v 9.104098 -14.836312 10.993865
v 9.104577 -25.745920 1.548553
v 9.104870 -9.123259 20.061619
v 9.122871 -10.769091 4.603781
v 9.126131 14.957020 10.876083
v 9.126601 11.343919 14.293761
v 9.126980 16.758007 9.690536
v 9.127175 -25.828793 1.521840
v 9.129066 -16.764338 9.684161
v 9.141393 -11.269407 14.360238
v 9.150455 -25.914156 1.505579
v 9.166293 -22.700979 4.444166
v 9.176544 -10.950067 4.409833
v 9.177543 9.029787 20.103201
v 9.179384 9.639800 18.295473
v 9.193820 -21.276039 6.540967
v 9.195130 -25.356178 1.823567
v 9.201888 -10.397838 15.862373
v 9.212815 -25.419369 1.741547
v 9.221310 -25.029179 2.216199
v 9.225486 -25.464647 1.694856
v 9.234500 -22.976791 4.233286
v 9.239670 -11.162913 4.218751
v 9.241488 -10.827842 14.747902
v 9.247607 -25.543694 1.630174
v 9.251048 10.790208 14.780527
v 9.261493 -25.105400 2.148952
v 9.263361 -9.710632 17.676176
v 9.265809 9.934601 16.901213
v 9.267291 -15.599681 10.249851
v 9.267961 21.337336 6.455295
v 9.271934 -25.630615 1.577485
v 9.279127 -24.401684 3.873942
v 9.281997 15.657262 10.193573
v 9.287463 -19.258421 7.942447
v 9.288544 -25.689970 1.550408
v 9.288707 -9.470127 18.392742
v 9.295293 -18.334047 8.531171
v 9.297232 9.650559 17.713196
v 9.299001 -8.655375 20.696157
v 9.299168 8.655080 20.696259
v 9.299666 -25.170790 2.070134
v 9.304771 -9.854966 16.956043
v 9.310415 18.360659 8.501213
v 9.311692 -28.922901 2.120730
v 9.312093 -25.774117 1.522682
v 9.312094 -11.407118 4.030998
v 9.312685 10.116940 16.082819
v 9.317062 19.300680 7.892589
v 9.325703 26.878128 0.000000
v 9.326075 -23.220865 3.997813
v 9.330276 -9.218193 19.055124
v 9.335034 -25.224009 1.981439
v 9.336379 -25.860897 1.505795
v 9.349310 -8.524504 20.876949
v 9.362368 -20.139341 7.293783
v 9.363570 -10.380336 15.127460
v 9.368946 -17.367853 9.052896
v 9.373794 17.378325 9.041598
v 9.389163 -12.272882 12.402769
v 9.389508 12.429060 12.262259
v 9.393188 -9.920268 16.231306
v 9.394297 -12.687122 12.032719
v 9.399299 -11.860920 12.769370
v 9.402424 11.793672 12.828987
v 9.410152 10.225751 15.254853
v 9.411729 20.194706 7.223796
v 9.413015 13.070173 11.687572
v 9.424650 -11.451616 13.132045
v 9.433601 9.601061 17.127888
v 9.437483 9.235939 18.520737
v 9.437813 -42.079952 1.910900
v 9.439400 22.694351 5.209042
v 9.443271 -23.430012 3.745757
v 9.444535 11.233000 13.324747
v 9.444642 -13.462214 11.336929
v 9.447578 9.047179 19.139475
v 9.449265 -8.861511 19.713310
v 9.455106 -22.478527 5.400760
v 9.460243 25.508144 2.651590
v 9.465283 -11.044411 13.490291
v 9.472997 13.716222 11.106816
v 9.484123 -11.987172 3.667273
v 9.488185 16.354277 9.508617
v 9.490165 -16.360680 9.502471
v 9.505435 24.074173 3.930316
v 9.507985 -9.922349 15.499402
v 9.509795 -25.008282 3.445702
v 9.511106 -22.044104 5.760557
v 9.513993 9.275831 17.937506
v 9.515226 8.768572 19.753668
v 9.515551 10.674996 13.811849
v 9.524427 26.908844 1.372864
v 9.527361 -10.599516 13.876945
v 9.540792 -20.976498 6.588552
v 9.548350 -29.657982 2.030244
v 9.548359 -14.241212 10.633861
v 9.569808 14.364741 10.521757
v 9.576673 9.495882 16.538713
v 9.583291 -9.310287 17.315176
v 9.590798 -23.606081 3.479740
v 9.591439 -8.471537 20.331360
v 9.599674 22.561142 5.269472
v 9.604699 9.643065 15.717400
v 9.607931 -10.153461 14.257841
v 9.610861 21.037651 6.504639
v 9.610968 -9.417278 16.592781
v 9.611257 -9.108315 18.032803
v 9.611651 22.108925 5.661589
v 9.613257 9.251080 17.351547
v 9.615665 10.115523 14.290023
v 9.645730 -18.905766 7.882193
v 9.648171 8.391805 20.361441
v 9.651546 -8.893287 18.696493
v 9.653126 -17.960424 8.423011
v 9.667331 17.987299 8.394085
v 9.671207 -8.157613 20.876745
v 9.673535 18.948313 7.833871
v 9.674963 -9.448162 15.864471
v 9.690974 -12.684643 3.322162
v 9.705812 -15.021530 9.926539
v 9.707103 -9.704203 14.632871
v 9.710255 -24.748852 2.370108
v 9.712590 -19.805969 7.278207
v 9.716680 -16.971880 8.894644
v 9.719878 15.080347 9.873111
v 9.719891 -11.178676 12.283034
v 9.720819 -11.600503 11.926882
v 9.721045 11.109889 12.341129
v 9.721248 16.982492 8.883775
v 9.724060 9.166972 16.762541
v 9.724913 11.760874 11.790829
v 9.732503 -10.760138 12.637243
v 9.735368 -12.025094 11.569106
v 9.736036 -7.839617 21.500000
v 9.743600 8.877604 18.158358
v 9.744851 10.536969 12.826262
v 9.745099 9.549801 14.759192
v 9.748260 -38.590145 1.500000
v 9.751587 -25.644131 3.069152
v 9.753481 -38.594662 1.500057
v 9.756573 8.724535 18.779057
v 9.758678 -10.344719 12.989142
v 9.758700 -38.599174 1.500228
v 9.759050 19.861561 7.210126
v 9.760531 -8.572232 19.355730
v 9.761304 12.418495 11.236813
v 9.763916 -38.603683 0.000000
v 9.763916 -38.603683 1.500512
v 9.765626 8.026084 20.920811
v 9.766628 7.801473 21.500000
v 9.784059 -23.800907 3.188898
v 9.786448 -30.397532 2.000000
v 9.794271 9.969163 13.306805
v 9.798920 -12.820244 10.900478
v 9.802907 -9.892641 13.371293
v 9.804746 8.882437 17.572439
v 9.819973 8.480413 19.395159
v 9.820744 -38.655071 1.511440
v 9.825033 -9.248022 15.002398
v 9.830379 13.081262 10.680369
v 9.833619 -21.759398 5.842593
v 9.834831 9.029314 16.169701
v 9.855377 -8.881280 16.947887
v 9.861835 -38.695133 0.000000
v 9.863447 -9.441947 13.750217
v 9.864749 -8.952029 16.223440
v 9.869369 9.403717 13.782393
v 9.874210 -38.707741 1.536493
v 9.875323 -20.660538 6.613838
v 9.881671 8.823231 16.983904
v 9.890587 -8.718071 17.666485
v 9.890734 -8.215196 19.975567
v 9.904209 8.971868 15.219875
v 9.909201 -24.802320 2.325125
v 9.910385 -13.619587 10.229365
v 9.915944 15.792078 9.223551
v 9.917829 -15.798601 9.217717
v 9.921343 -38.758217 1.574598
v 9.924397 -25.788799 1.500000
v 9.928079 -10.044542 12.120129
v 9.929043 21.823883 5.745351
v 9.929499 10.402582 11.827968
v 9.930657 -13.492814 2.998987
v 9.930766 -10.473028 11.770844
v 9.931772 9.816496 12.307511
v 9.932566 13.746400 10.122705
v 9.933889 -8.540893 18.331120
v 9.935296 26.658802 1.132286
v 9.937877 -9.620341 12.469578
v 9.940336 -8.991303 14.125765
v 9.941484 20.721785 6.531918
v 9.942088 8.136516 20.004845
v 9.945832 -10.905540 11.421982
v 9.951370 -24.868275 2.258357
v 9.952471 -38.793808 0.000000
v 9.955031 11.070468 11.289240
v 9.957715 9.238299 12.787138
v 9.960334 -38.803123 1.622621
v 9.961847 -8.780096 15.366915
v 9.963036 -9.160686 12.851809
v 9.963192 8.706403 16.392462
v 9.970228 8.837336 14.252755
v 9.973304 -11.341382 11.073701
v 9.982762 -18.537809 7.796325
v 9.985156 -17.571886 8.288366
v 9.986420 -24.018560 2.932552
v 9.990415 -25.032322 1.989564
v 9.991673 -24.924080 2.181899
v 9.991957 -38.841980 1.680965
v 9.998578 17.599100 8.260530
v 10.001566 8.597785 12.175991
v 10.001856 -0.002158 11.807366
v 10.003050 -26.305414 2.746622
v 10.003387 -8.705253 13.233585
v 10.003813 -9.149590 11.723977
v 10.006666 -8.371181 12.364960
v 10.007390 8.492186 17.790525
v 10.007545 8.666740 13.266187
v 10.007977 26.015171 2.012227
v 10.008957 18.580770 7.749656
v 10.010139 11.746073 10.751949
v 10.010698 9.381587 11.537525
v 10.015976 -38.873043 1.749352
v 10.027210 8.375438 18.412476
v 10.029366 -24.968725 2.097203
v 10.030487 -38.892513 1.824063
v 10.032267 23.147762 4.569679
v 10.033655 -8.537886 14.498002
v 10.033844 7.833447 12.821892
v 10.035291 -38.899128 0.000000
v 10.035291 -38.899128 1.900000
v 10.035291 -38.899128 2.000000
v 10.036682 -8.257210 18.991114
v 10.041187 -9.946464 11.092021
v 10.044437 -0.002158 12.941679
v 10.044861 -7.617385 21.048553
v 10.045545 -19.457268 7.238419
v 10.049493 8.462634 17.203045
v 10.051404 -7.612702 13.012516
v 10.053299 -22.800056 4.874945
v 10.057503 -12.158420 10.428039
v 10.059052 -8.253480 13.614605
v 10.059739 10.182940 10.908507
v 10.063740 -25.001400 2.005900
v 10.070287 -14.419633 9.557804
v 10.076365 24.554922 3.290953
v 10.077490 -8.427093 16.577269
v 10.081483 8.100115 13.743944
v 10.084326 14.479890 9.507197
v 10.087630 -7.742818 20.585852
v 10.088099 -0.002158 10.675535
v 10.089312 19.513269 7.172425
v 10.089862 8.167068 19.029884
v 10.093060 8.370717 15.672987
v 10.094780 12.427106 10.216781
v 10.097041 8.265738 14.717952
v 10.097183 -38.990250 0.140398
v 10.100387 8.370461 16.613207
v 10.101000 -38.996304 2.000000
v 10.108988 7.088531 13.471966
v 10.117270 -10.757950 10.470271
v 10.117683 -8.295576 15.726936
v 10.124677 -8.302323 17.296507
v 10.128139 7.680669 20.605663
v 10.130134 -7.803480 13.994463
v 10.131787 -16.422337 8.642238
v 10.136081 16.433180 8.631967
v 10.139300 -6.872664 13.663006
v 10.143463 -8.077790 14.866965
v 10.146218 -21.458979 5.904492
v 10.147344 10.997583 10.289552
v 10.155219 -40.766109 0.500000
v 10.155219 -40.766109 1.973712
v 10.158275 -7.935225 19.612371
v 10.160051 -39.097660 2.000000
v 10.164267 -39.105587 0.256565
v 10.175260 -8.163374 17.961514
v 10.179804 7.535939 14.219695
v 10.182032 -25.013445 1.900518
v 10.184947 -12.980031 9.785908
v 10.191946 -24.254534 2.709875
v 10.195986 -20.329557 6.616750
v 10.198603 8.057625 15.896941
v 10.200862 -14.403903 2.700862
v 10.201972 -25.073536 1.800493
v 10.204444 7.858043 19.641050
v 10.209227 13.110441 9.684312
v 10.212179 -39.202747 2.000000
v 10.215294 -0.002158 14.063858
v 10.216649 -7.352293 14.372547
v 10.216803 -25.118883 1.743064
v 10.227006 8.082484 17.419889
v 10.227654 6.357797 14.120842
v 10.229054 -39.242054 0.346540
v 10.231306 7.329993 21.131023
v 10.231471 -11.578842 9.858727
v 10.236656 21.523397 5.809244
v 10.243359 -25.200981 1.662973
v 10.246421 8.019653 16.832144
v 10.249786 7.679748 15.177867
v 10.251788 -40.557831 0.500000
v 10.253675 -22.481766 5.065920
v 10.257569 8.002174 18.042187
v 10.258435 20.391113 6.537048
v 10.262657 -26.988111 2.480006
v 10.269831 -7.607094 15.232707
v 10.270515 -6.142716 14.310133
v 10.272485 11.820604 9.680937
v 10.273184 -25.294044 1.597280
v 10.276059 -7.918487 18.621777
v 10.277699 15.208753 8.893141
v 10.279550 -15.215415 8.887623
v 10.288104 -39.404728 0.414491
v 10.292672 -7.788549 16.083050
v 10.293790 -25.358706 1.563372
v 10.296811 -18.156494 7.685313
v 10.301965 -24.664066 2.402973
v 10.302054 -0.002158 9.560770
v 10.302359 6.966864 14.691901
v 10.307952 -40.385284 1.984938
v 10.311539 7.734155 16.119286
v 10.311833 -7.864198 16.925634
v 10.318628 -6.896932 14.748246
v 10.320262 -40.338707 0.500000
v 10.321596 18.199980 7.640402
v 10.323223 -25.451422 1.528563
v 10.323294 7.830542 18.660131
v 10.333860 -39.578205 0.460235
v 10.335835 7.378102 15.405736
v 10.336535 -39.592957 1.998333
v 10.340512 -7.496656 20.224318
v 10.345206 -24.723774 2.336968
v 10.353745 -25.547850 1.507310
v 10.355853 -13.801700 9.148300
v 10.359463 -40.112507 0.500000
v 10.359656 -19.094915 7.174628
v 10.360122 -39.750175 0.484883
v 10.367330 22.947817 4.616906
v 10.368177 -39.987968 1.993366
v 10.370512 13.863535 9.100427
v 10.372620 6.677777 14.926104
v 10.374045 -7.763349 17.590210
v 10.377221 7.435595 20.243759
v 10.379711 22.546974 4.955995
v 10.383261 -12.403919 9.257347
v 10.384398 -17.034433 8.068910
v 10.386682 -24.773790 2.262345
v 10.388504 5.626042 14.760276
v 10.389482 -23.562492 4.140894
v 10.392497 -7.633210 19.243853
v 10.397005 17.062195 8.042604
v 10.400907 7.651487 17.049131
v 10.400967 19.151487 7.110890
v 10.404688 -24.518387 2.510454
v 10.412833 -7.120800 15.595216
v 10.414414 -7.031770 21.210484
v 10.425679 -24.813274 2.180414
v 10.428308 7.068953 15.632154
v 10.431882 7.398702 16.340132
v 10.433721 7.557942 19.272116
v 10.434950 12.646330 9.082558
v 10.436030 -6.433302 15.120743
v 10.443819 -5.408464 14.945589
v 10.446148 7.607272 17.670679
v 10.447676 -21.144012 5.946001
v 10.448814 6.384211 15.158732
v 10.454033 -24.572958 2.468090
v 10.461522 -24.841566 2.092630
v 10.463929 -24.605179 2.439103
v 10.477066 -7.558145 18.250036
v 10.480963 -6.811712 21.500000
v 10.484882 -23.292931 4.307189
v 10.485826 -7.250780 16.434505
v 10.487399 -15.853728 8.345182
v 10.491538 15.864841 8.335528
v 10.494265 6.791200 21.500000
v 10.498987 -15.409134 2.430657
v 10.501363 -19.984966 6.597239
v 10.508265 -24.661976 2.373694
v 10.509855 -24.617290 2.421770
v 10.512224 -0.002158 15.159446
v 10.518730 7.472877 18.288195
v 10.527212 6.750914 15.857082
v 10.528844 -27.688114 2.270974
v 10.528918 -7.343600 17.219778
v 10.530917 6.084990 15.389551
v 10.533301 21.208614 5.853009
v 10.534668 26.530283 1.372864
v 10.539133 -22.195072 5.160125
v 10.550881 -24.709261 2.300116
v 10.559367 7.049006 16.559216
v 10.560331 20.047033 6.519974
v 10.563287 -7.230748 19.857010
v 10.567971 -5.954668 15.487990
v 10.569030 14.611176 8.521213
v 10.570830 -24.650845 2.373035
v 10.570910 -14.617990 8.516008
v 10.571650 -6.611470 15.953159
v 10.572111 -13.227962 8.666089
v 10.582249 -6.927127 20.822662
v 10.588810 4.873105 15.380272
v 10.591084 -24.746271 2.219621
v 10.591716 7.193413 17.300455
v 10.592124 -7.310935 18.872141
v 10.596344 7.171077 19.876200
v 10.612595 -22.711895 4.715498
v 10.618685 5.778184 15.617955
v 10.621614 6.857952 20.840797
v 10.625133 23.601173 3.930316
v 10.628211 -24.772404 2.133599
v 10.628680 7.237968 18.900146
v 10.632334 6.421907 16.080101
v 10.634640 13.469044 8.494282
v 10.636578 -24.674034 2.322577
v 10.638479 -7.178468 17.878229
v 10.640965 -0.002158 8.477434
v 10.647294 25.035671 2.651590
v 10.650482 -24.783337 2.075130
v 10.653438 -18.720654 7.087155
v 10.653735 -4.642271 15.556291
v 10.659050 22.260052 5.052142
v 10.665149 -6.758192 16.731625
v 10.674997 7.096310 17.916376
v 10.676906 -17.630707 7.499138
v 10.683859 -23.255333 4.263194
v 10.685578 6.561059 21.324791
v 10.691999 -5.526471 15.797281
v 10.692552 18.777937 7.025828
v 10.700157 17.675039 7.456713
v 10.717099 6.616868 16.813124
v 10.719788 -6.150015 16.255508
v 10.728148 5.405282 15.881706
v 10.730384 -16.479845 7.805970
v 10.736825 -20.815754 5.966983
v 10.742459 16.508244 7.781259
v 10.745080 -23.845480 3.838448
v 10.754770 -6.946460 19.485836
v 10.755929 -6.970216 18.499374
v 10.756430 -24.394699 3.503759
v 10.759319 -6.781869 17.508699
v 10.762812 6.018453 16.338305
v 10.774013 -6.398061 21.361359
v 10.776215 -36.923588 1.513630
v 10.779495 -15.272268 8.006662
v 10.783515 -24.690365 2.217121
v 10.783608 15.283676 7.997631
v 10.784352 6.888463 19.504875
v 10.788137 6.899900 18.527260
v 10.788602 -6.696816 20.457018
v 10.790144 -19.628267 6.555407
v 10.791161 6.703202 17.546993
v 10.798227 -14.045380 8.084644
v 10.799997 -28.401176 2.120730
v 10.815612 -21.894493 5.236048
v 10.817849 20.880770 5.876505
v 10.818934 4.063102 15.963317
v 10.822162 -16.498827 2.190974
v 10.824259 6.629194 20.474901
v 10.825111 -5.077196 16.099361
v 10.843611 5.015190 16.139204
v 10.845893 19.691023 6.480783
v 10.855912 -6.231017 17.023556
v 10.860887 -36.969822 1.553590
v 10.871963 14.282868 7.915892
v 10.877973 -5.660676 16.552010
v 10.880766 -23.213503 4.219621
v 10.882315 6.157506 17.062241
v 10.883007 -6.613022 18.127689
v 10.890283 -3.807849 16.124670
v 10.899908 5.592766 16.591234
v 10.911216 6.545674 18.155569
v 10.914024 -6.645308 19.112734
v 10.929552 21.959520 5.130295
v 10.931402 -0.002158 16.214323
v 10.933597 -37.009525 1.617157
v 10.940331 6.589247 19.131708
v 10.940889 3.623202 16.234339
v 10.945204 -24.666777 2.111898
v 10.949489 -4.654586 16.359524
v 10.956491 -23.798399 3.803086
v 10.963783 4.605322 16.388241
v 10.966704 -6.450503 20.086975
v 10.972657 -6.241428 17.759232
v 10.989388 -37.039989 1.700000
v 10.997245 6.177322 17.787193
v 10.998812 6.384720 20.104700
v 11.009706 -17.089602 7.271037
v 11.011057 -18.206175 6.934367
v 11.012517 -20.475468 5.967330
v 11.012704 -3.349959 16.384842
v 11.019514 -15.913720 7.502140
v 11.019876 -24.429031 3.418107
v 11.024461 -37.059139 1.796472
v 11.025285 -5.196480 16.808462
v 11.031361 15.942813 7.479061
v 11.031851 17.134909 7.231229
v 11.032995 -5.727228 17.276636
v 11.035075 -25.426168 1.500000
v 11.039066 26.221001 1.132286
v 11.040154 -6.328833 18.739651
v 11.042233 5.142033 16.836905
v 11.047691 18.264599 6.876471
v 11.053384 5.667798 17.304810
v 11.059244 -6.016519 21.038023
v 11.061088 -19.261015 6.491449
v 11.062681 3.151602 16.485746
v 11.063007 -14.849153 7.513038
v 11.063411 6.274947 18.758631
v 11.074481 -29.122995 2.030244
v 11.077591 -4.205221 16.609026
v 11.078973 -23.166676 4.175692
v 11.082133 -21.581078 5.293412
v 11.088163 4.167957 16.628624
v 11.089183 20.541111 5.879614
v 11.095981 5.939733 21.054132
v 11.098850 26.195763 0.000000
v 11.100467 -0.002158 7.439485
v 11.113905 19.324615 6.419660
v 11.115704 -6.189327 19.714254
v 11.117792 -5.713555 21.500000
v 11.117792 5.713555 21.500000
v 11.128986 -24.627110 2.007976
v 11.132455 -2.856757 16.622347
v 11.132535 -5.998691 18.368523
v 11.144443 6.125652 19.731905
v 11.148262 15.081044 7.347380
v 11.149616 -25.286413 2.971395
v 11.149905 -24.678144 1.884387
v 11.152983 5.947196 18.387564
v 11.163743 -22.587944 4.557703
v 11.165800 -23.746624 3.768039
v 11.167009 -24.720682 1.812385
v 11.167274 -17.662487 1.984123
v 11.176679 -4.699718 17.055468
v 11.179804 2.642215 16.712126
v 11.189165 4.658399 17.074938
v 11.190278 21.646412 5.190176
v 11.190708 -5.656616 18.001286
v 11.199590 -24.802700 1.710783
v 11.200205 23.273802 3.984592
v 11.206776 -3.723932 16.844557
v 11.208609 5.607702 18.020426
v 11.214469 -5.185008 17.521000
v 11.217153 3.684026 16.862728
v 11.217999 24.054585 3.290953
v 11.218224 25.516420 2.012227
v 11.220594 -5.808395 20.669682
v 11.222956 22.920357 4.271915
v 11.229404 5.139782 17.540306
v 11.234951 -5.914536 19.340609
v 11.238017 -24.900341 1.626434
v 11.244060 -24.371222 3.390623
v 11.244483 -2.322225 16.831217
v 11.253863 5.733667 20.685629
v 11.260523 5.853217 19.358252
v 11.265299 -24.970024 1.582561
v 11.273682 -20.124493 5.947052
v 11.274737 -23.115681 4.132205
v 11.286792 2.089121 16.907089
v 11.292044 -16.538185 7.003067
v 11.304962 -25.071684 1.537325
v 11.307629 -25.040098 3.048608
v 11.313538 16.584558 6.965971
v 11.323833 -5.627397 18.967787
v 11.327018 -17.678064 6.741529
v 11.329123 -4.165041 17.289652
v 11.332855 -3.206015 17.061380
v 11.337773 -21.255947 5.332040
v 11.341362 4.120613 17.307772
v 11.341851 -1.743533 17.003613
v 11.342633 3.163083 17.077696
v 11.346266 20.190952 5.862337
v 11.346460 5.568659 18.985474
v 11.346630 -25.178749 1.509581
v 11.350634 -29.849205 2.000000
v 11.355660 -5.587773 20.298054
v 11.361727 17.737793 6.687274
v 11.367890 -15.631936 6.951561
v 11.375780 1.493151 17.061886
v 11.375918 -23.689384 3.732792
v 11.381958 -5.329259 18.597530
v 11.385619 5.515368 20.313919
v 11.392538 -18.757660 6.372198
v 11.396717 -4.598773 17.753284
v 11.401878 5.273305 18.615297
v 11.409075 -5.021529 18.231573
v 11.411325 4.549960 17.771292
v 11.416478 -1.124158 17.130610
v 11.426540 4.968537 18.249441
v 11.435143 5.044580 21.500000
v 11.435183 -5.044492 21.500000
v 11.438626 0.858565 17.167526
v 11.440337 21.321827 5.231598
v 11.441943 18.822592 6.304461
v 11.450638 -24.575659 1.846388
v 11.452582 -2.640245 17.256460
v 11.459713 -0.471070 17.202690
v 11.460193 2.600559 17.268524
v 11.462403 22.632622 4.380346
v 11.463861 -5.355566 19.924690
v 11.465009 15.856969 6.788750
v 11.466094 -24.308250 3.363364
v 11.467159 0.196879 17.215065
v 11.469191 -23.060244 4.088880
v 11.477744 -3.587665 17.506086
v 11.489266 3.539737 17.522406
v 11.490686 5.285732 19.940536
v 11.501915 -5.002303 21.228024
v 11.505798 -2.350570 17.340103
v 11.514101 2.302221 17.352989
v 11.519305 -19.764210 5.906240
v 11.529793 26.113516 1.372864
v 11.530931 -25.514297 2.806218
v 11.530998 -18.888908 1.812094
v 11.531863 4.925000 21.240572
v 11.544782 -5.112763 19.551155
v 11.544879 -24.970446 3.028154
v 11.552423 -22.271833 4.587325
v 11.555843 -2.044014 17.417198
v 11.563358 1.993993 17.428642
v 11.564192 -26.226637 2.550369
v 11.568668 5.045728 19.567034
v 11.573974 -3.963612 17.968485
v 11.581616 -20.920233 5.351771
v 11.583514 -23.627525 3.697875
v 11.587698 3.910814 17.984734
v 11.588115 19.831652 5.824751
v 11.598043 -4.860366 19.179014
v 11.598576 -17.140789 6.510226
v 11.600549 -1.727496 17.484835
v 11.607125 1.675939 17.494686
v 11.618611 -2.956332 17.701305
v 11.619201 4.796338 19.194962
v 11.620888 -4.331070 18.445120
v 11.621846 -4.822393 20.858318
v 11.623443 -4.599436 18.809822
v 11.627641 2.911632 17.713505
v 11.631957 17.201933 6.459776
v 11.634462 -36.302032 0.207107
v 11.637263 4.273588 18.461254
v 11.638990 -1.401498 17.542086
v 11.642092 4.538599 18.825857
v 11.644482 1.348561 17.550194
v 11.648827 4.747871 20.870728
v 11.661756 -23.000509 4.045812
v 11.670197 -1.066555 17.587969
v 11.674452 1.012431 17.594183
v 11.674636 -0.002158 6.460298
v 11.678849 20.986877 5.254396
v 11.681438 -2.631517 17.785532
v 11.687647 -18.242249 6.215034
v 11.688360 -24.239388 3.336014
v 11.691215 2.577426 17.798483
v 11.692898 -0.724377 17.621241
v 11.693862 22.332930 4.472526
v 11.695794 0.669387 17.625441
v 11.702416 -22.428913 4.401899
v 11.702991 -4.456750 21.311573
v 11.706826 -0.377361 17.641642
v 11.708292 0.321852 17.643759
v 11.710147 4.357027 21.500000
v 11.710216 -4.356841 21.500000
v 11.711963 -0.027841 17.649153
v 11.714551 -16.386429 6.400495
v 11.715519 23.090675 3.909829
v 11.717385 -4.633221 20.486191
v 11.733566 4.366990 21.324142
v 11.734256 18.308695 6.151622
v 11.740355 -2.288482 17.863062
v 11.741401 -3.268386 18.162823
v 11.741563 4.561665 20.498512
v 11.749201 2.232501 17.874578
v 11.752213 3.218697 18.175087
v 11.759818 -26.000362 2.594472
v 11.777347 -35.090134 1.513630
v 11.778150 -25.435118 2.790426
v 11.779925 -24.895153 3.007850
v 11.782071 -21.960629 4.660194
v 11.788165 -4.435490 20.113029
v 11.789694 -23.560724 3.663077
v 11.792975 -1.934187 17.931164
v 11.800715 1.876473 17.941088
v 11.803609 -4.295060 20.941284
v 11.809717 4.367067 20.125305
v 11.810865 24.507996 2.651590
v 11.812810 -20.575121 5.352547
v 11.816236 -36.401291 0.366025
v 11.816245 -2.908911 18.247122
v 11.820165 -3.574339 18.637934
v 11.820941 -19.271774 5.820130
v 11.824378 16.601587 6.240836
v 11.827853 2.849180 18.260057
v 11.831305 4.208232 20.953802
v 11.833124 3.519736 18.650215
v 11.833965 -4.229957 19.740232
v 11.838217 -1.569214 17.988867
v 11.844679 1.509945 17.997044
v 11.849972 -3.798568 19.001305
v 11.852637 -22.936398 4.002926
v 11.853075 4.164814 19.752493
v 11.854585 -4.017383 19.369196
v 11.862019 -35.136368 1.553590
v 11.864781 3.740356 19.013578
v 11.871446 3.955651 19.381460
v 11.874939 -1.194199 18.035149
v 11.879946 1.133598 18.041420
v 11.880834 -4.125474 20.568914
v 11.885246 19.340746 5.743266
v 11.886184 -2.530013 18.324579
v 11.886992 -3.885740 21.386650
v 11.896679 2.468166 18.336090
v 11.901652 -0.811075 18.068718
v 11.904996 20.642723 5.258502
v 11.905060 0.749503 18.072958
v 11.905793 4.041799 20.581430
v 11.908012 -24.165451 3.308902
v 11.909412 -3.181009 18.721954
v 11.909833 -20.166279 1.676545
v 11.914515 3.792074 21.397778
v 11.916214 -24.553219 1.656355
v 11.916612 22.022202 4.548160
v 11.918042 -0.422529 18.089300
v 11.919767 0.360374 18.091438
v 11.923207 3.115788 18.734816
v 11.924088 -0.031174 18.096880
v 11.932407 22.803007 4.024953
v 11.934380 -3.948591 20.195778
v 11.934729 -35.176067 1.617157
v 11.942738 3.653919 21.500000
v 11.942832 -3.653594 21.500000
v 11.944092 -17.718735 6.021124
v 11.948602 -2.138513 18.392672
v 11.951517 -24.624983 1.602372
v 11.951568 -3.380569 19.084982
v 11.956758 3.868269 20.208332
v 11.957779 2.074727 18.402599
v 11.964087 -3.765044 19.823198
v 11.967231 3.311357 19.097765
v 11.969818 -3.575479 19.452497
v 11.970277 -3.742984 21.016111
v 11.984049 3.688264 19.835817
v 11.987539 3.502408 19.465197
v 11.988571 17.786818 5.962263
v 11.990520 -35.206532 1.700000
v 11.992499 -2.767166 18.798981
v 11.993423 -23.489292 3.628545
v 11.993531 -26.496672 2.414092
v 11.993953 -24.520039 1.652006
v 11.995046 -27.203779 2.245872
v 11.995211 3.652512 21.027210
v 12.002113 -21.639126 4.716013
v 12.002230 -1.735091 18.450405
v 12.003965 -24.731640 1.546437
v 12.004959 2.699590 18.810431
v 12.009887 1.669572 18.458590
v 12.014544 -24.813591 2.987527
v 12.017131 -25.911169 2.582785
v 12.023122 -25.349924 2.774740
v 12.025593 -35.225685 1.796472
v 12.027916 -36.516872 0.465926
v 12.030547 -20.221830 5.334373
v 12.031038 -3.593678 20.643780
v 12.041519 -22.867973 3.960261
v 12.045734 -1.320494 18.496737
v 12.045885 -2.941298 19.161541
v 12.050527 -3.291456 21.452316
v 12.051664 1.253491 18.503017
v 12.053513 3.506603 20.654894
v 12.059918 -24.845451 1.511959
v 12.060020 2.869545 19.172920
v 12.066577 -2.339310 18.866718
v 12.069059 -3.438321 20.270905
v 12.074501 3.194232 21.461868
v 12.076504 -3.111583 19.528538
v 12.077376 -0.896880 18.530344
v 12.077462 2.269582 18.876595
v 12.081411 0.828797 18.534592
v 12.084241 -3.277444 19.898739
v 12.089217 3.354833 20.282063
v 12.091147 -18.768724 5.698409
v 12.092484 3.035773 19.539839
v 12.096151 23.524454 3.379342
v 12.096790 -0.467238 18.550953
v 12.098832 0.398507 18.553095
v 12.102232 3.197717 19.909964
v 12.103950 -0.034474 18.558542
v 12.105583 -17.101583 5.861278
v 12.107181 -24.970222 1.500000
v 12.118000 20.290564 5.243909
v 12.118419 -3.169197 21.081659
v 12.123934 25.737371 1.132286
v 12.126122 -24.086065 3.281871
v 12.129912 -2.486900 19.228867
v 12.129969 21.701416 4.607034
v 12.130167 -1.898228 18.924170
v 12.132914 2.938102 21.500000
v 12.133012 -2.937665 21.500000
v 12.139242 1.826577 18.932314
v 12.140139 3.075403 21.091202
v 12.141725 22.504200 4.124703
v 12.142253 2.412824 19.238684
v 12.151607 18.839417 5.626502
v 12.164576 -3.041644 20.709448
v 12.171485 -2.631387 19.595390
v 12.181713 -1.444775 18.970287
v 12.184157 2.951472 20.719013
v 12.185428 2.553077 19.605139
v 12.188737 1.371482 18.976540
v 12.188836 -2.909204 20.336870
v 12.191151 -2.772306 19.965120
v 12.195317 -23.412991 3.594146
v 12.201994 -2.018242 19.285969
v 12.206406 2.822829 20.346481
v 12.206839 2.689891 19.974796
v 12.211843 -21.308334 4.754585
v 12.212276 1.942095 19.294065
v 12.219196 -0.981353 19.003742
v 12.223973 0.906864 19.007971
v 12.224289 -22.235508 4.248429
v 12.228217 -22.795269 3.917826
v 12.229033 17.302177 5.705625
v 12.229651 23.233107 3.558164
v 12.231292 -27.001581 2.265696
v 12.242192 -0.511264 19.024256
v 12.244609 0.436058 19.026390
v 12.245224 -2.575030 21.137075
v 12.246448 -24.726496 2.967365
v 12.250672 -0.037723 19.031811
v 12.252912 -2.135845 19.652082
v 12.260388 -1.536269 19.331808
v 12.261045 -26.397043 2.405926
v 12.263285 2.478279 21.144920
v 12.264522 2.055306 19.660118
v 12.267117 -25.258221 2.759067
v 12.268342 1.458353 19.338022
v 12.272154 -25.815580 2.571170
v 12.278904 -2.470604 20.765024
v 12.280732 2.212215 21.500000
v 12.280812 -2.211741 21.500000
v 12.282754 -2.250673 20.021385
v 12.291419 -2.362372 20.392748
v 12.295191 2.377673 20.772898
v 12.295811 2.165863 20.029360
v 12.298589 -19.740198 5.280752
v 12.300130 -21.482298 1.578780
v 12.302844 -1.043571 19.365061
v 12.306036 2.273427 20.400665
v 12.308252 0.964367 19.369265
v 12.318839 -1.625990 19.697584
v 12.327816 1.543549 19.703753
v 12.328008 -18.258549 5.541882
v 12.328890 -0.543701 19.385452
v 12.331626 0.463725 19.387571
v 12.333260 21.371557 4.648946
v 12.338494 -0.040117 19.392962
v 12.341154 -24.001766 3.255090
v 12.342856 22.195122 4.208782
v 12.347741 -1.961920 21.181456
v 12.356075 -0.002158 5.552488
v 12.356883 -1.713673 20.066534
v 12.361690 1.862647 21.187466
v 12.366765 -1.104615 19.730593
v 12.366975 1.626819 20.072653
v 12.371356 -1.881887 20.809572
v 12.372867 1.020790 19.734766
v 12.374399 -1.799055 20.437563
v 12.380269 19.810658 5.195431
v 12.383937 1.786604 20.815605
v 12.385334 18.331091 5.475220
v 12.385693 1.707917 20.443636
v 12.386250 1.478895 21.500000
v 12.386302 -1.478449 21.500000
v 12.394892 -23.331949 3.559935
v 12.396166 -0.575536 19.750834
v 12.399252 0.490881 19.752937
v 12.403731 24.961407 2.012227
v 12.407006 -0.042466 19.758287
v 12.410601 -20.969301 4.775797
v 12.410765 -1.164310 20.099283
v 12.412543 -22.718319 3.875632
v 12.417623 1.075970 20.103420
v 12.422235 -1.333588 21.213634
v 12.423491 22.945904 3.679971
v 12.431709 1.232480 21.217693
v 12.434707 -1.222480 20.470068
v 12.436865 -28.205788 2.061658
v 12.438540 -1.278962 20.841877
v 12.442379 1.129747 20.474174
v 12.443818 -0.606678 20.119364
v 12.447086 1.181967 20.845955
v 12.447286 0.517447 20.121450
v 12.449528 0.740754 21.500000
v 12.449553 -0.740309 21.500000
v 12.456005 -0.044764 20.126759
v 12.467932 -0.695075 21.233362
v 12.470621 0.000223 21.500000
v 12.471701 -0.637039 20.489998
v 12.472303 -27.513391 2.149740
v 12.472721 0.592866 21.235409
v 12.475580 0.543348 20.492069
v 12.476668 -24.633434 2.947255
v 12.479754 -0.666533 20.861683
v 12.484075 0.568512 20.863739
v 12.484777 -0.051288 21.240627
v 12.485340 -0.047005 20.497337
v 12.494947 -0.049182 20.868977
v 12.508320 -25.160625 2.743508
v 12.508362 25.659130 1.372864
v 12.509095 -26.891163 2.260443
v 12.525607 -25.713272 2.559584
v 12.525858 21.033649 4.673776
v 12.526227 -26.290628 2.397806
v 12.535222 21.876686 4.276962
v 12.539673 -19.249254 5.193901
v 12.543776 -17.763765 5.336148
v 12.548823 -21.882032 4.265540
v 12.552134 -24.460745 1.536755
v 12.554178 -23.912104 3.228403
v 12.591938 -23.246204 3.525921
v 12.594315 -22.637150 3.833689
v 12.597764 -20.623104 4.779591
v 12.610141 22.648317 3.787219
v 12.616256 19.321638 5.114109
v 12.620393 -24.691566 1.500000
v 12.681652 17.945911 5.185135
v 12.698130 -22.824291 1.519743
v 12.703115 -24.535231 2.927362
v 12.707170 20.688747 4.681454
v 12.715765 -28.030407 2.066651
v 12.718248 21.549812 4.329026
v 12.725364 -22.008345 4.097532
v 12.731149 -21.555273 4.317959
v 12.732105 -24.445143 1.515069
v 12.747726 -25.056673 2.727984
v 12.752264 -18.752062 5.074329
v 12.760468 -27.391903 2.146774
v 12.764527 -23.817291 3.201869
v 12.764914 23.344606 3.218372
v 12.773343 -22.551794 3.792008
v 12.776191 -25.604706 2.548075
v 12.778479 -33.256676 1.513630
v 12.784533 -26.773552 2.255217
v 12.786244 -23.155794 3.492112
v 12.789083 22.341160 3.879607
v 12.789205 -26.177320 2.389719
v 12.822501 25.396574 0.000000
v 12.824480 18.826506 5.000408
v 12.828240 -20.152245 4.757513
v 12.863151 -33.302910 1.553590
v 12.884200 -29.220306 2.000000
v 12.891403 21.215460 4.364830
v 12.903634 -21.221054 4.354147
v 12.927370 -24.431168 2.907531
v 12.930378 20.219831 4.664951
v 12.935241 23.058292 3.346857
v 12.935861 -33.342613 1.617157
v 12.948463 23.926420 2.651590
v 12.949445 -22.462284 3.750598
v 12.959832 22.025288 3.956896
v 12.960865 -28.550900 2.016687
v 12.971968 -23.717371 3.175497
v 12.977603 -23.060757 3.458514
v 12.982800 -24.947439 2.712646
v 12.991652 -33.373077 1.700000
v 13.014345 -27.897629 2.065329
v 13.024860 -25.489384 2.536588
v 13.026725 -33.392227 1.796472
v 13.032012 -18.359217 4.827365
v 13.035759 -19.673237 4.704578
v 13.046238 -27.262794 2.143821
v 13.049239 -26.057377 2.381681
v 13.052947 23.685122 2.807986
v 13.054184 20.874607 4.384278
v 13.057088 -26.648914 2.250020
v 13.065780 -20.880354 4.374005
v 13.091052 -24.363592 1.500010
v 13.098721 22.762281 3.461527
v 13.100000 -24.361412 1.500000
v 13.100000 -24.179333 1.500000
v 13.121906 21.701565 4.018858
v 13.122800 -22.368534 3.709381
v 13.131290 19.742964 4.618014
v 13.136005 -0.002158 4.727753
v 13.148561 -24.321556 2.887820
v 13.165804 -22.961126 3.425137
v 13.176269 -23.612387 3.149289
v 13.185670 18.519060 4.681489
v 13.188442 25.208477 1.132286
v 13.201688 -24.522209 0.000000
v 13.201688 -24.522209 0.500000
v 13.205568 -21.747366 3.948191
v 13.215530 -24.831972 2.697351
v 13.219131 -19.188766 4.621056
v 13.254252 20.411737 4.384651
v 13.254922 22.457340 3.562077
v 13.265062 -20.417713 4.374963
v 13.268603 -25.368677 2.525252
v 13.269897 -28.406691 2.016356
v 13.274862 21.370882 4.065331
v 13.293548 -22.270512 3.668282
v 13.307239 -25.930269 2.373655
v 13.308777 19.260765 4.540874
v 13.310511 -27.756796 2.064011
v 13.320870 23.422125 2.891901
v 13.326632 -26.517250 2.244851
v 13.328410 -27.126566 2.140889
v 13.350638 -22.856943 3.391988
v 13.366437 -24.206448 2.868232
v 13.377195 -23.502384 3.123255
v 13.403446 22.144268 3.648260
v 13.418281 21.034155 4.096192
v 13.430359 -21.423986 3.949842
v 13.433990 19.941486 4.355851
v 13.444094 -19.947710 4.346789
v 13.444893 -24.710665 2.682149
v 13.455313 -22.172178 3.628828
v 13.467248 23.137154 3.027067
v 13.469055 25.168072 1.372864
v 13.509852 -25.241350 2.513942
v 13.511133 -25.565611 0.000000
v 13.511133 -25.565611 0.500000
v 13.530076 -32.830441 0.207107
v 13.532278 -22.748106 3.359004
v 13.543896 21.823875 3.719838
v 13.553470 23.727133 2.537152
v 13.559688 -25.797705 2.365744
v 13.561962 24.351496 2.012227
v 13.565927 -21.088926 3.985109
v 13.573055 -18.868847 4.338943
v 13.574514 -23.387409 3.097398
v 13.576504 -28.253969 2.016025
v 13.580738 -24.085897 2.848772
v 13.592444 19.466288 4.298003
v 13.593973 20.577381 4.112895
v 13.594016 -26.378006 2.239688
v 13.601927 -19.472773 4.289604
v 13.602324 -27.608784 2.062706
v 13.607075 22.843100 3.149081
v 13.607509 -26.982906 2.137971
v 13.614285 -22.070065 3.589504
v 13.661762 -21.454170 3.800265
v 13.670612 -24.583582 2.667046
v 13.675910 21.496996 3.776632
v 13.710851 -22.634577 3.326125
v 13.711850 -32.929695 0.366025
v 13.731696 -20.634594 4.008100
v 13.740003 22.540688 3.257637
v 13.743059 18.999020 4.199985
v 13.747412 -25.107904 2.502705
v 13.751145 20.113743 4.101618
v 13.767995 -23.267504 3.071725
v 13.770285 -21.964256 3.550316
v 13.779611 -31.423222 1.513630
v 13.791211 -23.959957 2.829445
v 13.799146 21.164486 3.818498
v 13.809489 -25.658127 2.357848
v 13.843366 -28.752722 2.000000
v 13.855201 -26.233263 2.234604
v 13.863220 -19.083235 4.104580
v 13.864283 -31.469456 1.553590
v 13.865710 22.230669 3.352478
v 13.877971 -28.094051 2.015698
v 13.879627 -20.173594 4.003557
v 13.879687 -22.520929 3.294572
v 13.884327 -26.831238 2.135055
v 13.889007 19.645510 4.062397
v 13.891012 -27.452919 2.061405
v 13.892418 -24.450783 2.652044
v 13.897082 23.462618 2.580200
v 13.923125 -21.854843 3.511276
v 13.923530 -33.045280 0.465926
v 13.936992 -31.509157 1.617157
v 13.949240 20.713869 3.850899
v 13.957803 -23.142551 3.046186
v 13.980990 -24.968409 2.491541
v 13.983879 21.913807 3.433359
v 13.992785 -31.539621 1.700000
v 13.997598 -23.828682 2.810254
v 14.004376 -0.002158 3.996720
v 14.008999 -19.708126 3.971483
v 14.019098 23.179464 2.722057
v 14.027857 -31.558771 1.796472
v 14.040983 19.195421 3.970024
v 14.045250 -22.403143 3.263132
v 14.055267 -25.512157 2.350003
v 14.068340 23.741133 2.277370
v 14.072741 -21.741798 3.472360
v 14.082461 20.256863 3.856427
v 14.092194 -21.129112 3.653085
v 14.094221 21.590879 3.500087
v 14.110035 -24.312326 2.637146
v 14.113582 -26.081108 2.229528
v 14.134815 22.887775 2.851336
v 14.144050 -23.012510 3.020737
v 14.154267 -26.674063 2.132187
v 14.166266 -19.266163 3.878028
v 14.176270 -27.925842 2.015372
v 14.177301 -27.288609 2.060105
v 14.196465 21.262691 3.552500
v 14.198179 19.795576 3.835035
v 14.199645 -23.692123 2.791205
v 14.207331 -22.281319 3.231811
v 14.210299 -24.822931 2.480453
v 14.219217 -21.624996 3.433504
v 14.227854 -20.795771 3.659801
v 14.231133 24.634880 1.132286
v 14.243957 22.588230 2.967729
v 14.296716 -25.359871 2.342210
v 14.319750 20.818314 3.599883
v 14.319786 -22.882603 2.996321
v 14.323192 -24.168274 2.622357
v 14.342067 -20.343813 3.677504
v 14.346273 22.281540 3.070974
v 14.351277 19.358154 3.748596
v 14.362441 -21.504543 3.394698
v 14.365718 -22.155560 3.200616
v 14.367598 -25.922291 2.224485
v 14.397511 -23.550146 2.772261
v 14.410528 24.641102 1.372864
v 14.421251 -26.509064 2.129323
v 14.427650 20.367968 3.621386
v 14.435049 -24.671537 2.469444
v 14.440038 -19.887796 3.668997
v 14.441519 21.968420 3.160816
v 14.456012 -27.118811 2.058828
v 14.472060 -27.748739 2.015046
v 14.482032 -19.414255 3.660219
v 14.488968 24.484123 0.000000
v 14.491739 -22.748220 2.971998
v 14.492690 23.462191 2.285257
v 14.494909 -20.774191 3.506091
v 14.502291 -21.380550 3.355932
v 14.519680 19.913626 3.616896
v 14.520325 -22.025839 3.169531
v 14.529470 21.649611 3.237050
v 14.531615 -24.018686 2.607678
v 14.533529 -25.201344 2.334471
v 14.589976 23.181372 2.433816
v 14.591299 -23.402702 2.753387
v 14.595947 23.724939 2.029952
v 14.609925 21.325861 3.299500
v 14.616925 -25.756895 2.219476
v 14.638644 -21.253136 3.317197
v 14.654951 -24.514297 2.458517
v 14.659676 -22.609480 2.947774
v 14.671224 -21.892008 3.138503
v 14.673602 19.483757 3.536704
v 14.681161 22.892479 2.570274
v 14.683518 -26.337139 2.126477
v 14.689878 -29.540150 1.500000
v 14.705202 20.887823 3.361061
v 14.721172 -29.645670 1.507686
v 14.731613 -26.940771 2.057551
v 14.735461 -23.863415 2.593083
v 14.751265 -29.747133 1.530448
v 14.759544 -27.566198 2.014726
v 14.765401 -25.036650 2.326789
v 14.766039 22.596165 2.694319
v 14.767715 -28.210247 2.000000
v 14.771382 -21.122410 3.278484
v 14.773779 -23.255695 2.735283
v 14.778997 -29.840645 1.567412
v 14.786418 20.444185 3.397604
v 14.803305 -29.922607 1.617157
v 14.810181 -19.523808 3.452228
v 14.818265 -21.754196 3.107523
v 14.823254 -29.989872 1.677772
v 14.823359 -22.466501 2.923654
v 14.838078 -30.039854 1.746927
v 14.844421 22.293098 2.805682
v 14.847205 -30.070633 1.821964
v 14.849515 -30.078421 1.860793
v 14.850287 -30.081026 0.000000
v 14.850287 -30.081026 1.900000
v 14.850287 -30.081026 2.000000
v 14.853225 19.996799 3.408960
v 14.861242 -25.585005 2.214503
v 14.867332 -20.392134 3.358947
v 14.869714 -24.351278 2.447673
v 14.894106 -20.004026 3.384864
v 14.900383 -20.988491 3.239783
v 14.916128 21.983961 2.904101
v 14.934824 -23.702402 2.578544
v 14.940731 -26.158381 2.123650
v 14.950001 -0.002158 3.368807
v 14.951943 -23.103897 2.717252
v 14.960405 -30.083826 0.140399
v 14.961294 -21.612541 3.076585
v 14.980999 21.669449 2.989359
v 14.982682 -22.319252 2.899625
v 14.992025 -24.865866 2.319164
v 15.002143 -26.755543 2.056283
v 15.007620 19.568768 3.335352
v 15.025524 -20.851490 3.201086
v 15.038890 21.350273 3.061269
v 15.043776 -27.374983 2.014406
v 15.079492 -24.182320 2.436891
v 15.093703 -30.077902 0.256565
v 15.100156 -21.467186 3.045681
v 15.100225 -25.406706 2.209566
v 15.104224 23.416771 2.009749
v 15.104990 20.918692 3.136092
v 15.122271 -23.542088 2.564600
v 15.125534 -22.947443 2.699300
v 15.133759 23.677153 1.796063
v 15.137701 -22.167568 2.875646
v 15.149158 -19.590824 3.255526
v 15.150470 -20.707026 3.161153
v 15.158188 20.481827 3.186599
v 15.176541 23.138824 2.165011
v 15.192551 -25.972879 2.120844
v 15.198259 20.041426 3.212572
v 15.207210 -19.985653 3.211229
v 15.213097 -24.689070 2.311598
v 15.234694 -21.318264 3.014803
v 15.242901 22.853189 2.308538
v 15.243531 -30.058626 0.346540
v 15.243596 -30.059013 2.000000
v 15.250542 24.017151 1.132286
v 15.267246 -26.563227 2.055024
v 15.271047 -20.559528 3.121203
v 15.284369 -24.007355 2.426153
v 15.288236 -22.011600 2.851711
v 15.294288 -22.786470 2.681428
v 15.303154 22.560486 2.440015
v 15.304989 -23.376755 2.550715
v 15.322575 -27.176319 2.014088
v 15.331437 24.078972 1.372864
v 15.333554 -25.222080 2.204666
v 15.352225 19.607967 3.146294
v 15.357176 22.261358 2.559164
v 15.364756 -21.165916 2.983944
v 15.365183 -19.774008 3.136768
v 15.387119 -20.409122 3.081227
v 15.404844 21.956453 2.665715
v 15.412306 -30.020351 0.414491
v 15.428761 -24.506081 2.304077
v 15.434097 -21.851513 2.827814
v 15.438639 -25.780727 2.118058
v 15.441316 -19.666191 3.099296
v 15.446056 21.646435 2.759442
v 15.458079 -22.620943 2.663627
v 15.460058 -19.639034 3.089898
v 15.469386 -19.625425 3.085194
v 15.474039 -19.618614 3.082841
v 15.476363 -19.615208 3.081664
v 15.476713 -23.833370 2.415856
v 15.477524 -19.613503 3.081076
v 15.477815 -19.613077 3.080929
v 15.480724 21.331982 2.840144
v 15.482026 -19.612638 3.078800
v 15.482701 -23.206556 2.536892
v 15.490183 -21.010283 2.953097
v 15.496921 -19.612282 3.071405
v 15.498622 -20.255850 3.041191
v 15.516634 20.906990 2.927170
v 15.526567 -26.363924 2.053773
v 15.540638 20.476974 2.990392
v 15.550030 -19.611633 3.044673
v 15.552634 20.043598 3.029550
v 15.560905 -25.031212 2.199805
v 15.575096 -21.687469 2.803950
v 15.581695 -19.610596 3.028989
v 15.582983 -29.965054 0.460235
v 15.595572 -26.970318 2.013773
v 15.605377 -20.100101 3.001118
v 15.614575 -20.846403 2.921274
v 15.616951 -22.450674 2.645868
v 15.622016 -29.949591 2.000000
v 15.639101 -24.316833 2.296587
v 15.646765 -27.596113 2.000000
v 15.655127 -23.031641 2.523133
v 15.663906 -23.654152 2.405604
v 15.678656 -25.582020 2.115294
v 15.679385 23.596682 1.576701
v 15.704713 19.598476 2.970931
v 15.707627 -19.941738 2.960884
v 15.707727 -19.602285 2.968025
v 15.711046 -21.519636 2.780112
v 15.732034 23.325098 1.752855
v 15.733700 -20.679321 2.889447
v 15.741887 -29.894218 0.484892
v 15.770688 -22.275845 2.628145
v 15.778747 23.050638 1.914992
v 15.779753 -26.157736 2.052532
v 15.782422 -24.833912 2.194973
v 15.786062 -19.593975 2.931221
v 15.805336 -19.780968 2.920464
v 15.819613 22.768797 2.065645
v 15.822127 -22.851971 2.509431
v 15.836284 -24.128866 2.289405
v 15.841757 -21.348175 2.756294
v 15.845652 -23.469864 2.395398
v 15.847384 -20.509193 2.857609
v 15.851428 -19.585209 2.901139
v 15.854545 22.480167 2.204489
v 15.862394 -26.757088 2.013459
v 15.883471 22.185369 2.331238
v 15.898528 -19.617907 2.879807
v 15.899888 -19.615448 2.879197
v 15.900944 -19.613541 2.878723
v 15.901184 -19.613106 2.878615
v 15.901625 -19.577356 2.878413
v 15.906323 21.885023 2.445615
v 15.912263 -25.376848 2.112552
v 15.914070 20.002819 2.860403
v 15.919072 -22.096640 2.610454
v 15.923056 21.579769 2.547379
v 15.931586 20.429064 2.809412
v 15.933632 21.270254 2.636318
v 15.938111 20.852072 2.734618
v 15.955582 -20.335974 2.825714
v 15.960692 -0.002158 2.852105
v 15.966374 -29.758297 2.000000
v 15.967041 -21.173250 2.732492
v 15.974874 -19.611416 2.845848
v 15.983731 -22.667343 2.495762
v 15.998178 -24.630102 2.190162
v 16.021650 -23.280674 2.385241
v 16.026447 -25.944767 2.051301
v 16.027884 -23.935459 2.282255
v 16.046305 -29.697723 0.500000
v 16.057894 -20.160423 2.793836
v 16.061880 -21.913254 2.592791
v 16.062288 19.539982 2.809874
v 16.071833 -19.544117 2.803561
v 16.090420 -20.989307 2.707943
v 16.090818 23.462482 0.000000
v 16.112600 -19.602276 2.786519
v 16.122673 -26.536741 2.013149
v 16.139603 -25.165009 2.109826
v 16.139704 -22.477959 2.482124
v 16.154675 -19.982128 2.761821
v 16.183674 -19.594072 2.756860
v 16.191751 -23.086536 2.375128
v 16.198895 -21.725874 2.575151
v 16.200148 -24.427893 2.185549
v 16.207613 -20.802032 2.683398
v 16.210348 -19.506920 2.745979
v 16.213583 -23.736788 2.275139
v 16.215403 -29.542450 0.500000
v 16.230436 23.482437 1.372864
v 16.242992 23.357389 1.132286
v 16.245771 -19.801445 2.729667
v 16.259222 -29.494829 2.000000
v 16.266294 -25.725115 2.050079
v 16.279156 19.918968 2.706079
v 16.289799 -22.284023 2.468512
v 16.306595 -19.477640 2.707059
v 16.318415 -20.611605 2.658851
v 16.326385 20.338140 2.645101
v 16.329891 -21.534691 2.557531
v 16.331150 -19.618542 2.697336
v 16.332436 -19.615673 2.696830
v 16.333380 -19.613564 2.696458
v 16.333574 -19.613131 2.696382
v 16.335510 -19.568733 2.695602
v 16.355970 -22.887239 2.365040
v 16.358173 23.189413 1.520786
v 16.360741 -24.946411 2.107112
v 16.362720 -29.366377 0.500000
v 16.363405 20.754192 2.560412
v 16.376036 -26.309387 2.012840
v 16.380404 22.918764 1.689389
v 16.390085 21.165581 2.452344
v 16.393070 -23.533031 2.268057
v 16.396095 -24.220039 2.180957
v 16.396778 22.640972 1.846657
v 16.403242 21.470142 2.356179
v 16.406307 -19.611198 2.668034
v 16.407265 22.356611 1.992260
v 16.410501 21.770586 2.247290
v 16.411844 22.066282 2.125900
v 16.422157 19.432165 2.663732
v 16.422791 -20.417875 2.634253
v 16.433773 -22.085751 2.454924
v 16.446831 -19.543959 2.652324
v 16.454653 -21.339895 2.539926
v 16.470028 -26.913551 2.000000
v 16.485722 -29.172535 0.500000
v 16.485722 -29.172535 2.000000
v 16.499434 -25.498560 2.048865
v 16.514051 -22.682995 2.354976
v 16.520144 -20.222044 2.609701
v 16.525106 -19.602266 2.623155
v 16.566179 -23.324152 2.261006
v 16.566261 -19.510027 2.607807
v 16.567455 -24.729748 2.104511
v 16.570618 -19.377165 2.606579
v 16.571384 -21.883347 2.441356
v 16.576607 -21.135323 2.521773
v 16.585686 -24.006737 2.176387
v 16.588638 -19.594168 2.599861
v 16.610918 -20.023348 2.585037
v 16.622110 -26.075136 2.012534
v 16.644840 -19.344687 2.579613
v 16.646198 19.791628 2.566765
v 16.665724 -22.474037 2.344933
v 16.691446 -20.927313 2.503627
v 16.694855 -19.822325 2.560272
v 16.702385 -21.677025 2.427804
v 16.724106 20.203596 2.497267
v 16.725925 -25.265009 2.047657
v 16.726461 -19.568733 2.550968
v 16.732912 -23.109911 2.253974
v 16.747160 -19.445023 2.543821
v 16.767704 -24.507244 2.101921
v 16.768589 -23.788176 2.171839
v 16.771860 -19.619188 2.535376
v 16.773050 -19.615879 2.534971
v 16.773882 -19.613569 2.534689
v 16.774033 -19.613148 2.534637
v 16.781523 19.274712 2.533113
v 16.792513 20.612518 2.403925
v 16.798925 -20.716078 2.485482
v 16.810724 -22.260593 2.334908
v 16.824997 -19.412519 2.517404
v 16.826532 -21.466991 2.414266
v 16.827490 -19.543800 2.516414
v 16.843563 -19.610979 2.511214
v 16.851171 21.016886 2.287102
v 16.861036 -25.833752 2.012230
v 16.888634 21.316273 2.184320
v 16.892992 -22.890549 2.246959
v 16.899025 -20.501337 2.467295
v 16.904387 -19.211731 2.491050
v 16.920416 21.611635 2.068786
v 16.929241 -19.196836 2.483209
v 16.934559 -19.510027 2.481275
v 16.937355 -25.033733 2.046498
v 16.944431 -19.602259 2.478259
v 16.944626 -23.564318 2.167312
v 16.946445 21.902361 1.940735
v 16.947186 -21.246618 2.400309
v 16.948780 -22.042896 2.324900
v 16.961134 -24.279110 2.099343
v 16.966671 22.187843 1.800429
v 16.981052 22.467493 1.648170
v 16.989557 22.740725 1.484263
v 16.990957 -20.284807 2.449166
v 17.000206 -19.594263 2.460545
v 17.012362 19.620575 2.443155
v 17.023430 -0.002158 2.453272
v 17.046127 -22.666315 2.239960
v 17.060013 -21.022749 2.386359
v 17.069883 -19.291470 2.438792
v 17.075253 -20.065298 2.430947
v 17.079630 -21.821173 2.314905
v 17.092861 -25.585135 2.011927
v 17.097391 -19.445023 2.430512
v 17.113789 -23.334909 2.162797
v 17.121338 20.025265 2.366806
v 17.123100 -19.568733 2.422755
v 17.137592 19.067305 2.418626
v 17.141869 -24.796427 2.045344
v 17.147396 -24.045553 2.096779
v 17.151545 -19.843557 2.412659
v 17.163595 22.800497 1.355231
v 17.164749 -20.795614 2.372413
v 17.167387 -19.412519 2.409560
v 17.192028 -22.437458 2.232974
v 17.203001 -21.595657 2.304921
v 17.205454 22.657772 1.132286
v 17.213179 -19.543640 2.396038
v 17.219135 -19.202921 2.394327
v 17.219687 -19.619846 2.394279
v 17.220764 -19.616066 2.393968
v 17.221418 20.426947 2.266264
v 17.221476 -19.613556 2.393762
v 17.221590 -19.613159 2.393730
v 17.227558 -26.165409 2.000000
v 17.261374 -20.564829 2.358429
v 17.275776 -23.100208 2.158294
v 17.283194 -18.966888 2.376132
v 17.285856 -19.610762 2.375366
v 17.307503 -19.510027 2.369176
v 17.308987 -25.339142 2.011636
v 17.312239 20.824137 2.141919
v 17.312937 -18.945822 2.367597
v 17.322174 -21.359240 2.294629
v 17.326296 -23.806530 2.094226
v 17.330402 -22.204233 2.226000
v 17.339098 -24.553310 2.044196
v 17.348978 -20.332535 2.344504
v 17.369749 -19.602249 2.352107
v 17.374067 21.118193 2.033302
v 17.375093 19.405540 2.335815
v 17.387348 -19.291470 2.347236
v 17.417604 -19.594360 2.339191
v 17.428141 -20.097181 2.330507
v 17.430275 -22.860487 2.153801
v 17.430368 21.408281 1.911780
v 17.432808 -21.119280 2.284344
v 17.451555 -19.445023 2.330171
v 17.460960 -21.966887 2.219036
v 17.481022 21.693796 1.777602
v 17.487549 18.809986 2.320770
v 17.497820 -23.561771 2.091681
v 17.498423 -19.859686 2.316458
v 17.513428 -19.412519 2.314076
v 17.515295 19.802860 2.254344
v 17.517742 -25.086927 2.011348
v 17.521219 -19.202921 2.311999
v 17.524738 -19.568733 2.311180
v 17.525919 21.974138 1.631044
v 17.528673 -24.304611 2.043054
v 17.534613 -20.876030 2.274063
v 17.559635 -19.620346 2.302340
v 17.560614 -19.616192 2.302095
v 17.561237 -19.613535 2.301939
v 17.561323 -19.613163 2.301917
v 17.562460 -18.956707 2.301492
v 17.564976 22.248730 1.472421
v 17.576973 -22.616014 2.149317
v 17.583414 -21.725672 2.212081
v 17.603266 -19.543482 2.291370
v 17.620411 -19.610598 2.287243
v 17.620909 22.336206 0.000000
v 17.627565 -20.628981 2.263752
v 17.629442 -18.689814 2.285101
v 17.641504 -18.679913 2.282087
v 17.647116 20.197187 2.148104
v 17.661642 -23.311556 2.089142
v 17.684523 -19.510027 2.271676
v 17.692169 -19.602242 2.269947
v 17.700956 -21.473000 2.204912
v 17.707661 -19.291470 2.266216
v 17.710392 -24.050280 2.041918
v 17.710648 -20.380747 2.253493
v 17.715555 -22.367065 2.144841
v 17.718742 -24.828732 2.011060
v 17.731796 19.147078 2.245010
v 17.734011 -19.594433 2.260120
v 17.746975 -18.799042 2.256981
v 17.770065 20.587040 2.017513
v 17.784473 -20.129375 2.243179
v 17.809172 -19.445023 2.242931
v 17.809240 -21.216751 2.197748
v 17.817427 -23.056177 2.086609
v 17.825729 -19.202921 2.239167
v 17.828690 -18.956707 2.238467
v 17.828823 18.507088 2.238572
v 17.828827 -19.568733 2.238540
v 17.845713 -22.113909 2.140372
v 17.848537 -19.875963 2.232827
v 17.856171 20.875610 1.903868
v 17.862671 -19.412519 2.231072
v 17.884224 -23.790035 2.040784
v 17.898333 -19.543364 2.223273
v 17.902609 -19.620850 2.222426
v 17.903131 19.536930 2.160166
v 17.903477 -19.616304 2.222241
v 17.904011 -19.613503 2.222127
v 17.904076 -19.613165 2.222113
v 17.907949 -20.957203 2.190588
v 17.911604 -24.564791 2.010774
v 17.914871 -25.351618 2.000000
v 17.923691 -18.414003 2.217885
v 17.936846 21.160231 1.777040
v 17.957018 -19.610434 2.210909
v 17.964838 -22.795925 2.084081
v 17.966356 -18.369413 2.209072
v 17.967129 -21.856815 2.135909
v 17.969622 -19.510027 2.208225
v 17.993687 -18.799042 2.203229
v 17.997061 -20.693699 2.183405
v 18.011913 21.440296 1.637291
v 18.017130 -19.602236 2.198559
v 18.030474 -19.291470 2.195818
v 18.049826 -23.524174 2.039654
v 18.052925 -19.594503 2.191387
v 18.065094 -18.483709 2.188951
v 18.066526 19.923777 2.049750
v 18.069353 22.068277 1.313708
v 18.075453 -20.429379 2.176265
v 18.079357 -19.445023 2.186172
v 18.080257 18.849451 2.169485
v 18.081217 21.715216 1.484914
v 18.082911 -21.587715 2.131309
v 18.096107 -24.295057 2.010489
v 18.096540 -18.956707 2.182747
v 18.103542 -22.531096 2.081558
v 18.124519 -0.002158 2.177446
v 18.126436 -19.412519 2.177076
v 18.132370 -19.202921 2.175901
v 18.135038 -19.568733 2.175440
v 18.136789 21.919373 1.132286
v 18.143768 -20.161835 2.169084
v 18.144611 21.984409 1.320241
v 18.159769 18.162991 2.170800
v 18.188713 -21.315012 2.126713
v 18.195240 -19.543243 2.164154
v 18.201435 -19.892372 2.161878
v 18.206120 -18.326044 2.162189
v 18.206835 -23.253010 2.038526
v 18.221359 20.306129 1.914205
v 18.233204 -22.261978 2.079039
v 18.241674 -18.799042 2.155721
v 18.248184 -19.621357 2.154638
v 18.248932 -19.616405 2.154506
v 18.249376 -19.613461 2.154427
v 18.249422 -19.613161 2.154419
v 18.256453 -19.510027 2.153122
v 18.272215 -24.019236 2.010205
v 18.274014 -19.291470 2.150038
v 18.277798 -18.483709 2.149394
v 18.282381 19.231728 2.082864
v 18.284191 -21.039005 2.122119
v 18.292587 -18.009460 2.146930
v 18.295336 -19.610271 2.146363
v 18.331501 20.589056 1.796353
v 18.344275 -19.602228 2.138023
v 18.351009 -19.445023 2.136892
v 18.353487 -21.988865 2.076523
v 18.354898 -22.976856 2.037401
v 18.363567 -19.202921 2.134767
v 18.365814 -18.956707 2.134372
v 18.369316 -20.758888 2.117509
v 18.374008 -19.594576 2.133078
v 18.391558 -19.412519 2.130198
v 18.398808 -17.882185 2.128981
v 18.403622 -18.326044 2.128222
v 18.418997 18.515997 2.108141
v 18.436251 20.868017 1.664913
v 18.439556 -23.737640 2.009922
v 18.442879 -20.478359 2.112932
v 18.442957 -18.035183 2.121947
v 18.443071 -19.568733 2.121942
v 18.467409 -21.703194 2.073931
v 18.476957 19.610962 1.969665
v 18.478863 17.781525 2.116370
v 18.490780 -18.799042 2.114486
v 18.491306 -18.483709 2.114447
v 18.493658 -22.696028 2.036277
v 18.493717 -19.543125 2.114059
v 18.505535 -20.194521 2.108326
v 18.518612 -19.291470 2.110306
v 18.522062 -24.477701 2.000000
v 18.535383 21.142405 1.520163
v 18.544767 -19.510027 2.106418
v 18.547077 21.654306 1.286918
v 18.556658 -19.908888 2.103705
v 18.568581 -18.956707 2.102932
v 18.570623 -21.413904 2.071341
v 18.595665 -19.202921 2.099072
v 18.595932 -19.621868 2.099062
v 18.596550 -19.616491 2.098975
v 18.596905 -19.613407 2.098925
v 18.596933 -19.613153 2.098921
v 18.597754 -23.450605 2.009640
v 18.601765 -18.326044 2.098220
v 18.606794 -17.613739 2.097559
v 18.614779 -18.035183 2.096395
v 18.622757 -22.410835 2.035156
v 18.623917 -19.445023 2.095130
v 18.628679 21.411625 1.362414
v 18.635012 -19.610107 2.093598
v 18.651396 18.890572 2.021211
v 18.656204 -17.744324 2.090674
v 18.657846 -19.412519 2.090476
v 18.662760 -21.121315 2.068752
v 18.663219 19.985651 1.830356
v 18.673239 -19.602222 2.088406
v 18.678249 -18.799042 2.087693
v 18.696922 -19.594648 2.085266
v 18.705521 -18.483709 2.084126
v 18.741835 -22.121593 2.034036
v 18.743782 -20.824451 2.066154
v 18.746426 -23.158468 2.009358
v 18.752628 -19.568733 2.078101
v 18.764118 -19.291470 2.076644
v 18.771950 -18.956707 2.075658
v 18.787016 -18.035183 2.073830
v 18.793488 -19.543005 2.073028
v 18.796247 -17.350367 2.072695
v 18.797010 20.262787 1.709055
v 18.800470 -18.326044 2.072193
v 18.804756 -17.744324 2.071666
v 18.812405 -20.527618 2.063576
v 18.827318 -17.489891 2.068996
v 18.828537 -19.202921 2.068835
v 18.834324 -19.510027 2.068152
v 18.853819 -21.819248 2.032882
v 18.866190 -18.799042 2.064452
v 18.866585 -18.483709 2.064430
v 18.869286 -20.227385 2.060981
v 18.876606 19.262054 1.906513
v 18.885197 -22.861561 2.009077
v 18.897873 -19.445023 2.060919
v 18.906845 18.373419 2.011145
v 18.907639 -17.186028 2.059841
v 18.913742 -19.925489 2.058377
v 18.925108 -19.412519 2.057936
v 18.925409 20.535912 1.573646
v 18.945419 -19.622381 2.055762
v 18.945900 -19.616564 2.055712
v 18.946163 -19.613342 2.055684
v 18.946180 -19.613142 2.055682
v 18.949818 -18.326044 2.055288
v 18.953575 -17.744324 2.054885
v 18.954365 -21.513269 2.031729
v 18.957111 -17.489891 2.054528
v 18.959620 -18.035183 2.054260
v 18.975685 -19.609943 2.052599
v 18.975836 -18.956707 2.052561
v 18.983675 17.069862 2.051742
v 18.986826 -17.235460 2.051430
v 19.003660 -19.602215 2.049758
v 19.010384 -19.291470 2.049075
v 19.013685 -22.560219 2.008796
v 19.021322 -19.594721 2.048006
v 19.027946 -18.483709 2.047350
v 19.035868 21.143263 1.132286
v 19.040672 -23.545708 2.000000
v 19.043079 -21.204004 2.030578
v 19.048126 20.804413 1.424428
v 19.050377 21.197433 1.258023
v 19.054539 -18.799042 2.044773
v 19.062054 -19.202921 2.044073
v 19.063402 -19.568733 2.043957
v 19.072414 21.110317 0.000000
v 19.087084 -17.489891 2.041757
v 19.089281 -18.035183 2.041552
v 19.093702 19.628914 1.764539
v 19.094276 -19.542887 2.041088
v 19.099077 -17.235460 2.040643
v 19.099403 -18.326044 2.040630
v 19.102629 -17.744324 2.040333
v 19.119907 -20.890295 2.029421
v 19.124872 -19.510027 2.038354
v 19.131512 -22.254778 2.008516
v 19.136211 -16.981028 2.037350
v 19.141249 -16.818548 2.036932
v 19.164886 21.067690 1.261729
v 19.172668 -19.445023 2.034282
v 19.180151 -18.956707 2.033650
v 19.183510 -20.577089 2.028274
v 19.189564 -18.483709 2.032890
v 19.193150 -19.412519 2.032603
v 19.211443 -17.235460 2.031122
v 19.214554 -17.744324 2.030885
v 19.217211 -17.489891 2.030684
v 19.219095 -18.035183 2.030533
v 19.231989 -16.981028 2.029515
v 19.234526 -20.260382 2.027119
v 19.241505 -21.935686 2.008227
v 19.243225 -18.799042 2.028663
v 19.249191 -18.326044 2.028221
v 19.249775 -0.002158 2.028182
v 19.250656 19.900112 1.640492
v 19.257256 -19.291470 2.027615
v 19.266783 17.473104 2.005533
v 19.272226 -19.942156 2.025960
v 19.278002 -16.724443 2.026098
v 19.296089 -19.202921 2.024799
v 19.296217 -19.622896 2.024797
v 19.296547 -19.616623 2.024774
v 19.296722 -19.613266 2.024762
v 19.296730 -19.613125 2.024761
v 19.314896 -17.489891 2.023496
v 19.316994 -19.609781 2.023353
v 19.318237 18.958733 1.830198
v 19.323908 -17.235460 2.022868
v 19.326576 -17.744324 2.022694
v 19.327835 -16.981028 2.022600
v 19.335173 -19.602209 2.022125
v 19.339329 -21.612953 2.007938
v 19.346867 -19.594793 2.021353
v 19.349045 -18.035183 2.021207
v 19.351397 -18.483709 2.021054
v 19.358107 -16.724443 2.020622
v 19.375093 -19.568733 2.019545
v 19.384811 -18.956707 2.018932
v 19.395809 -19.542767 2.018264
v 19.399151 -18.326044 2.018064
v 19.402180 20.167234 1.501717
v 19.408314 -17.235460 2.017510
v 19.412127 -16.467861 2.017288
v 19.412645 -17.489891 2.017264
v 19.416166 -19.510027 2.017053
v 19.423744 -16.981028 2.016606
v 19.424566 -21.286947 2.007650
v 19.432180 -18.799042 2.016126
v 19.438253 -16.724443 2.015790
v 19.438684 -17.744324 2.015762
v 19.447390 -16.286730 2.015270
v 19.448095 -19.445023 2.015242
v 19.450554 16.280867 2.015101
v 19.459707 -22.564131 2.000000
v 19.461775 -19.412519 2.014495
v 19.467720 -16.249310 2.014103
v 19.477383 -16.467861 2.013660
v 19.479103 -18.035183 2.013574
v 19.492762 -17.235460 2.012866
v 19.495712 -16.981028 2.012715
v 19.497143 -20.956318 2.007360
v 19.504585 -19.291470 2.012276
v 19.510452 -17.489891 2.011990
v 19.513397 -18.483709 2.011844
v 19.518435 -16.724443 2.011602
v 19.530510 -19.202921 2.011024
v 19.539335 -16.211277 2.010609
v 19.542662 -16.467861 2.010459
v 19.547920 20.429655 1.348530
v 19.549244 -18.326044 2.010163
v 19.550863 -17.744324 2.010088
v 19.555668 -20.626701 2.007073
v 19.567705 -16.981028 2.009342
v 19.575577 20.697567 1.229079
v 19.576399 17.826389 1.924013
v 19.577248 -17.235460 2.008935
v 19.578592 -16.724443 2.008883
v 19.589731 -18.956707 2.008416
v 19.590490 -16.211277 2.008383
v 19.593884 20.627220 1.250000
v 19.600760 -20.293470 2.006784
v 19.607960 -16.467861 2.007685
v 19.608305 -17.489891 2.007674
v 19.609249 -18.035183 2.007636
v 19.621342 -18.799042 2.007168
v 19.631643 -19.958868 2.006494
v 19.638765 -16.724443 2.006527
v 19.639719 -16.981028 2.006488
v 19.641655 -16.211277 2.006418
v 19.647886 -19.623411 2.006203
v 19.648060 -19.616667 2.006197
v 19.648146 -19.613180 2.006194
v 19.648148 -19.613106 2.006194
v 19.656944 -16.467861 2.005884
v 19.658560 -19.609617 2.005832
v 19.661762 -17.235460 2.005719
v 19.663097 -17.744324 2.005675
v 19.667408 -19.602201 2.005534
v 19.673210 -19.594864 2.005342
v 19.675528 -18.483709 2.005265
v 19.687393 -19.568733 2.004888
v 19.692831 -16.211277 2.004716
v 19.697809 -19.542648 2.004566
v 19.698952 -16.724443 2.004533
v 19.699440 -18.326044 2.004517
v 19.702557 -15.862194 2.004423
v 19.705936 -16.467861 2.004323
v 19.706196 -17.489891 2.004317
v 19.707960 -19.510027 2.004265
v 19.708466 19.530966 1.575539
v 19.711754 -16.981028 2.004152
v 19.723942 -19.445023 2.003812
v 19.730789 -19.412519 2.003625
v 19.731216 -16.211277 2.003610
v 19.735598 -15.862194 2.003495
v 19.739464 -18.035183 2.003394
v 19.746300 -17.235460 2.003217
v 19.751190 16.727306 1.978987
v 19.752216 -19.291470 2.003070
v 19.754936 -16.467861 2.003002
v 19.759148 -16.724443 2.002901
v 19.765190 -19.202921 2.002757
v 19.766993 -21.543770 2.000000
v 19.768642 -15.862194 2.002676
v 19.769608 -16.211277 2.002653
v 19.775375 -17.744324 2.002522
v 19.783802 -16.981028 2.002336
v 19.794823 -18.956707 2.002104
v 19.801689 -15.862194 2.001966
v 19.803942 -16.467861 2.001921
v 19.804115 -17.489891 2.001919
v 19.808001 -16.211277 2.001842
v 19.810637 -18.799042 2.001792
v 19.819353 -16.724443 2.001632
v 19.826475 -15.862194 2.001505
v 19.830856 -17.235460 2.001430
v 19.837742 -18.483709 2.001316
v 19.846397 -16.211277 2.001179
v 19.849703 -18.326044 2.001129
v 19.851263 -15.862194 2.001106
v 19.852953 -16.467861 2.001081
v 19.855753 -15.513111 2.001034
v 19.855862 -16.981028 2.001038
v 19.869720 -18.035183 2.000849
v 19.871780 -15.513111 2.000817
v 19.874928 -21.022423 2.000000
v 19.876051 -15.862194 2.000768
v 19.878984 15.429534 2.000690
v 19.879566 -16.724443 2.000725
v 19.879715 18.176388 1.810794
v 19.884796 -16.211277 2.000663
v 19.887680 -17.744324 2.000631
v 19.887808 -15.513111 2.000626
v 19.900839 -15.862194 2.000492
v 19.901550 20.330521 1.132286
v 19.901966 -16.467861 2.000480
v 19.902054 -17.489891 2.000480
v 19.903833 -15.513111 2.000460
v 19.915426 -17.235460 2.000357
v 19.915855 -15.513111 2.000352
v 19.923197 -16.211277 2.000295
v 19.925629 -15.862194 2.000277
v 19.927876 -15.513111 2.000258
v 19.927929 -16.981028 2.000260
v 19.939781 -16.724443 2.000181
v 19.939896 -15.513111 2.000180
v 19.950420 -15.862194 2.000123
v 19.950445 -20.495716 2.000000
v 19.950983 -16.467861 2.000120
v 19.951918 -15.513111 2.000115
v 19.961597 -16.211277 2.000074
v 19.963938 -15.513111 2.000065
v 19.973530 -15.223094 2.000035
v 19.975210 -15.862194 2.000031
v 19.975958 -15.513111 2.000029
v 19.987980 -15.513111 2.000007
v 19.991987 -19.965593 2.000000
v 20.000000 -19.433342 2.000000
v 20.000000 -15.164028 2.000000
v 20.010185 -15.157146 2.000001
v 20.010567 -15.158136 2.000000
v 20.010696 -15.158477 2.000000
v 20.073196 20.083754 1.250000
v 20.103609 20.130758 1.218416
v 20.105844 17.066639 1.904590
v 20.108747 20.138716 1.213005
v 20.113880 20.146669 1.207580
v 20.119005 20.154615 1.202140
v 20.175333 18.521479 1.666423
v 20.199026 15.924832 1.974848
v 20.270096 14.527232 2.003624
v 20.380249 -14.248900 2.007051
v 20.382471 -0.002158 2.007317
v 20.438866 19.790283 0.000000
v 20.454771 17.402550 1.795606
v 20.468275 -14.830262 2.001263
v 20.488281 -14.873179 2.000483
v 20.495152 -14.887919 2.000300
v 20.506771 18.913504 1.460801
v 20.526484 -14.744658 2.002565
v 20.595915 16.249645 1.909703
v 20.602789 -14.903780 2.000000
v 20.610992 15.075426 1.988356
v 20.625444 13.583620 2.019529
v 20.725315 -13.295311 2.025726
v 20.732706 19.482220 1.132286
v 20.796219 17.733351 1.652614
v 20.802748 19.432140 1.174741
v 20.811960 19.397547 1.250000
v 20.903618 -14.486627 2.004541
v 20.932377 14.326227 2.010486
v 20.946400 -14.564796 2.001736
v 20.946827 12.606236 2.044725
v 20.961096 -14.591650 2.001078
v 20.984520 -14.197610 2.014628
v 20.987690 16.570902 1.806870
v 21.018984 -14.307710 2.009251
v 21.036848 -12.308793 2.053188
v 21.047258 15.385081 1.934053
v 21.086420 19.098833 1.172872
v 21.180641 18.108459 1.445073
v 21.185003 -14.596443 2.000000
v 21.229889 13.553549 2.039874
v 21.235909 11.600172 2.076517
v 21.239723 -13.528022 2.040406
v 21.316496 -11.294728 2.086656
v 21.372221 16.886858 1.666945
v 21.399721 14.622525 1.966244
v 21.462782 -13.994828 2.011250
v 21.477768 -12.842734 2.070454
v 21.479074 15.691071 1.838825
v 21.494324 10.570384 2.112278
v 21.501169 18.644684 1.155365
v 21.504475 12.760248 2.074785
v 21.514660 -0.002158 2.115375
v 21.528198 18.599432 1.132286
v 21.539478 -14.112113 2.004302
v 21.565836 -14.152419 2.002671
v 21.565903 -10.258499 2.123350
v 21.714165 18.381990 0.000000
v 21.726297 13.835958 2.006217
v 21.744795 -14.248764 2.000000
v 21.750940 18.050152 1.250000
v 21.756989 11.948768 2.113706
v 21.786751 -9.204700 2.160694
v 21.806404 17.244427 1.459152
v 21.863222 14.915083 1.878284
v 21.903902 15.991591 1.703274
v 21.904623 -11.431918 2.139223
v 21.915819 -13.387986 2.030237
v 21.924913 8.455849 2.186960
v 21.953007 18.096075 1.250000
v 21.990612 11.112790 2.155562
v 21.998604 -13.112174 2.046528
v 22.016695 18.018536 1.150132
v 22.027967 13.028217 2.052031
v 22.036963 -13.547321 2.013445
v 22.147028 -7.052767 2.232097
v 22.155834 -13.153813 2.033853
v 22.158381 -13.707015 2.003362
v 22.178457 -13.253754 2.024199
v 22.190229 17.812634 1.145271
v 22.203453 10.263195 2.198437
v 22.219501 14.114580 1.926042
v 22.247803 6.286076 2.255803
v 22.269567 -9.978789 2.212674
v 22.275963 -13.459991 2.007051
v 22.279932 -13.866887 2.000000
v 22.286894 17.683235 1.132286
v 22.305258 -13.521843 2.003608
v 22.305630 12.201733 2.101984
v 22.319973 15.202065 1.747204
v 22.348755 -13.797668 1.999331
v 22.384607 16.330984 1.496551
v 22.393713 -13.098186 2.020104
v 22.396212 9.401663 2.241241
v 22.398287 -12.973757 2.030718
v 22.403440 -4.855902 2.292424
v 22.426027 -13.745392 1.997283
v 22.467535 -13.343978 2.000068
v 22.468071 -11.675165 2.134380
v 22.469700 4.078599 2.309525
v 22.489801 -13.417700 1.996208
v 22.510015 -13.708970 1.993832
v 22.548929 13.292382 1.979980
v 22.559406 17.005968 1.250000
v 22.561598 -2.631164 2.333648
v 22.562733 11.350008 2.154930
v 22.569469 8.529553 2.283089
v 22.576818 -8.492839 2.284200
v 22.594561 1.847790 2.342447
v 22.599384 -13.686925 1.988993
v 22.608896 -12.980213 2.009931
v 22.625154 -0.392800 2.350544
v 22.628599 -14.595283 2.000000
v 22.651321 -13.949693 1.992040
v 22.665607 -13.268778 1.986793
v 22.682859 -13.355344 1.982670
v 22.706217 14.387559 1.799934
v 22.790535 -13.679140 1.975314
v 22.797146 10.484066 2.208650
v 22.822206 -12.888155 1.994112
v 22.822369 7.016662 2.349904
v 22.828726 -6.979553 2.350345
v 22.837523 15.525578 1.542192
v 22.849863 16.957024 1.143533
v 22.852425 12.450912 2.038239
v 22.867199 -13.222641 1.967606
v 22.869997 -10.194107 2.226402
v 22.871397 -12.719583 2.005507
v 22.881105 -13.323005 1.963356
v 22.891617 16.893087 1.146148
v 22.892626 16.891720 0.000000
v 22.963741 -13.806744 1.964397
v 22.994209 -13.706923 1.956600
v 23.007656 16.734701 1.132286
v 23.009604 9.605593 2.261908
v 23.012800 16.727627 1.250000
v 23.022417 5.482814 2.407358
v 23.027201 -5.444624 2.408006
v 23.030111 -11.914657 2.075846
v 23.042692 -14.376583 1.981697
v 23.063679 13.550883 1.859200
v 23.078047 -12.798256 1.967987
v 23.081213 -15.405394 2.000000
v 23.114040 -13.190815 1.937040
v 23.125542 -13.308634 1.932787
v 23.133711 11.583495 2.099603
v 23.171061 3.932922 2.453092
v 23.174213 -3.892961 2.454100
v 23.200703 8.715971 2.313692
v 23.208792 -8.678447 2.315134
v 23.221184 -12.754178 1.950085
v 23.253819 -13.179852 1.916484
v 23.258350 14.694720 1.597184
v 23.264524 -13.307630 1.912291
v 23.269566 2.371867 2.484990
v 23.271425 -2.332499 2.485569
v 23.319059 0.803571 2.501189
v 23.319702 -0.765094 2.501313
v 23.328098 -12.534045 1.958323
v 23.337748 15.836425 1.282004
v 23.340012 15.942676 1.250000
v 23.390406 10.701301 2.161604
v 23.393305 12.694454 1.923012
v 23.408480 -15.100670 1.984090
v 23.454256 -14.159218 1.926900
v 23.470226 -10.405830 2.182048
v 23.478634 16.078547 1.148353
v 23.479895 7.171840 2.395952
v 23.486877 -7.133839 2.396610
v 23.503048 -12.675488 1.908055
v 23.531286 -13.166497 1.868939
v 23.541216 -13.313924 1.864974
v 23.573610 -16.191900 2.000000
v 23.586432 -12.148559 1.964141
v 23.623255 9.806026 2.222883
v 23.648172 13.841218 1.659134
v 23.673862 -15.412934 1.978723
v 23.688612 15.756020 1.132286
v 23.699085 11.811429 1.990084
v 23.700951 5.605274 2.466402
v 23.706219 -5.566190 2.467262
v 23.709030 15.725284 1.155745
v 23.772324 -12.377355 1.891216
v 23.783714 -14.882448 1.936502
v 23.791929 -12.898048 1.828023
v 23.792418 14.989077 1.335585
v 23.821491 -13.421771 1.809551
v 23.832872 8.899068 2.282324
v 23.841722 -8.860749 2.284017
v 23.849667 -15.686334 1.978432
v 23.860785 -13.944513 1.835942
v 23.865349 4.021456 2.522311
v 23.868906 -3.979807 2.523568
v 23.968992 15.326118 0.000000
v 23.974369 2.425561 2.561226
v 23.976425 -2.385308 2.561934
v 23.978374 10.913127 2.057762
v 23.987417 15.297265 1.250000
v 24.007961 12.967488 1.725939
v 24.029171 0.820939 2.580987
v 24.029863 -0.782461 2.581138
v 24.065271 -10.612206 2.080063
v 24.075167 15.177937 1.157969
v 24.086462 14.852561 1.250000
v 24.101154 -15.151562 1.915146
v 24.124504 -15.183001 1.914592
v 24.139427 7.324099 2.376539
v 24.147053 -7.285226 2.377356
v 24.154957 -14.666546 1.857455
v 24.213858 14.118713 1.396551
v 24.231932 10.001254 2.124586
v 24.326992 14.751266 1.132286
v 24.342018 12.066504 1.796234
v 24.351774 -12.189245 1.770987
v 24.382418 5.725328 2.457087
v 24.388182 -5.685371 2.458107
v 24.396439 -14.684983 1.809778
v 24.451477 14.284624 1.250000
v 24.460377 9.077229 2.189357
v 24.466593 14.518579 1.173889
v 24.469999 -9.038136 2.191216
v 24.520245 -14.454105 1.747366
v 24.563305 4.108194 2.520926
v 24.567299 -4.064840 2.522390
v 24.593922 -12.416618 1.658248
v 24.603069 -12.787640 1.615421
v 24.603077 13.227762 1.462724
v 24.619341 -13.160306 1.594673
v 24.632374 -13.382109 1.592841
v 24.638029 14.256271 1.170792
v 24.647396 11.149763 1.867219
v 24.663416 -13.796413 1.610476
v 24.663761 -14.195414 1.665303
v 24.683357 2.478141 2.565322
v 24.685619 -2.437020 2.566130
v 24.742464 -10.842624 1.890620
v 24.743734 0.837886 2.587872
v 24.744473 -0.799464 2.588039
v 24.794796 7.472019 2.291949
v 24.803070 -7.432305 2.292864
v 24.828585 13.667818 1.250000
v 24.873249 13.810284 1.250000
v 24.913147 -12.014889 1.616848
v 24.922054 13.722000 1.132286
v 24.924871 10.218986 1.937351
v 24.938465 13.692166 0.000000
v 24.964685 12.309022 1.532662
v 24.970028 -13.634521 0.000000
v 24.970028 -13.634521 1.132286
v 25.060154 5.841810 2.379615
v 25.066425 -5.801007 2.380740
v 25.162804 13.275421 1.197523
v 25.166239 13.314196 1.185546
v 25.169825 -13.268620 1.400673
v 25.175062 9.275614 2.005362
v 25.185575 -9.235657 2.007308
v 25.213799 13.000051 1.250000
v 25.257883 4.192263 2.449071
v 25.262337 -4.147198 2.450695
v 25.295456 11.374181 1.603499
v 25.329866 -12.975522 1.157212
v 25.373461 -12.251722 1.386269
v 25.385422 -12.720094 1.326638
v 25.389215 2.529067 2.497363
v 25.391687 -2.487105 2.498241
v 25.398468 -11.060966 1.626886
v 25.455294 0.854229 2.521897
v 25.456079 -0.815927 2.522072
v 25.456476 -11.845102 1.429790
v 25.473162 12.669647 1.132286
v 25.518198 -12.578710 1.132286
v 25.541672 7.636329 2.113139
v 25.550694 -7.595693 2.114091
v 25.560524 12.536424 1.202098
v 25.596176 10.424976 1.673640
v 25.601891 12.281092 1.250000
v 25.658493 12.353198 1.201063
v 25.667021 12.272187 1.250000
v 25.687990 -12.319657 1.231465
v 25.725412 -12.180485 1.234689
v 25.796318 11.998041 1.223831
v 25.796721 11.997152 0.000000
v 25.824366 -11.937530 0.000000
v 25.832876 5.970938 2.205277
v 25.839731 -5.929206 2.206455
v 25.867481 9.462870 1.741781
v 25.878860 -9.422095 1.743703
v 25.915400 11.583902 1.269456
v 25.979668 11.595633 1.132286
v 25.981819 -11.668467 1.212085
v 25.987629 11.510708 1.250000
v 26.021242 -11.502051 1.132286
v 26.025940 -11.264789 1.291759
v 26.050068 4.285315 2.278302
v 26.055069 -4.238266 2.280046
v 26.113686 11.374878 1.216616
v 26.194435 2.585370 2.329087
v 26.197151 -2.542477 2.330011
v 26.238131 10.616855 1.336427
v 26.265299 7.790872 1.849946
v 26.267109 0.872194 2.354898
v 26.267942 -0.834117 2.355073
v 26.275049 -7.749383 1.850854
v 26.365789 10.688668 1.250000
v 26.409986 -10.680105 1.227233
v 26.440933 10.501380 1.132286
v 26.478613 -10.406010 1.132286
v 26.529369 9.636760 1.401696
v 26.531342 10.379760 1.231648
v 26.539932 10.248634 0.000000
v 26.541573 -9.595223 1.403488
v 26.563536 -10.187300 0.000000
v 26.581524 6.092033 1.942542
v 26.588945 -6.049436 1.943699
v 26.800219 -9.675925 1.241492
v 26.817528 4.372373 2.016006
v 26.823078 -4.323362 2.017797
v 26.856316 9.388314 1.132286
v 26.889771 -9.292052 1.132286
v 26.910881 9.368670 1.245613
v 26.956556 7.933696 1.505616
v 26.967003 -7.891437 1.506402
v 26.974482 2.637960 2.067133
v 26.977432 -2.594196 2.068063
v 27.053528 0.888843 2.093128
v 27.054403 -0.851095 2.093295
v 27.152073 -8.656516 1.254567
v 27.164783 8.454412 0.000000
v 27.184240 -8.391638 0.000000
v 27.225174 8.257860 1.132286
v 27.251095 8.344562 1.258181
v 27.254169 -8.161641 1.132286
v 27.296242 6.203497 1.594791
v 27.304201 -6.160114 1.595855
v 27.464931 -7.623041 1.266177
v 27.546867 7.111443 1.132286
v 27.549831 4.452254 1.665668
v 27.551540 7.308837 1.269286
v 27.555920 -4.401316 1.667430
v 27.571264 -7.016243 1.132286
v 27.668488 6.622484 0.000000
v 27.683712 -6.558552 0.000000
v 27.718519 2.686105 1.715054
v 27.721691 -2.641541 1.715952
v 27.737713 -6.578761 1.276208
v 27.803507 0.903933 1.740176
v 27.804420 -0.866620 1.740327
v 27.811953 6.262456 1.278877
v 27.820660 5.950917 1.132286
v 27.840515 -5.857322 1.132286
v 27.970098 -5.525038 1.284664
v 28.032068 5.206382 1.286903
v 28.045345 4.781316 1.132286
v 28.048800 4.761023 0.000000
v 28.059723 -4.696217 0.000000
v 28.061373 -4.686344 1.132286
v 28.161856 -4.462971 1.291551
v 28.211599 4.141709 1.293321
v 28.220671 3.604992 1.132286
v 28.233057 -3.506706 1.132286
v 28.304024 2.878329 0.000000
v 28.310596 -2.812938 0.000000
v 28.312738 -3.393765 1.296880
v 28.346579 2.423505 1.132286
v 28.350094 3.070926 1.298186
v 28.355013 -2.322832 1.132286
v 28.422432 -2.319621 1.300697
v 28.423021 1.238418 1.132286
v 28.427290 -1.136312 1.132286
v 28.433020 0.982798 0.000000
v 28.435215 -0.917115 0.000000
v 28.447361 1.995625 1.301557
v 28.449942 0.051291 1.132286
v 28.490807 -1.242030 1.303050
v 28.503283 0.917184 1.303478
v 28.517769 -0.162485 1.303974
vn 0.000000 -0.991445 0.130525
vn 0.000000 -0.991445 0.130525
vn 0.000000 -0.923878 0.382687
vn 0.000000 -0.923878 0.382687
vn 0.000000 -0.793355 0.608759
vn 0.000000 -0.793355 0.608759
vn 0.000000 -0.608761 0.793353
vn 0.000000 -0.608761 0.793353
vn 0.000000 -0.382679 0.923881
vn 0.000000 -0.382679 0.923881
vn 0.000000 -0.130529 0.991445
vn 0.000000 -0.130529 0.991445
vn 0.000000 0.000000 1.000000
vn 0.000000 0.000000 1.000000
vn 0.000000 0.000000 1.000000
vn -0.000000 0.000000 1.000000
vn 0.000000 0.000000 1.000000
vn 1.000000 0.000000 -0.000000
vn 1.000000 -0.000000 0.000000
vn 1.000000 -0.000000 0.000000
vn 1.000000 0.000000 0.000000
vn 1.000000 0.000000 0.000000
vn 1.000000 0.000000 0.000000
vn 1.000000 0.000000 0.000000
vn 1.000000 0.000000 0.000000
vn 1.000000 0.000000 0.000000
vn 1.000000 -0.000000 0.000000
vn 1.000000 0.000000 -0.000000
vn 1.000000 -0.000000 0.000000
vn 1.000000 0.000000 -0.000000
vn 1.000000 -0.000000 0.000000
vn 1.000000 -0.000000 0.000000
vn 1.000000 0.000000 0.000000
vn 1.000000 0.000000 -0.000000
vn 1.000000 -0.000000 0.000000
vn 1.000000 0.000000 0.000000
vn 1.000000 0.000000 0.000000
vn 1.000000 0.000000 0.000000
vn 1.000000 0.000000 0.000000
vn 1.000000 -0.000000 0.000000
vn 0.034772 -0.831002 0.555181
vn 0.049698 -0.840161 0.540056
vn 0.010676 -0.846182 0.532787
vn -0.002287 -0.843205 0.537587
vn -0.010705 -0.845726 0.533510
vn -0.052862 -0.842044 0.536813
vn -0.034774 -0.831002 0.555181
vn 0.020304 -0.872342 0.488475
vn 0.035226 -0.904470 0.425081
vn -0.001566 -0.904650 0.426153
vn -0.001798 -0.904549 0.426365
vn -0.039048 -0.904362 0.424977
vn -0.031336 -0.907681 0.418490
vn -0.014280 -0.938071 0.346150
vn -0.019444 -0.940809 0.338378
vn -0.014046 -0.962349 0.271453
vn -0.028554 -0.966890 0.253591
vn -0.001709 -0.980774 0.195139
vn -0.024808 -0.989139 0.144871
vn -0.001371 -0.993056 0.117634
vn -0.007358 -0.998661 0.051199
vn -0.001322 -0.999226 0.039321
vn 0.028604 -0.907755 0.418524
vn 0.013673 -0.938079 0.346152
vn 0.018038 -0.940861 0.338313
vn 0.013073 -0.962362 0.271456
vn 0.025073 -0.966951 0.253727
vn 0.002439 -0.980773 0.195138
vn 0.021176 -0.989196 0.145062
vn 0.001799 -0.993055 0.117635
vn 0.007059 -0.999202 0.039320
vn 0.001544 -0.998944 0.045921
vn -0.000164 -0.998999 0.044731
vn -0.000600 -0.989322 0.145743
vn -0.021158 -0.872326 0.488466
vn -0.000539 -0.989334 0.145665
vn -0.001058 -0.967048 0.254592
vn -0.000947 -0.967083 0.254460
vn -0.001394 -0.940786 0.338999
vn -0.001302 -0.940848 0.338827
vn 0.355498 -0.906144 0.229180
vn 0.100520 -0.966324 0.236881
vn 0.126004 -0.957194 0.260581
vn 0.146018 -0.959601 0.240507
vn 0.191380 -0.953192 0.234092
vn 0.191030 -0.951429 0.241435
vn 0.134468 -0.930274 0.341333
vn 0.134468 -0.930274 0.341332
vn 0.128596 -0.929064 0.346848
vn 0.126348 -0.912826 0.388309
vn 0.122299 -0.911848 0.391888
vn 0.121168 -0.903421 0.411276
vn 0.068282 -0.876720 0.476129
vn 0.099622 -0.957521 0.270608
vn 0.085985 -0.945600 0.313764
vn 0.144529 -0.949691 0.277845
vn 0.077753 -0.932182 0.353542
vn 0.082403 -0.934217 0.347058
vn 0.100829 -0.921525 0.375001
vn 0.080786 -0.916563 0.391645
vn 0.090378 -0.898691 0.429170
vn 0.162626 -0.893455 0.418678
vn 0.053143 -0.855069 0.515784
vn 0.203680 -0.882494 0.423933
vn 0.064566 -0.843148 0.533791
vn 0.077732 -0.847704 0.524743
vn 0.075429 -0.822583 0.563621
vn 0.115551 -0.828073 0.548583
vn 0.054726 -0.806404 0.588828
vn 0.030706 -0.797527 0.602502
vn 0.030103 -0.781864 0.622721
vn 0.042233 -0.786293 0.616408
vn 0.041421 -0.771171 0.635279
vn 0.054798 -0.775697 0.628723
vn 0.054798 -0.775697 0.628722
vn 0.011367 -0.746818 0.664931
vn 0.011550 -0.760405 0.649346
vn -0.013647 -0.737567 0.675136
vn -0.013647 -0.737567 0.675136
vn -0.002297 -0.741840 0.670573
vn -0.002258 -0.729492 0.683986
vn 0.010761 -0.733977 0.679089
vn 0.010589 -0.722199 0.691604
vn 0.025203 -0.726743 0.686447
vn 0.024813 -0.715499 0.698173
vn 0.040956 -0.719956 0.692810
vn 0.040345 -0.709213 0.703839
vn 0.057842 -0.713418 0.698347
vn 0.057009 -0.703145 0.708757
vn 0.075477 -0.706910 0.703265
vn 0.074406 -0.696881 0.713316
vn 0.091661 -0.701133 0.707114
vn 0.909293 -0.344056 0.234120
vn -0.006924 -0.785795 0.618448
vn 0.037328 -0.816602 0.575992
vn 0.013073 -0.806212 0.591482
vn -0.044412 -0.792022 0.608875
vn -0.012789 -0.811212 0.584612
vn -0.040003 -0.800826 0.597560
vn -0.081909 -0.792762 0.604003
vn -0.038003 -0.817731 0.574345
vn -0.119177 -0.789944 0.601485
vn -0.152974 -0.768616 0.621151
vn -0.152726 -0.767367 0.622755
vn -0.178216 -0.766941 0.616475
vn -0.174788 -0.752191 0.635341
vn -0.198563 -0.751869 0.628702
vn -0.194978 -0.738338 0.645631
vn -0.202400 -0.735929 0.646098
vn -0.205504 -0.746563 0.632780
vn -0.200064 -0.751083 0.629165
vn -0.216241 -0.757653 0.615794
vn -0.214648 -0.760103 0.613326
vn -0.227768 -0.765170 0.602193
vn -0.226284 -0.766383 0.601209
vn -0.159548 -0.830254 0.534063
vn -0.241794 -0.772582 0.587072
vn -0.197863 -0.818345 0.539594
vn -0.256278 -0.779788 0.571185
vn -0.235434 -0.805434 0.543918
vn -0.269991 -0.786610 0.555292
vn -0.267539 -0.793321 0.546868
vn -0.280894 -0.801967 0.527207
vn -0.177364 -0.894768 0.409795
vn -0.178870 -0.902368 0.392093
vn -0.175284 -0.904647 0.388445
vn -0.178403 -0.920744 0.346991
vn -0.173085 -0.923876 0.341314
vn -0.175853 -0.938654 0.296655
vn -0.168958 -0.942304 0.288992
vn -0.171660 -0.957373 0.232314
vn -0.214927 -0.940928 0.261650
vn -0.203417 -0.948768 0.241785
vn -0.261166 -0.936389 0.234452
vn -0.284524 -0.924324 0.254305
vn -0.304967 -0.922565 0.236368
vn -0.347948 -0.907248 0.236292
vn -0.342708 -0.893586 0.289923
vn -0.390074 -0.871400 0.297496
vn -0.383919 -0.857650 0.342115
vn -0.427839 -0.834355 0.347570
vn -0.420350 -0.819750 0.388994
vn -0.456906 -0.798434 0.392096
vn -0.447255 -0.789193 0.420877
vn -0.074596 -0.833031 0.548174
vn -0.124672 -0.831415 0.541486
vn -0.080756 -0.840652 0.535522
vn -0.072423 -0.854196 0.514882
vn -0.119404 -0.831151 0.543075
vn -0.074393 -0.870886 0.485822
vn -0.158291 -0.823717 0.544458
vn -0.076805 -0.887957 0.453469
vn -0.197081 -0.815109 0.544754
vn -0.083263 -0.902448 0.422676
vn -0.091947 -0.897840 0.430615
vn -0.093012 -0.908233 0.407997
vn -0.087267 -0.917242 0.388654
vn -0.115676 -0.927311 0.355967
vn -0.134032 -0.919768 0.368867
vn -0.090231 -0.949650 0.300037
vn -0.129721 -0.930878 0.341524
vn -0.130988 -0.939969 0.315119
vn -0.090379 -0.963587 0.251659
vn -0.088733 -0.967974 0.234845
vn -0.125870 -0.958847 0.254498
vn -0.119704 -0.962033 0.245282
vn -0.143473 -0.898597 0.414654
vn -0.088050 -0.953745 0.287433
vn -0.364217 -0.896164 0.253450
vn -0.400268 -0.888261 0.225339
vn -0.391922 -0.869739 0.299919
vn -0.440698 -0.850566 0.286919
vn -0.430700 -0.831268 0.351413
vn -0.476621 -0.811659 0.337700
vn -0.464098 -0.790333 0.399984
vn -0.503568 -0.777319 0.377087
vn -0.503574 -0.777304 0.377110
vn -0.486667 -0.801889 0.346597
vn -0.497080 -0.819048 0.286482
vn -0.505557 -0.809252 0.299205
vn -0.514181 -0.823057 0.241236
vn -0.515739 -0.821065 0.244676
vn -0.455207 -0.851773 0.259363
vn -0.443862 -0.866411 0.228734
vn -0.570502 -0.788307 0.230436
vn -0.590663 -0.725725 0.352762
vn -0.551312 -0.783670 0.286210
vn -0.537830 -0.764507 0.355342
vn -0.593621 -0.730020 0.338651
vn -0.559594 -0.757352 0.336560
vn -0.414761 -0.800901 0.431892
vn -0.417736 -0.796712 0.436746
vn -0.374985 -0.816394 0.439190
vn -0.340415 -0.844563 0.413318
vn -0.343957 -0.853352 0.391771
vn -0.300496 -0.871138 0.388355
vn -0.305842 -0.886636 0.346897
vn -0.259061 -0.903503 0.341424
vn -0.263206 -0.917959 0.296771
vn -0.213170 -0.933238 0.289180
vn -0.371884 -0.800658 0.469732
vn -0.298208 -0.853872 0.426584
vn -0.303379 -0.868678 0.391612
vn -0.259123 -0.884399 0.388192
vn -0.263731 -0.900127 0.346725
vn -0.216205 -0.914770 0.341249
vn -0.219663 -0.929400 0.296587
vn -0.351145 -0.799308 0.487652
vn -0.256581 -0.862631 0.435929
vn -0.262319 -0.881922 0.391667
vn -0.217378 -0.895549 0.388251
vn -0.221245 -0.911477 0.346787
vn -0.219879 -0.889365 0.400853
vn -0.308704 -0.796298 0.520203
vn -0.201119 -0.733352 0.649420
vn -0.194207 -0.726177 0.659508
vn -0.206928 -0.713103 0.669825
vn -0.205965 -0.711324 0.672009
vn -0.204525 -0.712210 0.671510
vn -0.205017 -0.700096 0.683984
vn -0.193848 -0.707962 0.679127
vn -0.190737 -0.696601 0.691641
vn -0.177766 -0.705159 0.686404
vn -0.175016 -0.694249 0.698132
vn -0.160631 -0.703089 0.692721
vn -0.158234 -0.692597 0.703755
vn -0.142739 -0.701418 0.698311
vn -0.140683 -0.691319 0.708722
vn -0.124123 -0.700001 0.703273
vn -0.122703 -0.691990 0.711402
vn -0.091019 -0.698569 0.709730
vn -0.214548 -0.699232 0.681941
vn -0.219975 -0.689281 0.690292
vn -0.210825 -0.695934 0.686461
vn -0.207563 -0.685167 0.698186
vn -0.193668 -0.694636 0.692801
vn -0.190778 -0.684270 0.703831
vn -0.175559 -0.693910 0.698333
vn -0.173031 -0.683918 0.708743
vn -0.156773 -0.693440 0.703252
vn -0.154776 -0.684606 0.712291
vn -0.127333 -0.693870 0.708753
vn -0.223848 -0.688208 0.690117
vn -0.231875 -0.680447 0.695145
vn -0.226214 -0.684675 0.692854
vn -0.222838 -0.674458 0.703882
vn -0.208145 -0.684765 0.698407
vn -0.205148 -0.674904 0.708815
vn -0.189203 -0.685281 0.703273
vn -0.186667 -0.676097 0.712775
vn -0.163513 -0.687148 0.707878
vn -0.229606 -0.681569 0.694799
vn -0.218218 -0.690176 0.689955
vn -0.239622 -0.674149 0.698645
vn -0.240268 -0.661849 0.710090
vn -0.221367 -0.675503 0.703343
vn -0.218324 -0.666219 0.713082
vn -0.199141 -0.678331 0.707255
vn -0.253235 -0.664942 0.702655
vn -0.251836 -0.666031 0.702126
vn -0.258246 -0.662325 0.703303
vn -0.268753 -0.655137 0.706093
vn -0.266412 -0.654186 0.707860
vn -0.249423 -0.654930 0.713341
vn -0.234091 -0.667292 0.707052
vn -0.054824 -0.703184 0.708891
vn -0.057583 -0.701015 0.710818
vn -0.090388 -0.698237 0.710137
vn -0.091263 -0.704995 0.703316
vn -0.108150 -0.697127 0.708744
vn -0.109729 -0.707311 0.698334
vn -0.125493 -0.699293 0.703734
vn -0.127394 -0.709886 0.692699
vn -0.142014 -0.701824 0.698051
vn -0.144246 -0.712853 0.686319
vn -0.157666 -0.704879 0.691583
vn -0.160238 -0.716375 0.679066
vn -0.172135 -0.708806 0.684079
vn -0.175049 -0.720803 0.670673
vn -0.185210 -0.713923 0.675286
vn -0.185210 -0.713923 0.675286
vn -0.165925 -0.742072 0.649459
vn -0.162936 -0.728815 0.665041
vn -0.127496 -0.766973 0.628886
vn -0.127496 -0.766973 0.628885
vn -0.139453 -0.759455 0.635438
vn -0.142188 -0.774347 0.616578
vn -0.024628 -0.702084 0.711668
vn -0.018424 -0.706017 0.707955
vn 0.008457 -0.701771 0.712352
vn 0.018188 -0.706599 0.707380
vn 0.041569 -0.699994 0.712937
vn 0.054951 -0.704920 0.707155
vn 0.106977 -0.692654 0.713292
vn 0.127923 -0.695343 0.707201
vn 0.139329 -0.687264 0.712920
vn 0.163658 -0.687536 0.707467
vn 0.171492 -0.680613 0.712289
vn 0.198820 -0.677665 0.707983
vn 0.203472 -0.672600 0.711483
vn 0.233353 -0.665675 0.708818
vn 0.238295 -0.659040 0.713360
vn 0.265452 -0.654096 0.708304
vn 0.264066 -0.656693 0.706416
vn 0.268641 -0.655078 0.706191
vn 0.238053 -0.658370 0.714058
vn 0.246399 -0.669903 0.700370
vn 0.245497 -0.669613 0.700963
vn 0.245539 -0.669948 0.700629
vn 0.246911 -0.669946 0.700148
vn 0.227803 -0.676081 0.700728
vn 0.233609 -0.680642 0.694372
vn 0.205150 -0.683467 0.700561
vn 0.221300 -0.690992 0.688155
vn 0.190805 -0.690100 0.698108
vn 0.193804 -0.700945 0.686379
vn 0.178614 -0.699935 0.691512
vn 0.181527 -0.711351 0.678991
vn 0.167749 -0.710014 0.683916
vn 0.170588 -0.722031 0.670501
vn 0.158325 -0.720488 0.675152
vn 0.158325 -0.720488 0.675152
vn 0.188012 -0.736821 0.649420
vn 0.186393 -0.730429 0.657063
vn 0.201507 -0.738440 0.643507
vn 0.221263 -0.690613 0.688547
vn 0.225740 -0.691658 0.686040
vn 0.205380 -0.694193 0.689867
vn 0.213171 -0.702053 0.679470
vn 0.222562 -0.702790 0.675686
vn 0.193534 -0.723370 0.662782
vn 0.208703 -0.713545 0.668802
vn 0.191337 -0.706318 0.681547
vn 0.208492 -0.728615 0.652419
vn 0.207729 -0.725951 0.655624
vn 0.194937 -0.722996 0.662779
vn 0.192045 -0.712270 0.675122
vn 0.201388 -0.738421 0.643567
vn 0.181246 -0.751305 0.634580
vn 0.197490 -0.748354 0.633217
vn 0.206317 -0.752794 0.625087
vn 0.184235 -0.749791 0.635508
vn 0.187847 -0.764494 0.616654
vn 0.175228 -0.762424 0.622900
vn 0.176809 -0.769303 0.613931
vn 0.238741 -0.785908 0.570396
vn 0.206057 -0.753497 0.624326
vn 0.209356 -0.754050 0.622558
vn 0.207610 -0.761944 0.613465
vn 0.221334 -0.768995 0.599715
vn 0.258713 -0.773753 0.578250
vn 0.265577 -0.789596 0.553178
vn 0.121844 -0.792367 0.597753
vn 0.269347 -0.795197 0.543245
vn 0.271244 -0.797277 0.539236
vn 0.280472 -0.800279 0.529989
vn 0.340655 -0.809844 0.477606
vn 0.429129 -0.796332 0.426266
vn 0.432942 -0.795231 0.424463
vn 0.440842 -0.787198 0.431252
vn 0.465262 -0.800834 0.377089
vn 0.452369 -0.802801 0.388423
vn 0.460418 -0.817085 0.346969
vn 0.466390 -0.816046 0.341393
vn 0.466390 -0.816046 0.341392
vn 0.526581 -0.815040 0.241707
vn 0.527653 -0.816707 0.233608
vn 0.484444 -0.833275 0.266395
vn 0.495574 -0.831857 0.249839
vn 0.448555 -0.863015 0.232386
vn 0.407875 -0.876173 0.256826
vn 0.405288 -0.878700 0.252245
vn 0.365573 -0.901565 0.231383
vn 0.364583 -0.899110 0.242242
vn 0.263283 -0.902143 0.341789
vn 0.263284 -0.902144 0.341787
vn 0.214733 -0.912857 0.347248
vn 0.210976 -0.896889 0.388689
vn 0.164737 -0.905055 0.392094
vn 0.488381 -0.779153 0.392944
vn 0.523148 -0.769496 0.366323
vn 0.526495 -0.772515 0.354998
vn 0.577414 -0.744600 0.334908
vn 0.575880 -0.742622 0.341869
vn 0.622354 -0.725174 0.294616
vn 0.660088 -0.693363 0.289019
vn 0.660402 -0.693213 0.288661
vn 0.694881 -0.664291 0.275424
vn 0.684275 -0.667780 0.292979
vn 0.726116 -0.636925 0.259001
vn 0.590452 -0.741333 0.319048
vn 0.610073 -0.716554 0.338174
vn 0.727884 -0.638481 0.250053
vn 0.765553 -0.601832 0.227436
vn 0.782699 -0.567225 0.256201
vn 0.786580 -0.565161 0.248768
vn 0.829773 -0.519445 0.204092
vn 0.821060 -0.476138 0.314886
vn 0.720433 -0.643060 0.259711
vn 0.702659 -0.671755 0.234554
vn 0.669281 -0.703055 0.240366
vn 0.651393 -0.712702 0.260275
vn 0.636150 -0.734271 0.236982
vn 0.601269 -0.763365 0.236114
vn 0.600360 -0.762206 0.242094
vn 0.504072 -0.793276 0.341502
vn 0.504073 -0.793277 0.341500
vn 0.558979 -0.782230 0.275060
vn 0.578285 -0.778509 0.243948
vn 0.321428 -0.913064 0.250993
vn 0.316925 -0.913078 0.256608
vn 0.279819 -0.931648 0.231803
vn 0.235214 -0.940606 0.244816
vn 0.235413 -0.941411 0.241507
vn 0.222529 -0.939866 0.259100
vn 0.322181 -0.915219 0.242017
vn 0.279127 -0.929328 0.241738
vn 0.177945 -0.922929 0.341377
vn 0.177945 -0.922929 0.341376
vn 0.406347 -0.881009 0.242294
vn 0.305163 -0.888784 0.341963
vn 0.305164 -0.888784 0.341962
vn 0.257168 -0.901756 0.347420
vn 0.252667 -0.885975 0.388853
vn 0.206865 -0.896294 0.392255
vn 0.447468 -0.860913 0.242076
vn 0.346531 -0.873476 0.341987
vn 0.346531 -0.873476 0.341988
vn 0.299197 -0.888686 0.347447
vn 0.293961 -0.873133 0.388877
vn 0.248695 -0.885589 0.392279
vn 0.244024 -0.868957 0.430541
vn 0.487687 -0.838876 0.241761
vn 0.387394 -0.856224 0.341769
vn 0.387393 -0.856224 0.341770
vn 0.340826 -0.873651 0.347234
vn 0.334865 -0.858369 0.388676
vn 0.290230 -0.872947 0.392083
vn 0.284781 -0.856558 0.430358
vn 0.117658 -0.843177 0.524604
vn 0.564132 -0.789470 0.241851
vn 0.635289 -0.733273 0.242318
vn 0.540563 -0.768790 0.341691
vn 0.220883 -0.913536 0.341558
vn 0.220884 -0.913536 0.341558
vn 0.171878 -0.921972 0.347025
vn 0.427488 -0.837051 0.341466
vn 0.427488 -0.837051 0.341466
vn 0.421663 -0.837785 0.346866
vn 0.414294 -0.823143 0.388326
vn 0.410226 -0.823517 0.391835
vn 0.402527 -0.808063 0.430123
vn 0.381792 -0.856662 0.346937
vn 0.540563 -0.768791 0.341690
vn 0.498071 -0.794613 0.347154
vn 0.168872 -0.905852 0.388478
vn 0.375118 -0.841687 0.388394
vn 0.331217 -0.858360 0.391808
vn 0.325002 -0.842253 0.430097
vn 0.157412 -0.836792 0.524405
vn 0.154170 -0.819561 0.551861
vn 0.371225 -0.841862 0.391741
vn 0.364260 -0.826066 0.430034
vn 0.235164 -0.818339 0.524422
vn 0.230322 -0.801488 0.551878
vn 0.142190 -0.785272 0.602603
vn 0.139397 -0.769849 0.622817
vn 0.151808 -0.772487 0.616619
vn 0.148888 -0.757629 0.635477
vn 0.162763 -0.760235 0.628928
vn 0.162763 -0.760235 0.628928
vn 0.115690 -0.737722 0.665118
vn 0.117771 -0.751146 0.649546
vn 0.089708 -0.732083 0.675282
vn 0.089708 -0.732084 0.675282
vn 0.101816 -0.734783 0.670617
vn 0.100121 -0.722554 0.684026
vn 0.114015 -0.725237 0.678993
vn 0.112185 -0.713598 0.691514
vn 0.127416 -0.716061 0.686311
vn 0.125445 -0.704982 0.698043
vn 0.141872 -0.707101 0.692734
vn 0.139754 -0.696549 0.703768
vn 0.157313 -0.698221 0.698384
vn 0.155048 -0.688167 0.708793
vn 0.173678 -0.689293 0.703357
vn 0.196592 -0.828494 0.524356
vn 0.192543 -0.811435 0.551815
vn 0.068175 -0.795229 0.602464
vn 0.066836 -0.779612 0.622687
vn 0.267510 -0.789773 0.551994
vn -0.079748 -0.830154 0.551802
vn -0.192226 -0.774661 0.602453
vn -0.188451 -0.759448 0.622675
vn -0.116709 -0.773580 0.622859
vn -0.105811 -0.780087 0.616659
vn -0.080397 -0.778127 0.622940
vn -0.069086 -0.784180 0.616675
vn -0.043795 -0.781030 0.622955
vn -0.032012 -0.786641 0.616580
vn -0.006894 -0.782303 0.622860
vn 0.005215 -0.787382 0.616443
vn 0.105340 -0.791128 0.602511
vn 0.103271 -0.775591 0.622731
vn 0.115531 -0.778803 0.616537
vn 0.113309 -0.763825 0.635400
vn 0.126962 -0.767058 0.628890
vn 0.126962 -0.767058 0.628890
vn 0.081008 -0.742365 0.665081
vn 0.082457 -0.755873 0.649505
vn 0.055292 -0.735507 0.675257
vn 0.055292 -0.735508 0.675256
vn 0.067093 -0.738727 0.670657
vn 0.065977 -0.726432 0.684065
vn 0.079615 -0.729738 0.679075
vn 0.078338 -0.718028 0.691592
vn 0.093592 -0.721237 0.686337
vn 0.092144 -0.710078 0.698068
vn 0.108592 -0.712991 0.692714
vn 0.106972 -0.702351 0.703747
vn 0.124492 -0.704853 0.698344
vn 0.122699 -0.694704 0.708754
vn 0.141242 -0.696700 0.703321
vn 0.079010 -0.783419 0.616452
vn -0.118595 -0.825516 0.551778
vn -0.133940 -0.892572 0.430553
vn -0.238826 -0.817037 0.524799
vn -0.132862 -0.911739 0.388689
vn -0.136503 -0.909656 0.392291
vn -0.220811 -0.893136 0.391855
vn -0.422977 -0.816767 0.392405
vn -0.383960 -0.835934 0.392161
vn -0.341397 -0.855756 0.388755
vn -0.347476 -0.870994 0.347317
vn -0.301556 -0.890056 0.341855
vn -0.306387 -0.904315 0.297224
vn -0.257138 -0.921948 0.289642
vn -0.388198 -0.853516 0.347583
vn -0.381402 -0.838575 0.389005
vn -0.343234 -0.874723 0.342126
vn -0.449703 -0.841474 0.299482
vn -0.300379 -0.908687 0.289932
vn -0.348737 -0.888747 0.297508
vn -0.124600 -0.949167 0.289063
vn -0.163227 -0.760239 0.628804
vn -0.103776 -0.765084 0.635514
vn -0.091375 -0.772093 0.628907
vn -0.067757 -0.769098 0.635529
vn -0.054857 -0.775609 0.628825
vn -0.031396 -0.771511 0.635441
vn -0.018142 -0.777434 0.628703
vn 0.005114 -0.772239 0.635311
vn 0.018422 -0.777449 0.628676
vn 0.090977 -0.772220 0.628808
vn 0.077490 -0.768351 0.635320
vn 0.150290 -0.731489 0.665084
vn 0.198387 -0.751766 0.628880
vn 0.046236 -0.745405 0.665007
vn 0.090977 -0.772220 0.628807
vn 0.018422 -0.777449 0.628677
vn -0.058651 -0.744622 0.664905
vn -0.059743 -0.758167 0.649317
vn -0.117283 -0.728222 0.675231
vn -0.117283 -0.728223 0.675230
vn -0.140853 -0.728318 0.670606
vn -0.138509 -0.716196 0.684017
vn -0.018142 -0.777434 0.628703
vn -0.093753 -0.740934 0.665002
vn -0.095483 -0.754412 0.649419
vn -0.151502 -0.721817 0.675298
vn -0.151502 -0.721817 0.675298
vn -0.054857 -0.775610 0.628824
vn -0.128576 -0.735635 0.665064
vn -0.130940 -0.749016 0.649484
vn -0.091375 -0.772092 0.628908
vn -0.160148 -0.745953 0.646457
vn -0.023596 -0.746572 0.664886
vn -0.024050 -0.760153 0.649298
vn -0.048176 -0.736146 0.675106
vn -0.048176 -0.736148 0.675104
vn -0.036972 -0.740976 0.670513
vn -0.036357 -0.728642 0.683929
vn -0.023572 -0.733728 0.679034
vn -0.023193 -0.721954 0.691552
vn -0.008894 -0.727147 0.686424
vn -0.008756 -0.715896 0.698152
vn 0.007003 -0.721056 0.692842
vn 0.006899 -0.710296 0.703870
vn 0.024069 -0.715288 0.698415
vn 0.023722 -0.704988 0.708822
vn 0.042143 -0.709656 0.703287
vn -0.082736 -0.733043 0.675132
vn 0.020842 -0.737343 0.675197
vn 0.047052 -0.758967 0.649426
vn 0.124093 -0.727083 0.675242
vn 0.152999 -0.744801 0.649510
vn -0.082736 -0.733043 0.675132
vn -0.106279 -0.734249 0.670510
vn -0.104510 -0.722028 0.683925
vn -0.126207 -0.723231 0.678976
vn -0.124182 -0.711626 0.691497
vn 0.032391 -0.741083 0.670631
vn 0.020842 -0.737343 0.675197
vn 0.136434 -0.729230 0.670530
vn 0.124093 -0.727083 0.675242
vn 0.148006 -0.719096 0.678967
vn 0.134163 -0.717093 0.683943
vn 0.045156 -0.732644 0.679113
vn 0.031852 -0.728748 0.684041
vn -0.070443 -0.726168 0.683900
vn -0.092061 -0.728389 0.678950
vn -0.090584 -0.716701 0.691472
vn -0.110569 -0.718870 0.686295
vn -0.108858 -0.707747 0.698029
vn -0.071635 -0.738458 0.670483
vn -0.057847 -0.731875 0.678979
vn -0.056918 -0.720131 0.691499
vn -0.042887 -0.725984 0.686373
vn -0.042224 -0.714751 0.698103
vn -0.026808 -0.720612 0.692820
vn -0.026408 -0.709858 0.703849
vn -0.009646 -0.715598 0.698445
vn -0.009507 -0.705294 0.708851
vn 0.008566 -0.710791 0.703351
vn -0.076780 -0.723234 0.686321
vn 0.059405 -0.724782 0.686413
vn 0.044432 -0.720887 0.691627
vn 0.160817 -0.709284 0.686333
vn 0.145631 -0.707556 0.691488
vn -0.075592 -0.712044 0.698054
vn -0.094007 -0.715050 0.692724
vn -0.092605 -0.704380 0.703757
vn 0.074934 -0.717286 0.692738
vn 0.058486 -0.713567 0.698141
vn 0.174776 -0.699652 0.692777
vn 0.158329 -0.698311 0.698065
vn -0.060476 -0.718616 0.692772
vn -0.059573 -0.707892 0.703803
vn -0.043182 -0.714379 0.698425
vn -0.042560 -0.704093 0.708831
vn -0.024919 -0.710378 0.703379
vn -0.076544 -0.711623 0.698379
vn 0.091336 -0.709930 0.698324
vn 0.073816 -0.706582 0.703770
vn 0.172168 -0.689212 0.703808
vn 0.189801 -0.690060 0.698422
vn 0.204219 -0.680364 0.703846
vn 0.221965 -0.680385 0.698433
vn -0.058194 -0.708449 0.703359
vn -0.075442 -0.701376 0.708788
vn 0.108509 -0.702580 0.703283
vn 0.090021 -0.699707 0.708735
vn 0.218769 -0.670587 0.708839
vn 0.205824 -0.680375 0.703368
vn 0.187068 -0.680123 0.708829
vn 0.000000 0.000000 1.000000
vn 0.000000 0.000000 1.000000
vn 0.000000 0.000000 1.000000
vn 0.000000 0.000000 1.000000
vn 0.000000 0.000000 1.000000
vn 0.000000 0.000000 1.000000
vn 0.000000 0.000000 1.000000
vn 0.000000 0.000000 1.000000
vn 0.000000 0.000000 1.000000
vn 0.000000 0.000000 1.000000
vn 0.000000 0.000000 1.000000
vn 0.000000 0.000000 1.000000
vn 0.000000 -0.000000 1.000000
vn -0.000000 0.000000 1.000000
vn 0.000000 -0.000000 1.000000
vn 0.000000 -0.000000 1.000000
vn -0.000000 0.000000 1.000000
vn 0.000000 -0.000000 1.000000
vn -0.000000 0.000000 1.000000
vn 0.000000 -0.000000 1.000000
vn -0.000000 0.000000 1.000000
vn 0.000000 -0.000000 1.000000
vn -0.000000 0.000000 1.000000
vn 0.000000 -0.000000 1.000000
vn 0.000000 -0.000000 1.000000
vn -0.000000 0.000000 1.000000
vn 0.000000 -0.000000 1.000000
vn -0.000000 0.000000 1.000000
vn 0.000000 -0.000000 1.000000
vn -0.000000 0.000000 1.000000
vn 0.000000 0.000000 1.000000
vn 0.000000 0.000000 1.000000
vn -0.000000 0.000000 1.000000
vn 0.000000 0.000000 1.000000
vn -0.000000 0.000000 1.000000
vn -0.000000 0.000000 1.000000
vn 0.000000 0.000000 1.000000
vn -0.000000 0.000000 1.000000
vn 0.000000 0.000000 1.000000
vn -0.000000 0.000000 1.000000
vn -0.000000 0.000000 1.000000
vn 0.000000 0.000000 1.000000
vn -0.000000 0.000000 1.000000
vn 0.000000 0.000000 1.000000
vn -0.000000 0.000000 1.000000
vn 0.000000 0.000000 1.000000
vn -0.000000 0.000000 1.000000
vn -0.000000 0.000000 1.000000
vn 0.000000 0.000000 1.000000
vn -0.000000 0.000000 1.000000
vn 0.000000 0.000000 1.000000
vn -0.000000 0.000000 1.000000
vn -0.000000 0.000000 1.000000
vn 0.000000 0.000000 1.000000
vn -0.000000 0.000000 1.000000
vn -0.000000 0.000000 1.000000
vn -0.000000 0.000000 1.000000
vn 0.000000 0.000000 1.000000
vn -0.000000 0.000000 1.000000
vn 0.000000 0.000000 1.000000
vn 0.000000 0.000000 1.000000
vn -0.000000 0.000000 1.000000
vn 0.000000 0.000000 1.000000
vn 0.000000 0.000000 1.000000
vn 0.000000 0.000000 1.000000
vn 0.000000 0.000000 1.000000
vn 0.000000 0.000000 1.000000
vn 0.000000 0.000000 1.000000
vn 0.000000 0.000000 1.000000
vn 0.000000 0.000000 1.000000
vn 0.000000 0.000000 1.000000
vn 0.000000 0.000000 1.000000
vn 0.000000 0.000000 1.000000
vn 0.000000 0.000000 1.000000
vn 0.000000 0.000000 1.000000
vn 0.000000 0.000000 1.000000
vn 0.000000 0.000000 1.000000
vn 0.000000 0.000000 1.000000
vn 0.000000 0.000000 1.000000
vn 0.000000 0.000000 1.000000
vn 0.000000 0.000000 1.000000
vn 0.000000 0.000000 1.000000
vn 0.000000 0.000000 1.000000
vn 0.000000 0.000000 1.000000
vn 0.000000 0.000000 1.000000
vn 0.000000 0.000000 1.000000
vn 0.000000 0.000000 1.000000
vn 0.000000 0.000000 1.000000
vn 0.000000 0.000000 1.000000
vn 0.000000 0.000000 1.000000
vn 0.000000 0.000000 1.000000
vn 0.000000 0.000000 1.000000
vn 0.000000 0.000000 1.000000
vn 0.000000 0.000000 1.000000
vn 0.000000 -0.000000 1.000000
vn 0.000000 0.000000 1.000000
vn 0.000000 -0.000000 1.000000
vn 0.000000 0.000000 1.000000
vn 0.000000 -0.000000 1.000000
vn 0.000000 0.000000 1.000000
vn 0.000000 0.000000 1.000000
vn 0.000000 -0.000000 1.000000
vn 0.000000 0.000000 1.000000
vn 0.000000 -0.000000 1.000000
vn 0.000000 0.000000 1.000000
vn 0.000000 -0.000000 1.000000
vn 0.000000 0.000000 1.000000
vn 0.000000 -0.000000 1.000000
vn 0.000000 0.000000 1.000000
vn 0.000000 0.000000 1.000000
vn 0.000000 -0.000000 1.000000
vn 0.000000 0.000000 1.000000
vn 0.000000 -0.000000 1.000000
vn 0.000000 0.000000 1.000000
vn 0.000000 0.000000 1.000000
vn 0.000000 -0.000000 1.000000
vn 0.000000 0.000000 1.000000
vn 0.000000 0.000000 1.000000
vn 0.000000 0.000000 1.000000
vn 0.000000 -0.000000 1.000000
vn 0.000000 0.000000 1.000000
vn 0.000000 0.000000 1.000000
vn 0.000000 -0.000000 1.000000
vn 0.000000 0.000000 1.000000
vn 0.000000 0.000000 1.000000
vn 0.000000 0.000000 1.000000
vn 0.000000 0.000000 1.000000
vn -0.000000 0.000000 1.000000
vn 0.000000 0.000000 1.000000
vn -1.000000 0.000000 0.000000
vn -1.000000 0.000000 0.000000
vn -1.000000 0.000000 0.000000
vn -1.000000 0.000000 0.000000
vn -1.000000 0.000000 0.000000
vn -1.000000 0.000000 0.000000
vn -1.000000 0.000000 0.000000
vn -1.000000 0.000000 0.000000
vn -1.000000 0.000000 0.000000
vn -1.000000 0.000000 0.000000
vn -1.000000 0.000000 0.000000
vn -1.000000 0.000000 0.000000
vn -1.000000 0.000000 0.000000
vn -1.000000 0.000000 0.000000
vn -1.000000 0.000000 0.000000
vn -1.000000 0.000000 0.000000
vn -1.000000 0.000000 0.000000
vn -1.000000 0.000000 0.000000
vn -1.000000 0.000000 0.000000
vn -1.000000 0.000000 0.000000
vn -1.000000 0.000000 0.000000
vn -1.000000 -0.000000 -0.000000
vn -1.000000 0.000000 0.000000
vn -1.000000 0.000000 0.000000
vn -1.000000 0.000000 0.000000
vn 0.064123 0.997942 0.000000
vn 0.064123 0.997942 0.000000
vn 0.038490 0.999259 0.000000
vn 0.038490 0.999259 0.000000
vn 0.012834 0.999918 0.000000
vn 0.012834 0.999918 0.000000
vn 0.000000 1.000000 0.000000
vn 0.000000 1.000000 0.000000
vn 0.000000 -1.000000 0.000000
vn 0.000000 -1.000000 0.000000
vn 0.000000 -1.000000 0.000000
vn -0.958726 -0.284333 0.000000
vn -0.958726 -0.284333 0.000000
vn -0.958726 -0.284333 -0.000000
vn -0.958726 -0.284333 0.000000
vn -0.958726 -0.284333 -0.000000
vn -0.958726 -0.284333 -0.000001
vn -0.958725 -0.284334 0.000001
vn -0.958726 -0.284333 0.000001
vn -0.958726 -0.284333 0.000001
vn -0.958726 -0.284333 0.000001
vn -0.958727 -0.284327 -0.000002
vn -0.958723 -0.284340 0.000002
vn -0.958726 -0.284331 0.000000
vn -0.958728 -0.284326 -0.000001
vn -0.958725 -0.284334 0.000000
vn -0.958723 -0.284342 0.000001
vn -0.958731 -0.284316 -0.000000
vn -0.958720 -0.284351 0.000000
vn -0.958749 -0.284256 -0.000000
vn -0.958726 -0.284333 0.000000
vn -0.958726 -0.284333 -0.000001
vn -0.958726 -0.284333 0.000000
vn -0.958726 -0.284333 -0.000000
vn -0.958726 -0.284333 0.000001
vn -0.958725 -0.284334 -0.000000
vn -0.958726 -0.284332 0.000000
vn -0.958725 -0.284334 -0.000000
vn -0.958726 -0.284331 0.000001
vn -0.958725 -0.284336 -0.000000
vn -0.958726 -0.284333 -0.000000
vn -0.958726 -0.284332 0.000000
vn -0.958726 -0.284331 0.000000
vn -0.958727 -0.284329 0.000000
vn -0.958725 -0.284334 0.000000
vn -0.958718 -0.284359 -0.000000
vn 0.952771 0.303610 0.006948
vn 0.939790 0.341751 0.001467
vn 0.903609 0.428356 -0.000961
vn 0.996788 0.079755 0.007249
vn 0.988546 0.150920 -0.000272
vn 0.966881 0.255227 0.000766
vn 0.999982 -0.002055 -0.005664
vn 0.988662 -0.150005 0.006740
vn 0.985309 -0.170755 0.002812
vn 0.954482 -0.298265 -0.001443
vn 0.928024 -0.372432 0.008176
vn 0.907228 -0.420639 0.000000
vn 0.864480 0.502667 -0.000138
vn 0.864050 0.503406 -0.000200
vn 0.895841 0.444376 0.000145
vn 0.827223 0.561874 0.000000
vn 0.827223 0.561874 0.000000
vn 0.828391 0.560150 0.000123
vn 0.786070 0.618138 -0.000751
vn 0.791487 0.611185 -0.000375
vn 0.801907 0.597449 -0.000055
vn 0.736472 0.676468 -0.000381
vn 0.731262 0.682096 -0.000961
vn 0.755035 0.655685 0.000105
vn 0.701729 0.712444 0.000194
vn 0.682550 0.730838 -0.000815
vn 0.670715 0.741715 0.000000
vn 0.775706 0.631095 -0.000136
vn 0.809144 0.587610 -0.000000
vn 0.000000 0.000000 1.000000
vn 0.000000 0.000000 1.000000
vn 0.000000 0.000000 1.000000
vn 0.000000 -0.000000 1.000000
vn -0.000000 0.000000 1.000000
vn -0.000000 0.000000 1.000000
vn 0.000000 -0.000000 1.000000
vn -0.000000 0.000000 1.000000
vn -0.000000 0.000000 1.000000
vn 0.000000 0.000000 1.000000
vn 0.000000 0.000000 1.000000
vn 0.000000 0.000000 1.000000
vn 0.000000 0.000000 1.000000
vn 0.000000 0.000000 1.000000
vn 0.000000 0.000000 1.000000
vn 0.000000 0.000000 1.000000
vn 0.000000 0.000000 1.000000
vn 0.000000 0.000000 1.000000
vn 0.000000 0.000000 1.000000
vn 0.000000 0.000000 1.000000
vn 0.000000 0.000000 1.000000
vn -0.000000 0.000000 1.000000
vn -0.000000 0.000000 1.000000
vn -0.000000 0.000000 1.000000
vn -0.000000 0.000000 1.000000
vn -0.000000 0.000000 1.000000
vn -0.000000 0.000000 1.000000
vn 0.000000 0.000000 1.000000
vn 0.000000 0.000000 1.000000
vn 0.000000 0.000000 1.000000
vn 0.000000 0.000000 1.000000
vn 0.000000 0.000000 1.000000
vn 0.000000 0.000000 1.000000
vn 0.000000 0.000000 1.000000
vn 0.000000 0.000000 1.000000
vn 0.000000 0.000000 1.000000
vn -0.000000 0.000000 1.000000
vn -0.000000 0.000000 1.000000
vn 0.000000 0.000000 1.000000
vn 0.000000 0.000000 1.000000
vn 0.000000 0.000000 1.000000
vn 0.000000 0.000000 1.000000
vn 0.000000 0.000000 1.000000
vn 0.000000 0.000000 1.000000
vn 0.000000 0.000000 1.000000
vn 0.000000 0.000000 1.000000
vn 0.000000 -0.000000 1.000000
vn 0.000000 0.000000 1.000000
vn 0.000000 0.000000 1.000000
vn 0.000000 0.000000 1.000000
vn 0.000000 0.000000 1.000000
vn 0.000000 0.000000 1.000000
vn 0.000000 0.000000 1.000000
vn 0.000000 0.000000 1.000000
vn 0.000000 0.000000 1.000000
vn 0.000000 0.000000 1.000000
vn 0.000000 0.000000 1.000000
vn 0.000000 0.000000 1.000000
vn 0.000000 0.000000 1.000000
vn 0.000000 0.000000 1.000000
vn 0.000000 0.000000 1.000000
vn 0.000000 0.000000 1.000000
vn 0.000000 0.000000 1.000000
vn 0.000000 0.000000 1.000000
vn -0.000000 0.000000 1.000000
vn 0.000000 0.000000 1.000000
vn 0.000000 0.000000 1.000000
vn 0.000000 0.000000 1.000000
vn -0.000000 0.000000 1.000000
vn 0.000000 0.000000 1.000000
vn 0.000000 0.000000 1.000000
vn 0.653998 0.756496 0.000000
vn 0.654041 0.756459 0.000000
vn 0.654220 0.756304 0.000002
vn 0.654079 0.756426 -0.000000
vn 0.654079 0.756426 0.000000
vn 0.654080 0.756426 0.000002
vn 0.654079 0.756426 -0.000001
vn 0.654079 0.756426 -0.000000
vn 0.654079 0.756426 -0.000000
vn 0.654080 0.756426 0.000000
vn 0.654078 0.756427 0.000003
vn 0.654079 0.756426 -0.000035
vn 0.000000 0.000000 -1.000000
vn -0.000000 0.000000 -1.000000
vn 0.000000 0.000000 -1.000000
vn 0.000000 0.000000 -1.000000
vn 0.000000 0.000000 -1.000000
vn 0.000000 -0.000000 -1.000000
vn 0.000000 -0.000000 -1.000000
vn -0.000000 -0.000000 -1.000000
vn 0.000000 0.000000 -1.000000
vn -0.000000 0.000000 -1.000000
vn -0.000000 0.000000 -1.000000
vn 0.000000 -0.000000 -1.000000
vn 0.000000 0.000000 -1.000000
vn 0.000000 0.000000 -1.000000
vn 0.000000 -0.000000 -1.000000
vn 0.000000 0.000000 -1.000000
vn 0.000000 0.000000 -1.000000
vn 0.000000 -0.000000 -1.000000
vn 0.000000 0.000000 -1.000000
vn 0.000000 0.000000 -1.000000
vn 0.000000 0.000000 -1.000000
vn 0.000000 -0.000000 -1.000000
vn 0.000000 0.000000 -1.000000
vn 0.000000 0.000000 -1.000000
vn 0.000000 0.000000 -1.000000
vn 0.000000 -0.000000 -1.000000
vn 0.000000 0.000000 -1.000000
vn 0.000000 0.000000 -1.000000
vn 0.000000 0.000000 -1.000000
vn 0.000000 -0.000000 -1.000000
vn 0.000000 -0.000000 -1.000000
vn 0.000000 -0.000000 -1.000000
vn 0.000000 -0.000000 -1.000000
vn 0.000000 -0.000000 -1.000000
vn 0.000000 -0.000000 -1.000000
vn 0.000000 -0.000000 -1.000000
vn 0.000000 -0.000000 -1.000000
vn 0.000000 -0.000000 -1.000000
vn 0.000000 -0.000000 -1.000000
vn 0.000000 -0.000000 -1.000000
vn 0.000000 -0.000000 -1.000000
vn 0.000000 -0.000000 -1.000000
vn 0.000000 -0.000000 -1.000000
vn 0.000000 -0.000000 -1.000000
vn 0.000000 -0.000000 -1.000000
vn 0.000000 -0.000000 -1.000000
vn 0.000000 -0.000000 -1.000000
vn 0.000000 0.000000 -1.000000
vn 0.000000 0.000000 -1.000000
vn 0.000000 0.000000 -1.000000
vn 0.000000 0.000000 -1.000000
vn 0.000000 0.000000 -1.000000
vn 0.000000 0.000000 -1.000000
vn 0.000000 0.000000 -1.000000
vn 0.000000 0.000000 -1.000000
vn 0.000000 0.000000 -1.000000
vn 0.000000 0.000000 -1.000000
vn 0.000000 0.000000 -1.000000
vn 0.000000 0.000000 -1.000000
vn 0.000000 0.000000 -1.000000
vn 0.000000 0.000000 -1.000000
vn 0.000000 0.000000 -1.000000
vn 0.000000 0.000000 -1.000000
vn 0.000000 0.000000 -1.000000
vn 0.000000 0.000000 -1.000000
vn 0.000000 0.000000 -1.000000
vn 0.000000 0.000000 -1.000000
vn 0.000000 0.000000 -1.000000
vn 0.000000 0.000000 -1.000000
vn 0.000000 0.000000 -1.000000
vn 0.000000 0.000000 -1.000000
vn 0.000000 0.000000 -1.000000
vn 0.000000 0.000000 -1.000000
vn 0.000000 0.000000 -1.000000
vn 0.000000 0.000000 -1.000000
vn 0.000000 0.000000 -1.000000
vn 0.000000 0.000000 -1.000000
vn 0.000000 0.000000 -1.000000
vn 0.000000 0.000000 -1.000000
vn 0.000000 0.000000 -1.000000
vn 0.000000 0.000000 -1.000000
vn 0.000000 0.000000 -1.000000
vn 0.000000 0.000000 -1.000000
vn 0.000000 0.000000 -1.000000
vn 0.000000 0.000000 -1.000000
vn 0.000000 0.000000 -1.000000
vn 0.000000 0.000000 -1.000000
vn 0.000000 0.000000 -1.000000
vn 0.000000 0.000000 -1.000000
vn 0.000000 0.000000 -1.000000
vn 0.000000 0.000000 -1.000000
vn 0.000000 0.000000 -1.000000
vn 0.000000 0.000000 -1.000000
vn -0.000000 0.000000 -1.000000
vn 0.000000 0.000000 -1.000000
vn 0.000000 0.000000 -1.000000
vn -0.000000 0.000000 -1.000000
vn -0.000000 0.000000 -1.000000
vn 0.000000 0.000000 -1.000000
vn -0.000000 0.000000 -1.000000
vn 0.000000 0.000000 -1.000000
vn 0.000000 0.000000 -1.000000
vn 0.000000 0.000000 -1.000000
vn 0.000000 0.000000 -1.000000
vn 0.000000 0.000000 -1.000000
vn 0.000000 0.000000 -1.000000
vn 0.000000 0.000000 -1.000000
vn 0.000000 0.000000 -1.000000
vn 0.000000 0.000000 -1.000000
vn 0.000000 0.000000 -1.000000
vn 0.000000 0.000000 -1.000000
vn 0.000000 0.000000 -1.000000
vn 0.000000 0.000000 -1.000000
vn 0.000000 0.000000 -1.000000
vn 0.000000 -0.000000 -1.000000
vn 0.000000 0.000000 -1.000000
vn -0.000000 0.000000 -1.000000
vn -0.000000 0.000000 -1.000000
vn 0.000000 0.000000 -1.000000
vn 0.000000 0.000000 -1.000000
vn 0.000000 0.000000 -1.000000
vn 0.676352 -0.736570 0.003626
vn 0.668821 -0.743402 0.005619
vn 0.542484 -0.840051 -0.005016
vn 0.485601 -0.874157 0.006472
vn 0.407300 -0.913293 -0.001153
vn 0.307792 -0.951452 0.001752
vn 0.277772 -0.960627 0.006132
vn 0.221255 -0.975216 -0.000237
vn 0.127741 -0.991808 -0.000237
vn 0.055880 -0.998419 0.006013
vn 0.040980 -0.999152 0.003931
vn -0.025419 -0.999677 0.000000
vn -0.025419 -0.999677 0.000000
vn 0.766954 -0.641699 -0.002033
vn 0.818144 -0.574969 0.007214
vn 0.844357 -0.535781 0.000000
vn 0.083716 -0.047672 -0.995349
vn 0.114559 -0.062553 -0.991445
vn 0.114563 -0.062555 -0.991445
vn 0.335874 -0.183399 -0.923880
vn 0.335874 -0.183399 -0.923880
vn 0.534294 -0.291744 -0.793357
vn 0.535027 -0.290399 -0.793356
vn 0.572651 -0.313046 -0.757676
vn 0.687305 -0.374848 -0.622174
vn 0.696824 -0.379273 -0.608760
vn 0.776354 -0.424806 -0.465634
vn 0.811660 -0.441321 -0.382680
vn 0.841283 -0.460371 -0.283376
vn 0.874379 -0.475505 -0.096732
vn 0.870171 -0.475145 -0.130534
vn 0.870176 -0.475146 -0.130498
vn 0.810873 -0.442765 -0.382680
vn 0.810873 -0.442765 -0.382680
vn 0.696309 -0.380209 -0.608765
vn 0.695609 -0.381490 -0.608765
vn 0.678457 -0.370462 -0.634393
vn 0.556798 -0.304031 -0.773008
vn 0.533642 -0.292953 -0.793350
vn 0.414780 -0.225453 -0.881549
vn 0.335026 -0.184949 -0.923878
vn 0.255879 -0.138737 -0.956702
vn 0.774704 -0.421899 -0.470994
vn 0.809918 -0.444509 -0.382679
vn 0.810873 -0.442765 -0.382680
vn 0.863504 -0.471504 -0.179011
vn 0.866838 -0.473799 -0.155262
vn 0.876623 -0.478668 -0.049081
vn 0.840444 -0.457769 -0.290001
vn 0.867556 -0.475148 -0.146905
vn 0.440410 -0.241530 -0.864698
vn 0.336624 -0.182024 -0.923879
vn 0.335874 -0.183399 -0.923880
vn 0.121897 -0.066560 -0.990308
vn 0.118942 -0.064852 -0.990781
vn 0.007396 -0.004039 -0.999964
vn 0.287547 -0.157480 -0.944731
vn 0.127681 -0.069206 -0.989398
vn 0.040242 -0.016446 -0.999055
vn 0.025971 -0.007776 -0.999632
vn 0.335874 -0.183399 -0.923880
vn 0.335874 -0.183399 -0.923880
vn 0.534294 -0.291744 -0.793357
vn 0.534301 -0.291747 -0.793351
vn 0.696312 -0.380211 -0.608760
vn 0.335874 -0.183399 -0.923880
vn 0.534302 -0.291747 -0.793351
vn 0.534302 -0.291747 -0.793351
vn 0.696312 -0.380211 -0.608760
vn 0.534294 -0.291744 -0.793357
vn 0.696312 -0.380211 -0.608760
vn 0.696312 -0.380211 -0.608760
vn 0.810867 -0.442763 -0.382695
vn 0.810873 -0.442765 -0.382680
vn 0.696312 -0.380211 -0.608760
vn 0.810867 -0.442763 -0.382695
vn -0.000000 0.000000 -1.000000
vn 0.000000 -0.000000 -1.000000
vn 0.000000 -0.000000 -1.000000
vn 0.000000 0.000000 -1.000000
vn -0.000000 -0.000000 -1.000000
vn -0.000000 -0.000000 -1.000000
vn 0.000000 0.000000 -1.000000
vn 0.000000 -0.000000 -1.000000
vn 0.000000 -0.000000 -1.000000
vn 0.000000 0.000000 -1.000000
vn 0.000000 0.000000 -1.000000
vn 0.000000 -0.000000 -1.000000
vn 0.000000 -0.000000 -1.000000
vn 0.000000 0.000000 -1.000000
vn 0.000000 0.000000 -1.000000
vn -0.076372 0.041702 0.996207
vn -0.145761 0.080967 0.986001
vn -0.200208 0.108980 0.973674
vn -0.304732 0.166887 0.937703
vn -0.334850 0.185278 0.923876
vn -0.407955 0.221857 0.885637
vn -0.519381 0.284660 0.805737
vn -0.533259 0.293639 0.793354
vn -0.626797 0.341054 0.700577
vn -0.717344 0.395994 0.573241
vn -0.696314 0.380213 0.608757
vn -0.676406 0.367745 0.638153
vn -0.625782 0.342898 0.700584
vn -0.535332 0.289849 0.793352
vn -0.520274 0.283028 0.805735
vn -0.407197 0.223246 0.885636
vn -0.336899 0.181521 0.923877
vn -0.305144 0.166127 0.937704
vn -0.199891 0.109489 0.973682
vn -0.072657 0.035928 0.996710
vn -0.114561 0.062554 0.991445
vn -0.719719 0.392992 0.572330
vn -0.335876 0.183400 0.923878
vn -0.534295 0.291744 0.793356
vn -0.335874 0.183399 0.923879
vn -0.534298 0.291746 0.793354
vn 0.877681 -0.479245 0.000000
vn 0.877681 -0.479245 0.000001
vn 0.877681 -0.479245 0.000000
vn 0.877679 -0.479248 0.000071
vn 0.877682 -0.479244 -0.000021
vn 0.877681 -0.479245 0.000004
vn 0.877681 -0.479245 0.000000
vn 0.877681 -0.479245 0.000000
vn 0.877681 -0.479245 0.000000
vn 0.877681 -0.479245 0.000000
vn 0.877679 -0.479248 0.000054
vn 0.877681 -0.479245 -0.000005
vn 0.877681 -0.479245 -0.000006
vn 0.877681 -0.479245 0.000004
vn 0.877681 -0.479245 0.000001
vn 0.877681 -0.479245 -0.000009
vn 0.877681 -0.479245 -0.000014
vn 0.877682 -0.479243 0.000016
vn 0.877681 -0.479245 0.000000
vn 0.000000 0.000000 1.000000
vn 0.000000 0.000000 1.000000
vn 0.000000 0.000000 1.000000
vn 0.000000 0.000000 1.000000
vn 0.000000 0.000000 1.000000
vn 0.000000 0.000000 1.000000
vn 0.877681 -0.479245 0.000000
vn 0.877681 -0.479245 0.000000
vn 0.433904 -0.900959 0.000000
vn 0.433904 -0.900959 0.000000
vn -0.438673 0.898647 0.000000
vn -0.438673 0.898647 0.000000
vn 0.000000 0.000000 1.000000
vn 0.000000 -0.000000 1.000000
vn -0.977686 -0.000893 -0.210070
vn -0.975804 -0.000626 -0.218648
vn -0.963761 0.000061 -0.266766
vn -0.997586 -0.000773 -0.069435
vn -0.992478 0.000036 -0.122424
vn -0.985286 -0.000081 -0.170915
vn -0.999699 0.000000 -0.024543
vn -0.997307 -0.000922 -0.073336
vn -0.951496 -0.000069 -0.307661
vn -0.949517 0.000030 -0.313715
vn -0.933009 -0.000034 -0.359853
vn -0.903809 0.000292 -0.427936
vn -0.906739 0.000111 -0.421692
vn -0.932032 -0.000085 -0.362375
vn -0.874576 -0.000203 -0.484888
vn -0.857340 0.000437 -0.514751
vn -0.832994 -0.000342 -0.553282
vn -0.802694 0.000428 -0.596390
vn -0.785012 -0.000249 -0.619481
vn -0.740466 0.000319 -0.672094
vn -0.734816 0.000045 -0.678267
vn -0.683927 -0.000048 -0.729550
vn -0.670733 0.000446 -0.741699
vn -0.651336 0.000096 -0.758789
vn -0.638574 -0.000011 -0.769561
vn -0.624335 0.000017 -0.781157
vn -0.608782 0.000214 -0.793337
vn -0.594499 0.000552 -0.804096
vn -0.583057 0.000158 -0.812431
vn -0.545434 -0.000102 -0.838154
vn -0.512637 0.000590 -0.858605
vn -0.464850 -0.001414 -0.885388
vn -0.426000 0.000564 -0.904723
vn -0.339503 -0.000875 -0.940605
vn -0.336752 -0.001199 -0.941593
vn -0.240355 0.000827 -0.970685
vn -0.201876 -0.003261 -0.979406
vn -0.139600 0.002160 -0.990206
vn -0.067241 -0.004374 -0.997727
vn -0.042330 0.002003 -0.999102
vn -0.001092 0.000000 -0.999999
vn 0.956267 0.292488 -0.002249
vn 0.956268 0.292488 -0.001558
vn 0.956271 0.292478 0.001271
vn 0.956268 0.292492 -0.000193
vn 0.956269 0.292488 -0.000051
vn 0.956271 0.292483 0.000056
vn 0.956267 0.292495 -0.000049
vn 0.953421 0.299858 -0.032779
vn 0.955869 0.292367 -0.028906
vn 0.955871 0.292362 -0.028901
vn 0.951611 0.303002 -0.051250
vn 0.955241 0.292171 -0.046383
vn 0.950743 0.302594 -0.067263
vn 0.954493 0.291942 -0.060939
vn 0.949110 0.301421 -0.091304
vn 0.947945 0.304509 -0.093136
vn 0.948960 0.308091 -0.067483
vn 0.945390 0.312802 -0.091616
vn 0.945038 0.322801 -0.051985
vn 0.943813 0.323397 -0.068060
vn 0.941988 0.333558 -0.037396
vn 0.941598 0.333246 -0.048372
vn 0.938757 0.343844 -0.022534
vn 0.938799 0.343256 -0.028851
vn 0.935548 0.353092 -0.008706
vn 0.935212 0.353947 -0.009959
vn 0.950973 0.308505 -0.021783
vn 0.950940 0.307391 -0.034984
vn 0.947484 0.318858 -0.024565
vn 0.946266 0.322445 -0.024681
vn 0.950961 0.307194 -0.036133
vn 0.950359 0.308812 -0.038129
vn 0.946517 0.322046 -0.019822
vn 0.946479 0.322140 -0.020064
vn 0.945935 0.323575 -0.022496
vn 0.945701 0.323536 -0.031212
vn 0.945905 0.323002 -0.030551
vn 0.945220 0.324037 -0.039484
vn 0.945531 0.323226 -0.038676
vn 0.944814 0.323386 -0.052420
vn 0.940977 0.337784 -0.021560
vn 0.942895 0.332581 -0.018436
vn 0.939790 0.341402 -0.015463
vn 0.939250 0.342923 -0.014585
vn 0.943031 0.331697 -0.025856
vn 0.942220 0.333826 -0.027975
vn 0.935095 0.354326 -0.007105
vn 0.939537 0.342118 -0.015050
vn 0.939742 0.341477 -0.016691
vn 0.935230 0.353988 -0.006196
vn 0.935611 0.352966 -0.006817
vn 0.938999 0.343212 -0.022064
vn 0.935135 0.354205 -0.007843
vn 0.935484 0.353215 -0.010431
vn 0.935228 0.353851 -0.011757
vn 0.935428 0.353313 -0.011991
vn 0.935212 0.353819 -0.013810
vn 0.935497 0.353035 -0.014581
vn 0.935076 0.354119 -0.015247
vn 0.935465 0.353024 -0.016735
vn 0.935078 0.354000 -0.017693
vn 0.935393 0.353111 -0.018760
vn 0.935056 0.353944 -0.019851
vn 0.935293 0.353279 -0.020518
vn 0.935038 0.353800 -0.023031
vn 0.937228 0.347300 -0.031422
vn 0.934517 0.344787 -0.088319
vn 0.942109 0.322710 -0.091041
vn 0.934339 0.333368 -0.126003
vn 0.932295 0.325637 -0.157438
vn 0.929411 0.323862 -0.176940
vn 0.929520 0.323841 -0.176408
vn 0.928603 0.317158 -0.192630
vn 0.925899 0.312437 -0.212356
vn 0.920995 0.310313 -0.235531
vn 0.921324 0.310256 -0.234316
vn 0.922348 0.307625 -0.233753
vn 0.930403 0.301501 -0.208442
vn 0.927562 0.308918 -0.210232
vn 0.935458 0.303206 -0.181616
vn 0.932627 0.310594 -0.183679
vn 0.938859 0.304122 -0.161407
vn 0.936131 0.311249 -0.163655
vn 0.942114 0.305275 -0.138668
vn 0.939346 0.312500 -0.141329
vn 0.944115 0.305720 -0.123215
vn 0.941403 0.312803 -0.126150
vn 0.945955 0.306486 -0.105993
vn 0.943454 0.313024 -0.109137
vn 0.947552 0.307142 -0.088365
vn 0.918990 0.301399 -0.254195
vn 0.914389 0.294647 -0.277626
vn 0.906883 0.291160 -0.304611
vn 0.896501 0.297887 -0.327948
vn 0.910828 0.292178 -0.291589
vn 0.910687 0.302859 -0.280937
vn 0.755545 0.348612 -0.554636
vn 0.898808 0.274911 -0.341421
vn 0.919762 0.292220 -0.262002
vn 0.921870 0.296970 -0.248925
vn 0.868695 0.293021 -0.399384
vn 0.882732 0.282149 -0.375733
vn 0.874473 0.290893 -0.388173
vn 0.887284 0.281489 -0.365365
vn 0.883554 0.285005 -0.371624
vn 0.879209 0.289839 -0.378133
vn 0.874925 0.290136 -0.387721
vn 0.882608 0.274244 -0.381830
vn 0.921874 0.295352 -0.250829
vn 0.930093 0.284480 -0.232374
vn 0.936840 0.302677 -0.175264
vn 0.936765 0.300903 -0.178685
vn 0.937303 0.299306 -0.178546
vn 0.944286 0.288820 -0.157821
vn 0.944127 0.304060 -0.127166
vn 0.944601 0.302089 -0.128337
vn 0.950164 0.290619 -0.112821
vn 0.942971 0.331925 -0.025111
vn 0.948052 0.313519 -0.053889
vn 0.942128 0.333191 -0.037124
vn 0.938824 0.343983 -0.016907
vn 0.949880 0.308732 -0.049119
vn 0.947133 0.312878 -0.071041
vn 0.938728 0.343440 -0.028957
vn 0.938482 0.343584 -0.034674
vn 0.938598 0.343281 -0.034529
vn 0.938208 0.343722 -0.040271
vn 0.938462 0.343060 -0.039997
vn 0.937940 0.343833 -0.045254
vn 0.938191 0.343178 -0.045013
vn 0.937658 0.343567 -0.052518
vn 0.937896 0.342948 -0.052323
vn 0.937215 0.343706 -0.059108
vn 0.937493 0.342982 -0.058905
vn 0.936708 0.343481 -0.067812
vn 0.937012 0.342688 -0.067621
vn 0.944358 0.321972 -0.067242
vn 0.941723 0.332921 -0.048185
vn 0.940905 0.333668 -0.057996
vn 0.941305 0.332625 -0.057495
vn 0.940244 0.333791 -0.067268
vn 0.940840 0.332238 -0.066625
vn 0.939589 0.333867 -0.075530
vn 0.940190 0.332303 -0.074954
vn 0.938723 0.333354 -0.087608
vn 0.939303 0.331840 -0.087131
vn 0.937624 0.333399 -0.098525
vn 0.938266 0.331726 -0.098058
vn 0.936185 0.332856 -0.112976
vn 0.936861 0.331094 -0.112551
vn 0.934608 0.332668 -0.125853
vn 0.943491 0.321518 -0.080312
vn 0.942623 0.323783 -0.081401
vn 0.941417 0.323793 -0.094297
vn 0.942506 0.320954 -0.093121
vn 0.940213 0.323739 -0.105793
vn 0.941319 0.320858 -0.104732
vn 0.938445 0.322921 -0.122651
vn 0.939525 0.320103 -0.121763
vn 0.936405 0.322719 -0.137833
vn 0.937562 0.319704 -0.136991
vn 0.933565 0.321727 -0.157948
vn 0.934754 0.318627 -0.157200
vn 0.930570 0.321129 -0.175827
vn 0.933430 0.358759 -0.000001
vn 0.933430 0.358760 0.000000
vn 0.933430 0.358759 -0.000000
vn 0.933430 0.358759 -0.000000
vn 0.933430 0.358760 -0.000000
vn 0.933430 0.358759 -0.000000
vn 0.933430 0.358760 0.000000
vn 0.933430 0.358759 -0.000000
vn 0.933430 0.358759 -0.000000
vn 0.933430 0.358759 0.000000
vn 0.933430 0.358759 -0.000000
vn 0.933430 0.358759 -0.000000
vn 0.933430 0.358759 -0.000000
vn 0.933430 0.358760 -0.000000
vn 0.933430 0.358759 0.000000
vn 0.933430 0.358759 0.000000
vn 0.933430 0.358760 -0.000000
vn 0.933430 0.358759 -0.000000
vn -0.006764 0.069544 -0.997556
vn -0.012244 0.104357 -0.994465
vn -0.017989 0.190390 -0.981544
vn -0.029506 0.292471 -0.955819
vn -0.044683 0.290550 -0.955816
vn -0.045447 0.297608 -0.953606
vn -0.059311 0.295134 -0.953613
vn -0.062288 0.314018 -0.947372
vn -0.075004 0.311222 -0.947373
vn -0.086343 0.372959 -0.923822
vn -0.099563 0.415432 -0.904159
vn -0.124459 0.513551 -0.848985
vn -0.103010 0.518275 -0.848988
vn -0.113059 0.563800 -0.818137
vn -0.086969 0.568442 -0.818114
vn -0.096244 0.625711 -0.774095
vn -0.065895 0.629585 -0.774132
vn -0.068823 0.707821 -0.703031
vn -0.032124 0.308727 -0.950608
vn -0.044491 0.499911 -0.864933
vn -0.048387 0.390139 -0.919484
vn -0.049786 0.485390 -0.872879
vn -0.074181 0.482294 -0.872863
vn -0.075347 0.493266 -0.866609
vn -0.098339 0.489170 -0.866627
vn -0.054487 0.560218 -0.826551
vn -0.065103 0.668291 -0.741045
vn -0.108111 0.702870 -0.703055
vn -0.109455 0.716502 -0.688944
vn -0.142861 0.710568 -0.688973
vn -0.148593 0.745891 -0.649282
vn -0.172026 0.740787 -0.649339
vn -0.184959 0.771562 -0.608673
vn -0.160082 0.661681 -0.732497
vn -0.132900 0.667673 -0.732496
vn -0.127364 0.633473 -0.763210
vn -0.097581 0.638770 -0.763185
vn -0.139561 0.592677 -0.793257
vn -0.139358 0.591306 -0.794315
vn -0.118884 0.595795 -0.794289
vn -0.049114 0.202680 -0.978013
vn -0.027260 0.127791 -0.991426
vn -0.017928 0.074177 -0.997084
vn -0.014664 0.074895 -0.997084
vn -0.014021 0.070215 -0.997433
vn -0.010752 0.070799 -0.997433
vn -0.010590 0.069060 -0.997556
vn -0.085467 0.556309 -0.826569
vn -0.059779 0.388676 -0.919433
vn -0.060766 0.397851 -0.915436
vn -0.029055 0.188991 -0.981549
vn -0.029561 0.193655 -0.980624
vn -0.079309 0.394545 -0.915447
vn -0.083208 0.419027 -0.904153
vn -0.038567 0.192047 -0.980628
vn -0.040516 0.204570 -0.978013
vn 0.004637 0.104863 -0.994476
vn 0.003208 0.096764 -0.995302
vn 0.000000 0.109563 -0.993980
vn -0.003208 0.096764 -0.995302
vn -0.004637 0.104863 -0.994476
vn 0.010284 0.310181 -0.950622
vn 0.010284 0.310179 -0.950623
vn -0.010284 0.310179 -0.950623
vn -0.010284 0.310181 -0.950622
vn -0.016634 0.501721 -0.864869
vn -0.016634 0.501722 -0.864869
vn -0.023670 0.713924 -0.699823
vn -0.029658 0.670714 -0.741123
vn 0.016634 0.501722 -0.864869
vn 0.016634 0.501721 -0.864869
vn 0.029658 0.670714 -0.741123
vn 0.023670 0.713924 -0.699823
vn 0.000000 0.650976 -0.759098
vn 0.055836 0.669007 -0.741156
vn 0.043746 0.629493 -0.775774
vn 0.059510 0.671454 -0.738653
vn 0.049408 0.558308 -0.828161
vn 0.049493 0.558825 -0.827807
vn 0.038687 0.437595 -0.898340
vn 0.038811 0.437999 -0.898137
vn 0.021185 0.239680 -0.970621
vn 0.021254 0.239918 -0.970560
vn 0.007125 0.080559 -0.996724
vn 0.005905 0.104803 -0.994475
vn 0.039417 0.559063 -0.828187
vn 0.052807 0.499294 -0.864822
vn 0.012667 0.439440 -0.898183
vn 0.039476 0.308204 -0.950501
vn -0.001344 0.241301 -0.970449
vn 0.025178 0.103482 -0.994313
vn 0.006880 0.072028 -0.997379
vn -0.013308 0.278432 -0.960364
vn 0.033498 0.284320 -0.958144
vn 0.032843 0.238718 -0.970533
vn 0.077429 0.434881 -0.897153
vn 0.058584 0.529616 -0.846212
vn 0.072688 0.558299 -0.826449
vn 0.083676 0.605231 -0.791640
vn 0.078466 0.662683 -0.744778
vn 0.081776 0.678337 -0.730186
vn 0.065710 0.557154 -0.827805
vn 0.051886 0.438347 -0.897307
vn 0.051355 0.436707 -0.898137
vn 0.066092 0.559157 -0.826423
vn -0.001691 0.002456 -0.999996
vn -0.061892 0.088848 -0.994120
vn -0.145906 0.482752 -0.863517
vn -0.136429 0.236561 -0.961991
vn -0.129921 0.228420 -0.964855
vn -0.104604 0.240881 -0.964901
vn -0.157915 0.349361 -0.923585
vn -0.126456 0.361680 -0.923686
vn -0.150768 0.421004 -0.894441
vn -0.126452 0.428789 -0.894511
vn -0.145231 0.482833 -0.863586
vn -0.131750 0.486625 -0.863619
vn -0.165102 0.586271 -0.793112
vn -0.169308 0.585105 -0.793087
vn -0.178252 0.670881 -0.719823
vn -0.203230 0.742953 -0.637745
vn -0.209049 0.741350 -0.637729
vn -0.204081 0.753728 -0.624696
vn -0.224296 0.748004 -0.624645
vn -0.239741 0.810369 -0.534628
vn -0.284556 0.795670 -0.534731
vn -0.305035 0.860923 -0.407143
vn -0.340284 0.847421 -0.407534
vn 0.208628 0.732147 0.648410
vn -0.340101 0.904853 -0.256072
vn -0.278341 0.866023 -0.415369
vn -0.272485 0.874641 -0.400942
vn -0.227699 0.824596 -0.517875
vn -0.230868 0.818271 -0.526435
vn -0.216529 0.822178 -0.526440
vn -0.220597 0.762162 -0.608643
vn -0.043363 0.080551 -0.995807
vn -0.042987 0.079171 -0.995934
vn -0.035077 0.082174 -0.996001
vn -0.035311 0.083030 -0.995921
vn -0.022707 0.067219 -0.997480
vn -0.023616 0.072333 -0.997101
vn -0.017335 0.061168 -0.997977
vn -0.017550 0.062923 -0.997864
vn -0.015664 0.058740 -0.998150
vn -0.049675 0.121887 -0.991300
vn -0.049364 0.173900 -0.983525
vn -0.074960 0.287351 -0.954888
vn -0.080197 0.285924 -0.954890
vn -0.079169 0.291910 -0.953164
vn -0.086923 0.289736 -0.953151
vn -0.094457 0.323483 -0.941508
vn -0.114280 0.317171 -0.941458
vn -0.114271 0.365588 -0.923736
vn -0.113408 0.378541 -0.918611
vn -0.106447 0.380457 -0.918652
vn -0.105972 0.388002 -0.915546
vn -0.115200 0.385411 -0.915526
vn -0.123866 0.479845 -0.868566
vn -0.169357 0.584855 -0.793261
vn -0.332116 0.775445 -0.537014
vn -0.296485 0.725476 -0.621113
vn -0.287958 0.574202 -0.766402
vn -0.258242 0.496401 -0.828792
vn -0.225657 0.512306 -0.828626
vn -0.207308 0.461811 -0.862412
vn -0.168600 0.477053 -0.862551
vn -0.225896 0.489641 -0.842154
vn -0.201487 0.375385 -0.904704
vn -0.170321 0.390674 -0.904635
vn -0.292172 0.696203 -0.655695
vn -0.258092 0.571403 -0.779030
vn -0.207403 0.591486 -0.779185
vn -0.189192 0.525088 -0.829752
vn -0.156963 0.535476 -0.829836
vn -0.077142 0.221863 -0.972022
vn -0.096842 0.214185 -0.971981
vn -0.283885 0.794504 -0.536817
vn -0.250721 0.712390 -0.655469
vn -0.230101 0.640409 -0.732755
vn -0.192045 0.652771 -0.732809
vn -0.178159 0.592809 -0.785389
vn -0.161791 0.597426 -0.785434
vn -0.057350 0.197538 -0.978616
vn -0.069737 0.193613 -0.978596
vn -0.219690 0.737258 -0.638895
vn -0.257216 0.725006 -0.638910
vn -0.201068 0.675393 -0.709519
vn -0.048099 0.177798 -0.982891
vn -0.052837 0.176471 -0.982887
vn -0.048719 0.174076 -0.983526
vn -0.134257 0.477020 -0.868578
vn -0.185828 0.679700 -0.709560
vn -0.187089 0.668472 -0.719821
vn -0.029658 0.670714 -0.741123
vn -0.020930 0.631287 -0.775267
vn -0.016635 0.501721 -0.864869
vn 0.016634 0.501721 -0.864870
vn 0.010284 0.310181 -0.950622
vn 0.000000 0.692337 -0.721574
vn 0.020930 0.631287 -0.775267
vn 0.016635 0.501722 -0.864869
vn 0.029658 0.670714 -0.741123
vn 0.004637 0.104863 -0.994476
vn 0.003786 0.114183 -0.993453
vn 0.010284 0.310182 -0.950621
vn -0.010284 0.310182 -0.950622
vn -0.016635 0.501722 -0.864869
vn 0.000000 0.100856 -0.994901
vn -0.003786 0.114183 -0.993453
vn -0.010284 0.310181 -0.950622
vn -0.004637 0.104863 -0.994476
vn 0.043398 0.669876 -0.741204
vn 0.059500 0.712430 -0.699216
vn 0.073553 0.647877 -0.758186
vn 0.081195 0.673719 -0.734514
vn 0.063907 0.584315 -0.809006
vn 0.058985 0.514721 -0.855326
vn 0.049409 0.460003 -0.886542
vn 0.036006 0.327041 -0.944324
vn 0.023245 0.328139 -0.944344
vn 0.017098 0.309743 -0.950666
vn 0.018091 0.161427 -0.986719
vn 0.006480 0.104741 -0.994478
vn 0.036430 0.339937 -0.939742
vn 0.012313 0.145064 -0.989346
vn 0.011869 0.158241 -0.987329
vn 0.035965 0.461174 -0.886581
vn 0.029923 0.500907 -0.864984
vn 0.048226 0.585715 -0.809081
vn -0.222433 0.835883 -0.501820
vn -0.227971 0.841871 -0.489166
vn -0.251493 0.870405 -0.423256
vn -0.273920 0.868171 -0.413820
vn 0.117772 0.230968 -0.965807
vn -0.261339 0.873395 -0.410953
vn -0.263532 0.881539 -0.391714
vn -0.211802 0.822518 -0.527830
vn -0.215111 0.835783 -0.505167
vn -0.158263 0.755967 -0.635191
vn -0.162711 0.775400 -0.610147
vn -0.101724 0.674869 -0.730892
vn -0.107210 0.701369 -0.704690
vn -0.063888 0.621261 -0.780995
vn -0.047835 0.614637 -0.787358
vn 0.147170 0.686140 -0.712427
vn -0.115257 0.644568 -0.755809
vn -0.201366 0.802419 -0.561761
vn -0.182538 0.782622 -0.595132
vn -0.158019 0.720988 -0.674690
vn -0.107502 0.639681 -0.761086
vn -0.104328 0.626478 -0.772426
vn -0.043146 0.483569 -0.874242
vn -0.028755 0.519143 -0.854204
vn -0.026494 0.462528 -0.886209
vn -0.044952 0.539890 -0.840535
vn -0.028083 0.580279 -0.813934
vn -0.136572 0.727848 -0.672001
vn -0.124566 0.728809 -0.673291
vn -0.095491 0.706284 -0.701458
vn -0.171407 0.791249 -0.586980
vn -0.176225 0.791197 -0.585621
vn -0.154563 0.778818 -0.607909
vn -0.216224 0.841592 -0.494945
vn -0.250580 0.841066 -0.479394
vn -0.262366 0.885972 -0.382385
vn -0.320349 0.901786 -0.290102
vn -0.320332 0.901629 -0.290607
vn -0.217137 0.251501 0.943185
vn -0.305478 0.908178 -0.286174
vn 0.290528 -0.897209 0.332581
vn -0.271350 0.882089 -0.385083
vn -0.264112 0.881295 -0.391872
vn -0.222132 0.839010 -0.496708
vn -0.212785 0.836762 -0.504532
vn -0.089904 0.688688 -0.719462
vn -0.106086 0.673102 -0.731901
vn -0.094387 0.630184 -0.770687
vn -0.201363 0.802420 -0.561761
vn -0.158983 0.755675 -0.635357
vn -0.149458 0.724195 -0.673204
vn -0.208576 0.823821 -0.527081
vn -0.140785 0.753279 -0.642457
vn -0.190127 0.780048 -0.596135
vn -0.199312 0.821589 -0.534103
vn -0.160626 0.737045 -0.656478
vn -0.147263 0.740358 -0.655884
vn -0.138127 0.708568 -0.691991
vn -0.107713 0.706044 -0.699928
vn -0.109283 0.713543 -0.692036
vn -0.069273 0.712367 -0.698380
vn -0.062605 0.668490 -0.741082
vn -0.061352 0.626473 -0.777025
vn -0.046629 0.499756 -0.864910
vn -0.046614 0.498306 -0.865747
vn -0.034309 0.358399 -0.932938
vn -0.046023 0.356851 -0.933027
vn -0.028611 0.233595 -0.971913
vn -0.012522 0.236803 -0.971477
vn -0.026404 0.309122 -0.950656
vn -0.017371 0.167265 -0.985759
vn -0.012306 0.167936 -0.985721
vn -0.006535 0.104737 -0.994478
vn -0.032017 0.414585 -0.909447
vn -0.027029 0.327822 -0.944353
vn -0.039833 0.324681 -0.944984
vn -0.057683 0.410434 -0.910064
vn -0.057653 0.410440 -0.910063
vn -0.069999 0.495230 -0.865937
vn -0.052973 0.453501 -0.889680
vn -0.073849 0.527068 -0.846608
vn -0.080211 0.525148 -0.847222
vn -0.074214 0.481965 -0.873042
vn -0.077992 0.481036 -0.873225
vn -0.090084 0.536349 -0.839175
vn -0.079798 0.538395 -0.838906
vn -0.092382 0.622381 -0.777244
vn -0.122834 0.634476 -0.763120
vn -0.121043 0.624680 -0.771442
vn -0.115789 0.626277 -0.770954
vn -0.110819 0.591741 -0.798475
vn -0.107232 0.592627 -0.798308
vn -0.120650 0.651115 -0.749328
vn -0.100270 0.655167 -0.748801
vn -0.152871 0.715938 -0.681222
vn -0.149376 0.716991 -0.680889
vn -0.145549 0.690773 -0.708271
vn -0.134505 0.693513 -0.707777
vn -1.000000 0.000000 0.000000
vn -1.000000 0.000000 -0.000000
vn -1.000000 0.000000 -0.000000
vn -1.000000 0.000000 0.000000
vn -1.000000 0.000000 -0.000000
vn -1.000000 0.000000 -0.000000
vn -1.000000 0.000000 0.000000
vn -1.000000 0.000000 -0.000000
vn -1.000000 0.000000 -0.000000
vn -1.000000 0.000000 0.000000
vn -1.000000 0.000000 0.000000
vn -1.000000 0.000000 0.000000
vn 0.000000 0.022709 -0.999742
vn 0.000159 0.016650 -0.999861
vn -0.000078 0.047126 -0.998889
vn 0.000163 0.075153 -0.997172
vn -0.000742 0.125859 -0.992048
vn 0.000223 0.171298 -0.985219
vn -0.000620 0.243333 -0.969943
vn 0.000534 0.295327 -0.955396
vn -0.000434 0.358391 -0.933572
vn -0.000040 0.384227 -0.923238
vn 0.000050 0.445253 -0.895405
vn -0.000377 0.468883 -0.883260
vn 0.000211 0.519653 -0.854377
vn -0.000348 0.572954 -0.819587
vn 0.000254 0.603088 -0.797675
vn -0.000291 0.668826 -0.743419
vn 0.000161 0.686393 -0.727230
vn -0.000181 0.754718 -0.656049
vn 0.000078 0.762324 -0.647196
vn -0.000065 0.829355 -0.558722
vn 0.000000 0.830820 -0.556541
vn 0.000000 0.000000 -1.000000
vn 0.000000 0.000000 -1.000000
vn 0.000000 0.000000 -1.000000
vn 0.000000 0.000000 -1.000000
vn 0.000000 0.000000 -1.000000
vn 0.000000 0.000000 -1.000000
vn 0.000000 0.000000 -1.000000
vn 0.000000 0.000000 -1.000000
vn 0.000000 0.000000 -1.000000
vn 0.000000 0.000000 -1.000000
vn 0.000000 0.000000 -1.000000
vn 0.000000 0.000000 -1.000000
vn 0.000000 -0.000000 -1.000000
vn 0.000000 -0.000000 -1.000000
vn 0.000000 -0.000000 -1.000000
vn 0.000000 0.000000 -1.000000
vn 0.000000 -0.000000 -1.000000
vn 0.000000 -0.000000 -1.000000
vn 0.000000 -0.000000 -1.000000
vn -0.000000 -0.000000 -1.000000
vn 0.000000 -0.000000 -1.000000
vn 0.000000 -0.000000 -1.000000
vn 0.000000 -0.000000 -1.000000
vn 0.000000 0.000000 -1.000000
vn -0.000000 0.000000 -1.000000
vn -0.000000 0.000000 -1.000000
vn 0.000000 0.000000 -1.000000
vn 0.000000 0.000000 -1.000000
vn -0.000000 0.000000 -1.000000
vn 0.000000 -0.000000 -1.000000
vn 0.000000 -0.000000 -1.000000
vn 0.000000 0.000000 -1.000000
vn -0.000000 0.000000 -1.000000
vn -0.000000 0.000000 -1.000000
vn 0.000000 0.000000 -1.000000
vn -0.000000 0.000000 -1.000000
vn -0.000000 0.000000 -1.000000
vn 0.000000 0.000000 -1.000000
vn -0.000000 0.000000 -1.000000
vn -0.000000 0.000000 -1.000000
vn 0.000000 -0.000000 -1.000000
vn 0.000000 0.000000 -1.000000
vn 0.000000 -0.000000 -1.000000
vn 0.000000 0.000000 -1.000000
vn 0.000000 -0.000000 -1.000000
vn 0.000000 -0.000000 -1.000000
vn 0.000000 0.000000 -1.000000
vn 0.000000 -0.000000 -1.000000
vn 0.000000 0.000000 -1.000000
vn 0.000000 0.000000 -1.000000
vn 0.000000 0.000000 -1.000000
vn 0.000000 0.000000 -1.000000
vn 0.000000 0.000000 -1.000000
vn 0.000000 0.000000 -1.000000
vn 0.000000 0.000000 -1.000000
vn 0.000000 0.000000 -1.000000
vn 0.000000 0.000000 -1.000000
vn 0.000000 0.000000 -1.000000
vn 0.000000 0.000000 -1.000000
vn 0.000000 0.000000 -1.000000
vn -0.000000 0.000000 -1.000000
vn 0.000000 0.000000 -1.000000
vn 0.000000 -0.000000 -1.000000
vn 0.000000 -0.000000 -1.000000
vn 0.000000 0.000000 -1.000000
vn 0.000000 -0.000000 -1.000000
vn 0.000000 0.055721 -0.998446
vn 0.000000 0.055721 -0.998446
vn 0.000000 0.166471 -0.986046
vn 0.000000 0.166471 -0.986046
vn 0.000000 0.275155 -0.961400
vn 0.000000 0.275155 -0.961400
vn 0.000000 0.380420 -0.924814
vn 0.000000 0.380420 -0.924814
vn 0.000000 0.480961 -0.876742
vn 0.000000 0.480961 -0.876742
vn 0.000000 0.575530 -0.817781
vn 0.000000 0.575530 -0.817781
vn 0.000000 0.565290 -0.824892
vn -0.000232 0.567802 -0.823165
vn 0.000103 0.574728 -0.818345
vn -0.000205 0.582433 -0.812879
vn 0.000169 0.586336 -0.810068
vn -0.000111 0.594816 -0.803862
vn 0.000216 0.600014 -0.799990
vn -0.000107 0.605036 -0.796198
vn 0.000158 0.613517 -0.789682
vn 0.000000 0.615180 -0.788386
vn 0.000000 0.833891 -0.551929
vn 0.000754 0.815496 -0.578762
vn -0.000626 0.769427 -0.638735
vn 0.001195 0.729177 -0.684324
vn -0.000590 0.694199 -0.719783
vn 0.001076 0.607553 -0.794278
vn -0.000723 0.628544 -0.777774
vn 0.000000 0.605258 -0.796030
vn -0.001168 0.832406 -0.554164
vn 0.000589 0.765526 -0.643404
vn -0.001190 0.729177 -0.684324
vn 0.000595 0.689512 -0.724274
vn 0.000000 0.000000 -1.000000
vn 0.000000 0.000000 -1.000000
vn 0.956270 0.292486 0.000000
vn 0.956270 0.292486 0.000000
vn 0.956270 0.292486 -0.000000
vn 0.956270 0.292486 -0.000001
vn 0.956270 0.292487 0.000001
vn 0.956270 0.292486 0.000000
vn 0.956270 0.292485 -0.000000
vn 0.956270 0.292484 -0.000001
vn 0.956269 0.292489 0.000001
vn 0.956269 0.292489 0.000001
vn 0.956298 0.292393 -0.000034
vn 0.956306 0.292368 -0.000043
vn 0.956230 0.292617 0.000047
vn 0.956277 0.292462 -0.000009
vn 0.956272 0.292477 -0.000003
vn 0.956266 0.292500 0.000005
vn 0.956274 0.292473 -0.000004
vn 0.956269 0.292488 0.000000
vn 0.956269 0.292488 0.000000
vn 0.956269 0.292490 0.000000
vn 0.956269 0.292488 0.000000
vn 0.956273 0.292477 -0.000000
vn 0.956269 0.292489 0.000000
vn 0.000089 -0.047802 0.998857
vn -0.000040 -0.029450 0.999566
vn -0.000253 -0.021169 0.999776
vn -0.000371 -0.018549 0.999828
vn -0.000152 -0.012584 0.999921
vn 0.000000 -0.004273 0.999991
vn -0.000356 -0.055208 0.998475
vn 0.000245 -0.076119 0.997099
vn -0.000446 -0.091849 0.995773
vn 0.000236 -0.104286 0.994547
vn -0.000345 -0.128264 0.991740
vn 0.000000 -0.132246 0.991217
vn 0.000000 -0.126340 0.991987
vn 0.000000 -0.126340 0.991987
vn 0.000000 -0.086369 0.996263
vn 0.000000 -0.059720 0.998215
vn 0.000000 -0.059720 0.998215
vn 0.000000 -0.086369 0.996263
vn 0.000000 -0.047318 0.998880
vn 0.000000 -0.047318 0.998880
vn 0.000000 -0.036115 0.999348
vn 0.000000 -0.036115 0.999348
vn 0.000000 -0.026184 0.999657
vn 0.000000 -0.026184 0.999657
vn 0.000000 -0.017738 0.999843
vn 0.000000 -0.017738 0.999843
vn 0.000000 -0.010551 0.999944
vn 0.000000 -0.010551 0.999944
vn 0.000000 -0.005098 0.999987
vn 0.000000 -0.005098 0.999987
vn 0.000000 -0.001103 0.999999
vn 0.000000 -0.001103 0.999999
vn 0.000000 -0.000000 1.000000
vn 0.000000 -0.000000 1.000000
vn 0.077230 -0.997004 0.004377
vn 0.142305 -0.989736 -0.013124
vn 0.175343 -0.984485 0.006587
vn 0.281725 -0.959467 -0.007397
vn 0.291424 -0.956594 -0.000031
vn 0.406241 -0.913766 0.000181
vn 0.415404 -0.909609 -0.007099
vn 0.513863 -0.857841 0.007264
vn 0.540611 -0.841197 -0.011250
vn 0.610287 -0.792106 0.010865
vn 0.654793 -0.755672 -0.014370
vn 0.699199 -0.714861 0.009702
vn 0.755690 -0.654803 -0.012902
vn 0.778342 -0.627807 0.006465
vn 0.841234 -0.540624 -0.007211
vn 0.846973 -0.531636 0.000000
vn 0.000000 -0.999942 -0.010806
vn 0.000000 -0.999942 -0.010806
vn -0.077230 -0.997004 0.004377
vn -0.142305 -0.989736 -0.013124
vn -0.175343 -0.984485 0.006587
vn -0.281725 -0.959467 -0.007397
vn -0.291424 -0.956594 -0.000031
vn -0.406241 -0.913766 0.000181
vn -0.415404 -0.909609 -0.007099
vn -0.513863 -0.857841 0.007264
vn -0.540611 -0.841197 -0.011250
vn -0.610287 -0.792106 0.010865
vn -0.654793 -0.755672 -0.014370
vn -0.699199 -0.714861 0.009702
vn -0.755690 -0.654803 -0.012902
vn -0.778342 -0.627807 0.006465
vn -0.841234 -0.540624 -0.007211
vn -0.846973 -0.531636 -0.000000
vn -0.877681 -0.479245 0.000007
vn -0.877681 -0.479245 -0.000003
vn -0.877681 -0.479245 0.000002
vn -0.877681 -0.479245 0.000001
vn -0.877681 -0.479245 0.000016
vn -0.877681 -0.479245 0.000000
vn -0.877681 -0.479245 -0.000004
vn -0.877681 -0.479245 -0.000001
vn -0.877682 -0.479244 -0.000002
vn -0.877682 -0.479243 0.000017
vn -0.877681 -0.479245 0.000000
vn -0.877681 -0.479245 0.000005
vn -0.877681 -0.479245 0.000000
vn 0.840745 -0.420455 -0.341123
vn 0.827615 -0.386684 -0.406852
vn 0.832270 -0.387339 -0.396606
vn 0.863924 -0.369007 -0.342738
vn 0.843250 -0.351882 -0.406336
vn 0.879168 -0.336866 -0.337024
vn 0.856191 -0.316017 -0.408741
vn 0.891789 -0.303502 -0.335557
vn 0.868908 -0.280101 -0.408096
vn 0.902247 -0.269350 -0.336749
vn 0.880899 -0.243870 -0.405640
vn 0.910672 -0.234615 -0.340048
vn 0.892021 -0.207242 -0.401682
vn 0.917182 -0.199505 -0.344927
vn 0.902258 -0.170174 -0.396196
vn 0.921750 -0.164144 -0.351331
vn 0.911605 -0.132675 -0.389067
vn 0.924347 -0.128651 -0.359209
vn 0.919978 -0.094771 -0.380341
vn 0.924948 -0.093148 -0.368503
vn 0.927190 -0.058024 -0.370070
vn 0.923893 -0.056279 -0.378489
vn 0.932286 -0.022975 -0.360993
vn 0.922231 -0.017590 -0.386240
vn 0.935155 0.012385 -0.354023
vn 0.919705 0.020856 -0.392057
vn 0.935935 0.047910 -0.348900
vn 0.916283 0.059104 -0.396146
vn 0.934690 0.083465 -0.345526
vn 0.911965 0.097186 -0.398590
vn 0.931462 0.118913 -0.343857
vn 0.906775 0.135150 -0.399367
vn 0.926190 0.154105 -0.344127
vn 0.900757 0.173040 -0.398365
vn 0.918733 0.188854 -0.346790
vn 0.894064 0.210928 -0.395169
vn 0.908944 0.222979 -0.352281
vn 0.887024 0.248906 -0.388889
vn 0.896645 0.256230 -0.361074
vn 0.879808 0.287074 -0.378849
vn 0.881345 0.288192 -0.374402
vn 0.873420 0.322826 -0.364583
vn 0.862399 0.321837 -0.390755
vn 0.865813 0.358107 -0.349467
vn 0.841068 0.354540 -0.408541
vn 0.857232 0.393574 -0.332044
vn 0.817092 0.385341 -0.428804
vn 0.848320 0.429538 -0.309598
vn 0.789386 0.413394 -0.453845
vn 0.839654 0.466425 -0.278260
vn 0.755702 0.436903 -0.487884
vn 0.831967 0.504883 -0.230054
vn 0.713144 0.453103 -0.534905
vn 0.824469 0.544451 -0.154349
vn 0.660665 0.459683 -0.593475
vn 0.810330 0.579519 -0.086739
vn 0.625127 0.475015 -0.619335
vn 0.777481 0.599784 -0.189164
vn 0.653962 0.541541 -0.528267
vn 0.723546 0.603272 -0.335476
vn 0.679336 0.612159 -0.404678
vn 0.680964 0.613798 -0.399424
vn 0.675214 0.652090 -0.344767
vn 0.648623 0.635514 -0.418820
vn 0.654804 0.672494 -0.344940
vn 0.621943 0.662455 -0.417541
vn 0.630521 0.683746 -0.367334
vn 0.612286 0.697992 -0.371367
vn 0.598941 0.693839 -0.399822
vn 0.598321 0.713996 -0.363623
vn 0.574381 0.724460 -0.381110
vn 0.576160 0.733194 -0.361201
vn 0.544516 0.749089 -0.377318
vn 0.545030 0.755227 -0.364107
vn 0.513311 0.772151 -0.374559
vn 0.513352 0.773640 -0.371419
vn 0.484657 0.793989 -0.366999
vn 0.479747 0.791704 -0.378216
vn 0.455537 0.813852 -0.360736
vn 0.445173 0.809240 -0.383343
vn 0.425268 0.831982 -0.356305
vn 0.410274 0.825760 -0.387036
vn 0.393945 0.848404 -0.353579
vn 0.375071 0.841351 -0.389166
vn 0.361599 0.863399 -0.351836
vn 0.339691 0.856417 -0.388794
vn 0.328665 0.877087 -0.350283
vn 0.304049 0.870968 -0.385964
vn 0.295319 0.889185 -0.349482
vn 0.267976 0.884709 -0.381417
vn 0.261503 0.899363 -0.350374
vn 0.231364 0.897398 -0.375697
vn 0.227223 0.907352 -0.353669
vn 0.194175 0.908863 -0.369141
vn 0.192542 0.912953 -0.359783
vn 0.158035 0.918772 -0.361777
vn 0.156003 0.916566 -0.368199
vn 0.123714 0.926266 -0.355985
vn 0.117103 0.919261 -0.375826
vn 0.088861 0.931455 -0.352838
vn 0.078337 0.920726 -0.382265
vn 0.053603 0.934558 -0.351749
vn 0.039727 0.921195 -0.387067
vn 0.018034 0.935898 -0.351808
vn 0.001244 0.920996 -0.389570
vn -0.017759 0.935852 -0.351945
vn -0.037197 0.920453 -0.389079
vn -0.053438 0.934536 -0.351835
vn -0.075691 0.919420 -0.385925
vn -0.088814 0.931666 -0.352293
vn -0.114283 0.917551 -0.380842
vn -0.123807 0.926903 -0.354291
vn -0.152983 0.914571 -0.374374
vn -0.158308 0.919982 -0.358569
vn -0.191759 0.910300 -0.366856
vn -0.192178 0.910734 -0.365555
vn -0.226827 0.905299 -0.359141
vn -0.229119 0.899123 -0.372938
vn -0.261216 0.897976 -0.354126
vn -0.265785 0.886262 -0.379339
vn -0.295147 0.888389 -0.351643
vn -0.301870 0.872333 -0.384591
vn -0.328598 0.876787 -0.351095
vn -0.337460 0.857540 -0.388260
vn -0.361611 0.863477 -0.351633
vn -0.372705 0.842162 -0.389685
vn -0.394103 0.848780 -0.352498
vn -0.407727 0.826282 -0.388609
vn -0.425631 0.832695 -0.354200
vn -0.442404 0.809512 -0.385965
vn -0.456150 0.814939 -0.357494
vn -0.476713 0.791745 -0.381948
vn -0.485568 0.795472 -0.362557
vn -0.510666 0.772968 -0.376484
vn -0.513826 0.774352 -0.369272
vn 0.750952 -0.389889 -0.532971
vn 0.009728 -0.013632 0.999860
vn 0.008209 -0.012472 0.999889
vn 0.007994 -0.012871 0.999885
vn 0.004600 -0.009961 0.999940
vn 0.004626 -0.008764 0.999951
vn 0.001946 -0.005687 0.999982
vn 0.002074 -0.004820 0.999986
vn 0.005014 -0.010085 0.999937
vn -0.000823 -0.000314 1.000000
vn 0.007692 -0.014589 0.999864
vn -0.001891 -0.001211 0.999997
vn 0.015727 -0.025899 0.999541
vn 0.026736 -0.039675 0.998855
vn 0.019594 -0.027618 0.999426
vn 0.028571 -0.041334 0.998737
vn 0.028022 -0.040851 0.998772
vn 0.049004 -0.067761 0.996497
vn 0.036967 -0.058809 0.997585
vn 0.025742 -0.042894 0.998748
vn 0.022836 -0.041024 0.998897
vn 0.009664 -0.021780 0.999716
vn 0.000203 -0.000404 1.000000
vn -0.000019 -0.000007 1.000000
vn 0.000110 -0.000255 1.000000
vn 0.018124 -0.028579 0.999427
vn 0.027247 -0.041358 0.998773
vn 0.013196 -0.028640 0.999503
vn 0.015644 -0.027301 0.999505
vn 0.004984 -0.015851 0.999862
vn 0.010318 -0.018852 0.999769
vn 0.010139 -0.018950 0.999769
vn 0.004283 -0.010425 0.999936
vn 0.145421 0.028164 0.988969
vn 0.217782 0.065533 0.973795
vn 0.188904 -0.013680 0.981900
vn 0.179659 -0.024545 0.983423
vn 0.219665 -0.064913 0.973413
vn 0.184574 -0.111559 0.976467
vn 0.187746 -0.114477 0.975524
vn 0.141562 -0.097944 0.985072
vn 0.157566 -0.113239 0.980994
vn 0.180124 -0.124001 0.975797
vn 0.164911 -0.065041 0.984162
vn 0.171697 -0.068417 0.982771
vn 0.169713 -0.018119 0.985327
vn 0.168206 -0.015175 0.985635
vn 0.168456 -0.004661 0.985698
vn 0.095504 -0.079345 0.992262
vn 0.116802 -0.100867 0.988020
vn 0.138092 -0.106851 0.984639
vn 0.122914 -0.061957 0.990481
vn 0.130994 -0.065970 0.989186
vn 0.125967 -0.024543 0.991731
vn 0.125420 -0.023561 0.991824
vn 0.122983 0.018770 0.992231
vn 0.145810 0.011065 0.989251
vn 0.095167 -0.088083 0.991557
vn 0.077879 -0.087580 0.993109
vn 0.075885 -0.078835 0.993995
vn 0.064503 -0.081469 0.994586
vn 0.055151 -0.063086 0.996483
vn 0.048571 -0.059934 0.997020
vn 0.038937 -0.033448 0.998682
vn 0.042822 -0.035294 0.998459
vn 0.014905 -0.013153 0.999802
vn 0.033412 -0.010228 0.999389
vn 0.017487 -0.007731 0.999817
vn 0.043189 -0.004936 0.999055
vn 0.042980 -0.005166 0.999063
vn 0.059366 -0.034303 0.997647
vn 0.077689 -0.028713 0.996564
vn 0.090149 -0.061984 0.993998
vn 0.099580 -0.060068 0.993215
vn 0.055129 -0.004318 0.998470
vn 0.069456 0.001537 0.997584
vn 0.080036 -0.031501 0.996294
vn 0.100897 -0.027259 0.994523
vn 0.109049 -0.063940 0.991978
vn 0.071338 0.001061 0.997452
vn 0.095487 0.009138 0.995389
vn 0.101462 -0.028054 0.994444
vn 0.092821 0.009824 0.995634
vn 0.146010 -0.020228 0.989076
vn 0.143437 -0.064700 0.987542
vn 0.150267 -0.066342 0.986417
vn 0.147101 -0.021338 0.988891
vn 0.078589 -0.057526 0.995246
vn 0.072293 -0.059446 0.995610
vn 0.054418 -0.029780 0.998074
vn 0.058775 -0.055088 0.996750
vn 0.277458 -0.096746 0.955854
vn 0.414553 -0.132324 0.900354
vn 0.421029 -0.103969 0.901069
vn 0.352502 -0.109326 0.929403
vn 0.348851 -0.036905 0.936451
vn 0.272523 -0.041618 0.961249
vn 0.257856 0.007171 0.966157
vn 0.254497 0.067834 0.964691
vn 0.259587 0.060476 0.963824
vn 0.245387 0.132178 0.960372
vn 0.259144 0.131701 0.956817
vn 0.426434 -0.174365 0.887553
vn 0.419690 -0.180883 0.889461
vn 0.368520 -0.172996 0.913381
vn 0.359163 -0.191264 0.913466
vn 0.346428 -0.099133 0.932824
vn 0.265395 -0.104095 0.958504
vn 0.255989 -0.019638 0.966480
vn 0.303353 -0.143982 0.941938
vn 0.293099 -0.155595 0.943336
vn 0.235564 -0.108344 0.965801
vn 0.272483 0.022728 0.961892
vn 0.331836 -0.003105 0.943332
vn 0.334434 0.011868 0.942344
vn 0.323887 0.064445 0.943898
vn 0.245454 -0.143310 0.958757
vn 0.209481 -0.138326 0.967979
vn 0.198436 -0.147605 0.968935
vn 0.148998 -0.114674 0.982166
vn 0.148223 -0.115061 0.982238
vn 0.061303 -0.098881 0.993209
vn 0.098200 -0.084431 0.991579
vn 0.074739 -0.083341 0.993715
vn 0.059000 -0.080107 0.995039
vn 0.059902 -0.076764 0.995248
vn 0.013288 -0.062931 0.997929
vn 0.025948 -0.052785 0.998269
vn -0.041750 -0.029288 0.998699
vn -0.039155 -0.023535 0.998956
vn -0.011220 -0.015521 0.999817
vn -0.008166 -0.051326 0.998649
vn -0.004001 -0.006042 0.999974
vn 0.071099 -0.095331 0.992903
vn 0.218984 -0.149196 0.964254
vn 0.310411 -0.173097 0.934710
vn 0.317814 -0.171506 0.932513
vn 0.374231 -0.199925 0.905528
vn 0.412661 -0.193218 0.890156
vn 0.435646 -0.219890 0.872847
vn 0.477930 -0.220077 0.850381
vn 0.445121 -0.195946 0.873769
vn 0.475530 -0.196969 0.857365
vn 0.482041 -0.177384 0.858004
vn 0.472696 -0.170257 0.864622
vn 0.497633 -0.160222 0.852462
vn 0.490430 -0.139961 0.860169
vn 0.497800 -0.138257 0.856201
vn 0.511731 -0.119683 0.850769
vn 0.502784 -0.106866 0.857781
vn 0.517270 -0.098906 0.850088
vn 0.519838 -0.077598 0.850733
vn 0.514287 -0.072009 0.854590
vn 0.528210 -0.056953 0.847202
vn 0.521667 -0.036021 0.852388
vn 0.523260 -0.035060 0.851452
vn 0.531787 -0.014006 0.846762
vn 0.521568 0.000342 0.853209
vn 0.529305 0.007491 0.848399
vn 0.528806 0.028932 0.848249
vn 0.519264 0.036798 0.853821
vn 0.528566 0.050468 0.847390
vn 0.518988 0.070996 0.851828
vn 0.514875 0.073061 0.854146
vn 0.521022 0.092972 0.848465
vn 0.504434 0.107718 0.856705
vn 0.509633 0.112704 0.852978
vn 0.506488 0.133857 0.851793
vn 0.489360 0.140436 0.860700
vn 0.500432 0.154301 0.851915
vn 0.482949 0.170977 0.858794
vn 0.473919 0.171577 0.863691
vn 0.485088 0.193868 0.852704
vn 0.466758 0.196128 0.862364
vn 0.469404 0.200479 0.859923
vn 0.462811 0.212906 0.860510
vn 0.524924 0.232681 0.818727
vn 0.383965 0.185073 0.904610
vn 0.512590 0.251548 0.820960
vn 0.419162 0.219145 0.881067
vn 0.653519 0.345627 0.673391
vn 0.422897 0.233021 0.875705
vn 0.399753 0.237999 0.885186
vn 0.307237 0.189791 0.932515
vn 0.489124 0.310051 0.815246
vn 0.253809 0.173648 0.951540
vn 0.640458 0.431005 0.635648
vn 0.252694 0.184680 0.949757
vn 0.463205 0.336038 0.820073
vn 0.330995 0.253335 0.908991
vn 0.286190 0.219182 0.932767
vn 0.551227 0.447958 0.703906
vn 0.308492 0.246312 0.918784
vn 0.435714 0.366218 0.822215
vn 0.340693 0.284934 0.895958
vn 0.387472 0.334044 0.859232
vn 0.388369 0.334967 0.858468
vn 0.389392 0.335993 0.857603
vn 0.317669 0.176734 0.931585
vn 0.446379 0.209222 0.870041
vn 0.466508 0.233585 0.853117
vn 0.408352 0.208427 0.888711
vn 0.404104 0.210434 0.890178
vn 0.321464 0.184124 0.928848
vn 0.318768 0.190628 0.928465
vn 0.235295 0.162009 0.958326
vn 0.235312 0.161972 0.958328
vn 0.161571 0.135025 0.977580
vn 0.164188 0.129933 0.977834
vn 0.101237 0.105460 0.989257
vn 0.107303 0.094848 0.989692
vn 0.049248 0.071077 0.996254
vn 0.059506 0.054967 0.996713
vn -0.001603 0.028837 0.999583
vn 0.023302 0.013351 0.999639
vn 0.032034 0.031423 0.998993
vn 0.060007 0.013302 0.998109
vn 0.069667 0.033737 0.997000
vn 0.100133 0.013050 0.994888
vn 0.110367 0.036333 0.993227
vn 0.144005 0.012290 0.989501
vn 0.161443 0.058402 0.985152
vn 0.182167 0.066713 0.981002
vn 0.223393 0.119341 0.967395
vn 0.206570 0.134487 0.969145
vn 0.243411 0.162116 0.956279
vn 0.232078 0.174120 0.956986
vn 0.279274 0.205911 0.937874
vn 0.274289 0.212027 0.937982
vn 0.331142 0.246898 0.910706
vn 0.332717 0.246336 0.910285
vn 0.357392 0.262376 0.896343
vn 0.378926 0.259495 0.888300
vn 0.379029 0.259538 0.888244
vn 0.373604 0.243597 0.895031
vn 0.379842 0.244126 0.892257
vn 0.385575 0.235736 0.892054
vn 0.384758 0.234392 0.892761
vn 0.394952 0.227835 0.890002
vn 0.393723 0.222854 0.891806
vn 0.403712 0.217922 0.888553
vn 0.333623 0.258310 0.906627
vn 0.336199 0.258245 0.905693
vn 0.286142 0.222421 0.932015
vn 0.293354 0.214782 0.931564
vn 0.251943 0.181826 0.950507
vn 0.267102 0.168161 0.948883
vn 0.226633 0.138741 0.964048
vn 0.336216 0.263769 0.904093
vn 0.352515 0.290829 0.889467
vn 0.352834 0.290919 0.889311
vn 0.307147 0.225291 0.924610
vn 0.289168 0.217660 0.932205
vn -0.005920 0.014624 0.999876
vn -0.032359 0.025542 0.999150
vn 0.037788 0.052504 0.997906
vn 0.029226 0.067480 0.997292
vn 0.091338 0.090361 0.991712
vn 0.086477 0.099818 0.991241
vn 0.153396 0.123207 0.980454
vn 0.151656 0.126974 0.980244
vn 0.229367 0.152447 0.961327
vn 0.229950 0.151043 0.961410
vn 0.317447 0.177869 0.931445
vn 0.320245 0.170320 0.931898
vn 0.409594 0.195609 0.891050
vn 0.413955 0.182400 0.891836
vn -0.032893 0.014946 0.999347
vn -0.060170 0.023090 0.997921
vn 0.017762 0.050094 0.998587
vn 0.010667 0.063896 0.997900
vn 0.076701 0.085806 0.993355
vn 0.072960 0.093901 0.992905
vn 0.143578 0.116086 0.982807
vn 0.142628 0.118379 0.982672
vn 0.224230 0.142349 0.964084
vn 0.225182 0.139782 0.964238
vn 0.316440 0.164724 0.934201
vn 0.319246 0.156224 0.934706
vn 0.411895 0.179424 0.893392
vn 0.417728 0.159361 0.894487
vn -0.057924 0.014900 0.998210
vn -0.085297 0.021234 0.996129
vn -0.000654 0.047704 0.998861
vn -0.006393 0.060120 0.998171
vn 0.063288 0.080939 0.994708
vn 0.060566 0.087505 0.994321
vn 0.134870 0.108464 0.984909
vn 0.134463 0.109560 0.984843
vn 0.219724 0.131931 0.966600
vn 0.220926 0.128292 0.966816
vn 0.315679 0.151253 0.936733
vn 0.319900 0.136764 0.937528
vn 0.414261 0.156567 0.896590
vn 0.420687 0.128876 0.898005
vn -0.087975 0.025273 0.995802
vn -0.097753 0.010028 0.995160
vn -0.111049 0.022321 0.993564
vn -0.110002 0.024755 0.993623
vn -0.046647 0.039155 0.998144
vn -0.049392 0.047462 0.997651
vn 0.030761 0.064667 0.997433
vn 0.030489 0.065598 0.997380
vn 0.109677 0.080611 0.990693
vn 0.111794 0.071498 0.991156
vn 0.205590 0.085889 0.974862
vn 0.208549 0.069135 0.975565
vn 0.314046 0.081443 0.945908
vn 0.317131 0.056605 0.946691
vn 0.423389 0.064951 0.903617
vn 0.425772 0.032680 0.904240
vn 0.425041 0.033020 0.904572
vn 0.425812 0.000297 0.904812
vn -0.130936 0.008351 0.991356
vn -0.149469 0.017743 0.988607
vn -0.059038 0.036140 0.997601
vn -0.060792 0.042135 0.997261
vn 0.016421 0.056151 0.998287
vn 0.017173 0.052913 0.998451
vn 0.102199 0.065541 0.992602
vn 0.104185 0.054303 0.993074
vn 0.202921 0.065462 0.977005
vn 0.205260 0.046637 0.977596
vn 0.314530 0.055022 0.947652
vn 0.316546 0.027713 0.948172
vn 0.315159 0.028341 0.948616
vn 0.315821 0.000250 0.948819
vn 0.425820 0.000301 0.904808
vn 0.425048 -0.032235 0.904597
vn -0.149569 0.018657 0.988575
vn -0.169165 0.006096 0.985569
vn -0.178408 0.013585 0.983863
vn -0.186892 0.005121 0.982367
vn -0.198560 0.009876 0.980039
vn -0.199045 0.007464 0.979962
vn -0.108542 0.013462 0.994001
vn -0.108052 0.006858 0.994121
vn -0.111872 0.008417 0.993687
vn -0.111673 0.000045 0.993745
vn -0.009654 0.000090 0.999953
vn -0.009966 -0.013019 0.999866
vn 0.094521 -0.016714 0.995382
vn 0.093135 -0.035755 0.995011
vn 0.205408 -0.044007 0.977686
vn 0.202450 -0.068297 0.976908
vn 0.318153 -0.081622 0.944519
vn 0.313287 -0.109370 0.943340
vn 0.421054 -0.126800 0.898129
vn 0.413966 -0.157521 0.896560
vn -0.208662 0.002754 0.977984
vn -0.209214 0.003497 0.977864
vn -0.213175 0.000620 0.977014
vn -0.212139 -0.000009 0.977239
vn -0.111699 0.000033 0.993742
vn -0.111894 -0.008175 0.993687
vn -0.006774 -0.011754 0.999908
vn -0.007832 -0.026291 0.999624
vn 0.098575 -0.033889 0.994552
vn 0.096194 -0.053438 0.993927
vn 0.208953 -0.066024 0.975694
vn 0.204828 -0.089547 0.974693
vn 0.319333 -0.107568 0.941518
vn 0.313144 -0.134393 0.940149
vn 0.418435 -0.156419 0.894676
vn 0.409751 -0.186307 0.892969
vn -0.212816 -0.001332 0.977091
vn -0.207908 -0.003421 0.978142
vn -0.108178 -0.006653 0.994109
vn -0.108900 -0.016572 0.993915
vn -0.001232 -0.023971 0.999712
vn -0.003099 -0.039295 0.999223
vn 0.104606 -0.050961 0.993207
vn 0.101300 -0.069813 0.992403
vn 0.213678 -0.086912 0.973030
vn 0.208423 -0.109685 0.971869
vn 0.320934 -0.132514 0.937785
vn 0.313357 -0.158591 0.936299
vn 0.415456 -0.185258 0.890548
vn -0.206517 -0.006866 0.978419
vn -0.200631 -0.003890 0.979659
vn -0.192163 -0.010944 0.981302
vn -0.186902 -0.005161 0.982365
vn -0.169311 -0.015126 0.985447
vn -0.169337 -0.014885 0.985446
vn -0.058771 -0.033826 0.997698
vn -0.061887 -0.044540 0.997089
vn 0.049174 -0.069324 0.996382
vn 0.044291 -0.082995 0.995565
vn 0.149791 -0.112832 0.982258
vn -0.147258 -0.008164 0.989064
vn -0.137471 -0.019243 0.990319
vn -0.037298 -0.040350 0.998489
vn -0.041052 -0.050859 0.997862
vn 0.069225 -0.080567 0.994342
vn -0.122183 -0.009564 0.992462
vn -0.117846 -0.020588 0.992818
vn -0.011918 -0.047493 0.998800
vn -0.015571 -0.055945 0.998312
vn -0.092049 -0.013102 0.995668
vn -0.090831 -0.007818 0.995836
vn -0.071648 -0.026923 0.997067
vn -0.052635 -0.011175 0.998551
vn 0.014876 -0.044126 0.998915
vn 0.024735 -0.046905 0.998593
vn 0.017889 -0.054077 0.998377
vn 0.323015 -0.156841 0.933307
vn 0.213250 -0.129124 0.968427
vn 0.227064 -0.126570 0.965620
vn 0.117693 -0.100029 0.987999
vn 0.135154 -0.097568 0.986009
vn 0.028117 -0.072556 0.996968
vn 0.129089 -0.114554 0.984994
vn 0.219695 -0.106948 0.969689
vn 0.108465 -0.085192 0.990443
vn 0.122820 -0.082394 0.989003
vn 0.014887 -0.062008 0.997965
vn 0.032224 -0.058433 0.997771
vn -0.079008 -0.038321 0.996137
vn 0.112659 -0.067018 0.991371
vn 0.004481 -0.051083 0.998684
vn 0.018222 -0.047560 0.998702
vn -0.092559 -0.031901 0.995196
vn -0.076521 -0.027547 0.996687
vn 0.417690 -0.127829 0.899552
vn 0.423257 -0.096087 0.900900
vn 0.313762 -0.083164 0.945853
vn 0.317255 -0.054477 0.946774
vn 0.201225 -0.045690 0.978479
vn 0.202966 -0.021780 0.978943
vn 0.091884 -0.017738 0.995612
vn 0.092308 0.000143 0.995730
vn -0.009636 0.000098 0.999954
vn -0.009950 0.013379 0.999861
vn -0.006674 0.012086 0.999905
vn -0.007546 0.023861 0.999687
vn -0.101379 0.017330 0.994697
vn -0.101661 0.019599 0.994626
vn -0.090646 -0.020989 0.995662
vn -0.102538 -0.024780 0.994420
vn 0.007091 -0.036196 0.999320
vn 0.420889 -0.096941 0.901918
vn 0.424878 -0.064176 0.902973
vn 0.314447 -0.055617 0.947644
vn 0.316528 -0.027027 0.948198
vn 0.200940 -0.022694 0.979341
vn 0.201484 0.000198 0.979492
vn 0.092319 0.000148 0.995729
vn 0.091893 0.018210 0.995602
vn 0.094595 0.017166 0.995368
vn 0.093352 0.033977 0.995053
vn -0.001387 0.027124 0.999631
vn -0.002370 0.035032 0.999383
vn -0.091258 0.025669 0.995496
vn -0.091209 0.025394 0.995508
vn -0.101196 -0.013757 0.994771
vn 0.423387 -0.064798 0.903629
vn 0.425781 -0.031891 0.904264
vn 0.315162 -0.027649 0.948635
vn 0.315825 0.000252 0.948817
vn 0.201487 0.000199 0.979491
vn 0.200943 0.023279 0.979326
vn 0.203013 0.022350 0.978921
vn 0.201391 0.044314 0.978508
vn 0.098443 0.036648 0.994468
vn 0.096775 0.050067 0.994046
vn 0.006580 0.040180 0.999171
vn 0.005602 0.045714 0.998939
vn -0.077766 0.033835 0.996397
vn -0.077134 0.031117 0.996535
vn 0.424774 0.065819 0.902903
vn 0.420988 0.096307 0.901939
vn 0.317857 0.083968 0.944413
vn 0.313780 0.107063 0.943440
vn 0.212875 0.091045 0.972828
vn 0.209458 0.105765 0.972081
vn 0.121356 0.088469 0.988659
vn 0.120163 0.092553 0.988431
vn 0.039088 0.074342 0.996466
vn 0.040453 0.070209 0.996712
vn -0.036402 0.051700 0.997999
vn -0.032863 0.042160 0.998570
vn 0.423059 0.097720 0.900817
vn 0.417922 0.126825 0.899587
vn 0.318755 0.110643 0.941357
vn 0.313799 0.131998 0.940269
vn 0.218318 0.112557 0.969365
vn 0.215778 0.121262 0.968884
vn 0.127094 0.100591 0.986777
vn 0.127092 0.100597 0.986777
vn 0.049299 0.080961 0.995497
vn 0.051267 0.075655 0.995815
vn -0.022094 0.055944 0.998190
vn -0.017594 0.045093 0.998828
vn 0.411830 0.199023 0.889261
vn 0.322960 0.197572 0.925560
vn 0.320568 0.202751 0.925272
vn 0.241272 0.172373 0.955026
vn 0.241962 0.171030 0.955093
vn 0.172475 0.142725 0.974619
vn 0.176029 0.136506 0.974874
vn 0.117197 0.111039 0.986882
vn 0.124671 0.099299 0.987217
vn 0.070785 0.074708 0.994690
vn 0.083768 0.056450 0.994885
vn 0.324814 0.210383 0.922082
vn 0.322782 0.214339 0.921884
vn 0.247964 0.182313 0.951460
vn 0.249368 0.179855 0.951561
vn 0.184321 0.150288 0.971308
vn 0.188987 0.142958 0.971518
vn 0.134405 0.116575 0.984046
vn 0.144096 0.102945 0.984194
vn 0.098067 0.079136 0.992028
vn 0.114612 0.058847 0.991666
vn 0.327092 0.222711 0.918374
vn 0.325436 0.225610 0.918255
vn 0.255321 0.192038 0.947593
vn 0.257588 0.188477 0.947695
vn 0.197154 0.157736 0.967600
vn 0.203504 0.148804 0.967700
vn 0.156413 0.122950 0.980009
vn 0.169004 0.107508 0.979735
vn 0.127962 0.082942 0.988305
vn 0.148426 0.061274 0.987023
vn 0.263383 0.201572 0.943397
vn 0.328578 0.236589 0.914364
vn 0.329745 0.234756 0.914417
vn 0.213846 0.166062 0.962649
vn 0.266817 0.196742 0.943452
vn 0.180498 0.128869 0.975096
vn 0.222411 0.155556 0.962463
vn 0.299246 0.232406 0.925440
vn 0.160195 0.086496 0.983288
vn 0.196438 0.111988 0.974100
vn 0.863665 -0.370840 0.341411
vn 0.253298 0.162017 0.953725
vn 0.183809 0.067412 0.980648
vn 0.100972 0.059182 0.993127
vn 0.159543 0.085735 0.983461
vn 0.204380 0.149867 0.967351
vn 0.202639 0.152811 0.967257
vn 0.095963 0.051763 0.994038
vn 0.033488 0.020220 0.999235
vn 0.031957 0.017855 0.999330
vn 0.036364 0.022766 0.999079
vn 0.036151 0.022181 0.999100
vn 0.036046 0.013460 0.999259
vn 0.103979 0.071318 0.992019
vn 0.101971 0.041408 0.993925
vn 0.151116 0.100211 0.983423
vn 0.106703 0.067556 0.991993
vn 0.108853 0.063354 0.992037
vn 0.173197 0.111380 0.978569
vn 0.199735 0.093857 0.975344
vn 0.158211 0.115854 0.980585
vn 0.146566 0.032494 0.988667
vn 0.097854 0.047783 0.994053
vn 0.078468 0.021243 0.996690
vn 0.070327 0.025464 0.997199
vn 0.048833 0.021231 0.998581
vn 0.035299 0.013281 0.999289
vn 0.020828 -0.002688 0.999779
vn 0.023985 0.011481 0.999646
vn 0.060828 -0.050852 0.996852
vn 0.038372 0.010969 0.999203
vn 0.069915 0.039947 0.996753
vn 0.108370 0.045164 0.993084
vn -0.047419 -0.068963 0.996492
vn -0.024761 -0.038298 0.998960
vn -0.025401 -0.039805 0.998885
vn -0.021896 -0.035422 0.999132
vn -0.012938 -0.022635 0.999660
vn -0.012937 -0.022634 0.999660
vn -0.008540 -0.013902 0.999867
vn -0.002448 -0.004629 0.999986
vn -0.002373 -0.004402 0.999987
vn -0.028131 -0.041669 0.998735
vn -0.023851 -0.034147 0.999132
vn -0.015283 -0.021104 0.999660
vn -0.008794 -0.014341 0.999858
vn -0.003964 -0.005539 0.999977
vn -0.003985 -0.006351 0.999972
vn -0.001260 -0.002884 0.999995
vn -0.000213 -0.000475 1.000000
vn -0.000189 -0.000485 1.000000
vn -0.001989 -0.003831 0.999991
vn 0.001985 -0.005414 0.999983
vn -0.011715 -0.021653 0.999697
vn -0.017697 -0.035779 0.999203
vn -0.000736 -0.001690 0.999998
vn -0.001285 -0.002664 0.999996
vn -0.012532 -0.022856 0.999660
vn -0.000642 -0.001728 0.999998
vn -0.007323 -0.014564 0.999867
vn -0.000026 -0.003166 0.999995
vn -0.186495 -0.111366 0.976124
vn -0.196489 -0.098428 0.975553
vn -0.137744 -0.088594 0.986498
vn -0.141236 -0.084755 0.986341
vn -0.113907 -0.083434 0.989982
vn -0.102830 -0.044852 0.993687
vn -0.103431 -0.041621 0.993765
vn -0.095994 -0.009003 0.995341
vn -0.093451 -0.011213 0.995561
vn -0.093231 0.029102 0.995219
vn -0.070630 0.015787 0.997378
vn -0.177354 -0.024714 0.983837
vn -0.168185 -0.039667 0.984957
vn -0.134048 -0.042723 0.990053
vn -0.134405 -0.040271 0.990108
vn -0.187773 0.008367 0.982177
vn -0.169684 0.062281 0.983528
vn -0.140864 0.011723 0.989960
vn -0.128575 0.046649 0.990602
vn -0.095032 0.027342 0.995099
vn -0.067154 0.019038 0.997561
vn -0.051682 0.009371 0.998620
vn -0.038794 0.012597 0.999168
vn -0.037452 0.008166 0.999265
vn -0.026157 0.000450 0.999658
vn -0.005426 0.004246 0.999976
vn -0.022694 -0.003770 0.999735
vn -0.027146 -0.027937 0.999241
vn -0.038905 -0.033475 0.998682
vn -0.043910 -0.047334 0.997914
vn -0.055109 -0.063116 0.996484
vn -0.054782 -0.071535 0.995933
vn -0.073317 -0.064704 0.995208
vn -0.068848 -0.075437 0.994771
vn -0.092816 -0.071732 0.993096
vn -0.091927 -0.072774 0.993103
vn -0.129682 0.003149 0.991551
vn -0.122244 -0.005201 0.992486
vn -0.081753 -0.046073 0.995587
vn -0.072165 -0.015583 0.997271
vn -0.073228 -0.014304 0.997213
vn -0.049191 -0.021692 0.998554
vn -0.051927 -0.016112 0.998521
vn -0.061832 -0.046869 0.996986
vn -0.081727 -0.040751 0.995821
vn -0.060070 -0.039620 0.997408
vn -0.278459 0.139008 0.950335
vn -0.320753 0.085209 0.943322
vn -0.304671 0.022272 0.952197
vn -0.276571 0.020550 0.960774
vn -0.261463 -0.029778 0.964754
vn -0.256381 -0.106849 0.960652
vn -0.272741 -0.081892 0.958596
vn -0.253334 -0.174894 0.951438
vn -0.300101 -0.138619 0.943782
vn -0.226980 0.065991 0.971661
vn -0.289551 0.138931 0.947026
vn -0.259966 0.081464 0.962175
vn -0.247830 -0.020194 0.968593
vn -0.354941 -0.173704 0.918609
vn -0.363248 -0.162758 0.917366
vn -0.428017 -0.169070 0.887815
vn -0.422515 -0.174823 0.889335
vn -0.396601 -0.098343 0.912708
vn -0.367276 -0.114880 0.922990
vn -0.344055 -0.077493 0.935746
vn -0.345546 -0.024622 0.938079
vn -0.316958 0.032813 0.947872
vn -0.437013 -0.249103 0.864273
vn -0.438492 -0.209492 0.873978
vn -0.462097 -0.206384 0.862480
vn -0.451314 -0.193615 0.871108
vn -0.461554 -0.176063 0.869465
vn -0.379782 -0.157581 0.911556
vn -0.384107 -0.140755 0.912497
vn -0.381752 -0.138299 0.913859
vn -0.385830 -0.119838 0.914754
vn -0.383012 -0.117719 0.916212
vn -0.387007 -0.094989 0.917171
vn -0.384765 -0.093414 0.918276
vn -0.387882 -0.069821 0.919060
vn -0.386224 -0.068734 0.919841
vn -0.388412 -0.044463 0.920412
vn -0.387353 -0.043817 0.920890
vn -0.388765 -0.014683 0.921220
vn -0.388302 -0.014485 0.921418
vn -0.388167 0.019616 0.921380
vn -0.388811 0.019373 0.921114
vn -0.387309 0.046246 0.920789
vn -0.388218 0.045685 0.920434
vn -0.386482 0.065376 0.919977
vn -0.387808 0.064611 0.919473
vn -0.385445 0.084365 0.918866
vn -0.387216 0.083411 0.918208
vn -0.384190 0.103325 0.917454
vn -0.386432 0.102207 0.916637
vn -0.382797 0.121817 0.915766
vn -0.385543 0.120558 0.914780
vn -0.381338 0.139676 0.913823
vn -0.384621 0.138306 0.912654
vn -0.379838 0.156979 0.911636
vn -0.383695 0.155532 0.910268
vn -0.378319 0.173800 0.909213
vn -0.382785 0.172319 0.907625
vn -0.376790 0.190215 0.906558
vn -0.381908 0.188747 0.904721
vn -0.375260 0.206302 0.903670
vn -0.381072 0.204905 0.901553
vn -0.373741 0.222100 0.900549
vn -0.380288 0.220844 0.898114
vn -0.374068 0.233867 0.897429
vn -0.301352 0.203925 0.931451
vn -0.311764 0.202427 0.928346
vn -0.228089 0.169266 0.958814
vn -0.241739 0.167189 0.955830
vn -0.153008 0.133440 0.979174
vn -0.170023 0.130638 0.976742
vn -0.076846 0.096791 0.992334
vn -0.097293 0.093083 0.990893
vn 0.000047 0.059537 0.998226
vn -0.023882 0.054697 0.998217
vn 0.055734 0.028938 0.998026
vn 0.052710 0.022696 0.998352
vn 0.017573 0.015950 0.999718
vn 0.012034 0.028795 0.999513
vn -0.014230 0.010158 0.999847
vn -0.040330 0.040611 0.998361
vn -0.040110 0.027084 0.998828
vn -0.121635 0.069428 0.990144
vn -0.120211 0.071062 0.990202
vn -0.199521 0.121752 0.972300
vn -0.198681 0.122591 0.972367
vn -0.266684 0.176811 0.947427
vn -0.266053 0.177351 0.947503
vn -0.322107 0.234325 0.917245
vn -0.321146 0.235016 0.917406
vn -0.365051 0.293788 0.883417
vn -0.362544 0.295260 0.883959
vn -0.394527 0.354993 0.847542
vn -0.389083 0.357506 0.849001
vn -0.405264 0.404418 0.819882
vn -0.397087 0.422289 0.814858
vn -0.424097 0.482105 0.766627
vn -0.411135 0.470476 0.780782
vn -0.406518 0.471419 0.782629
vn -0.400867 0.426741 0.810677
vn -0.406776 0.431192 0.805361
vn -0.397839 0.372750 0.838321
vn -0.404199 0.377259 0.833246
vn -0.393308 0.317355 0.862899
vn -0.400150 0.321889 0.858060
vn -0.387300 0.260831 0.884288
vn -0.394663 0.265359 0.879674
vn -0.379822 0.203319 0.902439
vn -0.387748 0.207805 0.898036
vn -0.370914 0.145103 0.917261
vn -0.379447 0.149509 0.913054
vn -0.360585 0.086330 0.928722
vn -0.369783 0.090620 0.924688
vn -0.351630 0.035332 0.935472
vn -0.375725 0.027357 0.926327
vn -0.395456 0.035647 0.917793
vn -0.403200 0.029355 0.914641
vn -0.433842 0.031688 0.900431
vn -0.441654 0.022140 0.896912
vn -0.470983 0.036322 0.881394
vn -0.492237 0.021337 0.870200
vn -0.507117 0.036114 0.861120
vn -0.529697 0.028882 0.847695
vn -0.542738 0.037419 0.839068
vn -0.557288 0.030122 0.829773
vn -0.582723 0.037639 0.811799
vn -0.561308 0.095866 0.822036
vn -0.587664 0.105444 0.802205
vn -0.561764 0.165088 0.810659
vn -0.591255 0.177862 0.786627
vn -0.561536 0.234211 0.793613
vn -0.590945 0.251032 0.766659
vn -0.553029 0.309615 0.773497
vn -0.575212 0.325475 0.750464
vn -0.528228 0.386252 0.756164
vn -0.544366 0.400194 0.737231
vn -0.487176 0.462525 0.740763
vn -0.498331 0.473924 0.725991
vn -0.430265 0.536261 0.726152
vn -0.441427 0.549575 0.709302
vn -0.382670 0.576779 0.721727
vn -0.385866 -0.178538 0.905114
vn -0.370678 -0.197276 0.907568
vn -0.310191 -0.180135 0.933452
vn -0.300515 -0.169038 0.938678
vn -0.249833 -0.162092 0.954625
vn -0.219253 -0.141063 0.965417
vn -0.195415 -0.138899 0.970835
vn -0.144131 -0.118183 0.982476
vn -0.147324 -0.113145 0.982595
vn -0.111804 -0.110285 0.987592
vn -0.074429 -0.082965 0.993769
vn -0.074622 -0.083130 0.993741
vn -0.070699 -0.091810 0.993264
vn -0.053728 -0.077224 0.995565
vn -0.051717 -0.082508 0.995248
vn -0.042015 -0.071347 0.996566
vn -0.040685 -0.075297 0.996331
vn -0.031604 -0.065333 0.997363
vn -0.032859 -0.061091 0.997591
vn 0.071746 -0.041048 0.996578
vn 0.071110 -0.038570 0.996723
vn 0.079945 -0.029579 0.996360
vn 0.080710 -0.033029 0.996190
vn 0.091423 -0.025147 0.995495
vn 0.091567 -0.025963 0.995460
vn 0.100205 -0.019960 0.994767
vn 0.100079 -0.019009 0.994798
vn 0.106553 -0.014771 0.994197
vn 0.106320 -0.012196 0.994257
vn 0.110548 -0.009597 0.993824
vn 0.110279 -0.004147 0.993892
vn 0.112197 -0.003314 0.993680
vn 0.112231 0.005326 0.993668
vn 0.109645 0.004321 0.993961
vn 0.110112 0.012459 0.993841
vn 0.106488 0.010148 0.994262
vn 0.107134 0.017471 0.994091
vn 0.101900 0.014327 0.994691
vn 0.102875 0.022468 0.994440
vn 0.095956 0.018570 0.995212
vn 0.097340 0.027681 0.994866
vn 0.088633 0.023101 0.995796
vn 0.090391 0.032591 0.995373
vn 0.079862 0.027453 0.996428
vn 0.081961 0.036999 0.995948
vn 0.069608 0.031443 0.997079
vn 0.072063 0.041029 0.996556
vn 0.057872 0.035197 0.997703
vn 0.060703 0.044813 0.997149
vn 0.044645 0.038848 0.998247
vn 0.047877 0.048492 0.997675
vn 0.029910 0.042542 0.998647
vn 0.033578 0.052221 0.998071
vn 0.013646 0.046445 0.998828
vn 0.017764 0.056099 0.998267
vn -0.004197 0.050675 0.998706
vn -0.063810 -0.081227 0.994651
vn -0.062151 -0.079070 0.994930
vn -0.057901 -0.079110 0.995183
vn -0.020736 -0.039160 0.999018
vn -0.023778 -0.049157 0.998508
vn -0.025856 -0.049742 0.998427
vn -0.017347 -0.065639 0.997693
vn 0.007553 -0.013554 0.999880
vn -0.004044 -0.012852 0.999909
vn -0.010560 -0.015126 0.999830
vn 0.027703 -0.030040 0.999165
vn 0.044265 -0.011073 0.998958
vn 0.069125 -0.025544 0.997281
vn 0.080192 -0.011135 0.996717
vn 0.104571 -0.022259 0.994268
vn 0.111610 -0.010672 0.993695
vn 0.133565 -0.019112 0.990856
vn 0.133977 -0.020791 0.990766
vn 0.057921 -0.036470 0.997655
vn 0.057547 -0.035207 0.997722
vn 0.146077 -0.007949 0.989241
vn 0.159112 -0.016780 0.987118
vn 0.159045 -0.017096 0.987123
vn 0.173132 -0.006041 0.984880
vn 0.179061 -0.013610 0.983744
vn 0.187334 -0.005142 0.982283
vn 0.194174 -0.010305 0.980913
vn 0.198170 -0.003704 0.980161
vn 0.204998 -0.007431 0.978734
vn 0.205908 -0.002316 0.978569
vn 0.211673 -0.004862 0.977328
vn 0.210827 -0.001821 0.977522
vn 0.213083 -0.000700 0.977034
vn 0.212597 0.002206 0.977137
vn 0.210129 0.001125 0.977673
vn 0.209895 0.005101 0.977711
vn 0.206494 0.002618 0.978444
vn 0.202231 0.007346 0.979310
vn 0.200818 0.003832 0.979621
vn 0.191065 0.009958 0.981527
vn 0.190195 0.011737 0.981676
vn 0.184602 0.005780 0.982796
vn 0.173557 0.014936 0.984711
vn 0.173542 0.015171 0.984710
vn 0.160876 0.007516 0.986946
vn 0.151778 0.018282 0.988246
vn 0.146601 0.006319 0.989175
vn 0.124135 0.022567 0.992009
vn 0.125135 0.020477 0.991928
vn 0.111668 0.008241 0.993711
vn 0.092632 0.025948 0.995362
vn 0.092850 0.022504 0.995426
vn 0.068924 0.011780 0.997552
vn -0.072121 0.019388 0.997207
vn -0.070592 0.025387 0.997182
vn -0.151005 0.073329 0.985810
vn -0.151679 0.072656 0.985756
vn -0.224943 0.127393 0.966008
vn -0.226633 0.125947 0.965803
vn -0.287538 0.184047 0.939919
vn -0.289784 0.182433 0.939544
vn -0.338014 0.242909 0.909253
vn -0.339690 0.241925 0.908891
vn -0.375206 0.303564 0.875825
vn -0.374962 0.303677 0.875890
vn -0.398500 0.366222 0.840880
vn -0.394376 0.367618 0.842214
vn -0.407499 0.424921 0.808323
vn -0.105705 0.022584 0.994141
vn -0.114273 0.008987 0.993409
vn -0.125329 0.037511 0.991406
vn -0.154721 0.013453 0.987867
vn -0.158817 0.034024 0.986722
vn -0.196178 0.018784 0.980388
vn -0.195970 0.029701 0.980160
vn -0.237738 0.024532 0.971019
vn -0.237426 0.025612 0.971068
vn -0.278295 0.029532 0.960042
vn -0.282891 0.022134 0.958897
vn -0.317819 0.033207 0.947570
vn -0.323345 0.028384 0.945855
vn -0.354615 0.030566 0.934513
vn -0.580342 0.033136 0.813699
vn -0.610381 0.033837 0.791385
vn -0.583855 0.096565 0.806095
vn -0.618417 0.111559 0.777892
vn -0.591547 0.164242 0.789365
vn -0.626458 0.184207 0.757376
vn -0.592385 0.239298 0.769296
vn -0.619475 0.258663 0.741178
vn -0.577096 0.316698 0.752770
vn -0.597702 0.334498 0.728604
vn -0.546007 0.394829 0.738909
vn -0.561226 0.410380 0.718758
vn -0.499068 0.472084 0.726682
vn -0.512131 0.487675 0.707033
vn -0.479112 0.500152 0.721318
vn -0.612603 0.036668 0.789540
vn -0.649378 0.029657 0.759887
vn -0.618169 0.093283 0.780490
vn -0.658337 0.116250 0.743692
vn -0.627869 0.167534 0.760074
vn -0.659624 0.190229 0.727124
vn -0.621861 0.244793 0.743885
vn -0.646751 0.266288 0.714706
vn -0.600392 0.324082 0.731096
vn -0.619504 0.343607 0.705797
vn -0.563557 0.403654 0.720740
vn -0.575529 0.417913 0.702933
vn -0.570719 0.419282 0.706033
vn -0.649055 0.028490 0.760207
vn -0.674446 0.037913 0.737350
vn -0.697065 0.027689 0.716473
vn -0.711077 0.046915 0.701547
vn -0.737626 0.031507 0.674474
vn -0.768890 0.044717 0.637815
vn -0.733326 0.098642 0.672683
vn -0.762806 0.128738 0.633683
vn -0.724912 0.179883 0.664940
vn -0.749391 0.209093 0.628246
vn -0.718933 0.229315 0.656163
vn -0.768816 0.038793 0.638292
vn -0.809294 0.037466 0.586208
vn -0.766530 0.101218 0.634182
vn -0.789586 0.128546 0.600025
vn -0.780577 0.132899 0.610768
vn -0.811215 0.045009 0.583014
vn -0.833470 0.038511 0.551221
vn -0.699565 0.283884 0.655759
vn -0.649174 0.325957 0.687259
vn -0.640683 0.352896 0.681901
vn -0.364152 0.603656 0.709220
vn -0.282608 0.647725 0.707520
vn -0.282212 0.648357 0.707100
vn -0.283521 0.648784 0.706184
vn -0.287170 0.639519 0.713126
vn -0.286184 0.637988 0.714892
vn -0.294393 0.637285 0.712180
vn -0.294886 0.628987 0.719318
vn -0.300270 0.630517 0.715742
vn -0.303958 0.619334 0.723903
vn -0.303826 0.619105 0.724154
vn -0.313463 0.617169 0.721695
vn -0.313711 0.608730 0.728720
vn -0.315486 0.609165 0.727589
vn -0.328038 0.602390 0.727679
vn -0.326055 0.598816 0.731510
vn -0.336072 0.595348 0.729805
vn -0.333481 0.593368 0.732602
vn -0.343594 0.587507 0.732652
vn -0.346866 0.588175 0.730571
vn -0.372931 0.532482 0.759859
vn -0.380491 0.527604 0.759514
vn -0.403114 0.475307 0.782037
vn -0.409042 0.471442 0.781298
vn -0.431447 0.415979 0.800509
vn -0.435689 0.413215 0.799643
vn -0.457849 0.354691 0.815211
vn -0.460334 0.353090 0.814506
vn -0.482176 0.291827 0.826041
vn -0.482820 0.291422 0.825808
vn -0.504371 0.227591 0.832954
vn -0.503060 0.228388 0.833528
vn -0.524319 0.162385 0.835895
vn -0.520913 0.164357 0.837637
vn -0.541985 0.096424 0.834838
vn -0.536309 0.099511 0.838135
vn -0.344831 0.581099 0.737167
vn -0.355610 0.579027 0.733668
vn -0.378443 0.520322 0.765536
vn -0.385692 0.521450 0.761138
vn -0.403110 0.454316 0.794418
vn -0.405654 0.454405 0.793071
vn -0.412472 0.387481 0.824455
vn -0.411116 0.387599 0.825076
vn -0.409350 0.325978 0.852156
vn -0.407130 0.326309 0.853093
vn -0.399032 0.264436 0.877979
vn -0.353427 0.575589 0.737419
vn -0.366842 0.568440 0.736412
vn -0.383715 0.509333 0.770287
vn -0.393508 0.509677 0.765102
vn -0.401981 0.443501 0.801073
vn -0.406191 0.443134 0.799150
vn -0.406013 0.382735 0.829860
vn -0.407484 0.382516 0.829239
vn -0.401132 0.321682 0.857680
vn -0.364854 0.563298 0.741335
vn -0.374225 0.561421 0.738080
vn -0.382038 0.550010 0.742655
vn -0.386045 0.551129 0.739748
vn -0.392206 0.542624 0.742788
vn -0.399541 0.539885 0.740872
vn -0.398440 0.485555 0.778127
vn -0.398767 0.485487 0.778002
vn -0.416444 0.552327 0.722156
vn -0.403934 0.403639 0.820922
vn -0.388354 0.355409 0.850215
vn -0.381705 0.345978 0.857089
vn -0.379833 0.327700 0.865066
vn -0.350997 0.286659 0.891419
vn -0.355427 0.283474 0.890682
vn -0.304157 0.228112 0.924907
vn -0.307415 0.225324 0.924513
vn -0.244512 0.172053 0.954260
vn -0.247188 0.169382 0.954048
vn -0.173170 0.119008 0.977675
vn -0.175757 0.116039 0.977571
vn -0.091578 0.069236 0.993388
vn -0.094515 0.065400 0.993373
vn -0.380635 0.327807 0.864673
vn -0.364219 0.304736 0.880046
vn -0.340717 0.277911 0.898152
vn -0.346853 0.272660 0.897412
vn -0.289051 0.220849 0.931491
vn -0.293838 0.216070 0.931114
vn -0.225021 0.166459 0.960030
vn -0.229048 0.161836 0.959868
vn -0.150054 0.115166 0.981947
vn -0.153920 0.110117 0.981928
vn -0.065644 0.066907 0.995598
vn -0.069130 0.061762 0.995694
vn -0.364672 0.299529 0.881644
vn -0.384632 0.314132 0.867974
vn -0.343779 0.274298 0.898096
vn -0.382330 0.298521 0.874476
vn -0.350569 0.271170 0.896419
vn -0.357693 0.265055 0.895434
vn -0.313027 0.238172 0.919396
vn -0.320729 0.226802 0.919616
vn -0.243874 0.187958 0.951419
vn -0.250227 0.177409 0.951794
vn -0.164584 0.140771 0.976266
vn -0.361571 0.266891 0.893328
vn -0.353373 0.250967 0.901190
vn -0.308453 0.227217 0.923704
vn -0.315903 0.214847 0.924146
vn -0.235451 0.178903 0.955278
vn -0.368998 0.252560 0.894457
vn -0.362656 0.242956 0.899696
vn -0.304543 0.215880 0.927712
vn -0.374624 0.234684 0.896984
vn -0.469304 0.292159 0.833305
vn -0.392121 0.229098 0.890929
vn -0.441048 0.245431 0.863273
vn -0.420319 0.221453 0.879937
vn -0.447646 0.219224 0.866922
vn -0.438042 0.208340 0.874479
vn -0.454281 0.193868 0.869508
vn -0.453732 0.193308 0.869919
vn -0.458454 0.174643 0.871390
vn -0.463931 0.172825 0.868850
vn -0.746181 0.263793 0.611251
vn -0.459276 0.155656 0.874549
vn -0.556473 0.167890 0.813727
vn -0.506076 0.142977 0.850556
vn -0.547667 0.134187 0.825866
vn -0.525592 0.123396 0.841740
vn -0.542834 0.102719 0.833535
vn -0.541623 0.102175 0.834389
vn -0.537936 0.078581 0.839315
vn -0.477166 0.073374 0.875745
vn -0.479085 0.051606 0.876250
vn -0.553153 0.074081 0.829779
vn -0.539274 0.055483 0.840301
vn -0.478684 0.051861 0.876454
vn -0.480343 0.021873 0.876808
vn -0.558491 0.044629 0.828309
vn -0.531321 0.023270 0.846851
vn -0.480064 0.021982 0.876958
vn -0.480215 -0.016325 0.876999
vn -0.554109 0.014737 0.832314
vn -0.546268 -0.013081 0.837508
vn -0.533642 -0.017387 0.845532
vn -0.556548 -0.039934 0.829855
vn -0.534372 -0.052972 0.843588
vn -0.553274 -0.066300 0.830357
vn -0.529616 -0.083096 0.844158
vn -0.546269 -0.092065 0.832535
vn -0.525102 -0.112971 0.843508
vn -0.533071 -0.116375 0.838029
vn -0.523533 -0.141003 0.840257
vn -0.504746 -0.139952 0.851848
vn -0.528890 -0.169961 0.831498
vn -0.506561 -0.165855 0.846102
vn -0.500788 -0.188300 0.844840
vn -0.463264 -0.175648 0.868640
vn 0.044601 -0.039813 0.998211
vn 0.033357 -0.052818 0.998047
vn 0.029397 -0.042410 0.998668
vn 0.009688 -0.059223 0.998198
vn 0.003784 -0.046166 0.998927
vn 0.047398 -0.048118 0.997716
vn -0.128160 -0.102209 0.986473
vn -0.136244 -0.111525 0.984378
vn -0.136301 -0.111375 0.984387
vn -0.219777 -0.139686 0.965498
vn -0.213351 -0.132210 0.967988
vn -0.214914 -0.127568 0.968266
vn -0.208923 -0.120950 0.970424
vn -0.211945 -0.110715 0.970990
vn -0.112810 -0.090121 0.989521
vn -0.114948 -0.081802 0.989998
vn -0.108634 -0.075493 0.991211
vn -0.109887 -0.069834 0.991488
vn -0.102240 -0.064305 0.992679
vn -0.103831 -0.055257 0.993059
vn -0.097671 -0.051077 0.993907
vn -0.099057 -0.040597 0.994253
vn -0.094446 -0.037667 0.994817
vn -0.095505 -0.025933 0.995091
vn -0.092501 -0.024151 0.995420
vn -0.093263 -0.008652 0.995604
vn -0.091908 -0.008087 0.995735
vn -0.091830 0.011409 0.995709
vn -0.093663 0.010733 0.995546
vn -0.092744 0.026824 0.995329
vn -0.095309 0.025270 0.995127
vn -0.094203 0.037810 0.994835
vn -0.097907 0.035703 0.994555
vn -0.096349 0.048718 0.994155
vn -0.101244 0.046116 0.993792
vn -0.099172 0.059747 0.993275
vn -0.105326 0.056705 0.992820
vn -0.102795 0.070363 0.992211
vn -0.110234 0.066966 0.991647
vn -0.107288 0.080365 0.990975
vn -0.116020 0.076713 0.990280
vn -0.112651 0.089868 0.989562
vn -0.122693 0.086062 0.988706
vn -0.118887 0.098992 0.987961
vn -0.130262 0.095135 0.986905
vn -0.125999 0.107860 0.986149
vn -0.138738 0.104065 0.984846
vn -0.133986 0.116608 0.984099
vn -0.148133 0.112995 0.982491
vn -0.142878 0.125317 0.981775
vn -0.158474 0.122022 0.979794
vn -0.128284 -0.101840 0.986495
vn -0.120726 -0.093552 0.988268
vn -0.122866 -0.086312 0.988663
vn -0.020710 -0.065856 0.997614
vn -0.022096 -0.060460 0.997926
vn -0.014485 -0.052818 0.998499
vn -0.014738 -0.051674 0.998555
vn -0.005513 -0.044972 0.998973
vn -0.006247 -0.040804 0.999148
vn 0.001189 -0.035720 0.999361
vn 0.000426 -0.029948 0.999551
vn 0.005997 -0.026372 0.999634
vn 0.005345 -0.019160 0.999802
vn 0.008980 -0.016976 0.999816
vn 0.008461 -0.006434 0.999944
vn 0.010106 -0.005737 0.999932
vn 0.010162 0.008409 0.999913
vn 0.007942 0.007574 0.999940
vn 0.008639 0.019738 0.999768
vn 0.005531 0.017818 0.999826
vn 0.006409 0.027773 0.999594
vn 0.001922 0.025166 0.999681
vn 0.003191 0.035761 0.999355
vn -0.002737 0.032536 0.999467
vn -0.001007 0.043917 0.999035
vn -0.008462 0.040141 0.999158
vn -0.006318 0.051711 0.998642
vn -0.015327 0.047486 0.998754
vn -0.012809 0.058938 0.998179
vn -0.023375 0.054386 0.998246
vn -0.020472 0.065721 0.997628
vn -0.032610 0.060961 0.997607
vn -0.029306 0.072185 0.996961
vn -0.043039 0.067344 0.996801
vn -0.039312 0.078467 0.996141
vn -0.054675 0.073674 0.995782
vn -0.050493 0.084711 0.995125
vn -0.067534 0.080107 0.994496
vn -0.062883 0.091011 0.993862
vn -0.081651 0.086753 0.992878
vn -0.301402 -0.166698 0.938812
vn -0.296618 -0.161031 0.941322
vn -0.299589 -0.152204 0.941850
vn -0.295151 -0.147222 0.944040
vn -0.299045 -0.134035 0.944779
vn -0.204003 -0.113663 0.972349
vn -0.206889 -0.102443 0.972986
vn -0.201914 -0.097450 0.974543
vn -0.204145 -0.087374 0.975034
vn -0.198129 -0.083008 0.976655
vn -0.200555 -0.069210 0.977235
vn -0.195716 -0.065921 0.978442
vn -0.197706 -0.050871 0.978941
vn -0.194091 -0.048574 0.979780
vn -0.195544 -0.032459 0.980158
vn -0.193196 -0.031068 0.980668
vn -0.194189 -0.010783 0.980905
vn -0.193135 -0.010345 0.981118
vn -0.193036 0.014300 0.981087
vn -0.194467 0.013775 0.980812
vn -0.193338 0.033658 0.980555
vn -0.195343 0.032453 0.980198
vn -0.194016 0.047500 0.979848
vn -0.196917 0.045863 0.979347
vn -0.195077 0.061236 0.978875
vn -0.198913 0.059216 0.978227
vn -0.196507 0.075042 0.977627
vn -0.201334 0.072683 0.976822
vn -0.198421 0.088399 0.976122
vn -0.204264 0.085767 0.975151
vn -0.200888 0.101115 0.974382
vn -0.207765 0.098285 0.973229
vn -0.203921 0.113293 0.972410
vn -0.211849 0.110345 0.971053
vn -0.207524 0.125041 0.970205
vn -0.216532 0.122059 0.968615
vn -0.211704 0.136472 0.967759
vn -0.221827 0.133547 0.965898
vn -0.216465 0.147703 0.965053
vn -0.227739 0.144935 0.962875
vn -0.221825 0.158803 0.962068
vn -0.234293 0.156307 0.959518
vn -0.380689 -0.192395 0.904467
vn -0.377489 -0.188500 0.906625
vn -0.381835 -0.175588 0.907398
vn -0.378900 -0.172207 0.909274
vn -0.383646 -0.156137 0.910185
vn -0.293172 -0.136204 0.946308
vn -0.296789 -0.122139 0.947100
vn -0.293145 -0.118431 0.948705
vn -0.296318 -0.104083 0.949401
vn -0.291923 -0.100852 0.951110
vn -0.295151 -0.082487 0.951883
vn -0.291628 -0.080065 0.953175
vn -0.294196 -0.060637 0.953820
vn -0.291572 -0.058954 0.954730
vn -0.293403 -0.038652 0.955207
vn -0.291706 -0.037639 0.955767
vn -0.292917 -0.012799 0.956052
vn -0.292163 -0.012483 0.956287
vn -0.292045 0.017043 0.956253
vn -0.293077 0.016662 0.955944
vn -0.291753 0.040150 0.955651
vn -0.293203 0.039273 0.955243
vn -0.291665 0.056714 0.954838
vn -0.293768 0.055521 0.954263
vn -0.291659 0.073149 0.953721
vn -0.294447 0.071676 0.952976
vn -0.291722 0.089605 0.952297
vn -0.295238 0.087883 0.951373
vn -0.291955 0.105594 0.950585
vn -0.296227 0.103667 0.949475
vn -0.292429 0.120934 0.948610
vn -0.297480 0.118858 0.947301
vn -0.293162 0.135717 0.946381
vn -0.299020 0.133547 0.944856
vn -0.294168 0.150035 0.943904
vn -0.300868 0.147835 0.942138
vn -0.295458 0.163984 0.941177
vn -0.303030 0.161825 0.939141
vn -0.297031 0.177664 0.938194
vn -0.305519 0.175623 0.935850
vn -0.298907 0.191129 0.934946
vn -0.308352 0.189301 0.932247
vn -0.467771 -0.158064 0.869601
vn -0.466616 -0.156815 0.870447
vn -0.471552 -0.134444 0.871529
vn -0.470206 -0.133398 0.872417
vn -0.474923 -0.106557 0.873553
vn -0.473873 -0.105795 0.874215
vn -0.477507 -0.078301 0.875132
vn -0.476749 -0.077788 0.875591
vn -0.479272 -0.049813 0.876252
vn -0.478807 -0.049520 0.876522
vn -0.480402 -0.016408 0.876895
vn -0.477769 0.073014 0.875446
vn -0.475171 0.094732 0.874779
vn -0.475988 0.094278 0.874384
vn -0.472684 0.116020 0.873561
vn -0.473732 0.115480 0.873065
vn -0.469770 0.136858 0.872116
vn -0.471084 0.136236 0.871504
vn -0.466493 0.157107 0.870461
vn -0.468119 0.156407 0.869714
vn -0.019798 0.062304 0.997861
vn -0.045550 0.058301 0.997259
vn -0.041719 0.064660 0.997035
vn -0.092596 0.101832 0.990483
vn -0.114603 0.098896 0.988477
vn -0.110084 0.106397 0.988211
vn -0.133512 0.104470 0.985525
vn -0.129236 0.110780 0.985406
vn -0.182926 0.138656 0.973300
vn -0.177558 0.147569 0.972983
vn -0.259703 0.187226 0.947365
vn -0.253291 0.196691 0.947183
vn -0.326169 0.238549 0.914718
vn -0.318261 0.248879 0.914751
vn -0.197123 0.146348 0.969394
vn -0.191862 0.154112 0.969246
vn -0.212516 0.154011 0.964944
vn -0.207490 0.160576 0.964968
vn -0.281319 0.206666 0.937096
vn -0.263700 0.205261 0.942513
vn -0.270085 0.196920 0.942484
vn -0.324596 0.258944 0.909717
vn -0.332177 0.250241 0.909416
vn -0.339144 0.261540 0.903647
vn -0.275614 0.213215 0.937324
vn -0.332016 0.268655 0.904207
vn -0.182322 0.077209 0.980203
vn -0.185977 0.074082 0.979757
vn -0.251944 0.132903 0.958572
vn -0.257078 0.129212 0.957714
vn -0.309742 0.190947 0.931450
vn -0.315351 0.187654 0.930237
vn -0.354570 0.250962 0.900721
vn -0.359352 0.248754 0.899437
vn -0.385790 0.313025 0.867860
vn -0.385992 0.312957 0.867795
vn -0.401286 0.371804 0.837097
vn -0.215440 0.081029 0.973149
vn -0.223090 0.075530 0.971867
vn -0.280421 0.138159 0.949882
vn -0.289650 0.132741 0.947883
vn -0.332685 0.197316 0.922164
vn -0.342273 0.192890 0.919588
vn -0.371733 0.258670 0.891574
vn -0.376141 0.257181 0.890155
vn -0.393624 0.317268 0.862787
vn -0.250142 0.084680 0.964499
vn -0.262627 0.077353 0.961792
vn -0.309694 0.142885 0.940039
vn -0.323809 0.136370 0.936243
vn -0.356370 0.203294 0.911961
vn -0.364837 0.200434 0.909241
vn -0.384568 0.261581 0.885259
vn -0.285664 0.087801 0.954299
vn -0.303980 0.079349 0.949368
vn -0.339802 0.147164 0.928912
vn -0.352134 0.143000 0.924961
vn -0.374136 0.204880 0.904459
vn -0.322077 0.090413 0.942386
vn -0.338045 0.085021 0.937282
vn -0.362397 0.147441 0.920288
vn -0.349385 0.089404 0.932704
vn -0.401252 0.420895 0.813538
vn -0.383817 0.087656 0.919239
vn -0.390808 0.091529 0.915910
vn -0.407372 0.089066 0.908909
vn -0.412217 0.092216 0.906407
vn -0.441043 0.089686 0.892993
vn -0.443125 0.093077 0.891615
vn -0.483945 0.094517 0.869979
vn -0.483241 0.092897 0.870545
vn -0.516803 0.098126 0.850462
vn -0.514489 0.094599 0.852263
vn -0.390360 0.147204 0.908818
vn -0.397104 0.151308 0.905215
vn -0.410166 0.149365 0.899697
vn -0.415165 0.152914 0.896803
vn -0.438579 0.150853 0.885942
vn -0.441266 0.155670 0.883771
vn -0.474942 0.156857 0.865925
vn -0.475183 0.157476 0.865680
vn -0.502903 0.161806 0.849063
vn -0.501853 0.160061 0.850014
vn -0.395434 0.206182 0.895054
vn -0.401929 0.210489 0.891149
vn -0.411430 0.209076 0.887138
vn -0.416519 0.212997 0.883823
vn -0.434477 0.211414 0.875519
vn -0.437615 0.217608 0.872433
vn -0.464104 0.218540 0.858398
vn -0.465077 0.221345 0.857152
vn -0.486953 0.224768 0.844012
vn -0.486944 0.224753 0.844021
vn -0.405280 0.268919 0.873745
vn -0.411160 0.268044 0.871263
vn -0.414490 0.330565 0.847895
vn -0.421406 0.329957 0.844716
vn -0.416179 0.397361 0.817863
vn -0.420899 0.397526 0.815363
vn -0.405189 0.464864 0.787225
vn -0.403717 0.464634 0.788117
vn -0.381004 0.527719 0.759176
vn -0.416296 0.272315 0.867492
vn -0.401737 0.377779 0.834200
vn -0.400835 0.432448 0.807663
vn -0.406334 0.437262 0.802306
vn -0.401155 0.438032 0.804489
vn -0.394790 0.491728 0.776108
vn -0.403684 0.490406 0.772361
vn -0.399735 0.497027 0.770179
vn -0.428747 0.271218 0.861752
vn -0.432197 0.278725 0.857624
vn -0.451451 0.279402 0.847424
vn -0.452960 0.284321 0.844979
vn -0.468979 0.286829 0.835337
vn -0.469815 0.288490 0.834294
vn -0.389962 0.497872 0.774631
vn -0.425041 0.338696 0.839419
vn -0.437038 0.339118 0.833064
vn -0.422946 0.406342 0.809940
vn -0.427281 0.407020 0.807320
vn -0.406058 0.470773 0.783256
vn -0.438899 0.346045 0.829229
vn -0.450568 0.350891 0.820892
vn -0.449072 0.347638 0.823093
vn -0.429273 0.411772 0.803846
vn -0.564843 0.103176 0.818723
vn -0.544368 0.168308 0.821788
vn -0.542208 0.163383 0.824206
vn -0.564185 0.171372 0.807668
vn -0.521426 0.232633 0.820973
vn -0.520393 0.230026 0.822362
vn -0.538007 0.236429 0.809105
vn -0.536716 0.232673 0.811048
vn -0.561031 0.243191 0.791267
vn -0.496070 0.295940 0.816293
vn -0.495941 0.295576 0.816503
vn -0.509197 0.300396 0.806524
vn -0.508801 0.299094 0.807257
vn -0.527838 0.307321 0.791796
vn -0.528241 0.302910 0.793226
vn -0.551927 0.316459 0.771511
vn -0.441156 0.418857 0.793687
vn -0.467882 0.359187 0.807509
vn -0.477947 0.362848 0.799943
vn -0.478221 0.363881 0.799309
vn -0.491919 0.369798 0.788203
vn -0.491919 0.369800 0.788203
vn -0.509720 0.379983 0.771880
vn -0.510141 0.377872 0.772638
vn -0.527238 0.390097 0.754880
vn -0.410522 0.477504 0.776828
vn -0.437346 0.421031 0.794645
vn -0.444347 0.423580 0.789390
vn -0.445092 0.426822 0.787220
vn -0.453392 0.430408 0.780503
vn -0.452709 0.434618 0.778564
vn -0.464480 0.441352 0.767767
vn -0.463903 0.443768 0.766723
vn -0.475752 0.452241 0.754412
vn -0.475488 0.453119 0.754052
vn -0.486988 0.463055 0.740556
vn -0.377871 0.533947 0.756382
vn -0.404761 0.480780 0.777830
vn -0.408610 0.482184 0.774943
vn -0.409644 0.487479 0.771074
vn -0.412526 0.488724 0.768747
vn -0.410912 0.496856 0.764385
vn -0.416563 0.500088 0.759202
vn -0.414715 0.506725 0.755805
vn -0.421208 0.511368 0.749057
vn -0.419385 0.516646 0.746454
vn -0.426131 0.522474 0.738535
vn -0.424527 0.526441 0.736639
vn -0.431496 0.533564 0.727407
vn -0.370853 0.538468 0.756651
vn -0.370217 0.538236 0.757127
vn -0.372018 0.545640 0.750919
vn -0.469650 0.358187 0.806927
vn -0.369463 0.544535 0.752980
vn -0.366701 0.556274 0.745714
vn -0.366152 0.555959 0.746219
vn -0.362795 0.566473 0.739924
vn -0.659344 0.094647 0.745860
vn -0.695501 0.120481 0.708352
vn -0.662089 0.171240 0.729599
vn -0.691019 0.196216 0.695696
vn -0.650043 0.250673 0.717362
vn -0.672859 0.273979 0.687165
vn -0.622974 0.331779 0.708397
vn -0.363836 0.567217 0.738842
vn -0.360195 0.576529 0.733399
vn -0.730308 0.124632 0.671652
vn -0.694427 0.175385 0.697862
vn -0.676973 0.256895 0.689719
vn -0.720706 0.202220 0.663091
vn -0.362083 0.578161 0.731181
vn -0.358403 0.586237 0.726549
vn -0.361077 0.588971 0.723005
vn -0.357564 0.595804 0.719143
vn -0.697604 0.096407 0.709968
vn -0.019372 -0.009618 0.999766
vn -0.021863 0.001655 0.999760
vn -0.028560 0.013667 0.999499
vn -0.039636 0.008439 0.999179
vn -0.081080 0.052373 0.995331
vn -0.110546 0.040631 0.993040
vn -0.123257 0.060401 0.990535
vn -0.164654 0.103143 0.980944
vn -0.025142 0.001949 0.999682
vn -0.035265 0.013203 0.999291
vn -0.048751 0.021202 0.998586
vn -0.070211 0.025532 0.997205
vn -0.078534 0.021255 0.996685
vn -0.070176 0.039537 0.996751
vn -0.091583 0.031382 0.995303
vn -0.097699 0.047689 0.994073
vn -0.103143 0.046062 0.993599
vn -0.249089 0.146491 0.957337
vn -0.171842 0.089570 0.981044
vn -0.200108 0.142793 0.969313
vn -0.162790 0.088841 0.982653
vn -0.154453 0.103060 0.982610
vn -0.103256 0.044535 0.993657
vn -0.104462 0.071919 0.991925
vn -0.036067 0.013288 0.999261
vn -0.037663 0.026381 0.998942
vn -0.036334 0.022748 0.999081
vn -0.205865 0.092577 0.974191
vn -0.108782 0.066340 0.991849
vn -0.032645 0.018233 0.999301
vn -0.033669 0.019747 0.999238
vn -0.097951 0.053612 0.993746
vn -0.101206 0.058351 0.993153
vn -0.012728 -0.026121 0.999578
vn -0.044080 -0.041228 0.998177
vn -0.035382 -0.078060 0.996321
vn -0.062103 -0.128180 0.989805
vn -0.066437 -0.126000 0.989803
vn -0.067440 -0.122137 0.990219
vn -0.071450 -0.119851 0.990218
vn -0.072206 -0.115930 0.990629
vn -0.076121 -0.113411 0.990628
vn -0.076625 -0.109446 0.991035
vn -0.079940 -0.107047 0.991035
vn -0.080507 -0.103489 0.991367
vn -0.083294 -0.101267 0.991366
vn -0.083664 -0.097688 0.991694
vn -0.086406 -0.095281 0.991693
vn -0.086575 -0.091693 0.992017
vn -0.089185 -0.089168 0.992016
vn -0.089147 -0.085573 0.992336
vn -0.092872 -0.081594 0.992329
vn -0.091472 -0.076964 0.992829
vn -0.095847 -0.071465 0.992827
vn -0.094139 -0.067040 0.993299
vn -0.098016 -0.061273 0.993297
vn -0.095850 -0.056956 0.993765
vn -0.099154 -0.051023 0.993763
vn -0.096679 -0.046940 0.994208
vn -0.099518 -0.040652 0.994205
vn -0.096393 -0.036665 0.994668
vn -0.098749 -0.029827 0.994665
vn -0.095100 -0.026092 0.995126
vn -0.096848 -0.018773 0.995122
vn -0.092409 -0.015304 0.995604
vn -0.093423 -0.007323 0.995600
vn -0.088111 -0.004269 0.996102
vn -0.088129 -0.001317 0.996108
vn -0.088007 0.001053 0.996119
vn -0.088000 -0.001151 0.996120
vn -0.087917 0.001289 0.996127
vn -0.087913 -0.001247 0.996127
vn -0.087853 0.002009 0.996131
vn -0.087535 -0.073875 0.993418
vn -0.083971 0.114728 0.989842
vn -0.084363 -0.035556 0.995800
vn -0.082207 0.053639 0.995171
vn -0.082302 -0.023618 0.996328
vn -0.080667 0.035380 0.996113
vn -0.080683 -0.017381 0.996588
vn -0.077859 0.025820 0.996630
vn -0.077879 -0.012421 0.996885
vn -0.074383 0.018654 0.997055
vn -0.074392 -0.009071 0.997188
vn -0.070936 0.013713 0.997387
vn -0.070941 -0.006995 0.997456
vn -0.068119 0.010534 0.997622
vn -0.068121 -0.005802 0.997660
vn -0.062433 0.008666 0.998011
vn -0.062435 -0.004256 0.998040
vn -0.055210 0.006401 0.998454
vn -0.055211 -0.002999 0.998470
vn -0.047711 0.004599 0.998851
vn -0.047712 -0.002098 0.998859
vn -0.041600 0.003193 0.999129
vn -0.041600 -0.001642 0.999133
vn -0.035095 0.002396 0.999381
vn -0.035095 -0.001197 0.999383
vn -0.029389 0.001808 0.999566
vn -0.029389 -0.000988 0.999568
vn -0.021927 0.001485 0.999758
vn -0.021927 -0.000673 0.999759
vn -0.015480 0.001005 0.999880
vn -0.015477 -0.000459 0.999880
vn -0.009739 0.000696 0.999952
vn -0.009741 -0.000131 0.999953
vn -0.006455 0.000248 0.999979
vn -0.006455 -0.000297 0.999979
vn -0.002076 0.000399 0.999998
vn -0.002076 -0.000119 0.999998
vn -0.092890 -0.140266 0.985747
vn -0.082441 -0.181018 0.980018
vn -0.092526 -0.175951 0.980041
vn -0.094174 -0.170459 0.980854
vn -0.099542 -0.167398 0.980851
vn -0.100839 -0.161812 0.981656
vn -0.106083 -0.158438 0.981654
vn -0.107022 -0.152776 0.982449
vn -0.111444 -0.149576 0.982450
vn -0.112446 -0.144475 0.983098
vn -0.116145 -0.141527 0.983097
vn -0.116866 -0.136388 0.983738
vn -0.120509 -0.133191 0.983737
vn -0.120942 -0.128027 0.984369
vn -0.124409 -0.124673 0.984367
vn -0.124544 -0.119490 0.984993
vn -0.129562 -0.114130 0.984981
vn -0.127825 -0.107458 0.985958
vn -0.133752 -0.100009 0.985956
vn -0.131564 -0.093603 0.986879
vn -0.136814 -0.085795 0.986874
vn -0.133971 -0.079520 0.987790
vn -0.138439 -0.071496 0.987787
vn -0.135144 -0.065529 0.988657
vn -0.138982 -0.057027 0.988652
vn -0.134759 -0.051163 0.989557
vn -0.137944 -0.041918 0.989553
vn -0.132965 -0.036380 0.990453
vn -0.135326 -0.026493 0.990447
vn -0.129212 -0.021284 0.991389
vn -0.130580 -0.010515 0.991382
vn -0.123209 -0.005838 0.992364
vn -0.123234 -0.002021 0.992376
vn -0.123064 0.001478 0.992398
vn -0.123054 -0.001769 0.992398
vn -0.122937 0.001843 0.992413
vn -0.122931 -0.002121 0.992413
vn -0.122839 0.003057 0.992422
vn -0.121853 -0.118801 0.985413
vn -0.116533 0.162688 0.979772
vn -0.117773 -0.053766 0.991584
vn -0.114835 0.072434 0.990740
vn -0.115062 -0.036054 0.992704
vn -0.112735 0.047965 0.992467
vn -0.112793 -0.026910 0.993254
vn -0.108870 0.035416 0.993425
vn -0.108918 -0.019402 0.993861
vn -0.104031 0.025897 0.994237
vn -0.104056 -0.014176 0.994470
vn -0.099225 0.019082 0.994882
vn -0.099238 -0.010877 0.995004
vn -0.095295 0.014563 0.995343
vn -0.095300 -0.009338 0.995405
vn -0.087350 0.012376 0.996101
vn -0.087355 -0.006982 0.996153
vn -0.077256 0.009339 0.996968
vn -0.077259 -0.004964 0.996999
vn -0.066773 0.006804 0.997745
vn -0.066774 -0.003463 0.997762
vn -0.058223 0.004700 0.998293
vn -0.058223 -0.002765 0.998300
vn -0.049127 0.003562 0.998786
vn -0.049127 -0.002015 0.998791
vn -0.041141 0.002708 0.999150
vn -0.041142 -0.001731 0.999152
vn -0.030694 0.002315 0.999526
vn -0.030694 -0.001197 0.999528
vn -0.021672 0.001588 0.999764
vn -0.021665 -0.000834 0.999765
vn -0.013636 0.001126 0.999906
vn -0.013639 -0.000333 0.999907
vn -0.008314 0.000486 0.999965
vn -0.008314 -0.000487 0.999965
vn -0.002674 0.000610 0.999996
vn -0.002674 -0.000200 0.999996
vn -0.111596 -0.228629 0.967096
vn -0.140921 -0.237374 0.961142
vn -0.128311 -0.281614 0.950910
vn -0.160199 -0.325848 0.931751
vn -0.168078 -0.321881 0.931742
vn -0.172798 -0.311216 0.934497
vn -0.181049 -0.306510 0.934491
vn -0.185090 -0.295570 0.937219
vn -0.193174 -0.290368 0.937214
vn -0.196515 -0.279186 0.939913
vn -0.203196 -0.274352 0.939916
vn -0.206496 -0.264139 0.942120
vn -0.211943 -0.259797 0.942118
vn -0.214684 -0.249434 0.944295
vn -0.220080 -0.244697 0.944292
vn -0.222243 -0.234212 0.946442
vn -0.227377 -0.229245 0.946439
vn -0.228943 -0.218645 0.948567
vn -0.236864 -0.210174 0.948537
vn -0.235214 -0.196556 0.951861
vn -0.244823 -0.184477 0.951856
vn -0.242208 -0.171210 0.954999
vn -0.250697 -0.158579 0.954989
vn -0.246764 -0.145384 0.958108
vn -0.253956 -0.132466 0.958102
vn -0.249034 -0.119698 0.961070
vn -0.255198 -0.106036 0.961057
vn -0.248453 -0.093239 0.964146
vn -0.253571 -0.078376 0.964136
vn -0.245252 -0.065970 0.967212
vn -0.249026 -0.050156 0.967197
vn -0.238419 -0.038060 0.970416
vn -0.240594 -0.020915 0.970400
vn -0.227389 -0.009430 0.973758
vn -0.227425 -0.004514 0.973785
vn -0.227121 0.003285 0.973861
vn -0.227099 -0.004028 0.973863
vn -0.226886 0.003906 0.973913
vn -0.226867 -0.007572 0.973896
vn -0.226500 0.014347 0.973905
vn -0.217558 -0.275464 0.936369
vn -0.206310 0.316991 0.925717
vn -0.215917 -0.108641 0.970349
vn -0.210839 0.130521 0.968768
vn -0.212047 -0.075800 0.974315
vn -0.207552 0.088039 0.974254
vn -0.207943 -0.058555 0.976387
vn -0.200876 0.066977 0.977324
vn -0.201139 -0.043356 0.978603
vn -0.192156 0.050686 0.980054
vn -0.192307 -0.031696 0.980823
vn -0.183433 0.037574 0.982314
vn -0.183510 -0.024038 0.982724
vn -0.176263 0.028232 0.983938
vn -0.176289 -0.022450 0.984082
vn -0.161672 0.025949 0.986503
vn -0.161702 -0.017548 0.986684
vn -0.143100 0.020568 0.989495
vn -0.143119 -0.012718 0.989624
vn -0.123768 0.015439 0.992191
vn -0.123778 -0.008811 0.992271
vn -0.107974 0.010548 0.994098
vn -0.107977 -0.007351 0.994126
vn -0.091140 0.008171 0.995805
vn -0.091142 -0.005339 0.995824
vn -0.076350 0.006304 0.997061
vn -0.076350 -0.004956 0.997069
vn -0.056983 0.005803 0.998358
vn -0.056983 -0.003523 0.998369
vn -0.040226 0.004080 0.999182
vn -0.040209 -0.002538 0.999188
vn -0.025324 0.003010 0.999675
vn -0.025333 -0.001415 0.999678
vn -0.013852 0.001675 0.999903
vn -0.013852 -0.001316 0.999903
vn -0.004470 0.001508 0.999989
vn -0.004470 -0.000566 0.999990
vn -0.187592 -0.331347 0.924672
vn -0.172362 -0.378568 0.909383
vn -0.192046 -0.368720 0.909486
vn -0.198262 -0.356222 0.913125
vn -0.206975 -0.351251 0.913118
vn -0.212398 -0.338389 0.916723
vn -0.220945 -0.332887 0.916717
vn -0.225546 -0.319698 0.920284
vn -0.232535 -0.314641 0.920287
vn -0.237016 -0.302531 0.923200
vn -0.242632 -0.298053 0.923198
vn -0.246453 -0.285730 0.926078
vn -0.252034 -0.280830 0.926074
vn -0.255168 -0.268330 0.928918
vn -0.260477 -0.263194 0.928914
vn -0.262904 -0.250525 0.931729
vn -0.271383 -0.241452 0.931693
vn -0.270230 -0.225181 0.936093
vn -0.280651 -0.212081 0.936086
vn -0.278324 -0.196140 0.940247
vn -0.287519 -0.182458 0.940235
vn -0.283627 -0.166519 0.944366
vn -0.291397 -0.152560 0.944359
vn -0.286297 -0.137041 0.948290
vn -0.292949 -0.122296 0.948275
vn -0.285698 -0.106631 0.952369
vn -0.291221 -0.090590 0.952357
vn -0.282075 -0.075267 0.956435
vn -0.286136 -0.058249 0.956417
vn -0.274266 -0.043132 0.960686
vn -0.276599 -0.024733 0.960667
vn -0.261604 -0.010129 0.965122
vn -0.261640 -0.005508 0.965150
vn -0.261295 0.004100 0.965250
vn -0.261268 -0.004997 0.965253
vn -0.261023 0.004856 0.965321
vn -0.260973 -0.014724 0.965234
vn -0.259694 0.050001 0.964395
vn -0.246055 -0.320320 0.914797
vn -0.235433 0.337310 0.911479
vn -0.247723 -0.126668 0.960515
vn -0.241969 0.150207 0.958587
vn -0.243754 -0.089909 0.965661
vn -0.238512 0.102225 0.965744
vn -0.239108 -0.070057 0.968462
vn -0.231054 0.078367 0.969780
vn -0.231450 -0.052301 0.971440
vn -0.221144 0.059938 0.973397
vn -0.221380 -0.038281 0.974436
vn -0.211190 0.044547 0.976429
vn -0.211311 -0.028929 0.976991
vn -0.202991 0.033312 0.978614
vn -0.203026 -0.027651 0.978783
vn -0.186242 0.031289 0.982006
vn -0.186289 -0.021863 0.982252
vn -0.164908 0.025117 0.985989
vn -0.164939 -0.015921 0.986175
vn -0.142679 0.018988 0.989587
vn -0.142696 -0.011012 0.989705
vn -0.124502 0.012939 0.992135
vn -0.124507 -0.009284 0.992175
vn -0.105111 0.010077 0.994409
vn -0.105114 -0.006739 0.994437
vn -0.088064 0.007802 0.996084
vn -0.088065 -0.006362 0.996094
vn -0.065738 0.007299 0.997810
vn -0.065739 -0.004549 0.997826
vn -0.046402 0.005161 0.998909
vn -0.046381 -0.003298 0.998918
vn -0.029227 0.003832 0.999565
vn -0.029239 -0.001936 0.999571
vn -0.016006 0.002135 0.999870
vn -0.016005 -0.001768 0.999870
vn -0.005150 0.002074 0.999985
vn -0.005150 -0.000750 0.999986
vn -0.216249 -0.428420 0.877322
vn -0.224196 -0.419371 0.879696
vn -0.217631 -0.422704 0.879749
vn -0.229540 -0.406039 0.884558
vn -0.234882 -0.402989 0.884551
vn -0.245715 -0.385667 0.889317
vn -0.251053 -0.382229 0.889310
vn -0.260771 -0.364290 0.894031
vn -0.264538 -0.361563 0.894031
vn -0.273861 -0.344674 0.897887
vn -0.276268 -0.342754 0.897884
vn -0.284664 -0.325440 0.901696
vn -0.287208 -0.323205 0.901693
vn -0.294639 -0.305507 0.905457
vn -0.297058 -0.303166 0.905454
vn -0.303493 -0.285093 0.909183
vn -0.309678 -0.278467 0.909151
vn -0.311965 -0.255891 0.914985
vn -0.320611 -0.245017 0.914973
vn -0.321198 -0.222543 0.920493
vn -0.328788 -0.211242 0.920476
vn -0.327226 -0.188478 0.925959
vn -0.333554 -0.177104 0.925946
vn -0.330211 -0.154566 0.931166
vn -0.335636 -0.142531 0.931146
vn -0.329433 -0.119506 0.936585
vn -0.333990 -0.106260 0.936568
vn -0.325139 -0.083320 0.941989
vn -0.328488 -0.069264 0.941965
vn -0.315976 -0.046184 0.947642
vn -0.317909 -0.030914 0.947617
vn -0.301147 -0.007976 0.953544
vn -0.301143 -0.008393 0.953542
vn -0.300769 0.007645 0.953666
vn -0.300725 -0.007820 0.953679
vn -0.300451 0.008602 0.953758
vn -0.299668 -0.068264 0.951598
vn -0.293590 0.169256 0.940828
vn -0.271476 -0.407956 0.871707
vn -0.261919 0.413863 0.871846
vn -0.282265 -0.185480 0.941235
vn -0.274779 0.222683 0.935366
vn -0.279321 -0.133814 0.950828
vn -0.272784 0.154591 0.949574
vn -0.274525 -0.103148 0.956032
vn -0.265143 0.117900 0.956974
vn -0.266215 -0.076907 0.960841
vn -0.254261 0.089817 0.962956
vn -0.254888 -0.056288 0.965331
vn -0.243127 0.066701 0.967698
vn -0.243447 -0.042723 0.968973
vn -0.233858 0.050138 0.970977
vn -0.233966 -0.039888 0.971426
vn -0.214669 0.046093 0.975598
vn -0.214793 -0.031184 0.976162
vn -0.190205 0.036543 0.981064
vn -0.190283 -0.022608 0.981469
vn -0.164653 0.027437 0.985970
vn -0.164695 -0.015662 0.986220
vn -0.143731 0.018748 0.989439
vn -0.143744 -0.013068 0.989529
vn -0.121381 0.014526 0.992500
vn -0.121389 -0.009492 0.992560
vn -0.101716 0.011209 0.994750
vn -0.101718 -0.008808 0.994774
vn -0.075941 0.010316 0.997059
vn -0.075944 -0.006263 0.997092
vn -0.053614 0.007253 0.998535
vn -0.053585 -0.004508 0.998553
vn -0.033771 0.005345 0.999415
vn -0.033788 -0.002519 0.999426
vn -0.018464 0.002982 0.999825
vn -0.018464 -0.002337 0.999827
vn -0.005957 0.002682 0.999979
vn -0.005957 -0.001006 0.999982
vn -0.219076 -0.495171 0.840721
vn -0.277366 -0.503949 0.817987
vn -0.245398 -0.551829 0.797035
vn -0.302209 -0.588625 0.749794
vn -0.306306 -0.584741 0.751169
vn -0.298783 -0.586899 0.752515
vn -0.341944 -0.551515 0.760858
vn -0.322627 -0.553518 0.767808
vn -0.375584 -0.518188 0.768387
vn -0.343730 -0.515241 0.785096
vn -0.366216 -0.505000 0.781576
vn -0.351455 -0.437813 0.827526
vn -0.350325 -0.438715 0.827527
vn -0.325655 -0.370528 0.869861
vn -0.326878 -0.369454 0.869859
vn -0.404629 -0.464502 0.787726
vn -0.380239 -0.468161 0.797649
vn -0.365515 -0.413570 0.833881
vn -0.364697 -0.414290 0.833883
vn -0.337148 -0.347901 0.874812
vn -0.338299 -0.346786 0.874810
vn -0.399654 -0.455039 0.795749
vn -0.429676 -0.411604 0.803717
vn -0.410583 -0.417740 0.810503
vn -0.432860 -0.396215 0.809720
vn -0.401716 -0.325081 0.856123
vn -0.408761 -0.316214 0.856109
vn -0.368060 -0.253295 0.894636
vn -0.375235 -0.242609 0.894617
vn -0.447395 -0.350469 0.822806
vn -0.448976 -0.348940 0.822594
vn -0.413912 -0.282564 0.865352
vn -0.419968 -0.273540 0.865334
vn -0.375115 -0.214378 0.901848
vn -0.381011 -0.203776 0.901834
vn -0.463215 -0.297561 0.834799
vn -0.460331 -0.300068 0.835497
vn -0.422035 -0.238934 0.874527
vn -0.426866 -0.230243 0.874513
vn -0.378664 -0.175596 0.908724
vn -0.383692 -0.164435 0.908703
vn -0.474197 -0.243002 0.846219
vn -0.465709 -0.249308 0.849094
vn -0.426190 -0.195410 0.883276
vn -0.430259 -0.186371 0.883257
vn -0.377916 -0.135391 0.915887
vn -0.382148 -0.123084 0.915868
vn -0.480484 -0.188505 0.856505
vn -0.465426 -0.196815 0.862927
vn -0.425536 -0.150131 0.892401
vn -0.428962 -0.140160 0.892383
vn -0.373108 -0.093835 0.923030
vn -0.376181 -0.080930 0.923005
vn -0.480744 -0.132133 0.866849
vn -0.458491 -0.141514 0.877360
vn -0.420269 -0.103255 0.901506
vn -0.422687 -0.093087 0.901483
vn -0.362681 -0.051094 0.930512
vn -0.364433 -0.037222 0.930485
vn -0.467684 -0.105775 0.877544
vn -0.452484 -0.052842 0.890205
vn -0.458501 -0.027907 0.888256
vn -0.442064 -0.043158 0.895945
vn -0.432535 0.009736 0.901565
vn -0.432403 0.015581 0.901546
vn -0.431280 0.020575 0.901983
vn -0.431283 -0.015459 0.902084
vn -0.431276 -0.015795 0.902082
vn -0.388940 0.012669 0.921176
vn -0.389397 -0.013283 0.920974
vn -0.345231 0.009851 0.938466
vn -0.345648 -0.010611 0.938304
vn -0.398159 -0.375164 0.837091
vn -0.427073 0.030841 0.903691
vn -0.426089 0.069740 0.901989
vn -0.404310 0.317091 0.857896
vn -0.248571 0.809913 0.531276
vn -0.384151 0.418530 0.822958
vn -0.385835 -0.384375 0.838682
vn -0.380449 0.385274 0.840728
vn -0.396778 -0.267591 0.878045
vn -0.399085 0.195209 0.895893
vn -0.393275 -0.137517 0.909079
vn -0.391623 -0.164568 0.905290
vn -0.341799 0.157784 0.926433
vn -0.344056 -0.109400 0.932554
vn -0.291817 0.106155 0.950565
vn -0.292797 -0.067932 0.953758
vn -0.382544 0.138757 0.913458
vn -0.376832 -0.098128 0.921069
vn -0.328683 0.123228 0.936367
vn -0.330139 -0.080244 0.940515
vn -0.279332 0.079009 0.956938
vn -0.279838 -0.051387 0.958671
vn -0.370272 0.064127 0.926707
vn -0.354109 -0.043251 0.934203
vn -0.315015 0.091964 0.944621
vn -0.315776 -0.060516 0.946902
vn -0.268864 0.059148 0.961360
vn -0.269010 -0.049116 0.961884
vn -0.352631 0.034021 0.935144
vn -0.336909 -0.026361 0.941168
vn -0.303455 0.068589 0.950374
vn -0.303640 -0.059099 0.950952
vn -0.246930 0.055562 0.967439
vn -0.247125 -0.038846 0.968204
vn -0.335497 -0.064237 0.939849
vn -0.312282 0.064381 0.947805
vn -0.309960 0.004484 0.950739
vn -0.281807 -0.005097 0.959458
vn -0.281100 -0.000244 0.959678
vn -0.244283 0.001403 0.969703
vn -0.244007 0.002784 0.969769
vn -0.213664 -0.000524 0.976907
vn -0.213261 0.001034 0.976995
vn -0.186818 -0.004029 0.982386
vn -0.189451 -0.009544 0.981844
vn -0.148318 0.004706 0.988929
vn -0.147126 -0.016360 0.988982
vn -0.099235 0.015932 0.994936
vn -0.099242 -0.010138 0.995012
vn -0.061843 0.009172 0.998044
vn -0.061806 -0.005857 0.998071
vn -0.111515 0.018276 0.993595
vn -0.110124 -0.011975 0.993846
vn -0.070065 0.011311 0.997478
vn -0.070020 -0.007377 0.997518
vn -0.038969 0.006807 0.999217
vn -0.038990 -0.003444 0.999234
vn -0.078281 0.013541 0.996839
vn -0.078227 -0.009066 0.996894
vn -0.044165 0.008444 0.998989
vn -0.044193 -0.004510 0.999013
vn -0.020932 0.003965 0.999773
vn -0.020932 -0.002989 0.999776
vn -0.049359 0.010257 0.998728
vn -0.049394 -0.006913 0.998755
vn -0.108414 -0.039966 0.993302
vn -0.135660 -0.053806 0.989293
vn -0.013643 -0.000192 0.999907
vn -0.013571 0.002285 0.999905
vn -0.013172 0.001437 0.999912
vn -0.037476 -0.001928 0.999296
vn -0.033137 0.003864 0.999443
vn -0.016915 -0.001300 0.999856
vn -0.018318 0.000336 0.999832
vn -0.018370 0.000393 0.999831
vn -0.052843 -0.000556 0.998603
vn -0.052794 0.000813 0.998605
vn -0.018282 -0.000796 0.999833
vn -0.018734 -0.002660 0.999821
vn -0.017453 -0.003589 0.999841
vn -0.019498 -0.003147 0.999805
vn -0.018992 -0.005689 0.999803
vn -0.020558 -0.005573 0.999773
vn -0.019240 -0.007179 0.999789
vn -0.059842 -0.024292 0.997912
vn -0.058087 -0.028179 0.997914
vn -0.020390 -0.008685 0.999754
vn -0.019354 -0.009250 0.999770
vn -0.059638 -0.030534 0.997753
vn -0.057597 -0.034199 0.997754
vn -0.020144 -0.011195 0.999734
vn -0.019336 -0.011340 0.999749
vn -0.058970 -0.036701 0.997585
vn -0.056577 -0.040260 0.997586
vn -0.019530 -0.013551 0.999717
vn -0.019228 -0.013543 0.999723
vn -0.057682 -0.042836 0.997416
vn -0.054983 -0.046229 0.997417
vn -0.018620 -0.015710 0.999703
vn -0.018920 -0.015769 0.999697
vn -0.055909 -0.048934 0.997236
vn -0.053599 -0.051400 0.997239
vn -0.017552 -0.017745 0.999688
vn -0.019188 -0.018293 0.999649
vn -0.053695 -0.053501 0.997123
vn -0.052060 -0.055082 0.997124
vn -0.017606 -0.018444 0.999675
vn -0.016715 -0.020133 0.999658
vn -0.017683 -0.020479 0.999634
vn -0.016317 -0.020736 0.999652
vn -0.048163 -0.064272 0.996770
vn -0.046092 -0.065770 0.996770
vn -0.015625 -0.022365 0.999628
vn -0.015879 -0.022456 0.999622
vn -0.045879 -0.068107 0.996623
vn -0.043442 -0.069675 0.996623
vn -0.014618 -0.023182 0.999624
vn -0.014417 -0.024581 0.999594
vn -0.013716 -0.024527 0.999605
vn -0.006735 -0.001288 0.999977
vn -0.003871 -0.000424 0.999992
vn -0.003273 -0.000302 0.999995
vn -0.001517 -0.000062 0.999999
vn -0.000878 -0.000019 1.000000
vn -0.002640 0.000008 0.999997
vn -0.004362 0.000030 0.999990
vn -0.009290 -0.000181 0.999957
vn -0.009292 0.000546 0.999957
vn -0.009154 0.000243 0.999958
vn -0.010285 0.000371 0.999947
vn -0.024964 -0.000720 0.999688
vn -0.024964 0.001908 0.999686
vn -0.019301 0.002747 0.999810
vn -0.020590 0.003628 0.999781
vn -0.046760 -0.005949 0.998888
vn -0.046755 0.016706 0.998767
vn -0.025651 0.007976 0.999639
vn -0.028730 0.010924 0.999528
vn -0.052688 -0.034155 0.998027
vn -0.052758 0.001197 0.998607
vn -0.246643 -0.481519 0.841016
vn -0.273839 -0.537799 0.797361
vn -0.294220 -0.514646 0.805341
vn -0.296179 -0.513526 0.805338
vn -0.315107 -0.489204 0.813257
vn -0.317207 -0.487850 0.813254
vn -0.334614 -0.462404 0.821106
vn -0.334969 -0.462147 0.821106
vn -0.118207 -0.225302 0.967091
vn -0.143435 -0.274027 0.950966
vn -0.146914 -0.265140 0.952952
vn -0.154431 -0.260852 0.952947
vn -0.157344 -0.251762 0.954913
vn -0.164701 -0.247028 0.954909
vn -0.167031 -0.237765 0.956853
vn -0.173162 -0.233328 0.956856
vn -0.175508 -0.224910 0.958443
vn -0.180559 -0.220883 0.958441
vn -0.182442 -0.212361 0.960009
vn -0.187436 -0.207978 0.960007
vn -0.188842 -0.199379 0.961554
vn -0.193595 -0.194782 0.961551
vn -0.194509 -0.186110 0.963083
vn -0.201648 -0.178478 0.963059
vn -0.199758 -0.167331 0.965452
vn -0.208328 -0.156560 0.965447
vn -0.205659 -0.145755 0.967709
vn -0.213238 -0.134480 0.967701
vn -0.209485 -0.123791 0.969944
vn -0.215918 -0.112238 0.969939
vn -0.211375 -0.101957 0.972073
vn -0.216894 -0.089728 0.972063
vn -0.210840 -0.079494 0.974283
vn -0.215421 -0.066192 0.974275
vn -0.208087 -0.056357 0.976485
vn -0.211473 -0.042174 0.976473
vn -0.202261 -0.032699 0.978786
vn -0.204216 -0.017290 0.978773
vn -0.192888 -0.008453 0.981184
vn -0.192922 -0.003627 0.981207
vn -0.192660 0.002585 0.981262
vn -0.192642 -0.003177 0.981264
vn -0.192461 0.003141 0.981300
vn -0.192449 -0.004894 0.981295
vn -0.192243 0.007273 0.981320
vn -0.187303 -0.221336 0.957041
vn -0.177928 0.267176 0.947079
vn -0.183613 -0.090438 0.978830
vn -0.179223 0.110956 0.977532
vn -0.179987 -0.062141 0.981704
vn -0.176228 0.074307 0.981541
vn -0.176466 -0.047523 0.983159
vn -0.170417 0.056024 0.983778
vn -0.170582 -0.034853 0.984727
vn -0.162952 0.041899 0.985744
vn -0.163042 -0.025493 0.986290
vn -0.155499 0.031017 0.987349
vn -0.155544 -0.019396 0.987638
vn -0.149386 0.023419 0.988502
vn -0.149404 -0.017660 0.988619
vn -0.136987 0.021014 0.990350
vn -0.137005 -0.013628 0.990477
vn -0.121213 0.016422 0.992491
vn -0.121224 -0.009825 0.992577
vn -0.104808 0.012225 0.994417
vn -0.104813 -0.006819 0.994469
vn -0.091415 0.008377 0.995778
vn -0.091417 -0.005621 0.995797
vn -0.077149 0.006451 0.996999
vn -0.077150 -0.004084 0.997011
vn -0.064621 0.004957 0.997898
vn -0.064622 -0.003715 0.997903
vn -0.048223 0.004473 0.998827
vn -0.048223 -0.002622 0.998833
vn -0.034044 0.003125 0.999416
vn -0.034032 -0.001874 0.999419
vn -0.021431 0.002282 0.999768
vn -0.021437 -0.000976 0.999770
vn -0.012006 0.001200 0.999927
vn -0.012006 -0.000995 0.999927
vn -0.003871 0.001164 0.999992
vn -0.040074 -0.075700 0.996325
vn -0.040583 -0.073414 0.996475
vn -0.266458 -0.459397 0.847322
vn -0.262385 -0.461724 0.847328
vn -0.280937 -0.438716 0.853582
vn -0.127217 -0.214406 0.968424
vn -0.120670 -0.218139 0.968429
vn -0.129224 -0.207103 0.969747
vn -0.043079 -0.071991 0.996475
vn -0.285071 -0.436052 0.853576
vn -0.298230 -0.414537 0.859778
vn -0.135625 -0.202984 0.969744
vn -0.137163 -0.195562 0.971052
vn -0.300683 -0.412761 0.859778
vn -0.313221 -0.392341 0.864848
vn -0.314226 -0.391539 0.864846
vn -0.142532 -0.191675 0.971054
vn -0.144119 -0.184961 0.972121
vn -0.148580 -0.181405 0.972119
vn -0.149798 -0.174623 0.973174
vn -0.154199 -0.170760 0.973172
vn -0.155036 -0.163933 0.974212
vn -0.159225 -0.159881 0.974210
vn -0.159671 -0.153011 0.975240
vn -0.165833 -0.146425 0.975222
vn -0.163925 -0.137589 0.976830
vn -0.171258 -0.128373 0.976827
vn -0.168743 -0.119851 0.978346
vn -0.175234 -0.110196 0.978340
vn -0.171855 -0.101807 0.979847
vn -0.177372 -0.091898 0.979844
vn -0.173381 -0.083876 0.981277
vn -0.178117 -0.073381 0.981269
vn -0.172913 -0.065447 0.982760
vn -0.176844 -0.054035 0.982755
vn -0.170630 -0.046474 0.984239
vn -0.173541 -0.034285 0.984230
vn -0.165834 -0.027091 0.985782
vn -0.167517 -0.013829 0.985772
vn -0.158138 -0.007242 0.987391
vn -0.158168 -0.002787 0.987408
vn -0.157952 0.001976 0.987445
vn -0.157938 -0.002427 0.987446
vn -0.157789 0.002457 0.987470
vn -0.157781 -0.003327 0.987469
vn -0.157643 0.004623 0.987485
vn -0.155249 -0.168196 0.973452
vn -0.147966 0.214144 0.965530
vn -0.150869 -0.072036 0.985926
vn -0.147188 0.091616 0.984856
vn -0.147633 -0.048837 0.987836
vn -0.144599 0.060918 0.987613
vn -0.144729 -0.036942 0.988782
vn -0.139731 0.045488 0.989144
vn -0.139825 -0.026868 0.989812
vn -0.133559 0.033661 0.990469
vn -0.133609 -0.019639 0.990840
vn -0.127417 0.024849 0.991538
vn -0.127442 -0.015010 0.991732
vn -0.122385 0.018868 0.992303
vn -0.122396 -0.013282 0.992392
vn -0.112205 0.016490 0.993548
vn -0.112214 -0.010105 0.993633
vn -0.099258 0.012681 0.994981
vn -0.099264 -0.007238 0.995035
vn -0.085806 0.009346 0.996268
vn -0.085809 -0.005036 0.996299
vn -0.074830 0.006428 0.997176
vn -0.074831 -0.004092 0.997188
vn -0.063144 0.004914 0.997992
vn -0.063145 -0.002977 0.998000
vn -0.052882 0.003760 0.998594
vn -0.052882 -0.002639 0.998597
vn -0.039462 0.003310 0.999216
vn -0.039462 -0.001848 0.999219
vn -0.027854 0.002296 0.999609
vn -0.027845 -0.001305 0.999611
vn -0.017537 0.001654 0.999845
vn -0.017542 -0.000615 0.999846
vn -0.010160 0.000804 0.999948
vn -0.010160 -0.000719 0.999948
vn -0.003273 0.000865 0.999994
vn -0.050171 -0.060789 0.996889
vn -0.048423 -0.062182 0.996889
vn -0.050315 -0.058691 0.997007
vn -0.378524 -0.388388 0.840163
vn -0.377706 -0.389180 0.840165
vn -0.347372 -0.324695 0.879719
vn -0.352776 -0.318902 0.879688
vn -0.052034 -0.057182 0.997007
vn -0.394001 -0.358365 0.846367
vn -0.357357 -0.291315 0.887373
vn -0.365585 -0.280964 0.887359
vn -0.390122 -0.362528 0.846391
vn -0.057907 -0.022007 0.998079
vn -0.059362 -0.017782 0.998078
vn -0.057121 -0.015658 0.998244
vn -0.408623 -0.054903 0.911051
vn -0.409963 -0.044273 0.911027
vn -0.345678 -0.007008 0.938327
vn -0.389470 -0.004877 0.921026
vn -0.058203 -0.011130 0.998243
vn -0.055498 -0.009182 0.998417
vn -0.056126 -0.004241 0.998415
vn -0.052910 -0.002562 0.998596
vn -0.052922 -0.000683 0.998598
vn -0.052847 0.000686 0.998602
vn -0.018490 0.000517 0.999829
vn -0.353157 0.381700 0.854158
vn -0.372106 -0.285171 0.883298
vn -0.388525 0.013951 0.921332
vn -0.388874 -0.012533 0.921206
vn -0.327238 0.274390 0.904226
vn -0.339250 -0.176572 0.923976
vn -0.344863 0.011023 0.938588
vn -0.345175 -0.009969 0.938485
vn -0.344277 -0.429832 0.834697
vn -0.332457 0.446731 0.830605
vn -0.360070 -0.241690 0.901074
vn -0.349927 0.284503 0.892530
vn -0.358797 -0.183711 0.915159
vn -0.350013 0.203483 0.914377
vn -0.353649 -0.143617 0.924287
vn -0.309131 -0.414104 0.856128
vn -0.298052 0.429349 0.852540
vn -0.321874 -0.214191 0.922236
vn -0.313111 0.254114 0.915089
vn -0.319653 -0.158370 0.934206
vn -0.311981 0.178867 0.933099
vn -0.314565 -0.123037 0.941228
vn -0.303914 0.137565 0.942715
vn -0.305509 -0.092735 0.947663
vn -0.052792 -0.000581 0.998605
vn -0.050674 0.071305 0.996167
vn -0.022110 0.004824 0.999744
vn -0.023704 0.006207 0.999700
vn -0.049428 -0.011606 0.998710
vn -0.049400 0.035232 0.998158
vn -0.050730 -0.017605 0.998557
vn -0.018322 0.002176 0.999830
vn -0.042588 -0.003372 0.999087
vn -0.040892 0.006761 0.999141
vn -0.048463 0.023209 0.998555
vn -0.048461 -0.008410 0.998790
vn -0.044661 0.011925 0.998931
vn -0.044664 -0.004347 0.998993
vn -0.042587 0.008745 0.999054
vn -0.278853 0.065734 0.958081
vn -0.279145 -0.047212 0.959088
vn -0.218946 0.044614 0.974716
vn -0.219077 -0.028295 0.975297
vn -0.040893 -0.002690 0.999160
vn -0.037476 0.005369 0.999283
vn -0.012369 0.000893 0.999923
vn -0.033137 -0.001343 0.999450
vn -0.028635 0.002729 0.999586
vn -0.247458 0.053383 0.967427
vn -0.247664 -0.034536 0.968230
vn -0.189659 0.033741 0.981270
vn -0.189731 -0.019573 0.981641
vn -0.028635 -0.000945 0.999589
vn -0.011364 0.000575 0.999935
vn -0.214523 0.040632 0.975873
vn -0.214639 -0.023860 0.976402
vn -0.165639 0.022994 0.985918
vn -0.165660 -0.016504 0.986045
vn -0.007766 0.000140 0.999970
vn -0.017635 -0.000411 0.999844
vn -0.013157 0.000823 0.999913
vn -0.187455 0.027636 0.981884
vn -0.187488 -0.020296 0.982057
vn -0.139931 0.017915 0.989999
vn -0.139943 -0.011978 0.990087
vn -0.021060 0.001412 0.999777
vn -0.013157 -0.000274 0.999913
vn -0.006054 0.000069 0.999982
vn -0.158430 0.021629 0.987133
vn -0.158450 -0.014727 0.987257
vn -0.117296 0.013866 0.993000
vn -0.117300 -0.011310 0.993032
vn -0.021060 -0.000526 0.999778
vn -0.017635 0.001057 0.999844
vn -0.001185 0.000001 0.999999
vn -0.002763 -0.000055 0.999996
vn -0.000878 0.000111 1.000000
vn -0.004621 -0.000155 0.999989
vn -0.001517 0.000229 0.999999
vn -0.132846 -0.014104 0.991036
vn -0.087595 0.012976 0.996072
vn -0.087600 -0.008089 0.996123
vn -0.132840 0.016791 0.990995
vn -0.005847 0.000365 0.999983
vn -0.004621 0.000086 0.999989
vn -0.005848 -0.000008 0.999983
vn -0.006735 0.003380 0.999972
vn -0.002763 0.000004 0.999996
vn -0.000320 0.000000 1.000000
vn 0.014763 -0.036000 0.999243
vn 0.013748 -0.054617 0.998413
vn 0.048502 -0.106060 0.993176
vn 0.054363 -0.157310 0.986052
vn 0.075591 -0.177981 0.981126
vn 0.099058 -0.249952 0.963178
vn 0.088964 -0.253785 0.963161
vn 0.088964 -0.253785 0.963161
vn 0.075710 -0.258052 0.963160
vn 0.075710 -0.258052 0.963160
vn 0.062274 -0.261619 0.963160
vn 0.062274 -0.261620 0.963160
vn 0.048658 -0.264488 0.963161
vn 0.048658 -0.264489 0.963161
vn 0.034861 -0.266655 0.963161
vn 0.034861 -0.266655 0.963161
vn 0.020900 -0.268110 0.963162
vn 0.020900 -0.268110 0.963162
vn 0.006920 -0.268836 0.963161
vn 0.006920 -0.268836 0.963161
vn -0.007015 -0.268836 0.963160
vn -0.007015 -0.268837 0.963160
vn -0.020904 -0.268115 0.963160
vn -0.020904 -0.268115 0.963160
vn -0.034745 -0.266673 0.963161
vn -0.034746 -0.266672 0.963161
vn -0.048540 -0.264507 0.963161
vn -0.048540 -0.264508 0.963161
vn -0.062254 -0.261618 0.963162
vn -0.062254 -0.261618 0.963162
vn -0.075752 -0.258034 0.963162
vn -0.075752 -0.258033 0.963162
vn -0.089021 -0.253761 0.963162
vn -0.089021 -0.253762 0.963162
vn -0.099086 -0.249939 0.963178
vn -0.098066 -0.256408 0.961581
vn -0.134054 -0.315846 0.939293
vn -0.134259 -0.355076 0.925146
vn -0.161493 -0.382330 0.909804
vn -0.175630 -0.446395 0.877431
vn -0.180532 -0.449448 0.874874
vn -0.211583 -0.508701 0.834539
vn -0.182362 -0.519837 0.834574
vn -0.203288 -0.579488 0.789220
vn -0.172987 -0.589243 0.789220
vn -0.189729 -0.646272 0.739145
vn -0.155922 -0.655250 0.739145
vn -0.155922 -0.655250 0.739145
vn -0.121573 -0.662485 0.739144
vn -0.121574 -0.662484 0.739144
vn -0.087024 -0.667906 0.739141
vn -0.087024 -0.667906 0.739141
vn -0.052355 -0.671516 0.739139
vn -0.052355 -0.671515 0.739139
vn -0.017571 -0.673323 0.739140
vn -0.017571 -0.673323 0.739139
vn 0.017331 -0.673326 0.739143
vn 0.017331 -0.673325 0.739143
vn 0.052346 -0.671508 0.739146
vn 0.052347 -0.671508 0.739146
vn 0.087312 -0.667864 0.739144
vn 0.087312 -0.667864 0.739144
vn 0.121869 -0.662435 0.739140
vn 0.121870 -0.662436 0.739139
vn 0.155972 -0.655248 0.739136
vn 0.155971 -0.655247 0.739137
vn 0.189621 -0.646312 0.739138
vn 0.189622 -0.646312 0.739137
vn 0.222820 -0.635628 0.739141
vn 0.222819 -0.635627 0.739141
vn 0.255560 -0.623181 0.739145
vn 0.241853 -0.615525 0.750091
vn 0.238171 -0.566159 0.789138
vn 0.207695 -0.535258 0.818756
vn 0.211525 -0.508725 0.834540
vn 0.180482 -0.449470 0.874873
vn 0.160250 -0.457142 0.874838
vn 0.137264 -0.391569 0.909853
vn 0.116814 -0.398152 0.909851
vn 0.096564 -0.329134 0.939333
vn 0.079428 -0.333684 0.939333
vn 0.098037 -0.256420 0.961581
vn 0.134018 -0.315862 0.939293
vn 0.113470 -0.323692 0.939334
vn 0.113470 -0.323691 0.939334
vn 0.096564 -0.329133 0.939333
vn 0.134219 -0.355093 0.925146
vn 0.161450 -0.382348 0.909804
vn 0.137264 -0.391569 0.909853
vn 0.175580 -0.446417 0.877430
vn -0.189729 -0.646272 0.739145
vn -0.222964 -0.635572 0.739145
vn -0.203289 -0.579486 0.789221
vn -0.238235 -0.566130 0.789139
vn -0.207757 -0.535232 0.818757
vn -0.222963 -0.635573 0.739144
vn -0.255632 -0.623151 0.739145
vn -0.241923 -0.615495 0.750093
vn -0.075611 -0.177972 0.981126
vn -0.054381 -0.157302 0.986052
vn -0.048514 -0.106054 0.993176
vn -0.013755 -0.054614 0.998413
vn -0.014767 -0.035999 0.999243
vn -0.012880 -0.036716 0.999243
vn -0.012880 -0.036716 0.999243
vn -0.010960 -0.037334 0.999243
vn -0.010960 -0.037334 0.999243
vn -0.009007 -0.037853 0.999243
vn -0.009007 -0.037853 0.999243
vn -0.007023 -0.038271 0.999243
vn -0.007023 -0.038271 0.999243
vn -0.005027 -0.038584 0.999243
vn -0.005027 -0.038584 0.999243
vn -0.003025 -0.038793 0.999243
vn -0.003025 -0.038793 0.999243
vn -0.001015 -0.038897 0.999243
vn -0.001015 -0.038897 0.999243
vn 0.001001 -0.038897 0.999243
vn 0.001001 -0.038897 0.999243
vn 0.003024 -0.038792 0.999243
vn 0.003024 -0.038792 0.999243
vn 0.005044 -0.038582 0.999243
vn 0.005044 -0.038582 0.999243
vn 0.007040 -0.038268 0.999243
vn 0.007040 -0.038268 0.999243
vn 0.009010 -0.037853 0.999243
vn 0.009010 -0.037853 0.999243
vn 0.010954 -0.037337 0.999243
vn 0.010954 -0.037337 0.999243
vn 0.012872 -0.036720 0.999243
vn 0.012872 -0.036720 0.999243
vn 0.203157 -0.579539 0.789216
vn 0.203157 -0.579539 0.789216
vn 0.172889 -0.589281 0.789213
vn 0.172889 -0.589281 0.789213
vn 0.142208 -0.597428 0.789213
vn 0.142208 -0.597427 0.789214
vn 0.111115 -0.603980 0.789216
vn 0.111116 -0.603980 0.789215
vn 0.079608 -0.608930 0.789219
vn 0.079608 -0.608930 0.789219
vn 0.047727 -0.612253 0.789220
vn 0.047727 -0.612253 0.789220
vn 0.015802 -0.613910 0.789218
vn 0.015802 -0.613910 0.789218
vn -0.016020 -0.613908 0.789215
vn -0.016020 -0.613908 0.789215
vn -0.047735 -0.612260 0.789214
vn -0.047735 -0.612260 0.789214
vn -0.079345 -0.608968 0.789216
vn -0.079344 -0.608968 0.789216
vn -0.110845 -0.604025 0.789219
vn -0.110846 -0.604024 0.789220
vn -0.142163 -0.597428 0.789221
vn -0.142163 -0.597428 0.789221
vn -0.172987 -0.589243 0.789220
vn 0.182245 -0.519882 0.834572
vn 0.182245 -0.519882 0.834572
vn 0.155092 -0.528622 0.834569
vn 0.155093 -0.528623 0.834568
vn 0.127570 -0.535931 0.834568
vn 0.127570 -0.535931 0.834568
vn 0.099677 -0.541809 0.834570
vn 0.099677 -0.541809 0.834570
vn 0.071413 -0.546249 0.834573
vn 0.071413 -0.546249 0.834573
vn 0.042815 -0.549230 0.834574
vn 0.042815 -0.549229 0.834574
vn 0.014175 -0.550716 0.834572
vn 0.014175 -0.550717 0.834572
vn -0.014371 -0.550715 0.834570
vn -0.014371 -0.550714 0.834570
vn -0.042821 -0.549236 0.834569
vn -0.042821 -0.549236 0.834569
vn -0.071177 -0.546283 0.834571
vn -0.071177 -0.546283 0.834571
vn -0.099435 -0.541848 0.834573
vn -0.099435 -0.541849 0.834573
vn -0.127529 -0.535931 0.834574
vn -0.127529 -0.535930 0.834575
vn -0.155180 -0.528587 0.834574
vn -0.155180 -0.528588 0.834574
vn -0.182363 -0.519836 0.834574
vn 0.038512 -0.109862 0.993201
vn 0.063945 -0.182412 0.981141
vn 0.063945 -0.182413 0.981140
vn 0.054418 -0.185480 0.981140
vn 0.054418 -0.185480 0.981140
vn 0.044761 -0.188044 0.981140
vn 0.044761 -0.188044 0.981140
vn 0.034974 -0.190106 0.981140
vn 0.034974 -0.190106 0.981140
vn 0.025057 -0.191663 0.981141
vn 0.025057 -0.191663 0.981141
vn 0.015023 -0.192709 0.981141
vn 0.015022 -0.192709 0.981141
vn 0.004974 -0.193231 0.981141
vn 0.004974 -0.193231 0.981141
vn -0.005042 -0.193231 0.981140
vn -0.005042 -0.193231 0.981140
vn -0.015025 -0.192712 0.981140
vn -0.015025 -0.192712 0.981140
vn -0.024974 -0.191676 0.981140
vn -0.024974 -0.191676 0.981140
vn -0.034889 -0.190119 0.981141
vn -0.034889 -0.190119 0.981141
vn -0.044746 -0.188043 0.981141
vn -0.044746 -0.188043 0.981141
vn -0.054448 -0.185466 0.981141
vn -0.054448 -0.185467 0.981141
vn -0.063986 -0.182396 0.981141
vn -0.063986 -0.182396 0.981141
vn 0.160251 -0.457142 0.874837
vn 0.136376 -0.464828 0.874835
vn 0.116814 -0.398152 0.909851
vn 0.096084 -0.403657 0.909851
vn 0.079429 -0.333685 0.939333
vn 0.062062 -0.337344 0.939333
vn 0.136375 -0.464828 0.874835
vn 0.032774 -0.111709 0.993200
vn 0.038512 -0.109862 0.993201
vn 0.032774 -0.111709 0.993200
vn 0.112175 -0.471254 0.874835
vn 0.112175 -0.471254 0.874835
vn 0.087648 -0.476422 0.874837
vn 0.087648 -0.476421 0.874837
vn 0.062794 -0.480325 0.874840
vn 0.062794 -0.480326 0.874840
vn 0.037648 -0.482946 0.874840
vn 0.037648 -0.482946 0.874840
vn 0.012464 -0.484254 0.874839
vn 0.012464 -0.484254 0.874839
vn -0.012637 -0.484253 0.874837
vn -0.012636 -0.484254 0.874837
vn -0.037654 -0.482954 0.874836
vn -0.037654 -0.482954 0.874836
vn -0.062587 -0.480357 0.874837
vn -0.062587 -0.480356 0.874838
vn -0.087435 -0.476456 0.874840
vn -0.087435 -0.476456 0.874840
vn -0.112138 -0.471253 0.874841
vn -0.112138 -0.471253 0.874840
vn -0.136452 -0.464796 0.874840
vn -0.136452 -0.464796 0.874840
vn -0.160354 -0.457101 0.874840
vn -0.160355 -0.457101 0.874840
vn 0.026958 -0.113253 0.993200
vn 0.026958 -0.113253 0.993200
vn 0.096085 -0.403657 0.909851
vn 0.075076 -0.408084 0.909852
vn 0.062061 -0.337343 0.939334
vn 0.044463 -0.340107 0.939335
vn 0.075076 -0.408084 0.909852
vn 0.021064 -0.114495 0.993200
vn 0.021064 -0.114495 0.993200
vn 0.053787 -0.411427 0.909854
vn 0.053787 -0.411426 0.909855
vn 0.032247 -0.413671 0.909855
vn 0.032248 -0.413672 0.909855
vn 0.010677 -0.414793 0.909853
vn 0.010676 -0.414792 0.909854
vn -0.010824 -0.414792 0.909852
vn -0.010824 -0.414791 0.909852
vn -0.032253 -0.413678 0.909852
vn -0.032252 -0.413678 0.909852
vn -0.053609 -0.411454 0.909853
vn -0.053609 -0.411453 0.909853
vn -0.074893 -0.408112 0.909854
vn -0.074893 -0.408112 0.909855
vn -0.096053 -0.403655 0.909855
vn -0.096053 -0.403655 0.909855
vn -0.116879 -0.398125 0.909855
vn -0.116879 -0.398125 0.909855
vn -0.137353 -0.391533 0.909855
vn -0.137353 -0.391534 0.909855
vn 0.015091 -0.115433 0.993201
vn 0.015091 -0.115433 0.993201
vn 0.026657 -0.341963 0.939335
vn 0.044464 -0.340107 0.939335
vn 0.026657 -0.341963 0.939335
vn 0.009048 -0.116063 0.993201
vn 0.009048 -0.116063 0.993201
vn 0.008826 -0.342889 0.939334
vn 0.008826 -0.342889 0.939334
vn 0.002996 -0.116377 0.993201
vn 0.002995 -0.116377 0.993200
vn -0.008947 -0.342889 0.939333
vn -0.008948 -0.342889 0.939333
vn -0.003037 -0.116377 0.993200
vn -0.003037 -0.116377 0.993200
vn -0.026662 -0.341968 0.939333
vn -0.026662 -0.341968 0.939333
vn -0.009049 -0.116065 0.993200
vn -0.009049 -0.116065 0.993200
vn -0.044316 -0.340129 0.939334
vn -0.044316 -0.340130 0.939334
vn -0.015041 -0.115441 0.993200
vn -0.015041 -0.115441 0.993200
vn -0.061911 -0.337368 0.939335
vn -0.061911 -0.337368 0.939335
vn -0.021013 -0.114503 0.993201
vn -0.021013 -0.114503 0.993201
vn -0.079403 -0.333683 0.939335
vn -0.079403 -0.333682 0.939336
vn -0.026949 -0.113252 0.993201
vn -0.026949 -0.113252 0.993201
vn -0.096619 -0.329111 0.939335
vn -0.096619 -0.329111 0.939335
vn -0.032793 -0.111701 0.993201
vn -0.032793 -0.111701 0.993201
vn -0.113543 -0.323662 0.939335
vn -0.113543 -0.323662 0.939335
vn -0.038537 -0.109851 0.993201
vn -0.038537 -0.109852 0.993201
vn 0.012740 -0.026134 0.999577
vn 0.013417 -0.026454 0.999560
vn 0.064368 -0.032236 0.997405
vn 0.032637 -0.080262 0.996239
vn 0.063491 -0.129139 0.989592
vn 0.064440 -0.128691 0.989589
vn 0.085733 -0.179431 0.980028
vn 0.093540 -0.175511 0.980024
vn 0.114272 -0.224611 0.967725
vn 0.124238 -0.219279 0.967720
vn 0.144276 -0.266846 0.952878
vn 0.156393 -0.259961 0.952870
vn 0.175521 -0.305927 0.935735
vn 0.189776 -0.297324 0.935726
vn 0.207817 -0.341740 0.916529
vn 0.224172 -0.331262 0.916522
vn 0.243985 -0.382047 0.891354
vn 0.266138 -0.367004 0.891335
vn 0.286103 -0.423974 0.859297
vn 0.311916 -0.405400 0.859278
vn 0.328518 -0.461038 0.824330
vn 0.358113 -0.438482 0.824311
vn 0.372284 -0.499383 0.782318
vn 0.403675 -0.463164 0.789003
vn 0.378400 -0.468758 0.798173
vn 0.390239 -0.462539 0.796098
vn 0.374709 -0.409244 0.831933
vn 0.354868 -0.419084 0.835726
vn 0.334389 -0.366326 0.868326
vn 0.317669 -0.374024 0.871317
vn 0.292702 -0.321506 0.900533
vn 0.278819 -0.327418 0.902805
vn 0.253751 -0.282084 0.925224
vn 0.244531 -0.284603 0.926934
vn 0.221209 -0.246148 0.943651
vn 0.213395 -0.248080 0.944944
vn 0.188113 -0.209486 0.959546
vn 0.181640 -0.210927 0.960477
vn 0.154545 -0.172201 0.972863
vn 0.149357 -0.173236 0.973490
vn 0.120632 -0.134455 0.983549
vn 0.116674 -0.135161 0.983930
vn 0.086399 -0.096276 0.991598
vn 0.083624 -0.096716 0.991793
vn 0.051980 -0.057827 0.996973
vn 0.050342 -0.058058 0.997043
vn 0.017257 -0.018974 0.999671
vn 0.017798 -0.018476 0.999671
vn 0.018698 -0.018336 0.999657
vn 0.052378 -0.053719 0.997181
vn 0.054901 -0.051153 0.997181
vn 0.088567 -0.085823 0.992366
vn 0.092656 -0.081412 0.992364
vn 0.125571 -0.114797 0.985421
vn 0.131098 -0.108462 0.985418
vn 0.163130 -0.140659 0.976526
vn 0.169994 -0.132306 0.976523
vn 0.201012 -0.163428 0.965860
vn 0.209203 -0.152828 0.965856
vn 0.239047 -0.182938 0.953619
vn 0.248481 -0.169932 0.953614
vn 0.277043 -0.199159 0.939991
vn 0.287648 -0.183546 0.939984
vn 0.319871 -0.217344 0.922196
vn 0.333808 -0.195365 0.922174
vn 0.368478 -0.234365 0.899609
vn 0.384205 -0.207713 0.899579
vn 0.415998 -0.247130 0.875141
vn 0.433428 -0.215260 0.875102
vn 0.460712 -0.253721 0.850512
vn 0.467638 -0.241995 0.850149
vn 0.472057 -0.227064 0.851824
vn 0.435149 -0.180636 0.882052
vn 0.420875 -0.196613 0.885555
vn 0.387120 -0.161511 0.907773
vn 0.374896 -0.174352 0.910524
vn 0.337943 -0.141588 0.930455
vn 0.327624 -0.151776 0.932538
vn 0.293278 -0.125226 0.947790
vn 0.285767 -0.130649 0.949351
vn 0.255248 -0.109139 0.960696
vn 0.248803 -0.113560 0.961874
vn 0.216758 -0.092782 0.971806
vn 0.211352 -0.096312 0.972653
vn 0.177872 -0.076196 0.981099
vn 0.173488 -0.078926 0.981668
vn 0.138698 -0.059436 0.988550
vn 0.135316 -0.061451 0.988895
vn 0.099254 -0.042513 0.994154
vn 0.096859 -0.043881 0.994330
vn 0.059653 -0.025483 0.997894
vn 0.058224 -0.026268 0.997958
vn 0.020458 -0.008615 0.999754
vn 0.020276 -0.008656 0.999757
vn 0.014280 -0.024333 0.999602
vn 0.014969 -0.024610 0.999585
vn 0.014116 -0.024565 0.999599
vn 0.040179 -0.073705 0.996470
vn 0.041874 -0.073767 0.996396
vn 0.066657 -0.122682 0.990205
vn 0.069542 -0.122739 0.990000
vn 0.092902 -0.171321 0.980825
vn 0.097039 -0.171325 0.980424
vn 0.118788 -0.219386 0.968380
vn 0.015661 -0.022417 0.999626
vn 0.016362 -0.022648 0.999610
vn 0.015501 -0.022660 0.999623
vn 0.044376 -0.068142 0.996688
vn 0.046053 -0.068094 0.996615
vn 0.073661 -0.113455 0.990809
vn 0.076509 -0.113324 0.990608
vn 0.102708 -0.158478 0.982006
vn 0.106786 -0.158214 0.981614
vn 0.131389 -0.203006 0.970322
vn 0.136750 -0.202548 0.969677
vn 0.159665 -0.247016 0.955767
vn 0.166378 -0.246295 0.954807
vn 0.187411 -0.290308 0.938402
vn 0.195546 -0.289243 0.937070
vn 0.214541 -0.332759 0.918283
vn 0.016895 -0.020378 0.999650
vn 0.017604 -0.020560 0.999634
vn 0.016725 -0.020632 0.999647
vn 0.048104 -0.062221 0.996902
vn 0.049761 -0.062066 0.996831
vn 0.079885 -0.103627 0.991403
vn 0.082694 -0.103316 0.991205
vn 0.111430 -0.144791 0.983168
vn 0.115444 -0.144268 0.982781
vn 0.142608 -0.185535 0.972235
vn 0.147875 -0.184738 0.971599
vn 0.173382 -0.225843 0.958610
vn 0.179964 -0.224698 0.957666
vn 0.203624 -0.265541 0.942351
vn 0.211582 -0.263964 0.941040
vn 0.233246 -0.304528 0.923504
vn 0.242648 -0.302425 0.921770
vn 0.265692 -0.350042 0.898264
vn 0.279978 -0.344770 0.895961
vn 0.302496 -0.399602 0.865340
vn 0.319725 -0.392677 0.862311
vn 0.337641 -0.447400 0.828150
vn 0.017981 -0.018206 0.999673
vn 0.018198 -0.016752 0.999694
vn 0.053299 -0.051499 0.997250
vn 0.055726 -0.048880 0.997249
vn 0.089965 -0.082108 0.992555
vn 0.093866 -0.077636 0.992553
vn 0.127360 -0.109674 0.985774
vn 0.132632 -0.103257 0.985772
vn 0.165159 -0.134112 0.977106
vn 0.171771 -0.125555 0.977103
vn 0.203263 -0.155363 0.966719
vn 0.211133 -0.144514 0.966715
vn 0.241436 -0.173343 0.954809
vn 0.250492 -0.160012 0.954804
vn 0.279507 -0.187992 0.941560
vn 0.289629 -0.172036 0.941551
vn 0.322394 -0.204411 0.924272
vn 0.335586 -0.182061 0.924249
vn 0.370923 -0.219528 0.902344
vn 0.385751 -0.192424 0.902313
vn 0.418259 -0.230423 0.878615
vn 0.434617 -0.198014 0.878578
vn 0.018872 -0.015939 0.999695
vn 0.019560 -0.016006 0.999681
vn 0.018690 -0.016209 0.999694
vn 0.054134 -0.049262 0.997318
vn 0.019585 -0.013608 0.999716
vn 0.020103 -0.013605 0.999705
vn 0.019296 -0.013908 0.999717
vn 0.056156 -0.042606 0.997513
vn 0.057686 -0.042089 0.997447
vn 0.093356 -0.071047 0.993095
vn 0.095937 -0.070126 0.992914
vn 0.130341 -0.099369 0.986477
vn 0.134009 -0.097982 0.986124
vn 0.166987 -0.127475 0.977684
vn 0.020067 -0.011167 0.999736
vn 0.020416 -0.011128 0.999730
vn 0.019674 -0.011532 0.999740
vn 0.057538 -0.035710 0.997705
vn 0.059026 -0.035082 0.997640
vn 0.095680 -0.059583 0.993627
vn 0.098185 -0.058475 0.993449
vn 0.133623 -0.083371 0.987519
vn 0.137172 -0.081722 0.987170
vn 0.171246 -0.107000 0.979401
vn 0.175865 -0.104739 0.978827
vn 0.208525 -0.130470 0.969275
vn 0.214242 -0.127516 0.968421
vn 0.245337 -0.153708 0.957175
vn 0.252188 -0.149966 0.955987
vn 0.281610 -0.176671 0.943124
vn 0.020186 -0.006079 0.999778
vn 0.020223 -0.006066 0.999777
vn 0.019658 -0.006666 0.999785
vn 0.058029 -0.021469 0.998084
vn 0.059424 -0.020601 0.998020
vn 0.096553 -0.035899 0.994680
vn 0.098888 -0.034392 0.994504
vn 0.134912 -0.050303 0.989580
vn 0.138200 -0.048095 0.989236
vn 0.173005 -0.064643 0.982797
vn 0.177259 -0.061665 0.982231
vn 0.210812 -0.078926 0.974335
vn 0.216046 -0.075094 0.973491
vn 0.248233 -0.093112 0.964215
vn 0.254460 -0.088333 0.963041
vn 0.285205 -0.107189 0.952454
vn 0.292436 -0.101358 0.950898
vn 0.327210 -0.124917 0.936658
vn 0.336935 -0.114150 0.934583
vn 0.374641 -0.143688 0.915968
vn 0.386104 -0.130162 0.913226
vn 0.420864 -0.162286 0.892489
vn 0.434188 -0.145498 0.888995
vn 0.469379 -0.184864 0.863428
vn 0.463463 -0.196761 0.863995
vn 0.476095 -0.184065 0.859915
vn 0.019333 -0.004003 0.999805
vn 0.019228 -0.004143 0.999807
vn 0.019362 -0.004974 0.999800
vn 0.057416 -0.016511 0.998214
vn 0.058806 -0.015563 0.998148
vn 0.095553 -0.027649 0.995040
vn 0.097871 -0.026012 0.994859
vn 0.133537 -0.038778 0.990285
vn 0.136796 -0.036390 0.989931
vn 0.171280 -0.049869 0.983959
vn 0.175484 -0.046663 0.983376
vn 0.208761 -0.060930 0.976067
vn 0.213915 -0.056827 0.975198
vn 0.245888 -0.071936 0.966625
vn 0.251998 -0.066846 0.965416
vn 0.282601 -0.082878 0.955651
vn 0.289674 -0.076695 0.954048
vn 0.324470 -0.097052 0.940904
vn 0.333706 -0.085789 0.938765
vn 0.371729 -0.111835 0.921581
vn 0.382544 -0.097734 0.918754
vn 0.417883 -0.126571 0.899641
vn 0.430359 -0.109120 0.896038
vn 0.459484 -0.137977 0.877403
vn 0.471971 -0.123899 0.872864
vn 0.018808 -0.002697 0.999820
vn 0.019038 -0.002510 0.999816
vn 0.018905 -0.003273 0.999816
vn 0.056371 -0.011499 0.998344
vn 0.057725 -0.010455 0.998278
vn 0.093832 -0.019308 0.995401
vn 0.096088 -0.017513 0.995219
vn 0.131159 -0.027122 0.990990
vn 0.134320 -0.024515 0.990635
vn 0.168268 -0.034922 0.985123
vn 0.172332 -0.031439 0.984537
vn 0.205141 -0.042718 0.977800
vn 0.210110 -0.038278 0.976928
vn 0.241695 -0.050491 0.969038
vn 0.247567 -0.045007 0.967825
vn 0.277877 -0.058241 0.958850
vn 0.284646 -0.051610 0.957242
vn 0.319297 -0.068786 0.945155
vn 0.327865 -0.056908 0.943009
vn 0.366033 -0.079479 0.927202
vn 0.375992 -0.064652 0.924365
vn 0.411777 -0.090237 0.906806
vn 0.423173 -0.071928 0.903190
vn 0.465640 -0.109352 0.878192
vn 0.464344 -0.125320 0.876744
vn 0.018454 -0.001630 0.999828
vn 0.018556 -0.001454 0.999827
vn 0.018003 -0.000795 0.999838
vn 0.018018 -0.000005 0.999838
vn 0.052798 -0.001690 0.998604
vn 0.052802 0.000866 0.998605
vn 0.087889 -0.000989 0.996130
vn 0.087890 0.001444 0.996129
vn 0.122871 -0.001446 0.992422
vn 0.122870 0.001999 0.992421
vn 0.157702 -0.002003 0.987485
vn 0.153081 0.240170 0.958585
vn 0.182299 -0.234286 0.954922
vn 0.186313 0.105436 0.976817
vn 0.213461 -0.101374 0.971678
vn 0.213751 -0.087072 0.973000
vn 0.209632 0.100702 0.972581
vn 0.210492 0.043468 0.976629
vn 0.232151 -0.040464 0.971838
vn 0.232151 0.040494 0.971837
vn 0.258870 -0.048189 0.964709
vn 0.258877 0.044628 0.964879
vn 0.287597 -0.042411 0.956812
vn 0.287753 0.026785 0.957330
vn 0.307696 -0.028059 0.951071
vn 0.307616 0.036127 0.950824
vn 0.351689 -0.084474 0.932298
vn 0.339059 0.038444 0.939979
vn 0.317372 -0.026448 0.947932
vn 0.311661 0.024323 0.949882
vn 0.294116 -0.015863 0.955638
vn 0.294670 -0.051100 0.954232
vn 0.262941 -0.002869 0.964808
vn 0.230361 0.002942 0.973101
vn 0.232616 -0.000033 0.972569
vn 0.203666 0.000334 0.979040
vn 0.202064 0.002172 0.979370
vn 0.176821 -0.001637 0.984242
vn 0.175165 -0.000017 0.984539
vn 0.153221 0.000189 0.988192
vn 0.152008 0.001223 0.988379
vn 0.132921 -0.000919 0.991126
vn 0.128763 0.002110 0.991673
vn 0.112567 -0.001667 0.993643
vn 0.105448 0.002644 0.994421
vn 0.092163 -0.002054 0.995742
vn 0.082077 0.002821 0.996622
vn 0.071726 -0.002081 0.997422
vn 0.058658 0.002648 0.998275
vn 0.051252 -0.001748 0.998684
vn 0.035206 0.002119 0.999378
vn 0.030760 -0.001053 0.999526
vn 0.012826 0.001107 0.999917
vn 0.012044 0.000770 0.999927
vn 0.011276 0.000541 0.999936
vn 0.024334 -0.000582 0.999704
vn 0.024334 0.001050 0.999703
vn 0.037561 -0.000958 0.999294
vn 0.037561 0.000930 0.999294
vn 0.045577 -0.000726 0.998961
vn 0.045577 0.000727 0.998961
vn 0.050508 -0.000492 0.998724
vn 0.050508 0.000559 0.998724
vn 0.053845 -0.000385 0.998549
vn 0.053845 0.000307 0.998549
vn 0.054917 -0.000032 0.998491
vn 0.054917 -0.000045 0.998491
vn 0.053987 0.000276 0.998542
vn 0.053987 -0.000451 0.998542
vn 0.052164 0.000224 0.998639
vn 0.052164 -0.000478 0.998638
vn 0.048977 0.000823 0.998800
vn 0.048977 -0.001047 0.998799
vn 0.043480 0.001381 0.999053
vn 0.043480 -0.002627 0.999051
vn 0.058549 -0.009687 0.998238
vn 0.104859 -0.037636 0.993775
vn 0.187341 -0.072705 0.979601
vn -0.067645 0.030907 0.997231
vn 0.017757 -0.000267 0.999842
vn 0.017377 0.000436 0.999849
vn 0.052776 -0.000476 0.998606
vn 0.052776 0.000858 0.998606
vn 0.087867 -0.000985 0.996132
vn 0.087867 0.000770 0.996132
vn 0.122868 -0.002273 0.992420
vn 0.120511 0.194653 0.973441
vn 0.150801 -0.189655 0.970201
vn 0.152825 0.090510 0.984100
vn 0.181263 -0.087228 0.979559
vn 0.181491 -0.071424 0.980795
vn 0.178051 0.085006 0.980343
vn 0.178548 0.039493 0.983138
vn 0.201690 -0.036960 0.978752
vn 0.201694 0.036418 0.978771
vn 0.224784 -0.029741 0.973955
vn 0.224777 0.027421 0.974024
vn 0.250187 -0.038169 0.967445
vn 0.250284 0.026084 0.967821
vn 0.272491 -0.026749 0.961786
vn 0.272439 0.033147 0.961602
vn 0.300267 -0.032122 0.953314
vn 0.300402 0.011656 0.953742
vn 0.000595 -0.000000 1.000000
vn 0.001751 0.000004 0.999999
vn 0.002864 0.000011 0.999996
vn 0.003712 -0.000022 0.999993
vn 0.005755 0.000044 0.999983
vn 0.006203 0.000009 0.999981
vn 0.009598 -0.000015 0.999954
vn 0.008675 0.000093 0.999962
vn 0.013429 -0.000125 0.999910
vn 0.011147 0.000230 0.999938
vn 0.017266 -0.000289 0.999851
vn 0.013628 0.000420 0.999907
vn 0.021109 -0.000508 0.999777
vn 0.016109 0.000663 0.999870
vn 0.024939 -0.000776 0.999689
vn 0.018590 0.000957 0.999827
vn 0.028783 -0.001102 0.999585
vn 0.021480 0.001177 0.999769
vn 0.033250 -0.001381 0.999446
vn 0.024776 0.001704 0.999692
vn 0.038369 -0.001958 0.999262
vn 0.028087 0.002321 0.999603
vn 0.049385 0.001513 0.998779
vn 0.077441 -0.003969 0.996989
vn 0.086500 -0.011011 0.996191
vn 0.078896 0.000118 0.996883
vn 0.081531 -0.001347 0.996670
vn 0.081531 0.001000 0.996670
vn 0.084428 -0.000524 0.996429
vn 0.084428 0.000384 0.996430
vn 0.084786 0.000208 0.996399
vn 0.084786 -0.000397 0.996399
vn 0.084117 -0.000093 0.996456
vn 0.084117 0.000314 0.996456
vn 0.084573 0.000116 0.996417
vn 0.084573 -0.000214 0.996417
vn 0.082561 0.000620 0.996586
vn 0.082561 -0.001712 0.996585
vn 0.072944 0.001947 0.997334
vn 0.072944 -0.000957 0.997336
vn 0.066202 0.001368 0.997805
vn 0.066202 -0.002129 0.997804
vn 0.051252 0.002378 0.998683
vn 0.104131 -0.000670 0.994563
vn 0.120192 -0.015639 0.992628
vn 0.095652 -0.001077 0.995414
vn 0.095652 0.000953 0.995414
vn 0.097789 -0.000251 0.995207
vn 0.097789 0.000034 0.995207
vn 0.097163 0.000366 0.995268
vn 0.097163 -0.000118 0.995268
vn 0.097545 -0.000308 0.995231
vn 0.097545 0.000230 0.995231
vn 0.097525 0.000240 0.995233
vn 0.097525 -0.001781 0.995232
vn 0.089115 0.002064 0.996019
vn 0.089115 -0.000624 0.996021
vn 0.085072 0.001120 0.996374
vn 0.085072 -0.002518 0.996372
vn 0.071726 0.002855 0.997420
vn 0.111765 -0.001458 0.993734
vn 0.135188 0.003835 0.990813
vn 0.159190 -0.022969 0.986981
vn 0.148562 -0.002592 0.988900
vn 0.147099 -0.001496 0.989121
vn 0.147099 0.001447 0.989121
vn 0.149713 -0.000494 0.988729
vn 0.149713 -0.003127 0.988725
vn 0.140147 0.003719 0.990124
vn 0.140148 -0.000110 0.990131
vn 0.141483 -0.001038 0.989940
vn 0.141482 -0.002726 0.989937
vn 0.132921 0.003344 0.991121
vn 0.177466 0.005969 0.984109
vn 0.202123 -0.029141 0.978927
vn 0.169494 -0.001660 0.985530
vn 0.169494 -0.002927 0.985527
vn 0.161530 0.003608 0.986861
vn 0.161531 0.001298 0.986867
vn 0.163311 -0.000150 0.986575
vn 0.163309 -0.005007 0.986562
vn 0.153220 0.003194 0.988187
vn 0.196178 -0.009040 0.980527
vn 0.207817 0.015601 0.978043
vn 0.219641 -0.011124 0.975517
vn 0.243412 0.011115 0.969859
vn 0.254968 -0.025503 0.966613
vn 0.257857 0.051747 0.964796
vn 0.350494 -0.055080 0.934944
vn 0.363404 0.065690 0.929313
vn 0.372212 -0.099380 0.922812
vn 0.373362 -0.060572 0.925706
vn 0.345886 0.079024 0.934943
vn 0.345940 -0.077040 0.935088
vn 0.319540 0.083008 0.943930
vn 0.313903 0.204402 0.927192
vn 0.321194 -0.181199 0.929517
vn 0.319886 -0.201732 0.925731
vn 0.286799 0.212614 0.934099
vn 0.256881 -0.485621 0.835575
vn 0.242160 0.372116 0.896040
vn 0.260890 -0.003274 0.965363
vn 0.226772 0.005108 0.973935
vn 0.226774 -0.003528 0.973941
vn 0.192411 0.003323 0.981309
vn 0.192410 -0.002830 0.981311
vn 0.157817 0.002558 0.987465
vn 0.157803 -0.005621 0.987455
vn 0.125873 -0.001178 0.992046
vn 0.125467 -0.009921 0.992048
vn 0.091872 -0.004941 0.995759
vn 0.091317 -0.011078 0.995760
vn 0.056156 -0.005405 0.998407
vn 0.055675 -0.009017 0.998408
vn 0.384839 0.096469 0.917929
vn 0.387743 -0.111318 0.915021
vn 0.360102 0.087606 0.928791
vn 0.351650 0.232095 0.906904
vn 0.360036 -0.209522 0.909106
vn 0.359165 -0.220271 0.906907
vn 0.328087 0.234340 0.915120
vn 0.281051 -0.555094 0.782867
vn 0.249064 0.558767 0.791042
vn 0.300294 -0.008668 0.953807
vn 0.260897 0.003642 0.965360
vn 0.260896 -0.004331 0.965357
vn 0.226833 0.004172 0.973925
vn 0.226831 -0.003615 0.973927
vn 0.192495 0.003240 0.981293
vn 0.192477 -0.006989 0.981277
vn 0.161544 -0.001504 0.986864
vn 0.161017 -0.012852 0.986868
vn 0.128449 -0.006945 0.991692
vn 0.127666 -0.015617 0.991694
vn 0.093491 -0.009108 0.995578
vn 0.092682 -0.015176 0.995580
vn 0.056998 -0.007919 0.998343
vn 0.398894 0.116454 0.909572
vn 0.387810 0.260325 0.884214
vn 0.397307 -0.238204 0.886231
vn 0.397683 -0.234421 0.887071
vn 0.368546 0.252998 0.894520
vn 0.298651 -0.621955 0.723864
vn 0.269831 0.622384 0.734730
vn 0.344697 -0.009069 0.938670
vn 0.300308 0.008625 0.953803
vn 0.300313 -0.006842 0.953816
vn 0.260965 0.005256 0.965334
vn 0.260962 -0.004568 0.965338
vn 0.226928 0.003953 0.973904
vn 0.226905 -0.008388 0.973881
vn 0.197024 -0.001789 0.980397
vn 0.196373 -0.015806 0.980402
vn 0.164839 -0.008901 0.986280
vn 0.163823 -0.020159 0.986284
vn 0.130708 -0.012767 0.991339
vn 0.129565 -0.021343 0.991341
vn 0.094885 -0.013291 0.995399
vn 0.411095 0.232201 0.881524
vn 0.336007 0.608821 0.718635
vn 0.308791 -0.685771 0.659064
vn 0.254101 0.808928 0.530160
vn 0.419494 0.231223 0.877816
vn 0.431121 -0.014189 0.902183
vn 0.431125 0.017677 0.902119
vn 0.431145 -0.014451 0.902167
vn 0.431243 0.017756 0.902061
vn 0.431251 -0.014501 0.902115
vn 0.431397 0.017287 0.901996
vn 0.431413 -0.021689 0.901894
vn 0.442915 0.007140 0.896535
vn 0.442677 0.006497 0.896658
vn 0.442237 0.005157 0.896883
vn 0.441056 0.000484 0.897479
vn 0.440127 -0.041978 0.896954
vn 0.448761 -0.020638 0.893414
vn 0.451021 -0.065062 0.890139
vn 0.447731 -0.077697 0.890786
vn 0.418227 -0.053361 0.906774
vn 0.459402 -0.062130 0.886053
vn 0.472864 -0.242610 0.847077
vn 0.465178 -0.282882 0.838801
vn 0.431595 -0.232375 0.871624
vn 0.413112 -0.263707 0.871664
vn 0.382092 -0.222893 0.896841
vn 0.365482 -0.249093 0.896870
vn 0.331541 -0.208579 0.920095
vn 0.316931 -0.230097 0.920114
vn 0.285304 -0.194910 0.938409
vn 0.274255 -0.210145 0.938415
vn 0.246184 -0.179697 0.952419
vn 0.236368 -0.192400 0.952424
vn 0.207025 -0.161033 0.964992
vn 0.198521 -0.171383 0.964996
vn 0.168016 -0.138965 0.975940
vn 0.160824 -0.147211 0.975943
vn 0.129399 -0.113729 0.985049
vn 0.123607 -0.119978 0.985052
vn 0.091277 -0.085190 0.992175
vn 0.087027 -0.089510 0.992176
vn 0.053993 -0.053411 0.997112
vn 0.051386 -0.055911 0.997113
vn 0.463042 -0.299602 0.834165
vn 0.451387 -0.309265 0.837021
vn 0.459374 -0.297686 0.836874
vn 0.429129 -0.249355 0.868142
vn 0.450252 -0.361194 0.816585
vn 0.426242 -0.369993 0.825484
vn 0.436508 -0.362441 0.823467
vn 0.413724 -0.315172 0.854107
vn 0.396122 -0.327863 0.857667
vn 0.368703 -0.281813 0.885799
vn 0.353814 -0.291898 0.888601
vn 0.322360 -0.247090 0.913800
vn 0.309941 -0.254983 0.915926
vn 0.279631 -0.217114 0.935237
vn 0.271137 -0.220972 0.936833
vn 0.243595 -0.189326 0.951219
vn 0.429274 -0.413514 0.802951
vn 0.404756 -0.420708 0.811897
vn 0.416167 -0.413496 0.809831
vn 0.396717 -0.362871 0.843173
vn 0.377928 -0.374061 0.846905
vn 0.353796 -0.324610 0.877187
vn 0.337925 -0.333439 0.880128
vn 0.309513 -0.284734 0.907264
vn 0.296303 -0.291583 0.909497
vn 0.268427 -0.249957 0.930306
vn 0.259518 -0.253096 0.931983
vn 0.233920 -0.218033 0.947493
vn 0.226351 -0.220495 0.948761
vn 0.198862 -0.185500 0.962312
vn 0.192583 -0.187381 0.963224
vn 0.163338 -0.152441 0.974722
vn 0.158291 -0.153833 0.975336
vn 0.127467 -0.118998 0.984678
vn 0.374474 -0.509330 0.774824
vn 0.348603 -0.513330 0.784199
vn 0.360732 -0.508102 0.782116
vn 0.349283 -0.452585 0.820468
vn 0.341886 -0.552063 0.760487
vn 0.315502 -0.554510 0.770050
vn 0.327957 -0.550191 0.767942
vn 0.320726 -0.492864 0.808839
vn 0.299147 -0.499920 0.812767
vn 0.286617 -0.441804 0.850094
vn 0.268496 -0.447169 0.853200
vn 0.251193 -0.388234 0.886666
vn 0.236201 -0.392213 0.889032
vn 0.217531 -0.340468 0.914747
vn 0.305917 -0.591491 0.746024
vn 0.279046 -0.592424 0.755756
vn 0.291882 -0.588957 0.753614
vn 0.289022 -0.530221 0.797077
vn 0.266694 -0.535929 0.801033
vn 0.258447 -0.475674 0.840797
vn 0.239717 -0.479914 0.843930
vn 0.226619 -0.418294 0.879587
vn 0.211154 -0.421343 0.881977
vn 0.196059 -0.366826 0.909395
vn 0.186153 -0.367519 0.911195
vn 0.171105 -0.320476 0.931675
vn 0.162757 -0.320853 0.933040
vn 0.145643 -0.273021 0.950919
vn 0.138769 -0.273170 0.951904
vn 0.119749 -0.224616 0.967062
vn 0.325813 -0.577229 0.748767
vn 0.222389 -0.567689 0.792636
vn 0.277785 -0.542020 0.793127
vn 0.255201 -0.547238 0.797122
vn 0.303459 -0.491261 0.816441
vn 0.206322 -0.506071 0.837451
vn 0.248435 -0.486400 0.837673
vn 0.229499 -0.490233 0.840834
vn 0.230132 -0.421901 0.876948
vn 0.229699 -0.422237 0.876900
vn 0.161266 -0.387921 0.907475
vn 0.207643 -0.322057 0.923669
vn 0.167689 -0.326295 0.930275
vn 0.119873 -0.288773 0.949863
vn 0.139972 -0.279335 0.949937
vn 0.133059 -0.279342 0.950928
vn 0.161321 -0.228081 0.960185
vn 0.115465 -0.229658 0.966398
vn 0.115093 -0.229834 0.966401
vn 0.109590 -0.229717 0.967068
vn 0.076798 -0.185772 0.979587
vn 0.113336 -0.131089 0.984871
vn 0.001785 -0.000041 0.999998
vn 0.002995 -0.000124 0.999995
vn 0.004185 -0.000247 0.999991
vn 0.005374 -0.000411 0.999985
vn 0.006565 -0.000616 0.999978
vn 0.007775 -0.000866 0.999969
vn 0.008964 -0.001153 0.999959
vn 0.010354 -0.001536 0.999945
vn 0.011944 -0.002047 0.999927
vn 0.013550 -0.002637 0.999905
vn 0.304624 -0.582285 0.753756
vn 0.299935 -0.518122 0.800992
vn 0.277842 -0.524230 0.804976
vn 0.268151 -0.464687 0.843897
vn 0.249616 -0.469266 0.847043
vn 0.235093 -0.408527 0.881951
vn 0.219782 -0.411863 0.884344
vn 0.203470 -0.358252 0.911183
vn 0.193621 -0.359124 0.912985
vn 0.177550 -0.312938 0.933030
vn 0.169250 -0.313472 0.934393
vn 0.151115 -0.266564 0.951897
vn 0.013483 -0.024904 0.999599
vn 0.038671 -0.075480 0.996397
vn 0.040373 -0.075581 0.996322
vn 0.064143 -0.125628 0.990002
vn 0.067041 -0.125748 0.989794
vn 0.089386 -0.175420 0.980428
vn 0.340085 -0.542525 0.768120
vn 0.330592 -0.479757 0.812737
vn 0.309277 -0.487290 0.816637
vn 0.295364 -0.429944 0.853175
vn 0.277455 -0.435715 0.856254
vn 0.258802 -0.377727 0.889013
vn 0.014900 -0.023044 0.999623
vn 0.043029 -0.070031 0.996616
vn 0.044717 -0.070028 0.996542
vn 0.071413 -0.116589 0.990610
vn 0.074282 -0.116534 0.990405
vn 0.099562 -0.162842 0.981616
vn 0.103667 -0.162683 0.981217
vn 0.127343 -0.208575 0.969680
vn 0.132744 -0.208253 0.969025
vn 0.154722 -0.253762 0.954812
vn 0.161487 -0.253206 0.953839
vn 0.181576 -0.298193 0.937076
vn 0.016155 -0.021072 0.999647
vn 0.046910 -0.064237 0.996831
vn 0.048574 -0.064121 0.996759
vn 0.077890 -0.106975 0.991206
vn 0.080717 -0.106727 0.991007
vn 0.108636 -0.149453 0.982783
vn 0.112675 -0.149021 0.982394
vn 0.139012 -0.191488 0.971601
vn 0.144315 -0.190809 0.970961
vn 0.168984 -0.233060 0.957668
vn 0.175615 -0.232061 0.956717
vn 0.198424 -0.273986 0.941042
vn 0.206448 -0.272585 0.939722
vn 0.227245 -0.314157 0.921773
vn 0.236731 -0.312261 0.920028
vn 0.258722 -0.360965 0.895973
vn 0.273194 -0.356015 0.893655
vn 0.294449 -0.411938 0.862327
vn 0.401213 -0.452659 0.796321
vn 0.382463 -0.394099 0.835708
vn 0.362961 -0.404396 0.839478
vn 0.341233 -0.352692 0.871303
vn 0.324784 -0.360774 0.874275
vn 0.298634 -0.309482 0.902795
vn 0.284967 -0.315712 0.905052
vn 0.258928 -0.271576 0.926932
vn 0.249808 -0.274304 0.928630
vn 0.225695 -0.236949 0.944943
vn 0.217959 -0.239059 0.946226
vn 0.191908 -0.201636 0.960476
vn 0.185497 -0.203225 0.961400
vn 0.157649 -0.165733 0.973488
vn 0.152507 -0.166887 0.974110
vn 0.123046 -0.129394 0.983929
vn 0.119120 -0.130192 0.984307
vn 0.088123 -0.092646 0.991792
vn 0.085368 -0.093151 0.991986
vn 0.053012 -0.055642 0.997042
vn 0.426168 -0.402712 0.810064
vn 0.403022 -0.346959 0.846872
vn 0.384585 -0.358586 0.850594
vn 0.359334 -0.310323 0.880102
vn 0.343751 -0.319514 0.883033
vn 0.314298 -0.272156 0.909477
vn 0.301308 -0.279309 0.911702
vn 0.272598 -0.238980 0.931976
vn 0.263792 -0.242317 0.933647
vn 0.237528 -0.208433 0.948755
vn 0.230041 -0.211063 0.950018
vn 0.201912 -0.177315 0.963219
vn 0.195688 -0.179339 0.964128
vn 0.165825 -0.145704 0.975332
vn 0.018902 -0.014499 0.999716
vn 0.055559 -0.044843 0.997448
vn 0.057102 -0.044363 0.997382
vn 0.092353 -0.074764 0.992916
vn 0.094959 -0.073906 0.992734
vn 0.128929 -0.104555 0.986127
vn 0.452266 -0.337150 0.825703
vn 0.445254 -0.351454 0.823547
vn 0.418317 -0.299115 0.857637
vn 0.019385 -0.012205 0.999738
vn 0.057149 -0.038039 0.997641
vn 0.058651 -0.037448 0.997576
vn 0.095025 -0.063455 0.993450
vn 0.097555 -0.062408 0.993271
vn 0.132696 -0.088775 0.987173
vn 0.136282 -0.087213 0.986824
vn 0.170039 -0.113920 0.978830
vn 0.174712 -0.111771 0.978255
vn 0.207028 -0.138885 0.968427
vn 0.212822 -0.136068 0.967570
vn 0.243545 -0.163590 0.955994
vn 0.019645 -0.009843 0.999759
vn 0.019802 -0.009113 0.999762
vn 0.058185 -0.028648 0.997895
vn 0.019651 -0.007448 0.999779
vn 0.058173 -0.023875 0.998021
vn 0.059585 -0.023049 0.997957
vn 0.096783 -0.039901 0.994505
vn 0.099149 -0.038464 0.994329
vn 0.135221 -0.055891 0.989238
vn 0.138558 -0.053780 0.988893
vn 0.173385 -0.071804 0.982233
vn 0.177706 -0.068949 0.981665
vn 0.211252 -0.087642 0.973494
vn 0.216571 -0.083964 0.972650
vn 0.248716 -0.103367 0.963045
vn 0.255056 -0.098767 0.961869
vn 0.285715 -0.118953 0.950903
vn 0.293089 -0.113326 0.949345
vn 0.327680 -0.138387 0.934599
vn 0.337706 -0.127911 0.932520
vn 0.375069 -0.159071 0.913247
vn 0.386917 -0.145889 0.910501
vn 0.421206 -0.179513 0.889022
vn 0.435011 -0.163132 0.885524
vn 0.472454 -0.169542 0.864895
vn 0.432717 -0.127555 0.892460
vn 0.419721 -0.144586 0.896063
vn 0.384722 -0.114159 0.915946
vn 0.373493 -0.127900 0.918773
vn 0.335669 -0.100146 0.936641
vn 0.326110 -0.111103 0.938780
vn 0.291360 -0.089174 0.952448
vn 0.284136 -0.095137 0.954052
vn 0.253493 -0.077717 0.964210
vn 0.247264 -0.082613 0.965420
vn 0.215206 -0.066066 0.974331
vn 0.209959 -0.070003 0.975201
vn 0.176557 -0.054249 0.982794
vn 0.172285 -0.057316 0.983378
vn 0.137644 -0.042306 0.989578
vn 0.134335 -0.044587 0.989932
vn 0.098484 -0.030247 0.994679
vn 0.096131 -0.031808 0.994860
vn 0.059177 -0.018109 0.998083
vn 0.057770 -0.019010 0.998149
vn 0.017364 0.000461 0.999849
vn 0.017834 -0.000457 0.999841
vn 0.052763 -0.001352 0.998606
vn 0.052491 0.100307 0.993571
vn 0.085013 -0.097626 0.991586
vn 0.085208 0.057198 0.994720
vn 0.115997 -0.055358 0.991706
vn 0.116075 -0.041546 0.992371
vn 0.113946 0.055029 0.991962
vn 0.114064 0.029339 0.993040
vn 0.140171 -0.027691 0.989740
vn 0.140172 0.027457 0.989746
vn 0.165482 -0.023776 0.985926
vn 0.165469 0.022510 0.985958
vn 0.188613 -0.021517 0.981816
vn 0.188637 0.014681 0.981937
vn 0.205563 -0.015050 0.978528
vn 0.205551 0.018655 0.978469
vn 0.231152 -0.025633 0.972580
vn 0.231206 0.013644 0.972809
vn 0.245205 -0.010159 0.969418
vn 0.245190 0.015054 0.969358
vn 0.262918 -0.013592 0.964722
vn 0.005692 0.021552 0.999752
vn 0.010600 0.011626 0.999876
vn 0.046878 -0.008082 0.998868
vn 0.046876 0.011879 0.998830
vn 0.075479 -0.011026 0.997087
vn 0.075468 0.012695 0.997067
vn 0.102014 -0.012218 0.994708
vn 0.102015 0.010946 0.994723
vn 0.123909 -0.010735 0.992235
vn 0.123906 0.012753 0.992212
vn 0.147529 -0.012369 0.988980
vn 0.147535 0.007680 0.989027
vn 0.160337 -0.006082 0.987044
vn 0.160335 0.008069 0.987030
vn 0.175160 -0.007359 0.984512
vn 0.013653 0.003615 0.999900
vn 0.013685 0.002860 0.999902
vn 0.040374 -0.002767 0.999181
vn 0.040373 0.004033 0.999176
vn 0.061896 -0.003598 0.998076
vn 0.061896 0.004595 0.998072
vn 0.082076 -0.004301 0.996617
vn 0.013297 0.001587 0.999910
vn 0.035206 -0.001625 0.999379
vn 0.037153 0.003254 0.999304
vn 0.058658 -0.003057 0.998273
vn 0.022539 -0.000525 0.999746
vn 0.010423 0.000395 0.999946
vn 0.009706 0.000298 0.999953
vn 0.008753 0.000209 0.999962
vn 0.016843 -0.000291 0.999858
vn 0.016843 0.000470 0.999858
vn 0.024482 -0.000394 0.999700
vn 0.024482 0.000462 0.999700
vn 0.029580 -0.000342 0.999562
vn 0.029580 0.000342 0.999562
vn 0.032402 -0.000213 0.999475
vn 0.032402 0.000135 0.999475
vn 0.033114 -0.000029 0.999452
vn 0.033114 -0.000084 0.999452
vn 0.031845 0.000249 0.999493
vn 0.031845 -0.000362 0.999493
vn 0.028783 0.000525 0.999586
vn 0.007858 0.000149 0.999969
vn 0.007066 0.000109 0.999975
vn 0.012680 -0.000186 0.999920
vn 0.012680 0.000293 0.999920
vn 0.018006 -0.000230 0.999838
vn 0.018006 0.000249 0.999838
vn 0.021075 -0.000177 0.999778
vn 0.021075 0.000137 0.999778
vn 0.022043 -0.000032 0.999757
vn 0.022043 -0.000039 0.999757
vn 0.021109 0.000154 0.999777
vn 0.004625 0.000036 0.999989
vn 0.003829 0.000023 0.999993
vn 0.005755 -0.000057 0.999983
vn 0.037104 -0.077222 0.996323
vn 0.038810 -0.077356 0.996248
vn 0.089909 -0.179605 0.979622
vn 0.061532 -0.128514 0.989797
vn 0.156029 -0.328049 0.931686
vn 0.164432 -0.327845 0.930312
vn 0.217867 -0.427833 0.877207
vn 0.178420 -0.375688 0.909409
vn 0.188402 -0.375204 0.907594
vn 0.202239 -0.430551 0.879617
vn 0.041628 -0.071891 0.996543
vn 0.043320 -0.071920 0.996469
vn 0.069075 -0.119675 0.990407
vn 0.071951 -0.119674 0.990203
vn 0.096287 -0.167135 0.981221
vn 0.100410 -0.167055 0.980821
vn 0.123139 -0.214048 0.969031
vn 0.128565 -0.213830 0.968374
vn 0.149590 -0.260385 0.953846
vn 0.183771 -0.305219 0.934382
vn 0.200843 -0.350540 0.914759
vn 0.210622 -0.349460 0.912971
vn 0.228130 -0.402161 0.886692
vn 0.243289 -0.398492 0.884316
vn 0.259220 -0.458355 0.850127
vn 0.277556 -0.453368 0.847007
vn 0.288682 -0.512229 0.808879
vn 0.310518 -0.505631 0.804933
vn 0.045666 -0.066212 0.996760
vn 0.047339 -0.066132 0.996687
vn 0.075814 -0.110252 0.991008
vn 0.078654 -0.110067 0.990807
vn 0.105726 -0.154017 0.982395
vn 0.109787 -0.153674 0.982004
vn 0.135268 -0.197313 0.970963
vn 0.140606 -0.196751 0.970319
vn 0.164409 -0.240119 0.956720
vn 0.171085 -0.239266 0.955762
vn 0.193016 -0.282244 0.939725
vn 0.201099 -0.281018 0.938397
vn 0.221004 -0.323571 0.920032
vn 0.230569 -0.321881 0.918276
vn 0.251481 -0.371635 0.893669
vn 0.340104 -0.466347 0.816608
vn 0.319061 -0.474335 0.820491
vn 0.303794 -0.417826 0.856230
vn 0.049248 -0.060161 0.996973
vn 0.050896 -0.059969 0.996902
vn 0.081796 -0.100208 0.991599
vn 0.084590 -0.099832 0.991402
vn 0.114110 -0.140026 0.983550
vn 0.118098 -0.139412 0.983167
vn 0.146057 -0.179451 0.972864
vn 0.151286 -0.178535 0.972233
vn 0.177601 -0.218466 0.959547
vn 0.184130 -0.217174 0.958609
vn 0.208614 -0.256907 0.943652
vn 0.216502 -0.255154 0.942350
vn 0.239007 -0.294678 0.925225
vn 0.248324 -0.292366 0.923503
vn 0.272393 -0.338860 0.900542
vn 0.286482 -0.333268 0.898254
vn 0.366589 -0.424037 0.828134
vn 0.310238 -0.386965 0.868338
vn 0.327219 -0.379652 0.865328
vn 0.346428 -0.433416 0.831949
vn 0.089759 -0.088940 0.991984
vn 0.121447 -0.125118 0.984681
vn 0.125339 -0.124229 0.984306
vn 0.155505 -0.160405 0.974725
vn 0.160597 -0.159130 0.974108
vn 0.189166 -0.195358 0.962316
vn 0.195514 -0.193620 0.961398
vn 0.222307 -0.229842 0.947498
vn 0.229957 -0.227554 0.946223
vn 0.254834 -0.263778 0.930312
vn 0.263846 -0.260842 0.928626
vn 0.290828 -0.303740 0.907282
vn 0.304270 -0.297195 0.905039
vn 0.331577 -0.347216 0.877211
vn 0.347734 -0.338756 0.874257
vn 0.370687 -0.389358 0.843203
vn 0.389837 -0.378607 0.839454
vn 0.054893 -0.047052 0.997383
vn 0.056450 -0.046608 0.997317
vn 0.091238 -0.078434 0.992735
vn 0.204597 -0.169127 0.964125
vn 0.233401 -0.201734 0.951224
vn 0.240715 -0.198825 0.950013
vn 0.267690 -0.231649 0.935244
vn 0.276293 -0.227985 0.933641
vn 0.305882 -0.267155 0.913819
vn 0.318533 -0.259553 0.911685
vn 0.349070 -0.305724 0.885823
vn 0.364258 -0.295989 0.883010
vn 0.390675 -0.343250 0.854138
vn 0.408644 -0.330980 0.850566
vn 0.056686 -0.040339 0.997577
vn 0.058202 -0.039785 0.997512
vn 0.094246 -0.067279 0.993273
vn 0.096802 -0.066296 0.993093
vn 0.131595 -0.094112 0.986826
vn 0.135224 -0.092637 0.986475
vn 0.168613 -0.120749 0.978258
vn 0.173341 -0.118715 0.977681
vn 0.205267 -0.147189 0.967575
vn 0.282634 -0.206092 0.936827
vn 0.325803 -0.234447 0.915908
vn 0.313624 -0.242634 0.918024
vn 0.328861 -0.221618 0.918007
vn 0.372714 -0.267424 0.888577
vn 0.358129 -0.277861 0.891368
vn 0.376285 -0.252814 0.891344
vn 0.362016 -0.263603 0.894124
vn 0.379425 -0.237959 0.894099
vn 0.422417 -0.282804 0.861154
vn 0.401094 -0.312226 0.861184
vn 0.405589 -0.296334 0.864687
vn 0.059314 -0.032703 0.997704
vn 0.057840 -0.033369 0.997768
vn 0.059515 -0.030311 0.997767
vn 0.058056 -0.031015 0.997831
vn 0.059628 -0.027904 0.997831
vn 0.098671 -0.054520 0.993626
vn 0.096192 -0.055691 0.993804
vn 0.099012 -0.050542 0.993802
vn 0.096561 -0.051777 0.993979
vn 0.099209 -0.046539 0.993978
vn 0.096783 -0.047840 0.994155
vn 0.137859 -0.076200 0.987516
vn 0.134350 -0.077938 0.987864
vn 0.138343 -0.070646 0.987861
vn 0.134876 -0.072475 0.988208
vn 0.138625 -0.065057 0.988206
vn 0.135200 -0.066977 0.988552
vn 0.176757 -0.097670 0.979397
vn 0.172197 -0.100044 0.979969
vn 0.177393 -0.090557 0.979965
vn 0.172889 -0.093048 0.980536
vn 0.177765 -0.083398 0.980533
vn 0.173321 -0.086007 0.981103
vn 0.215349 -0.118915 0.969270
vn 0.209705 -0.122010 0.970122
vn 0.216140 -0.110259 0.970117
vn 0.210572 -0.113497 0.970967
vn 0.216610 -0.101549 0.970962
vn 0.211124 -0.104931 0.971811
vn 0.253515 -0.139860 0.957167
vn 0.246763 -0.143767 0.958352
vn 0.254474 -0.129684 0.958345
vn 0.247818 -0.133762 0.959528
vn 0.255053 -0.119445 0.959521
vn 0.248499 -0.123695 0.960702
vn 0.291188 -0.160451 0.943115
vn 0.283289 -0.165280 0.944685
vn 0.292319 -0.148787 0.944676
vn 0.284548 -0.153810 0.946242
vn 0.293019 -0.137045 0.946234
vn 0.285376 -0.142267 0.947798
vn 0.409612 -0.280149 0.868179
vn 0.426038 -0.266203 0.864654
vn 0.327060 -0.165071 0.930475
vn 0.337664 -0.155170 0.928389
vn 0.325995 -0.178276 0.928410
vn 0.336875 -0.168662 0.926320
vn 0.324438 -0.191389 0.926342
vn 0.374142 -0.189519 0.907799
vn 0.386726 -0.177024 0.905045
vn 0.372814 -0.204579 0.905073
vn 0.419887 -0.213586 0.882086
vn 0.058322 -0.013012 0.998213
vn 0.056953 -0.014008 0.998279
vn 0.097076 -0.021766 0.995039
vn 0.094789 -0.023484 0.995220
vn 0.135691 -0.030458 0.990283
vn 0.132485 -0.032955 0.990637
vn 0.174078 -0.039059 0.983957
vn 0.169949 -0.042404 0.984540
vn 0.212221 -0.047565 0.976063
vn 0.207163 -0.051836 0.976932
vn 0.250029 -0.055942 0.966621
vn 0.244041 -0.061230 0.967830
vn 0.287444 -0.064169 0.955646
vn 0.280524 -0.070579 0.957249
vn 0.331113 -0.071374 0.940888
vn 0.322211 -0.082944 0.943027
vn 0.379645 -0.081227 0.921560
vn 0.369253 -0.095693 0.924389
vn 0.427191 -0.090569 0.899614
vn 0.415247 -0.108450 0.903221
vn 0.132649 -0.018614 0.990988
vn 0.170203 -0.023869 0.985120
vn 0.166238 -0.027509 0.985702
vn 0.167723 -0.016370 0.985698
vn 0.207533 -0.029053 0.977796
vn 0.202691 -0.033679 0.978664
vn 0.204525 -0.019910 0.978659
vn 0.199769 -0.024718 0.979531
vn 0.201024 -0.010807 0.979527
vn 0.244558 -0.034141 0.969033
vn 0.238840 -0.039843 0.970241
vn 0.241035 -0.023371 0.970235
vn 0.235432 -0.029282 0.971449
vn 0.236933 -0.012650 0.971443
vn 0.231463 -0.018783 0.972662
vn 0.232241 -0.002024 0.972656
vn 0.281226 -0.039120 0.958844
vn 0.274639 -0.046000 0.960446
vn 0.277204 -0.026739 0.960439
vn 0.270764 -0.033857 0.962050
vn 0.272518 -0.014417 0.962043
vn 0.266243 -0.021784 0.963660
vn 0.267152 -0.002199 0.963652
vn 0.261043 -0.009825 0.965277
vn 0.261073 0.004842 0.965307
vn 0.323894 -0.042522 0.945137
vn 0.315702 -0.054726 0.947279
vn 0.319224 -0.028254 0.947258
vn 0.311378 -0.040777 0.949411
vn 0.313784 -0.014060 0.949390
vn 0.306312 -0.026909 0.951551
vn 0.307557 0.000024 0.951530
vn 0.300466 -0.013164 0.953702
vn 0.300510 0.008595 0.953740
vn 0.300384 -0.007310 0.953790
vn 0.300387 0.008612 0.953778
vn 0.371515 -0.048154 0.927177
vn 0.362019 -0.063371 0.930014
vn 0.366217 -0.031799 0.929986
vn 0.357173 -0.047381 0.932836
vn 0.360041 -0.015526 0.932807
vn 0.351474 -0.031487 0.935668
vn 0.352956 0.000634 0.935640
vn 0.344878 -0.015718 0.938516
vn 0.344935 0.010871 0.938564
vn 0.344799 -0.009182 0.938632
vn 0.344801 0.011169 0.938609
vn 0.344713 -0.009197 0.938663
vn 0.344709 0.010510 0.938651
vn 0.412344 -0.034953 0.910358
vn 0.407406 -0.072119 0.910395
vn 0.402096 -0.054146 0.913995
vn 0.054847 -0.006556 0.998473
vn 0.055178 -0.002902 0.998472
vn 0.089735 -0.007005 0.995941
vn 0.090022 -0.000815 0.995939
vn 0.122949 -0.004287 0.992404
vn 0.122959 0.001930 0.992410
vn 0.157745 -0.002148 0.987478
vn 0.157746 0.002577 0.987476
vn 0.192362 -0.002813 0.981320
vn 0.192361 0.003245 0.981319
vn 0.226765 -0.003653 0.973943
vn 0.214184 0.328490 0.919902
vn 0.241350 -0.321376 0.915679
vn 0.252445 0.131439 0.958642
vn 0.279723 -0.179961 0.943064
vn 0.280994 -0.153541 0.947348
vn 0.274817 0.176827 0.945097
vn 0.278363 0.077153 0.957372
vn 0.306782 -0.071957 0.949056
vn 0.306776 0.072194 0.949040
vn 0.335719 -0.057310 0.940217
vn 0.335775 0.052075 0.940502
vn 0.405468 -0.016639 0.913958
vn 0.395822 -0.036270 0.917611
vn 0.054063 -0.000424 0.998537
vn 0.087924 -0.002977 0.996123
vn 0.122900 -0.001613 0.992418
vn 0.087930 0.001308 0.996126
vn 0.397565 0.001565 0.917573
vn 0.388537 -0.018520 0.921247
vn 0.388607 0.013851 0.921300
vn 0.388462 -0.011662 0.921391
vn 0.388462 0.013944 0.921359
vn 0.388369 -0.011359 0.921434
vn 0.388356 0.014217 0.921400
vn 0.388343 -0.012130 0.921435
vn 0.284373 0.681161 0.674649
vn 0.053892 -0.004108 0.998538
vn 0.067256 -0.005384 0.997721
vn 0.068963 0.008082 0.997586
vn 0.068964 -0.006077 0.997601
vn 0.072929 0.008853 0.997298
vn 0.072929 -0.008460 0.997301
vn 0.037153 -0.001994 0.999308
vn 0.094092 -0.007858 0.995533
vn 0.096477 0.010491 0.995280
vn 0.096478 -0.008588 0.995298
vn 0.067256 0.005496 0.997721
vn 0.086602 -0.004811 0.996231
vn 0.094092 0.006592 0.995542
vn 0.111251 -0.005624 0.993776
vn 0.120854 0.007323 0.992643
vn 0.135838 -0.006052 0.990713
vn 0.120851 -0.010177 0.992618
vn 0.174095 -0.014409 0.984623
vn 0.178468 0.016820 0.983802
vn 0.178476 -0.013971 0.983845
vn 0.200528 -0.016323 0.979552
vn 0.200550 0.007305 0.979656
vn 0.213055 -0.010810 0.976980
vn 0.213046 0.014348 0.976937
vn 0.232596 -0.013080 0.972485
vn 0.184737 -0.005713 0.982771
vn 0.174108 0.007675 0.984697
vn 0.236893 0.029898 0.971076
vn 0.265881 -0.028999 0.963570
vn 0.277094 -0.008824 0.960802
vn 0.265970 0.012981 0.963894
vn 0.217220 0.015068 0.976006
vn 0.236926 -0.024841 0.971210
vn 0.151248 0.014867 0.988384
vn 0.151253 -0.012536 0.988416
vn 0.131005 0.012620 0.991301
vn 0.130999 -0.015640 0.991259
vn 0.105573 0.016292 0.994278
vn 0.105586 -0.015789 0.994285
vn 0.078069 0.017359 0.996797
vn 0.078072 -0.015408 0.996829
vn 0.048998 0.016211 0.998667
vn 0.048989 0.026721 0.998442
vn 0.049872 -0.013412 0.998666
vn 0.049867 -0.019273 0.998570
vn -0.009663 0.051757 0.998613
vn -0.066780 0.096492 -0.993091
vn 0.159892 0.013859 0.987037
vn 0.041400 -0.003212 0.999137
vn 0.041400 0.005530 0.999127
vn 0.043783 0.006331 0.999021
vn 0.013258 0.005119 0.999899
vn 0.043783 -0.004388 0.999031
vn 0.045304 0.008778 0.998935
vn 0.013632 0.002172 0.999905
vn 0.028087 -0.002621 0.999602
vn 0.013550 0.002384 0.999905
vn 0.024776 -0.001997 0.999691
vn 0.011944 0.001796 0.999927
vn 0.021480 -0.001460 0.999768
vn 0.010354 0.001285 0.999946
vn 0.018590 -0.001125 0.999826
vn 0.008964 0.001008 0.999959
vn 0.016109 -0.000821 0.999870
vn 0.007775 0.000721 0.999969
vn 0.013628 -0.000564 0.999907
vn 0.006565 0.000485 0.999978
vn 0.011147 -0.000353 0.999938
vn 0.005374 0.000293 0.999986
vn 0.008675 -0.000190 0.999962
vn 0.004185 0.000148 0.999991
vn 0.001785 0.000002 0.999998
vn 0.006203 -0.000074 0.999981
vn 0.002995 0.000051 0.999995
vn 0.003712 -0.000002 0.999993
vn 0.055503 -0.001529 0.998457
vn 0.055504 0.001291 0.998458
vn 0.060183 -0.000892 0.998187
vn 0.060183 0.000592 0.998187
vn 0.062378 -0.000356 0.998052
vn 0.062378 0.000090 0.998053
vn 0.063354 -0.000294 0.997991
vn 0.063354 0.000216 0.997991
vn 0.063623 0.000117 0.997974
vn 0.063623 -0.000223 0.997974
vn 0.061720 0.000423 0.998093
vn 0.061720 -0.000335 0.998093
vn 0.058588 0.000634 0.998282
vn 0.058588 -0.000693 0.998282
vn 0.052574 0.000965 0.998617
vn 0.052574 -0.001301 0.998616
vn 0.040549 0.001439 0.999177
vn 0.040549 -0.000936 0.999177
vn 0.028388 0.001156 0.999596
vn 0.028388 -0.000870 0.999597
vn 0.038369 0.000934 0.999263
vn 0.033250 0.000567 0.999447
vn 0.042451 -0.000643 0.999098
vn 0.042451 0.000441 0.999098
vn 0.036742 -0.000590 0.999325
vn 0.036742 0.000462 0.999325
vn 0.039129 -0.000268 0.999234
vn 0.039129 0.000126 0.999234
vn 0.039602 -0.000005 0.999216
vn 0.039602 -0.000112 0.999215
vn 0.038028 0.000275 0.999277
vn 0.038028 -0.000311 0.999277
vn 0.034275 0.000479 0.999412
vn 0.034275 -0.000471 0.999412
vn 0.028068 0.000582 0.999606
vn 0.028068 -0.000470 0.999606
vn 0.019539 0.000584 0.999809
vn 0.019539 -0.000379 0.999809
vn 0.045150 -0.000502 0.998980
vn 0.024939 0.000318 0.999689
vn 0.026946 -0.000180 0.999637
vn 0.026946 0.000084 0.999637
vn 0.027097 0.000051 0.999633
vn 0.027097 -0.000130 0.999633
vn 0.025204 0.000220 0.999682
vn 0.025204 -0.000253 0.999682
vn 0.021131 0.000348 0.999777
vn 0.021131 -0.000299 0.999777
vn 0.014692 0.000378 0.999892
vn 0.014692 -0.000237 0.999892
vn 0.017266 0.000036 0.999851
vn 0.013429 -0.000040 0.999910
vn 0.017150 0.000055 0.999853
vn 0.017150 -0.000099 0.999853
vn 0.009598 -0.000070 0.999954
vn 0.012248 0.000107 0.999925
vn 0.012248 -0.000115 0.999925
vn 0.015053 0.000176 0.999887
vn 0.015053 -0.000172 0.999887
vn 0.007349 -0.000083 0.999973
vn 0.007349 0.000116 0.999973
vn 0.009035 0.000165 0.999959
vn 0.006241 0.000078 0.999980
vn 0.005445 0.000054 0.999985
vn 0.009035 -0.000112 0.999959
vn 0.068192 0.001058 0.997672
vn 0.071961 -0.000803 0.997407
vn 0.073193 -0.000077 0.997318
vn 0.071961 0.000489 0.997407
vn 0.045150 0.000334 0.998980
vn 0.046799 -0.000200 0.998904
vn 0.046799 0.000050 0.998904
vn 0.046473 0.000146 0.998919
vn 0.046473 -0.000207 0.998919
vn 0.044063 0.000427 0.999029
vn 0.044063 -0.000467 0.999029
vn 0.039292 0.000611 0.999228
vn 0.039292 -0.000537 0.999228
vn 0.032561 0.000711 0.999470
vn 0.032561 -0.000622 0.999470
vn 0.022539 0.000758 0.999746
vn 0.010801 -0.000147 0.999942
vn 0.010801 0.000221 0.999942
vn 0.068192 -0.001390 0.997671
vn 0.110780 -0.000833 0.993845
vn 0.110780 0.000606 0.993845
vn 0.112053 -0.000166 0.993702
vn 0.112053 0.000558 0.993702
vn 0.112659 0.000207 0.993634
vn 0.112659 -0.000382 0.993634
vn 0.112472 -0.000278 0.993655
vn 0.112471 -0.001760 0.993653
vn 0.105261 0.002092 0.994442
vn 0.105262 -0.000062 0.994445
vn 0.103916 0.000636 0.994586
vn 0.103916 -0.002748 0.994582
vn 0.092163 0.003176 0.995739
vn 0.073193 -0.000057 0.997318
vn 0.073393 -0.000141 0.997303
vn 0.073393 0.000020 0.997303
vn 0.072923 0.000206 0.997338
vn 0.072923 -0.000067 0.997338
vn 0.071584 0.000430 0.997434
vn 0.071584 -0.000523 0.997434
vn 0.067573 0.000861 0.997714
vn 0.067573 -0.001552 0.997713
vn 0.056755 0.001738 0.998387
vn 0.056755 -0.001062 0.998388
vn 0.047301 0.001380 0.998880
vn 0.047301 -0.001579 0.998879
vn 0.030760 0.001742 0.999525
vn 0.126918 0.001433 0.991912
vn 0.129899 -0.000546 0.991527
vn 0.129873 0.000426 0.991531
vn 0.129899 0.000410 0.991527
vn 0.126918 -0.000845 0.991913
vn 0.182839 0.003334 0.983137
vn 0.182840 0.003111 0.983138
vn 0.188153 -0.001847 0.982138
vn 0.188151 -0.004845 0.982128
vn 0.176818 0.005946 0.984226
vn 0.129873 -0.003167 0.991526
vn 0.121381 0.002028 0.992604
vn 0.121381 0.000731 0.992606
vn 0.122724 -0.000084 0.992441
vn 0.122724 -0.002817 0.992437
vn 0.112567 0.003340 0.993639
vn 0.212877 -0.003965 0.977071
vn 0.212877 -0.004402 0.977069
vn 0.203663 0.005677 0.979025
vn 0.230359 0.005126 0.973092
vn 0.277072 0.015421 0.960725
vn 0.202050 -0.012235 0.979299
vn 0.184733 0.008468 0.982752
vn 0.152005 -0.006882 0.988356
vn 0.128761 -0.006216 0.991656
vn 0.135836 0.007485 0.990703
vn 0.105446 -0.005352 0.994411
vn 0.111250 0.006710 0.993770
vn 0.086602 0.005747 0.996226
vn 0.324803 0.026710 0.945404
vn 0.324575 -0.046024 0.944740
vn 0.297562 0.048686 0.953460
vn 0.297533 -0.053146 0.953231
vn 0.267098 0.064892 0.961482
vn 0.267084 -0.065700 0.961431
vn 0.242193 0.046742 0.969102
vn 0.240817 0.116679 0.963532
vn 0.245618 -0.103082 0.963870
vn 0.245323 -0.114026 0.962712
vn 0.219530 0.119069 0.968313
vn 0.212580 -0.277830 0.936814
vn 0.184403 0.284535 0.940763
vn 0.192356 -0.002840 0.981321
vn 0.157705 0.002634 0.987483
vn 0.157705 -0.002186 0.987484
vn 0.122900 0.001897 0.992417
vn 0.195212 0.025134 0.980439
vn 0.217182 -0.023925 0.975838
vn 0.135576 0.019574 0.990574
vn 0.159879 -0.018745 0.986959
vn 0.045310 -0.005767 0.998956
vn 0.012444 0.007369 0.999895
vn 0.195223 -0.027004 0.980387
vn 0.171025 0.032076 0.984744
vn 0.171022 -0.032703 0.984724
vn 0.146388 0.034805 0.988615
vn 0.146127 0.069864 0.986796
vn 0.148905 -0.056239 0.987251
vn 0.148757 -0.071789 0.986265
vn 0.119119 0.074418 0.990087
vn 0.118305 -0.144188 0.982453
vn 0.086889 0.148182 0.985136
vn 0.087867 0.000298 0.996132
vn 0.052763 0.002213 0.998605
vn 0.052764 -0.000411 0.998607
vn 0.135591 -0.020005 0.990563
vn 0.109186 0.022561 0.993765
vn 0.109187 -0.021943 0.993779
vn 0.081583 0.023162 0.996397
vn 0.081541 0.040654 0.995840
vn 0.083037 -0.027204 0.996175
vn 0.083008 -0.037773 0.995833
vn 0.051170 0.039002 0.997928
vn 0.051189 -0.049505 0.997461
vn 0.291178 0.130454 -0.947733
vn -0.313891 -0.142641 0.938683
vn -0.257042 -0.109359 0.960193
vn 0.407120 0.203579 -0.890398
vn -0.347857 -0.163435 0.923193
vn 0.370592 0.180481 -0.911092
vn -0.376094 -0.184992 0.907927
vn 0.387368 0.195470 -0.900965
vn -0.397480 -0.206064 0.894174
vn -0.407610 -0.218495 0.886631
vn 0.407177 0.217889 -0.886979
vn -0.414470 -0.228590 0.880887
vn 0.419360 0.237518 -0.876198
vn -0.423060 -0.245408 0.872235
vn 0.423609 0.246771 -0.871584
vn -0.427642 -0.258023 0.866341
vn 0.423632 0.244487 -0.872217
vn -0.430945 -0.272779 0.860162
vn -0.431011 -0.273106 0.860025
vn 0.430929 0.272484 -0.860263
vn -0.431835 -0.282022 0.856728
vn 0.431902 0.283935 -0.856062
vn -0.431948 -0.291185 0.853600
vn -0.431899 -0.292984 0.853009
vn 0.428566 0.330604 -0.840852
vn -0.433656 -0.275482 0.857935
vn -0.431152 -0.301872 0.850283
vn -0.432767 -0.291020 0.853241
vn -0.456270 -0.073197 0.886826
vn -0.458775 -0.019545 0.888338
vn -0.459148 -0.008673 0.888317
vn -0.459196 -0.007363 0.888305
vn -0.459186 -0.007574 0.888308
vn -0.458026 -0.012566 0.888850
vn -0.446805 -0.017047 0.894469
vn -0.491543 -0.094119 0.865752
vn -0.475741 -0.051571 0.878072
vn -0.489676 -0.033919 0.871245
vn -0.500041 -0.156578 0.851729
vn -0.504237 -0.093942 0.858441
vn -0.498672 -0.099625 0.861046
vn -0.512890 -0.021698 0.858180
vn -0.492387 -0.159022 0.855726
vn -0.505631 -0.226844 0.832393
vn -0.506306 -0.227496 0.831805
vn -0.506801 -0.226991 0.831642
vn -0.529924 -0.234564 0.814960
vn -0.533681 -0.232076 0.813219
vn -0.550181 -0.239014 0.800108
vn -0.555669 -0.235922 0.797228
vn -0.568527 -0.242525 0.786104
vn -0.574830 -0.240191 0.782227
vn -0.584685 -0.246012 0.773060
vn -0.591953 -0.243757 0.768228
vn -0.606697 -0.253637 0.753383
vn -0.618856 -0.246289 0.745894
vn -0.636431 -0.260872 0.725880
vn -0.650510 -0.253718 0.715866
vn -0.664982 -0.268201 0.697041
vn -0.680451 -0.261560 0.684524
vn -0.690415 -0.273358 0.669778
vn -0.704061 -0.270383 0.656652
vn -0.710562 -0.279108 0.645911
vn -0.724534 -0.276766 0.631230
vn -0.730024 -0.285074 0.621127
vn -0.744185 -0.283375 0.604887
vn -0.748839 -0.291317 0.595294
vn -0.763098 -0.290258 0.577435
vn -0.768167 -0.300073 0.565576
vn -0.785095 -0.296872 0.543593
vn -0.790334 -0.308801 0.529163
vn -0.807218 -0.306318 0.504547
vn -0.811670 -0.318515 0.489632
vn -0.829162 -0.315900 0.461192
vn -0.832788 -0.328365 0.445691
vn -0.850020 -0.326380 0.413452
vn -0.852601 -0.338281 0.398294
vn -0.869416 -0.336840 0.361463
vn -0.870941 -0.347642 0.347286
vn -0.887100 -0.346630 0.304798
vn -0.887302 -0.349556 0.300842
vn -0.895357 -0.358213 0.264611
vn -0.895263 -0.352972 0.271872
vn -0.902589 -0.362165 0.232742
vn -0.902763 -0.355589 0.242025
vn -0.909202 -0.365281 0.199806
vn -0.909778 -0.357325 0.211241
vn -0.915160 -0.367453 0.165711
vn -0.916291 -0.358081 0.179413
vn -0.920400 -0.368597 0.130386
vn -0.922261 -0.357727 0.146515
vn -0.924864 -0.368544 0.093821
vn -0.927753 -0.355596 0.113256
vn -0.928642 -0.366568 0.057034
vn -0.932794 -0.351451 0.079859
vn -0.931788 -0.362429 0.020390
vn -0.937007 -0.346467 0.044478
vn -0.935485 -0.352389 -0.026274
vn -0.942248 -0.334916 -0.000351
vn -0.937364 -0.340125 -0.075252
vn -0.947103 -0.317956 -0.043582
vn -0.938429 -0.325549 -0.115625
vn -0.950725 -0.299447 -0.080328
vn -0.939437 -0.306664 -0.153018
vn -0.953639 -0.277462 -0.116562
vn -0.939950 -0.284478 -0.188593
vn -0.955392 -0.252643 -0.152961
vn -0.941499 -0.269404 -0.202487
vn -0.956428 -0.237785 -0.169419
vn -0.942468 -0.254423 -0.216848
vn -0.957240 -0.222016 -0.185472
vn -0.943408 -0.238483 -0.230449
vn -0.957725 -0.205567 -0.201257
vn -0.944221 -0.221785 -0.243429
vn -0.958080 -0.187923 -0.216259
vn -0.945164 -0.203783 -0.255220
vn -0.958373 -0.168862 -0.230232
vn -0.946330 -0.184234 -0.265553
vn -0.958500 -0.148683 -0.243252
vn -0.947599 -0.163363 -0.274532
vn -0.958402 -0.127626 -0.255299
vn -0.948901 -0.141322 -0.282160
vn -0.958161 -0.105488 -0.266080
vn -0.950309 -0.117799 -0.288161
vn -0.957803 -0.082268 -0.275400
vn -0.951784 -0.092735 -0.292416
vn -0.956146 -0.066243 -0.285302
vn -0.971178 -0.072563 -0.227041
vn -0.974060 -0.042952 -0.222177
vn -0.986114 -0.046047 -0.159561
vn -0.987578 -0.000298 -0.157128
vn -0.987574 -0.000317 -0.157157
vn -0.986095 0.045957 -0.159702
vn -0.987003 0.051416 -0.152253
vn -0.982091 0.099455 -0.160015
vn -0.991728 0.106892 -0.071060
vn -0.984241 0.155475 -0.084251
vn -0.982803 0.172894 -0.064851
vn -0.976040 0.203681 -0.076550
vn -0.972404 0.226801 -0.054703
vn -0.966362 0.248728 -0.065417
vn -0.959937 0.276878 -0.043118
vn -0.956484 0.287559 -0.049491
vn -0.947383 0.318087 -0.035856
vn -0.946965 0.319240 -0.036643
vn -0.935477 0.352487 -0.025201
vn -0.936864 0.348970 -0.022504
vn -0.923039 0.384459 -0.013794
vn -0.926173 0.377025 -0.007483
vn -0.910130 0.414319 -0.001888
vn -0.914974 0.403429 0.008230
vn -0.896702 0.442481 0.011626
vn -0.903323 0.428170 0.026061
vn -0.883189 0.468309 0.025753
vn -0.888755 0.456781 0.038289
vn -0.859693 0.506812 0.063793
vn -0.865416 0.494900 0.078281
vn -0.833993 0.544172 0.091285
vn -0.827011 0.557388 0.073287
vn -0.761123 0.602783 0.239467
vn -0.756212 0.615263 0.222700
vn -0.719418 0.659848 0.216883
vn -0.730323 0.633809 0.254783
vn -0.694675 0.676855 0.243503
vn -0.705900 0.647344 0.287491
vn -0.672373 0.688398 0.272072
vn -0.683201 0.655902 0.320981
vn -0.652697 0.694396 0.302986
vn -0.661821 0.662094 0.351603
vn -0.634462 0.697936 0.332181
vn -0.641784 0.666575 0.379198
vn -0.617434 0.699834 0.359176
vn -0.623133 0.669283 0.404679
vn -0.601662 0.699968 0.384769
vn -0.605863 0.670124 0.428794
vn -0.587141 0.698204 0.409605
vn -0.590049 0.667190 0.454642
vn -0.568667 0.694313 0.441075
vn -0.569723 0.661733 0.487366
vn -0.552675 0.684612 0.475243
vn -0.551793 0.654054 0.517435
vn -0.538333 0.673128 0.507047
vn -0.536021 0.646198 0.543241
vn -0.525398 0.662048 0.534462
vn -0.522062 0.638027 0.566015
vn -0.513773 0.651002 0.558779
vn -0.509685 0.629473 0.586502
vn -0.503323 0.639919 0.580663
vn -0.498660 0.620486 0.605256
vn -0.493844 0.628770 0.600639
vn -0.488702 0.611043 0.622734
vn -0.485092 0.617538 0.619138
vn -0.479568 0.601333 0.639072
vn -0.476876 0.606397 0.636296
vn -0.471289 0.592162 0.653629
vn -0.469362 0.595954 0.651566
vn -0.463728 0.583318 0.666855
vn -0.462459 0.585940 0.665437
vn -0.456813 0.574700 0.679000
vn -0.456096 0.576260 0.678160
vn -0.450303 0.565968 0.690584
vn -0.450020 0.566577 0.690270
vn -0.444049 0.557148 0.701717
vn -0.454057 0.533668 0.713464
vn -0.531614 0.573663 0.623135
vn -0.496719 -0.284565 0.819935
vn -0.482962 -0.291660 0.825640
vn -0.504131 -0.298600 0.810364
vn -0.505223 -0.297860 0.809956
vn -0.520105 -0.304120 0.798124
vn -0.522613 -0.302673 0.797035
vn -0.534614 -0.308841 0.786642
vn -0.537990 -0.307541 0.784847
vn -0.547601 -0.313221 0.775903
vn -0.551839 -0.311850 0.773450
vn -0.565853 -0.321233 0.759355
vn -0.573639 -0.316550 0.755470
vn -0.590180 -0.330284 0.736614
vn -0.599871 -0.325423 0.730927
vn -0.613829 -0.339399 0.712757
vn -0.625063 -0.334687 0.705181
vn -0.635096 -0.346582 0.690315
vn -0.645336 -0.344370 0.681873
vn -0.652327 -0.353756 0.670318
vn -0.663121 -0.351980 0.660591
vn -0.669193 -0.361173 0.649411
vn -0.680445 -0.359868 0.638349
vn -0.685714 -0.368865 0.627482
vn -0.697376 -0.368055 0.614982
vn -0.703018 -0.378978 0.601782
vn -0.717438 -0.376561 0.586075
vn -0.723201 -0.389692 0.570193
vn -0.738164 -0.387865 0.551974
vn -0.743089 -0.401369 0.535463
vn -0.759358 -0.399501 0.513589
vn -0.763378 -0.413331 0.496399
vn -0.780283 -0.412085 0.470473
vn -0.783163 -0.425369 0.453560
vn -0.800659 -0.424750 0.422532
vn -0.802343 -0.436676 0.406890
vn -0.820341 -0.436681 0.369257
vn -0.820603 -0.440506 0.364096
vn -0.830032 -0.449323 0.330388
vn -0.829947 -0.444627 0.336890
vn -0.838991 -0.454237 0.299605
vn -0.839160 -0.447752 0.308754
vn -0.847646 -0.458139 0.267589
vn -0.848246 -0.449803 0.279563
vn -0.855980 -0.460928 0.234186
vn -0.857208 -0.450694 0.249138
vn -0.863939 -0.462517 0.199218
vn -0.866027 -0.450268 0.217385
vn -0.871473 -0.462705 0.162599
vn -0.874824 -0.447643 0.185199
vn -0.878712 -0.460507 0.125690
vn -0.883633 -0.442542 0.152805
vn -0.885721 -0.455623 0.088919
vn -0.892164 -0.435809 0.118801
vn -0.895004 -0.444132 0.041406
vn -0.903660 -0.421690 0.074679
vn -0.903116 -0.429311 -0.008596
vn -0.915429 -0.401245 0.031490
vn -0.910251 -0.411115 -0.049267
vn -0.925606 -0.378455 -0.005115
vn -0.917627 -0.387765 -0.087172
vn -0.935361 -0.351242 -0.041580
vn -0.924733 -0.360091 -0.123303
vn -0.943462 -0.321628 -0.080214
vn -0.930526 -0.340175 -0.135653
vn -0.948011 -0.303125 -0.096899
vn -0.934973 -0.321424 -0.150041
vn -0.952293 -0.283404 -0.113227
vn -0.939348 -0.301397 -0.163660
vn -0.956163 -0.262717 -0.129355
vn -0.943508 -0.280315 -0.176681
vn -0.959816 -0.240451 -0.144691
vn -0.947712 -0.257544 -0.188450
vn -0.963270 -0.216397 -0.159004
vn -0.951990 -0.232859 -0.198724
vn -0.966361 -0.190870 -0.172383
vn -0.956170 -0.206495 -0.207603
vn -0.968980 -0.164109 -0.184789
vn -0.960122 -0.178608 -0.215094
vn -0.971168 -0.135848 -0.195904
vn -0.963884 -0.148815 -0.220866
vn -0.972874 -0.106154 -0.205543
vn -0.967330 -0.117136 -0.224836
vn -0.972881 -0.083370 -0.215759
vn -0.983411 -0.088890 -0.158120
vn -0.987038 -0.051554 -0.151978
vn -0.994511 -0.054241 -0.089480
vn -0.996242 -0.000327 -0.086615
vn -0.996239 -0.000348 -0.086651
vn -0.994503 0.054109 -0.089639
vn -0.994900 0.059715 -0.081285
vn -0.989164 0.115721 -0.090345
vn -0.992510 0.122164 0.000771
vn -0.983905 0.178110 -0.014384
vn -0.980627 0.195747 0.007322
vn -0.972411 0.233173 -0.006892
vn -0.966379 0.256508 0.017780
vn -0.958693 0.284414 0.004151
vn -0.949372 0.312753 0.029624
vn -0.944385 0.328209 0.020411
vn -0.932603 0.359044 0.036583
vn -0.930835 0.363923 0.033254
vn -0.916395 0.397479 0.047240
vn -0.916479 0.397265 0.047404
vn -0.899460 0.433058 0.058589
vn -0.901364 0.428539 0.062425
vn -0.881916 0.466125 0.070361
vn -0.885596 0.457852 0.078047
vn -0.863625 0.497134 0.083724
vn -0.869171 0.485141 0.095817
vn -0.845187 0.525495 0.097536
vn -0.849061 0.517500 0.106246
vn -0.812734 0.566384 0.136651
vn -0.816448 0.558642 0.146056
vn -0.778076 0.606765 0.162587
vn -0.768736 0.624413 0.138394
vn -0.687521 0.657217 0.308837
vn -0.680947 0.673931 0.286580
vn -0.638158 0.716528 0.281677
vn -0.648251 0.692406 0.316772
vn -0.607084 0.733462 0.305750
vn -0.617711 0.705498 0.347427
vn -0.579249 0.744591 0.331744
vn -0.589691 0.713210 0.378940
vn -0.554948 0.749788 0.360348
vn -0.563719 0.718667 0.407110
vn -0.532800 0.752611 0.386912
vn -0.539774 0.722678 0.431717
vn -0.512491 0.754020 0.410861
vn -0.517881 0.725087 0.453925
vn -0.494050 0.753812 0.433223
vn -0.498004 0.725711 0.474695
vn -0.477451 0.751771 0.454842
vn -0.480179 0.722826 0.496942
vn -0.457038 0.747209 0.482489
vn -0.458019 0.716813 0.525735
vn -0.440097 0.736924 0.513087
vn -0.439282 0.708754 0.551996
vn -0.425646 0.725004 0.541475
vn -0.423581 0.700924 0.573833
vn -0.413319 0.713864 0.565300
vn -0.410423 0.692979 0.592734
vn -0.402929 0.702936 0.586113
vn -0.399482 0.684765 0.609516
vn -0.394258 0.692079 0.604639
vn -0.390439 0.676163 0.624789
vn -0.387009 0.681211 0.621430
vn -0.382914 0.667096 0.639030
vn -0.380852 0.670283 0.636925
vn -0.376579 0.657746 0.652348
vn -0.375520 0.659463 0.651225
vn -0.371414 0.649000 0.663965
vn -0.371181 0.649397 0.663708
vn -0.367259 0.640600 0.674354
vn -0.367719 0.639777 0.674884
vn -0.364021 0.632414 0.683770
vn -0.365037 0.630495 0.684999
vn -0.361471 0.624157 0.692652
vn -0.363078 0.621146 0.694515
vn -0.359640 0.615716 0.701109
vn -0.361601 0.611802 0.703522
vn -0.337451 0.577717 0.743216
vn -0.315485 0.692534 0.648742
vn -0.279592 0.663113 0.694341
vn -0.271135 0.663873 0.696964
vn -0.271685 0.673674 0.687277
vn -0.271232 0.673588 0.687540
vn -0.267202 0.682401 0.680391
vn -0.271936 0.687200 0.673652
vn -0.489624 -0.358577 0.794790
vn -0.480839 -0.350735 0.803604
vn -0.470803 -0.360628 0.805166
vn -0.465455 -0.403583 0.787701
vn -0.432412 -0.422255 0.796694
vn -0.450213 -0.439527 0.777254
vn -0.409114 -0.491510 0.768794
vn -0.406718 -0.491200 0.770262
vn -0.379142 -0.564959 0.732852
vn -0.374577 -0.546890 0.748735
vn -0.356920 -0.552200 0.753448
vn -0.368216 -0.558904 0.742996
vn -0.360864 -0.561245 0.744836
vn -0.368117 -0.566097 0.737580
vn -0.357500 -0.571687 0.738490
vn -0.365549 -0.578373 0.729286
vn -0.355924 -0.582405 0.730837
vn -0.363756 -0.590254 0.720613
vn -0.355403 -0.592991 0.722531
vn -0.362309 -0.601202 0.712242
vn -0.356522 -0.602071 0.714425
vn -0.362635 -0.610289 0.704303
vn -0.357817 -0.610742 0.706372
vn -0.363608 -0.619522 0.695688
vn -0.359832 -0.619677 0.697511
vn -0.365196 -0.628851 0.686424
vn -0.362622 -0.628826 0.687811
vn -0.368215 -0.639645 0.674738
vn -0.366944 -0.639697 0.675381
vn -0.372542 -0.652485 0.659906
vn -0.373592 -0.652500 0.659297
vn -0.378502 -0.665989 0.642802
vn -0.382812 -0.666189 0.640038
vn -0.386844 -0.680125 0.622721
vn -0.395160 -0.680979 0.616536
vn -0.398076 -0.694508 0.599328
vn -0.411080 -0.696570 0.588050
vn -0.412685 -0.708027 0.573053
vn -0.431386 -0.712071 0.553950
vn -0.431642 -0.716134 0.548487
vn -0.443627 -0.725652 0.525950
vn -0.443553 -0.721436 0.531780
vn -0.456952 -0.732992 0.503902
vn -0.457153 -0.725365 0.514643
vn -0.471825 -0.739128 0.480698
vn -0.472620 -0.728046 0.496567
vn -0.488394 -0.744163 0.455734
vn -0.490124 -0.729642 0.476866
vn -0.506757 -0.748217 0.428216
vn -0.509833 -0.730066 0.455055
vn -0.527011 -0.751130 0.397572
vn -0.532265 -0.727400 0.433108
vn -0.549513 -0.750696 0.366729
vn -0.557525 -0.721251 0.411050
vn -0.574377 -0.746406 0.336108
vn -0.585713 -0.710925 0.389265
vn -0.610604 -0.735678 0.293155
vn -0.626804 -0.693211 0.355774
vn -0.650153 -0.718696 0.246529
vn -0.672611 -0.667342 0.319765
vn -0.688579 -0.693947 0.210467
vn -0.715833 -0.635602 0.289125
vn -0.729360 -0.661319 0.175189
vn -0.760844 -0.596137 0.256392
vn -0.771622 -0.620349 0.140597
vn -0.803022 -0.556850 0.212305
vn -0.799126 -0.585540 0.136165
vn -0.826133 -0.528251 0.196099
vn -0.822034 -0.556053 0.122739
vn -0.848877 -0.497052 0.179854
vn -0.844714 -0.523811 0.109905
vn -0.870903 -0.463498 0.163392
vn -0.866801 -0.489037 0.097464
vn -0.892304 -0.426643 0.147545
vn -0.888448 -0.450782 0.086353
vn -0.912769 -0.386413 0.132430
vn -0.909308 -0.409008 0.076628
vn -0.931873 -0.343056 0.118009
vn -0.928938 -0.363889 0.068254
vn -0.949238 -0.296723 0.104413
vn -0.946944 -0.315488 0.061359
vn -0.964651 -0.246895 0.092147
vn -0.963092 -0.263180 0.056485
vn -0.977624 -0.194008 0.081316
vn -0.976788 -0.207399 0.053576
vn -0.986720 -0.146591 0.069970
vn -0.989590 -0.143537 0.010431
vn -0.989366 -0.142361 0.029812
vn -0.341856 -0.613769 0.711634
vn -0.330837 -0.597070 0.730790
vn -0.304301 -0.615109 0.727352
vn -0.306776 -0.615876 0.725662
vn -0.306149 -0.624608 0.718427
vn -0.296510 -0.626657 0.720683
vn -0.300778 -0.631571 0.714598
vn -0.286186 -0.636857 0.715899
vn -0.287724 -0.636961 0.715189
vn -0.289306 -0.644389 0.707860
vn -0.280986 -0.645984 0.709754
vn -0.279594 -0.655635 0.701405
vn -0.278420 -0.655380 0.702111
vn -0.272611 -0.665038 0.695275
vn -0.275019 -0.669705 0.689826
vn -0.271479 -0.669651 0.691279
vn -0.268101 -0.679999 0.682439
vn -0.271589 -0.681821 0.679234
vn -0.265417 -0.689801 0.673594
vn -0.270804 -0.696839 0.664139
vn -0.268006 -0.699694 0.662270
vn -0.269928 -0.711421 0.648860
vn -0.274955 -0.712083 0.646016
vn -0.273053 -0.724332 0.633076
vn -0.285774 -0.727797 0.623414
vn -0.281811 -0.737034 0.614299
vn -0.292395 -0.741910 0.603386
vn -0.295539 -0.752042 0.589144
vn -0.298002 -0.748494 0.592411
vn -0.312765 -0.759333 0.570607
vn -0.312874 -0.757150 0.573441
vn -0.325132 -0.768601 0.550946
vn -0.326566 -0.761976 0.559238
vn -0.338933 -0.777193 0.530185
vn -0.343394 -0.765428 0.544242
vn -0.354525 -0.784495 0.508802
vn -0.363583 -0.767771 0.527575
vn -0.372193 -0.790767 0.485963
vn -0.387368 -0.769299 0.508061
vn -0.392126 -0.796217 0.460734
vn -0.415160 -0.769969 0.484552
vn -0.414765 -0.798456 0.436393
vn -0.447112 -0.767623 0.459179
vn -0.441591 -0.795651 0.414653
vn -0.482702 -0.761819 0.432007
vn -0.472726 -0.788510 0.393425
vn -0.523321 -0.751523 0.401682
vn -0.516922 -0.776714 0.359872
vn -0.569069 -0.735054 0.368587
vn -0.566287 -0.756867 0.326300
vn -0.618244 -0.710202 0.336731
vn -0.615378 -0.728598 0.300757
vn -0.670531 -0.677886 0.301429
vn -0.668284 -0.690696 0.276288
vn -0.725792 -0.636652 0.260579
vn -0.721960 -0.652172 0.231185
vn -0.756318 -0.600625 0.259292
vn -0.750978 -0.622600 0.220002
vn -0.784911 -0.570641 0.241419
vn -0.780175 -0.589492 0.209345
vn -0.812962 -0.537695 0.223557
vn -0.809044 -0.553110 0.198790
vn -0.840075 -0.502017 0.205555
vn -0.837275 -0.513150 0.188805
vn -0.866362 -0.462611 0.188171
vn -0.864920 -0.468586 0.179835
vn -0.891291 -0.419524 0.172047
vn -0.890613 -0.422493 0.168249
vn -0.916231 -0.372190 0.148307
vn -0.917046 -0.366795 0.156486
vn -0.938506 -0.321564 0.125709
vn -0.939041 -0.310637 0.147333
vn -0.958275 -0.266951 0.102204
vn -0.957058 -0.254269 0.139234
vn -0.975390 -0.208619 0.071362
vn -0.972244 -0.197986 0.124673
vn -0.995577 -0.085346 0.039271
vn -0.994433 -0.086499 0.060167
vn -0.989494 -0.134830 0.052170
vn -0.991283 -0.131740 -0.001871
vn -0.982381 -0.186156 -0.016535
vn -0.984795 -0.173474 0.009235
vn -0.971580 -0.236337 -0.013337
vn -0.975059 -0.221058 0.019823
vn -0.958944 -0.283478 -0.008194
vn -0.963437 -0.266032 0.031876
vn -0.944931 -0.327268 -0.001089
vn -0.950288 -0.308066 0.045264
vn -0.929688 -0.368272 0.007489
vn -0.935746 -0.347611 0.059539
vn -0.913532 -0.406392 0.017464
vn -0.920113 -0.384484 0.074596
vn -0.896835 -0.441421 0.028895
vn -0.903746 -0.418393 0.090504
vn -0.879830 -0.473459 0.041668
vn -0.886854 -0.449465 0.107102
vn -0.862317 -0.503384 0.054902
vn -0.869306 -0.478568 0.123612
vn -0.844599 -0.530961 0.068799
vn -0.851393 -0.505442 0.140210
vn -0.823096 -0.562856 0.075538
vn -0.818776 -0.543954 0.183629
vn -0.790685 -0.602036 0.111218
vn -0.783485 -0.581870 0.218126
vn -0.759162 -0.633860 0.147966
vn -0.749260 -0.612798 0.251172
vn -0.729312 -0.658373 0.186142
vn -0.712591 -0.638777 0.290135
vn -0.698277 -0.676212 0.234833
vn -0.679289 -0.656727 0.327531
vn -0.669177 -0.688260 0.280179
vn -0.656173 -0.666757 0.353372
vn -0.648934 -0.693326 0.313343
vn -0.635056 -0.673128 0.378949
vn -0.630286 -0.694654 0.346691
vn -0.615950 -0.676110 0.404327
vn -0.613136 -0.692708 0.379763
vn -0.598778 -0.676078 0.429399
vn -0.597193 -0.689381 0.410016
vn -0.583145 -0.674679 0.452492
vn -0.582415 -0.684872 0.437885
vn -0.568939 -0.672046 0.473986
vn -0.568754 -0.679140 0.463992
vn -0.556045 -0.668107 0.494416
vn -0.556117 -0.672157 0.488814
vn -0.544338 -0.662809 0.514180
vn -0.544045 -0.658280 0.520271
vn -0.524602 -0.655135 0.543683
vn -0.522871 -0.642818 0.559813
vn -0.507807 -0.641194 0.575327
vn -0.504732 -0.626949 0.593449
vn -0.493361 -0.626323 0.603585
vn -0.489109 -0.611643 0.621824
vn -0.480960 -0.611629 0.628162
vn -0.475778 -0.597398 0.645563
vn -0.470519 -0.597529 0.649284
vn -0.464569 -0.583942 0.665724
vn -0.461265 -0.584201 0.667790
vn -0.455339 -0.572735 0.681646
vn -0.453924 -0.572761 0.682567
vn -0.448265 -0.563084 0.694259
vn -0.447912 -0.563108 0.694467
vn -0.441703 -0.553695 0.705918
vn -0.442302 -0.553623 0.705599
vn -0.435597 -0.544611 0.716696
vn -0.437119 -0.544346 0.715971
vn -0.428994 -0.534688 0.728061
vn -0.432162 -0.533555 0.727018
vn -0.422283 -0.523655 0.739907
vn -0.426892 -0.521594 0.738717
vn -0.416175 -0.512691 0.750963
vn -0.422097 -0.509413 0.749888
vn -0.412677 -0.503112 0.759326
vn -0.417208 -0.501625 0.757832
vn -0.410216 -0.497490 0.764347
vn -0.415170 -0.495550 0.762931
vn -0.944255 -0.026896 0.328115
vn -0.997580 -0.045099 0.052915
vn -0.996807 -0.069450 0.039394
vn -0.997641 -0.067977 -0.009556
vn -0.992595 -0.120110 -0.018153
vn -0.990491 -0.116202 -0.073655
vn -0.982665 -0.163962 -0.086518
vn -0.986398 -0.151899 -0.062821
vn -0.974546 -0.208236 -0.083054
vn -0.979629 -0.193823 -0.052526
vn -0.965156 -0.249879 -0.077686
vn -0.971490 -0.233553 -0.040749
vn -0.954829 -0.288688 -0.070428
vn -0.962222 -0.270859 -0.027638
vn -0.943642 -0.325164 -0.061710
vn -0.951893 -0.306128 -0.013605
vn -0.931838 -0.359189 -0.051584
vn -0.940733 -0.339147 0.001289
vn -0.919722 -0.390531 -0.039952
vn -0.929030 -0.369608 0.017117
vn -0.907426 -0.419343 -0.026992
vn -0.916909 -0.397671 0.033694
vn -0.894719 -0.446425 -0.013509
vn -0.904206 -0.424126 0.050289
vn -0.881844 -0.471540 0.000688
vn -0.891159 -0.448704 0.067082
vn -0.866006 -0.499943 0.009497
vn -0.867496 -0.485281 0.109333
vn -0.842822 -0.536243 0.045766
vn -0.841411 -0.520576 0.145010
vn -0.820044 -0.566189 0.083413
vn -0.815786 -0.549686 0.179832
vn -0.798363 -0.589473 0.123042
vn -0.787938 -0.574745 0.220957
vn -0.775504 -0.607188 0.172964
vn -0.762255 -0.592142 0.261409
vn -0.753362 -0.619765 0.219856
vn -0.744165 -0.601453 0.290642
vn -0.737698 -0.625165 0.254894
vn -0.727224 -0.607709 0.319117
vn -0.722931 -0.627073 0.290087
vn -0.711540 -0.610783 0.347353
vn -0.708976 -0.625901 0.324963
vn -0.697059 -0.611027 0.375173
vn -0.695605 -0.623228 0.357380
vn -0.683493 -0.609819 0.401196
vn -0.682817 -0.619270 0.387641
vn -0.670784 -0.607315 0.425696
vn -0.670609 -0.614051 0.416203
vn -0.658859 -0.603517 0.449079
vn -0.658933 -0.607603 0.443425
vn -0.647644 -0.598433 0.471630
vn -0.647337 -0.593795 0.477873
vn -0.627732 -0.591657 0.505860
vn -0.625945 -0.578972 0.522479
vn -0.609398 -0.577987 0.542739
vn -0.606272 -0.563531 0.561130
vn -0.592393 -0.563386 0.575906
vn -0.588064 -0.548459 0.594452
vn -0.576578 -0.548914 0.605187
vn -0.571293 -0.534409 0.622921
vn -0.562249 -0.534960 0.630629
vn -0.556142 -0.521023 0.647489
vn -0.548639 -0.521863 0.653187
vn -0.542581 -0.510139 0.667356
vn -0.537423 -0.510350 0.671357
vn -0.531666 -0.500509 0.683244
vn -0.527388 -0.500891 0.686272
vn -0.520977 -0.491174 0.698091
vn -0.517536 -0.491655 0.700308
vn -0.510466 -0.482156 0.712005
vn -0.507868 -0.482659 0.713520
vn -0.498789 -0.471874 0.727011
vn -0.496935 -0.472584 0.727818
vn -0.485321 -0.460945 0.742962
vn -0.485018 -0.461088 0.743072
vn -0.471960 -0.450240 0.757982
vn -0.473238 -0.449505 0.757622
vn -0.461937 -0.441946 0.768959
vn -0.463596 -0.441394 0.768277
vn -0.455457 -0.436581 0.775858
vn -0.457702 -0.435693 0.775036
vn -0.450028 -0.431749 0.781708
vn -0.486838 -0.367761 0.792301
vn -0.487214 -0.367542 0.792171
vn -0.926469 0.026359 0.375447
vn -0.998363 0.018233 0.054213
vn -0.999317 -0.000383 0.036952
vn -0.999875 -0.000379 -0.015783
vn -0.999876 -0.000356 -0.015740
vn -0.993031 0.085092 0.081542
vn -0.994658 0.083957 0.060060
vn -0.996709 0.069271 0.042101
vn -0.997655 0.067710 -0.009972
vn -0.997893 0.061979 -0.019198
vn -0.987219 0.142019 0.072308
vn -0.989121 0.145110 0.024125
vn -0.987958 0.146450 0.049903
vn -0.987939 0.136737 0.072657
vn -0.991121 0.131406 -0.020290
vn -0.969905 0.197476 0.142437
vn -0.974964 0.215700 0.054016
vn -0.972818 0.217491 0.079512
vn -0.963200 0.261330 0.062873
vn -0.955962 0.253942 0.147137
vn -0.954218 0.284763 0.091535
vn -0.954376 0.284652 0.090224
vn -0.945098 0.318351 0.073773
vn -0.938881 0.310559 0.148512
vn -0.929076 0.348606 0.123657
vn -0.932441 0.346553 0.102251
vn -0.925965 0.366658 0.090281
vn -0.916778 0.366674 0.158327
vn -0.902965 0.401933 0.151999
vn -0.911135 0.397473 0.108854
vn -0.908043 0.406007 0.103033
vn -0.889050 0.421748 0.178100
vn -0.870286 0.464561 0.163664
vn -0.872907 0.447246 0.194947
vn -0.845491 0.504312 0.175537
vn -0.848875 0.486360 0.207041
vn -0.831436 0.520141 0.195366
vn -0.845975 0.513937 0.142108
vn -0.848488 0.508286 0.147357
vn -0.797195 0.560179 0.225121
vn -0.798205 0.555833 0.232205
vn -0.822465 0.547244 0.155165
vn -0.826919 0.537605 0.164881
vn -0.757244 0.618237 0.210630
vn -0.752669 0.589654 0.292912
vn -0.798759 0.577580 0.168479
vn -0.800901 0.573174 0.173289
vn -0.742353 0.623819 0.244464
vn -0.689226 0.670865 0.273693
vn -0.690812 0.667231 0.278533
vn -0.637867 0.710377 0.297473
vn -0.643081 0.699076 0.312633
vn -0.589889 0.740069 0.322999
vn -0.597720 0.723550 0.345263
vn -0.547695 0.763329 0.342577
vn -0.555917 0.741354 0.375967
vn -0.509749 0.780285 0.362368
vn -0.516757 0.753478 0.406489
vn -0.476932 0.790095 0.385079
vn -0.481078 0.759907 0.437155
vn -0.448600 0.793374 0.411480
vn -0.448856 0.764315 0.462981
vn -0.422952 0.794752 0.435293
vn -0.419733 0.767704 0.484205
vn -0.399910 0.794722 0.456605
vn -0.393715 0.769804 0.502384
vn -0.379416 0.792923 0.476778
vn -0.370757 0.770311 0.518806
vn -0.361324 0.788995 0.496922
vn -0.350235 0.767845 0.536423
vn -0.339188 0.783595 0.520510
vn -0.333297 0.760533 0.557228
vn -0.320233 0.775527 0.544068
vn -0.320226 0.751253 0.577126
vn -0.310803 0.760610 0.569977
vn -0.296857 0.745560 0.596671
vn -0.297817 0.743402 0.598881
vn -0.285110 0.738398 0.611131
vn -0.282631 0.729333 0.623052
vn -0.282997 0.728866 0.623432
vn -0.273476 0.722394 0.635104
vn -0.275625 0.713704 0.643939
vn -0.272518 0.713034 0.646000
vn -0.267960 0.705087 0.656544
vn -0.271749 0.698883 0.661600
vn -0.267113 0.696973 0.665492
vn -0.267718 0.686964 0.675580
vn -0.432968 0.646030 0.628636
vn -0.422175 0.573081 0.702386
vn -0.493113 0.456047 0.740852
vn -0.610147 0.474835 0.634233
vn -0.587683 0.420565 0.691197
vn -0.656452 0.353470 0.666431
vn -0.662363 0.361850 0.656004
vn -0.665599 0.349261 0.659542
vn -0.678644 0.369850 0.634550
vn -0.682318 0.356381 0.638306
vn -0.694319 0.377677 0.612602
vn -0.697970 0.363753 0.616864
vn -0.709013 0.385721 0.590356
vn -0.713100 0.370875 0.594928
vn -0.723428 0.394019 0.566922
vn -0.727984 0.378186 0.571852
vn -0.737574 0.402605 0.542120
vn -0.742641 0.385691 0.547472
vn -0.751491 0.411636 0.515575
vn -0.757137 0.393502 0.521440
vn -0.765047 0.420724 0.487540
vn -0.771373 0.401192 0.493992
vn -0.778244 0.429737 0.457889
vn -0.785377 0.408602 0.465002
vn -0.791103 0.438637 0.426325
vn -0.799196 0.415663 0.434177
vn -0.803617 0.447359 0.392518
vn -0.812829 0.422303 0.401209
vn -0.815718 0.455863 0.356080
vn -0.826294 0.428406 0.365659
vn -0.827334 0.464112 0.316416
vn -0.839583 0.433812 0.326968
vn -0.838419 0.470792 0.274605
vn -0.852618 0.437356 0.285941
vn -0.849428 0.472373 0.235236
vn -0.861521 0.440368 0.252701
vn -0.856884 0.473432 0.203991
vn -0.870376 0.439528 0.221945
vn -0.864124 0.472921 0.172150
vn -0.879056 0.437119 0.190232
vn -0.871125 0.470812 0.139565
vn -0.887517 0.433078 0.157346
vn -0.877835 0.467085 0.106008
vn -0.895687 0.427338 0.122991
vn -0.884311 0.461352 0.071749
vn -0.903503 0.419607 0.087247
vn -0.891197 0.451928 0.039090
vn -0.911221 0.408609 0.052100
vn -0.898571 0.438750 0.008212
vn -0.918832 0.394248 0.017811
vn -0.919108 0.393559 0.018760
vn -0.938857 0.320243 -0.126461
vn -0.939036 0.319900 -0.126002
vn -0.953161 0.274095 -0.127893
vn -0.942093 0.296970 -0.155788
vn -0.953792 0.250487 -0.165943
vn -0.943763 0.271475 -0.188711
vn -0.954549 0.235693 -0.182445
vn -0.945116 0.256038 -0.202977
vn -0.954603 0.221146 -0.199567
vn -0.946566 0.239189 -0.216337
vn -0.954698 0.205849 -0.214889
vn -0.948079 0.221519 -0.228201
vn -0.954665 0.189723 -0.229389
vn -0.949504 0.202789 -0.239413
vn -0.954476 0.172912 -0.243055
vn -0.950897 0.182763 -0.249783
vn -0.954242 0.155246 -0.255578
vn -0.953000 0.159059 -0.257858
vn -0.953498 0.133463 -0.270241
vn -0.954454 0.130002 -0.268548
vn -0.953349 0.108956 -0.281522
vn -0.955565 0.098900 -0.277696
vn -0.953473 0.083035 -0.289817
vn -0.957399 0.057791 -0.282925
vn -0.930692 0.048021 -0.362638
vn -0.933021 0.025108 -0.358944
vn -0.931329 0.020275 -0.363614
vn -0.931991 -0.000224 -0.362482
vn -0.931997 -0.000210 -0.362466
vn -0.931357 -0.020329 -0.363540
vn -0.905238 -0.016063 -0.424600
vn -0.904676 -0.021825 -0.425541
vn -0.873397 -0.012471 -0.486849
vn -0.876471 -0.006280 -0.481414
vn -0.691480 0.385930 0.610667
vn -0.689311 0.242567 0.682650
vn -0.723046 0.288779 0.627544
vn -0.726467 0.271514 0.631289
vn -0.741632 0.295444 0.602241
vn -0.745449 0.277299 0.606145
vn -0.759304 0.301876 0.576480
vn -0.762956 0.283457 0.580991
vn -0.775597 0.308598 0.550650
vn -0.779613 0.289320 0.555425
vn -0.791310 0.315527 0.523709
vn -0.795705 0.295334 0.528801
vn -0.806439 0.322659 0.495527
vn -0.811237 0.301480 0.501003
vn -0.821014 0.330133 0.465778
vn -0.826261 0.307844 0.471726
vn -0.834931 0.337659 0.434600
vn -0.840688 0.314157 0.441078
vn -0.848151 0.345130 0.401902
vn -0.854497 0.320286 0.408963
vn -0.860645 0.352503 0.367466
vn -0.867682 0.326153 0.375169
vn -0.872362 0.359704 0.331056
vn -0.880195 0.331666 0.339491
vn -0.883205 0.366678 0.292395
vn -0.892010 0.336681 0.301602
vn -0.893079 0.373335 0.251061
vn -0.903056 0.341049 0.261104
vn -0.901886 0.378686 0.207843
vn -0.913208 0.343921 0.218563
vn -0.909999 0.379413 0.167177
vn -0.919653 0.346916 0.184087
vn -0.914980 0.380250 0.134987
vn -0.925698 0.346236 0.152328
vn -0.919406 0.379772 0.102307
vn -0.931208 0.344243 0.119787
vn -0.923250 0.377936 0.069089
vn -0.936135 0.340871 0.086360
vn -0.926471 0.374713 0.035244
vn -0.940412 0.336054 0.051903
vn -0.929095 0.369840 0.000997
vn -0.943979 0.329592 0.016493
vn -0.931611 0.362057 -0.031871
vn -0.947062 0.320526 -0.018349
vn -0.934146 0.351267 -0.063111
vn -0.949696 0.308768 -0.052345
vn -0.948546 0.311597 -0.056274
vn -0.953608 0.232402 -0.191367
vn -0.951716 0.236068 -0.196237
vn -0.961546 0.193538 -0.194865
vn -0.949063 0.219279 -0.226266
vn -0.956700 0.176113 -0.231753
vn -0.945507 0.199609 -0.257240
vn -0.953973 0.166499 -0.249428
vn -0.943847 0.188323 -0.271454
vn -0.951224 0.155967 -0.266171
vn -0.942327 0.175930 -0.284726
vn -0.948616 0.144948 -0.281277
vn -0.941001 0.162962 -0.296582
vn -0.945975 0.133335 -0.295556
vn -0.939688 0.149239 -0.307758
vn -0.943278 0.121325 -0.309040
vn -0.938463 0.134567 -0.318085
vn -0.940657 0.108774 -0.321453
vn -0.937889 0.117253 -0.326522
vn -0.937339 0.093180 -0.335729
vn -0.936607 0.095827 -0.337024
vn -0.934740 0.075971 -0.347116
vn -0.935421 0.072885 -0.345942
vn -0.932817 0.057863 -0.355674
vn -0.935503 0.040662 -0.350972
vn -0.903769 0.030245 -0.426950
vn -0.905214 0.015997 -0.424654
vn -0.903509 0.011471 -0.428416
vn -0.903887 -0.000193 -0.427772
vn -0.903891 -0.000184 -0.427763
vn -0.903530 -0.011542 -0.428370
vn -0.873141 -0.006934 -0.487418
vn -0.778417 0.316905 0.541884
vn -0.758409 0.235135 0.607888
vn -0.780716 0.181980 0.597801
vn -0.841000 0.224044 0.492466
vn -0.780664 0.078683 0.619978
vn -0.878392 0.105552 0.466139
vn -0.857746 0.059754 0.510589
vn -0.858812 0.044741 0.510334
vn -0.891335 0.039770 0.451597
vn -0.902372 0.054391 0.427512
vn -0.864767 0.113854 0.489097
vn -0.880172 0.144478 0.452131
vn -0.836145 0.204270 0.509053
vn -0.849073 0.233229 0.474004
vn -0.902203 0.049770 0.428431
vn -0.926024 0.041954 0.375125
vn -0.882245 0.116479 0.456155
vn -0.896261 0.147875 0.418149
vn -0.852702 0.208725 0.478887
vn -0.864449 0.238620 0.442480
vn -0.943499 0.043145 0.328554
vn -0.940930 0.071992 0.330858
vn -0.937417 0.049861 0.344620
vn -0.898498 0.119162 0.422495
vn -0.968797 0.051644 0.242415
vn -0.968628 0.063721 0.240206
vn -0.963907 0.047661 0.261937
vn -0.927374 0.124521 0.352806
vn -0.924790 0.154808 0.347561
vn -0.883181 0.217876 0.415358
vn -0.878950 0.244236 0.409630
vn -0.990076 0.045851 0.132842
vn -0.987432 0.081965 0.135129
vn -0.987113 0.058228 0.149053
vn -0.961513 0.132929 0.240461
vn -0.958180 0.165477 0.233471
vn -0.921975 0.231545 0.310401
vn -0.916524 0.261104 0.302998
vn -0.997649 0.056256 0.039135
vn -0.996719 0.072565 0.035861
vn -0.996801 0.054746 0.058227
vn -0.977437 0.137897 0.160004
vn -0.973334 0.172138 0.151622
vn -0.942576 0.239451 0.232839
vn -0.935934 0.271723 0.224040
vn -0.996070 0.057962 -0.066966
vn -0.994374 0.077904 -0.071777
vn -0.996322 0.062842 -0.058248
vn -0.988761 0.144258 0.039255
vn -0.984019 0.176510 0.023468
vn -0.962228 0.247805 0.112737
vn -0.955036 0.280388 0.096382
vn -0.981802 0.049525 -0.183336
vn -0.979137 0.087718 -0.183293
vn -0.982154 0.069124 -0.174915
vn -0.986052 0.139402 -0.090929
vn -0.978976 0.173901 -0.106606
vn -0.970650 0.239699 -0.019572
vn -0.960315 0.276607 -0.035820
vn -0.963500 0.044119 -0.264049
vn -0.959892 0.058955 -0.274102
vn -0.965448 0.051260 -0.255503
vn -0.978621 0.132443 -0.157355
vn -0.970826 0.167939 -0.171154
vn -0.969617 0.228135 -0.088307
vn -0.958254 0.267054 -0.102134
vn -0.945695 0.032651 -0.323412
vn -0.942596 0.060366 -0.328432
vn -0.948131 0.049418 -0.314016
vn -0.969829 0.136075 -0.202274
vn -0.973606 0.127055 -0.189601
vn -0.965786 0.162946 -0.201757
vn -0.927961 0.049289 -0.369404
vn -0.931272 0.033254 -0.362804
vn -0.914634 0.039431 -0.402356
vn -0.911652 0.042510 -0.408758
vn -0.939471 0.089524 -0.330726
vn -0.929898 0.110986 -0.350673
vn -0.910225 0.046020 -0.411549
vn -0.912764 0.024849 -0.407731
vn -0.896419 0.033132 -0.441967
vn -0.894955 0.034909 -0.444789
vn -0.925262 0.068973 -0.373005
vn -0.919322 0.085293 -0.384151
vn -0.894574 0.036129 -0.445457
vn -0.894681 0.014574 -0.446468
vn -0.887625 0.030228 -0.459573
vn -0.887580 0.012232 -0.460491
vn -0.881500 0.024397 -0.471554
vn -0.881411 0.009454 -0.472255
vn -0.876529 0.018446 -0.480995
vn -0.876486 0.006298 -0.481386
vn -0.872948 0.012503 -0.487654
vn -0.873007 0.003189 -0.487697
vn -0.871076 0.006552 -0.491105
vn -0.871222 -0.000166 -0.490889
vn -0.871135 -0.000341 -0.491043
vn -0.871243 -0.003198 -0.490842
vn -0.877100 -0.017978 -0.479971
vn -0.880421 -0.008731 -0.474113
vn -0.882181 -0.023859 -0.470306
vn -0.881774 -0.025554 -0.470980
vn -0.918920 -0.052492 -0.390936
vn -0.912320 -0.074315 -0.402678
vn -0.944085 -0.105485 -0.312371
vn -0.934181 -0.134413 -0.330514
vn -0.890464 -0.014112 -0.454835
vn -0.888229 -0.030784 -0.458368
vn -0.923151 -0.061577 -0.379475
vn -0.915600 -0.083622 -0.393298
vn -0.946458 -0.120089 -0.299659
vn -0.935671 -0.148603 -0.320059
vn -0.896587 -0.015910 -0.442582
vn -0.895284 -0.036469 -0.444001
vn -0.927543 -0.070427 -0.367021
vn -0.919274 -0.092276 -0.382648
vn -0.948827 -0.133917 -0.285995
vn -0.937493 -0.161604 -0.308207
vn -0.903247 -0.016577 -0.428801
vn -0.902804 -0.042520 -0.427945
vn -0.932057 -0.078839 -0.353630
vn -0.923352 -0.100095 -0.370679
vn -0.951245 -0.146693 -0.271320
vn -0.939505 -0.173672 -0.295243
vn -0.903603 -0.039801 -0.426517
vn -0.917676 -0.020677 -0.396790
vn -0.918566 -0.055303 -0.391380
vn -0.919259 -0.050689 -0.390377
vn -0.945792 -0.100871 -0.308712
vn -0.936267 -0.121027 -0.329783
vn -0.957634 -0.181092 -0.223924
vn -0.945519 -0.206164 -0.251974
vn -0.921042 -0.046286 -0.386704
vn -0.936860 -0.028125 -0.348573
vn -0.934880 -0.059199 -0.349991
vn -0.940280 -0.047723 -0.337040
vn -0.965290 -0.130841 -0.226043
vn -0.959158 -0.143815 -0.243585
vn -0.965988 -0.230308 -0.117584
vn -0.958809 -0.246635 -0.140909
vn -0.956910 -0.042299 -0.287286
vn -0.953538 -0.056025 -0.296017
vn -0.971844 -0.139252 -0.190072
vn -0.967216 -0.149767 -0.205093
vn -0.967085 -0.243200 -0.074830
vn -0.962194 -0.255802 -0.093531
vn -0.969178 -0.039458 -0.243180
vn -0.965775 -0.063857 -0.251399
vn -0.977871 -0.147593 -0.148269
vn -0.974831 -0.155404 -0.159860
vn -0.967336 -0.251722 -0.029946
vn -0.963323 -0.263946 -0.048392
vn -0.983614 -0.028186 -0.178072
vn -0.981627 -0.110491 -0.155567
vn -0.982793 -0.152700 -0.103924
vn -0.979962 -0.161289 -0.116881
vn -0.966986 -0.254757 0.006171
vn -0.963585 -0.267112 -0.012486
vn -0.997170 -0.031011 -0.068487
vn -0.987801 -0.065362 -0.141338
vn -0.984785 -0.082659 -0.152860
vn -0.985806 -0.153633 -0.067697
vn -0.997595 -0.043695 0.053809
vn -0.998158 -0.057446 -0.019484
vn -0.996847 -0.069936 -0.037475
vn -0.985610 -0.155656 0.065903
vn -0.986212 -0.164102 0.021360
vn -0.955741 -0.258865 0.139813
vn -0.958739 -0.268102 0.094559
vn -0.984565 -0.050670 0.167526
vn -0.994899 -0.051141 0.086954
vn -0.995179 -0.073216 0.065260
vn -0.975216 -0.151674 0.161085
vn -0.979707 -0.160098 0.120596
vn -0.939028 -0.252889 0.232967
vn -0.945435 -0.261410 0.194467
vn -0.983978 -0.063859 0.166459
vn -0.970426 -0.028510 0.239710
vn -0.961925 -0.088451 0.258607
vn -0.960504 -0.050412 0.273661
vn -0.914477 -0.140602 0.379425
vn -0.911550 -0.132591 0.389225
vn -0.847205 -0.223957 0.481755
vn -0.842721 -0.213759 0.494093
vn -0.936364 -0.038702 0.348890
vn -0.932545 -0.069888 0.354225
vn -0.893350 -0.135915 0.428315
vn -0.889861 -0.127985 0.437912
vn -0.824061 -0.217590 0.523047
vn -0.819809 -0.209357 0.532994
vn -0.924995 -0.042332 0.377614
vn -0.893719 -0.044216 0.446442
vn -0.892294 -0.062503 0.447106
vn -0.883583 -0.041249 0.466453
vn -0.828172 -0.124480 0.546475
vn -0.824717 -0.119258 0.552829
vn -0.761794 -0.201731 0.615609
vn -0.756100 -0.194095 0.625012
vn -0.848242 -0.039716 0.528117
vn -0.844171 -0.067913 0.531755
vn -0.805704 -0.122132 0.579590
vn -0.801156 -0.116034 0.587100
vn -0.739411 -0.197650 0.643588
vn -0.729914 -0.186419 0.657628
vn -0.836366 -0.040867 0.546646
vn -0.808298 -0.036996 0.587611
vn -0.807921 -0.035486 0.588221
vn -0.775281 -0.039567 0.630375
vn -0.770912 -0.030675 0.636202
vn -0.740793 -0.040820 0.670492
vn -0.719263 -0.018272 0.694497
vn -0.718161 -0.046175 0.694343
vn -0.675196 -0.025878 0.737185
vn -0.677378 -0.056352 0.733474
vn -0.663723 -0.035022 0.747158
vn -0.626162 -0.106016 0.772452
vn -0.612868 -0.099201 0.783934
vn -0.577214 -0.172652 0.798132
vn -0.559527 -0.165219 0.812178
vn -0.629504 -0.033115 0.776291
vn -0.631610 -0.041527 0.774174
vn -0.601088 -0.105256 0.792221
vn -0.582702 -0.097534 0.806812
vn -0.552977 -0.169399 0.815795
vn -0.528104 -0.161261 0.833728
vn -0.603068 -0.029492 0.797145
vn -0.582270 -0.041225 0.811950
vn -0.563290 -0.023630 0.825921
vn -0.536556 -0.041552 0.842841
vn -0.982702 0.047851 0.178906
vn -0.951431 0.130151 0.278997
vn -0.948392 0.161947 0.272627
vn -0.910033 0.227123 0.346778
vn -0.905050 0.255540 0.339977
vn -0.998077 0.053049 -0.032071
vn -0.987156 0.141449 0.074259
vn -0.981990 0.177558 0.064569
vn -0.958222 0.244883 0.147794
vn -0.949925 0.280538 0.137625
vn -0.989799 0.052953 -0.132266
vn -0.985784 0.057461 -0.157886
vn -0.988242 0.141568 -0.057757
vn -0.994846 -0.090072 -0.046573
vn -0.987181 -0.156159 0.032980
vn -0.986294 -0.164494 -0.012862
vn -0.959783 -0.259491 0.107153
vn -0.961344 -0.268849 0.059489
vn -0.993639 -0.095586 0.059537
vn -0.539368 -0.101148 0.835973
vn -0.546357 -0.094533 0.832200
vn -0.523824 -0.165470 0.835600
vn -0.573190 -0.103300 0.812885
vn -0.585779 -0.168007 0.792866
vn -0.497620 -0.373305 0.782954
vn -0.498155 -0.373095 0.782714
vn -0.599086 -0.174837 0.781363
vn -0.608399 -0.171581 0.774861
vn -0.618115 -0.177318 0.765828
vn -0.628467 -0.174311 0.758054
vn -0.643458 -0.184365 0.742948
vn -0.659848 -0.174538 0.730847
vn -0.677910 -0.189515 0.710297
vn -0.696113 -0.180276 0.694930
vn -0.710610 -0.194773 0.676089
vn -0.507179 -0.378430 0.774313
vn -0.508449 -0.378009 0.773685
vn -0.647749 -0.107398 0.754246
vn -0.638604 -0.102001 0.762746
vn -0.661265 -0.103818 0.742933
vn -0.521298 -0.386607 0.760778
vn -0.524607 -0.384649 0.759495
vn -0.675969 -0.113690 0.728107
vn -0.696464 -0.101665 0.710354
vn -0.539624 -0.397123 0.742361
vn -0.544721 -0.394630 0.739964
vn -0.714419 -0.116541 0.689944
vn -0.736474 -0.105524 0.668184
vn -0.557710 -0.407642 0.723041
vn -0.564401 -0.404940 0.719357
vn -0.750466 -0.119504 0.650015
vn -0.773198 -0.109749 0.624595
vn -0.574126 -0.416483 0.704926
vn -0.580674 -0.415123 0.700350
vn -0.781802 -0.119909 0.611889
vn -0.587845 -0.424754 0.688492
vn -0.595123 -0.423626 0.682913
vn -0.778512 -0.198998 0.595247
vn -0.601494 -0.433276 0.671176
vn -0.609439 -0.432437 0.664517
vn -0.615069 -0.442056 0.652899
vn -0.623688 -0.441555 0.645014
vn -0.629654 -0.453103 0.631058
vn -0.640913 -0.451505 0.620785
vn -0.646960 -0.465296 0.604104
vn -0.659291 -0.464144 0.591528
vn -0.664491 -0.478409 0.574087
vn -0.678739 -0.477292 0.558127
vn -0.682991 -0.491938 0.539926
vn -0.698761 -0.491428 0.519838
vn -0.701821 -0.505564 0.501848
vn -0.719215 -0.505775 0.476362
vn -0.720987 -0.518332 0.459902
vn -0.740126 -0.519402 0.427124
vn -0.740423 -0.523806 0.421190
vn -0.750928 -0.532795 0.390175
vn -0.750850 -0.528492 0.396131
vn -0.761372 -0.538548 0.360941
vn -0.761542 -0.532017 0.370151
vn -0.771898 -0.543156 0.330387
vn -0.772531 -0.534331 0.343055
vn -0.782515 -0.546542 0.298264
vn -0.783851 -0.535374 0.314567
vn -0.793195 -0.548641 0.264263
vn -0.795518 -0.534986 0.284503
vn -0.803907 -0.549234 0.228200
vn -0.807726 -0.532044 0.253985
vn -0.814826 -0.547051 0.191817
vn -0.820518 -0.526231 0.223227
vn -0.826027 -0.541732 0.155581
vn -0.833694 -0.518044 0.191271
vn -0.841488 -0.529373 0.107985
vn -0.852031 -0.501957 0.148597
vn -0.856625 -0.512707 0.057660
vn -0.871498 -0.478784 0.106100
vn -0.870665 -0.491575 0.017230
vn -0.889038 -0.452431 0.070128
vn -0.885327 -0.464504 -0.020763
vn -0.906546 -0.420748 0.033842
vn -0.900018 -0.432091 -0.057139
vn -0.921978 -0.387183 -0.006758
vn -0.910590 -0.407712 -0.067797
vn -0.930544 -0.365421 -0.023556
vn -0.919018 -0.385565 -0.082135
vn -0.938803 -0.342118 -0.040067
vn -0.927326 -0.361807 -0.095724
vn -0.946562 -0.317540 -0.056463
vn -0.935322 -0.336670 -0.108745
vn -0.954008 -0.290986 -0.072081
vn -0.943259 -0.309436 -0.120462
vn -0.961094 -0.262263 -0.086699
vn -0.951091 -0.279914 -0.130671
vn -0.967595 -0.231685 -0.100414
vn -0.958580 -0.248337 -0.139475
vn -0.973341 -0.199492 -0.113183
vn -0.965545 -0.214846 -0.146845
vn -0.978328 -0.165351 -0.124631
vn -0.971972 -0.179003 -0.152412
vn -0.982413 -0.129409 -0.134600
vn -0.977636 -0.140909 -0.156120
vn -0.984342 -0.100046 -0.145124
vn -0.990566 -0.104771 -0.088329
vn -0.994917 -0.059912 -0.080939
vn -0.997884 -0.062170 -0.019021
vn -0.783134 -0.205989 0.586745
vn -0.799714 -0.204059 0.564639
vn -0.803501 -0.210516 0.556839
vn -0.849307 -0.127082 0.512374
vn -0.846652 -0.122557 0.517842
vn -0.867094 -0.126044 0.481935
vn -0.870276 -0.132207 0.474490
vn -0.865179 -0.220946 0.450164
vn -0.868966 -0.231313 0.437485
vn -0.886776 -0.228060 0.402016
vn -0.889856 -0.238641 0.388854
vn -0.906518 -0.236012 0.350033
vn -0.908691 -0.246029 0.337268
vn -0.923990 -0.243856 0.294578
vn -0.925290 -0.253071 0.282478
vn -0.938908 -0.251158 0.235312
vn -0.934045 -0.145089 0.326358
vn -0.931664 -0.136908 0.336539
vn -0.949220 -0.141985 0.280753
vn -0.950877 -0.149632 0.271005
vn -0.963811 -0.146884 0.222471
vn -0.964821 -0.154067 0.213033
vn -0.975198 -0.151416 0.161435
vn -0.979590 -0.153362 0.129933
vn -0.945330 -0.255485 0.202678
vn -0.950731 -0.264302 0.162033
vn -0.950912 -0.257500 0.171637
vn -0.955180 -0.266565 0.128740
vn -0.983067 -0.154704 0.098211
vn -0.982873 -0.161855 0.088110
vn -0.985055 -0.163212 0.055034
vn -0.991929 -0.117904 -0.046640
vn -0.987728 -0.156183 -0.000524
vn -0.985257 -0.164334 -0.047565
vn -0.962985 -0.259289 0.073678
vn -0.962939 -0.268686 0.023571
vn -0.987264 -0.155388 -0.034136
vn -0.983136 -0.163308 -0.082305
vn -0.965379 -0.257775 0.039949
vn -0.954788 -0.236180 -0.180549
vn -0.964014 -0.216628 -0.154110
vn -0.950489 -0.222307 -0.217141
vn -0.961131 -0.200453 -0.189859
vn -0.957704 -0.120954 -0.261101
vn -0.950669 -0.135380 -0.279106
vn -0.941379 -0.125717 -0.313050
vn -0.943421 -0.196192 -0.267330
vn -0.950099 -0.107613 -0.292798
vn -0.955709 -0.170175 -0.240125
vn -0.941461 -0.185259 -0.281657
vn -0.953601 -0.158642 -0.255888
vn -0.941335 -0.093797 -0.324177
vn -0.931948 -0.114364 -0.344083
vn -0.927651 -0.107341 -0.357689
vn -0.936702 -0.086554 -0.339261
vn -0.932962 -0.119239 -0.339653
vn -0.941699 -0.090341 -0.324102
vn -0.931987 -0.103233 -0.347482
vn -0.939414 -0.074502 -0.334591
vn -0.931357 -0.086144 -0.353769
vn -0.937316 -0.057919 -0.343634
vn -0.931112 -0.067852 -0.358367
vn -0.934258 -0.048766 -0.353248
vn -0.953906 -0.055872 -0.294859
vn -0.956024 -0.034138 -0.291295
vn -0.972747 -0.037631 -0.228794
vn -0.973940 -0.000270 -0.226805
vn -0.973935 -0.000286 -0.226828
vn -0.972722 0.037570 -0.228913
vn -0.974016 0.042856 -0.222388
vn -0.969949 0.082704 -0.228821
vn -0.985589 0.091009 -0.142592
vn -0.979256 0.131987 -0.153741
vn -0.979331 0.149041 -0.136739
vn -0.974059 0.173018 -0.145854
vn -0.972417 0.195680 -0.126942
vn -0.968054 0.211503 -0.134677
vn -0.964074 0.239128 -0.115669
vn -0.962181 0.244969 -0.119158
vn -0.955389 0.274836 -0.108150
vn -0.956324 0.272260 -0.106391
vn -0.947410 0.304783 -0.097578
vn -0.950090 0.297989 -0.092367
vn -0.939083 0.332704 -0.086210
vn -0.943427 0.322405 -0.077464
vn -0.930421 0.358886 -0.074279
vn -0.936397 0.345459 -0.061802
vn -0.921462 0.383690 -0.060752
vn -0.929103 0.367182 -0.044098
vn -0.912480 0.406472 -0.046486
vn -0.919654 0.391560 -0.030289
vn -0.897193 0.441526 -0.009924
vn -0.904835 0.425658 0.009397
vn -0.879851 0.474883 0.018666
vn -0.875203 0.483709 0.006726
vn -0.824727 0.540133 0.167577
vn -0.821418 0.548514 0.156217
vn -0.790438 0.594086 0.149228
vn -0.802058 0.566353 0.189598
vn -0.771831 0.610455 0.177824
vn -0.783547 0.579656 0.223725
vn -0.754932 0.621824 0.208356
vn -0.766052 0.588484 0.258555
vn -0.739828 0.628161 0.240973
vn -0.749228 0.594953 0.291013
vn -0.725519 0.632080 0.272208
vn -0.733122 0.599584 0.320984
vn -0.711848 0.634246 0.301669
vn -0.717797 0.602381 0.349150
vn -0.698868 0.634607 0.329935
vn -0.703266 0.603321 0.376059
vn -0.686589 0.633097 0.357470
vn -0.689631 0.600353 0.404952
vn -0.670352 0.629929 0.392195
vn -0.671461 0.595506 0.441036
vn -0.655655 0.621046 0.429439
vn -0.654711 0.588420 0.474463
vn -0.641813 0.610342 0.464283
vn -0.639278 0.580864 0.503906
vn -0.628693 0.599741 0.495031
vn -0.624953 0.572856 0.530349
vn -0.616270 0.589051 0.522715
vn -0.611584 0.564406 0.554447
vn -0.604490 0.578244 0.547928
vn -0.599032 0.555518 0.576680
vn -0.593232 0.567336 0.571144
vn -0.587100 0.546204 0.597473
vn -0.582333 0.556339 0.592769
vn -0.575626 0.536661 0.616968
vn -0.571675 0.545416 0.612950
vn -0.564675 0.527583 0.634664
vn -0.561418 0.535121 0.631233
vn -0.554140 0.518802 0.650979
vn -0.551491 0.525221 0.648074
vn -0.543966 0.510243 0.666147
vn -0.541846 0.515646 0.663711
vn -0.533898 0.501529 0.680751
vn -0.532056 0.506135 0.678781
vn -0.523632 0.492833 0.694928
vn -0.522230 0.496559 0.693329
vn -0.914981 -0.043083 -0.401190
vn -0.909443 -0.064496 -0.410795
vn -0.907100 -0.053969 -0.417441
vn -0.911477 -0.033254 -0.410004
vn -0.905390 -0.042571 -0.422442
vn -0.907298 -0.031004 -0.419344
vn -0.931715 -0.038929 -0.361099
vn -0.933057 -0.025164 -0.358846
vn -0.954454 -0.029041 -0.296941
vn -0.998334 -0.019641 0.054262
vn -0.955372 -0.000240 -0.295406
vn -0.955366 -0.000255 -0.295425
vn -0.997391 0.049538 0.052504
vn -0.954426 0.028992 -0.297038
vn -0.955980 0.034070 -0.291446
vn -0.952776 0.065527 -0.296520
vn -0.974135 0.074612 -0.213295
vn -0.908516 0.023320 -0.417199
vn -0.978261 0.199780 0.055621
vn -0.968991 0.107798 -0.222341
vn -0.970242 0.124340 -0.207776
vn -0.907088 0.032427 -0.419691
vn -0.909885 0.046392 -0.412258
vn -0.966491 0.141384 -0.214258
vn -0.966428 0.163363 -0.198319
vn -0.910718 0.042623 -0.410824
vn -0.912959 0.060984 -0.403468
vn -0.963767 0.173004 -0.203034
vn -0.961761 0.199787 -0.187351
vn -0.915333 0.052411 -0.399273
vn -0.916494 0.074558 -0.393038
vn -0.961442 0.200770 -0.187939
vn -0.956566 0.229647 -0.179566
vn -0.920714 0.061669 -0.385334
vn -0.958843 0.223374 -0.175282
vn -0.952098 0.254788 -0.169094
vn -0.922695 0.094423 -0.373789
vn -0.889077 0.442529 0.117086
vn -0.890278 0.439481 0.119421
vn -0.956048 0.244780 -0.161417
vn -0.947450 0.278279 -0.157797
vn -0.929972 0.076034 -0.359682
vn -0.926252 0.102930 -0.362577
vn -0.869181 0.476557 0.131976
vn -0.868498 0.478179 0.130600
vn -0.952969 0.265201 -0.146689
vn -0.942596 0.300383 -0.145886
vn -0.934703 0.082961 -0.345613
vn -0.949650 0.284539 -0.131161
vn -0.937641 0.321396 -0.132418
vn -0.946234 0.302843 -0.113696
vn -0.932724 0.340700 -0.118112
vn -0.941402 0.322594 -0.098463
vn -0.924738 0.371382 -0.083271
vn -0.934179 0.351820 -0.059431
vn -0.914973 0.399897 -0.053925
vn -0.912600 0.404425 -0.060011
vn -0.877686 0.470024 0.093510
vn -0.875925 0.474455 0.087451
vn -0.850505 0.519976 0.079162
vn -0.862714 0.490868 0.121544
vn -0.837749 0.535033 0.109162
vn -0.849832 0.503295 0.156461
vn -0.826045 0.545670 0.141044
vn -0.837354 0.511824 0.192027
vn -0.815389 0.551903 0.174766
vn -0.824982 0.518124 0.225725
vn -0.804966 0.555870 0.207457
vn -0.812778 0.522593 0.257464
vn -0.794676 0.558095 0.238790
vn -0.800815 0.525273 0.287722
vn -0.784572 0.558572 0.269155
vn -0.789120 0.526203 0.316861
vn -0.774675 0.557287 0.298847
vn -0.777814 0.523194 0.348243
vn -0.760949 0.554893 0.336230
vn -0.762096 0.518986 0.387122
vn -0.747898 0.547024 0.376050
vn -0.746902 0.512662 0.423455
vn -0.734960 0.537413 0.413546
vn -0.732232 0.505701 0.456182
vn -0.722106 0.527685 0.447338
vn -0.718001 0.498215 0.486062
vn -0.709366 0.517786 0.478224
vn -0.704129 0.490278 0.513644
vn -0.696756 0.507725 0.506701
vn -0.690556 0.481932 0.539327
vn -0.684225 0.497552 0.533177
vn -0.677163 0.473228 0.563476
vn -0.671691 0.487288 0.558016
vn -0.663866 0.464337 0.586236
vn -0.659095 0.477093 0.581357
vn -0.650750 0.455839 0.607236
vn -0.646588 0.467438 0.602848
vn -0.637734 0.447593 0.626862
vn -0.634118 0.458133 0.622904
vn -0.624782 0.439555 0.645320
vn -0.621656 0.449124 0.641740
vn -0.611627 0.431318 0.663233
vn -0.608627 0.440253 0.660114
vn -0.597831 0.423210 0.680802
vn -0.595282 0.431271 0.677971
vn -0.944444 0.095840 -0.314389
vn -0.933832 0.118691 -0.337448
vn -0.937933 0.125594 -0.323276
vn -0.758364 0.616249 0.212418
vn -0.756709 0.619704 0.208228
vn -0.950040 0.100119 -0.295636
vn -0.945586 0.138913 -0.294228
vn -0.959204 0.110901 -0.260055
vn -0.952889 0.149124 -0.264131
vn -0.956699 0.141669 -0.254276
vn -0.965525 0.225466 -0.130100
vn -0.968028 0.219391 -0.121608
vn -0.956631 0.259023 -0.133279
vn -0.700902 0.684169 0.201618
vn -0.712604 0.662049 0.232135
vn -0.982793 0.136538 -0.124398
vn -0.959531 0.272878 -0.069558
vn -0.970513 0.234875 -0.054208
vn -0.975270 0.171549 -0.139355
vn -0.969840 0.243311 0.014481
vn -0.960252 0.279125 -0.002238
vn -0.968128 0.245840 0.047858
vn -0.959331 0.280575 0.030996
vn -0.965575 0.247323 0.080599
vn -0.957585 0.280983 0.063875
vn -0.989392 0.143105 -0.024992
vn -0.981699 0.175549 -0.073828
vn -0.983433 0.176532 -0.041185
vn -0.989550 0.144001 0.007346
vn -0.984200 0.176846 -0.008737
vn -0.983132 0.139943 0.117761
vn -0.943665 0.276616 0.181603
vn -0.951084 0.242692 0.191156
vn -0.978528 0.175141 0.108663
vn -0.932839 0.235707 0.272495
vn -0.926854 0.266517 0.264405
vn -0.970200 0.135566 0.200834
vn -0.966524 0.168889 0.193150
vn -0.940031 0.127322 0.316434
vn -0.892504 0.249904 0.375479
vn -0.897087 0.222539 0.381722
vn -0.937238 0.158378 0.310646
vn -0.868365 0.213233 0.447742
vn -0.913523 0.121819 0.388118
vn -0.911121 0.151287 0.383368
vn -0.832793 0.227954 0.504473
vn -0.818694 0.199923 0.538303
vn -0.815617 0.222820 0.533966
vn -0.800062 0.195242 0.567257
vn -0.796690 0.218048 0.563684
vn -0.779572 0.191045 0.596464
vn -0.845774 0.110854 0.521898
vn -0.862866 0.141143 0.485325
vn -0.843457 0.138245 0.519104
vn -0.824565 0.108450 0.555276
vn -0.822459 0.134995 0.552574
vn 0.300430 -0.622651 0.722528
vn 0.303672 -0.623459 0.720473
vn 0.342096 -0.585538 0.734925
vn 0.343028 -0.583443 0.736156
vn 0.377535 -0.546276 0.747696
vn 0.388870 -0.523545 0.758076
vn 0.410393 -0.504692 0.759515
vn 0.414406 -0.485978 0.769476
vn 0.439322 -0.454221 0.775035
vn 0.448851 -0.421043 0.788197
vn 0.463901 -0.401787 0.789534
vn 0.464310 -0.386885 0.796704
vn 0.484275 -0.348640 0.802451
vn 0.487851 -0.307833 0.816848
vn 0.493555 -0.286141 0.821296
vn 0.509329 -0.291310 0.809767
vn 0.509330 -0.289633 0.810368
vn 0.528122 -0.297698 0.795275
vn 0.528341 -0.294362 0.796371
vn 0.549151 -0.305410 0.777919
vn 0.550557 -0.299226 0.779327
vn 0.572647 -0.313974 0.757295
vn 0.574921 -0.305996 0.758837
vn 0.595203 -0.322403 0.736063
vn 0.598329 -0.312969 0.737599
vn 0.617045 -0.330890 0.713980
vn 0.620978 -0.320235 0.715427
vn 0.638165 -0.339426 0.691039
vn 0.642762 -0.327801 0.692389
vn 0.658552 -0.348150 0.667159
vn 0.663784 -0.335619 0.668394
vn 0.678350 -0.357188 0.642073
vn 0.684187 -0.343778 0.643199
vn 0.697611 -0.366604 0.615581
vn 0.704053 -0.352280 0.616610
vn 0.717422 -0.378551 0.584812
vn 0.726831 -0.360980 0.584303
vn 0.739715 -0.391396 0.547385
vn 0.750071 -0.372362 0.546571
vn 0.761183 -0.404766 0.506719
vn 0.772651 -0.383944 0.505566
vn 0.781762 -0.418260 0.462501
vn 0.794604 -0.395200 0.460892
vn 0.800484 -0.425434 0.422174
vn 0.807279 -0.407164 0.427222
vn 0.810984 -0.432517 0.393998
vn 0.818484 -0.412939 0.399457
vn 0.821192 -0.439522 0.363957
vn 0.829507 -0.418472 0.369863
vn 0.831043 -0.446016 0.332323
vn 0.840303 -0.423318 0.338664
vn 0.840505 -0.452219 0.298412
vn 0.851830 -0.426692 0.303842
vn 0.850407 -0.456992 0.260705
vn 0.863074 -0.429281 0.266123
vn 0.859817 -0.460295 0.221005
vn 0.873964 -0.430193 0.226100
vn 0.868823 -0.461182 0.180159
vn 0.884466 -0.428631 0.184376
vn 0.877571 -0.458870 0.138949
vn 0.894559 -0.423955 0.141514
vn 0.886014 -0.453382 0.097078
vn 0.904121 -0.416100 0.097088
vn 0.894255 -0.444173 0.054946
vn 0.913041 -0.404624 0.051327
vn 0.903072 -0.429220 0.015211
vn 0.921663 -0.387932 0.006829
vn 0.912094 -0.409321 -0.023268
vn 0.928597 -0.369809 -0.030809
vn 0.919786 -0.388458 -0.055624
vn 0.934871 -0.348378 -0.068186
vn 0.927737 -0.363113 -0.086333
vn 0.940414 -0.325242 -0.099197
vn 0.935187 -0.336153 -0.111472
vn 0.945454 -0.299166 -0.128901
vn 0.942719 -0.305109 -0.134870
vn 0.950075 -0.269902 -0.156559
vn 0.950405 -0.269128 -0.155883
vn 0.954541 -0.236853 -0.180975
vn 0.957542 -0.228959 -0.175187
vn 0.958468 -0.200798 -0.202531
vn 0.960769 -0.193801 -0.198402
vn 0.962621 -0.174100 -0.207485
vn 0.963520 -0.170998 -0.205885
vn 0.964326 -0.153460 -0.215698
vn 0.965946 -0.147082 -0.212874
vn 0.965910 -0.131975 -0.222711
vn 0.968022 -0.122191 -0.219093
vn 0.967357 -0.109708 -0.228438
vn 0.969739 -0.096147 -0.224413
vn 0.968701 -0.086451 -0.232691
vn 0.971122 -0.068252 -0.228612
vn 0.970012 -0.061482 -0.235151
vn 0.971826 -0.041170 -0.232074
vn 0.970946 -0.037181 -0.236394
vn 0.971964 -0.015038 -0.234650
vn 0.971572 -0.013628 -0.236350
vn 0.971644 0.010718 -0.236206
vn 0.971967 0.009752 -0.234917
vn 0.970886 0.036672 -0.236718
vn 0.972114 0.033528 -0.232101
vn 0.969617 0.063395 -0.236272
vn 0.971906 0.058282 -0.228038
vn 0.967757 0.090816 -0.234943
vn 0.971220 0.083967 -0.222891
vn 0.965705 0.116343 -0.232116
vn 0.970305 0.108099 -0.216386
vn 0.963444 0.140634 -0.228029
vn 0.969116 0.131280 -0.208758
vn 0.960978 0.163921 -0.222825
vn 0.967628 0.153697 -0.200185
vn 0.962872 0.170973 -0.208916
vn 0.952153 0.157480 -0.261925
vn 0.952987 0.154897 -0.260430
vn 0.940351 0.137995 -0.310963
vn 0.935171 0.151078 -0.320361
vn 0.951310 0.140933 -0.274131
vn 0.938179 0.171645 -0.300597
vn 0.954606 0.161911 -0.250026
vn 0.941637 0.189956 -0.277914
vn 0.957532 0.180083 -0.225172
vn 0.945517 0.205022 -0.252909
vn 0.960512 0.195250 -0.198228
vn 0.949170 0.218519 -0.226552
vn 0.962975 0.208836 -0.170488
vn 0.952449 0.230694 -0.199049
vn 0.964845 0.220973 -0.142285
vn 0.955317 0.241439 -0.170522
vn 0.966268 0.229434 -0.116987
vn 0.957796 0.248583 -0.144338
vn 0.967368 0.236464 -0.091018
vn 0.959932 0.254465 -0.117382
vn 0.968064 0.242228 -0.064638
vn 0.961509 0.259494 -0.090354
vn 0.968213 0.247156 -0.038440
vn 0.963995 0.259682 -0.057255
vn 0.966080 0.258117 0.008023
vn 0.964418 0.264378 -0.001424
vn 0.963209 0.262091 0.059466
vn 0.962589 0.265428 0.054495
vn 0.958513 0.262658 0.110743
vn 0.958345 0.264210 0.108483
vn 0.951885 0.261212 0.160259
vn 0.951888 0.261135 0.160368
vn 0.943460 0.258127 0.207974
vn 0.943411 0.256606 0.210068
vn 0.933350 0.253769 0.253888
vn 0.932978 0.249962 0.258982
vn 0.920325 0.249318 0.301403
vn 0.919352 0.243384 0.309122
vn 0.905393 0.243130 0.348069
vn 0.903878 0.236516 0.356461
vn 0.888824 0.236766 0.392343
vn 0.886727 0.229608 0.401243
vn 0.870725 0.230461 0.434426
vn 0.867556 0.221631 0.445227
vn 0.849515 0.224755 0.477294
vn 0.845014 0.214334 0.489911
vn 0.826256 0.218276 0.519284
vn 0.821168 0.208308 0.531311
vn 0.803045 0.211701 0.557047
vn 0.797353 0.202075 0.568677
vn 0.778928 0.206371 0.592184
vn 0.771976 0.196166 0.604626
vn 0.753454 0.201409 0.625892
vn 0.744801 0.190395 0.639548
vn 0.726488 0.196590 0.658459
vn 0.715707 0.184754 0.673520
vn 0.698005 0.191849 0.689915
vn 0.684674 0.179351 0.706438
vn 0.668063 0.187214 0.720169
vn 0.651611 0.174258 0.738267
vn 0.636651 0.182638 0.749212
vn 0.615973 0.169309 0.769358
vn 0.603411 0.177711 0.777376
vn 0.585912 0.168841 0.792590
vn 0.578008 0.172071 0.797683
vn 0.565156 0.166527 0.808002
vn 0.558658 0.169638 0.811865
vn 0.543784 0.164326 0.822980
vn 0.538863 0.167070 0.825660
vn 0.521710 0.162214 0.837559
vn 0.518498 0.164297 0.839146
vn 0.498850 0.160191 0.851756
vn 0.497416 0.161274 0.852390
vn 0.474920 0.158251 0.865683
vn 0.475267 0.157943 0.865549
vn 0.450536 0.156480 0.878937
vn 0.452539 0.154389 0.878278
vn 0.430591 0.154767 0.889179
vn 0.427456 0.090044 0.899541
vn 0.400687 0.092578 0.911525
vn 0.404731 0.086823 0.910305
vn 0.374154 0.092083 0.922784
vn 0.378897 0.083826 0.921635
vn 0.347625 0.091681 0.933141
vn 0.352542 0.080952 0.932288
vn 0.320764 0.091479 0.942731
vn 0.325348 0.078423 0.942337
vn 0.293755 0.091449 0.951496
vn 0.297566 0.076331 0.951645
vn 0.268477 0.090717 0.959005
vn 0.271235 0.074039 0.959661
vn 0.244216 0.089663 0.965567
vn 0.245782 0.071847 0.966659
vn 0.219299 0.089413 0.971552
vn 0.202654 0.027485 0.978864
vn 0.199651 0.027247 0.979488
vn 0.202195 0.025296 0.979019
vn 0.228756 0.028361 0.973071
vn 0.232479 0.025465 0.972268
vn 0.258742 0.029515 0.965495
vn 0.263916 0.025477 0.964209
vn 0.289965 0.030589 0.956548
vn 0.297249 0.024966 0.954474
vn 0.322267 0.030998 0.946141
vn 0.330223 0.025020 0.943571
vn 0.353686 0.031732 0.934826
vn 0.362440 0.025422 0.931660
vn 0.384445 0.032677 0.922569
vn 0.394273 0.025974 0.918626
vn 0.427086 0.038143 0.903406
vn 0.430621 0.093035 0.897725
vn 0.456458 0.092592 0.884914
vn 0.455396 0.093650 0.885350
vn 0.483079 0.095286 0.870376
vn 0.484159 0.094377 0.869875
vn 0.508843 0.097693 0.855298
vn 0.512172 0.095309 0.853579
vn 0.533329 0.099729 0.840009
vn 0.538826 0.096360 0.836888
vn 0.556942 0.101487 0.824328
vn 0.564468 0.097536 0.819672
vn 0.579825 0.103019 0.808202
vn 0.589164 0.098832 0.801946
vn 0.602088 0.104404 0.791574
vn 0.612996 0.100257 0.783700
vn 0.630858 0.109318 0.768159
vn 0.647311 0.098659 0.755814
vn 0.668392 0.112237 0.735292
vn 0.687278 0.101968 0.719202
vn 0.703521 0.114751 0.701349
vn 0.723893 0.105366 0.681819
vn 0.736675 0.117339 0.665989
vn 0.757823 0.109061 0.643281
vn 0.767802 0.120009 0.629348
vn 0.789149 0.112926 0.603731
vn 0.796811 0.122673 0.591645
vn 0.817896 0.116790 0.563388
vn 0.823750 0.125377 0.552917
vn 0.844228 0.120643 0.522231
vn 0.848832 0.128425 0.512827
vn 0.868452 0.124749 0.479822
vn 0.872493 0.132662 0.470273
vn 0.892104 0.128307 0.433230
vn 0.895620 0.136442 0.423377
vn 0.913801 0.132978 0.383776
vn 0.916124 0.139444 0.375862
vn 0.931654 0.138505 0.335914
vn 0.933061 0.143309 0.329938
vn 0.946971 0.142921 0.287785
vn 0.947952 0.147213 0.282338
vn 0.960086 0.147225 0.237822
vn 0.960715 0.151069 0.232820
vn 0.970863 0.151312 0.185821
vn 0.971072 0.153458 0.182948
vn 0.978363 0.155865 0.136058
vn 0.978376 0.156283 0.135482
vn 0.983564 0.158616 0.086268
vn 0.983574 0.158359 0.086632
vn 0.986426 0.160437 0.034990
vn 0.986534 0.159448 0.036430
vn 0.986783 0.161083 -0.017629
vn 0.987108 0.159345 -0.015039
vn 0.984478 0.160352 -0.071342
vn 0.985348 0.157090 -0.066419
vn 0.979617 0.157356 -0.124856
vn 0.982609 0.148478 -0.111510
vn 0.974628 0.159053 -0.157490
vn 0.979784 0.145499 -0.137304
vn 0.970575 0.155931 -0.183492
vn 0.976323 0.142039 -0.163149
vn 0.965907 0.152338 -0.209326
vn 0.972349 0.137789 -0.188553
vn 0.960776 0.148003 -0.234529
vn 0.967807 0.132923 -0.213731
vn 0.954707 0.141101 -0.261966
vn 0.962266 0.125420 -0.241482
vn 0.947991 0.133674 -0.288866
vn 0.956090 0.117079 -0.268671
vn 0.940849 0.125556 -0.314704
vn 0.949387 0.107847 -0.295013
vn 0.933417 0.116570 -0.339330
vn 0.942627 0.096670 -0.319546
vn 0.926224 0.105430 -0.361931
vn 0.935518 0.083711 -0.343218
vn 0.919494 0.092995 -0.381946
vn 0.921498 0.087913 -0.378302
vn 0.939409 0.107968 -0.325353
vn 0.936858 0.115905 -0.329945
vn 0.954360 0.133981 -0.266920
vn 0.957886 0.121071 -0.260379
vn 0.949630 0.135166 -0.282723
vn 0.957599 0.103245 -0.268968
vn 0.950658 0.116016 -0.287733
vn 0.957230 0.084887 -0.276596
vn 0.951679 0.096030 -0.291693
vn 0.956829 0.065845 -0.283095
vn 0.952712 0.074997 -0.294473
vn 0.956477 0.045566 -0.288230
vn 0.953794 0.052320 -0.295871
vn 0.955995 0.026139 -0.292216
vn 0.954581 0.030243 -0.296414
vn 0.955498 0.007583 -0.294899
vn 0.955132 0.008837 -0.296049
vn 0.955078 -0.010606 -0.296166
vn 0.955511 -0.012409 -0.294694
vn 0.954750 -0.028943 -0.295998
vn 0.955700 -0.033993 -0.292373
vn 0.954453 -0.047930 -0.294486
vn 0.955604 -0.056415 -0.289204
vn 0.954125 -0.067522 -0.291695
vn 0.955125 -0.079555 -0.285320
vn 0.954041 -0.085729 -0.287153
vn 0.954551 -0.101096 -0.280380
vn 0.954094 -0.103212 -0.281163
vn 0.953834 -0.121672 -0.274583
vn 0.954223 -0.120141 -0.273904
vn 0.952971 -0.141440 -0.268034
vn 0.954415 -0.136461 -0.265464
vn 0.951944 -0.160245 -0.261005
vn 0.952986 -0.157066 -0.259131
vn 0.952105 -0.189604 -0.239887
vn 0.953559 -0.185785 -0.237086
vn 0.949393 -0.222762 -0.221428
vn 0.953832 -0.212380 -0.212366
vn 0.946464 -0.252503 -0.201117
vn 0.954029 -0.236093 -0.184630
vn 0.943851 -0.278114 -0.178320
vn 0.953794 -0.257396 -0.155001
vn 0.941365 -0.300380 -0.153637
vn 0.953062 -0.276255 -0.123915
vn 0.938809 -0.321509 -0.123567
vn 0.951828 -0.294036 -0.086988
vn 0.936401 -0.338810 -0.091434
vn 0.949812 -0.308907 -0.049334
vn 0.933130 -0.355588 -0.053146
vn 0.946397 -0.322963 -0.005217
vn 0.929719 -0.368040 -0.012977
vn 0.942163 -0.332758 0.040011
vn 0.926258 -0.375726 0.029583
vn 0.936810 -0.339541 0.084252
vn 0.922044 -0.380287 0.072222
vn 0.930433 -0.343644 0.127290
vn 0.916982 -0.382142 0.114508
vn 0.923141 -0.345151 0.169354
vn 0.911095 -0.381319 0.156534
vn 0.914970 -0.344582 0.209986
vn 0.904281 -0.378460 0.197596
vn 0.905978 -0.342563 0.248707
vn 0.896509 -0.374325 0.236967
vn 0.896274 -0.339983 0.284789
vn 0.888619 -0.368855 0.272584
vn 0.886791 -0.336060 0.317279
vn 0.880004 -0.363288 0.305965
vn 0.876771 -0.331557 0.348342
vn 0.870737 -0.357283 0.337884
vn 0.866279 -0.326798 0.377840
vn 0.860892 -0.351182 0.368153
vn 0.853972 -0.315768 0.413549
vn 0.842666 -0.346023 0.412533
vn 0.832133 -0.306401 0.462248
vn 0.821793 -0.334413 0.461329
vn 0.808891 -0.296833 0.507530
vn 0.799355 -0.322954 0.506687
vn 0.784312 -0.287468 0.549742
vn 0.775490 -0.311962 0.548903
vn 0.759600 -0.280731 0.586684
vn 0.753869 -0.301271 0.583882
vn 0.737647 -0.273704 0.617222
vn 0.732435 -0.293172 0.614482
vn 0.714765 -0.267020 0.646384
vn 0.710095 -0.285418 0.643662
vn 0.690874 -0.260655 0.674353
vn 0.686792 -0.277941 0.671614
vn 0.665769 -0.254476 0.701423
vn 0.662300 -0.270588 0.698670
vn 0.639333 -0.248603 0.727633
vn 0.636653 -0.263226 0.724835
vn 0.611724 -0.243065 0.752804
vn 0.609890 -0.255919 0.750026
vn 0.582718 -0.237781 0.777110
vn 0.581755 -0.248442 0.774492
vn 0.555808 -0.234663 0.797503
vn 0.556399 -0.241316 0.795102
vn 0.532660 -0.231129 0.814157
vn 0.533373 -0.235717 0.812373
vn 0.507177 -0.227121 0.831377
vn 0.495781 -0.285067 0.820328
vn 0.510054 -0.224308 0.830380
vn 0.499899 -0.220320 0.837592
vn 0.502051 -0.162223 0.849487
vn 0.487044 -0.091600 0.868561
vn 0.511101 -0.092323 0.854548
vn 0.509970 -0.093612 0.855084
vn 0.547821 -0.102205 0.830329
vn 0.528341 -0.161327 0.833565
vn 0.558515 -0.171226 0.811630
vn 0.485998 -0.026551 0.873557
vn 0.460670 -0.031783 0.887002
vn 0.466927 -0.022465 0.884011
vn 0.468023 -0.017255 0.883548
vn 0.468238 -0.015583 0.883465
vn 0.468316 -0.014737 0.883438
vn 0.468345 -0.014335 0.883429
vn 0.468370 -0.013946 0.883422
vn 0.468352 -0.014255 0.883427
vn 0.457994 -0.132582 0.879013
vn 0.426918 -0.324289 0.844143
vn 0.404122 -0.457999 0.791784
vn 0.427909 -0.328021 0.842197
vn 0.430793 -0.306472 0.848818
vn 0.431602 -0.298524 0.851236
vn 0.431808 -0.296108 0.851975
vn -0.431975 0.287174 -0.854944
vn 0.431959 -0.283508 0.856174
vn 0.431817 -0.281504 0.856907
vn -0.430881 0.273081 -0.860098
vn 0.430240 -0.268728 0.861788
vn -0.428718 0.261862 -0.864655
vn 0.427191 -0.256381 0.867051
vn 0.427217 -0.256454 0.867016
vn -0.414058 0.226849 -0.881530
vn -0.417098 0.232984 -0.878492
vn 0.415498 -0.230114 0.880005
vn -0.591744 0.538180 -0.600168
vn 0.366999 -0.168594 0.914816
vn -0.397516 0.205639 -0.894256
vn -0.430574 0.240030 -0.870053
vn 0.379601 -0.184021 0.906664
vn 0.366347 -0.176913 0.913505
vn -0.371807 0.181508 -0.910392
vn 0.357861 -0.170754 0.918030
vn -0.348135 0.163771 -0.923028
vn 0.334451 -0.154660 0.929636
vn -0.323943 0.146856 -0.934609
vn 0.304575 -0.136079 0.942718
vn 0.496420 -0.034917 0.867380
vn 0.525182 -0.027529 0.850545
vn 0.527676 -0.031058 0.848878
vn 0.556630 -0.033975 0.830065
vn 0.566523 -0.027440 0.823589
vn 0.584168 -0.036420 0.810816
vn 0.605337 -0.028213 0.795469
vn 0.612037 -0.035285 0.790042
vn 0.640552 -0.032060 0.767245
vn 0.646517 -0.043590 0.761653
vn 0.682971 -0.027477 0.729928
vn 0.694875 -0.043573 0.717809
vn 0.724494 -0.029599 0.688645
vn 0.749641 -0.052578 0.659753
vn 0.719852 -0.098096 0.687161
vn 0.749801 -0.126750 0.649409
vn 0.712274 -0.178250 0.678891
vn 0.736378 -0.205149 0.644718
vn 0.751306 -0.025794 0.659450
vn 0.788515 -0.047516 0.613177
vn 0.752823 -0.100450 0.650513
vn 0.779764 -0.130509 0.612320
vn 0.740440 -0.182742 0.646803
vn 0.762256 -0.210842 0.611974
vn 0.788548 -0.031896 0.614146
vn 0.823180 -0.044216 0.566056
vn 0.783218 -0.103057 0.613146
vn 0.807393 -0.134191 0.574551
vn 0.766819 -0.187318 0.613923
vn 0.786707 -0.216744 0.578026
vn 0.822541 -0.036586 0.567528
vn 0.853866 -0.041977 0.518797
vn 0.811205 -0.105627 0.575143
vn 0.833087 -0.137997 0.535651
vn 0.791693 -0.192173 0.579906
vn 0.809799 -0.222933 0.542703
vn 0.853527 -0.040189 0.519497
vn 0.881140 -0.040822 0.471090
vn 0.837154 -0.108424 0.536114
vn 0.856933 -0.142019 0.495476
vn 0.815156 -0.197355 0.544584
vn 0.832620 -0.231696 0.503051
vn 0.881917 -0.043301 0.469411
vn 0.905219 -0.040706 0.422992
vn 0.861180 -0.111518 0.495917
vn 0.879998 -0.148539 0.451154
vn 0.840985 -0.201675 0.502067
vn 0.857233 -0.239991 0.455583
vn 0.907566 -0.045851 0.417399
vn 0.928827 -0.040567 0.368286
vn 0.886962 -0.113160 0.447765
vn 0.904190 -0.153776 0.398489
vn 0.865950 -0.208512 0.454592
vn 0.879737 -0.248637 0.405268
vn 0.930951 -0.046508 0.362169
vn 0.949857 -0.042789 0.309744
vn 0.911110 -0.117137 0.395168
vn 0.925589 -0.159245 0.343404
vn 0.888818 -0.215575 0.404389
vn 0.899954 -0.257420 0.351878
vn 0.951122 -0.047439 0.305150
vn 0.967280 -0.045092 0.249673
vn 0.932436 -0.121361 0.340344
vn 0.944015 -0.164846 0.285766
vn 0.909458 -0.222615 0.351182
vn 0.916741 -0.259760 0.303497
vn 0.967997 -0.048735 0.246183
vn 0.981002 -0.047538 0.188085
vn 0.950807 -0.125747 0.283115
vn 0.958342 -0.164134 0.233755
vn 0.920771 -0.232441 0.313291
vn 0.925434 -0.264343 0.271466
vn 0.983548 -0.070810 0.166192
vn 0.984450 -0.038945 0.171296
vn 0.991544 -0.058779 0.115695
vn 0.991231 -0.050385 0.122156
vn 0.996027 -0.052426 0.071978
vn 0.996843 -0.062919 0.048429
vn 0.979814 -0.140105 0.142603
vn 0.980060 -0.175172 0.093798
vn 0.953234 -0.244010 0.178336
vn 0.951530 -0.280183 0.126838
vn 0.997141 -0.050179 0.056499
vn 0.998489 -0.054955 0.000365
vn 0.984449 -0.141007 0.104772
vn 0.982753 -0.177009 0.053522
vn 0.959404 -0.245539 0.138762
vn 0.955541 -0.282221 0.085401
vn 0.997340 -0.069208 -0.022853
vn 0.998804 -0.046774 -0.014219
vn 0.995402 -0.059014 -0.075451
vn 0.992541 -0.076980 -0.094535
vn 0.989743 -0.141817 -0.017203
vn 0.981573 -0.177491 -0.070798
vn 0.970240 -0.241808 0.012778
vn 0.959742 -0.277787 -0.041578
vn 0.995294 -0.041058 -0.087777
vn 0.986616 -0.063237 -0.150299
vn 0.988387 -0.139989 -0.059112
vn 0.978087 -0.175258 -0.112389
vn 0.971083 -0.236740 -0.030843
vn 0.958642 -0.272001 -0.083793
vn 0.988464 -0.051371 -0.142480
vn 0.978268 -0.053897 -0.200215
vn 0.985366 -0.136942 -0.101488
vn 0.973109 -0.171653 -0.153606
vn 0.970427 -0.229440 -0.075028
vn 0.956885 -0.262712 -0.123905
vn 0.972555 -0.067333 -0.222719
vn 0.975607 -0.044166 -0.215038
vn 0.960110 -0.054181 -0.274324
vn 0.955200 -0.068746 -0.287867
vn 0.967651 -0.119974 -0.221939
vn 0.953497 -0.149734 -0.261578
vn 0.961972 -0.195190 -0.191080
vn 0.949240 -0.221428 -0.223412
vn 0.958097 -0.035990 -0.284173
vn 0.939840 -0.051377 -0.337730
vn 0.960040 -0.111993 -0.256479
vn 0.946545 -0.139775 -0.290715
vn 0.958070 -0.181593 -0.221643
vn 0.946785 -0.205075 -0.248077
vn 0.936249 -0.062734 -0.345692
vn 0.937827 -0.030330 -0.345776
vn 0.918968 -0.044421 -0.391823
vn 0.923739 -0.030008 -0.381844
vn 0.908402 -0.040168 -0.416164
vn 0.913231 -0.025926 -0.406617
vn 0.898248 -0.035270 -0.438070
vn 0.902927 -0.021504 -0.429255
vn 0.888672 -0.030296 -0.457542
vn 0.888441 -0.030985 -0.457944
vn 0.916791 -0.054173 -0.395675
vn 0.913339 -0.066053 -0.401807
vn 0.936680 -0.084041 -0.339952
vn 0.935277 -0.089562 -0.342398
vn 0.889188 -0.013365 -0.457346
vn 0.880462 -0.024662 -0.473475
vn 0.913491 -0.047506 -0.404076
vn 0.911112 -0.056854 -0.408218
vn 0.935003 -0.072126 -0.347228
vn 0.934509 -0.074414 -0.348074
vn 0.880877 -0.023391 -0.472766
vn 0.880883 -0.009101 -0.473246
vn 0.874372 -0.017944 -0.484925
vn 0.875171 -0.015295 -0.483572
vn 0.906020 -0.026549 -0.422402
vn 0.906070 -0.026172 -0.422317
vn 0.931981 -0.033354 -0.360970
vn 0.932741 -0.024894 -0.359687
vn 0.874685 -0.004412 -0.484672
vn 0.870943 -0.010011 -0.491283
vn 0.904691 -0.018631 -0.425661
vn 0.904960 -0.015649 -0.425209
vn 0.931693 -0.020089 -0.362689
vn 0.932204 -0.009076 -0.361821
vn 0.870902 -0.000604 -0.491457
vn 0.871609 -0.002275 -0.490197
vn 0.871953 -0.006218 -0.489550
vn 0.903897 -0.011142 -0.427604
vn 0.871384 0.001579 -0.490599
vn 0.871291 0.002313 -0.490760
vn 0.872893 0.005675 -0.487878
vn 0.873627 0.010024 -0.486494
vn 0.906665 0.018004 -0.421467
vn 0.904532 0.034649 -0.424996
vn 0.935308 0.046283 -0.350795
vn 0.931204 0.070339 -0.357647
vn 0.874305 0.005791 -0.485342
vn 0.877960 0.015663 -0.478478
vn 0.908672 0.026490 -0.416669
vn 0.905643 0.044246 -0.421725
vn 0.936874 0.059778 -0.344520
vn 0.931569 0.084911 -0.353511
vn 0.884232 0.010752 -0.466925
vn 0.877911 0.021480 -0.478342
vn 0.878349 0.019243 -0.477632
vn 0.911176 0.034357 -0.410582
vn 0.885205 0.027481 -0.464390
vn 0.888837 0.010453 -0.458104
vn 0.893521 0.034709 -0.447678
vn 0.893521 0.034869 -0.447666
vn 0.919552 0.060451 -0.388291
vn 0.903726 0.017696 -0.427745
vn 0.902935 0.040951 -0.427821
vn 0.914498 0.020770 -0.404058
vn 0.912744 0.046968 -0.405822
vn 0.925424 0.023549 -0.378201
vn 0.922781 0.052628 -0.381715
vn 0.926657 0.044929 -0.373212
vn 0.945389 0.035356 -0.324020
vn 0.942568 0.062391 -0.328135
vn 0.946422 0.052440 -0.318645
vn 0.963428 0.037864 -0.265278
vn 0.959910 0.073155 -0.270594
vn 0.962895 0.061505 -0.262773
vn 0.977370 0.032136 -0.209083
vn 0.973918 0.086582 -0.209733
vn 0.976278 0.071785 -0.204277
vn 0.980681 0.055567 -0.187557
vn 0.990967 0.050666 -0.124169
vn 0.989455 0.062087 -0.130859
vn 0.996939 0.044409 -0.064351
vn 0.995012 0.069536 -0.071519
vn 0.999334 0.035665 -0.007736
vn 0.996885 0.078183 -0.010412
vn 0.998357 0.055749 0.013206
vn 0.996022 0.049010 0.074413
vn 0.995871 0.059766 0.068323
vn 0.990590 0.041700 0.130355
vn 0.990125 0.063115 0.125173
vn 0.981843 0.035933 0.186260
vn 0.980725 0.066205 0.183837
vn 0.970375 0.029757 0.239765
vn 0.967781 0.069825 0.241918
vn 0.962681 0.046516 0.266610
vn 0.946374 0.045577 0.319842
vn 0.946341 0.045401 0.319964
vn 0.925938 0.043511 0.375160
vn 0.926095 0.044365 0.374672
vn 0.902360 0.041722 0.428958
vn 0.902880 0.044789 0.427554
vn 0.876608 0.038212 0.479685
vn 0.877339 0.046026 0.477660
vn 0.848198 0.034294 0.528567
vn 0.848487 0.048274 0.527010
vn 0.816820 0.029718 0.576127
vn 0.815857 0.051449 0.575960
vn 0.782269 0.023714 0.622490
vn 0.779160 0.055990 0.624319
vn 0.757781 0.030840 0.651780
vn 0.726918 0.043051 0.685373
vn 0.718420 0.029269 0.694994
vn 0.681468 0.042731 0.730599
vn 0.674819 0.027805 0.737459
vn 0.632342 0.041700 0.773566
vn 0.632281 0.041521 0.773626
vn 0.610320 0.030680 0.791560
vn 0.595489 0.036365 0.802540
vn 0.582662 0.030060 0.812159
vn 0.567830 0.036236 0.822348
vn 0.553806 0.029395 0.832127
vn 0.539113 0.036063 0.841461
vn 0.523656 0.028666 0.851448
vn 0.509236 0.035814 0.859882
vn 0.491766 0.027724 0.870286
vn 0.477591 0.035411 0.877868
vn 0.458579 0.027071 0.888241
vn 0.445901 0.034558 0.894415
vn 0.413493 0.021399 0.910256
vn 0.263127 0.111319 0.958318
vn 0.259719 0.137663 0.955822
vn 0.276272 0.126663 0.952696
vn 0.274892 0.142771 0.950816
vn 0.297281 0.129823 0.945923
vn 0.294837 0.145044 0.944475
vn 0.319086 0.133051 0.938340
vn 0.315674 0.147028 0.937408
vn 0.342225 0.136078 0.929712
vn 0.338050 0.148392 0.929356
vn 0.364941 0.139482 0.920523
vn 0.360352 0.149878 0.920697
vn 0.387017 0.143178 0.910888
vn 0.382421 0.151508 0.911482
vn 0.408729 0.146981 0.900743
vn 0.404556 0.153175 0.901594
vn 0.426987 0.151054 0.891552
vn 0.428873 0.215862 0.877195
vn 0.446805 0.215550 0.868276
vn 0.443945 0.218646 0.868969
vn 0.465450 0.219920 0.857316
vn 0.463801 0.221437 0.857820
vn 0.483765 0.224120 0.846015
vn 0.483472 0.224350 0.846122
vn 0.501226 0.228061 0.834722
vn 0.502338 0.227308 0.834258
vn 0.518114 0.231775 0.823309
vn 0.520620 0.230312 0.822138
vn 0.534581 0.235301 0.811700
vn 0.538414 0.233373 0.809720
vn 0.550760 0.238701 0.799803
vn 0.555812 0.236523 0.796950
vn 0.572418 0.244935 0.782524
vn 0.581126 0.239003 0.777927
vn 0.600787 0.251684 0.758756
vn 0.611750 0.245450 0.752008
vn 0.627845 0.258133 0.734287
vn 0.640511 0.252073 0.725399
vn 0.653883 0.264616 0.708813
vn 0.667833 0.258997 0.697796
vn 0.678962 0.271222 0.682239
vn 0.693825 0.266205 0.669135
vn 0.703066 0.277976 0.654544
vn 0.718507 0.273654 0.639422
vn 0.726205 0.284960 0.625640
vn 0.741969 0.281369 0.608534
vn 0.748442 0.292324 0.595299
vn 0.764383 0.289462 0.576135
vn 0.770250 0.300960 0.562261
vn 0.787325 0.297673 0.539917
vn 0.792575 0.309838 0.525191
vn 0.809598 0.307267 0.500139
vn 0.813433 0.317966 0.487057
vn 0.829091 0.317370 0.460310
vn 0.831746 0.326437 0.449041
vn 0.847145 0.326469 0.419241
vn 0.849095 0.334987 0.408439
vn 0.864123 0.335610 0.375042
vn 0.865375 0.343248 0.365111
vn 0.879871 0.344417 0.327420
vn 0.880374 0.349559 0.320547
vn 0.892738 0.352939 0.280094
vn 0.892815 0.355297 0.276849
vn 0.904180 0.359127 0.231271
vn 0.904175 0.359278 0.231056
vn 0.914142 0.363403 0.179672
vn 0.914395 0.361052 0.183093
vn 0.922445 0.365253 0.125240
vn 0.923392 0.360130 0.132868
vn 0.928875 0.364100 0.067985
vn 0.931384 0.354617 0.082289
vn 0.933664 0.357990 0.010725
vn 0.939144 0.341722 0.035143
vn 0.934222 0.355997 -0.022274
vn 0.942154 0.335063 0.008903
vn 0.935683 0.349286 -0.049971
vn 0.944766 0.327267 -0.017721
vn 0.936698 0.341390 -0.077774
vn 0.947157 0.317740 -0.043983
vn 0.937555 0.331711 -0.104680
vn 0.949531 0.305960 -0.069138
vn 0.938742 0.317474 -0.134067
vn 0.952177 0.289548 -0.097572
vn 0.939799 0.300890 -0.161996
vn 0.954307 0.271092 -0.125724
vn 0.940550 0.282358 -0.188785
vn 0.955957 0.250357 -0.153190
vn 0.941139 0.261543 -0.214133
vn 0.957765 0.225562 -0.178346
vn 0.942324 0.236403 -0.236936
vn 0.959190 0.196927 -0.202915
vn 0.943884 0.208015 -0.256540
vn 0.952268 0.186915 -0.241348
vn 0.958782 0.198028 -0.203767
vn 0.961243 0.190431 -0.199369
vn 0.967052 0.200041 -0.157464
vn 0.972752 0.179294 -0.146991
vn 0.966682 0.189958 -0.171588
vn 0.975829 0.153268 -0.155775
vn 0.970668 0.162992 -0.176743
vn 0.978408 0.126293 -0.163609
vn 0.974241 0.134839 -0.180754
vn 0.980490 0.098165 -0.170304
vn 0.977379 0.105241 -0.183454
vn 0.982093 0.068240 -0.175602
vn 0.980060 0.073508 -0.184605
vn 0.982912 0.039314 -0.179831
vn 0.981837 0.042548 -0.184892
vn 0.983082 0.011446 -0.182810
vn 0.982804 0.012441 -0.184232
vn 0.982721 -0.015993 -0.184399
vn 0.983047 -0.017439 -0.182523
vn 0.981848 -0.043629 -0.184585
vn 0.982547 -0.047722 -0.179789
vn 0.980376 -0.072096 -0.183480
vn 0.981180 -0.079038 -0.176179
vn 0.978223 -0.101288 -0.181164
vn 0.978822 -0.111231 -0.171860
vn 0.975786 -0.128515 -0.176990
vn 0.975880 -0.141318 -0.166397
vn 0.973023 -0.154552 -0.171290
vn 0.972355 -0.170050 -0.160026
vn 0.969923 -0.179626 -0.164267
vn 0.968282 -0.197621 -0.152892
vn 0.966525 -0.203684 -0.156019
vn 0.963720 -0.223922 -0.145268
vn 0.959995 -0.235212 -0.151937
vn 0.956941 -0.263982 -0.120738
vn 0.951967 -0.277076 -0.130334
vn 0.945309 -0.310057 -0.101265
vn 0.943110 -0.315212 -0.105761
vn 0.932863 -0.351190 -0.080199
vn 0.933946 -0.348835 -0.077835
vn 0.920487 -0.386618 -0.056833
vn 0.924316 -0.378618 -0.047835
vn 0.908219 -0.417283 -0.031828
vn 0.914143 -0.405045 -0.016760
vn 0.895114 -0.445836 -0.001104
vn 0.902957 -0.429217 0.021000
vn 0.882472 -0.469346 0.030943
vn 0.891229 -0.449768 0.058484
vn 0.868156 -0.491459 0.069083
vn 0.877512 -0.468366 0.102987
vn 0.854477 -0.508140 0.107995
vn 0.864015 -0.480990 0.148748
vn 0.842061 -0.518270 0.149429
vn 0.850393 -0.489562 0.192771
vn 0.830023 -0.524230 0.190380
vn 0.836772 -0.494628 0.234851
vn 0.818228 -0.526679 0.230461
vn 0.823286 -0.496207 0.275641
vn 0.806741 -0.525522 0.270175
vn 0.809944 -0.495046 0.314516
vn 0.795357 -0.521676 0.308644
vn 0.796749 -0.492085 0.350776
vn 0.783921 -0.516262 0.344878
vn 0.783726 -0.488188 0.383988
vn 0.773413 -0.509383 0.377309
vn 0.771929 -0.482734 0.413634
vn 0.762819 -0.502087 0.407451
vn 0.760216 -0.476533 0.441575
vn 0.752134 -0.494253 0.435899
vn 0.748608 -0.470119 0.467519
vn 0.741419 -0.486375 0.462318
vn 0.735867 -0.457708 0.499002
vn 0.722909 -0.477596 0.499305
vn 0.714336 -0.445282 0.539859
vn 0.703255 -0.462667 0.539789
vn 0.692894 -0.432443 0.576967
vn 0.683283 -0.447866 0.576662
vn 0.671393 -0.419792 0.610743
vn 0.662977 -0.433654 0.610250
vn 0.650838 -0.409810 0.639113
vn 0.645232 -0.420808 0.637649
vn 0.633224 -0.400389 0.662356
vn 0.628304 -0.410428 0.660895
vn 0.615395 -0.391312 0.684225
vn 0.611131 -0.400437 0.682766
vn 0.597272 -0.382574 0.704914
vn 0.593659 -0.390781 0.703462
vn 0.578756 -0.374139 0.724612
vn 0.575805 -0.381353 0.723200
vn 0.559763 -0.365991 0.743448
vn 0.557557 -0.372007 0.742119
vn 0.540350 -0.358086 0.761443
vn 0.538887 -0.362713 0.760289
vn 0.520354 -0.350339 0.778778
vn 0.519601 -0.353291 0.777946
vn 0.502506 -0.344216 0.793097
vn 0.502422 -0.345128 0.792754
vn 0.487333 -0.338653 0.804873
vn 0.292303 0.189762 0.937310
vn 0.316643 0.196992 0.927864
vn 0.319638 0.234891 0.917964
vn 0.345714 0.270662 0.898457
vn 0.349856 0.267908 0.897678
vn 0.350361 0.278621 0.894213
vn 0.359083 0.273576 0.892309
vn 0.358826 0.284183 0.889092
vn 0.368858 0.279220 0.886555
vn 0.367810 0.289519 0.883682
vn 0.379573 0.284668 0.880278
vn 0.377739 0.294432 0.877851
vn 0.390269 0.290279 0.873744
vn 0.387767 0.299294 0.871814
vn 0.400815 0.296015 0.867019
vn 0.397813 0.304106 0.865600
vn 0.411356 0.301774 0.860069
vn 0.408048 0.308788 0.859155
vn 0.418806 0.307769 0.854330
vn 0.417575 0.357244 0.835468
vn 0.425659 0.357100 0.831441
vn 0.421963 0.362444 0.831012
vn 0.434051 0.363158 0.824449
vn 0.430506 0.367490 0.824388
vn 0.442632 0.369118 0.817208
vn 0.439392 0.372515 0.817415
vn 0.450818 0.374901 0.810069
vn 0.448015 0.377453 0.810439
vn 0.458721 0.380484 0.802999
vn 0.456439 0.382301 0.803436
vn 0.466494 0.385895 0.795907
vn 0.464790 0.387087 0.796325
vn 0.474273 0.391182 0.788696
vn 0.473166 0.391865 0.789022
vn 0.485775 0.398246 0.778089
vn 0.485362 0.398584 0.778174
vn 0.500578 0.408407 0.763299
vn 0.501613 0.407694 0.763000
vn 0.515076 0.418313 0.748138
vn 0.517441 0.416921 0.747282
vn 0.529384 0.428137 0.732429
vn 0.533011 0.426305 0.730864
vn 0.543688 0.438049 0.715903
vn 0.548477 0.435969 0.713515
vn 0.558067 0.448199 0.698340
vn 0.563904 0.446020 0.695038
vn 0.572526 0.458705 0.679561
vn 0.579319 0.456534 0.675253
vn 0.586999 0.469556 0.659507
vn 0.594783 0.467447 0.654008
vn 0.601995 0.481601 0.636916
vn 0.611550 0.479078 0.629675
vn 0.618211 0.494553 0.610928
vn 0.629048 0.492157 0.601731
vn 0.634305 0.506888 0.583714
vn 0.645579 0.505359 0.572572
vn 0.649576 0.519056 0.555547
vn 0.662248 0.517809 0.541574
vn 0.665344 0.531390 0.524350
vn 0.679524 0.530491 0.506780
vn 0.681615 0.543313 0.490114
vn 0.697473 0.542844 0.467816
vn 0.698464 0.553081 0.454148
vn 0.714125 0.554327 0.427491
vn 0.714357 0.561507 0.417617
vn 0.731322 0.563408 0.384368
vn 0.731186 0.567297 0.378867
vn 0.749169 0.569844 0.337675
vn 0.749150 0.570020 0.337420
vn 0.767694 0.573089 0.286731
vn 0.768422 0.569118 0.292630
vn 0.786825 0.572402 0.230786
vn 0.789747 0.561264 0.247552
vn 0.806932 0.564274 0.174519
vn 0.813056 0.546117 0.201730
vn 0.816803 0.558571 0.144332
vn 0.825058 0.536620 0.176968
vn 0.827591 0.549072 0.116679
vn 0.837260 0.525492 0.151175
vn 0.838439 0.537807 0.088225
vn 0.849987 0.511596 0.125666
vn 0.849772 0.523639 0.060737
vn 0.863703 0.493509 0.102298
vn 0.863711 0.503082 0.030197
vn 0.880047 0.468967 0.074749
vn 0.878319 0.478072 0.001791
vn 0.896287 0.440989 0.046892
vn 0.892830 0.449650 -0.025863
vn 0.912327 0.409007 0.019323
vn 0.907295 0.417244 -0.052188
vn 0.928844 0.370429 -0.005640
vn 0.922677 0.378037 -0.075865
vn 0.945064 0.325453 -0.030564
vn 0.937985 0.333146 -0.095909
vn 0.953531 0.293674 -0.067340
vn 0.953476 0.297231 -0.050361
vn 0.960199 0.276661 -0.038420
vn 0.959211 0.282690 -0.000454
vn 0.967660 0.251807 0.015064
vn 0.964377 0.264098 -0.015153
vn 0.976427 0.215772 0.005674
vn 0.973726 0.226827 -0.020175
vn 0.983996 0.178169 -0.002759
vn 0.981923 0.187757 -0.023974
vn 0.990280 0.138729 -0.010000
vn 0.988850 0.146568 -0.026338
vn 0.995185 0.096740 -0.015767
vn 0.994367 0.102499 -0.026987
vn 0.998226 0.055893 -0.020490
vn 0.997874 0.059389 -0.026827
vn 0.999580 0.016312 -0.023949
vn 0.999518 0.017376 -0.025737
vn 0.999403 -0.022780 -0.025969
vn 0.999426 -0.024317 -0.023585
vn 0.997714 -0.062142 -0.026550
vn 0.997580 -0.066474 -0.020384
vn 0.994392 -0.102553 -0.025832
vn 0.993812 -0.109866 -0.016333
vn 0.989313 -0.143828 -0.023932
vn 0.987960 -0.154269 -0.011637
vn 0.983027 -0.182370 -0.019973
vn 0.980632 -0.195775 -0.005738
vn 0.975606 -0.219061 -0.014343
vn 0.971936 -0.235242 0.001093
vn 0.967127 -0.254189 -0.007291
vn 0.961994 -0.272933 0.008666
vn 0.957700 -0.287767 0.001017
vn 0.950964 -0.308849 0.016723
vn 0.942966 -0.332879 0.002472
vn 0.931203 -0.361725 0.044892
vn 0.920352 -0.390357 0.023940
vn 0.903700 -0.423252 0.064679
vn 0.895837 -0.441717 0.048597
vn 0.874528 -0.477374 0.085529
vn 0.870474 -0.486207 0.076672
vn 0.845158 -0.523456 0.108172
vn 0.844528 -0.524776 0.106690
vn 0.816072 -0.562695 0.131912
vn 0.818013 -0.558683 0.136849
vn 0.785040 -0.598031 0.161463
vn 0.789571 -0.588402 0.174245
vn 0.755344 -0.626870 0.191024
vn 0.761206 -0.613753 0.209458
vn 0.723003 -0.652800 0.226097
vn 0.730044 -0.635382 0.251645
vn 0.693058 -0.672306 0.260143
vn 0.701177 -0.649157 0.294866
vn 0.666942 -0.683400 0.296905
vn 0.674264 -0.658113 0.335047
vn 0.643452 -0.689511 0.332481
vn 0.649457 -0.663145 0.372082
vn 0.622309 -0.691647 0.366545
vn 0.626898 -0.664009 0.407543
vn 0.603612 -0.689407 0.400463
vn 0.606513 -0.661779 0.440670
vn 0.586924 -0.684063 0.433103
vn 0.588156 -0.657845 0.470438
vn 0.571820 -0.677242 0.462996
vn 0.571644 -0.652799 0.497068
vn 0.559250 -0.669092 0.489444
vn 0.557976 -0.646186 0.520679
vn 0.547686 -0.660263 0.513900
vn 0.545505 -0.638839 0.542503
vn 0.536964 -0.650978 0.536560
vn 0.534117 -0.631460 0.562118
vn 0.527089 -0.641827 0.556988
vn 0.522769 -0.619190 0.585932
vn 0.512072 -0.630069 0.583777
vn 0.505522 -0.605347 0.614820
vn 0.498254 -0.613124 0.613043
vn 0.490653 -0.590943 0.640349
vn 0.485844 -0.596353 0.638999
vn 0.477528 -0.576720 0.662843
vn 0.474506 -0.580300 0.661888
vn 0.466625 -0.564844 0.680597
vn 0.465372 -0.566626 0.679973
vn 0.458139 -0.554322 0.694864
vn 0.457702 -0.554978 0.694628
vn 0.450325 -0.544051 0.707966
vn 0.450545 -0.543700 0.708096
vn 0.443055 -0.534045 0.720069
vn 0.443830 -0.532712 0.720578
vn 0.436376 -0.524385 0.731161
vn 0.437663 -0.521979 0.732113
vn 0.430250 -0.514878 0.741475
vn 0.431946 -0.511329 0.742944
vn 0.424568 -0.505361 0.751234
vn 0.426541 -0.500598 0.753303
vn 0.419256 -0.495734 0.760574
vn 0.421331 -0.489657 0.763359
vn 0.367521 0.279821 0.886921
vn 0.367506 0.308132 0.877493
vn 0.369550 0.306774 0.877110
vn 0.369900 0.316401 0.873535
vn 0.375410 0.313215 0.872333
vn 0.375082 0.322886 0.868941
vn 0.381724 0.319600 0.867261
vn 0.380671 0.329160 0.864143
vn 0.388825 0.325797 0.861784
vn 0.387023 0.335046 0.859044
vn 0.396000 0.332071 0.856103
vn 0.393522 0.340826 0.853802
vn 0.403139 0.338409 0.850269
vn 0.400109 0.346488 0.848445
vn 0.410347 0.344725 0.844263
vn 0.406912 0.351964 0.842937
vn 0.414331 0.351262 0.839610
vn 0.412231 0.400422 0.818369
vn 0.417070 0.400335 0.815956
vn 0.412917 0.406310 0.815115
vn 0.422021 0.406848 0.810169
vn 0.417803 0.411985 0.809759
vn 0.427300 0.413259 0.804134
vn 0.423170 0.417577 0.804087
vn 0.432326 0.419489 0.798200
vn 0.428416 0.423040 0.798434
vn 0.437147 0.425511 0.792365
vn 0.433565 0.428355 0.792801
vn 0.441926 0.431343 0.786540
vn 0.438739 0.433565 0.787102
vn 0.446788 0.437041 0.780625
vn 0.444048 0.438723 0.781245
vn 0.454713 0.444120 0.772006
vn 0.451686 0.446546 0.772384
vn 0.464687 0.454939 0.759669
vn 0.462835 0.456184 0.760053
vn 0.474630 0.465487 0.747027
vn 0.473948 0.465876 0.747217
vn 0.484605 0.475884 0.733957
vn 0.485107 0.475641 0.733783
vn 0.494825 0.486333 0.720159
vn 0.496492 0.485645 0.719475
vn 0.505406 0.497016 0.705365
vn 0.508181 0.496046 0.704053
vn 0.516348 0.508064 0.689388
vn 0.520195 0.506932 0.687326
vn 0.527556 0.519416 0.672229
vn 0.532565 0.518197 0.669214
vn 0.539542 0.531890 0.652677
vn 0.546369 0.530311 0.648267
vn 0.552865 0.545407 0.629977
vn 0.561301 0.543844 0.623838
vn 0.566479 0.558366 0.606077
vn 0.575928 0.557418 0.597990
vn 0.579901 0.571038 0.581060
vn 0.591217 0.570359 0.570222
vn 0.594304 0.583907 0.553043
vn 0.607684 0.583620 0.538617
vn 0.609761 0.596363 0.522056
vn 0.625493 0.596624 0.502791
vn 0.626466 0.606701 0.489341
vn 0.642693 0.608696 0.465227
vn 0.642916 0.615593 0.455746
vn 0.661192 0.618516 0.424574
vn 0.661082 0.621684 0.420096
vn 0.681181 0.625611 0.380268
vn 0.681287 0.624614 0.381714
vn 0.702794 0.629497 0.331382
vn 0.703822 0.623875 0.339727
vn 0.726048 0.629450 0.276851
vn 0.729656 0.615669 0.297580
vn 0.751386 0.621400 0.221992
vn 0.758422 0.600571 0.253201
vn 0.764528 0.614910 0.193345
vn 0.773648 0.590616 0.229437
vn 0.778640 0.605054 0.166219
vn 0.789333 0.578942 0.204399
vn 0.793048 0.593312 0.138040
vn 0.805853 0.564227 0.179582
vn 0.808224 0.578347 0.110849
vn 0.823735 0.544757 0.157167
vn 0.826894 0.556574 0.080446
vn 0.845144 0.518428 0.130246
vn 0.846571 0.529694 0.052361
vn 0.866636 0.488245 0.102753
vn 0.866291 0.498920 0.024868
vn 0.888057 0.453520 0.075331
vn 0.886051 0.463586 -0.001359
vn 0.910042 0.411431 0.050489
vn 0.906874 0.420662 -0.024978
vn 0.931774 0.362147 0.025422
vn 0.927472 0.371189 -0.044875
vn 0.945337 0.325874 -0.012027
vn 0.944575 0.328293 0.001318
vn 0.952708 0.303480 0.015741
vn 0.949831 0.308381 0.052170
vn 0.959159 0.274249 0.069292
vn 0.957134 0.287230 0.037316
vn 0.970108 0.235205 0.059736
vn 0.968523 0.246812 0.032364
vn 0.979596 0.194360 0.051139
vn 0.978474 0.204370 0.028650
vn 0.987500 0.151429 0.043741
vn 0.986834 0.159564 0.026410
vn 0.993680 0.105681 0.037838
vn 0.993412 0.111624 0.025925
vn 0.997587 0.061105 0.032962
vn 0.997561 0.064690 0.026234
vn 0.999410 0.017841 0.029360
vn 0.999444 0.018929 0.027456
vn 0.999319 -0.024915 0.027205
vn 0.999206 -0.026482 0.029750
vn 0.997335 -0.067974 0.026504
vn 0.996829 -0.072362 0.033087
vn 0.993323 -0.112138 0.027089
vn 0.992130 -0.119535 0.037276
vn 0.987145 -0.157204 0.028852
vn 0.984933 -0.167735 0.042082
vn 0.979398 -0.199271 0.032729
vn 0.975918 -0.212765 0.048109
vn 0.970201 -0.239251 0.038323
vn 0.965240 -0.255499 0.055064
vn 0.959671 -0.277442 0.045355
vn 0.953055 -0.296225 0.062744
vn 0.947943 -0.313891 0.053639
vn 0.939545 -0.335002 0.070917
vn 0.930150 -0.363158 0.054191
vn 0.914757 -0.391409 0.100098
vn 0.901989 -0.425115 0.075447
vn 0.881258 -0.457193 0.119829
vn 0.871525 -0.480063 0.099921
vn 0.845807 -0.514685 0.140388
vn 0.840021 -0.527300 0.127746
vn 0.810092 -0.563338 0.162487
vn 0.807926 -0.567876 0.157394
vn 0.774765 -0.604447 0.185425
vn 0.775304 -0.603334 0.186794
vn 0.737125 -0.640949 0.214080
vn 0.740453 -0.633869 0.223471
vn 0.701209 -0.670552 0.242210
vn 0.705994 -0.659845 0.257251
vn 0.662381 -0.696669 0.275506
vn 0.668528 -0.681452 0.297815
vn 0.626684 -0.716213 0.307094
vn 0.634205 -0.694749 0.339276
vn 0.595808 -0.726947 0.341411
vn 0.602687 -0.703165 0.377262
vn 0.568451 -0.732628 0.374326
vn 0.574117 -0.707728 0.411716
vn 0.544263 -0.734380 0.405542
vn 0.548628 -0.708069 0.444573
vn 0.523336 -0.731680 0.436765
vn 0.526096 -0.705372 0.475051
vn 0.505145 -0.725896 0.466801
vn 0.506305 -0.701172 0.502009
vn 0.489158 -0.718801 0.494013
vn 0.488990 -0.695909 0.525928
vn 0.476265 -0.710508 0.518026
vn 0.475076 -0.689160 0.547139
vn 0.464774 -0.701506 0.540254
vn 0.462765 -0.681759 0.566615
vn 0.454461 -0.692133 0.560729
vn 0.451881 -0.674428 0.583910
vn 0.445307 -0.682978 0.579001
vn 0.441463 -0.662735 0.604890
vn 0.432267 -0.670951 0.602470
vn 0.426508 -0.649213 0.629772
vn 0.421245 -0.654211 0.628140
vn 0.414710 -0.635142 0.651622
vn 0.412199 -0.637671 0.650744
vn 0.405244 -0.621252 0.670689
vn 0.404661 -0.621875 0.670463
vn 0.398360 -0.609522 0.685414
vn 0.399055 -0.608624 0.685808
vn 0.393555 -0.599269 0.697130
vn 0.395069 -0.597194 0.698054
vn 0.389685 -0.589219 0.707790
vn 0.391821 -0.586089 0.709208
vn 0.386609 -0.579370 0.717540
vn 0.389232 -0.575223 0.719456
vn 0.384417 -0.569845 0.726292
vn 0.387465 -0.564590 0.728772
vn 0.383084 -0.560395 0.734305
vn 0.386393 -0.553999 0.737418
vn 0.382445 -0.550805 0.741856
vn 0.385836 -0.543246 0.745663
vn 0.382446 -0.540983 0.749048
vn 0.384253 0.338894 0.858779
vn 0.384457 0.338816 0.858718
vn 0.382371 0.337874 0.860020
vn 0.383224 0.338830 0.859264
vn 0.384163 0.339921 0.858413
vn 0.396643 0.354989 0.846556
vn 0.387037 0.353938 0.851428
vn 0.387056 0.354389 0.851232
vn 0.420353 0.394339 0.817190
vn 0.397745 0.374961 0.837379
vn 0.404035 0.392847 0.826091
vn 0.402745 0.392640 0.826820
vn 0.401838 0.407126 0.820229
vn 0.404869 0.405878 0.819356
vn 0.403100 0.414104 0.816106
vn 0.404996 0.413476 0.815485
vn 0.402525 0.421679 0.812502
vn 0.405282 0.420986 0.811490
vn 0.402153 0.428989 0.808851
vn 0.405768 0.428367 0.807375
vn 0.402049 0.435976 0.805160
vn 0.402761 0.435908 0.804840
vn 0.398862 0.484031 0.778860
vn 0.397154 0.484062 0.779713
vn 0.392086 0.491164 0.777834
vn 0.395081 0.491341 0.776206
vn 0.389541 0.497935 0.774803
vn 0.393584 0.498477 0.772407
vn 0.387719 0.504480 0.771475
vn 0.392090 0.505392 0.768664
vn 0.386035 0.510774 0.768171
vn 0.390543 0.512050 0.765037
vn 0.384427 0.516797 0.764942
vn 0.389092 0.518464 0.761448
vn 0.383025 0.522591 0.761702
vn 0.387877 0.524686 0.757797
vn 0.381935 0.528230 0.758353
vn 0.388280 0.531443 0.752866
vn 0.379988 0.537740 0.752625
vn 0.388030 0.542932 0.744753
vn 0.380318 0.547788 0.745176
vn 0.388253 0.554046 0.736405
vn 0.381313 0.557696 0.737276
vn 0.388895 0.564816 0.727835
vn 0.382905 0.567443 0.728967
vn 0.390230 0.575501 0.718693
vn 0.385317 0.577285 0.719911
vn 0.392433 0.586363 0.708643
vn 0.388669 0.587481 0.709790
vn 0.395509 0.597548 0.697502
vn 0.392965 0.598154 0.698420
vn 0.399306 0.608912 0.685406
vn 0.398183 0.609118 0.685876
vn 0.404331 0.621183 0.671304
vn 0.404967 0.621079 0.671016
vn 0.410799 0.634640 0.654581
vn 0.413619 0.634323 0.653111
vn 0.418368 0.647664 0.636789
vn 0.423371 0.647525 0.633616
vn 0.427079 0.660254 0.617793
vn 0.434834 0.660390 0.612213
vn 0.437729 0.673120 0.596072
vn 0.448616 0.673791 0.587154
vn 0.450544 0.685647 0.571751
vn 0.465131 0.687193 0.558050
vn 0.466003 0.696295 0.545906
vn 0.482589 0.699750 0.526742
vn 0.482774 0.705532 0.518801
vn 0.502972 0.710613 0.491984
vn 0.502928 0.711856 0.490229
vn 0.526675 0.718863 0.453706
vn 0.527072 0.715133 0.459109
vn 0.554104 0.724237 0.410426
vn 0.555785 0.715038 0.424057
vn 0.585516 0.726140 0.360405
vn 0.590549 0.706876 0.389329
vn 0.621545 0.719381 0.310116
vn 0.630423 0.693193 0.349357
vn 0.641505 0.711993 0.285548
vn 0.652329 0.683087 0.328418
vn 0.662593 0.702292 0.260299
vn 0.675301 0.671204 0.305704
vn 0.684544 0.690572 0.233473
vn 0.699828 0.655819 0.283095
vn 0.707930 0.675067 0.207655
vn 0.726547 0.634658 0.263323
vn 0.736762 0.652220 0.178300
vn 0.758788 0.606127 0.238434
vn 0.767394 0.623006 0.151562
vn 0.791606 0.572930 0.212392
vn 0.798460 0.588925 0.125018
vn 0.824716 0.534119 0.185905
vn 0.829818 0.549084 0.099547
vn 0.858599 0.486452 0.161779
vn 0.862586 0.500100 0.076460
vn 0.892406 0.429992 0.136818
vn 0.894832 0.442726 0.057176
vn 0.917239 0.385980 0.098444
vn 0.916248 0.386729 0.104548
vn 0.927137 0.353675 0.123822
vn 0.923715 0.355332 0.143144
vn 0.938712 0.313739 0.142785
vn 0.937132 0.310007 0.160251
vn 0.958932 0.266904 0.095978
vn 0.938881 0.249439 0.237238
vn 0.967273 0.234885 0.095985
vn 0.974065 0.208739 0.087324
vn 0.433738 0.450018 0.780612
vn 0.407065 0.428127 0.806849
vn 0.413038 0.466577 0.782116
vn 0.416648 0.468545 0.779019
vn 0.409453 0.459916 0.787925
vn 0.405099 0.461015 0.789531
vn 0.399040 0.498897 0.769330
vn 0.413883 0.547548 0.727250
vn 0.392663 0.545102 0.740729
vn 0.387468 0.553360 0.737334
vn 0.379576 0.554118 0.740861
vn 0.382516 0.559828 0.735033
vn 0.371041 0.563592 0.738033
vn 0.372981 0.567030 0.734413
vn 0.362512 0.572280 0.735582
vn 0.363701 0.574034 0.733625
vn 0.354406 0.579782 0.733655
vn 0.355361 0.580813 0.732376
vn 0.346731 0.586725 0.731800
vn 0.347432 0.587208 0.731080
vn 0.335808 0.595501 0.729803
vn 0.336079 0.599727 0.726208
vn 0.332186 0.599271 0.728372
vn 0.353493 0.564905 0.745604
vn 0.356612 0.566252 0.743092
vn 0.321185 0.607064 0.726851
vn 0.321749 0.609631 0.724449
vn 0.349102 0.570628 0.743312
vn 0.353110 0.572658 0.739849
vn 0.312771 0.611183 0.727069
vn 0.310574 0.619483 0.720961
vn 0.342175 0.580679 0.738734
vn 0.347519 0.584129 0.733501
vn 0.301925 0.621125 0.723218
vn 0.299537 0.629553 0.716896
vn 0.336852 0.590575 0.733316
vn 0.342636 0.595136 0.726921
vn 0.292118 0.630947 0.718730
vn 0.289940 0.638888 0.712570
vn 0.332513 0.600199 0.727459
vn 0.338343 0.605673 0.720198
vn 0.283011 0.640112 0.714256
vn 0.281171 0.647828 0.707999
vn 0.329031 0.609507 0.721276
vn 0.334952 0.616021 0.712969
vn 0.274903 0.648826 0.709545
vn 0.273549 0.656635 0.702852
vn 0.326637 0.618810 0.714411
vn 0.332657 0.626490 0.704875
vn 0.267960 0.657410 0.704279
vn 0.267325 0.665607 0.696782
vn 0.325480 0.628415 0.706511
vn 0.331472 0.637234 0.695744
vn 0.262251 0.666199 0.698142
vn 0.262668 0.674796 0.689678
vn 0.325554 0.638463 0.697409
vn 0.331215 0.648067 0.685789
vn 0.257525 0.675282 0.691140
vn 0.259282 0.684031 0.681817
vn 0.326818 0.648733 0.687266
vn 0.332389 0.659666 0.674062
vn 0.253990 0.684409 0.683428
vn 0.257579 0.693963 0.672360
vn 0.329658 0.660013 0.675062
vn 0.335008 0.672454 0.659981
vn 0.250310 0.694516 0.674531
vn 0.256807 0.701472 0.664822
vn 0.251410 0.707417 0.660571
vn 0.258592 0.711748 0.653105
vn 0.253825 0.717883 0.648241
vn 0.262320 0.722485 0.639691
vn 0.258043 0.728305 0.634811
vn 0.268850 0.733719 0.624000
vn 0.265087 0.739231 0.619085
vn 0.278474 0.745580 0.605444
vn 0.275707 0.750022 0.601209
vn 0.291818 0.757422 0.584084
vn 0.290679 0.759468 0.581991
vn 0.308581 0.769596 0.559016
vn 0.309781 0.767850 0.560751
vn 0.328980 0.781160 0.530624
vn 0.335256 0.773584 0.537746
vn 0.354588 0.790046 0.500094
vn 0.367392 0.777018 0.511142
vn 0.386302 0.797004 0.464280
vn 0.408150 0.778018 0.477599
vn 0.423150 0.798219 0.428708
vn 0.458955 0.771052 0.441406
vn 0.470575 0.791773 0.389429
vn 0.485964 0.761507 0.428890
vn 0.497084 0.784887 0.369946
vn 0.516068 0.752302 0.409531
vn 0.525361 0.776006 0.349012
vn 0.548029 0.741363 0.387355
vn 0.555234 0.764658 0.327129
vn 0.582638 0.726543 0.364237
vn 0.587657 0.748265 0.307829
vn 0.620818 0.705020 0.342828
vn 0.627774 0.725904 0.281005
vn 0.660268 0.676391 0.326407
vn 0.669939 0.698272 0.252187
vn 0.700269 0.642513 0.311128
vn 0.713103 0.665689 0.219869
vn 0.728397 0.633418 0.261188
vn 0.768489 0.597397 0.229219
vn 0.771220 0.588917 0.241654
vn 0.812459 0.545859 0.204814
vn 0.814061 0.536800 0.221700
vn 0.855127 0.484577 0.184238
vn 0.855365 0.477666 0.200465
vn 0.890235 0.422314 0.170680
vn 0.899184 0.412875 0.144924
vn 0.914589 0.365812 0.172360
vn 0.974893 0.198526 0.100854
vn 0.984006 0.162353 0.073302
vn 0.985173 0.141758 0.096639
vn 0.991710 0.113116 0.060957
vn 0.992691 0.085099 0.085570
vn 0.996569 0.065308 0.050854
vn 0.997034 0.028400 0.071524
vn 0.998531 0.019100 0.050706
vn 0.997789 -0.028388 0.060096
vn 0.997576 -0.026828 0.064211
vn 0.995744 -0.073000 0.056252
vn 0.993029 -0.085092 0.081562
vn 0.990672 -0.120693 0.063257
vn 0.985253 -0.141736 0.095852
vn 0.982765 -0.169643 0.073443
vn 0.974677 -0.198448 0.103070
vn 0.972751 -0.215564 0.085372
vn 0.966154 -0.238504 0.098298
vn 0.961687 -0.258667 0.090829
vn 0.955296 -0.274900 0.108808
vn 0.948990 -0.299751 0.097816
vn 0.940739 -0.318469 0.116564
vn 0.934827 -0.338901 0.106036
vn 0.924607 -0.359898 0.124803
vn 0.913839 -0.392096 0.105641
vn 0.894489 -0.419421 0.154842
vn 0.879837 -0.458114 0.126561
vn 0.854704 -0.488952 0.174377
vn 0.843121 -0.516178 0.150691
vn 0.812703 -0.549266 0.194475
vn 0.805187 -0.565658 0.178057
vn 0.770390 -0.599935 0.215815
vn 0.766680 -0.607714 0.207089
vn 0.728610 -0.642357 0.237706
vn 0.727723 -0.644191 0.235450
vn 0.684175 -0.679412 0.265149
vn 0.686265 -0.674962 0.271046
vn 0.641904 -0.709219 0.291493
vn 0.645570 -0.701014 0.303016
vn 0.596502 -0.734926 0.322596
vn 0.601712 -0.722025 0.341500
vn 0.555035 -0.754007 0.351296
vn 0.561912 -0.734375 0.380721
vn 0.519440 -0.764007 0.382722
vn 0.525837 -0.741885 0.416057
vn 0.488298 -0.768999 0.412560
vn 0.493594 -0.745721 0.447509
vn 0.461187 -0.770208 0.440551
vn 0.465305 -0.745386 0.477380
vn 0.438183 -0.766991 0.468744
vn 0.440787 -0.742159 0.504884
vn 0.418658 -0.760797 0.495896
vn 0.419741 -0.737715 0.528767
vn 0.401973 -0.753528 0.520205
vn 0.401814 -0.732318 0.549778
vn 0.388927 -0.745243 0.541617
vn 0.387831 -0.725571 0.568448
vn 0.377685 -0.736250 0.561507
vn 0.375859 -0.718295 0.585477
vn 0.367962 -0.726995 0.579726
vn 0.365663 -0.711205 0.600398
vn 0.359707 -0.718064 0.595815
vn 0.356359 -0.700359 0.618470
vn 0.348947 -0.706173 0.616081
vn 0.344024 -0.687592 0.639425
vn 0.341023 -0.690122 0.638306
vn 0.335608 -0.674325 0.657764
vn 0.335632 -0.674303 0.657774
vn 0.330101 -0.661250 0.673633
vn 0.332179 -0.659239 0.674582
vn 0.327516 -0.650100 0.685641
vn 0.330319 -0.646804 0.687411
vn 0.326604 -0.640485 0.695061
vn 0.330224 -0.635943 0.697516
vn 0.326886 -0.630999 0.703552
vn 0.331079 -0.625353 0.706626
vn 0.328197 -0.621638 0.711233
vn 0.332795 -0.614934 0.714916
vn 0.330672 -0.612563 0.717929
vn 0.335600 -0.604702 0.722293
vn 0.334303 -0.603460 0.723931
vn 0.339331 -0.594457 0.729024
vn 0.338862 -0.594077 0.729551
vn 0.343774 -0.583941 0.735413
vn 0.941266 -0.250039 0.226933
vn 0.957909 -0.273302 0.087842
vn 0.935124 -0.309315 0.172824
vn 0.938006 -0.319831 0.133616
vn 0.916641 -0.366620 0.159245
vn 0.916244 -0.363496 0.168425
vn 0.892806 -0.423530 0.153362
vn 0.892834 -0.420106 0.162353
vn 0.858563 -0.471829 0.200616
vn 0.854193 -0.489146 0.176327
vn 0.825921 -0.520339 0.217027
vn 0.803816 -0.561542 0.196344
vn 0.803194 -0.552042 0.223894
vn 0.763269 -0.602285 0.233824
vn 0.763393 -0.601776 0.234728
vn 0.725481 -0.637015 0.260557
vn 0.709889 -0.664175 0.234370
vn 0.706781 -0.646529 0.287160
vn 0.667939 -0.692342 0.272985
vn 0.669701 -0.681921 0.294082
vn 0.626941 -0.715731 0.307692
vn 0.611483 -0.738977 0.282847
vn 0.523235 -0.769493 0.366205
vn 0.578011 -0.737214 0.349885
vn 0.584406 -0.714315 0.384998
vn 0.525736 -0.757153 0.387713
vn 0.477029 -0.787083 0.391079
vn 0.478401 -0.768188 0.425463
vn 0.437895 -0.795025 0.419743
vn 0.436558 -0.774543 0.457712
vn 0.403923 -0.798326 0.446679
vn 0.399658 -0.777579 0.485432
vn 0.375181 -0.797474 0.472519
vn 0.367877 -0.776647 0.511357
vn 0.351190 -0.791965 0.499456
vn 0.341664 -0.773022 0.534511
vn 0.330613 -0.784572 0.524540
vn 0.319973 -0.768527 0.554061
vn 0.313492 -0.776290 0.546898
vn 0.302499 -0.763157 0.571039
vn 0.300444 -0.766485 0.567657
vn 0.288501 -0.756763 0.586581
vn 0.288773 -0.756084 0.587322
vn 0.277969 -0.749782 0.600467
vn 0.278555 -0.746422 0.604368
vn 0.270273 -0.742926 0.612383
vn 0.269894 -0.737464 0.619115
vn 0.259235 -0.734241 0.627445
vn 0.263061 -0.728946 0.632010
vn 0.255402 -0.721287 0.643828
vn 0.254891 -0.721726 0.643539
vn 0.257020 -0.711590 0.653896
vn 0.250525 -0.709501 0.658669
vn 0.260967 -0.696733 0.668176
vn 0.252733 -0.696404 0.671675
vn 0.256700 -0.687138 0.679667
vn 0.254643 -0.686295 0.681290
vn 0.259311 -0.679351 0.686469
vn 0.255751 -0.675585 0.691503
vn 0.263052 -0.674840 0.689488
vn 0.261820 -0.667182 0.697366
vn 0.265782 -0.667076 0.695966
vn 0.267977 -0.658890 0.702888
vn 0.270268 -0.659215 0.701705
vn 0.274485 -0.650775 0.707920
vn 0.272585 -0.649679 0.709658
vn 0.283485 -0.646254 0.708514
vn 0.281458 -0.641132 0.713955
vn 0.289977 -0.638901 0.712544
vn 0.290686 -0.632260 0.718157
vn 0.297675 -0.631408 0.716040
vn 0.646596 -0.094428 0.756965
vn 0.646274 -0.114547 0.754459
vn 0.610218 -0.095381 0.786471
vn 0.612506 -0.109288 0.782874
vn 0.578436 -0.094673 0.810215
vn 0.581031 -0.105884 0.806965
vn 0.545281 -0.094158 0.832948
vn 0.616558 -0.166644 0.769471
vn 0.615739 -0.182034 0.766635
vn 0.584652 -0.165518 0.794221
vn 0.585948 -0.175776 0.791055
vn 0.556997 -0.163356 0.814291
vn 0.683163 -0.118825 0.720534
vn 0.684546 -0.096114 0.722605
vn 0.717563 -0.122802 0.685582
vn 0.648551 -0.187995 0.737590
vn 0.650363 -0.170203 0.740310
vn 0.679462 -0.193730 0.707673
vn 0.682180 -0.174046 0.710168
vn 0.708763 -0.199486 0.676653
vn 0.488318 -0.400262 0.775458
vn 0.488373 -0.400069 0.775523
vn 0.475072 -0.393010 0.787305
vn 0.475242 -0.391576 0.787917
vn 0.454559 -0.448814 0.769378
vn 0.455563 -0.445596 0.770654
vn 0.446125 -0.440587 0.779009
vn 0.503187 -0.410190 0.760623
vn 0.503661 -0.408829 0.761042
vn 0.517680 -0.420171 0.745294
vn 0.518762 -0.417486 0.746051
vn 0.532017 -0.430180 0.729317
vn 0.533754 -0.426319 0.730314
vn 0.546263 -0.440289 0.712560
vn 0.548633 -0.435414 0.713734
vn 0.560455 -0.450653 0.694839
vn 0.563467 -0.444842 0.696147
vn 0.574617 -0.461354 0.675994
vn 0.578305 -0.454605 0.677420
vn 0.588799 -0.472454 0.655823
vn 0.593240 -0.464685 0.657369
vn 0.604048 -0.485903 0.631684
vn 0.611034 -0.475655 0.632764
vn 0.621824 -0.501134 0.601830
vn 0.630229 -0.489231 0.602880
vn 0.639748 -0.517007 0.568707
vn 0.649969 -0.502989 0.569686
vn 0.657932 -0.533016 0.531996
vn 0.670547 -0.516257 0.532771
vn 0.675725 -0.543121 0.498414
vn 0.683076 -0.528877 0.503683
vn 0.686398 -0.551620 0.473892
vn 0.694840 -0.535783 0.479723
vn 0.697319 -0.560121 0.447226
vn 0.707019 -0.542519 0.453648
vn 0.708442 -0.568085 0.418795
vn 0.719631 -0.548474 0.425803
vn 0.719820 -0.575520 0.388118
vn 0.733991 -0.552829 0.394509
vn 0.732643 -0.581491 0.353698
vn 0.749035 -0.556139 0.360078
vn 0.745912 -0.585863 0.316828
vn 0.764801 -0.557598 0.322744
vn 0.759866 -0.587329 0.278656
vn 0.781322 -0.556120 0.283314
vn 0.774773 -0.584853 0.240151
vn 0.798608 -0.550849 0.242467
vn 0.790557 -0.578618 0.200554
vn 0.816522 -0.541831 0.199276
vn 0.807390 -0.567843 0.160239
vn 0.834915 -0.528418 0.153920
vn 0.826260 -0.549798 0.122539
vn 0.854138 -0.508328 0.109781
vn 0.846278 -0.525908 0.085060
vn 0.871080 -0.485726 0.072732
vn 0.864280 -0.500151 0.053557
vn 0.887636 -0.459229 0.034814
vn 0.882989 -0.468831 0.022994
vn 0.902880 -0.429875 0.003835
vn 0.900501 -0.434851 -0.001759
vn 0.917553 -0.396741 -0.026342
vn 0.918160 -0.395420 -0.025016
vn 0.931710 -0.359099 -0.054447
vn 0.935795 -0.349517 -0.046093
vn 0.945393 -0.316181 -0.079136
vn 0.952337 -0.297882 -0.065731
vn 0.957915 -0.268786 -0.100759
vn 0.963070 -0.253210 -0.091549
vn 0.967008 -0.232563 -0.103974
vn 0.969620 -0.223546 -0.099323
vn 0.972262 -0.205198 -0.112255
vn 0.975499 -0.192449 -0.106611
vn 0.977019 -0.176643 -0.119293
vn 0.980612 -0.160000 -0.113141
vn 0.981219 -0.146934 -0.124976
vn 0.984900 -0.125974 -0.118756
vn 0.984847 -0.115828 -0.129079
vn 0.988329 -0.089591 -0.123202
vn 0.987910 -0.082501 -0.131255
vn 0.990429 -0.054135 -0.126963
vn 0.989960 -0.049953 -0.132227
vn 0.991335 -0.019792 -0.129856
vn 0.991093 -0.018310 -0.131908
vn 0.991186 0.014129 -0.131719
vn 0.991405 0.013108 -0.130169
vn 0.990002 0.048301 -0.132524
vn 0.990879 0.044982 -0.127029
vn 0.987681 0.083417 -0.132394
vn 0.989384 0.077989 -0.122627
vn 0.984115 0.119368 -0.131408
vn 0.986770 0.112054 -0.117169
vn 0.979803 0.152943 -0.128821
vn 0.983402 0.144078 -0.110284
vn 0.974799 0.184855 -0.124878
vn 0.979293 0.174732 -0.102242
vn 0.969157 0.215388 -0.119764
vn 0.974470 0.204241 -0.093244
vn 0.967836 0.228423 -0.105433
vn 0.964472 0.220023 -0.146235
vn 0.960592 0.231964 -0.153153
vn 0.958030 0.225703 -0.176739
vn 0.947181 0.253319 -0.196668
vn 0.958494 0.247491 -0.141556
vn 0.941231 0.288001 -0.176465
vn 0.952047 0.282648 -0.117119
vn 0.935466 0.318629 -0.152903
vn 0.945268 0.312993 -0.092219
vn 0.930355 0.344052 -0.126759
vn 0.938803 0.338305 -0.064800
vn 0.925070 0.366603 -0.099234
vn 0.931963 0.360686 -0.036760
vn 0.919493 0.386691 -0.070733
vn 0.924743 0.380495 -0.008573
vn 0.914006 0.403670 -0.040550
vn 0.918580 0.394910 0.016060
vn 0.909572 0.415340 -0.013123
vn 0.912751 0.406326 0.042248
vn 0.905155 0.424810 0.015190
vn 0.906941 0.415600 0.068812
vn 0.900433 0.432850 0.043140
vn 0.900915 0.423517 0.094793
vn 0.896565 0.436446 0.075403
vn 0.887879 0.437599 0.142046
vn 0.886254 0.443770 0.132745
vn 0.875290 0.444134 0.191344
vn 0.875105 0.445138 0.189850
vn 0.862649 0.445080 0.240293
vn 0.862871 0.443007 0.243307
vn 0.849567 0.442854 0.286559
vn 0.849736 0.438047 0.293365
vn 0.836058 0.438008 0.330388
vn 0.835826 0.430821 0.340277
vn 0.822106 0.431024 0.371969
vn 0.821145 0.421141 0.385176
vn 0.806063 0.423114 0.413809
vn 0.804066 0.410889 0.429707
vn 0.789358 0.413122 0.454141
vn 0.786421 0.400252 0.470467
vn 0.772121 0.402781 0.491525
vn 0.768301 0.389704 0.507784
vn 0.754435 0.392553 0.526051
vn 0.749309 0.378217 0.543588
vn 0.734780 0.382460 0.560199
vn 0.728151 0.367072 0.578838
vn 0.714156 0.371652 0.593174
vn 0.706869 0.357353 0.610439
vn 0.694360 0.361371 0.622314
vn 0.686468 0.347998 0.638482
vn 0.674510 0.352361 0.648751
vn 0.665451 0.339040 0.665001
vn 0.654116 0.343729 0.673782
vn 0.643691 0.330440 0.690269
vn 0.633164 0.335387 0.697581
vn 0.621128 0.322154 0.714434
vn 0.611645 0.327237 0.720282
vn 0.597728 0.314173 0.737575
vn 0.589541 0.319208 0.741989
vn 0.573370 0.306458 0.759823
vn 0.566736 0.311180 0.762874
vn 0.547735 0.298919 0.781431
vn 0.542995 0.302885 0.783210
vn 0.527033 0.294803 0.797074
vn 0.524803 0.296164 0.798041
vn 0.512858 0.291008 0.807645
vn 0.511519 0.291934 0.808160
vn 0.498463 0.287269 0.817931
vn 0.498051 0.287593 0.818068
vn 0.483753 0.283545 0.828001
vn 0.484268 0.283082 0.827858
vn 0.468623 0.279814 0.837912
vn 0.470011 0.278376 0.837613
vn 0.452905 0.276078 0.847737
vn 0.455068 0.273461 0.847427
vn 0.437221 0.272405 0.857107
vn 0.439988 0.268435 0.856944
vn 0.425516 0.268687 0.864143
vn 0.424933 0.211450 0.880182
vn 0.406894 0.213155 0.888258
vn 0.411205 0.206557 0.887832
vn 0.389226 0.210340 0.896806
vn 0.393716 0.201967 0.896770
vn 0.371678 0.207505 0.904874
vn 0.376005 0.197451 0.905336
vn 0.354003 0.204742 0.912558
vn 0.357843 0.193175 0.913582
vn 0.336325 0.202049 0.919816
vn 0.339414 0.189199 0.921413
vn 0.319981 0.198811 0.926330
vn 0.322179 0.185028 0.928421
vn 0.304396 0.195313 0.932307
vn 0.305646 0.180896 0.934803
vn 0.465670 -0.456233 0.758290
vn 0.464990 -0.458019 0.757630
vn 0.475723 -0.466703 0.745571
vn 0.475493 -0.467227 0.745390
vn 0.485863 -0.477159 0.732295
vn 0.486175 -0.476525 0.732501
vn 0.496194 -0.487714 0.718280
vn 0.497087 -0.486039 0.718798
vn 0.506780 -0.498533 0.703306
vn 0.508282 -0.495901 0.704082
vn 0.517580 -0.509672 0.687274
vn 0.519756 -0.506074 0.688290
vn 0.528653 -0.521206 0.669978
vn 0.531623 -0.516536 0.671243
vn 0.541004 -0.534944 0.648960
vn 0.546169 -0.528153 0.650195
vn 0.555762 -0.550802 0.622692
vn 0.562539 -0.542271 0.624094
vn 0.571132 -0.567349 0.593231
vn 0.580060 -0.556563 0.594784
vn 0.587344 -0.584044 0.560286
vn 0.599184 -0.570317 0.561887
vn 0.603949 -0.595156 0.530128
vn 0.611238 -0.582892 0.535374
vn 0.614332 -0.604086 0.507619
vn 0.622922 -0.590123 0.513540
vn 0.625260 -0.613075 0.482897
vn 0.635350 -0.597243 0.489520
vn 0.636704 -0.621552 0.456378
vn 0.648585 -0.603587 0.463702
vn 0.648769 -0.629412 0.427713
vn 0.664111 -0.608327 0.434620
vn 0.662818 -0.635857 0.395421
vn 0.680889 -0.611955 0.402369
vn 0.677869 -0.640724 0.360507
vn 0.699019 -0.613768 0.366962
vn 0.694243 -0.642549 0.324280
vn 0.718588 -0.612520 0.329319
vn 0.712291 -0.640171 0.287788
vn 0.739634 -0.607249 0.290157
vn 0.731922 -0.633875 0.249985
vn 0.762010 -0.598093 0.248244
vn 0.753355 -0.622768 0.211225
vn 0.785565 -0.584280 0.203726
vn 0.777685 -0.603766 0.175138
vn 0.810642 -0.563160 0.160343
vn 0.803750 -0.578584 0.138663
vn 0.833162 -0.538941 0.124034
vn 0.827469 -0.551033 0.107972
vn 0.855499 -0.510576 0.086217
vn 0.852182 -0.517432 0.077779
vn 0.876214 -0.478712 0.055525
vn 0.875324 -0.480576 0.053430
vn 0.896347 -0.442630 0.025323
vn 0.898668 -0.437574 0.030395
vn 0.915921 -0.401348 -0.002851
vn 0.921896 -0.387324 0.009369
vn 0.934836 -0.354006 -0.027589
vn 0.943742 -0.330519 -0.010393
vn 0.952231 -0.301392 -0.049179
vn 0.958811 -0.281565 -0.037440
vn 0.964063 -0.260630 -0.051528
vn 0.967521 -0.248686 -0.045368
vn 0.971329 -0.230085 -0.059836
vn 0.975359 -0.214209 -0.052809
vn 0.977882 -0.198173 -0.066889
vn 0.982198 -0.178176 -0.059498
vn 0.983637 -0.164909 -0.072553
vn 0.987950 -0.140339 -0.065264
vn 0.988548 -0.130023 -0.076590
vn 0.992545 -0.099879 -0.069842
vn 0.992588 -0.092666 -0.078630
vn 0.995446 -0.060391 -0.073752
vn 0.995256 -0.056132 -0.079471
vn 0.996802 -0.022087 -0.076798
vn 0.996661 -0.020576 -0.079020
vn 0.996765 0.015776 -0.078809
vn 0.996912 0.014733 -0.077138
vn 0.995355 0.053922 -0.079758
vn 0.995991 0.050513 -0.073832
vn 0.992457 0.093091 -0.079772
vn 0.993753 0.087502 -0.069267
vn 0.987945 0.133160 -0.078955
vn 0.990038 0.125592 -0.063648
vn 0.982368 0.170603 -0.076476
vn 0.985267 0.161393 -0.056577
vn 0.975821 0.206160 -0.072599
vn 0.979493 0.195595 -0.048329
vn 0.968388 0.240135 -0.067525
vn 0.972770 0.228447 -0.039122
vn 0.965220 0.256012 -0.052995
vn 0.964126 0.248800 -0.092521
vn 0.958823 0.265073 -0.101957
vn 0.957765 0.260238 -0.122321
vn 0.944559 0.293806 -0.146579
vn 0.953983 0.287171 -0.086308
vn 0.934142 0.333753 -0.126444
vn 0.942868 0.327422 -0.061602
vn 0.923789 0.368845 -0.102794
vn 0.931431 0.362070 -0.036632
vn 0.914219 0.397933 -0.076509
vn 0.920389 0.390899 -0.009072
vn 0.904532 0.423599 -0.048854
vn 0.909047 0.416261 0.018961
vn 0.894638 0.446331 -0.020316
vn 0.897448 0.438617 0.046924
vn 0.885108 0.465276 0.010144
vn 0.887650 0.455008 0.071026
vn 0.877368 0.478334 0.037704
vn 0.878500 0.467794 0.096986
vn 0.869863 0.488831 0.066198
vn 0.869602 0.478115 0.123278
vn 0.862218 0.497716 0.094119
vn 0.860680 0.486924 0.148777
vn 0.855452 0.502444 0.125509
vn 0.842636 0.501721 0.195554
vn 0.840376 0.510319 0.182602
vn 0.825744 0.509010 0.243014
vn 0.825298 0.511440 0.239401
vn 0.809784 0.509977 0.290128
vn 0.809912 0.508778 0.291870
vn 0.794202 0.507490 0.334212
vn 0.794357 0.503055 0.340489
vn 0.778929 0.502117 0.375696
vn 0.778694 0.494843 0.385703
vn 0.763866 0.494334 0.414900
vn 0.762879 0.484163 0.428487
vn 0.747235 0.485384 0.453919
vn 0.745171 0.472736 0.470362
vn 0.730537 0.474293 0.491286
vn 0.727491 0.460939 0.508224
vn 0.713814 0.462814 0.525616
vn 0.709868 0.449297 0.542420
vn 0.697111 0.451472 0.556965
vn 0.691871 0.436800 0.574909
vn 0.678990 0.440104 0.587606
vn 0.672284 0.424528 0.606473
vn 0.660325 0.428067 0.617032
vn 0.653008 0.413708 0.634371
vn 0.642711 0.416765 0.642829
vn 0.634852 0.403442 0.658936
vn 0.625341 0.406707 0.665986
vn 0.616419 0.393584 0.681997
vn 0.607720 0.397016 0.687789
vn 0.597623 0.384142 0.703762
vn 0.589871 0.387656 0.708361
vn 0.578417 0.375060 0.724406
vn 0.571791 0.378518 0.727859
vn 0.558756 0.366278 0.744064
vn 0.553430 0.369491 0.746452
vn 0.538501 0.357718 0.762925
vn 0.534636 0.360432 0.764364
vn 0.517412 0.349315 0.781194
vn 0.515236 0.351119 0.781823
vn 0.500854 0.343839 0.794305
vn 0.500304 0.344178 0.794505
vn 0.489517 0.339520 0.803181
vn 0.489715 0.339382 0.803118
vn 0.478090 0.335228 0.811821
vn 0.479042 0.334472 0.811571
vn 0.466473 0.330913 0.820304
vn 0.468148 0.329393 0.819962
vn 0.454555 0.326554 0.828699
vn 0.456881 0.324123 0.828375
vn 0.442213 0.322153 0.837057
vn 0.445076 0.318662 0.836876
vn 0.430070 0.317774 0.845020
vn 0.433305 0.313101 0.845112
vn 0.422006 0.313300 0.850738
vn 0.422395 0.263632 0.867226
vn 0.408316 0.264965 0.873540
vn 0.411506 0.258209 0.874066
vn 0.394678 0.261106 0.880939
vn 0.397667 0.253020 0.881953
vn 0.381193 0.257160 0.888009
vn 0.383736 0.247892 0.889548
vn 0.367655 0.253221 0.894823
vn 0.369534 0.242950 0.896895
vn 0.354161 0.249291 0.901346
vn 0.355213 0.238240 0.903917
vn 0.341785 0.244882 0.907312
vn 0.341973 0.233333 0.910280
vn 0.330034 0.240238 0.912887
vn 0.329370 0.228430 0.916152
vn 0.501083 -0.159941 0.850491
vn 0.529749 -0.166447 0.831661
vn 0.967989 -0.136287 0.210770
vn 0.965385 -0.167021 0.200338
vn 0.960578 -0.134072 0.243547
vn 0.933292 -0.268810 0.238132
vn 0.929950 -0.236004 0.281949
vn 0.971395 -0.169781 0.166027
vn 0.974418 -0.138296 0.177153
vn 0.976320 -0.172315 0.130796
vn 0.945958 -0.242238 0.215600
vn 0.940247 -0.272929 0.203583
vn 0.938369 -0.239324 0.249376
vn 0.946202 -0.277156 0.166991
vn 0.987725 -0.142023 0.065027
vn 0.983915 -0.178207 0.012397
vn 0.964336 -0.245978 0.097728
vn 0.958222 -0.282739 0.043235
vn 0.989512 -0.142396 0.024275
vn 0.983514 -0.178464 -0.029180
vn 0.967960 -0.244869 0.055606
vn 0.959626 -0.281279 0.000898
vn 0.980646 -0.132543 -0.144106
vn 0.967066 -0.165868 -0.193058
vn 0.968551 -0.218977 -0.118147
vn 0.954648 -0.249956 -0.161770
vn 0.974472 -0.126099 -0.185753
vn 0.960338 -0.157556 -0.230057
vn 0.965669 -0.208288 -0.155241
vn 0.951950 -0.237190 -0.193734
vn 0.944533 -0.094652 -0.314480
vn 0.940083 -0.129723 -0.315302
vn 0.952456 -0.104023 -0.286369
vn 0.944425 -0.186281 -0.270853
vn 0.953750 -0.166083 -0.250554
vn 0.933676 -0.118130 -0.338075
vn 0.936258 -0.084418 -0.341019
vn 0.927680 -0.104414 -0.358478
vn 0.928095 -0.073083 -0.365102
vn 0.921951 -0.089167 -0.376903
vn 0.920066 -0.061284 -0.386941
vn 0.915696 -0.074728 -0.394862
vn 0.942448 -0.164362 -0.291165
vn 0.949047 -0.148952 -0.277710
vn 0.944390 -0.129847 -0.302107
vn 0.940528 -0.139976 -0.309538
vn 0.939691 -0.109474 -0.324031
vn 0.936936 -0.117920 -0.329008
vn 0.938585 -0.095573 -0.331547
vn 0.936106 -0.104112 -0.335955
vn 0.910542 -0.040693 -0.411408
vn 0.909122 -0.047264 -0.413839
vn 0.933599 -0.059872 -0.353283
vn 0.933830 -0.058553 -0.352892
vn 0.907413 -0.037196 -0.418592
vn 0.932548 -0.047140 -0.357957
vn 0.933311 -0.041417 -0.356673
vn 0.908020 -0.033742 -0.417566
vn 0.904151 -0.005693 -0.427175
vn 0.903685 -0.004079 -0.428179
vn 0.903708 0.004021 -0.428130
vn 0.904093 0.002899 -0.427326
vn 0.903647 0.013825 -0.428055
vn 0.905109 0.010145 -0.425058
vn 0.903933 0.024043 -0.426997
vn 0.932165 0.005254 -0.361997
vn 0.931778 0.006446 -0.362971
vn 0.931739 -0.007361 -0.363055
vn 0.931479 0.022097 -0.363122
vn 0.932957 0.018188 -0.359529
vn 0.931261 0.038291 -0.362334
vn 0.934039 0.031862 -0.355747
vn 0.931079 0.054978 -0.360650
vn 0.907179 0.053296 -0.417356
vn 0.914057 0.042016 -0.403403
vn 0.909083 0.061938 -0.411985
vn 0.917225 0.049562 -0.395275
vn 0.916240 0.053136 -0.397092
vn 0.932136 0.098864 -0.348352
vn 0.938634 0.072833 -0.337136
vn 0.940515 0.085574 -0.328800
vn 0.960228 0.266047 0.084748
vn 0.960560 0.253818 0.113580
vn 0.946688 0.309439 0.089611
vn 0.947302 0.295682 0.123254
vn 0.937116 0.332983 0.104576
vn 0.941671 0.329190 0.069932
vn 0.932148 0.358169 0.053062
vn 0.933228 0.356672 0.043245
vn 0.913075 0.407745 0.006163
vn 0.914202 0.397039 0.081213
vn 0.886824 0.461386 0.025802
vn 0.886600 0.450159 0.106287
vn 0.860200 0.507575 0.049221
vn 0.858820 0.495286 0.130841
vn 0.834803 0.545395 0.075156
vn 0.831703 0.532296 0.157895
vn 0.809559 0.578061 0.102275
vn 0.804678 0.564226 0.184776
vn 0.784534 0.606349 0.129798
vn 0.777964 0.591890 0.210803
vn 0.760895 0.628890 0.159802
vn 0.755744 0.612390 0.232012
vn 0.741697 0.644306 0.186428
vn 0.735288 0.627604 0.255861
vn 0.723585 0.656201 0.214065
vn 0.716011 0.639530 0.279873
vn 0.706037 0.666127 0.240388
vn 0.697481 0.649691 0.302362
vn 0.689530 0.673181 0.267162
vn 0.663190 0.664302 0.344793
vn 0.658880 0.680776 0.320032
vn 0.632877 0.672608 0.383491
vn 0.631534 0.679957 0.372590
vn 0.607196 0.673070 0.422244
vn 0.606953 0.675357 0.418928
vn 0.584932 0.669947 0.457192
vn 0.585012 0.667652 0.460436
vn 0.565661 0.663670 0.489458
vn 0.565455 0.657233 0.498303
vn 0.548921 0.654500 0.519920
vn 0.547987 0.644798 0.532866
vn 0.532681 0.643860 0.549267
vn 0.530659 0.631439 0.565408
vn 0.518381 0.631195 0.576952
vn 0.515362 0.617934 0.593767
vn 0.505683 0.618144 0.601816
vn 0.501809 0.604851 0.618339
vn 0.494452 0.605326 0.623776
vn 0.489446 0.591274 0.640967
vn 0.483686 0.592133 0.644536
vn 0.477469 0.577681 0.662048
vn 0.473617 0.578443 0.664146
vn 0.466998 0.565453 0.679835
vn 0.464956 0.565891 0.680869
vn 0.458046 0.554169 0.695047
vn 0.457314 0.554364 0.695373
vn 0.449745 0.543225 0.708968
vn 0.450169 0.543088 0.708804
vn 0.442084 0.532774 0.721605
vn 0.443651 0.532165 0.721093
vn 0.435055 0.522708 0.733147
vn 0.437753 0.521459 0.732430
vn 0.428556 0.512821 0.743878
vn 0.432338 0.510743 0.743118
vn 0.422393 0.502899 0.754107
vn 0.427154 0.499793 0.753490
vn 0.416552 0.492948 0.763863
vn 0.422201 0.488529 0.763600
vn 0.413631 0.484191 0.771018
vn 0.417979 0.481551 0.770326
vn 0.411479 0.478744 0.775557
vn 0.416114 0.475542 0.775054
vn 0.409556 0.473199 0.779966
vn 0.414412 0.469376 0.779711
vn 0.407752 0.467491 0.784341
vn 0.412741 0.462996 0.784397
vn 0.405941 0.461576 0.788771
vn 0.410944 0.456386 0.789200
vn 0.404146 0.455474 0.793227
vn 0.409023 0.449588 0.794085
vn 0.402952 0.449230 0.797385
vn 0.407565 0.442663 0.798712
vn 0.405990 0.442692 0.799498
vn 0.408979 0.394022 0.823094
vn 0.404912 0.394407 0.824918
vn 0.408483 0.386969 0.826678
vn 0.401558 0.388162 0.829507
vn 0.404632 0.380108 0.831740
vn 0.398449 0.381662 0.834010
vn 0.400915 0.373185 0.836660
vn 0.395486 0.374984 0.838438
vn 0.397269 0.366239 0.841455
vn 0.392716 0.368117 0.842772
vn 0.393778 0.359297 0.846076
vn 0.390519 0.360909 0.846900
vn 0.390915 0.352159 0.850394
vn 0.938255 0.093812 -0.332981
vn 0.915380 0.073480 -0.395829
vn 0.897454 0.413652 0.153195
vn 0.872832 0.475965 0.107801
vn 0.866520 0.460822 0.191799
vn 0.834293 0.536595 0.126578
vn 0.826232 0.520079 0.216470
vn 0.795098 0.587857 0.149144
vn 0.786006 0.569748 0.239963
vn 0.757526 0.629212 0.173918
vn 0.746687 0.609837 0.265627
vn 0.720419 0.664187 0.199632
vn 0.707900 0.643784 0.290550
vn 0.684007 0.693807 0.225314
vn 0.670001 0.672679 0.314010
vn 0.649849 0.716462 0.253728
vn 0.638700 0.694107 0.332082
vn 0.622190 0.731669 0.278461
vn 0.610048 0.709308 0.353162
vn 0.596344 0.742860 0.304193
vn 0.583359 0.720837 0.374281
vn 0.571691 0.752021 0.328075
vn 0.558078 0.730611 0.393392
vn 0.548271 0.759484 0.350117
vn 0.512698 0.742898 0.430399
vn 0.506925 0.764997 0.397248
vn 0.473616 0.750643 0.460677
vn 0.471581 0.761773 0.444199
vn 0.442055 0.750260 0.491628
vn 0.441492 0.755550 0.483972
vn 0.416248 0.746852 0.518604
vn 0.416249 0.746811 0.518662
vn 0.395446 0.740611 0.543248
vn 0.395288 0.735659 0.550048
vn 0.378882 0.731520 0.566858
vn 0.378090 0.723222 0.577925
vn 0.364472 0.721163 0.589139
vn 0.362675 0.710101 0.603509
vn 0.353409 0.709134 0.610108
vn 0.350688 0.697168 0.625280
vn 0.345058 0.696842 0.628766
vn 0.341582 0.684902 0.643609
vn 0.339122 0.684876 0.644936
vn 0.334709 0.672476 0.660110
vn 0.358277 0.558960 0.747798
vn 0.360974 0.559923 0.745777
vn 0.365630 0.553362 0.748402
vn 0.363346 0.552716 0.749990
vn 0.370448 0.546520 0.751055
vn 0.368560 0.546126 0.752270
vn 0.375284 0.539371 0.753818
vn 0.374041 0.539204 0.754555
vn 0.380230 0.531977 0.756588
vn 0.380342 0.531983 0.756527
vn 0.385875 0.524391 0.759022
vn 0.390867 0.524297 0.756529
vn 0.395686 0.476903 0.784854
vn 0.398328 0.476652 0.783669
vn 0.402208 0.468897 0.786361
vn 0.401902 0.468950 0.786486
vn 0.393757 0.516297 0.760522
vn 0.387771 0.516865 0.763207
vn 0.397808 0.508431 0.763706
vn 0.404505 0.507268 0.760957
vn 0.000000 -0.000000 1.000000
vn 0.000000 0.000000 1.000000
vn -0.000000 0.000000 1.000000
vn 0.000000 0.000000 1.000000
vn -0.000000 0.000000 1.000000
vn 0.000000 0.000000 1.000000
vn -0.000000 0.000000 1.000000
vn 0.000000 0.000000 1.000000
vn -0.000000 0.000000 1.000000
vn 0.000000 0.000000 1.000000
vn -0.000000 0.000000 1.000000
vn 0.000000 0.000000 1.000000
vn -0.000000 0.000000 1.000000
vn 0.000000 0.000000 1.000000
vn -0.000000 0.000000 1.000000
vn 0.000000 0.000000 1.000000
vn -0.000000 0.000000 1.000000
vn 0.000000 0.000000 1.000000
vn -0.000000 0.000000 1.000000
vn 0.000000 0.000000 1.000000
vn -0.681365 0.706985 -0.189510
vn -0.509700 0.595886 -0.620585
vn -0.601746 0.679721 -0.419383
vn -0.591634 0.732574 -0.336608
vn -0.572444 0.727453 -0.378313
vn -0.551488 0.755501 -0.353665
vn -0.544440 0.753149 -0.369258
vn -0.924868 -0.380240 0.006099
vn -0.921196 -0.389046 -0.006467
vn -0.907774 -0.419459 0.001080
vn -0.899402 -0.437110 -0.003169
vn -0.893129 -0.449639 -0.012027
vn -0.886643 -0.462455 -0.000000
vn -0.944557 -0.328296 -0.005751
vn -0.945099 -0.326691 -0.007840
vn -0.958297 -0.285735 0.004638
vn -0.964746 -0.262870 -0.012846
vn -0.970080 -0.242753 0.003925
vn -0.979909 -0.199353 -0.006105
vn -0.980189 -0.197903 -0.007987
vn -0.987841 -0.155398 0.004728
vn -0.991158 -0.132033 -0.013156
vn -0.993788 -0.111219 0.004058
vn -0.997743 -0.066851 -0.006362
vn -0.997815 -0.065590 -0.007998
vn -0.999740 -0.022294 0.004740
vn -0.999911 0.001155 -0.013258
vn -0.999796 0.020055 0.002286
vn -0.998186 0.060127 -0.003019
vn -0.997627 0.067891 -0.011456
vn -0.994970 0.100065 0.004749
vn -0.990879 0.134327 -0.010726
vn -0.990155 0.139906 -0.004357
vn -0.983761 0.179462 0.002947
vn -0.979677 0.200156 -0.013039
vn -0.975775 0.218763 0.002274
vn -0.966206 0.257755 -0.003029
vn -0.964157 0.265103 -0.011064
vn -0.955114 0.296202 0.004591
vn -0.944320 0.328866 -0.010366
vn -0.942654 0.333736 -0.004781
vn -0.928976 0.370128 0.003015
vn -0.920241 0.391151 -0.012564
vn -0.911413 0.411449 0.005936
vn -0.892121 0.451717 -0.008500
vn -0.889301 0.457321 -0.000993
vn -0.864868 0.501999 0.000930
vn -0.859972 0.510247 -0.009824
vn -0.838173 0.545364 0.006661
vn -0.823972 0.566489 -0.012690
vn -0.809323 0.587326 0.006665
vn -0.784350 0.620240 -0.009829
vn -0.778392 0.627778 0.000940
vn -0.745424 0.666590 -0.001003
vn -0.741213 0.671216 -0.008491
vn -0.710512 0.703660 0.005932
vn -0.694731 0.719160 -0.012563
vn -0.682925 0.730487 -0.001374
vn -0.648130 0.761524 0.002888
vn -0.645231 0.763982 -0.002929
vn -0.609136 0.793064 0.001382
vn -0.592748 0.805271 -0.013706
vn -0.582289 0.812980 -0.001697
vn -0.551222 0.834357 0.001750
vn -0.537679 0.843038 -0.013712
vn -0.515815 0.856687 0.004767
vn -0.480240 0.877092 -0.008931
vn -0.479548 0.877480 -0.007866
vn -0.442502 0.896756 0.004429
vn -0.420604 0.907138 -0.013858
vn -0.404696 0.914448 0.002310
vn -0.366185 0.930537 -0.002913
vn -0.359131 0.933213 -0.011769
vn -0.327017 0.945003 0.005478
vn -0.296042 0.955096 -0.012287
vn -0.287255 0.957852 -0.001855
vn -0.246933 0.969031 0.001590
vn -0.231630 0.972708 -0.013671
vn -0.206129 0.978513 0.004858
vn -0.166202 0.986049 -0.009144
vn -0.164976 0.986269 -0.007484
vn -0.123596 0.992323 0.004315
vn -0.100012 0.994889 -0.013902
vn -0.082047 0.996625 0.002525
vn -0.040379 0.999179 -0.003277
vn -0.033389 0.999375 -0.011581
vn 0.001351 0.999984 0.005460
vn 0.033389 0.999365 -0.012431
vn 0.043085 0.999070 -0.001569
vn 0.084775 0.996399 0.001381
vn 0.100013 0.994893 -0.013615
vn 0.126365 0.991972 0.004908
vn 0.166202 0.986048 -0.009305
vn 0.167787 0.985797 -0.007179
vn 0.208929 0.977922 0.004224
vn 0.231629 0.972704 -0.013938
vn 0.249652 0.968332 0.002723
vn 0.289889 0.957053 -0.003631
vn 0.296046 0.955106 -0.011388
vn 0.329583 0.944111 0.005437
vn 0.359127 0.933204 -0.012581
vn 0.368698 0.929549 -0.001252
vn 0.407169 0.913352 0.001140
vn 0.420606 0.907142 -0.013539
vn 0.444945 0.895544 0.004968
vn 0.480237 0.877087 -0.009504
vn 0.481983 0.876153 -0.006901
vn 0.518239 0.855226 0.004141
vn 0.537677 0.843035 -0.013960
vn 0.553610 0.832771 0.002891
vn 0.587972 0.808872 -0.003945
vn 0.592766 0.805296 -0.011206
vn 0.621259 0.783587 0.005414
vn 0.645182 0.763923 -0.012724
vn 0.653443 0.756976 -0.000934
vn 0.684463 0.729047 0.000880
vn 0.694723 0.719152 -0.013448
vn 0.714279 0.699843 0.005045
vn 0.741205 0.671208 -0.009734
vn 0.742867 0.669407 -0.006543
vn 0.770197 0.637794 0.004017
vn 0.784311 0.620210 -0.013974
vn 0.796209 0.605015 0.003012
vn 0.820845 0.571135 -0.004189
vn 0.823988 0.566500 -0.011048
vn 0.844033 0.536264 0.005395
vn 0.859942 0.510230 -0.012852
vn 0.865728 0.500514 -0.000640
vn 0.885875 0.463924 0.000616
vn 0.892073 0.451693 -0.013356
vn 0.904454 0.426541 0.005120
vn 0.920268 0.391162 -0.009981
vn 0.921459 0.388427 -0.006138
vn 0.936879 0.349632 0.003870
vn 0.944278 0.328852 -0.013986
vn 0.950668 0.310195 0.003142
vn 0.962802 0.270170 -0.004453
vn 0.964158 0.265104 -0.010919
vn 0.973267 0.229614 0.005385
vn 0.979678 0.200156 -0.012948
vn 0.982043 0.188655 -0.000385
vn 0.989074 0.147417 0.000375
vn 0.990849 0.134323 -0.013263
vn 0.994356 0.105966 0.005194
vn 0.997640 0.067892 -0.010223
vn 0.997910 0.064369 -0.005720
vn 0.999736 0.022671 0.003710
vn 0.999901 0.001155 -0.013993
vn 0.999813 -0.019070 0.003306
vn 0.998138 -0.060802 -0.004784
vn 0.997789 -0.065588 -0.010751
vn 0.994722 -0.102471 0.005334
vn 0.991160 -0.132033 -0.013024
vn 0.989574 -0.144022 -0.000186
vn 0.982674 -0.185342 0.000184
vn 0.980135 -0.197892 -0.013177
vn 0.974044 -0.226299 0.005259
vn 0.964773 -0.262877 -0.010448
vn 0.963736 -0.266803 -0.005325
vn 0.951764 -0.306810 0.003541
vn 0.945035 -0.326669 -0.014001
vn 0.938132 -0.346261 0.003478
vn 0.922859 -0.385103 -0.005170
vn 0.921164 -0.389033 -0.010545
vn 0.905976 -0.423297 0.005273
vn 0.893117 -0.449633 -0.013117
vn 0.887510 -0.460789 0.000000
vn 0.878449 0.387638 0.279399
vn 0.881959 0.433601 -0.184764
vn 0.866210 0.447028 0.223264
vn 0.865269 0.481958 -0.137936
vn 0.846588 0.504333 0.170108
vn 0.843890 0.528392 -0.093011
vn 0.820872 0.559324 0.115442
vn 0.818660 0.572675 -0.042877
vn 0.788346 0.612660 0.056202
vn 0.790298 0.612046 0.028788
vn 0.757301 0.652634 -0.023768
vn 0.746349 0.654351 0.121607
vn 0.717043 0.687883 -0.112546
vn 0.658798 0.652585 0.374323
vn 0.000000 0.000000 1.000000
vn 0.000000 0.000000 1.000000
vn 0.000000 0.000000 1.000000
vn 0.000000 0.000000 1.000000
vn 0.000000 0.000000 1.000000
vn 0.000000 0.000000 1.000000
vn 0.000000 0.000000 1.000000
vn 0.000000 0.000000 1.000000
vn 0.000000 0.000000 1.000000
vn 0.000000 0.000000 1.000000
vn 0.000000 -0.000000 1.000000
vn 0.000000 0.000000 1.000000
vn 0.000000 0.000000 1.000000
vn -0.000000 -0.000000 1.000000
vn 0.000000 0.000000 1.000000
vn 0.000000 0.000000 1.000000
vn -0.935640 -0.021290 -0.352314
vn -0.936183 -0.021142 -0.350876
vn -0.934298 -0.063393 -0.350810
vn -0.935396 -0.063791 -0.347799
vn -0.931585 -0.105645 -0.347835
vn -0.932688 -0.106084 -0.344730
vn -0.926942 -0.147808 -0.344865
vn -0.927716 -0.148135 -0.342635
vn -0.920095 -0.189753 -0.342664
vn -0.920364 -0.189870 -0.341877
vn -0.910825 -0.231276 -0.341920
vn -0.910851 -0.231287 -0.341843
vn -0.899345 -0.272282 -0.342113
vn -0.900340 -0.272699 -0.339152
vn -0.886930 -0.313021 -0.339665
vn -1.000000 0.000000 0.000000
vn -1.000000 -0.000000 -0.000000
vn 0.000000 0.000000 -1.000000
vn 0.000000 0.000000 -1.000000
vn 0.000000 0.000000 -1.000000
vn 0.000000 0.000000 -1.000000
vn 0.000000 0.000000 -1.000000
vn 0.000000 0.000000 -1.000000
vn 0.000000 0.000000 -1.000000
vn -0.000000 1.000000 0.000000
vn 0.000000 1.000000 0.000000
vn -0.000000 1.000000 0.000000
vn 0.000000 -1.000000 0.000000
vn 0.000000 -1.000000 0.000000
vn 0.000000 -1.000000 0.000000
vn -0.995734 0.092268 0.000000
vn -0.995734 0.092268 0.000000
vn -0.995734 -0.092268 0.000000
vn -0.995734 -0.092268 -0.000000
vn -0.961826 -0.273663 0.000000
vn -0.961826 -0.273663 -0.000000
vn -0.895163 -0.445738 0.000000
vn -0.895163 -0.445738 -0.000000
vn -0.798017 -0.602635 0.000000
vn -0.798017 -0.602635 -0.000000
vn -0.673696 -0.739009 0.000000
vn -0.673696 -0.739009 -0.000000
vn -0.526432 -0.850217 0.000000
vn -0.526432 -0.850217 -0.000000
vn -0.361242 -0.932472 0.000000
vn -0.361242 -0.932472 -0.000000
vn -0.183749 -0.982973 0.000000
vn -0.183749 -0.982973 -0.000000
vn 0.000000 -1.000000 0.000000
vn 0.000000 -1.000000 0.000000
vn 0.183749 -0.982973 0.000000
vn 0.183749 -0.982973 0.000000
vn 0.361242 -0.932472 0.000000
vn 0.361242 -0.932472 0.000000
vn 0.526432 -0.850217 0.000000
vn 0.526432 -0.850217 0.000000
vn 0.673696 -0.739009 0.000000
vn 0.673696 -0.739009 0.000000
vn 0.798017 -0.602635 0.000000
vn 0.798017 -0.602635 0.000000
vn 0.895163 -0.445738 0.000000
vn 0.895163 -0.445738 0.000000
vn 0.961826 -0.273663 0.000000
vn 0.961826 -0.273663 0.000000
vn 0.995734 -0.092268 0.000000
vn 0.995734 -0.092268 0.000000
vn 0.995734 0.092268 0.000000
vn 0.995734 0.092268 0.000000
vn 0.961826 0.273663 0.000000
vn 0.961826 0.273663 0.000000
vn 0.895163 0.445738 0.000000
vn 0.895163 0.445738 0.000000
vn 0.798017 0.602635 0.000000
vn 0.798017 0.602635 0.000000
vn 0.673696 0.739009 0.000000
vn 0.673696 0.739009 0.000000
vn 0.526432 0.850217 0.000000
vn 0.526432 0.850217 0.000000
vn 0.361242 0.932472 0.000000
vn 0.361242 0.932472 0.000000
vn 0.183749 0.982973 0.000000
vn 0.183749 0.982973 0.000000
vn 0.000000 1.000000 0.000000
vn 0.000000 1.000000 0.000000
vn -0.183749 0.982973 0.000000
vn -0.183749 0.982973 0.000000
vn -0.361242 0.932472 0.000000
vn -0.361242 0.932472 0.000000
vn -0.526432 0.850217 0.000000
vn -0.526432 0.850217 0.000000
vn -0.673696 0.739009 0.000000
vn -0.673696 0.739009 0.000000
vn -0.798017 0.602635 0.000000
vn -0.798017 0.602635 0.000000
vn -0.895163 0.445738 0.000000
vn -0.895163 0.445738 0.000000
vn -0.961826 0.273663 0.000000
vn -0.961826 0.273663 0.000000
vn 0.000000 0.000000 1.000000
vn 0.000000 -0.000000 1.000000
vn 0.000000 -0.000000 1.000000
vn 0.000000 0.000000 1.000000
vn 0.000000 -0.000000 1.000000
vn 0.000000 0.000000 1.000000
vn 0.000000 -0.000000 1.000000
vn 0.000000 0.000000 1.000000
vn 0.000000 -0.000000 1.000000
vn 0.000000 0.000000 1.000000
vn 0.000000 -0.000000 1.000000
vn 0.000000 -0.000000 1.000000
vn 0.000000 0.000000 1.000000
vn 0.000000 -0.000000 1.000000
vn 0.000000 0.000000 1.000000
vn 0.000000 -0.000000 1.000000
vn 0.000000 0.000000 1.000000
vn 0.000000 0.000000 1.000000
vn 0.000000 0.000000 1.000000
vn 0.000000 0.000000 1.000000
vn 0.000000 0.000000 1.000000
vn 0.000000 0.000000 1.000000
vn 0.000000 0.000000 1.000000
vn 0.000000 0.000000 1.000000
vn 0.000000 0.000000 1.000000
vn 0.000000 0.000000 1.000000
vn 0.000000 0.000000 1.000000
vn 0.000000 0.000000 1.000000
vn 0.000000 0.000000 1.000000
vn 0.000000 0.000000 1.000000
vn 0.000000 0.000000 1.000000
vn 0.000000 0.000000 1.000000
vn 0.000000 0.000000 1.000000
vn 0.000000 0.000000 1.000000
vn 0.000000 0.000000 1.000000
vn 0.000000 0.000000 1.000000
vn 0.000000 0.000000 1.000000
vn 0.000000 0.000000 1.000000
vn 0.000000 0.000000 1.000000
vn 0.000000 0.000000 1.000000
vn 0.000000 0.000000 1.000000
vn -0.000000 0.000000 1.000000
vn 0.000000 0.000000 1.000000
vn -0.000000 0.000000 1.000000
vn 0.000000 0.000000 1.000000
vn -0.000000 0.000000 1.000000
vn 0.000000 0.000000 1.000000
vn 0.000000 0.000000 1.000000
vn -0.000000 0.000000 1.000000
vn 0.000000 0.000000 1.000000
vn -0.000000 0.000000 1.000000
vn 0.000000 0.000000 1.000000
vn 0.000000 0.000000 1.000000
vn -0.000000 0.000000 1.000000
vn 0.000000 0.000000 1.000000
vn -0.000000 0.000000 1.000000
vn 0.000000 0.000000 1.000000
vn 0.000000 0.000000 1.000000
vn -0.000000 0.000000 1.000000
vn -0.000000 0.000000 1.000000
vn 0.000000 -0.000000 1.000000
vn -0.000000 0.000000 1.000000
vn 0.000000 -0.000000 1.000000
vn -0.000000 0.000000 1.000000
vn -0.000000 0.000000 1.000000
vn 0.000000 -0.000000 1.000000
vn -0.000000 0.000000 1.000000
vn 0.000000 -0.000000 1.000000
vn -0.000000 0.000000 1.000000
vn 0.000000 -0.000000 1.000000
vn -0.000000 0.000000 1.000000
vn 0.000000 -0.000000 1.000000
vn -0.000000 0.000000 1.000000
vn -0.000000 0.000000 1.000000
vn 0.000000 0.000000 1.000000
vn 0.000000 0.000000 1.000000
vn 0.000000 0.000000 1.000000
vn 0.000000 0.000000 1.000000
vn -0.000000 0.000000 1.000000
vn 0.000000 0.000000 1.000000
vn 0.000000 0.000000 1.000000
vn -0.000000 0.000000 1.000000
vn 0.968062 -0.250705 0.001765
vn 0.980784 -0.195090 -0.001754
vn 0.992174 -0.124852 0.001618
vn 0.997857 -0.065403 -0.001781
vn 0.999999 -0.000000 0.001632
vn 0.997857 0.065403 -0.001781
vn 0.992174 0.124852 0.001618
vn 0.980784 0.195090 -0.001754
vn 0.968062 0.250705 0.001765
vn 0.946929 0.321439 -0.001756
vn 0.926913 0.375271 0.001768
vn 0.896871 0.442288 -0.001759
vn 0.869813 0.493379 0.001770
vn 0.831468 0.555569 -0.001761
vn 0.797743 0.602996 0.001773
vn 0.751839 0.659345 -0.001763
vn 0.711943 0.702235 0.001775
vn 0.659345 0.751839 -0.001766
vn 0.613892 0.789388 0.001777
vn 0.555569 0.831468 -0.001768
vn 0.505275 0.862957 0.001779
vn 0.442288 0.896871 -0.001770
vn 0.387962 0.921674 0.001781
vn 0.321439 0.946929 -0.001771
vn 0.263973 0.964528 0.001783
vn 0.195090 0.980784 -0.001773
vn 0.135440 0.990784 0.001784
vn 0.065403 0.997857 -0.001775
vn 0.004577 0.999988 0.001786
vn -0.065403 0.997857 -0.001776
vn -0.126366 0.991982 0.001787
vn -0.195090 0.980784 -0.001778
vn -0.255133 0.966904 0.001789
vn -0.321439 0.946929 -0.001779
vn -0.379509 0.925186 0.001790
vn -0.442288 0.896871 -0.001780
vn -0.497354 0.867546 0.001791
vn -0.555569 0.831468 -0.001781
vn -0.606640 0.794975 0.001792
vn -0.659345 0.751839 -0.001782
vn -0.705486 0.708722 0.001792
vn -0.751839 0.659345 -0.001782
vn -0.792190 0.610272 0.001793
vn -0.831468 0.555569 -0.001783
vn -0.865260 0.501320 0.001794
vn -0.896871 0.442288 -0.001783
vn -0.923440 0.383740 0.001794
vn -0.946929 0.321439 -0.001784
vn -0.965727 0.259555 0.001794
vn -0.980784 0.195090 -0.001784
vn -0.991393 0.130904 0.001795
vn -0.997857 0.065403 -0.001784
vn -0.999998 0.000000 0.001795
vn -0.997857 -0.065403 -0.001784
vn -0.991393 -0.130904 0.001795
vn -0.980784 -0.195090 -0.001784
vn -0.965727 -0.259555 0.001794
vn -0.946929 -0.321439 -0.001784
vn -0.923440 -0.383740 0.001794
vn -0.896871 -0.442288 -0.001783
vn -0.865260 -0.501320 0.001794
vn -0.831468 -0.555569 -0.001783
vn -0.792190 -0.610272 0.001793
vn -0.751839 -0.659345 -0.001782
vn -0.705486 -0.708722 0.001792
vn -0.659345 -0.751839 -0.001782
vn -0.606640 -0.794975 0.001792
vn -0.555569 -0.831468 -0.001781
vn -0.497354 -0.867546 0.001791
vn -0.442288 -0.896871 -0.001780
vn -0.379509 -0.925186 0.001790
vn -0.321439 -0.946929 -0.001779
vn -0.255133 -0.966904 0.001789
vn -0.195090 -0.980784 -0.001778
vn -0.126366 -0.991982 0.001787
vn -0.065403 -0.997857 -0.001776
vn 0.004577 -0.999988 0.001786
vn 0.065403 -0.997857 -0.001775
vn 0.135440 -0.990784 0.001784
vn 0.195090 -0.980784 -0.001773
vn 0.263973 -0.964528 0.001783
vn 0.321439 -0.946929 -0.001771
vn 0.387962 -0.921674 0.001781
vn 0.442288 -0.896871 -0.001770
vn 0.505275 -0.862957 0.001779
vn 0.555569 -0.831468 -0.001768
vn 0.613892 -0.789388 0.001777
vn 0.659345 -0.751839 -0.001766
vn 0.711943 -0.702235 0.001775
vn 0.751839 -0.659345 -0.001763
vn 0.797743 -0.602996 0.001773
vn 0.831468 -0.555569 -0.001761
vn 0.869813 -0.493379 0.001770
vn 0.896871 -0.442288 -0.001759
vn 0.926913 -0.375271 0.001768
vn 0.946929 -0.321439 -0.001756
vn -0.850889 0.269555 -0.450919
vn -0.945310 0.326039 0.009400
vn -0.799402 0.287398 -0.527598
vn -0.919964 0.372183 0.123069
vn -0.945004 0.271258 -0.182719
vn -0.890004 0.241437 -0.386783
vn -0.935905 0.217334 -0.277215
vn -0.917893 0.208684 -0.337526
vn -0.920745 0.170345 -0.351015
vn -0.940056 0.168562 -0.296448
vn -0.913615 0.131022 -0.384891
vn -0.951313 0.121141 -0.283424
vn -0.915515 0.093467 -0.391274
vn -0.954230 0.072608 -0.290126
vn -0.923257 0.056389 -0.380023
vn -0.949269 0.024030 -0.313546
vn -0.935683 0.019006 -0.352330
vn -0.383823 0.578434 0.719787
vn -0.371048 0.578984 0.726017
vn -0.361807 0.589217 0.722440
vn -0.362466 0.572129 0.735722
vn -0.356692 0.590987 0.723536
vn -0.336846 0.601795 0.724139
vn -0.334465 0.601761 0.725270
vn -0.314197 0.614687 0.723492
vn -0.299688 0.612047 0.731837
vn -0.290911 0.626536 0.723065
vn -0.265111 0.633048 0.727301
vn -0.260292 0.631057 0.730763
vn -0.242764 0.647760 0.722130
vn -0.219504 0.646514 0.730642
vn -0.216662 0.652150 0.726469
vn -0.193095 0.663798 0.722555
vn -0.177606 0.658729 0.731117
vn -0.168018 0.670583 0.722557
vn -0.142257 0.674156 0.724759
vn -0.135166 0.669908 0.730036
vn -0.117531 0.683013 0.720888
vn -0.091624 0.678490 0.728873
vn -0.090784 0.679672 0.727877
vn -0.065661 0.688788 0.721983
vn -0.053404 0.682924 0.728534
vn -0.039470 0.690253 0.722491
vn -0.021214 0.684087 0.729092
vn -0.013086 0.689617 0.724056
vn 0.010795 0.685223 0.728254
vn 0.013242 0.687221 0.726328
vn 0.039382 0.686613 0.725956
vn 0.042660 0.683594 0.728615
vn 0.065509 0.686676 0.724006
vn 0.074285 0.679967 0.729470
vn 0.091465 0.684815 0.722954
vn 0.105899 0.676260 0.729012
vn 0.117119 0.680898 0.722953
vn 0.137679 0.672360 0.727308
vn 0.142313 0.674789 0.724159
vn 0.167467 0.668734 0.724396
vn 0.169297 0.666193 0.726309
vn 0.193166 0.664339 0.722040
vn 0.200170 0.656226 0.727529
vn 0.218345 0.657422 0.721195
vn 0.231057 0.645705 0.727789
vn 0.242785 0.647905 0.721994
vn 0.261625 0.634848 0.726994
vn 0.266460 0.636233 0.724021
vn 0.290120 0.624805 0.724879
vn 0.291289 0.622193 0.726655
vn 0.314488 0.615256 0.722881
vn 0.319358 0.606466 0.728155
vn 0.337940 0.603756 0.721994
vn 0.346271 0.592026 0.727737
vn 0.360566 0.590698 0.721851
vn 0.367050 0.582907 0.724910
vn 0.376395 0.577674 0.724306
vn -0.341766 0.606372 0.717989
vn -0.334923 0.607129 0.720570
vn -0.309514 0.613217 0.726750
vn -0.315509 0.625093 0.713942
vn -0.313529 0.623932 0.715828
vn -0.313954 0.627137 0.712834
vn -0.308607 0.624945 0.717082
vn -0.333163 0.605906 0.722413
vn -0.289383 0.642878 0.709200
vn -0.288308 0.640677 0.711626
vn -0.281398 0.636931 0.717729
vn -0.278484 0.630336 0.724654
vn -0.284719 0.641181 0.712616
vn -0.284456 0.642739 0.711317
vn -0.258466 0.648019 0.716427
vn -0.266484 0.657650 0.704615
vn -0.263297 0.656483 0.706898
vn -0.263891 0.657364 0.705857
vn -0.258984 0.656859 0.708141
vn -0.258305 0.660662 0.704844
vn -0.241410 0.669727 0.702273
vn -0.243261 0.671283 0.700145
vn -0.206605 0.672290 0.710873
vn -0.210731 0.685719 0.696694
vn -0.175320 0.684722 0.707402
vn -0.178920 0.698780 0.692600
vn -0.150515 0.696493 0.701600
vn -0.152832 0.707214 0.690283
vn -0.132039 0.704723 0.697087
vn -0.134129 0.715879 0.685220
vn -0.114316 0.712793 0.691996
vn -0.116178 0.724400 0.679520
vn -0.097348 0.720803 0.686270
vn -0.098979 0.732876 0.673124
vn -0.081129 0.728850 0.679850
vn -0.082527 0.741407 0.665962
vn -0.065660 0.737034 0.672658
vn -0.066823 0.750091 0.657950
vn -0.050944 0.745454 0.664607
vn -0.051872 0.759026 0.648991
vn -0.058262 0.761029 0.646096
vn -0.059378 0.775603 0.628422
vn -0.071202 0.779375 0.622498
vn -0.072628 0.794984 0.602267
vn -0.090939 0.800740 0.592069
vn -0.092824 0.817332 0.568640
vn -0.119427 0.825192 0.552082
vn -0.121938 0.842546 0.524640
vn -0.158090 0.851852 0.499355
vn -0.161354 0.869438 0.466951
vn -0.207783 0.878451 0.430290
vn -0.211759 0.895257 0.392012
vn -0.268180 0.900790 0.341551
vn -0.270758 0.909449 0.315584
vn -0.331361 0.911291 0.244435
vn -0.243226 0.671764 0.699696
vn -0.242572 0.671312 0.700356
vn -0.219379 0.672053 0.707261
vn -0.221072 0.677238 0.701766
vn -0.225314 0.685857 0.691979
vn -0.225732 0.685022 0.692669
vn -0.228877 0.685866 0.690799
vn -0.224166 0.690465 0.687755
vn -0.207103 0.697976 0.685521
vn -0.213845 0.700745 0.680607
vn -0.180558 0.698893 0.692060
vn -0.183498 0.710273 0.679589
vn -0.164055 0.708419 0.686461
vn -0.166803 0.720285 0.673325
vn -0.148459 0.717917 0.680114
vn -0.151017 0.730284 0.666242
vn -0.133783 0.727498 0.672940
vn -0.136154 0.740388 0.658246
vn -0.120038 0.737277 0.664841
vn -0.122224 0.750702 0.649236
vn -0.129059 0.752160 0.646218
vn -0.131531 0.766567 0.628550
vn -0.144121 0.769316 0.622401
vn -0.147007 0.784722 0.602163
vn -0.166380 0.788854 0.591630
vn -0.169826 0.805193 0.568176
vn -0.197110 0.810511 0.551561
vn -0.201253 0.827544 0.524088
vn -0.237560 0.833306 0.499166
vn -0.242462 0.850503 0.466751
vn -0.289123 0.855078 0.430406
vn -0.294655 0.871440 0.392135
vn -0.351202 0.871675 0.341817
vn -0.353886 0.878338 0.321383
vn -0.420878 0.874861 0.239752
vn -0.238179 0.675277 0.698049
vn -0.213845 0.700746 0.680607
vn -0.205734 0.705861 0.677815
vn -0.199306 0.707444 0.678085
vn -0.205686 0.712023 0.671354
vn -0.181834 0.710126 0.680190
vn -0.183130 0.715186 0.674517
vn -0.200236 0.723895 0.660213
vn -0.200237 0.723896 0.660212
vn -0.187967 0.722677 0.665136
vn -0.189744 0.729509 0.657125
vn -0.199888 0.738294 0.644179
vn -0.204451 0.714259 0.669353
vn -0.189079 0.729553 0.657268
vn -0.193144 0.737644 0.646975
vn -0.198292 0.751874 0.628781
vn -0.239883 0.757100 0.607664
vn -0.224715 0.775450 0.590068
vn -0.231723 0.770875 0.593343
vn -0.211480 0.766387 0.606571
vn -0.179816 0.761663 0.622523
vn -0.245317 0.785733 0.567841
vn -0.279785 0.791037 0.544042
vn -0.204144 0.783958 0.586290
vn -0.266235 0.803969 0.531745
vn -0.235169 0.800404 0.551406
vn -0.240110 0.817222 0.523923
vn -0.276994 0.821293 0.498750
vn -0.282706 0.838230 0.466312
vn -0.329238 0.840568 0.430172
vn -0.335535 0.856645 0.391888
vn -0.391731 0.854226 0.341827
vn -0.399696 0.871596 0.283838
vn -0.264560 0.797724 0.541890
vn -0.268381 0.799521 0.537344
vn -0.299087 0.806570 0.509894
vn -0.321047 0.798994 0.508466
vn -0.319450 0.796603 0.513202
vn -0.366866 0.807915 0.461175
vn -0.433131 0.794316 0.425982
vn -0.439239 0.791320 0.425302
vn -0.433421 0.779344 0.452514
vn -0.481977 0.796194 0.365751
vn -0.508928 0.790499 0.340739
vn -0.510719 0.793281 0.331468
vn -0.587274 0.776245 0.229245
vn -0.543669 0.763335 0.348918
vn -0.542811 0.763607 0.349656
vn -0.581335 0.740547 0.337105
vn -0.581246 0.740567 0.337214
vn -0.616526 0.711583 0.336964
vn -0.637113 0.717924 0.280486
vn -0.702496 0.668825 0.243252
vn -0.723490 0.639461 0.260099
vn -0.752244 0.619411 0.224629
vn -0.786947 0.566789 0.243853
vn -0.800619 0.559437 0.214567
vn -0.832480 0.507707 0.221837
vn -0.815093 0.471614 0.336458
vn -0.581264 0.740457 0.337425
vn -0.662602 0.715075 0.222769
vn -0.555260 0.779608 0.289650
vn -0.506434 0.829658 0.234931
vn -0.434077 0.839463 0.326924
vn -0.480008 0.829098 0.286684
vn -0.471012 0.813560 0.340979
vn -0.415243 0.821325 0.391150
vn -0.407461 0.805934 0.429472
vn -0.238784 0.938641 0.248868
vn -0.184537 0.932488 0.310504
vn -0.230680 0.932694 0.277251
vn -0.225659 0.912394 0.341491
vn -0.169641 0.904239 0.391884
vn -0.166458 0.887269 0.430170
vn -0.120479 0.876088 0.466856
vn -0.118042 0.858371 0.499265
vn -0.082255 0.847346 0.524632
vn -0.080560 0.829894 0.552075
vn -0.054100 0.820701 0.568791
vn -0.053002 0.804038 0.592211
vn -0.034729 0.797329 0.602545
vn -0.034047 0.781670 0.622763
vn -0.022706 0.777451 0.628533
vn -0.022279 0.762841 0.646202
vn -0.016247 0.760633 0.648978
vn -0.015956 0.747033 0.664595
vn -0.031779 0.752470 0.657860
vn -0.031226 0.739372 0.672573
vn -0.047971 0.744559 0.665831
vn -0.047158 0.731951 0.679724
vn -0.064822 0.736811 0.672984
vn -0.063754 0.724672 0.686138
vn -0.082343 0.729132 0.679401
vn -0.081023 0.717449 0.691883
vn -0.100534 0.721430 0.685151
vn -0.098967 0.710188 0.697021
vn -0.119409 0.713615 0.690286
vn -0.117599 0.702798 0.701602
vn -0.138973 0.705591 0.694858
vn -0.136923 0.695184 0.705671
vn -0.165807 0.697800 0.696838
vn -0.162560 0.684136 0.711008
vn -0.198374 0.685477 0.700549
vn -0.194592 0.672408 0.714144
vn -0.230367 0.671752 0.704046
vn -0.226088 0.659276 0.717105
vn -0.144079 0.956771 0.252648
vn -0.096085 0.947276 0.305674
vn -0.141908 0.950997 0.274712
vn -0.138694 0.929458 0.341865
vn -0.084028 0.916147 0.391936
vn -0.082451 0.898952 0.430218
vn -0.037972 0.883598 0.466703
vn -0.037204 0.865733 0.499122
vn -0.002659 0.851432 0.524459
vn -0.002604 0.833898 0.551912
vn 0.023001 0.822214 0.568713
vn 0.022534 0.805521 0.592139
vn 0.040429 0.796968 0.602668
vn 0.039635 0.781314 0.622878
vn 0.050995 0.775820 0.628890
vn 0.050036 0.761237 0.646541
vn 0.055794 0.758489 0.649294
vn 0.054796 0.744923 0.664896
vn 0.039050 0.752054 0.657943
vn 0.038370 0.738964 0.672652
vn 0.021774 0.745868 0.665737
vn 0.021406 0.733239 0.679634
vn 0.004003 0.739832 0.672780
vn 0.003937 0.727645 0.685942
vn -0.014272 0.733860 0.679151
vn -0.014043 0.722102 0.691644
vn -0.033067 0.727877 0.684910
vn -0.032551 0.716533 0.696793
vn -0.052399 0.721805 0.690110
vn -0.051605 0.710862 0.701436
vn -0.072286 0.715566 0.694795
vn -0.071220 0.705012 0.705611
vn -0.092744 0.709080 0.699002
vn -0.091413 0.698900 0.709353
vn -0.113796 0.702264 0.702763
vn -0.112205 0.692449 0.712688
vn -0.141919 0.695681 0.704192
vn -0.139284 0.682762 0.717242
vn -0.175798 0.684742 0.707265
vn -0.172617 0.672350 0.719825
vn -0.209072 0.672254 0.710186
vn -0.205384 0.660396 0.722284
vn -0.241845 0.658217 0.712925
vn -0.237685 0.646895 0.724592
vn -0.274197 0.642600 0.715459
vn -0.269595 0.631816 0.726724
vn -0.306201 0.625347 0.717762
vn -0.048138 0.965406 0.256268
vn -0.007129 0.953743 0.300538
vn -0.052168 0.960880 0.272007
vn -0.050947 0.938384 0.341819
vn 0.002594 0.919865 0.392226
vn 0.002545 0.902591 0.430492
vn 0.045418 0.883095 0.466990
vn 0.044499 0.865233 0.499391
vn 0.077257 0.847900 0.524497
vn 0.075666 0.830438 0.551948
vn 0.099848 0.816529 0.568604
vn 0.097821 0.799953 0.592036
vn 0.114792 0.789790 0.602540
vn 0.112538 0.774278 0.622759
vn 0.123435 0.767682 0.628830
vn 0.121115 0.753253 0.646484
vn 0.126889 0.749797 0.649387
vn 0.124620 0.736387 0.664984
vn 0.110052 0.744720 0.658241
vn 0.108136 0.731755 0.672935
vn 0.092235 0.740211 0.666018
vn 0.090673 0.727674 0.679904
vn 0.073485 0.736112 0.672859
vn 0.072274 0.723988 0.686016
vn 0.054328 0.732062 0.679068
vn 0.053458 0.720333 0.691565
vn 0.034798 0.727967 0.684729
vn 0.034256 0.716624 0.696618
vn 0.014869 0.723768 0.689883
vn 0.014644 0.712796 0.701218
vn -0.005478 0.719399 0.694575
vn -0.005398 0.708787 0.705402
vn -0.026268 0.714796 0.698840
vn -0.025891 0.704533 0.709199
vn -0.047528 0.709894 0.702703
vn -0.046864 0.699973 0.712630
vn -0.069282 0.704628 0.706187
vn -0.068339 0.695035 0.715721
vn -0.091555 0.698923 0.709313
vn -0.090341 0.689653 0.718482
vn -0.120742 0.693445 0.710321
vn -0.118613 0.681213 0.722412
vn -0.155708 0.683773 0.712888
vn -0.153030 0.672010 0.724558
vn -0.190055 0.672423 0.715350
vn -0.186866 0.661140 0.726619
vn -0.223882 0.659410 0.717674
vn 0.048090 0.964448 0.259859
vn 0.082238 0.951631 0.296032
vn 0.037838 0.962199 0.269705
vn 0.036932 0.939172 0.341457
vn 0.088580 0.915711 0.391953
vn 0.086918 0.898523 0.430235
vn 0.128012 0.874968 0.466951
vn 0.125423 0.857271 0.499355
vn 0.156717 0.836734 0.524705
vn 0.153489 0.819499 0.552143
vn 0.176286 0.803353 0.568812
vn 0.172706 0.787042 0.592231
vn 0.188402 0.775509 0.602570
vn 0.185726 0.764495 0.617295
vn 0.209643 0.741459 0.637407
vn 0.201722 0.740809 0.640711
vn 0.192649 0.744717 0.638971
vn 0.201227 0.731196 0.651813
vn 0.196469 0.734726 0.649290
vn 0.192956 0.721587 0.664891
vn 0.179324 0.731183 0.658191
vn 0.176202 0.718453 0.672888
vn 0.161447 0.728178 0.666102
vn 0.158712 0.715845 0.679982
vn 0.142811 0.725609 0.673124
vn 0.140458 0.713654 0.686272
vn 0.123327 0.723400 0.679325
vn 0.121351 0.711809 0.691810
vn 0.103025 0.721411 0.684801
vn 0.101419 0.710170 0.696687
vn 0.082403 0.719285 0.689811
vn 0.081154 0.708381 0.701149
vn 0.061484 0.716947 0.694412
vn 0.060577 0.706372 0.705244
vn 0.040243 0.714348 0.698632
vn 0.039665 0.704091 0.709001
vn 0.018652 0.711438 0.702501
vn 0.018391 0.701494 0.712438
vn -0.003316 0.708168 0.706036
vn -0.003271 0.698528 0.715576
vn -0.025696 0.704484 0.709255
vn -0.025355 0.695140 0.718427
vn -0.048513 0.700328 0.712170
vn -0.047886 0.691274 0.721004
vn -0.071798 0.695640 0.714793
vn -0.070893 0.686871 0.723313
vn -0.101867 0.691171 0.715476
vn -0.100157 0.679573 0.726739
vn -0.137739 0.682657 0.717641
vn 0.144984 0.962781 0.228106
vn 0.212834 0.917970 0.334713
vn 0.171852 0.940763 0.292288
vn 0.168870 0.924437 0.341906
vn 0.216219 0.894248 0.391881
vn 0.212161 0.877465 0.430166
vn 0.249279 0.848596 0.466632
vn 0.244418 0.832046 0.497956
vn 0.272714 0.806392 0.524746
vn 0.214762 0.792172 0.571263
vn 0.266031 0.788119 0.555064
vn 0.231650 0.809354 0.539707
vn 0.234279 0.818540 0.524506
vn 0.165375 0.850549 0.499217
vn 0.168788 0.868104 0.466805
vn 0.239741 0.942400 0.233252
vn 0.298463 0.896263 0.328075
vn 0.259777 0.921695 0.288088
vn 0.254921 0.904463 0.341997
vn 0.299571 0.869664 0.392354
vn 0.296984 0.862154 0.410476
vn 0.346178 0.802445 0.486048
vn 0.341068 0.799833 0.493902
vn 0.321033 0.803315 0.501621
vn 0.286715 0.829372 0.479517
vn 0.288956 0.835854 0.466747
vn 0.331863 0.912674 0.238522
vn 0.381634 0.866461 0.321871
vn 0.345070 0.894582 0.283988
vn 0.338249 0.876898 0.341522
vn 0.379612 0.837951 0.392088
vn 0.376062 0.830115 0.411688
vn 0.391556 0.799589 0.455348
vn 0.420468 0.874010 0.243544
vn 0.462162 0.828295 0.316755
vn 0.427630 0.859258 0.280728
vn 0.419293 0.842506 0.338196
vn 0.456284 0.798980 0.391708
vn 0.440368 0.786301 0.433365
vn 0.433223 0.793486 0.427432
vn 0.504058 0.825765 0.253054
vn 0.536829 0.784938 0.309334
vn 0.507301 0.815645 0.278153
vn 0.501710 0.806656 0.312398
vn 0.520702 0.766312 0.376345
vn 0.582393 0.769794 0.261218
vn 0.603210 0.740312 0.296777
vn 0.600059 0.744785 0.291932
vn 0.589813 0.732068 0.340878
vn 0.570264 0.749597 0.336010
vn 0.659262 0.699943 0.274688
vn 0.654659 0.706503 0.268842
vn 0.702317 0.667960 0.246131
vn 0.723819 0.639752 0.258466
vn 0.735261 0.632357 0.243957
vn 0.776510 0.587928 0.226656
vn 0.782374 0.563495 0.265261
vn 0.822104 0.534856 0.195126
vn 0.831906 0.481342 0.276119
vn 0.604117 0.728134 0.323827
vn 0.460458 0.825242 0.327037
vn 0.492941 0.777525 0.390466
vn 0.307068 0.794439 0.524000
vn 0.254624 0.778247 0.574019
vn 0.231619 0.792910 0.563602
vn 0.191710 0.811457 0.552073
vn 0.213861 0.794153 0.568845
vn 0.241017 0.767454 0.594075
vn 0.210025 0.779910 0.589602
vn 0.225572 0.765315 0.602835
vn 0.211768 0.760688 0.613602
vn 0.223646 0.746000 0.627269
vn 0.207032 0.729564 0.651824
vn 0.207427 0.720579 0.661619
vn 0.204209 0.721873 0.661210
vn 0.204627 0.713149 0.670482
vn 0.195372 0.719857 0.666060
vn 0.192063 0.707665 0.679943
vn 0.176714 0.718111 0.673119
vn 0.173803 0.706281 0.686266
vn 0.157351 0.716694 0.679404
vn 0.154830 0.705210 0.691886
vn 0.137186 0.715543 0.684965
vn 0.135048 0.704392 0.696846
vn 0.116243 0.714523 0.689887
vn 0.114481 0.703691 0.701222
vn 0.095013 0.713281 0.694408
vn 0.093612 0.702762 0.705240
vn 0.073514 0.711753 0.698572
vn 0.072458 0.701534 0.708942
vn 0.051720 0.709892 0.702409
vn 0.050998 0.699970 0.712349
vn 0.029602 0.707659 0.705934
vn 0.029199 0.698024 0.715479
vn 0.007129 0.705005 0.709166
vn 0.007035 0.695654 0.718343
vn -0.015731 0.701886 0.712116
vn -0.015527 0.692813 0.720951
vn -0.039006 0.698249 0.714792
vn -0.038515 0.689447 0.723311
vn -0.062730 0.694036 0.717202
vn -0.061958 0.685501 0.725431
vn -0.093184 0.690037 0.717751
vn 0.208688 0.712279 0.670155
vn 0.217541 0.701814 0.678331
vn 0.205504 0.708744 0.674870
vn 0.208319 0.696240 0.686915
vn 0.190818 0.708524 0.679398
vn 0.187761 0.697171 0.691881
vn 0.170821 0.708194 0.685042
vn 0.168158 0.697156 0.696919
vn 0.150060 0.708040 0.690045
vn 0.147786 0.697306 0.701372
vn 0.128557 0.707934 0.694480
vn 0.126661 0.697492 0.705309
vn 0.106788 0.707530 0.698569
vn 0.105255 0.697372 0.708939
vn 0.084773 0.706764 0.702352
vn 0.083588 0.696887 0.712294
vn 0.062484 0.705605 0.705845
vn 0.061633 0.695998 0.715394
vn 0.039892 0.704010 0.709069
vn 0.039362 0.694673 0.718248
vn 0.016965 0.701945 0.712029
vn 0.016746 0.692869 0.720869
vn -0.006332 0.699363 0.714738
vn -0.006252 0.690546 0.723261
vn -0.030026 0.696219 0.717201
vn -0.029657 0.687658 0.725429
vn -0.054149 0.692459 0.719422
vn 0.214609 0.697831 0.683355
vn 0.218970 0.688551 0.691339
vn 0.203875 0.699400 0.685036
vn 0.200698 0.688501 0.696913
vn 0.183326 0.700093 0.690117
vn 0.180547 0.689479 0.701442
vn 0.162044 0.700878 0.694630
vn 0.159653 0.690539 0.705455
vn 0.140045 0.701634 0.698640
vn 0.138035 0.691562 0.709006
vn 0.117800 0.702018 0.702349
vn 0.116154 0.692207 0.712290
vn 0.095326 0.701978 0.705791
vn 0.094028 0.692421 0.715341
vn 0.072595 0.701479 0.708983
vn 0.071632 0.692175 0.718166
vn 0.049576 0.700494 0.711935
vn 0.048935 0.691437 0.720778
vn 0.026238 0.698985 0.714655
vn 0.025907 0.690173 0.723180
vn 0.002547 0.696916 0.717148
vn 0.002516 0.688345 0.725379
vn -0.021529 0.694243 0.719419
vn 0.223162 0.689016 0.689533
vn 0.228751 0.681346 0.695299
vn 0.215986 0.690722 0.690111
vn 0.212711 0.680250 0.701437
vn 0.194957 0.692375 0.694700
vn 0.192081 0.682162 0.705522
vn 0.173218 0.694043 0.698784
vn 0.170731 0.684079 0.709145
vn 0.150783 0.695611 0.702417
vn 0.148676 0.685890 0.712356
vn 0.128116 0.696741 0.705789
vn 0.126372 0.687256 0.715339
vn 0.105232 0.697382 0.708932
vn 0.103837 0.688132 0.718117
vn 0.082104 0.697512 0.711854
vn 0.081043 0.688495 0.720699
vn 0.058703 0.697103 0.714564
vn 0.057963 0.688314 0.723094
vn 0.034992 0.696124 0.717068
vn 0.034562 0.687563 0.725302
vn 0.010942 0.694543 0.719369
vn 0.231222 0.681256 0.694569
vn 0.236917 0.675225 0.698528
vn 0.227243 0.682467 0.694694
vn 0.223891 0.672399 0.705516
vn 0.205796 0.685023 0.698850
vn 0.202842 0.675188 0.709208
vn 0.183658 0.687522 0.702555
vn 0.181091 0.677912 0.712489
vn 0.160839 0.689855 0.705854
vn 0.158650 0.680464 0.715401
vn 0.137797 0.691687 0.708930
vn 0.135970 0.682513 0.718115
vn 0.114548 0.692974 0.711804
vn 0.113068 0.684016 0.720651
vn 0.091064 0.693699 0.714485
vn 0.089916 0.684952 0.723018
vn 0.067316 0.693835 0.716981
vn 0.066488 0.685303 0.725217
vn 0.043270 0.693361 0.719290
vn 0.238940 0.674892 0.698161
vn 0.245364 0.668787 0.701798
vn 0.237724 0.674613 0.698845
vn 0.234311 0.664926 0.709205
vn 0.215914 0.678017 0.702619
vn 0.212896 0.668541 0.712550
vn 0.193427 0.681298 0.705988
vn 0.190794 0.672022 0.715531
vn 0.170269 0.684351 0.708994
vn 0.168011 0.675274 0.718177
vn 0.146895 0.686846 0.711804
vn 0.144996 0.677967 0.720650
vn 0.123320 0.688745 0.714438
vn 0.121766 0.680063 0.722971
vn 0.099518 0.690032 0.716904
vn 0.098294 0.681546 0.725144
vn 0.075457 0.690689 0.719205
vn 0.248603 0.668171 0.701245
vn 0.258065 0.658909 0.706570
vn 0.247504 0.667139 0.702614
vn 0.244045 0.657814 0.712547
vn 0.225377 0.671342 0.706049
vn 0.222309 0.662201 0.715589
vn 0.202584 0.675355 0.709123
vn 0.199898 0.666398 0.718300
vn 0.179131 0.679088 0.711864
vn 0.176815 0.670309 0.720710
vn 0.155460 0.682211 0.714438
vn 0.153500 0.673610 0.722971
vn 0.131593 0.684687 0.716859
vn 0.129975 0.676267 0.725100
vn 0.107504 0.686507 0.719132
vn 0.261653 0.659195 0.704982
vn 0.270944 0.648643 0.711232
vn 0.256645 0.660026 0.706045
vn 0.253151 0.651040 0.715585
vn 0.234245 0.664976 0.709180
vn 0.231138 0.656156 0.718356
vn 0.211183 0.669682 0.711988
vn 0.208453 0.661023 0.720830
vn 0.187466 0.674054 0.714498
vn 0.185103 0.665557 0.723029
vn 0.163534 0.677768 0.716859
vn 0.161523 0.669433 0.725100
vn 0.139406 0.680792 0.719089
vn 0.274013 0.650874 0.708011
vn 0.281285 0.640215 0.714845
vn 0.265202 0.653251 0.709176
vn 0.261685 0.644586 0.718352
vn 0.242565 0.658904 0.712045
vn 0.239429 0.650384 0.720884
vn 0.219269 0.664261 0.714618
vn 0.216505 0.655886 0.723145
vn 0.195320 0.669237 0.716918
vn 0.192918 0.661008 0.725156
vn 0.171156 0.673510 0.719089
vn 0.285291 0.645438 0.708533
vn 0.291718 0.631543 0.718369
vn 0.273229 0.646795 0.712040
vn 0.269696 0.638433 0.720879
vn 0.250387 0.653109 0.714672
vn 0.247230 0.644875 0.723197
vn 0.226886 0.659080 0.717033
vn 0.224096 0.650974 0.725268
vn 0.202733 0.664627 0.719146
vn 0.291718 0.631543 0.718369
vn 0.307226 0.628112 0.714904
vn 0.302871 0.622081 0.722001
vn 0.317889 0.621811 0.715749
vn 0.313376 0.612984 0.725290
vn 0.323695 0.614702 0.719280
vn 0.328383 0.609743 0.721373
vn 0.336690 0.610457 0.716925
vn 0.335607 0.603521 0.723277
vn 0.347035 0.600760 0.720177
vn 0.353586 0.603724 0.714489
vn 0.385584 0.581090 0.716700
vn -0.360566 0.590691 0.721856
vn -0.228719 0.647801 0.726665
vn -0.265511 0.643709 0.717735
vn -0.144020 0.671763 0.726631
vn -0.181296 0.672415 0.717628
vn 0.234070 0.654125 0.719258
vn 0.254580 0.639611 0.725318
vn 0.264691 0.642288 0.719309
vn 0.284324 0.626960 0.725315
vn 0.294551 0.629159 0.719304
vn -0.195872 0.660808 0.724546
vn -0.232623 0.658858 0.715397
vn -0.109129 0.680400 0.724669
vn -0.146478 0.683228 0.715362
vn 0.287864 0.634766 0.717081
vn 0.277230 0.632563 0.723193
vn 0.257749 0.647575 0.717086
vn -0.162548 0.672210 0.722296
vn -0.199300 0.672375 0.712876
vn -0.080339 0.688257 0.721005
vn -0.111039 0.692309 0.713007
vn 0.280770 0.640640 0.714667
vn -0.247149 0.645873 0.722333
vn -0.251587 0.657471 0.710236
vn -0.215441 0.659890 0.719813
vn -0.219411 0.672052 0.707252
vn -0.183282 0.672422 0.717117
vn -0.186750 0.685146 0.704060
vn -0.150569 0.683477 0.714274
vn -0.153495 0.696762 0.700687
vn -0.124177 0.693830 0.709352
vn -0.125985 0.703936 0.699001
vn -0.104082 0.700851 0.705673
vn -0.105641 0.711344 0.694860
vn -0.084630 0.707589 0.701538
vn -0.085933 0.718480 0.690219
vn -0.065808 0.714130 0.696913
vn -0.066850 0.725435 0.685037
vn -0.047599 0.720560 0.691757
vn -0.048374 0.732293 0.679269
vn -0.029994 0.726965 0.686019
vn -0.030496 0.739142 0.672859
vn -0.012977 0.733428 0.679643
vn -0.013201 0.746061 0.665746
vn 0.003457 0.740033 0.672562
vn 0.003518 0.753142 0.657849
vn 0.019313 0.746870 0.664689
vn 0.019664 0.760467 0.649078
vn 0.014018 0.762842 0.646433
vn 0.014287 0.777454 0.628777
vn 0.002916 0.782308 0.622885
vn 0.002975 0.797982 0.602674
vn -0.015203 0.805645 0.592204
vn -0.015518 0.822341 0.568783
vn -0.041622 0.832806 0.551998
vn -0.042498 0.850319 0.524550
vn -0.077749 0.863013 0.499164
vn -0.079354 0.880823 0.466748
vn -0.124682 0.894121 0.430118
vn -0.127067 0.911221 0.391830
vn -0.182454 0.921963 0.341607
vn -0.257152 0.644725 0.719863
vn -0.128649 0.682004 0.719945
vn -0.165467 0.684280 0.710198
vn -0.057812 0.693139 0.718482
vn -0.081391 0.697271 0.712172
vn -0.100946 0.691053 0.715720
vn -0.131019 0.694572 0.707392
vn -0.035784 0.697527 0.715665
vn -0.058589 0.702455 0.709313
vn -0.237376 0.658535 0.714132
vn -0.079521 0.696959 0.712689
vn -0.102339 0.700590 0.706187
vn -0.014227 0.701487 0.712540
vn -0.036278 0.707154 0.706128
vn -0.058654 0.702468 0.709294
vn -0.080648 0.706837 0.702764
vn 0.006881 0.705082 0.709093
vn -0.014429 0.711432 0.702607
vn -0.038325 0.707661 0.705512
vn -0.059509 0.712702 0.698938
vn 0.027571 0.708368 0.705305
vn 0.006981 0.715353 0.698729
vn -0.018515 0.712607 0.701319
vn -0.038899 0.718256 0.694691
vn 0.047869 0.711401 0.701154
vn 0.027984 0.718973 0.694475
vn -0.188918 0.685215 0.703414
vn -0.192906 0.699679 0.687922
vn -0.165032 0.697737 0.697084
vn -0.167645 0.708783 0.685217
vn -0.147493 0.706606 0.692065
vn -0.149895 0.718111 0.679594
vn -0.130780 0.715379 0.686389
vn -0.132970 0.727361 0.673249
vn -0.114895 0.724163 0.679990
vn -0.116875 0.736639 0.666110
vn -0.099846 0.733064 0.672791
vn -0.101615 0.746051 0.658090
vn -0.085640 0.742185 0.664700
vn -0.087199 0.755699 0.649088
vn -0.093859 0.757449 0.646113
vn -0.095656 0.771955 0.628439
vn -0.107916 0.775240 0.622380
vn -0.110077 0.790765 0.602141
vn -0.128952 0.795729 0.591765
vn -0.131623 0.812213 0.568318
vn -0.158297 0.818737 0.551916
vn -0.161626 0.835952 0.524463
vn -0.197899 0.843488 0.499365
vn -0.201984 0.860900 0.466962
vn -0.248669 0.867712 0.430395
vn -0.253428 0.884315 0.392124
vn -0.310024 0.887204 0.341693
vn -0.316653 0.906175 0.280316
vn -0.203428 0.685590 0.698988
vn 0.000801 0.717376 0.696686
vn -0.018800 0.723575 0.689990
vn 0.067799 0.714238 0.696612
vn 0.048606 0.722351 0.689816
vn 0.019645 0.722039 0.691573
vn 0.000814 0.728731 0.684799
vn 0.087384 0.716933 0.691644
vn 0.068872 0.725543 0.684722
vn 0.106599 0.719569 0.686191
vn 0.088807 0.728607 0.679151
vn 0.038032 0.726670 0.685933
vn 0.019964 0.733797 0.679075
vn -0.197188 0.699926 0.686455
vn 0.055980 0.731333 0.679720
vn 0.038669 0.738839 0.672772
vn 0.124936 0.722501 0.679988
vn 0.108384 0.731621 0.673040
vn 0.073453 0.736128 0.672845
vn 0.056944 0.743931 0.665826
vn 0.142365 0.725878 0.672929
vn 0.127089 0.734948 0.666108
vn 0.158968 0.729783 0.664940
vn 0.144887 0.738739 0.658235
vn 0.089916 0.741419 0.664991
vn 0.074754 0.749169 0.658147
vn -0.154144 0.730765 0.664998
vn -0.170446 0.733130 0.658384
vn -0.167478 0.720365 0.673071
vn -0.163868 0.745213 0.646378
vn -0.156951 0.744071 0.649403
vn 0.085714 0.758054 0.646535
vn 0.091554 0.754921 0.649394
vn 0.156245 0.746804 0.646430
vn 0.161862 0.743073 0.649340
vn -0.166645 0.757839 0.630800
vn 0.076177 0.778647 0.622822
vn 0.087356 0.772577 0.628883
vn 0.194747 0.752827 0.628749
vn 0.148718 0.768171 0.622733
vn 0.159238 0.761110 0.628773
vn -0.203159 0.780172 0.591657
vn -0.183417 0.776919 0.602291
vn 0.060209 0.803637 0.592066
vn 0.077703 0.794246 0.602607
vn 0.135360 0.794417 0.592097
vn 0.151697 0.783560 0.602513
vn 0.036496 0.833127 0.551877
vn 0.061457 0.820291 0.568635
vn 0.114787 0.825835 0.552105
vn 0.138165 0.810880 0.568669
vn 0.003587 0.866476 0.499205
vn 0.037263 0.850643 0.524422
vn 0.085132 0.862158 0.499436
vn 0.117201 0.843203 0.524665
vn 0.195741 0.828522 0.524630
vn 0.272321 0.806754 0.524395
vn 0.204985 0.841954 0.499093
vn -0.315482 0.807403 0.498569
vn -0.321986 0.824049 0.466121
vn -0.368934 0.824174 0.429681
vn -0.375983 0.839920 0.391371
vn -0.431694 0.834854 0.341554
vn -0.039900 0.901738 0.430438
vn 0.003661 0.884359 0.466792
vn 0.044817 0.901526 0.430397
vn 0.086890 0.879958 0.467038
vn 0.209215 0.859328 0.466674
vn 0.128850 0.893544 0.430088
vn 0.131314 0.910632 0.391798
vn 0.328143 0.821105 0.467022
vn 0.253418 0.866298 0.430473
vn -0.094833 0.934928 0.341931
vn -0.040664 0.918994 0.392168
vn -0.007024 0.939808 0.341630
vn 0.045674 0.918777 0.392125
vn 0.170604 0.886544 0.430039
vn 0.173866 0.903496 0.391746
vn 0.124939 0.931524 0.341546
vn 0.128067 0.954853 0.268057
vn 0.080924 0.936429 0.341397
vn 0.331890 0.834265 0.440285
vn 0.212237 0.915393 0.342070
vn 0.258268 0.882877 0.392206
vn 0.408854 0.800806 0.437662
vn 0.296923 0.891640 0.341781
vn 0.340017 0.854693 0.392285
vn 0.378880 0.860207 0.341313
vn 0.418352 0.819409 0.391854
vn 0.560024 0.753568 0.344250
vn 0.529973 0.774914 0.344438
vn 0.574169 0.772601 0.270958
vn 0.999661 -0.026028 0.000000
vn 0.998307 -0.058145 0.001205
vn 0.996952 -0.078015 0.000283
vn 0.991413 -0.130764 -0.000184
vn 0.991541 -0.129791 0.000000
vn 0.984807 -0.173648 0.001371
vn 0.976783 -0.214225 -0.001477
vn 0.957989 -0.286803 0.001418
vn 0.944306 -0.329065 -0.001519
vn 0.918215 -0.396079 0.001455
vn 0.898379 -0.439219 -0.001552
vn 0.866024 -0.500000 0.001485
vn 0.839655 -0.543117 -0.001578
vn 0.802122 -0.597158 0.001506
vn 0.768973 -0.639280 -0.001594
vn 0.727373 -0.686241 0.001519
vn 0.687337 -0.726337 -0.001603
vn 0.642787 -0.766044 0.001523
vn 0.595912 -0.803048 -0.001603
vn 0.549508 -0.835487 0.001518
vn 0.495999 -0.868321 -0.001594
vn 0.448799 -0.893632 0.001506
vn 0.389021 -0.921227 -0.001577
vn 0.342020 -0.939692 0.001485
vn 0.276503 -0.961012 -0.001552
vn 0.230616 -0.973044 0.001455
vn 0.160046 -0.987108 -0.001518
vn 0.116093 -0.993237 0.001417
vn 0.041309 -0.999145 -0.001476
vn 0.000000 -0.999999 0.001371
vn -0.078016 -0.996951 -0.001425
vn -0.116093 -0.993237 0.001316
vn -0.196229 -0.980557 -0.001366
vn -0.230616 -0.973044 0.001252
vn -0.311648 -0.950197 -0.001299
vn -0.342020 -0.939692 0.001181
vn -0.422628 -0.906302 -0.001223
vn -0.448799 -0.893632 0.001100
vn -0.527588 -0.849500 -0.001138
vn -0.549509 -0.835487 0.001012
vn -0.625034 -0.780597 -0.001046
vn -0.642787 -0.766044 0.000915
vn -0.713577 -0.700576 -0.000944
vn -0.727373 -0.686242 0.000809
vn -0.791957 -0.610577 -0.000835
vn -0.802123 -0.597158 0.000696
vn -0.859056 -0.511881 -0.000717
vn -0.866025 -0.500000 0.000573
vn -0.913920 -0.405893 -0.000590
vn -0.918216 -0.396079 0.000443
vn -0.955766 -0.294126 -0.000455
vn -0.957990 -0.286803 0.000304
vn -0.984000 -0.178168 -0.000312
vn -0.984808 -0.173648 0.000156
vn -0.998218 -0.059672 -0.000160
vn -0.998308 -0.058145 0.000000
vn 1.000000 0.000000 0.000000
vn 1.000000 0.000000 0.000000
vn 1.000000 -0.000000 0.000000
vn 1.000000 -0.000000 0.000000
vn 1.000000 -0.000000 0.000000
vn -0.821122 -0.474369 0.317385
vn -0.832150 -0.514508 0.206903
vn -0.797374 -0.555710 0.235332
vn -0.784917 -0.562938 0.258855
vn -0.773458 -0.591003 0.229081
vn -0.728238 -0.639329 0.246837
vn -0.731810 -0.626673 0.267834
vn -0.708684 -0.667074 0.229736
vn -0.695676 -0.654830 0.295352
vn -0.670306 -0.690436 0.272006
vn -0.729696 -0.626100 0.274849
vn -0.689753 -0.656221 0.305965
vn -0.655106 -0.697031 0.291519
vn -0.609678 -0.734553 0.297867
vn -0.593968 -0.775342 0.214585
vn -0.661157 -0.706844 0.251481
vn -0.663438 -0.705897 0.248114
vn -0.021759 -0.000779 0.999763
vn -0.018258 -0.000952 0.999833
vn 0.027550 0.000211 0.999620
vn 0.076664 -0.000350 0.997057
vn 0.095172 -0.001291 0.995460
vn 0.119784 -0.000276 0.992800
vn 0.159192 0.000102 0.987248
vn 0.185914 -0.000588 0.982566
vn 0.174421 0.000193 0.984671
vn 0.208321 0.000020 0.978061
vn -0.061880 0.000093 0.998084
vn -0.108166 -0.000162 0.994133
vn -0.131427 -0.000923 0.991325
vn -0.157264 -0.000079 0.987557
vn -0.209632 0.000072 0.977780
vn -0.242928 -0.000845 0.970044
vn -0.264728 -0.000080 0.964323
vn -0.307411 0.000033 0.951577
vn -0.336859 -0.000378 0.941555
vn -0.351300 -0.000824 0.936263
vn -0.351300 0.000772 0.936263
vn -0.388007 -0.000080 0.921656
vn -0.431960 0.000055 0.901893
vn -0.455144 0.000760 0.890418
vn -0.473660 0.000119 0.880708
vn -0.514065 -0.000171 0.857751
vn -0.553124 0.000672 0.833099
vn -0.553663 0.000646 0.832741
vn -0.593236 -0.000126 0.805028
vn -0.629540 0.000245 0.776968
vn -0.643976 0.000851 0.765045
vn -0.663903 0.000114 0.747819
vn -0.696368 -0.000078 0.717685
vn -0.726531 0.000764 0.687133
vn -0.740880 -0.000140 0.671637
vn -0.794346 0.000197 0.607465
vn -0.799724 0.000675 0.600367
vn -0.841364 -0.000403 0.540469
vn -0.862612 0.001028 0.505865
vn -0.887197 -0.000864 0.461390
vn -0.914384 0.001085 0.404845
vn -0.929721 -0.000813 0.368263
vn -0.954375 0.001011 0.298608
vn -0.961946 -0.000636 0.273239
vn -0.982068 0.000783 0.188525
vn -0.984421 -0.000257 0.175828
vn -0.997148 0.000364 0.075471
vn -0.997107 0.000299 0.076010
vn -0.999594 -0.000276 -0.028493
vn -0.999297 0.000860 -0.037483
vn -0.991046 -0.000885 -0.133515
vn -0.990958 -0.000794 -0.134172
vn -0.982621 0.000323 -0.185625
vn -0.977445 0.002222 -0.211181
vn -0.970149 -0.000879 -0.242509
vn -0.956087 0.000479 -0.293081
vn -0.949293 -0.000682 -0.314393
vn -0.942283 0.000390 -0.334816
vn -0.931756 -0.000356 -0.363086
vn -0.923122 0.000372 -0.384506
vn -0.913518 -0.000294 -0.406799
vn -0.903588 0.000690 -0.428403
vn -0.901418 0.000212 -0.432949
vn -0.892977 -0.000370 -0.450102
vn -0.889003 -0.000029 -0.457902
vn -0.879749 0.000039 -0.475438
vn -0.365725 -0.000369 0.930723
vn -0.394404 0.000042 0.918937
vn -0.423413 -0.000051 0.905937
vn -0.452284 -0.000667 0.891874
vn -0.455144 -0.000780 0.890417
vn -0.494254 0.000219 0.869318
vn -0.548172 -0.000408 0.836366
vn -0.553124 -0.000660 0.833099
vn -0.598960 0.000260 0.800779
vn -0.645560 -0.000665 0.763710
vn -0.643977 -0.000566 0.765045
vn -0.689862 0.000231 0.723941
vn -0.726531 -0.000745 0.687133
vn -0.730007 -0.000524 0.683439
vn -0.767463 0.000198 0.641093
vn -0.801017 -0.000835 0.598642
vn -0.799724 -0.000722 0.600367
vn -0.832838 0.000198 0.553517
vn -0.862612 -0.000734 0.505866
vn -0.873721 0.000483 0.486427
vn -0.914385 -0.000553 0.404846
vn -0.918774 0.000168 0.394783
vn -0.953711 -0.000182 0.300724
vn -0.954376 -0.000375 0.298608
vn -0.979269 0.000312 0.202562
vn -0.982068 -0.000914 0.188525
vn -0.994774 0.000817 0.102098
vn -0.997106 -0.001409 0.076010
vn -0.999999 0.001291 -0.000982
vn -0.999296 -0.001849 -0.037483
vn -0.994369 0.001756 -0.105958
vn -0.958171 -0.000235 -0.286196
vn -0.941746 0.000224 -0.336324
vn -0.878886 -0.000022 -0.477032
vn -0.871437 0.000034 -0.490507
vn -0.870567 -0.000029 -0.492051
vn -0.864283 0.000020 -0.503007
vn -0.863398 -0.000045 -0.504523
vn -0.858977 -0.000010 -0.512014
vn -0.857829 -0.000095 -0.513935
vn -0.854175 -0.000063 -0.519985
vn -0.852897 -0.000160 -0.522080
vn -0.912509 -0.000519 -0.409057
vn -0.971034 -0.001451 -0.238939
vn -0.343357 0.000461 0.939205
vn -0.299596 -0.000135 0.954066
vn -0.256929 0.000347 0.966430
vn -0.242928 0.000846 0.970044
vn -0.215136 0.000094 0.976584
vn -0.175015 -0.000070 0.984566
vn -0.137704 0.000619 0.990473
vn -0.131427 0.000876 0.991325
vn -0.100601 0.000101 0.994927
vn -0.065954 -0.000059 0.997823
vn -0.034584 0.000438 0.999402
vn -0.018258 0.001035 0.999833
vn 0.009383 0.000029 0.999956
vn 0.062965 0.000027 0.998016
vn 0.095172 0.001264 0.995460
vn 0.107269 0.000653 0.994230
vn 0.146348 -0.000112 0.989233
vn 0.176932 0.000329 0.984223
vn 0.214929 0.000097 0.976630
vn 0.232005 0.000011 0.972715
vn 0.233878 0.000032 0.972266
vn 0.244915 -0.000024 0.969544
vn 0.246069 -0.000010 0.969252
vn 0.256063 -0.000061 0.966660
vn 0.257696 -0.000042 0.966226
vn 0.267305 -0.000091 0.963612
vn 0.002544 -0.000547 0.999997
vn -0.018502 -0.000016 0.999829
vn -0.054014 -0.000010 0.998540
vn -0.085238 -0.000819 0.996360
vn -0.095010 -0.001341 0.995475
vn -0.095010 0.001299 0.995475
vn -0.106679 0.000767 0.994293
vn -0.136972 0.000027 0.990575
vn -0.171084 -0.000040 0.985256
vn -0.199592 0.001388 0.979878
vn -0.185252 -0.000347 0.982691
vn -0.229022 0.000000 0.973421
vn -0.117151 -0.000470 0.993114
vn -0.145725 0.000041 0.989325
vn -0.166425 -0.000065 0.986054
vn -0.189922 -0.000780 0.981799
vn -0.236314 -0.000107 0.971677
vn -0.252497 0.000021 0.967598
vn -0.255301 -0.000021 0.966862
vn -0.256565 -0.000011 0.966527
vn -0.076720 0.000476 0.997053
vn -0.044963 -0.000094 0.998989
vn -0.007041 0.000200 0.999975
vn 0.018417 0.001030 0.999830
vn 0.034371 0.000379 0.999409
vn 0.077970 -0.000161 0.996956
vn 0.131497 0.000682 0.991316
vn 0.128169 0.000852 0.991752
vn 0.168187 0.000034 0.985755
vn 0.200589 -0.000031 0.979676
vn 0.234612 0.000538 0.972089
vn 0.242994 0.000837 0.970027
vn 0.269387 0.000137 0.963032
vn 0.306041 -0.000103 0.952018
vn 0.341759 0.000396 0.939787
vn 0.351360 0.000732 0.936240
vn 0.351360 -0.000804 0.936240
vn 0.361004 -0.000453 0.932564
vn 0.396789 0.000084 0.917910
vn 0.432953 -0.000159 0.901417
vn 0.455199 -0.000808 0.890389
vn 0.467894 -0.000354 0.883785
vn 0.501914 0.000101 0.864917
vn 0.535299 -0.000225 0.844663
vn 0.553172 -0.000829 0.833066
vn 0.567708 -0.000301 0.823230
vn 0.598798 0.000098 0.800900
vn 0.628223 -0.000249 0.778033
vn 0.644019 -0.000847 0.765009
vn 0.670208 0.000231 0.742173
vn 0.721334 -0.000328 0.692588
vn 0.726567 -0.000691 0.687095
vn 0.767996 0.000315 0.640454
vn 0.799753 -0.000875 0.600328
vn 0.809431 -0.000171 0.587215
vn 0.846519 0.000119 0.532358
vn 0.862635 -0.001031 0.505826
vn 0.878885 0.000146 0.477034
vn 0.907267 -0.000206 0.420554
vn 0.914402 -0.001083 0.404807
vn 0.932153 0.000312 0.362064
vn 0.952343 -0.000607 0.305028
vn 0.954387 -0.001056 0.298571
vn 0.969713 0.000374 0.244245
vn 0.982075 -0.001136 0.188489
vn 0.982798 -0.000859 0.184682
vn 0.992656 0.000384 0.120970
vn 0.997108 -0.001522 0.075977
vn 0.998231 -0.000328 0.059450
vn 0.999989 0.000257 -0.004764
vn 0.999988 0.000246 -0.004942
vn 0.998197 -0.000368 -0.060028
vn 0.998789 0.000598 -0.049205
vn 0.993330 -0.000420 -0.115303
vn 0.376269 0.000046 0.926510
vn 0.410656 -0.000165 0.911790
vn 0.445430 0.000389 0.895317
vn 0.455199 0.000766 0.890390
vn 0.480985 0.000083 0.876729
vn 0.516279 -0.000056 0.856421
vn 0.549160 0.000589 0.835717
vn 0.553172 0.000765 0.833066
vn 0.580864 0.000024 0.814000
vn 0.611053 -0.000064 0.791590
vn 0.644019 0.000673 0.765009
vn 0.653647 0.000138 0.756800
vn 0.706919 -0.000129 0.707294
vn 0.726567 0.000883 0.687095
vn 0.754754 -0.000264 0.656008
vn 0.797348 0.000513 0.603520
vn 0.799754 0.000722 0.600328
vn 0.836373 -0.000298 0.548161
vn 0.862635 0.000926 0.505826
vn 0.869742 0.000258 0.493507
vn 0.899506 -0.000182 0.436908
vn 0.914402 0.001126 0.404807
vn 0.925169 -0.000040 0.379555
vn 0.946913 0.000043 0.321489
vn 0.954387 0.001261 0.298571
vn 0.965148 -0.000246 0.261706
vn 0.979402 0.000397 0.201918
vn 0.982074 0.001325 0.188489
vn 0.990211 -0.000436 0.139577
vn 0.996878 0.000970 0.078956
vn 0.997109 0.001245 0.075977
vn 0.999907 -0.000550 0.013627
vn 0.983627 -0.000297 -0.180219
vn 0.983541 -0.000337 -0.180684
vn 0.991977 0.000424 -0.126419
vn 0.991045 -0.000336 -0.133531
vn 0.997600 0.000269 -0.069236
vn 0.969868 0.000298 -0.243631
vn 0.971784 -0.000721 -0.235873
vn 0.979878 0.000807 -0.199596
vn 0.951225 -0.000969 -0.308496
vn 0.954209 -0.000240 -0.299140
vn 0.964645 0.000410 -0.263554
vn 0.942912 0.000273 -0.333042
vn 0.929952 -0.000456 -0.367681
vn 0.922988 0.000478 -0.384829
vn 0.911583 -0.000165 -0.411116
vn 0.904656 0.000264 -0.426142
vn 0.902747 0.000013 -0.430173
vn 0.899850 -0.000147 -0.436199
vn 0.911855 -0.000120 -0.410513
vn 0.892814 0.000128 -0.450425
vn 0.888041 -0.000140 -0.459764
vn 0.881102 0.000134 -0.472926
vn 0.876522 -0.000128 -0.481361
vn 0.870557 0.000114 -0.492068
vn 0.866775 -0.000107 -0.498699
vn 0.861968 0.000092 -0.506963
vn 0.859227 -0.000073 -0.511595
vn 0.857574 -0.000003 -0.514360
vn 0.857297 -0.000019 -0.514821
vn 0.945329 0.000939 -0.326116
vn 0.325353 -0.000122 0.945592
vn 0.289517 0.000072 0.957173
vn 0.254599 -0.000446 0.967047
vn 0.242994 -0.000849 0.970027
vn 0.220323 -0.000218 0.975427
vn 0.187034 0.000081 0.982353
vn 0.155498 -0.000223 0.987836
vn 0.131497 -0.000896 0.991316
vn 0.125336 -0.000668 0.992114
vn 0.081021 0.000223 0.996712
vn 0.028775 -0.000480 0.999586
vn 0.018417 -0.000973 0.999830
f 2616//1 2615//1 2795//1
f 2796//2 2616//2 2795//2
f 2617//3 2616//3 2796//3
f 2797//4 2617//4 2796//4
f 2618//5 2617//5 2797//5
f 2798//6 2618//6 2797//6
f 2620//7 2618//7 2798//7
f 2800//8 2620//8 2798//8
f 2622//9 2620//9 2800//9
f 2801//10 2622//10 2800//10
f 2623//11 2622//11 2801//11
f 2803//12 2623//12 2801//12
f 2623//13 2803//13 2704//13
f 2680//14 2623//14 2704//14
f 2650//15 2623//15 2680//15
f 2704//16 2803//16 2806//16
f 2623//17 2650//17 2627//17
f 2805//18 2806//18 2803//18
f 2801//19 2805//19 2803//19
f 2800//20 2805//20 2801//20
f 2800//21 2798//21 2795//21
f 2804//22 2800//22 2795//22
f 2805//23 2800//23 2804//23
f 2807//24 2805//24 2804//24
f 2808//25 2805//25 2807//25
f 2795//26 2798//26 2797//26
f 2796//27 2795//27 2797//27
f 2802//28 2804//28 2795//28
f 2794//29 2802//29 2795//29
f 2799//30 2802//30 2794//30
f 2793//31 2799//31 2794//31
f 2791//32 2799//32 2793//32
f 2799//33 2791//33 2790//33
f 2792//34 2799//34 2790//34
f 2789//35 2792//35 2790//35
f 2788//36 2792//36 2789//36
f 2792//37 2788//37 2787//37
f 2786//38 2792//38 2787//38
f 2785//39 2792//39 2786//39
f 2805//40 2808//40 2809//40
f 2754//41 2785//41 2786//41
f 2735//42 2754//42 2786//42
f 2695//43 2754//43 2735//43
f 2669//44 2695//44 2735//44
f 2662//45 2695//45 2669//45
f 2605//46 2662//46 2669//46
f 2604//47 2662//47 2605//47
f 2735//48 2786//48 2787//48
f 2736//49 2735//49 2787//49
f 2669//50 2735//50 2736//50
f 2667//51 2669//51 2736//51
f 2606//52 2669//52 2667//52
f 2608//53 2606//53 2667//53
f 2609//54 2608//54 2667//54
f 2666//55 2609//55 2667//55
f 2610//56 2609//56 2666//56
f 2664//57 2610//57 2666//57
f 2611//58 2610//58 2664//58
f 2663//59 2611//59 2664//59
f 2612//60 2611//60 2663//60
f 2709//61 2612//61 2663//61
f 2614//62 2612//62 2709//62
f 2736//63 2787//63 2788//63
f 2789//64 2736//64 2788//64
f 2742//65 2736//65 2789//65
f 2790//66 2742//66 2789//66
f 2745//67 2742//67 2790//67
f 2791//68 2745//68 2790//68
f 2746//69 2745//69 2791//69
f 2793//70 2746//70 2791//70
f 2794//71 2746//71 2793//71
f 2746//72 2794//72 2709//72
f 2663//73 2746//73 2709//73
f 2664//74 2746//74 2663//74
f 2669//75 2606//75 2605//75
f 2745//76 2746//76 2664//76
f 2666//77 2745//77 2664//77
f 2742//78 2745//78 2666//78
f 2667//79 2742//79 2666//79
f 2736//80 2742//80 2667//80
f 2809//81 2808//81 2812//81
f 2860//82 2809//82 2812//82
f 2909//83 2809//83 2860//83
f 2906//84 2909//84 2860//84
f 2955//85 2909//85 2906//85
f 2850//86 2955//86 2906//86
f 2904//87 2955//87 2850//87
f 2847//88 2904//88 2850//88
f 2900//89 2904//89 2847//89
f 2845//90 2900//90 2847//90
f 2899//91 2900//91 2845//91
f 2802//92 2899//92 2845//92
f 2799//93 2899//93 2802//93
f 2860//94 2812//94 2808//94
f 2807//95 2860//95 2808//95
f 2906//96 2860//96 2807//96
f 2850//97 2906//97 2807//97
f 2847//98 2850//98 2807//98
f 2804//99 2847//99 2807//99
f 2845//100 2847//100 2804//100
f 2802//101 2845//101 2804//101
f 2943//102 2899//102 2799//102
f 2792//103 2943//103 2799//103
f 2997//104 2943//104 2792//104
f 2810//105 2997//105 2792//105
f 2870//106 2997//106 2810//106
f 2785//107 2870//107 2810//107
f 2922//108 2870//108 2785//108
f 2732//109 2922//109 2785//109
f 2811//110 2922//110 2732//110
f 2755//111 2811//111 2732//111
f 2830//112 2811//112 2755//112
f 2775//113 2830//113 2755//113
f 2863//114 2830//114 2775//114
f 2691//115 2863//115 2775//115
f 2767//116 2863//116 2691//116
f 2642//117 2767//117 2691//117
f 2725//118 2767//118 2642//118
f 2657//119 2725//119 2642//119
f 2748//120 2725//120 2657//120
f 2690//121 2748//121 2657//121
f 2772//122 2748//122 2690//122
f 2733//123 2772//123 2690//123
f 2827//124 2772//124 2733//124
f 2770//125 2827//125 2733//125
f 2882//126 2827//126 2770//126
f 2832//127 2882//127 2770//127
f 2926//128 2882//128 2832//128
f 2893//129 2926//129 2832//129
f 2977//130 2926//130 2893//130
f 2938//131 2977//131 2893//131
f 3054//132 2977//132 2938//132
f 2810//133 2792//133 2785//133
f 2658//134 2732//134 2785//134
f 2754//135 2658//135 2785//135
f 2695//136 2658//136 2754//136
f 2583//137 2658//137 2695//137
f 2662//138 2583//138 2695//138
f 2604//139 2583//139 2662//139
f 2514//140 2583//140 2604//140
f 2607//141 2514//141 2604//141
f 2446//142 2514//142 2607//142
f 2382//143 2446//143 2607//143
f 2396//144 2446//144 2382//144
f 2320//145 2396//145 2382//145
f 2337//146 2396//146 2320//146
f 2260//147 2337//147 2320//147
f 2229//148 2337//148 2260//148
f 2252//149 2229//149 2260//149
f 2320//150 2252//150 2260//150
f 2273//151 2252//151 2320//151
f 2305//152 2273//152 2320//152
f 2276//153 2273//153 2305//153
f 2485//154 2276//154 2305//154
f 2275//155 2276//155 2485//155
f 2424//156 2275//156 2485//156
f 2268//157 2275//157 2424//157
f 2363//158 2268//158 2424//158
f 2257//159 2268//159 2363//159
f 2294//160 2257//160 2363//160
f 2246//161 2257//161 2294//161
f 2232//162 2246//162 2294//162
f 2489//163 2232//163 2294//163
f 2437//164 2232//164 2489//164
f 2501//165 2437//165 2489//165
f 2452//166 2437//166 2501//166
f 2513//167 2452//167 2501//167
f 2467//168 2452//168 2513//168
f 2520//169 2467//169 2513//169
f 2476//170 2467//170 2520//170
f 2512//171 2476//171 2520//171
f 2425//172 2476//172 2512//172
f 2420//173 2425//173 2512//173
f 2376//174 2425//174 2420//174
f 2323//175 2376//175 2420//175
f 2317//176 2376//176 2323//176
f 2266//177 2317//177 2323//177
f 2248//178 2317//178 2266//178
f 2204//179 2248//179 2266//179
f 2182//180 2248//180 2204//180
f 2136//181 2182//181 2204//181
f 2113//182 2182//182 2136//182
f 2064//183 2113//183 2136//183
f 2120//184 2113//184 2064//184
f 2596//185 2382//185 2607//185
f 2613//186 2596//186 2607//186
f 2541//187 2596//187 2613//187
f 2619//188 2541//188 2613//188
f 2485//189 2541//189 2619//189
f 2621//190 2485//190 2619//190
f 2424//191 2485//191 2621//191
f 2624//192 2424//192 2621//192
f 2363//193 2424//193 2624//193
f 2598//194 2363//194 2624//194
f 2553//195 2363//195 2598//195
f 2625//196 2553//196 2598//196
f 2558//197 2553//197 2625//197
f 2628//198 2558//198 2625//198
f 2501//199 2558//199 2628//199
f 2569//200 2501//200 2628//200
f 2513//201 2501//201 2569//201
f 2629//202 2513//202 2569//202
f 2579//203 2513//203 2629//203
f 2630//204 2579//204 2629//204
f 2520//205 2579//205 2630//205
f 2512//206 2520//206 2630//206
f 2598//207 2624//207 2625//207
f 2569//208 2628//208 2629//208
f 2266//209 2323//209 2227//209
f 2199//210 2266//210 2227//210
f 2204//211 2266//211 2199//211
f 2125//212 2204//212 2199//212
f 2136//213 2204//213 2125//213
f 2048//214 2136//214 2125//214
f 2064//215 2136//215 2048//215
f 2003//216 2064//216 2048//216
f 2125//217 2003//217 2048//217
f 2044//218 2003//218 2125//218
f 2122//219 2044//219 2125//219
f 2038//220 2044//220 2122//220
f 2138//221 2038//221 2122//221
f 2035//222 2038//222 2138//222
f 2122//223 2199//223 2227//223
f 2138//224 2122//224 2227//224
f 2038//225 2035//225 1853//225
f 1951//226 2038//226 1853//226
f 2044//227 2038//227 1951//227
f 2003//228 2044//228 1951//228
f 1951//229 1853//229 1932//229
f 2003//230 1951//230 1932//230
f 2164//231 2113//231 2120//231
f 2150//232 2164//232 2120//232
f 2219//233 2164//233 2150//233
f 2279//234 2219//234 2150//234
f 2286//235 2219//235 2279//235
f 2345//236 2286//236 2279//236
f 2358//237 2286//237 2345//237
f 2412//238 2358//238 2345//238
f 2425//239 2358//239 2412//239
f 2476//240 2425//240 2412//240
f 2279//241 2150//241 2192//241
f 2334//242 2279//242 2192//242
f 2345//243 2279//243 2334//243
f 2400//244 2345//244 2334//244
f 2412//245 2345//245 2400//245
f 2467//246 2412//246 2400//246
f 2476//247 2412//247 2467//247
f 2334//248 2192//248 2212//248
f 2388//249 2334//249 2212//249
f 2400//250 2334//250 2388//250
f 2452//251 2400//251 2388//251
f 2467//252 2400//252 2452//252
f 2437//253 2388//253 2212//253
f 2232//254 2437//254 2212//254
f 2293//255 2337//255 2229//255
f 2202//256 2293//256 2229//256
f 2223//257 2293//257 2202//257
f 2146//258 2223//258 2202//258
f 2231//259 2223//259 2146//259
f 2153//260 2231//260 2146//260
f 2243//261 2231//261 2153//261
f 2169//262 2243//262 2153//262
f 2267//263 2243//263 2169//263
f 2205//264 2267//264 2169//264
f 2289//265 2267//265 2205//265
f 2230//266 2289//266 2205//266
f 2335//267 2289//267 2230//267
f 2270//268 2335//268 2230//268
f 2378//269 2335//269 2270//269
f 2357//270 2378//270 2270//270
f 2472//271 2378//271 2357//271
f 2153//272 2146//272 2080//272
f 2071//273 2153//273 2080//273
f 2169//274 2153//274 2071//274
f 2093//275 2169//275 2071//275
f 2205//276 2169//276 2093//276
f 2135//277 2205//277 2093//277
f 2230//278 2205//278 2135//278
f 2162//279 2230//279 2135//279
f 2270//280 2230//280 2162//280
f 2235//281 2270//281 2162//281
f 2357//282 2270//282 2235//282
f 2071//283 2080//283 2002//283
f 1978//284 2071//284 2002//284
f 2093//285 2071//285 1978//285
f 2005//286 2093//286 1978//286
f 2135//287 2093//287 2005//287
f 2051//288 2135//288 2005//288
f 2162//289 2135//289 2051//289
f 2114//290 2162//290 2051//290
f 2235//291 2162//291 2114//291
f 1978//292 2002//292 1901//292
f 1836//293 1978//293 1901//293
f 2005//294 1978//294 1836//294
f 1914//295 2005//295 1836//295
f 2051//296 2005//296 1914//296
f 1961//297 2051//297 1914//297
f 2114//298 2051//298 1961//298
f 1719//299 1914//299 1836//299
f 1729//300 1719//300 1836//300
f 1653//301 1719//301 1729//301
f 1653//302 1538//302 1773//302
f 1719//303 1653//303 1773//303
f 1914//304 1719//304 1773//304
f 1961//305 1914//305 1773//305
f 2472//306 2585//306 2575//306
f 2477//307 2472//307 2575//307
f 2378//308 2472//308 2477//308
f 2429//309 2378//309 2477//309
f 2335//310 2378//310 2429//310
f 2397//311 2335//311 2429//311
f 2289//312 2335//312 2397//312
f 2362//313 2289//313 2397//313
f 2267//314 2289//314 2362//314
f 2336//315 2267//315 2362//315
f 2243//316 2267//316 2336//316
f 2313//317 2243//317 2336//317
f 2231//318 2243//318 2313//318
f 2300//319 2231//319 2313//319
f 2223//320 2231//320 2300//320
f 2380//321 2223//321 2300//321
f 2293//322 2223//322 2380//322
f 2483//323 2293//323 2380//323
f 2411//324 2293//324 2483//324
f 2466//325 2411//325 2483//325
f 2396//326 2411//326 2466//326
f 2446//327 2396//327 2466//327
f 2686//328 2575//328 2585//328
f 2710//329 2686//329 2585//329
f 2777//330 2686//330 2710//330
f 2829//331 2777//331 2710//331
f 2893//332 2777//332 2829//332
f 2938//333 2893//333 2829//333
f 3079//334 2977//334 3054//334
f 3160//335 3079//335 3054//335
f 3188//336 3079//336 3160//336
f 3292//337 3188//337 3160//337
f 3296//338 3188//338 3292//338
f 3452//339 3296//339 3292//339
f 3435//340 3296//340 3452//340
f 3629//341 3435//341 3452//341
f 3627//342 3435//342 3629//342
f 3783//343 3627//343 3629//343
f 3633//344 3627//344 3783//344
f 3783//345 3629//345 3945//345
f 3435//346 3627//346 3633//346
f 3556//347 3435//347 3633//347
f 3471//348 3435//348 3556//348
f 3493//349 3471//349 3556//349
f 3427//350 3471//350 3493//350
f 3359//351 3471//351 3427//351
f 3371//352 3359//352 3427//352
f 3241//353 3359//353 3371//353
f 3280//354 3241//354 3371//354
f 3176//355 3241//355 3280//355
f 3218//356 3176//356 3280//356
f 3113//357 3176//357 3218//357
f 3154//358 3113//358 3218//358
f 3073//359 3113//359 3154//359
f 3108//360 3073//360 3154//360
f 3039//361 3073//361 3108//361
f 3145//362 3039//362 3108//362
f 3077//363 3039//363 3145//363
f 3155//364 3077//364 3145//364
f 3137//365 3077//365 3155//365
f 3280//366 3371//366 3323//366
f 3286//367 3280//367 3323//367
f 3218//368 3280//368 3286//368
f 3249//369 3218//369 3286//369
f 3230//370 3218//370 3249//370
f 3230//371 3172//371 3202//371
f 3154//372 3230//372 3202//372
f 3218//373 3230//373 3154//373
f 3172//374 3155//374 3145//374
f 3108//375 3172//375 3145//375
f 3202//376 3172//376 3108//376
f 3154//377 3202//377 3108//377
f 3129//378 3077//378 3137//378
f 3126//379 3129//379 3137//379
f 3068//380 3129//380 3126//380
f 3095//381 3068//381 3126//381
f 3035//382 3068//382 3095//382
f 3069//383 3035//383 3095//383
f 3001//384 3035//384 3069//384
f 3125//385 3001//385 3069//385
f 3138//386 3001//386 3125//386
f 3095//387 3126//387 3120//387
f 3069//388 3095//388 3120//388
f 3069//389 3120//389 3117//389
f 3119//390 3069//390 3117//390
f 3125//391 3069//391 3119//391
f 3152//392 3001//392 3138//392
f 3158//393 3152//393 3138//393
f 3094//394 3152//394 3158//394
f 3189//395 3094//395 3158//395
f 3225//396 3094//396 3189//396
f 3274//397 3094//397 3225//397
f 3254//398 3274//398 3225//398
f 3298//399 3274//399 3254//399
f 3274//400 3298//400 3362//400
f 3326//401 3274//401 3362//401
f 3270//402 3274//402 3326//402
f 3318//403 3270//403 3326//403
f 3265//404 3270//404 3318//404
f 3384//405 3265//405 3318//405
f 3317//406 3265//406 3384//406
f 3356//407 3317//407 3384//407
f 3264//408 3317//408 3356//408
f 3238//409 3264//409 3356//409
f 3214//410 3264//410 3238//410
f 3114//411 3214//411 3238//411
f 3149//412 3214//412 3114//412
f 3100//413 3149//413 3114//413
f 3057//414 3149//414 3100//414
f 2998//415 3057//415 3100//415
f 2993//416 3057//416 2998//416
f 2942//417 2993//417 2998//417
f 2943//418 2993//418 2942//418
f 2899//419 2943//419 2942//419
f 3396//420 3326//420 3362//420
f 3444//421 3396//421 3362//421
f 3450//422 3396//422 3444//422
f 3518//423 3450//423 3444//423
f 3570//424 3450//424 3518//424
f 3584//425 3570//425 3518//425
f 3649//426 3570//426 3584//426
f 3645//427 3649//427 3584//427
f 3759//428 3649//428 3645//428
f 3744//429 3759//429 3645//429
f 3821//430 3759//430 3744//430
f 3518//431 3444//431 3535//431
f 3584//432 3518//432 3535//432
f 3839//433 3759//433 3821//433
f 3941//434 3839//434 3821//434
f 4076//435 3839//435 3941//435
f 4061//436 4076//436 3941//436
f 4147//437 4076//437 4061//437
f 4076//438 4147//438 4225//438
f 3759//439 3839//439 3630//439
f 3649//440 3759//440 3630//440
f 3570//441 3649//441 3630//441
f 3496//442 3570//442 3630//442
f 3511//443 3570//443 3496//443
f 3446//444 3511//444 3496//444
f 3389//445 3511//445 3446//445
f 3318//446 3389//446 3446//446
f 3326//447 3389//447 3318//447
f 3384//448 3446//448 3496//448
f 3356//449 3384//449 3496//449
f 3060//450 3100//450 3114//450
f 3010//451 3060//451 3114//451
f 3002//452 3060//452 3010//452
f 2955//453 3002//453 3010//453
f 2904//454 3002//454 2955//454
f 2955//455 3010//455 2909//455
f 3060//456 2998//456 3100//456
f 2945//457 3060//457 3002//457
f 2904//458 2945//458 3002//458
f 2900//459 2945//459 2904//459
f 3097//460 3214//460 3149//460
f 3057//461 3097//461 3149//461
f 3055//462 3097//462 3057//462
f 2993//463 3055//463 3057//463
f 2997//464 3055//464 2993//464
f 2943//465 2997//465 2993//465
f 3146//466 3264//466 3214//466
f 3097//467 3146//467 3214//467
f 3098//468 3146//468 3097//468
f 3055//469 3098//469 3097//469
f 3059//470 3098//470 3055//470
f 2997//471 3059//471 3055//471
f 2870//472 3059//472 2997//472
f 3213//473 3317//473 3264//473
f 3146//474 3213//474 3264//474
f 3151//475 3213//475 3146//475
f 3098//476 3151//476 3146//476
f 3102//477 3151//477 3098//477
f 3059//478 3102//478 3098//478
f 2922//479 3102//479 3059//479
f 2870//480 2922//480 3059//480
f 3384//481 3318//481 3446//481
f 3511//482 3450//482 3570//482
f 3389//483 3450//483 3511//483
f 2945//484 2942//484 2998//484
f 3060//485 2945//485 2998//485
f 2900//486 2942//486 2945//486
f 3265//487 3317//487 3213//487
f 3216//488 3265//488 3213//488
f 3270//489 3265//489 3216//489
f 3227//490 3270//490 3216//490
f 3274//491 3270//491 3227//491
f 3094//492 3274//492 3227//492
f 3151//493 3216//493 3213//493
f 3389//494 3396//494 3450//494
f 3326//495 3396//495 3389//495
f 2900//496 2899//496 2942//496
f 3157//497 3216//497 3151//497
f 3102//498 3157//498 3151//498
f 2975//499 3157//499 3102//499
f 2922//500 2975//500 3102//500
f 2811//501 2975//501 2922//501
f 3227//502 3216//502 3157//502
f 3046//503 3227//503 3157//503
f 3094//504 3227//504 3046//504
f 2934//505 3094//505 3046//505
f 3001//506 3094//506 2934//506
f 2964//507 3001//507 2934//507
f 3035//508 3001//508 2964//508
f 2990//509 3035//509 2964//509
f 3068//510 3035//510 2990//510
f 2928//511 3068//511 2990//511
f 2996//512 3068//512 2928//512
f 2887//513 2996//513 2928//513
f 2956//514 2996//514 2887//514
f 2915//515 2956//515 2887//515
f 2986//516 2956//516 2915//516
f 2946//517 2986//517 2915//517
f 3044//518 2986//518 2946//518
f 2992//519 3044//519 2946//519
f 3084//520 3044//520 2992//520
f 3056//521 3084//521 2992//521
f 3136//522 3084//522 3056//522
f 3109//523 3136//523 3056//523
f 3224//524 3136//524 3109//524
f 3188//525 3224//525 3109//525
f 3296//526 3224//526 3188//526
f 2975//527 3046//527 3157//527
f 2879//528 3046//528 2975//528
f 2811//529 2879//529 2975//529
f 2830//530 2879//530 2811//530
f 3094//531 3001//531 3152//531
f 2382//532 2596//532 2541//532
f 2305//533 2382//533 2541//533
f 2320//534 2382//534 2305//534
f 2514//535 2446//535 2466//535
f 2526//536 2514//536 2466//536
f 2583//537 2514//537 2526//537
f 2593//538 2583//538 2526//538
f 2658//539 2583//539 2593//539
f 2684//540 2658//540 2593//540
f 2732//541 2658//541 2684//541
f 2755//542 2732//542 2684//542
f 2934//543 3046//543 2879//543
f 2901//544 2934//544 2879//544
f 2964//545 2934//545 2901//545
f 2929//546 2964//546 2901//546
f 2990//547 2964//547 2929//547
f 2857//548 2990//548 2929//548
f 2928//549 2990//549 2857//549
f 2784//550 2928//550 2857//550
f 2887//551 2928//551 2784//551
f 2833//552 2887//552 2784//552
f 2915//553 2887//553 2833//553
f 2876//554 2915//554 2833//554
f 2946//555 2915//555 2876//555
f 2914//556 2946//556 2876//556
f 2992//557 2946//557 2914//557
f 2959//558 2992//558 2914//558
f 3056//559 2992//559 2959//559
f 3015//560 3056//560 2959//560
f 3109//561 3056//561 3015//561
f 3079//562 3109//562 3015//562
f 3188//563 3109//563 3079//563
f 2830//564 2901//564 2879//564
f 2305//565 2541//565 2485//565
f 2553//566 2489//566 2294//566
f 2363//567 2553//567 2294//567
f 2558//568 2501//568 2489//568
f 2553//569 2558//569 2489//569
f 2437//570 2452//570 2388//570
f 2164//571 2182//571 2113//571
f 2237//572 2164//572 2219//572
f 2286//573 2237//573 2219//573
f 2299//574 2237//574 2286//574
f 2358//575 2299//575 2286//575
f 2376//576 2299//576 2358//576
f 2425//577 2376//577 2358//577
f 2237//578 2248//578 2182//578
f 2164//579 2237//579 2182//579
f 2299//580 2248//580 2237//580
f 2125//581 2199//581 2122//581
f 2299//582 2376//582 2317//582
f 2248//583 2299//583 2317//583
f 2513//584 2579//584 2520//584
f 2337//585 2411//585 2396//585
f 2526//586 2466//586 2483//586
f 2555//587 2526//587 2483//587
f 2593//588 2526//588 2555//588
f 2641//589 2593//589 2555//589
f 2684//590 2593//590 2641//590
f 2694//591 2684//591 2641//591
f 2755//592 2684//592 2694//592
f 2775//593 2755//593 2694//593
f 2863//594 2929//594 2901//594
f 2830//595 2863//595 2901//595
f 2996//596 3077//596 3129//596
f 3068//597 2996//597 3129//597
f 2767//598 2857//598 2929//598
f 2863//599 2767//599 2929//599
f 2603//600 2775//600 2694//600
f 2525//601 2603//601 2694//601
f 2471//602 2603//602 2525//602
f 2389//603 2471//603 2525//603
f 2408//604 2471//604 2389//604
f 2313//605 2408//605 2389//605
f 2336//606 2408//606 2313//606
f 2525//607 2694//607 2641//607
f 2462//608 2525//608 2641//608
f 2389//609 2525//609 2462//609
f 2300//610 2389//610 2462//610
f 2313//611 2389//611 2300//611
f 2462//612 2641//612 2555//612
f 2380//613 2462//613 2555//613
f 2300//614 2462//614 2380//614
f 2380//615 2555//615 2483//615
f 2411//616 2337//616 2293//616
f 2691//617 2775//617 2603//617
f 2546//618 2691//618 2603//618
f 2642//619 2691//619 2546//619
f 2571//620 2642//620 2546//620
f 2657//621 2642//621 2571//621
f 2590//622 2657//622 2571//622
f 2690//623 2657//623 2590//623
f 2645//624 2690//624 2590//624
f 2733//625 2690//625 2645//625
f 2683//626 2733//626 2645//626
f 2770//627 2733//627 2683//627
f 2731//628 2770//628 2683//628
f 2832//629 2770//629 2731//629
f 2777//630 2832//630 2731//630
f 2893//631 2832//631 2777//631
f 2471//632 2546//632 2603//632
f 2725//633 2784//633 2857//633
f 2767//634 2725//634 2857//634
f 2956//635 3039//635 3077//635
f 2996//636 2956//636 3077//636
f 2487//637 2546//637 2471//637
f 2408//638 2487//638 2471//638
f 2427//639 2487//639 2408//639
f 2336//640 2427//640 2408//640
f 2362//641 2427//641 2336//641
f 2748//642 2833//642 2784//642
f 2725//643 2748//643 2784//643
f 2986//644 3073//644 3039//644
f 2956//645 2986//645 3039//645
f 3044//646 3113//646 3073//646
f 2986//647 3044//647 3073//647
f 2772//648 2876//648 2833//648
f 2748//649 2772//649 2833//649
f 2506//650 2571//650 2487//650
f 2427//651 2506//651 2487//651
f 2454//652 2506//652 2427//652
f 2362//653 2454//653 2427//653
f 2397//654 2454//654 2362//654
f 2546//655 2487//655 2571//655
f 2590//656 2571//656 2506//656
f 2535//657 2590//657 2506//657
f 2645//658 2590//658 2535//658
f 2581//659 2645//659 2535//659
f 2683//660 2645//660 2581//660
f 2640//661 2683//661 2581//661
f 2731//662 2683//662 2640//662
f 2686//663 2731//663 2640//663
f 2777//664 2731//664 2686//664
f 2454//665 2535//665 2506//665
f 2827//666 2914//666 2876//666
f 2772//667 2827//667 2876//667
f 3084//668 3176//668 3113//668
f 3044//669 3084//669 3113//669
f 2488//670 2535//670 2454//670
f 2397//671 2488//671 2454//671
f 2429//672 2488//672 2397//672
f 2882//673 2959//673 2914//673
f 2827//674 2882//674 2914//674
f 3136//675 3241//675 3176//675
f 3084//676 3136//676 3176//676
f 2581//677 2535//677 2488//677
f 2523//678 2581//678 2488//678
f 2640//679 2581//679 2523//679
f 2575//680 2640//680 2523//680
f 2686//681 2640//681 2575//681
f 2429//682 2523//682 2488//682
f 2926//683 3015//683 2959//683
f 2882//684 2926//684 2959//684
f 3241//685 3136//685 3224//685
f 3329//686 3241//686 3224//686
f 3359//687 3241//687 3329//687
f 3471//688 3359//688 3329//688
f 2477//689 2575//689 2523//689
f 2429//690 2477//690 2523//690
f 2977//691 3079//691 3015//691
f 2926//692 2977//692 3015//692
f 3329//693 3435//693 3471//693
f 3296//694 3435//694 3329//694
f 3224//695 3296//695 3329//695
f 3433//696 3424//696 4598//696
f 4601//697 3433//697 4598//697
f 4597//698 3433//698 4601//698
f 3424//699 3406//699 4544//699
f 4577//700 3424//700 4544//700
f 4598//701 3424//701 4577//701
f 3406//702 3354//702 4367//702
f 4435//703 3406//703 4367//703
f 4502//704 3406//704 4435//704
f 3354//705 3300//705 4225//705
f 4296//706 3354//706 4225//706
f 4367//707 3354//707 4296//707
f 4076//708 4225//708 3300//708
f 3242//709 4076//709 3300//709
f 3839//710 4076//710 3242//710
f 3630//711 3839//711 3242//711
f 3183//712 3630//712 3242//712
f 3496//713 3630//713 3183//713
f 3106//714 3496//714 3183//714
f 3356//715 3496//715 3106//715
f 3047//716 3356//716 3106//716
f 3238//717 3356//717 3047//717
f 2961//718 3238//718 3047//718
f 3114//719 3238//719 2961//719
f 3010//720 3114//720 2961//720
f 2889//721 3010//721 2961//721
f 2909//722 3010//722 2889//722
f 2780//723 2909//723 2889//723
f 2809//724 2909//724 2780//724
f 2706//725 2809//725 2780//725
f 2630//726 2809//726 2706//726
f 2632//727 2630//727 2706//727
f 2512//728 2630//728 2632//728
f 2521//729 2512//729 2632//729
f 2420//730 2512//730 2521//730
f 2323//731 2420//731 2521//731
f 2439//732 2323//732 2521//732
f 2227//733 2323//733 2439//733
f 2364//734 2227//734 2439//734
f 2138//735 2227//735 2364//735
f 2035//736 2138//736 2364//736
f 2284//737 2035//737 2364//737
f 1908//738 2035//738 2284//738
f 2216//739 1908//739 2284//739
f 1746//740 1908//740 2216//740
f 2155//741 1746//741 2216//741
f 1603//742 1746//742 2155//742
f 1443//743 1603//743 2155//743
f 2100//744 1443//744 2155//744
f 1328//745 1443//745 2100//745
f 2054//746 1328//746 2100//746
f 1259//747 1328//747 2054//747
f 1189//748 1259//748 2054//748
f 2011//749 1189//749 2054//749
f 1139//750 1189//750 2011//750
f 1109//751 1139//751 2011//751
f 1078//752 1109//752 2011//752
f 1991//753 1078//753 2011//753
f 1059//754 1078//754 1991//754
f 1044//755 1059//755 1991//755
f 1982//756 1044//756 1991//756
f 1040//757 1044//757 1982//757
f 1043//758 1040//758 1982//758
f 1992//759 1043//759 1982//759
f 1058//760 1043//760 1992//760
f 1077//761 1058//761 1992//761
f 2012//762 1077//762 1992//762
f 1108//763 1077//763 2012//763
f 1138//764 1108//764 2012//764
f 1188//765 1138//765 2012//765
f 2055//766 1188//766 2012//766
f 1258//767 1188//767 2055//767
f 1329//768 1258//768 2055//768
f 2101//769 1329//769 2055//769
f 1447//770 1329//770 2101//770
f 2156//771 1447//771 2101//771
f 1609//772 1447//772 2156//772
f 1757//773 1609//773 2156//773
f 2217//774 1757//774 2156//774
f 1913//775 1757//775 2217//775
f 2285//776 1913//776 2217//776
f 2043//777 1913//777 2285//777
f 2367//778 2043//778 2285//778
f 2149//779 2043//779 2367//779
f 2440//780 2149//780 2367//780
f 2259//781 2149//781 2440//781
f 2377//782 2259//782 2440//782
f 2522//783 2377//783 2440//783
f 2479//784 2377//784 2522//784
f 2633//785 2479//785 2522//785
f 2587//786 2479//786 2633//786
f 2707//787 2587//787 2633//787
f 2708//788 2587//788 2707//788
f 2826//789 2708//789 2707//789
f 2781//790 2826//790 2707//790
f 2930//791 2826//791 2781//791
f 2890//792 2930//792 2781//792
f 3038//793 2930//793 2890//793
f 2962//794 3038//794 2890//794
f 3130//795 3038//795 2962//795
f 3245//796 3130//796 2962//796
f 3050//797 3245//797 2962//797
f 3373//798 3245//798 3050//798
f 3107//799 3373//799 3050//799
f 3503//800 3373//800 3107//800
f 3184//801 3503//801 3107//801
f 3652//802 3503//802 3184//802
f 3243//803 3652//803 3184//803
f 3855//804 3652//804 3243//804
f 4081//805 3855//805 3243//805
f 3301//806 4081//806 3243//806
f 4226//807 4081//807 3301//807
f 3355//808 4226//808 3301//808
f 4295//809 4226//809 3355//809
f 4366//810 4295//810 3355//810
f 3407//811 4366//811 3355//811
f 4434//812 4366//812 3407//812
f 4501//813 4434//813 3407//813
f 4543//814 4501//814 3407//814
f 3425//815 4543//815 3407//815
f 4576//816 4543//816 3425//816
f 4597//817 4576//817 3425//817
f 3433//818 4597//818 3425//818
f 2630//819 2626//819 2649//819
f 2679//820 2630//820 2649//820
f 2705//821 2630//821 2679//821
f 2705//822 2805//822 2809//822
f 2630//823 2705//823 2809//823
f 3406//824 4502//824 4544//824
f 2615//825 2616//825 2617//825
f 2618//826 2615//826 2617//826
f 2620//827 2615//827 2618//827
f 2620//828 2622//828 2626//828
f 2625//829 2620//829 2626//829
f 2615//830 2620//830 2625//830
f 2624//831 2615//831 2625//831
f 2614//832 2615//832 2624//832
f 2621//833 2614//833 2624//833
f 2612//834 2614//834 2621//834
f 2619//835 2612//835 2621//835
f 2611//836 2612//836 2619//836
f 2613//837 2611//837 2619//837
f 2610//838 2611//838 2613//838
f 2609//839 2610//839 2613//839
f 2608//840 2609//840 2613//840
f 2607//841 2608//841 2613//841
f 2606//842 2608//842 2607//842
f 2605//843 2606//843 2607//843
f 2604//844 2605//844 2607//844
f 2626//845 2622//845 2623//845
f 2627//846 2626//846 2623//846
f 2626//847 2630//847 2629//847
f 2628//848 2626//848 2629//848
f 2625//849 2626//849 2628//849
f 2649//850 2626//850 2627//850
f 2650//851 2649//851 2627//851
f 2679//852 2649//852 2650//852
f 2680//853 2679//853 2650//853
f 2705//854 2679//854 2680//854
f 2704//855 2705//855 2680//855
f 2805//856 2705//856 2704//856
f 2806//857 2805//857 2704//857
f 2709//858 2794//858 2795//858
f 2615//859 2709//859 2795//859
f 2614//860 2709//860 2615//860
f 3677//861 4694//861 4423//861
f 4319//862 3677//862 4423//862
f 4238//863 3677//863 4319//863
f 4550//864 4423//864 4694//864
f 4695//865 4550//865 4694//865
f 4631//866 4550//866 4695//866
f 4684//867 4631//867 4695//867
f 4726//868 4684//868 4695//868
f 4855//869 4684//869 4726//869
f 4878//870 4855//870 4726//870
f 4857//871 4855//871 4878//871
f 4860//872 4857//872 4878//872
f 4867//873 4860//873 4878//873
f 4869//874 4867//874 4878//874
f 4872//875 4869//875 4878//875
f 4874//876 4872//876 4878//876
f 4876//877 4874//877 4878//877
f 4877//878 4876//878 4878//878
f 4879//879 4877//879 4878//879
f 4878//880 4726//880 4725//880
f 3677//881 4238//881 4162//881
f 4082//882 3677//882 4162//882
f 3989//883 3677//883 4082//883
f 3677//884 3989//884 3888//884
f 3824//885 3677//885 3888//885
f 3787//886 3677//886 3824//886
f 3677//887 3787//887 3751//887
f 3727//888 3677//888 3751//888
f 3717//889 3677//889 3727//889
f 3677//890 3717//890 3708//890
f 3699//891 3677//891 3708//891
f 3692//892 3677//892 3699//892
f 3677//893 3692//893 3685//893
f 3682//894 3677//894 3685//894
f 3678//895 3677//895 3682//895
f 3993//896 4035//896 4018//896
f 3999//897 3993//897 4018//897
f 3981//898 3993//898 3999//898
f 4035//899 4044//899 4042//899
f 4033//900 4035//900 4042//900
f 4018//901 4035//901 4033//901
f 4040//902 4042//902 4044//902
f 4025//903 4040//903 4044//903
f 4029//904 4040//904 4025//904
f 4006//905 4029//905 4025//905
f 3978//906 4006//906 4025//906
f 3977//907 4006//907 3978//907
f 3981//908 3962//908 3964//908
f 3980//909 3981//909 3964//909
f 3993//910 3981//910 3980//910
f 3962//911 3935//911 3936//911
f 3937//912 3962//912 3936//912
f 3964//913 3962//913 3937//913
f 3935//914 3900//914 3914//914
f 3928//915 3935//915 3914//915
f 3931//916 3935//916 3928//916
f 3900//917 3869//917 3873//917
f 3883//918 3900//918 3873//918
f 3903//919 3900//919 3883//919
f 3863//920 3873//920 3869//920
f 3852//921 3863//921 3869//921
f 3853//922 3863//922 3852//922
f 3900//923 3903//923 3914//923
f 3935//924 3931//924 3936//924
f 3937//925 1351//925 3993//925
f 3980//926 3937//926 3993//926
f 3964//927 3937//927 3980//927
f 3937//928 4880//928 3857//928
f 3530//929 3937//929 3857//929
f 3313//930 3937//930 3530//930
f 4880//931 4923//931 4762//931
f 4655//932 4880//932 4762//932
f 4280//933 4880//933 4655//933
f 4762//934 4923//934 4974//934
f 5019//935 4762//935 4974//935
f 5050//936 4762//936 5019//936
f 4762//937 5050//937 5086//937
f 4864//938 4762//938 5086//938
f 4976//939 4864//939 5086//939
f 5084//940 4976//940 5086//940
f 5176//941 5084//941 5086//941
f 5262//942 5176//942 5086//942
f 5343//943 5262//943 5086//943
f 5419//944 5343//944 5086//944
f 5795//945 5419//945 5086//945
f 5494//946 5419//946 5795//946
f 5563//947 5494//947 5795//947
f 5586//948 5563//948 5795//948
f 5608//949 5586//949 5795//949
f 5617//950 5608//950 5795//950
f 5618//951 5617//951 5795//951
f 5619//952 5618//952 5795//952
f 5765//953 5619//953 5795//953
f 5642//954 5619//954 5765//954
f 5662//955 5642//955 5765//955
f 5735//956 5662//956 5765//956
f 5682//957 5662//957 5735//957
f 5708//958 5682//958 5735//958
f 4880//959 4280//959 3857//959
f 3937//960 3313//960 3142//960
f 2999//961 3937//961 3142//961
f 2864//962 3937//962 2999//962
f 3937//963 2864//963 2720//963
f 1351//964 3937//964 2720//964
f 1351//965 2720//965 2554//965
f 2409//966 1351//966 2554//966
f 2249//967 1351//967 2409//967
f 1351//968 2249//968 2085//968
f 1885//969 1351//969 2085//969
f 1604//970 1351//970 1885//970
f 1351//971 1604//971 1276//971
f 1004//972 1351//972 1276//972
f 936//973 1351//973 1004//973
f 1351//974 936//974 874//974
f 820//975 1351//975 874//975
f 755//976 1351//976 820//976
f 1351//977 755//977 689//977
f 634//978 1351//978 689//978
f 576//979 1351//979 634//979
f 214//980 1351//980 576//980
f 526//981 214//981 576//981
f 474//982 214//982 526//982
f 214//983 474//983 427//983
f 410//984 214//984 427//984
f 396//985 214//985 410//985
f 214//986 396//986 384//986
f 380//987 214//987 384//987
f 381//988 214//988 380//988
f 243//989 214//989 381//989
f 375//990 243//990 381//990
f 362//991 243//991 375//991
f 243//992 362//992 344//992
f 274//993 243//993 344//993
f 325//994 274//994 344//994
f 303//995 274//995 325//995
f 3848//996 3853//996 3852//996
f 3845//997 3848//997 3852//997
f 3843//998 3845//998 3852//998
f 2839//999 3843//999 3852//999
f 2394//1000 3843//1000 2839//1000
f 2762//1001 2394//1001 2839//1001
f 2341//1002 2394//1002 2762//1002
f 2340//1003 2341//1003 2762//1003
f 2761//1004 2340//1004 2762//1004
f 2839//1005 3852//1005 2838//1005
f 2341//1006 2348//1006 2369//1006
f 2394//1007 2341//1007 2369//1007
f 4694//1008 3677//1008 5905//1008
f 5870//1009 4694//1009 5905//1009
f 4725//1010 4694//1010 5870//1010
f 4878//1011 4725//1011 5870//1011
f 3177//1012 4878//1012 5870//1012
f 3935//1013 4878//1013 3177//1013
f 3852//1014 3935//1014 3177//1014
f 3869//1015 3935//1015 3852//1015
f 3677//1016 3679//1016 5993//1016
f 5984//1017 3677//1017 5993//1017
f 5977//1018 3677//1018 5984//1018
f 5992//1019 5993//1019 3679//1019
f 3650//1020 5992//1020 3679//1020
f 3616//1021 5992//1021 3650//1021
f 5983//1022 5992//1022 3616//1022
f 3562//1023 5983//1023 3616//1023
f 3505//1024 5983//1024 3562//1024
f 5976//1025 5983//1025 3505//1025
f 3436//1026 5976//1026 3505//1026
f 3349//1027 5976//1027 3436//1027
f 5976//1028 3349//1028 3273//1028
f 5963//1029 5976//1029 3273//1029
f 3196//1030 5963//1030 3273//1030
f 3101//1031 5963//1031 3196//1031
f 5963//1032 3101//1032 3029//1032
f 5950//1033 5963//1033 3029//1033
f 2937//1034 5950//1034 3029//1034
f 2855//1035 5950//1035 2937//1035
f 5950//1036 2855//1036 2756//1036
f 5932//1037 5950//1037 2756//1037
f 5904//1038 5932//1038 2756//1038
f 5868//1039 5904//1039 2756//1039
f 5816//1040 5868//1040 2756//1040
f 5753//1041 5816//1041 2756//1041
f 5680//1042 5753//1042 2756//1042
f 5634//1043 5680//1043 2756//1043
f 5426//1044 5634//1044 2756//1044
f 5223//1045 5426//1045 2756//1045
f 5033//1046 5223//1046 2756//1046
f 4833//1047 5033//1047 2756//1047
f 4651//1048 4833//1048 2756//1048
f 4221//1049 4651//1049 2756//1049
f 3754//1050 4221//1050 2756//1050
f 3434//1051 3754//1051 2756//1051
f 3228//1052 3434//1052 2756//1052
f 3052//1053 3228//1053 2756//1053
f 2888//1054 3052//1054 2756//1054
f 2703//1055 2888//1055 2756//1055
f 2661//1056 2703//1056 2756//1056
f 2524//1057 2703//1057 2661//1057
f 2361//1058 2524//1058 2661//1058
f 2189//1059 2361//1059 2661//1059
f 1980//1060 2189//1060 2661//1060
f 1683//1061 1980//1061 2661//1061
f 1333//1062 1683//1062 2661//1062
f 1009//1063 1333//1063 2661//1063
f 892//1064 1009//1064 2661//1064
f 788//1065 892//1065 2661//1065
f 659//1066 788//1066 2661//1066
f 520//1067 659//1067 2661//1067
f 368//1068 520//1068 2661//1068
f 327//1069 368//1069 2661//1069
f 257//1070 327//1070 2661//1070
f 190//1071 257//1071 2661//1071
f 142//1072 190//1072 2661//1072
f 105//1073 142//1073 2661//1073
f 79//1074 105//1074 2661//1074
f 2561//1075 79//1075 2661//1075
f 2473//1076 79//1076 2561//1076
f 79//1077 2473//1077 2384//1077
f 2288//1078 79//1078 2384//1078
f 2211//1079 79//1079 2288//1079
f 79//1080 2211//1080 2139//1080
f 2057//1081 79//1081 2139//1081
f 1977//1082 79//1082 2057//1082
f 79//1083 1977//1083 1910//1083
f 1849//1084 79//1084 1910//1084
f 1801//1085 79//1085 1849//1085
f 79//1086 1801//1086 1760//1086
f 56//1087 79//1087 1760//1087
f 37//1088 56//1088 1760//1088
f 24//1089 37//1089 1760//1089
f 1736//1090 24//1090 1760//1090
f 14//1091 24//1091 1736//1091
f 6//1092 14//1092 1736//1092
f 5//1093 6//1093 1736//1093
f 13//1094 5//1094 1736//1094
f 23//1095 13//1095 1736//1095
f 36//1096 23//1096 1736//1096
f 55//1097 36//1097 1736//1097
f 78//1098 55//1098 1736//1098
f 104//1099 78//1099 1736//1099
f 139//1100 104//1100 1736//1100
f 1731//1101 139//1101 1736//1101
f 2340//1102 139//1102 1731//1102
f 2220//1103 139//1103 2340//1103
f 2761//1104 2220//1104 2340//1104
f 2838//1105 2220//1105 2761//1105
f 4694//1106 2838//1106 2761//1106
f 4725//1107 2838//1107 4694//1107
f 3177//1108 3124//1108 3080//1108
f 3032//1109 3177//1109 3080//1109
f 2963//1110 3177//1110 3032//1110
f 3177//1111 2963//1111 2903//1111
f 2828//1112 3177//1112 2903//1112
f 2749//1113 3177//1113 2828//1113
f 3177//1114 2749//1114 2668//1114
f 2586//1115 3177//1115 2668//1115
f 2510//1116 3177//1116 2586//1116
f 3177//1117 2510//1117 2438//1117
f 2381//1118 3177//1118 2438//1118
f 2319//1119 3177//1119 2381//1119
f 3177//1120 2319//1120 2264//1120
f 2220//1121 3177//1121 2264//1121
f 2838//1122 3177//1122 2220//1122
f 3677//1123 5977//1123 5964//1123
f 5951//1124 3677//1124 5964//1124
f 5934//1125 3677//1125 5951//1125
f 3677//1126 5934//1126 5905//1126
f 3935//1127 3869//1127 3900//1127
f 3177//1128 2838//1128 3852//1128
f 5027//1129 5046//1129 5050//1129
f 5019//1130 5027//1130 5050//1130
f 4987//1131 5027//1131 5019//1131
f 4974//1132 4987//1132 5019//1132
f 4969//1133 4987//1133 4974//1133
f 4941//1134 4969//1134 4974//1134
f 4923//1135 4941//1135 4974//1135
f 4922//1136 4941//1136 4923//1136
f 4903//1137 4922//1137 4923//1137
f 4880//1138 4903//1138 4923//1138
f 4892//1139 4903//1139 4880//1139
f 4879//1140 4892//1140 4880//1140
f 4878//1141 4892//1141 4879//1141
f 5050//1142 5046//1142 5066//1142
f 5086//1143 5050//1143 5066//1143
f 5085//1144 5086//1144 5066//1144
f 4855//1145 4857//1145 4758//1145
f 4646//1146 4855//1146 4758//1146
f 4380//1147 4855//1147 4646//1147
f 4407//1148 4380//1148 4646//1148
f 4168//1149 4380//1149 4407//1149
f 4180//1150 4168//1150 4407//1150
f 3883//1151 4168//1151 4180//1151
f 3903//1152 3883//1152 4180//1152
f 3914//1153 3903//1153 4180//1153
f 4189//1154 3914//1154 4180//1154
f 3928//1155 3914//1155 4189//1155
f 4198//1156 3928//1156 4189//1156
f 3931//1157 3928//1157 4198//1157
f 3936//1158 3931//1158 4198//1158
f 4464//1159 3936//1159 4198//1159
f 4672//1160 3936//1160 4464//1160
f 4669//1161 4672//1161 4464//1161
f 4782//1162 4672//1162 4669//1162
f 4777//1163 4782//1163 4669//1163
f 4872//1164 4782//1164 4777//1164
f 4869//1165 4872//1165 4777//1165
f 4867//1166 4869//1166 4777//1166
f 4765//1167 4867//1167 4777//1167
f 4860//1168 4867//1168 4765//1168
f 4758//1169 4860//1169 4765//1169
f 4857//1170 4860//1170 4758//1170
f 4782//1171 4872//1171 4874//1171
f 4787//1172 4782//1172 4874//1172
f 4672//1173 4782//1173 4787//1173
f 4877//1174 4672//1174 4787//1174
f 3936//1175 4672//1175 4877//1175
f 4879//1176 3936//1176 4877//1176
f 4787//1177 4874//1177 4876//1177
f 4877//1178 4787//1178 4876//1178
f 4168//1179 3883//1179 3873//1179
f 4148//1180 4168//1180 3873//1180
f 4380//1181 4168//1181 4148//1181
f 3845//1182 4380//1182 4148//1182
f 4855//1183 4380//1183 3845//1183
f 3843//1184 4855//1184 3845//1184
f 4148//1185 3873//1185 3863//1185
f 3853//1186 4148//1186 3863//1186
f 3848//1187 4148//1187 3853//1187
f 4148//1188 3848//1188 3845//1188
f 4654//1189 4646//1189 4758//1189
f 4765//1190 4654//1190 4758//1190
f 4661//1191 4654//1191 4765//1191
f 4777//1192 4661//1192 4765//1192
f 4669//1193 4661//1193 4777//1193
f 4407//1194 4646//1194 4654//1194
f 4433//1195 4407//1195 4654//1195
f 4180//1196 4407//1196 4433//1196
f 4189//1197 4180//1197 4433//1197
f 4661//1198 4433//1198 4654//1198
f 4449//1199 4433//1199 4661//1199
f 4669//1200 4449//1200 4661//1200
f 4464//1201 4449//1201 4669//1201
f 4449//1202 4198//1202 4189//1202
f 4433//1203 4449//1203 4189//1203
f 4464//1204 4198//1204 4449//1204
f 4855//1205 3843//1205 3378//1205
f 3620//1206 4855//1206 3378//1206
f 3884//1207 4855//1207 3620//1207
f 3843//1208 2394//1208 2531//1208
f 2652//1209 3843//1209 2531//1209
f 2764//1210 3843//1210 2652//1210
f 3843//1211 2764//1211 2884//1211
f 3031//1212 3843//1212 2884//1212
f 3187//1213 3843//1213 3031//1213
f 3843//1214 3187//1214 3378//1214
f 4855//1215 3884//1215 4203//1215
f 4493//1216 4855//1216 4203//1216
f 4629//1217 4855//1217 4493//1217
f 4855//1218 4629//1218 4683//1218
f 4684//1219 4855//1219 4683//1219
f 4042//1220 4040//1220 5027//1220
f 4465//1221 4042//1221 5027//1221
f 4033//1222 4042//1222 4465//1222
f 4018//1223 4033//1223 4465//1223
f 4392//1224 4018//1224 4465//1224
f 3999//1225 4018//1225 4392//1225
f 3981//1226 3999//1226 4392//1226
f 4344//1227 3981//1227 4392//1227
f 3962//1228 3981//1228 4344//1228
f 3935//1229 3962//1229 4344//1229
f 4727//1230 3935//1230 4344//1230
f 4892//1231 3935//1231 4727//1231
f 4903//1232 4892//1232 4727//1232
f 4750//1233 4903//1233 4727//1233
f 4922//1234 4903//1234 4750//1234
f 4941//1235 4922//1235 4750//1235
f 4776//1236 4941//1236 4750//1236
f 4969//1237 4941//1237 4776//1237
f 4987//1238 4969//1238 4776//1238
f 5027//1239 4987//1239 4776//1239
f 4465//1240 5027//1240 4776//1240
f 3935//1241 4892//1241 4878//1241
f 4776//1242 4392//1242 4465//1242
f 4750//1243 4344//1243 4392//1243
f 4776//1244 4750//1244 4392//1244
f 4750//1245 4727//1245 4344//1245
f 3977//1246 3978//1246 3502//1246
f 3413//1247 3977//1247 3502//1247
f 3285//1248 3977//1248 3413//1248
f 3978//1249 3776//1249 3609//1249
f 3502//1250 3978//1250 3609//1250
f 3977//1251 3285//1251 3178//1251
f 3177//1252 3977//1252 3178//1252
f 5085//1253 3977//1253 3177//1253
f 5870//1254 5085//1254 3177//1254
f 5871//1255 5085//1255 5870//1255
f 5871//1256 5883//1256 5901//1256
f 5876//1257 5871//1257 5901//1257
f 5086//1258 5871//1258 5876//1258
f 5855//1259 5086//1259 5876//1259
f 5839//1260 5086//1260 5855//1260
f 5086//1261 5839//1261 5828//1261
f 5795//1262 5086//1262 5828//1262
f 5812//1263 5795//1263 5828//1263
f 5871//1264 5086//1264 5085//1264
f 5027//1265 4040//1265 4029//1265
f 5046//1266 5027//1266 4029//1266
f 4006//1267 5046//1267 4029//1267
f 5066//1268 5046//1268 4006//1268
f 3977//1269 5066//1269 4006//1269
f 5085//1270 5066//1270 3977//1270
f 3937//1271 3936//1271 4879//1271
f 4880//1272 3937//1272 4879//1272
f 2839//1273 2838//1273 4725//1273
f 4726//1274 2839//1274 4725//1274
f 4695//1275 4694//1275 2761//1275
f 2762//1276 4695//1276 2761//1276
f 4726//1277 4695//1277 2762//1277
f 2839//1278 4726//1278 2762//1278
f 3716//1279 3690//1279 3699//1279
f 3708//1280 3716//1280 3699//1280
f 3717//1281 3716//1281 3708//1281
f 3690//1282 3667//1282 3685//1282
f 3692//1283 3690//1283 3685//1283
f 3699//1284 3690//1284 3692//1284
f 3667//1285 3678//1285 3682//1285
f 3685//1286 3667//1286 3682//1286
f 3726//1287 3716//1287 3717//1287
f 3727//1288 3726//1288 3717//1288
f 3751//1289 3726//1289 3727//1289
f 3751//1290 3787//1290 3778//1290
f 3755//1291 3751//1291 3778//1291
f 3726//1292 3751//1292 3755//1292
f 3805//1293 3778//1293 3787//1293
f 3824//1294 3805//1294 3787//1294
f 3856//1295 3805//1295 3824//1295
f 3888//1296 3856//1296 3824//1296
f 3911//1297 3856//1297 3888//1297
f 3989//1298 3911//1298 3888//1298
f 3986//1299 3911//1299 3989//1299
f 4059//1300 3986//1300 3989//1300
f 4082//1301 4059//1301 3989//1301
f 4072//1302 4059//1302 4082//1302
f 4085//1303 4072//1303 4082//1303
f 4101//1304 4085//1304 4082//1304
f 4119//1305 4101//1305 4082//1305
f 4162//1306 4119//1306 4082//1306
f 4150//1307 4119//1307 4162//1307
f 4183//1308 4150//1308 4162//1308
f 4238//1309 4183//1309 4162//1309
f 4300//1310 4183//1310 4238//1310
f 4319//1311 4300//1311 4238//1311
f 4423//1312 4300//1312 4319//1312
f 4453//1313 4300//1313 4423//1313
f 4550//1314 4453//1314 4423//1314
f 4622//1315 4453//1315 4550//1315
f 4631//1316 4622//1316 4550//1316
f 4681//1317 4622//1317 4631//1317
f 4684//1318 4681//1318 4631//1318
f 4683//1319 4681//1319 4684//1319
f 1785//1320 1781//1320 1780//1320
f 1779//1321 1785//1321 1780//1321
f 1778//1322 1785//1322 1779//1322
f 1785//1323 1778//1323 1775//1323
f 1774//1324 1785//1324 1775//1324
f 1772//1325 1785//1325 1774//1325
f 1785//1326 1772//1326 1770//1326
f 1783//1327 1785//1327 1770//1327
f 1790//1328 1785//1328 1783//1328
f 1798//1329 1790//1329 1783//1329
f 1793//1330 1798//1330 1783//1330
f 1814//1331 1798//1331 1793//1331
f 1807//1332 1814//1332 1793//1332
f 1838//1333 1814//1333 1807//1333
f 1834//1334 1838//1334 1807//1334
f 1871//1335 1838//1335 1834//1335
f 1827//1336 1871//1336 1834//1336
f 1867//1337 1871//1337 1827//1337
f 1820//1338 1867//1338 1827//1338
f 1863//1339 1867//1339 1820//1339
f 1813//1340 1863//1340 1820//1340
f 1854//1341 1863//1341 1813//1341
f 1803//1342 1854//1342 1813//1342
f 1844//1343 1854//1343 1803//1343
f 1830//1344 1844//1344 1803//1344
f 1868//1345 1844//1345 1830//1345
f 1783//1346 1770//1346 1764//1346
f 1793//1347 1783//1347 1764//1347
f 1764//1348 1762//1348 1765//1348
f 1782//1349 1764//1349 1765//1349
f 1793//1350 1764//1350 1782//1350
f 1807//1351 1793//1351 1782//1351
f 1765//1352 1762//1352 1754//1352
f 1753//1353 1765//1353 1754//1353
f 1782//1354 1765//1354 1753//1354
f 1768//1355 1782//1355 1753//1355
f 1797//1356 1782//1356 1768//1356
f 1787//1357 1797//1357 1768//1357
f 1827//1358 1797//1358 1787//1358
f 1820//1359 1827//1359 1787//1359
f 1753//1360 1754//1360 1748//1360
f 1768//1361 1753//1361 1748//1361
f 1748//1362 1741//1362 1759//1362
f 1771//1363 1748//1363 1759//1363
f 1787//1364 1748//1364 1771//1364
f 1820//1365 1787//1365 1771//1365
f 1741//1366 1732//1366 1763//1366
f 1771//1367 1741//1367 1763//1367
f 1759//1368 1741//1368 1771//1368
f 1763//1369 1732//1369 1791//1369
f 1803//1370 1763//1370 1791//1370
f 1813//1371 1763//1371 1803//1371
f 1803//1372 1791//1372 1830//1372
f 1882//1373 1844//1373 1868//1373
f 1895//1374 1882//1374 1868//1374
f 1923//1375 1882//1375 1895//1375
f 1957//1376 1923//1376 1895//1376
f 1967//1377 1923//1377 1957//1377
f 2020//1378 1967//1378 1957//1378
f 2039//1379 1967//1379 2020//1379
f 2075//1380 2039//1380 2020//1380
f 2097//1381 2039//1381 2075//1381
f 2137//1382 2097//1382 2075//1382
f 2183//1383 2097//1383 2137//1383
f 2225//1384 2183//1384 2137//1384
f 2265//1385 2183//1385 2225//1385
f 2258//1386 2183//1386 2265//1386
f 2295//1387 2258//1387 2265//1387
f 2255//1388 2258//1388 2295//1388
f 2302//1389 2255//1389 2295//1389
f 2304//1390 2255//1390 2302//1390
f 2247//1391 2255//1391 2304//1391
f 2309//1392 2247//1392 2304//1392
f 2308//1393 2247//1393 2309//1393
f 2247//1394 2308//1394 2306//1394
f 2236//1395 2247//1395 2306//1395
f 2172//1396 2247//1396 2236//1396
f 2163//1397 2172//1397 2236//1397
f 2094//1398 2172//1398 2163//1398
f 2084//1399 2094//1399 2163//1399
f 2045//1400 2094//1400 2084//1400
f 2037//1401 2045//1401 2084//1401
f 1975//1402 2045//1402 2037//1402
f 1972//1403 1975//1403 2037//1403
f 1939//1404 1975//1404 1972//1404
f 1940//1405 1939//1405 1972//1405
f 1900//1406 1939//1406 1940//1406
f 1906//1407 1900//1407 1940//1407
f 1867//1408 1900//1408 1906//1408
f 1871//1409 1867//1409 1906//1409
f 2236//1410 2306//1410 2307//1410
f 2301//1411 2236//1411 2307//1411
f 2318//1412 2236//1412 2301//1412
f 2312//1413 2318//1413 2301//1413
f 2310//1414 2312//1414 2301//1414
f 2307//1415 2310//1415 2301//1415
f 2318//1416 2324//1416 2341//1416
f 2109//1417 2318//1417 2341//1417
f 2236//1418 2318//1418 2109//1418
f 2163//1419 2236//1419 2109//1419
f 2341//1420 2324//1420 2333//1420
f 2339//1421 2341//1421 2333//1421
f 2351//1422 2341//1422 2339//1422
f 2343//1423 2351//1423 2339//1423
f 2350//1424 2351//1424 2343//1424
f 2351//1425 2350//1425 2353//1425
f 2341//1426 2351//1426 2346//1426
f 2348//1427 2341//1427 2346//1427
f 2084//1428 2163//1428 2109//1428
f 1962//1429 2084//1429 2109//1429
f 2037//1430 2084//1430 1962//1430
f 1972//1431 2037//1431 1962//1431
f 1940//1432 1972//1432 1962//1432
f 1878//1433 1940//1433 1962//1433
f 1906//1434 1940//1434 1878//1434
f 1871//1435 1906//1435 1878//1435
f 1871//1436 1878//1436 1838//1436
f 1768//1437 1748//1437 1787//1437
f 1797//1438 1807//1438 1782//1438
f 1813//1439 1820//1439 1771//1439
f 1763//1440 1813//1440 1771//1440
f 1797//1441 1834//1441 1807//1441
f 1827//1442 1834//1442 1797//1442
f 1888//1443 1854//1443 1844//1443
f 1882//1444 1888//1444 1844//1444
f 1929//1445 1888//1445 1882//1445
f 1923//1446 1929//1446 1882//1446
f 1969//1447 1929//1447 1923//1447
f 1967//1448 1969//1448 1923//1448
f 2046//1449 1969//1449 1967//1449
f 2039//1450 2046//1450 1967//1450
f 2103//1451 2046//1451 2039//1451
f 2097//1452 2103//1452 2039//1452
f 2187//1453 2103//1453 2097//1453
f 2183//1454 2187//1454 2097//1454
f 2258//1455 2187//1455 2183//1455
f 1863//1456 1900//1456 1867//1456
f 1894//1457 1863//1457 1854//1457
f 1888//1458 1894//1458 1854//1458
f 1933//1459 1894//1459 1888//1459
f 1929//1460 1933//1460 1888//1460
f 1974//1461 1933//1461 1929//1461
f 1969//1462 1974//1462 1929//1462
f 2047//1463 1974//1463 1969//1463
f 2046//1464 2047//1464 1969//1464
f 2102//1465 2047//1465 2046//1465
f 2103//1466 2102//1466 2046//1466
f 2180//1467 2102//1467 2103//1467
f 2187//1468 2180//1468 2103//1468
f 2255//1469 2180//1469 2187//1469
f 2258//1470 2255//1470 2187//1470
f 1894//1471 1939//1471 1900//1471
f 1863//1472 1894//1472 1900//1472
f 1933//1473 1939//1473 1894//1473
f 1933//1474 1975//1474 1939//1474
f 1974//1475 1975//1475 1933//1475
f 1974//1476 2045//1476 1975//1476
f 2047//1477 2045//1477 1974//1477
f 2047//1478 2094//1478 2045//1478
f 2102//1479 2094//1479 2047//1479
f 2102//1480 2172//1480 2094//1480
f 2180//1481 2172//1481 2102//1481
f 2180//1482 2247//1482 2172//1482
f 2255//1483 2247//1483 2180//1483
f 2198//1484 2225//1484 2137//1484
f 2157//1485 2198//1485 2137//1485
f 2132//1486 2157//1486 2137//1486
f 2075//1487 2132//1487 2137//1487
f 2088//1488 2132//1488 2075//1488
f 2020//1489 2088//1489 2075//1489
f 2061//1490 2088//1490 2020//1490
f 2025//1491 2061//1491 2020//1491
f 1983//1492 2025//1492 2020//1492
f 1937//1493 1983//1493 2020//1493
f 1957//1494 1937//1494 2020//1494
f 1889//1495 1937//1495 1957//1495
f 1733//1496 1889//1496 1957//1496
f 1895//1497 1733//1497 1957//1497
f 1868//1498 1733//1498 1895//1498
f 1733//1499 1868//1499 1830//1499
f 1791//1500 1733//1500 1830//1500
f 1732//1501 1733//1501 1791//1501
f 3030//1502 3031//1502 2884//1502
f 2883//1503 3030//1503 2884//1503
f 3028//1504 3030//1504 2883//1504
f 3027//1505 3028//1505 2883//1505
f 3182//1506 3028//1506 3027//1506
f 3180//1507 3182//1507 3027//1507
f 3370//1508 3182//1508 3180//1508
f 3366//1509 3370//1509 3180//1509
f 3615//1510 3370//1510 3366//1510
f 3604//1511 3615//1511 3366//1511
f 3364//1512 3604//1512 3366//1512
f 3363//1513 3604//1513 3364//1513
f 3175//1514 3363//1514 3364//1514
f 3173//1515 3363//1515 3175//1515
f 3022//1516 3173//1516 3175//1516
f 3020//1517 3173//1517 3022//1517
f 2877//1518 3020//1518 3022//1518
f 3018//1519 3020//1519 2877//1519
f 3027//1520 2883//1520 2881//1520
f 2878//1521 3027//1521 2881//1521
f 3024//1522 3027//1522 2878//1522
f 3023//1523 3024//1523 2878//1523
f 3179//1524 3024//1524 3023//1524
f 3175//1525 3179//1525 3023//1525
f 3364//1526 3179//1526 3175//1526
f 3022//1527 3023//1527 2878//1527
f 2877//1528 3022//1528 2878//1528
f 3169//1529 3020//1529 3018//1529
f 3168//1530 3169//1530 3018//1530
f 3360//1531 3169//1531 3168//1531
f 3358//1532 3360//1532 3168//1532
f 3596//1533 3360//1533 3358//1533
f 3360//1534 3596//1534 3600//1534
f 3361//1535 3360//1535 3600//1535
f 3169//1536 3360//1536 3361//1536
f 3173//1537 3169//1537 3361//1537
f 3020//1538 3169//1538 3173//1538
f 3361//1539 3600//1539 3604//1539
f 3363//1540 3361//1540 3604//1540
f 3173//1541 3361//1541 3363//1541
f 3375//1542 3370//1542 3615//1542
f 3620//1543 3375//1543 3615//1543
f 3378//1544 3375//1544 3620//1544
f 3186//1545 3375//1545 3378//1545
f 3187//1546 3186//1546 3378//1546
f 3030//1547 3186//1547 3187//1547
f 3031//1548 3030//1548 3187//1548
f 3022//1549 3175//1549 3023//1549
f 3024//1550 3180//1550 3027//1550
f 3179//1551 3180//1551 3024//1551
f 3028//1552 3186//1552 3030//1552
f 3182//1553 3186//1553 3028//1553
f 3179//1554 3366//1554 3180//1554
f 3364//1555 3366//1555 3179//1555
f 3182//1556 3375//1556 3186//1556
f 3370//1557 3375//1557 3182//1557
f 2652//1558 2531//1558 2532//1558
f 2697//1559 2652//1559 2532//1559
f 2764//1560 2652//1560 2697//1560
f 2883//1561 2764//1561 2697//1561
f 2884//1562 2764//1562 2883//1562
f 2697//1563 2532//1563 2533//1563
f 2698//1564 2697//1564 2533//1564
f 2883//1565 2697//1565 2698//1565
f 2881//1566 2883//1566 2698//1566
f 2699//1567 2881//1567 2698//1567
f 2878//1568 2881//1568 2699//1568
f 2760//1569 2878//1569 2699//1569
f 2877//1570 2878//1570 2760//1570
f 2698//1571 2533//1571 2534//1571
f 2699//1572 2698//1572 2534//1572
f 2534//1573 2536//1573 2653//1573
f 2699//1574 2534//1574 2653//1574
f 2699//1575 2653//1575 2760//1575
f 2463//1576 2536//1576 2534//1576
f 2518//1577 2463//1577 2534//1577
f 2451//1578 2463//1578 2518//1578
f 2517//1579 2451//1579 2518//1579
f 2450//1580 2451//1580 2517//1580
f 2516//1581 2450//1581 2517//1581
f 2445//1582 2450//1582 2516//1582
f 2515//1583 2445//1583 2516//1583
f 2443//1584 2445//1584 2515//1584
f 2394//1585 2443//1585 2515//1585
f 2369//1586 2443//1586 2394//1586
f 2517//1587 2518//1587 2534//1587
f 2533//1588 2517//1588 2534//1588
f 2516//1589 2517//1589 2533//1589
f 2532//1590 2516//1590 2533//1590
f 2515//1591 2516//1591 2532//1591
f 2531//1592 2515//1592 2532//1592
f 2394//1593 2515//1593 2531//1593
f 2369//1594 2348//1594 2368//1594
f 2445//1595 2369//1595 2368//1595
f 2443//1596 2369//1596 2445//1596
f 2370//1597 2368//1597 2348//1597
f 2346//1598 2370//1598 2348//1598
f 2371//1599 2370//1599 2346//1599
f 2463//1600 2371//1600 2346//1600
f 2451//1601 2371//1601 2463//1601
f 2463//1602 2346//1602 2351//1602
f 2450//1603 2371//1603 2451//1603
f 2445//1604 2368//1604 2370//1604
f 2450//1605 2445//1605 2370//1605
f 2450//1606 2370//1606 2371//1606
f 4681//1607 4683//1607 4629//1607
f 4638//1608 4681//1608 4629//1608
f 4622//1609 4681//1609 4638//1609
f 4474//1610 4622//1610 4638//1610
f 4458//1611 4622//1611 4474//1611
f 4266//1612 4458//1612 4474//1612
f 4261//1613 4458//1613 4266//1613
f 4020//1614 4261//1614 4266//1614
f 4014//1615 4261//1615 4020//1615
f 3736//1616 4014//1616 4020//1616
f 3729//1617 4014//1617 3736//1617
f 3697//1618 3729//1618 3736//1618
f 3691//1619 3729//1619 3697//1619
f 3600//1620 3691//1620 3697//1620
f 3687//1621 3691//1621 3600//1621
f 3684//1622 3687//1622 3600//1622
f 3723//1623 3687//1623 3684//1623
f 3721//1624 3723//1624 3684//1624
f 3990//1625 3723//1625 3721//1625
f 3984//1626 3990//1626 3721//1626
f 4233//1627 3990//1627 3984//1627
f 4227//1628 4233//1628 3984//1628
f 4300//1629 4233//1629 4227//1629
f 4183//1630 4300//1630 4227//1630
f 3984//1631 4183//1631 4227//1631
f 3912//1632 4183//1632 3984//1632
f 3721//1633 3912//1633 3984//1633
f 3665//1634 3912//1634 3721//1634
f 3684//1635 3665//1635 3721//1635
f 3596//1636 3665//1636 3684//1636
f 3600//1637 3596//1637 3684//1637
f 4474//1638 4638//1638 4629//1638
f 4493//1639 4474//1639 4629//1639
f 4279//1640 4474//1640 4493//1640
f 4203//1641 4279//1641 4493//1641
f 4038//1642 4279//1642 4203//1642
f 3884//1643 4038//1643 4203//1643
f 3758//1644 4038//1644 3884//1644
f 3620//1645 3758//1645 3884//1645
f 3715//1646 3758//1646 3620//1646
f 3615//1647 3715//1647 3620//1647
f 3712//1648 3715//1648 3615//1648
f 3706//1649 3712//1649 3615//1649
f 3750//1650 3712//1650 3706//1650
f 3740//1651 3750//1651 3706//1651
f 4031//1652 3750//1652 3740//1652
f 4020//1653 4031//1653 3740//1653
f 4266//1654 4031//1654 4020//1654
f 3706//1655 3615//1655 3604//1655
f 3700//1656 3706//1656 3604//1656
f 3740//1657 3706//1657 3700//1657
f 3736//1658 3740//1658 3700//1658
f 4020//1659 3740//1659 3736//1659
f 3697//1660 3700//1660 3604//1660
f 3600//1661 3697//1661 3604//1661
f 4237//1662 4233//1662 4300//1662
f 4453//1663 4237//1663 4300//1663
f 4425//1664 4237//1664 4453//1664
f 4438//1665 4425//1665 4453//1665
f 4256//1666 4425//1666 4438//1666
f 4261//1667 4256//1667 4438//1667
f 4014//1668 4256//1668 4261//1668
f 4438//1669 4453//1669 4622//1669
f 4458//1670 4438//1670 4622//1670
f 4261//1671 4438//1671 4458//1671
f 4244//1672 4237//1672 4425//1672
f 4256//1673 4244//1673 4425//1673
f 4003//1674 4244//1674 4256//1674
f 4014//1675 4003//1675 4256//1675
f 3729//1676 4003//1676 4014//1676
f 4279//1677 4031//1677 4266//1677
f 4474//1678 4279//1678 4266//1678
f 4237//1679 3990//1679 4233//1679
f 3996//1680 4237//1680 4244//1680
f 4003//1681 3996//1681 4244//1681
f 3725//1682 3996//1682 4003//1682
f 3729//1683 3725//1683 4003//1683
f 3691//1684 3725//1684 3729//1684
f 4038//1685 3750//1685 4031//1685
f 4279//1686 4038//1686 4031//1686
f 3996//1687 3723//1687 3990//1687
f 4237//1688 3996//1688 3990//1688
f 3725//1689 3723//1689 3996//1689
f 3758//1690 3712//1690 3750//1690
f 4038//1691 3758//1691 3750//1691
f 3758//1692 3715//1692 3712//1692
f 3700//1693 3697//1693 3736//1693
f 3725//1694 3687//1694 3723//1694
f 3691//1695 3687//1695 3725//1695
f 2875//1696 2877//1696 2760//1696
f 2700//1697 2875//1697 2760//1697
f 2701//1698 2875//1698 2700//1698
f 2540//1699 2701//1699 2700//1699
f 2542//1700 2701//1700 2540//1700
f 2700//1701 2760//1701 2653//1701
f 2537//1702 2700//1702 2653//1702
f 2540//1703 2700//1703 2537//1703
f 2537//1704 2653//1704 2536//1704
f 2542//1705 2544//1705 2654//1705
f 2702//1706 2542//1706 2654//1706
f 2701//1707 2542//1707 2702//1707
f 2874//1708 2701//1708 2702//1708
f 2875//1709 2701//1709 2874//1709
f 2702//1710 2654//1710 2759//1710
f 2873//1711 2702//1711 2759//1711
f 2874//1712 2702//1712 2873//1712
f 2873//1713 2759//1713 2872//1713
f 2490//1714 2537//1714 2536//1714
f 2463//1715 2490//1715 2536//1715
f 2353//1716 2490//1716 2463//1716
f 2351//1717 2353//1717 2463//1717
f 2491//1718 2490//1718 2353//1718
f 2350//1719 2491//1719 2353//1719
f 2496//1720 2491//1720 2350//1720
f 2497//1721 2496//1721 2350//1721
f 2540//1722 2496//1722 2497//1722
f 2542//1723 2540//1723 2497//1723
f 2434//1724 2542//1724 2497//1724
f 2544//1725 2542//1725 2434//1725
f 2497//1726 2350//1726 2343//1726
f 2434//1727 2497//1727 2343//1727
f 2434//1728 2343//1728 2339//1728
f 2491//1729 2496//1729 2540//1729
f 2537//1730 2491//1730 2540//1730
f 2490//1731 2491//1731 2537//1731
f 3665//1732 3596//1732 3757//1732
f 3930//1733 3665//1733 3757//1733
f 3912//1734 3665//1734 3930//1734
f 3949//1735 3912//1735 3930//1735
f 4073//1736 3912//1736 3949//1736
f 3930//1737 4073//1737 3949//1737
f 4062//1738 4073//1738 3930//1738
f 3913//1739 4062//1739 3930//1739
f 4052//1740 4062//1740 3913//1740
f 3899//1741 4052//1741 3913//1741
f 4037//1742 4052//1742 3899//1742
f 3879//1743 4037//1743 3899//1743
f 4022//1744 4037//1744 3879//1744
f 4059//1745 4022//1745 3879//1745
f 4074//1746 4022//1746 4059//1746
f 4072//1747 4074//1747 4059//1747
f 4085//1748 4074//1748 4072//1748
f 3746//1749 3757//1749 3596//1749
f 3587//1750 3746//1750 3596//1750
f 3731//1751 3746//1751 3587//1751
f 3576//1752 3731//1752 3587//1752
f 3724//1753 3731//1753 3576//1753
f 3666//1754 3724//1754 3576//1754
f 3827//1755 3724//1755 3666//1755
f 3666//1756 3576//1756 3563//1756
f 3879//1757 3724//1757 3827//1757
f 4059//1758 3879//1758 3827//1758
f 4085//1759 4101//1759 4084//1759
f 4037//1760 4085//1760 4084//1760
f 4022//1761 4085//1761 4037//1761
f 4101//1762 4119//1762 4095//1762
f 4052//1763 4101//1763 4095//1763
f 4037//1764 4101//1764 4052//1764
f 4107//1765 4095//1765 4119//1765
f 4150//1766 4107//1766 4119//1766
f 4115//1767 4107//1767 4150//1767
f 4183//1768 4115//1768 4150//1768
f 4123//1769 4115//1769 4183//1769
f 3912//1770 4123//1770 4183//1770
f 4115//1771 4123//1771 3912//1771
f 4073//1772 4115//1772 3912//1772
f 4107//1773 4115//1773 4073//1773
f 4062//1774 4107//1774 4073//1774
f 4095//1775 4107//1775 4062//1775
f 4052//1776 4095//1776 4062//1776
f 4074//1777 4085//1777 4022//1777
f 3724//1778 3879//1778 3899//1778
f 3731//1779 3724//1779 3899//1779
f 3746//1780 3930//1780 3757//1780
f 3731//1781 3899//1781 3913//1781
f 3746//1782 3731//1782 3913//1782
f 3746//1783 3913//1783 3930//1783
f 4037//1784 4084//1784 4101//1784
f 3479//1785 3587//1785 3596//1785
f 3358//1786 3479//1786 3596//1786
f 3357//1787 3479//1787 3358//1787
f 3168//1788 3357//1788 3358//1788
f 3170//1789 3357//1789 3168//1789
f 3018//1790 3170//1790 3168//1790
f 3021//1791 3170//1791 3018//1791
f 2877//1792 3021//1792 3018//1792
f 2875//1793 3021//1793 2877//1793
f 3016//1794 3021//1794 2875//1794
f 2874//1795 3016//1795 2875//1795
f 3009//1796 3016//1796 2874//1796
f 3008//1797 3009//1797 2874//1797
f 3162//1798 3009//1798 3008//1798
f 3161//1799 3162//1799 3008//1799
f 3342//1800 3162//1800 3161//1800
f 3008//1801 2874//1801 2873//1801
f 3007//1802 3008//1802 2873//1802
f 3161//1803 3008//1803 3007//1803
f 3007//1804 2873//1804 2872//1804
f 3342//1805 3563//1805 3465//1805
f 3347//1806 3342//1806 3465//1806
f 3162//1807 3342//1807 3347//1807
f 3165//1808 3162//1808 3347//1808
f 3009//1809 3162//1809 3165//1809
f 3016//1810 3009//1810 3165//1810
f 3465//1811 3563//1811 3576//1811
f 3473//1812 3465//1812 3576//1812
f 3347//1813 3465//1813 3473//1813
f 3348//1814 3347//1814 3473//1814
f 3165//1815 3347//1815 3348//1815
f 3167//1816 3165//1816 3348//1816
f 3016//1817 3165//1817 3167//1817
f 3021//1818 3016//1818 3167//1818
f 3473//1819 3576//1819 3587//1819
f 3477//1820 3473//1820 3587//1820
f 3348//1821 3473//1821 3477//1821
f 3352//1822 3348//1822 3477//1822
f 3167//1823 3348//1823 3352//1823
f 3170//1824 3167//1824 3352//1824
f 3021//1825 3167//1825 3170//1825
f 3479//1826 3477//1826 3587//1826
f 3479//1827 3352//1827 3477//1827
f 3352//1828 3479//1828 3357//1828
f 3170//1829 3352//1829 3357//1829
f 3678//1830 3667//1830 3668//1830
f 3669//1831 3678//1831 3668//1831
f 3670//1832 3678//1832 3669//1832
f 3678//1833 3670//1833 3671//1833
f 3672//1834 3678//1834 3671//1834
f 3673//1835 3678//1835 3672//1835
f 3678//1836 3673//1836 3674//1836
f 3675//1837 3678//1837 3674//1837
f 3676//1838 3678//1838 3675//1838
f 3678//1839 3676//1839 3680//1839
f 3679//1840 3678//1840 3680//1840
f 3677//1841 3678//1841 3679//1841
f 3007//1842 2872//1842 2544//1842
f 2434//1843 3007//1843 2544//1843
f 2339//1844 3007//1844 2434//1844
f 3161//1845 3007//1845 2339//1845
f 2333//1846 3161//1846 2339//1846
f 3342//1847 3161//1847 2333//1847
f 2324//1848 3342//1848 2333//1848
f 3563//1849 3342//1849 2324//1849
f 2318//1850 3563//1850 2324//1850
f 3666//1851 3563//1851 2318//1851
f 3827//1852 3666//1852 2318//1852
f 2312//1853 3827//1853 2318//1853
f 4059//1854 3827//1854 2312//1854
f 2310//1855 4059//1855 2312//1855
f 3986//1856 4059//1856 2310//1856
f 2307//1857 3986//1857 2310//1857
f 3911//1858 3986//1858 2307//1858
f 2306//1859 3911//1859 2307//1859
f 3856//1860 3911//1860 2306//1860
f 2308//1861 3856//1861 2306//1861
f 3805//1862 3856//1862 2308//1862
f 3048//1863 3042//1863 3647//1863
f 3680//1864 3048//1864 3647//1864
f 3040//1865 3048//1865 3680//1865
f 3011//1866 3040//1866 3680//1866
f 2981//1867 3011//1867 3680//1867
f 3676//1868 2981//1868 3680//1868
f 2950//1869 2981//1869 3676//1869
f 2910//1870 2950//1870 3676//1870
f 2865//1871 2910//1871 3676//1871
f 2813//1872 2865//1872 3676//1872
f 2737//1873 2813//1873 3676//1873
f 1889//1874 2737//1874 3676//1874
f 2674//1875 2737//1875 1889//1875
f 2599//1876 2674//1876 1889//1876
f 2549//1877 2599//1877 1889//1877
f 1733//1878 2549//1878 1889//1878
f 2492//1879 2549//1879 1733//1879
f 2456//1880 2492//1880 1733//1880
f 2174//1881 2456//1881 1733//1881
f 2415//1882 2456//1882 2174//1882
f 2390//1883 2415//1883 2174//1883
f 2372//1884 2390//1884 2174//1884
f 2365//1885 2372//1885 2174//1885
f 2176//1886 2365//1886 2174//1886
f 2374//1887 2365//1887 2176//1887
f 2392//1888 2374//1888 2176//1888
f 2417//1889 2392//1889 2176//1889
f 2087//1890 2417//1890 2176//1890
f 2458//1891 2417//1891 2087//1891
f 2168//1892 2458//1892 2087//1892
f 2250//1893 2458//1893 2168//1893
f 3042//1894 3013//1894 3561//1894
f 3614//1895 3042//1895 3561//1895
f 3647//1896 3042//1896 3614//1896
f 3013//1897 2983//1897 3426//1897
f 3499//1898 3013//1898 3426//1898
f 3561//1899 3013//1899 3499//1899
f 2983//1900 2952//1900 3258//1900
f 3339//1901 2983//1901 3258//1901
f 3426//1902 2983//1902 3339//1902
f 3163//1903 3258//1903 2952//1903
f 2912//1904 3163//1904 2952//1904
f 3085//1905 3163//1905 2912//1905
f 2867//1906 3085//1906 2912//1906
f 3000//1907 3085//1907 2867//1907
f 2916//1908 3000//1908 2867//1908
f 2815//1909 2916//1909 2867//1909
f 2825//1910 2916//1910 2815//1910
f 2739//1911 2825//1911 2815//1911
f 2728//1912 2825//1912 2739//1912
f 2676//1913 2728//1913 2739//1913
f 2635//1914 2728//1914 2676//1914
f 2601//1915 2635//1915 2676//1915
f 2519//1916 2635//1916 2601//1916
f 2432//1917 2519//1917 2601//1917
f 2551//1918 2432//1918 2601//1918
f 2342//1919 2432//1919 2551//1919
f 2494//1920 2342//1920 2551//1920
f 2250//1921 2342//1921 2494//1921
f 2458//1922 2250//1922 2494//1922
f 2174//1923 1733//1923 1734//1923
f 2176//1924 1766//1924 1817//1924
f 1872//1925 2176//1925 1817//1925
f 1936//1926 2176//1926 1872//1926
f 2176//1927 1936//1927 2010//1927
f 2087//1928 2176//1928 2010//1928
f 1937//1929 1889//1929 3676//1929
f 3675//1930 1937//1930 3676//1930
f 1983//1931 1937//1931 3675//1931
f 3674//1932 1983//1932 3675//1932
f 2025//1933 1983//1933 3674//1933
f 3673//1934 2025//1934 3674//1934
f 2061//1935 2025//1935 3673//1935
f 3672//1936 2061//1936 3673//1936
f 2088//1937 2061//1937 3672//1937
f 3671//1938 2088//1938 3672//1938
f 2132//1939 2088//1939 3671//1939
f 3670//1940 2132//1940 3671//1940
f 3690//1941 3716//1941 2295//1941
f 2265//1942 3690//1942 2295//1942
f 3667//1943 3690//1943 2265//1943
f 2225//1944 3667//1944 2265//1944
f 3668//1945 3667//1945 2225//1945
f 2198//1946 3668//1946 2225//1946
f 3669//1947 3668//1947 2198//1947
f 2157//1948 3669//1948 2198//1948
f 3670//1949 3669//1949 2157//1949
f 2132//1950 3670//1950 2157//1950
f 3778//1951 3805//1951 2308//1951
f 2935//1952 3778//1952 2308//1952
f 3755//1953 3778//1953 2935//1953
f 2936//1954 3755//1954 2935//1954
f 3726//1955 3755//1955 2936//1955
f 3716//1956 3726//1956 2936//1956
f 2302//1957 3716//1957 2936//1957
f 2295//1958 3716//1958 2302//1958
f 2935//1959 2308//1959 2309//1959
f 2304//1960 2935//1960 2309//1960
f 2936//1961 2935//1961 2304//1961
f 2302//1962 2936//1962 2304//1962
f 2872//1963 2759//1963 2654//1963
f 2544//1964 2872//1964 2654//1964
f 2109//1965 2341//1965 2340//1965
f 1731//1966 2109//1966 2340//1966
f 1962//1967 2109//1967 1731//1967
f 1878//1968 1962//1968 1731//1968
f 1838//1969 1878//1969 1731//1969
f 1814//1970 1838//1970 1731//1970
f 1798//1971 1814//1971 1731//1971
f 1790//1972 1798//1972 1731//1972
f 1785//1973 1790//1973 1731//1973
f 1781//1974 1785//1974 1731//1974
f 1780//1975 1781//1975 1731//1975
f 1779//1976 1780//1976 1731//1976
f 1778//1977 1779//1977 1731//1977
f 1775//1978 1778//1978 1731//1978
f 1774//1979 1775//1979 1731//1979
f 1772//1980 1774//1980 1731//1980
f 1770//1981 1772//1981 1731//1981
f 1764//1982 1770//1982 1731//1982
f 1762//1983 1764//1983 1731//1983
f 1754//1984 1762//1984 1731//1984
f 1748//1985 1754//1985 1731//1985
f 1741//1986 1748//1986 1731//1986
f 1732//1987 1741//1987 1731//1987
f 1532//1988 3776//1988 3978//1988
f 4025//1989 1532//1989 3978//1989
f 4044//1990 1532//1990 4025//1990
f 1351//1991 1532//1991 4044//1991
f 4035//1992 1351//1992 4044//1992
f 3993//1993 1351//1993 4035//1993
f 3776//1994 1532//1994 1709//1994
f 3609//1995 3776//1995 1709//1995
f 1881//1996 3609//1996 1709//1996
f 3502//1997 3609//1997 1881//1997
f 2004//1998 3502//1998 1881//1998
f 3413//1999 3502//1999 2004//1999
f 3285//2000 3413//2000 2004//2000
f 2126//2001 3285//2001 2004//2001
f 2221//2002 3285//2002 2126//2002
f 2221//2003 2256//2003 3134//2003
f 3178//2004 2221//2004 3134//2004
f 3285//2005 2221//2005 3178//2005
f 3134//2006 2256//2006 2297//2006
f 3096//2007 3134//2007 2297//2007
f 3061//2008 3096//2008 2297//2008
f 2352//2009 3061//2009 2297//2009
f 3003//2010 3061//2010 2352//2010
f 2401//2011 3003//2011 2352//2011
f 2949//2012 3003//2012 2401//2012
f 2461//2013 2949//2013 2401//2013
f 2902//2014 2949//2014 2461//2014
f 2511//2015 2902//2015 2461//2015
f 2836//2016 2902//2016 2511//2016
f 2576//2017 2836//2017 2511//2017
f 2766//2018 2836//2018 2576//2018
f 2648//2019 2766//2019 2576//2019
f 2730//2020 2766//2020 2648//2020
f 2689//2021 2730//2021 2648//2021
f 2766//2022 2730//2022 2749//2022
f 2828//2023 2766//2023 2749//2023
f 2836//2024 2766//2024 2828//2024
f 2903//2025 2836//2025 2828//2025
f 2902//2026 2836//2026 2903//2026
f 2949//2027 2902//2027 2903//2027
f 2963//2028 2949//2028 2903//2028
f 3003//2029 2949//2029 2963//2029
f 3032//2030 3003//2030 2963//2030
f 3061//2031 3003//2031 3032//2031
f 3080//2032 3061//2032 3032//2032
f 3096//2033 3061//2033 3080//2033
f 3124//2034 3096//2034 3080//2034
f 3134//2035 3096//2035 3124//2035
f 3177//2036 3134//2036 3124//2036
f 3178//2037 3134//2037 3177//2037
f 2668//2038 2749//2038 2730//2038
f 2689//2039 2668//2039 2730//2039
f 2648//2040 2668//2040 2689//2040
f 2586//2041 2668//2041 2648//2041
f 2576//2042 2586//2042 2648//2042
f 2510//2043 2586//2043 2576//2043
f 2511//2044 2510//2044 2576//2044
f 2461//2045 2510//2045 2511//2045
f 2438//2046 2510//2046 2461//2046
f 2401//2047 2438//2047 2461//2047
f 2381//2048 2438//2048 2401//2048
f 2352//2049 2381//2049 2401//2049
f 2319//2050 2381//2050 2352//2050
f 2297//2051 2319//2051 2352//2051
f 2264//2052 2319//2052 2297//2052
f 2256//2053 2264//2053 2297//2053
f 2220//2054 2264//2054 2256//2054
f 2221//2055 2220//2055 2256//2055
f 140//2056 2126//2056 2004//2056
f 1881//2057 140//2057 2004//2057
f 1351//2058 140//2058 1881//2058
f 1709//2059 1351//2059 1881//2059
f 1532//2060 1351//2060 1709//2060
f 1351//2061 214//2061 171//2061
f 155//2062 1351//2062 171//2062
f 140//2063 1351//2063 155//2063
f 214//2064 198//2064 183//2064
f 171//2065 214//2065 183//2065
f 2126//2066 140//2066 139//2066
f 2221//2067 2126//2067 139//2067
f 2220//2068 2221//2068 139//2068
f 5901//2069 5883//2069 5893//2069
f 5914//2070 5901//2070 5893//2070
f 5912//2071 5901//2071 5914//2071
f 5927//2072 5912//2072 5914//2072
f 5929//2073 5927//2073 5914//2073
f 5937//2074 5927//2074 5929//2074
f 5941//2075 5937//2075 5929//2075
f 5949//2076 5937//2076 5941//2076
f 5954//2077 5949//2077 5941//2077
f 5957//2078 5949//2078 5954//2078
f 5962//2079 5957//2079 5954//2079
f 5967//2080 5957//2080 5962//2080
f 5972//2081 5967//2081 5962//2081
f 5973//2082 5967//2082 5972//2082
f 5978//2083 5973//2083 5972//2083
f 5979//2084 5973//2084 5978//2084
f 5982//2085 5979//2085 5978//2085
f 5985//2086 5979//2086 5982//2086
f 5988//2087 5985//2087 5982//2087
f 5989//2088 5985//2088 5988//2088
f 5996//2089 5989//2089 5988//2089
f 5991//2090 5996//2090 5988//2090
f 5998//2091 5996//2091 5991//2091
f 5995//2092 5998//2092 5991//2092
f 5997//2093 5998//2093 5995//2093
f 5990//2094 5997//2094 5995//2094
f 5994//2095 5997//2095 5990//2095
f 5986//2096 5994//2096 5990//2096
f 5987//2097 5994//2097 5986//2097
f 5981//2098 5987//2098 5986//2098
f 5980//2099 5987//2099 5981//2099
f 5975//2100 5980//2100 5981//2100
f 5974//2101 5980//2101 5975//2101
f 5971//2102 5974//2102 5975//2102
f 5970//2103 5974//2103 5971//2103
f 5958//2104 5970//2104 5971//2104
f 5960//2105 5970//2105 5958//2105
f 5952//2106 5960//2106 5958//2106
f 5953//2107 5960//2107 5952//2107
f 5940//2108 5953//2108 5952//2108
f 5942//2109 5953//2109 5940//2109
f 5931//2110 5942//2110 5940//2110
f 5928//2111 5931//2111 5940//2111
f 5918//2112 5931//2112 5928//2112
f 5911//2113 5918//2113 5928//2113
f 5899//2114 5918//2114 5911//2114
f 5892//2115 5899//2115 5911//2115
f 5875//2116 5899//2116 5892//2116
f 5866//2117 5875//2117 5892//2117
f 5852//2118 5875//2118 5866//2118
f 5834//2119 5852//2119 5866//2119
f 5825//2120 5852//2120 5834//2120
f 5800//2121 5825//2121 5834//2121
f 5789//2122 5825//2122 5800//2122
f 5756//2123 5789//2123 5800//2123
f 5746//2124 5789//2124 5756//2124
f 5709//2125 5746//2125 5756//2125
f 5702//2126 5746//2126 5709//2126
f 5676//2127 5702//2127 5709//2127
f 5673//2128 5702//2128 5676//2128
f 5646//2129 5673//2129 5676//2129
f 5648//2130 5673//2130 5646//2130
f 5628//2131 5648//2131 5646//2131
f 5595//2132 5628//2132 5646//2132
f 5514//2133 5628//2133 5595//2133
f 5418//2134 5514//2134 5595//2134
f 5422//2135 5514//2135 5418//2135
f 5346//2136 5422//2136 5418//2136
f 5292//2137 5346//2137 5418//2137
f 5279//2138 5346//2138 5292//2138
f 5168//2139 5279//2139 5292//2139
f 5163//2140 5279//2140 5168//2140
f 5048//2141 5163//2141 5168//2141
f 5047//2142 5163//2142 5048//2142
f 4924//2143 5047//2143 5048//2143
f 4933//2144 5047//2144 4924//2144
f 4824//2145 4933//2145 4924//2145
f 4811//2146 4824//2146 4924//2146
f 4723//2147 4824//2147 4811//2147
f 4693//2148 4723//2148 4811//2148
f 4613//2149 4723//2149 4693//2149
f 4496//2150 4613//2150 4693//2150
f 4317//2151 4613//2151 4496//2151
f 4204//2152 4317//2152 4496//2152
f 4093//2153 4317//2153 4204//2153
f 3893//2154 4093//2154 4204//2154
f 3797//2155 4093//2155 3893//2155
f 3622//2156 3797//2156 3893//2156
f 3569//2157 3797//2157 3622//2157
f 3462//2158 3569//2158 3622//2158
f 3430//2159 3569//2159 3462//2159
f 3304//2160 3430//2160 3462//2160
f 3293//2161 3430//2161 3304//2161
f 3191//2162 3293//2162 3304//2162
f 3193//2163 3293//2163 3191//2163
f 3086//2164 3193//2164 3191//2164
f 3078//2165 3086//2165 3191//2165
f 2989//2166 3086//2166 3078//2166
f 2971//2167 2989//2167 3078//2167
f 2905//2168 2989//2168 2971//2168
f 2885//2169 2905//2169 2971//2169
f 2821//2170 2905//2170 2885//2170
f 2765//2171 2821//2171 2885//2171
f 2696//2172 2821//2172 2765//2172
f 2656//2173 2696//2173 2765//2173
f 2594//2174 2696//2174 2656//2174
f 2543//2175 2594//2175 2656//2175
f 2503//2176 2594//2176 2543//2176
f 2435//2177 2503//2177 2543//2177
f 2413//2178 2503//2178 2435//2178
f 2332//2179 2413//2179 2435//2179
f 2311//2180 2413//2180 2332//2180
f 2218//2181 2311//2181 2332//2181
f 2214//2182 2311//2182 2218//2182
f 2105//2183 2214//2183 2218//2183
f 2110//2184 2214//2184 2105//2184
f 1988//2185 2110//2185 2105//2185
f 1965//2186 1988//2186 2105//2186
f 1841//2187 1988//2187 1965//2187
f 1806//2188 1841//2188 1965//2188
f 1652//2189 1841//2189 1806//2189
f 1588//2190 1652//2190 1806//2190
f 1435//2191 1652//2191 1588//2191
f 1359//2192 1435//2192 1588//2192
f 1230//2193 1435//2193 1359//2193
f 1123//2194 1230//2194 1359//2194
f 1031//2195 1230//2195 1123//2195
f 985//2196 1031//2196 1123//2196
f 961//2197 1031//2197 985//2197
f 912//2198 961//2198 985//2198
f 897//2199 961//2199 912//2199
f 853//2200 897//2200 912//2200
f 842//2201 897//2201 853//2201
f 782//2202 842//2202 853//2202
f 776//2203 842//2203 782//2203
f 5893//2204 5883//2204 5871//2204
f 5682//2205 5708//2205 5700//2205
f 5678//2206 5682//2206 5700//2206
f 5662//2207 5682//2207 5678//2207
f 5654//2208 5662//2208 5678//2208
f 5642//2209 5662//2209 5654//2209
f 5638//2210 5642//2210 5654//2210
f 5622//2211 5642//2211 5638//2211
f 5637//2212 5622//2212 5638//2212
f 5621//2213 5622//2213 5637//2213
f 5636//2214 5621//2214 5637//2214
f 5620//2215 5621//2215 5636//2215
f 5640//2216 5620//2216 5636//2216
f 5619//2217 5620//2217 5640//2217
f 5677//2218 5678//2218 5700//2218
f 5697//2219 5677//2219 5700//2219
f 5669//2220 5677//2220 5697//2220
f 5690//2221 5669//2221 5697//2221
f 5657//2222 5669//2222 5690//2222
f 5650//2223 5669//2223 5657//2223
f 5640//2224 5650//2224 5657//2224
f 5636//2225 5650//2225 5640//2225
f 5621//2226 5620//2226 5619//2226
f 5622//2227 5621//2227 5619//2227
f 5622//2228 5619//2228 5642//2228
f 5677//2229 5654//2229 5678//2229
f 5652//2230 5677//2230 5669//2230
f 5650//2231 5652//2231 5669//2231
f 5637//2232 5652//2232 5650//2232
f 5636//2233 5637//2233 5650//2233
f 5652//2234 5638//2234 5654//2234
f 5677//2235 5652//2235 5654//2235
f 5637//2236 5638//2236 5652//2236
f 5794//2237 5755//2237 5813//2237
f 5809//2238 5794//2238 5813//2238
f 5793//2239 5794//2239 5809//2239
f 5807//2240 5793//2240 5809//2240
f 5792//2241 5793//2241 5807//2241
f 5805//2242 5792//2242 5807//2242
f 5781//2243 5792//2243 5805//2243
f 5781//2244 5750//2244 5764//2244
f 5773//2245 5781//2245 5764//2245
f 5792//2246 5781//2246 5773//2246
f 5774//2247 5792//2247 5773//2247
f 5793//2248 5792//2248 5774//2248
f 5776//2249 5793//2249 5774//2249
f 5794//2250 5793//2250 5776//2250
f 5755//2251 5794//2251 5776//2251
f 5750//2252 5717//2252 5733//2252
f 5742//2253 5750//2253 5733//2253
f 5764//2254 5750//2254 5742//2254
f 5748//2255 5764//2255 5742//2255
f 5766//2256 5764//2256 5748//2256
f 5751//2257 5766//2257 5748//2257
f 5767//2258 5766//2258 5751//2258
f 5755//2259 5767//2259 5751//2259
f 5776//2260 5767//2260 5755//2260
f 5715//2261 5733//2261 5717//2261
f 5699//2262 5715//2262 5717//2262
f 5701//2263 5715//2263 5699//2263
f 5690//2264 5701//2264 5699//2264
f 5697//2265 5701//2265 5690//2265
f 5707//2266 5701//2266 5697//2266
f 5700//2267 5707//2267 5697//2267
f 5710//2268 5707//2268 5700//2268
f 5713//2269 5710//2269 5700//2269
f 5719//2270 5710//2270 5713//2270
f 5713//2271 5700//2271 5708//2271
f 5710//2272 5719//2272 5724//2272
f 5723//2273 5710//2273 5724//2273
f 5720//2274 5710//2274 5723//2274
f 5737//2275 5720//2275 5723//2275
f 5733//2276 5720//2276 5737//2276
f 5742//2277 5733//2277 5737//2277
f 5723//2278 5724//2278 5732//2278
f 5738//2279 5723//2279 5732//2279
f 5737//2280 5723//2280 5738//2280
f 5748//2281 5737//2281 5738//2281
f 5742//2282 5737//2282 5748//2282
f 5738//2283 5732//2283 5740//2283
f 5751//2284 5738//2284 5740//2284
f 5748//2285 5738//2285 5751//2285
f 5751//2286 5740//2286 5755//2286
f 5774//2287 5767//2287 5776//2287
f 5773//2288 5764//2288 5766//2288
f 5774//2289 5773//2289 5766//2289
f 5774//2290 5766//2290 5767//2290
f 5720//2291 5733//2291 5715//2291
f 5707//2292 5720//2292 5715//2292
f 5710//2293 5720//2293 5707//2293
f 5715//2294 5701//2294 5707//2294
f 5901//2295 5912//2295 5902//2295
f 5884//2296 5901//2296 5902//2296
f 5885//2297 5901//2297 5884//2297
f 5848//2298 5885//2298 5884//2298
f 5850//2299 5885//2299 5848//2299
f 5809//2300 5850//2300 5848//2300
f 5851//2301 5850//2301 5809//2301
f 5813//2302 5851//2302 5809//2302
f 5854//2303 5851//2303 5813//2303
f 5855//2304 5854//2304 5813//2304
f 5876//2305 5854//2305 5855//2305
f 5902//2306 5912//2306 5891//2306
f 5884//2307 5902//2307 5891//2307
f 5884//2308 5891//2308 5865//2308
f 5847//2309 5884//2309 5865//2309
f 5848//2310 5884//2310 5847//2310
f 5807//2311 5848//2311 5847//2311
f 5809//2312 5848//2312 5807//2312
f 5847//2313 5865//2313 5836//2313
f 5807//2314 5847//2314 5836//2314
f 5807//2315 5836//2315 5805//2315
f 5876//2316 5901//2316 5885//2316
f 5850//2317 5876//2317 5885//2317
f 5851//2318 5876//2318 5850//2318
f 5851//2319 5854//2319 5876//2319
f 5805//2320 5836//2320 5824//2320
f 5796//2321 5805//2321 5824//2321
f 5781//2322 5805//2322 5796//2322
f 5761//2323 5781//2323 5796//2323
f 5750//2324 5781//2324 5761//2324
f 5721//2325 5750//2325 5761//2325
f 5717//2326 5750//2326 5721//2326
f 5699//2327 5717//2327 5721//2327
f 5694//2328 5699//2328 5721//2328
f 5690//2329 5699//2329 5694//2329
f 5670//2330 5690//2330 5694//2330
f 5665//2331 5690//2331 5670//2331
f 5645//2332 5665//2332 5670//2332
f 5655//2333 5665//2333 5645//2333
f 5632//2334 5655//2334 5645//2334
f 5657//2335 5655//2335 5632//2335
f 5619//2336 5657//2336 5632//2336
f 5640//2337 5657//2337 5619//2337
f 5858//2338 5824//2338 5836//2338
f 5865//2339 5858//2339 5836//2339
f 5888//2340 5858//2340 5865//2340
f 5891//2341 5888//2341 5865//2341
f 5915//2342 5888//2342 5891//2342
f 5912//2343 5915//2343 5891//2343
f 5927//2344 5915//2344 5912//2344
f 5933//2345 5915//2345 5927//2345
f 5937//2346 5933//2346 5927//2346
f 5949//2347 5933//2347 5937//2347
f 5944//2348 5933//2348 5949//2348
f 5957//2349 5944//2349 5949//2349
f 5956//2350 5944//2350 5957//2350
f 5967//2351 5956//2351 5957//2351
f 5973//2352 5956//2352 5967//2352
f 5961//2353 5956//2353 5973//2353
f 5979//2354 5961//2354 5973//2354
f 5985//2355 5961//2355 5979//2355
f 5966//2356 5961//2356 5985//2356
f 5989//2357 5966//2357 5985//2357
f 5969//2358 5966//2358 5989//2358
f 5996//2359 5969//2359 5989//2359
f 5998//2360 5969//2360 5996//2360
f 5968//2361 5969//2361 5998//2361
f 5997//2362 5968//2362 5998//2362
f 5994//2363 5968//2363 5997//2363
f 5965//2364 5968//2364 5994//2364
f 5987//2365 5965//2365 5994//2365
f 5980//2366 5965//2366 5987//2366
f 5959//2367 5965//2367 5980//2367
f 5974//2368 5959//2368 5980//2368
f 5955//2369 5959//2369 5974//2369
f 5970//2370 5955//2370 5974//2370
f 5960//2371 5955//2371 5970//2371
f 5943//2372 5955//2372 5960//2372
f 5953//2373 5943//2373 5960//2373
f 5942//2374 5943//2374 5953//2374
f 5930//2375 5943//2375 5942//2375
f 5931//2376 5930//2376 5942//2376
f 5921//2377 5930//2377 5931//2377
f 5926//2378 5921//2378 5931//2378
f 5913//2379 5921//2379 5926//2379
f 5926//2380 5931//2380 5918//2380
f 5903//2381 5926//2381 5918//2381
f 5899//2382 5903//2382 5918//2382
f 5896//2383 5903//2383 5899//2383
f 5875//2384 5896//2384 5899//2384
f 5874//2385 5896//2385 5875//2385
f 5852//2386 5874//2386 5875//2386
f 5842//2387 5874//2387 5852//2387
f 5825//2388 5842//2388 5852//2388
f 5804//2389 5842//2389 5825//2389
f 5789//2390 5804//2390 5825//2390
f 5752//2391 5804//2391 5789//2391
f 5746//2392 5752//2392 5789//2392
f 5702//2393 5752//2393 5746//2393
f 5695//2394 5752//2394 5702//2394
f 5673//2395 5695//2395 5702//2395
f 5660//2396 5695//2396 5673//2396
f 5648//2397 5660//2397 5673//2397
f 5624//2398 5660//2398 5648//2398
f 5626//2399 5624//2399 5648//2399
f 5627//2400 5626//2400 5648//2400
f 5628//2401 5627//2401 5648//2401
f 5896//2402 5874//2402 5903//2402
f 5910//2403 5921//2403 5913//2403
f 5898//2404 5910//2404 5913//2404
f 5882//2405 5910//2405 5898//2405
f 5869//2406 5882//2406 5898//2406
f 5835//2407 5882//2407 5869//2407
f 5821//2408 5835//2408 5869//2408
f 5785//2409 5835//2409 5821//2409
f 5763//2410 5785//2410 5821//2410
f 5725//2411 5785//2411 5763//2411
f 5704//2412 5725//2412 5763//2412
f 5681//2413 5725//2413 5704//2413
f 5668//2414 5681//2414 5704//2414
f 5651//2415 5681//2415 5668//2415
f 5643//2416 5651//2416 5668//2416
f 5631//2417 5651//2417 5643//2417
f 5588//2418 5631//2418 5643//2418
f 5630//2419 5588//2419 5643//2419
f 5493//2420 5588//2420 5630//2420
f 5558//2421 5493//2421 5630//2421
f 5411//2422 5493//2422 5558//2422
f 5457//2423 5411//2423 5558//2423
f 5336//2424 5411//2424 5457//2424
f 5395//2425 5336//2425 5457//2425
f 5515//2426 5395//2426 5457//2426
f 5590//2427 5395//2427 5515//2427
f 5635//2428 5590//2428 5515//2428
f 5647//2429 5590//2429 5635//2429
f 5667//2430 5647//2430 5635//2430
f 5686//2431 5647//2431 5667//2431
f 5714//2432 5686//2432 5667//2432
f 5726//2433 5686//2433 5714//2433
f 5782//2434 5726//2434 5714//2434
f 5783//2435 5726//2435 5782//2435
f 5808//2436 5783//2436 5782//2436
f 5826//2437 5783//2437 5808//2437
f 5832//2438 5826//2438 5808//2438
f 5840//2439 5826//2439 5832//2439
f 5863//2440 5840//2440 5832//2440
f 5849//2441 5863//2441 5832//2441
f 5879//2442 5863//2442 5849//2442
f 5869//2443 5879//2443 5849//2443
f 5898//2444 5879//2444 5869//2444
f 5686//2445 5726//2445 5683//2445
f 5661//2446 5686//2446 5683//2446
f 5647//2447 5686//2447 5661//2447
f 5629//2448 5647//2448 5661//2448
f 5590//2449 5647//2449 5629//2449
f 5467//2450 5590//2450 5629//2450
f 5395//2451 5590//2451 5467//2451
f 5639//2452 5661//2452 5683//2452
f 5623//2453 5639//2453 5683//2453
f 5550//2454 5639//2454 5623//2454
f 5629//2455 5639//2455 5550//2455
f 5467//2456 5629//2456 5550//2456
f 5651//2457 5631//2457 5644//2457
f 5663//2458 5651//2458 5644//2458
f 5681//2459 5651//2459 5663//2459
f 5696//2460 5681//2460 5663//2460
f 5725//2461 5681//2461 5696//2461
f 5747//2462 5725//2462 5696//2462
f 5785//2463 5725//2463 5747//2463
f 5801//2464 5785//2464 5747//2464
f 5835//2465 5785//2465 5801//2465
f 5853//2466 5835//2466 5801//2466
f 5882//2467 5835//2467 5853//2467
f 5897//2468 5882//2468 5853//2468
f 5921//2469 5882//2469 5897//2469
f 5930//2470 5921//2470 5897//2470
f 5663//2471 5644//2471 5653//2471
f 5674//2472 5663//2472 5653//2472
f 5696//2473 5663//2473 5674//2473
f 5711//2474 5696//2474 5674//2474
f 5747//2475 5696//2475 5711//2475
f 5768//2476 5747//2476 5711//2476
f 5801//2477 5747//2477 5768//2477
f 5819//2478 5801//2478 5768//2478
f 5853//2479 5801//2479 5819//2479
f 5867//2480 5853//2480 5819//2480
f 5897//2481 5853//2481 5867//2481
f 5908//2482 5897//2482 5867//2482
f 5930//2483 5897//2483 5908//2483
f 5943//2484 5930//2484 5908//2484
f 5674//2485 5653//2485 5664//2485
f 5684//2486 5674//2486 5664//2486
f 5711//2487 5674//2487 5684//2487
f 5728//2488 5711//2488 5684//2488
f 5768//2489 5711//2489 5728//2489
f 5784//2490 5768//2490 5728//2490
f 5819//2491 5768//2491 5784//2491
f 5833//2492 5819//2492 5784//2492
f 5867//2493 5819//2493 5833//2493
f 5877//2494 5867//2494 5833//2494
f 5908//2495 5867//2495 5877//2495
f 5922//2496 5908//2496 5877//2496
f 5943//2497 5908//2497 5922//2497
f 5955//2498 5943//2498 5922//2498
f 5693//2499 5684//2499 5664//2499
f 5672//2500 5693//2500 5664//2500
f 5703//2501 5693//2501 5672//2501
f 5716//2502 5703//2502 5672//2502
f 5757//2503 5703//2503 5716//2503
f 5771//2504 5757//2504 5716//2504
f 5810//2505 5757//2505 5771//2505
f 5829//2506 5810//2506 5771//2506
f 5861//2507 5810//2507 5829//2507
f 5872//2508 5861//2508 5829//2508
f 5906//2509 5861//2509 5872//2509
f 5916//2510 5906//2510 5872//2510
f 5938//2511 5906//2511 5916//2511
f 5945//2512 5938//2512 5916//2512
f 5965//2513 5938//2513 5945//2513
f 5947//2514 5965//2514 5945//2514
f 5968//2515 5965//2515 5947//2515
f 5969//2516 5968//2516 5947//2516
f 5716//2517 5672//2517 5691//2517
f 5729//2518 5716//2518 5691//2518
f 5771//2519 5716//2519 5729//2519
f 5790//2520 5771//2520 5729//2520
f 5829//2521 5771//2521 5790//2521
f 5837//2522 5829//2522 5790//2522
f 5872//2523 5829//2523 5837//2523
f 5880//2524 5872//2524 5837//2524
f 5916//2525 5872//2525 5880//2525
f 5919//2526 5916//2526 5880//2526
f 5945//2527 5916//2527 5919//2527
f 5923//2528 5945//2528 5919//2528
f 5947//2529 5945//2529 5923//2529
f 5948//2530 5947//2530 5923//2530
f 5969//2531 5947//2531 5948//2531
f 5966//2532 5969//2532 5948//2532
f 5743//2533 5729//2533 5691//2533
f 5705//2534 5743//2534 5691//2534
f 5759//2535 5743//2535 5705//2535
f 5722//2536 5759//2536 5705//2536
f 5769//2537 5759//2537 5722//2537
f 5777//2538 5769//2538 5722//2538
f 5817//2539 5769//2539 5777//2539
f 5779//2540 5817//2540 5777//2540
f 5822//2541 5817//2541 5779//2541
f 5823//2542 5822//2542 5779//2542
f 5860//2543 5822//2543 5823//2543
f 5857//2544 5860//2544 5823//2544
f 5887//2545 5860//2545 5857//2545
f 5881//2546 5887//2546 5857//2546
f 5917//2547 5887//2547 5881//2547
f 5907//2548 5917//2548 5881//2548
f 5936//2549 5917//2549 5907//2549
f 5925//2550 5936//2550 5907//2550
f 5944//2551 5936//2551 5925//2551
f 5933//2552 5944//2552 5925//2552
f 5777//2553 5722//2553 5731//2553
f 5779//2554 5777//2554 5731//2554
f 5779//2555 5731//2555 5734//2555
f 5780//2556 5779//2556 5734//2556
f 5823//2557 5779//2557 5780//2557
f 5818//2558 5823//2558 5780//2558
f 5857//2559 5823//2559 5818//2559
f 5846//2560 5857//2560 5818//2560
f 5881//2561 5857//2561 5846//2561
f 5873//2562 5881//2562 5846//2562
f 5907//2563 5881//2563 5873//2563
f 5895//2564 5907//2564 5873//2564
f 5925//2565 5907//2565 5895//2565
f 5909//2566 5925//2566 5895//2566
f 5933//2567 5925//2567 5909//2567
f 5915//2568 5933//2568 5909//2568
f 5780//2569 5734//2569 5727//2569
f 5778//2570 5780//2570 5727//2570
f 5818//2571 5780//2571 5778//2571
f 5815//2572 5818//2572 5778//2572
f 5846//2573 5818//2573 5815//2573
f 5838//2574 5846//2574 5815//2574
f 5873//2575 5846//2575 5838//2575
f 5862//2576 5873//2576 5838//2576
f 5895//2577 5873//2577 5862//2577
f 5878//2578 5895//2578 5862//2578
f 5909//2579 5895//2579 5878//2579
f 5888//2580 5909//2580 5878//2580
f 5915//2581 5909//2581 5888//2581
f 5770//2582 5778//2582 5727//2582
f 5718//2583 5770//2583 5727//2583
f 5760//2584 5770//2584 5718//2584
f 5698//2585 5760//2585 5718//2585
f 5744//2586 5760//2586 5698//2586
f 5730//2587 5744//2587 5698//2587
f 5772//2588 5744//2588 5730//2588
f 5749//2589 5772//2589 5730//2589
f 5788//2590 5772//2590 5749//2590
f 5761//2591 5788//2591 5749//2591
f 5796//2592 5788//2592 5761//2592
f 5730//2593 5698//2593 5685//2593
f 5706//2594 5730//2594 5685//2594
f 5749//2595 5730//2595 5706//2595
f 5721//2596 5749//2596 5706//2596
f 5761//2597 5749//2597 5721//2597
f 5706//2598 5685//2598 5679//2598
f 5689//2599 5706//2599 5679//2599
f 5721//2600 5706//2600 5689//2600
f 5694//2601 5721//2601 5689//2601
f 5689//2602 5679//2602 5666//2602
f 5658//2603 5689//2603 5666//2603
f 5670//2604 5689//2604 5658//2604
f 5645//2605 5670//2605 5658//2605
f 5665//2606 5655//2606 5657//2606
f 5690//2607 5665//2607 5657//2607
f 5689//2608 5670//2608 5694//2608
f 5858//2609 5888//2609 5878//2609
f 5843//2610 5858//2610 5878//2610
f 5824//2611 5858//2611 5843//2611
f 5811//2612 5824//2612 5843//2612
f 5788//2613 5824//2613 5811//2613
f 5772//2614 5788//2614 5811//2614
f 5796//2615 5824//2615 5788//2615
f 5843//2616 5878//2616 5862//2616
f 5830//2617 5843//2617 5862//2617
f 5811//2618 5843//2618 5830//2618
f 5791//2619 5811//2619 5830//2619
f 5772//2620 5811//2620 5791//2620
f 5744//2621 5772//2621 5791//2621
f 5830//2622 5862//2622 5838//2622
f 5803//2623 5830//2623 5838//2623
f 5791//2624 5830//2624 5803//2624
f 5760//2625 5791//2625 5803//2625
f 5744//2626 5791//2626 5760//2626
f 5936//2627 5944//2627 5956//2627
f 5939//2628 5936//2628 5956//2628
f 5917//2629 5936//2629 5939//2629
f 5920//2630 5917//2630 5939//2630
f 5887//2631 5917//2631 5920//2631
f 5890//2632 5887//2632 5920//2632
f 5860//2633 5887//2633 5890//2633
f 5859//2634 5860//2634 5890//2634
f 5822//2635 5860//2635 5859//2635
f 5856//2636 5822//2636 5859//2636
f 5817//2637 5822//2637 5856//2637
f 5814//2638 5817//2638 5856//2638
f 5769//2639 5817//2639 5814//2639
f 5759//2640 5769//2640 5814//2640
f 5803//2641 5770//2641 5760//2641
f 5815//2642 5770//2642 5803//2642
f 5838//2643 5815//2643 5803//2643
f 5939//2644 5956//2644 5961//2644
f 5946//2645 5939//2645 5961//2645
f 5920//2646 5939//2646 5946//2646
f 5924//2647 5920//2647 5946//2647
f 5890//2648 5920//2648 5924//2648
f 5889//2649 5890//2649 5924//2649
f 5859//2650 5890//2650 5889//2650
f 5886//2651 5859//2651 5889//2651
f 5856//2652 5859//2652 5886//2652
f 5845//2653 5856//2653 5886//2653
f 5814//2654 5856//2654 5845//2654
f 5802//2655 5814//2655 5845//2655
f 5759//2656 5814//2656 5802//2656
f 5743//2657 5759//2657 5802//2657
f 5815//2658 5778//2658 5770//2658
f 5946//2659 5961//2659 5966//2659
f 5948//2660 5946//2660 5966//2660
f 5924//2661 5946//2661 5948//2661
f 5923//2662 5924//2662 5948//2662
f 5889//2663 5924//2663 5923//2663
f 5919//2664 5889//2664 5923//2664
f 5886//2665 5889//2665 5919//2665
f 5880//2666 5886//2666 5919//2666
f 5845//2667 5886//2667 5880//2667
f 5837//2668 5845//2668 5880//2668
f 5802//2669 5845//2669 5837//2669
f 5790//2670 5802//2670 5837//2670
f 5743//2671 5802//2671 5790//2671
f 5729//2672 5743//2672 5790//2672
f 5938//2673 5965//2673 5959//2673
f 5935//2674 5938//2674 5959//2674
f 5906//2675 5938//2675 5935//2675
f 5894//2676 5906//2676 5935//2676
f 5861//2677 5906//2677 5894//2677
f 5841//2678 5861//2678 5894//2678
f 5810//2679 5861//2679 5841//2679
f 5797//2680 5810//2680 5841//2680
f 5757//2681 5810//2681 5797//2681
f 5741//2682 5757//2682 5797//2682
f 5703//2683 5757//2683 5741//2683
f 5693//2684 5703//2684 5741//2684
f 5935//2685 5959//2685 5955//2685
f 5922//2686 5935//2686 5955//2686
f 5894//2687 5935//2687 5922//2687
f 5877//2688 5894//2688 5922//2688
f 5841//2689 5894//2689 5877//2689
f 5833//2690 5841//2690 5877//2690
f 5797//2691 5841//2691 5833//2691
f 5784//2692 5797//2692 5833//2692
f 5741//2693 5797//2693 5784//2693
f 5728//2694 5741//2694 5784//2694
f 5693//2695 5741//2695 5728//2695
f 5684//2696 5693//2696 5728//2696
f 5921//2697 5910//2697 5882//2697
f 5821//2698 5869//2698 5849//2698
f 5798//2699 5821//2699 5849//2699
f 5763//2700 5821//2700 5798//2700
f 5739//2701 5763//2701 5798//2701
f 5704//2702 5763//2702 5739//2702
f 5687//2703 5704//2703 5739//2703
f 5668//2704 5704//2704 5687//2704
f 5659//2705 5668//2705 5687//2705
f 5643//2706 5668//2706 5659//2706
f 5630//2707 5643//2707 5659//2707
f 5798//2708 5849//2708 5832//2708
f 5775//2709 5798//2709 5832//2709
f 5739//2710 5798//2710 5775//2710
f 5712//2711 5739//2711 5775//2711
f 5687//2712 5739//2712 5712//2712
f 5671//2713 5687//2713 5712//2713
f 5659//2714 5687//2714 5671//2714
f 5641//2715 5659//2715 5671//2715
f 5630//2716 5659//2716 5641//2716
f 5558//2717 5630//2717 5641//2717
f 5775//2718 5832//2718 5808//2718
f 5745//2719 5775//2719 5808//2719
f 5712//2720 5775//2720 5745//2720
f 5688//2721 5712//2721 5745//2721
f 5671//2722 5712//2722 5688//2722
f 5656//2723 5671//2723 5688//2723
f 5641//2724 5671//2724 5656//2724
f 5625//2725 5641//2725 5656//2725
f 5558//2726 5641//2726 5625//2726
f 5457//2727 5558//2727 5625//2727
f 5714//2728 5688//2728 5745//2728
f 5782//2729 5714//2729 5745//2729
f 5808//2730 5782//2730 5745//2730
f 5667//2731 5656//2731 5688//2731
f 5714//2732 5667//2732 5688//2732
f 5635//2733 5625//2733 5656//2733
f 5667//2734 5635//2734 5656//2734
f 5661//2735 5639//2735 5629//2735
f 5515//2736 5457//2736 5625//2736
f 5635//2737 5515//2737 5625//2737
f 5844//2738 5839//2738 5855//2738
f 5813//2739 5844//2739 5855//2739
f 5787//2740 5844//2740 5813//2740
f 5787//2741 5762//2741 5806//2741
f 5831//2742 5787//2742 5806//2742
f 5844//2743 5787//2743 5831//2743
f 5839//2744 5844//2744 5831//2744
f 5786//2745 5806//2745 5762//2745
f 5735//2746 5786//2746 5762//2746
f 5765//2747 5786//2747 5735//2747
f 5765//2748 5795//2748 5812//2748
f 5799//2749 5765//2749 5812//2749
f 5786//2750 5765//2750 5799//2750
f 5827//2751 5786//2751 5799//2751
f 5806//2752 5786//2752 5827//2752
f 5831//2753 5806//2753 5827//2753
f 5799//2754 5812//2754 5828//2754
f 5827//2755 5799//2755 5828//2755
f 5827//2756 5828//2756 5839//2756
f 5831//2757 5827//2757 5839//2757
f 5754//2758 5787//2758 5813//2758
f 5755//2759 5754//2759 5813//2759
f 5740//2760 5754//2760 5755//2760
f 5736//2761 5754//2761 5740//2761
f 5732//2762 5736//2762 5740//2762
f 5724//2763 5736//2763 5732//2763
f 5736//2764 5724//2764 5719//2764
f 5708//2765 5736//2765 5719//2765
f 5735//2766 5736//2766 5708//2766
f 5708//2767 5719//2767 5713//2767
f 5736//2768 5735//2768 5762//2768
f 5754//2769 5736//2769 5762//2769
f 5754//2770 5762//2770 5787//2770
f 350//2771 320//2771 315//2771
f 338//2772 350//2772 315//2772
f 355//2773 350//2773 338//2773
f 336//2774 355//2774 338//2774
f 354//2775 355//2775 336//2775
f 333//2776 354//2776 336//2776
f 352//2777 354//2777 333//2777
f 344//2778 352//2778 333//2778
f 362//2779 352//2779 344//2779
f 338//2780 315//2780 310//2780
f 336//2781 338//2781 310//2781
f 333//2782 336//2782 310//2782
f 303//2783 333//2783 310//2783
f 325//2784 333//2784 303//2784
f 333//2785 325//2785 344//2785
f 376//2786 352//2786 362//2786
f 375//2787 376//2787 362//2787
f 381//2788 376//2788 375//2788
f 378//2789 381//2789 379//2789
f 364//2790 378//2790 379//2790
f 355//2791 378//2791 364//2791
f 350//2792 355//2792 364//2792
f 377//2793 376//2793 381//2793
f 378//2794 377//2794 381//2794
f 354//2795 378//2795 355//2795
f 352//2796 376//2796 377//2796
f 354//2797 352//2797 377//2797
f 354//2798 377//2798 378//2798
f 226//2799 207//2799 205//2799
f 236//2800 226//2800 205//2800
f 259//2801 226//2801 236//2801
f 262//2802 259//2802 236//2802
f 273//2803 259//2803 262//2803
f 261//2804 273//2804 262//2804
f 271//2805 273//2805 261//2805
f 256//2806 271//2806 261//2806
f 270//2807 271//2807 256//2807
f 264//2808 270//2808 256//2808
f 277//2809 270//2809 264//2809
f 236//2810 205//2810 202//2810
f 234//2811 236//2811 202//2811
f 262//2812 236//2812 234//2812
f 261//2813 262//2813 234//2813
f 232//2814 234//2814 202//2814
f 197//2815 232//2815 202//2815
f 248//2816 232//2816 197//2816
f 256//2817 232//2817 248//2817
f 264//2818 256//2818 248//2818
f 283//2819 270//2819 277//2819
f 287//2820 283//2820 277//2820
f 299//2821 283//2821 287//2821
f 292//2822 299//2822 287//2822
f 302//2823 299//2823 292//2823
f 299//2824 302//2824 303//2824
f 310//2825 299//2825 303//2825
f 304//2826 299//2826 310//2826
f 315//2827 304//2827 310//2827
f 306//2828 304//2828 315//2828
f 320//2829 306//2829 315//2829
f 312//2830 306//2830 320//2830
f 291//2831 306//2831 312//2831
f 295//2832 291//2832 312//2832
f 273//2833 291//2833 295//2833
f 259//2834 273//2834 295//2834
f 232//2835 261//2835 234//2835
f 232//2836 256//2836 261//2836
f 271//2837 291//2837 273//2837
f 289//2838 271//2838 270//2838
f 283//2839 289//2839 270//2839
f 304//2840 289//2840 283//2840
f 299//2841 304//2841 283//2841
f 289//2842 306//2842 291//2842
f 271//2843 289//2843 291//2843
f 304//2844 306//2844 289//2844
f 140//2845 155//2845 158//2845
f 160//2846 140//2846 158//2846
f 161//2847 140//2847 160//2847
f 205//2848 161//2848 160//2848
f 162//2849 161//2849 205//2849
f 207//2850 162//2850 205//2850
f 163//2851 162//2851 207//2851
f 174//2852 163//2852 207//2852
f 143//2853 163//2853 174//2853
f 155//2854 197//2854 202//2854
f 158//2855 155//2855 202//2855
f 160//2856 158//2856 202//2856
f 205//2857 160//2857 202//2857
f 126//2858 163//2858 143//2858
f 120//2859 126//2859 143//2859
f 107//2860 126//2860 120//2860
f 98//2861 107//2861 120//2861
f 126//2862 107//2862 117//2862
f 162//2863 126//2863 117//2863
f 163//2864 126//2864 162//2864
f 161//2865 162//2865 117//2865
f 140//2866 161//2866 117//2866
f 98//2867 120//2867 113//2867
f 99//2868 98//2868 113//2868
f 73//2869 98//2869 99//2869
f 86//2870 73//2870 99//2870
f 81//2871 73//2871 86//2871
f 102//2872 81//2872 86//2872
f 69//2873 81//2873 102//2873
f 91//2874 69//2874 102//2874
f 62//2875 69//2875 91//2875
f 83//2876 62//2876 91//2876
f 53//2877 62//2877 83//2877
f 77//2878 53//2878 83//2878
f 48//2879 53//2879 77//2879
f 72//2880 48//2880 77//2880
f 43//2881 48//2881 72//2881
f 66//2882 43//2882 72//2882
f 42//2883 43//2883 66//2883
f 65//2884 42//2884 66//2884
f 45//2885 42//2885 65//2885
f 67//2886 45//2886 65//2886
f 47//2887 45//2887 67//2887
f 71//2888 47//2888 67//2888
f 52//2889 47//2889 71//2889
f 75//2890 52//2890 71//2890
f 57//2891 52//2891 75//2891
f 82//2892 57//2892 75//2892
f 64//2893 57//2893 82//2893
f 84//2894 64//2894 82//2894
f 68//2895 64//2895 84//2895
f 90//2896 68//2896 84//2896
f 80//2897 68//2897 90//2897
f 100//2898 80//2898 90//2898
f 85//2899 80//2899 100//2899
f 109//2900 85//2900 100//2900
f 97//2901 85//2901 109//2901
f 122//2902 97//2902 109//2902
f 112//2903 97//2903 122//2903
f 135//2904 112//2904 122//2904
f 131//2905 112//2905 135//2905
f 153//2906 131//2906 135//2906
f 147//2907 131//2907 153//2907
f 175//2908 147//2908 153//2908
f 195//2909 147//2909 175//2909
f 204//2910 195//2910 175//2910
f 221//2911 195//2911 204//2911
f 231//2912 221//2912 204//2912
f 254//2913 221//2913 231//2913
f 265//2914 254//2914 231//2914
f 294//2915 254//2915 265//2915
f 307//2916 294//2916 265//2916
f 322//2917 294//2917 307//2917
f 329//2918 322//2918 307//2918
f 342//2919 322//2919 329//2919
f 357//2920 342//2920 329//2920
f 349//2921 342//2921 357//2921
f 371//2922 349//2922 357//2922
f 359//2923 349//2923 371//2923
f 419//2924 359//2924 371//2924
f 369//2925 359//2925 419//2925
f 382//2926 369//2926 419//2926
f 372//2927 369//2927 382//2927
f 405//2928 372//2928 382//2928
f 374//2929 372//2929 405//2929
f 438//2930 374//2930 405//2930
f 388//2931 374//2931 438//2931
f 486//2932 388//2932 438//2932
f 458//2933 388//2933 486//2933
f 542//2934 458//2934 486//2934
f 524//2935 458//2935 542//2935
f 599//2936 524//2936 542//2936
f 588//2937 524//2937 599//2937
f 662//2938 588//2938 599//2938
f 621//2939 588//2939 662//2939
f 657//2940 621//2940 662//2940
f 698//2941 621//2941 657//2941
f 696//2942 698//2942 657//2942
f 737//2943 698//2943 696//2943
f 700//2944 737//2944 696//2944
f 738//2945 737//2945 700//2945
f 703//2946 738//2946 700//2946
f 741//2947 738//2947 703//2947
f 708//2948 741//2948 703//2948
f 743//2949 741//2949 708//2949
f 714//2950 743//2950 708//2950
f 745//2951 743//2951 714//2951
f 717//2952 745//2952 714//2952
f 746//2953 745//2953 717//2953
f 722//2954 746//2954 717//2954
f 749//2955 746//2955 722//2955
f 734//2956 749//2956 722//2956
f 757//2957 749//2957 734//2957
f 763//2958 757//2958 734//2958
f 783//2959 757//2959 763//2959
f 799//2960 783//2960 763//2960
f 807//2961 783//2961 799//2961
f 831//2962 807//2962 799//2962
f 846//2963 807//2963 831//2963
f 859//2964 846//2964 831//2964
f 876//2965 846//2965 859//2965
f 883//2966 876//2966 859//2966
f 894//2967 876//2967 883//2967
f 907//2968 894//2968 883//2968
f 913//2969 894//2969 907//2969
f 935//2970 913//2970 907//2970
f 943//2971 913//2971 935//2971
f 963//2972 943//2972 935//2972
f 975//2973 943//2973 963//2973
f 1020//2974 975//2974 963//2974
f 1053//2975 975//2975 1020//2975
f 1160//2976 1053//2976 1020//2976
f 1226//2977 1053//2977 1160//2977
f 1353//2978 1226//2978 1160//2978
f 1418//2979 1226//2979 1353//2979
f 1521//2980 1418//2980 1353//2980
f 1634//2981 1418//2981 1521//2981
f 1708//2982 1634//2982 1521//2982
f 1821//2983 1634//2983 1708//2983
f 1857//2984 1821//2984 1708//2984
f 1953//2985 1821//2985 1857//2985
f 137//2986 113//2986 120//2986
f 143//2987 137//2987 120//2987
f 174//2988 137//2988 143//2988
f 167//2989 137//2989 174//2989
f 207//2990 167//2990 174//2990
f 194//2991 167//2991 207//2991
f 226//2992 194//2992 207//2992
f 255//2993 194//2993 226//2993
f 259//2994 255//2994 226//2994
f 295//2995 255//2995 259//2995
f 255//2996 295//2996 312//2996
f 301//2997 255//2997 312//2997
f 225//2998 255//2998 301//2998
f 267//2999 225//2999 301//2999
f 213//3000 225//3000 267//3000
f 251//3001 213//3001 267//3001
f 203//3002 213//3002 251//3002
f 239//3003 203//3003 251//3003
f 223//3004 203//3004 239//3004
f 269//3005 223//3005 239//3005
f 216//3006 223//3006 269//3006
f 260//3007 216//3007 269//3007
f 209//3008 216//3008 260//3008
f 246//3009 209//3009 260//3009
f 199//3010 209//3010 246//3010
f 241//3011 199//3011 246//3011
f 192//3012 199//3012 241//3012
f 235//3013 192//3013 241//3013
f 188//3014 192//3014 235//3014
f 229//3015 188//3015 235//3015
f 185//3016 188//3016 229//3016
f 227//3017 185//3017 229//3017
f 189//3018 185//3018 227//3018
f 230//3019 189//3019 227//3019
f 191//3020 189//3020 230//3020
f 233//3021 191//3021 230//3021
f 196//3022 191//3022 233//3022
f 240//3023 196//3023 233//3023
f 206//3024 196//3024 240//3024
f 242//3025 206//3025 240//3025
f 210//3026 206//3026 242//3026
f 247//3027 210//3027 242//3027
f 215//3028 210//3028 247//3028
f 258//3029 215//3029 247//3029
f 222//3030 215//3030 258//3030
f 268//3031 222//3031 258//3031
f 238//3032 222//3032 268//3032
f 280//3033 238//3033 268//3033
f 249//3034 238//3034 280//3034
f 298//3035 249//3035 280//3035
f 266//3036 249//3036 298//3036
f 309//3037 266//3037 298//3037
f 288//3038 266//3038 309//3038
f 319//3039 288//3039 309//3039
f 307//3040 288//3040 319//3040
f 329//3041 307//3041 319//3041
f 321//3042 301//3042 312//3042
f 320//3043 321//3043 312//3043
f 350//3044 321//3044 320//3044
f 350//3045 364//3045 353//3045
f 341//3046 350//3046 353//3046
f 321//3047 350//3047 341//3047
f 301//3048 321//3048 341//3048
f 366//3049 353//3049 364//3049
f 379//3050 366//3050 364//3050
f 381//3051 366//3051 379//3051
f 341//3052 353//3052 366//3052
f 351//3053 341//3053 366//3053
f 324//3054 341//3054 351//3054
f 340//3055 324//3055 351//3055
f 311//3056 324//3056 340//3056
f 326//3057 311//3057 340//3057
f 300//3058 311//3058 326//3058
f 281//3059 300//3059 326//3059
f 239//3060 300//3060 281//3060
f 269//3061 239//3061 281//3061
f 281//3062 326//3062 316//3062
f 269//3063 281//3063 316//3063
f 260//3064 269//3064 316//3064
f 305//3065 260//3065 316//3065
f 246//3066 260//3066 305//3066
f 293//3067 246//3067 305//3067
f 241//3068 246//3068 293//3068
f 282//3069 241//3069 293//3069
f 235//3070 241//3070 282//3070
f 276//3071 235//3071 282//3071
f 229//3072 235//3072 276//3072
f 227//3073 229//3073 276//3073
f 227//3074 276//3074 275//3074
f 230//3075 227//3075 275//3075
f 230//3076 275//3076 278//3076
f 233//3077 230//3077 278//3077
f 233//3078 278//3078 286//3078
f 240//3079 233//3079 286//3079
f 240//3080 286//3080 297//3080
f 242//3081 240//3081 297//3081
f 247//3082 242//3082 297//3082
f 308//3083 247//3083 297//3083
f 258//3084 247//3084 308//3084
f 268//3085 258//3085 308//3085
f 268//3086 308//3086 318//3086
f 280//3087 268//3087 318//3087
f 280//3088 318//3088 330//3088
f 298//3089 280//3089 330//3089
f 309//3090 298//3090 330//3090
f 343//3091 309//3091 330//3091
f 319//3092 309//3092 343//3092
f 329//3093 319//3093 343//3093
f 329//3094 343//3094 357//3094
f 382//3095 419//3095 468//3095
f 461//3096 382//3096 468//3096
f 405//3097 382//3097 461//3097
f 481//3098 405//3098 461//3098
f 438//3099 405//3099 481//3099
f 516//3100 438//3100 481//3100
f 486//3101 438//3101 516//3101
f 559//3102 486//3102 516//3102
f 542//3103 486//3103 559//3103
f 611//3104 542//3104 559//3104
f 599//3105 542//3105 611//3105
f 670//3106 599//3106 611//3106
f 662//3107 599//3107 670//3107
f 700//3108 662//3108 670//3108
f 696//3109 662//3109 700//3109
f 461//3110 468//3110 509//3110
f 551//3111 461//3111 509//3111
f 518//3112 461//3112 551//3112
f 586//3113 518//3113 551//3113
f 568//3114 518//3114 586//3114
f 618//3115 568//3115 586//3115
f 614//3116 568//3116 618//3116
f 654//3117 614//3117 618//3117
f 661//3118 614//3118 654//3118
f 690//3119 661//3119 654//3119
f 707//3120 661//3120 690//3120
f 727//3121 707//3121 690//3121
f 734//3122 707//3122 727//3122
f 763//3123 734//3123 727//3123
f 935//3124 907//3124 934//3124
f 952//3125 935//3125 934//3125
f 963//3126 935//3126 952//3126
f 1006//3127 963//3127 952//3127
f 1020//3128 963//3128 1006//3128
f 1110//3129 1020//3129 1006//3129
f 1160//3130 1020//3130 1110//3130
f 1278//3131 1160//3131 1110//3131
f 1353//3132 1160//3132 1278//3132
f 1442//3133 1353//3133 1278//3133
f 1521//3134 1353//3134 1442//3134
f 1640//3135 1521//3135 1442//3135
f 1708//3136 1521//3136 1640//3136
f 1718//3137 1708//3137 1640//3137
f 1857//3138 1708//3138 1718//3138
f 952//3139 934//3139 958//3139
f 990//3140 952//3140 958//3140
f 1006//3141 952//3141 990//3141
f 1060//3142 1006//3142 990//3142
f 1110//3143 1006//3143 1060//3143
f 1204//3144 1110//3144 1060//3144
f 1278//3145 1110//3145 1204//3145
f 1373//3146 1278//3146 1204//3146
f 1442//3147 1278//3147 1373//3147
f 1533//3148 1442//3148 1373//3148
f 1640//3149 1442//3149 1533//3149
f 1628//3150 1640//3150 1533//3150
f 1718//3151 1640//3151 1628//3151
f 990//3152 958//3152 980//3152
f 1005//3153 990//3153 980//3153
f 1022//3154 990//3154 1005//3154
f 1070//3155 1022//3155 1005//3155
f 1095//3156 1022//3156 1070//3156
f 1172//3157 1095//3157 1070//3157
f 1227//3158 1095//3158 1172//3158
f 1312//3159 1227//3159 1172//3159
f 1383//3160 1227//3160 1312//3160
f 1406//3161 1383//3161 1312//3161
f 1492//3162 1383//3162 1406//3162
f 1172//3163 1070//3163 1166//3163
f 1249//3164 1172//3164 1166//3164
f 1312//3165 1172//3165 1249//3165
f 1337//3166 1312//3166 1249//3166
f 1406//3167 1312//3167 1337//3167
f 1249//3168 1166//3168 1271//3168
f 1337//3169 1249//3169 1271//3169
f 1449//3170 1383//3170 1492//3170
f 1628//3171 1449//3171 1492//3171
f 1533//3172 1449//3172 1628//3172
f 1903//3173 1821//3173 1953//3173
f 2049//3174 1903//3174 1953//3174
f 1952//3175 1903//3175 2049//3175
f 1812//3176 1903//3176 1952//3176
f 1896//3177 1812//3177 1952//3177
f 1832//3178 1812//3178 1896//3178
f 1681//3179 1812//3179 1832//3179
f 1724//3180 1681//3180 1832//3180
f 1522//3181 1681//3181 1724//3181
f 1648//3182 1522//3182 1724//3182
f 1528//3183 1522//3183 1648//3183
f 1370//3184 1522//3184 1528//3184
f 1414//3185 1370//3185 1528//3185
f 1298//3186 1370//3186 1414//3186
f 1177//3187 1370//3187 1298//3187
f 1156//3188 1177//3188 1298//3188
f 1083//3189 1177//3189 1156//3189
f 1029//3190 1083//3190 1156//3190
f 1017//3191 1083//3191 1029//3191
f 976//3192 1017//3192 1029//3192
f 998//3193 1017//3193 976//3193
f 962//3194 998//3194 976//3194
f 983//3195 998//3195 962//3195
f 947//3196 983//3196 962//3196
f 966//3197 983//3197 947//3197
f 938//3198 966//3198 947//3198
f 953//3199 966//3199 938//3199
f 924//3200 953//3200 938//3200
f 941//3201 953//3201 924//3201
f 915//3202 941//3202 924//3202
f 931//3203 941//3203 915//3203
f 910//3204 931//3204 915//3204
f 918//3205 931//3205 910//3205
f 902//3206 918//3206 910//3206
f 913//3207 918//3207 902//3207
f 894//3208 913//3208 902//3208
f 976//3209 1029//3209 978//3209
f 939//3210 976//3210 978//3210
f 927//3211 976//3211 939//3211
f 871//3212 927//3212 939//3212
f 866//3213 927//3213 871//3213
f 811//3214 866//3214 871//3214
f 809//3215 866//3215 811//3215
f 772//3216 809//3216 811//3216
f 771//3217 809//3217 772//3217
f 743//3218 771//3218 772//3218
f 745//3219 771//3219 743//3219
f 939//3220 978//3220 925//3220
f 877//3221 939//3221 925//3221
f 871//3222 939//3222 877//3222
f 813//3223 871//3223 877//3223
f 811//3224 871//3224 813//3224
f 774//3225 811//3225 813//3225
f 772//3226 811//3226 774//3226
f 741//3227 772//3227 774//3227
f 743//3228 772//3228 741//3228
f 877//3229 925//3229 879//3229
f 837//3230 877//3230 879//3230
f 817//3231 877//3231 837//3231
f 776//3232 817//3232 837//3232
f 781//3233 817//3233 776//3233
f 739//3234 781//3234 776//3234
f 737//3235 781//3235 739//3235
f 698//3236 737//3236 739//3236
f 739//3237 776//3237 698//3237
f 588//3238 621//3238 545//3238
f 441//3239 588//3239 545//3239
f 524//3240 588//3240 441//3240
f 423//3241 524//3241 441//3241
f 458//3242 524//3242 423//3242
f 373//3243 458//3243 423//3243
f 388//3244 458//3244 373//3244
f 365//3245 388//3245 373//3245
f 374//3246 388//3246 365//3246
f 360//3247 374//3247 365//3247
f 372//3248 374//3248 360//3248
f 358//3249 372//3249 360//3249
f 369//3250 372//3250 358//3250
f 359//3251 369//3251 358//3251
f 423//3252 441//3252 363//3252
f 367//3253 423//3253 363//3253
f 373//3254 423//3254 367//3254
f 356//3255 373//3255 367//3255
f 365//3256 373//3256 356//3256
f 348//3257 365//3257 356//3257
f 360//3258 365//3258 348//3258
f 345//3259 360//3259 348//3259
f 358//3260 360//3260 345//3260
f 346//3261 358//3261 345//3261
f 359//3262 358//3262 346//3262
f 349//3263 359//3263 346//3263
f 347//3264 367//3264 363//3264
f 335//3265 347//3265 363//3265
f 323//3266 347//3266 335//3266
f 290//3267 323//3267 335//3267
f 296//3268 323//3268 290//3268
f 253//3269 296//3269 290//3269
f 285//3270 296//3270 253//3270
f 250//3271 285//3271 253//3271
f 284//3272 285//3272 250//3272
f 254//3273 284//3273 250//3273
f 294//3274 284//3274 254//3274
f 253//3275 290//3275 228//3275
f 220//3276 253//3276 228//3276
f 250//3277 253//3277 220//3277
f 221//3278 250//3278 220//3278
f 254//3279 250//3279 221//3279
f 220//3280 228//3280 184//3280
f 195//3281 220//3281 184//3281
f 221//3282 220//3282 195//3282
f 147//3283 195//3283 184//3283
f 144//3284 147//3284 184//3284
f 131//3285 147//3285 144//3285
f 114//3286 131//3286 144//3286
f 112//3287 131//3287 114//3287
f 88//3288 112//3288 114//3288
f 97//3289 112//3289 88//3289
f 70//3290 97//3290 88//3290
f 85//3291 97//3291 70//3291
f 80//3292 85//3292 70//3292
f 58//3293 80//3293 70//3293
f 54//3294 58//3294 70//3294
f 49//3295 58//3295 54//3295
f 40//3296 49//3296 54//3296
f 41//3297 49//3297 40//3297
f 29//3298 41//3298 40//3298
f 35//3299 41//3299 29//3299
f 18//3300 35//3300 29//3300
f 30//3301 35//3301 18//3301
f 27//3302 30//3302 18//3302
f 47//3303 30//3303 27//3303
f 45//3304 47//3304 27//3304
f 27//3305 18//3305 11//3305
f 22//3306 27//3306 11//3306
f 45//3307 27//3307 22//3307
f 42//3308 45//3308 22//3308
f 22//3309 11//3309 3//3309
f 19//3310 22//3310 3//3310
f 42//3311 22//3311 19//3311
f 43//3312 42//3312 19//3312
f 19//3313 3//3313 1//3313
f 2//3314 19//3314 1//3314
f 20//3315 19//3315 2//3315
f 9//3316 20//3316 2//3316
f 28//3317 20//3317 9//3317
f 16//3318 28//3318 9//3318
f 32//3319 28//3319 16//3319
f 25//3320 32//3320 16//3320
f 39//3321 32//3321 25//3321
f 33//3322 39//3322 25//3322
f 44//3323 39//3323 33//3323
f 51//3324 39//3324 44//3324
f 59//3325 51//3325 44//3325
f 61//3326 51//3326 59//3326
f 73//3327 61//3327 59//3327
f 81//3328 61//3328 73//3328
f 311//3329 300//3329 251//3329
f 267//3330 311//3330 251//3330
f 324//3331 311//3331 267//3331
f 301//3332 324//3332 267//3332
f 341//3333 324//3333 301//3333
f 239//3334 251//3334 300//3334
f 225//3335 213//3335 180//3335
f 194//3336 225//3336 180//3336
f 255//3337 225//3337 194//3337
f 149//3338 167//3338 194//3338
f 180//3339 149//3339 194//3339
f 136//3340 149//3340 180//3340
f 170//3341 136//3341 180//3341
f 156//3342 136//3342 170//3342
f 187//3343 156//3343 170//3343
f 146//3344 156//3344 187//3344
f 181//3345 146//3345 187//3345
f 134//3346 146//3346 181//3346
f 172//3347 134//3347 181//3347
f 130//3348 134//3348 172//3348
f 165//3349 130//3349 172//3349
f 125//3350 130//3350 165//3350
f 159//3351 125//3351 165//3351
f 119//3352 125//3352 159//3352
f 151//3353 119//3353 159//3353
f 118//3354 119//3354 151//3354
f 150//3355 118//3355 151//3355
f 121//3356 118//3356 150//3356
f 152//3357 121//3357 150//3357
f 124//3358 121//3358 152//3358
f 157//3359 124//3359 152//3359
f 129//3360 124//3360 157//3360
f 164//3361 129//3361 157//3361
f 132//3362 129//3362 164//3362
f 168//3363 132//3363 164//3363
f 138//3364 132//3364 168//3364
f 173//3365 138//3365 168//3365
f 145//3366 138//3366 173//3366
f 179//3367 145//3367 173//3367
f 154//3368 145//3368 179//3368
f 186//3369 154//3369 179//3369
f 169//3370 154//3370 186//3370
f 201//3371 169//3371 186//3371
f 178//3372 169//3372 201//3372
f 212//3373 178//3373 201//3373
f 193//3374 178//3374 212//3374
f 224//3375 193//3375 212//3375
f 211//3376 193//3376 224//3376
f 244//3377 211//3377 224//3377
f 231//3378 211//3378 244//3378
f 265//3379 231//3379 244//3379
f 170//3380 180//3380 213//3380
f 203//3381 170//3381 213//3381
f 187//3382 170//3382 203//3382
f 223//3383 187//3383 203//3383
f 181//3384 187//3384 223//3384
f 216//3385 181//3385 223//3385
f 172//3386 181//3386 216//3386
f 209//3387 172//3387 216//3387
f 165//3388 172//3388 209//3388
f 199//3389 165//3389 209//3389
f 159//3390 165//3390 199//3390
f 192//3391 159//3391 199//3391
f 151//3392 159//3392 192//3392
f 188//3393 151//3393 192//3393
f 150//3394 151//3394 188//3394
f 185//3395 150//3395 188//3395
f 152//3396 150//3396 185//3396
f 189//3397 152//3397 185//3397
f 157//3398 152//3398 189//3398
f 191//3399 157//3399 189//3399
f 164//3400 157//3400 191//3400
f 196//3401 164//3401 191//3401
f 168//3402 164//3402 196//3402
f 206//3403 168//3403 196//3403
f 173//3404 168//3404 206//3404
f 210//3405 173//3405 206//3405
f 179//3406 173//3406 210//3406
f 215//3407 179//3407 210//3407
f 186//3408 179//3408 215//3408
f 222//3409 186//3409 215//3409
f 201//3410 186//3410 222//3410
f 238//3411 201//3411 222//3411
f 212//3412 201//3412 238//3412
f 249//3413 212//3413 238//3413
f 224//3414 212//3414 249//3414
f 266//3415 224//3415 249//3415
f 244//3416 224//3416 266//3416
f 288//3417 244//3417 266//3417
f 265//3418 244//3418 288//3418
f 307//3419 265//3419 288//3419
f 123//3420 137//3420 167//3420
f 149//3421 123//3421 167//3421
f 110//3422 123//3422 149//3422
f 136//3423 110//3423 149//3423
f 128//3424 110//3424 136//3424
f 156//3425 128//3425 136//3425
f 116//3426 128//3426 156//3426
f 146//3427 116//3427 156//3427
f 106//3428 116//3428 146//3428
f 134//3429 106//3429 146//3429
f 101//3430 106//3430 134//3430
f 130//3431 101//3431 134//3431
f 95//3432 101//3432 130//3432
f 125//3433 95//3433 130//3433
f 92//3434 95//3434 125//3434
f 119//3435 92//3435 125//3435
f 89//3436 92//3436 119//3436
f 118//3437 89//3437 119//3437
f 93//3438 89//3438 118//3438
f 121//3439 93//3439 118//3439
f 94//3440 93//3440 121//3440
f 124//3441 94//3441 121//3441
f 96//3442 94//3442 124//3442
f 129//3443 96//3443 124//3443
f 103//3444 96//3444 129//3444
f 132//3445 103//3445 129//3445
f 108//3446 103//3446 132//3446
f 138//3447 108//3447 132//3447
f 115//3448 108//3448 138//3448
f 145//3449 115//3449 138//3449
f 127//3450 115//3450 145//3450
f 154//3451 127//3451 145//3451
f 133//3452 127//3452 154//3452
f 169//3453 133//3453 154//3453
f 148//3454 133//3454 169//3454
f 178//3455 148//3455 169//3455
f 166//3456 148//3456 178//3456
f 193//3457 166//3457 178//3457
f 182//3458 166//3458 193//3458
f 211//3459 182//3459 193//3459
f 204//3460 182//3460 211//3460
f 231//3461 204//3461 211//3461
f 99//3462 113//3462 137//3462
f 123//3463 99//3463 137//3463
f 86//3464 99//3464 123//3464
f 110//3465 86//3465 123//3465
f 102//3466 86//3466 110//3466
f 128//3467 102//3467 110//3467
f 91//3468 102//3468 128//3468
f 116//3469 91//3469 128//3469
f 83//3470 91//3470 116//3470
f 106//3471 83//3471 116//3471
f 77//3472 83//3472 106//3472
f 101//3473 77//3473 106//3473
f 72//3474 77//3474 101//3474
f 95//3475 72//3475 101//3475
f 66//3476 72//3476 95//3476
f 92//3477 66//3477 95//3477
f 65//3478 66//3478 92//3478
f 89//3479 65//3479 92//3479
f 67//3480 65//3480 89//3480
f 93//3481 67//3481 89//3481
f 71//3482 67//3482 93//3482
f 94//3483 71//3483 93//3483
f 75//3484 71//3484 94//3484
f 96//3485 75//3485 94//3485
f 82//3486 75//3486 96//3486
f 103//3487 82//3487 96//3487
f 84//3488 82//3488 103//3488
f 108//3489 84//3489 103//3489
f 90//3490 84//3490 108//3490
f 115//3491 90//3491 108//3491
f 100//3492 90//3492 115//3492
f 127//3493 100//3493 115//3493
f 109//3494 100//3494 127//3494
f 133//3495 109//3495 127//3495
f 122//3496 109//3496 133//3496
f 148//3497 122//3497 133//3497
f 135//3498 122//3498 148//3498
f 166//3499 135//3499 148//3499
f 153//3500 135//3500 166//3500
f 182//3501 153//3501 166//3501
f 175//3502 153//3502 182//3502
f 204//3503 175//3503 182//3503
f 81//3504 51//3504 61//3504
f 69//3505 51//3505 81//3505
f 39//3506 51//3506 69//3506
f 62//3507 39//3507 69//3507
f 32//3508 39//3508 62//3508
f 53//3509 32//3509 62//3509
f 28//3510 32//3510 53//3510
f 48//3511 28//3511 53//3511
f 20//3512 28//3512 48//3512
f 43//3513 20//3513 48//3513
f 19//3514 20//3514 43//3514
f 52//3515 30//3515 47//3515
f 52//3516 35//3516 30//3516
f 57//3517 35//3517 52//3517
f 41//3518 35//3518 57//3518
f 64//3519 41//3519 57//3519
f 49//3520 41//3520 64//3520
f 68//3521 49//3521 64//3521
f 58//3522 49//3522 68//3522
f 80//3523 58//3523 68//3523
f 334//3524 322//3524 342//3524
f 349//3525 334//3525 342//3525
f 346//3526 334//3526 349//3526
f 314//3527 294//3527 322//3527
f 334//3528 314//3528 322//3528
f 331//3529 314//3529 334//3529
f 346//3530 331//3530 334//3530
f 345//3531 331//3531 346//3531
f 284//3532 294//3532 314//3532
f 313//3533 284//3533 314//3533
f 285//3534 284//3534 313//3534
f 317//3535 285//3535 313//3535
f 296//3536 285//3536 317//3536
f 323//3537 296//3537 317//3537
f 331//3538 313//3538 314//3538
f 332//3539 313//3539 331//3539
f 345//3540 332//3540 331//3540
f 348//3541 332//3541 345//3541
f 332//3542 348//3542 339//3542
f 317//3543 332//3543 339//3543
f 313//3544 332//3544 317//3544
f 339//3545 347//3545 323//3545
f 317//3546 339//3546 323//3546
f 356//3547 347//3547 339//3547
f 348//3548 356//3548 339//3548
f 356//3549 367//3549 347//3549
f 481//3550 461//3550 518//3550
f 544//3551 481//3551 518//3551
f 516//3552 481//3552 544//3552
f 577//3553 516//3553 544//3553
f 559//3554 516//3554 577//3554
f 619//3555 559//3555 577//3555
f 611//3556 559//3556 619//3556
f 674//3557 611//3557 619//3557
f 670//3558 611//3558 674//3558
f 703//3559 670//3559 674//3559
f 700//3560 670//3560 703//3560
f 544//3561 518//3561 568//3561
f 597//3562 544//3562 568//3562
f 577//3563 544//3563 597//3563
f 638//3564 577//3564 597//3564
f 619//3565 577//3565 638//3565
f 682//3566 619//3566 638//3566
f 674//3567 619//3567 682//3567
f 708//3568 674//3568 682//3568
f 703//3569 674//3569 708//3569
f 597//3570 568//3570 614//3570
f 644//3571 597//3571 614//3571
f 638//3572 597//3572 644//3572
f 684//3573 638//3573 644//3573
f 682//3574 638//3574 684//3574
f 714//3575 682//3575 684//3575
f 708//3576 682//3576 714//3576
f 644//3577 614//3577 661//3577
f 697//3578 644//3578 661//3578
f 684//3579 644//3579 697//3579
f 717//3580 684//3580 697//3580
f 714//3581 684//3581 717//3581
f 697//3582 661//3582 707//3582
f 722//3583 697//3583 707//3583
f 717//3584 697//3584 722//3584
f 707//3585 734//3585 722//3585
f 662//3586 696//3586 657//3586
f 779//3587 749//3587 757//3587
f 783//3588 779//3588 757//3588
f 804//3589 779//3589 783//3589
f 807//3590 804//3590 783//3590
f 847//3591 804//3591 807//3591
f 846//3592 847//3592 807//3592
f 881//3593 847//3593 846//3593
f 876//3594 881//3594 846//3594
f 902//3595 881//3595 876//3595
f 894//3596 902//3596 876//3596
f 775//3597 746//3597 749//3597
f 779//3598 775//3598 749//3598
f 802//3599 775//3599 779//3599
f 804//3600 802//3600 779//3600
f 849//3601 802//3601 804//3601
f 847//3602 849//3602 804//3602
f 886//3603 849//3603 847//3603
f 881//3604 886//3604 847//3604
f 910//3605 886//3605 881//3605
f 902//3606 910//3606 881//3606
f 773//3607 745//3607 746//3607
f 775//3608 773//3608 746//3608
f 806//3609 773//3609 775//3609
f 802//3610 806//3610 775//3610
f 854//3611 806//3611 802//3611
f 849//3612 854//3612 802//3612
f 891//3613 854//3613 849//3613
f 886//3614 891//3614 849//3614
f 915//3615 891//3615 886//3615
f 910//3616 915//3616 886//3616
f 771//3617 745//3617 773//3617
f 808//3618 771//3618 773//3618
f 809//3619 771//3619 808//3619
f 862//3620 809//3620 808//3620
f 866//3621 809//3621 862//3621
f 917//3622 866//3622 862//3622
f 927//3623 866//3623 917//3623
f 962//3624 927//3624 917//3624
f 976//3625 927//3625 962//3625
f 806//3626 808//3626 773//3626
f 774//3627 738//3627 741//3627
f 778//3628 737//3628 738//3628
f 774//3629 778//3629 738//3629
f 813//3630 778//3630 774//3630
f 778//3631 817//3631 781//3631
f 737//3632 778//3632 781//3632
f 813//3633 817//3633 778//3633
f 856//3634 808//3634 806//3634
f 854//3635 856//3635 806//3635
f 899//3636 856//3636 854//3636
f 891//3637 899//3637 854//3637
f 924//3638 899//3638 891//3638
f 915//3639 924//3639 891//3639
f 813//3640 877//3640 817//3640
f 862//3641 808//3641 856//3641
f 909//3642 862//3642 856//3642
f 917//3643 862//3643 909//3643
f 947//3644 917//3644 909//3644
f 962//3645 917//3645 947//3645
f 899//3646 909//3646 856//3646
f 899//3647 924//3647 938//3647
f 909//3648 899//3648 938//3648
f 909//3649 938//3649 947//3649
f 943//3650 918//3650 913//3650
f 955//3651 931//3651 918//3651
f 943//3652 955//3652 918//3652
f 975//3653 955//3653 943//3653
f 965//3654 941//3654 931//3654
f 955//3655 965//3655 931//3655
f 992//3656 965//3656 955//3656
f 975//3657 992//3657 955//3657
f 1053//3658 992//3658 975//3658
f 982//3659 953//3659 941//3659
f 965//3660 982//3660 941//3660
f 1008//3661 982//3661 965//3661
f 992//3662 1008//3662 965//3662
f 1101//3663 1008//3663 992//3663
f 1053//3664 1101//3664 992//3664
f 1226//3665 1101//3665 1053//3665
f 997//3666 983//3666 966//3666
f 982//3667 997//3667 966//3667
f 1023//3668 997//3668 982//3668
f 1008//3669 1023//3669 982//3669
f 1157//3670 1023//3670 1008//3670
f 1101//3671 1157//3671 1008//3671
f 1305//3672 1157//3672 1101//3672
f 1226//3673 1305//3673 1101//3673
f 1418//3674 1305//3674 1226//3674
f 1015//3675 998//3675 983//3675
f 997//3676 1015//3676 983//3676
f 1065//3677 1015//3677 997//3677
f 1023//3678 1065//3678 997//3678
f 1222//3679 1065//3679 1023//3679
f 1157//3680 1222//3680 1023//3680
f 1379//3681 1222//3681 1157//3681
f 1305//3682 1379//3682 1157//3682
f 1496//3683 1379//3683 1305//3683
f 1418//3684 1496//3684 1305//3684
f 1634//3685 1496//3685 1418//3685
f 1032//3686 1017//3686 998//3686
f 1015//3687 1032//3687 998//3687
f 1119//3688 1032//3688 1015//3688
f 1065//3689 1119//3689 1015//3689
f 1299//3690 1119//3690 1065//3690
f 1222//3691 1299//3691 1065//3691
f 1450//3692 1299//3692 1222//3692
f 1379//3693 1450//3693 1222//3693
f 1599//3694 1450//3694 1379//3694
f 1496//3695 1599//3695 1379//3695
f 1702//3696 1599//3696 1496//3696
f 1634//3697 1702//3697 1496//3697
f 1821//3698 1702//3698 1634//3698
f 1032//3699 1177//3699 1083//3699
f 1017//3700 1032//3700 1083//3700
f 1119//3701 1177//3701 1032//3701
f 982//3702 966//3702 953//3702
f 1119//3703 1370//3703 1177//3703
f 1299//3704 1370//3704 1119//3704
f 1299//3705 1522//3705 1370//3705
f 1450//3706 1522//3706 1299//3706
f 1060//3707 990//3707 1022//3707
f 1142//3708 1060//3708 1022//3708
f 1204//3709 1060//3709 1142//3709
f 1301//3710 1204//3710 1142//3710
f 1373//3711 1204//3711 1301//3711
f 1449//3712 1373//3712 1301//3712
f 1533//3713 1373//3713 1449//3713
f 1450//3714 1681//3714 1522//3714
f 1599//3715 1681//3715 1450//3715
f 1142//3716 1095//3716 1227//3716
f 1301//3717 1142//3717 1227//3717
f 1383//3718 1449//3718 1301//3718
f 1227//3719 1383//3719 1301//3719
f 1812//3720 1681//3720 1599//3720
f 1702//3721 1812//3721 1599//3721
f 1903//3722 1812//3722 1702//3722
f 1821//3723 1903//3723 1702//3723
f 1142//3724 1022//3724 1095//3724
f 303//3725 302//3725 272//3725
f 263//3726 303//3726 272//3726
f 274//3727 303//3727 263//3727
f 245//3728 274//3728 263//3728
f 237//3729 245//3729 263//3729
f 217//3730 245//3730 237//3730
f 248//3731 217//3731 237//3731
f 197//3732 217//3732 248//3732
f 272//3733 302//3733 292//3733
f 287//3734 272//3734 292//3734
f 277//3735 272//3735 287//3735
f 272//3736 277//3736 264//3736
f 252//3737 272//3737 264//3737
f 263//3738 272//3738 252//3738
f 237//3739 263//3739 252//3739
f 252//3740 264//3740 248//3740
f 237//3741 252//3741 248//3741
f 197//3742 155//3742 171//3742
f 217//3743 197//3743 171//3743
f 177//3744 217//3744 171//3744
f 200//3745 217//3745 177//3745
f 183//3746 200//3746 177//3746
f 218//3747 200//3747 183//3747
f 208//3748 218//3748 183//3748
f 243//3749 218//3749 208//3749
f 198//3750 243//3750 208//3750
f 214//3751 243//3751 198//3751
f 177//3752 171//3752 183//3752
f 208//3753 183//3753 198//3753
f 218//3754 243//3754 274//3754
f 245//3755 218//3755 274//3755
f 200//3756 218//3756 245//3756
f 217//3757 200//3757 245//3757
f 973//3758 936//3758 1004//3758
f 1047//3759 973//3759 1004//3759
f 995//3760 973//3760 1047//3760
f 1013//3761 995//3761 1047//3761
f 949//3762 995//3762 1013//3762
f 967//3763 949//3763 1013//3763
f 911//3764 949//3764 967//3764
f 930//3765 911//3765 967//3765
f 875//3766 911//3766 930//3766
f 893//3767 875//3767 930//3767
f 852//3768 875//3768 893//3768
f 867//3769 852//3769 893//3769
f 821//3770 852//3770 867//3770
f 845//3771 821//3771 867//3771
f 791//3772 821//3772 845//3772
f 816//3773 791//3773 845//3773
f 758//3774 791//3774 816//3774
f 787//3775 758//3775 816//3775
f 705//3776 758//3776 787//3776
f 740//3777 705//3777 787//3777
f 667//3778 705//3778 740//3778
f 695//3779 667//3779 740//3779
f 623//3780 667//3780 695//3780
f 658//3781 623//3781 695//3781
f 590//3782 623//3782 658//3782
f 626//3783 590//3783 658//3783
f 557//3784 590//3784 626//3784
f 594//3785 557//3785 626//3785
f 532//3786 557//3786 594//3786
f 569//3787 532//3787 594//3787
f 504//3788 532//3788 569//3788
f 550//3789 504//3789 569//3789
f 499//3790 504//3790 550//3790
f 538//3791 499//3791 550//3791
f 497//3792 499//3792 538//3792
f 537//3793 497//3793 538//3793
f 496//3794 497//3794 537//3794
f 536//3795 496//3795 537//3795
f 495//3796 496//3796 536//3796
f 535//3797 495//3797 536//3797
f 492//3798 495//3798 535//3798
f 533//3799 492//3799 535//3799
f 488//3800 492//3800 533//3800
f 529//3801 488//3801 533//3801
f 487//3802 488//3802 529//3802
f 527//3803 487//3803 529//3803
f 485//3804 487//3804 527//3804
f 521//3805 485//3805 527//3805
f 482//3806 485//3806 521//3806
f 519//3807 482//3807 521//3807
f 477//3808 482//3808 519//3808
f 514//3809 477//3809 519//3809
f 475//3810 477//3810 514//3810
f 505//3811 475//3811 514//3811
f 470//3812 475//3812 505//3812
f 501//3813 470//3813 505//3813
f 465//3814 470//3814 501//3814
f 490//3815 465//3815 501//3815
f 456//3816 465//3816 490//3816
f 478//3817 456//3817 490//3817
f 446//3818 456//3818 478//3818
f 471//3819 446//3819 478//3819
f 435//3820 446//3820 471//3820
f 460//3821 435//3821 471//3821
f 429//3822 435//3822 460//3822
f 452//3823 429//3823 460//3823
f 418//3824 429//3824 452//3824
f 432//3825 418//3825 452//3825
f 411//3826 418//3826 432//3826
f 420//3827 411//3827 432//3827
f 403//3828 411//3828 420//3828
f 408//3829 403//3829 420//3829
f 397//3830 403//3830 408//3830
f 402//3831 397//3831 408//3831
f 386//3832 397//3832 402//3832
f 389//3833 386//3833 402//3833
f 381//3834 386//3834 389//3834
f 1013//3835 1047//3835 1134//3835
f 1030//3836 1013//3836 1134//3836
f 967//3837 1013//3837 1030//3837
f 989//3838 967//3838 1030//3838
f 930//3839 967//3839 989//3839
f 950//3840 930//3840 989//3840
f 893//3841 930//3841 950//3841
f 914//3842 893//3842 950//3842
f 867//3843 893//3843 914//3843
f 887//3844 867//3844 914//3844
f 845//3845 867//3845 887//3845
f 864//3846 845//3846 887//3846
f 816//3847 845//3847 864//3847
f 840//3848 816//3848 864//3848
f 787//3849 816//3849 840//3849
f 814//3850 787//3850 840//3850
f 740//3851 787//3851 814//3851
f 768//3852 740//3852 814//3852
f 695//3853 740//3853 768//3853
f 726//3854 695//3854 768//3854
f 658//3855 695//3855 726//3855
f 686//3856 658//3856 726//3856
f 626//3857 658//3857 686//3857
f 660//3858 626//3858 686//3858
f 594//3859 626//3859 660//3859
f 630//3860 594//3860 660//3860
f 569//3861 594//3861 630//3861
f 606//3862 569//3862 630//3862
f 550//3863 569//3863 606//3863
f 583//3864 550//3864 606//3864
f 538//3865 550//3865 583//3865
f 574//3866 538//3866 583//3866
f 537//3867 538//3867 574//3867
f 572//3868 537//3868 574//3868
f 536//3869 537//3869 572//3869
f 571//3870 536//3870 572//3870
f 535//3871 536//3871 571//3871
f 570//3872 535//3872 571//3872
f 533//3873 535//3873 570//3873
f 566//3874 533//3874 570//3874
f 529//3875 533//3875 566//3875
f 561//3876 529//3876 566//3876
f 527//3877 529//3877 561//3877
f 558//3878 527//3878 561//3878
f 521//3879 527//3879 558//3879
f 554//3880 521//3880 558//3880
f 519//3881 521//3881 554//3881
f 552//3882 519//3882 554//3882
f 514//3883 519//3883 552//3883
f 546//3884 514//3884 552//3884
f 505//3885 514//3885 546//3885
f 539//3886 505//3886 546//3886
f 501//3887 505//3887 539//3887
f 530//3888 501//3888 539//3888
f 490//3889 501//3889 530//3889
f 517//3890 490//3890 530//3890
f 478//3891 490//3891 517//3891
f 503//3892 478//3892 517//3892
f 471//3893 478//3893 503//3893
f 491//3894 471//3894 503//3894
f 460//3895 471//3895 491//3895
f 476//3896 460//3896 491//3896
f 452//3897 460//3897 476//3897
f 467//3898 452//3898 476//3898
f 432//3899 452//3899 467//3899
f 448//3900 432//3900 467//3900
f 420//3901 432//3901 448//3901
f 430//3902 420//3902 448//3902
f 408//3903 420//3903 430//3903
f 415//3904 408//3904 430//3904
f 402//3905 408//3905 415//3905
f 406//3906 402//3906 415//3906
f 389//3907 402//3907 406//3907
f 390//3908 389//3908 406//3908
f 381//3909 389//3909 390//3909
f 1079//3910 1030//3910 1134//3910
f 1221//3911 1079//3911 1134//3911
f 1127//3912 1079//3912 1221//3912
f 1176//3913 1127//3913 1221//3913
f 1027//3914 1127//3914 1176//3914
f 1076//3915 1027//3915 1176//3915
f 993//3916 1027//3916 1076//3916
f 1014//3917 993//3917 1076//3917
f 957//3918 993//3918 1014//3918
f 977//3919 957//3919 1014//3919
f 928//3920 957//3920 977//3920
f 948//3921 928//3921 977//3921
f 905//3922 928//3922 948//3922
f 922//3923 905//3923 948//3923
f 880//3924 905//3924 922//3924
f 901//3925 880//3925 922//3925
f 860//3926 880//3926 901//3926
f 878//3927 860//3927 901//3927
f 826//3928 860//3928 878//3928
f 851//3929 826//3929 878//3929
f 792//3930 826//3930 851//3930
f 818//3931 792//3931 851//3931
f 753//3932 792//3932 818//3932
f 785//3933 753//3933 818//3933
f 721//3934 753//3934 785//3934
f 754//3935 721//3935 785//3935
f 694//3936 721//3936 754//3936
f 724//3937 694//3937 754//3937
f 671//3938 694//3938 724//3938
f 702//3939 671//3939 724//3939
f 647//3940 671//3940 702//3940
f 681//3941 647//3941 702//3941
f 639//3942 647//3942 681//3942
f 668//3943 639//3943 681//3943
f 637//3944 639//3944 668//3944
f 666//3945 637//3945 668//3945
f 636//3946 637//3946 666//3946
f 665//3947 636//3947 666//3947
f 635//3948 636//3948 665//3948
f 664//3949 635//3949 665//3949
f 627//3950 635//3950 664//3950
f 653//3951 627//3951 664//3951
f 620//3952 627//3952 653//3952
f 648//3953 620//3953 653//3953
f 617//3954 620//3954 648//3954
f 643//3955 617//3955 648//3955
f 612//3956 617//3956 643//3956
f 642//3957 612//3957 643//3957
f 609//3958 612//3958 642//3958
f 633//3959 609//3959 642//3959
f 598//3960 609//3960 633//3960
f 622//3961 598//3961 633//3961
f 592//3962 598//3962 622//3962
f 615//3963 592//3963 622//3963
f 580//3964 592//3964 615//3964
f 600//3965 580//3965 615//3965
f 563//3966 580//3966 600//3966
f 582//3967 563//3967 600//3967
f 547//3968 563//3968 582//3968
f 565//3969 547//3969 582//3969
f 531//3970 547//3970 565//3970
f 549//3971 531//3971 565//3971
f 512//3972 531//3972 549//3972
f 528//3973 512//3973 549//3973
f 498//3974 512//3974 528//3974
f 507//3975 498//3975 528//3975
f 473//3976 498//3976 507//3976
f 483//3977 473//3977 507//3977
f 455//3978 473//3978 483//3978
f 462//3979 455//3979 483//3979
f 428//3980 455//3980 462//3980
f 434//3981 428//3981 462//3981
f 412//3982 428//3982 434//3982
f 414//3983 412//3983 434//3983
f 394//3984 412//3984 414//3984
f 395//3985 394//3985 414//3985
f 381//3986 394//3986 395//3986
f 1176//3987 1221//3987 1321//3987
f 1225//3988 1176//3988 1321//3988
f 1076//3989 1176//3989 1225//3989
f 1125//3990 1076//3990 1225//3990
f 1014//3991 1076//3991 1125//3991
f 1035//3992 1014//3992 1125//3992
f 977//3993 1014//3993 1035//3993
f 999//3994 977//3994 1035//3994
f 948//3995 977//3995 999//3995
f 969//3996 948//3996 999//3996
f 922//3997 948//3997 969//3997
f 944//3998 922//3998 969//3998
f 901//3999 922//3999 944//3999
f 919//4000 901//4000 944//4000
f 878//4001 901//4001 919//4001
f 900//4002 878//4002 919//4002
f 851//4003 878//4003 900//4003
f 869//4004 851//4004 900//4004
f 818//4005 851//4005 869//4005
f 844//4006 818//4006 869//4006
f 785//4007 818//4007 844//4007
f 815//4008 785//4008 844//4008
f 754//4009 785//4009 815//4009
f 786//4010 754//4010 815//4010
f 724//4011 754//4011 786//4011
f 759//4012 724//4012 786//4012
f 702//4013 724//4013 759//4013
f 735//4014 702//4014 759//4014
f 681//4015 702//4015 735//4015
f 712//4016 681//4016 735//4016
f 668//4017 681//4017 712//4017
f 693//4018 668//4018 712//4018
f 666//4019 668//4019 693//4019
f 692//4020 666//4020 693//4020
f 665//4021 666//4021 692//4021
f 691//4022 665//4022 692//4022
f 664//4023 665//4023 691//4023
f 687//4024 664//4024 691//4024
f 653//4025 664//4025 687//4025
f 683//4026 653//4026 687//4026
f 648//4027 653//4027 683//4027
f 676//4028 648//4028 683//4028
f 643//4029 648//4029 676//4029
f 673//4030 643//4030 676//4030
f 642//4031 643//4031 673//4031
f 669//4032 642//4032 673//4032
f 633//4033 642//4033 669//4033
f 655//4034 633//4034 669//4034
f 622//4035 633//4035 655//4035
f 645//4036 622//4036 655//4036
f 615//4037 622//4037 645//4037
f 641//4038 615//4038 645//4038
f 600//4039 615//4039 641//4039
f 624//4040 600//4040 641//4040
f 582//4041 600//4041 624//4041
f 605//4042 582//4042 624//4042
f 565//4043 582//4043 605//4043
f 581//4044 565//4044 605//4044
f 549//4045 565//4045 581//4045
f 564//4046 549//4046 581//4046
f 528//4047 549//4047 564//4047
f 543//4048 528//4048 564//4048
f 507//4049 528//4049 543//4049
f 523//4050 507//4050 543//4050
f 483//4051 507//4051 523//4051
f 494//4052 483//4052 523//4052
f 462//4053 483//4053 494//4053
f 469//4054 462//4054 494//4054
f 434//4055 462//4055 469//4055
f 443//4056 434//4056 469//4056
f 414//4057 434//4057 443//4057
f 417//4058 414//4058 443//4058
f 395//4059 414//4059 417//4059
f 398//4060 395//4060 417//4060
f 381//4061 395//4061 398//4061
f 1225//4062 1321//4062 1396//4062
f 1296//4063 1225//4063 1396//4063
f 1125//4064 1225//4064 1296//4064
f 1194//4065 1125//4065 1296//4065
f 1035//4066 1125//4066 1194//4066
f 1105//4067 1035//4067 1194//4067
f 999//4068 1035//4068 1105//4068
f 1025//4069 999//4069 1105//4069
f 969//4070 999//4070 1025//4070
f 1000//4071 969//4071 1025//4071
f 944//4072 969//4072 1000//4072
f 974//4073 944//4073 1000//4073
f 919//4074 944//4074 974//4074
f 951//4075 919//4075 974//4075
f 900//4076 919//4076 951//4076
f 929//4077 900//4077 951//4077
f 869//4078 900//4078 929//4078
f 896//4079 869//4079 929//4079
f 844//4080 869//4080 896//4080
f 870//4081 844//4081 896//4081
f 815//4082 844//4082 870//4082
f 848//4083 815//4083 870//4083
f 786//4084 815//4084 848//4084
f 825//4085 786//4085 848//4085
f 759//4086 786//4086 825//4086
f 797//4087 759//4087 825//4087
f 735//4088 759//4088 797//4088
f 770//4089 735//4089 797//4089
f 712//4090 735//4090 770//4090
f 748//4091 712//4091 770//4091
f 693//4092 712//4092 748//4092
f 732//4093 693//4093 748//4093
f 692//4094 693//4094 732//4094
f 731//4095 692//4095 732//4095
f 691//4096 692//4096 731//4096
f 730//4097 691//4097 731//4097
f 687//4098 691//4098 730//4098
f 725//4099 687//4099 730//4099
f 683//4100 687//4100 725//4100
f 718//4101 683//4101 725//4101
f 676//4102 683//4102 718//4102
f 715//4103 676//4103 718//4103
f 673//4104 676//4104 715//4104
f 709//4105 673//4105 715//4105
f 669//4106 673//4106 709//4106
f 701//4107 669//4107 709//4107
f 655//4108 669//4108 701//4108
f 685//4109 655//4109 701//4109
f 645//4110 655//4110 685//4110
f 678//4111 645//4111 685//4111
f 641//4112 645//4112 678//4112
f 672//4113 641//4113 678//4113
f 624//4114 641//4114 672//4114
f 651//4115 624//4115 672//4115
f 605//4116 624//4116 651//4116
f 631//4117 605//4117 651//4117
f 581//4118 605//4118 631//4118
f 608//4119 581//4119 631//4119
f 564//4120 581//4120 608//4120
f 584//4121 564//4121 608//4121
f 543//4122 564//4122 584//4122
f 560//4123 543//4123 584//4123
f 523//4124 543//4124 560//4124
f 540//4125 523//4125 560//4125
f 494//4126 523//4126 540//4126
f 506//4127 494//4127 540//4127
f 469//4128 494//4128 506//4128
f 479//4129 469//4129 506//4129
f 443//4130 469//4130 479//4130
f 454//4131 443//4131 479//4131
f 417//4132 443//4132 454//4132
f 424//4133 417//4133 454//4133
f 398//4134 417//4134 424//4134
f 400//4135 398//4135 424//4135
f 381//4136 398//4136 400//4136
f 1361//4137 1296//4137 1396//4137
f 1464//4138 1361//4138 1396//4138
f 1407//4139 1361//4139 1464//4139
f 1538//4140 1407//4140 1464//4140
f 1421//4141 1407//4141 1538//4141
f 1336//4142 1407//4142 1421//4142
f 1316//4143 1336//4143 1421//4143
f 1242//4144 1336//4144 1316//4144
f 1190//4145 1242//4145 1316//4145
f 1155//4146 1242//4146 1190//4146
f 1094//4147 1155//4147 1190//4147
f 1026//4148 1155//4148 1094//4148
f 1007//4149 1026//4149 1094//4149
f 974//4150 1026//4150 1007//4150
f 951//4151 974//4151 1007//4151
f 1094//4152 1190//4152 1088//4152
f 1034//4153 1094//4153 1088//4153
f 1007//4154 1094//4154 1034//4154
f 981//4155 1007//4155 1034//4155
f 951//4156 1007//4156 981//4156
f 929//4157 951//4157 981//4157
f 1012//4158 1034//4158 1088//4158
f 1018//4159 1012//4159 1088//4159
f 988//4160 1012//4160 1018//4160
f 956//4161 988//4161 1018//4161
f 923//4162 988//4162 956//4162
f 898//4163 923//4163 956//4163
f 870//4164 923//4164 898//4164
f 848//4165 870//4165 898//4165
f 956//4166 1018//4166 979//4166
f 926//4167 956//4167 979//4167
f 898//4168 956//4168 926//4168
f 872//4169 898//4169 926//4169
f 848//4170 898//4170 872//4170
f 825//4171 848//4171 872//4171
f 926//4172 979//4172 945//4172
f 904//4173 926//4173 945//4173
f 872//4174 926//4174 904//4174
f 855//4175 872//4175 904//4175
f 825//4176 872//4176 855//4176
f 797//4177 825//4177 855//4177
f 904//4178 945//4178 916//4178
f 882//4179 904//4179 916//4179
f 855//4180 904//4180 882//4180
f 830//4181 855//4181 882//4181
f 797//4182 855//4182 830//4182
f 770//4183 797//4183 830//4183
f 882//4184 916//4184 889//4184
f 863//4185 882//4185 889//4185
f 830//4186 882//4186 863//4186
f 812//4187 830//4187 863//4187
f 770//4188 830//4188 812//4188
f 748//4189 770//4189 812//4189
f 863//4190 889//4190 868//4190
f 843//4191 863//4191 868//4191
f 812//4192 863//4192 843//4192
f 790//4193 812//4193 843//4193
f 748//4194 812//4194 790//4194
f 732//4195 748//4195 790//4195
f 823//4196 843//4196 868//4196
f 850//4197 823//4197 868//4197
f 839//4198 823//4198 850//4198
f 805//4199 823//4199 839//4199
f 836//4200 805//4200 839//4200
f 835//4201 805//4201 836//4201
f 835//4202 834//4202 801//4202
f 803//4203 835//4203 801//4203
f 805//4204 835//4204 803//4204
f 766//4205 805//4205 803//4205
f 767//4206 805//4206 766//4206
f 731//4207 767//4207 766//4207
f 732//4208 767//4208 731//4208
f 795//4209 801//4209 834//4209
f 833//4210 795//4210 834//4210
f 832//4211 795//4211 833//4211
f 795//4212 832//4212 829//4212
f 827//4213 795//4213 829//4213
f 824//4214 795//4214 827//4214
f 789//4215 795//4215 824//4215
f 819//4216 789//4216 824//4216
f 784//4217 789//4217 819//4217
f 810//4218 784//4218 819//4218
f 777//4219 784//4219 810//4219
f 764//4220 777//4220 810//4220
f 736//4221 777//4221 764//4221
f 719//4222 736//4222 764//4222
f 685//4223 736//4223 719//4223
f 678//4224 685//4224 719//4224
f 764//4225 810//4225 793//4225
f 750//4226 764//4226 793//4226
f 719//4227 764//4227 750//4227
f 711//4228 719//4228 750//4228
f 678//4229 719//4229 711//4229
f 672//4230 678//4230 711//4230
f 750//4231 793//4231 769//4231
f 742//4232 750//4232 769//4232
f 711//4233 750//4233 742//4233
f 699//4234 711//4234 742//4234
f 672//4235 711//4235 699//4235
f 651//4236 672//4236 699//4236
f 742//4237 769//4237 756//4237
f 728//4238 742//4238 756//4238
f 699//4239 742//4239 728//4239
f 680//4240 699//4240 728//4240
f 651//4241 699//4241 680//4241
f 631//4242 651//4242 680//4242
f 706//4243 728//4243 756//4243
f 733//4244 706//4244 756//4244
f 713//4245 706//4245 733//4245
f 679//4246 706//4246 713//4246
f 677//4247 679//4247 713//4247
f 646//4248 679//4248 677//4248
f 649//4249 646//4249 677//4249
f 625//4250 646//4250 649//4250
f 628//4251 625//4251 649//4251
f 595//4252 625//4252 628//4252
f 587//4253 595//4253 628//4253
f 573//4254 595//4254 587//4254
f 534//4255 573//4255 587//4255
f 522//4256 573//4256 534//4256
f 489//4257 522//4257 534//4257
f 479//4258 522//4258 489//4258
f 454//4259 479//4259 489//4259
f 534//4260 587//4260 548//4260
f 500//4261 534//4261 548//4261
f 489//4262 534//4262 500//4262
f 459//4263 489//4263 500//4263
f 454//4264 489//4264 459//4264
f 424//4265 454//4265 459//4265
f 500//4266 548//4266 508//4266
f 466//4267 500//4267 508//4267
f 459//4268 500//4268 466//4268
f 426//4269 459//4269 466//4269
f 424//4270 459//4270 426//4270
f 400//4271 424//4271 426//4271
f 466//4272 508//4272 472//4272
f 426//4273 466//4273 472//4273
f 401//4274 426//4274 472//4274
f 381//4275 401//4275 472//4275
f 380//4276 384//4276 433//4276
f 431//4277 380//4277 433//4277
f 425//4278 380//4278 431//4278
f 470//4279 425//4279 431//4279
f 465//4280 425//4280 470//4280
f 384//4281 396//4281 453//4281
f 451//4282 384//4282 453//4282
f 450//4283 384//4283 451//4283
f 497//4284 450//4284 451//4284
f 496//4285 450//4285 497//4285
f 463//4286 453//4286 396//4286
f 410//4287 463//4287 396//4287
f 427//4288 463//4288 410//4288
f 484//4289 463//4289 427//4289
f 474//4290 484//4290 427//4290
f 515//4291 484//4291 474//4291
f 553//4292 515//4292 474//4292
f 590//4293 515//4293 553//4293
f 623//4294 590//4294 553//4294
f 553//4295 474//4295 526//4295
f 589//4296 553//4296 526//4296
f 623//4297 553//4297 589//4297
f 667//4298 623//4298 589//4298
f 589//4299 526//4299 576//4299
f 632//4300 589//4300 576//4300
f 667//4301 589//4301 632//4301
f 705//4302 667//4302 632//4302
f 632//4303 576//4303 634//4303
f 675//4304 632//4304 634//4304
f 705//4305 632//4305 675//4305
f 758//4306 705//4306 675//4306
f 675//4307 634//4307 689//4307
f 723//4308 675//4308 689//4308
f 758//4309 675//4309 723//4309
f 791//4310 758//4310 723//4310
f 723//4311 689//4311 755//4311
f 761//4312 723//4312 755//4312
f 791//4313 723//4313 761//4313
f 821//4314 791//4314 761//4314
f 794//4315 761//4315 755//4315
f 820//4316 794//4316 755//4316
f 828//4317 794//4317 820//4317
f 858//4318 828//4318 820//4318
f 875//4319 828//4319 858//4319
f 911//4320 875//4320 858//4320
f 858//4321 820//4321 874//4321
f 890//4322 858//4322 874//4322
f 911//4323 858//4323 890//4323
f 949//4324 911//4324 890//4324
f 932//4325 890//4325 874//4325
f 936//4326 932//4326 874//4326
f 973//4327 932//4327 936//4327
f 400//4328 401//4328 381//4328
f 391//4329 394//4329 381//4329
f 390//4330 391//4330 381//4330
f 385//4331 386//4331 381//4331
f 383//4332 385//4332 381//4332
f 393//4333 387//4333 380//4333
f 399//4334 393//4334 380//4334
f 411//4335 393//4335 399//4335
f 418//4336 411//4336 399//4336
f 413//4337 409//4337 380//4337
f 416//4338 413//4338 380//4338
f 446//4339 413//4339 416//4339
f 456//4340 446//4340 416//4340
f 437//4341 436//4341 384//4341
f 442//4342 437//4342 384//4342
f 485//4343 437//4343 442//4343
f 487//4344 485//4344 442//4344
f 447//4345 445//4345 384//4345
f 449//4346 447//4346 384//4346
f 495//4347 447//4347 449//4347
f 496//4348 495//4348 449//4348
f 1361//4349 1194//4349 1296//4349
f 1268//4350 1361//4350 1407//4350
f 1336//4351 1268//4351 1407//4351
f 1168//4352 1268//4352 1336//4352
f 1242//4353 1168//4353 1336//4353
f 1089//4354 1168//4354 1242//4354
f 1155//4355 1089//4355 1242//4355
f 1026//4356 1089//4356 1155//4356
f 1079//4357 989//4357 1030//4357
f 1011//4358 1079//4358 1127//4358
f 1027//4359 1011//4359 1127//4359
f 968//4360 1011//4360 1027//4360
f 993//4361 968//4361 1027//4361
f 937//4362 968//4362 993//4362
f 957//4363 937//4363 993//4363
f 908//4364 937//4364 957//4364
f 928//4365 908//4365 957//4365
f 884//4366 908//4366 928//4366
f 905//4367 884//4367 928//4367
f 861//4368 884//4368 905//4368
f 880//4369 861//4369 905//4369
f 838//4370 861//4370 880//4370
f 860//4371 838//4371 880//4371
f 798//4372 838//4372 860//4372
f 826//4373 798//4373 860//4373
f 760//4374 798//4374 826//4374
f 792//4375 760//4375 826//4375
f 720//4376 760//4376 792//4376
f 753//4377 720//4377 792//4377
f 688//4378 720//4378 753//4378
f 721//4379 688//4379 753//4379
f 663//4380 688//4380 721//4380
f 694//4381 663//4381 721//4381
f 640//4382 663//4382 694//4382
f 671//4383 640//4383 694//4383
f 616//4384 640//4384 671//4384
f 647//4385 616//4385 671//4385
f 604//4386 616//4386 647//4386
f 639//4387 604//4387 647//4387
f 603//4388 604//4388 639//4388
f 637//4389 603//4389 639//4389
f 602//4390 603//4390 637//4390
f 636//4391 602//4391 637//4391
f 601//4392 602//4392 636//4392
f 635//4393 601//4393 636//4393
f 596//4394 601//4394 635//4394
f 627//4395 596//4395 635//4395
f 593//4396 596//4396 627//4396
f 620//4397 593//4397 627//4397
f 591//4398 593//4398 620//4398
f 617//4399 591//4399 620//4399
f 585//4400 591//4400 617//4400
f 612//4401 585//4401 617//4401
f 578//4402 585//4402 612//4402
f 609//4403 578//4403 612//4403
f 575//4404 578//4404 609//4404
f 598//4405 575//4405 609//4405
f 567//4406 575//4406 598//4406
f 592//4407 567//4407 598//4407
f 555//4408 567//4408 592//4408
f 580//4409 555//4409 592//4409
f 541//4410 555//4410 580//4410
f 563//4411 541//4411 580//4411
f 525//4412 541//4412 563//4412
f 547//4413 525//4413 563//4413
f 510//4414 525//4414 547//4414
f 531//4415 510//4415 547//4415
f 493//4416 510//4416 531//4416
f 512//4417 493//4417 531//4417
f 480//4418 493//4418 512//4418
f 498//4419 480//4419 512//4419
f 464//4420 480//4420 498//4420
f 473//4421 464//4421 498//4421
f 440//4422 464//4422 473//4422
f 455//4423 440//4423 473//4423
f 422//4424 440//4424 455//4424
f 428//4425 422//4425 455//4425
f 407//4426 422//4426 428//4426
f 412//4427 407//4427 428//4427
f 391//4428 407//4428 412//4428
f 394//4429 391//4429 412//4429
f 995//4430 932//4430 973//4430
f 949//4431 932//4431 995//4431
f 1268//4432 1105//4432 1194//4432
f 1361//4433 1268//4433 1194//4433
f 1168//4434 1105//4434 1268//4434
f 1011//4435 950//4435 989//4435
f 1079//4436 1011//4436 989//4436
f 968//4437 950//4437 1011//4437
f 949//4438 890//4438 932//4438
f 1168//4439 1025//4439 1105//4439
f 1089//4440 1025//4440 1168//4440
f 968//4441 914//4441 950//4441
f 937//4442 914//4442 968//4442
f 1000//4443 1025//4443 1089//4443
f 1026//4444 1000//4444 1089//4444
f 974//4445 1000//4445 1026//4445
f 887//4446 914//4446 937//4446
f 908//4447 887//4447 937//4447
f 864//4448 887//4448 908//4448
f 884//4449 864//4449 908//4449
f 840//4450 864//4450 884//4450
f 861//4451 840//4451 884//4451
f 814//4452 840//4452 861//4452
f 838//4453 814//4453 861//4453
f 768//4454 814//4454 838//4454
f 798//4455 768//4455 838//4455
f 726//4456 768//4456 798//4456
f 760//4457 726//4457 798//4457
f 686//4458 726//4458 760//4458
f 720//4459 686//4459 760//4459
f 660//4460 686//4460 720//4460
f 688//4461 660//4461 720//4461
f 630//4462 660//4462 688//4462
f 663//4463 630//4463 688//4463
f 606//4464 630//4464 663//4464
f 640//4465 606//4465 663//4465
f 583//4466 606//4466 640//4466
f 616//4467 583//4467 640//4467
f 574//4468 583//4468 616//4468
f 604//4469 574//4469 616//4469
f 572//4470 574//4470 604//4470
f 603//4471 572//4471 604//4471
f 571//4472 572//4472 603//4472
f 602//4473 571//4473 603//4473
f 570//4474 571//4474 602//4474
f 601//4475 570//4475 602//4475
f 566//4476 570//4476 601//4476
f 596//4477 566//4477 601//4477
f 561//4478 566//4478 596//4478
f 593//4479 561//4479 596//4479
f 558//4480 561//4480 593//4480
f 591//4481 558//4481 593//4481
f 554//4482 558//4482 591//4482
f 585//4483 554//4483 591//4483
f 552//4484 554//4484 585//4484
f 578//4485 552//4485 585//4485
f 546//4486 552//4486 578//4486
f 575//4487 546//4487 578//4487
f 539//4488 546//4488 575//4488
f 567//4489 539//4489 575//4489
f 530//4490 539//4490 567//4490
f 555//4491 530//4491 567//4491
f 517//4492 530//4492 555//4492
f 541//4493 517//4493 555//4493
f 503//4494 517//4494 541//4494
f 525//4495 503//4495 541//4495
f 491//4496 503//4496 525//4496
f 510//4497 491//4497 525//4497
f 476//4498 491//4498 510//4498
f 493//4499 476//4499 510//4499
f 467//4500 476//4500 493//4500
f 480//4501 467//4501 493//4501
f 448//4502 467//4502 480//4502
f 464//4503 448//4503 480//4503
f 430//4504 448//4504 464//4504
f 440//4505 430//4505 464//4505
f 415//4506 430//4506 440//4506
f 422//4507 415//4507 440//4507
f 406//4508 415//4508 422//4508
f 407//4509 406//4509 422//4509
f 390//4510 406//4510 407//4510
f 391//4511 390//4511 407//4511
f 852//4512 794//4512 828//4512
f 875//4513 852//4513 828//4513
f 821//4514 794//4514 852//4514
f 981//4515 1034//4515 1012//4515
f 959//4516 981//4516 1012//4516
f 929//4517 981//4517 959//4517
f 896//4518 929//4518 959//4518
f 761//4519 794//4519 821//4519
f 959//4520 988//4520 923//4520
f 896//4521 959//4521 923//4521
f 870//4522 896//4522 923//4522
f 959//4523 1012//4523 988//4523
f 557//4524 515//4524 590//4524
f 557//4525 484//4525 515//4525
f 532//4526 484//4526 557//4526
f 790//4527 843//4527 823//4527
f 767//4528 790//4528 823//4528
f 732//4529 790//4529 767//4529
f 823//4530 805//4530 767//4530
f 463//4531 484//4531 532//4531
f 504//4532 463//4532 532//4532
f 453//4533 463//4533 504//4533
f 499//4534 453//4534 504//4534
f 451//4535 453//4535 499//4535
f 497//4536 451//4536 499//4536
f 450//4537 449//4537 384//4537
f 801//4538 795//4538 762//4538
f 765//4539 801//4539 762//4539
f 803//4540 801//4540 765//4540
f 766//4541 803//4541 765//4541
f 765//4542 762//4542 725//4542
f 730//4543 765//4543 725//4543
f 766//4544 765//4544 730//4544
f 731//4545 766//4545 730//4545
f 751//4546 762//4546 795//4546
f 789//4547 751//4547 795//4547
f 747//4548 751//4548 789//4548
f 784//4549 747//4549 789//4549
f 744//4550 747//4550 784//4550
f 777//4551 744//4551 784//4551
f 736//4552 744//4552 777//4552
f 718//4553 725//4553 762//4553
f 751//4554 718//4554 762//4554
f 715//4555 718//4555 751//4555
f 747//4556 715//4556 751//4556
f 709//4557 715//4557 747//4557
f 744//4558 709//4558 747//4558
f 701//4559 709//4559 744//4559
f 736//4560 701//4560 744//4560
f 685//4561 701//4561 736//4561
f 449//4562 450//4562 496//4562
f 492//4563 447//4563 495//4563
f 444//4564 442//4564 384//4564
f 445//4565 444//4565 384//4565
f 488//4566 444//4566 445//4566
f 492//4567 488//4567 445//4567
f 492//4568 445//4568 447//4568
f 433//4569 384//4569 436//4569
f 477//4570 433//4570 436//4570
f 475//4571 433//4571 477//4571
f 487//4572 444//4572 488//4572
f 442//4573 444//4573 487//4573
f 482//4574 437//4574 485//4574
f 482//4575 436//4575 437//4575
f 477//4576 436//4576 482//4576
f 680//4577 728//4577 706//4577
f 652//4578 680//4578 706//4578
f 631//4579 680//4579 652//4579
f 608//4580 631//4580 652//4580
f 431//4581 433//4581 475//4581
f 470//4582 431//4582 475//4582
f 421//4583 380//4583 425//4583
f 465//4584 421//4584 425//4584
f 456//4585 421//4585 465//4585
f 652//4586 706//4586 679//4586
f 629//4587 652//4587 679//4587
f 608//4588 652//4588 629//4588
f 584//4589 608//4589 629//4589
f 421//4590 456//4590 416//4590
f 380//4591 421//4591 416//4591
f 629//4592 679//4592 646//4592
f 607//4593 629//4593 646//4593
f 584//4594 629//4594 607//4594
f 560//4595 584//4595 607//4595
f 404//4596 380//4596 409//4596
f 429//4597 404//4597 409//4597
f 418//4598 404//4598 429//4598
f 607//4599 646//4599 625//4599
f 579//4600 607//4600 625//4600
f 560//4601 607//4601 579//4601
f 540//4602 560//4602 579//4602
f 435//4603 413//4603 446//4603
f 404//4604 418//4604 399//4604
f 380//4605 404//4605 399//4605
f 579//4606 625//4606 595//4606
f 556//4607 579//4607 595//4607
f 540//4608 579//4608 556//4608
f 506//4609 540//4609 556//4609
f 435//4610 409//4610 413//4610
f 429//4611 409//4611 435//4611
f 383//4612 380//4612 387//4612
f 392//4613 383//4613 387//4613
f 385//4614 383//4614 392//4614
f 397//4615 385//4615 392//4615
f 386//4616 385//4616 397//4616
f 556//4617 573//4617 522//4617
f 506//4618 556//4618 522//4618
f 479//4619 506//4619 522//4619
f 556//4620 595//4620 573//4620
f 403//4621 393//4621 411//4621
f 403//4622 397//4622 392//4622
f 393//4623 403//4623 392//4623
f 426//4624 401//4624 400//4624
f 393//4625 392//4625 387//4625
f 383//4626 381//4626 380//4626
f 4214//4627 4280//4627 4655//4627
f 4591//4628 4214//4628 4655//4628
f 4158//4629 4214//4629 4591//4629
f 4454//4630 4158//4630 4591//4630
f 4089//4631 4158//4631 4454//4631
f 4010//4632 4089//4632 4454//4632
f 3698//4633 4089//4633 4010//4633
f 3628//4634 3698//4634 4010//4634
f 3447//4635 3698//4635 3628//4635
f 3423//4636 3447//4636 3628//4636
f 3266//4637 3447//4637 3423//4637
f 3244//4638 3266//4638 3423//4638
f 3111//4639 3266//4639 3244//4639
f 3099//4640 3111//4640 3244//4640
f 2976//4641 3111//4641 3099//4641
f 2970//4642 2976//4642 3099//4642
f 2851//4643 2976//4643 2970//4643
f 2848//4644 2851//4644 2970//4644
f 2717//4645 2851//4645 2848//4645
f 2716//4646 2717//4646 2848//4646
f 2563//4647 2717//4647 2716//4647
f 2568//4648 2563//4648 2716//4648
f 2428//4649 2563//4649 2568//4649
f 2433//4650 2428//4650 2568//4650
f 2282//4651 2428//4651 2433//4651
f 2290//4652 2282//4652 2433//4652
f 2143//4653 2282//4653 2290//4653
f 2154//4654 2143//4654 2290//4654
f 1964//4655 2143//4655 2154//4655
f 1993//4656 1964//4656 2154//4656
f 1720//4657 1964//4657 1993//4657
f 1777//4658 1720//4658 1993//4658
f 1438//4659 1720//4659 1777//4659
f 1486//4660 1438//4660 1777//4660
f 1134//4661 1438//4661 1486//4661
f 1221//4662 1134//4662 1486//4662
f 1553//4663 1221//4663 1486//4663
f 1321//4664 1221//4664 1553//4664
f 1613//4665 1321//4665 1553//4665
f 1396//4666 1321//4666 1613//4666
f 1655//4667 1396//4667 1613//4667
f 1691//4668 1396//4668 1655//4668
f 1917//4669 1691//4669 1655//4669
f 1946//4670 1691//4670 1917//4670
f 2091//4671 1946//4671 1917//4671
f 2114//4672 1946//4672 2091//4672
f 2235//4673 2114//4673 2091//4673
f 2224//4674 2235//4674 2091//4674
f 2357//4675 2235//4675 2224//4675
f 2347//4676 2357//4676 2224//4676
f 2472//4677 2357//4677 2347//4677
f 2468//4678 2472//4678 2347//4678
f 2585//4679 2472//4679 2468//4679
f 2582//4680 2585//4680 2468//4680
f 2710//4681 2585//4681 2582//4681
f 2711//4682 2710//4682 2582//4682
f 2829//4683 2710//4683 2711//4683
f 2831//4684 2829//4684 2711//4684
f 2938//4685 2829//4685 2831//4685
f 2940//4686 2938//4686 2831//4686
f 3054//4687 2938//4687 2940//4687
f 3062//4688 3054//4688 2940//4688
f 3160//4689 3054//4689 3062//4689
f 3174//4690 3160//4690 3062//4690
f 3292//4691 3160//4691 3174//4691
f 3307//4692 3292//4692 3174//4692
f 3452//4693 3292//4693 3307//4693
f 3485//4694 3452//4694 3307//4694
f 3629//4695 3452//4695 3485//4695
f 3695//4696 3629//4696 3485//4696
f 3945//4697 3629//4697 3695//4697
f 4054//4698 3945//4698 3695//4698
f 3737//4699 4054//4699 3695//4699
f 4144//4700 4054//4700 3737//4700
f 3792//4701 4144//4701 3737//4701
f 3844//4702 4144//4702 3792//4702
f 3559//4703 3844//4703 3792//4703
f 3594//4704 3844//4704 3559//4704
f 3402//4705 3594//4705 3559//4705
f 3423//4706 3594//4706 3402//4706
f 3244//4707 3423//4707 3402//4707
f 4010//4708 4454//4708 4326//4708
f 3918//4709 4010//4709 4326//4709
f 3628//4710 4010//4710 3918//4710
f 3594//4711 3628//4711 3918//4711
f 3423//4712 3628//4712 3594//4712
f 3918//4713 4326//4713 4232//4713
f 3844//4714 3918//4714 4232//4714
f 3594//4715 3918//4715 3844//4715
f 3844//4716 4232//4716 4144//4716
f 1946//4717 2114//4717 1961//4717
f 1722//4718 1946//4718 1961//4718
f 1691//4719 1946//4719 1722//4719
f 1464//4720 1691//4720 1722//4720
f 1396//4721 1691//4721 1464//4721
f 1722//4722 1961//4722 1773//4722
f 1538//4723 1722//4723 1773//4723
f 1464//4724 1722//4724 1538//4724
f 1390//4725 1438//4725 1134//4725
f 1047//4726 1390//4726 1134//4726
f 1341//4727 1390//4727 1047//4727
f 1004//4728 1341//4728 1047//4728
f 1276//4729 1341//4729 1004//4729
f 1649//4730 1341//4730 1276//4730
f 1604//4731 1649//4731 1276//4731
f 1918//4732 1649//4732 1604//4732
f 1885//4733 1918//4733 1604//4733
f 2108//4734 1918//4734 1885//4734
f 2085//4735 2108//4735 1885//4735
f 2262//4736 2108//4736 2085//4736
f 2249//4737 2262//4737 2085//4737
f 2414//4738 2262//4738 2249//4738
f 2409//4739 2414//4739 2249//4739
f 2556//4740 2414//4740 2409//4740
f 2554//4741 2556//4741 2409//4741
f 2719//4742 2556//4742 2554//4742
f 2720//4743 2719//4743 2554//4743
f 2862//4744 2719//4744 2720//4744
f 2864//4745 2862//4745 2720//4745
f 2988//4746 2862//4746 2864//4746
f 2999//4747 2988//4747 2864//4747
f 3127//4748 2988//4748 2999//4748
f 3142//4749 3127//4749 2999//4749
f 3294//4750 3127//4750 3142//4750
f 3313//4751 3294//4751 3142//4751
f 3500//4752 3294//4752 3313//4752
f 3530//4753 3500//4753 3313//4753
f 3800//4754 3500//4754 3530//4754
f 3857//4755 3800//4755 3530//4755
f 4214//4756 3800//4756 3857//4756
f 4280//4757 4214//4757 3857//4757
f 3501//4758 3737//4758 3695//4758
f 3485//4759 3501//4759 3695//4759
f 3330//4760 3501//4760 3485//4760
f 3307//4761 3330//4761 3485//4761
f 3199//4762 3330//4762 3307//4762
f 3174//4763 3199//4763 3307//4763
f 3067//4764 3199//4764 3174//4764
f 3062//4765 3067//4765 3174//4765
f 2944//4766 3067//4766 3062//4766
f 2940//4767 2944//4767 3062//4767
f 2834//4768 2944//4768 2940//4768
f 2831//4769 2834//4769 2940//4769
f 2712//4770 2834//4770 2831//4770
f 2711//4771 2712//4771 2831//4771
f 2580//4772 2712//4772 2711//4772
f 2582//4773 2580//4773 2711//4773
f 2465//4774 2580//4774 2582//4774
f 2468//4775 2465//4775 2582//4775
f 2338//4776 2465//4776 2468//4776
f 2347//4777 2338//4777 2468//4777
f 2210//4778 2338//4778 2347//4778
f 2224//4779 2210//4779 2347//4779
f 2077//4780 2210//4780 2224//4780
f 2091//4781 2077//4781 2224//4781
f 1917//4782 2077//4782 2091//4782
f 3531//4783 3792//4783 3737//4783
f 3501//4784 3531//4784 3737//4784
f 3346//4785 3531//4785 3501//4785
f 3330//4786 3346//4786 3501//4786
f 3209//4787 3346//4787 3330//4787
f 3199//4788 3209//4788 3330//4788
f 3076//4789 3209//4789 3199//4789
f 3067//4790 3076//4790 3199//4790
f 2954//4791 3076//4791 3067//4791
f 2944//4792 2954//4792 3067//4792
f 2835//4793 2954//4793 2944//4793
f 2834//4794 2835//4794 2944//4794
f 2713//4795 2835//4795 2834//4795
f 2712//4796 2713//4796 2834//4796
f 2577//4797 2713//4797 2712//4797
f 2580//4798 2577//4798 2712//4798
f 2455//4799 2577//4799 2580//4799
f 2465//4800 2455//4800 2580//4800
f 2326//4801 2455//4801 2465//4801
f 2338//4802 2326//4802 2465//4802
f 2203//4803 2326//4803 2338//4803
f 2210//4804 2203//4804 2338//4804
f 2060//4805 2203//4805 2210//4805
f 2077//4806 2060//4806 2210//4806
f 1884//4807 2060//4807 2077//4807
f 1917//4808 1884//4808 2077//4808
f 1655//4809 1884//4809 1917//4809
f 4158//4810 3800//4810 4214//4810
f 3749//4811 4158//4811 4089//4811
f 3698//4812 3749//4812 4089//4812
f 3482//4813 3749//4813 3698//4813
f 3447//4814 3482//4814 3698//4814
f 3283//4815 3482//4815 3447//4815
f 3266//4816 3283//4816 3447//4816
f 3116//4817 3283//4817 3266//4817
f 3111//4818 3116//4818 3266//4818
f 2978//4819 3116//4819 3111//4819
f 2976//4820 2978//4820 3111//4820
f 2856//4821 2978//4821 2976//4821
f 2851//4822 2856//4822 2976//4822
f 2718//4823 2856//4823 2851//4823
f 2717//4824 2718//4824 2851//4824
f 2559//4825 2718//4825 2717//4825
f 2563//4826 2559//4826 2717//4826
f 2421//4827 2559//4827 2563//4827
f 2428//4828 2421//4828 2563//4828
f 2278//4829 2421//4829 2428//4829
f 2282//4830 2278//4830 2428//4830
f 2133//4831 2278//4831 2282//4831
f 2143//4832 2133//4832 2282//4832
f 1947//4833 2133//4833 2143//4833
f 1964//4834 1947//4834 2143//4834
f 1685//4835 1947//4835 1964//4835
f 1720//4836 1685//4836 1964//4836
f 1390//4837 1685//4837 1720//4837
f 1438//4838 1390//4838 1720//4838
f 3559//4839 3792//4839 3531//4839
f 3374//4840 3559//4840 3531//4840
f 3402//4841 3559//4841 3374//4841
f 3235//4842 3402//4842 3374//4842
f 3244//4843 3402//4843 3235//4843
f 3099//4844 3244//4844 3235//4844
f 3346//4845 3374//4845 3531//4845
f 3749//4846 3500//4846 3800//4846
f 4158//4847 3749//4847 3800//4847
f 3482//4848 3500//4848 3749//4848
f 3226//4849 3374//4849 3346//4849
f 3209//4850 3226//4850 3346//4850
f 3082//4851 3226//4851 3209//4851
f 3076//4852 3082//4852 3209//4852
f 2958//4853 3082//4853 3076//4853
f 2954//4854 2958//4854 3076//4854
f 2840//4855 2958//4855 2954//4855
f 2835//4856 2840//4856 2954//4856
f 2714//4857 2840//4857 2835//4857
f 2713//4858 2714//4858 2835//4858
f 2573//4859 2714//4859 2713//4859
f 2577//4860 2573//4860 2713//4860
f 2444//4861 2573//4861 2577//4861
f 2455//4862 2444//4862 2577//4862
f 2314//4863 2444//4863 2455//4863
f 2326//4864 2314//4864 2455//4864
f 2190//4865 2314//4865 2326//4865
f 2203//4866 2190//4866 2326//4866
f 2042//4867 2190//4867 2203//4867
f 2060//4868 2042//4868 2203//4868
f 1862//4869 2042//4869 2060//4869
f 1884//4870 1862//4870 2060//4870
f 1613//4871 1862//4871 1884//4871
f 1655//4872 1613//4872 1884//4872
f 3482//4873 3294//4873 3500//4873
f 3283//4874 3294//4874 3482//4874
f 3235//4875 3374//4875 3226//4875
f 3089//4876 3235//4876 3226//4876
f 3099//4877 3235//4877 3089//4877
f 2970//4878 3099//4878 3089//4878
f 3082//4879 3089//4879 3226//4879
f 3283//4880 3127//4880 3294//4880
f 3116//4881 3127//4881 3283//4881
f 2966//4882 3089//4882 3082//4882
f 2958//4883 2966//4883 3082//4883
f 2846//4884 2966//4884 2958//4884
f 2840//4885 2846//4885 2958//4885
f 2715//4886 2846//4886 2840//4886
f 2714//4887 2715//4887 2840//4887
f 2572//4888 2715//4888 2714//4888
f 2573//4889 2572//4889 2714//4889
f 2436//4890 2572//4890 2573//4890
f 2444//4891 2436//4891 2573//4891
f 2303//4892 2436//4892 2444//4892
f 2314//4893 2303//4893 2444//4893
f 2165//4894 2303//4894 2314//4894
f 2190//4895 2165//4895 2314//4895
f 2016//4896 2165//4896 2190//4896
f 2042//4897 2016//4897 2190//4897
f 1823//4898 2016//4898 2042//4898
f 1862//4899 1823//4899 2042//4899
f 1553//4900 1823//4900 1862//4900
f 1613//4901 1553//4901 1862//4901
f 3116//4902 2988//4902 3127//4902
f 2978//4903 2988//4903 3116//4903
f 2966//4904 2848//4904 2970//4904
f 3089//4905 2966//4905 2970//4905
f 2846//4906 2848//4906 2966//4906
f 2978//4907 2862//4907 2988//4907
f 2856//4908 2862//4908 2978//4908
f 2846//4909 2716//4909 2848//4909
f 2715//4910 2716//4910 2846//4910
f 2856//4911 2719//4911 2862//4911
f 2718//4912 2719//4912 2856//4912
f 2715//4913 2568//4913 2716//4913
f 2572//4914 2568//4914 2715//4914
f 2718//4915 2556//4915 2719//4915
f 2559//4916 2556//4916 2718//4916
f 2572//4917 2433//4917 2568//4917
f 2436//4918 2433//4918 2572//4918
f 2559//4919 2414//4919 2556//4919
f 2421//4920 2414//4920 2559//4920
f 2436//4921 2290//4921 2433//4921
f 2303//4922 2290//4922 2436//4922
f 2421//4923 2262//4923 2414//4923
f 2278//4924 2262//4924 2421//4924
f 2303//4925 2154//4925 2290//4925
f 2165//4926 2154//4926 2303//4926
f 2278//4927 2108//4927 2262//4927
f 2133//4928 2108//4928 2278//4928
f 2165//4929 1993//4929 2154//4929
f 2016//4930 1993//4930 2165//4930
f 2133//4931 1918//4931 2108//4931
f 1947//4932 1918//4932 2133//4932
f 2016//4933 1777//4933 1993//4933
f 1823//4934 1777//4934 2016//4934
f 1947//4935 1649//4935 1918//4935
f 1685//4936 1649//4936 1947//4936
f 1823//4937 1486//4937 1777//4937
f 1553//4938 1486//4938 1823//4938
f 1685//4939 1341//4939 1649//4939
f 1390//4940 1341//4940 1685//4940
f 4655//4941 4762//4941 4703//4941
f 4665//4942 4655//4942 4703//4942
f 4591//4943 4655//4943 4665//4943
f 4634//4944 4591//4944 4665//4944
f 4603//4945 4591//4945 4634//4945
f 4641//4946 4603//4946 4634//4946
f 4614//4947 4603//4947 4641//4947
f 4647//4948 4614//4948 4641//4948
f 4617//4949 4614//4949 4647//4949
f 4650//4950 4617//4950 4647//4950
f 4615//4951 4617//4951 4650//4951
f 4645//4952 4615//4952 4650//4952
f 4612//4953 4615//4953 4645//4953
f 4639//4954 4612//4954 4645//4954
f 4606//4955 4612//4955 4639//4955
f 4632//4956 4606//4956 4639//4956
f 4561//4957 4606//4957 4632//4957
f 4623//4958 4561//4958 4632//4958
f 4516//4959 4561//4959 4623//4959
f 4578//4960 4516//4960 4623//4960
f 4468//4961 4516//4961 4578//4961
f 4525//4962 4468//4962 4578//4962
f 4362//4963 4468//4963 4525//4963
f 4524//4964 4362//4964 4525//4964
f 4585//4965 4524//4965 4525//4965
f 4625//4966 4524//4966 4585//4966
f 4648//4967 4625//4967 4585//4967
f 4667//4968 4625//4968 4648//4968
f 4691//4969 4667//4969 4648//4969
f 4714//4970 4667//4970 4691//4970
f 4737//4971 4714//4971 4691//4971
f 4759//4972 4714//4972 4737//4972
f 4773//4973 4759//4973 4737//4973
f 4796//4974 4759//4974 4773//4974
f 4808//4975 4796//4975 4773//4975
f 4827//4976 4796//4976 4808//4976
f 4842//4977 4827//4977 4808//4977
f 4862//4978 4827//4978 4842//4978
f 4882//4979 4862//4979 4842//4979
f 4905//4980 4862//4980 4882//4980
f 4916//4981 4905//4981 4882//4981
f 4944//4982 4905//4982 4916//4982
f 4962//4983 4944//4983 4916//4983
f 4990//4984 4944//4984 4962//4984
f 5002//4985 4990//4985 4962//4985
f 5035//4986 4990//4986 5002//4986
f 5084//4987 5035//4987 5002//4987
f 5068//4988 5035//4988 5084//4988
f 5100//4989 5068//4989 5084//4989
f 5051//4990 5068//4990 5100//4990
f 5087//4991 5051//4991 5100//4991
f 5036//4992 5051//4992 5087//4992
f 5065//4993 5036//4993 5087//4993
f 5023//4994 5036//4994 5065//4994
f 5042//4995 5023//4995 5065//4995
f 4996//4996 5023//4996 5042//4996
f 5026//4997 4996//4997 5042//4997
f 4978//4998 4996//4998 5026//4998
f 4998//4999 4978//4999 5026//4999
f 4957//5000 4978//5000 4998//5000
f 4977//5001 4957//5001 4998//5001
f 4929//5002 4957//5002 4977//5002
f 4947//5003 4929//5003 4977//5003
f 4895//5004 4929//5004 4947//5004
f 4911//5005 4895//5005 4947//5005
f 4851//5006 4895//5006 4911//5006
f 4871//5007 4851//5007 4911//5007
f 4820//5008 4851//5008 4871//5008
f 4837//5009 4820//5009 4871//5009
f 4794//5010 4820//5010 4837//5010
f 4848//5011 4794//5011 4837//5011
f 4865//5012 4794//5012 4848//5012
f 4904//5013 4865//5013 4848//5013
f 4920//5014 4865//5014 4904//5014
f 4967//5015 4920//5015 4904//5015
f 4984//5016 4920//5016 4967//5016
f 5029//5017 4984//5017 4967//5017
f 5041//5018 4984//5018 5029//5018
f 5081//5019 5041//5019 5029//5019
f 5095//5020 5041//5020 5081//5020
f 5121//5021 5095//5021 5081//5021
f 5140//5022 5095//5022 5121//5022
f 5166//5023 5140//5023 5121//5023
f 5187//5024 5140//5024 5166//5024
f 5219//5025 5187//5025 5166//5025
f 5235//5026 5187//5026 5219//5026
f 5266//5027 5235//5027 5219//5027
f 5287//5028 5235//5028 5266//5028
f 5320//5029 5287//5029 5266//5029
f 5339//5030 5287//5030 5320//5030
f 5374//5031 5339//5031 5320//5031
f 5393//5032 5339//5032 5374//5032
f 5419//5033 5393//5033 5374//5033
f 5494//5034 5393//5034 5419//5034
f 4762//5035 4864//5035 4802//5035
f 4767//5036 4762//5036 4802//5036
f 4736//5037 4762//5037 4767//5037
f 4742//5038 4736//5038 4767//5038
f 4708//5039 4736//5039 4742//5039
f 4711//5040 4708//5040 4742//5040
f 4675//5041 4708//5041 4711//5041
f 4679//5042 4675//5042 4711//5042
f 4647//5043 4675//5043 4679//5043
f 4650//5044 4647//5044 4679//5044
f 4864//5045 4976//5045 4901//5045
f 4861//5046 4864//5046 4901//5046
f 4831//5047 4864//5047 4861//5047
f 4830//5048 4831//5048 4861//5048
f 4803//5049 4831//5049 4830//5049
f 4800//5050 4803//5050 4830//5050
f 4770//5051 4803//5051 4800//5051
f 4763//5052 4770//5052 4800//5052
f 4740//5053 4770//5053 4763//5053
f 4731//5054 4740//5054 4763//5054
f 4706//5055 4740//5055 4731//5055
f 4702//5056 4706//5056 4731//5056
f 4671//5057 4706//5057 4702//5057
f 4668//5058 4671//5058 4702//5058
f 4639//5059 4671//5059 4668//5059
f 4632//5060 4639//5060 4668//5060
f 4976//5061 5084//5061 5002//5061
f 4970//5062 4976//5062 5002//5062
f 4932//5063 4976//5063 4970//5063
f 4925//5064 4932//5064 4970//5064
f 4897//5065 4932//5065 4925//5065
f 4889//5066 4897//5066 4925//5066
f 4854//5067 4897//5067 4889//5067
f 4847//5068 4854//5068 4889//5068
f 4822//5069 4854//5069 4847//5069
f 4813//5070 4822//5070 4847//5070
f 4790//5071 4822//5071 4813//5071
f 4780//5072 4790//5072 4813//5072
f 4754//5073 4790//5073 4780//5073
f 4747//5074 4754//5074 4780//5074
f 4720//5075 4754//5075 4747//5075
f 4713//5076 4720//5076 4747//5076
f 4689//5077 4720//5077 4713//5077
f 4666//5078 4689//5078 4713//5078
f 4642//5079 4689//5079 4666//5079
f 4624//5080 4642//5080 4666//5080
f 4578//5081 4642//5081 4624//5081
f 4525//5082 4578//5082 4624//5082
f 5100//5083 5084//5083 5176//5083
f 5127//5084 5100//5084 5176//5084
f 5087//5085 5100//5085 5127//5085
f 5108//5086 5087//5086 5127//5086
f 5065//5087 5087//5087 5108//5087
f 5093//5088 5065//5088 5108//5088
f 5042//5089 5065//5089 5093//5089
f 5072//5090 5042//5090 5093//5090
f 5026//5091 5042//5091 5072//5091
f 5045//5092 5026//5092 5072//5092
f 4998//5093 5026//5093 5045//5093
f 5024//5094 4998//5094 5045//5094
f 4977//5095 4998//5095 5024//5095
f 4995//5096 4977//5096 5024//5096
f 4947//5097 4977//5097 4995//5097
f 4973//5098 4947//5098 4995//5098
f 4911//5099 4947//5099 4973//5099
f 4928//5100 4911//5100 4973//5100
f 4871//5101 4911//5101 4928//5101
f 4893//5102 4871//5102 4928//5102
f 4837//5103 4871//5103 4893//5103
f 4848//5104 4837//5104 4893//5104
f 5176//5105 5262//5105 5182//5105
f 5154//5106 5176//5106 5182//5106
f 5127//5107 5176//5107 5154//5107
f 5108//5108 5127//5108 5154//5108
f 5262//5109 5343//5109 5261//5109
f 5236//5110 5262//5110 5261//5110
f 5207//5111 5262//5111 5236//5111
f 5188//5112 5207//5112 5236//5112
f 5160//5113 5207//5113 5188//5113
f 5141//5114 5160//5114 5188//5114
f 5112//5115 5160//5115 5141//5115
f 5097//5116 5112//5116 5141//5116
f 5072//5117 5112//5117 5097//5117
f 5045//5118 5072//5118 5097//5118
f 5343//5119 5419//5119 5330//5119
f 5309//5120 5343//5120 5330//5120
f 5285//5121 5343//5121 5309//5121
f 5253//5122 5285//5122 5309//5122
f 5233//5123 5285//5123 5253//5123
f 5203//5124 5233//5124 5253//5124
f 5186//5125 5233//5125 5203//5125
f 5156//5126 5186//5126 5203//5126
f 5137//5127 5186//5127 5156//5127
f 5110//5128 5137//5128 5156//5128
f 5091//5129 5137//5129 5110//5129
f 5063//5130 5091//5130 5110//5130
f 5040//5131 5091//5131 5063//5131
f 5022//5132 5040//5132 5063//5132
f 4995//5133 5040//5133 5022//5133
f 4973//5134 4995//5134 5022//5134
f 5494//5135 5563//5135 5451//5135
f 5436//5136 5494//5136 5451//5136
f 5415//5137 5494//5137 5436//5137
f 5372//5138 5415//5138 5436//5138
f 5359//5139 5415//5139 5372//5139
f 5319//5140 5359//5140 5372//5140
f 5302//5141 5359//5141 5319//5141
f 5268//5142 5302//5142 5319//5142
f 5249//5143 5302//5143 5268//5143
f 5220//5144 5249//5144 5268//5144
f 5200//5145 5249//5145 5220//5145
f 5167//5146 5200//5146 5220//5146
f 5153//5147 5200//5147 5167//5147
f 5123//5148 5153//5148 5167//5148
f 5106//5149 5153//5149 5123//5149
f 5083//5150 5106//5150 5123//5150
f 5057//5151 5106//5151 5083//5151
f 5020//5152 5057//5152 5083//5152
f 4997//5153 5057//5153 5020//5153
f 4958//5154 4997//5154 5020//5154
f 4937//5155 4997//5155 4958//5155
f 4899//5156 4937//5156 4958//5156
f 4886//5157 4937//5157 4899//5157
f 4836//5158 4886//5158 4899//5158
f 4865//5159 4886//5159 4836//5159
f 4794//5160 4865//5160 4836//5160
f 5563//5161 5586//5161 5487//5161
f 5472//5162 5563//5162 5487//5162
f 5451//5163 5563//5163 5472//5163
f 5406//5164 5451//5164 5472//5164
f 5388//5165 5451//5165 5406//5165
f 5349//5166 5388//5166 5406//5166
f 5334//5167 5388//5167 5349//5167
f 5296//5168 5334//5168 5349//5168
f 5284//5169 5334//5169 5296//5169
f 5243//5170 5284//5170 5296//5170
f 5231//5171 5284//5171 5243//5171
f 5198//5172 5231//5172 5243//5172
f 5185//5173 5231//5173 5198//5173
f 5150//5174 5185//5174 5198//5174
f 5139//5175 5185//5175 5150//5175
f 5104//5176 5139//5176 5150//5176
f 5096//5177 5139//5177 5104//5177
f 5043//5178 5096//5178 5104//5178
f 5032//5179 5096//5179 5043//5179
f 4986//5180 5032//5180 5043//5180
f 4972//5181 5032//5181 4986//5181
f 4926//5182 4972//5182 4986//5182
f 4913//5183 4972//5183 4926//5183
f 4883//5184 4913//5184 4926//5184
f 4836//5185 4913//5185 4883//5185
f 5586//5186 5608//5186 5512//5186
f 5501//5187 5586//5187 5512//5187
f 5487//5188 5586//5188 5501//5188
f 5434//5189 5487//5189 5501//5189
f 5420//5190 5487//5190 5434//5190
f 5373//5191 5420//5191 5434//5191
f 5366//5192 5420//5192 5373//5192
f 5323//5193 5366//5193 5373//5193
f 5313//5194 5366//5194 5323//5194
f 5271//5195 5313//5195 5323//5195
f 5260//5196 5313//5196 5271//5196
f 5224//5197 5260//5197 5271//5197
f 5212//5198 5260//5198 5224//5198
f 5177//5199 5212//5199 5224//5199
f 5164//5200 5212//5200 5177//5200
f 5130//5201 5164//5201 5177//5201
f 5120//5202 5164//5202 5130//5202
f 5080//5203 5120//5203 5130//5203
f 5055//5204 5120//5204 5080//5204
f 5017//5205 5055//5205 5080//5205
f 4999//5206 5055//5206 5017//5206
f 4960//5207 4999//5207 5017//5207
f 4939//5208 4999//5208 4960//5208
f 4883//5209 4939//5209 4960//5209
f 4926//5210 4939//5210 4883//5210
f 5521//5211 5512//5211 5608//5211
f 5617//5212 5521//5212 5608//5212
f 5526//5213 5521//5213 5617//5213
f 5530//5214 5526//5214 5617//5214
f 5461//5215 5526//5215 5530//5215
f 5462//5216 5461//5216 5530//5216
f 5401//5217 5461//5217 5462//5217
f 5402//5218 5401//5218 5462//5218
f 5353//5219 5401//5219 5402//5219
f 5354//5220 5353//5220 5402//5220
f 5307//5221 5353//5221 5354//5221
f 5315//5222 5307//5222 5354//5222
f 5265//5223 5307//5223 5315//5223
f 5273//5224 5265//5224 5315//5224
f 5230//5225 5265//5225 5273//5225
f 5276//5226 5230//5226 5273//5226
f 5238//5227 5230//5227 5276//5227
f 5248//5228 5238//5228 5276//5228
f 5209//5229 5238//5229 5248//5229
f 5221//5230 5209//5230 5248//5230
f 5169//5231 5209//5231 5221//5231
f 5181//5232 5169//5232 5221//5232
f 5134//5233 5169//5233 5181//5233
f 5155//5234 5134//5234 5181//5234
f 5111//5235 5134//5235 5155//5235
f 5122//5236 5111//5236 5155//5236
f 5054//5237 5111//5237 5122//5237
f 5101//5238 5054//5238 5122//5238
f 5151//5239 5101//5239 5122//5239
f 5131//5240 5101//5240 5151//5240
f 5170//5241 5131//5241 5151//5241
f 5217//5242 5131//5242 5170//5242
f 5208//5243 5217//5243 5170//5243
f 5246//5244 5217//5244 5208//5244
f 5245//5245 5246//5245 5208//5245
f 5286//5246 5246//5246 5245//5246
f 5290//5247 5286//5247 5245//5247
f 5322//5248 5286//5248 5290//5248
f 5321//5249 5322//5249 5290//5249
f 5348//5250 5322//5250 5321//5250
f 5350//5251 5348//5251 5321//5251
f 5377//5252 5348//5252 5350//5252
f 5386//5253 5377//5253 5350//5253
f 5410//5254 5377//5254 5386//5254
f 5424//5255 5410//5255 5386//5255
f 5441//5256 5410//5256 5424//5256
f 5460//5257 5441//5257 5424//5257
f 5478//5258 5441//5258 5460//5258
f 5506//5259 5478//5259 5460//5259
f 5518//5260 5478//5260 5506//5260
f 5562//5261 5518//5261 5506//5261
f 5568//5262 5518//5262 5562//5262
f 5618//5263 5568//5263 5562//5263
f 5573//5264 5568//5264 5618//5264
f 5577//5265 5573//5265 5618//5265
f 5540//5266 5573//5266 5577//5266
f 5545//5267 5540//5267 5577//5267
f 5510//5268 5540//5268 5545//5268
f 5524//5269 5510//5269 5545//5269
f 5498//5270 5510//5270 5524//5270
f 5511//5271 5498//5271 5524//5271
f 5490//5272 5498//5272 5511//5272
f 5503//5273 5490//5273 5511//5273
f 5484//5274 5490//5274 5503//5274
f 5499//5275 5484//5275 5503//5275
f 5482//5276 5484//5276 5499//5276
f 5500//5277 5482//5277 5499//5277
f 5486//5278 5482//5278 5500//5278
f 5505//5279 5486//5279 5500//5279
f 5489//5280 5486//5280 5505//5280
f 5508//5281 5489//5281 5505//5281
f 5497//5282 5489//5282 5508//5282
f 5519//5283 5497//5283 5508//5283
f 5507//5284 5497//5284 5519//5284
f 5546//5285 5507//5285 5519//5285
f 5491//5286 5507//5286 5546//5286
f 5613//5287 5491//5287 5546//5287
f 5582//5288 5613//5288 5546//5288
f 5619//5289 5613//5289 5582//5289
f 5530//5290 5617//5290 5618//5290
f 5531//5291 5530//5291 5618//5291
f 5462//5292 5530//5292 5531//5292
f 5463//5293 5462//5293 5531//5293
f 5402//5294 5462//5294 5463//5294
f 5403//5295 5402//5295 5463//5295
f 5354//5296 5402//5296 5403//5296
f 5362//5297 5354//5297 5403//5297
f 5315//5298 5354//5298 5362//5298
f 5317//5299 5315//5299 5362//5299
f 5273//5300 5315//5300 5317//5300
f 5324//5301 5273//5301 5317//5301
f 5276//5302 5273//5302 5324//5302
f 5291//5303 5276//5303 5324//5303
f 5248//5304 5276//5304 5291//5304
f 5254//5305 5248//5305 5291//5305
f 5221//5306 5248//5306 5254//5306
f 5229//5307 5221//5307 5254//5307
f 5181//5308 5221//5308 5229//5308
f 5199//5309 5181//5309 5229//5309
f 5155//5310 5181//5310 5199//5310
f 5165//5311 5155//5311 5199//5311
f 5122//5312 5155//5312 5165//5312
f 5151//5313 5122//5313 5165//5313
f 5618//5314 5619//5314 5616//5314
f 5614//5315 5618//5315 5616//5315
f 5611//5316 5618//5316 5614//5316
f 5607//5317 5611//5317 5614//5317
f 5601//5318 5611//5318 5607//5318
f 5602//5319 5601//5319 5607//5319
f 5591//5320 5601//5320 5602//5320
f 5594//5321 5591//5321 5602//5321
f 5578//5322 5591//5322 5594//5322
f 5587//5323 5578//5323 5594//5323
f 5572//5324 5578//5324 5587//5324
f 5580//5325 5572//5325 5587//5325
f 5565//5326 5572//5326 5580//5326
f 5575//5327 5565//5327 5580//5327
f 5554//5328 5565//5328 5575//5328
f 5569//5329 5554//5329 5575//5329
f 5542//5330 5554//5330 5569//5330
f 5564//5331 5542//5331 5569//5331
f 5529//5332 5542//5332 5564//5332
f 5555//5333 5529//5333 5564//5333
f 5519//5334 5529//5334 5555//5334
f 5546//5335 5519//5335 5555//5335
f 5483//5336 5507//5336 5491//5336
f 5438//5337 5483//5337 5491//5337
f 5459//5338 5483//5338 5438//5338
f 5437//5339 5459//5339 5438//5339
f 5449//5340 5459//5340 5437//5340
f 5431//5341 5449//5341 5437//5341
f 5445//5342 5449//5342 5431//5342
f 5427//5343 5445//5343 5431//5343
f 5447//5344 5445//5344 5427//5344
f 5433//5345 5447//5345 5427//5345
f 5446//5346 5447//5346 5433//5346
f 5428//5347 5446//5347 5433//5347
f 5448//5348 5446//5348 5428//5348
f 5432//5349 5448//5349 5428//5349
f 5453//5350 5448//5350 5432//5350
f 5443//5351 5453//5351 5432//5351
f 5475//5352 5453//5352 5443//5352
f 5452//5353 5475//5353 5443//5353
f 5488//5354 5475//5354 5452//5354
f 5478//5355 5488//5355 5452//5355
f 5518//5356 5488//5356 5478//5356
f 5437//5357 5438//5357 5380//5357
f 5412//5358 5437//5358 5380//5358
f 5431//5359 5437//5359 5412//5359
f 5407//5360 5431//5360 5412//5360
f 5427//5361 5431//5361 5407//5361
f 5405//5362 5427//5362 5407//5362
f 5433//5363 5427//5363 5405//5363
f 5408//5364 5433//5364 5405//5364
f 5428//5365 5433//5365 5408//5365
f 5404//5366 5428//5366 5408//5366
f 5432//5367 5428//5367 5404//5367
f 5417//5368 5432//5368 5404//5368
f 5443//5369 5432//5369 5417//5369
f 5423//5370 5443//5370 5417//5370
f 5452//5371 5443//5371 5423//5371
f 5441//5372 5452//5372 5423//5372
f 5478//5373 5452//5373 5441//5373
f 5385//5374 5412//5374 5380//5374
f 5326//5375 5385//5375 5380//5375
f 5364//5376 5385//5376 5326//5376
f 5332//5377 5364//5377 5326//5377
f 5358//5378 5364//5378 5332//5378
f 5327//5379 5358//5379 5332//5379
f 5356//5380 5358//5380 5327//5380
f 5338//5381 5356//5381 5327//5381
f 5371//5382 5356//5382 5338//5382
f 5337//5383 5371//5383 5338//5383
f 5369//5384 5371//5384 5337//5384
f 5348//5385 5369//5385 5337//5385
f 5377//5386 5369//5386 5348//5386
f 5332//5387 5326//5387 5263//5387
f 5299//5388 5332//5388 5263//5388
f 5327//5389 5332//5389 5299//5389
f 5311//5390 5327//5390 5299//5390
f 5338//5391 5327//5391 5311//5391
f 5303//5392 5338//5392 5311//5392
f 5337//5393 5338//5393 5303//5393
f 5322//5394 5337//5394 5303//5394
f 5348//5395 5337//5395 5322//5395
f 5277//5396 5299//5396 5263//5396
f 5226//5397 5277//5397 5263//5397
f 5239//5398 5277//5398 5226//5398
f 5184//5399 5239//5399 5226//5399
f 5217//5400 5239//5400 5184//5400
f 5131//5401 5217//5401 5184//5401
f 5092//5402 5111//5402 5054//5402
f 5031//5403 5092//5403 5054//5403
f 5082//5404 5092//5404 5031//5404
f 5062//5405 5082//5405 5031//5405
f 5109//5406 5082//5406 5062//5406
f 5098//5407 5109//5407 5062//5407
f 5146//5408 5109//5408 5098//5408
f 5090//5409 5146//5409 5098//5409
f 5136//5410 5146//5410 5090//5410
f 5125//5411 5136//5411 5090//5411
f 5180//5412 5136//5412 5125//5412
f 5175//5413 5180//5413 5125//5413
f 5216//5414 5180//5414 5175//5414
f 5215//5415 5216//5415 5175//5415
f 5258//5416 5216//5416 5215//5416
f 5257//5417 5258//5417 5215//5417
f 5305//5418 5258//5418 5257//5418
f 5304//5419 5305//5419 5257//5419
f 5351//5420 5305//5420 5304//5420
f 5347//5421 5351//5421 5304//5421
f 5397//5422 5351//5422 5347//5422
f 5391//5423 5397//5423 5347//5423
f 5450//5424 5397//5424 5391//5424
f 5442//5425 5450//5425 5391//5425
f 5512//5426 5450//5426 5442//5426
f 5501//5427 5512//5427 5442//5427
f 5062//5428 5031//5428 5008//5428
f 5039//5429 5062//5429 5008//5429
f 5098//5430 5062//5430 5039//5430
f 5034//5431 5098//5431 5039//5431
f 5090//5432 5098//5432 5034//5432
f 5075//5433 5090//5433 5034//5433
f 5125//5434 5090//5434 5075//5434
f 5117//5435 5125//5435 5075//5435
f 5175//5436 5125//5436 5117//5436
f 5174//5437 5175//5437 5117//5437
f 5215//5438 5175//5438 5174//5438
f 5214//5439 5215//5439 5174//5439
f 5257//5440 5215//5440 5214//5440
f 5255//5441 5257//5441 5214//5441
f 5304//5442 5257//5442 5255//5442
f 5298//5443 5304//5443 5255//5443
f 5347//5444 5304//5444 5298//5444
f 5341//5445 5347//5445 5298//5445
f 5391//5446 5347//5446 5341//5446
f 5384//5447 5391//5447 5341//5447
f 5442//5448 5391//5448 5384//5448
f 5434//5449 5442//5449 5384//5449
f 5501//5450 5442//5450 5434//5450
f 5039//5451 5008//5451 4992//5451
f 4983//5452 5039//5452 4992//5452
f 5034//5453 5039//5453 4983//5453
f 5021//5454 5034//5454 4983//5454
f 5075//5455 5034//5455 5021//5455
f 5061//5456 5075//5456 5021//5456
f 5117//5457 5075//5457 5061//5457
f 5116//5458 5117//5458 5061//5458
f 5174//5459 5117//5459 5116//5459
f 5172//5460 5174//5460 5116//5460
f 5214//5461 5174//5461 5172//5461
f 5213//5462 5214//5462 5172//5462
f 5255//5463 5214//5463 5213//5463
f 5250//5464 5255//5464 5213//5464
f 5298//5465 5255//5465 5250//5465
f 5293//5466 5298//5466 5250//5466
f 5341//5467 5298//5467 5293//5467
f 5331//5468 5341//5468 5293//5468
f 5384//5469 5341//5469 5331//5469
f 5373//5470 5384//5470 5331//5470
f 5434//5471 5384//5471 5373//5471
f 5021//5472 4983//5472 4968//5472
f 4964//5473 5021//5473 4968//5473
f 5007//5474 5021//5474 4964//5474
f 4956//5475 5007//5475 4964//5475
f 4954//5476 5007//5476 4956//5476
f 5006//5477 5007//5477 4954//5477
f 4953//5478 5006//5478 4954//5478
f 5005//5479 5006//5479 4953//5479
f 4951//5480 5005//5480 4953//5480
f 5004//5481 5005//5481 4951//5481
f 4950//5482 5004//5482 4951//5482
f 4993//5483 5004//5483 4950//5483
f 4949//5484 4993//5484 4950//5484
f 4948//5485 4993//5485 4949//5485
f 4993//5486 4948//5486 4945//5486
f 4938//5487 4993//5487 4945//5487
f 4982//5488 4993//5488 4938//5488
f 4918//5489 4982//5489 4938//5489
f 4971//5490 4982//5490 4918//5490
f 4960//5491 4971//5491 4918//5491
f 5017//5492 4971//5492 4960//5492
f 4960//5493 4918//5493 4883//5493
f 4820//5494 4794//5494 4746//5494
f 4809//5495 4820//5495 4746//5495
f 4851//5496 4820//5496 4809//5496
f 4839//5497 4851//5497 4809//5497
f 4895//5498 4851//5498 4839//5498
f 4873//5499 4895//5499 4839//5499
f 4929//5500 4895//5500 4873//5500
f 4909//5501 4929//5501 4873//5501
f 4957//5502 4929//5502 4909//5502
f 4931//5503 4957//5503 4909//5503
f 4978//5504 4957//5504 4931//5504
f 4952//5505 4978//5505 4931//5505
f 4996//5506 4978//5506 4952//5506
f 4975//5507 4996//5507 4952//5507
f 5023//5508 4996//5508 4975//5508
f 4991//5509 5023//5509 4975//5509
f 5036//5510 5023//5510 4991//5510
f 5010//5511 5036//5511 4991//5511
f 5051//5512 5036//5512 5010//5512
f 5025//5513 5051//5513 5010//5513
f 5068//5514 5051//5514 5025//5514
f 5035//5515 5068//5515 5025//5515
f 4746//5516 4696//5516 4775//5516
f 4792//5517 4746//5517 4775//5517
f 4809//5518 4746//5518 4792//5518
f 4839//5519 4809//5519 4792//5519
f 4696//5520 4636//5520 4705//5520
f 4721//5521 4696//5521 4705//5521
f 4745//5522 4696//5522 4721//5522
f 4769//5523 4745//5523 4721//5523
f 4789//5524 4745//5524 4769//5524
f 4815//5525 4789//5525 4769//5525
f 4834//5526 4789//5526 4815//5526
f 4866//5527 4834//5527 4815//5527
f 4891//5528 4834//5528 4866//5528
f 4908//5529 4891//5529 4866//5529
f 4931//5530 4891//5530 4908//5530
f 4952//5531 4931//5531 4908//5531
f 4636//5532 4524//5532 4644//5532
f 4663//5533 4636//5533 4644//5533
f 4686//5534 4636//5534 4663//5534
f 4712//5535 4686//5535 4663//5535
f 4728//5536 4686//5536 4712//5536
f 4756//5537 4728//5537 4712//5537
f 4779//5538 4728//5538 4756//5538
f 4806//5539 4779//5539 4756//5539
f 4823//5540 4779//5540 4806//5540
f 4841//5541 4823//5541 4806//5541
f 4859//5542 4823//5542 4841//5542
f 4884//5543 4859//5543 4841//5543
f 4902//5544 4859//5544 4884//5544
f 4919//5545 4902//5545 4884//5545
f 4942//5546 4902//5546 4919//5546
f 4966//5547 4942//5547 4919//5547
f 4991//5548 4942//5548 4966//5548
f 5010//5549 4991//5549 4966//5549
f 4362//5550 4235//5550 4350//5550
f 4404//5551 4362//5551 4350//5551
f 4468//5552 4362//5552 4404//5552
f 4516//5553 4468//5553 4404//5553
f 4235//5554 4111//5554 4216//5554
f 4263//5555 4235//5555 4216//5555
f 4309//5556 4235//5556 4263//5556
f 4330//5557 4309//5557 4263//5557
f 4385//5558 4309//5558 4330//5558
f 4421//5559 4385//5559 4330//5559
f 4497//5560 4385//5560 4421//5560
f 4532//5561 4497//5561 4421//5561
f 4606//5562 4497//5562 4532//5562
f 4612//5563 4606//5563 4532//5563
f 4111//5564 3945//5564 4077//5564
f 4130//5565 4111//5565 4077//5565
f 4171//5566 4111//5566 4130//5566
f 4185//5567 4171//5567 4130//5567
f 4236//5568 4171//5568 4185//5568
f 4257//5569 4236//5569 4185//5569
f 4307//5570 4236//5570 4257//5570
f 4322//5571 4307//5571 4257//5571
f 4382//5572 4307//5572 4322//5572
f 4381//5573 4382//5573 4322//5573
f 4463//5574 4382//5574 4381//5574
f 4462//5575 4463//5575 4381//5575
f 4541//5576 4463//5576 4462//5576
f 4536//5577 4541//5577 4462//5577
f 4617//5578 4541//5578 4536//5578
f 4614//5579 4617//5579 4536//5579
f 4077//5580 3945//5580 4054//5580
f 4141//5581 4077//5581 4054//5581
f 4130//5582 4077//5582 4141//5582
f 4185//5583 4130//5583 4141//5583
f 4141//5584 4054//5584 4144//5584
f 4197//5585 4141//5585 4144//5585
f 4185//5586 4141//5586 4197//5586
f 4257//5587 4185//5587 4197//5587
f 4267//5588 4197//5588 4144//5588
f 4232//5589 4267//5589 4144//5589
f 4318//5590 4267//5590 4232//5590
f 4326//5591 4318//5591 4232//5591
f 4379//5592 4318//5592 4326//5592
f 4452//5593 4379//5593 4326//5593
f 4462//5594 4379//5594 4452//5594
f 4536//5595 4462//5595 4452//5595
f 4452//5596 4326//5596 4454//5596
f 4528//5597 4452//5597 4454//5597
f 4536//5598 4452//5598 4528//5598
f 4614//5599 4536//5599 4528//5599
f 4603//5600 4528//5600 4454//5600
f 4591//5601 4603//5601 4454//5601
f 5615//5602 5616//5602 5619//5602
f 5612//5603 5615//5603 5619//5603
f 5610//5604 5612//5604 5619//5604
f 5606//5605 5610//5605 5619//5605
f 5603//5606 5606//5606 5619//5606
f 5600//5607 5603//5607 5619//5607
f 5598//5608 5600//5608 5619//5608
f 5593//5609 5598//5609 5619//5609
f 5585//5610 5593//5610 5619//5610
f 5582//5611 5585//5611 5619//5611
f 4216//5612 4111//5612 4171//5612
f 4236//5613 4216//5613 4171//5613
f 4285//5614 4216//5614 4236//5614
f 4307//5615 4285//5615 4236//5615
f 4357//5616 4285//5616 4307//5616
f 4382//5617 4357//5617 4307//5617
f 4461//5618 4357//5618 4382//5618
f 4463//5619 4461//5619 4382//5619
f 4539//5620 4461//5620 4463//5620
f 4541//5621 4539//5621 4463//5621
f 4615//5622 4539//5622 4541//5622
f 4617//5623 4615//5623 4541//5623
f 4703//5624 4762//5624 4736//5624
f 4708//5625 4703//5625 4736//5625
f 4670//5626 4703//5626 4708//5626
f 4675//5627 4670//5627 4708//5627
f 4641//5628 4670//5628 4675//5628
f 4647//5629 4641//5629 4675//5629
f 4350//5630 4235//5630 4309//5630
f 4385//5631 4350//5631 4309//5631
f 4451//5632 4350//5632 4385//5632
f 4497//5633 4451//5633 4385//5633
f 4561//5634 4451//5634 4497//5634
f 4606//5635 4561//5635 4497//5635
f 4802//5636 4864//5636 4831//5636
f 4803//5637 4802//5637 4831//5637
f 4772//5638 4802//5638 4803//5638
f 4770//5639 4772//5639 4803//5639
f 4744//5640 4772//5640 4770//5640
f 4740//5641 4744//5641 4770//5641
f 4710//5642 4744//5642 4740//5642
f 4706//5643 4710//5643 4740//5643
f 4676//5644 4710//5644 4706//5644
f 4671//5645 4676//5645 4706//5645
f 4645//5646 4676//5646 4671//5646
f 4639//5647 4645//5647 4671//5647
f 4901//5648 4976//5648 4932//5648
f 4897//5649 4901//5649 4932//5649
f 4858//5650 4901//5650 4897//5650
f 4854//5651 4858//5651 4897//5651
f 4825//5652 4858//5652 4854//5652
f 4822//5653 4825//5653 4854//5653
f 4797//5654 4825//5654 4822//5654
f 4790//5655 4797//5655 4822//5655
f 4761//5656 4797//5656 4790//5656
f 4754//5657 4761//5657 4790//5657
f 4724//5658 4761//5658 4754//5658
f 4720//5659 4724//5659 4754//5659
f 4697//5660 4724//5660 4720//5660
f 4689//5661 4697//5661 4720//5661
f 4658//5662 4697//5662 4689//5662
f 4642//5663 4658//5663 4689//5663
f 4623//5664 4658//5664 4642//5664
f 4578//5665 4623//5665 4642//5665
f 4644//5666 4524//5666 4625//5666
f 4667//5667 4644//5667 4625//5667
f 4690//5668 4644//5668 4667//5668
f 4714//5669 4690//5669 4667//5669
f 4735//5670 4690//5670 4714//5670
f 4759//5671 4735//5671 4714//5671
f 4783//5672 4735//5672 4759//5672
f 4796//5673 4783//5673 4759//5673
f 4816//5674 4783//5674 4796//5674
f 4827//5675 4816//5675 4796//5675
f 4849//5676 4816//5676 4827//5676
f 4862//5677 4849//5677 4827//5677
f 4896//5678 4849//5678 4862//5678
f 4905//5679 4896//5679 4862//5679
f 4934//5680 4896//5680 4905//5680
f 4944//5681 4934//5681 4905//5681
f 4979//5682 4934//5682 4944//5682
f 4990//5683 4979//5683 4944//5683
f 5025//5684 4979//5684 4990//5684
f 5035//5685 5025//5685 4990//5685
f 4705//5686 4636//5686 4686//5686
f 4728//5687 4705//5687 4686//5687
f 4749//5688 4705//5688 4728//5688
f 4779//5689 4749//5689 4728//5689
f 4799//5690 4749//5690 4779//5690
f 4823//5691 4799//5691 4779//5691
f 4844//5692 4799//5692 4823//5692
f 4859//5693 4844//5693 4823//5693
f 4888//5694 4844//5694 4859//5694
f 4902//5695 4888//5695 4859//5695
f 4927//5696 4888//5696 4902//5696
f 4942//5697 4927//5697 4902//5697
f 4975//5698 4927//5698 4942//5698
f 4991//5699 4975//5699 4942//5699
f 5182//5700 5262//5700 5207//5700
f 5160//5701 5182//5701 5207//5701
f 5135//5702 5182//5702 5160//5702
f 5112//5703 5135//5703 5160//5703
f 5093//5704 5135//5704 5112//5704
f 5072//5705 5093//5705 5112//5705
f 4757//5706 4775//5706 4696//5706
f 4745//5707 4757//5707 4696//5707
f 4789//5708 4757//5708 4745//5708
f 5261//5709 5343//5709 5285//5709
f 5233//5710 5261//5710 5285//5710
f 5211//5711 5261//5711 5233//5711
f 5186//5712 5211//5712 5233//5712
f 5161//5713 5211//5713 5186//5713
f 5137//5714 5161//5714 5186//5714
f 5113//5715 5161//5715 5137//5715
f 5091//5716 5113//5716 5137//5716
f 5071//5717 5113//5717 5091//5717
f 5040//5718 5071//5718 5091//5718
f 5024//5719 5071//5719 5040//5719
f 4995//5720 5024//5720 5040//5720
f 5355//5721 5330//5721 5419//5721
f 5374//5722 5355//5722 5419//5722
f 5320//5723 5355//5723 5374//5723
f 5393//5724 5494//5724 5415//5724
f 5359//5725 5393//5725 5415//5725
f 5339//5726 5393//5726 5359//5726
f 5302//5727 5339//5727 5359//5727
f 5287//5728 5339//5728 5302//5728
f 5249//5729 5287//5729 5302//5729
f 5235//5730 5287//5730 5249//5730
f 5200//5731 5235//5731 5249//5731
f 5187//5732 5235//5732 5200//5732
f 5153//5733 5187//5733 5200//5733
f 5140//5734 5187//5734 5153//5734
f 5106//5735 5140//5735 5153//5735
f 5095//5736 5140//5736 5106//5736
f 5057//5737 5095//5737 5106//5737
f 5041//5738 5095//5738 5057//5738
f 4997//5739 5041//5739 5057//5739
f 4984//5740 5041//5740 4997//5740
f 4937//5741 4984//5741 4997//5741
f 4920//5742 4984//5742 4937//5742
f 4886//5743 4920//5743 4937//5743
f 4865//5744 4920//5744 4886//5744
f 4913//5745 4836//5745 4899//5745
f 4958//5746 4913//5746 4899//5746
f 4972//5747 4913//5747 4958//5747
f 5020//5748 4972//5748 4958//5748
f 5032//5749 4972//5749 5020//5749
f 5083//5750 5032//5750 5020//5750
f 5096//5751 5032//5751 5083//5751
f 5123//5752 5096//5752 5083//5752
f 5139//5753 5096//5753 5123//5753
f 5167//5754 5139//5754 5123//5754
f 5185//5755 5139//5755 5167//5755
f 5220//5756 5185//5756 5167//5756
f 5231//5757 5185//5757 5220//5757
f 5268//5758 5231//5758 5220//5758
f 5284//5759 5231//5759 5268//5759
f 5319//5760 5284//5760 5268//5760
f 5334//5761 5284//5761 5319//5761
f 5372//5762 5334//5762 5319//5762
f 5388//5763 5334//5763 5372//5763
f 5436//5764 5388//5764 5372//5764
f 5451//5765 5388//5765 5436//5765
f 5532//5766 5531//5766 5618//5766
f 5533//5767 5532//5767 5618//5767
f 5464//5768 5532//5768 5533//5768
f 5466//5769 5464//5769 5533//5769
f 5409//5770 5464//5770 5466//5770
f 5413//5771 5409//5771 5466//5771
f 5368//5772 5409//5772 5413//5772
f 5416//5773 5368//5773 5413//5773
f 5370//5774 5368//5774 5416//5774
f 5375//5775 5370//5775 5416//5775
f 5333//5776 5370//5776 5375//5776
f 5340//5777 5333//5777 5375//5777
f 5297//5778 5333//5778 5340//5778
f 5308//5779 5297//5779 5340//5779
f 5269//5780 5297//5780 5308//5780
f 5281//5781 5269//5781 5308//5781
f 5242//5782 5269//5782 5281//5782
f 5252//5783 5242//5783 5281//5783
f 5205//5784 5242//5784 5252//5784
f 5232//5785 5205//5785 5252//5785
f 5193//5786 5205//5786 5232//5786
f 5208//5787 5193//5787 5232//5787
f 5170//5788 5193//5788 5208//5788
f 5539//5789 5538//5789 5618//5789
f 5541//5790 5539//5790 5618//5790
f 5477//5791 5539//5791 5541//5791
f 5479//5792 5477//5792 5541//5792
f 5430//5793 5477//5793 5479//5793
f 5435//5794 5430//5794 5479//5794
f 5387//5795 5430//5795 5435//5795
f 5394//5796 5387//5796 5435//5796
f 5360//5797 5387//5797 5394//5797
f 5365//5798 5360//5798 5394//5798
f 5325//5799 5360//5799 5365//5799
f 5342//5800 5325//5800 5365//5800
f 5310//5801 5325//5801 5342//5801
f 5321//5802 5310//5802 5342//5802
f 5290//5803 5310//5803 5321//5803
f 5552//5804 5549//5804 5618//5804
f 5553//5805 5552//5805 5618//5805
f 5495//5806 5552//5806 5553//5806
f 5502//5807 5495//5807 5553//5807
f 5456//5808 5495//5808 5502//5808
f 5460//5809 5456//5809 5502//5809
f 5424//5810 5456//5810 5460//5810
f 5559//5811 5618//5811 5562//5811
f 5506//5812 5559//5812 5562//5812
f 5502//5813 5559//5813 5506//5813
f 5460//5814 5502//5814 5506//5814
f 5579//5815 5545//5815 5577//5815
f 5618//5816 5579//5816 5577//5816
f 5584//5817 5579//5817 5618//5817
f 5592//5818 5584//5818 5618//5818
f 5566//5819 5584//5819 5592//5819
f 5571//5820 5566//5820 5592//5820
f 5548//5821 5566//5821 5571//5821
f 5557//5822 5548//5822 5571//5822
f 5536//5823 5548//5823 5557//5823
f 5551//5824 5536//5824 5557//5824
f 5528//5825 5536//5825 5551//5825
f 5544//5826 5528//5826 5551//5826
f 5527//5827 5528//5827 5544//5827
f 5547//5828 5527//5828 5544//5828
f 5534//5829 5527//5829 5547//5829
f 5554//5830 5534//5830 5547//5830
f 5542//5831 5534//5831 5554//5831
f 5597//5832 5592//5832 5618//5832
f 5599//5833 5597//5833 5618//5833
f 5576//5834 5597//5834 5599//5834
f 5583//5835 5576//5835 5599//5835
f 5567//5836 5576//5836 5583//5836
f 5574//5837 5567//5837 5583//5837
f 5561//5838 5567//5838 5574//5838
f 5570//5839 5561//5839 5574//5839
f 5560//5840 5561//5840 5570//5840
f 5572//5841 5560//5841 5570//5841
f 5565//5842 5560//5842 5572//5842
f 5609//5843 5605//5843 5618//5843
f 5611//5844 5609//5844 5618//5844
f 5601//5845 5609//5845 5611//5845
f 4665//5846 4703//5846 4670//5846
f 4634//5847 4665//5847 4670//5847
f 4603//5848 4614//5848 4528//5848
f 4634//5849 4670//5849 4641//5849
f 4379//5850 4462//5850 4381//5850
f 4318//5851 4379//5851 4381//5851
f 4267//5852 4257//5852 4197//5852
f 4318//5853 4381//5853 4322//5853
f 4267//5854 4318//5854 4322//5854
f 4267//5855 4322//5855 4257//5855
f 4767//5856 4802//5856 4772//5856
f 4742//5857 4767//5857 4772//5857
f 4742//5858 4772//5858 4744//5858
f 4711//5859 4742//5859 4744//5859
f 4711//5860 4744//5860 4710//5860
f 4679//5861 4711//5861 4710//5861
f 4679//5862 4710//5862 4676//5862
f 4650//5863 4679//5863 4676//5863
f 4650//5864 4676//5864 4645//5864
f 4539//5865 4615//5865 4612//5865
f 4532//5866 4539//5866 4612//5866
f 4461//5867 4539//5867 4532//5867
f 4421//5868 4461//5868 4532//5868
f 4357//5869 4461//5869 4421//5869
f 4330//5870 4357//5870 4421//5870
f 4285//5871 4357//5871 4330//5871
f 4263//5872 4285//5872 4330//5872
f 4216//5873 4285//5873 4263//5873
f 4861//5874 4901//5874 4858//5874
f 4830//5875 4861//5875 4858//5875
f 4830//5876 4858//5876 4825//5876
f 4800//5877 4830//5877 4825//5877
f 4800//5878 4825//5878 4797//5878
f 4763//5879 4800//5879 4797//5879
f 4763//5880 4797//5880 4761//5880
f 4731//5881 4763//5881 4761//5881
f 4731//5882 4761//5882 4724//5882
f 4702//5883 4731//5883 4724//5883
f 4702//5884 4724//5884 4697//5884
f 4668//5885 4702//5885 4697//5885
f 4668//5886 4697//5886 4658//5886
f 4632//5887 4668//5887 4658//5887
f 4632//5888 4658//5888 4623//5888
f 4451//5889 4404//5889 4350//5889
f 4516//5890 4404//5890 4451//5890
f 4561//5891 4516//5891 4451//5891
f 4970//5892 5002//5892 4962//5892
f 4925//5893 4970//5893 4962//5893
f 4925//5894 4962//5894 4916//5894
f 4889//5895 4925//5895 4916//5895
f 4889//5896 4916//5896 4882//5896
f 4847//5897 4889//5897 4882//5897
f 4847//5898 4882//5898 4842//5898
f 4813//5899 4847//5899 4842//5899
f 4813//5900 4842//5900 4808//5900
f 4780//5901 4813//5901 4808//5901
f 4780//5902 4808//5902 4773//5902
f 4747//5903 4780//5903 4773//5903
f 4747//5904 4773//5904 4737//5904
f 4713//5905 4747//5905 4737//5905
f 4713//5906 4737//5906 4691//5906
f 4666//5907 4713//5907 4691//5907
f 4624//5908 4585//5908 4525//5908
f 4666//5909 4691//5909 4648//5909
f 4624//5910 4666//5910 4648//5910
f 4624//5911 4648//5911 4585//5911
f 4979//5912 5025//5912 5010//5912
f 4966//5913 4979//5913 5010//5913
f 4934//5914 4979//5914 4966//5914
f 4919//5915 4934//5915 4966//5915
f 4896//5916 4934//5916 4919//5916
f 4884//5917 4896//5917 4919//5917
f 4849//5918 4896//5918 4884//5918
f 4841//5919 4849//5919 4884//5919
f 4816//5920 4849//5920 4841//5920
f 4806//5921 4816//5921 4841//5921
f 4783//5922 4816//5922 4806//5922
f 4756//5923 4783//5923 4806//5923
f 4735//5924 4783//5924 4756//5924
f 4712//5925 4735//5925 4756//5925
f 4690//5926 4735//5926 4712//5926
f 4663//5927 4690//5927 4712//5927
f 4644//5928 4690//5928 4663//5928
f 5154//5929 5182//5929 5135//5929
f 5108//5930 5154//5930 5135//5930
f 5108//5931 5135//5931 5093//5931
f 4927//5932 4975//5932 4952//5932
f 4908//5933 4927//5933 4952//5933
f 4888//5934 4927//5934 4908//5934
f 4866//5935 4888//5935 4908//5935
f 4844//5936 4888//5936 4866//5936
f 4815//5937 4844//5937 4866//5937
f 4799//5938 4844//5938 4815//5938
f 4769//5939 4799//5939 4815//5939
f 4749//5940 4799//5940 4769//5940
f 4721//5941 4749//5941 4769//5941
f 4705//5942 4749//5942 4721//5942
f 5236//5943 5261//5943 5211//5943
f 5188//5944 5236//5944 5211//5944
f 5188//5945 5211//5945 5161//5945
f 5141//5946 5188//5946 5161//5946
f 5141//5947 5161//5947 5113//5947
f 5097//5948 5141//5948 5113//5948
f 5097//5949 5113//5949 5071//5949
f 5045//5950 5097//5950 5071//5950
f 5045//5951 5071//5951 5024//5951
f 4909//5952 4891//5952 4931//5952
f 4850//5953 4834//5953 4891//5953
f 4909//5954 4850//5954 4891//5954
f 4873//5955 4850//5955 4909//5955
f 4807//5956 4789//5956 4834//5956
f 4850//5957 4807//5957 4834//5957
f 4821//5958 4807//5958 4850//5958
f 4873//5959 4821//5959 4850//5959
f 4839//5960 4821//5960 4873//5960
f 4807//5961 4775//5961 4757//5961
f 4789//5962 4807//5962 4757//5962
f 4821//5963 4775//5963 4807//5963
f 5275//5964 5253//5964 5309//5964
f 5330//5965 5275//5965 5309//5965
f 5300//5966 5275//5966 5330//5966
f 5355//5967 5300//5967 5330//5967
f 5320//5968 5300//5968 5355//5968
f 5228//5969 5203//5969 5253//5969
f 5275//5970 5228//5970 5253//5970
f 5244//5971 5228//5971 5275//5971
f 5300//5972 5244//5972 5275//5972
f 5266//5973 5244//5973 5300//5973
f 5320//5974 5266//5974 5300//5974
f 5178//5975 5156//5975 5203//5975
f 5228//5976 5178//5976 5203//5976
f 5196//5977 5178//5977 5228//5977
f 5244//5978 5196//5978 5228//5978
f 5219//5979 5196//5979 5244//5979
f 5266//5980 5219//5980 5244//5980
f 5129//5981 5110//5981 5156//5981
f 5178//5982 5129//5982 5156//5982
f 5149//5983 5129//5983 5178//5983
f 5196//5984 5149//5984 5178//5984
f 5166//5985 5149//5985 5196//5985
f 5219//5986 5166//5986 5196//5986
f 5088//5987 5063//5987 5110//5987
f 5129//5988 5088//5988 5110//5988
f 5103//5989 5088//5989 5129//5989
f 5149//5990 5103//5990 5129//5990
f 5121//5991 5103//5991 5149//5991
f 5166//5992 5121//5992 5149//5992
f 5037//5993 5022//5993 5063//5993
f 5088//5994 5037//5994 5063//5994
f 5053//5995 5037//5995 5088//5995
f 5103//5996 5053//5996 5088//5996
f 5081//5997 5053//5997 5103//5997
f 5121//5998 5081//5998 5103//5998
f 4988//5999 4973//5999 5022//5999
f 5037//6000 4988//6000 5022//6000
f 5012//6001 4988//6001 5037//6001
f 5053//6002 5012//6002 5037//6002
f 5029//6003 5012//6003 5053//6003
f 5081//6004 5029//6004 5053//6004
f 4792//6005 4821//6005 4839//6005
f 4792//6006 4775//6006 4821//6006
f 5012//6007 5029//6007 4967//6007
f 4943//6008 5012//6008 4967//6008
f 4988//6009 5012//6009 4943//6009
f 4928//6010 4988//6010 4943//6010
f 4973//6011 4988//6011 4928//6011
f 4943//6012 4967//6012 4904//6012
f 4893//6013 4943//6013 4904//6013
f 4928//6014 4943//6014 4893//6014
f 4893//6015 4904//6015 4848//6015
f 5420//6016 5406//6016 5472//6016
f 5487//6017 5420//6017 5472//6017
f 5366//6018 5349//6018 5406//6018
f 5420//6019 5366//6019 5406//6019
f 5313//6020 5296//6020 5349//6020
f 5366//6021 5313//6021 5349//6021
f 5260//6022 5243//6022 5296//6022
f 5313//6023 5260//6023 5296//6023
f 5212//6024 5198//6024 5243//6024
f 5260//6025 5212//6025 5243//6025
f 5164//6026 5150//6026 5198//6026
f 5212//6027 5164//6027 5198//6027
f 5120//6028 5104//6028 5150//6028
f 5164//6029 5120//6029 5150//6029
f 5055//6030 5043//6030 5104//6030
f 5120//6031 5055//6031 5104//6031
f 4999//6032 4986//6032 5043//6032
f 5055//6033 4999//6033 5043//6033
f 4939//6034 4926//6034 4986//6034
f 4999//6035 4939//6035 4986//6035
f 5331//6036 5323//6036 5373//6036
f 5280//6037 5271//6037 5323//6037
f 5331//6038 5280//6038 5323//6038
f 5293//6039 5280//6039 5331//6039
f 5234//6040 5224//6040 5271//6040
f 5280//6041 5234//6041 5271//6041
f 5241//6042 5234//6042 5280//6042
f 5293//6043 5241//6043 5280//6043
f 5250//6044 5241//6044 5293//6044
f 5189//6045 5177//6045 5224//6045
f 5234//6046 5189//6046 5224//6046
f 5195//6047 5189//6047 5234//6047
f 5241//6048 5195//6048 5234//6048
f 5204//6049 5195//6049 5241//6049
f 5250//6050 5204//6050 5241//6050
f 5213//6051 5204//6051 5250//6051
f 5145//6052 5130//6052 5177//6052
f 5189//6053 5145//6053 5177//6053
f 5152//6054 5145//6054 5189//6054
f 5195//6055 5152//6055 5189//6055
f 5162//6056 5152//6056 5195//6056
f 5204//6057 5162//6057 5195//6057
f 5171//6058 5162//6058 5204//6058
f 5213//6059 5171//6059 5204//6059
f 5172//6060 5171//6060 5213//6060
f 5089//6061 5080//6061 5130//6061
f 5145//6062 5089//6062 5130//6062
f 5099//6063 5089//6063 5145//6063
f 5152//6064 5099//6064 5145//6064
f 5105//6065 5099//6065 5152//6065
f 5162//6066 5105//6066 5152//6066
f 5114//6067 5105//6067 5162//6067
f 5171//6068 5114//6068 5162//6068
f 5115//6069 5114//6069 5171//6069
f 5172//6070 5115//6070 5171//6070
f 5116//6071 5115//6071 5172//6071
f 5028//6072 5017//6072 5080//6072
f 5089//6073 5028//6073 5080//6073
f 5038//6074 5028//6074 5089//6074
f 5099//6075 5038//6075 5089//6075
f 5049//6076 5038//6076 5099//6076
f 5105//6077 5049//6077 5099//6077
f 5058//6078 5049//6078 5105//6078
f 5114//6079 5058//6079 5105//6079
f 5059//6080 5058//6080 5114//6080
f 5115//6081 5059//6081 5114//6081
f 5060//6082 5059//6082 5115//6082
f 5116//6083 5060//6083 5115//6083
f 5061//6084 5060//6084 5116//6084
f 5028//6085 4982//6085 4971//6085
f 5017//6086 5028//6086 4971//6086
f 5038//6087 4982//6087 5028//6087
f 5450//6088 5512//6088 5521//6088
f 5458//6089 5450//6089 5521//6089
f 5397//6090 5450//6090 5458//6090
f 5400//6091 5397//6091 5458//6091
f 5351//6092 5397//6092 5400//6092
f 5352//6093 5351//6093 5400//6093
f 5305//6094 5351//6094 5352//6094
f 5306//6095 5305//6095 5352//6095
f 5258//6096 5305//6096 5306//6096
f 5259//6097 5258//6097 5306//6097
f 5216//6098 5258//6098 5259//6098
f 5222//6099 5216//6099 5259//6099
f 5180//6100 5216//6100 5222//6100
f 5190//6101 5180//6101 5222//6101
f 5136//6102 5180//6102 5190//6102
f 5194//6103 5136//6103 5190//6103
f 5146//6104 5136//6104 5194//6104
f 5158//6105 5146//6105 5194//6105
f 5109//6106 5146//6106 5158//6106
f 5124//6107 5109//6107 5158//6107
f 5082//6108 5109//6108 5124//6108
f 5092//6109 5082//6109 5124//6109
f 5038//6110 4993//6110 4982//6110
f 5049//6111 4993//6111 5038//6111
f 5458//6112 5526//6112 5461//6112
f 5400//6113 5458//6113 5461//6113
f 5401//6114 5352//6114 5400//6114
f 5461//6115 5401//6115 5400//6115
f 5004//6116 4993//6116 5049//6116
f 5058//6117 5004//6117 5049//6117
f 5005//6118 5004//6118 5058//6118
f 5059//6119 5005//6119 5058//6119
f 5006//6120 5005//6120 5059//6120
f 5060//6121 5006//6121 5059//6121
f 5007//6122 5006//6122 5060//6122
f 5061//6123 5007//6123 5060//6123
f 5021//6124 5007//6124 5061//6124
f 5458//6125 5521//6125 5526//6125
f 5492//6126 5495//6126 5444//6126
f 5440//6127 5492//6127 5444//6127
f 5485//6128 5492//6128 5440//6128
f 5435//6129 5485//6129 5440//6129
f 5479//6130 5485//6130 5435//6130
f 5553//6131 5559//6131 5502//6131
f 5440//6132 5444//6132 5398//6132
f 5394//6133 5440//6133 5398//6133
f 5435//6134 5440//6134 5394//6134
f 5444//6135 5495//6135 5456//6135
f 5414//6136 5444//6136 5456//6136
f 5398//6137 5444//6137 5414//6137
f 5376//6138 5398//6138 5414//6138
f 5365//6139 5398//6139 5376//6139
f 5342//6140 5365//6140 5376//6140
f 5394//6141 5398//6141 5365//6141
f 5318//6142 5325//6142 5289//6142
f 5281//6143 5318//6143 5289//6143
f 5308//6144 5318//6144 5281//6144
f 5252//6145 5281//6145 5289//6145
f 5274//6146 5252//6146 5289//6146
f 5232//6147 5252//6147 5274//6147
f 5245//6148 5232//6148 5274//6148
f 5208//6149 5232//6149 5245//6149
f 5310//6150 5274//6150 5289//6150
f 5325//6151 5310//6151 5289//6151
f 5199//6152 5242//6152 5205//6152
f 5165//6153 5199//6153 5205//6153
f 5193//6154 5151//6154 5165//6154
f 5205//6155 5193//6155 5165//6155
f 5229//6156 5269//6156 5242//6156
f 5199//6157 5229//6157 5242//6157
f 5360//6158 5325//6158 5318//6158
f 5345//6159 5360//6159 5318//6159
f 5387//6160 5360//6160 5345//6160
f 5379//6161 5387//6161 5345//6161
f 5430//6162 5387//6162 5379//6162
f 5425//6163 5430//6163 5379//6163
f 5477//6164 5430//6164 5425//6164
f 5473//6165 5477//6165 5425//6165
f 5539//6166 5477//6166 5473//6166
f 5471//6167 5539//6167 5473//6167
f 5538//6168 5539//6168 5471//6168
f 5535//6169 5538//6169 5471//6169
f 5618//6170 5538//6170 5535//6170
f 5533//6171 5618//6171 5535//6171
f 5308//6172 5345//6172 5318//6172
f 5492//6173 5549//6173 5552//6173
f 5495//6174 5492//6174 5552//6174
f 5485//6175 5549//6175 5492//6175
f 5543//6176 5618//6176 5549//6176
f 5485//6177 5543//6177 5549//6177
f 5479//6178 5543//6178 5485//6178
f 5618//6179 5559//6179 5553//6179
f 5582//6180 5546//6180 5555//6180
f 5585//6181 5582//6181 5555//6181
f 5585//6182 5555//6182 5564//6182
f 5593//6183 5585//6183 5564//6183
f 5593//6184 5564//6184 5569//6184
f 5598//6185 5593//6185 5569//6185
f 5598//6186 5569//6186 5575//6186
f 5600//6187 5598//6187 5575//6187
f 5600//6188 5575//6188 5580//6188
f 5603//6189 5600//6189 5580//6189
f 5603//6190 5580//6190 5587//6190
f 5606//6191 5603//6191 5587//6191
f 5606//6192 5587//6192 5594//6192
f 5610//6193 5606//6193 5594//6193
f 5610//6194 5594//6194 5602//6194
f 5612//6195 5610//6195 5602//6195
f 5615//6196 5614//6196 5616//6196
f 5612//6197 5602//6197 5607//6197
f 5615//6198 5612//6198 5607//6198
f 5615//6199 5607//6199 5614//6199
f 5497//6200 5507//6200 5483//6200
f 5476//6201 5497//6201 5483//6201
f 5489//6202 5497//6202 5476//6202
f 5470//6203 5489//6203 5476//6203
f 5486//6204 5489//6204 5470//6204
f 5468//6205 5486//6205 5470//6205
f 5482//6206 5486//6206 5468//6206
f 5465//6207 5482//6207 5468//6207
f 5484//6208 5482//6208 5465//6208
f 5469//6209 5484//6209 5465//6209
f 5490//6210 5484//6210 5469//6210
f 5474//6211 5490//6211 5469//6211
f 5498//6212 5490//6212 5474//6212
f 5480//6213 5498//6213 5474//6213
f 5510//6214 5498//6214 5480//6214
f 5504//6215 5510//6215 5480//6215
f 5540//6216 5510//6216 5504//6216
f 5525//6217 5540//6217 5504//6217
f 5573//6218 5540//6218 5525//6218
f 5568//6219 5573//6219 5525//6219
f 5508//6220 5529//6220 5519//6220
f 5522//6221 5542//6221 5529//6221
f 5508//6222 5522//6222 5529//6222
f 5505//6223 5522//6223 5508//6223
f 5534//6224 5542//6224 5522//6224
f 5517//6225 5534//6225 5522//6225
f 5527//6226 5534//6226 5517//6226
f 5513//6227 5527//6227 5517//6227
f 5528//6228 5527//6228 5513//6228
f 5516//6229 5528//6229 5513//6229
f 5536//6230 5528//6230 5516//6230
f 5523//6231 5536//6231 5516//6231
f 5548//6232 5536//6232 5523//6232
f 5537//6233 5548//6233 5523//6233
f 5566//6234 5548//6234 5537//6234
f 5556//6235 5566//6235 5537//6235
f 5584//6236 5566//6236 5556//6236
f 5579//6237 5584//6237 5556//6237
f 5505//6238 5517//6238 5522//6238
f 5547//6239 5565//6239 5554//6239
f 5560//6240 5565//6240 5547//6240
f 5544//6241 5560//6241 5547//6241
f 5561//6242 5560//6242 5544//6242
f 5551//6243 5561//6243 5544//6243
f 5567//6244 5561//6244 5551//6244
f 5557//6245 5567//6245 5551//6245
f 5576//6246 5567//6246 5557//6246
f 5571//6247 5576//6247 5557//6247
f 5597//6248 5576//6248 5571//6248
f 5592//6249 5597//6249 5571//6249
f 5570//6250 5578//6250 5572//6250
f 5581//6251 5591//6251 5578//6251
f 5570//6252 5581//6252 5578//6252
f 5574//6253 5581//6253 5570//6253
f 5596//6254 5601//6254 5591//6254
f 5581//6255 5596//6255 5591//6255
f 5589//6256 5596//6256 5581//6256
f 5574//6257 5589//6257 5581//6257
f 5583//6258 5589//6258 5574//6258
f 5596//6259 5605//6259 5609//6259
f 5601//6260 5596//6260 5609//6260
f 5589//6261 5605//6261 5596//6261
f 5604//6262 5599//6262 5618//6262
f 5605//6263 5604//6263 5618//6263
f 5589//6264 5604//6264 5605//6264
f 5476//6265 5459//6265 5449//6265
f 5470//6266 5476//6266 5449//6266
f 5445//6267 5468//6267 5470//6267
f 5449//6268 5445//6268 5470//6268
f 5500//6269 5517//6269 5505//6269
f 5513//6270 5517//6270 5500//6270
f 5499//6271 5513//6271 5500//6271
f 5516//6272 5513//6272 5499//6272
f 5503//6273 5516//6273 5499//6273
f 5523//6274 5516//6274 5503//6274
f 5511//6275 5523//6275 5503//6275
f 5537//6276 5523//6276 5511//6276
f 5524//6277 5537//6277 5511//6277
f 5556//6278 5537//6278 5524//6278
f 5545//6279 5556//6279 5524//6279
f 5579//6280 5556//6280 5545//6280
f 5583//6281 5599//6281 5604//6281
f 5589//6282 5583//6282 5604//6282
f 5476//6283 5483//6283 5459//6283
f 5407//6284 5412//6284 5385//6284
f 5383//6285 5407//6285 5385//6285
f 5405//6286 5407//6286 5383//6286
f 5378//6287 5405//6287 5383//6287
f 5408//6288 5405//6288 5378//6288
f 5382//6289 5408//6289 5378//6289
f 5404//6290 5408//6290 5382//6290
f 5390//6291 5404//6291 5382//6291
f 5417//6292 5404//6292 5390//6292
f 5389//6293 5417//6293 5390//6293
f 5423//6294 5417//6294 5389//6294
f 5410//6295 5423//6295 5389//6295
f 5441//6296 5423//6296 5410//6296
f 5447//6297 5468//6297 5445//6297
f 5465//6298 5468//6298 5447//6298
f 5446//6299 5465//6299 5447//6299
f 5469//6300 5465//6300 5446//6300
f 5448//6301 5469//6301 5446//6301
f 5474//6302 5469//6302 5448//6302
f 5453//6303 5474//6303 5448//6303
f 5480//6304 5474//6304 5453//6304
f 5475//6305 5480//6305 5453//6305
f 5504//6306 5480//6306 5475//6306
f 5488//6307 5504//6307 5475//6307
f 5525//6308 5504//6308 5488//6308
f 5518//6309 5525//6309 5488//6309
f 5568//6310 5525//6310 5518//6310
f 5383//6311 5364//6311 5358//6311
f 5378//6312 5383//6312 5358//6312
f 5356//6313 5382//6313 5378//6313
f 5358//6314 5356//6314 5378//6314
f 5383//6315 5385//6315 5364//6315
f 5311//6316 5299//6316 5277//6316
f 5270//6317 5311//6317 5277//6317
f 5303//6318 5311//6318 5270//6318
f 5286//6319 5303//6319 5270//6319
f 5322//6320 5303//6320 5286//6320
f 5371//6321 5382//6321 5356//6321
f 5390//6322 5382//6322 5371//6322
f 5369//6323 5390//6323 5371//6323
f 5389//6324 5390//6324 5369//6324
f 5377//6325 5389//6325 5369//6325
f 5410//6326 5389//6326 5377//6326
f 5270//6327 5277//6327 5239//6327
f 5246//6328 5270//6328 5239//6328
f 5286//6329 5270//6329 5246//6329
f 5239//6330 5217//6330 5246//6330
f 5170//6331 5151//6331 5193//6331
f 5274//6332 5290//6332 5245//6332
f 5290//6333 5274//6333 5310//6333
f 5342//6334 5350//6334 5321//6334
f 5376//6335 5386//6335 5350//6335
f 5342//6336 5376//6336 5350//6336
f 5414//6337 5424//6337 5386//6337
f 5376//6338 5414//6338 5386//6338
f 5424//6339 5414//6339 5456//6339
f 5134//6340 5111//6340 5092//6340
f 5124//6341 5134//6341 5092//6341
f 5169//6342 5134//6342 5124//6342
f 5158//6343 5169//6343 5124//6343
f 5209//6344 5169//6344 5158//6344
f 5194//6345 5209//6345 5158//6345
f 5238//6346 5209//6346 5194//6346
f 5190//6347 5238//6347 5194//6347
f 5230//6348 5238//6348 5190//6348
f 5222//6349 5230//6349 5190//6349
f 5265//6350 5230//6350 5222//6350
f 5259//6351 5265//6351 5222//6351
f 5307//6352 5265//6352 5259//6352
f 5306//6353 5307//6353 5259//6353
f 5353//6354 5307//6354 5306//6354
f 5352//6355 5353//6355 5306//6355
f 5401//6356 5353//6356 5352//6356
f 5254//6357 5297//6357 5269//6357
f 5229//6358 5254//6358 5269//6358
f 5340//6359 5379//6359 5345//6359
f 5308//6360 5340//6360 5345//6360
f 5543//6361 5479//6361 5541//6361
f 5618//6362 5543//6362 5541//6362
f 5291//6363 5297//6363 5254//6363
f 5333//6364 5297//6364 5291//6364
f 5324//6365 5333//6365 5291//6365
f 5370//6366 5333//6366 5324//6366
f 5317//6367 5370//6367 5324//6367
f 5368//6368 5370//6368 5317//6368
f 5362//6369 5368//6369 5317//6369
f 5409//6370 5368//6370 5362//6370
f 5403//6371 5409//6371 5362//6371
f 5464//6372 5409//6372 5403//6372
f 5463//6373 5464//6373 5403//6373
f 5532//6374 5464//6374 5463//6374
f 5531//6375 5532//6375 5463//6375
f 5375//6376 5379//6376 5340//6376
f 5425//6377 5379//6377 5375//6377
f 5416//6378 5425//6378 5375//6378
f 5473//6379 5425//6379 5416//6379
f 5413//6380 5473//6380 5416//6380
f 5471//6381 5473//6381 5413//6381
f 5466//6382 5471//6382 5413//6382
f 5535//6383 5471//6383 5466//6383
f 5533//6384 5535//6384 5466//6384
f 457//6385 381//6385 472//6385
f 511//6386 457//6386 472//6386
f 508//6387 511//6387 472//6387
f 548//6388 511//6388 508//6388
f 562//6389 511//6389 548//6389
f 587//6390 562//6390 548//6390
f 610//6391 562//6391 587//6391
f 628//6392 610//6392 587//6392
f 656//6393 610//6393 628//6393
f 649//6394 656//6394 628//6394
f 677//6395 656//6395 649//6395
f 704//6396 656//6396 677//6396
f 713//6397 704//6397 677//6397
f 729//6398 704//6398 713//6398
f 733//6399 729//6399 713//6399
f 752//6400 729//6400 733//6400
f 756//6401 752//6401 733//6401
f 769//6402 752//6402 756//6402
f 780//6403 752//6403 769//6403
f 793//6404 780//6404 769//6404
f 800//6405 780//6405 793//6405
f 810//6406 800//6406 793//6406
f 819//6407 800//6407 810//6407
f 822//6408 800//6408 819//6408
f 824//6409 822//6409 819//6409
f 827//6410 822//6410 824//6410
f 841//6411 822//6411 827//6411
f 829//6412 841//6412 827//6412
f 832//6413 841//6413 829//6413
f 841//6414 832//6414 833//6414
f 834//6415 841//6415 833//6415
f 835//6416 841//6416 834//6416
f 841//6417 835//6417 836//6417
f 839//6418 841//6418 836//6418
f 850//6419 841//6419 839//6419
f 850//6420 868//6420 857//6420
f 873//6421 850//6421 857//6421
f 841//6422 850//6422 873//6422
f 868//6423 889//6423 895//6423
f 888//6424 868//6424 895//6424
f 857//6425 868//6425 888//6425
f 873//6426 857//6426 888//6426
f 903//6427 895//6427 889//6427
f 916//6428 903//6428 889//6428
f 942//6429 903//6429 916//6429
f 954//6430 942//6430 916//6430
f 971//6431 942//6431 954//6431
f 986//6432 971//6432 954//6432
f 1001//6433 971//6433 986//6433
f 1019//6434 1001//6434 986//6434
f 1024//6435 1001//6435 1019//6435
f 1064//6436 1024//6436 1019//6436
f 1075//6437 1024//6437 1064//6437
f 1128//6438 1075//6438 1064//6438
f 1182//6439 1075//6439 1128//6439
f 1251//6440 1182//6440 1128//6440
f 1288//6441 1182//6441 1251//6441
f 1364//6442 1288//6442 1251//6442
f 1377//6443 1288//6443 1364//6443
f 1446//6444 1377//6444 1364//6444
f 1427//6445 1377//6445 1446//6445
f 1502//6446 1427//6446 1446//6446
f 1474//6447 1427//6447 1502//6447
f 1576//6448 1474//6448 1502//6448
f 1514//6449 1474//6449 1576//6449
f 1627//6450 1514//6450 1576//6450
f 1577//6451 1514//6451 1627//6451
f 1656//6452 1577//6452 1627//6452
f 1616//6453 1577//6453 1656//6453
f 1688//6454 1616//6454 1656//6454
f 1645//6455 1616//6455 1688//6455
f 1711//6456 1645//6456 1688//6456
f 1663//6457 1645//6457 1711//6457
f 1727//6458 1663//6458 1711//6458
f 1675//6459 1663//6459 1727//6459
f 1749//6460 1675//6460 1727//6460
f 1678//6461 1675//6461 1749//6461
f 1750//6462 1678//6462 1749//6462
f 1670//6463 1678//6463 1750//6463
f 1730//6464 1670//6464 1750//6464
f 1666//6465 1670//6465 1730//6465
f 1723//6466 1666//6466 1730//6466
f 1658//6467 1666//6467 1723//6467
f 1715//6468 1658//6468 1723//6468
f 1647//6469 1658//6469 1715//6469
f 1703//6470 1647//6470 1715//6470
f 1638//6471 1647//6471 1703//6471
f 1692//6472 1638//6472 1703//6472
f 1625//6473 1638//6473 1692//6473
f 1680//6474 1625//6474 1692//6474
f 1597//6475 1625//6475 1680//6475
f 1659//6476 1597//6476 1680//6476
f 1582//6477 1597//6477 1659//6477
f 1641//6478 1582//6478 1659//6478
f 1540//6479 1582//6479 1641//6479
f 1606//6480 1540//6480 1641//6480
f 1494//6481 1540//6481 1606//6481
f 1557//6482 1494//6482 1606//6482
f 1458//6483 1494//6483 1557//6483
f 1491//6484 1458//6484 1557//6484
f 1419//6485 1458//6485 1491//6485
f 1453//6486 1419//6486 1491//6486
f 1387//6487 1419//6487 1453//6487
f 1402//6488 1387//6488 1453//6488
f 1346//6489 1387//6489 1402//6489
f 1355//6490 1346//6490 1402//6490
f 1319//6491 1346//6491 1355//6491
f 1326//6492 1319//6492 1355//6492
f 1291//6493 1319//6493 1326//6493
f 1295//6494 1291//6494 1326//6494
f 1272//6495 1291//6495 1295//6495
f 1269//6496 1272//6496 1295//6496
f 1241//6497 1272//6497 1269//6497
f 1234//6498 1241//6498 1269//6498
f 1213//6499 1241//6499 1234//6499
f 1208//6500 1213//6500 1234//6500
f 1195//6501 1213//6501 1208//6501
f 1181//6502 1195//6502 1208//6502
f 1173//6503 1195//6503 1181//6503
f 1152//6504 1173//6504 1181//6504
f 1153//6505 1173//6505 1152//6505
f 1136//6506 1153//6506 1152//6506
f 1137//6507 1153//6507 1136//6507
f 1114//6508 1137//6508 1136//6508
f 1129//6509 1137//6509 1114//6509
f 1102//6510 1129//6510 1114//6510
f 1091//6511 1129//6511 1102//6511
f 1069//6512 1091//6512 1102//6512
f 1062//6513 1091//6513 1069//6513
f 1046//6514 1062//6514 1069//6514
f 1061//6515 1062//6515 1046//6515
f 1045//6516 1061//6516 1046//6516
f 1068//6517 1061//6517 1045//6517
f 1054//6518 1068//6518 1045//6518
f 1074//6519 1068//6519 1054//6519
f 1067//6520 1074//6520 1054//6520
f 1096//6521 1074//6521 1067//6521
f 1097//6522 1096//6522 1067//6522
f 1131//6523 1096//6523 1097//6523
f 1135//6524 1131//6524 1097//6524
f 1164//6525 1131//6525 1135//6525
f 1180//6526 1164//6526 1135//6526
f 1202//6527 1164//6527 1180//6527
f 1217//6528 1202//6528 1180//6528
f 1237//6529 1202//6529 1217//6529
f 1270//6530 1237//6530 1217//6530
f 1283//6531 1237//6531 1270//6531
f 1313//6532 1283//6532 1270//6532
f 1322//6533 1283//6533 1313//6533
f 1360//6534 1322//6534 1313//6534
f 1363//6535 1322//6535 1360//6535
f 1398//6536 1363//6536 1360//6536
f 1395//6537 1363//6537 1398//6537
f 1440//6538 1395//6538 1398//6538
f 1466//6539 1395//6539 1440//6539
f 1530//6540 1466//6540 1440//6540
f 1541//6541 1466//6541 1530//6541
f 1629//6542 1541//6542 1530//6542
f 1687//6543 1541//6543 1629//6543
f 1786//6544 1687//6544 1629//6544
f 1738//6545 1687//6545 1786//6545
f 1848//6546 1738//6546 1786//6546
f 1809//6547 1738//6547 1848//6547
f 1897//6548 1809//6548 1848//6548
f 1851//6549 1809//6549 1897//6549
f 1938//6550 1851//6550 1897//6550
f 1883//6551 1851//6551 1938//6551
f 1968//6552 1883//6552 1938//6552
f 1916//6553 1883//6553 1968//6553
f 2001//6554 1916//6554 1968//6554
f 1945//6555 1916//6555 2001//6555
f 2034//6556 1945//6556 2001//6556
f 1959//6557 1945//6557 2034//6557
f 2053//6558 1959//6558 2034//6558
f 1979//6559 1959//6559 2053//6559
f 2067//6560 1979//6560 2053//6560
f 1998//6561 1979//6561 2067//6561
f 2081//6562 1998//6562 2067//6562
f 2013//6563 1998//6563 2081//6563
f 2104//6564 2013//6564 2081//6564
f 2024//6565 2013//6565 2104//6565
f 2111//6566 2024//6566 2104//6566
f 2031//6567 2024//6567 2111//6567
f 2119//6568 2031//6568 2111//6568
f 2030//6569 2031//6569 2119//6569
f 2116//6570 2030//6570 2119//6570
f 2023//6571 2030//6571 2116//6571
f 2107//6572 2023//6572 2116//6572
f 2014//6573 2023//6573 2107//6573
f 2095//6574 2014//6574 2107//6574
f 2000//6575 2014//6575 2095//6575
f 2079//6576 2000//6576 2095//6576
f 1987//6577 2000//6577 2079//6577
f 2065//6578 1987//6578 2079//6578
f 1960//6579 1987//6579 2065//6579
f 2050//6580 1960//6580 2065//6580
f 1935//6581 1960//6581 2050//6581
f 2018//6582 1935//6582 2050//6582
f 1909//6583 1935//6583 2018//6583
f 1990//6584 1909//6584 2018//6584
f 1870//6585 1909//6585 1990//6585
f 1950//6586 1870//6586 1990//6586
f 1818//6587 1870//6587 1950//6587
f 1857//6588 1818//6588 1950//6588
f 1718//6589 1818//6589 1857//6589
f 954//6590 916//6590 945//6590
f 964//6591 954//6591 945//6591
f 986//6592 954//6592 964//6592
f 1002//6593 986//6593 964//6593
f 1019//6594 986//6594 1002//6594
f 1048//6595 1019//6595 1002//6595
f 1064//6596 1019//6596 1048//6596
f 1118//6597 1064//6597 1048//6597
f 1128//6598 1064//6598 1118//6598
f 1185//6599 1128//6599 1118//6599
f 1251//6600 1128//6600 1185//6600
f 1331//6601 1251//6601 1185//6601
f 1364//6602 1251//6602 1331//6602
f 1430//6603 1364//6603 1331//6603
f 1446//6604 1364//6604 1430//6604
f 1527//6605 1446//6605 1430//6605
f 1502//6606 1446//6606 1527//6606
f 1608//6607 1502//6607 1527//6607
f 1576//6608 1502//6608 1608//6608
f 1660//6609 1576//6609 1608//6609
f 1627//6610 1576//6610 1660//6610
f 1697//6611 1627//6611 1660//6611
f 1656//6612 1627//6612 1697//6612
f 1728//6613 1656//6613 1697//6613
f 1688//6614 1656//6614 1728//6614
f 1792//6615 1688//6615 1728//6615
f 1711//6616 1688//6616 1792//6616
f 1824//6617 1711//6617 1792//6617
f 1727//6618 1711//6618 1824//6618
f 1842//6619 1727//6619 1824//6619
f 1749//6620 1727//6620 1842//6620
f 1856//6621 1749//6621 1842//6621
f 1750//6622 1749//6622 1856//6622
f 1858//6623 1750//6623 1856//6623
f 1730//6624 1750//6624 1858//6624
f 1843//6625 1730//6625 1858//6625
f 1723//6626 1730//6626 1843//6626
f 1837//6627 1723//6627 1843//6627
f 1715//6628 1723//6628 1837//6628
f 1826//6629 1715//6629 1837//6629
f 1703//6630 1715//6630 1826//6630
f 1811//6631 1703//6631 1826//6631
f 1692//6632 1703//6632 1811//6632
f 1789//6633 1692//6633 1811//6633
f 1680//6634 1692//6634 1789//6634
f 1761//6635 1680//6635 1789//6635
f 1659//6636 1680//6636 1761//6636
f 1721//6637 1659//6637 1761//6637
f 1641//6638 1659//6638 1721//6638
f 1698//6639 1641//6639 1721//6639
f 1606//6640 1641//6640 1698//6640
f 1673//6641 1606//6641 1698//6641
f 1557//6642 1606//6642 1673//6642
f 1630//6643 1557//6643 1673//6643
f 1491//6644 1557//6644 1630//6644
f 1563//6645 1491//6645 1630//6645
f 1453//6646 1491//6646 1563//6646
f 1490//6647 1453//6647 1563//6647
f 1402//6648 1453//6648 1490//6648
f 1433//6649 1402//6649 1490//6649
f 1355//6650 1402//6650 1433//6650
f 1378//6651 1355//6651 1433//6651
f 1326//6652 1355//6652 1378//6652
f 1350//6653 1326//6653 1378//6653
f 1295//6654 1326//6654 1350//6654
f 1311//6655 1295//6655 1350//6655
f 1269//6656 1295//6656 1311//6656
f 1279//6657 1269//6657 1311//6657
f 1234//6658 1269//6658 1279//6658
f 1238//6659 1234//6659 1279//6659
f 1208//6660 1234//6660 1238//6660
f 1207//6661 1208//6661 1238//6661
f 1181//6662 1208//6662 1207//6662
f 1174//6663 1181//6663 1207//6663
f 1152//6664 1181//6664 1174//6664
f 1144//6665 1152//6665 1174//6665
f 1136//6666 1152//6666 1144//6666
f 1124//6667 1136//6667 1144//6667
f 1114//6668 1136//6668 1124//6668
f 1100//6669 1114//6669 1124//6669
f 1102//6670 1114//6670 1100//6670
f 1086//6671 1102//6671 1100//6671
f 1069//6672 1102//6672 1086//6672
f 1055//6673 1069//6673 1086//6673
f 1046//6674 1069//6674 1055//6674
f 1039//6675 1046//6675 1055//6675
f 1045//6676 1046//6676 1039//6676
f 1038//6677 1045//6677 1039//6677
f 1054//6678 1045//6678 1038//6678
f 1049//6679 1054//6679 1038//6679
f 1067//6680 1054//6680 1049//6680
f 1072//6681 1067//6681 1049//6681
f 1097//6682 1067//6682 1072//6682
f 1107//6683 1097//6683 1072//6683
f 1135//6684 1097//6684 1107//6684
f 1147//6685 1135//6685 1107//6685
f 1180//6686 1135//6686 1147//6686
f 1201//6687 1180//6687 1147//6687
f 1217//6688 1180//6688 1201//6688
f 1250//6689 1217//6689 1201//6689
f 1270//6690 1217//6690 1250//6690
f 1304//6691 1270//6691 1250//6691
f 1313//6692 1270//6692 1304//6692
f 1356//6693 1313//6693 1304//6693
f 1360//6694 1313//6694 1356//6694
f 1399//6695 1360//6695 1356//6695
f 1398//6696 1360//6696 1399//6696
f 1452//6697 1398//6697 1399//6697
f 1440//6698 1398//6698 1452//6698
f 1497//6699 1440//6699 1452//6699
f 1530//6700 1440//6700 1497//6700
f 1626//6701 1530//6701 1497//6701
f 1629//6702 1530//6702 1626//6702
f 1696//6703 1629//6703 1626//6703
f 1786//6704 1629//6704 1696//6704
f 1874//6705 1786//6705 1696//6705
f 1848//6706 1786//6706 1874//6706
f 1930//6707 1848//6707 1874//6707
f 1897//6708 1848//6708 1930//6708
f 1986//6709 1897//6709 1930//6709
f 1938//6710 1897//6710 1986//6710
f 2028//6711 1938//6711 1986//6711
f 1968//6712 1938//6712 2028//6712
f 2062//6713 1968//6713 2028//6713
f 2001//6714 1968//6714 2062//6714
f 2086//6715 2001//6715 2062//6715
f 2034//6716 2001//6716 2086//6716
f 2121//6717 2034//6717 2086//6717
f 2053//6718 2034//6718 2121//6718
f 2141//6719 2053//6719 2121//6719
f 2067//6720 2053//6720 2141//6720
f 2148//6721 2067//6721 2141//6721
f 2081//6722 2067//6722 2148//6722
f 2166//6723 2081//6723 2148//6723
f 2104//6724 2081//6724 2166//6724
f 2188//6725 2104//6725 2166//6725
f 2111//6726 2104//6726 2188//6726
f 2196//6727 2111//6727 2188//6727
f 2119//6728 2111//6728 2196//6728
f 2201//6729 2119//6729 2196//6729
f 2116//6730 2119//6730 2201//6730
f 2197//6731 2116//6731 2201//6731
f 2107//6732 2116//6732 2197//6732
f 2191//6733 2107//6733 2197//6733
f 2095//6734 2107//6734 2191//6734
f 2170//6735 2095//6735 2191//6735
f 2079//6736 2095//6736 2170//6736
f 2160//6737 2079//6737 2170//6737
f 2065//6738 2079//6738 2160//6738
f 2145//6739 2065//6739 2160//6739
f 2050//6740 2065//6740 2145//6740
f 2128//6741 2050//6741 2145//6741
f 2018//6742 2050//6742 2128//6742
f 2092//6743 2018//6743 2128//6743
f 1990//6744 2018//6744 2092//6744
f 2063//6745 1990//6745 2092//6745
f 1950//6746 1990//6746 2063//6746
f 2026//6747 1950//6747 2063//6747
f 1905//6748 1950//6748 2026//6748
f 1976//6749 1905//6749 2026//6749
f 1953//6750 1905//6750 1976//6750
f 2049//6751 1953//6751 1976//6751
f 2026//6752 2049//6752 1976//6752
f 2115//6753 2049//6753 2026//6753
f 2063//6754 2115//6754 2026//6754
f 2161//6755 2115//6755 2063//6755
f 2092//6756 2161//6756 2063//6756
f 2128//6757 2161//6757 2092//6757
f 964//6758 945//6758 979//6758
f 1002//6759 964//6759 979//6759
f 1021//6760 1002//6760 979//6760
f 1018//6761 1021//6761 979//6761
f 1088//6762 1021//6762 1018//6762
f 1154//6763 1021//6763 1088//6763
f 1190//6764 1154//6764 1088//6764
f 1219//6765 1154//6765 1190//6765
f 1316//6766 1219//6766 1190//6766
f 1323//6767 1219//6767 1316//6767
f 1391//6768 1323//6768 1316//6768
f 1403//6769 1323//6769 1391//6769
f 1473//6770 1403//6770 1391//6770
f 1572//6771 1403//6771 1473//6771
f 1654//6772 1572//6772 1473//6772
f 1694//6773 1572//6773 1654//6773
f 1796//6774 1694//6774 1654//6774
f 1819//6775 1694//6775 1796//6775
f 1899//6776 1819//6776 1796//6776
f 1877//6777 1819//6777 1899//6777
f 1956//6778 1877//6778 1899//6778
f 1928//6779 1877//6779 1956//6779
f 2006//6780 1928//6780 1956//6780
f 1973//6781 1928//6781 2006//6781
f 2056//6782 1973//6782 2006//6782
f 2009//6783 1973//6783 2056//6783
f 2083//6784 2009//6784 2056//6784
f 2052//6785 2009//6785 2083//6785
f 2134//6786 2052//6786 2083//6786
f 2076//6787 2052//6787 2134//6787
f 2151//6788 2076//6788 2134//6788
f 2096//6789 2076//6789 2151//6789
f 2171//6790 2096//6790 2151//6790
f 2112//6791 2096//6791 2171//6791
f 2195//6792 2112//6792 2171//6792
f 2118//6793 2112//6793 2195//6793
f 2200//6794 2118//6794 2195//6794
f 2106//6795 2118//6795 2200//6795
f 2194//6796 2106//6796 2200//6796
f 2099//6797 2106//6797 2194//6797
f 2179//6798 2099//6798 2194//6798
f 2082//6799 2099//6799 2179//6799
f 2167//6800 2082//6800 2179//6800
f 2073//6801 2082//6801 2167//6801
f 2158//6802 2073//6802 2167//6802
f 2059//6803 2073//6803 2158//6803
f 2144//6804 2059//6804 2158//6804
f 2040//6805 2059//6805 2144//6805
f 2129//6806 2040//6806 2144//6806
f 2008//6807 2040//6807 2129//6807
f 2098//6808 2008//6808 2129//6808
f 1981//6809 2008//6809 2098//6809
f 2066//6810 1981//6810 2098//6810
f 1948//6811 1981//6811 2066//6811
f 2036//6812 1948//6812 2066//6812
f 1887//6813 1948//6813 2036//6813
f 1970//6814 1887//6814 2036//6814
f 1816//6815 1887//6815 1970//6815
f 1907//6816 1816//6816 1970//6816
f 1714//6817 1816//6817 1907//6817
f 1829//6818 1714//6818 1907//6818
f 1643//6819 1714//6819 1829//6819
f 1710//6820 1643//6820 1829//6820
f 1520//6821 1643//6821 1710//6821
f 1620//6822 1520//6822 1710//6822
f 1470//6823 1520//6823 1620//6823
f 1548//6824 1470//6824 1620//6824
f 1423//6825 1470//6825 1548//6825
f 1479//6826 1423//6826 1548//6826
f 1375//6827 1423//6827 1479//6827
f 1424//6828 1375//6828 1479//6828
f 1327//6829 1375//6829 1424//6829
f 1372//6830 1327//6830 1424//6830
f 1274//6831 1327//6831 1372//6831
f 1315//6832 1274//6832 1372//6832
f 1215//6833 1274//6833 1315//6833
f 1257//6834 1215//6834 1315//6834
f 1170//6835 1215//6835 1257//6835
f 1199//6836 1170//6836 1257//6836
f 1132//6837 1170//6837 1199//6837
f 1148//6838 1132//6838 1199//6838
f 1098//6839 1132//6839 1148//6839
f 1113//6840 1098//6840 1148//6840
f 1071//6841 1098//6841 1113//6841
f 1081//6842 1071//6842 1113//6842
f 1057//6843 1071//6843 1081//6843
f 1078//6844 1057//6844 1081//6844
f 1059//6845 1057//6845 1078//6845
f 1391//6846 1316//6846 1421//6846
f 1473//6847 1391//6847 1421//6847
f 1473//6848 1421//6848 1538//6848
f 1653//6849 1473//6849 1538//6849
f 1654//6850 1473//6850 1653//6850
f 1729//6851 1654//6851 1653//6851
f 1796//6852 1654//6852 1729//6852
f 1836//6853 1796//6853 1729//6853
f 1901//6854 1796//6854 1836//6854
f 1899//6855 1796//6855 1901//6855
f 2002//6856 1899//6856 1901//6856
f 1956//6857 1899//6857 2002//6857
f 2080//6858 1956//6858 2002//6858
f 2006//6859 1956//6859 2080//6859
f 2056//6860 2006//6860 2080//6860
f 2056//6861 2080//6861 2146//6861
f 2083//6862 2056//6862 2146//6862
f 2083//6863 2146//6863 2202//6863
f 2134//6864 2083//6864 2202//6864
f 2134//6865 2202//6865 2229//6865
f 2151//6866 2134//6866 2229//6866
f 2171//6867 2151//6867 2229//6867
f 2252//6868 2171//6868 2229//6868
f 2195//6869 2171//6869 2252//6869
f 2273//6870 2195//6870 2252//6870
f 2200//6871 2195//6871 2273//6871
f 2276//6872 2200//6872 2273//6872
f 2275//6873 2200//6873 2276//6873
f 2194//6874 2200//6874 2275//6874
f 2268//6875 2194//6875 2275//6875
f 2179//6876 2194//6876 2268//6876
f 2257//6877 2179//6877 2268//6877
f 2167//6878 2179//6878 2257//6878
f 2246//6879 2167//6879 2257//6879
f 2158//6880 2167//6880 2246//6880
f 2232//6881 2158//6881 2246//6881
f 2144//6882 2158//6882 2232//6882
f 2212//6883 2144//6883 2232//6883
f 2129//6884 2144//6884 2212//6884
f 2192//6885 2129//6885 2212//6885
f 2098//6886 2129//6886 2192//6886
f 2150//6887 2098//6887 2192//6887
f 2066//6888 2098//6888 2150//6888
f 2120//6889 2066//6889 2150//6889
f 2036//6890 2066//6890 2120//6890
f 2064//6891 2036//6891 2120//6891
f 1970//6892 2036//6892 2064//6892
f 2003//6893 1970//6893 2064//6893
f 1907//6894 1970//6894 2003//6894
f 1932//6895 1907//6895 2003//6895
f 1829//6896 1907//6896 1932//6896
f 1853//6897 1829//6897 1932//6897
f 1710//6898 1829//6898 1853//6898
f 1716//6899 1710//6899 1853//6899
f 1620//6900 1710//6900 1716//6900
f 1667//6901 1620//6901 1716//6901
f 1548//6902 1620//6902 1667//6902
f 1601//6903 1548//6903 1667//6903
f 1479//6904 1548//6904 1601//6904
f 1510//6905 1479//6905 1601//6905
f 1424//6906 1479//6906 1510//6906
f 1454//6907 1424//6907 1510//6907
f 1372//6908 1424//6908 1454//6908
f 1389//6909 1372//6909 1454//6909
f 1315//6910 1372//6910 1389//6910
f 1328//6911 1315//6911 1389//6911
f 1257//6912 1315//6912 1328//6912
f 1259//6913 1257//6913 1328//6913
f 1199//6914 1257//6914 1259//6914
f 1189//6915 1199//6915 1259//6915
f 1148//6916 1199//6916 1189//6916
f 1139//6917 1148//6917 1189//6917
f 1113//6918 1148//6918 1139//6918
f 1109//6919 1113//6919 1139//6919
f 1081//6920 1113//6920 1109//6920
f 1078//6921 1081//6921 1109//6921
f 1057//6922 1059//6922 1044//6922
f 1052//6923 1057//6923 1044//6923
f 1071//6924 1057//6924 1052//6924
f 1066//6925 1071//6925 1052//6925
f 1098//6926 1071//6926 1066//6926
f 1092//6927 1098//6927 1066//6927
f 1132//6928 1098//6928 1092//6928
f 1120//6929 1132//6929 1092//6929
f 1170//6930 1132//6930 1120//6930
f 1151//6931 1170//6931 1120//6931
f 1215//6932 1170//6932 1151//6932
f 1191//6933 1215//6933 1151//6933
f 1274//6934 1215//6934 1191//6934
f 1236//6935 1274//6935 1191//6935
f 1327//6936 1274//6936 1236//6936
f 1287//6937 1327//6937 1236//6937
f 1375//6938 1327//6938 1287//6938
f 1338//6939 1375//6939 1287//6939
f 1423//6940 1375//6940 1338//6940
f 1381//6941 1423//6941 1338//6941
f 1470//6942 1423//6942 1381//6942
f 1416//6943 1470//6943 1381//6943
f 1520//6944 1470//6944 1416//6944
f 1461//6945 1520//6945 1416//6945
f 1643//6946 1520//6946 1461//6946
f 1560//6947 1643//6947 1461//6947
f 1714//6948 1643//6948 1560//6948
f 1646//6949 1714//6949 1560//6949
f 1816//6950 1714//6950 1646//6950
f 1705//6951 1816//6951 1646//6951
f 1887//6952 1816//6952 1705//6952
f 1799//6953 1887//6953 1705//6953
f 1948//6954 1887//6954 1799//6954
f 1864//6955 1948//6955 1799//6955
f 1981//6956 1948//6956 1864//6956
f 1891//6957 1981//6957 1864//6957
f 2008//6958 1981//6958 1891//6958
f 1920//6959 2008//6959 1891//6959
f 2040//6960 2008//6960 1920//6960
f 1949//6961 2040//6961 1920//6961
f 2059//6962 2040//6962 1949//6962
f 1966//6963 2059//6963 1949//6963
f 2073//6964 2059//6964 1966//6964
f 1989//6965 2073//6965 1966//6965
f 2082//6966 2073//6966 1989//6966
f 1999//6967 2082//6967 1989//6967
f 2099//6968 2082//6968 1999//6968
f 2007//6969 2099//6969 1999//6969
f 2106//6970 2099//6970 2007//6970
f 2019//6971 2106//6971 2007//6971
f 2118//6972 2106//6972 2019//6972
f 2029//6973 2118//6973 2019//6973
f 2112//6974 2118//6974 2029//6974
f 2027//6975 2112//6975 2029//6975
f 2096//6976 2112//6976 2027//6976
f 2015//6977 2096//6977 2027//6977
f 2076//6978 2096//6978 2015//6978
f 1994//6979 2076//6979 2015//6979
f 2052//6980 2076//6980 1994//6980
f 1963//6981 2052//6981 1994//6981
f 2009//6982 2052//6982 1963//6982
f 1926//6983 2009//6983 1963//6983
f 1973//6984 2009//6984 1926//6984
f 1893//6985 1973//6985 1926//6985
f 1928//6986 1973//6986 1893//6986
f 1852//6987 1928//6987 1893//6987
f 1877//6988 1928//6988 1852//6988
f 1794//6989 1877//6989 1852//6989
f 1819//6990 1877//6990 1794//6990
f 1707//6991 1819//6991 1794//6991
f 1694//6992 1819//6992 1707//6992
f 1622//6993 1694//6993 1707//6993
f 1572//6994 1694//6994 1622//6994
f 1469//6995 1572//6995 1622//6995
f 1403//6996 1572//6996 1469//6996
f 1340//6997 1403//6997 1469//6997
f 1323//6998 1403//6998 1340//6998
f 1246//6999 1323//6999 1340//6999
f 1219//7000 1323//7000 1246//7000
f 1154//7001 1219//7001 1246//7001
f 1044//7002 1040//7002 1042//7002
f 1037//7003 1044//7003 1042//7003
f 1052//7004 1044//7004 1037//7004
f 1051//7005 1052//7005 1037//7005
f 1066//7006 1052//7006 1051//7006
f 1073//7007 1066//7007 1051//7007
f 1092//7008 1066//7008 1073//7008
f 1093//7009 1092//7009 1073//7009
f 1120//7010 1092//7010 1093//7010
f 1115//7011 1120//7011 1093//7011
f 1151//7012 1120//7012 1115//7012
f 1143//7013 1151//7013 1115//7013
f 1191//7014 1151//7014 1143//7014
f 1179//7015 1191//7015 1143//7015
f 1236//7016 1191//7016 1179//7016
f 1212//7017 1236//7017 1179//7017
f 1287//7018 1236//7018 1212//7018
f 1261//7019 1287//7019 1212//7019
f 1338//7020 1287//7020 1261//7020
f 1300//7021 1338//7021 1261//7021
f 1381//7022 1338//7022 1300//7022
f 1345//7023 1381//7023 1300//7023
f 1416//7024 1381//7024 1345//7024
f 1380//7025 1416//7025 1345//7025
f 1461//7026 1416//7026 1380//7026
f 1412//7027 1461//7027 1380//7027
f 1560//7028 1461//7028 1412//7028
f 1481//7029 1560//7029 1412//7029
f 1646//7030 1560//7030 1481//7030
f 1573//7031 1646//7031 1481//7031
f 1705//7032 1646//7032 1573//7032
f 1642//7033 1705//7033 1573//7033
f 1799//7034 1705//7034 1642//7034
f 1695//7035 1799//7035 1642//7035
f 1864//7036 1799//7036 1695//7036
f 1756//7037 1864//7037 1695//7037
f 1891//7038 1864//7038 1756//7038
f 1805//7039 1891//7039 1756//7039
f 1920//7040 1891//7040 1805//7040
f 1835//7041 1920//7041 1805//7041
f 1949//7042 1920//7042 1835//7042
f 1865//7043 1949//7043 1835//7043
f 1966//7044 1949//7044 1865//7044
f 1876//7045 1966//7045 1865//7045
f 1989//7046 1966//7046 1876//7046
f 1898//7047 1989//7047 1876//7047
f 1999//7048 1989//7048 1898//7048
f 1915//7049 1999//7049 1898//7049
f 2007//7050 1999//7050 1915//7050
f 1921//7051 2007//7051 1915//7051
f 2019//7052 2007//7052 1921//7052
f 1927//7053 2019//7053 1921//7053
f 2029//7054 2019//7054 1927//7054
f 1942//7055 2029//7055 1927//7055
f 2027//7056 2029//7056 1942//7056
f 1941//7057 2027//7057 1942//7057
f 2015//7058 2027//7058 1941//7058
f 1925//7059 2015//7059 1941//7059
f 1994//7060 2015//7060 1925//7060
f 1911//7061 1994//7061 1925//7061
f 1963//7062 1994//7062 1911//7062
f 1879//7063 1963//7063 1911//7063
f 1926//7064 1963//7064 1879//7064
f 1845//7065 1926//7065 1879//7065
f 1893//7066 1926//7066 1845//7066
f 1808//7067 1893//7067 1845//7067
f 1852//7068 1893//7068 1808//7068
f 1742//7069 1852//7069 1808//7069
f 1794//7070 1852//7070 1742//7070
f 1689//7071 1794//7071 1742//7071
f 1707//7072 1794//7072 1689//7072
f 1636//7073 1707//7073 1689//7073
f 1622//7074 1707//7074 1636//7074
f 1507//7075 1622//7075 1636//7075
f 1469//7076 1622//7076 1507//7076
f 1397//7077 1469//7077 1507//7077
f 1340//7078 1469//7078 1397//7078
f 1263//7079 1340//7079 1397//7079
f 1246//7080 1340//7080 1263//7080
f 1178//7081 1246//7081 1263//7081
f 1154//7082 1246//7082 1178//7082
f 1099//7083 1154//7083 1178//7083
f 1021//7084 1154//7084 1099//7084
f 1048//7085 1021//7085 1099//7085
f 1002//7086 1021//7086 1048//7086
f 1040//7087 1043//7087 1041//7087
f 1036//7088 1040//7088 1041//7088
f 1037//7089 1040//7089 1036//7089
f 1038//7090 1037//7090 1036//7090
f 1039//7091 1037//7091 1038//7091
f 1043//7092 1058//7092 1056//7092
f 1050//7093 1043//7093 1056//7093
f 1036//7094 1043//7094 1050//7094
f 1049//7095 1036//7095 1050//7095
f 1038//7096 1036//7096 1049//7096
f 1056//7097 1058//7097 1077//7097
f 1082//7098 1056//7098 1077//7098
f 1050//7099 1056//7099 1082//7099
f 1072//7100 1050//7100 1082//7100
f 1049//7101 1050//7101 1072//7101
f 1082//7102 1077//7102 1108//7102
f 1122//7103 1082//7103 1108//7103
f 1107//7104 1082//7104 1122//7104
f 1147//7105 1107//7105 1122//7105
f 1122//7106 1108//7106 1138//7106
f 1169//7107 1122//7107 1138//7107
f 1147//7108 1122//7108 1169//7108
f 1201//7109 1147//7109 1169//7109
f 1169//7110 1138//7110 1188//7110
f 1233//7111 1169//7111 1188//7111
f 1201//7112 1169//7112 1233//7112
f 1250//7113 1201//7113 1233//7113
f 1233//7114 1188//7114 1258//7114
f 1290//7115 1233//7115 1258//7115
f 1250//7116 1233//7116 1290//7116
f 1304//7117 1250//7117 1290//7117
f 1290//7118 1258//7118 1329//7118
f 1384//7119 1290//7119 1329//7119
f 1352//7120 1290//7120 1384//7120
f 1431//7121 1352//7121 1384//7121
f 1400//7122 1352//7122 1431//7122
f 1456//7123 1400//7123 1431//7123
f 1399//7124 1400//7124 1456//7124
f 1452//7125 1399//7125 1456//7125
f 1456//7126 1431//7126 1565//7126
f 1506//7127 1456//7127 1565//7127
f 1452//7128 1456//7128 1506//7128
f 1497//7129 1452//7129 1506//7129
f 1506//7130 1565//7130 1682//7130
f 1589//7131 1506//7131 1682//7131
f 1497//7132 1506//7132 1589//7132
f 1626//7133 1497//7133 1589//7133
f 1690//7134 1589//7134 1682//7134
f 1800//7135 1690//7135 1682//7135
f 1802//7136 1690//7136 1800//7136
f 1886//7137 1802//7137 1800//7137
f 1874//7138 1802//7138 1886//7138
f 1958//7139 1874//7139 1886//7139
f 1930//7140 1874//7140 1958//7140
f 2022//7141 1930//7141 1958//7141
f 1986//7142 1930//7142 2022//7142
f 2072//7143 1986//7143 2022//7143
f 2028//7144 1986//7144 2072//7144
f 2124//7145 2028//7145 2072//7145
f 2062//7146 2028//7146 2124//7146
f 2147//7147 2062//7147 2124//7147
f 2086//7148 2062//7148 2147//7148
f 2184//7149 2086//7149 2147//7149
f 2121//7150 2086//7150 2184//7150
f 2209//7151 2121//7151 2184//7151
f 2141//7152 2121//7152 2209//7152
f 2226//7153 2141//7153 2209//7153
f 2148//7154 2141//7154 2226//7154
f 2242//7155 2148//7155 2226//7155
f 2166//7156 2148//7156 2242//7156
f 2253//7157 2166//7157 2242//7157
f 2188//7158 2166//7158 2253//7158
f 2263//7159 2188//7159 2253//7159
f 2196//7160 2188//7160 2263//7160
f 2277//7161 2196//7161 2263//7161
f 2201//7162 2196//7162 2277//7162
f 2272//7163 2201//7163 2277//7163
f 2197//7164 2201//7164 2272//7164
f 2191//7165 2197//7165 2272//7165
f 2191//7166 2272//7166 2254//7166
f 2170//7167 2191//7167 2254//7167
f 2170//7168 2254//7168 2234//7168
f 2160//7169 2170//7169 2234//7169
f 2145//7170 2160//7170 2234//7170
f 2207//7171 2145//7171 2234//7171
f 2128//7172 2145//7172 2207//7172
f 2161//7173 2128//7173 2207//7173
f 1905//7174 1953//7174 1857//7174
f 1950//7175 1905//7175 1857//7175
f 1704//7176 1818//7176 1718//7176
f 1628//7177 1704//7177 1718//7177
f 1633//7178 1704//7178 1628//7178
f 1519//7179 1633//7179 1628//7179
f 1676//7180 1633//7180 1519//7180
f 1590//7181 1676//7181 1519//7181
f 1706//7182 1676//7182 1590//7182
f 1635//7183 1706//7183 1590//7183
f 1745//7184 1706//7184 1635//7184
f 1664//7185 1745//7185 1635//7185
f 1788//7186 1745//7186 1664//7186
f 1684//7187 1788//7187 1664//7187
f 1815//7188 1788//7188 1684//7188
f 1701//7189 1815//7189 1684//7189
f 1833//7190 1815//7190 1701//7190
f 1717//7191 1833//7191 1701//7191
f 1840//7192 1833//7192 1717//7192
f 1726//7193 1840//7193 1717//7193
f 1850//7194 1840//7194 1726//7194
f 1744//7195 1850//7195 1726//7195
f 1861//7196 1850//7196 1744//7196
f 1752//7197 1861//7197 1744//7197
f 1859//7198 1861//7198 1752//7198
f 1751//7199 1859//7199 1752//7199
f 1847//7200 1859//7200 1751//7200
f 1743//7201 1847//7201 1751//7201
f 1839//7202 1847//7202 1743//7202
f 1725//7203 1839//7203 1743//7203
f 1825//7204 1839//7204 1725//7204
f 1712//7205 1825//7205 1725//7205
f 1804//7206 1825//7206 1712//7206
f 1699//7207 1804//7207 1712//7207
f 1776//7208 1804//7208 1699//7208
f 1686//7209 1776//7209 1699//7209
f 1747//7210 1776//7210 1686//7210
f 1672//7211 1747//7211 1686//7211
f 1713//7212 1747//7212 1672//7212
f 1651//7213 1713//7213 1672//7213
f 1693//7214 1713//7214 1651//7214
f 1632//7215 1693//7215 1651//7215
f 1669//7216 1693//7216 1632//7216
f 1598//7217 1669//7217 1632//7217
f 1639//7218 1669//7218 1598//7218
f 1564//7219 1639//7219 1598//7219
f 1593//7220 1639//7220 1564//7220
f 1509//7221 1593//7221 1564//7221
f 1535//7222 1593//7222 1509//7222
f 1477//7223 1535//7223 1509//7223
f 1434//7224 1535//7224 1477//7224
f 1410//7225 1434//7225 1477//7225
f 1392//7226 1434//7226 1410//7226
f 1374//7227 1392//7227 1410//7227
f 1344//7228 1392//7228 1374//7228
f 1334//7229 1344//7229 1374//7229
f 1310//7230 1344//7230 1334//7230
f 1306//7231 1310//7231 1334//7231
f 1284//7232 1310//7232 1306//7232
f 1282//7233 1284//7233 1306//7233
f 1252//7234 1284//7234 1282//7234
f 1260//7235 1252//7235 1282//7235
f 1220//7236 1252//7236 1260//7236
f 1228//7237 1220//7237 1260//7237
f 1196//7238 1220//7238 1228//7238
f 1209//7239 1196//7239 1228//7239
f 1167//7240 1196//7240 1209//7240
f 1184//7241 1167//7241 1209//7241
f 1140//7242 1167//7242 1184//7242
f 1161//7243 1140//7243 1184//7243
f 1121//7244 1140//7244 1161//7244
f 1141//7245 1121//7245 1161//7245
f 1103//7246 1121//7246 1141//7246
f 1130//7247 1103//7247 1141//7247
f 1116//7248 1103//7248 1130//7248
f 1149//7249 1116//7249 1130//7249
f 1111//7250 1116//7250 1149//7250
f 1145//7251 1111//7251 1149//7251
f 1112//7252 1111//7252 1145//7252
f 1146//7253 1112//7253 1145//7253
f 1150//7254 1112//7254 1146//7254
f 1198//7255 1150//7255 1146//7255
f 1205//7256 1150//7256 1198//7256
f 1256//7257 1205//7257 1198//7257
f 1267//7258 1205//7258 1256//7258
f 1519//7259 1628//7259 1492//7259
f 1448//7260 1519//7260 1492//7260
f 1590//7261 1519//7261 1448//7261
f 1487//7262 1590//7262 1448//7262
f 1635//7263 1590//7263 1487//7263
f 1537//7264 1635//7264 1487//7264
f 1664//7265 1635//7265 1537//7265
f 1585//7266 1664//7266 1537//7266
f 1684//7267 1664//7267 1585//7267
f 1610//7268 1684//7268 1585//7268
f 1701//7269 1684//7269 1610//7269
f 1637//7270 1701//7270 1610//7270
f 1717//7271 1701//7271 1637//7271
f 1650//7272 1717//7272 1637//7272
f 1726//7273 1717//7273 1650//7273
f 1662//7274 1726//7274 1650//7274
f 1744//7275 1726//7275 1662//7275
f 1671//7276 1744//7276 1662//7276
f 1752//7277 1744//7277 1671//7277
f 1677//7278 1752//7278 1671//7278
f 1751//7279 1752//7279 1677//7279
f 1679//7280 1751//7280 1677//7280
f 1743//7281 1751//7281 1679//7281
f 1674//7282 1743//7282 1679//7282
f 1725//7283 1743//7283 1674//7283
f 1668//7284 1725//7284 1674//7284
f 1712//7285 1725//7285 1668//7285
f 1657//7286 1712//7286 1668//7286
f 1699//7287 1712//7287 1657//7287
f 1644//7288 1699//7288 1657//7288
f 1686//7289 1699//7289 1644//7289
f 1631//7290 1686//7290 1644//7290
f 1672//7291 1686//7291 1631//7291
f 1614//7292 1672//7292 1631//7292
f 1651//7293 1672//7293 1614//7293
f 1592//7294 1651//7294 1614//7294
f 1632//7295 1651//7295 1592//7295
f 1568//7296 1632//7296 1592//7296
f 1598//7297 1632//7297 1568//7297
f 1534//7298 1598//7298 1568//7298
f 1564//7299 1598//7299 1534//7299
f 1501//7300 1564//7300 1534//7300
f 1509//7301 1564//7301 1501//7301
f 1472//7302 1509//7302 1501//7302
f 1477//7303 1509//7303 1472//7303
f 1445//7304 1477//7304 1472//7304
f 1410//7305 1477//7305 1445//7305
f 1401//7306 1410//7306 1445//7306
f 1374//7307 1410//7307 1401//7307
f 1371//7308 1374//7308 1401//7308
f 1334//7309 1374//7309 1371//7309
f 1339//7310 1334//7310 1371//7310
f 1306//7311 1334//7311 1339//7311
f 1314//7312 1306//7312 1339//7312
f 1282//7313 1306//7313 1314//7313
f 1292//7314 1282//7314 1314//7314
f 1260//7315 1282//7315 1292//7315
f 1275//7316 1260//7316 1292//7316
f 1228//7317 1260//7317 1275//7317
f 1255//7318 1228//7318 1275//7318
f 1209//7319 1228//7319 1255//7319
f 1231//7320 1209//7320 1255//7320
f 1184//7321 1209//7321 1231//7321
f 1210//7322 1184//7322 1231//7322
f 1161//7323 1184//7323 1210//7323
f 1192//7324 1161//7324 1210//7324
f 1141//7325 1161//7325 1192//7325
f 1175//7326 1141//7326 1192//7326
f 1130//7327 1141//7327 1175//7327
f 1159//7328 1130//7328 1175//7328
f 1149//7329 1130//7329 1159//7329
f 1197//7330 1149//7330 1159//7330
f 1145//7331 1149//7331 1197//7331
f 1186//7332 1145//7332 1197//7332
f 1146//7333 1145//7333 1186//7333
f 1187//7334 1146//7334 1186//7334
f 1198//7335 1146//7335 1187//7335
f 1256//7336 1198//7336 1187//7336
f 1448//7337 1492//7337 1406//7337
f 1487//7338 1448//7338 1406//7338
f 1386//7339 1487//7339 1406//7339
f 1337//7340 1386//7340 1406//7340
f 1325//7341 1386//7341 1337//7341
f 1271//7342 1325//7342 1337//7342
f 1369//7343 1325//7343 1271//7343
f 1368//7344 1369//7344 1271//7344
f 1404//7345 1369//7345 1368//7345
f 1432//7346 1404//7346 1368//7346
f 1488//7347 1404//7347 1432//7347
f 1515//7348 1488//7348 1432//7348
f 1610//7349 1488//7349 1515//7349
f 1637//7350 1610//7350 1515//7350
f 1432//7351 1368//7351 1436//7351
f 1462//7352 1432//7352 1436//7352
f 1515//7353 1432//7353 1462//7353
f 1552//7354 1515//7354 1462//7354
f 1637//7355 1515//7355 1552//7355
f 1650//7356 1637//7356 1552//7356
f 1436//7357 1489//7357 1504//7357
f 1484//7358 1436//7358 1504//7358
f 1462//7359 1436//7359 1484//7359
f 1552//7360 1462//7360 1484//7360
f 1489//7361 1531//7361 1546//7361
f 1523//7362 1489//7362 1546//7362
f 1504//7363 1489//7363 1523//7363
f 1594//7364 1504//7364 1523//7364
f 1583//7365 1504//7365 1594//7365
f 1662//7366 1583//7366 1594//7366
f 1650//7367 1583//7367 1662//7367
f 1531//7368 1554//7368 1580//7368
f 1575//7369 1531//7369 1580//7369
f 1561//7370 1531//7370 1575//7370
f 1624//7371 1561//7371 1575//7371
f 1617//7372 1561//7372 1624//7372
f 1679//7373 1617//7373 1624//7373
f 1677//7374 1617//7374 1679//7374
f 1554//7375 1544//7375 1566//7375
f 1579//7376 1554//7376 1566//7376
f 1580//7377 1554//7377 1579//7377
f 1615//7378 1580//7378 1579//7378
f 1621//7379 1580//7379 1615//7379
f 1668//7380 1621//7380 1615//7380
f 1674//7381 1621//7381 1668//7381
f 1544//7382 1505//7382 1529//7382
f 1543//7383 1544//7383 1529//7383
f 1558//7384 1544//7384 1543//7384
f 1584//7385 1558//7385 1543//7385
f 1591//7386 1558//7386 1584//7386
f 1631//7387 1591//7387 1584//7387
f 1644//7388 1591//7388 1631//7388
f 1505//7389 1459//7389 1467//7389
f 1483//7390 1505//7390 1467//7390
f 1500//7391 1505//7391 1483//7391
f 1493//7392 1500//7392 1483//7392
f 1511//7393 1500//7393 1493//7393
f 1534//7394 1511//7394 1493//7394
f 1568//7395 1511//7395 1534//7395
f 1459//7396 1425//7396 1429//7396
f 1455//7397 1459//7397 1429//7397
f 1467//7398 1459//7398 1455//7398
f 1457//7399 1467//7399 1455//7399
f 1475//7400 1467//7400 1457//7400
f 1472//7401 1475//7401 1457//7401
f 1501//7402 1475//7402 1472//7402
f 1425//7403 1393//7403 1385//7403
f 1405//7404 1425//7404 1385//7404
f 1429//7405 1425//7405 1405//7405
f 1428//7406 1429//7406 1405//7406
f 1455//7407 1429//7407 1428//7407
f 1457//7408 1455//7408 1428//7408
f 1354//7409 1385//7409 1393//7409
f 1358//7410 1354//7410 1393//7410
f 1342//7411 1354//7411 1358//7411
f 1320//7412 1342//7412 1358//7412
f 1292//7413 1342//7413 1320//7413
f 1275//7414 1292//7414 1320//7414
f 1302//7415 1320//7415 1358//7415
f 1317//7416 1302//7416 1358//7416
f 1286//7417 1302//7417 1317//7417
f 1273//7418 1286//7418 1317//7418
f 1231//7419 1286//7419 1273//7419
f 1210//7420 1231//7420 1273//7420
f 1253//7421 1273//7421 1317//7421
f 1294//7422 1253//7422 1317//7422
f 1232//7423 1253//7423 1294//7423
f 1280//7424 1232//7424 1294//7424
f 1214//7425 1232//7425 1280//7425
f 1266//7426 1214//7426 1280//7426
f 1206//7427 1214//7427 1266//7427
f 1254//7428 1206//7428 1266//7428
f 1197//7429 1206//7429 1254//7429
f 1244//7430 1197//7430 1254//7430
f 1186//7431 1197//7431 1244//7431
f 1187//7432 1186//7432 1244//7432
f 1187//7433 1244//7433 1245//7433
f 1256//7434 1187//7434 1245//7434
f 1211//7435 1205//7435 1267//7435
f 1281//7436 1211//7436 1267//7436
f 1224//7437 1211//7437 1281//7437
f 1240//7438 1224//7438 1281//7438
f 1203//7439 1224//7439 1240//7439
f 1216//7440 1203//7440 1240//7440
f 1195//7441 1203//7441 1216//7441
f 1213//7442 1195//7442 1216//7442
f 1240//7443 1281//7443 1297//7443
f 1262//7444 1240//7444 1297//7444
f 1216//7445 1240//7445 1262//7445
f 1239//7446 1216//7446 1262//7446
f 1213//7447 1216//7447 1239//7447
f 1241//7448 1213//7448 1239//7448
f 1262//7449 1297//7449 1318//7449
f 1277//7450 1262//7450 1318//7450
f 1239//7451 1262//7451 1277//7451
f 1265//7452 1239//7452 1277//7452
f 1241//7453 1239//7453 1265//7453
f 1272//7454 1241//7454 1265//7454
f 1277//7455 1318//7455 1343//7455
f 1289//7456 1277//7456 1343//7456
f 1265//7457 1277//7457 1289//7457
f 1285//7458 1265//7458 1289//7458
f 1272//7459 1265//7459 1285//7459
f 1291//7460 1272//7460 1285//7460
f 1308//7461 1289//7461 1343//7461
f 1376//7462 1308//7462 1343//7462
f 1330//7463 1308//7463 1376//7463
f 1347//7464 1330//7464 1376//7464
f 1324//7465 1330//7465 1347//7465
f 1348//7466 1324//7466 1347//7466
f 1346//7467 1324//7467 1348//7467
f 1387//7468 1346//7468 1348//7468
f 1362//7469 1347//7469 1376//7469
f 1411//7470 1362//7470 1376//7470
f 1388//7471 1362//7471 1411//7471
f 1413//7472 1388//7472 1411//7472
f 1409//7473 1388//7473 1413//7473
f 1439//7474 1409//7474 1413//7474
f 1458//7475 1409//7475 1439//7475
f 1494//7476 1458//7476 1439//7476
f 1413//7477 1411//7477 1444//7477
f 1437//7478 1413//7478 1444//7478
f 1439//7479 1413//7479 1437//7479
f 1468//7480 1439//7480 1437//7480
f 1494//7481 1439//7481 1468//7481
f 1540//7482 1494//7482 1468//7482
f 1437//7483 1444//7483 1471//7483
f 1463//7484 1437//7484 1471//7484
f 1468//7485 1437//7485 1463//7485
f 1499//7486 1468//7486 1463//7486
f 1540//7487 1468//7487 1499//7487
f 1582//7488 1540//7488 1499//7488
f 1463//7489 1471//7489 1513//7489
f 1485//7490 1463//7490 1513//7490
f 1499//7491 1463//7491 1485//7491
f 1517//7492 1499//7492 1485//7492
f 1582//7493 1499//7493 1517//7493
f 1597//7494 1582//7494 1517//7494
f 1513//7495 1551//7495 1512//7495
f 1503//7496 1513//7496 1512//7496
f 1485//7497 1513//7497 1503//7497
f 1517//7498 1485//7498 1503//7498
f 1551//7499 1550//7499 1567//7499
f 1559//7500 1551//7500 1567//7500
f 1549//7501 1551//7501 1559//7501
f 1595//7502 1549//7502 1559//7502
f 1586//7503 1549//7503 1595//7503
f 1647//7504 1586//7504 1595//7504
f 1638//7505 1586//7505 1647//7505
f 1550//7506 1516//7506 1574//7506
f 1581//7507 1550//7507 1574//7507
f 1578//7508 1550//7508 1581//7508
f 1618//7509 1578//7509 1581//7509
f 1611//7510 1578//7510 1618//7510
f 1670//7511 1611//7511 1618//7511
f 1666//7512 1611//7512 1670//7512
f 1556//7513 1574//7513 1516//7513
f 1478//7514 1556//7514 1516//7514
f 1525//7515 1556//7515 1478//7515
f 1495//7516 1525//7516 1478//7516
f 1570//7517 1525//7517 1495//7517
f 1518//7518 1570//7518 1495//7518
f 1616//7519 1570//7519 1518//7519
f 1577//7520 1616//7520 1518//7520
f 1495//7521 1478//7521 1417//7521
f 1465//7522 1495//7522 1417//7522
f 1518//7523 1495//7523 1465//7523
f 1482//7524 1518//7524 1465//7524
f 1577//7525 1518//7525 1482//7525
f 1514//7526 1577//7526 1482//7526
f 1426//7527 1465//7527 1417//7527
f 1349//7528 1426//7528 1417//7528
f 1394//7529 1426//7529 1349//7529
f 1357//7530 1394//7530 1349//7530
f 1408//7531 1394//7531 1357//7531
f 1367//7532 1408//7532 1357//7532
f 1427//7533 1408//7533 1367//7533
f 1377//7534 1427//7534 1367//7534
f 1357//7535 1349//7535 1229//7535
f 1307//7536 1357//7536 1229//7536
f 1367//7537 1357//7537 1307//7537
f 1309//7538 1367//7538 1307//7538
f 1377//7539 1367//7539 1309//7539
f 1288//7540 1377//7540 1309//7540
f 1247//7541 1307//7541 1229//7541
f 1165//7542 1247//7542 1229//7542
f 1162//7543 1247//7543 1165//7543
f 1104//7544 1162//7544 1165//7544
f 1080//7545 1162//7545 1104//7545
f 1033//7546 1080//7546 1104//7546
f 1003//7547 1080//7547 1033//7547
f 1016//7548 1080//7548 1003//7548
f 970//7549 1016//7549 1003//7549
f 996//7550 1016//7550 970//7550
f 972//7551 996//7551 970//7551
f 987//7552 996//7552 972//7552
f 960//7553 987//7553 972//7553
f 971//7554 987//7554 960//7554
f 942//7555 971//7555 960//7555
f 972//7556 970//7556 940//7556
f 946//7557 972//7557 940//7557
f 960//7558 972//7558 946//7558
f 933//7559 960//7559 946//7559
f 942//7560 960//7560 933//7560
f 903//7561 942//7561 933//7561
f 920//7562 946//7562 940//7562
f 906//7563 920//7563 940//7563
f 888//7564 920//7564 906//7564
f 873//7565 888//7565 906//7565
f 1546//7566 1531//7566 1561//7566
f 1617//7567 1546//7567 1561//7567
f 1607//7568 1546//7568 1617//7568
f 1677//7569 1607//7569 1617//7569
f 1671//7570 1607//7570 1677//7570
f 1566//7571 1544//7571 1558//7571
f 1591//7572 1566//7572 1558//7572
f 1602//7573 1566//7573 1591//7573
f 1644//7574 1602//7574 1591//7574
f 1657//7575 1602//7575 1644//7575
f 1508//7576 1529//7576 1505//7576
f 1500//7577 1508//7577 1505//7577
f 1511//7578 1508//7578 1500//7578
f 1536//7579 1551//7579 1549//7579
f 1586//7580 1536//7580 1549//7580
f 1569//7581 1536//7581 1586//7581
f 1638//7582 1569//7582 1586//7582
f 1625//7583 1569//7583 1638//7583
f 1578//7584 1567//7584 1550//7584
f 895//7585 920//7585 888//7585
f 933//7586 920//7586 895//7586
f 903//7587 933//7587 895//7587
f 933//7588 946//7588 920//7588
f 1001//7589 987//7589 971//7589
f 1099//7590 1118//7590 1048//7590
f 1178//7591 1118//7591 1099//7591
f 1010//7592 987//7592 1001//7592
f 1024//7593 1010//7593 1001//7593
f 1028//7594 1010//7594 1024//7594
f 1075//7595 1028//7595 1024//7595
f 1126//7596 1028//7596 1075//7596
f 1182//7597 1126//7597 1075//7597
f 1218//7598 1126//7598 1182//7598
f 1288//7599 1218//7599 1182//7599
f 1309//7600 1218//7600 1288//7600
f 1178//7601 1185//7601 1118//7601
f 1263//7602 1185//7602 1178//7602
f 1010//7603 1016//7603 996//7603
f 987//7604 1010//7604 996//7604
f 1028//7605 1016//7605 1010//7605
f 1263//7606 1331//7606 1185//7606
f 1397//7607 1331//7607 1263//7607
f 1028//7608 1080//7608 1016//7608
f 1126//7609 1080//7609 1028//7609
f 1397//7610 1430//7610 1331//7610
f 1507//7611 1430//7611 1397//7611
f 1126//7612 1162//7612 1080//7612
f 1218//7613 1162//7613 1126//7613
f 1507//7614 1527//7614 1430//7614
f 1636//7615 1527//7615 1507//7615
f 1218//7616 1247//7616 1162//7616
f 1309//7617 1247//7617 1218//7617
f 1636//7618 1608//7618 1527//7618
f 1689//7619 1608//7619 1636//7619
f 1309//7620 1307//7620 1247//7620
f 1689//7621 1660//7621 1608//7621
f 1742//7622 1660//7622 1689//7622
f 1474//7623 1408//7623 1427//7623
f 1697//7624 1660//7624 1742//7624
f 1808//7625 1697//7625 1742//7625
f 1728//7626 1697//7626 1808//7626
f 1845//7627 1728//7627 1808//7627
f 1792//7628 1728//7628 1845//7628
f 1879//7629 1792//7629 1845//7629
f 1824//7630 1792//7630 1879//7630
f 1911//7631 1824//7631 1879//7631
f 1842//7632 1824//7632 1911//7632
f 1925//7633 1842//7633 1911//7633
f 1856//7634 1842//7634 1925//7634
f 1941//7635 1856//7635 1925//7635
f 1858//7636 1856//7636 1941//7636
f 1942//7637 1858//7637 1941//7637
f 1843//7638 1858//7638 1942//7638
f 1927//7639 1843//7639 1942//7639
f 1837//7640 1843//7640 1927//7640
f 1921//7641 1837//7641 1927//7641
f 1826//7642 1837//7642 1921//7642
f 1915//7643 1826//7643 1921//7643
f 1811//7644 1826//7644 1915//7644
f 1898//7645 1811//7645 1915//7645
f 1789//7646 1811//7646 1898//7646
f 1876//7647 1789//7647 1898//7647
f 1761//7648 1789//7648 1876//7648
f 1865//7649 1761//7649 1876//7649
f 1721//7650 1761//7650 1865//7650
f 1835//7651 1721//7651 1865//7651
f 1698//7652 1721//7652 1835//7652
f 1805//7653 1698//7653 1835//7653
f 1673//7654 1698//7654 1805//7654
f 1756//7655 1673//7655 1805//7655
f 1630//7656 1673//7656 1756//7656
f 1695//7657 1630//7657 1756//7657
f 1563//7658 1630//7658 1695//7658
f 1642//7659 1563//7659 1695//7659
f 1490//7660 1563//7660 1642//7660
f 1573//7661 1490//7661 1642//7661
f 1433//7662 1490//7662 1573//7662
f 1481//7663 1433//7663 1573//7663
f 1378//7664 1433//7664 1481//7664
f 1412//7665 1378//7665 1481//7665
f 1350//7666 1378//7666 1412//7666
f 1380//7667 1350//7667 1412//7667
f 1311//7668 1350//7668 1380//7668
f 1345//7669 1311//7669 1380//7669
f 1279//7670 1311//7670 1345//7670
f 1300//7671 1279//7671 1345//7671
f 1238//7672 1279//7672 1300//7672
f 1261//7673 1238//7673 1300//7673
f 1207//7674 1238//7674 1261//7674
f 1212//7675 1207//7675 1261//7675
f 1174//7676 1207//7676 1212//7676
f 1179//7677 1174//7677 1212//7677
f 1144//7678 1174//7678 1179//7678
f 1143//7679 1144//7679 1179//7679
f 1124//7680 1144//7680 1143//7680
f 1115//7681 1124//7681 1143//7681
f 1100//7682 1124//7682 1115//7682
f 1093//7683 1100//7683 1115//7683
f 1086//7684 1100//7684 1093//7684
f 1073//7685 1086//7685 1093//7685
f 1055//7686 1086//7686 1073//7686
f 1051//7687 1055//7687 1073//7687
f 1039//7688 1055//7688 1051//7688
f 1037//7689 1039//7689 1051//7689
f 1451//7690 1408//7690 1474//7690
f 1514//7691 1451//7691 1474//7691
f 1482//7692 1451//7692 1514//7692
f 1451//7693 1426//7693 1394//7693
f 1408//7694 1451//7694 1394//7694
f 1482//7695 1426//7695 1451//7695
f 1482//7696 1465//7696 1426//7696
f 1645//7697 1570//7697 1616//7697
f 1596//7698 1570//7698 1645//7698
f 1663//7699 1596//7699 1645//7699
f 1612//7700 1596//7700 1663//7700
f 1675//7701 1612//7701 1663//7701
f 1623//7702 1612//7702 1675//7702
f 1678//7703 1623//7703 1675//7703
f 1618//7704 1623//7704 1678//7704
f 1670//7705 1618//7705 1678//7705
f 1596//7706 1556//7706 1525//7706
f 1570//7707 1596//7707 1525//7707
f 1612//7708 1556//7708 1596//7708
f 1612//7709 1574//7709 1556//7709
f 1623//7710 1574//7710 1612//7710
f 1623//7711 1581//7711 1574//7711
f 1618//7712 1581//7712 1623//7712
f 1611//7713 1567//7713 1578//7713
f 1605//7714 1611//7714 1666//7714
f 1658//7715 1605//7715 1666//7715
f 1595//7716 1605//7716 1658//7716
f 1647//7717 1595//7717 1658//7717
f 1605//7718 1559//7718 1567//7718
f 1611//7719 1605//7719 1567//7719
f 1595//7720 1559//7720 1605//7720
f 1512//7721 1551//7721 1536//7721
f 1569//7722 1512//7722 1536//7722
f 1545//7723 1512//7723 1569//7723
f 1625//7724 1545//7724 1569//7724
f 1597//7725 1545//7725 1625//7725
f 1545//7726 1503//7726 1512//7726
f 1517//7727 1503//7727 1545//7727
f 1597//7728 1517//7728 1545//7728
f 1419//7729 1409//7729 1458//7729
f 1382//7730 1409//7730 1419//7730
f 1387//7731 1382//7731 1419//7731
f 1348//7732 1382//7732 1387//7732
f 1382//7733 1362//7733 1388//7733
f 1409//7734 1382//7734 1388//7734
f 1348//7735 1362//7735 1382//7735
f 1319//7736 1324//7736 1346//7736
f 1348//7737 1347//7737 1362//7737
f 1303//7738 1324//7738 1319//7738
f 1291//7739 1303//7739 1319//7739
f 1285//7740 1303//7740 1291//7740
f 1303//7741 1308//7741 1330//7741
f 1324//7742 1303//7742 1330//7742
f 1285//7743 1308//7743 1303//7743
f 1285//7744 1289//7744 1308//7744
f 1173//7745 1203//7745 1195//7745
f 1183//7746 1203//7746 1173//7746
f 1153//7747 1183//7747 1173//7747
f 1171//7748 1183//7748 1153//7748
f 1137//7749 1171//7749 1153//7749
f 1158//7750 1171//7750 1137//7750
f 1129//7751 1158//7751 1137//7751
f 1117//7752 1158//7752 1129//7752
f 1091//7753 1117//7753 1129//7753
f 1085//7754 1117//7754 1091//7754
f 1062//7755 1085//7755 1091//7755
f 1084//7756 1085//7756 1062//7756
f 1061//7757 1084//7757 1062//7757
f 1090//7758 1084//7758 1061//7758
f 1068//7759 1090//7759 1061//7759
f 1087//7760 1090//7760 1068//7760
f 1074//7761 1087//7761 1068//7761
f 1106//7762 1087//7762 1074//7762
f 1096//7763 1106//7763 1074//7763
f 1133//7764 1106//7764 1096//7764
f 1131//7765 1133//7765 1096//7765
f 1163//7766 1133//7766 1131//7766
f 1164//7767 1163//7767 1131//7767
f 1193//7768 1163//7768 1164//7768
f 1202//7769 1193//7769 1164//7769
f 1223//7770 1193//7770 1202//7770
f 1237//7771 1223//7771 1202//7771
f 1264//7772 1223//7772 1237//7772
f 1283//7773 1264//7773 1237//7773
f 1293//7774 1264//7774 1283//7774
f 1322//7775 1293//7775 1283//7775
f 1335//7776 1293//7776 1322//7776
f 1363//7777 1335//7777 1322//7777
f 1365//7778 1335//7778 1363//7778
f 1395//7779 1365//7779 1363//7779
f 1420//7780 1365//7780 1395//7780
f 1466//7781 1420//7781 1395//7781
f 1476//7782 1420//7782 1466//7782
f 1541//7783 1476//7783 1466//7783
f 1619//7784 1476//7784 1541//7784
f 1687//7785 1619//7785 1541//7785
f 1665//7786 1619//7786 1687//7786
f 1738//7787 1665//7787 1687//7787
f 1700//7788 1665//7788 1738//7788
f 1809//7789 1700//7789 1738//7789
f 1739//7790 1700//7790 1809//7790
f 1851//7791 1739//7791 1809//7791
f 1795//7792 1739//7792 1851//7792
f 1883//7793 1795//7793 1851//7793
f 1828//7794 1795//7794 1883//7794
f 1916//7795 1828//7795 1883//7795
f 1855//7796 1828//7796 1916//7796
f 1945//7797 1855//7797 1916//7797
f 1873//7798 1855//7798 1945//7798
f 1959//7799 1873//7799 1945//7799
f 1890//7800 1873//7800 1959//7800
f 1979//7801 1890//7801 1959//7801
f 1912//7802 1890//7802 1979//7802
f 1998//7803 1912//7803 1979//7803
f 1922//7804 1912//7804 1998//7804
f 2013//7805 1922//7805 1998//7805
f 1931//7806 1922//7806 2013//7806
f 2024//7807 1931//7807 2013//7807
f 1943//7808 1931//7808 2024//7808
f 2031//7809 1943//7809 2024//7809
f 1944//7810 1943//7810 2031//7810
f 2030//7811 1944//7811 2031//7811
f 1934//7812 1944//7812 2030//7812
f 2023//7813 1934//7813 2030//7813
f 1924//7814 1934//7814 2023//7814
f 2014//7815 1924//7815 2023//7815
f 1919//7816 1924//7816 2014//7816
f 2000//7817 1919//7817 2014//7817
f 1902//7818 1919//7818 2000//7818
f 1987//7819 1902//7819 2000//7819
f 1875//7820 1902//7820 1987//7820
f 1960//7821 1875//7821 1987//7821
f 1860//7822 1875//7822 1960//7822
f 1935//7823 1860//7823 1960//7823
f 1822//7824 1860//7824 1935//7824
f 1909//7825 1822//7825 1935//7825
f 1769//7826 1822//7826 1909//7826
f 1870//7827 1769//7827 1909//7827
f 1704//7828 1769//7828 1870//7828
f 1818//7829 1704//7829 1870//7829
f 1183//7830 1211//7830 1224//7830
f 1203//7831 1183//7831 1224//7831
f 1171//7832 1211//7832 1183//7832
f 1171//7833 1205//7833 1211//7833
f 1158//7834 1205//7834 1171//7834
f 1158//7835 1150//7835 1205//7835
f 1117//7836 1150//7836 1158//7836
f 1117//7837 1112//7837 1150//7837
f 1085//7838 1112//7838 1117//7838
f 1042//7839 1040//7839 1037//7839
f 1085//7840 1111//7840 1112//7840
f 1084//7841 1111//7841 1085//7841
f 1041//7842 1043//7842 1036//7842
f 1084//7843 1116//7843 1111//7843
f 1090//7844 1116//7844 1084//7844
f 1090//7845 1103//7845 1116//7845
f 1087//7846 1103//7846 1090//7846
f 1159//7847 1206//7847 1197//7847
f 1082//7848 1107//7848 1072//7848
f 1087//7849 1121//7849 1103//7849
f 1106//7850 1121//7850 1087//7850
f 1159//7851 1214//7851 1206//7851
f 1175//7852 1214//7852 1159//7852
f 1106//7853 1140//7853 1121//7853
f 1133//7854 1140//7854 1106//7854
f 1175//7855 1232//7855 1214//7855
f 1192//7856 1232//7856 1175//7856
f 1133//7857 1167//7857 1140//7857
f 1163//7858 1167//7858 1133//7858
f 1192//7859 1253//7859 1232//7859
f 1210//7860 1253//7860 1192//7860
f 1163//7861 1196//7861 1167//7861
f 1193//7862 1196//7862 1163//7862
f 1210//7863 1273//7863 1253//7863
f 1193//7864 1220//7864 1196//7864
f 1223//7865 1220//7865 1193//7865
f 1255//7866 1286//7866 1231//7866
f 1352//7867 1356//7867 1304//7867
f 1290//7868 1352//7868 1304//7868
f 1223//7869 1252//7869 1220//7869
f 1264//7870 1252//7870 1223//7870
f 1255//7871 1302//7871 1286//7871
f 1275//7872 1302//7872 1255//7872
f 1400//7873 1399//7873 1356//7873
f 1352//7874 1400//7874 1356//7874
f 1264//7875 1284//7875 1252//7875
f 1293//7876 1284//7876 1264//7876
f 1275//7877 1320//7877 1302//7877
f 1310//7878 1284//7878 1293//7878
f 1335//7879 1310//7879 1293//7879
f 1344//7880 1310//7880 1335//7880
f 1365//7881 1344//7881 1335//7881
f 1392//7882 1344//7882 1365//7882
f 1420//7883 1392//7883 1365//7883
f 1434//7884 1392//7884 1420//7884
f 1476//7885 1434//7885 1420//7885
f 1535//7886 1434//7886 1476//7886
f 1619//7887 1535//7887 1476//7887
f 1593//7888 1535//7888 1619//7888
f 1665//7889 1593//7889 1619//7889
f 1639//7890 1593//7890 1665//7890
f 1700//7891 1639//7891 1665//7891
f 1669//7892 1639//7892 1700//7892
f 1739//7893 1669//7893 1700//7893
f 1693//7894 1669//7894 1739//7894
f 1795//7895 1693//7895 1739//7895
f 1713//7896 1693//7896 1795//7896
f 1828//7897 1713//7897 1795//7897
f 1747//7898 1713//7898 1828//7898
f 1855//7899 1747//7899 1828//7899
f 1776//7900 1747//7900 1855//7900
f 1873//7901 1776//7901 1855//7901
f 1804//7902 1776//7902 1873//7902
f 1890//7903 1804//7903 1873//7903
f 1825//7904 1804//7904 1890//7904
f 1912//7905 1825//7905 1890//7905
f 1839//7906 1825//7906 1912//7906
f 1922//7907 1839//7907 1912//7907
f 1847//7908 1839//7908 1922//7908
f 1931//7909 1847//7909 1922//7909
f 1859//7910 1847//7910 1931//7910
f 1943//7911 1859//7911 1931//7911
f 1861//7912 1859//7912 1943//7912
f 1944//7913 1861//7913 1943//7913
f 1850//7914 1861//7914 1944//7914
f 1934//7915 1850//7915 1944//7915
f 1840//7916 1850//7916 1934//7916
f 1924//7917 1840//7917 1934//7917
f 1833//7918 1840//7918 1924//7918
f 1919//7919 1833//7919 1924//7919
f 1815//7920 1833//7920 1919//7920
f 1902//7921 1815//7921 1919//7921
f 1788//7922 1815//7922 1902//7922
f 1875//7923 1788//7923 1902//7923
f 1745//7924 1788//7924 1875//7924
f 1860//7925 1745//7925 1875//7925
f 1706//7926 1745//7926 1860//7926
f 1822//7927 1706//7927 1860//7927
f 1676//7928 1706//7928 1822//7928
f 1769//7929 1676//7929 1822//7929
f 1633//7930 1676//7930 1769//7930
f 1704//7931 1633//7931 1769//7931
f 1314//7932 1354//7932 1342//7932
f 1292//7933 1314//7933 1342//7933
f 1339//7934 1354//7934 1314//7934
f 1690//7935 1696//7935 1626//7935
f 1589//7936 1690//7936 1626//7936
f 1385//7937 1354//7937 1339//7937
f 1371//7938 1385//7938 1339//7938
f 1405//7939 1385//7939 1371//7939
f 1401//7940 1405//7940 1371//7940
f 1428//7941 1405//7941 1401//7941
f 1445//7942 1428//7942 1401//7942
f 1457//7943 1428//7943 1445//7943
f 1472//7944 1457//7944 1445//7944
f 1802//7945 1874//7945 1696//7945
f 1690//7946 1802//7946 1696//7946
f 1475//7947 1483//7947 1467//7947
f 1501//7948 1534//7948 1493//7948
f 1475//7949 1501//7949 1493//7949
f 1475//7950 1493//7950 1483//7950
f 1539//7951 1511//7951 1568//7951
f 1592//7952 1539//7952 1568//7952
f 1562//7953 1539//7953 1592//7953
f 1614//7954 1562//7954 1592//7954
f 1584//7955 1562//7955 1614//7955
f 1631//7956 1584//7956 1614//7956
f 1539//7957 1529//7957 1508//7957
f 1511//7958 1539//7958 1508//7958
f 1562//7959 1529//7959 1539//7959
f 1562//7960 1543//7960 1529//7960
f 1584//7961 1543//7961 1562//7961
f 1602//7962 1579//7962 1566//7962
f 1657//7963 1668//7963 1615//7963
f 1602//7964 1657//7964 1615//7964
f 1602//7965 1615//7965 1579//7965
f 1624//7966 1621//7966 1674//7966
f 1679//7967 1624//7967 1674//7967
f 1575//7968 1580//7968 1621//7968
f 1624//7969 1575//7969 1621//7969
f 1607//7970 1523//7970 1546//7970
f 1671//7971 1662//7971 1594//7971
f 1607//7972 1671//7972 1594//7972
f 1607//7973 1594//7973 1523//7973
f 1552//7974 1583//7974 1650//7974
f 1484//7975 1504//7975 1583//7975
f 1552//7976 1484//7976 1583//7976
f 1585//7977 1488//7977 1610//7977
f 1460//7978 1488//7978 1585//7978
f 1537//7979 1460//7979 1585//7979
f 1422//7980 1460//7980 1537//7980
f 1487//7981 1422//7981 1537//7981
f 1386//7982 1422//7982 1487//7982
f 1460//7983 1369//7983 1404//7983
f 1488//7984 1460//7984 1404//7984
f 1422//7985 1369//7985 1460//7985
f 1422//7986 1325//7986 1369//7986
f 1386//7987 1325//7987 1422//7987
f 4007//7988 3783//7988 3945//7988
f 4111//7989 4007//7989 3945//7989
f 4235//7990 4007//7990 4111//7990
f 4094//7991 4007//7991 4235//7991
f 4362//7992 4094//7992 4235//7992
f 4323//7993 4094//7993 4362//7993
f 4524//7994 4323//7994 4362//7994
f 4383//7995 4323//7995 4524//7995
f 4636//7996 4383//7996 4524//7996
f 4621//7997 4383//7997 4636//7997
f 4696//7998 4621//7998 4636//7998
f 4637//7999 4621//7999 4696//7999
f 4746//8000 4637//8000 4696//8000
f 4717//8001 4637//8001 4746//8001
f 4733//8002 4717//8002 4746//8002
f 4657//8003 4717//8003 4733//8003
f 4680//8004 4657//8004 4733//8004
f 4583//8005 4657//8005 4680//8005
f 4626//8006 4583//8006 4680//8006
f 4391//8007 4583//8007 4626//8007
f 4466//8008 4391//8008 4626//8008
f 4262//8009 4391//8009 4466//8009
f 4316//8010 4262//8010 4466//8010
f 4155//8011 4262//8011 4316//8011
f 4210//8012 4155//8012 4316//8012
f 4041//8013 4155//8013 4210//8013
f 4124//8014 4041//8014 4210//8014
f 3909//8015 4041//8015 4124//8015
f 4021//8016 3909//8016 4124//8016
f 3819//8017 3909//8017 4021//8017
f 3910//8018 3819//8018 4021//8018
f 3762//8019 3819//8019 3910//8019
f 3829//8020 3762//8020 3910//8020
f 3713//8021 3762//8021 3829//8021
f 3789//8022 3713//8022 3829//8022
f 3631//8023 3713//8023 3789//8023
f 3734//8024 3631//8024 3789//8024
f 3608//8025 3631//8025 3734//8025
f 3705//8026 3608//8026 3734//8026
f 3592//8027 3608//8027 3705//8027
f 3681//8028 3592//8028 3705//8028
f 3581//8029 3592//8029 3681//8029
f 3655//8030 3581//8030 3681//8030
f 3583//8031 3581//8031 3655//8031
f 3656//8032 3583//8032 3655//8032
f 3589//8033 3583//8033 3656//8033
f 3660//8034 3589//8034 3656//8034
f 3595//8035 3589//8035 3660//8035
f 3683//8036 3595//8036 3660//8036
f 3603//8037 3595//8037 3683//8037
f 3696//8038 3603//8038 3683//8038
f 3619//8039 3603//8039 3696//8039
f 3714//8040 3619//8040 3696//8040
f 3634//8041 3619//8041 3714//8041
f 3728//8042 3634//8042 3714//8042
f 3689//8043 3634//8043 3728//8043
f 3761//8044 3689//8044 3728//8044
f 3722//8045 3689//8045 3761//8045
f 3791//8046 3722//8046 3761//8046
f 3766//8047 3722//8047 3791//8047
f 3823//8048 3766//8048 3791//8048
f 3811//8049 3766//8049 3823//8049
f 3871//8050 3811//8050 3823//8050
f 3868//8051 3811//8051 3871//8051
f 3952//8052 3868//8052 3871//8052
f 3968//8053 3868//8053 3952//8053
f 4027//8054 3968//8054 3952//8054
f 4047//8055 3968//8055 4027//8055
f 4090//8056 4047//8056 4027//8056
f 4120//8057 4047//8057 4090//8057
f 4145//8058 4120//8058 4090//8058
f 4173//8059 4120//8059 4145//8059
f 4188//8060 4173//8060 4145//8060
f 4229//8061 4173//8061 4188//8061
f 4243//8062 4229//8062 4188//8062
f 4286//8063 4229//8063 4243//8063
f 4291//8064 4286//8064 4243//8064
f 4341//8065 4286//8065 4291//8065
f 4339//8066 4341//8066 4291//8066
f 4403//8067 4341//8067 4339//8067
f 4394//8068 4403//8068 4339//8068
f 4439//8069 4403//8069 4394//8069
f 4422//8070 4439//8070 4394//8070
f 4470//8071 4439//8071 4422//8071
f 4450//8072 4470//8072 4422//8072
f 4498//8073 4470//8073 4450//8073
f 4476//8074 4498//8074 4450//8074
f 4517//8075 4498//8075 4476//8075
f 4500//8076 4517//8076 4476//8076
f 4535//8077 4517//8077 4500//8077
f 4510//8078 4535//8078 4500//8078
f 4551//8079 4535//8079 4510//8079
f 4522//8080 4551//8080 4510//8080
f 4557//8081 4551//8081 4522//8081
f 4529//8082 4557//8082 4522//8082
f 4560//8083 4557//8083 4529//8083
f 4533//8084 4560//8084 4529//8084
f 4558//8085 4560//8085 4533//8085
f 4530//8086 4558//8086 4533//8086
f 4553//8087 4558//8087 4530//8087
f 4523//8088 4553//8088 4530//8088
f 4540//8089 4553//8089 4523//8089
f 4513//8090 4540//8090 4523//8090
f 4521//8091 4540//8091 4513//8091
f 4503//8092 4521//8092 4513//8092
f 4506//8093 4521//8093 4503//8093
f 4481//8094 4506//8094 4503//8094
f 4475//8095 4506//8095 4481//8095
f 4459//8096 4475//8096 4481//8096
f 4443//8097 4475//8097 4459//8097
f 4429//8098 4443//8098 4459//8098
f 4399//8099 4443//8099 4429//8099
f 4378//8100 4399//8100 4429//8100
f 4331//8101 4399//8101 4378//8101
f 4311//8102 4331//8102 4378//8102
f 4292//8103 4331//8103 4311//8103
f 4274//8104 4292//8104 4311//8104
f 4254//8105 4292//8105 4274//8105
f 4241//8106 4254//8106 4274//8106
f 4208//8107 4254//8107 4241//8107
f 4206//8108 4208//8108 4241//8108
f 4172//8109 4208//8109 4206//8109
f 4175//8110 4172//8110 4206//8110
f 4135//8111 4172//8111 4175//8111
f 4146//8112 4135//8112 4175//8112
f 4096//8113 4135//8113 4146//8113
f 4117//8114 4096//8114 4146//8114
f 4064//8115 4096//8115 4117//8115
f 4088//8116 4064//8116 4117//8116
f 4026//8117 4064//8117 4088//8117
f 4063//8118 4026//8118 4088//8118
f 3988//8119 4026//8119 4063//8119
f 4034//8120 3988//8120 4063//8120
f 3959//8121 3988//8121 4034//8121
f 4005//8122 3959//8122 4034//8122
f 3878//8123 3959//8123 4005//8123
f 3961//8124 3878//8124 4005//8124
f 3842//8125 3878//8125 3961//8125
f 3907//8126 3842//8126 3961//8126
f 3815//8127 3842//8127 3907//8127
f 3872//8128 3815//8128 3907//8128
f 3796//8129 3815//8129 3872//8129
f 3858//8130 3796//8130 3872//8130
f 3779//8131 3796//8131 3858//8131
f 3841//8132 3779//8132 3858//8132
f 3769//8133 3779//8133 3841//8133
f 3833//8134 3769//8134 3841//8134
f 3765//8135 3769//8135 3833//8135
f 3836//8136 3765//8136 3833//8136
f 3772//8137 3765//8137 3836//8137
f 3851//8138 3772//8138 3836//8138
f 3786//8139 3772//8139 3851//8139
f 3865//8140 3786//8140 3851//8140
f 3802//8141 3786//8141 3865//8141
f 3891//8142 3802//8142 3865//8142
f 3830//8143 3802//8143 3891//8143
f 3954//8144 3830//8144 3891//8144
f 3881//8145 3830//8145 3954//8145
f 4016//8146 3881//8146 3954//8146
f 3972//8147 3881//8147 4016//8147
f 4080//8148 3972//8148 4016//8148
f 4056//8149 3972//8149 4080//8149
f 4140//8150 4056//8150 4080//8150
f 4134//8151 4056//8151 4140//8151
f 4201//8152 4134//8152 4140//8152
f 4207//8153 4134//8153 4201//8153
f 4282//8154 4207//8154 4201//8154
f 4299//8155 4207//8155 4282//8155
f 4373//8156 4299//8156 4282//8156
f 4413//8157 4299//8157 4373//8157
f 4507//8158 4413//8158 4373//8158
f 4572//8159 4413//8159 4507//8159
f 4628//8160 4572//8160 4507//8160
f 4659//8161 4572//8161 4628//8161
f 4687//8162 4659//8162 4628//8162
f 4699//8163 4659//8163 4687//8163
f 4718//8164 4699//8164 4687//8164
f 4739//8165 4699//8165 4718//8165
f 4755//8166 4739//8166 4718//8166
f 4778//8167 4739//8167 4755//8167
f 4793//8168 4778//8168 4755//8168
f 4814//8169 4778//8169 4793//8169
f 4826//8170 4814//8170 4793//8170
f 4856//8171 4814//8171 4826//8171
f 4868//8172 4856//8172 4826//8172
f 4907//8173 4856//8173 4868//8173
f 4914//8174 4907//8174 4868//8174
f 4961//8175 4907//8175 4914//8175
f 4963//8176 4961//8176 4914//8176
f 5014//8177 4961//8177 4963//8177
f 5011//8178 5014//8178 4963//8178
f 5056//8179 5014//8179 5011//8179
f 5052//8180 5056//8180 5011//8180
f 5107//8181 5056//8181 5052//8181
f 5102//8182 5107//8182 5052//8182
f 5157//8183 5107//8183 5102//8183
f 5147//8184 5157//8184 5102//8184
f 5206//8185 5157//8185 5147//8185
f 5192//8186 5206//8186 5147//8186
f 5256//8187 5206//8187 5192//8187
f 5237//8188 5256//8188 5192//8188
f 5312//8189 5256//8189 5237//8189
f 5282//8190 5312//8190 5237//8190
f 5363//8191 5312//8191 5282//8191
f 5328//8192 5363//8192 5282//8192
f 5395//8193 5363//8193 5328//8193
f 5336//8194 5395//8194 5328//8194
f 5295//8195 5336//8195 5328//8195
f 5282//8196 5295//8196 5328//8196
f 5247//8197 5295//8197 5282//8197
f 5237//8198 5247//8198 5282//8198
f 5202//8199 5247//8199 5237//8199
f 5192//8200 5202//8200 5237//8200
f 5159//8201 5202//8201 5192//8201
f 5147//8202 5159//8202 5192//8202
f 5118//8203 5159//8203 5147//8203
f 5102//8204 5118//8204 5147//8204
f 5079//8205 5118//8205 5102//8205
f 5052//8206 5079//8206 5102//8206
f 5030//8207 5079//8207 5052//8207
f 5011//8208 5030//8208 5052//8208
f 4965//8209 5030//8209 5011//8209
f 4963//8210 4965//8210 5011//8210
f 4917//8211 4965//8211 4963//8211
f 4914//8212 4917//8212 4963//8212
f 4881//8213 4917//8213 4914//8213
f 4868//8214 4881//8214 4914//8214
f 4838//8215 4881//8215 4868//8215
f 4826//8216 4838//8216 4868//8216
f 4805//8217 4838//8217 4826//8217
f 4793//8218 4805//8218 4826//8218
f 4771//8219 4805//8219 4793//8219
f 4755//8220 4771//8220 4793//8220
f 4738//8221 4771//8221 4755//8221
f 4718//8222 4738//8222 4755//8222
f 4707//8223 4738//8223 4718//8223
f 4687//8224 4707//8224 4718//8224
f 4652//8225 4707//8225 4687//8225
f 4628//8226 4652//8226 4687//8226
f 4574//8227 4652//8227 4628//8227
f 4507//8228 4574//8228 4628//8228
f 4448//8229 4574//8229 4507//8229
f 4373//8230 4448//8230 4507//8230
f 4343//8231 4448//8231 4373//8231
f 4282//8232 4343//8232 4373//8232
f 4268//8233 4343//8233 4282//8233
f 4201//8234 4268//8234 4282//8234
f 4200//8235 4268//8235 4201//8235
f 4140//8236 4200//8236 4201//8236
f 4151//8237 4200//8237 4140//8237
f 4080//8238 4151//8238 4140//8238
f 4100//8239 4151//8239 4080//8239
f 4016//8240 4100//8240 4080//8240
f 4045//8241 4100//8241 4016//8241
f 3954//8242 4045//8242 4016//8242
f 3992//8243 4045//8243 3954//8243
f 3891//8244 3992//8244 3954//8244
f 3960//8245 3992//8245 3891//8245
f 3865//8246 3960//8246 3891//8246
f 3926//8247 3960//8247 3865//8247
f 3851//8248 3926//8248 3865//8248
f 3901//8249 3926//8249 3851//8249
f 3836//8250 3901//8250 3851//8250
f 3887//8251 3901//8251 3836//8251
f 3833//8252 3887//8252 3836//8252
f 3890//8253 3887//8253 3833//8253
f 3841//8254 3890//8254 3833//8254
f 3902//8255 3890//8255 3841//8255
f 3858//8256 3902//8256 3841//8256
f 3923//8257 3902//8257 3858//8257
f 3872//8258 3923//8258 3858//8258
f 3953//8259 3923//8259 3872//8259
f 3907//8260 3953//8260 3872//8260
f 3983//8261 3953//8261 3907//8261
f 3961//8262 3983//8262 3907//8262
f 4024//8263 3983//8263 3961//8263
f 4005//8264 4024//8264 3961//8264
f 4046//8265 4024//8265 4005//8265
f 4034//8266 4046//8266 4005//8266
f 4071//8267 4046//8267 4034//8267
f 4063//8268 4071//8268 4034//8268
f 4091//8269 4071//8269 4063//8269
f 4088//8270 4091//8270 4063//8270
f 4112//8271 4091//8271 4088//8271
f 4117//8272 4112//8272 4088//8272
f 4137//8273 4112//8273 4117//8273
f 4146//8274 4137//8274 4117//8274
f 4165//8275 4137//8275 4146//8275
f 4175//8276 4165//8276 4146//8276
f 4186//8277 4165//8277 4175//8277
f 4206//8278 4186//8278 4175//8278
f 4218//8279 4186//8279 4206//8279
f 4241//8280 4218//8280 4206//8280
f 4249//8281 4218//8281 4241//8281
f 4274//8282 4249//8282 4241//8282
f 4276//8283 4249//8283 4274//8283
f 4311//8284 4276//8284 4274//8284
f 4342//8285 4276//8285 4311//8285
f 4378//8286 4342//8286 4311//8286
f 4397//8287 4342//8287 4378//8287
f 4429//8288 4397//8288 4378//8288
f 4416//8289 4397//8289 4429//8289
f 4459//8290 4416//8290 4429//8290
f 4441//8291 4416//8291 4459//8291
f 4481//8292 4441//8292 4459//8292
f 4460//8293 4441//8293 4481//8293
f 4503//8294 4460//8294 4481//8294
f 4472//8295 4460//8295 4503//8295
f 4513//8296 4472//8296 4503//8296
f 4482//8297 4472//8297 4513//8297
f 4523//8298 4482//8298 4513//8298
f 4489//8299 4482//8299 4523//8299
f 4530//8300 4489//8300 4523//8300
f 4491//8301 4489//8301 4530//8301
f 4533//8302 4491//8302 4530//8302
f 4488//8303 4491//8303 4533//8303
f 4529//8304 4488//8304 4533//8304
f 4480//8305 4488//8305 4529//8305
f 4522//8306 4480//8306 4529//8306
f 4469//8307 4480//8307 4522//8307
f 4510//8308 4469//8308 4522//8308
f 4457//8309 4469//8309 4510//8309
f 4500//8310 4457//8310 4510//8310
f 4437//8311 4457//8311 4500//8311
f 4476//8312 4437//8312 4500//8312
f 4414//8313 4437//8313 4476//8313
f 4450//8314 4414//8314 4476//8314
f 4393//8315 4414//8315 4450//8315
f 4422//8316 4393//8316 4450//8316
f 4375//8317 4393//8317 4422//8317
f 4394//8318 4375//8318 4422//8318
f 4328//8319 4375//8319 4394//8319
f 4339//8320 4328//8320 4394//8320
f 4289//8321 4328//8321 4339//8321
f 4291//8322 4289//8322 4339//8322
f 4248//8323 4289//8323 4291//8323
f 4243//8324 4248//8324 4291//8324
f 4202//8325 4248//8325 4243//8325
f 4188//8326 4202//8326 4243//8326
f 4167//8327 4202//8327 4188//8327
f 4145//8328 4167//8328 4188//8328
f 4127//8329 4167//8329 4145//8329
f 4090//8330 4127//8330 4145//8330
f 4078//8331 4127//8331 4090//8331
f 4027//8332 4078//8332 4090//8332
f 4019//8333 4078//8333 4027//8333
f 3952//8334 4019//8334 4027//8334
f 3967//8335 4019//8335 3952//8335
f 3871//8336 3967//8336 3952//8336
f 3904//8337 3967//8337 3871//8337
f 3823//8338 3904//8338 3871//8338
f 3864//8339 3904//8339 3823//8339
f 3791//8340 3864//8340 3823//8340
f 3826//8341 3864//8341 3791//8341
f 3761//8342 3826//8342 3791//8342
f 3809//8343 3826//8343 3761//8343
f 3728//8344 3809//8344 3761//8344
f 3798//8345 3809//8345 3728//8345
f 3714//8346 3798//8346 3728//8346
f 3785//8347 3798//8347 3714//8347
f 3696//8348 3785//8348 3714//8348
f 3773//8349 3785//8349 3696//8349
f 3683//8350 3773//8350 3696//8350
f 3768//8351 3773//8351 3683//8351
f 3660//8352 3768//8352 3683//8352
f 3764//8353 3768//8353 3660//8353
f 3656//8354 3764//8354 3660//8354
f 3767//8355 3764//8355 3656//8355
f 3655//8356 3767//8356 3656//8356
f 3780//8357 3767//8357 3655//8357
f 3681//8358 3780//8358 3655//8358
f 3801//8359 3780//8359 3681//8359
f 3705//8360 3801//8360 3681//8360
f 3825//8361 3801//8361 3705//8361
f 3734//8362 3825//8362 3705//8362
f 3882//8363 3825//8363 3734//8363
f 3789//8364 3882//8364 3734//8364
f 3971//8365 3882//8365 3789//8365
f 3829//8366 3971//8366 3789//8366
f 4051//8367 3971//8367 3829//8367
f 3910//8368 4051//8368 3829//8368
f 4129//8369 4051//8369 3910//8369
f 4021//8370 4129//8370 3910//8370
f 4193//8371 4129//8371 4021//8371
f 4124//8372 4193//8372 4021//8372
f 4288//8373 4193//8373 4124//8373
f 4210//8374 4288//8374 4124//8374
f 4395//8375 4288//8375 4210//8375
f 4316//8376 4395//8376 4210//8376
f 4549//8377 4395//8377 4316//8377
f 4466//8378 4549//8378 4316//8378
f 4653//8379 4549//8379 4466//8379
f 4626//8380 4653//8380 4466//8380
f 4701//8381 4653//8381 4626//8381
f 4680//8382 4701//8382 4626//8382
f 4751//8383 4701//8383 4680//8383
f 4733//8384 4751//8384 4680//8384
f 4794//8385 4751//8385 4733//8385
f 4746//8386 4794//8386 4733//8386
f 4810//8387 4751//8387 4794//8387
f 4836//8388 4810//8388 4794//8388
f 4883//8389 4810//8389 4836//8389
f 4883//8390 4918//8390 4885//8390
f 4828//8391 4883//8391 4885//8391
f 4817//8392 4883//8392 4828//8392
f 4768//8393 4817//8393 4828//8393
f 4751//8394 4817//8394 4768//8394
f 4701//8395 4751//8395 4768//8395
f 4912//8396 4885//8396 4918//8396
f 4938//8397 4912//8397 4918//8397
f 4945//8398 4912//8398 4938//8398
f 4912//8399 4945//8399 4948//8399
f 4949//8400 4912//8400 4948//8400
f 4950//8401 4912//8401 4949//8401
f 4912//8402 4950//8402 4951//8402
f 4953//8403 4912//8403 4951//8403
f 4954//8404 4912//8404 4953//8404
f 4912//8405 4954//8405 4956//8405
f 4959//8406 4912//8406 4956//8406
f 4964//8407 4959//8407 4956//8407
f 4968//8408 4959//8408 4964//8408
f 4959//8409 4968//8409 4983//8409
f 4992//8410 4959//8410 4983//8410
f 5000//8411 4959//8411 4992//8411
f 5008//8412 5000//8412 4992//8412
f 5044//8413 5000//8413 5008//8413
f 5031//8414 5044//8414 5008//8414
f 5054//8415 5044//8415 5031//8415
f 5094//8416 5044//8416 5054//8416
f 5101//8417 5094//8417 5054//8417
f 5133//8418 5094//8418 5101//8418
f 5131//8419 5133//8419 5101//8419
f 5179//8420 5133//8420 5131//8420
f 5184//8421 5179//8421 5131//8421
f 5225//8422 5179//8422 5184//8422
f 5226//8423 5225//8423 5184//8423
f 5263//8424 5225//8424 5226//8424
f 5263//8425 5326//8425 5314//8425
f 5267//8426 5263//8426 5314//8426
f 5225//8427 5263//8427 5267//8427
f 5357//8428 5314//8428 5326//8428
f 5380//8429 5357//8429 5326//8429
f 5396//8430 5357//8430 5380//8430
f 5438//8431 5396//8431 5380//8431
f 5491//8432 5396//8432 5438//8432
f 5491//8433 5613//8433 5496//8433
f 5396//8434 5491//8434 5496//8434
f 4885//8435 4912//8435 4870//8435
f 4828//8436 4885//8436 4870//8436
f 4828//8437 4870//8437 4832//8437
f 4801//8438 4828//8438 4832//8438
f 4785//8439 4828//8439 4801//8439
f 4764//8440 4785//8440 4801//8440
f 4741//8441 4785//8441 4764//8441
f 4734//8442 4741//8442 4764//8442
f 4698//8443 4741//8443 4734//8443
f 4673//8444 4698//8444 4734//8444
f 4640//8445 4698//8445 4673//8445
f 4620//8446 4640//8446 4673//8446
f 4556//8447 4640//8447 4620//8447
f 4436//8448 4556//8448 4620//8448
f 4356//8449 4556//8449 4436//8449
f 4270//8450 4356//8450 4436//8450
f 4193//8451 4356//8451 4270//8451
f 4129//8452 4193//8452 4270//8452
f 4436//8453 4620//8453 4492//8453
f 4334//8454 4436//8454 4492//8454
f 4270//8455 4436//8455 4334//8455
f 4192//8456 4270//8456 4334//8456
f 4129//8457 4270//8457 4192//8457
f 4051//8458 4129//8458 4192//8458
f 4334//8459 4492//8459 4369//8459
f 4265//8460 4334//8460 4369//8460
f 4192//8461 4334//8461 4265//8461
f 4138//8462 4192//8462 4265//8462
f 4051//8463 4192//8463 4138//8463
f 3971//8464 4051//8464 4138//8464
f 4265//8465 4369//8465 4283//8465
f 4196//8466 4265//8466 4283//8466
f 4138//8467 4265//8467 4196//8467
f 4079//8468 4138//8468 4196//8468
f 3971//8469 4138//8469 4079//8469
f 3882//8470 3971//8470 4079//8470
f 4196//8471 4283//8471 4212//8471
f 4149//8472 4196//8472 4212//8472
f 4079//8473 4196//8473 4149//8473
f 4017//8474 4079//8474 4149//8474
f 3882//8475 4079//8475 4017//8475
f 3825//8476 3882//8476 4017//8476
f 4149//8477 4212//8477 4157//8477
f 4102//8478 4149//8478 4157//8478
f 4017//8479 4149//8479 4102//8479
f 3950//8480 4017//8480 4102//8480
f 3825//8481 4017//8481 3950//8481
f 3801//8482 3825//8482 3950//8482
f 4102//8483 4157//8483 4104//8483
f 4039//8484 4102//8484 4104//8484
f 3950//8485 4102//8485 4039//8485
f 3880//8486 3950//8486 4039//8486
f 3801//8487 3950//8487 3880//8487
f 3780//8488 3801//8488 3880//8488
f 4039//8489 4104//8489 4050//8489
f 3985//8490 4039//8490 4050//8490
f 3880//8491 4039//8491 3985//8491
f 3859//8492 3880//8492 3985//8492
f 3780//8493 3880//8493 3859//8493
f 3767//8494 3780//8494 3859//8494
f 3985//8495 4050//8495 4001//8495
f 3946//8496 3985//8496 4001//8496
f 3859//8497 3985//8497 3946//8497
f 3838//8498 3859//8498 3946//8498
f 3767//8499 3859//8499 3838//8499
f 3764//8500 3767//8500 3838//8500
f 3946//8501 4001//8501 3966//8501
f 3908//8502 3946//8502 3966//8502
f 3838//8503 3946//8503 3908//8503
f 3832//8504 3838//8504 3908//8504
f 3764//8505 3838//8505 3832//8505
f 3768//8506 3764//8506 3832//8506
f 3898//8507 3908//8507 3966//8507
f 3939//8508 3898//8508 3966//8508
f 3889//8509 3898//8509 3939//8509
f 3920//8510 3889//8510 3939//8510
f 3885//8511 3889//8511 3920//8511
f 3894//8512 3885//8512 3920//8512
f 3847//8513 3885//8513 3894//8513
f 3860//8514 3847//8514 3894//8514
f 3798//8515 3847//8515 3860//8515
f 3809//8516 3798//8516 3860//8516
f 3894//8517 3920//8517 3921//8517
f 3905//8518 3894//8518 3921//8518
f 3860//8519 3894//8519 3905//8519
f 3870//8520 3860//8520 3905//8520
f 3809//8521 3860//8521 3870//8521
f 3826//8522 3809//8522 3870//8522
f 3919//8523 3905//8523 3921//8523
f 3944//8524 3919//8524 3921//8524
f 3947//8525 3919//8525 3944//8525
f 3970//8526 3947//8526 3944//8526
f 3933//8527 3947//8527 3970//8527
f 3974//8528 3933//8528 3970//8528
f 3904//8529 3933//8529 3974//8529
f 3967//8530 3904//8530 3974//8530
f 3970//8531 3944//8531 3973//8531
f 3995//8532 3970//8532 3973//8532
f 3974//8533 3970//8533 3995//8533
f 4011//8534 3974//8534 3995//8534
f 3967//8535 3974//8535 4011//8535
f 4019//8536 3967//8536 4011//8536
f 3995//8537 3973//8537 4012//8537
f 4028//8538 3995//8538 4012//8538
f 4011//8539 3995//8539 4028//8539
f 4060//8540 4011//8540 4028//8540
f 4019//8541 4011//8541 4060//8541
f 4078//8542 4019//8542 4060//8542
f 4067//8543 4028//8543 4012//8543
f 4068//8544 4067//8544 4012//8544
f 4099//8545 4067//8545 4068//8545
f 4132//8546 4099//8546 4068//8546
f 4136//8547 4099//8547 4132//8547
f 4170//8548 4136//8548 4132//8548
f 4167//8549 4136//8549 4170//8549
f 4202//8550 4167//8550 4170//8550
f 4132//8551 4068//8551 4125//8551
f 4164//8552 4132//8552 4125//8552
f 4170//8553 4132//8553 4164//8553
f 4199//8554 4170//8554 4164//8554
f 4202//8555 4170//8555 4199//8555
f 4248//8556 4202//8556 4199//8556
f 4184//8557 4164//8557 4125//8557
f 4174//8558 4184//8558 4125//8558
f 4215//8559 4184//8559 4174//8559
f 4195//8560 4215//8560 4174//8560
f 4246//8561 4215//8561 4195//8561
f 4228//8562 4246//8562 4195//8562
f 4272//8563 4246//8563 4228//8563
f 4258//8564 4272//8564 4228//8564
f 4301//8565 4272//8565 4258//8565
f 4314//8566 4301//8566 4258//8566
f 4355//8567 4301//8567 4314//8567
f 4374//8568 4355//8568 4314//8568
f 4414//8569 4355//8569 4374//8569
f 4437//8570 4414//8570 4374//8570
f 4314//8571 4258//8571 4275//8571
f 4324//8572 4314//8572 4275//8572
f 4374//8573 4314//8573 4324//8573
f 4386//8574 4374//8574 4324//8574
f 4437//8575 4374//8575 4386//8575
f 4457//8576 4437//8576 4386//8576
f 4335//8577 4324//8577 4275//8577
f 4293//8578 4335//8578 4275//8578
f 4346//8579 4335//8579 4293//8579
f 4351//8580 4346//8580 4293//8580
f 4410//8581 4346//8581 4351//8581
f 4417//8582 4410//8582 4351//8582
f 4480//8583 4410//8583 4417//8583
f 4488//8584 4480//8584 4417//8584
f 4351//8585 4293//8585 4302//8585
f 4359//8586 4351//8586 4302//8586
f 4417//8587 4351//8587 4359//8587
f 4427//8588 4417//8588 4359//8588
f 4488//8589 4417//8589 4427//8589
f 4491//8590 4488//8590 4427//8590
f 4302//8591 4308//8591 4368//8591
f 4364//8592 4302//8592 4368//8592
f 4359//8593 4302//8593 4364//8593
f 4427//8594 4359//8594 4364//8594
f 4365//8595 4368//8595 4308//8595
f 4297//8596 4365//8596 4308//8596
f 4361//8597 4365//8597 4297//8597
f 4352//8598 4361//8598 4297//8598
f 4411//8599 4361//8599 4352//8599
f 4402//8600 4411//8600 4352//8600
f 4460//8601 4411//8601 4402//8601
f 4441//8602 4460//8602 4402//8602
f 4352//8603 4297//8603 4284//8603
f 4348//8604 4352//8604 4284//8604
f 4402//8605 4352//8605 4348//8605
f 4387//8606 4402//8606 4348//8606
f 4441//8607 4402//8607 4387//8607
f 4416//8608 4441//8608 4387//8608
f 4284//8609 4264//8609 4325//8609
f 4336//8610 4284//8610 4325//8610
f 4348//8611 4284//8611 4336//8611
f 4387//8612 4348//8612 4336//8612
f 4315//8613 4325//8613 4264//8613
f 4240//8614 4315//8614 4264//8614
f 4303//8615 4315//8615 4240//8615
f 4276//8616 4303//8616 4240//8616
f 4342//8617 4303//8617 4276//8617
f 4276//8618 4240//8618 4211//8618
f 4249//8619 4276//8619 4211//8619
f 4249//8620 4211//8620 4182//8620
f 4218//8621 4249//8621 4182//8621
f 4218//8622 4182//8622 4161//8622
f 4186//8623 4218//8623 4161//8623
f 4165//8624 4186//8624 4161//8624
f 4106//8625 4165//8625 4161//8625
f 4137//8626 4165//8626 4106//8626
f 4112//8627 4137//8627 4106//8627
f 4112//8628 4106//8628 4053//8628
f 4091//8629 4112//8629 4053//8629
f 4071//8630 4091//8630 4053//8630
f 3998//8631 4071//8631 4053//8631
f 4046//8632 4071//8632 3998//8632
f 4024//8633 4046//8633 3998//8633
f 3983//8634 4024//8634 3998//8634
f 3965//8635 3983//8635 3998//8635
f 3953//8636 3983//8636 3965//8636
f 3934//8637 3953//8637 3965//8637
f 3923//8638 3953//8638 3934//8638
f 3916//8639 3923//8639 3934//8639
f 3902//8640 3923//8640 3916//8640
f 3890//8641 3902//8641 3916//8641
f 3890//8642 3916//8642 3927//8642
f 3887//8643 3890//8643 3927//8643
f 3887//8644 3927//8644 3948//8644
f 3901//8645 3887//8645 3948//8645
f 3901//8646 3948//8646 3976//8646
f 3926//8647 3901//8647 3976//8647
f 3926//8648 3976//8648 4013//8648
f 3960//8649 3926//8649 4013//8649
f 3992//8650 3960//8650 4013//8650
f 4066//8651 3992//8651 4013//8651
f 4045//8652 3992//8652 4066//8652
f 4118//8653 4045//8653 4066//8653
f 4100//8654 4045//8654 4118//8654
f 4169//8655 4100//8655 4118//8655
f 4151//8656 4100//8656 4169//8656
f 4231//8657 4151//8657 4169//8657
f 4200//8658 4151//8658 4231//8658
f 4306//8659 4200//8659 4231//8659
f 4268//8660 4200//8660 4306//8660
f 4396//8661 4268//8661 4306//8661
f 4343//8662 4268//8662 4396//8662
f 4526//8663 4343//8663 4396//8663
f 4448//8664 4343//8664 4526//8664
f 4574//8665 4448//8665 4526//8665
f 4574//8666 4526//8666 4630//8666
f 4652//8667 4574//8667 4630//8667
f 4652//8668 4630//8668 4692//8668
f 4707//8669 4652//8669 4692//8669
f 4707//8670 4692//8670 4753//8670
f 4738//8671 4707//8671 4753//8671
f 4771//8672 4738//8672 4753//8672
f 4788//8673 4771//8673 4753//8673
f 4805//8674 4771//8674 4788//8674
f 4819//8675 4805//8675 4788//8675
f 4838//8676 4805//8676 4819//8676
f 4852//8677 4838//8677 4819//8677
f 4881//8678 4838//8678 4852//8678
f 4898//8679 4881//8679 4852//8679
f 4917//8680 4881//8680 4898//8680
f 4935//8681 4917//8681 4898//8681
f 4965//8682 4917//8682 4935//8682
f 4981//8683 4965//8683 4935//8683
f 5030//8684 4965//8684 4981//8684
f 5363//8685 5395//8685 5467//8685
f 5392//8686 5363//8686 5467//8686
f 5312//8687 5363//8687 5392//8687
f 5335//8688 5312//8688 5392//8688
f 5256//8689 5312//8689 5335//8689
f 5278//8690 5256//8690 5335//8690
f 5206//8691 5256//8691 5278//8691
f 5227//8692 5206//8692 5278//8692
f 5157//8693 5206//8693 5227//8693
f 5173//8694 5157//8694 5227//8694
f 5107//8695 5157//8695 5173//8695
f 5119//8696 5107//8696 5173//8696
f 5056//8697 5107//8697 5119//8697
f 5067//8698 5056//8698 5119//8698
f 5014//8699 5056//8699 5067//8699
f 5016//8700 5014//8700 5067//8700
f 4961//8701 5014//8701 5016//8701
f 4955//8702 4961//8702 5016//8702
f 4907//8703 4961//8703 4955//8703
f 4900//8704 4907//8704 4955//8704
f 4856//8705 4907//8705 4900//8705
f 4846//8706 4856//8706 4900//8706
f 4814//8707 4856//8707 4846//8707
f 4804//8708 4814//8708 4846//8708
f 4778//8709 4814//8709 4804//8709
f 4760//8710 4778//8710 4804//8710
f 4739//8711 4778//8711 4760//8711
f 4716//8712 4739//8712 4760//8712
f 4699//8713 4739//8713 4716//8713
f 4678//8714 4699//8714 4716//8714
f 4659//8715 4699//8715 4678//8715
f 4633//8716 4659//8716 4678//8716
f 4572//8717 4659//8717 4633//8717
f 4494//8718 4572//8718 4633//8718
f 4413//8719 4572//8719 4494//8719
f 4332//8720 4413//8720 4494//8720
f 4299//8721 4413//8721 4332//8721
f 4223//8722 4299//8722 4332//8722
f 4207//8723 4299//8723 4223//8723
f 4133//8724 4207//8724 4223//8724
f 4134//8725 4207//8725 4133//8725
f 4030//8726 4134//8726 4133//8726
f 4056//8727 4134//8727 4030//8727
f 3915//8728 4056//8728 4030//8728
f 3972//8729 4056//8729 3915//8729
f 3834//8730 3972//8730 3915//8730
f 3881//8731 3972//8731 3834//8731
f 3788//8732 3881//8732 3834//8732
f 3830//8733 3881//8733 3788//8733
f 3738//8734 3830//8734 3788//8734
f 3802//8735 3830//8735 3738//8735
f 3709//8736 3802//8736 3738//8736
f 3786//8737 3802//8737 3709//8737
f 3686//8738 3786//8738 3709//8738
f 3772//8739 3786//8739 3686//8739
f 3658//8740 3772//8740 3686//8740
f 3765//8741 3772//8741 3658//8741
f 3654//8742 3765//8742 3658//8742
f 3769//8743 3765//8743 3654//8743
f 3661//8744 3769//8744 3654//8744
f 3779//8745 3769//8745 3661//8745
f 3688//8746 3779//8746 3661//8746
f 3796//8747 3779//8747 3688//8747
f 3710//8748 3796//8748 3688//8748
f 3815//8749 3796//8749 3710//8749
f 3730//8750 3815//8750 3710//8750
f 3842//8751 3815//8751 3730//8751
f 3770//8752 3842//8752 3730//8752
f 3878//8753 3842//8753 3770//8753
f 3808//8754 3878//8754 3770//8754
f 3959//8755 3878//8755 3808//8755
f 3867//8756 3959//8756 3808//8756
f 3988//8757 3959//8757 3867//8757
f 3906//8758 3988//8758 3867//8758
f 4026//8759 3988//8759 3906//8759
f 3963//8760 4026//8760 3906//8760
f 4064//8761 4026//8761 3963//8761
f 4004//8762 4064//8762 3963//8762
f 4096//8763 4064//8763 4004//8763
f 4057//8764 4096//8764 4004//8764
f 4135//8765 4096//8765 4057//8765
f 4108//8766 4135//8766 4057//8766
f 4172//8767 4135//8767 4108//8767
f 4156//8768 4172//8768 4108//8768
f 4208//8769 4172//8769 4156//8769
f 4190//8770 4208//8770 4156//8770
f 4254//8771 4208//8771 4190//8771
f 4247//8772 4254//8772 4190//8772
f 4292//8773 4254//8773 4247//8773
f 4294//8774 4292//8774 4247//8774
f 4331//8775 4292//8775 4294//8775
f 4345//8776 4331//8776 4294//8776
f 4399//8777 4331//8777 4345//8777
f 4408//8778 4399//8778 4345//8778
f 4443//8779 4399//8779 4408//8779
f 4447//8780 4443//8780 4408//8780
f 4475//8781 4443//8781 4447//8781
f 4486//8782 4475//8782 4447//8782
f 4506//8783 4475//8783 4486//8783
f 4512//8784 4506//8784 4486//8784
f 4521//8785 4506//8785 4512//8785
f 4538//8786 4521//8786 4512//8786
f 4540//8787 4521//8787 4538//8787
f 4555//8788 4540//8788 4538//8788
f 4553//8789 4540//8789 4555//8789
f 4570//8790 4553//8790 4555//8790
f 4558//8791 4553//8791 4570//8791
f 4580//8792 4558//8792 4570//8792
f 4560//8793 4558//8793 4580//8793
f 4582//8794 4560//8794 4580//8794
f 4557//8795 4560//8795 4582//8795
f 4579//8796 4557//8796 4582//8796
f 4551//8797 4557//8797 4579//8797
f 4567//8798 4551//8798 4579//8798
f 4535//8799 4551//8799 4567//8799
f 4554//8800 4535//8800 4567//8800
f 4517//8801 4535//8801 4554//8801
f 4534//8802 4517//8802 4554//8802
f 4498//8803 4517//8803 4534//8803
f 4509//8804 4498//8804 4534//8804
f 4470//8805 4498//8805 4509//8805
f 4479//8806 4470//8806 4509//8806
f 4439//8807 4470//8807 4479//8807
f 4444//8808 4439//8808 4479//8808
f 4403//8809 4439//8809 4444//8809
f 4406//8810 4403//8810 4444//8810
f 4341//8811 4403//8811 4406//8811
f 4333//8812 4341//8812 4406//8812
f 4286//8813 4341//8813 4333//8813
f 4269//8814 4286//8814 4333//8814
f 4229//8815 4286//8815 4269//8815
f 4205//8816 4229//8816 4269//8816
f 4173//8817 4229//8817 4205//8817
f 4143//8818 4173//8818 4205//8818
f 4120//8819 4173//8819 4143//8819
f 4075//8820 4120//8820 4143//8820
f 4047//8821 4120//8821 4075//8821
f 3982//8822 4047//8822 4075//8822
f 3968//8823 4047//8823 3982//8823
f 3876//8824 3968//8824 3982//8824
f 3868//8825 3968//8825 3876//8825
f 3804//8826 3868//8826 3876//8826
f 3811//8827 3868//8827 3804//8827
f 3747//8828 3811//8828 3804//8828
f 3766//8829 3811//8829 3747//8829
f 3694//8830 3766//8830 3747//8830
f 3722//8831 3766//8831 3694//8831
f 3624//8832 3722//8832 3694//8832
f 3689//8833 3722//8833 3624//8833
f 3598//8834 3689//8834 3624//8834
f 3634//8835 3689//8835 3598//8835
f 3567//8836 3634//8836 3598//8836
f 3619//8837 3634//8837 3567//8837
f 3555//8838 3619//8838 3567//8838
f 3603//8839 3619//8839 3555//8839
f 3543//8840 3603//8840 3555//8840
f 3595//8841 3603//8841 3543//8841
f 3532//8842 3595//8842 3543//8842
f 3589//8843 3595//8843 3532//8843
f 3525//8844 3589//8844 3532//8844
f 3583//8845 3589//8845 3525//8845
f 3522//8846 3583//8846 3525//8846
f 3581//8847 3583//8847 3522//8847
f 3520//8848 3581//8848 3522//8848
f 3592//8849 3581//8849 3520//8849
f 3529//8850 3592//8850 3520//8850
f 3608//8851 3592//8851 3529//8851
f 3548//8852 3608//8852 3529//8852
f 3631//8853 3608//8853 3548//8853
f 3564//8854 3631//8854 3548//8854
f 3713//8855 3631//8855 3564//8855
f 3612//8856 3713//8856 3564//8856
f 3762//8857 3713//8857 3612//8857
f 3662//8858 3762//8858 3612//8858
f 3819//8859 3762//8859 3662//8859
f 3742//8860 3819//8860 3662//8860
f 3909//8861 3819//8861 3742//8861
f 3816//8862 3909//8862 3742//8862
f 4041//8863 3909//8863 3816//8863
f 3942//8864 4041//8864 3816//8864
f 4155//8865 4041//8865 3942//8865
f 4083//8866 4155//8866 3942//8866
f 4262//8867 4155//8867 4083//8867
f 4194//8868 4262//8868 4083//8868
f 4391//8869 4262//8869 4194//8869
f 4329//8870 4391//8870 4194//8870
f 4583//8871 4391//8871 4329//8871
f 4520//8872 4583//8872 4329//8872
f 4657//8873 4583//8873 4520//8873
f 4637//8874 4657//8874 4520//8874
f 4717//8875 4657//8875 4637//8875
f 5429//8876 5392//8876 5467//8876
f 5550//8877 5429//8877 5467//8877
f 5455//8878 5429//8878 5550//8878
f 5481//8879 5455//8879 5550//8879
f 5381//8880 5455//8880 5481//8880
f 5399//8881 5381//8881 5481//8881
f 5316//8882 5381//8882 5399//8882
f 5329//8883 5316//8883 5399//8883
f 5251//8884 5316//8884 5329//8884
f 5264//8885 5251//8885 5329//8885
f 5191//8886 5251//8886 5264//8886
f 5197//8887 5191//8887 5264//8887
f 5128//8888 5191//8888 5197//8888
f 5132//8889 5128//8889 5197//8889
f 5074//8890 5128//8890 5132//8890
f 5077//8891 5074//8891 5132//8891
f 5013//8892 5074//8892 5077//8892
f 5009//8893 5013//8893 5077//8893
f 4940//8894 5013//8894 5009//8894
f 4936//8895 4940//8895 5009//8895
f 4887//8896 4940//8896 4936//8896
f 4875//8897 4887//8897 4936//8897
f 4829//8898 4887//8898 4875//8898
f 4818//8899 4829//8899 4875//8899
f 4781//8900 4829//8900 4818//8900
f 4766//8901 4781//8901 4818//8901
f 4729//8902 4781//8902 4766//8902
f 4715//8903 4729//8903 4766//8903
f 4685//8904 4729//8904 4715//8904
f 4664//8905 4685//8905 4715//8905
f 4635//8906 4685//8906 4664//8906
f 4618//8907 4635//8907 4664//8907
f 4559//8908 4635//8908 4618//8908
f 4499//8909 4559//8909 4618//8909
f 4354//8910 4559//8910 4499//8910
f 4298//8911 4354//8911 4499//8911
f 4219//8912 4354//8912 4298//8912
f 4160//8913 4219//8913 4298//8913
f 4097//8914 4219//8914 4160//8914
f 4009//8915 4097//8915 4160//8915
f 3957//8916 4097//8916 4009//8916
f 3849//8917 3957//8917 4009//8917
f 3822//8918 3957//8918 3849//8918
f 3753//8919 3822//8919 3849//8919
f 3748//8920 3822//8920 3753//8920
f 3644//8921 3748//8921 3753//8921
f 3664//8922 3748//8922 3644//8922
f 3590//8923 3664//8923 3644//8923
f 3611//8924 3664//8924 3590//8924
f 3549//8925 3611//8925 3590//8925
f 3568//8926 3611//8926 3549//8926
f 3509//8927 3568//8927 3549//8927
f 3551//8928 3568//8928 3509//8928
f 3490//8929 3551//8929 3509//8929
f 3533//8930 3551//8930 3490//8930
f 3475//8931 3533//8931 3490//8931
f 3524//8932 3533//8932 3475//8932
f 3460//8933 3524//8933 3475//8933
f 3521//8934 3524//8934 3460//8934
f 3454//8935 3521//8935 3460//8935
f 3527//8936 3521//8936 3454//8936
f 3464//8937 3527//8937 3454//8937
f 3538//8938 3527//8938 3464//8938
f 3478//8939 3538//8939 3464//8939
f 3552//8940 3538//8940 3478//8940
f 3492//8941 3552//8941 3478//8941
f 3571//8942 3552//8942 3492//8942
f 3510//8943 3571//8943 3492//8943
f 3607//8944 3571//8944 3510//8944
f 3546//8945 3607//8945 3510//8945
f 3657//8946 3607//8946 3546//8946
f 3582//8947 3657//8947 3546//8947
f 3733//8948 3657//8948 3582//8948
f 3636//8949 3733//8949 3582//8949
f 3774//8950 3733//8950 3636//8950
f 3703//8951 3774//8951 3636//8951
f 3814//8952 3774//8952 3703//8952
f 3743//8953 3814//8953 3703//8953
f 3861//8954 3814//8954 3743//8954
f 3794//8955 3861//8955 3743//8955
f 3922//8956 3861//8956 3794//8956
f 3840//8957 3922//8957 3794//8957
f 4008//8958 3922//8958 3840//8958
f 3929//8959 4008//8959 3840//8959
f 4087//8960 4008//8960 3929//8960
f 4032//8961 4087//8961 3929//8961
f 4153//8962 4087//8962 4032//8962
f 4116//8963 4153//8963 4032//8963
f 4213//8964 4153//8964 4116//8964
f 4181//8965 4213//8965 4116//8965
f 4278//8966 4213//8966 4181//8966
f 4260//8967 4278//8967 4181//8967
f 4338//8968 4278//8968 4260//8968
f 4327//8969 4338//8969 4260//8969
f 4405//8970 4338//8970 4327//8970
f 4389//8971 4405//8971 4327//8971
f 4440//8972 4405//8972 4389//8972
f 4420//8973 4440//8973 4389//8973
f 4484//8974 4440//8974 4420//8974
f 4473//8975 4484//8975 4420//8975
f 4518//8976 4484//8976 4473//8976
f 4511//8977 4518//8977 4473//8977
f 4552//8978 4518//8978 4511//8978
f 4547//8979 4552//8979 4511//8979
f 4575//8980 4552//8980 4547//8980
f 4573//8981 4575//8981 4547//8981
f 4593//8982 4575//8982 4573//8982
f 4595//8983 4593//8983 4573//8983
f 4605//8984 4593//8984 4595//8984
f 4608//8985 4605//8985 4595//8985
f 4610//8986 4605//8986 4608//8986
f 4611//8987 4610//8987 4608//8987
f 4602//8988 4610//8988 4611//8988
f 4607//8989 4602//8989 4611//8989
f 4590//8990 4602//8990 4607//8990
f 4592//8991 4590//8991 4607//8991
f 4571//8992 4590//8992 4592//8992
f 4569//8993 4571//8993 4592//8993
f 4546//8994 4571//8994 4569//8994
f 4542//8995 4546//8995 4569//8995
f 4514//8996 4546//8996 4542//8996
f 4508//8997 4514//8997 4542//8997
f 4477//8998 4514//8998 4508//8998
f 4467//8999 4477//8999 4508//8999
f 4432//9000 4477//9000 4467//9000
f 4412//9001 4432//9001 4467//9001
f 4384//9002 4432//9002 4412//9002
f 4371//9003 4384//9003 4412//9003
f 4305//9004 4384//9004 4371//9004
f 4281//9005 4305//9005 4371//9005
f 4224//9006 4305//9006 4281//9006
f 4187//9007 4224//9007 4281//9007
f 4142//9008 4224//9008 4187//9008
f 4098//9009 4142//9009 4187//9009
f 4055//9010 4142//9010 4098//9010
f 3979//9011 4055//9011 4098//9011
f 3938//9012 4055//9012 3979//9012
f 3850//9013 3938//9013 3979//9013
f 3818//9014 3938//9014 3850//9014
f 3756//9015 3818//9015 3850//9015
f 3741//9016 3818//9016 3756//9016
f 3643//9017 3741//9017 3756//9017
f 3635//9018 3741//9018 3643//9018
f 3565//9019 3635//9019 3643//9019
f 3578//9020 3635//9020 3565//9020
f 3515//9021 3578//9021 3565//9021
f 3537//9022 3578//9022 3515//9022
f 3476//9023 3537//9023 3515//9023
f 3497//9024 3537//9024 3476//9024
f 3429//9025 3497//9025 3476//9025
f 3474//9026 3497//9026 3429//9026
f 3399//9027 3474//9027 3429//9027
f 3438//9028 3474//9028 3399//9028
f 3365//9029 3438//9029 3399//9029
f 3422//9030 3438//9030 3365//9030
f 3343//9031 3422//9031 3365//9031
f 3411//9032 3422//9032 3343//9032
f 3332//9033 3411//9033 3343//9033
f 3397//9034 3411//9034 3332//9034
f 3319//9035 3397//9035 3332//9035
f 3390//9036 3397//9036 3319//9036
f 3314//9037 3390//9037 3319//9037
f 3386//9038 3390//9038 3314//9038
f 3309//9039 3386//9039 3314//9039
f 3387//9040 3386//9040 3309//9040
f 3312//9041 3387//9041 3309//9041
f 3395//9042 3387//9042 3312//9042
f 3324//9043 3395//9043 3312//9043
f 3415//9044 3395//9044 3324//9044
f 3341//9045 3415//9045 3324//9045
f 3442//9046 3415//9046 3341//9046
f 3377//9047 3442//9047 3341//9047
f 3491//9048 3442//9048 3377//9048
f 3421//9049 3491//9049 3377//9049
f 3526//9050 3491//9050 3421//9050
f 3467//9051 3526//9051 3421//9051
f 3572//9052 3526//9052 3467//9052
f 3513//9053 3572//9053 3467//9053
f 3639//9054 3572//9054 3513//9054
f 3573//9055 3639//9055 3513//9055
f 3760//9056 3639//9056 3573//9056
f 3663//9057 3760//9057 3573//9057
f 3874//9058 3760//9058 3663//9058
f 3799//9059 3874//9059 3663//9059
f 4070//9060 3874//9060 3799//9060
f 3975//9061 4070//9061 3799//9061
f 4217//9062 4070//9062 3975//9062
f 4159//9063 4217//9063 3975//9063
f 4383//9064 4217//9064 4159//9064
f 4323//9065 4383//9065 4159//9065
f 5481//9066 5550//9066 5623//9066
f 5509//9067 5481//9067 5623//9067
f 5399//9068 5481//9068 5509//9068
f 5421//9069 5399//9069 5509//9069
f 5329//9070 5399//9070 5421//9070
f 5344//9071 5329//9071 5421//9071
f 5264//9072 5329//9072 5344//9072
f 5272//9073 5264//9073 5344//9073
f 5197//9074 5264//9074 5272//9074
f 5201//9075 5197//9075 5272//9075
f 5132//9076 5197//9076 5201//9076
f 5138//9077 5132//9077 5201//9077
f 5077//9078 5132//9078 5138//9078
f 5078//9079 5077//9079 5138//9079
f 5009//9080 5077//9080 5078//9080
f 5003//9081 5009//9081 5078//9081
f 4936//9082 5009//9082 5003//9082
f 4930//9083 4936//9083 5003//9083
f 4875//9084 4936//9084 4930//9084
f 4863//9085 4875//9085 4930//9085
f 4818//9086 4875//9086 4863//9086
f 4812//9087 4818//9087 4863//9087
f 4766//9088 4818//9088 4812//9088
f 4752//9089 4766//9089 4812//9089
f 4715//9090 4766//9090 4752//9090
f 4700//9091 4715//9091 4752//9091
f 4664//9092 4715//9092 4700//9092
f 4649//9093 4664//9093 4700//9093
f 4618//9094 4664//9094 4649//9094
f 4562//9095 4618//9095 4649//9095
f 4499//9096 4618//9096 4562//9096
f 4426//9097 4499//9097 4562//9097
f 4298//9098 4499//9098 4426//9098
f 4242//9099 4298//9099 4426//9099
f 4160//9100 4298//9100 4242//9100
f 4092//9101 4160//9101 4242//9101
f 4009//9102 4160//9102 4092//9102
f 3896//9103 4009//9103 4092//9103
f 3849//9104 4009//9104 3896//9104
f 3771//9105 3849//9105 3896//9105
f 3753//9106 3849//9106 3771//9106
f 3651//9107 3753//9107 3771//9107
f 3644//9108 3753//9108 3651//9108
f 3575//9109 3644//9109 3651//9109
f 3590//9110 3644//9110 3575//9110
f 3528//9111 3590//9111 3575//9111
f 3549//9112 3590//9112 3528//9112
f 3489//9113 3549//9113 3528//9113
f 3509//9114 3549//9114 3489//9114
f 3445//9115 3509//9115 3489//9115
f 3490//9116 3509//9116 3445//9116
f 3419//9117 3490//9117 3445//9117
f 3475//9118 3490//9118 3419//9118
f 3404//9119 3475//9119 3419//9119
f 3460//9120 3475//9120 3404//9120
f 3391//9121 3460//9121 3404//9121
f 3454//9122 3460//9122 3391//9122
f 3385//9123 3454//9123 3391//9123
f 3464//9124 3454//9124 3385//9124
f 3392//9125 3464//9125 3385//9125
f 3478//9126 3464//9126 3392//9126
f 3405//9127 3478//9127 3392//9127
f 3492//9128 3478//9128 3405//9128
f 3418//9129 3492//9129 3405//9129
f 3510//9130 3492//9130 3418//9130
f 3440//9131 3510//9131 3418//9131
f 3546//9132 3510//9132 3440//9132
f 3483//9133 3546//9133 3440//9133
f 3582//9134 3546//9134 3483//9134
f 3519//9135 3582//9135 3483//9135
f 3636//9136 3582//9136 3519//9136
f 3566//9137 3636//9137 3519//9137
f 3703//9138 3636//9138 3566//9138
f 3606//9139 3703//9139 3566//9139
f 3743//9140 3703//9140 3606//9140
f 3648//9141 3743//9141 3606//9141
f 3794//9142 3743//9142 3648//9142
f 3719//9143 3794//9143 3648//9143
f 3840//9144 3794//9144 3719//9144
f 3775//9145 3840//9145 3719//9145
f 3929//9146 3840//9146 3775//9146
f 3846//9147 3929//9147 3775//9147
f 4032//9148 3929//9148 3846//9148
f 3958//9149 4032//9149 3846//9149
f 4116//9150 4032//9150 3958//9150
f 4065//9151 4116//9151 3958//9151
f 4181//9152 4116//9152 4065//9152
f 4152//9153 4181//9153 4065//9153
f 4260//9154 4181//9154 4152//9154
f 4230//9155 4260//9155 4152//9155
f 4327//9156 4260//9156 4230//9156
f 4312//9157 4327//9157 4230//9157
f 4389//9158 4327//9158 4312//9158
f 4376//9159 4389//9159 4312//9159
f 4420//9160 4389//9160 4376//9160
f 4398//9161 4420//9161 4376//9161
f 4473//9162 4420//9162 4398//9162
f 4455//9163 4473//9163 4398//9163
f 4511//9164 4473//9164 4455//9164
f 4504//9165 4511//9165 4455//9165
f 4547//9166 4511//9166 4504//9166
f 4537//9167 4547//9167 4504//9167
f 4573//9168 4547//9168 4537//9168
f 4566//9169 4573//9169 4537//9169
f 4595//9170 4573//9170 4566//9170
f 4589//9171 4595//9171 4566//9171
f 4608//9172 4595//9172 4589//9172
f 4604//9173 4608//9173 4589//9173
f 4611//9174 4608//9174 4604//9174
f 4609//9175 4611//9175 4604//9175
f 4607//9176 4611//9176 4609//9176
f 4600//9177 4607//9177 4609//9177
f 4592//9178 4607//9178 4600//9178
f 4587//9179 4592//9179 4600//9179
f 4569//9180 4592//9180 4587//9180
f 4563//9181 4569//9181 4587//9181
f 4542//9182 4569//9182 4563//9182
f 4531//9183 4542//9183 4563//9183
f 4508//9184 4542//9184 4531//9184
f 4495//9185 4508//9185 4531//9185
f 4467//9186 4508//9186 4495//9186
f 4445//9187 4467//9187 4495//9187
f 4412//9188 4467//9188 4445//9188
f 4388//9189 4412//9189 4445//9189
f 4371//9190 4412//9190 4388//9190
f 4340//9191 4371//9191 4388//9191
f 4281//9192 4371//9192 4340//9192
f 4252//9193 4281//9193 4340//9193
f 4187//9194 4281//9194 4252//9194
f 4154//9195 4187//9195 4252//9195
f 4098//9196 4187//9196 4154//9196
f 4036//9197 4098//9197 4154//9197
f 3979//9198 4098//9198 4036//9198
f 3877//9199 3979//9199 4036//9199
f 3850//9200 3979//9200 3877//9200
f 3782//9201 3850//9201 3877//9201
f 3756//9202 3850//9202 3782//9202
f 3659//9203 3756//9203 3782//9203
f 3643//9204 3756//9204 3659//9204
f 3574//9205 3643//9205 3659//9205
f 3565//9206 3643//9206 3574//9206
f 3506//9207 3565//9207 3574//9207
f 3515//9208 3565//9208 3506//9208
f 3449//9209 3515//9209 3506//9209
f 3476//9210 3515//9210 3449//9210
f 3403//9211 3476//9211 3449//9211
f 3429//9212 3476//9212 3403//9212
f 3353//9213 3429//9213 3403//9213
f 3399//9214 3429//9214 3353//9214
f 3320//9215 3399//9215 3353//9215
f 3365//9216 3399//9216 3320//9216
f 3295//9217 3365//9217 3320//9217
f 3343//9218 3365//9218 3295//9218
f 3281//9219 3343//9219 3295//9219
f 3332//9220 3343//9220 3281//9220
f 3267//9221 3332//9221 3281//9221
f 3319//9222 3332//9222 3267//9222
f 3259//9223 3319//9223 3267//9223
f 3314//9224 3319//9224 3259//9224
f 3251//9225 3314//9225 3259//9225
f 3309//9226 3314//9226 3251//9226
f 3246//9227 3309//9227 3251//9227
f 3312//9228 3309//9228 3246//9228
f 3248//9229 3312//9229 3246//9229
f 3324//9230 3312//9230 3248//9230
f 3263//9231 3324//9231 3248//9231
f 3341//9232 3324//9232 3263//9232
f 3284//9233 3341//9233 3263//9233
f 3377//9234 3341//9234 3284//9234
f 3308//9235 3377//9235 3284//9235
f 3421//9236 3377//9236 3308//9236
f 3351//9237 3421//9237 3308//9237
f 3467//9238 3421//9238 3351//9238
f 3408//9239 3467//9239 3351//9239
f 3513//9240 3467//9240 3408//9240
f 3453//9241 3513//9241 3408//9241
f 3573//9242 3513//9242 3453//9242
f 3516//9243 3573//9243 3453//9243
f 3663//9244 3573//9244 3516//9244
f 3593//9245 3663//9245 3516//9245
f 3799//9246 3663//9246 3593//9246
f 3720//9247 3799//9247 3593//9247
f 3975//9248 3799//9248 3720//9248
f 3866//9249 3975//9249 3720//9249
f 4159//9250 3975//9250 3866//9250
f 4094//9251 4159//9251 3866//9251
f 4323//9252 4159//9252 4094//9252
f 5509//9253 5623//9253 5520//9253
f 5421//9254 5509//9254 5520//9254
f 5520//9255 5624//9255 5626//9255
f 5627//9256 5520//9256 5626//9256
f 5628//9257 5520//9257 5627//9257
f 5520//9258 5628//9258 5514//9258
f 5421//9259 5520//9259 5514//9259
f 5439//9260 5421//9260 5514//9260
f 5422//9261 5439//9261 5514//9261
f 5361//9262 5439//9262 5422//9262
f 5346//9263 5361//9263 5422//9263
f 5283//9264 5361//9264 5346//9264
f 5294//9265 5283//9265 5346//9265
f 5210//9266 5283//9266 5294//9266
f 5218//9267 5210//9267 5294//9267
f 5142//9268 5210//9268 5218//9268
f 5143//9269 5142//9269 5218//9269
f 5076//9270 5142//9270 5143//9270
f 5073//9271 5076//9271 5143//9271
f 5001//9272 5076//9272 5073//9272
f 4994//9273 5001//9273 5073//9273
f 4921//9274 5001//9274 4994//9274
f 4915//9275 4921//9275 4994//9275
f 4853//9276 4921//9276 4915//9276
f 4843//9277 4853//9277 4915//9277
f 4798//9278 4853//9278 4843//9278
f 4786//9279 4798//9279 4843//9279
f 4743//9280 4798//9280 4786//9280
f 4722//9281 4743//9281 4786//9281
f 4682//9282 4743//9282 4722//9282
f 4660//9283 4682//9283 4722//9283
f 4627//9284 4682//9284 4660//9284
f 4588//9285 4627//9285 4660//9285
f 4505//9286 4627//9286 4588//9286
f 4431//9287 4505//9287 4588//9287
f 4360//9288 4505//9288 4431//9288
f 4304//9289 4360//9289 4431//9289
f 4178//9290 4360//9290 4304//9290
f 4126//9291 4178//9291 4304//9291
f 4002//9292 4178//9292 4126//9292
f 3886//9293 4002//9293 4126//9293
f 3810//9294 4002//9294 3886//9294
f 3735//9295 3810//9295 3886//9295
f 3693//9296 3810//9296 3735//9296
f 3602//9297 3693//9297 3735//9297
f 3579//9298 3693//9298 3602//9298
f 3523//9299 3579//9299 3602//9299
f 3517//9300 3579//9300 3523//9300
f 3459//9301 3517//9301 3523//9301
f 3469//9302 3517//9302 3459//9302
f 3409//9303 3469//9303 3459//9303
f 3420//9304 3469//9304 3409//9304
f 3350//9305 3420//9305 3409//9305
f 3379//9306 3420//9306 3350//9306
f 3311//9307 3379//9307 3350//9307
f 3345//9308 3379//9308 3311//9308
f 3287//9309 3345//9309 3311//9309
f 3331//9310 3345//9310 3287//9310
f 3269//9311 3331//9311 3287//9311
f 3316//9312 3331//9312 3269//9312
f 3255//9313 3316//9313 3269//9313
f 3310//9314 3316//9314 3255//9314
f 3247//9315 3310//9315 3255//9315
f 3315//9316 3310//9316 3247//9316
f 3252//9317 3315//9317 3247//9317
f 3325//9318 3315//9318 3252//9318
f 3262//9319 3325//9319 3252//9319
f 3340//9320 3325//9320 3262//9320
f 3276//9321 3340//9321 3262//9321
f 3367//9322 3340//9322 3276//9322
f 3297//9323 3367//9323 3276//9323
f 3412//9324 3367//9324 3297//9324
f 3336//9325 3412//9325 3297//9325
f 3451//9326 3412//9326 3336//9326
f 3383//9327 3451//9327 3336//9327
f 3507//9328 3451//9328 3383//9328
f 3439//9329 3507//9329 3383//9329
f 3544//9330 3507//9330 3439//9330
f 3484//9331 3544//9331 3439//9331
f 3577//9332 3544//9332 3484//9332
f 3514//9333 3577//9333 3484//9333
f 3621//9334 3577//9334 3514//9334
f 3557//9335 3621//9335 3514//9335
f 3702//9336 3621//9336 3557//9336
f 3605//9337 3702//9337 3557//9337
f 3781//9338 3702//9338 3605//9338
f 3704//9339 3781//9339 3605//9339
f 3862//9340 3781//9340 3704//9340
f 3795//9341 3862//9341 3704//9341
f 3991//9342 3862//9342 3795//9342
f 3897//9343 3991//9343 3795//9343
f 4110//9344 3991//9344 3897//9344
f 4048//9345 4110//9345 3897//9345
f 4191//9346 4110//9346 4048//9346
f 4163//9347 4191//9347 4048//9347
f 4287//9348 4191//9348 4163//9348
f 4259//9349 4287//9349 4163//9349
f 4349//9350 4287//9350 4259//9350
f 4320//9351 4349//9351 4259//9351
f 4372//9352 4349//9352 4320//9352
f 4366//9353 4372//9353 4320//9353
f 4424//9354 4372//9354 4366//9354
f 4434//9355 4424//9355 4366//9355
f 4478//9356 4424//9356 4434//9356
f 4501//9357 4478//9357 4434//9357
f 4504//9358 4478//9358 4501//9358
f 4537//9359 4504//9359 4501//9359
f 5294//9360 5346//9360 5279//9360
f 5218//9361 5294//9361 5279//9361
f 5218//9362 5279//9362 5163//9362
f 5144//9363 5218//9363 5163//9363
f 5143//9364 5218//9364 5144//9364
f 5073//9365 5143//9365 5144//9365
f 5064//9366 5144//9366 5163//9366
f 5047//9367 5064//9367 5163//9367
f 4985//9368 5064//9368 5047//9368
f 4980//9369 4985//9369 5047//9369
f 4910//9370 4985//9370 4980//9370
f 4906//9371 4985//9371 4910//9371
f 4845//9372 4906//9372 4910//9372
f 4835//9373 4906//9373 4845//9373
f 4791//9374 4835//9374 4845//9374
f 4774//9375 4835//9375 4791//9375
f 4730//9376 4774//9376 4791//9376
f 4709//9377 4774//9377 4730//9377
f 4677//9378 4709//9378 4730//9378
f 4643//9379 4709//9379 4677//9379
f 4487//9380 4643//9380 4677//9380
f 4527//9381 4643//9381 4487//9381
f 4370//9382 4527//9382 4487//9382
f 4431//9383 4527//9383 4370//9383
f 4304//9384 4431//9384 4370//9384
f 4370//9385 4487//9385 4245//9385
f 4253//9386 4370//9386 4245//9386
f 4304//9387 4370//9387 4253//9387
f 4126//9388 4304//9388 4253//9388
f 4253//9389 4245//9389 4043//9389
f 4049//9390 4253//9390 4043//9390
f 4126//9391 4253//9391 4049//9391
f 3886//9392 4126//9392 4049//9392
f 4049//9393 4043//9393 3807//9393
f 3813//9394 4049//9394 3807//9394
f 3886//9395 4049//9395 3813//9395
f 3735//9396 3886//9396 3813//9396
f 3813//9397 3807//9397 3632//9397
f 3642//9398 3813//9398 3632//9398
f 3735//9399 3813//9399 3642//9399
f 3602//9400 3735//9400 3642//9400
f 3642//9401 3632//9401 3540//9401
f 3545//9402 3642//9402 3540//9402
f 3602//9403 3642//9403 3545//9403
f 3523//9404 3602//9404 3545//9404
f 3545//9405 3540//9405 3458//9405
f 3468//9406 3545//9406 3458//9406
f 3523//9407 3545//9407 3468//9407
f 3459//9408 3523//9408 3468//9408
f 3468//9409 3458//9409 3388//9409
f 3400//9410 3468//9410 3388//9410
f 3459//9411 3468//9411 3400//9411
f 3409//9412 3459//9412 3400//9412
f 3400//9413 3388//9413 3322//9413
f 3338//9414 3400//9414 3322//9414
f 3409//9415 3400//9415 3338//9415
f 3350//9416 3409//9416 3338//9416
f 3338//9417 3322//9417 3275//9417
f 3290//9418 3338//9418 3275//9418
f 3350//9419 3338//9419 3290//9419
f 3311//9420 3350//9420 3290//9420
f 3290//9421 3275//9421 3239//9421
f 3257//9422 3290//9422 3239//9422
f 3311//9423 3290//9423 3257//9423
f 3287//9424 3311//9424 3257//9424
f 3257//9425 3239//9425 3210//9425
f 3171//9426 3257//9426 3210//9426
f 3232//9427 3257//9427 3171//9427
f 3148//9428 3232//9428 3171//9428
f 3212//9429 3232//9429 3148//9429
f 3132//9430 3212//9430 3148//9430
f 3201//9431 3212//9431 3132//9431
f 3122//9432 3201//9432 3132//9432
f 3194//9433 3201//9433 3122//9433
f 3118//9434 3194//9434 3122//9434
f 3197//9435 3194//9435 3118//9435
f 3121//9436 3197//9436 3118//9436
f 3204//9437 3197//9437 3121//9437
f 3131//9438 3204//9438 3121//9438
f 3217//9439 3204//9439 3131//9439
f 3153//9440 3217//9440 3131//9440
f 3237//9441 3217//9441 3153//9441
f 3190//9442 3237//9442 3153//9442
f 3268//9443 3237//9443 3190//9443
f 3231//9444 3268//9444 3190//9444
f 3306//9445 3268//9445 3231//9445
f 3277//9446 3306//9446 3231//9446
f 3369//9447 3306//9447 3277//9447
f 3302//9448 3369//9448 3277//9448
f 3414//9449 3369//9449 3302//9449
f 3344//9450 3414//9450 3302//9450
f 3448//9451 3414//9451 3344//9451
f 3393//9452 3448//9452 3344//9452
f 3495//9453 3448//9453 3393//9453
f 3443//9454 3495//9454 3393//9454
f 3547//9455 3495//9455 3443//9455
f 3498//9456 3547//9456 3443//9456
f 3610//9457 3547//9457 3498//9457
f 3558//9458 3610//9458 3498//9458
f 3718//9459 3610//9459 3558//9459
f 3625//9460 3718//9460 3558//9460
f 3817//9461 3718//9461 3625//9461
f 3745//9462 3817//9462 3625//9462
f 3854//9463 3817//9463 3745//9463
f 3969//9464 3817//9464 3854//9464
f 4000//9465 3969//9465 3854//9465
f 4113//9466 3969//9466 4000//9466
f 4131//9467 4113//9467 4000//9467
f 4220//9468 4113//9468 4131//9468
f 4226//9469 4220//9469 4131//9469
f 4295//9470 4220//9470 4226//9470
f 4320//9471 4220//9471 4295//9471
f 4366//9472 4320//9472 4295//9472
f 4537//9473 4501//9473 4543//9473
f 4566//9474 4537//9474 4543//9474
f 4566//9475 4543//9475 4576//9475
f 4589//9476 4566//9476 4576//9476
f 4589//9477 4576//9477 4597//9477
f 4604//9478 4589//9478 4597//9478
f 4604//9479 4597//9479 4601//9479
f 4609//9480 4604//9480 4601//9480
f 4609//9481 4601//9481 4598//9481
f 4600//9482 4609//9482 4598//9482
f 4587//9483 4600//9483 4598//9483
f 4577//9484 4587//9484 4598//9484
f 4563//9485 4587//9485 4577//9485
f 4544//9486 4563//9486 4577//9486
f 4531//9487 4563//9487 4544//9487
f 4502//9488 4531//9488 4544//9488
f 4495//9489 4531//9489 4502//9489
f 4471//9490 4495//9490 4502//9490
f 4445//9491 4495//9491 4471//9491
f 4415//9492 4445//9492 4471//9492
f 4388//9493 4445//9493 4415//9493
f 4363//9494 4388//9494 4415//9494
f 4340//9495 4388//9495 4363//9495
f 4313//9496 4340//9496 4363//9496
f 4252//9497 4340//9497 4313//9497
f 4209//9498 4252//9498 4313//9498
f 4154//9499 4252//9499 4209//9499
f 4105//9500 4154//9500 4209//9500
f 4036//9501 4154//9501 4105//9501
f 3955//9502 4036//9502 4105//9502
f 3877//9503 4036//9503 3955//9503
f 3806//9504 3877//9504 3955//9504
f 3782//9505 3877//9505 3806//9505
f 3707//9506 3782//9506 3806//9506
f 3659//9507 3782//9507 3707//9507
f 3585//9508 3659//9508 3707//9508
f 3574//9509 3659//9509 3585//9509
f 3512//9510 3574//9510 3585//9510
f 3506//9511 3574//9511 3512//9511
f 3441//9512 3506//9512 3512//9512
f 3449//9513 3506//9513 3441//9513
f 3380//9514 3449//9514 3441//9514
f 3403//9515 3449//9515 3380//9515
f 3328//9516 3403//9516 3380//9516
f 3353//9517 3403//9517 3328//9517
f 3288//9518 3353//9518 3328//9518
f 3320//9519 3353//9519 3288//9519
f 3260//9520 3320//9520 3288//9520
f 3295//9521 3320//9521 3260//9521
f 3236//9522 3295//9522 3260//9522
f 3281//9523 3295//9523 3236//9523
f 3222//9524 3281//9524 3236//9524
f 3267//9525 3281//9525 3222//9525
f 3207//9526 3267//9526 3222//9526
f 3259//9527 3267//9527 3207//9527
f 3200//9528 3259//9528 3207//9528
f 3251//9529 3259//9529 3200//9529
f 3195//9530 3251//9530 3200//9530
f 3246//9531 3251//9531 3195//9531
f 3192//9532 3246//9532 3195//9532
f 3248//9533 3246//9533 3192//9533
f 3198//9534 3248//9534 3192//9534
f 3263//9535 3248//9535 3198//9535
f 3206//9536 3263//9536 3198//9536
f 3284//9537 3263//9537 3206//9537
f 3229//9538 3284//9538 3206//9538
f 3308//9539 3284//9539 3229//9539
f 3253//9540 3308//9540 3229//9540
f 3351//9541 3308//9541 3253//9541
f 3291//9542 3351//9542 3253//9542
f 3408//9543 3351//9543 3291//9543
f 3337//9544 3408//9544 3291//9544
f 3453//9545 3408//9545 3337//9545
f 3394//9546 3453//9546 3337//9546
f 3516//9547 3453//9547 3394//9547
f 3463//9548 3516//9548 3394//9548
f 3593//9549 3516//9549 3463//9549
f 3536//9550 3593//9550 3463//9550
f 3720//9551 3593//9551 3536//9551
f 3623//9552 3720//9552 3536//9552
f 3866//9553 3720//9553 3623//9553
f 3793//9554 3866//9554 3623//9554
f 4094//9555 3866//9555 3793//9555
f 4007//9556 4094//9556 3793//9556
f 4471//9557 4502//9557 4435//9557
f 4415//9558 4471//9558 4435//9558
f 4415//9559 4435//9559 4367//9559
f 4363//9560 4415//9560 4367//9560
f 4363//9561 4367//9561 4296//9561
f 4313//9562 4363//9562 4296//9562
f 4313//9563 4296//9563 4225//9563
f 4209//9564 4313//9564 4225//9564
f 4209//9565 4225//9565 4147//9565
f 4105//9566 4209//9566 4147//9566
f 4105//9567 4147//9567 4061//9567
f 3941//9568 4105//9568 4061//9568
f 3955//9569 4105//9569 3941//9569
f 3821//9570 3955//9570 3941//9570
f 3806//9571 3955//9571 3821//9571
f 3744//9572 3806//9572 3821//9572
f 3645//9573 3806//9573 3744//9573
f 3707//9574 3806//9574 3645//9574
f 3584//9575 3707//9575 3645//9575
f 3585//9576 3707//9576 3584//9576
f 3535//9577 3585//9577 3584//9577
f 3444//9578 3585//9578 3535//9578
f 3444//9579 3362//9579 3441//9579
f 3512//9580 3444//9580 3441//9580
f 3585//9581 3444//9581 3512//9581
f 3380//9582 3441//9582 3362//9582
f 3298//9583 3380//9583 3362//9583
f 3328//9584 3380//9584 3298//9584
f 3254//9585 3328//9585 3298//9585
f 3288//9586 3328//9586 3254//9586
f 3225//9587 3288//9587 3254//9587
f 3260//9588 3288//9588 3225//9588
f 3189//9589 3260//9589 3225//9589
f 3236//9590 3260//9590 3189//9590
f 3158//9591 3236//9591 3189//9591
f 3222//9592 3236//9592 3158//9592
f 3138//9593 3222//9593 3158//9593
f 3207//9594 3222//9594 3138//9594
f 3125//9595 3207//9595 3138//9595
f 3200//9596 3207//9596 3125//9596
f 3119//9597 3200//9597 3125//9597
f 3195//9598 3200//9598 3119//9598
f 3117//9599 3195//9599 3119//9599
f 3192//9600 3195//9600 3117//9600
f 3120//9601 3192//9601 3117//9601
f 3198//9602 3192//9602 3120//9602
f 3126//9603 3198//9603 3120//9603
f 3206//9604 3198//9604 3126//9604
f 3137//9605 3206//9605 3126//9605
f 3229//9606 3206//9606 3137//9606
f 3155//9607 3229//9607 3137//9607
f 3172//9608 3229//9608 3155//9608
f 3253//9609 3229//9609 3172//9609
f 3230//9610 3253//9610 3172//9610
f 3291//9611 3253//9611 3230//9611
f 3249//9612 3291//9612 3230//9612
f 3337//9613 3291//9613 3249//9613
f 3286//9614 3337//9614 3249//9614
f 3323//9615 3337//9615 3286//9615
f 3394//9616 3337//9616 3323//9616
f 3371//9617 3394//9617 3323//9617
f 3463//9618 3394//9618 3371//9618
f 3427//9619 3463//9619 3371//9619
f 3536//9620 3463//9620 3427//9620
f 3493//9621 3536//9621 3427//9621
f 3556//9622 3536//9622 3493//9622
f 3623//9623 3536//9623 3556//9623
f 3633//9624 3623//9624 3556//9624
f 3793//9625 3623//9625 3633//9625
f 3783//9626 3793//9626 3633//9626
f 4007//9627 3793//9627 3783//9627
f 4698//9628 4640//9628 4619//9628
f 4674//9629 4698//9629 4619//9629
f 4741//9630 4698//9630 4674//9630
f 4719//9631 4741//9631 4674//9631
f 4785//9632 4741//9632 4719//9632
f 4768//9633 4785//9633 4719//9633
f 4828//9634 4785//9634 4768//9634
f 4674//9635 4619//9635 4549//9635
f 4653//9636 4674//9636 4549//9636
f 4719//9637 4674//9637 4653//9637
f 4701//9638 4719//9638 4653//9638
f 4768//9639 4719//9639 4701//9639
f 4485//9640 4619//9640 4640//9640
f 4556//9641 4485//9641 4640//9641
f 4356//9642 4485//9642 4556//9642
f 4395//9643 4549//9643 4619//9643
f 4485//9644 4395//9644 4619//9644
f 4288//9645 4395//9645 4485//9645
f 4356//9646 4288//9646 4485//9646
f 4193//9647 4288//9647 4356//9647
f 4520//9648 4329//9648 4273//9648
f 4456//9649 4520//9649 4273//9649
f 4637//9650 4520//9650 4456//9650
f 4621//9651 4637//9651 4456//9651
f 4456//9652 4273//9652 4217//9652
f 4383//9653 4456//9653 4217//9653
f 4621//9654 4456//9654 4383//9654
f 4139//9655 4273//9655 4329//9655
f 4194//9656 4139//9656 4329//9656
f 3987//9657 4139//9657 4194//9657
f 4083//9658 3987//9658 4194//9658
f 3828//9659 3987//9659 4083//9659
f 3942//9660 3828//9660 4083//9660
f 3739//9661 3828//9661 3942//9661
f 3816//9662 3739//9662 3942//9662
f 3641//9663 3739//9663 3816//9663
f 3742//9664 3641//9664 3816//9664
f 3588//9665 3641//9665 3742//9665
f 3662//9666 3588//9666 3742//9666
f 3550//9667 3588//9667 3662//9667
f 3612//9668 3550//9668 3662//9668
f 3504//9669 3550//9669 3612//9669
f 3564//9670 3504//9670 3612//9670
f 3487//9671 3504//9671 3564//9671
f 3548//9672 3487//9672 3564//9672
f 3466//9673 3487//9673 3548//9673
f 3529//9674 3466//9674 3548//9674
f 3455//9675 3466//9675 3529//9675
f 3520//9676 3455//9676 3529//9676
f 3456//9677 3455//9677 3520//9677
f 3522//9678 3456//9678 3520//9678
f 3461//9679 3456//9679 3522//9679
f 3525//9680 3461//9680 3522//9680
f 3470//9681 3461//9681 3525//9681
f 3532//9682 3470//9682 3525//9682
f 3481//9683 3470//9683 3532//9683
f 3543//9684 3481//9684 3532//9684
f 3494//9685 3481//9685 3543//9685
f 3555//9686 3494//9686 3543//9686
f 3508//9687 3494//9687 3555//9687
f 3567//9688 3508//9688 3555//9688
f 3534//9689 3508//9689 3567//9689
f 3598//9690 3534//9690 3567//9690
f 3560//9691 3534//9691 3598//9691
f 3624//9692 3560//9692 3598//9692
f 3601//9693 3560//9693 3624//9693
f 3694//9694 3601//9694 3624//9694
f 3653//9695 3601//9695 3694//9695
f 3747//9696 3653//9696 3694//9696
f 3732//9697 3653//9697 3747//9697
f 3804//9698 3732//9698 3747//9698
f 3812//9699 3732//9699 3804//9699
f 3876//9700 3812//9700 3804//9700
f 3892//9701 3812//9701 3876//9701
f 3982//9702 3892//9702 3876//9702
f 4015//9703 3892//9703 3982//9703
f 4075//9704 4015//9704 3982//9704
f 4109//9705 4015//9705 4075//9705
f 4143//9706 4109//9706 4075//9706
f 4177//9707 4109//9707 4143//9707
f 4205//9708 4177//9708 4143//9708
f 4255//9709 4177//9709 4205//9709
f 4269//9710 4255//9710 4205//9710
f 4321//9711 4255//9711 4269//9711
f 4333//9712 4321//9712 4269//9712
f 4400//9713 4321//9713 4333//9713
f 4406//9714 4400//9714 4333//9714
f 4442//9715 4400//9715 4406//9715
f 4444//9716 4442//9716 4406//9716
f 4483//9717 4442//9717 4444//9717
f 4479//9718 4483//9718 4444//9718
f 4515//9719 4483//9719 4479//9719
f 4509//9720 4515//9720 4479//9720
f 4545//9721 4515//9721 4509//9721
f 4534//9722 4545//9722 4509//9722
f 4565//9723 4545//9723 4534//9723
f 4554//9724 4565//9724 4534//9724
f 4584//9725 4565//9725 4554//9725
f 4567//9726 4584//9726 4554//9726
f 4594//9727 4584//9727 4567//9727
f 4579//9728 4594//9728 4567//9728
f 4599//9729 4594//9729 4579//9729
f 4582//9730 4599//9730 4579//9730
f 4596//9731 4599//9731 4582//9731
f 4580//9732 4596//9732 4582//9732
f 4586//9733 4596//9733 4580//9733
f 4570//9734 4586//9734 4580//9734
f 4568//9735 4586//9735 4570//9735
f 4555//9736 4568//9736 4570//9736
f 4548//9737 4568//9737 4555//9737
f 4538//9738 4548//9738 4555//9738
f 4519//9739 4548//9739 4538//9739
f 4512//9740 4519//9740 4538//9740
f 4490//9741 4519//9741 4512//9741
f 4486//9742 4490//9742 4512//9742
f 4446//9743 4490//9743 4486//9743
f 4447//9744 4446//9744 4486//9744
f 4409//9745 4446//9745 4447//9745
f 4408//9746 4409//9746 4447//9746
f 4347//9747 4409//9747 4408//9747
f 4345//9748 4347//9748 4408//9748
f 4290//9749 4347//9749 4345//9749
f 4294//9750 4290//9750 4345//9750
f 4234//9751 4290//9751 4294//9751
f 4247//9752 4234//9752 4294//9752
f 4176//9753 4234//9753 4247//9753
f 4190//9754 4176//9754 4247//9754
f 4128//9755 4176//9755 4190//9755
f 4156//9756 4128//9756 4190//9756
f 4069//9757 4128//9757 4156//9757
f 4108//9758 4069//9758 4156//9758
f 3997//9759 4069//9759 4108//9759
f 4057//9760 3997//9760 4108//9760
f 3943//9761 3997//9761 4057//9761
f 4004//9762 3943//9762 4057//9762
f 3875//9763 3943//9763 4004//9763
f 3963//9764 3875//9764 4004//9764
f 3835//9765 3875//9765 3963//9765
f 3906//9766 3835//9766 3963//9766
f 3803//9767 3835//9767 3906//9767
f 3867//9768 3803//9768 3906//9768
f 3752//9769 3803//9769 3867//9769
f 3808//9770 3752//9770 3867//9770
f 3701//9771 3752//9771 3808//9771
f 3770//9772 3701//9772 3808//9772
f 3637//9773 3701//9773 3770//9773
f 3730//9774 3637//9774 3770//9774
f 3617//9775 3637//9775 3730//9775
f 3710//9776 3617//9776 3730//9776
f 3599//9777 3617//9777 3710//9777
f 3688//9778 3599//9778 3710//9778
f 3591//9779 3599//9779 3688//9779
f 3661//9780 3591//9780 3688//9780
f 3580//9781 3591//9781 3661//9781
f 3654//9782 3580//9782 3661//9782
f 3586//9783 3580//9783 3654//9783
f 3658//9784 3586//9784 3654//9784
f 3597//9785 3586//9785 3658//9785
f 3686//9786 3597//9786 3658//9786
f 3613//9787 3597//9787 3686//9787
f 3709//9788 3613//9788 3686//9788
f 3638//9789 3613//9789 3709//9789
f 3738//9790 3638//9790 3709//9790
f 3711//9791 3638//9791 3738//9791
f 3788//9792 3711//9792 3738//9792
f 3763//9793 3711//9793 3788//9793
f 3834//9794 3763//9794 3788//9794
f 3820//9795 3763//9795 3834//9795
f 3915//9796 3820//9796 3834//9796
f 3925//9797 3820//9797 3915//9797
f 4030//9798 3925//9798 3915//9798
f 4058//9799 3925//9799 4030//9799
f 4133//9800 4058//9800 4030//9800
f 4166//9801 4058//9801 4133//9801
f 4223//9802 4166//9802 4133//9802
f 4277//9803 4166//9803 4223//9803
f 4332//9804 4277//9804 4223//9804
f 4418//9805 4277//9805 4332//9805
f 4494//9806 4418//9806 4332//9806
f 4616//9807 4418//9807 4494//9807
f 4633//9808 4616//9808 4494//9808
f 4656//9809 4616//9809 4633//9809
f 4678//9810 4656//9810 4633//9810
f 4704//9811 4656//9811 4678//9811
f 4716//9812 4704//9812 4678//9812
f 4748//9813 4704//9813 4716//9813
f 4760//9814 4748//9814 4716//9814
f 4795//9815 4748//9815 4760//9815
f 4804//9816 4795//9816 4760//9816
f 4840//9817 4795//9817 4804//9817
f 4846//9818 4840//9818 4804//9818
f 4894//9819 4840//9819 4846//9819
f 4900//9820 4894//9820 4846//9820
f 4946//9821 4894//9821 4900//9821
f 4955//9822 4946//9822 4900//9822
f 5015//9823 4946//9823 4955//9823
f 5016//9824 5015//9824 4955//9824
f 5070//9825 5015//9825 5016//9825
f 5067//9826 5070//9826 5016//9826
f 5126//9827 5070//9827 5067//9827
f 5119//9828 5126//9828 5067//9828
f 5183//9829 5126//9829 5119//9829
f 5173//9830 5183//9830 5119//9830
f 5240//9831 5183//9831 5173//9831
f 5227//9832 5240//9832 5173//9832
f 5301//9833 5240//9833 5227//9833
f 5278//9834 5301//9834 5227//9834
f 5367//9835 5301//9835 5278//9835
f 5335//9836 5367//9836 5278//9836
f 5429//9837 5367//9837 5335//9837
f 5392//9838 5429//9838 5335//9838
f 4070//9839 4217//9839 4273//9839
f 4139//9840 4070//9840 4273//9840
f 3874//9841 4070//9841 4139//9841
f 3987//9842 3874//9842 4139//9842
f 3760//9843 3874//9843 3987//9843
f 3828//9844 3760//9844 3987//9844
f 3639//9845 3760//9845 3828//9845
f 3739//9846 3639//9846 3828//9846
f 3572//9847 3639//9847 3739//9847
f 3641//9848 3572//9848 3739//9848
f 3526//9849 3572//9849 3641//9849
f 3588//9850 3526//9850 3641//9850
f 3491//9851 3526//9851 3588//9851
f 3550//9852 3491//9852 3588//9852
f 3442//9853 3491//9853 3550//9853
f 3504//9854 3442//9854 3550//9854
f 3415//9855 3442//9855 3504//9855
f 3487//9856 3415//9856 3504//9856
f 3395//9857 3415//9857 3487//9857
f 3466//9858 3395//9858 3487//9858
f 3387//9859 3395//9859 3466//9859
f 3455//9860 3387//9860 3466//9860
f 3386//9861 3387//9861 3455//9861
f 3456//9862 3386//9862 3455//9862
f 3390//9863 3386//9863 3456//9863
f 3461//9864 3390//9864 3456//9864
f 3397//9865 3390//9865 3461//9865
f 3470//9866 3397//9866 3461//9866
f 3411//9867 3397//9867 3470//9867
f 3481//9868 3411//9868 3470//9868
f 3422//9869 3411//9869 3481//9869
f 3494//9870 3422//9870 3481//9870
f 3438//9871 3422//9871 3494//9871
f 3508//9872 3438//9872 3494//9872
f 3474//9873 3438//9873 3508//9873
f 3534//9874 3474//9874 3508//9874
f 3497//9875 3474//9875 3534//9875
f 3560//9876 3497//9876 3534//9876
f 3537//9877 3497//9877 3560//9877
f 3601//9878 3537//9878 3560//9878
f 3578//9879 3537//9879 3601//9879
f 3653//9880 3578//9880 3601//9880
f 3635//9881 3578//9881 3653//9881
f 3732//9882 3635//9882 3653//9882
f 3741//9883 3635//9883 3732//9883
f 3812//9884 3741//9884 3732//9884
f 3818//9885 3741//9885 3812//9885
f 3892//9886 3818//9886 3812//9886
f 3938//9887 3818//9887 3892//9887
f 4015//9888 3938//9888 3892//9888
f 4055//9889 3938//9889 4015//9889
f 4109//9890 4055//9890 4015//9890
f 4142//9891 4055//9891 4109//9891
f 4177//9892 4142//9892 4109//9892
f 4224//9893 4142//9893 4177//9893
f 4255//9894 4224//9894 4177//9894
f 4305//9895 4224//9895 4255//9895
f 4321//9896 4305//9896 4255//9896
f 4384//9897 4305//9897 4321//9897
f 4400//9898 4384//9898 4321//9898
f 4432//9899 4384//9899 4400//9899
f 4442//9900 4432//9900 4400//9900
f 4477//9901 4432//9901 4442//9901
f 4483//9902 4477//9902 4442//9902
f 4514//9903 4477//9903 4483//9903
f 4515//9904 4514//9904 4483//9904
f 4546//9905 4514//9905 4515//9905
f 4545//9906 4546//9906 4515//9906
f 4571//9907 4546//9907 4545//9907
f 4565//9908 4571//9908 4545//9908
f 4590//9909 4571//9909 4565//9909
f 4584//9910 4590//9910 4565//9910
f 4602//9911 4590//9911 4584//9911
f 4594//9912 4602//9912 4584//9912
f 4610//9913 4602//9913 4594//9913
f 4599//9914 4610//9914 4594//9914
f 4605//9915 4610//9915 4599//9915
f 4596//9916 4605//9916 4599//9916
f 4593//9917 4605//9917 4596//9917
f 4586//9918 4593//9918 4596//9918
f 4575//9919 4593//9919 4586//9919
f 4568//9920 4575//9920 4586//9920
f 4552//9921 4575//9921 4568//9921
f 4548//9922 4552//9922 4568//9922
f 4518//9923 4552//9923 4548//9923
f 4519//9924 4518//9924 4548//9924
f 4484//9925 4518//9925 4519//9925
f 4490//9926 4484//9926 4519//9926
f 4440//9927 4484//9927 4490//9927
f 4446//9928 4440//9928 4490//9928
f 4405//9929 4440//9929 4446//9929
f 4409//9930 4405//9930 4446//9930
f 4338//9931 4405//9931 4409//9931
f 4347//9932 4338//9932 4409//9932
f 4278//9933 4338//9933 4347//9933
f 4290//9934 4278//9934 4347//9934
f 4213//9935 4278//9935 4290//9935
f 4234//9936 4213//9936 4290//9936
f 4153//9937 4213//9937 4234//9937
f 4176//9938 4153//9938 4234//9938
f 4087//9939 4153//9939 4176//9939
f 4128//9940 4087//9940 4176//9940
f 4008//9941 4087//9941 4128//9941
f 4069//9942 4008//9942 4128//9942
f 3922//9943 4008//9943 4069//9943
f 3997//9944 3922//9944 4069//9944
f 3861//9945 3922//9945 3997//9945
f 3943//9946 3861//9946 3997//9946
f 3814//9947 3861//9947 3943//9947
f 3875//9948 3814//9948 3943//9948
f 3774//9949 3814//9949 3875//9949
f 3835//9950 3774//9950 3875//9950
f 3733//9951 3774//9951 3835//9951
f 3803//9952 3733//9952 3835//9952
f 3657//9953 3733//9953 3803//9953
f 3752//9954 3657//9954 3803//9954
f 3607//9955 3657//9955 3752//9955
f 3701//9956 3607//9956 3752//9956
f 3571//9957 3607//9957 3701//9957
f 3637//9958 3571//9958 3701//9958
f 3552//9959 3571//9959 3637//9959
f 3617//9960 3552//9960 3637//9960
f 3538//9961 3552//9961 3617//9961
f 3599//9962 3538//9962 3617//9962
f 3527//9963 3538//9963 3599//9963
f 3591//9964 3527//9964 3599//9964
f 3521//9965 3527//9965 3591//9965
f 3580//9966 3521//9966 3591//9966
f 3524//9967 3521//9967 3580//9967
f 3586//9968 3524//9968 3580//9968
f 3533//9969 3524//9969 3586//9969
f 3597//9970 3533//9970 3586//9970
f 3551//9971 3533//9971 3597//9971
f 3613//9972 3551//9972 3597//9972
f 3568//9973 3551//9973 3613//9973
f 3638//9974 3568//9974 3613//9974
f 3611//9975 3568//9975 3638//9975
f 3711//9976 3611//9976 3638//9976
f 3664//9977 3611//9977 3711//9977
f 3763//9978 3664//9978 3711//9978
f 3748//9979 3664//9979 3763//9979
f 3820//9980 3748//9980 3763//9980
f 3822//9981 3748//9981 3820//9981
f 3925//9982 3822//9982 3820//9982
f 3957//9983 3822//9983 3925//9983
f 4058//9984 3957//9984 3925//9984
f 4097//9985 3957//9985 4058//9985
f 4166//9986 4097//9986 4058//9986
f 4219//9987 4097//9987 4166//9987
f 4277//9988 4219//9988 4166//9988
f 4354//9989 4219//9989 4277//9989
f 4418//9990 4354//9990 4277//9990
f 4559//9991 4354//9991 4418//9991
f 4616//9992 4559//9992 4418//9992
f 4635//9993 4559//9993 4616//9993
f 4656//9994 4635//9994 4616//9994
f 4685//9995 4635//9995 4656//9995
f 4704//9996 4685//9996 4656//9996
f 4729//9997 4685//9997 4704//9997
f 4748//9998 4729//9998 4704//9998
f 4781//9999 4729//9999 4748//9999
f 4795//10000 4781//10000 4748//10000
f 4829//10001 4781//10001 4795//10001
f 4840//10002 4829//10002 4795//10002
f 4887//10003 4829//10003 4840//10003
f 4894//10004 4887//10004 4840//10004
f 4940//10005 4887//10005 4894//10005
f 4946//10006 4940//10006 4894//10006
f 5013//10007 4940//10007 4946//10007
f 5015//10008 5013//10008 4946//10008
f 5074//10009 5013//10009 5015//10009
f 5070//10010 5074//10010 5015//10010
f 5128//10011 5074//10011 5070//10011
f 5126//10012 5128//10012 5070//10012
f 5191//10013 5128//10013 5126//10013
f 5183//10014 5191//10014 5126//10014
f 5251//10015 5191//10015 5183//10015
f 5240//10016 5251//10016 5183//10016
f 5316//10017 5251//10017 5240//10017
f 5301//10018 5316//10018 5240//10018
f 5381//10019 5316//10019 5301//10019
f 5367//10020 5381//10020 5301//10020
f 5455//10021 5381//10021 5367//10021
f 5429//10022 5455//10022 5367//10022
f 4810//10023 4883//10023 4817//10023
f 4751//10024 4810//10024 4817//10024
f 3898//10025 3889//10025 3831//10025
f 3832//10026 3898//10026 3831//10026
f 3908//10027 3898//10027 3832//10027
f 3831//10028 3773//10028 3768//10028
f 3832//10029 3831//10029 3768//10029
f 3837//10030 3831//10030 3889//10030
f 3885//10031 3837//10031 3889//10031
f 3847//10032 3837//10032 3885//10032
f 3837//10033 3847//10033 3785//10033
f 3773//10034 3837//10034 3785//10034
f 3831//10035 3837//10035 3773//10035
f 3798//10036 3785//10036 3847//10036
f 3870//10037 3905//10037 3919//10037
f 3895//10038 3870//10038 3919//10038
f 3826//10039 3870//10039 3895//10039
f 3864//10040 3826//10040 3895//10040
f 3895//10041 3919//10041 3947//10041
f 3933//10042 3895//10042 3947//10042
f 3864//10043 3895//10043 3933//10043
f 3904//10044 3864//10044 3933//10044
f 4060//10045 4028//10045 4067//10045
f 4103//10046 4060//10046 4067//10046
f 4078//10047 4060//10047 4103//10047
f 4127//10048 4078//10048 4103//10048
f 4103//10049 4067//10049 4099//10049
f 4136//10050 4103//10050 4099//10050
f 4127//10051 4103//10051 4136//10051
f 4167//10052 4127//10052 4136//10052
f 4184//10053 4215//10053 4239//10053
f 4199//10054 4184//10054 4239//10054
f 4164//10055 4184//10055 4199//10055
f 4239//10056 4289//10056 4248//10056
f 4199//10057 4239//10057 4248//10057
f 4271//10058 4239//10058 4215//10058
f 4246//10059 4271//10059 4215//10059
f 4310//10060 4271//10060 4246//10060
f 4272//10061 4310//10061 4246//10061
f 4337//10062 4310//10062 4272//10062
f 4301//10063 4337//10063 4272//10063
f 4355//10064 4337//10064 4301//10064
f 4271//10065 4328//10065 4289//10065
f 4239//10066 4271//10066 4289//10066
f 4310//10067 4328//10067 4271//10067
f 4310//10068 4375//10068 4328//10068
f 4337//10069 4375//10069 4310//10069
f 4393//10070 4375//10070 4337//10070
f 4355//10071 4393//10071 4337//10071
f 4414//10072 4393//10072 4355//10072
f 4386//10073 4324//10073 4335//10073
f 4401//10074 4386//10074 4335//10074
f 4457//10075 4386//10075 4401//10075
f 4469//10076 4457//10076 4401//10076
f 4401//10077 4346//10077 4410//10077
f 4469//10078 4401//10078 4410//10078
f 4480//10079 4469//10079 4410//10079
f 4401//10080 4335//10080 4346//10080
f 4430//10081 4427//10081 4364//10081
f 4368//10082 4430//10082 4364//10082
f 4428//10083 4430//10083 4368//10083
f 4365//10084 4428//10084 4368//10084
f 4419//10085 4428//10085 4365//10085
f 4361//10086 4419//10086 4365//10086
f 4411//10087 4419//10087 4361//10087
f 4430//10088 4428//10088 4489//10088
f 4491//10089 4430//10089 4489//10089
f 4427//10090 4430//10090 4491//10090
f 4482//10091 4489//10091 4428//10091
f 4419//10092 4482//10092 4428//10092
f 4472//10093 4482//10093 4419//10093
f 4411//10094 4472//10094 4419//10094
f 4460//10095 4472//10095 4411//10095
f 4377//10096 4387//10096 4336//10096
f 4325//10097 4377//10097 4336//10097
f 4358//10098 4377//10098 4325//10098
f 4315//10099 4358//10099 4325//10099
f 4303//10100 4358//10100 4315//10100
f 4377//10101 4397//10101 4416//10101
f 4387//10102 4377//10102 4416//10102
f 4358//10103 4397//10103 4377//10103
f 4424//10104 4478//10104 4504//10104
f 4455//10105 4424//10105 4504//10105
f 4372//10106 4424//10106 4455//10106
f 4398//10107 4372//10107 4455//10107
f 4349//10108 4372//10108 4398//10108
f 4376//10109 4349//10109 4398//10109
f 4287//10110 4349//10110 4376//10110
f 4312//10111 4287//10111 4376//10111
f 4191//10112 4287//10112 4312//10112
f 4230//10113 4191//10113 4312//10113
f 4110//10114 4191//10114 4230//10114
f 4152//10115 4110//10115 4230//10115
f 3991//10116 4110//10116 4152//10116
f 4065//10117 3991//10117 4152//10117
f 3862//10118 3991//10118 4065//10118
f 3958//10119 3862//10119 4065//10119
f 3781//10120 3862//10120 3958//10120
f 3846//10121 3781//10121 3958//10121
f 3702//10122 3781//10122 3846//10122
f 3775//10123 3702//10123 3846//10123
f 3621//10124 3702//10124 3775//10124
f 3719//10125 3621//10125 3775//10125
f 3577//10126 3621//10126 3719//10126
f 3648//10127 3577//10127 3719//10127
f 3544//10128 3577//10128 3648//10128
f 3606//10129 3544//10129 3648//10129
f 3507//10130 3544//10130 3606//10130
f 3566//10131 3507//10131 3606//10131
f 3451//10132 3507//10132 3566//10132
f 3519//10133 3451//10133 3566//10133
f 3412//10134 3451//10134 3519//10134
f 3483//10135 3412//10135 3519//10135
f 3367//10136 3412//10136 3483//10136
f 3440//10137 3367//10137 3483//10137
f 3340//10138 3367//10138 3440//10138
f 3418//10139 3340//10139 3440//10139
f 3325//10140 3340//10140 3418//10140
f 3405//10141 3325//10141 3418//10141
f 3315//10142 3325//10142 3405//10142
f 3392//10143 3315//10143 3405//10143
f 3310//10144 3315//10144 3392//10144
f 3385//10145 3310//10145 3392//10145
f 3316//10146 3310//10146 3385//10146
f 3391//10147 3316//10147 3385//10147
f 3331//10148 3316//10148 3391//10148
f 3404//10149 3331//10149 3391//10149
f 3345//10150 3331//10150 3404//10150
f 3419//10151 3345//10151 3404//10151
f 3379//10152 3345//10152 3419//10152
f 3445//10153 3379//10153 3419//10153
f 3420//10154 3379//10154 3445//10154
f 3489//10155 3420//10155 3445//10155
f 3469//10156 3420//10156 3489//10156
f 3528//10157 3469//10157 3489//10157
f 3517//10158 3469//10158 3528//10158
f 3575//10159 3517//10159 3528//10159
f 3579//10160 3517//10160 3575//10160
f 3651//10161 3579//10161 3575//10161
f 3693//10162 3579//10162 3651//10162
f 3771//10163 3693//10163 3651//10163
f 3810//10164 3693//10164 3771//10164
f 3896//10165 3810//10165 3771//10165
f 4002//10166 3810//10166 3896//10166
f 4092//10167 4002//10167 3896//10167
f 4178//10168 4002//10168 4092//10168
f 4242//10169 4178//10169 4092//10169
f 4360//10170 4178//10170 4242//10170
f 4426//10171 4360//10171 4242//10171
f 4505//10172 4360//10172 4426//10172
f 4562//10173 4505//10173 4426//10173
f 4627//10174 4505//10174 4562//10174
f 4649//10175 4627//10175 4562//10175
f 4682//10176 4627//10176 4649//10176
f 4700//10177 4682//10177 4649//10177
f 4743//10178 4682//10178 4700//10178
f 4752//10179 4743//10179 4700//10179
f 4798//10180 4743//10180 4752//10180
f 4812//10181 4798//10181 4752//10181
f 4853//10182 4798//10182 4812//10182
f 4863//10183 4853//10183 4812//10183
f 4921//10184 4853//10184 4863//10184
f 4930//10185 4921//10185 4863//10185
f 5001//10186 4921//10186 4930//10186
f 5003//10187 5001//10187 4930//10187
f 5076//10188 5001//10188 5003//10188
f 5078//10189 5076//10189 5003//10189
f 5142//10190 5076//10190 5078//10190
f 5138//10191 5142//10191 5078//10191
f 5210//10192 5142//10192 5138//10192
f 5201//10193 5210//10193 5138//10193
f 5283//10194 5210//10194 5201//10194
f 5272//10195 5283//10195 5201//10195
f 5361//10196 5283//10196 5272//10196
f 5344//10197 5361//10197 5272//10197
f 5439//10198 5361//10198 5344//10198
f 5421//10199 5439//10199 5344//10199
f 4342//10200 4397//10200 4358//10200
f 4303//10201 4342//10201 4358//10201
f 4259//10202 4220//10202 4320//10202
f 4259//10203 4113//10203 4220//10203
f 4163//10204 4113//10204 4259//10204
f 4163//10205 3969//10205 4113//10205
f 4048//10206 3969//10206 4163//10206
f 4048//10207 3817//10207 3969//10207
f 3897//10208 3817//10208 4048//10208
f 3718//10209 3817//10209 3897//10209
f 3795//10210 3718//10210 3897//10210
f 3610//10211 3718//10211 3795//10211
f 3704//10212 3610//10212 3795//10212
f 3547//10213 3610//10213 3704//10213
f 3605//10214 3547//10214 3704//10214
f 3495//10215 3547//10215 3605//10215
f 3557//10216 3495//10216 3605//10216
f 3448//10217 3495//10217 3557//10217
f 3514//10218 3448//10218 3557//10218
f 3414//10219 3448//10219 3514//10219
f 3484//10220 3414//10220 3514//10220
f 3369//10221 3414//10221 3484//10221
f 3439//10222 3369//10222 3484//10222
f 3306//10223 3369//10223 3439//10223
f 3383//10224 3306//10224 3439//10224
f 3268//10225 3306//10225 3383//10225
f 3336//10226 3268//10226 3383//10226
f 3237//10227 3268//10227 3336//10227
f 3297//10228 3237//10228 3336//10228
f 3217//10229 3237//10229 3297//10229
f 3276//10230 3217//10230 3297//10230
f 3204//10231 3217//10231 3276//10231
f 3262//10232 3204//10232 3276//10232
f 3197//10233 3204//10233 3262//10233
f 3252//10234 3197//10234 3262//10234
f 3194//10235 3197//10235 3252//10235
f 3247//10236 3194//10236 3252//10236
f 3201//10237 3194//10237 3247//10237
f 3255//10238 3201//10238 3247//10238
f 3212//10239 3201//10239 3255//10239
f 3269//10240 3212//10240 3255//10240
f 3232//10241 3212//10241 3269//10241
f 3287//10242 3232//10242 3269//10242
f 3257//10243 3232//10243 3287//10243
f 4588//10244 4643//10244 4527//10244
f 4431//10245 4588//10245 4527//10245
f 4660//10246 4643//10246 4588//10246
f 4660//10247 4709//10247 4643//10247
f 4722//10248 4709//10248 4660//10248
f 4722//10249 4774//10249 4709//10249
f 4786//10250 4774//10250 4722//10250
f 4786//10251 4835//10251 4774//10251
f 4843//10252 4835//10252 4786//10252
f 4843//10253 4906//10253 4835//10253
f 4915//10254 4906//10254 4843//10254
f 4989//10255 4906//10255 4915//10255
f 4994//10256 4989//10256 4915//10256
f 5069//10257 4989//10257 4994//10257
f 5073//10258 5069//10258 4994//10258
f 5144//10259 5069//10259 5073//10259
f 4989//10260 5064//10260 4985//10260
f 4906//10261 4989//10261 4985//10261
f 5069//10262 5064//10262 4989//10262
f 5069//10263 5144//10263 5064//10263
f 441//10264 513//10264 439//10264
f 363//10265 441//10265 439//10265
f 361//10266 363//10266 439//10266
f 335//10267 363//10267 361//10267
f 328//10268 335//10268 361//10268
f 290//10269 335//10269 328//10269
f 279//10270 290//10270 328//10270
f 228//10271 290//10271 279//10271
f 219//10272 228//10272 279//10272
f 184//10273 228//10273 219//10273
f 176//10274 184//10274 219//10274
f 144//10275 184//10275 176//10275
f 141//10276 144//10276 176//10276
f 114//10277 144//10277 141//10277
f 111//10278 114//10278 141//10278
f 88//10279 114//10279 111//10279
f 87//10280 88//10280 111//10280
f 76//10281 88//10281 87//10281
f 74//10282 76//10282 87//10282
f 63//10283 76//10283 74//10283
f 513//10284 441//10284 545//10284
f 621//10285 513//10285 545//10285
f 650//10286 513//10286 621//10286
f 698//10287 650//10287 621//10287
f 716//10288 650//10288 698//10288
f 776//10289 716//10289 698//10289
f 782//10290 716//10290 776//10290
f 98//10291 73//10291 78//10291
f 104//10292 98//10292 78//10292
f 107//10293 98//10293 104//10293
f 117//10294 107//10294 104//10294
f 139//10295 117//10295 104//10295
f 140//10296 117//10296 139//10296
f 78//10297 73//10297 60//10297
f 55//10298 78//10298 60//10298
f 46//10299 55//10299 60//10299
f 36//10300 55//10300 46//10300
f 34//10301 36//10301 46//10301
f 26//10302 36//10302 34//10302
f 23//10303 36//10303 26//10303
f 17//10304 23//10304 26//10304
f 13//10305 23//10305 17//10305
f 12//10306 13//10306 17//10306
f 8//10307 13//10307 12//10307
f 5//10308 13//10308 8//10308
f 4//10309 5//10309 8//10309
f 6//10310 5//10310 4//10310
f 7//10311 6//10311 4//10311
f 10//10312 6//10312 7//10312
f 14//10313 6//10313 10//10313
f 15//10314 14//10314 10//10314
f 24//10315 14//10315 15//10315
f 21//10316 24//10316 15//10316
f 31//10317 24//10317 21//10317
f 37//10318 24//10318 31//10318
f 38//10319 37//10319 31//10319
f 50//10320 37//10320 38//10320
f 56//10321 37//10321 50//10321
f 63//10322 56//10322 50//10322
f 79//10323 56//10323 63//10323
f 74//10324 79//10324 63//10324
f 87//10325 79//10325 74//10325
f 105//10326 79//10326 87//10326
f 111//10327 105//10327 87//10327
f 142//10328 105//10328 111//10328
f 141//10329 142//10329 111//10329
f 176//10330 142//10330 141//10330
f 190//10331 142//10331 176//10331
f 219//10332 190//10332 176//10332
f 257//10333 190//10333 219//10333
f 279//10334 257//10334 219//10334
f 327//10335 257//10335 279//10335
f 328//10336 327//10336 279//10336
f 361//10337 327//10337 328//10337
f 368//10338 327//10338 361//10338
f 439//10339 368//10339 361//10339
f 520//10340 368//10340 439//10340
f 513//10341 520//10341 439//10341
f 650//10342 520//10342 513//10342
f 659//10343 520//10343 650//10343
f 716//10344 659//10344 650//10344
f 788//10345 659//10345 716//10345
f 782//10346 788//10346 716//10346
f 853//10347 788//10347 782//10347
f 892//10348 788//10348 853//10348
f 912//10349 892//10349 853//10349
f 1009//10350 892//10350 912//10350
f 985//10351 1009//10351 912//10351
f 1123//10352 1009//10352 985//10352
f 1333//10353 1009//10353 1123//10353
f 1359//10354 1333//10354 1123//10354
f 1588//10355 1333//10355 1359//10355
f 1683//10356 1333//10356 1588//10356
f 1806//10357 1683//10357 1588//10357
f 1980//10358 1683//10358 1806//10358
f 1965//10359 1980//10359 1806//10359
f 2105//10360 1980//10360 1965//10360
f 2189//10361 1980//10361 2105//10361
f 2218//10362 2189//10362 2105//10362
f 2361//10363 2189//10363 2218//10363
f 2332//10364 2361//10364 2218//10364
f 2435//10365 2361//10365 2332//10365
f 2524//10366 2361//10366 2435//10366
f 2543//10367 2524//10367 2435//10367
f 2656//10368 2524//10368 2543//10368
f 2703//10369 2524//10369 2656//10369
f 2765//10370 2703//10370 2656//10370
f 2888//10371 2703//10371 2765//10371
f 2885//10372 2888//10372 2765//10372
f 2971//10373 2888//10373 2885//10373
f 3052//10374 2888//10374 2971//10374
f 3078//10375 3052//10375 2971//10375
f 3228//10376 3052//10376 3078//10376
f 3191//10377 3228//10377 3078//10377
f 3304//10378 3228//10378 3191//10378
f 3434//10379 3228//10379 3304//10379
f 3462//10380 3434//10380 3304//10380
f 3622//10381 3434//10381 3462//10381
f 3754//10382 3434//10382 3622//10382
f 3893//10383 3754//10383 3622//10383
f 4221//10384 3754//10384 3893//10384
f 4204//10385 4221//10385 3893//10385
f 4496//10386 4221//10386 4204//10386
f 4651//10387 4221//10387 4496//10387
f 4693//10388 4651//10388 4496//10388
f 4833//10389 4651//10389 4693//10389
f 4811//10390 4833//10390 4693//10390
f 4924//10391 4833//10391 4811//10391
f 5033//10392 4833//10392 4924//10392
f 5048//10393 5033//10393 4924//10393
f 5168//10394 5033//10394 5048//10394
f 5223//10395 5033//10395 5168//10395
f 5292//10396 5223//10396 5168//10396
f 5426//10397 5223//10397 5292//10397
f 5418//10398 5426//10398 5292//10398
f 5595//10399 5426//10399 5418//10399
f 5634//10400 5426//10400 5595//10400
f 5646//10401 5634//10401 5595//10401
f 5680//10402 5634//10402 5646//10402
f 5676//10403 5680//10403 5646//10403
f 5709//10404 5680//10404 5676//10404
f 5753//10405 5680//10405 5709//10405
f 5756//10406 5753//10406 5709//10406
f 5800//10407 5753//10407 5756//10407
f 5816//10408 5753//10408 5800//10408
f 5834//10409 5816//10409 5800//10409
f 5868//10410 5816//10410 5834//10410
f 5866//10411 5868//10411 5834//10411
f 5892//10412 5868//10412 5866//10412
f 5904//10413 5868//10413 5892//10413
f 5911//10414 5904//10414 5892//10414
f 5932//10415 5904//10415 5911//10415
f 5928//10416 5932//10416 5911//10416
f 5940//10417 5932//10417 5928//10417
f 5950//10418 5932//10418 5940//10418
f 5952//10419 5950//10419 5940//10419
f 5958//10420 5950//10420 5952//10420
f 5963//10421 5950//10421 5958//10421
f 5971//10422 5963//10422 5958//10422
f 5976//10423 5963//10423 5971//10423
f 5975//10424 5976//10424 5971//10424
f 5981//10425 5976//10425 5975//10425
f 5983//10426 5976//10426 5981//10426
f 5986//10427 5983//10427 5981//10427
f 5992//10428 5983//10428 5986//10428
f 5990//10429 5992//10429 5986//10429
f 5995//10430 5992//10430 5990//10430
f 5993//10431 5992//10431 5995//10431
f 5991//10432 5993//10432 5995//10432
f 5988//10433 5993//10433 5991//10433
f 5984//10434 5993//10434 5988//10434
f 5982//10435 5984//10435 5988//10435
f 5977//10436 5984//10436 5982//10436
f 5978//10437 5977//10437 5982//10437
f 5972//10438 5977//10438 5978//10438
f 5964//10439 5977//10439 5972//10439
f 5962//10440 5964//10440 5972//10440
f 5951//10441 5964//10441 5962//10441
f 5954//10442 5951//10442 5962//10442
f 5941//10443 5951//10443 5954//10443
f 5934//10444 5951//10444 5941//10444
f 5929//10445 5934//10445 5941//10445
f 5914//10446 5934//10446 5929//10446
f 5905//10447 5934//10447 5914//10447
f 5893//10448 5905//10448 5914//10448
f 5870//10449 5905//10449 5893//10449
f 5871//10450 5870//10450 5893//10450
f 5900//10451 5926//10451 5903//10451
f 5874//10452 5900//10452 5903//10452
f 5864//10453 5900//10453 5874//10453
f 5842//10454 5864//10454 5874//10454
f 5820//10455 5864//10455 5842//10455
f 5804//10456 5820//10456 5842//10456
f 5758//10457 5820//10457 5804//10457
f 5752//10458 5758//10458 5804//10458
f 5695//10459 5758//10459 5752//10459
f 5692//10460 5758//10460 5695//10460
f 5660//10461 5692//10461 5695//10461
f 5649//10462 5692//10462 5660//10462
f 5624//10463 5649//10463 5660//10463
f 5520//10464 5649//10464 5624//10464
f 5649//10465 5520//10465 5623//10465
f 5683//10466 5649//10466 5623//10466
f 5692//10467 5649//10467 5683//10467
f 5726//10468 5692//10468 5683//10468
f 5758//10469 5692//10469 5726//10469
f 5783//10470 5758//10470 5726//10470
f 5820//10471 5758//10471 5783//10471
f 5826//10472 5820//10472 5783//10472
f 5840//10473 5820//10473 5826//10473
f 5864//10474 5820//10474 5840//10474
f 5863//10475 5864//10475 5840//10475
f 5879//10476 5864//10476 5863//10476
f 5900//10477 5864//10477 5879//10477
f 5898//10478 5900//10478 5879//10478
f 5913//10479 5900//10479 5898//10479
f 5900//10480 5913//10480 5926//10480
f 2//10481 1//10481 4//10481
f 8//10482 2//10482 4//10482
f 12//10483 2//10483 8//10483
f 9//10484 2//10484 12//10484
f 17//10485 9//10485 12//10485
f 16//10486 9//10486 17//10486
f 26//10487 16//10487 17//10487
f 25//10488 16//10488 26//10488
f 34//10489 25//10489 26//10489
f 33//10490 25//10490 34//10490
f 46//10491 33//10491 34//10491
f 44//10492 33//10492 46//10492
f 60//10493 44//10493 46//10493
f 59//10494 44//10494 60//10494
f 73//10495 59//10495 60//10495
f 2176//10496 2174//10496 2175//10496
f 2177//10497 2176//10497 2175//10497
f 1767//10498 1997//10498 1985//10498
f 1755//10499 1767//10499 1985//10499
f 1740//10500 1755//10500 1985//10500
f 1737//10501 1740//10501 1985//10501
f 1984//10502 1737//10502 1985//10502
f 1735//10503 1737//10503 1984//10503
f 1996//10504 1735//10504 1984//10504
f 1996//10505 2175//10505 2174//10505
f 1734//10506 1996//10506 2174//10506
f 1735//10507 1996//10507 1734//10507
f 2176//10508 2177//10508 1997//10508
f 1766//10509 2176//10509 1997//10509
f 1767//10510 1766//10510 1997//10510
f 3048//10511 3040//10511 3041//10511
f 3049//10512 3048//10512 3041//10512
f 3042//10513 3048//10513 3049//10513
f 3043//10514 3042//10514 3049//10514
f 3013//10515 3042//10515 3043//10515
f 3014//10516 3013//10516 3043//10516
f 2983//10517 3013//10517 3014//10517
f 2984//10518 2983//10518 3014//10518
f 2952//10519 2983//10519 2984//10519
f 2953//10520 2952//10520 2984//10520
f 2912//10521 2952//10521 2953//10521
f 2913//10522 2912//10522 2953//10522
f 2867//10523 2912//10523 2913//10523
f 2868//10524 2867//10524 2913//10524
f 2815//10525 2867//10525 2868//10525
f 2816//10526 2815//10526 2868//10526
f 2739//10527 2815//10527 2816//10527
f 2740//10528 2739//10528 2816//10528
f 2676//10529 2739//10529 2740//10529
f 2677//10530 2676//10530 2740//10530
f 2601//10531 2676//10531 2677//10531
f 2602//10532 2601//10532 2677//10532
f 2551//10533 2601//10533 2602//10533
f 2552//10534 2551//10534 2602//10534
f 2494//10535 2551//10535 2552//10535
f 2495//10536 2494//10536 2552//10536
f 2458//10537 2494//10537 2495//10537
f 2459//10538 2458//10538 2495//10538
f 2417//10539 2458//10539 2459//10539
f 2418//10540 2417//10540 2459//10540
f 2392//10541 2417//10541 2418//10541
f 2393//10542 2392//10542 2418//10542
f 2374//10543 2392//10543 2393//10543
f 2375//10544 2374//10544 2393//10544
f 2365//10545 2374//10545 2375//10545
f 2366//10546 2365//10546 2375//10546
f 2372//10547 2365//10547 2366//10547
f 2373//10548 2372//10548 2366//10548
f 2390//10549 2372//10549 2373//10549
f 2391//10550 2390//10550 2373//10550
f 2415//10551 2390//10551 2391//10551
f 2416//10552 2415//10552 2391//10552
f 2456//10553 2415//10553 2416//10553
f 2457//10554 2456//10554 2416//10554
f 2492//10555 2456//10555 2457//10555
f 2493//10556 2492//10556 2457//10556
f 2549//10557 2492//10557 2493//10557
f 2550//10558 2549//10558 2493//10558
f 2599//10559 2549//10559 2550//10559
f 2600//10560 2599//10560 2550//10560
f 2674//10561 2599//10561 2600//10561
f 2675//10562 2674//10562 2600//10562
f 2737//10563 2674//10563 2675//10563
f 2738//10564 2737//10564 2675//10564
f 2813//10565 2737//10565 2738//10565
f 2814//10566 2813//10566 2738//10566
f 2865//10567 2813//10567 2814//10567
f 2866//10568 2865//10568 2814//10568
f 2910//10569 2865//10569 2866//10569
f 2911//10570 2910//10570 2866//10570
f 2950//10571 2910//10571 2911//10571
f 2951//10572 2950//10572 2911//10572
f 2981//10573 2950//10573 2951//10573
f 2982//10574 2981//10574 2951//10574
f 3011//10575 2981//10575 2982//10575
f 3012//10576 3011//10576 2982//10576
f 3040//10577 3011//10577 3012//10577
f 3041//10578 3040//10578 3012//10578
f 2175//10579 1996//10579 2032//10579
f 2069//10580 2175//10580 2032//10580
f 2130//10581 2175//10581 2069//10581
f 2416//10582 2175//10582 2130//10582
f 2185//10583 2416//10583 2130//10583
f 2457//10584 2416//10584 2185//10584
f 2244//10585 2457//10585 2185//10585
f 2493//10586 2457//10586 2244//10586
f 2321//10587 2493//10587 2244//10587
f 2550//10588 2493//10588 2321//10588
f 2405//10589 2550//10589 2321//10589
f 2481//10590 2550//10590 2405//10590
f 2600//10591 2550//10591 2481//10591
f 2566//10592 2600//10592 2481//10592
f 2675//10593 2600//10593 2566//10593
f 2659//10594 2675//10594 2566//10594
f 2752//10595 2675//10595 2659//10595
f 2738//10596 2675//10596 2752//10596
f 2842//10597 2738//10597 2752//10597
f 2814//10598 2738//10598 2842//10598
f 2924//10599 2814//10599 2842//10599
f 2866//10600 2814//10600 2924//10600
f 2994//10601 2866//10601 2924//10601
f 3074//10602 2866//10602 2994//10602
f 2911//10603 2866//10603 3074//10603
f 3139//10604 2911//10604 3074//10604
f 2951//10605 2911//10605 3139//10605
f 3220//10606 2951//10606 3139//10606
f 3278//10607 2951//10607 3220//10607
f 2982//10608 2951//10608 3278//10608
f 3334//10609 2982//10609 3278//10609
f 3012//10610 2982//10610 3334//10610
f 3381//10611 3012//10611 3334//10611
f 3041//10612 3012//10612 3381//10612
f 3416//10613 3041//10613 3381//10613
f 3431//10614 3041//10614 3416//10614
f 3049//10615 3041//10615 3431//10615
f 3432//10616 3049//10616 3431//10616
f 3043//10617 3049//10617 3432//10617
f 3417//10618 3043//10618 3432//10618
f 3382//10619 3043//10619 3417//10619
f 3014//10620 3043//10620 3382//10620
f 3335//10621 3014//10621 3382//10621
f 2984//10622 3014//10622 3335//10622
f 3279//10623 2984//10623 3335//10623
f 2953//10624 2984//10624 3279//10624
f 3221//10625 2953//10625 3279//10625
f 3140//10626 2953//10626 3221//10626
f 2913//10627 2953//10627 3140//10627
f 3075//10628 2913//10628 3140//10628
f 2868//10629 2913//10629 3075//10629
f 2995//10630 2868//10630 3075//10630
f 2925//10631 2868//10631 2995//10631
f 2816//10632 2868//10632 2925//10632
f 2843//10633 2816//10633 2925//10633
f 2740//10634 2816//10634 2843//10634
f 2753//10635 2740//10635 2843//10635
f 2677//10636 2740//10636 2753//10636
f 2660//10637 2677//10637 2753//10637
f 2567//10638 2677//10638 2660//10638
f 2602//10639 2677//10639 2567//10639
f 2482//10640 2602//10640 2567//10640
f 2552//10641 2602//10641 2482//10641
f 2406//10642 2552//10642 2482//10642
f 2322//10643 2552//10643 2406//10643
f 2495//10644 2552//10644 2322//10644
f 2245//10645 2495//10645 2322//10645
f 2459//10646 2495//10646 2245//10646
f 2186//10647 2459//10647 2245//10647
f 2418//10648 2459//10648 2186//10648
f 2131//10649 2418//10649 2186//10649
f 2177//10650 2418//10650 2131//10650
f 2070//10651 2177//10651 2131//10651
f 2033//10652 2177//10652 2070//10652
f 2177//10653 2033//10653 1997//10653
f 2177//10654 2175//10654 2366//10654
f 2375//10655 2177//10655 2366//10655
f 2393//10656 2177//10656 2375//10656
f 2175//10657 2416//10657 2391//10657
f 2373//10658 2175//10658 2391//10658
f 2366//10659 2175//10659 2373//10659
f 2177//10660 2393//10660 2418//10660
f 1997//10661 2033//10661 2012//10661
f 1992//10662 1997//10662 2012//10662
f 1985//10663 1997//10663 1992//10663
f 1982//10664 1985//10664 1992//10664
f 1984//10665 1985//10665 1982//10665
f 1991//10666 1984//10666 1982//10666
f 1996//10667 1984//10667 1991//10667
f 2011//10668 1996//10668 1991//10668
f 2032//10669 1996//10669 2011//10669
f 2054//10670 2032//10670 2011//10670
f 2069//10671 2032//10671 2054//10671
f 2100//10672 2069//10672 2054//10672
f 2130//10673 2069//10673 2100//10673
f 2155//10674 2130//10674 2100//10674
f 2185//10675 2130//10675 2155//10675
f 2216//10676 2185//10676 2155//10676
f 2244//10677 2185//10677 2216//10677
f 2284//10678 2244//10678 2216//10678
f 2321//10679 2244//10679 2284//10679
f 2364//10680 2321//10680 2284//10680
f 2405//10681 2321//10681 2364//10681
f 2439//10682 2405//10682 2364//10682
f 2481//10683 2405//10683 2439//10683
f 2521//10684 2481//10684 2439//10684
f 2566//10685 2481//10685 2521//10685
f 2632//10686 2566//10686 2521//10686
f 2659//10687 2566//10687 2632//10687
f 2706//10688 2659//10688 2632//10688
f 2752//10689 2659//10689 2706//10689
f 2780//10690 2752//10690 2706//10690
f 2842//10691 2752//10691 2780//10691
f 2889//10692 2842//10692 2780//10692
f 2924//10693 2842//10693 2889//10693
f 2961//10694 2924//10694 2889//10694
f 2994//10695 2924//10695 2961//10695
f 3047//10696 2994//10696 2961//10696
f 3074//10697 2994//10697 3047//10697
f 3106//10698 3074//10698 3047//10698
f 3139//10699 3074//10699 3106//10699
f 3183//10700 3139//10700 3106//10700
f 3220//10701 3139//10701 3183//10701
f 3242//10702 3220//10702 3183//10702
f 3278//10703 3220//10703 3242//10703
f 3300//10704 3278//10704 3242//10704
f 3334//10705 3278//10705 3300//10705
f 3354//10706 3334//10706 3300//10706
f 3381//10707 3334//10707 3354//10707
f 3406//10708 3381//10708 3354//10708
f 3416//10709 3381//10709 3406//10709
f 3424//10710 3416//10710 3406//10710
f 3431//10711 3416//10711 3424//10711
f 3433//10712 3431//10712 3424//10712
f 3432//10713 3431//10713 3433//10713
f 3425//10714 3432//10714 3433//10714
f 3417//10715 3432//10715 3425//10715
f 3407//10716 3417//10716 3425//10716
f 3382//10717 3417//10717 3407//10717
f 3355//10718 3382//10718 3407//10718
f 3335//10719 3382//10719 3355//10719
f 3301//10720 3335//10720 3355//10720
f 3279//10721 3335//10721 3301//10721
f 3243//10722 3279//10722 3301//10722
f 3221//10723 3279//10723 3243//10723
f 3184//10724 3221//10724 3243//10724
f 3140//10725 3221//10725 3184//10725
f 3107//10726 3140//10726 3184//10726
f 3075//10727 3140//10727 3107//10727
f 3050//10728 3075//10728 3107//10728
f 2995//10729 3075//10729 3050//10729
f 2962//10730 2995//10730 3050//10730
f 2925//10731 2995//10731 2962//10731
f 2890//10732 2925//10732 2962//10732
f 2843//10733 2925//10733 2890//10733
f 2781//10734 2843//10734 2890//10734
f 2753//10735 2843//10735 2781//10735
f 2707//10736 2753//10736 2781//10736
f 2660//10737 2753//10737 2707//10737
f 2633//10738 2660//10738 2707//10738
f 2567//10739 2660//10739 2633//10739
f 2522//10740 2567//10740 2633//10740
f 2482//10741 2567//10741 2522//10741
f 2440//10742 2482//10742 2522//10742
f 2406//10743 2482//10743 2440//10743
f 2367//10744 2406//10744 2440//10744
f 2322//10745 2406//10745 2367//10745
f 2285//10746 2322//10746 2367//10746
f 2245//10747 2322//10747 2285//10747
f 2217//10748 2245//10748 2285//10748
f 2186//10749 2245//10749 2217//10749
f 2156//10750 2186//10750 2217//10750
f 2131//10751 2186//10751 2156//10751
f 2101//10752 2131//10752 2156//10752
f 2070//10753 2131//10753 2101//10753
f 2055//10754 2070//10754 2101//10754
f 2033//10755 2070//10755 2055//10755
f 2012//10756 2033//10756 2055//10756
f 63//10757 50//10757 54//10757
f 70//10758 63//10758 54//10758
f 76//10759 63//10759 70//10759
f 88//10760 76//10760 70//10760
f 40//10761 54//10761 50//10761
f 38//10762 40//10762 50//10762
f 29//10763 40//10763 38//10763
f 31//10764 29//10764 38//10764
f 21//10765 29//10765 31//10765
f 18//10766 29//10766 21//10766
f 15//10767 18//10767 21//10767
f 11//10768 18//10768 15//10768
f 10//10769 11//10769 15//10769
f 3//10770 11//10770 10//10770
f 7//10771 3//10771 10//10771
f 1//10772 3//10772 7//10772
f 4//10773 1//10773 7//10773
f 842//10774 776//10774 837//10774
f 879//10775 842//10775 837//10775
f 885//10776 842//10776 879//10776
f 925//10777 885//10777 879//10777
f 897//10778 885//10778 925//10778
f 961//10779 897//10779 925//10779
f 991//10780 961//10780 925//10780
f 1031//10781 961//10781 991//10781
f 1248//10782 1031//10782 991//10782
f 1230//10783 1031//10783 1248//10783
f 1435//10784 1230//10784 1248//10784
f 1600//10785 1435//10785 1248//10785
f 1652//10786 1435//10786 1600//10786
f 1904//10787 1652//10787 1600//10787
f 1841//10788 1652//10788 1904//10788
f 1988//10789 1841//10789 1904//10789
f 2117//10790 1988//10790 1904//10790
f 2110//10791 1988//10791 2117//10791
f 2214//10792 2110//10792 2117//10792
f 2281//10793 2214//10793 2117//10793
f 2311//10794 2214//10794 2281//10794
f 2442//10795 2311//10795 2281//10795
f 2413//10796 2311//10796 2442//10796
f 2503//10797 2413//10797 2442//10797
f 2562//10798 2503//10798 2442//10798
f 2594//10799 2503//10799 2562//10799
f 2688//10800 2594//10800 2562//10800
f 2696//10801 2594//10801 2688//10801
f 2819//10802 2696//10802 2688//10802
f 2821//10803 2696//10803 2819//10803
f 2905//10804 2821//10804 2819//10804
f 2923//10805 2905//10805 2819//10805
f 2989//10806 2905//10806 2923//10806
f 3036//10807 2989//10807 2923//10807
f 3086//10808 2989//10808 3036//10808
f 3143//10809 3086//10809 3036//10809
f 3193//10810 3086//10810 3143//10810
f 3282//10811 3193//10811 3143//10811
f 3293//10812 3193//10812 3282//10812
f 3430//10813 3293//10813 3282//10813
f 3437//10814 3430//10814 3282//10814
f 3569//10815 3430//10815 3437//10815
f 3618//10816 3569//10816 3437//10816
f 3797//10817 3569//10817 3618//10817
f 3924//10818 3797//10818 3618//10818
f 4093//10819 3797//10819 3924//10819
f 4251//10820 4093//10820 3924//10820
f 4317//10821 4093//10821 4251//10821
f 4613//10822 4317//10822 4251//10822
f 4581//10823 4613//10823 4251//10823
f 4723//10824 4613//10824 4581//10824
f 4732//10825 4723//10825 4581//10825
f 4824//10826 4723//10826 4732//10826
f 4845//10827 4824//10827 4732//10827
f 4933//10828 4824//10828 4845//10828
f 4910//10829 4933//10829 4845//10829
f 4980//10830 4933//10830 4910//10830
f 991//10831 925//10831 978//10831
f 994//10832 991//10832 978//10832
f 1243//10833 991//10833 994//10833
f 1029//10834 1243//10834 994//10834
f 1235//10835 1243//10835 1029//10835
f 1156//10836 1235//10836 1029//10836
f 1298//10837 1235//10837 1156//10837
f 994//10838 978//10838 1029//10838
f 1298//10839 1414//10839 1547//10839
f 1571//10840 1298//10840 1547//10840
f 1235//10841 1298//10841 1571//10841
f 1243//10842 1235//10842 1571//10842
f 1524//10843 1547//10843 1414//10843
f 1528//10844 1524//10844 1414//10844
f 1831//10845 1524//10845 1528//10845
f 1648//10846 1831//10846 1528//10846
f 1810//10847 1831//10847 1648//10847
f 1724//10848 1810//10848 1648//10848
f 1784//10849 1810//10849 1724//10849
f 1832//10850 1784//10850 1724//10850
f 1995//10851 1784//10851 1832//10851
f 1971//10852 1995//10852 1832//10852
f 2142//10853 1995//10853 1971//10853
f 2123//10854 2142//10854 1971//10854
f 2251//10855 2142//10855 2123//10855
f 2228//10856 2251//10856 2123//10856
f 2325//10857 2251//10857 2228//10857
f 2291//10858 2325//10858 2228//10858
f 2395//10859 2325//10859 2291//10859
f 2360//10860 2395//10860 2291//10860
f 2448//10861 2395//10861 2360//10861
f 2419//10862 2448//10862 2360//10862
f 2498//10863 2448//10863 2419//10863
f 2470//10864 2498//10864 2419//10864
f 2547//10865 2498//10865 2470//10865
f 2507//10866 2547//10866 2470//10866
f 2588//10867 2547//10867 2507//10867
f 2548//10868 2588//10868 2507//10868
f 2643//10869 2588//10869 2548//10869
f 2545//10870 2643//10870 2548//10870
f 2636//10871 2643//10871 2545//10871
f 2527//10872 2636//10872 2545//10872
f 2591//10873 2636//10873 2527//10873
f 2509//10874 2591//10874 2527//10874
f 2578//10875 2591//10875 2509//10875
f 2484//10876 2578//10876 2509//10876
f 2539//10877 2578//10877 2484//10877
f 2441//10878 2539//10878 2484//10878
f 2499//10879 2539//10879 2441//10879
f 2402//10880 2499//10880 2441//10880
f 2460//10881 2499//10881 2402//10881
f 2349//10882 2460//10882 2402//10882
f 2403//10883 2460//10883 2349//10883
f 2259//10884 2403//10884 2349//10884
f 2377//10885 2403//10885 2259//10885
f 1971//10886 1832//10886 1896//10886
f 1954//10887 1971//10887 1896//10887
f 2123//10888 1971//10888 1954//10888
f 1952//10889 2123//10889 1954//10889
f 2090//10890 2123//10890 1952//10890
f 2049//10891 2090//10891 1952//10891
f 2068//10892 2090//10892 2049//10892
f 2115//10893 2068//10893 2049//10893
f 2208//10894 2068//10894 2115//10894
f 2178//10895 2208//10895 2115//10895
f 2274//10896 2208//10896 2178//10896
f 2241//10897 2274//10897 2178//10897
f 2331//10898 2274//10898 2241//10898
f 2296//10899 2331//10899 2241//10899
f 2386//10900 2331//10900 2296//10900
f 2354//10901 2386//10901 2296//10901
f 2430//10902 2386//10902 2354//10902
f 2398//10903 2430//10903 2354//10903
f 2474//10904 2430//10904 2398//10904
f 2407//10905 2474//10905 2398//10905
f 2475//10906 2474//10906 2407//10906
f 2399//10907 2475//10907 2407//10907
f 2469//10908 2475//10908 2399//10908
f 2385//10909 2469//10909 2399//10909
f 2447//10910 2469//10910 2385//10910
f 2359//10911 2447//10911 2385//10911
f 2423//10912 2447//10912 2359//10912
f 2330//10913 2423//10913 2359//10913
f 2387//10914 2423//10914 2330//10914
f 2283//10915 2387//10915 2330//10915
f 2344//10916 2387//10916 2283//10916
f 2239//10917 2344//10917 2283//10917
f 2287//10918 2344//10918 2239//10918
f 2149//10919 2287//10919 2239//10919
f 2259//10920 2287//10920 2149//10920
f 1954//10921 1896//10921 1952//10921
f 2152//10922 2178//10922 2115//10922
f 2161//10923 2152//10923 2115//10923
f 2241//10924 2152//10924 2161//10924
f 2215//10925 2241//10925 2161//10925
f 2296//10926 2241//10926 2215//10926
f 2207//10927 2296//10927 2215//10927
f 2269//10928 2296//10928 2207//10928
f 2238//10929 2269//10929 2207//10929
f 2316//10930 2269//10930 2238//10930
f 2234//10931 2316//10931 2238//10931
f 2254//10932 2316//10932 2234//10932
f 2215//10933 2161//10933 2207//10933
f 2238//10934 2207//10934 2234//10934
f 2329//10935 2316//10935 2254//10935
f 2272//10936 2329//10936 2254//10936
f 2277//10937 2329//10937 2272//10937
f 2277//10938 2263//10938 2315//10938
f 2327//10939 2277//10939 2315//10939
f 2407//10940 2277//10940 2327//10940
f 2399//10941 2407//10941 2327//10941
f 2315//10942 2263//10942 2253//10942
f 2242//10943 2315//10943 2253//10943
f 2385//10944 2315//10944 2242//10944
f 2292//10945 2385//10945 2242//10945
f 2359//10946 2385//10946 2292//10946
f 2271//10947 2359//10947 2292//10947
f 2330//10948 2359//10948 2271//10948
f 2233//10949 2330//10949 2271//10949
f 2283//10950 2330//10950 2233//10950
f 2193//10951 2283//10951 2233//10951
f 2239//10952 2283//10952 2193//10952
f 2149//10953 2239//10953 2193//10953
f 2292//10954 2242//10954 2226//10954
f 2209//10955 2292//10955 2226//10955
f 2213//10956 2292//10956 2209//10956
f 2184//10957 2213//10957 2209//10957
f 2147//10958 2213//10958 2184//10958
f 2127//10959 2213//10959 2147//10959
f 2124//10960 2127//10960 2147//10960
f 2072//10961 2127//10961 2124//10961
f 2127//10962 2072//10962 2022//10962
f 2021//10963 2127//10963 2022//10963
f 2078//10964 2127//10964 2021//10964
f 1913//10965 2078//10965 2021//10965
f 2043//10966 2078//10966 1913//10966
f 1955//10967 2021//10967 2022//10967
f 1958//10968 1955//10968 2022//10968
f 1892//10969 1955//10969 1958//10969
f 1886//10970 1892//10970 1958//10970
f 1800//10971 1892//10971 1886//10971
f 1757//10972 1892//10972 1800//10972
f 1682//10973 1757//10973 1800//10973
f 1609//10974 1757//10974 1682//10974
f 1565//10975 1609//10975 1682//10975
f 1447//10976 1609//10976 1565//10976
f 1431//10977 1447//10977 1565//10977
f 1384//10978 1447//10978 1431//10978
f 1447//10979 1384//10979 1329//10979
f 1955//10980 1892//10980 1757//10980
f 1913//10981 1955//10981 1757//10981
f 2021//10982 1955//10982 1913//10982
f 2043//10983 2149//10983 2193//10983
f 2140//10984 2043//10984 2193//10984
f 2078//10985 2043//10985 2140//10985
f 2173//10986 2078//10986 2140//10986
f 2127//10987 2078//10987 2173//10987
f 2213//10988 2127//10988 2173//10988
f 2377//10989 2479//10989 2500//10989
f 2453//10990 2377//10990 2500//10990
f 2403//10991 2377//10991 2453//10991
f 2504//10992 2403//10992 2453//10992
f 2460//10993 2403//10993 2504//10993
f 2560//10994 2460//10994 2504//10994
f 2499//10995 2460//10995 2560//10995
f 2595//10996 2499//10996 2560//10996
f 2539//10997 2499//10997 2595//10997
f 2651//10998 2539//10998 2595//10998
f 2578//10999 2539//10999 2651//10999
f 2681//11000 2578//11000 2651//11000
f 2591//11001 2578//11001 2681//11001
f 2692//11002 2591//11002 2681//11002
f 2636//11003 2591//11003 2692//11003
f 2722//11004 2636//11004 2692//11004
f 2643//11005 2636//11005 2722//11005
f 2678//11006 2643//11006 2722//11006
f 2588//11007 2643//11007 2678//11007
f 2644//11008 2588//11008 2678//11008
f 2547//11009 2588//11009 2644//11009
f 2584//11010 2547//11010 2644//11010
f 2498//11011 2547//11011 2584//11011
f 2528//11012 2498//11012 2584//11012
f 2448//11013 2498//11013 2528//11013
f 2480//11014 2448//11014 2528//11014
f 2395//11015 2448//11015 2480//11015
f 2422//11016 2395//11016 2480//11016
f 2325//11017 2395//11017 2422//11017
f 2356//11018 2325//11018 2422//11018
f 2251//11019 2325//11019 2356//11019
f 2280//11020 2251//11020 2356//11020
f 2142//11021 2251//11021 2280//11021
f 2159//11022 2142//11022 2280//11022
f 1995//11023 2142//11023 2159//11023
f 2017//11024 1995//11024 2159//11024
f 1810//11025 1995//11025 2017//11025
f 1831//11026 1810//11026 2017//11026
f 2479//11027 2587//11027 2631//11027
f 2557//11028 2479//11028 2631//11028
f 2500//11029 2479//11029 2557//11029
f 2637//11030 2500//11030 2557//11030
f 2565//11031 2500//11031 2637//11031
f 2687//11032 2565//11032 2637//11032
f 2634//11033 2565//11033 2687//11033
f 2734//11034 2634//11034 2687//11034
f 2671//11035 2634//11035 2734//11035
f 2773//11036 2671//11036 2734//11036
f 2724//11037 2671//11037 2773//11037
f 2823//11038 2724//11038 2773//11038
f 2750//11039 2724//11039 2823//11039
f 2853//11040 2750//11040 2823//11040
f 2769//11041 2750//11041 2853//11041
f 2880//11042 2769//11042 2853//11042
f 2778//11043 2769//11043 2880//11043
f 2844//11044 2778//11044 2880//11044
f 2758//11045 2778//11045 2844//11045
f 2818//11046 2758//11046 2844//11046
f 2727//11047 2758//11047 2818//11047
f 2763//11048 2727//11048 2818//11048
f 2672//11049 2727//11049 2763//11049
f 2726//11050 2672//11050 2763//11050
f 2639//11051 2672//11051 2726//11051
f 2665//11052 2639//11052 2726//11052
f 2570//11053 2639//11053 2665//11053
f 2592//11054 2570//11054 2665//11054
f 2508//11055 2570//11055 2592//11055
f 2538//11056 2508//11056 2592//11056
f 2449//11057 2508//11057 2538//11057
f 2478//11058 2449//11058 2538//11058
f 2383//11059 2449//11059 2478//11059
f 2410//11060 2383//11060 2478//11060
f 2298//11061 2383//11061 2410//11061
f 2328//11062 2298//11062 2410//11062
f 2181//11063 2298//11063 2328//11063
f 2206//11064 2181//11064 2328//11064
f 2041//11065 2181//11065 2206//11065
f 2058//11066 2041//11066 2206//11066
f 1846//11067 2041//11067 2058//11067
f 1869//11068 1846//11068 2058//11068
f 1571//11069 1846//11069 1869//11069
f 1587//11070 1571//11070 1869//11070
f 1243//11071 1571//11071 1587//11071
f 1248//11072 1243//11072 1587//11072
f 991//11073 1243//11073 1248//11073
f 2587//11074 2708//11074 2729//11074
f 2670//11075 2587//11075 2729//11075
f 2631//11076 2587//11076 2670//11076
f 2741//11077 2631//11077 2670//11077
f 2685//11078 2631//11078 2741//11078
f 2817//11079 2685//11079 2741//11079
f 2747//11080 2685//11080 2817//11080
f 2869//11081 2747//11081 2817//11081
f 2783//11082 2747//11082 2869//11082
f 2908//11083 2783//11083 2869//11083
f 2849//11084 2783//11084 2908//11084
f 2947//11085 2849//11085 2908//11085
f 2892//11086 2849//11086 2947//11086
f 2979//11087 2892//11087 2947//11087
f 2921//11088 2892//11088 2979//11088
f 3019//11089 2921//11089 2979//11089
f 2941//11090 2921//11090 3019//11090
f 2987//11091 2941//11091 3019//11091
f 2918//11092 2941//11092 2987//11092
f 2965//11093 2918//11093 2987//11093
f 2891//11094 2918//11094 2965//11094
f 2932//11095 2891//11095 2965//11095
f 2854//11096 2891//11096 2932//11096
f 2898//11097 2854//11097 2932//11097
f 2820//11098 2854//11098 2898//11098
f 2852//11099 2820//11099 2898//11099
f 2757//11100 2820//11100 2852//11100
f 2782//11101 2757//11101 2852//11101
f 2693//11102 2757//11102 2782//11102
f 2743//11103 2693//11103 2782//11103
f 2646//11104 2693//11104 2743//11104
f 2682//11105 2646//11105 2743//11105
f 2574//11106 2646//11106 2682//11106
f 2597//11107 2574//11107 2682//11107
f 2502//11108 2574//11108 2597//11108
f 2529//11109 2502//11109 2597//11109
f 2431//11110 2502//11110 2529//11110
f 2464//11111 2431//11111 2529//11111
f 2355//11112 2431//11112 2464//11112
f 2379//11113 2355//11113 2464//11113
f 2222//11114 2355//11114 2379//11114
f 2240//11115 2222//11115 2379//11115
f 2074//11116 2222//11116 2240//11116
f 2089//11117 2074//11117 2240//11117
f 1880//11118 2074//11118 2089//11118
f 1904//11119 1880//11119 2089//11119
f 1600//11120 1880//11120 1904//11120
f 2708//11121 2826//11121 2837//11121
f 2774//11122 2708//11122 2837//11122
f 2729//11123 2708//11123 2774//11123
f 2858//11124 2729//11124 2774//11124
f 2779//11125 2729//11125 2858//11125
f 2919//11126 2779//11126 2858//11126
f 2871//11127 2779//11127 2919//11127
f 2973//11128 2871//11128 2919//11128
f 2920//11129 2871//11129 2973//11129
f 3037//11130 2920//11130 2973//11130
f 2968//11131 2920//11131 3037//11131
f 3083//11132 2968//11132 3037//11132
f 3017//11133 2968//11133 3083//11133
f 3132//11134 3017//11134 3083//11134
f 3123//11135 3017//11135 3132//11135
f 3148//11136 3123//11136 3132//11136
f 3063//11137 3123//11137 3148//11137
f 3164//11138 3063//11138 3148//11138
f 3088//11139 3063//11139 3164//11139
f 3144//11140 3088//11140 3164//11140
f 3072//11141 3088//11141 3144//11141
f 3115//11142 3072//11142 3144//11142
f 3053//11143 3072//11143 3115//11143
f 3090//11144 3053//11144 3115//11144
f 3005//11145 3053//11145 3090//11145
f 3064//11146 3005//11146 3090//11146
f 2972//11147 3005//11147 3064//11147
f 3026//11148 2972//11148 3064//11148
f 2933//11149 2972//11149 3026//11149
f 2974//11150 2933//11150 3026//11150
f 2896//11151 2933//11151 2974//11151
f 2931//11152 2896//11152 2974//11152
f 2841//11153 2896//11153 2931//11153
f 2886//11154 2841//11154 2931//11154
f 2771//11155 2841//11155 2886//11155
f 2822//11156 2771//11156 2886//11156
f 2723//11157 2771//11157 2822//11157
f 2751//11158 2723//11158 2822//11158
f 2647//11159 2723//11159 2751//11159
f 2673//11160 2647//11160 2751//11160
f 2564//11161 2647//11161 2673//11161
f 2589//11162 2564//11162 2673//11162
f 2486//11163 2564//11163 2589//11163
f 2505//11164 2486//11164 2589//11164
f 2404//11165 2486//11165 2505//11165
f 2426//11166 2404//11166 2505//11166
f 2261//11167 2404//11167 2426//11167
f 2281//11168 2261//11168 2426//11168
f 2117//11169 2261//11169 2281//11169
f 2826//11170 2930//11170 2980//11170
f 2939//11171 2826//11171 2980//11171
f 2895//11172 2826//11172 2939//11172
f 3006//11173 2895//11173 2939//11173
f 2957//11174 2895//11174 3006//11174
f 3081//11175 2957//11175 3006//11175
f 3033//11176 2957//11176 3081//11176
f 3153//11177 3033//11177 3081//11177
f 3147//11178 3033//11178 3153//11178
f 3131//11179 3147//11179 3153//11179
f 3092//11180 3147//11180 3131//11180
f 3045//11181 3092//11181 3131//11181
f 2969//11182 3092//11182 3045//11182
f 2919//11183 2969//11183 3045//11183
f 2858//11184 2969//11184 2919//11184
f 2930//11185 3038//11185 3087//11185
f 3051//11186 2930//11186 3087//11186
f 2980//11187 2930//11187 3051//11187
f 3112//11188 2980//11188 3051//11188
f 3065//11189 2980//11189 3112//11189
f 3231//11190 3065//11190 3112//11190
f 3205//11191 3065//11191 3231//11191
f 3190//11192 3205//11192 3231//11192
f 3133//11193 3205//11193 3190//11193
f 3081//11194 3133//11194 3190//11194
f 3006//11195 3133//11195 3081//11195
f 3038//11196 3130//11196 3203//11196
f 3135//11197 3038//11197 3203//11197
f 3087//11198 3038//11198 3135//11198
f 3233//11199 3087//11199 3135//11199
f 3166//11200 3087//11200 3233//11200
f 3277//11201 3166//11201 3233//11201
f 3231//11202 3166//11202 3277//11202
f 3130//11203 3245//11203 3303//11203
f 3250//11204 3130//11204 3303//11204
f 3203//11205 3130//11205 3250//11205
f 3344//11206 3203//11206 3250//11206
f 3289//11207 3203//11207 3344//11207
f 3302//11208 3289//11208 3344//11208
f 3277//11209 3289//11209 3302//11209
f 3245//11210 3373//11210 3428//11210
f 3372//11211 3245//11211 3428//11211
f 3303//11212 3245//11212 3372//11212
f 3443//11213 3303//11213 3372//11213
f 3393//11214 3303//11214 3443//11214
f 3373//11215 3503//11215 3558//11215
f 3539//11216 3373//11216 3558//11216
f 3488//11217 3373//11217 3539//11217
f 3498//11218 3488//11218 3539//11218
f 3443//11219 3488//11219 3498//11219
f 3625//11220 3558//11220 3503//11220
f 3652//11221 3625//11221 3503//11221
f 3745//11222 3625//11222 3652//11222
f 3855//11223 3745//11223 3652//11223
f 3854//11224 3745//11224 3855//11224
f 4000//11225 3854//11225 3855//11225
f 4081//11226 4000//11226 3855//11226
f 4131//11227 4000//11227 4081//11227
f 4226//11228 4131//11228 4081//11228
f 3539//11229 3558//11229 3498//11229
f 3250//11230 3303//11230 3393//11230
f 3344//11231 3250//11231 3393//11231
f 3081//11232 3190//11232 3153//11232
f 3045//11233 3131//11233 3121//11233
f 3093//11234 3045//11234 3121//11234
f 2973//11235 3045//11235 3093//11235
f 3037//11236 2973//11236 3093//11236
f 3093//11237 3121//11237 3118//11237
f 3037//11238 3093//11238 3118//11238
f 3083//11239 3037//11239 3118//11239
f 3122//11240 3083//11240 3118//11240
f 3132//11241 3083//11241 3122//11241
f 3164//11242 3148//11242 3171//11242
f 3210//11243 3164//11243 3171//11243
f 3144//11244 3164//11244 3210//11244
f 3215//11245 3144//11245 3210//11245
f 3115//11246 3144//11246 3215//11246
f 3181//11247 3115//11247 3215//11247
f 3090//11248 3115//11248 3181//11248
f 3141//11249 3090//11249 3181//11249
f 3064//11250 3090//11250 3141//11250
f 3104//11251 3064//11251 3141//11251
f 3026//11252 3064//11252 3104//11252
f 3070//11253 3026//11253 3104//11253
f 2974//11254 3026//11254 3070//11254
f 3025//11255 2974//11255 3070//11255
f 2931//11256 2974//11256 3025//11256
f 2967//11257 2931//11257 3025//11257
f 2886//11258 2931//11258 2967//11258
f 2917//11259 2886//11259 2967//11259
f 2822//11260 2886//11260 2917//11260
f 2859//11261 2822//11261 2917//11261
f 2751//11262 2822//11262 2859//11262
f 2776//11263 2751//11263 2859//11263
f 2673//11264 2751//11264 2776//11264
f 2721//11265 2673//11265 2776//11265
f 2589//11266 2673//11266 2721//11266
f 2638//11267 2589//11267 2721//11267
f 2505//11268 2589//11268 2638//11268
f 2530//11269 2505//11269 2638//11269
f 2426//11270 2505//11270 2530//11270
f 2442//11271 2426//11271 2530//11271
f 2281//11272 2426//11272 2442//11272
f 3215//11273 3210//11273 3239//11273
f 3275//11274 3215//11274 3239//11274
f 3181//11275 3215//11275 3275//11275
f 3240//11276 3181//11276 3275//11276
f 3141//11277 3181//11277 3240//11277
f 3208//11278 3141//11278 3240//11278
f 3104//11279 3141//11279 3208//11279
f 3156//11280 3104//11280 3208//11280
f 3070//11281 3104//11281 3156//11281
f 3110//11282 3070//11282 3156//11282
f 3025//11283 3070//11283 3110//11283
f 3066//11284 3025//11284 3110//11284
f 2967//11285 3025//11285 3066//11285
f 3004//11286 2967//11286 3066//11286
f 2917//11287 2967//11287 3004//11287
f 2948//11288 2917//11288 3004//11288
f 2859//11289 2917//11289 2948//11289
f 2897//11290 2859//11290 2948//11290
f 2776//11291 2859//11291 2897//11291
f 2824//11292 2776//11292 2897//11292
f 2721//11293 2776//11293 2824//11293
f 2744//11294 2721//11294 2824//11294
f 2638//11295 2721//11295 2744//11295
f 2655//11296 2638//11296 2744//11296
f 2530//11297 2638//11297 2655//11297
f 2562//11298 2530//11298 2655//11298
f 2442//11299 2530//11299 2562//11299
f 3240//11300 3275//11300 3322//11300
f 3299//11301 3240//11301 3322//11301
f 3208//11302 3240//11302 3299//11302
f 3261//11303 3208//11303 3299//11303
f 3156//11304 3208//11304 3261//11304
f 3219//11305 3156//11305 3261//11305
f 3110//11306 3156//11306 3219//11306
f 3159//11307 3110//11307 3219//11307
f 3066//11308 3110//11308 3159//11308
f 3105//11309 3066//11309 3159//11309
f 3004//11310 3066//11310 3105//11310
f 3058//11311 3004//11311 3105//11311
f 2948//11312 3004//11312 3058//11312
f 2985//11313 2948//11313 3058//11313
f 2897//11314 2948//11314 2985//11314
f 2927//11315 2897//11315 2985//11315
f 2824//11316 2897//11316 2927//11316
f 2861//11317 2824//11317 2927//11317
f 2744//11318 2824//11318 2861//11318
f 2768//11319 2744//11319 2861//11319
f 2655//11320 2744//11320 2768//11320
f 2688//11321 2655//11321 2768//11321
f 2562//11322 2655//11322 2688//11322
f 3299//11323 3322//11323 3388//11323
f 3376//11324 3299//11324 3388//11324
f 3261//11325 3299//11325 3376//11325
f 3321//11326 3261//11326 3376//11326
f 3219//11327 3261//11327 3321//11327
f 3272//11328 3219//11328 3321//11328
f 3159//11329 3219//11329 3272//11329
f 3223//11330 3159//11330 3272//11330
f 3105//11331 3159//11331 3223//11331
f 3150//11332 3105//11332 3223//11332
f 3058//11333 3105//11333 3150//11333
f 3091//11334 3058//11334 3150//11334
f 2985//11335 3058//11335 3091//11335
f 3034//11336 2985//11336 3091//11336
f 2927//11337 2985//11337 3034//11337
f 2960//11338 2927//11338 3034//11338
f 2861//11339 2927//11339 2960//11339
f 2894//11340 2861//11340 2960//11340
f 2768//11341 2861//11341 2894//11341
f 2819//11342 2768//11342 2894//11342
f 2688//11343 2768//11343 2819//11343
f 3376//11344 3388//11344 3458//11344
f 3457//11345 3376//11345 3458//11345
f 3321//11346 3376//11346 3457//11346
f 3401//11347 3321//11347 3457//11347
f 3272//11348 3321//11348 3401//11348
f 3333//11349 3272//11349 3401//11349
f 3223//11350 3272//11350 3333//11350
f 3271//11351 3223//11351 3333//11351
f 3150//11352 3223//11352 3271//11352
f 3211//11353 3150//11353 3271//11353
f 3091//11354 3150//11354 3211//11354
f 3128//11355 3091//11355 3211//11355
f 3034//11356 3091//11356 3128//11356
f 3071//11357 3034//11357 3128//11357
f 2960//11358 3034//11358 3071//11358
f 2991//11359 2960//11359 3071//11359
f 2894//11360 2960//11360 2991//11360
f 2923//11361 2894//11361 2991//11361
f 2819//11362 2894//11362 2923//11362
f 3457//11363 3458//11363 3540//11363
f 3542//11364 3457//11364 3540//11364
f 3401//11365 3457//11365 3542//11365
f 3480//11366 3401//11366 3542//11366
f 3333//11367 3401//11367 3480//11367
f 3410//11368 3333//11368 3480//11368
f 3271//11369 3333//11369 3410//11369
f 3327//11370 3271//11370 3410//11370
f 3211//11371 3271//11371 3327//11371
f 3256//11372 3211//11372 3327//11372
f 3128//11373 3211//11373 3256//11373
f 3185//11374 3128//11374 3256//11374
f 3071//11375 3128//11375 3185//11375
f 3103//11376 3071//11376 3185//11376
f 2991//11377 3071//11377 3103//11377
f 3036//11378 2991//11378 3103//11378
f 2923//11379 2991//11379 3036//11379
f 3542//11380 3540//11380 3632//11380
f 3626//11381 3542//11381 3632//11381
f 3480//11382 3542//11382 3626//11382
f 3553//11383 3480//11383 3626//11383
f 3410//11384 3480//11384 3553//11384
f 3486//11385 3410//11385 3553//11385
f 3327//11386 3410//11386 3486//11386
f 3398//11387 3327//11387 3486//11387
f 3256//11388 3327//11388 3398//11388
f 3305//11389 3256//11389 3398//11389
f 3185//11390 3256//11390 3305//11390
f 3234//11391 3185//11391 3305//11391
f 3103//11392 3185//11392 3234//11392
f 3143//11393 3103//11393 3234//11393
f 3036//11394 3103//11394 3143//11394
f 3626//11395 3632//11395 3807//11395
f 3777//11396 3626//11396 3807//11396
f 3553//11397 3626//11397 3777//11397
f 3646//11398 3553//11398 3777//11398
f 3486//11399 3553//11399 3646//11399
f 3554//11400 3486//11400 3646//11400
f 3398//11401 3486//11401 3554//11401
f 3472//11402 3398//11402 3554//11402
f 3305//11403 3398//11403 3472//11403
f 3368//11404 3305//11404 3472//11404
f 3234//11405 3305//11405 3368//11405
f 3282//11406 3234//11406 3368//11406
f 3143//11407 3234//11407 3282//11407
f 3777//11408 3807//11408 4043//11408
f 3932//11409 3777//11409 4043//11409
f 3646//11410 3777//11410 3932//11410
f 3790//11411 3646//11411 3932//11411
f 3554//11412 3646//11412 3790//11412
f 3640//11413 3554//11413 3790//11413
f 3472//11414 3554//11414 3640//11414
f 3541//11415 3472//11415 3640//11415
f 3368//11416 3472//11416 3541//11416
f 3437//11417 3368//11417 3541//11417
f 3282//11418 3368//11418 3437//11418
f 3932//11419 4043//11419 4245//11419
f 4114//11420 3932//11420 4245//11420
f 3790//11421 3932//11421 4114//11421
f 3951//11422 3790//11422 4114//11422
f 3640//11423 3790//11423 3951//11423
f 3784//11424 3640//11424 3951//11424
f 3541//11425 3640//11425 3784//11425
f 3618//11426 3541//11426 3784//11426
f 3437//11427 3541//11427 3618//11427
f 4250//11428 4114//11428 4245//11428
f 4487//11429 4250//11429 4245//11429
f 4390//11430 4250//11430 4487//11430
f 4662//11431 4390//11431 4487//11431
f 4581//11432 4390//11432 4662//11432
f 4732//11433 4581//11433 4662//11433
f 4662//11434 4487//11434 4677//11434
f 4730//11435 4662//11435 4677//11435
f 4732//11436 4662//11436 4730//11436
f 4791//11437 4732//11437 4730//11437
f 4845//11438 4732//11438 4791//11438
f 4933//11439 4980//11439 5047//11439
f 885//11440 897//11440 842//11440
f 1587//11441 1880//11441 1600//11441
f 1248//11442 1587//11442 1600//11442
f 2089//11443 2261//11443 2117//11443
f 1904//11444 2089//11444 2117//11444
f 3924//11445 3618//11445 3784//11445
f 4122//11446 3924//11446 3784//11446
f 4251//11447 3924//11447 4122//11447
f 4390//11448 4251//11448 4122//11448
f 4581//11449 4251//11449 4390//11449
f 1869//11450 2074//11450 1880//11450
f 1587//11451 1869//11451 1880//11451
f 2240//11452 2404//11452 2261//11452
f 2089//11453 2240//11453 2261//11453
f 4122//11454 4250//11454 4390//11454
f 3951//11455 4250//11455 4122//11455
f 3784//11456 3951//11456 4122//11456
f 2058//11457 2222//11457 2074//11457
f 1869//11458 2058//11458 2074//11458
f 2379//11459 2486//11459 2404//11459
f 2240//11460 2379//11460 2404//11460
f 3951//11461 4114//11461 4250//11461
f 1846//11462 1571//11462 1547//11462
f 1831//11463 1846//11463 1547//11463
f 2041//11464 1846//11464 1831//11464
f 2017//11465 2041//11465 1831//11465
f 2181//11466 2041//11466 2017//11466
f 2159//11467 2181//11467 2017//11467
f 2298//11468 2181//11468 2159//11468
f 2280//11469 2298//11469 2159//11469
f 2383//11470 2298//11470 2280//11470
f 2356//11471 2383//11471 2280//11471
f 2449//11472 2383//11472 2356//11472
f 2422//11473 2449//11473 2356//11473
f 2508//11474 2449//11474 2422//11474
f 2480//11475 2508//11475 2422//11475
f 2570//11476 2508//11476 2480//11476
f 2528//11477 2570//11477 2480//11477
f 2639//11478 2570//11478 2528//11478
f 2584//11479 2639//11479 2528//11479
f 2672//11480 2639//11480 2584//11480
f 2644//11481 2672//11481 2584//11481
f 2727//11482 2672//11482 2644//11482
f 2678//11483 2727//11483 2644//11483
f 2758//11484 2727//11484 2678//11484
f 2722//11485 2758//11485 2678//11485
f 2778//11486 2758//11486 2722//11486
f 2692//11487 2778//11487 2722//11487
f 2769//11488 2778//11488 2692//11488
f 2681//11489 2769//11489 2692//11489
f 2750//11490 2769//11490 2681//11490
f 2651//11491 2750//11491 2681//11491
f 2724//11492 2750//11492 2651//11492
f 2595//11493 2724//11493 2651//11493
f 2671//11494 2724//11494 2595//11494
f 2560//11495 2671//11495 2595//11495
f 2634//11496 2671//11496 2560//11496
f 2504//11497 2634//11497 2560//11497
f 2565//11498 2634//11498 2504//11498
f 2453//11499 2565//11499 2504//11499
f 2500//11500 2565//11500 2453//11500
f 1547//11501 1524//11501 1831//11501
f 2206//11502 2355//11502 2222//11502
f 2058//11503 2206//11503 2222//11503
f 2464//11504 2564//11504 2486//11504
f 2379//11505 2464//11505 2486//11505
f 2328//11506 2431//11506 2355//11506
f 2206//11507 2328//11507 2355//11507
f 2529//11508 2647//11508 2564//11508
f 2464//11509 2529//11509 2564//11509
f 1810//11510 1784//11510 1995//11510
f 2410//11511 2502//11511 2431//11511
f 2328//11512 2410//11512 2431//11512
f 2597//11513 2723//11513 2647//11513
f 2529//11514 2597//11514 2647//11514
f 2478//11515 2574//11515 2502//11515
f 2410//11516 2478//11516 2502//11516
f 2682//11517 2771//11517 2723//11517
f 2597//11518 2682//11518 2723//11518
f 2538//11519 2646//11519 2574//11519
f 2478//11520 2538//11520 2574//11520
f 2743//11521 2841//11521 2771//11521
f 2682//11522 2743//11522 2771//11522
f 2592//11523 2693//11523 2646//11523
f 2538//11524 2592//11524 2646//11524
f 2782//11525 2896//11525 2841//11525
f 2743//11526 2782//11526 2841//11526
f 2228//11527 2123//11527 2090//11527
f 2208//11528 2228//11528 2090//11528
f 2291//11529 2228//11529 2208//11529
f 2274//11530 2291//11530 2208//11530
f 2360//11531 2291//11531 2274//11531
f 2331//11532 2360//11532 2274//11532
f 2419//11533 2360//11533 2331//11533
f 2386//11534 2419//11534 2331//11534
f 2470//11535 2419//11535 2386//11535
f 2430//11536 2470//11536 2386//11536
f 2507//11537 2470//11537 2430//11537
f 2474//11538 2507//11538 2430//11538
f 2548//11539 2507//11539 2474//11539
f 2475//11540 2548//11540 2474//11540
f 2545//11541 2548//11541 2475//11541
f 2469//11542 2545//11542 2475//11542
f 2527//11543 2545//11543 2469//11543
f 2447//11544 2527//11544 2469//11544
f 2509//11545 2527//11545 2447//11545
f 2423//11546 2509//11546 2447//11546
f 2484//11547 2509//11547 2423//11547
f 2387//11548 2484//11548 2423//11548
f 2441//11549 2484//11549 2387//11549
f 2344//11550 2441//11550 2387//11550
f 2402//11551 2441//11551 2344//11551
f 2287//11552 2402//11552 2344//11552
f 2349//11553 2402//11553 2287//11553
f 2259//11554 2349//11554 2287//11554
f 2090//11555 2068//11555 2208//11555
f 2665//11556 2757//11556 2693//11556
f 2592//11557 2665//11557 2693//11557
f 2852//11558 2933//11558 2896//11558
f 2782//11559 2852//11559 2896//11559
f 2726//11560 2820//11560 2757//11560
f 2665//11561 2726//11561 2757//11561
f 2898//11562 2972//11562 2933//11562
f 2852//11563 2898//11563 2933//11563
f 2932//11564 3005//11564 2972//11564
f 2898//11565 2932//11565 2972//11565
f 2763//11566 2854//11566 2820//11566
f 2726//11567 2763//11567 2820//11567
f 2178//11568 2152//11568 2241//11568
f 2818//11569 2891//11569 2854//11569
f 2763//11570 2818//11570 2854//11570
f 2965//11571 3053//11571 3005//11571
f 2932//11572 2965//11572 3005//11572
f 2844//11573 2918//11573 2891//11573
f 2818//11574 2844//11574 2891//11574
f 2987//11575 3072//11575 3053//11575
f 2965//11576 2987//11576 3053//11576
f 3019//11577 3088//11577 3072//11577
f 2987//11578 3019//11578 3072//11578
f 2880//11579 2941//11579 2918//11579
f 2844//11580 2880//11580 2918//11580
f 2316//11581 2398//11581 2354//11581
f 2269//11582 2316//11582 2354//11582
f 2296//11583 2269//11583 2354//11583
f 2329//11584 2407//11584 2398//11584
f 2316//11585 2329//11585 2398//11585
f 2853//11586 2921//11586 2941//11586
f 2880//11587 2853//11587 2941//11587
f 2979//11588 3063//11588 3088//11588
f 3019//11589 2979//11589 3088//11589
f 2329//11590 2277//11590 2407//11590
f 2823//11591 2892//11591 2921//11591
f 2853//11592 2823//11592 2921//11592
f 3063//11593 3017//11593 3123//11593
f 2947//11594 3017//11594 3063//11594
f 2979//11595 2947//11595 3063//11595
f 2315//11596 2385//11596 2399//11596
f 2327//11597 2315//11597 2399//11597
f 2773//11598 2849//11598 2892//11598
f 2823//11599 2773//11599 2892//11599
f 2908//11600 2968//11600 3017//11600
f 2947//11601 2908//11601 3017//11601
f 2734//11602 2783//11602 2849//11602
f 2773//11603 2734//11603 2849//11603
f 2869//11604 2920//11604 2968//11604
f 2908//11605 2869//11605 2968//11605
f 2687//11606 2747//11606 2783//11606
f 2734//11607 2687//11607 2783//11607
f 2817//11608 2871//11608 2920//11608
f 2869//11609 2817//11609 2920//11609
f 2973//11610 2919//11610 3045//11610
f 3092//11611 3033//11611 3147//11611
f 2969//11612 3033//11612 3092//11612
f 2271//11613 2292//11613 2213//11613
f 2173//11614 2271//11614 2213//11614
f 2233//11615 2271//11615 2173//11615
f 2140//11616 2233//11616 2173//11616
f 2193//11617 2233//11617 2140//11617
f 2637//11618 2685//11618 2747//11618
f 2687//11619 2637//11619 2747//11619
f 2741//11620 2779//11620 2871//11620
f 2817//11621 2741//11621 2871//11621
f 2907//11622 3033//11622 2969//11622
f 2858//11623 2907//11623 2969//11623
f 2774//11624 2907//11624 2858//11624
f 3133//11625 3065//11625 3205//11625
f 3006//11626 3065//11626 3133//11626
f 2557//11627 2631//11627 2685//11627
f 2637//11628 2557//11628 2685//11628
f 2670//11629 2729//11629 2779//11629
f 2741//11630 2670//11630 2779//11630
f 2957//11631 3033//11631 2907//11631
f 2837//11632 2957//11632 2907//11632
f 2895//11633 2957//11633 2837//11633
f 2826//11634 2895//11634 2837//11634
f 2774//11635 2837//11635 2907//11635
f 3112//11636 3166//11636 3231//11636
f 2939//11637 2980//11637 3065//11637
f 3006//11638 2939//11638 3065//11638
f 3233//11639 3289//11639 3277//11639
f 3051//11640 3087//11640 3166//11640
f 3112//11641 3051//11641 3166//11641
f 3135//11642 3203//11642 3289//11642
f 3233//11643 3135//11643 3289//11643
f 3428//11644 3488//11644 3443//11644
f 3372//11645 3428//11645 3443//11645
f 3428//11646 3373//11646 3488//11646
f 1740//11647 1737//11647 1736//11647
f 1760//11648 1740//11648 1736//11648
f 1755//11649 1740//11649 1760//11649
f 1766//11650 1755//11650 1760//11650
f 1767//11651 1755//11651 1766//11651
f 1766//11652 1760//11652 1801//11652
f 1817//11653 1766//11653 1801//11653
f 1849//11654 1817//11654 1801//11654
f 1872//11655 1817//11655 1849//11655
f 1910//11656 1872//11656 1849//11656
f 1936//11657 1872//11657 1910//11657
f 1977//11658 1936//11658 1910//11658
f 2010//11659 1936//11659 1977//11659
f 2057//11660 2010//11660 1977//11660
f 2087//11661 2010//11661 2057//11661
f 2139//11662 2087//11662 2057//11662
f 2168//11663 2087//11663 2139//11663
f 2211//11664 2168//11664 2139//11664
f 2250//11665 2168//11665 2211//11665
f 2288//11666 2250//11666 2211//11666
f 2342//11667 2250//11667 2288//11667
f 2384//11668 2342//11668 2288//11668
f 2432//11669 2342//11669 2384//11669
f 2473//11670 2432//11670 2384//11670
f 2519//11671 2432//11671 2473//11671
f 2561//11672 2519//11672 2473//11672
f 2635//11673 2519//11673 2561//11673
f 2661//11674 2635//11674 2561//11674
f 2728//11675 2635//11675 2661//11675
f 2756//11676 2728//11676 2661//11676
f 2825//11677 2728//11677 2756//11677
f 2855//11678 2825//11678 2756//11678
f 2916//11679 2825//11679 2855//11679
f 2937//11680 2916//11680 2855//11680
f 3000//11681 2916//11681 2937//11681
f 3029//11682 3000//11682 2937//11682
f 3085//11683 3000//11683 3029//11683
f 3101//11684 3085//11684 3029//11684
f 3163//11685 3085//11685 3101//11685
f 3196//11686 3163//11686 3101//11686
f 3258//11687 3163//11687 3196//11687
f 3273//11688 3258//11688 3196//11688
f 3339//11689 3258//11689 3273//11689
f 3349//11690 3339//11690 3273//11690
f 3426//11691 3339//11691 3349//11691
f 3436//11692 3426//11692 3349//11692
f 3499//11693 3426//11693 3436//11693
f 3505//11694 3499//11694 3436//11694
f 3561//11695 3499//11695 3505//11695
f 3562//11696 3561//11696 3505//11696
f 3614//11697 3561//11697 3562//11697
f 3616//11698 3614//11698 3562//11698
f 3647//11699 3614//11699 3616//11699
f 3650//11700 3647//11700 3616//11700
f 3680//11701 3647//11701 3650//11701
f 3679//11702 3680//11702 3650//11702
f 1732//11703 1731//11703 1736//11703
f 1734//11704 1732//11704 1736//11704
f 1733//11705 1732//11705 1734//11705
f 1734//11706 1736//11706 1737//11706
f 1735//11707 1734//11707 1737//11707
f 1443//11708 1328//11708 1389//11708
f 1454//11709 1443//11709 1389//11709
f 1510//11710 1443//11710 1454//11710
f 1603//11711 1443//11711 1510//11711
f 1601//11712 1603//11712 1510//11712
f 1746//11713 1603//11713 1601//11713
f 1661//11714 1746//11714 1601//11714
f 1758//11715 1746//11715 1661//11715
f 1716//11716 1758//11716 1661//11716
f 1853//11717 1758//11717 1716//11717
f 1661//11718 1601//11718 1667//11718
f 1716//11719 1661//11719 1667//11719
f 1866//11720 1758//11720 1853//11720
f 2035//11721 1866//11721 1853//11721
f 1908//11722 1866//11722 2035//11722
f 1866//11723 1908//11723 1746//11723
f 1758//11724 1866//11724 1746//11724
f 381//11725 457//11725 502//11725
f 370//11726 381//11726 502//11726
f 366//11727 381//11727 370//11727
f 351//11728 366//11728 370//11728
f 337//11729 351//11729 370//11729
f 340//11730 351//11730 337//11730
f 326//11731 340//11731 337//11731
f 316//11732 326//11732 337//11732
f 318//11733 316//11733 337//11733
f 308//11734 316//11734 318//11734
f 502//11735 457//11735 511//11735
f 562//11736 502//11736 511//11736
f 613//11737 502//11737 562//11737
f 610//11738 613//11738 562//11738
f 656//11739 613//11739 610//11739
f 710//11740 613//11740 656//11740
f 704//11741 710//11741 656//11741
f 729//11742 710//11742 704//11742
f 710//11743 729//11743 752//11743
f 796//11744 710//11744 752//11744
f 763//11745 710//11745 796//11745
f 799//11746 763//11746 796//11746
f 831//11747 799//11747 796//11747
f 865//11748 831//11748 796//11748
f 859//11749 831//11749 865//11749
f 883//11750 859//11750 865//11750
f 921//11751 883//11751 865//11751
f 907//11752 883//11752 921//11752
f 934//11753 907//11753 921//11753
f 958//11754 934//11754 921//11754
f 984//11755 958//11755 921//11755
f 980//11756 958//11756 984//11756
f 1005//11757 980//11757 984//11757
f 1063//11758 1005//11758 984//11758
f 1070//11759 1005//11759 1063//11759
f 1166//11760 1070//11760 1063//11760
f 1200//11761 1166//11761 1063//11761
f 1271//11762 1166//11762 1200//11762
f 1332//11763 1271//11763 1200//11763
f 1368//11764 1271//11764 1332//11764
f 1415//11765 1368//11765 1332//11765
f 1436//11766 1368//11766 1415//11766
f 1480//11767 1436//11767 1415//11767
f 1489//11768 1436//11768 1480//11768
f 1526//11769 1489//11769 1480//11769
f 1531//11770 1489//11770 1526//11770
f 1554//11771 1531//11771 1526//11771
f 1555//11772 1554//11772 1526//11772
f 1544//11773 1554//11773 1555//11773
f 1542//11774 1544//11774 1555//11774
f 1505//11775 1544//11775 1542//11775
f 1513//11776 1505//11776 1542//11776
f 1498//11777 1505//11777 1513//11777
f 1471//11778 1498//11778 1513//11778
f 1459//11779 1498//11779 1471//11779
f 1441//11780 1459//11780 1471//11780
f 1425//11781 1459//11781 1441//11781
f 1411//11782 1425//11782 1441//11782
f 1393//11783 1425//11783 1411//11783
f 1376//11784 1393//11784 1411//11784
f 1366//11785 1393//11785 1376//11785
f 1343//11786 1366//11786 1376//11786
f 1358//11787 1366//11787 1343//11787
f 1317//11788 1358//11788 1343//11788
f 1318//11789 1317//11789 1343//11789
f 1297//11790 1317//11790 1318//11790
f 796//11791 752//11791 780//11791
f 800//11792 796//11792 780//11792
f 822//11793 796//11793 800//11793
f 796//11794 822//11794 841//11794
f 865//11795 796//11795 841//11795
f 865//11796 841//11796 873//11796
f 906//11797 865//11797 873//11797
f 921//11798 865//11798 906//11798
f 940//11799 921//11799 906//11799
f 970//11800 921//11800 940//11800
f 984//11801 921//11801 970//11801
f 1003//11802 984//11802 970//11802
f 1063//11803 984//11803 1003//11803
f 1033//11804 1063//11804 1003//11804
f 1104//11805 1063//11805 1033//11805
f 1063//11806 1104//11806 1165//11806
f 1200//11807 1063//11807 1165//11807
f 1200//11808 1165//11808 1229//11808
f 1332//11809 1200//11809 1229//11809
f 1332//11810 1229//11810 1349//11810
f 1415//11811 1332//11811 1349//11811
f 1415//11812 1349//11812 1417//11812
f 1478//11813 1415//11813 1417//11813
f 1480//11814 1415//11814 1478//11814
f 1516//11815 1480//11815 1478//11815
f 1526//11816 1480//11816 1516//11816
f 1550//11817 1526//11817 1516//11817
f 1555//11818 1526//11818 1550//11818
f 1551//11819 1555//11819 1550//11819
f 1542//11820 1555//11820 1551//11820
f 1513//11821 1542//11821 1551//11821
f 1441//11822 1471//11822 1444//11822
f 1411//11823 1441//11823 1444//11823
f 1294//11824 1317//11824 1297//11824
f 1281//11825 1294//11825 1297//11825
f 1280//11826 1294//11826 1281//11826
f 1267//11827 1280//11827 1281//11827
f 1266//11828 1280//11828 1267//11828
f 1256//11829 1266//11829 1267//11829
f 1254//11830 1266//11830 1256//11830
f 1245//11831 1254//11831 1256//11831
f 1244//11832 1254//11832 1245//11832
f 1366//11833 1358//11833 1393//11833
f 1498//11834 1459//11834 1505//11834
f 710//11835 763//11835 727//11835
f 690//11836 710//11836 727//11836
f 654//11837 710//11837 690//11837
f 613//11838 710//11838 654//11838
f 618//11839 613//11839 654//11839
f 586//11840 613//11840 618//11840
f 613//11841 586//11841 551//11841
f 502//11842 613//11842 551//11842
f 502//11843 551//11843 509//11843
f 468//11844 502//11844 509//11844
f 419//11845 502//11845 468//11845
f 370//11846 502//11846 419//11846
f 371//11847 370//11847 419//11847
f 357//11848 370//11848 371//11848
f 337//11849 370//11849 357//11849
f 343//11850 337//11850 357//11850
f 330//11851 337//11851 343//11851
f 337//11852 330//11852 318//11852
f 305//11853 316//11853 308//11853
f 297//11854 305//11854 308//11854
f 293//11855 305//11855 297//11855
f 286//11856 293//11856 297//11856
f 282//11857 293//11857 286//11857
f 278//11858 282//11858 286//11858
f 276//11859 282//11859 278//11859
f 275//11860 276//11860 278//11860
f 5633//11861 5613//11861 5619//11861
f 5632//11862 5633//11862 5619//11862
f 5645//11863 5633//11863 5632//11863
f 5633//11864 5645//11864 5658//11864
f 5675//11865 5633//11865 5658//11865
f 5653//11866 5633//11866 5675//11866
f 5664//11867 5653//11867 5675//11867
f 5672//11868 5664//11868 5675//11868
f 5691//11869 5672//11869 5675//11869
f 5705//11870 5691//11870 5675//11870
f 5698//11871 5705//11871 5675//11871
f 5718//11872 5705//11872 5698//11872
f 5675//11873 5658//11873 5666//11873
f 5679//11874 5675//11874 5666//11874
f 5685//11875 5675//11875 5679//11875
f 5675//11876 5685//11876 5698//11876
f 5722//11877 5705//11877 5718//11877
f 5727//11878 5722//11878 5718//11878
f 5731//11879 5722//11879 5727//11879
f 5734//11880 5731//11880 5727//11880
f 5633//11881 5653//11881 5644//11881
f 5631//11882 5633//11882 5644//11882
f 5588//11883 5633//11883 5631//11883
f 5454//11884 5633//11884 5588//11884
f 5493//11885 5454//11885 5588//11885
f 5411//11886 5454//11886 5493//11886
f 5288//11887 5454//11887 5411//11887
f 5336//11888 5288//11888 5411//11888
f 5295//11889 5288//11889 5336//11889
f 5288//11890 5295//11890 5247//11890
f 5202//11891 5288//11891 5247//11891
f 5148//11892 5288//11892 5202//11892
f 5159//11893 5148//11893 5202//11893
f 5118//11894 5148//11894 5159//11894
f 5148//11895 5118//11895 5079//11895
f 5018//11896 5148//11896 5079//11896
f 5094//11897 5148//11897 5018//11897
f 5044//11898 5094//11898 5018//11898
f 5000//11899 5044//11899 5018//11899
f 4959//11900 5000//11900 5018//11900
f 4890//11901 4959//11901 5018//11901
f 4912//11902 4959//11902 4890//11902
f 4870//11903 4912//11903 4890//11903
f 4832//11904 4870//11904 4890//11904
f 4784//11905 4832//11905 4890//11905
f 4801//11906 4832//11906 4784//11906
f 4764//11907 4801//11907 4784//11907
f 4734//11908 4764//11908 4784//11908
f 4688//11909 4734//11909 4784//11909
f 4673//11910 4734//11910 4688//11910
f 4620//11911 4673//11911 4688//11911
f 4564//11912 4620//11912 4688//11912
f 4492//11913 4620//11913 4564//11913
f 4353//11914 4492//11914 4564//11914
f 4369//11915 4492//11915 4353//11915
f 4283//11916 4369//11916 4353//11916
f 4222//11917 4283//11917 4353//11917
f 4212//11918 4283//11918 4222//11918
f 4157//11919 4212//11919 4222//11919
f 4121//11920 4157//11920 4222//11920
f 4104//11921 4157//11921 4121//11921
f 4050//11922 4104//11922 4121//11922
f 4023//11923 4050//11923 4121//11923
f 4001//11924 4050//11924 4023//11924
f 3956//11925 4001//11925 4023//11925
f 3966//11926 4001//11926 3956//11926
f 3939//11927 3966//11927 3956//11927
f 3917//11928 3939//11928 3956//11928
f 3920//11929 3939//11929 3917//11929
f 3921//11930 3920//11930 3917//11930
f 3916//11931 3921//11931 3917//11931
f 3940//11932 3921//11932 3916//11932
f 3934//11933 3940//11933 3916//11933
f 3965//11934 3940//11934 3934//11934
f 5018//11935 5079//11935 5030//11935
f 4981//11936 5018//11936 5030//11936
f 4935//11937 5018//11937 4981//11937
f 4890//11938 5018//11938 4935//11938
f 4898//11939 4890//11939 4935//11939
f 4852//11940 4890//11940 4898//11940
f 4890//11941 4852//11941 4819//11941
f 4784//11942 4890//11942 4819//11942
f 4784//11943 4819//11943 4788//11943
f 4753//11944 4784//11944 4788//11944
f 4688//11945 4784//11945 4753//11945
f 4692//11946 4688//11946 4753//11946
f 4630//11947 4688//11947 4692//11947
f 4564//11948 4688//11948 4630//11948
f 4526//11949 4564//11949 4630//11949
f 4396//11950 4564//11950 4526//11950
f 4353//11951 4564//11951 4396//11951
f 4306//11952 4353//11952 4396//11952
f 4222//11953 4353//11953 4306//11953
f 4231//11954 4222//11954 4306//11954
f 4169//11955 4222//11955 4231//11955
f 4121//11956 4222//11956 4169//11956
f 4118//11957 4121//11957 4169//11957
f 4066//11958 4121//11958 4118//11958
f 4023//11959 4121//11959 4066//11959
f 4013//11960 4023//11960 4066//11960
f 3976//11961 4023//11961 4013//11961
f 3956//11962 4023//11962 3976//11962
f 3948//11963 3956//11963 3976//11963
f 3927//11964 3956//11964 3948//11964
f 3917//11965 3956//11965 3927//11965
f 3916//11966 3917//11966 3927//11966
f 3965//11967 3998//11967 3994//11967
f 3973//11968 3965//11968 3994//11968
f 3940//11969 3965//11969 3973//11969
f 3944//11970 3940//11970 3973//11970
f 3921//11971 3940//11971 3944//11971
f 3994//11972 3998//11972 4053//11972
f 4012//11973 3994//11973 4053//11973
f 3973//11974 3994//11974 4012//11974
f 4053//11975 4106//11975 4086//11975
f 4068//11976 4053//11976 4086//11976
f 4012//11977 4053//11977 4068//11977
f 4125//11978 4086//11978 4106//11978
f 4161//11979 4125//11979 4106//11979
f 4174//11980 4125//11980 4161//11980
f 4179//11981 4174//11981 4161//11981
f 4195//11982 4174//11982 4179//11982
f 4182//11983 4195//11983 4179//11983
f 4211//11984 4195//11984 4182//11984
f 4179//11985 4161//11985 4182//11985
f 4228//11986 4195//11986 4211//11986
f 4240//11987 4228//11987 4211//11987
f 4258//11988 4228//11988 4240//11988
f 4264//11989 4258//11989 4240//11989
f 4275//11990 4258//11990 4264//11990
f 4284//11991 4275//11991 4264//11991
f 4293//11992 4275//11992 4284//11992
f 4297//11993 4293//11993 4284//11993
f 4302//11994 4293//11994 4297//11994
f 4308//11995 4302//11995 4297//11995
f 4086//11996 4125//11996 4068//11996
f 5148//11997 5094//11997 5133//11997
f 5179//11998 5148//11998 5133//11998
f 5225//11999 5148//11999 5179//11999
f 5288//12000 5148//12000 5225//12000
f 5267//12001 5288//12001 5225//12001
f 5314//12002 5288//12002 5267//12002
f 5288//12003 5314//12003 5357//12003
f 5454//12004 5288//12004 5357//12004
f 5454//12005 5357//12005 5396//12005
f 5496//12006 5454//12006 5396//12006
f 5613//12007 5454//12007 5496//12007
f 5633//12008 5454//12008 5613//12008
