# Created by FreeCAD <https://www.freecad.org>
v -10.750000 -51.000000 37.125000
v -10.750000 -51.000000 54.119667
v -10.750000 -50.972141 54.842678
v -10.750000 -50.956253 36.401779
v -10.750000 -50.888691 55.534737
v -10.750000 -50.825649 35.689106
v -10.750000 -50.750000 56.192879
v -10.750000 -50.610096 34.997372
v -10.750000 -50.556667 56.814285
v -10.750000 -50.312737 34.336662
v -10.750000 -50.309521 57.396297
v -10.750000 -50.009613 57.936420
v -10.750000 -49.937904 33.716610
v -10.750000 -49.658234 58.432343
v -10.750000 -49.491066 33.146263
v -10.750000 -49.256889 58.881939
v -10.750000 -48.978737 32.633934
v -10.750000 -48.807289 59.283287
v -10.750000 -48.408390 32.187096
v -10.750000 -48.311367 59.634666
v -10.750000 -47.788338 31.812263
v -10.750000 -47.771248 59.934570
v -10.750000 -47.189236 60.181721
v -10.750000 -47.127628 31.514902
v -10.750000 -46.567829 60.375053
v -10.750000 -46.435894 31.299349
v -10.750000 -45.909687 60.513741
v -10.750000 -45.723221 31.168747
v -10.750000 -45.217628 60.597195
v -10.750000 -45.000000 31.125000
v -10.750000 -44.494617 60.625050
v -10.750000 -44.276779 31.168747
v -10.750000 -43.564106 31.299349
v -10.750000 -42.872372 31.514902
v -10.750000 -42.211662 31.812263
v -10.750000 -41.591610 32.187096
v -10.750000 -41.021263 32.633934
v -10.750000 -40.508934 33.146263
v -10.750000 -40.062096 33.716610
v -10.750000 -39.687263 34.336662
v -10.750000 -39.389904 34.997372
v -10.750000 -39.174351 35.689106
v -10.750000 -39.043747 36.401779
v -10.750000 -39.000000 37.125000
v -10.750000 -39.000000 44.125050
v -10.750000 -38.955986 44.908802
v -10.750000 -38.824497 45.682697
v -10.750000 -38.607182 46.437004
v -10.750000 -38.306782 47.162235
v -10.750000 -37.927071 47.849274
v -10.750000 -37.472820 48.489479
v -10.750000 -36.949749 49.074799
v -10.750000 -36.364429 49.597870
v -10.750000 -35.724224 50.052120
v -10.750000 -35.037186 50.431831
v -10.750000 -34.311954 50.732235
v -10.750000 -33.557648 50.949547
v -10.750000 -32.783752 51.081036
v -10.750000 -32.000000 51.125050
v -10.750000 -21.231440 51.125050
v -10.750000 -21.231440 60.625050
v -10.750000 -20.799206 51.141705
v -10.750000 -20.799206 60.608398
v -10.750000 -20.385475 51.191593
v -10.750000 -20.385475 60.558506
v -10.750000 -19.992020 51.274506
v -10.750000 -19.992020 60.475594
v -10.750000 -19.620527 51.390087
v -10.750000 -19.620527 60.360016
v -10.750000 -19.272587 51.537838
v -10.750000 -19.272587 60.212265
v -10.750000 -18.949686 51.717129
v -10.750000 -18.949686 60.032974
v -10.750000 -18.653212 51.927193
v -10.750000 -18.653212 59.822910
v -10.750000 -18.384430 52.167130
v -10.750000 -18.384430 59.582973
v -10.750000 -18.144495 52.435909
v -10.750000 -18.144495 59.314194
v -10.750000 -17.934431 52.732384
v -10.750000 -17.934431 59.017715
v -10.750000 -17.755140 53.055283
v -10.750000 -17.755140 58.694817
v -10.750000 -17.607388 53.403225
v -10.750000 -17.607388 58.346878
v -10.750000 -17.491808 53.774719
v -10.750000 -17.491808 57.975384
v -10.750000 -17.408895 54.168171
v -10.750000 -17.408895 57.581928
v -10.750000 -17.359007 54.581902
v -10.750000 -17.359007 57.168198
v -10.750000 -17.342352 55.014137
v -10.750000 -17.342352 56.735962
v -8.250000 -48.166954 36.395000
v -8.250000 -48.166954 37.855000
v -8.250000 -48.000263 35.875637
v -8.250000 -48.000263 38.374363
v -8.250000 -47.749062 35.391464
v -8.250000 -47.749062 38.858536
v -8.250000 -47.420425 34.956120
v -8.250000 -47.420425 39.293880
v -8.250000 -47.023609 34.581871
v -8.250000 -47.023609 39.668129
v -8.250000 -46.569794 34.279259
v -8.250000 -46.569794 39.970741
v -8.250000 -46.071758 34.056805
v -8.250000 -46.071758 40.193195
v -8.250000 -45.543533 33.920773
v -8.250000 -45.543533 40.329227
v -8.250000 -45.000000 33.875000
v -8.250000 -45.000000 40.375000
v -8.250000 -44.456467 33.920773
v -8.250000 -44.456467 40.329227
v -8.250000 -43.928242 34.056805
v -8.250000 -43.928242 40.193195
v -8.250000 -43.430206 34.279259
v -8.250000 -43.430206 39.970741
v -8.250000 -42.976391 34.581871
v -8.250000 -42.976391 39.668129
v -8.250000 -42.579575 34.956120
v -8.250000 -42.579575 39.293880
v -8.250000 -42.250938 35.391464
v -8.250000 -42.250938 38.858536
v -8.250000 -41.999737 35.875637
v -8.250000 -41.999737 38.374363
v -8.250000 -41.833046 36.395000
v -8.250000 -41.833046 37.855000
v -6.910694 -53.096195 62.721245
v -6.905518 -53.513458 62.260555
v -6.905518 -52.635506 63.138508
v -6.891082 -53.892742 61.750664
v -6.891082 -52.125610 63.517796
v -6.879495 -14.513926 63.453480
v -6.879495 -14.513521 48.297028
v -6.876129 -14.787506 63.702122
v -6.876129 -14.265284 63.179897
v -6.875839 -14.789343 48.048775
v -6.875822 -14.265122 48.573166
v -6.869024 -54.225830 61.199303
v -6.869024 -51.574253 63.850883
v -6.866504 -15.090939 63.930218
v -6.866504 -14.037185 62.876465
v -6.865783 -15.100057 47.817284
v -6.865763 -14.033484 48.884117
v -6.851332 -15.419288 64.132057
v -6.851332 -13.835342 62.548115
v -6.850735 -15.427886 47.614841
v -6.850724 -13.831357 49.211548
v -6.840982 -54.504498 60.614208
v -6.840982 -50.989159 64.129547
v -6.832047 -15.756344 47.452961
v -6.832018 -13.670126 49.539421
v -6.831353 -15.767611 64.301956
v -6.831353 -13.665447 62.199795
v -6.810027 -16.104813 47.321682
v -6.809911 -13.538330 49.889446
v -6.809526 -54.721821 60.003563
v -6.809526 -50.378510 64.346870
v -6.808377 -16.130110 64.436195
v -6.808377 -13.531208 61.837296
v -6.786897 -16.476126 47.219986
v -6.786732 -13.436651 50.261627
v -6.785404 -16.499500 64.534454
v -6.785404 -13.432953 61.467903
v -6.780053 -54.876606 59.377766
v -6.780053 -49.752712 64.501656
v -6.766038 -16.857042 47.154747
v -6.765933 -13.371809 50.642143
v -6.765462 -16.868343 64.596725
v -6.765462 -13.370682 61.099060
v -6.758299 -54.969212 58.747902
v -6.758299 -49.122849 64.594261
v -6.751497 -17.232937 47.126549
v -6.751497 -17.232937 64.623550
v -6.751497 -13.343849 51.015636
v -6.751497 -13.343849 60.734467
v -6.750000 -55.000000 37.125000
v -6.750000 -55.000000 58.119667
v -6.750000 -55.000000 58.125050
v -6.750000 -54.954720 36.174438
v -6.750000 -54.819286 35.232487
v -6.750000 -54.594929 34.307674
v -6.750000 -54.283680 33.408375
v -6.750000 -53.888355 32.542736
v -6.750000 -53.412537 31.718592
v -6.750000 -52.860531 30.943411
v -6.750000 -52.237339 30.224211
v -6.750000 -51.548607 29.567505
v -6.750000 -50.800568 28.979240
v -6.750000 -50.000000 28.464746
v -6.750000 -49.154152 28.028681
v -6.750000 -48.500000 64.625053
v -6.750000 -48.494617 64.625053
v -6.750000 -48.270679 27.674992
v -6.750000 -47.357590 27.406885
v -6.750000 -46.423149 27.226786
v -6.750000 -45.475819 27.136328
v -6.750000 -44.524181 27.136328
v -6.750000 -43.576851 27.226786
v -6.750000 -42.642410 27.406885
v -6.750000 -41.729321 27.674992
v -6.750000 -40.845848 28.028681
v -6.750000 -40.000000 28.464746
v -6.750000 -39.199432 28.979240
v -6.750000 -38.451393 29.567505
v -6.750000 -37.762661 30.224211
v -6.750000 -37.139469 30.943411
v -6.750000 -36.587463 31.718592
v -6.750000 -36.111645 32.542736
v -6.750000 -35.716320 33.408375
v -6.750000 -35.405071 34.307674
v -6.750000 -35.180714 35.232487
v -6.750000 -35.045280 36.174438
v -6.750000 -35.000000 37.125000
v -6.750000 -35.000000 44.125050
v -6.750000 -34.954422 44.645996
v -6.750000 -34.819077 45.151112
v -6.750000 -34.598076 45.625050
v -6.750000 -34.298134 46.053413
v -6.750000 -33.928364 46.423183
v -6.750000 -33.500000 46.723125
v -6.750000 -33.026062 46.944130
v -6.750000 -32.520943 47.079475
v -6.750000 -32.000000 47.125050
v -6.750000 -17.342352 47.125050
v -6.750000 -17.342352 64.625053
v -6.750000 -13.342353 51.125050
v -6.750000 -13.342353 60.625050
v -4.750000 -48.166954 36.395000
v -4.750000 -48.166954 37.855000
v -4.750000 -41.833046 36.395000
v -4.750000 -41.833046 37.855000
v -4.250000 -48.249096 37.048275
v -4.250000 -48.249096 37.201725
v -4.250000 -48.241852 36.895000
v -4.250000 -48.241852 37.355000
v -4.250000 -41.758148 36.895000
v -4.250000 -41.758148 37.355000
v -4.250000 -41.750904 37.048275
v -4.250000 -41.750904 37.201725
v -1.750000 -51.000000 37.125000
v -1.750000 -50.954521 36.387669
v -1.750000 -50.954521 37.862331
v -1.750000 -50.818783 35.661518
v -1.750000 -50.818783 38.588482
v -1.750000 -50.594833 34.957550
v -1.750000 -50.594833 39.292450
v -1.750000 -50.286072 34.286438
v -1.750000 -50.286072 39.963562
v -1.750000 -49.897182 33.658356
v -1.750000 -49.897182 40.591644
v -1.750000 -49.434055 33.082825
v -1.750000 -49.434055 41.167175
v -1.750000 -48.903709 32.568569
v -1.750000 -48.903709 41.681431
v -1.750000 -48.314190 32.123386
v -1.750000 -48.314190 42.126614
v -1.750000 -48.243916 37.323780
v -1.750000 -48.232391 36.787140
v -1.750000 -48.166954 37.855000
v -1.750000 -48.132694 36.259712
v -1.750000 -48.003609 38.366306
v -1.750000 -47.947548 35.755890
v -1.750000 -47.758331 38.843754
v -1.750000 -47.681999 35.289413
v -1.750000 -47.674431 31.754021
v -1.750000 -47.674431 42.495979
v -1.750000 -47.437813 39.274319
v -1.750000 -47.343292 34.873005
v -1.750000 -47.050797 39.646255
v -1.750000 -46.994129 31.466074
v -1.750000 -46.994129 42.783928
v -1.750000 -46.940666 34.518024
v -1.750000 -46.607841 39.949421
v -1.750000 -46.485104 34.234158
v -1.750000 -46.283600 31.263910
v -1.750000 -46.283600 42.986092
v -1.750000 -46.121029 40.175541
v -1.750000 -45.989033 34.029144
v -1.750000 -45.603638 40.318451
v -1.750000 -45.553612 31.150595
v -1.750000 -45.553612 43.099403
v -1.750000 -45.465981 33.908581
v -1.750000 -45.069778 40.374252
v -1.750000 -44.930222 33.875748
v -1.750000 -44.815231 31.127846
v -1.750000 -44.815231 43.122154
v -1.750000 -44.534019 40.341419
v -1.750000 -44.396362 33.931549
v -1.750000 -44.079651 31.196007
v -1.750000 -44.079651 43.053993
v -1.750000 -44.010967 40.220856
v -1.750000 -43.878971 34.074459
v -1.750000 -43.514896 40.015842
v -1.750000 -43.392159 34.300579
v -1.750000 -43.358021 31.354046
v -1.750000 -43.358021 42.895954
v -1.750000 -43.059334 39.731976
v -1.750000 -42.949203 34.603745
v -1.750000 -42.661285 31.599567
v -1.750000 -42.661285 42.650433
v -1.750000 -42.656708 39.376995
v -1.750000 -42.562187 34.975681
v -1.750000 -42.318001 38.960590
v -1.750000 -42.241669 35.406246
v -1.750000 -42.052452 38.494110
v -1.750000 -42.000000 31.928848
v -1.750000 -42.000000 42.321152
v -1.750000 -41.996391 35.883694
v -1.750000 -41.867306 37.990288
v -1.750000 -41.833046 36.395000
v -1.750000 -41.767609 37.462864
v -1.750000 -41.756084 36.926220
v -1.750000 -41.384193 32.336895
v -1.750000 -41.384193 41.913105
v -1.750000 -40.823196 32.817528
v -1.750000 -40.823196 41.432472
v -1.750000 -40.325516 33.363457
v -1.750000 -40.325516 40.886543
v -1.750000 -39.898697 33.966408
v -1.750000 -39.898697 40.283592
v -1.750000 -39.549210 34.617237
v -1.750000 -39.549210 39.632763
v -1.750000 -39.282349 35.306084
v -1.750000 -39.282349 38.943916
v -1.750000 -39.102161 36.022503
v -1.750000 -39.102161 38.227497
v -1.750000 -39.011379 36.755634
v -1.750000 -39.011379 37.494366
v 2.550000 -55.000000 37.125000
v 2.550000 -55.000000 58.125050
v 2.550000 -54.959129 58.852821
v 2.550000 -54.954720 36.174438
v 2.550000 -54.837032 59.571438
v 2.550000 -54.819286 35.232487
v 2.550000 -54.635242 60.271866
v 2.550000 -54.594929 34.307674
v 2.550000 -54.356297 60.945293
v 2.550000 -54.283680 33.408375
v 2.550000 -54.003708 61.583260
v 2.550000 -53.888355 32.542736
v 2.550000 -53.581905 62.177734
v 2.550000 -53.412537 31.718592
v 2.550000 -53.096195 62.721245
v 2.550000 -52.860531 30.943411
v 2.550000 -52.552685 63.206955
v 2.550000 -52.237339 30.224211
v 2.550000 -51.958210 63.628757
v 2.550000 -51.548607 29.567505
v 2.550000 -51.320244 63.981350
v 2.550000 -50.800568 28.979240
v 2.550000 -50.646812 64.260292
v 2.550000 -50.000000 28.464746
v 2.550000 -49.946384 64.462082
v 2.550000 -49.227768 64.584183
v 2.550000 -49.154152 28.028681
v 2.550000 -48.500000 64.625053
v 2.550000 -48.270679 27.674992
v 2.550000 -47.357590 27.406885
v 2.550000 -46.423149 27.226786
v 2.550000 -45.475819 27.136328
v 2.550000 -44.524181 27.136328
v 2.550000 -43.576851 27.226786
v 2.550000 -42.642410 27.406885
v 2.550000 -41.729321 27.674992
v 2.550000 -40.845848 28.028681
v 2.550000 -40.000000 28.464746
v 2.550000 -39.199432 28.979240
v 2.550000 -38.451393 29.567505
v 2.550000 -37.762661 30.224211
v 2.550000 -37.139469 30.943411
v 2.550000 -36.587463 31.718592
v 2.550000 -36.111645 32.542736
v 2.550000 -35.716320 33.408375
v 2.550000 -35.405071 34.307674
v 2.550000 -35.180714 35.232487
v 2.550000 -35.045280 36.174438
v 2.550000 -35.000000 37.125000
v 2.550000 -35.000000 44.125050
v 2.550000 -35.000000 64.625053
v 2.550000 -34.954422 44.645996
v 2.550000 -34.819077 45.151112
v 2.550000 -34.598076 45.625050
v 2.550000 -34.298134 46.053413
v 2.550000 -33.928364 46.423183
v 2.550000 -33.500000 46.723125
v 2.550000 -33.026062 46.944130
v 2.550000 -32.520943 47.079475
v 2.550000 -32.000000 47.125050
v 2.561084 -35.440285 64.613968
v 2.592839 -32.508789 47.125050
v 2.594309 -35.879452 64.580742
v 2.649589 -36.316395 64.525459
v 2.720174 -33.024696 47.125050
v 2.726786 -36.750000 64.448265
v 2.816355 -33.291927 47.125050
v 2.825703 -37.179173 64.349350
v 2.935549 -33.569057 47.125050
v 2.946090 -37.602821 64.228958
v 3.079369 -33.859150 47.125050
v 3.087642 -38.019878 64.087410
v 3.250000 -54.299999 37.125000
v 3.250000 -54.299999 58.125050
v 3.250000 -54.257713 58.824165
v 3.250000 -54.255219 36.213440
v 3.250000 -54.131462 59.513081
v 3.250000 -54.121304 35.310661
v 3.250000 -53.923096 60.181759
v 3.250000 -53.899544 34.425354
v 3.250000 -53.635647 60.820446
v 3.250000 -53.592079 33.566044
v 3.250000 -53.273308 61.419827
v 3.250000 -53.201866 32.741009
v 3.250000 -52.841362 61.971161
v 3.250000 -52.732666 31.958197
v 3.250000 -52.346111 62.466412
v 3.250000 -52.188995 31.225143
v 3.250000 -51.794777 62.898357
v 3.250000 -51.576092 30.548906
v 3.250000 -51.195393 63.260696
v 3.250000 -51.000000 37.125000
v 3.250000 -50.954521 36.387669
v 3.250000 -50.954521 37.862331
v 3.250000 -50.899857 29.936003
v 3.250000 -50.818783 35.661518
v 3.250000 -50.818783 38.588482
v 3.250000 -50.594833 34.957550
v 3.250000 -50.594833 39.292450
v 3.250000 -50.556709 63.548145
v 3.250000 -50.286072 34.286438
v 3.250000 -50.286072 39.963562
v 3.250000 -50.166801 29.392332
v 3.250000 -49.897182 33.658356
v 3.250000 -49.897182 40.591644
v 3.250000 -49.888031 63.756512
v 3.250000 -49.434055 33.082825
v 3.250000 -49.434055 41.167175
v 3.250000 -49.383991 28.923132
v 3.250000 -49.199112 63.882763
v 3.250000 -48.903709 32.568569
v 3.250000 -48.903709 41.681431
v 3.250000 -48.558956 28.532921
v 3.250000 -48.500000 63.925053
v 3.250000 -48.314190 32.123386
v 3.250000 -48.314190 42.126614
v 3.250000 -47.699646 28.225454
v 3.250000 -47.674431 31.754021
v 3.250000 -47.674431 42.495979
v 3.250000 -46.994129 31.466074
v 3.250000 -46.994129 42.783928
v 3.250000 -46.814339 28.003696
v 3.250000 -46.283600 31.263910
v 3.250000 -46.283600 42.986092
v 3.250000 -45.911560 27.869781
v 3.250000 -45.553612 31.150595
v 3.250000 -45.553612 43.099403
v 3.250000 -45.000000 27.825001
v 3.250000 -44.815231 31.127846
v 3.250000 -44.815231 43.122154
v 3.250000 -44.088440 27.869781
v 3.250000 -44.079651 31.196007
v 3.250000 -44.079651 43.053993
v 3.250000 -43.739414 55.444740
v 3.250000 -43.738064 56.331959
v 3.250000 -43.650909 54.561947
v 3.250000 -43.646873 57.214478
v 3.250000 -43.473469 53.692654
v 3.250000 -43.466785 58.083229
v 3.250000 -43.358021 31.354046
v 3.250000 -43.358021 42.895954
v 3.250000 -43.208904 52.845798
v 3.250000 -43.199646 58.929272
v 3.250000 -43.185661 28.003696
v 3.250000 -42.859947 52.030090
v 3.250000 -42.848209 59.743919
v 3.250000 -42.661285 31.599567
v 3.250000 -42.661285 42.650433
v 3.250000 -42.430180 51.253910
v 3.250000 -42.416077 60.518787
v 3.250000 -42.300354 28.225454
v 3.250000 -42.000000 31.928848
v 3.250000 -42.000000 42.321152
v 3.250000 -41.924019 50.525238
v 3.250000 -41.907703 61.245911
v 3.250000 -41.441044 28.532921
v 3.250000 -41.384193 32.336895
v 3.250000 -41.384193 41.913105
v 3.250000 -41.346668 49.851574
v 3.250000 -41.328308 61.917816
v 3.250000 -40.823196 32.817528
v 3.250000 -40.823196 41.432472
v 3.250000 -40.704071 49.239838
v 3.250000 -40.683849 62.527596
v 3.250000 -40.616009 28.923132
v 3.250000 -40.325516 33.363457
v 3.250000 -40.325516 40.886543
v 3.250000 -40.002827 48.696316
v 3.250000 -39.980953 63.068977
v 3.250000 -39.898697 33.966408
v 3.250000 -39.898697 40.283592
v 3.250000 -39.833199 29.392332
v 3.250000 -39.549210 34.617237
v 3.250000 -39.549210 39.632763
v 3.250000 -39.282349 35.306084
v 3.250000 -39.282349 38.943916
v 3.250000 -39.250149 48.226604
v 3.250000 -39.226849 63.536400
v 3.250000 -39.102161 36.022503
v 3.250000 -39.102161 38.227497
v 3.250000 -39.100143 29.936003
v 3.250000 -39.011379 36.755634
v 3.250000 -39.011379 37.494366
v 3.250000 -38.453770 47.835526
v 3.250000 -38.429287 63.925053
v 3.250000 -38.423908 30.548906
v 3.250000 -37.811005 31.225143
v 3.250000 -37.621887 47.527103
v 3.250000 -37.267334 31.958197
v 3.250000 -36.798134 32.741009
v 3.250000 -36.763046 47.304508
v 3.250000 -36.407921 33.566044
v 3.250000 -36.100456 34.425354
v 3.250000 -35.886078 47.170033
v 3.250000 -35.878696 35.310661
v 3.250000 -35.744781 36.213440
v 3.250000 -35.700001 37.125000
v 3.250000 -35.700001 44.125050
v 3.250000 -35.654152 44.705723
v 3.250000 -35.517742 45.271999
v 3.250000 -35.294151 45.809856
v 3.250000 -35.000000 47.125050
v 3.250000 -34.988922 46.305954
v 3.250000 -34.609619 46.748005
v 3.250000 -34.165642 47.125050
v 3.500000 -17.342352 47.125050
v 3.500000 -17.342352 64.625053
v 3.500000 -16.773094 47.165764
v 3.500000 -16.773094 64.584335
v 3.500000 -16.215422 47.287079
v 3.500000 -16.215422 64.463020
v 3.500000 -15.680693 47.486523
v 3.500000 -15.680693 64.263580
v 3.500000 -15.179790 47.760036
v 3.500000 -15.179790 63.990067
v 3.500000 -14.722910 48.102051
v 3.500000 -14.722910 63.648048
v 3.500000 -14.319354 48.505608
v 3.500000 -14.319354 63.244495
v 3.500000 -13.977339 48.962486
v 3.500000 -13.977339 62.787613
v 3.500000 -13.703825 49.463390
v 3.500000 -13.703825 62.286713
v 3.500000 -13.504381 49.998119
v 3.500000 -13.504381 61.751980
v 3.500000 -13.383067 50.555790
v 3.500000 -13.383067 61.194309
v 3.500000 -13.342353 51.125050
v 3.500000 -13.342353 60.625050
v 3.500000 -7.842353 55.875050
v 3.500000 -7.798404 55.302616
v 3.500000 -7.798404 56.447487
v 3.500000 -7.667589 54.743599
v 3.500000 -7.667589 57.006504
v 3.500000 -7.452974 54.211102
v 3.500000 -7.452974 57.539001
v 3.500000 -7.159588 53.717606
v 3.500000 -7.159588 58.032497
v 3.500000 -6.794309 53.274677
v 3.500000 -6.794309 58.475422
v 3.500000 -6.365698 52.892704
v 3.500000 -6.365698 58.857399
v 3.500000 -5.883802 52.580631
v 3.500000 -5.883802 59.169472
v 3.500000 -5.359916 52.345776
v 3.500000 -5.359916 59.404327
v 3.500000 -4.806319 52.193645
v 3.500000 -4.806319 59.556458
v 3.500000 -4.235988 52.127804
v 3.500000 -4.235988 59.622299
v 3.500000 -4.092353 47.125050
v 3.500000 -4.092353 64.625053
v 3.500000 -3.662290 52.149792
v 3.500000 -3.662290 59.600307
v 3.500000 -3.207130 47.169945
v 3.500000 -3.207130 64.580154
v 3.500000 -3.098672 52.259102
v 3.500000 -3.098672 59.491001
v 3.500000 -2.558345 52.453163
v 3.500000 -2.558345 59.296940
v 3.500000 -2.330991 47.304165
v 3.500000 -2.330991 64.445938
v 3.500000 -2.053974 52.727432
v 3.500000 -2.053974 59.022671
v 3.500000 -1.597381 53.075478
v 3.500000 -1.597381 58.674625
v 3.500000 -1.472926 47.526333
v 3.500000 -1.472926 64.223770
v 3.500000 -1.199268 53.489143
v 3.500000 -1.199268 58.260960
v 3.500000 -0.868967 53.958733
v 3.500000 -0.868967 57.791370
v 3.500000 -0.641739 47.834171
v 3.500000 -0.641739 63.915932
v 3.500000 -0.614219 54.473236
v 3.500000 -0.614219 57.276863
v 3.500000 -0.440995 55.020599
v 3.500000 -0.440995 56.729500
v 3.500000 -0.353356 55.587990
v 3.500000 -0.353356 56.162109
v 3.500000 0.154039 48.224518
v 3.500000 0.154039 63.525585
v 3.500000 0.906244 48.693371
v 3.500000 0.906244 63.056732
v 3.500000 1.607156 49.235916
v 3.500000 1.607156 62.514183
v 3.500000 2.249584 49.846592
v 3.500000 2.249584 61.903511
v 3.500000 2.826935 50.519123
v 3.500000 2.826935 61.230980
v 3.500000 3.333284 51.246616
v 3.500000 3.333284 60.503487
v 3.500000 3.763437 52.021603
v 3.500000 3.763437 59.728500
v 3.500000 4.112978 52.836128
v 3.500000 4.112978 58.913971
v 3.500000 4.378322 53.681843
v 3.500000 4.378322 58.068260
v 3.500000 4.556745 54.550056
v 3.500000 4.556745 57.200043
v 3.500000 4.646417 55.431870
v 3.500000 4.646417 56.318230
v 5.500000 -5.500000 47.299999
v 5.500000 -5.500000 49.799999
v 5.500000 -2.700000 47.299999
v 5.500000 -2.700000 49.799999
v 6.000000 -43.738770 55.431870
v 6.000000 -43.738770 56.318230
v 6.000000 -43.649097 54.550056
v 6.000000 -43.649097 57.200043
v 6.000000 -43.470676 53.681843
v 6.000000 -43.470676 58.068260
v 6.000000 -43.205330 52.836128
v 6.000000 -43.205330 58.913971
v 6.000000 -42.855789 52.021603
v 6.000000 -42.855789 59.728500
v 6.000000 -42.425636 51.246616
v 6.000000 -42.425636 60.503487
v 6.000000 -41.919289 50.519123
v 6.000000 -41.919289 61.230980
v 6.000000 -41.341938 49.846592
v 6.000000 -41.341938 61.903511
v 6.000000 -40.699509 49.235916
v 6.000000 -40.699509 62.514183
v 6.000000 -39.998596 48.693371
v 6.000000 -39.998596 63.056732
v 6.000000 -39.246391 48.224518
v 6.000000 -39.246391 63.525585
v 6.000000 -38.450615 47.834171
v 6.000000 -38.450615 63.915932
v 6.000000 -37.619427 47.526333
v 6.000000 -37.619427 64.223770
v 6.000000 -36.761360 47.304165
v 6.000000 -36.761360 64.445938
v 6.000000 -35.885223 47.169945
v 6.000000 -35.885223 64.580154
v 6.000000 -35.000000 47.125050
v 6.000000 -35.000000 64.625053
v 6.000000 -5.500000 47.125050
v 6.000000 -4.092353 47.125050
v 6.000000 -4.092353 64.625053
v 6.000000 -3.248202 47.165867
v 6.000000 -3.204298 64.579872
v 6.000000 -2.411927 47.287930
v 6.000000 -2.325415 64.444794
v 6.000000 -1.549080 47.502819
v 6.000000 -1.464779 64.221207
v 6.000000 -0.712498 47.804173
v 6.000000 -0.631279 63.911434
v 6.000000 0.089179 48.188877
v 6.000000 0.166478 63.518665
v 6.000000 0.847672 48.652954
v 6.000000 0.920252 63.046959
v 6.000000 1.555148 49.191620
v 6.000000 1.622260 62.501190
v 6.000000 2.204300 49.799309
v 6.000000 2.265252 61.886986
v 6.000000 2.788426 50.469742
v 6.000000 2.842587 61.210697
v 6.000000 3.301492 51.195995
v 6.000000 3.348302 60.479305
v 6.000000 3.738199 51.970573
v 6.000000 3.777176 59.700363
v 6.000000 4.094038 52.785473
v 6.000000 4.124779 58.881916
v 6.000000 4.365334 53.632278
v 6.000000 4.387521 58.032417
v 6.000000 4.549285 54.502247
v 6.000000 4.562690 57.160637
v 6.000000 4.643991 55.386391
v 6.000000 4.648475 56.275581
v 6.062644 -2.700000 47.299999
v 6.146569 -3.394135 47.299999
v 6.174948 -5.500000 47.299999
v 6.174948 -4.092353 47.299999
v 6.781750 -2.700000 48.029392
v 7.500000 -42.250000 55.875050
v 7.500000 -42.204414 55.063309
v 7.500000 -42.204414 56.686794
v 7.500000 -42.068226 54.261776
v 7.500000 -42.068226 57.488327
v 7.500000 -41.843155 53.480526
v 7.500000 -41.843155 58.269573
v 7.500000 -41.532024 52.729393
v 7.500000 -41.532024 59.020706
v 7.500000 -41.138752 52.017818
v 7.500000 -41.138752 59.732285
v 7.500000 -40.668278 51.354752
v 7.500000 -40.668278 60.395351
v 7.500000 -40.126526 50.748528
v 7.500000 -40.126526 61.001575
v 7.500000 -39.520302 50.206772
v 7.500000 -39.520302 61.543327
v 7.500000 -38.857231 49.736301
v 7.500000 -38.857231 62.013802
v 7.500000 -38.145657 49.343025
v 7.500000 -38.145657 62.407074
v 7.500000 -37.394524 49.031898
v 7.500000 -37.394524 62.718204
v 7.500000 -36.613277 48.806824
v 7.500000 -36.613277 62.943279
v 7.500000 -35.811741 48.670639
v 7.500000 -35.811741 63.079464
v 7.500000 -35.000000 48.625050
v 7.500000 -35.000000 63.125050
v 7.500000 -7.842353 55.875050
v 7.500000 -7.798404 55.302616
v 7.500000 -7.798404 56.447487
v 7.500000 -7.667589 54.743599
v 7.500000 -7.667589 57.006504
v 7.500000 -7.452974 54.211102
v 7.500000 -7.452974 57.539001
v 7.500000 -7.159588 53.717606
v 7.500000 -7.159588 58.032497
v 7.500000 -6.794309 53.274677
v 7.500000 -6.794309 58.475422
v 7.500000 -6.365698 52.892704
v 7.500000 -6.365698 58.857399
v 7.500000 -5.883802 52.580631
v 7.500000 -5.883802 59.169472
v 7.500000 -5.500000 48.625050
v 7.500000 -5.500000 49.799999
v 7.500000 -5.359916 52.345776
v 7.500000 -5.359916 59.404327
v 7.500000 -4.806319 52.193645
v 7.500000 -4.806319 59.556458
v 7.500000 -4.235988 52.127804
v 7.500000 -4.235988 59.622299
v 7.500000 -4.092353 63.125050
v 7.500000 -3.662290 52.149792
v 7.500000 -3.662290 59.600307
v 7.500000 -3.302240 63.081867
v 7.500000 -3.098672 52.259102
v 7.500000 -3.098672 59.491001
v 7.500000 -2.700000 48.760006
v 7.500000 -2.700000 49.799999
v 7.500000 -2.558345 52.453163
v 7.500000 -2.558345 59.296940
v 7.500000 -2.521540 62.952835
v 7.500000 -2.053974 52.727432
v 7.500000 -2.053974 59.022671
v 7.500000 -1.932888 48.954124
v 7.500000 -1.759552 62.739491
v 7.500000 -1.597381 53.075478
v 7.500000 -1.597381 58.674625
v 7.500000 -1.199268 53.489143
v 7.500000 -1.199268 58.260960
v 7.500000 -1.191501 49.230686
v 7.500000 -1.025353 62.444374
v 7.500000 -0.868967 53.958733
v 7.500000 -0.868967 57.791370
v 7.500000 -0.614219 54.473236
v 7.500000 -0.614219 57.276863
v 7.500000 -0.484669 49.586399
v 7.500000 -0.440995 55.020599
v 7.500000 -0.440995 56.729500
v 7.500000 -0.353356 55.587990
v 7.500000 -0.353356 56.162109
v 7.500000 -0.327689 62.071003
v 7.500000 0.179186 50.017025
v 7.500000 0.325129 61.623821
v 7.500000 0.792158 50.517433
v 7.500000 0.925325 61.108158
v 7.500000 1.346943 51.081665
v 7.500000 1.465748 60.530159
v 7.500000 1.836934 51.702995
v 7.500000 1.939961 59.896702
v 7.500000 2.256293 52.374023
v 7.500000 2.342315 59.215343
v 7.500000 2.600025 53.086758
v 7.500000 2.668018 58.494190
v 7.500000 2.864035 53.832706
v 7.500000 2.913188 57.741837
v 7.500000 3.045178 54.602985
v 7.500000 3.074907 56.967247
v 7.500000 3.141297 55.388420
v 7.500000 3.151246 56.179646
vn 0.707107 0.000000 0.707107
vn 0.707107 0.000000 0.707107
vn 1.000000 0.000000 0.000000
vn 1.000000 0.000000 0.000000
vn 1.000000 0.000000 -0.000000
vn 1.000000 0.000000 0.000000
vn 1.000000 0.000000 -0.000000
vn 1.000000 0.000000 -0.000000
vn 0.707107 0.000000 -0.707107
vn 0.707107 0.000000 -0.707107
vn 0.000000 -0.000000 1.000000
vn 0.000000 0.000000 1.000000
vn 0.000000 -0.000000 -1.000000
vn 0.000000 0.000000 -1.000000
vn 1.000000 0.000000 -0.000000
vn 1.000000 0.000000 -0.000000
vn 1.000000 0.000000 -0.000000
vn 1.000000 0.000000 -0.000000
vn 1.000000 0.000000 -0.000000
vn 1.000000 0.000000 -0.000000
vn 1.000000 0.000000 -0.000000
vn 1.000000 0.000000 -0.000000
vn 1.000000 0.000000 -0.000000
vn 1.000000 0.000000 -0.000000
vn 1.000000 0.000000 -0.000000
vn 1.000000 0.000000 -0.000000
vn 1.000000 0.000000 -0.000000
vn 1.000000 0.000000 -0.000000
vn 1.000000 0.000000 -0.000000
vn 1.000000 0.000000 -0.000000
vn 1.000000 -0.000000 0.000000
vn 1.000000 -0.000000 0.000000
vn 1.000000 0.000000 0.000000
vn 1.000000 0.000000 0.000000
vn 1.000000 0.000000 0.000000
vn 1.000000 0.000000 0.000000
vn 1.000000 0.000000 0.000000
vn 1.000000 0.000000 0.000000
vn 1.000000 0.000000 0.000000
vn 1.000000 0.000000 0.000000
vn 1.000000 0.000000 0.000000
vn 1.000000 0.000000 0.000000
vn 1.000000 0.000000 0.000000
vn 1.000000 0.000000 0.000000
vn 1.000000 0.000000 0.000000
vn 1.000000 0.000000 0.000000
vn 1.000000 0.000000 0.000000
vn 1.000000 0.000000 0.000000
vn 1.000000 0.000000 0.000000
vn 1.000000 0.000000 0.000000
vn 1.000000 0.000000 0.000000
vn 1.000000 0.000000 0.000000
vn 1.000000 0.000000 -0.000000
vn 1.000000 0.000000 0.000000
vn 1.000000 0.000000 -0.000000
vn 1.000000 0.000000 0.000000
vn 1.000000 0.000000 -0.000000
vn 1.000000 0.000000 0.000000
vn 1.000000 0.000000 0.000000
vn 1.000000 0.000000 -0.000000
vn 1.000000 0.000000 0.000000
vn 1.000000 0.000000 -0.000000
vn 1.000000 0.000000 0.000000
vn 1.000000 0.000000 -0.000000
vn 1.000000 0.000000 0.000000
vn 1.000000 0.000000 0.000000
vn 1.000000 0.000000 -0.000000
vn 1.000000 0.000000 0.000000
vn 1.000000 0.000000 -0.000000
vn 1.000000 0.000000 0.000000
vn 1.000000 0.000000 -0.000000
vn 1.000000 0.000000 -0.000000
vn 1.000000 0.000000 -0.000000
vn 1.000000 -0.000000 0.000000
vn 1.000000 0.000000 -0.000000
vn 1.000000 -0.000000 0.000000
vn 1.000000 0.000000 -0.000000
vn 1.000000 -0.000000 0.000000
vn 1.000000 0.000000 -0.000000
vn 1.000000 0.000000 -0.000000
vn 1.000000 -0.000000 0.000000
vn 1.000000 0.000000 -0.000000
vn 1.000000 -0.000000 0.000000
vn 1.000000 0.000000 -0.000000
vn 1.000000 -0.000000 0.000000
vn 1.000000 0.000000 -0.000000
vn 1.000000 0.000000 -0.000000
vn 1.000000 -0.000000 0.000000
vn 1.000000 0.000000 -0.000000
vn 1.000000 -0.000000 0.000000
vn 1.000000 0.000000 -0.000000
vn 1.000000 -0.000000 0.000000
vn 1.000000 0.000000 -0.000000
vn 1.000000 -0.000000 0.000000
vn 1.000000 0.000000 0.000000
vn 1.000000 -0.000000 0.000000
vn 1.000000 0.000000 0.000000
vn 1.000000 -0.000000 0.000000
vn 1.000000 0.000000 0.000000
vn 1.000000 -0.000000 0.000000
vn 1.000000 -0.000000 0.000000
vn 1.000000 0.000000 0.000000
vn 1.000000 -0.000000 0.000000
vn 1.000000 0.000000 0.000000
vn 1.000000 -0.000000 0.000000
vn 1.000000 0.000000 0.000000
vn 1.000000 -0.000000 0.000000
vn 1.000000 -0.000000 0.000000
vn 1.000000 0.000000 0.000000
vn 1.000000 -0.000000 0.000000
vn 1.000000 0.000000 0.000000
vn 1.000000 -0.000000 0.000000
vn 1.000000 0.000000 0.000000
vn 1.000000 -0.000000 0.000000
vn 1.000000 0.000000 0.000000
vn 1.000000 0.000000 0.000000
vn 1.000000 0.000000 0.000000
vn 1.000000 0.000000 0.000000
vn 0.000000 0.952161 -0.305598
vn 0.000112 0.952380 -0.304912
vn 0.000000 0.952572 -0.304315
vn -0.000109 0.889490 -0.456955
vn 0.000219 0.887643 -0.460532
vn -0.000214 0.802146 -0.597128
vn 0.000322 0.798124 -0.602493
vn -0.000316 0.692921 -0.721014
vn 0.000422 0.686117 -0.727491
vn -0.000415 0.564799 -0.825228
vn 0.000518 0.554787 -0.831992
vn -0.000509 0.421264 -0.906938
vn 0.000611 0.407829 -0.913058
vn -0.000600 0.266243 -0.963906
vn 0.000701 0.249390 -0.968403
vn -0.000688 0.103958 -0.994581
vn 0.000786 0.083916 -0.996473
vn -0.000771 -0.061169 -0.998127
vn 0.000868 -0.083916 -0.996472
vn -0.000852 -0.224610 -0.974448
vn 0.000947 -0.249390 -0.968403
vn -0.000928 -0.381942 -0.924186
vn 0.001022 -0.407829 -0.913058
vn -0.001002 -0.528846 -0.848717
vn 0.001093 -0.554787 -0.831992
vn -0.001071 -0.661330 -0.750094
vn 0.001160 -0.686117 -0.727491
vn -0.001137 -0.775769 -0.631016
vn 0.001225 -0.798123 -0.602493
vn -0.001199 -0.869053 -0.494717
vn 0.001285 -0.887642 -0.460532
vn -0.001258 -0.938628 -0.344930
vn 0.001342 -0.952160 -0.305598
vn -0.000000 -0.969400 -0.245487
vn -0.002845 -0.982595 -0.185737
vn 0.002541 -0.989332 -0.145657
vn -0.001743 -0.998883 -0.047210
vn -0.004438 -0.999760 -0.021469
vn -0.002072 -0.999998 0.000000
vn 0.000235 -0.998885 0.047210
vn -0.000974 -0.989667 0.143380
vn 0.000000 -0.988966 0.148143
vn 0.000000 -0.952572 0.304315
vn 0.000112 -0.952380 0.304912
vn -0.000109 -0.889490 0.456955
vn 0.000219 -0.887643 0.460532
vn -0.000214 -0.802146 0.597128
vn 0.000322 -0.798124 0.602493
vn -0.000316 -0.692921 0.721014
vn 0.000422 -0.686117 0.727491
vn -0.000415 -0.564799 0.825228
vn 0.000518 -0.554787 0.831992
vn -0.000509 -0.421264 0.906938
vn 0.000611 -0.407829 0.913058
vn -0.000600 -0.266243 0.963906
vn 0.000701 -0.249390 0.968403
vn -0.000688 -0.103958 0.994581
vn 0.000786 -0.083916 0.996473
vn -0.000771 0.061169 0.998127
vn 0.000868 0.083916 0.996472
vn -0.000852 0.224610 0.974448
vn 0.000947 0.249390 0.968403
vn -0.000928 0.381942 0.924186
vn 0.001022 0.407829 0.913058
vn -0.001002 0.528846 0.848717
vn 0.001093 0.554787 0.831992
vn -0.001071 0.661330 0.750094
vn 0.001160 0.686117 0.727491
vn -0.001137 0.775771 0.631013
vn 0.001225 0.798123 0.602493
vn -0.001199 0.869051 0.494720
vn 0.001285 0.887642 0.460532
vn -0.001258 0.938628 0.344930
vn 0.001342 0.952160 0.305598
vn 0.000000 0.969400 0.245487
vn 0.000000 -0.952161 0.305598
vn -0.002845 0.982596 0.185735
vn 0.002540 0.989332 0.145657
vn -0.001743 0.998883 0.047210
vn -0.004438 0.999760 0.021470
vn -0.002072 0.999998 0.000000
vn 0.000235 0.998885 -0.047210
vn -0.000974 0.989667 -0.143380
vn 0.000000 0.988966 -0.148143
vn 1.000000 0.000000 0.000000
vn 1.000000 0.000000 0.000000
vn 1.000000 0.000000 0.000000
vn 1.000000 0.000000 0.000000
vn 1.000000 0.000000 0.000000
vn 1.000000 0.000000 0.000000
vn 1.000000 0.000000 0.000000
vn 1.000000 0.000000 0.000000
vn 1.000000 0.000000 0.000000
vn 1.000000 0.000000 0.000000
vn 1.000000 0.000000 0.000000
vn 1.000000 0.000000 0.000000
vn 1.000000 0.000000 0.000000
vn 1.000000 0.000000 0.000000
vn 1.000000 0.000000 0.000000
vn -0.720087 0.693370 -0.026717
vn -0.719034 0.694554 -0.024203
vn -0.740764 0.667755 -0.073299
vn -0.743876 0.663511 -0.080008
vn -0.761557 0.635685 -0.126239
vn -0.764287 0.631018 -0.132975
vn -0.778730 0.601756 -0.177397
vn -0.781482 0.595760 -0.185353
vn -0.793638 0.562662 -0.231408
vn -0.795216 0.558092 -0.236992
vn -0.804757 0.520925 -0.284612
vn -0.805438 0.518162 -0.287711
vn -0.811624 0.480755 -0.331875
vn -0.812444 0.475728 -0.337072
vn -0.815708 0.435420 -0.380828
vn -0.816061 0.431164 -0.384892
vn -0.816058 0.384896 -0.431167
vn -0.815716 0.380964 -0.435285
vn -0.812438 0.337077 -0.475734
vn -0.811621 0.331901 -0.480742
vn -0.805423 0.287720 -0.518180
vn -0.804760 0.284707 -0.520867
vn -0.795197 0.237001 -0.558116
vn -0.793769 0.231945 -0.562256
vn -0.781484 0.185356 -0.595756
vn -0.778756 0.177469 -0.601701
vn -0.764279 0.132976 -0.631027
vn -0.761691 0.126592 -0.635453
vn -0.743868 0.080009 -0.663520
vn -0.740960 0.073745 -0.667487
vn -0.720203 0.026712 -0.693249
vn -0.718942 0.024298 -0.694645
vn -0.707105 0.707108 0.000003
vn -0.707107 0.707107 0.000000
vn -0.707107 0.707107 0.000000
vn -0.707105 0.707108 -0.000003
vn -1.000000 0.000000 0.000000
vn -1.000000 0.000000 0.000000
vn -1.000000 -0.000000 -0.000000
vn -1.000000 -0.000000 -0.000000
vn -1.000000 -0.000000 -0.000000
vn -1.000000 -0.000000 -0.000000
vn -1.000000 -0.000000 -0.000000
vn -1.000000 -0.000000 -0.000000
vn -1.000000 -0.000000 -0.000000
vn -1.000000 -0.000000 -0.000000
vn -1.000000 -0.000000 -0.000000
vn -1.000000 -0.000000 -0.000000
vn -1.000000 -0.000000 -0.000000
vn -1.000000 -0.000000 -0.000000
vn -1.000000 -0.000000 -0.000000
vn -1.000000 -0.000000 -0.000000
vn -1.000000 -0.000000 -0.000000
vn -1.000000 -0.000000 -0.000000
vn -1.000000 0.000000 0.000000
vn -1.000000 -0.000000 0.000000
vn -1.000000 -0.000000 0.000000
vn -1.000000 -0.000000 0.000000
vn -1.000000 -0.000000 0.000000
vn -1.000000 -0.000000 0.000000
vn -1.000000 -0.000000 0.000000
vn -1.000000 -0.000000 0.000000
vn -1.000000 -0.000000 0.000000
vn -1.000000 -0.000000 0.000000
vn -1.000000 -0.000000 0.000000
vn -1.000000 -0.000000 0.000000
vn -1.000000 -0.000000 0.000000
vn -1.000000 -0.000000 0.000000
vn -1.000000 0.000000 -0.000000
vn -1.000000 0.000000 0.000000
vn -1.000000 0.000000 0.000000
vn -1.000000 0.000000 0.000000
vn -1.000000 0.000000 0.000000
vn -1.000000 0.000000 0.000000
vn -1.000000 0.000000 0.000000
vn -1.000000 0.000000 0.000000
vn -1.000000 0.000000 0.000000
vn -1.000000 0.000000 0.000000
vn -1.000000 0.000000 0.000000
vn -1.000000 0.000000 0.000000
vn -1.000000 0.000000 0.000000
vn -1.000000 0.000000 0.000000
vn -1.000000 0.000000 0.000000
vn -1.000000 0.000000 0.000000
vn -1.000000 0.000000 0.000000
vn -1.000000 -0.000000 0.000000
vn -1.000000 0.000000 0.000000
vn -1.000000 0.000000 0.000000
vn -1.000000 0.000000 0.000000
vn -1.000000 0.000000 0.000000
vn -1.000000 0.000000 0.000000
vn -1.000000 0.000000 0.000000
vn -1.000000 0.000000 0.000000
vn -1.000000 0.000000 0.000000
vn -1.000000 0.000000 0.000000
vn -1.000000 0.000000 0.000000
vn -1.000000 0.000000 0.000000
vn -1.000000 0.000000 0.000000
vn -1.000000 0.000000 0.000000
vn -1.000000 0.000000 0.000000
vn -1.000000 0.000000 0.000000
vn -1.000000 0.000000 0.000000
vn -1.000000 0.000000 0.000000
vn -1.000000 0.000000 0.000000
vn -1.000000 0.000000 0.000000
vn -1.000000 0.000000 0.000000
vn -1.000000 0.000000 0.000000
vn -1.000000 0.000000 0.000000
vn -1.000000 0.000000 0.000000
vn -1.000000 0.000000 0.000000
vn -1.000000 0.000000 0.000000
vn -1.000000 0.000000 0.000000
vn -1.000000 0.000000 0.000000
vn -1.000000 0.000000 -0.000000
vn -1.000000 0.000000 -0.000000
vn -1.000000 0.000000 0.000000
vn -1.000000 0.000000 -0.000000
vn -1.000000 0.000000 -0.000000
vn -1.000000 0.000000 -0.000000
vn -1.000000 0.000000 -0.000000
vn -1.000000 0.000000 -0.000000
vn -1.000000 0.000000 -0.000000
vn -1.000000 0.000000 -0.000000
vn -1.000000 0.000000 -0.000000
vn -1.000000 0.000000 -0.000000
vn -1.000000 0.000000 -0.000000
vn -1.000000 0.000000 -0.000000
vn -0.720084 0.026711 0.693373
vn -0.718776 0.023591 0.694842
vn -0.740509 0.072757 0.668096
vn -0.743859 0.080016 0.663530
vn -0.760075 0.122489 0.638187
vn -0.764309 0.132968 0.630992
vn -0.777707 0.174365 0.603961
vn -0.781506 0.185342 0.595732
vn -0.793173 0.229625 0.564047
vn -0.795265 0.236966 0.558033
vn -0.804677 0.283489 0.521660
vn -0.805591 0.287609 0.517981
vn -0.812074 0.333969 0.478540
vn -0.812546 0.336990 0.475612
vn -0.815926 0.383322 0.432816
vn -0.816059 0.384894 0.431165
vn -0.816059 0.431166 0.384894
vn -0.815926 0.432817 0.383320
vn -0.812546 0.475614 0.336987
vn -0.812075 0.478537 0.333971
vn -0.805591 0.517980 0.287610
vn -0.804677 0.521658 0.283491
vn -0.795266 0.558030 0.236969
vn -0.793172 0.564049 0.229622
vn -0.781507 0.595730 0.185344
vn -0.777707 0.603961 0.174365
vn -0.764309 0.630992 0.132968
vn -0.760072 0.638191 0.122483
vn -0.743856 0.663533 0.080010
vn -0.740509 0.668096 0.072757
vn -0.720231 0.693220 0.026711
vn -0.718622 0.695000 0.023623
vn 0.000458 0.074824 -0.997197
vn 0.000616 0.071339 -0.997452
vn 0.000000 0.013700 -0.999906
vn -0.000323 0.168793 -0.985651
vn 0.000986 0.212566 -0.977146
vn -0.000403 0.264131 -0.964487
vn 0.000605 0.349464 -0.936949
vn 0.000458 0.352569 -0.935786
vn -0.000323 0.442061 -0.896985
vn 0.000825 0.479249 -0.877679
vn -0.000658 0.525394 -0.850859
vn 0.000188 0.599276 -0.800542
vn 0.000292 0.597452 -0.801904
vn -0.000467 0.668981 -0.743279
vn 0.000982 0.707107 -0.707106
vn -0.000469 0.743465 -0.668774
vn 0.000302 0.801941 -0.597403
vn 0.000195 0.800541 -0.599278
vn -0.000638 0.850938 -0.525266
vn 0.000847 0.877679 -0.479248
vn -0.000320 0.897377 -0.441265
vn 0.000459 0.935847 -0.352406
vn 0.000598 0.936949 -0.349464
vn -0.000399 0.964655 -0.263516
vn 0.000989 0.977146 -0.212566
vn -0.000332 0.985793 -0.167967
vn 0.000465 0.997208 -0.074669
vn 0.000000 0.999906 -0.013675
vn 0.000616 0.997452 -0.071339
vn 0.000000 1.000000 0.000000
vn 0.000000 1.000000 0.000000
vn 0.000522 0.997301 0.073417
vn 0.000616 0.997452 0.071339
vn -0.000000 0.999907 0.013674
vn -0.000355 0.986049 0.166454
vn 0.000915 0.977146 0.212566
vn -0.000388 0.966403 0.257031
vn 0.000434 0.937756 0.347293
vn 0.000540 0.936950 0.349462
vn -0.000349 0.898794 0.438372
vn 0.000951 0.877677 0.479251
vn -0.000430 0.851921 0.523670
vn 0.000515 0.800543 0.599275
vn 0.000424 0.799330 0.600893
vn -0.000331 0.740035 0.672568
vn 0.000982 0.707104 0.707109
vn -0.000331 0.672570 0.740033
vn 0.000425 0.600888 0.799333
vn 0.000515 0.599280 0.800539
vn -0.000430 0.523666 0.851924
vn 0.000951 0.479249 0.877679
vn -0.000350 0.438377 0.898791
vn 0.000540 0.349459 0.936952
vn 0.000434 0.347293 0.937756
vn -0.000388 0.257041 0.966400
vn 0.000915 0.212567 0.977146
vn -0.000354 0.166454 0.986049
vn 0.000523 0.073397 0.997303
vn 0.000000 0.013735 0.999906
vn 0.000615 0.071346 0.997451
vn 0.719189 0.060554 -0.692171
vn 0.694620 0.171444 -0.698649
vn 0.715729 0.180752 -0.674582
vn 0.703703 0.253276 -0.663817
vn 0.719981 0.293298 -0.628970
vn 0.712679 0.306523 -0.630977
vn 0.705381 0.349709 -0.616556
vn 0.710363 0.395476 -0.582222
vn 0.712614 0.402395 -0.574682
vn 0.701264 0.461471 -0.543391
vn 0.712797 0.495944 -0.495944
vn 0.701330 0.540982 -0.464191
vn 0.712456 0.574814 -0.402487
vn 0.701844 0.606696 -0.373276
vn 0.711590 0.636768 -0.296929
vn 0.702798 0.656891 -0.273074
vn 0.710191 0.680020 -0.182211
vn 0.704189 0.690268 -0.166278
vn 0.708252 0.703273 -0.061530
vn 0.706008 0.706007 -0.055745
vn 0.707107 0.707106 0.000000
vn 0.707107 0.707106 0.000000
vn 0.706706 -0.706706 -0.033664
vn 0.707396 -0.705967 -0.034681
vn 0.706060 -0.700944 -0.100781
vn 0.708064 -0.698505 -0.103614
vn 0.705453 -0.688777 -0.167096
vn 0.708687 -0.684379 -0.171430
vn 0.704889 -0.670307 -0.231994
vn 0.709264 -0.663736 -0.237487
vn 0.704364 -0.645692 -0.294878
vn 0.709794 -0.636778 -0.301174
vn 0.703879 -0.615155 -0.355159
vn 0.710280 -0.603771 -0.361887
vn 0.703437 -0.578965 -0.412281
vn 0.710720 -0.565036 -0.419060
vn 0.703035 -0.537454 -0.465708
vn 0.711115 -0.520945 -0.472156
vn 0.702675 -0.490999 -0.514945
vn 0.711467 -0.471918 -0.520681
vn 0.702357 -0.440021 -0.559532
vn 0.711774 -0.418425 -0.564180
vn 0.702081 -0.384989 -0.599054
vn 0.712036 -0.360975 -0.602248
vn 0.701847 -0.326408 -0.633142
vn 0.712255 -0.300109 -0.634529
vn 0.701657 -0.264815 -0.661476
vn 0.712430 -0.236410 -0.660722
vn 0.701507 -0.200780 -0.683794
vn 0.712561 -0.170477 -0.680584
vn 0.701401 -0.134893 -0.699886
vn 0.712648 -0.102935 -0.693929
vn 0.701337 -0.067758 -0.709603
vn 0.712691 -0.034419 -0.700633
vn 0.701316 0.000000 -0.712851
vn 0.712691 0.034419 -0.700633
vn 0.701337 0.067758 -0.709603
vn 0.712648 0.102935 -0.693929
vn 0.701401 0.134893 -0.699886
vn 0.712561 0.170477 -0.680584
vn 0.701507 0.200780 -0.683794
vn 0.712430 0.236410 -0.660722
vn 0.701657 0.264815 -0.661476
vn 0.712255 0.300109 -0.634529
vn 0.701847 0.326408 -0.633142
vn 0.712036 0.360975 -0.602248
vn 0.702081 0.384989 -0.599054
vn 0.711774 0.418425 -0.564180
vn 0.702357 0.440021 -0.559532
vn 0.711467 0.471918 -0.520681
vn 0.702675 0.490999 -0.514945
vn 0.711115 0.520945 -0.472156
vn 0.703035 0.537454 -0.465708
vn 0.710720 0.565036 -0.419060
vn 0.703437 0.578965 -0.412281
vn 0.710280 0.603771 -0.361887
vn 0.703879 0.615155 -0.355159
vn 0.709794 0.636778 -0.301174
vn 0.704364 0.645692 -0.294878
vn 0.709264 0.663736 -0.237487
vn 0.704889 0.670307 -0.231994
vn 0.708687 0.684379 -0.171430
vn 0.705454 0.688777 -0.167096
vn 0.708064 0.698505 -0.103614
vn 0.706060 0.700944 -0.100781
vn 0.707396 0.705967 -0.034681
vn 0.706706 0.706706 -0.033664
vn 0.707107 -0.707106 0.000000
vn 0.707107 -0.707106 0.000000
vn 0.706550 -0.039679 0.706550
vn 0.708050 -0.042638 0.704874
vn 0.705235 -0.118760 0.698956
vn 0.709384 -0.127050 0.693277
vn 0.704133 -0.196572 0.682317
vn 0.710470 -0.209359 0.671864
vn 0.703247 -0.272065 0.656829
vn 0.711313 -0.288470 0.640951
vn 0.702582 -0.344217 0.622811
vn 0.711913 -0.363309 0.600989
vn 0.702136 -0.412039 0.580715
vn 0.712272 -0.432879 0.552526
vn 0.701914 -0.474613 0.531093
vn 0.712392 -0.496235 0.496235
vn 0.701914 -0.531093 0.474613
vn 0.712272 -0.552526 0.432879
vn 0.702135 -0.580715 0.412039
vn 0.711912 -0.600988 0.363311
vn 0.702579 -0.622815 0.344215
vn 0.711311 -0.640954 0.288469
vn 0.703247 -0.656827 0.272070
vn 0.710471 -0.671863 0.209359
vn 0.704133 -0.682316 0.196572
vn 0.709385 -0.693276 0.127050
vn 0.705234 -0.698958 0.118757
vn 0.708048 -0.704876 0.042634
vn 0.706550 -0.706550 0.039679
vn 0.707105 -0.000000 0.707108
vn 0.707097 -0.000000 0.707117
vn 0.707107 0.000000 0.707106
vn 0.707120 -0.000001 0.707093
vn 0.707100 0.000000 0.707114
vn 0.707097 0.000000 0.707116
vn 0.707119 0.000000 0.707094
vn 0.707125 0.000000 0.707089
vn 0.707145 -0.000000 0.707069
vn 1.000000 0.000000 -0.000000
vn 1.000000 0.000000 -0.000000
vn 1.000000 0.000000 -0.000000
vn 1.000000 0.000000 -0.000000
vn 1.000000 0.000000 -0.000000
vn 1.000000 0.000000 -0.000000
vn 1.000000 0.000000 -0.000000
vn 1.000000 0.000000 -0.000000
vn 1.000000 0.000000 -0.000000
vn 1.000000 0.000000 -0.000000
vn 1.000000 0.000000 -0.000000
vn 1.000000 0.000000 -0.000000
vn 1.000000 -0.000000 0.000000
vn 1.000000 -0.000000 0.000000
vn 1.000000 0.000000 0.000000
vn 1.000000 -0.000000 0.000000
vn 1.000000 0.000000 0.000000
vn 1.000000 0.000000 -0.000000
vn 1.000000 0.000000 -0.000000
vn 1.000000 0.000000 0.000000
vn 1.000000 -0.000000 0.000000
vn 1.000000 -0.000000 0.000000
vn 1.000000 0.000000 0.000000
vn 1.000000 -0.000000 0.000000
vn 1.000000 -0.000000 0.000000
vn 1.000000 0.000000 0.000000
vn 1.000000 -0.000000 0.000000
vn 1.000000 -0.000000 0.000000
vn 1.000000 0.000000 0.000000
vn 1.000000 0.000000 0.000000
vn 1.000000 0.000000 0.000000
vn 1.000000 -0.000000 0.000000
vn 1.000000 0.000000 0.000000
vn 1.000000 0.000000 0.000000
vn 1.000000 0.000000 0.000000
vn 1.000000 0.000000 0.000000
vn 1.000000 0.000000 -0.000000
vn 1.000000 0.000000 -0.000000
vn 1.000000 0.000000 0.000000
vn 1.000000 0.000000 -0.000000
vn 1.000000 0.000000 -0.000000
vn 1.000000 0.000000 0.000000
vn 1.000000 0.000000 -0.000000
vn 1.000000 0.000000 0.000000
vn 1.000000 0.000000 -0.000000
vn 1.000000 0.000000 0.000000
vn 1.000000 0.000000 -0.000000
vn 1.000000 0.000000 0.000000
vn 1.000000 0.000000 -0.000000
vn 1.000000 0.000000 0.000000
vn 1.000000 0.000000 -0.000000
vn 1.000000 0.000000 0.000000
vn 1.000000 0.000000 -0.000000
vn 1.000000 0.000000 0.000000
vn 1.000000 0.000000 -0.000000
vn 1.000000 0.000000 0.000000
vn 1.000000 0.000000 0.000000
vn 1.000000 0.000000 0.000000
vn 1.000000 0.000000 0.000000
vn 1.000000 0.000000 0.000000
vn 1.000000 0.000000 0.000000
vn 1.000000 0.000000 0.000000
vn 1.000000 0.000000 0.000000
vn 1.000000 0.000000 0.000000
vn 1.000000 0.000000 0.000000
vn 1.000000 0.000000 0.000000
vn 1.000000 0.000000 0.000000
vn 1.000000 0.000000 0.000000
vn 1.000000 0.000000 0.000000
vn 1.000000 0.000000 0.000000
vn 1.000000 0.000000 0.000000
vn 1.000000 0.000000 0.000000
vn 1.000000 0.000000 0.000000
vn 1.000000 0.000000 0.000000
vn 1.000000 0.000000 0.000000
vn 1.000000 0.000000 0.000000
vn 1.000000 0.000000 0.000000
vn 1.000000 0.000000 0.000000
vn 1.000000 0.000000 0.000000
vn 1.000000 0.000000 0.000000
vn 1.000000 0.000000 0.000000
vn 1.000000 0.000000 0.000000
vn 1.000000 0.000000 0.000000
vn 1.000000 0.000000 0.000000
vn 1.000000 0.000000 0.000000
vn 1.000000 0.000000 0.000000
vn 1.000000 0.000000 0.000000
vn 1.000000 0.000000 0.000000
vn 1.000000 0.000000 0.000000
vn 1.000000 -0.000000 0.000000
vn 1.000000 0.000000 0.000000
vn 1.000000 0.000000 0.000000
vn 1.000000 0.000000 0.000000
vn 1.000000 0.000000 0.000000
vn 1.000000 -0.000000 0.000000
vn 1.000000 -0.000000 0.000000
vn 1.000000 0.000000 0.000000
vn 1.000000 0.000000 0.000000
vn 1.000000 0.000000 0.000000
vn 1.000000 0.000000 0.000000
vn 1.000000 0.000000 0.000000
vn 1.000000 0.000000 0.000000
vn 1.000000 0.000000 0.000000
vn 1.000000 0.000000 0.000000
vn 1.000000 0.000000 0.000000
vn 1.000000 0.000000 0.000000
vn 1.000000 0.000000 0.000000
vn 1.000000 -0.000000 0.000000
vn 1.000000 0.000000 0.000000
vn 1.000000 -0.000000 0.000000
vn 1.000000 -0.000000 0.000000
vn 1.000000 0.000000 0.000000
vn 1.000000 -0.000000 0.000000
vn 1.000000 0.000000 0.000000
vn 1.000000 -0.000000 0.000000
vn 1.000000 0.000000 0.000000
vn 1.000000 -0.000000 0.000000
vn 1.000000 0.000000 0.000000
vn 1.000000 -0.000000 0.000000
vn 1.000000 0.000000 0.000000
vn 1.000000 -0.000000 0.000000
vn 1.000000 0.000000 0.000000
vn 1.000000 0.000000 0.000000
vn 1.000000 0.000000 0.000000
vn 1.000000 0.000000 0.000000
vn 1.000000 0.000000 0.000000
vn 1.000000 0.000000 0.000000
vn 1.000000 0.000000 0.000000
vn 1.000000 0.000000 0.000000
vn 1.000000 0.000000 0.000000
vn 1.000000 0.000000 0.000000
vn 1.000000 0.000000 0.000000
vn 1.000000 0.000000 0.000000
vn 0.707108 0.000000 0.707106
vn 0.707108 0.000000 0.707106
vn 0.706653 -0.035839 -0.706653
vn 0.707684 -0.039618 -0.705417
vn 0.705811 -0.107272 -0.700231
vn 0.708571 -0.118197 -0.695670
vn 0.705168 -0.177722 -0.686406
vn 0.709215 -0.195168 -0.677439
vn 0.704728 -0.246405 -0.665314
vn 0.709616 -0.269632 -0.650956
vn 0.704490 -0.312554 -0.637185
vn 0.709777 -0.340747 -0.616530
vn 0.704456 -0.375431 -0.602323
vn 0.709696 -0.407676 -0.574570
vn 0.704626 -0.434337 -0.561119
vn 0.709375 -0.469662 -0.525551
vn 0.704999 -0.488622 -0.514029
vn 0.708813 -0.525975 -0.470037
vn 0.705574 -0.537683 -0.461587
vn 0.708008 -0.575952 -0.408662
vn 0.706349 -0.580989 -0.404379
vn 0.706977 -0.618370 -0.343224
vn 0.707333 -0.618678 -0.341931
vn 0.706069 -0.650754 -0.279261
vn 0.708303 -0.652175 -0.270140
vn 0.705359 -0.676341 -0.212205
vn 0.709028 -0.677621 -0.195216
vn 0.704853 -0.694834 -0.142791
vn 0.709509 -0.694739 -0.118043
vn 0.704546 -0.706017 -0.071795
vn 0.709750 -0.703346 -0.039498
vn 0.704445 -0.709759 0.000000
vn 0.709750 -0.703346 0.039498
vn 0.704546 -0.706017 0.071795
vn 0.709509 -0.694739 0.118043
vn 0.704853 -0.694834 0.142790
vn 0.709028 -0.677620 0.195217
vn 0.705360 -0.676341 0.212206
vn 0.708303 -0.652175 0.270140
vn 0.706069 -0.650754 0.279259
vn 0.707334 -0.618679 0.341929
vn 0.706977 -0.618370 0.343224
vn 0.706349 -0.580989 0.404379
vn 0.708008 -0.575952 0.408662
vn 0.705574 -0.537683 0.461587
vn 0.708813 -0.525975 0.470037
vn 0.704998 -0.488620 0.514031
vn 0.709375 -0.469660 0.525553
vn 0.704626 -0.434339 0.561117
vn 0.709697 -0.407678 0.574568
vn 0.704456 -0.375431 0.602323
vn 0.709777 -0.340744 0.616531
vn 0.704490 -0.312553 0.637184
vn 0.709616 -0.269635 0.650954
vn 0.704728 -0.246405 0.665314
vn 0.709215 -0.195168 0.677439
vn 0.705168 -0.177722 0.686406
vn 0.708571 -0.118197 0.695670
vn 0.705810 -0.107269 0.700233
vn 0.707684 -0.039615 0.705418
vn 0.706653 -0.035842 0.706652
vn 0.707106 0.000000 -0.707107
vn 0.707107 0.000000 -0.707107
vn 0.707110 0.000000 -0.707104
vn 0.706649 0.170994 -0.686592
vn 0.707369 0.173402 -0.685245
vn 0.706042 0.240001 -0.666261
vn 0.708039 0.246812 -0.661638
vn 0.705530 0.306603 -0.638923
vn 0.708592 0.317200 -0.630303
vn 0.705115 0.370078 -0.604860
vn 0.709028 0.383764 -0.591612
vn 0.704798 0.429748 -0.564426
vn 0.709346 0.445749 -0.546018
vn 0.704577 0.484964 -0.518054
vn 0.709549 0.502455 -0.494043
vn 0.704455 0.535129 -0.466240
vn 0.709636 0.553235 -0.436289
vn 0.704431 0.579705 -0.409536
vn 0.709607 0.597511 -0.373415
vn 0.704504 0.618213 -0.348549
vn 0.709462 0.634779 -0.306136
vn 0.704675 0.650240 -0.283938
vn 0.709201 0.664608 -0.235222
vn 0.704944 0.675445 -0.216396
vn 0.708824 0.686653 -0.161477
vn 0.705311 0.693563 -0.146651
vn 0.708331 0.700654 -0.085743
vn 0.705774 0.704407 -0.075454
vn 0.707719 0.706438 -0.008883
vn 0.706334 0.707870 -0.003569
vn 0.706989 0.703926 0.068229
vn 0.706989 0.703926 0.068229
vn 0.706334 0.694008 0.139448
vn 0.707719 0.691582 0.144388
vn 0.705774 0.676804 0.209329
vn 0.708331 0.671145 0.218707
vn 0.705311 0.652489 0.277119
vn 0.708824 0.642860 0.290342
vn 0.704944 0.621314 0.342086
vn 0.709202 0.607062 0.358481
vn 0.704676 0.583606 0.403530
vn 0.709462 0.564171 0.422345
vn 0.704504 0.539767 0.460789
vn 0.709607 0.514675 0.481215
vn 0.704431 0.490264 0.513243
vn 0.709636 0.459148 0.534415
vn 0.704455 0.435625 0.560333
vn 0.709549 0.398222 0.581344
vn 0.704577 0.376445 0.601549
vn 0.709346 0.332589 0.621460
vn 0.704798 0.313352 0.636452
vn 0.709028 0.263001 0.654301
vn 0.705115 0.247027 0.664673
vn 0.708592 0.190246 0.679488
vn 0.705531 0.178194 0.685910
vn 0.708041 0.115152 0.696720
vn 0.706043 0.107578 0.699950
vn 0.707370 0.038574 0.705790
vn 0.706651 0.035952 0.706649
vn 0.707110 0.000000 -0.707104
vn 0.707110 0.000000 -0.707104
vn 0.718240 0.086840 -0.690355
vn 0.649776 0.109785 -0.752156
vn 0.706573 0.124463 -0.696609
vn 0.707093 0.129687 -0.695127
vn 0.706818 0.028729 -0.706812
vn 0.693344 0.034803 -0.719766
vn 0.000000 0.000000 -1.000000
vn 0.000000 0.000000 -1.000000
vn 0.000000 0.000000 -1.000000
vn 0.000000 0.000000 -1.000000
vn 0.000000 0.000000 -1.000000
vn 0.000000 0.000000 -1.000000
vn 0.000000 0.000000 -1.000000
vn 0.000000 0.000000 -1.000000
vn 0.000000 0.000000 -1.000000
vn 0.000000 0.000000 -1.000000
vn 0.000000 0.000000 -1.000000
vn 0.000000 0.000000 -1.000000
vn -0.000000 0.000000 -1.000000
vn 0.000000 -0.050651 -0.998716
vn -0.000016 -0.050701 -0.998714
vn 0.000016 -0.151429 -0.988468
vn -0.000030 -0.151570 -0.988447
vn 0.000033 -0.250652 -0.968077
vn -0.000047 -0.250891 -0.968015
vn 0.000048 -0.347305 -0.937752
vn -0.000063 -0.347629 -0.937632
vn 0.000063 -0.440394 -0.897805
vn -0.000079 -0.440791 -0.897610
vn 0.000079 -0.528964 -0.848644
vn -0.000094 -0.529421 -0.848359
vn 0.000095 -0.612105 -0.790776
vn -0.000111 -0.612612 -0.790384
vn 0.000109 -0.688968 -0.724792
vn -0.000126 -0.689501 -0.724285
vn 0.000125 -0.758757 -0.651374
vn -0.000141 -0.759299 -0.650742
vn 0.000141 -0.820765 -0.571266
vn -0.000156 -0.821297 -0.570501
vn 0.000157 -0.874346 -0.485302
vn -0.000172 -0.874847 -0.484399
vn 0.000172 -0.918958 -0.394356
vn -0.000188 -0.919403 -0.393317
vn 0.000187 -0.954139 -0.299365
vn -0.000203 -0.954505 -0.298195
vn 0.000203 -0.979530 -0.201297
vn -0.000219 -0.979796 -0.199997
vn 0.000218 -0.994869 -0.101169
vn -0.000234 -0.995012 -0.099755
vn 0.000234 -1.000000 0.000000
vn -0.000249 -0.999999 0.001522
vn 0.000250 -0.994869 0.101169
vn -0.000265 -0.994704 0.102782
vn 0.000264 -0.979530 0.201296
vn -0.000281 -0.979183 0.202980
vn 0.000280 -0.954138 0.299366
vn -0.000296 -0.953593 0.301099
vn 0.000295 -0.918958 0.394355
vn -0.000310 -0.918203 0.396110
vn 0.000311 -0.874346 0.485302
vn -0.000326 -0.873366 0.487064
vn 0.000325 -0.820765 0.571266
vn -0.000342 -0.819556 0.572999
vn 0.000340 -0.758757 0.651374
vn -0.000356 -0.757317 0.653047
vn 0.000356 -0.688965 0.724794
vn -0.000371 -0.687293 0.726381
vn 0.000371 -0.612108 0.790774
vn -0.000387 -0.610201 0.792247
vn 0.000385 -0.528964 0.848644
vn -0.000401 -0.526840 0.849964
vn 0.000401 -0.440394 0.897805
vn -0.000416 -0.438058 0.898947
vn 0.000225 -0.368560 0.929604
vn 0.003848 -0.347303 0.937745
vn -0.000139 -0.321434 0.946932
vn 0.000148 -0.273316 0.961924
vn 0.003535 -0.250650 0.968071
vn -0.000087 -0.224610 0.974449
vn 0.000092 -0.175257 0.984523
vn 0.003350 -0.151424 0.988463
vn -0.000042 -0.125526 0.992090
vn 0.000044 -0.075438 0.997150
vn 0.003266 -0.050655 0.998711
vn 0.000000 -0.025170 0.999683
vn 0.000000 0.000000 1.000000
vn 0.000000 0.000000 1.000000
vn 0.000000 0.000000 1.000000
vn 0.000000 0.000000 1.000000
vn 0.000000 -0.000000 1.000000
vn 0.000000 0.000000 1.000000
vn 0.000000 0.000000 1.000000
vn 1.000000 0.000000 -0.000000
vn 1.000000 0.000000 0.000000
vn 1.000000 0.000000 -0.000000
vn 1.000000 0.000000 0.000000
vn 1.000000 0.000000 0.000000
vn 1.000000 0.000000 0.000000
vn 1.000000 0.000000 0.000000
vn 1.000000 0.000000 0.000000
vn 1.000000 0.000000 0.000000
vn 1.000000 0.000000 0.000000
vn 1.000000 0.000000 0.000000
vn 1.000000 0.000000 0.000000
vn 1.000000 -0.000000 0.000000
vn 1.000000 -0.000000 0.000000
vn 1.000000 -0.000000 0.000000
vn 1.000000 -0.000000 0.000000
vn 1.000000 -0.000000 0.000000
vn 1.000000 -0.000000 0.000000
vn 1.000000 -0.000000 0.000000
vn 1.000000 0.000000 0.000000
vn 1.000000 0.000000 0.000000
vn 1.000000 0.000000 0.000000
vn 1.000000 0.000000 0.000000
vn 1.000000 0.000000 -0.000000
vn 1.000000 0.000000 -0.000000
vn 1.000000 0.000000 0.000000
vn 1.000000 0.000000 0.000000
vn 1.000000 0.000000 0.000000
vn 1.000000 -0.000000 0.000000
vn 1.000000 0.000000 0.000000
vn 1.000000 0.000000 0.000000
vn 1.000000 -0.000000 0.000000
vn 1.000000 0.000000 0.000000
vn 1.000000 0.000000 0.000000
vn 1.000000 0.000000 0.000000
vn 1.000000 0.000000 -0.000000
vn 1.000000 0.000000 -0.000000
vn 1.000000 0.000000 0.000000
vn 1.000000 0.000000 -0.000000
vn 1.000000 0.000000 0.000000
vn 1.000000 0.000000 -0.000000
vn 1.000000 0.000000 -0.000000
vn 1.000000 0.000000 0.000000
vn 1.000000 0.000000 -0.000000
vn 1.000000 0.000000 0.000000
vn 1.000000 0.000000 -0.000000
vn 1.000000 0.000000 0.000000
vn 1.000000 0.000000 -0.000000
vn 1.000000 0.000000 0.000000
vn 1.000000 0.000000 -0.000000
vn 1.000000 0.000000 0.000000
vn 1.000000 0.000000 -0.000000
vn 1.000000 0.000000 0.000000
vn 1.000000 0.000000 -0.000000
vn 1.000000 -0.000000 0.000000
vn 1.000000 0.000000 0.000000
vn 1.000000 0.000000 -0.000000
vn 1.000000 0.000000 0.000000
vn 1.000000 0.000000 -0.000000
vn 1.000000 -0.000000 0.000000
vn 1.000000 0.000000 -0.000000
vn 1.000000 -0.000000 0.000000
vn 1.000000 -0.000000 0.000000
vn 1.000000 0.000000 -0.000000
vn 1.000000 -0.000000 0.000000
vn 1.000000 0.000000 -0.000000
vn 1.000000 0.000000 -0.000000
vn 1.000000 0.000000 -0.000000
vn 1.000000 0.000000 -0.000000
vn 1.000000 0.000000 -0.000000
vn 1.000000 0.000000 -0.000000
vn 1.000000 0.000000 0.000000
vn 1.000000 0.000000 0.000000
vn 1.000000 0.000000 0.000000
vn 1.000000 0.000000 0.000000
vn 1.000000 0.000000 0.000000
vn 1.000000 0.000000 -0.000000
vn 1.000000 0.000000 0.000000
vn 1.000000 0.000000 0.000000
vn 1.000000 0.000000 0.000000
vn 1.000000 0.000000 0.000000
vn 1.000000 0.000000 0.000000
vn 1.000000 0.000000 -0.000000
vn 1.000000 0.000000 -0.000000
vn 1.000000 -0.000000 -0.000000
vn 1.000000 -0.000000 -0.000000
vn 1.000000 -0.000000 0.000000
vn 1.000000 0.000000 0.000000
vn 1.000000 -0.000000 0.000000
vn 1.000000 -0.000000 0.000000
vn 1.000000 0.000000 0.000000
vn 1.000000 -0.000000 0.000000
vn 1.000000 0.000000 0.000000
vn 1.000000 0.000000 0.000000
vn 1.000000 0.000000 0.000000
vn 1.000000 0.000000 0.000000
vn 1.000000 -0.000000 -0.000000
vn 1.000000 -0.000000 -0.000000
vn 1.000000 0.000000 0.000000
vn 1.000000 -0.000000 -0.000000
vn 1.000000 0.000000 0.000000
vn -0.000000 1.000000 0.000000
vn 0.000000 1.000000 -0.000000
vn 0.000000 1.000000 0.000000
vn -0.707107 0.000000 0.707106
vn -0.719172 -0.024746 0.694391
vn -0.720255 -0.026706 0.693195
vn -0.740323 -0.072690 0.668310
vn -0.743917 -0.080006 0.663466
vn -0.759769 -0.122172 0.638612
vn -0.764429 -0.132937 0.630853
vn -0.777705 -0.174834 0.603827
vn -0.781627 -0.185299 0.595586
vn -0.793231 -0.230428 0.563638
vn -0.795285 -0.236957 0.558008
vn -0.804451 -0.283251 0.522136
vn -0.805563 -0.287629 0.518013
vn -0.811865 -0.333490 0.479228
vn -0.812532 -0.337001 0.475629
vn -0.815849 -0.383133 0.433128
vn -0.816059 -0.384893 0.431167
vn -0.816059 -0.431167 0.384893
vn -0.815849 -0.433128 0.383133
vn -0.812532 -0.475628 0.337001
vn -0.811865 -0.479229 0.333490
vn -0.805563 -0.518012 0.287631
vn -0.804451 -0.522138 0.283250
vn -0.795284 -0.558010 0.236954
vn -0.793232 -0.563636 0.230430
vn -0.781627 -0.595586 0.185299
vn -0.777706 -0.603826 0.174835
vn -0.764431 -0.630851 0.132940
vn -0.759769 -0.638612 0.122172
vn -0.743916 -0.663468 0.080003
vn -0.740323 -0.668309 0.072690
vn -0.719343 -0.694214 0.024731
vn -0.720104 -0.693352 0.026716
vn -0.707107 -0.707107 0.000000
vn 0.000000 -1.000000 0.000000
vn 0.000000 -1.000000 -0.000000
vn 0.000000 -1.000000 0.000000
vn -0.707107 -0.707107 0.000000
vn -0.707107 -0.707107 0.000000
vn 0.000000 -0.998781 0.049371
vn 0.000449 -0.998427 0.056070
vn -0.000568 -0.989367 0.145442
vn 0.000705 -0.985871 0.167505
vn -0.000866 -0.970756 0.240067
vn 0.000953 -0.960917 0.276835
vn -0.000895 -0.942129 0.335249
vn 0.001088 -0.923877 0.382687
vn -0.000911 -0.902847 0.429962
vn 0.000922 -0.875225 0.483716
vn -0.000892 -0.855949 0.517060
vn 0.000675 -0.815561 0.578671
vn -0.000581 -0.802369 0.596828
vn 0.000439 -0.745642 0.666346
vn 0.000000 -0.741177 0.671310
vn 0.000000 -0.671310 0.741177
vn 0.000439 -0.666346 0.745642
vn -0.000581 -0.596829 0.802369
vn 0.000675 -0.578671 0.815561
vn -0.000892 -0.517062 0.855947
vn 0.000922 -0.483720 0.875222
vn -0.000911 -0.429957 0.902849
vn 0.001088 -0.382681 0.923880
vn -0.000895 -0.335248 0.942130
vn 0.000953 -0.276835 0.960917
vn -0.000866 -0.240067 0.970756
vn 0.000704 -0.167510 0.985870
vn -0.000568 -0.145442 0.989367
vn 0.000449 -0.056071 0.998427
vn 0.000000 -0.049377 0.998780
vn -0.707126 0.000040 0.707087
vn -0.707107 0.000000 0.707106
vn -0.707107 0.000000 0.707106
vn -0.707114 0.000015 -0.707099
vn -0.707107 0.000000 -0.707107
vn -0.707107 0.000000 -0.707107
vn -0.706550 0.039678 -0.706550
vn -0.707922 0.061554 -0.703603
vn -0.706137 0.118606 -0.698072
vn -0.707682 0.182863 -0.682456
vn -0.706756 0.195849 -0.679808
vn -0.706385 0.270876 -0.653947
vn -0.708066 0.298434 -0.639984
vn -0.706178 0.342489 -0.619689
vn -0.707347 0.405441 -0.579032
vn -0.707003 0.409242 -0.576773
vn -0.706261 0.471740 -0.527880
vn -0.708114 0.499287 -0.499287
vn -0.706261 0.527880 -0.471740
vn -0.707003 0.576773 -0.409242
vn -0.707347 0.579032 -0.405441
vn -0.706178 0.619689 -0.342489
vn -0.708066 0.639986 -0.298430
vn -0.706385 0.653948 -0.270874
vn -0.706756 0.679807 -0.195852
vn -0.707683 0.682456 -0.182864
vn -0.706137 0.698071 -0.118606
vn -0.707922 0.703603 -0.061559
vn -0.706550 0.706550 -0.039678
vn -0.707107 0.707107 0.000000
vn -0.707107 0.707107 0.000000
vn -0.706706 -0.706706 -0.033664
vn -0.707539 -0.705385 -0.042668
vn -0.706232 -0.700774 -0.100757
vn -0.708036 -0.694609 -0.127293
vn -0.706107 -0.688145 -0.166942
vn -0.707953 -0.674281 -0.210115
vn -0.706332 -0.668948 -0.231524
vn -0.707291 -0.644643 -0.290129
vn -0.706905 -0.643390 -0.293827
vn -0.706535 -0.612868 -0.353838
vn -0.707740 -0.604587 -0.365483
vn -0.706160 -0.576761 -0.410711
vn -0.708071 -0.555863 -0.435491
vn -0.706135 -0.535128 -0.463692
vn -0.707823 -0.499493 -0.499493
vn -0.706460 -0.488406 -0.512225
vn -0.707015 -0.437161 -0.555895
vn -0.707148 -0.436060 -0.556590
vn -0.706392 -0.382677 -0.595456
vn -0.707894 -0.365404 -0.604456
vn -0.706118 -0.324468 -0.629379
vn -0.708059 -0.289814 -0.643941
vn -0.706193 -0.263144 -0.657303
vn -0.707646 -0.210206 -0.674575
vn -0.706617 -0.199352 -0.678934
vn -0.706802 -0.133879 -0.694628
vn -0.707421 -0.127403 -0.695215
vn -0.706278 -0.067293 -0.704729
vn -0.708000 -0.042640 -0.704924
vn -0.706103 -0.000000 -0.708109
vn -0.708000 0.042640 -0.704924
vn -0.706278 0.067293 -0.704729
vn -0.707421 0.127403 -0.695215
vn -0.706802 0.133879 -0.694628
vn -0.706617 0.199352 -0.678934
vn -0.707646 0.210206 -0.674575
vn -0.706193 0.263144 -0.657303
vn -0.708059 0.289814 -0.643941
vn -0.706118 0.324468 -0.629379
vn -0.707894 0.365404 -0.604456
vn -0.706392 0.382677 -0.595456
vn -0.707148 0.436060 -0.556590
vn -0.707015 0.437161 -0.555895
vn -0.706460 0.488406 -0.512225
vn -0.707823 0.499493 -0.499493
vn -0.706135 0.535128 -0.463692
vn -0.708071 0.555863 -0.435491
vn -0.706160 0.576761 -0.410711
vn -0.707740 0.604587 -0.365483
vn -0.706535 0.612868 -0.353838
vn -0.706905 0.643390 -0.293827
vn -0.707291 0.644643 -0.290129
vn -0.706332 0.668948 -0.231524
vn -0.707953 0.674281 -0.210115
vn -0.706107 0.688145 -0.166942
vn -0.708036 0.694609 -0.127293
vn -0.706232 0.700774 -0.100757
vn -0.707539 0.705385 -0.042668
vn -0.706706 0.706706 -0.033664
vn 0.000000 0.998867 -0.047582
vn 0.000000 0.998867 -0.047582
vn 0.000000 0.989821 -0.142316
vn 0.000000 0.989821 -0.142316
vn 0.000000 0.971811 -0.235759
vn 0.000000 0.971811 -0.235759
vn 0.000000 0.945001 -0.327066
vn 0.000000 0.945001 -0.327066
vn 0.000000 0.909632 -0.415416
vn 0.000000 0.909632 -0.415416
vn 0.000000 0.866026 -0.499999
vn 0.000000 0.866026 -0.499999
vn 0.000000 0.814575 -0.580058
vn 0.000000 0.814575 -0.580058
vn 0.000000 0.755749 -0.654862
vn 0.000000 0.755749 -0.654862
vn 0.000000 0.690080 -0.723733
vn 0.000000 0.690080 -0.723733
vn 0.000000 0.618159 -0.786053
vn 0.000000 0.618159 -0.786053
vn 0.000000 0.540641 -0.841253
vn 0.000000 0.540641 -0.841253
vn 0.000000 0.458227 -0.888835
vn 0.000000 0.458227 -0.888835
vn 0.000000 0.371663 -0.928368
vn 0.000000 0.371663 -0.928368
vn 0.000000 0.281732 -0.959493
vn 0.000000 0.281732 -0.959493
vn 0.000000 0.189252 -0.981929
vn 0.000000 0.189252 -0.981929
vn 0.000000 0.095055 -0.995472
vn 0.000000 0.095055 -0.995472
vn 0.000000 0.000000 -1.000000
vn 0.000000 0.000000 -1.000000
vn 0.000000 -0.095055 -0.995472
vn -0.000000 -0.095055 -0.995472
vn 0.000000 -0.189252 -0.981929
vn -0.000000 -0.189252 -0.981929
vn 0.000000 -0.281732 -0.959493
vn -0.000000 -0.281732 -0.959493
vn 0.000000 -0.371663 -0.928368
vn -0.000000 -0.371663 -0.928368
vn 0.000000 -0.458227 -0.888835
vn -0.000000 -0.458227 -0.888835
vn 0.000000 -0.540641 -0.841253
vn -0.000000 -0.540641 -0.841253
vn 0.000000 -0.618159 -0.786053
vn -0.000000 -0.618159 -0.786053
vn 0.000000 -0.690080 -0.723733
vn -0.000000 -0.690080 -0.723733
vn 0.000000 -0.755749 -0.654862
vn -0.000000 -0.755749 -0.654862
vn 0.000000 -0.814575 -0.580058
vn -0.000000 -0.814575 -0.580058
vn 0.000000 -0.866026 -0.499999
vn -0.000000 -0.866026 -0.499999
vn 0.000000 -0.909632 -0.415416
vn -0.000000 -0.909632 -0.415416
vn 0.000000 -0.945001 -0.327066
vn -0.000000 -0.945001 -0.327066
vn 0.000000 -0.971811 -0.235759
vn -0.000000 -0.971811 -0.235759
vn 0.000000 -0.989821 -0.142316
vn -0.000000 -0.989821 -0.142316
vn 0.000000 -0.998867 -0.047582
vn -0.000000 -0.998867 -0.047582
vn -0.000000 1.000000 0.000000
vn 0.000000 1.000000 0.000000
vn 0.000000 0.087151 -0.996195
vn 0.000000 0.087151 -0.996195
vn 0.000000 0.258817 -0.965926
vn 0.000000 0.258817 -0.965926
vn 0.000000 0.422624 -0.906305
vn 0.000000 0.422624 -0.906305
vn 0.000000 0.573574 -0.819153
vn 0.000000 0.573574 -0.819153
vn 0.000000 0.707107 -0.707107
vn 0.000000 0.707107 -0.707107
vn 0.000000 0.819153 -0.573574
vn 0.000000 0.819153 -0.573574
vn 0.000000 0.906308 -0.422618
vn 0.000000 0.906308 -0.422618
vn 0.000000 0.965926 -0.258819
vn 0.000000 0.965926 -0.258819
vn 0.000000 0.996194 -0.087158
vn 0.000000 0.996194 -0.087158
vn 0.000000 0.000000 1.000000
vn 0.000000 0.000000 1.000000
vn 0.000000 -0.000000 1.000000
vn -0.000000 0.000000 1.000000
vn 0.000000 -1.000000 0.000000
vn -0.000000 -1.000000 0.000000
vn -0.000000 -1.000000 0.000000
vn 0.000000 -1.000000 0.000000
vn 0.000000 0.000000 -1.000000
vn 0.000000 0.000000 -1.000000
vn 1.000000 0.000000 0.000000
vn 1.000000 0.000000 -0.000000
vn 0.000000 0.997066 -0.076549
vn 0.000000 0.997066 -0.076549
vn 0.000000 0.997066 0.076550
vn 0.000000 0.997066 0.076550
vn 0.000000 0.973695 0.227853
vn 0.000000 0.973695 -0.227853
vn 0.000000 0.973695 -0.227853
vn 0.000000 0.927503 -0.373816
vn 0.000000 0.927503 -0.373816
vn 0.000000 0.859570 -0.511019
vn 0.000000 0.859570 -0.511019
vn 0.000000 0.771487 -0.636245
vn 0.000000 0.771487 -0.636245
vn 0.000000 0.665327 -0.746552
vn 0.000000 0.665327 -0.746552
vn 0.000000 0.543567 -0.839366
vn 0.000000 0.543567 -0.839366
vn 0.000000 0.409071 -0.912503
vn 0.000000 0.409071 -0.912503
vn 0.000000 0.264980 -0.964254
vn 0.000000 0.264980 -0.964254
vn 0.000000 0.114683 -0.993402
vn 0.000000 0.114683 -0.993402
vn 0.000000 -0.038305 -0.999266
vn -0.000000 -0.038305 -0.999266
vn 0.000000 -0.190390 -0.981709
vn -0.000000 -0.190390 -0.981709
vn 0.000000 -0.338016 -0.941140
vn -0.000000 -0.338016 -0.941140
vn 0.000000 -0.477721 -0.878512
vn -0.000000 -0.477721 -0.878512
vn 0.000000 -0.606225 -0.795293
vn -0.000000 -0.606225 -0.795293
vn 0.000000 -0.720522 -0.693432
vn -0.000000 -0.720522 -0.693432
vn 0.000000 -0.817929 -0.575319
vn -0.000000 -0.817929 -0.575319
vn 0.000000 -0.896166 -0.443719
vn -0.000000 -0.896166 -0.443719
vn 0.000000 -0.953396 -0.301721
vn -0.000000 -0.953396 -0.301721
vn 0.000000 -0.988280 -0.152649
vn -0.000000 -0.988280 -0.152649
vn 0.000000 -1.000000 0.000000
vn 0.000000 -1.000000 0.000000
vn 0.000000 -0.988280 0.152649
vn 0.000000 -0.988280 0.152649
vn 0.000000 -0.953396 0.301721
vn 0.000000 -0.953396 0.301721
vn 0.000000 -0.896165 0.443722
vn 0.000000 -0.896165 0.443722
vn 0.000000 -0.817929 0.575319
vn 0.000000 -0.817929 0.575319
vn 0.000000 -0.720522 0.693432
vn 0.000000 -0.720522 0.693432
vn 0.000000 -0.606225 0.795293
vn 0.000000 -0.606225 0.795293
vn 0.000000 -0.477721 0.878512
vn 0.000000 -0.477721 0.878512
vn 0.000000 -0.338016 0.941140
vn 0.000000 -0.338016 0.941140
vn 0.000000 -0.190396 0.981707
vn 0.000000 -0.190396 0.981707
vn 0.000000 -0.038298 0.999266
vn 0.000000 -0.038298 0.999266
vn 0.000000 0.114683 0.993402
vn 0.000000 0.114683 0.993402
vn 0.000000 0.264980 0.964254
vn 0.000000 0.264980 0.964254
vn 0.000000 0.409071 0.912503
vn 0.000000 0.409071 0.912503
vn 0.000000 0.543567 0.839366
vn 0.000000 0.543567 0.839366
vn 0.000000 0.665323 0.746556
vn 0.000000 0.665323 0.746556
vn 0.000000 0.771490 0.636241
vn 0.000000 0.771490 0.636241
vn 0.000000 0.859570 0.511019
vn 0.000000 0.859570 0.511019
vn 0.000000 0.927503 0.373816
vn 0.000000 0.927503 0.373816
vn 0.000000 0.973695 0.227853
vn -1.000000 0.000000 -0.000000
vn -1.000000 0.000000 0.000000
vn -1.000000 -0.000000 0.000000
vn -1.000000 -0.000000 0.000000
vn -1.000000 -0.000000 0.000000
vn -1.000000 -0.000000 0.000000
vn -1.000000 -0.000000 0.000000
vn -1.000000 -0.000000 0.000000
vn -1.000000 0.000000 0.000000
vn -1.000000 -0.000000 0.000000
vn -1.000000 0.000000 0.000000
vn -1.000000 0.000000 0.000000
vn -1.000000 0.000000 0.000000
vn -1.000000 0.000000 0.000000
vn -1.000000 0.000000 0.000000
vn -1.000000 -0.000000 0.000000
vn -1.000000 -0.000000 0.000000
vn -1.000000 0.000000 0.000000
vn -1.000000 -0.000000 0.000000
vn -1.000000 0.000000 0.000000
vn -1.000000 -0.000000 0.000000
vn -1.000000 0.000000 0.000000
vn -1.000000 0.000000 0.000000
vn -1.000000 0.000000 0.000000
vn -1.000000 0.000000 0.000000
vn -1.000000 0.000000 0.000000
vn -1.000000 0.000000 0.000000
vn -1.000000 0.000000 0.000000
vn -1.000000 0.000000 0.000000
vn -1.000000 0.000000 0.000000
vn -1.000000 0.000000 0.000000
vn -1.000000 0.000000 0.000000
vn -1.000000 0.000000 0.000000
vn -1.000000 -0.000000 -0.000000
vn -1.000000 -0.000000 -0.000000
vn -1.000000 -0.000000 0.000000
vn -1.000000 0.000000 -0.000000
vn -1.000000 -0.000000 0.000000
vn -1.000000 -0.000000 0.000000
vn -1.000000 0.000000 -0.000000
vn -1.000000 -0.000000 0.000000
vn -1.000000 -0.000000 0.000000
vn -1.000000 0.000000 -0.000000
vn -1.000000 -0.000000 0.000000
vn -1.000000 -0.000000 0.000000
vn -1.000000 0.000000 -0.000000
vn -1.000000 -0.000000 0.000000
vn -1.000000 0.000000 -0.000000
vn -1.000000 -0.000000 0.000000
vn -1.000000 -0.000000 0.000000
vn -1.000000 0.000000 -0.000000
vn -1.000000 -0.000000 0.000000
vn -1.000000 0.000000 -0.000000
vn -1.000000 -0.000000 0.000000
vn -1.000000 0.000000 -0.000000
vn -1.000000 -0.000000 0.000000
vn -1.000000 0.000000 -0.000000
vn -1.000000 -0.000000 0.000000
vn -1.000000 0.000000 -0.000000
vn -1.000000 -0.000000 0.000000
vn -1.000000 0.000000 0.000000
vn -1.000000 0.000000 -0.000000
vn -1.000000 0.000000 -0.000000
vn -1.000000 0.000000 0.000000
vn -1.000000 0.000000 -0.000000
vn -1.000000 0.000000 0.000000
vn -1.000000 0.000000 -0.000000
vn -1.000000 0.000000 0.000000
vn -1.000000 0.000000 -0.000000
vn -1.000000 0.000000 0.000000
vn -1.000000 0.000000 -0.000000
vn -1.000000 0.000000 0.000000
vn -1.000000 0.000000 -0.000000
vn -1.000000 0.000000 -0.000000
vn -1.000000 0.000000 0.000000
vn -1.000000 0.000000 -0.000000
vn -1.000000 0.000000 0.000000
vn -1.000000 0.000000 -0.000000
vn -1.000000 0.000000 -0.000000
vn -1.000000 0.000000 0.000000
vn -1.000000 0.000000 -0.000000
vn -1.000000 0.000000 -0.000000
vn -1.000000 0.000000 0.000000
vn -1.000000 0.000000 -0.000000
vn -1.000000 0.000000 -0.000000
vn -1.000000 0.000000 0.000000
vn -1.000000 0.000000 -0.000000
vn -1.000000 0.000000 0.000000
vn -1.000000 0.000000 0.000000
vn -1.000000 0.000000 0.000000
vn -1.000000 0.000000 0.000000
vn -1.000000 0.000000 0.000000
vn -1.000000 0.000000 0.000000
vn -1.000000 0.000000 0.000000
vn -1.000000 0.000000 0.000000
vn -1.000000 0.000000 0.000000
vn -1.000000 0.000000 0.000000
vn 0.000759 0.144430 -0.989515
vn -0.001517 0.151428 -0.988467
vn 0.001522 0.241665 -0.970359
vn -0.001470 0.250652 -0.968076
vn 0.001475 0.338902 -0.940820
vn -0.001422 0.347306 -0.937751
vn 0.001427 0.432639 -0.901566
vn -0.001374 0.440392 -0.897804
vn 0.001380 0.521903 -0.853004
vn -0.001327 0.528964 -0.848643
vn 0.001330 0.605784 -0.795628
vn -0.001277 0.612105 -0.790776
vn 0.001282 0.683407 -0.730037
vn -0.001229 0.688968 -0.724791
vn 0.001233 0.753970 -0.656908
vn -0.001179 0.758757 -0.651373
vn 0.001184 0.816747 -0.576995
vn -0.001130 0.820763 -0.571267
vn 0.001133 0.871091 -0.491121
vn -0.001079 0.874346 -0.485302
vn 0.001083 0.916437 -0.400177
vn -0.001028 0.918957 -0.394357
vn 0.001033 0.952320 -0.305100
vn -0.000978 0.954139 -0.299362
vn 0.000981 0.978368 -0.206871
vn -0.000927 0.979529 -0.201299
vn 0.000930 0.994312 -0.106507
vn -0.000875 0.994869 -0.101168
vn 0.000878 0.999987 -0.005042
vn -0.000823 1.000000 0.000000
vn 0.000826 0.995335 0.096474
vn -0.000771 0.994869 0.101168
vn 0.000774 0.980404 0.196995
vn -0.000718 0.979530 0.201298
vn 0.000721 0.955349 0.295480
vn -0.000665 0.954139 0.299363
vn 0.000668 0.920427 0.390915
vn -0.000612 0.918958 0.394355
vn 0.000614 0.875999 0.482312
vn -0.000558 0.874347 0.485302
vn 0.000560 0.822525 0.568729
vn -0.000504 0.820764 0.571268
vn 0.000506 0.760556 0.649272
vn -0.000450 0.758757 0.651374
vn 0.000451 0.690734 0.723108
vn -0.000396 0.688966 0.724793
vn 0.000395 0.613774 0.789482
vn -0.000338 0.612108 0.790774
vn 0.000341 0.530482 0.847696
vn -0.000283 0.528964 0.848644
vn 0.000286 0.441709 0.897159
vn -0.000228 0.440393 0.897805
vn 0.000229 0.348371 0.937357
vn -0.000170 0.347306 0.937752
vn 0.000173 0.251446 0.967871
vn -0.000116 0.250652 0.968077
vn 0.000114 0.151910 0.988394
vn -0.000060 0.151424 0.988469
vn 0.000055 0.050811 0.998708
vn -0.000000 0.050655 0.998716
vn 0.000000 0.048297 -0.998833
vn -0.000797 0.050651 -0.998716
vn 0.000000 0.998103 -0.061563
vn 0.000000 0.998103 -0.061563
vn 0.000000 0.998103 0.061563
vn 0.000000 0.998103 0.061563
vn 0.000000 0.982974 0.183746
vn 0.000000 0.982974 0.183746
vn 0.000000 0.952942 0.303154
vn 0.000000 0.952942 0.303154
vn 0.000000 0.908465 0.417962
vn 0.000000 0.908465 0.417962
vn 0.000000 0.850219 0.526429
vn 0.000000 0.850219 0.526429
vn 0.000000 0.779081 0.626923
vn 0.000000 0.779081 0.626923
vn 0.000000 0.696132 0.717913
vn 0.000000 0.696132 0.717913
vn 0.000000 0.602633 0.798018
vn 0.000000 0.602633 0.798018
vn 0.000000 0.500001 0.866025
vn 0.000000 0.500001 0.866025
vn 0.000000 0.389786 0.920906
vn 0.000000 0.389786 0.920906
vn 0.000000 0.273664 0.961825
vn 0.000000 0.273664 0.961825
vn 0.000000 0.153392 0.988165
vn 0.000000 0.153392 0.988165
vn 0.000000 0.030795 0.999526
vn 0.000000 0.030795 0.999526
vn 0.000000 -0.092268 0.995734
vn 0.000000 -0.092268 0.995734
vn 0.000000 -0.213933 0.976848
vn 0.000000 -0.213933 0.976848
vn 0.000000 -0.332357 0.943154
vn 0.000000 -0.332357 0.943154
vn 0.000000 -0.445738 0.895163
vn 0.000000 -0.445738 0.895163
vn 0.000000 -0.552364 0.833603
vn 0.000000 -0.552364 0.833603
vn 0.000000 -0.650618 0.759405
vn 0.000000 -0.650618 0.759405
vn 0.000000 -0.739008 0.673696
vn 0.000000 -0.739008 0.673696
vn 0.000000 -0.816198 0.577773
vn 0.000000 -0.816198 0.577773
vn 0.000000 -0.881013 0.473093
vn 0.000000 -0.881013 0.473093
vn 0.000000 -0.932472 0.361242
vn 0.000000 -0.932472 0.361242
vn 0.000000 -0.969797 0.243914
vn 0.000000 -0.969797 0.243914
vn 0.000000 -0.992420 0.122889
vn 0.000000 -0.992420 0.122889
vn 0.000000 -1.000000 0.000000
vn -0.000000 -1.000000 -0.000000
vn 0.000000 -0.992420 -0.122889
vn -0.000000 -0.992420 -0.122889
vn 0.000000 -0.969797 -0.243914
vn -0.000000 -0.969797 -0.243914
vn 0.000000 -0.932472 -0.361242
vn -0.000000 -0.932472 -0.361242
vn 0.000000 -0.881013 -0.473093
vn -0.000000 -0.881013 -0.473093
vn 0.000000 -0.816198 -0.577773
vn -0.000000 -0.816198 -0.577773
vn 0.000000 -0.739008 -0.673696
vn -0.000000 -0.739008 -0.673696
vn 0.000000 -0.650618 -0.759405
vn -0.000000 -0.650618 -0.759405
vn 0.000000 -0.552364 -0.833603
vn -0.000000 -0.552364 -0.833603
vn 0.000000 -0.445738 -0.895163
vn -0.000000 -0.445738 -0.895163
vn 0.000000 -0.332357 -0.943154
vn -0.000000 -0.332357 -0.943154
vn 0.000000 -0.213933 -0.976848
vn -0.000000 -0.213933 -0.976848
vn 0.000000 -0.092268 -0.995734
vn -0.000000 -0.092268 -0.995734
vn 0.000000 0.030797 -0.999526
vn 0.000000 0.030797 -0.999526
vn 0.000000 0.153387 -0.988166
vn 0.000000 0.153387 -0.988166
vn 0.000000 0.273664 -0.961825
vn 0.000000 0.273664 -0.961825
vn 0.000000 0.389788 -0.920905
vn 0.000000 0.389788 -0.920905
vn 0.000000 0.500001 -0.866025
vn 0.000000 0.500001 -0.866025
vn 0.000000 0.602633 -0.798018
vn 0.000000 0.602633 -0.798018
vn 0.000000 0.696132 -0.717913
vn 0.000000 0.696132 -0.717913
vn 0.000000 0.779081 -0.626923
vn 0.000000 0.779081 -0.626923
vn 0.000000 0.850219 -0.526429
vn 0.000000 0.850219 -0.526429
vn 0.000000 0.908465 -0.417962
vn 0.000000 0.908465 -0.417962
vn 0.000000 0.952942 -0.303154
vn 0.000000 0.952942 -0.303154
vn 0.000000 0.982974 -0.183746
vn 0.000000 0.982974 -0.183746
f 232//1 230//1 236//1
f 238//2 232//2 236//2
f 240//3 238//3 236//3
f 234//4 240//4 236//4
f 239//5 240//5 234//5
f 233//6 239//6 234//6
f 237//7 239//7 233//7
f 235//8 237//8 233//8
f 231//9 237//9 235//9
f 229//10 231//10 235//10
f 230//11 232//11 127//11
f 95//12 230//12 127//12
f 231//13 229//13 94//13
f 126//14 231//14 94//14
f 124//15 126//15 94//15
f 96//16 124//16 94//16
f 122//17 124//17 96//17
f 98//18 122//18 96//18
f 120//19 122//19 98//19
f 100//20 120//20 98//20
f 118//21 120//21 100//21
f 102//22 118//22 100//22
f 116//23 118//23 102//23
f 104//24 116//24 102//24
f 114//25 116//25 104//25
f 106//26 114//26 104//26
f 112//27 114//27 106//27
f 108//28 112//28 106//28
f 110//29 112//29 108//29
f 260//30 262//30 247//30
f 245//31 260//31 247//31
f 243//32 260//32 245//32
f 249//33 247//33 262//33
f 264//34 249//34 262//34
f 251//35 249//35 264//35
f 268//36 251//36 264//36
f 253//37 251//37 268//37
f 255//38 253//38 268//38
f 270//39 255//39 268//39
f 257//40 255//40 270//40
f 274//41 257//41 270//41
f 267//42 257//42 274//42
f 278//43 267//43 274//43
f 272//44 267//44 278//44
f 277//45 272//45 278//45
f 280//46 277//46 278//46
f 282//47 277//47 280//47
f 284//48 282//48 280//48
f 287//49 282//49 284//49
f 288//50 287//50 284//50
f 291//51 287//51 288//51
f 297//52 291//52 288//52
f 292//53 297//53 288//53
f 301//54 297//54 292//54
f 294//55 301//55 292//55
f 308//56 301//56 294//56
f 298//57 308//57 294//57
f 315//58 308//58 298//58
f 317//59 315//59 298//59
f 302//60 317//60 298//60
f 319//61 317//61 302//61
f 304//62 319//62 302//62
f 321//63 319//63 304//63
f 306//64 321//64 304//64
f 323//65 321//65 306//65
f 325//66 323//66 306//66
f 310//67 325//67 306//67
f 327//68 325//68 310//68
f 312//69 327//69 310//69
f 329//70 327//70 312//70
f 313//71 329//71 312//71
f 328//72 329//72 313//72
f 326//73 328//73 313//73
f 311//74 326//74 313//74
f 324//75 326//75 311//75
f 309//76 324//76 311//76
f 322//77 324//77 309//77
f 305//78 322//78 309//78
f 320//79 322//79 305//79
f 318//80 320//80 305//80
f 303//81 318//81 305//81
f 316//82 318//82 303//82
f 299//83 316//83 303//83
f 314//84 316//84 299//84
f 295//85 314//85 299//85
f 307//86 314//86 295//86
f 300//87 307//87 295//87
f 293//88 300//88 295//88
f 296//89 300//89 293//89
f 289//90 296//90 293//90
f 290//91 296//91 289//91
f 285//92 290//92 289//92
f 286//93 290//93 285//93
f 281//94 286//94 285//94
f 283//95 281//95 285//95
f 276//96 281//96 283//96
f 279//97 276//97 283//97
f 271//98 276//98 279//98
f 275//99 271//99 279//99
f 266//100 271//100 275//100
f 256//101 266//101 275//101
f 273//102 256//102 275//102
f 254//103 256//103 273//103
f 269//104 254//104 273//104
f 252//105 254//105 269//105
f 265//106 252//106 269//106
f 250//107 252//107 265//107
f 248//108 250//108 265//108
f 263//109 248//109 265//109
f 246//110 248//110 263//110
f 261//111 246//111 263//111
f 244//112 246//112 261//112
f 259//113 244//113 261//113
f 242//114 244//114 259//114
f 241//115 242//115 259//115
f 258//116 241//116 259//116
f 243//117 241//117 258//117
f 260//118 243//118 258//118
f 230//119 95//119 97//119
f 262//120 230//120 97//120
f 260//121 230//121 262//121
f 264//122 262//122 97//122
f 99//123 264//123 97//123
f 268//124 264//124 99//124
f 101//125 268//125 99//125
f 270//126 268//126 101//126
f 103//127 270//127 101//127
f 274//128 270//128 103//128
f 105//129 274//129 103//129
f 278//130 274//130 105//130
f 107//131 278//131 105//131
f 280//132 278//132 107//132
f 109//133 280//133 107//133
f 284//134 280//134 109//134
f 111//135 284//135 109//135
f 288//136 284//136 111//136
f 113//137 288//137 111//137
f 292//138 288//138 113//138
f 115//139 292//139 113//139
f 294//140 292//140 115//140
f 117//141 294//141 115//141
f 298//142 294//142 117//142
f 119//143 298//143 117//143
f 302//144 298//144 119//144
f 121//145 302//145 119//145
f 304//146 302//146 121//146
f 123//147 304//147 121//147
f 306//148 304//148 123//148
f 125//149 306//149 123//149
f 310//150 306//150 125//150
f 127//151 310//151 125//151
f 232//152 310//152 127//152
f 312//153 310//153 232//153
f 238//154 312//154 232//154
f 240//155 312//155 238//155
f 313//156 312//156 240//156
f 239//157 313//157 240//157
f 237//158 313//158 239//158
f 311//159 313//159 237//159
f 231//160 311//160 237//160
f 309//161 311//161 231//161
f 124//162 309//162 231//162
f 305//163 309//163 124//163
f 122//164 305//164 124//164
f 303//165 305//165 122//165
f 120//166 303//166 122//166
f 299//167 303//167 120//167
f 118//168 299//168 120//168
f 295//169 299//169 118//169
f 116//170 295//170 118//170
f 293//171 295//171 116//171
f 114//172 293//172 116//172
f 289//173 293//173 114//173
f 112//174 289//174 114//174
f 285//175 289//175 112//175
f 110//176 285//176 112//176
f 283//177 285//177 110//177
f 108//178 283//178 110//178
f 279//179 283//179 108//179
f 106//180 279//180 108//180
f 275//181 279//181 106//181
f 104//182 275//182 106//182
f 273//183 275//183 104//183
f 102//184 273//184 104//184
f 269//185 273//185 102//185
f 100//186 269//186 102//186
f 265//187 269//187 100//187
f 98//188 265//188 100//188
f 263//189 265//189 98//189
f 96//190 263//190 98//190
f 261//191 263//191 96//191
f 94//192 261//192 96//192
f 229//193 261//193 94//193
f 124//194 231//194 126//194
f 259//195 261//195 229//195
f 235//196 259//196 229//196
f 233//197 259//197 235//197
f 258//198 259//198 233//198
f 234//199 258//199 233//199
f 236//200 258//200 234//200
f 260//201 258//201 236//201
f 230//202 260//202 236//202
f 97//203 95//203 127//203
f 125//204 97//204 127//204
f 99//205 97//205 125//205
f 123//206 99//206 125//206
f 101//207 99//207 123//207
f 121//208 101//208 123//208
f 103//209 101//209 121//209
f 119//210 103//210 121//210
f 105//211 103//211 119//211
f 117//212 105//212 119//212
f 107//213 105//213 117//213
f 115//214 107//214 117//214
f 109//215 107//215 115//215
f 113//216 109//216 115//216
f 111//217 109//217 113//217
f 90//218 92//218 175//218
f 168//219 90//219 175//219
f 162//220 90//220 168//220
f 88//221 90//221 162//221
f 156//222 88//222 162//222
f 86//223 88//223 156//223
f 152//224 86//224 156//224
f 84//225 86//225 152//225
f 148//226 84//226 152//226
f 82//227 84//227 148//227
f 144//228 82//228 148//228
f 80//229 82//229 144//229
f 138//230 80//230 144//230
f 78//231 80//231 138//231
f 134//232 78//232 138//232
f 76//233 78//233 134//233
f 74//234 76//234 134//234
f 137//235 74//235 134//235
f 72//236 74//236 137//236
f 143//237 72//237 137//237
f 70//238 72//238 143//238
f 147//239 70//239 143//239
f 68//240 70//240 147//240
f 151//241 68//241 147//241
f 66//242 68//242 151//242
f 155//243 66//243 151//243
f 64//244 66//244 155//244
f 161//245 64//245 155//245
f 62//246 64//246 161//246
f 167//247 62//247 161//247
f 60//248 62//248 167//248
f 173//249 60//249 167//249
f 227//250 175//250 92//250
f 93//251 227//251 92//251
f 228//252 227//252 93//252
f 176//253 228//253 93//253
f 92//254 90//254 60//254
f 61//255 92//255 60//255
f 93//256 92//256 61//256
f 91//257 93//257 61//257
f 89//258 91//258 61//258
f 87//259 89//259 61//259
f 85//260 87//260 61//260
f 63//261 85//261 61//261
f 83//262 85//262 63//262
f 65//263 83//263 63//263
f 81//264 83//264 65//264
f 67//265 81//265 65//265
f 79//266 81//266 67//266
f 69//267 79//267 67//267
f 77//268 79//268 69//268
f 71//269 77//269 69//269
f 75//270 77//270 71//270
f 73//271 75//271 71//271
f 60//272 90//272 88//272
f 86//273 60//273 88//273
f 84//274 60//274 86//274
f 62//275 60//275 84//275
f 82//276 62//276 84//276
f 64//277 62//277 82//277
f 80//278 64//278 82//278
f 66//279 64//279 80//279
f 78//280 66//280 80//280
f 68//281 66//281 78//281
f 76//282 68//282 78//282
f 70//283 68//283 76//283
f 74//284 70//284 76//284
f 72//285 70//285 74//285
f 61//286 60//286 59//286
f 31//287 61//287 59//287
f 58//288 31//288 59//288
f 57//289 31//289 58//289
f 31//290 57//290 56//290
f 55//291 31//291 56//291
f 54//292 31//292 55//292
f 31//293 54//293 53//293
f 52//294 31//294 53//294
f 2//295 31//295 52//295
f 51//296 2//296 52//296
f 50//297 2//297 51//297
f 2//298 50//298 49//298
f 48//299 2//299 49//299
f 47//300 2//300 48//300
f 2//301 47//301 46//301
f 1//302 2//302 46//302
f 45//303 1//303 46//303
f 44//304 1//304 45//304
f 4//305 1//305 44//305
f 43//306 4//306 44//306
f 6//307 4//307 43//307
f 42//308 6//308 43//308
f 8//309 6//309 42//309
f 41//310 8//310 42//310
f 10//311 8//311 41//311
f 40//312 10//312 41//312
f 13//313 10//313 40//313
f 39//314 13//314 40//314
f 15//315 13//315 39//315
f 38//316 15//316 39//316
f 17//317 15//317 38//317
f 37//318 17//318 38//318
f 19//319 17//319 37//319
f 36//320 19//320 37//320
f 21//321 19//321 36//321
f 35//322 21//322 36//322
f 24//323 21//323 35//323
f 34//324 24//324 35//324
f 26//325 24//325 34//325
f 33//326 26//326 34//326
f 28//327 26//327 33//327
f 32//328 28//328 33//328
f 30//329 28//329 32//329
f 31//330 2//330 3//330
f 5//331 31//331 3//331
f 7//332 31//332 5//332
f 31//333 7//333 9//333
f 29//334 31//334 9//334
f 11//335 29//335 9//335
f 27//336 29//336 11//336
f 12//337 27//337 11//337
f 25//338 27//338 12//338
f 14//339 25//339 12//339
f 23//340 25//340 14//340
f 16//341 23//341 14//341
f 22//342 23//342 16//342
f 18//343 22//343 16//343
f 20//344 22//344 18//344
f 63//345 61//345 174//345
f 169//346 63//346 174//346
f 163//347 63//347 169//347
f 65//348 63//348 163//348
f 159//349 65//349 163//349
f 67//350 65//350 159//350
f 153//351 67//351 159//351
f 69//352 67//352 153//352
f 145//353 69//353 153//353
f 71//354 69//354 145//354
f 141//355 71//355 145//355
f 73//356 71//356 141//356
f 135//357 73//357 141//357
f 75//358 73//358 135//358
f 133//359 75//359 135//359
f 77//360 75//360 133//360
f 79//361 77//361 133//361
f 136//362 79//362 133//362
f 81//363 79//363 136//363
f 142//364 81//364 136//364
f 83//365 81//365 142//365
f 146//366 83//366 142//366
f 85//367 83//367 146//367
f 154//368 85//368 146//368
f 87//369 85//369 154//369
f 160//370 87//370 154//370
f 89//371 87//371 160//371
f 164//372 89//372 160//372
f 91//373 89//373 164//373
f 170//374 91//374 164//374
f 93//375 91//375 170//375
f 176//376 93//376 170//376
f 173//377 167//377 537//377
f 535//378 173//378 537//378
f 225//379 173//379 535//379
f 537//380 167//380 161//380
f 539//381 537//381 161//381
f 155//382 539//382 161//382
f 541//383 539//383 155//383
f 151//384 541//384 155//384
f 147//385 541//385 151//385
f 543//386 541//386 147//386
f 143//387 543//387 147//387
f 545//388 543//388 143//388
f 137//389 545//389 143//389
f 134//390 545//390 137//390
f 547//391 545//391 134//391
f 138//392 547//392 134//392
f 144//393 547//393 138//393
f 549//394 547//394 144//394
f 148//395 549//395 144//395
f 551//396 549//396 148//396
f 152//397 551//397 148//397
f 156//398 551//398 152//398
f 553//399 551//399 156//399
f 162//400 553//400 156//400
f 555//401 553//401 162//401
f 168//402 555//402 162//402
f 175//403 555//403 168//403
f 175//404 227//404 557//404
f 555//405 175//405 557//405
f 557//406 227//406 228//406
f 558//407 557//407 228//407
f 176//408 170//408 556//408
f 558//409 176//409 556//409
f 228//410 176//410 558//410
f 556//411 170//411 164//411
f 554//412 556//412 164//412
f 160//413 554//413 164//413
f 154//414 554//414 160//414
f 552//415 554//415 154//415
f 146//416 552//416 154//416
f 550//417 552//417 146//417
f 142//418 550//418 146//418
f 548//419 550//419 142//419
f 136//420 548//420 142//420
f 133//421 548//421 136//421
f 546//422 548//422 133//422
f 135//423 546//423 133//423
f 141//424 546//424 135//424
f 544//425 546//425 141//425
f 145//426 544//426 141//426
f 542//427 544//427 145//427
f 153//428 542//428 145//428
f 540//429 542//429 153//429
f 159//430 540//430 153//430
f 163//431 540//431 159//431
f 538//432 540//432 163//432
f 169//433 538//433 163//433
f 174//434 538//434 169//434
f 174//435 226//435 536//435
f 538//436 174//436 536//436
f 388//437 389//437 391//437
f 394//438 388//438 391//438
f 387//439 388//439 394//439
f 396//440 387//440 394//440
f 386//441 387//441 396//441
f 398//442 386//442 396//442
f 400//443 386//443 398//443
f 386//444 400//444 534//444
f 385//445 386//445 534//445
f 533//446 385//446 534//446
f 384//447 385//447 533//447
f 532//448 384//448 533//448
f 383//449 384//449 532//449
f 530//450 383//450 532//450
f 382//451 383//451 530//451
f 529//452 382//452 530//452
f 381//453 382//453 529//453
f 528//454 381//454 529//454
f 379//455 381//455 528//455
f 527//456 379//456 528//456
f 526//457 378//457 379//457
f 527//458 526//458 379//458
f 402//459 330//459 333//459
f 405//460 402//460 333//460
f 335//461 405//461 333//461
f 407//462 405//462 335//462
f 337//463 407//463 335//463
f 409//464 407//464 337//464
f 339//465 409//465 337//465
f 411//466 409//466 339//466
f 341//467 411//467 339//467
f 413//468 411//468 341//468
f 343//469 413//469 341//469
f 415//470 413//470 343//470
f 345//471 415//471 343//471
f 417//472 415//472 345//472
f 347//473 417//473 345//473
f 419//474 417//474 347//474
f 349//475 419//475 347//475
f 424//476 419//476 349//476
f 351//477 424//477 349//477
f 432//478 424//478 351//478
f 353//479 432//479 351//479
f 438//480 432//480 353//480
f 356//481 438//481 353//481
f 442//482 438//482 356//482
f 358//483 442//483 356//483
f 446//484 442//484 358//484
f 359//485 446//485 358//485
f 451//486 446//486 359//486
f 360//487 451//487 359//487
f 454//488 451//488 360//488
f 361//489 454//489 360//489
f 457//490 454//490 361//490
f 362//491 457//491 361//491
f 460//492 457//492 362//492
f 363//493 460//493 362//493
f 473//494 460//494 363//494
f 364//495 473//495 363//495
f 480//496 473//496 364//496
f 365//497 480//497 364//497
f 485//498 480//498 365//498
f 366//499 485//499 365//499
f 494//500 485//500 366//500
f 367//501 494//501 366//501
f 501//502 494//502 367//502
f 368//503 501//503 367//503
f 510//504 501//504 368//504
f 369//505 510//505 368//505
f 515//506 510//506 369//506
f 370//507 515//507 369//507
f 516//508 515//508 370//508
f 371//509 516//509 370//509
f 518//510 516//510 371//510
f 372//511 518//511 371//511
f 519//512 518//512 372//512
f 373//513 519//513 372//513
f 521//514 519//514 373//514
f 374//515 521//515 373//515
f 522//516 521//516 374//516
f 375//517 522//517 374//517
f 524//518 522//518 375//518
f 376//519 524//519 375//519
f 525//520 524//520 376//520
f 377//521 525//521 376//521
f 526//522 525//522 377//522
f 378//523 526//523 377//523
f 403//524 331//524 330//524
f 402//525 403//525 330//525
f 443//526 357//526 355//526
f 439//527 443//527 355//527
f 354//528 439//528 355//528
f 435//529 439//529 354//529
f 352//530 435//530 354//530
f 429//531 435//531 352//531
f 350//532 429//532 352//532
f 420//533 429//533 350//533
f 348//534 420//534 350//534
f 418//535 420//535 348//535
f 346//536 418//536 348//536
f 416//537 418//537 346//537
f 344//538 416//538 346//538
f 414//539 416//539 344//539
f 342//540 414//540 344//540
f 412//541 414//541 342//541
f 340//542 412//542 342//542
f 410//543 412//543 340//543
f 338//544 410//544 340//544
f 408//545 410//545 338//545
f 336//546 408//546 338//546
f 406//547 408//547 336//547
f 334//548 406//548 336//548
f 404//549 406//549 334//549
f 332//550 404//550 334//550
f 403//551 404//551 332//551
f 331//552 403//552 332//552
f 443//553 514//553 401//553
f 399//554 443//554 401//554
f 357//555 443//555 399//555
f 397//556 357//556 399//556
f 395//557 357//557 397//557
f 357//558 395//558 393//558
f 392//559 357//559 393//559
f 390//560 357//560 392//560
f 357//561 390//561 380//561
f 507//562 514//562 443//562
f 498//563 507//563 443//563
f 493//564 498//564 443//564
f 489//565 493//565 443//565
f 484//566 489//566 443//566
f 479//567 484//567 443//567
f 475//568 479//568 443//568
f 472//569 475//569 443//569
f 468//570 472//570 443//570
f 466//571 468//571 443//571
f 464//572 466//572 443//572
f 463//573 464//573 443//573
f 439//574 463//574 443//574
f 435//575 463//575 439//575
f 463//576 435//576 429//576
f 403//577 463//577 429//577
f 465//578 463//578 403//578
f 448//579 465//579 403//579
f 450//580 465//580 448//580
f 403//581 429//581 420//581
f 418//582 403//582 420//582
f 416//583 403//583 418//583
f 403//584 416//584 414//584
f 412//585 403//585 414//585
f 410//586 403//586 412//586
f 403//587 410//587 408//587
f 406//588 403//588 408//588
f 404//589 403//589 406//589
f 403//590 402//590 431//590
f 434//591 403//591 431//591
f 437//592 403//592 434//592
f 402//593 405//593 421//593
f 423//594 402//594 421//594
f 426//595 402//595 423//595
f 421//596 405//596 407//596
f 422//597 421//597 407//597
f 409//598 422//598 407//598
f 411//599 422//599 409//599
f 425//600 422//600 411//600
f 413//601 425//601 411//601
f 415//602 425//602 413//602
f 427//603 425//603 415//603
f 417//604 427//604 415//604
f 430//605 427//605 417//605
f 419//606 430//606 417//606
f 433//607 430//607 419//607
f 424//608 433//608 419//608
f 436//609 433//609 424//609
f 432//610 436//610 424//610
f 440//611 436//611 432//611
f 438//612 440//612 432//612
f 444//613 440//613 438//613
f 442//614 444//614 438//614
f 447//615 444//615 442//615
f 446//616 447//616 442//616
f 449//617 447//617 446//617
f 451//618 449//618 446//618
f 452//619 449//619 451//619
f 454//620 452//620 451//620
f 455//621 452//621 454//621
f 457//622 455//622 454//622
f 458//623 455//623 457//623
f 460//624 458//624 457//624
f 461//625 458//625 460//625
f 473//626 461//626 460//626
f 469//627 461//627 473//627
f 480//628 469//628 473//628
f 476//629 469//629 480//629
f 485//630 476//630 480//630
f 481//631 476//631 485//631
f 486//632 481//632 485//632
f 494//633 486//633 485//633
f 490//634 486//634 494//634
f 501//635 490//635 494//635
f 495//636 490//636 501//636
f 510//637 495//637 501//637
f 499//638 495//638 510//638
f 515//639 499//639 510//639
f 502//640 499//640 515//640
f 516//641 502//641 515//641
f 518//642 502//642 516//642
f 504//643 502//643 518//643
f 519//644 504//644 518//644
f 508//645 504//645 519//645
f 521//646 508//646 519//646
f 522//647 508//647 521//647
f 511//648 508//648 522//648
f 524//649 511//649 522//649
f 525//650 511//650 524//650
f 511//651 525//651 526//651
f 512//652 511//652 526//652
f 509//653 512//653 526//653
f 505//654 509//654 526//654
f 527//655 505//655 526//655
f 503//656 505//656 527//656
f 500//657 503//657 527//657
f 517//658 500//658 527//658
f 513//659 500//659 517//659
f 520//660 517//660 527//660
f 528//661 520//661 527//661
f 529//662 520//662 528//662
f 523//663 520//663 529//663
f 530//664 523//664 529//664
f 532//665 523//665 530//665
f 531//666 523//666 532//666
f 533//667 531//667 532//667
f 534//668 531//668 533//668
f 496//669 500//669 513//669
f 506//670 496//670 513//670
f 491//671 496//671 506//671
f 487//672 491//672 506//672
f 497//673 487//673 506//673
f 482//674 487//674 497//674
f 492//675 482//675 497//675
f 477//676 482//676 492//676
f 488//677 477//677 492//677
f 470//678 477//678 488//678
f 483//679 470//679 488//679
f 462//680 470//680 483//680
f 478//681 462//681 483//681
f 459//682 462//682 478//682
f 474//683 459//683 478//683
f 456//684 459//684 474//684
f 471//685 456//685 474//685
f 453//686 456//686 471//686
f 467//687 453//687 471//687
f 450//688 453//688 467//688
f 465//689 450//689 467//689
f 402//690 426//690 428//690
f 431//691 402//691 428//691
f 403//692 437//692 441//692
f 445//693 403//693 441//693
f 448//694 403//694 445//694
f 670//695 667//695 734//695
f 758//696 670//696 734//696
f 664//697 666//697 733//697
f 731//698 664//698 733//698
f 662//699 664//699 731//699
f 729//700 662//700 731//700
f 660//701 662//701 729//701
f 727//702 660//702 729//702
f 658//703 660//703 727//703
f 725//704 658//704 727//704
f 656//705 658//705 725//705
f 723//706 656//706 725//706
f 654//707 656//707 723//707
f 721//708 654//708 723//708
f 652//709 654//709 721//709
f 719//710 652//710 721//710
f 650//711 652//711 719//711
f 717//712 650//712 719//712
f 648//713 650//713 717//713
f 715//714 648//714 717//714
f 646//715 648//715 715//715
f 644//716 646//716 715//716
f 713//717 644//717 715//717
f 642//718 644//718 713//718
f 711//719 642//719 713//719
f 640//720 642//720 711//720
f 709//721 640//721 711//721
f 638//722 640//722 709//722
f 707//723 638//723 709//723
f 636//724 638//724 707//724
f 706//725 636//725 707//725
f 637//726 636//726 706//726
f 708//727 637//727 706//727
f 639//728 637//728 708//728
f 710//729 639//729 708//729
f 641//730 639//730 710//730
f 712//731 641//731 710//731
f 643//732 641//732 712//732
f 714//733 643//733 712//733
f 645//734 643//734 714//734
f 716//735 645//735 714//735
f 647//736 645//736 716//736
f 649//737 647//737 716//737
f 718//738 649//738 716//738
f 651//739 649//739 718//739
f 720//740 651//740 718//740
f 653//741 651//741 720//741
f 722//742 653//742 720//742
f 655//743 653//743 722//743
f 724//744 655//744 722//744
f 657//745 655//745 724//745
f 726//746 657//746 724//746
f 659//747 657//747 726//747
f 728//748 659//748 726//748
f 661//749 659//749 728//749
f 730//750 661//750 728//750
f 663//751 661//751 730//751
f 732//752 663//752 730//752
f 665//753 663//753 732//753
f 734//754 665//754 732//754
f 667//755 665//755 734//755
f 703//756 750//756 733//756
f 666//757 703//757 733//757
f 668//758 703//758 666//758
f 764//759 673//759 675//759
f 771//760 764//760 675//760
f 677//761 771//761 675//761
f 777//762 771//762 677//762
f 679//763 777//763 677//763
f 783//764 777//764 679//764
f 681//765 783//765 679//765
f 789//766 783//766 681//766
f 683//767 789//767 681//767
f 791//768 789//768 683//768
f 685//769 791//769 683//769
f 793//770 791//770 685//770
f 687//771 793//771 685//771
f 795//772 793//772 687//772
f 689//773 795//773 687//773
f 797//774 795//774 689//774
f 691//775 797//775 689//775
f 799//776 797//776 691//776
f 693//777 799//777 691//777
f 801//778 799//778 693//778
f 695//779 801//779 693//779
f 803//780 801//780 695//780
f 697//781 803//781 695//781
f 805//782 803//782 697//782
f 699//783 805//783 697//783
f 806//784 805//784 699//784
f 700//785 806//785 699//785
f 698//786 806//786 700//786
f 804//787 806//787 698//787
f 696//788 804//788 698//788
f 802//789 804//789 696//789
f 694//790 802//790 696//790
f 800//791 802//791 694//791
f 692//792 800//792 694//792
f 798//793 800//793 692//793
f 690//794 798//794 692//794
f 796//795 798//795 690//795
f 688//796 796//796 690//796
f 794//797 796//797 688//797
f 686//798 794//798 688//798
f 792//799 794//799 686//799
f 684//800 792//800 686//800
f 790//801 792//801 684//801
f 682//802 790//802 684//802
f 788//803 790//803 682//803
f 680//804 788//804 682//804
f 778//805 788//805 680//805
f 678//806 778//806 680//806
f 772//807 778//807 678//807
f 676//808 772//808 678//808
f 768//809 772//809 676//809
f 674//810 768//810 676//810
f 761//811 768//811 674//811
f 672//812 761//812 674//812
f 758//813 761//813 672//813
f 670//814 758//814 672//814
f 704//815 703//815 668//815
f 669//816 704//816 668//816
f 701//817 702//817 671//817
f 673//818 701//818 671//818
f 705//819 701//819 673//819
f 764//820 705//820 673//820
f 702//821 704//821 669//821
f 671//822 702//822 669//822
f 535//823 580//823 668//823
f 666//824 535//824 668//824
f 389//825 535//825 666//825
f 534//826 389//826 666//826
f 400//827 389//827 534//827
f 668//828 580//828 669//828
f 534//829 666//829 531//829
f 389//830 400//830 398//830
f 396//831 389//831 398//831
f 394//832 389//832 396//832
f 389//833 394//833 391//833
f 389//834 224//834 225//834
f 535//835 389//835 225//835
f 531//836 666//836 664//836
f 523//837 531//837 664//837
f 662//838 523//838 664//838
f 520//839 523//839 662//839
f 660//840 520//840 662//840
f 517//841 520//841 660//841
f 658//842 517//842 660//842
f 513//843 517//843 658//843
f 656//844 513//844 658//844
f 506//845 513//845 656//845
f 654//846 506//846 656//846
f 497//847 506//847 654//847
f 652//848 497//848 654//848
f 492//849 497//849 652//849
f 650//850 492//850 652//850
f 488//851 492//851 650//851
f 648//852 488//852 650//852
f 483//853 488//853 648//853
f 646//854 483//854 648//854
f 478//855 483//855 646//855
f 644//856 478//856 646//856
f 474//857 478//857 644//857
f 642//858 474//858 644//858
f 471//859 474//859 642//859
f 640//860 471//860 642//860
f 467//861 471//861 640//861
f 638//862 467//862 640//862
f 465//863 467//863 638//863
f 636//864 465//864 638//864
f 463//865 465//865 636//865
f 637//866 463//866 636//866
f 464//867 463//867 637//867
f 639//868 464//868 637//868
f 466//869 464//869 639//869
f 641//870 466//870 639//870
f 468//871 466//871 641//871
f 643//872 468//872 641//872
f 472//873 468//873 643//873
f 645//874 472//874 643//874
f 475//875 472//875 645//875
f 647//876 475//876 645//876
f 479//877 475//877 647//877
f 649//878 479//878 647//878
f 484//879 479//879 649//879
f 651//880 484//880 649//880
f 489//881 484//881 651//881
f 653//882 489//882 651//882
f 493//883 489//883 653//883
f 655//884 493//884 653//884
f 498//885 493//885 655//885
f 657//886 498//886 655//886
f 507//887 498//887 657//887
f 659//888 507//888 657//888
f 514//889 507//889 659//889
f 401//890 514//890 659//890
f 661//891 401//891 659//891
f 399//892 401//892 661//892
f 397//893 399//893 661//893
f 663//894 397//894 661//894
f 395//895 397//895 663//895
f 393//896 395//896 663//896
f 665//897 393//897 663//897
f 392//898 393//898 665//898
f 390//899 392//899 665//899
f 667//900 390//900 665//900
f 380//901 390//901 667//901
f 536//902 226//902 380//902
f 667//903 536//903 380//903
f 670//904 536//904 667//904
f 380//905 226//905 193//905
f 357//906 380//906 193//906
f 192//907 357//907 193//907
f 536//908 670//908 581//908
f 735//909 737//909 708//909
f 706//910 735//910 708//910
f 707//911 735//911 706//911
f 710//912 708//912 737//912
f 739//913 710//913 737//913
f 712//914 710//914 739//914
f 714//915 712//915 739//915
f 741//916 714//916 739//916
f 716//917 714//917 741//917
f 743//918 716//918 741//918
f 718//919 716//919 743//919
f 734//920 718//920 743//920
f 720//921 718//921 734//921
f 722//922 720//922 734//922
f 724//923 722//923 734//923
f 726//924 724//924 734//924
f 728//925 726//925 734//925
f 730//926 728//926 734//926
f 732//927 730//927 734//927
f 734//928 743//928 745//928
f 747//929 734//929 745//929
f 749//930 734//930 747//930
f 758//931 734//931 749//931
f 753//932 758//932 749//932
f 755//933 758//933 753//933
f 758//934 755//934 757//934
f 778//935 758//935 757//935
f 772//936 758//936 778//936
f 757//937 760//937 790//937
f 788//938 757//938 790//938
f 778//939 757//939 788//939
f 760//940 763//940 794//940
f 792//941 760//941 794//941
f 790//942 760//942 792//942
f 796//943 794//943 763//943
f 767//944 796//944 763//944
f 770//945 796//945 767//945
f 798//946 796//946 770//946
f 774//947 798//947 770//947
f 800//948 798//948 774//948
f 776//949 800//949 774//949
f 780//950 800//950 776//950
f 802//951 800//951 780//951
f 782//952 802//952 780//952
f 804//953 802//953 782//953
f 785//954 804//954 782//954
f 806//955 804//955 785//955
f 787//956 806//956 785//956
f 786//957 806//957 787//957
f 805//958 806//958 786//958
f 784//959 805//959 786//959
f 803//960 805//960 784//960
f 781//961 803//961 784//961
f 801//962 803//962 781//962
f 779//963 801//963 781//963
f 775//964 801//964 779//964
f 799//965 801//965 775//965
f 773//966 799//966 775//966
f 797//967 799//967 773//967
f 769//968 797//968 773//968
f 795//969 797//969 769//969
f 766//970 795//970 769//970
f 762//971 795//971 766//971
f 793//972 795//972 762//972
f 759//973 793//973 762//973
f 791//974 793//974 759//974
f 765//975 791//975 759//975
f 789//976 791//976 765//976
f 783//977 789//977 765//977
f 777//978 783//978 765//978
f 771//979 777//979 765//979
f 764//980 771//980 765//980
f 765//981 759//981 756//981
f 751//982 765//982 756//982
f 754//983 751//983 756//983
f 752//984 751//984 754//984
f 751//985 752//985 748//985
f 746//986 751//986 748//986
f 733//987 751//987 746//987
f 744//988 733//988 746//988
f 742//989 733//989 744//989
f 742//990 740//990 715//990
f 717//991 742//991 715//991
f 733//992 742//992 717//992
f 719//993 733//993 717//993
f 721//994 733//994 719//994
f 713//995 715//995 740//995
f 738//996 713//996 740//996
f 711//997 713//997 738//997
f 709//998 711//998 738//998
f 736//999 709//999 738//999
f 707//1000 709//1000 736//1000
f 735//1001 707//1001 736//1001
f 758//1002 772//1002 768//1002
f 761//1003 758//1003 768//1003
f 733//1004 721//1004 723//1004
f 725//1005 733//1005 723//1005
f 727//1006 733//1006 725//1006
f 733//1007 727//1007 729//1007
f 731//1008 733//1008 729//1008
f 751//1009 733//1009 750//1009
f 633//1010 751//1010 750//1010
f 703//1011 633//1011 750//1011
f 632//1012 633//1012 703//1012
f 192//1013 193//1013 31//1013
f 172//1014 192//1014 31//1014
f 29//1015 172//1015 31//1015
f 166//1016 172//1016 29//1016
f 27//1017 166//1017 29//1017
f 158//1018 166//1018 27//1018
f 25//1019 158//1019 27//1019
f 150//1020 158//1020 25//1020
f 23//1021 150//1021 25//1021
f 140//1022 150//1022 23//1022
f 22//1023 140//1023 23//1023
f 132//1024 140//1024 22//1024
f 20//1025 132//1025 22//1025
f 130//1026 132//1026 20//1026
f 18//1027 130//1027 20//1027
f 128//1028 130//1028 18//1028
f 16//1029 128//1029 18//1029
f 14//1030 128//1030 16//1030
f 129//1031 128//1031 14//1031
f 12//1032 129//1032 14//1032
f 131//1033 129//1033 12//1033
f 11//1034 131//1034 12//1034
f 139//1035 131//1035 11//1035
f 9//1036 139//1036 11//1036
f 149//1037 139//1037 9//1037
f 7//1038 149//1038 9//1038
f 157//1039 149//1039 7//1039
f 5//1040 157//1040 7//1040
f 165//1041 157//1041 5//1041
f 3//1042 165//1042 5//1042
f 171//1043 165//1043 3//1043
f 179//1044 171//1044 3//1044
f 2//1045 179//1045 3//1045
f 178//1046 179//1046 2//1046
f 178//1047 177//1047 330//1047
f 331//1048 178//1048 330//1048
f 179//1049 178//1049 331//1049
f 177//1050 178//1050 2//1050
f 1//1051 177//1051 2//1051
f 171//1052 179//1052 331//1052
f 332//1053 171//1053 331//1053
f 165//1054 171//1054 332//1054
f 334//1055 165//1055 332//1055
f 157//1056 165//1056 334//1056
f 336//1057 157//1057 334//1057
f 149//1058 157//1058 336//1058
f 338//1059 149//1059 336//1059
f 139//1060 149//1060 338//1060
f 340//1061 139//1061 338//1061
f 131//1062 139//1062 340//1062
f 342//1063 131//1063 340//1063
f 129//1064 131//1064 342//1064
f 344//1065 129//1065 342//1065
f 128//1066 129//1066 344//1066
f 130//1067 128//1067 344//1067
f 346//1068 130//1068 344//1068
f 132//1069 130//1069 346//1069
f 348//1070 132//1070 346//1070
f 140//1071 132//1071 348//1071
f 350//1072 140//1072 348//1072
f 150//1073 140//1073 350//1073
f 352//1074 150//1074 350//1074
f 158//1075 150//1075 352//1075
f 354//1076 158//1076 352//1076
f 166//1077 158//1077 354//1077
f 355//1078 166//1078 354//1078
f 172//1079 166//1079 355//1079
f 357//1080 172//1080 355//1080
f 192//1081 172//1081 357//1081
f 226//1082 174//1082 61//1082
f 31//1083 226//1083 61//1083
f 193//1084 226//1084 31//1084
f 60//1085 173//1085 225//1085
f 224//1086 60//1086 225//1086
f 59//1087 60//1087 224//1087
f 58//1088 59//1088 224//1088
f 223//1089 58//1089 224//1089
f 57//1090 58//1090 223//1090
f 222//1091 57//1091 223//1091
f 56//1092 57//1092 222//1092
f 55//1093 56//1093 222//1093
f 221//1094 55//1094 222//1094
f 54//1095 55//1095 221//1095
f 220//1096 54//1096 221//1096
f 53//1097 54//1097 220//1097
f 52//1098 53//1098 220//1098
f 219//1099 52//1099 220//1099
f 51//1100 52//1100 219//1100
f 50//1101 51//1101 219//1101
f 218//1102 50//1102 219//1102
f 49//1103 50//1103 218//1103
f 217//1104 49//1104 218//1104
f 48//1105 49//1105 217//1105
f 47//1106 48//1106 217//1106
f 216//1107 47//1107 217//1107
f 46//1108 47//1108 216//1108
f 215//1109 46//1109 216//1109
f 45//1110 46//1110 215//1110
f 214//1111 44//1111 45//1111
f 215//1112 214//1112 45//1112
f 180//1113 177//1113 1//1113
f 4//1114 180//1114 1//1114
f 181//1115 180//1115 4//1115
f 6//1116 181//1116 4//1116
f 182//1117 181//1117 6//1117
f 8//1118 182//1118 6//1118
f 183//1119 182//1119 8//1119
f 10//1120 183//1120 8//1120
f 184//1121 183//1121 10//1121
f 185//1122 184//1122 10//1122
f 13//1123 185//1123 10//1123
f 186//1124 185//1124 13//1124
f 15//1125 186//1125 13//1125
f 187//1126 186//1126 15//1126
f 17//1127 187//1127 15//1127
f 188//1128 187//1128 17//1128
f 189//1129 188//1129 17//1129
f 19//1130 189//1130 17//1130
f 190//1131 189//1131 19//1131
f 21//1132 190//1132 19//1132
f 191//1133 190//1133 21//1133
f 24//1134 191//1134 21//1134
f 194//1135 191//1135 24//1135
f 26//1136 194//1136 24//1136
f 195//1137 194//1137 26//1137
f 196//1138 195//1138 26//1138
f 28//1139 196//1139 26//1139
f 197//1140 196//1140 28//1140
f 30//1141 197//1141 28//1141
f 198//1142 197//1142 30//1142
f 32//1143 198//1143 30//1143
f 199//1144 198//1144 32//1144
f 33//1145 199//1145 32//1145
f 200//1146 199//1146 33//1146
f 201//1147 200//1147 33//1147
f 34//1148 201//1148 33//1148
f 202//1149 201//1149 34//1149
f 35//1150 202//1150 34//1150
f 203//1151 202//1151 35//1151
f 36//1152 203//1152 35//1152
f 204//1153 203//1153 36//1153
f 37//1154 204//1154 36//1154
f 205//1155 204//1155 37//1155
f 206//1156 205//1156 37//1156
f 38//1157 206//1157 37//1157
f 207//1158 206//1158 38//1158
f 39//1159 207//1159 38//1159
f 208//1160 207//1160 39//1160
f 40//1161 208//1161 39//1161
f 209//1162 208//1162 40//1162
f 210//1163 209//1163 40//1163
f 41//1164 210//1164 40//1164
f 211//1165 210//1165 41//1165
f 42//1166 211//1166 41//1166
f 212//1167 211//1167 42//1167
f 43//1168 212//1168 42//1168
f 213//1169 212//1169 43//1169
f 44//1170 213//1170 43//1170
f 214//1171 213//1171 44//1171
f 213//1172 214//1172 378//1172
f 377//1173 213//1173 378//1173
f 212//1174 213//1174 377//1174
f 376//1175 212//1175 377//1175
f 211//1176 212//1176 376//1176
f 375//1177 211//1177 376//1177
f 210//1178 211//1178 375//1178
f 374//1179 210//1179 375//1179
f 209//1180 210//1180 374//1180
f 373//1181 209//1181 374//1181
f 208//1182 209//1182 373//1182
f 372//1183 208//1183 373//1183
f 207//1184 208//1184 372//1184
f 371//1185 207//1185 372//1185
f 206//1186 207//1186 371//1186
f 370//1187 206//1187 371//1187
f 205//1188 206//1188 370//1188
f 369//1189 205//1189 370//1189
f 204//1190 205//1190 369//1190
f 368//1191 204//1191 369//1191
f 203//1192 204//1192 368//1192
f 367//1193 203//1193 368//1193
f 202//1194 203//1194 367//1194
f 366//1195 202//1195 367//1195
f 201//1196 202//1196 366//1196
f 365//1197 201//1197 366//1197
f 200//1198 201//1198 365//1198
f 364//1199 200//1199 365//1199
f 199//1200 200//1200 364//1200
f 363//1201 199//1201 364//1201
f 198//1202 199//1202 363//1202
f 362//1203 198//1203 363//1203
f 197//1204 198//1204 362//1204
f 361//1205 197//1205 362//1205
f 196//1206 197//1206 361//1206
f 360//1207 196//1207 361//1207
f 195//1208 196//1208 360//1208
f 359//1209 195//1209 360//1209
f 194//1210 195//1210 359//1210
f 358//1211 194//1211 359//1211
f 191//1212 194//1212 358//1212
f 356//1213 191//1213 358//1213
f 190//1214 191//1214 356//1214
f 353//1215 190//1215 356//1215
f 189//1216 190//1216 353//1216
f 351//1217 189//1217 353//1217
f 188//1218 189//1218 351//1218
f 349//1219 188//1219 351//1219
f 187//1220 188//1220 349//1220
f 347//1221 187//1221 349//1221
f 186//1222 187//1222 347//1222
f 345//1223 186//1223 347//1223
f 185//1224 186//1224 345//1224
f 343//1225 185//1225 345//1225
f 184//1226 185//1226 343//1226
f 341//1227 184//1227 343//1227
f 183//1228 184//1228 341//1228
f 339//1229 183//1229 341//1229
f 182//1230 183//1230 339//1230
f 337//1231 182//1231 339//1231
f 181//1232 182//1232 337//1232
f 335//1233 181//1233 337//1233
f 180//1234 181//1234 335//1234
f 333//1235 180//1235 335//1235
f 177//1236 180//1236 333//1236
f 330//1237 177//1237 333//1237
f 215//1238 379//1238 378//1238
f 214//1239 215//1239 378//1239
f 223//1240 224//1240 389//1240
f 388//1241 223//1241 389//1241
f 222//1242 223//1242 388//1242
f 387//1243 222//1243 388//1243
f 221//1244 222//1244 387//1244
f 386//1245 221//1245 387//1245
f 220//1246 221//1246 386//1246
f 385//1247 220//1247 386//1247
f 219//1248 220//1248 385//1248
f 384//1249 219//1249 385//1249
f 218//1250 219//1250 384//1250
f 383//1251 218//1251 384//1251
f 217//1252 218//1252 383//1252
f 382//1253 217//1253 383//1253
f 216//1254 217//1254 382//1254
f 381//1255 216//1255 382//1255
f 215//1256 216//1256 381//1256
f 379//1257 215//1257 381//1257
f 704//1258 702//1258 634//1258
f 632//1259 704//1259 634//1259
f 703//1260 704//1260 632//1260
f 634//1261 702//1261 701//1261
f 635//1262 634//1262 701//1262
f 705//1263 635//1263 701//1263
f 764//1264 635//1264 705//1264
f 635//1265 764//1265 765//1265
f 635//1266 765//1266 751//1266
f 633//1267 635//1267 751//1267
f 635//1268 633//1268 632//1268
f 634//1269 635//1269 632//1269
f 559//1270 561//1270 737//1270
f 735//1271 559//1271 737//1271
f 560//1272 559//1272 735//1272
f 736//1273 560//1273 735//1273
f 738//1274 560//1274 736//1274
f 737//1275 561//1275 563//1275
f 739//1276 737//1276 563//1276
f 565//1277 739//1277 563//1277
f 741//1278 739//1278 565//1278
f 567//1279 741//1279 565//1279
f 743//1280 741//1280 567//1280
f 569//1281 743//1281 567//1281
f 745//1282 743//1282 569//1282
f 571//1283 745//1283 569//1283
f 747//1284 745//1284 571//1284
f 573//1285 747//1285 571//1285
f 749//1286 747//1286 573//1286
f 575//1287 749//1287 573//1287
f 753//1288 749//1288 575//1288
f 577//1289 753//1289 575//1289
f 755//1290 753//1290 577//1290
f 579//1291 755//1291 577//1291
f 757//1292 755//1292 579//1292
f 583//1293 757//1293 579//1293
f 760//1294 757//1294 583//1294
f 587//1295 760//1295 583//1295
f 763//1296 760//1296 587//1296
f 589//1297 763//1297 587//1297
f 767//1298 763//1298 589//1298
f 593//1299 767//1299 589//1299
f 770//1300 767//1300 593//1300
f 595//1301 770//1301 593//1301
f 774//1302 770//1302 595//1302
f 599//1303 774//1303 595//1303
f 776//1304 774//1304 599//1304
f 601//1305 776//1305 599//1305
f 780//1306 776//1306 601//1306
f 605//1307 780//1307 601//1307
f 782//1308 780//1308 605//1308
f 607//1309 782//1309 605//1309
f 785//1310 782//1310 607//1310
f 609//1311 785//1311 607//1311
f 787//1312 785//1312 609//1312
f 608//1313 787//1313 609//1313
f 786//1314 787//1314 608//1314
f 606//1315 786//1315 608//1315
f 784//1316 786//1316 606//1316
f 604//1317 784//1317 606//1317
f 781//1318 784//1318 604//1318
f 600//1319 781//1319 604//1319
f 779//1320 781//1320 600//1320
f 598//1321 779//1321 600//1321
f 775//1322 779//1322 598//1322
f 594//1323 775//1323 598//1323
f 773//1324 775//1324 594//1324
f 592//1325 773//1325 594//1325
f 769//1326 773//1326 592//1326
f 588//1327 769//1327 592//1327
f 766//1328 769//1328 588//1328
f 586//1329 766//1329 588//1329
f 762//1330 766//1330 586//1330
f 582//1331 762//1331 586//1331
f 759//1332 762//1332 582//1332
f 578//1333 759//1333 582//1333
f 756//1334 759//1334 578//1334
f 576//1335 756//1335 578//1335
f 754//1336 756//1336 576//1336
f 574//1337 754//1337 576//1337
f 752//1338 754//1338 574//1338
f 572//1339 752//1339 574//1339
f 748//1340 752//1340 572//1340
f 570//1341 748//1341 572//1341
f 746//1342 748//1342 570//1342
f 568//1343 746//1343 570//1343
f 744//1344 746//1344 568//1344
f 566//1345 744//1345 568//1345
f 742//1346 744//1346 566//1346
f 564//1347 742//1347 566//1347
f 740//1348 742//1348 564//1348
f 562//1349 740//1349 564//1349
f 738//1350 740//1350 562//1350
f 560//1351 738//1351 562//1351
f 559//1352 560//1352 557//1352
f 558//1353 559//1353 557//1353
f 561//1354 559//1354 558//1354
f 563//1355 561//1355 558//1355
f 565//1356 563//1356 558//1356
f 567//1357 565//1357 558//1357
f 569//1358 567//1358 558//1358
f 571//1359 569//1359 558//1359
f 556//1360 571//1360 558//1360
f 573//1361 571//1361 556//1361
f 554//1362 573//1362 556//1362
f 581//1363 573//1363 554//1363
f 552//1364 581//1364 554//1364
f 550//1365 581//1365 552//1365
f 557//1366 560//1366 562//1366
f 564//1367 557//1367 562//1367
f 566//1368 557//1368 564//1368
f 557//1369 566//1369 568//1369
f 570//1370 557//1370 568//1370
f 555//1371 557//1371 570//1371
f 572//1372 555//1372 570//1372
f 553//1373 555//1373 572//1373
f 580//1374 553//1374 572//1374
f 551//1375 553//1375 580//1375
f 549//1376 551//1376 580//1376
f 547//1377 549//1377 580//1377
f 545//1378 547//1378 580//1378
f 543//1379 545//1379 580//1379
f 541//1380 543//1380 580//1380
f 539//1381 541//1381 580//1381
f 537//1382 539//1382 580//1382
f 535//1383 537//1383 580//1383
f 580//1384 572//1384 574//1384
f 576//1385 580//1385 574//1385
f 578//1386 580//1386 576//1386
f 584//1387 580//1387 578//1387
f 582//1388 584//1388 578//1388
f 590//1389 584//1389 582//1389
f 596//1390 590//1390 582//1390
f 586//1391 596//1391 582//1391
f 602//1392 596//1392 586//1392
f 610//1393 602//1393 586//1393
f 588//1394 610//1394 586//1394
f 612//1395 610//1395 588//1395
f 614//1396 612//1396 588//1396
f 592//1397 614//1397 588//1397
f 616//1398 614//1398 592//1398
f 594//1399 616//1399 592//1399
f 618//1400 616//1400 594//1400
f 620//1401 618//1401 594//1401
f 598//1402 620//1402 594//1402
f 622//1403 620//1403 598//1403
f 600//1404 622//1404 598//1404
f 624//1405 622//1405 600//1405
f 604//1406 624//1406 600//1406
f 626//1407 624//1407 604//1407
f 606//1408 626//1408 604//1408
f 628//1409 626//1409 606//1409
f 608//1410 628//1410 606//1410
f 630//1411 628//1411 608//1411
f 609//1412 630//1412 608//1412
f 631//1413 630//1413 609//1413
f 629//1414 631//1414 609//1414
f 607//1415 629//1415 609//1415
f 627//1416 629//1416 607//1416
f 605//1417 627//1417 607//1417
f 625//1418 627//1418 605//1418
f 601//1419 625//1419 605//1419
f 623//1420 625//1420 601//1420
f 599//1421 623//1421 601//1421
f 621//1422 623//1422 599//1422
f 595//1423 621//1423 599//1423
f 619//1424 621//1424 595//1424
f 617//1425 619//1425 595//1425
f 593//1426 617//1426 595//1426
f 615//1427 617//1427 593//1427
f 589//1428 615//1428 593//1428
f 613//1429 615//1429 589//1429
f 611//1430 613//1430 589//1430
f 587//1431 611//1431 589//1431
f 603//1432 611//1432 587//1432
f 597//1433 603//1433 587//1433
f 583//1434 597//1434 587//1434
f 591//1435 597//1435 583//1435
f 585//1436 591//1436 583//1436
f 579//1437 585//1437 583//1437
f 581//1438 585//1438 579//1438
f 577//1439 581//1439 579//1439
f 575//1440 581//1440 577//1440
f 581//1441 575//1441 573//1441
f 538//1442 536//1442 581//1442
f 540//1443 538//1443 581//1443
f 542//1444 540//1444 581//1444
f 544//1445 542//1445 581//1445
f 546//1446 544//1446 581//1446
f 548//1447 546//1447 581//1447
f 550//1448 548//1448 581//1448
f 673//1449 671//1449 584//1449
f 590//1450 673//1450 584//1450
f 675//1451 673//1451 590//1451
f 596//1452 675//1452 590//1452
f 677//1453 675//1453 596//1453
f 602//1454 677//1454 596//1454
f 679//1455 677//1455 602//1455
f 610//1456 679//1456 602//1456
f 681//1457 679//1457 610//1457
f 612//1458 681//1458 610//1458
f 683//1459 681//1459 612//1459
f 614//1460 683//1460 612//1460
f 685//1461 683//1461 614//1461
f 616//1462 685//1462 614//1462
f 687//1463 685//1463 616//1463
f 618//1464 687//1464 616//1464
f 689//1465 687//1465 618//1465
f 620//1466 689//1466 618//1466
f 691//1467 689//1467 620//1467
f 622//1468 691//1468 620//1468
f 693//1469 691//1469 622//1469
f 624//1470 693//1470 622//1470
f 695//1471 693//1471 624//1471
f 626//1472 695//1472 624//1472
f 697//1473 695//1473 626//1473
f 628//1474 697//1474 626//1474
f 699//1475 697//1475 628//1475
f 630//1476 699//1476 628//1476
f 700//1477 699//1477 630//1477
f 631//1478 700//1478 630//1478
f 698//1479 700//1479 631//1479
f 629//1480 698//1480 631//1480
f 696//1481 698//1481 629//1481
f 627//1482 696//1482 629//1482
f 694//1483 696//1483 627//1483
f 625//1484 694//1484 627//1484
f 692//1485 694//1485 625//1485
f 623//1486 692//1486 625//1486
f 690//1487 692//1487 623//1487
f 621//1488 690//1488 623//1488
f 688//1489 690//1489 621//1489
f 619//1490 688//1490 621//1490
f 686//1491 688//1491 619//1491
f 617//1492 686//1492 619//1492
f 684//1493 686//1493 617//1493
f 615//1494 684//1494 617//1494
f 682//1495 684//1495 615//1495
f 613//1496 682//1496 615//1496
f 680//1497 682//1497 613//1497
f 611//1498 680//1498 613//1498
f 678//1499 680//1499 611//1499
f 603//1500 678//1500 611//1500
f 676//1501 678//1501 603//1501
f 597//1502 676//1502 603//1502
f 674//1503 676//1503 597//1503
f 591//1504 674//1504 597//1504
f 672//1505 674//1505 591//1505
f 585//1506 672//1506 591//1506
f 670//1507 672//1507 585//1507
f 581//1508 670//1508 585//1508
f 671//1509 669//1509 580//1509
f 584//1510 671//1510 580//1510
f 241//1511 243//1511 423//1511
f 421//1512 241//1512 423//1512
f 242//1513 241//1513 421//1513
f 422//1514 242//1514 421//1514
f 244//1515 242//1515 422//1515
f 425//1516 244//1516 422//1516
f 246//1517 244//1517 425//1517
f 427//1518 246//1518 425//1518
f 248//1519 246//1519 427//1519
f 430//1520 248//1520 427//1520
f 250//1521 248//1521 430//1521
f 433//1522 250//1522 430//1522
f 252//1523 250//1523 433//1523
f 436//1524 252//1524 433//1524
f 254//1525 252//1525 436//1525
f 440//1526 254//1526 436//1526
f 256//1527 254//1527 440//1527
f 444//1528 256//1528 440//1528
f 266//1529 256//1529 444//1529
f 447//1530 266//1530 444//1530
f 271//1531 266//1531 447//1531
f 449//1532 271//1532 447//1532
f 276//1533 271//1533 449//1533
f 452//1534 276//1534 449//1534
f 281//1535 276//1535 452//1535
f 455//1536 281//1536 452//1536
f 286//1537 281//1537 455//1537
f 458//1538 286//1538 455//1538
f 290//1539 286//1539 458//1539
f 461//1540 290//1540 458//1540
f 296//1541 290//1541 461//1541
f 469//1542 296//1542 461//1542
f 300//1543 296//1543 469//1543
f 476//1544 300//1544 469//1544
f 307//1545 300//1545 476//1545
f 481//1546 307//1546 476//1546
f 314//1547 307//1547 481//1547
f 486//1548 314//1548 481//1548
f 316//1549 314//1549 486//1549
f 490//1550 316//1550 486//1550
f 318//1551 316//1551 490//1551
f 495//1552 318//1552 490//1552
f 320//1553 318//1553 495//1553
f 499//1554 320//1554 495//1554
f 322//1555 320//1555 499//1555
f 502//1556 322//1556 499//1556
f 324//1557 322//1557 502//1557
f 504//1558 324//1558 502//1558
f 326//1559 324//1559 504//1559
f 508//1560 326//1560 504//1560
f 328//1561 326//1561 508//1561
f 511//1562 328//1562 508//1562
f 329//1563 328//1563 511//1563
f 512//1564 329//1564 511//1564
f 327//1565 329//1565 512//1565
f 509//1566 327//1566 512//1566
f 325//1567 327//1567 509//1567
f 505//1568 325//1568 509//1568
f 323//1569 325//1569 505//1569
f 503//1570 323//1570 505//1570
f 321//1571 323//1571 503//1571
f 500//1572 321//1572 503//1572
f 319//1573 321//1573 500//1573
f 496//1574 319//1574 500//1574
f 317//1575 319//1575 496//1575
f 491//1576 317//1576 496//1576
f 315//1577 317//1577 491//1577
f 487//1578 315//1578 491//1578
f 308//1579 315//1579 487//1579
f 482//1580 308//1580 487//1580
f 301//1581 308//1581 482//1581
f 477//1582 301//1582 482//1582
f 297//1583 301//1583 477//1583
f 470//1584 297//1584 477//1584
f 291//1585 297//1585 470//1585
f 462//1586 291//1586 470//1586
f 287//1587 291//1587 462//1587
f 459//1588 287//1588 462//1588
f 282//1589 287//1589 459//1589
f 456//1590 282//1590 459//1590
f 277//1591 282//1591 456//1591
f 453//1592 277//1592 456//1592
f 272//1593 277//1593 453//1593
f 450//1594 272//1594 453//1594
f 267//1595 272//1595 450//1595
f 448//1596 267//1596 450//1596
f 257//1597 267//1597 448//1597
f 445//1598 257//1598 448//1598
f 255//1599 257//1599 445//1599
f 441//1600 255//1600 445//1600
f 253//1601 255//1601 441//1601
f 437//1602 253//1602 441//1602
f 251//1603 253//1603 437//1603
f 434//1604 251//1604 437//1604
f 249//1605 251//1605 434//1605
f 431//1606 249//1606 434//1606
f 247//1607 249//1607 431//1607
f 428//1608 247//1608 431//1608
f 245//1609 247//1609 428//1609
f 426//1610 245//1610 428//1610
f 243//1611 245//1611 426//1611
f 423//1612 243//1612 426//1612
